,fasta_id,smiles,Label,pred_log10[kcat(s^-1)],pred_log10[Km(mM)],pred_log10[kcat/Km(s^-1mM^-1)]
0,Q88BN6_wild,C(C1C(C(C(C(O1)OC2(C(C(C(O2)CO)O)O)CO)O)O)O)O,2.702775077901044,1.240524411201477,2.126917839050293,0.7469515800476074
1,Q883P5_wild,C(C1C(C(C(C(O1)OC2(C(C(C(O2)CO)O)O)CO)O)O)O)O,2.5162708827293403,1.4040623903274536,1.9916092157363892,0.8794760704040527
2,Q93FU9_wild,C(C1C(C(C(C(O1)OC2(C(C(C(O2)CO)O)O)CO)O)O)O)O,0.8573324964312685,1.4458118677139282,2.2171518802642822,0.7820718288421631
3,J7TH23_wild,C(C1C(C(C(C(O1)OC2(C(C(C(O2)CO)O)O)CO)O)O)O)O,4.7435097647284294,1.3482266664505005,1.3558586835861206,1.2307186126708984
4,Q5FSK0_wild,C(C1C(C(C(C(O1)OC2(C(C(C(O2)CO)O)O)CO)O)O)O)O,5.778151250383644,1.5885541439056396,2.0126864910125732,0.789482593536377
5,B2VCC3_wild,C(C1C(C(C(C(O1)OC2(C(C(C(O2)CO)O)O)CO)O)O)O)O,2.6971421262754594,1.70803964138031,2.2039082050323486,0.903123140335083
6,Q8Y2J8_wild,C1=CC(=CC=C1CC(C(=O)O)N)O,0.15228834438305647,1.9730732440948486,0.7750664949417114,0.6563656330108643
7,Q8Y2J8_V153A,C1=CC(=CC=C1CC(C(=O)O)N)O,0.3222192947339193,1.9746997356414795,0.7682007551193237,0.6569570302963257
8,Q8Y2J8_F185Y,C1=CC(=CC=C1CC(C(=O)O)N)O,0.23044892137827394,1.9617100954055786,0.7789719104766846,0.655447244644165
9,Q8Y2J8_D317Y,C1=CC(=CC=C1CC(C(=O)O)N)O,0.13033376849500614,1.9970961809158325,0.7865816354751587,0.6535473465919495
10,Q8Y2J8_T183I/T359M,C1=CC(=CC=C1CC(C(=O)O)N)O,0.1367205671564068,2.027019739151001,0.7424769401550293,0.681130588054657
11,Q8Y2J8_Y119F,C1=CC(=CC=C1CC(C(=O)O)N)O,0.10380372095595687,1.9996992349624634,0.7694592475891113,0.6660676002502441
12,Q8Y2J8_L330V,C1=CC(=CC=C1CC(C(=O)O)N)O,0.21218760440395779,1.9728273153305054,0.7830474376678467,0.6506189703941345
13,Q8Y2J8_N322S,C1=CC(=CC=C1CC(C(=O)O)N)O,0.09342168516223508,1.9664617776870728,0.7752881050109863,0.6459059119224548
14,P21549_wild,C(=O)C(=O)[O-],1.6532125137753437,0.5183581709861755,-0.16222845017910004,1.26922607421875
15,P21549_wild,CC(C(=O)O)N,1.6532125137753437,0.653733491897583,1.1395093202590942,0.06633779406547546
16,P21549_F152I,C(=O)C(=O)[O-],1.6020599913279625,0.5211355090141296,-0.17634589970111847,1.2663599252700806
17,P21549_F152I,CC(C(=O)O)N,1.526339277389844,0.6537848114967346,1.1322888135910034,0.06723371148109436
18,A2V838_wild,C(=O)C(=O)[O-],1.6532125137753437,0.5045957565307617,-0.14236658811569214,1.2660164833068848
19,A2V838_wild,CC(C(=O)O)N,1.6532125137753437,0.6309022903442383,1.1378536224365234,0.0681910514831543
20,A2V838_G82E,CC(C(=O)O)N,-1.154901959985743,0.3263952434062958,1.2033007144927979,-0.21748065948486328
21,A2V838_wild,CC(=O)C(=O)[O-],-0.44369749923271273,0.443563848733902,0.20165914297103882,1.1576290130615234
22,A2V838_wild,C(C(=O)O)N,-0.4814860601221125,0.12345284223556519,0.8355886936187744,0.17479738593101501
23,A2V838_G82E,C(=O)C(=O)[O-],-1.1674910872937636,0.28528541326522827,-0.03398315608501434,1.0255951881408691
24,P21549_I56N,CC(C(=O)O)N,1.462397997898956,0.5724164843559265,1.186665654182434,0.012196481227874756
25,P21549_R118A,CC(C(=O)O)N,1.3222192947339193,0.6408084034919739,1.1397186517715454,0.049428790807724
26,P21549_F240S/P11R,CC(C(=O)O)N,1.3424226808222062,0.571171760559082,1.168992519378662,0.013327091932296753
27,P21549_F240S,C(=O)C(=O)[O-],1.3010299956639813,0.49203425645828247,-0.09862636029720306,1.2173800468444824
28,P21549_I56N,C(=O)C(=O)[O-],1.4771212547196624,0.49293312430381775,-0.005404286086559296,1.1557021141052246
29,P21549_R118A,C(=O)C(=O)[O-],1.2787536009528289,0.5080157518386841,-0.1433134824037552,1.2529840469360352
30,P21549_P11R/I56N,CC(C(=O)O)N,1.2787536009528289,0.5251632928848267,1.1893829107284546,-0.0008578598499298096
31,P21549_F238S,C(=O)C(=O)[O-],1.5440680443502757,0.5188202857971191,-0.1406596451997757,1.2553633451461792
32,P21549_P11R,C(=O)C(=O)[O-],1.3617278360175928,0.48435771465301514,-0.14425155520439148,1.2516684532165527
33,P21549_F152A,C(=O)C(=O)[O-],1.354108439147401,0.49425432085990906,-0.16388392448425293,1.2802209854125977
34,P21549_wild,C(C(C(=O)O)N)S,-0.6575773191777937,-0.1131851002573967,0.06663531064987183,0.4372846782207489
35,P21549_F152A,CC(C(=O)O)N,1.3263358609287514,0.6433774828910828,1.1312905550003052,0.07932472229003906
36,E3PRJ4_wild,C(CCN)CC(C(=O)O)N,1.1522883443830565,0.22993192076683044,0.2944740951061249,0.42261403799057007
37,I3XLC2_wild,[Mn+2],-0.494850021680094,1.5254870653152466,-0.3010824918746948,0.6949548125267029
38,W6CX26_wild,C1C=CN(C=C1C(=O)N)C2C(C(C(O2)COP(=O)(O)OP(=O)(O)OCC3C(C(C(O3)N4C=NC5=C(N=CN=C54)N)OP(=O)(O)O)O)O)O,2.6364878963533656,1.3975903987884521,-1.0194536447525024,2.3547539710998535
39,W6CX26_wild,C1=CC=C(C=C1)C=O,2.5563025007672873,1.4629684686660767,0.13843485713005066,1.3597683906555176
40,W6CX26_wild,C1=CC(=C[N+](=C1)C2C(C(C(O2)COP(=O)(O)OP(=O)(O)OCC3C(C(C(O3)N4C=NC5=C(N=CN=C54)N)OP(=O)(O)O)O)O)O)C(=O)N,2.6364878963533656,1.187790870666504,-0.3618040978908539,1.5829172134399414
41,W6CX26_wild,CC=CCO,2.0043213737826426,1.4574782848358154,0.7129918336868286,0.8690335750579834
42,W6CX26_wild,CC=CC=O,2.6074550232146687,1.2512083053588867,0.3011608421802521,1.2289148569107056
43,W6CX26_wild,C1=CC=C(C=C1)CO,1.9698816437464999,0.9240691661834717,0.23964399099349976,0.7731897234916687
44,P27833_wild,CC1C(=O)C(C(C(O1)OP(=O)(O)OP(=O)(O)OCC2C(CC(O2)N3C=C(C(=O)NC3=O)C)O)O)O,-0.42021640338318983,-0.6678455471992493,-1.1596686840057373,0.8707236051559448
45,E6ENP9_wild,C(C1C(C(C(C(O1)O)O)O)OC2C(C(C(C(O2)COP(=O)(O)O)O)O)O)O,2.1072099696478683,1.1613858938217163,0.03818714618682861,1.170823574066162
46,P76524_wild,CC(C(=O)NC(C)C(=O)O)NC(=O)C(CCSC)N,0.17609125905568124,1.2855091094970703,0.09611043334007263,1.1667461395263672
47,P76524_wild,CSCCC(C(=O)N1CCCC1C(=O)O)N,1.5185139398778875,1.6728917360305786,0.21821455657482147,1.090243935585022
48,Q9RUY4_wild,CC(C(=O)NC(C)C(=O)O)NC(=O)C(CCSC)N,1.021189299069938,1.1991690397262573,0.5074789524078369,1.0427165031433105
49,Q9RUY4_D53A,CC(C(=O)O)NC(=O)C1CCCN1C(=O)C(CCCN=C(N)N)N,1.462397997898956,1.0301215648651123,0.5135999917984009,0.8906891345977783
50,Q9RUY4_Y56A,CC(C(=O)O)NC(=O)C1CCCN1C(=O)C(CCSC)N,2.146128035678238,1.3081880807876587,0.6439969539642334,1.0934600830078125
51,Q9RUY4_wild,CSCCC(C(=O)N1CCCC1C(=O)O)N,1.9867717342662448,1.613817811012268,0.3882730305194855,1.0703403949737549
52,Q9RUY4_D53A,CC(C(=O)O)NC(=O)C1CCCN1C(=O)C(CCSC)N,1.5440680443502757,1.2747191190719604,0.6510064601898193,1.0777195692062378
53,Q9RUY4_R55A,CC(C(=O)O)NC(=O)C1CCCN1C(=O)C(CCSC)N,2.1583624920952498,1.3628019094467163,0.6665607690811157,1.097758173942566
54,Q9RUY4_R55A,CC(C(=O)O)NC(=O)C1CCCN1C(=O)C(CCCN=C(N)N)N,2.0043213737826426,1.1311289072036743,0.5280972719192505,0.9255725145339966
55,Q9RUY4_wild,CC(C(=O)O)NC(=O)C1CCCN1C(=O)C(CCCN=C(N)N)N,2.380211241711606,1.2943702936172485,0.4027925431728363,1.0824066400527954
56,Q9RUY4_wild,CC(C(=O)O)NC(=O)C1CCCN1C(=O)C(CCSC)N,2.383815365980431,1.5267658233642578,0.5641118288040161,1.2546226978302002
57,Q9RUY4_Y56A,CC(C(=O)O)NC(=O)C1CCCN1C(=O)C(CCCN=C(N)N)N,2.1818435879447726,1.0780433416366577,0.5057849884033203,0.9172132015228271
58,O93715_T41A,C1C(C(C(C(O1)O)O)O)O,1.9084850188786497,0.5820563435554504,0.962228536605835,0.3816291093826294
59,O93715_T41V,C(C1C(C(C(C(O1)O)O)O)O)O,0.9030899869919435,0.2809373438358307,0.7451350688934326,0.1828797459602356
60,O93715_T41V,C1C(C(C(C(O1)O)O)O)O,1.0791812460476249,0.4409751296043396,0.9922945499420166,0.2983992397785187
61,O93715_T41A,C(C1C(C(C(C(O1)O)O)O)O)O,1.7481880270062005,0.414955735206604,0.7417005300521851,0.27130162715911865
62,O93715_wild,C1C(C(C(C(O1)O)O)O)O,1.7853298350107671,0.6896987557411194,0.9387389421463013,0.4603884816169739
63,O93715_wild,C(C1C(C(C(C(O1)O)O)O)O)O,1.8750612633917,0.5156996846199036,0.723392128944397,0.35781529545783997
64,O93715_wild,C1=CC(=C[N+](=C1)C2C(C(C(O2)COP(=O)([O-])OP(=O)(O)OCC3C(C(C(O3)N4C=NC5=C(N=CN=C54)N)O)O)O)O)C(=O)N,1.8744818176994664,0.1548236608505249,-0.2760426700115204,0.3954230546951294
65,O93715_I192T,C1=CC(=C[N+](=C1)C2C(C(C(O2)COP(=O)([O-])OP(=O)(O)OCC3C(C(C(O3)N4C=NC5=C(N=CN=C54)N)O)O)O)O)C(=O)N,-2.54821356447571,0.15321551263332367,-0.2580982446670532,0.38120487332344055
66,O93715_wild,C1=CC(=C[N+](=C1)C2C(C(C(O2)COP(=O)(O)OP(=O)(O)OCC3C(C(C(O3)N4C=NC5=C(N=CN=C54)N)OP(=O)(O)O)O)O)O)C(=O)N,1.678518379040114,0.14492961764335632,-0.37596994638442993,0.5900833010673523
67,O93715_I192T/V306G,C1=CC(=C[N+](=C1)C2C(C(C(O2)COP(=O)([O-])OP(=O)(O)OCC3C(C(C(O3)N4C=NC5=C(N=CN=C54)N)O)O)O)O)C(=O)N,-4.096910013008056,0.14696189761161804,-0.25337982177734375,0.3546307384967804
68,O93715_I192T/V306I,C1=CC(=C[N+](=C1)C2C(C(C(O2)COP(=O)([O-])OP(=O)(O)OCC3C(C(C(O3)N4C=NC5=C(N=CN=C54)N)O)O)O)O)C(=O)N,-3.0222763947111524,0.14697161316871643,-0.25590234994888306,0.3814561069011688
69,O93715_V306I,C1=CC(=C[N+](=C1)C2C(C(C(O2)COP(=O)([O-])OP(=O)(O)OCC3C(C(C(O3)N4C=NC5=C(N=CN=C54)N)O)O)O)O)C(=O)N,-2.0767559813697236,0.14893338084220886,-0.2742753028869629,0.39613741636276245
70,O93715_I192V,C1=CC(=C[N+](=C1)C2C(C(C(O2)COP(=O)([O-])OP(=O)(O)OCC3C(C(C(O3)N4C=NC5=C(N=CN=C54)N)O)O)O)O)C(=O)N,-2.543633966870957,0.14575448632240295,-0.2714962661266327,0.3793303668498993
71,O93715_V306G,C1=CC(=C[N+](=C1)C2C(C(C(O2)COP(=O)([O-])OP(=O)(O)OCC3C(C(C(O3)N4C=NC5=C(N=CN=C54)N)O)O)O)O)C(=O)N,-2.7904849854573692,0.15061336755752563,-0.26938682794570923,0.3678547441959381
72,Q97U21_wild,C1=CC(=C[N+](=C1)C2C(C(C(O2)COP(=O)(O)OP(=O)(O)OCC3C(C(C(O3)N4C=NC5=C(N=CN=C54)N)OP(=O)(O)O)O)O)O)C(=O)N,1.6451273992583912,-0.02080584317445755,-0.39571866393089294,0.7297857999801636
73,Q97U21_wild,C1=CC(=C[N+](=C1)C2C(C(C(O2)COP(=O)([O-])OP(=O)(O)OCC3C(C(C(O3)N4C=NC5=C(N=CN=C54)N)O)O)O)O)C(=O)N,2.022840610876528,0.027203023433685303,-0.2544074058532715,0.5468078851699829
74,Q97U21_wild,C(C1C(C(C(C(O1)O)O)O)O)O,1.8339753712799063,0.5116837620735168,0.5650103092193604,0.3225962817668915
75,P50455_F3S/S232G,CC(C)C(C(C(=O)O)O)C(=O)O,0.5797835966168101,0.36630353331565857,-1.3333492279052734,1.8497288227081299
76,P50455_R284G,CC(C)C(C(C(=O)O)O)C(=O)O,0.7781512503836436,0.387101411819458,-1.279197335243225,1.8164775371551514
77,P50455_wild,C(C(C(=O)O)O)C(=O)O,0.6020599913279624,0.3114622235298157,-0.5227335691452026,1.1077200174331665
78,P50455_L288P,CC(C)C(C(C(=O)O)O)C(=O)O,0.8750612633917001,0.3696257472038269,-1.3295996189117432,1.8761584758758545
79,P50455_F3S,CC(C)C(C(C(=O)O)O)C(=O)O,0.8325089127062363,0.35943809151649475,-1.3210355043411255,1.8409903049468994
80,P50455_wild,CC(C)C(C(C(=O)O)O)C(=O)O,0.8388490907372553,0.42341527342796326,-1.3185073137283325,1.8548343181610107
81,P50455_F3S/L288P,CC(C)C(C(C(=O)O)O)C(=O)O,0.8920946026904804,0.30181020498275757,-1.334306240081787,1.8610451221466064
82,Q4JB37_wild,C(CC(=O)O)C(C(C(=O)O)O)C(=O)O,-0.585026652029182,0.27067503333091736,-0.5919065475463867,1.2590937614440918
83,Q4JB37_wild,CC(C)C(C(C(=O)[O-])O)C(=O)[O-],0.9294189257142927,0.23981022834777832,-0.9162329435348511,1.6649038791656494
84,Q7FAE1_wild,CC1(CCC2C(=CC3C4C2(CCC(C4(C(=O)O3)C)O)C)C1)C=C,-1.0969100130080565,-0.44120779633522034,-0.9438588619232178,0.9111476540565491
85,Q7FAE1_wild,CC1(C(CCC2(C1CC(=O)C3=CC(CCC32)(C)C=C)C)O)C,-1.6989700043360187,-0.13501229882240295,-1.392084002494812,1.5230724811553955
86,Q7FAE2_wild,CC1(CCC2C(=CC3C4C2(CCC(C4(C(=O)O3)C)O)C)C1)C=C,-0.3979400086720376,-0.4325738251209259,-0.9322896003723145,0.9427387714385986
87,Q7FAE2_wild,CC1(C(CCC2(C1CC(=O)C3=CC(CCC32)(C)C=C)C)O)C,-1.6382721639824072,-0.13298535346984863,-1.3970972299575806,1.541061520576477
88,Q9UKK9_R51Q,C1=NC(=C2C(=N1)N(C=N2)C3C(C(C(O3)COP(=O)(O)OP(=O)(O)OCC4C(C(C(O4)O)O)O)O)O)N,-0.38721614328026455,0.07272015511989594,-1.132588267326355,1.2992923259735107
89,Q9UKK9_E166Q,C1=NC(=C2C(=N1)N(C=N2)C3C(C(C(O3)COP(=O)(O)OP(=O)(O)OCC4C(C(C(O4)O)O)O)O)O)N,-1.0,-0.20476937294006348,-1.0602937936782837,0.9577043056488037
90,Q9UKK9_R196Q,C1=NC(=C2C(=N1)N(C=N2)C3C(C(C(O3)COP(=O)(O)OP(=O)(O)OCC4C(C(C(O4)O)O)O)O)O)N,0.7781512503836436,0.1071011871099472,-1.1254711151123047,1.3280115127563477
91,Q9UKK9_E115Q,C1=NC(=C2C(=N1)N(C=N2)C3C(C(C(O3)COP(=O)(O)OP(=O)(O)OCC4C(C(C(O4)O)O)O)O)O)N,0.43136376415898736,-0.15069395303726196,-1.0695441961288452,1.0415153503417969
92,Q9UKK9_wild,C1=NC(=C2C(=N1)N(C=N2)C3C(C(C(O3)COP(=O)(O)OP(=O)(O)OCC4C(C(C(O4)O)O)O)O)O)N,1.0718820073061255,0.10410409420728683,-1.1459261178970337,1.3226466178894043
93,Q9UKK9_W46A,C1=NC(=C2C(=N1)N(C=N2)C3C(C(C(O3)COP(=O)(O)OP(=O)(O)OCC4C(C(C(O4)O)O)O)O)O)N,1.0530784434834197,-0.06154259294271469,-1.0611416101455688,1.1774319410324097
94,Q9UKK9_D133A,C1=NC(=C2C(=N1)N(C=N2)C3C(C(C(O3)COP(=O)(O)OP(=O)(O)OCC4C(C(C(O4)O)O)O)O)O)N,0.8633228601204559,0.12079281359910965,-1.1407909393310547,1.3780447244644165
95,Q9UKK9_Q82A,C1=NC(=C2C(=N1)N(C=N2)C3C(C(C(O3)COP(=O)(O)OP(=O)(O)OCC4C(C(C(O4)O)O)O)O)O)N,1.0128372247051722,-0.018549390137195587,-1.0446232557296753,1.1909949779510498
96,Q9UKK9_D164N,C1=NC(=C2C(=N1)N(C=N2)C3C(C(C(O3)COP(=O)(O)OP(=O)(O)OCC4C(C(C(O4)O)O)O)O)O)N,1.1172712956557642,0.10676979273557663,-1.1319161653518677,1.3204777240753174
97,Q9UKK9_E93Q,C1=NC(=C2C(=N1)N(C=N2)C3C(C(C(O3)COP(=O)(O)OP(=O)(O)OCC4C(C(C(O4)O)O)O)O)O)N,0.6532125137753437,0.006665855646133423,-1.0647095441818237,1.2032370567321777
98,Q9UKK9_D164A,C1=NC(=C2C(=N1)N(C=N2)C3C(C(C(O3)COP(=O)(O)OP(=O)(O)OCC4C(C(C(O4)O)O)O)O)O)N,1.0863598306747482,0.10784701257944107,-1.117932677268982,1.324242115020752
99,Q9UKK9_R111Q,C1=NC(=C2C(=N1)N(C=N2)C3C(C(C(O3)COP(=O)(O)OP(=O)(O)OCC4C(C(C(O4)O)O)O)O)O)N,-0.494850021680094,0.005513079464435577,-1.0951085090637207,1.2066982984542847
100,Q9UKK9_L98A,C1=NC(=C2C(=N1)N(C=N2)C3C(C(C(O3)COP(=O)(O)OP(=O)(O)OCC4C(C(C(O4)O)O)O)O)O)N,1.0934216851622351,0.07556267082691193,-1.145660638809204,1.294320821762085
101,Q9UKK9_D133N,C1=NC(=C2C(=N1)N(C=N2)C3C(C(C(O3)COP(=O)(O)OP(=O)(O)OCC4C(C(C(O4)O)O)O)O)O)N,1.0170333392987805,0.13452079892158508,-1.142560362815857,1.3587992191314697
102,Q9UKK9_W28A,C1=NC(=C2C(=N1)N(C=N2)C3C(C(C(O3)COP(=O)(O)OP(=O)(O)OCC4C(C(C(O4)O)O)O)O)O)N,1.1238516409670858,-0.048189252614974976,-1.0543724298477173,1.1280786991119385
103,Q9UKK9_R84Q,C1=NC(=C2C(=N1)N(C=N2)C3C(C(C(O3)COP(=O)(O)OP(=O)(O)OCC4C(C(C(O4)O)O)O)O)O)N,-0.744727494896694,-0.17205345630645752,-1.0313339233398438,1.012052059173584
104,Q9UKK9_C139A,C1=NC(=C2C(=N1)N(C=N2)C3C(C(C(O3)COP(=O)(O)OP(=O)(O)OCC4C(C(C(O4)O)O)O)O)O)N,1.1367205671564067,0.10922395437955856,-1.1715954542160034,1.3239214420318604
105,Q9UKK9_E112Q,C1=NC(=C2C(=N1)N(C=N2)C3C(C(C(O3)COP(=O)(O)OP(=O)(O)OCC4C(C(C(O4)O)O)O)O)O)N,-2.721246399047171,-0.3357473313808441,-1.0018984079360962,0.8674843311309814
106,Q9UKK9_W28A/W46A,C1=NC(=C2C(=N1)N(C=N2)C3C(C(C(O3)COP(=O)(O)OP(=O)(O)OCC4C(C(C(O4)O)O)O)O)O)N,-1.2365720064370627,-0.2627269923686981,-1.0183674097061157,0.9791504740715027
107,Q9UKK9_E116Q,C1=NC(=C2C(=N1)N(C=N2)C3C(C(C(O3)COP(=O)(O)OP(=O)(O)OCC4C(C(C(O4)O)O)O)O)O)N,-2.161150909262745,-0.4469453990459442,-1.009856104850769,0.7544698715209961
108,Q7T291_wild,C1=NC(=C2C(=N1)N(C=N2)C3C4C(C(O3)CO)OP(=O)(O4)O)N,1.2278867046136734,0.5648722648620605,0.38174310326576233,0.9930403828620911
109,Q7T291_wild,C1=NC(=C2C(=N1)N(C=N2)C3C(C(C(O3)COP(=O)(O)OP(=O)(O)OCC4C(C(C(O4)O)O)O)O)O)N,1.255272505103306,0.5387832522392273,-0.31793853640556335,1.3928086757659912
110,Q7T291_H97A,C[N+](C)(C)CCOP(=O)([O-])OP(=O)(O)OCC1C(C(C(O1)N2C=CC(=NC2=O)N)O)O,-0.09691001300805639,-0.030671678483486176,0.4311043918132782,0.11848628520965576
111,Q7T291_H97A,C1=CN(C(=O)N=C1N)C2C(C(C(O2)COP(=O)(O)OP(=O)(O)OCC(CO)O)O)O,-0.09691001300805639,0.10788034647703171,0.38737568259239197,0.35992491245269775
112,Q7T291_H97A,C1=NC(=C2C(=N1)N(C=N2)C3C(C(C(O3)COP(=O)(O)OP(=O)(O)O)O)O)N,-0.6989700043360187,0.056582413613796234,0.13591936230659485,0.7205325961112976
113,Q7T291_H97A,C1=NC(=C2C(=N1)N(C=N2)C3C(C(C(O3)COP(=O)(O)OP(=O)(O)OCC4C(C(C(O4)O)O)O)O)O)N,-0.3979400086720376,0.19327235221862793,-0.032140932977199554,0.8926469683647156
114,Q7T291_H97A,C1=CN(C(=O)N=C1N)C2C(C(C(O2)COP(=O)(O)OP(=O)(O)OCCN)O)O,0.3222192947339193,-0.10851985961198807,0.20377051830291748,0.4885466694831848
115,Q7T291_wild,C1=NC(=C2C(=N1)N(C=N2)C3C(C(C(O3)COP(=O)(O)OP(=O)(O)O)O)O)N,0.25527250510330607,0.42363661527633667,-0.15310490131378174,1.2196424007415771
116,Q7T291_wild,COC1=CC(=CC(=C1)C(=NO)N)OC,-3.3010299956639813,-0.24380534887313843,-0.37564417719841003,0.825544536113739
117,Q7T291_H97A,C1=NC(=C2C(=N1)N(C=N2)C3C4C(C(O3)CO)OP(=O)(O4)O)N,1.4727564493172123,0.20272597670555115,0.6505336761474609,0.5188115239143372
118,Q7T291_wild,C[N+](C)(C)CCOP(=O)([O-])OP(=O)(O)OCC1C(C(C(O1)N2C=CC(=NC2=O)N)O)O,1.8273692730538253,0.350629597902298,0.18715350329875946,0.6017119884490967
119,Q7T291_wild,C1=CN(C(=O)N=C1N)C2C(C(C(O2)COP(=O)(O)OP(=O)(O)OCC(CO)O)O)O,1.9804578922761,0.48068010807037354,0.1519733965396881,0.8506937026977539
120,Q7T291_wild,C1=CN(C(=O)N=C1N)C2C(C(C(O2)COP(=O)(O)OP(=O)(O)OCCN)O)O,2.097604328874411,0.27585718035697937,-0.0394405797123909,0.9902824759483337
121,W0NWJ0_N110A,C[N+](C)(C)CCOP(=O)([O-])OP(=O)(O)OCC1C(C(C(O1)N2C=CC(=NC2=O)N)O)O,0.7558748556724915,0.3835425078868866,0.3551993668079376,0.7492554187774658
122,W0NWJ0_F37A/L196A,C1=NC(=C2C(=N1)N(C=N2)C3C(C(C(O3)COP(=O)(O)OP(=O)(O)OCC4C(C(C(O4)O)O)O)O)O)N,0.8450980400142568,0.7949619889259338,-0.5613052845001221,1.858034610748291
123,W0NWJ0_F37A/L196F,C1=NC(=C2C(=N1)N(C=N2)C3C(C(C(O3)COP(=O)(O)OP(=O)(O)OCC4C(C(C(O4)O)O)O)O)O)N,0.9030899869919435,0.8046171069145203,-0.5536235570907593,1.8457826375961304
124,W0NWJ0_H111N,C1=NC(=C2C(=N1)N(C=N2)C3C4C(C(O3)CO)OP(=O)(O4)O)N,1.5314789170422551,0.7201940417289734,0.47124797105789185,1.1414066553115845
125,W0NWJ0_H111A,C[N+](C)(C)CCOP(=O)([O-])OP(=O)(O)OCC1C(C(C(O1)N2C=CC(=NC2=O)N)O)O,0.3424226808222063,0.3637498915195465,0.3772408366203308,0.7004123330116272
126,W0NWJ0_H111N,C1=NC(=C2C(=N1)N(C=N2)C3C(C(C(O3)COP(=O)(O)OP(=O)(O)OCC4C(C(C(O4)O)O)O)O)O)N,0.36172783601759284,0.5947989225387573,-0.43736210465431213,1.5720828771591187
127,W0NWJ0_F210A,C1=NC(=C2C(=N1)N(C=N2)C3C4C(C(O3)CO)OP(=O)(O4)O)N,0.43136376415898736,0.9469336867332458,0.3505759537220001,1.4020938873291016
128,W0NWJ0_wild,COC1=CC(=CC(=C1)C(=NO)N)OC,0.505149978319906,0.149723619222641,-0.3946157991886139,1.1771767139434814
129,W0NWJ0_C253A,C[N+](C)(C)CCOP(=O)([O-])OP(=O)(O)OCC1C(C(C(O1)N2C=CC(=NC2=O)N)O)O,1.8976270912904414,0.7816464900970459,0.1361987590789795,1.2102127075195312
130,W0NWJ0_F37Y,C1=NC(=C2C(=N1)N(C=N2)C3C4C(C(O3)CO)OP(=O)(O4)O)N,1.845098040014257,0.9447509050369263,0.3300413191318512,1.4162293672561646
131,W0NWJ0_L196A,C1=NC(=C2C(=N1)N(C=N2)C3C(C(C(O3)COP(=O)(O)OP(=O)(O)OCC4C(C(C(O4)O)O)O)O)O)N,1.2041199826559248,0.8020442724227905,-0.5820680856704712,1.8686543703079224
132,W0NWJ0_F37A/L196F/C253A,COC1=CC(=CC(=C1)C(=NO)N)OC,1.2041199826559248,0.19988161325454712,-0.3523593544960022,1.163085699081421
133,W0NWJ0_Q27H,C[N+](C)(C)CCOP(=O)([O-])OP(=O)(O)OCC1C(C(C(O1)N2C=CC(=NC2=O)N)O)O,1.5910646070264993,0.7327490448951721,0.11584495007991791,1.1802027225494385
134,W0NWJ0_Q27H,C1=NC(=C2C(=N1)N(C=N2)C3C(C(C(O3)COP(=O)(O)OP(=O)(O)OCC4C(C(C(O4)O)O)O)O)O)N,1.0,0.7956342101097107,-0.5959209203720093,1.8497612476348877
135,W0NWJ0_R43A,C1=NC(=C2C(=N1)N(C=N2)C3C4C(C(O3)CO)OP(=O)(O4)O)N,-0.022276394711152257,0.979692280292511,0.3231342136859894,1.4416663646697998
136,W0NWJ0_H111A,C1=NC(=C2C(=N1)N(C=N2)C3C4C(C(O3)CO)OP(=O)(O4)O)N,0.8692317197309762,0.5783385038375854,0.5936365127563477,0.924575686454773
137,W0NWJ0_F37A/L196F/C253A,C1=NC(=C2C(=N1)N(C=N2)C3C4C(C(O3)CO)OP(=O)(O4)O)N,1.3010299956639813,1.0018458366394043,0.3478586971759796,1.449386477470398
138,W0NWJ0_F37A/L196A,C[N+](C)(C)CCOP(=O)([O-])OP(=O)(O)OCC1C(C(C(O1)N2C=CC(=NC2=O)N)O)O,1.3979400086720377,0.7534622550010681,0.14171652495861053,1.1796936988830566
139,W0NWJ0_F37Y,C[N+](C)(C)CCOP(=O)([O-])OP(=O)(O)OCC1C(C(C(O1)N2C=CC(=NC2=O)N)O)O,1.8808135922807914,0.7334935069084167,0.1317521631717682,1.172872543334961
140,W0NWJ0_L196A,C1=NC(=C2C(=N1)N(C=N2)C3C4C(C(O3)CO)OP(=O)(O4)O)N,1.4771212547196624,0.9670825004577637,0.3233766555786133,1.4435921907424927
141,W0NWJ0_F37Y,C1=NC(=C2C(=N1)N(C=N2)C3C(C(C(O3)COP(=O)(O)OP(=O)(O)OCC4C(C(C(O4)O)O)O)O)O)N,1.6989700043360187,0.7895776033401489,-0.5898754596710205,1.8443957567214966
142,W0NWJ0_F210A,C[N+](C)(C)CCOP(=O)([O-])OP(=O)(O)OCC1C(C(C(O1)N2C=CC(=NC2=O)N)O)O,1.6989700043360187,0.7308363318443298,0.1599433571100235,1.150809407234192
143,W0NWJ0_F37A,C[N+](C)(C)CCOP(=O)([O-])OP(=O)(O)OCC1C(C(C(O1)N2C=CC(=NC2=O)N)O)O,1.5185139398778875,0.7480109333992004,0.14780193567276,1.168454885482788
144,W0NWJ0_N110A,C1=NC(=C2C(=N1)N(C=N2)C3C4C(C(O3)CO)OP(=O)(O4)O)N,-0.958607314841775,0.5875967741012573,0.5735270977020264,0.9786813259124756
145,W0NWJ0_H111A,C1=NC(=C2C(=N1)N(C=N2)C3C(C(C(O3)COP(=O)(O)OP(=O)(O)OCC4C(C(C(O4)O)O)O)O)O)N,-0.3279021420642826,0.46048370003700256,-0.2912527620792389,1.3478894233703613
146,W0NWJ0_F37A,C1=NC(=C2C(=N1)N(C=N2)C3C(C(C(O3)COP(=O)(O)OP(=O)(O)OCC4C(C(C(O4)O)O)O)O)O)N,1.146128035678238,0.7976896166801453,-0.5622801780700684,1.8472737073898315
147,W0NWJ0_F210A,C1=NC(=C2C(=N1)N(C=N2)C3C(C(C(O3)COP(=O)(O)OP(=O)(O)OCC4C(C(C(O4)O)O)O)O)O)N,1.2787536009528289,0.7836633324623108,-0.5646494626998901,1.827026605606079
148,W0NWJ0_F37A/L196A,C1=NC(=C2C(=N1)N(C=N2)C3C4C(C(O3)CO)OP(=O)(O4)O)N,1.2787536009528289,0.9603015780448914,0.33162322640419006,1.433776617050171
149,W0NWJ0_N110A,C1=NC(=C2C(=N1)N(C=N2)C3C(C(C(O3)COP(=O)(O)OP(=O)(O)OCC4C(C(C(O4)O)O)O)O)O)N,0.6334684555795865,0.4575534760951996,-0.30020084977149963,1.3969171047210693
150,W0NWJ0_Q27H,C1=NC(=C2C(=N1)N(C=N2)C3C4C(C(O3)CO)OP(=O)(O4)O)N,0.6334684555795865,0.946005642414093,0.32197263836860657,1.4199882745742798
151,W0NWJ0_R43A,C[N+](C)(C)CCOP(=O)([O-])OP(=O)(O)OCC1C(C(C(O1)N2C=CC(=NC2=O)N)O)O,-1.6020599913279623,0.767238199710846,0.13507823646068573,1.1969919204711914
152,W0NWJ0_C253A,COC1=CC(=CC(=C1)C(=NO)N)OC,0.9493900066449128,0.1918928325176239,-0.3866182863712311,1.189739465713501
153,W0NWJ0_F37A/L196F/C253A,C1=NC(=C2C(=N1)N(C=N2)C3C(C(C(O3)COP(=O)(O)OP(=O)(O)OCC4C(C(C(O4)O)O)O)O)O)N,1.1139433523068367,0.8376277089118958,-0.5509237051010132,1.8739159107208252
154,W0NWJ0_H111N,C[N+](C)(C)CCOP(=O)([O-])OP(=O)(O)OCC1C(C(C(O1)N2C=CC(=NC2=O)N)O)O,0.724275869600789,0.5143101811408997,0.2577546238899231,0.9154541492462158
155,W0NWJ0_F37A/L196F,C[N+](C)(C)CCOP(=O)([O-])OP(=O)(O)OCC1C(C(C(O1)N2C=CC(=NC2=O)N)O)O,1.414973347970818,0.7598463892936707,0.15680108964443207,1.1666359901428223
156,W0NWJ0_L196A,C[N+](C)(C)CCOP(=O)([O-])OP(=O)(O)OCC1C(C(C(O1)N2C=CC(=NC2=O)N)O)O,1.462397997898956,0.7523455023765564,0.13116036355495453,1.197473406791687
157,W0NWJ0_C253A,C1=NC(=C2C(=N1)N(C=N2)C3C(C(C(O3)COP(=O)(O)OP(=O)(O)OCC4C(C(C(O4)O)O)O)O)O)N,1.9867717342662448,0.8361557126045227,-0.579439640045166,1.8866852521896362
158,W0NWJ0_wild,C1=NC(=C2C(=N1)N(C=N2)C3C(C(C(O3)COP(=O)(O)OP(=O)(O)OCC4C(C(C(O4)O)O)O)O)O)N,1.5440680443502757,0.8044779300689697,-0.5833002328872681,1.8585278987884521
159,W0NWJ0_C253A,C1=NC(=C2C(=N1)N(C=N2)C3C4C(C(O3)CO)OP(=O)(O4)O)N,1.919078092376074,1.001955270767212,0.32949528098106384,1.4598501920700073
160,W0NWJ0_wild,C1=NC(=C2C(=N1)N(C=N2)C3C4C(C(O3)CO)OP(=O)(O4)O)N,1.7781512503836436,0.9629015326499939,0.3293265402317047,1.4313701391220093
161,W0NWJ0_R43A,C1=NC(=C2C(=N1)N(C=N2)C3C(C(C(O3)COP(=O)(O)OP(=O)(O)OCC4C(C(C(O4)O)O)O)O)O)N,-2.5228787452803374,0.817942202091217,-0.578803539276123,1.8620661497116089
162,W0NWJ0_F37A/L196F/C253A,C[N+](C)(C)CCOP(=O)([O-])OP(=O)(O)OCC1C(C(C(O1)N2C=CC(=NC2=O)N)O)O,1.568201724066995,0.7933157086372375,0.15659339725971222,1.189551830291748
163,A0A1C9ZZ39_wild,CC(C(C(=O)O)N)O,1.3979400086720377,0.35543546080589294,0.2297789305448532,1.0265111923217773
164,A0A1C9ZZ39_wild,C1=CC=C(C=C1)C(C(C(=O)[O-])[NH3+])O,2.4471580313422194,0.2988114058971405,-0.6360951662063599,0.9769143462181091
165,A0A031HCH9_wild,CC(C(C(=O)O)N)O,-0.4089353929735008,0.4931955933570862,0.2952174246311188,0.9228445887565613
166,Q58936_Y136R/E150R,C1=NC(=C2C(=N1)N(C=N2)C3C(C(C(O3)CSCCC(C(=O)O)N)O)O)N,0.3222192947339193,1.0286760330200195,-0.6501600742340088,1.7823433876037598
167,Q58936_Y136R,C1=NC(=C2C(=N1)N(C=N2)C3C(C(C(O3)CSCCC(C(=O)O)N)O)O)N,0.43136376415898736,1.0576074123382568,-0.6823446750640869,1.8299309015274048
168,Q58936_wild,C1=NC(=C2C(=N1)N(C=N2)C3C(C(C(O3)CSCCC(C(=O)O)N)O)O)N,3.113943352306837,1.0512678623199463,-0.6793597936630249,1.8305244445800781
169,Q58936_E150R,C1=NC(=C2C(=N1)N(C=N2)C3C(C(C(O3)CSCCC(C(=O)O)N)O)O)N,1.7649229846498886,1.0402131080627441,-0.6588050127029419,1.8018757104873657
170,P9WG59_wild,C(COP(=O)(O)O)C(C(=O)O)N,0.8633228601204559,0.3425530195236206,-0.6430238485336304,0.6846808195114136
171,Q5SL02_wild,C(COP(=O)(O)O)C(C(=O)O)N,-0.09691001300805639,-0.0056761279702186584,-0.5908854007720947,0.6830921769142151
172,Q5SL02_wild,C=CC(C(=O)O)N,-0.21467016498923297,0.051108650863170624,0.30306345224380493,-0.19555914402008057
173,Q5SL02_wild,[O-]P(=O)([O-])[O-],-1.4685210829577449,0.05878985673189163,-0.22284670174121857,0.2424965798854828
174,Q97BK3_G114A,CC(C(C(=O)O)N)O,0.2041199826559248,0.7303441166877747,-0.52643883228302,0.8338643312454224
175,Q97BK3_wild,CC(C(C(=O)O)N)O,0.23044892137827394,0.7031670808792114,-0.5218147039413452,0.831071138381958
176,Q97BK3_wild,C(C(C(=O)O)N)O,-2.0,0.5028234124183655,-0.25220513343811035,0.0973481833934784
177,Q97BK3_I113A,CC(C(C(=O)O)N)O,-0.1366771398795441,0.6406375169754028,-0.4939715564250946,0.7729966640472412
178,Q97BK3_T178A,C(C(C(=O)O)N)O,-1.853871964321762,0.511538565158844,-0.2552303075790405,0.08976203203201294
179,Q97BK3_D180A,CC(C(C(=O)O)N)O,-0.431798275933005,0.6528709530830383,-0.5131276845932007,0.7706748247146606
180,Q97BK3_I113A,C(C(C(=O)O)N)O,-1.585026652029182,0.4505908191204071,-0.23439167439937592,0.04346194863319397
181,Q97BK3_G114A,C(C(C(=O)O)N)O,-1.8860566476931633,0.5261917114257812,-0.2555384039878845,0.10433334112167358
182,Q97BK3_G114A,CC(CN)O,-2.070581074285707,0.7585622072219849,-0.547626256942749,0.40377771854400635
183,P50293_wild,C1=CC(=CC=C1C(=O)O)N,2.792391689498254,-0.5902867913246155,-0.4167892038822174,0.8542808890342712
184,P50293_wild,C1=CC(=CC=C1N)[N+](=O)[O-],-0.22184874961635637,-0.6957057118415833,-0.40087684988975525,0.34247490763664246
185,P50293_wild,COC1=CC=C(C=C1)N,2.414973347970818,-0.36993667483329773,-0.992141604423523,0.9339710474014282
186,P50292_R64W,CC(=O)OC1=CC=C(C=C1)[N+](=O)[O-],2.792391689498254,-0.5007078051567078,-0.14212846755981445,0.4404168426990509
187,P50293_R64W,CC(=O)OC1=CC=C(C=C1)[N+](=O)[O-],2.792391689498254,-0.22406384348869324,-0.07457113265991211,0.777049720287323
188,P50292_R64W,C1=CC(=CC=C1C(=O)O)N,2.423245873936808,-0.7396190166473389,-0.3425171673297882,0.41644421219825745
189,P50293_R64W,C1=CC(=CC=C1C(=O)O)N,2.423245873936808,-0.5920335054397583,-0.3751090168952942,0.8220611214637756
190,P50293_wild,CC1=CC=CC=C1N,0.6812412373755872,-0.4800451099872589,-0.16571274399757385,0.7284457683563232
191,P50293_wild,CC1=C(C=CC(=C1)C(=O)O)N,1.1522883443830565,-0.5627303123474121,-0.34914228320121765,0.9162133932113647
192,P18440_wild,CC1=C(C=CC(=C1)C(=O)O)N,0.11394335230683679,-0.4900239408016205,-0.3079436123371124,0.9809723496437073
193,P18440_wild,CC1=CC=CC=C1N,0.7993405494535817,-0.35666659474372864,-0.08513078838586807,0.8072670698165894
194,P18440_wild,C1=CC(=CC=C1C(=O)O)N,2.103803720955957,-0.5136440396308899,-0.3617742955684662,0.9491735100746155
195,P11245_wild,C1=CC(=CC=C1C(=O)O)N,1.3222192947339193,-0.8253962397575378,-0.2605084180831909,0.5015662312507629
196,P11245_wild,CC1=CC=CC=C1N,1.8573324964312685,-0.6776016354560852,-0.006183505058288574,0.4459652602672577
197,P11245_wild,CC1=C(C=CC(=C1)C(=O)O)N,1.2201080880400552,-0.8487988114356995,-0.14652195572853088,0.5604764819145203
198,D5UNC2_wild,CC(C)(COP(=O)(O)OP(=O)(O)OCC1C(C(C(O1)N2C=NC3=C(N=CN=C32)N)O)OP(=O)(O)O)C(C(=O)NCCC(=O)NCCSC(=O)CC(=O)O)O,0.9867717342662449,-1.306540846824646,-0.4528420865535736,0.20408597588539124
199,D5UNC2_wild,CC(=O)SCCNC(=O)CCNC(=O)C(C(C)(C)COP(=O)(O)OP(=O)(O)OCC1C(C(C(O1)N2C=NC3=C(N=CN=C32)N)O)OP(=O)(O)O)O,1.2833012287035497,-1.422197937965393,-0.44080010056495667,0.07684630155563354
200,D5FLG2_A105S/S106G,C(CC(C(=O)O)N)CN=C(N)N,1.6364878963533653,1.6881424188613892,-0.19179177284240723,1.6580445766448975
201,D5FLG2_A105S,C(CC(C(=O)O)N)CN=C(N)N,1.541579243946581,1.6638600826263428,-0.15960907936096191,1.629569172859192
202,D5FLG2_wild,C(CC(C(=O)O)N)CN=C(N)N,1.6618126855372612,1.6608917713165283,-0.16697055101394653,1.6307141780853271
203,D5FLG2_S106G,C(CC(C(=O)O)N)CN=C(N)N,1.6541765418779606,1.6839606761932373,-0.19786223769187927,1.6617083549499512
204,Q10454_wild,C1=NC(=C2C(=N1)N(C=N2)C3C(C(C(O3)COP(=O)(O)OP(=O)(O)OP(=O)(O)O)O)O)N,1.0569048513364727,1.436806559562683,-0.4361026883125305,1.9890425205230713
205,Q10454_wild,C(CC(C(=O)O)N)CN=C(N)N,1.0569048513364727,1.6888335943222046,-0.13307252526283264,1.845443606376648
206,Q27535_wild,C1=NC(=C2C(=N1)N(C=N2)C3C(C(C(O3)COP(=O)(O)OP(=O)(O)OP(=O)(O)O)O)O)N,2.255272505103306,1.4499245882034302,-0.379946231842041,2.0577292442321777
207,Q27535_wild,C(CC(C(=O)O)N)CN=C(N)N,2.255272505103306,1.7229877710342407,-0.1294672191143036,1.85523521900177
208,U3T1K4_wild,C1=NC(=C2C(=N1)N(C=N2)C3C(C(C(O3)COP(=O)(O)OP(=O)(O)OP(=O)(O)O)O)O)N,2.0170333392987803,1.7807658910751343,-0.38841313123703003,2.0387511253356934
209,U3T1K4_wild,C(CC(C(=O)O)N)CN=C(N)N,2.0170333392987803,1.9600039720535278,-0.028446584939956665,1.7910395860671997
210,C0STY2_wild,C(CC(C(=O)O)N)CN=C(N)N,2.6618126855372615,1.7223066091537476,0.12394066154956818,1.4686440229415894
211,C0STY3_wild,C(CC(C(=O)O)N)CN=C(N)N,2.3364597338485296,1.1942236423492432,-0.07403028011322021,1.4580765962600708
212,W8GJF4_wild,C(CC(C(=O)O)N)CN=C(N)N,1.9283958522567137,2.0952401161193848,0.21019920706748962,1.599632978439331
213,O45518_wild,C1=NC(=C2C(=N1)N(C=N2)C3C(C(C(O3)COP(=O)(O)OP(=O)(O)OP(=O)(O)O)O)O)N,1.6532125137753437,1.5663989782333374,-0.5178988575935364,2.007990837097168
214,O45518_wild,C(CC(C(=O)O)N)CN=C(N)N,1.6532125137753437,1.789715051651001,-0.20047685503959656,1.84442937374115
215,A0A286R7K5_wild,C(CC(C(=O)O)N)CN=C(N)N,1.8750612633917,0.8242482542991638,0.023897647857666016,1.1465221643447876
216,A0A3G5HLZ2_wild,C(CC(C(=O)O)N)CN=C(N)N,0.8286598965353198,0.6600882411003113,0.17257271707057953,0.9618120193481445
217,A0A0A7CK57_H284A,C1=NC(=C2C(=N1)N(C=N2)C3C(C(C(O3)COP(=O)(O)OP(=O)(O)OP(=O)(O)O)O)O)N,-0.721246399047171,0.8013376593589783,-0.41175827383995056,1.5323121547698975
218,A0A0A7CK57_H284A,C(CC(C(=O)O)N)CN=C(N)N,-0.721246399047171,1.0044033527374268,-0.1880432367324829,1.4416812658309937
219,A0A0A7CK57_wild,C1=NC(=C2C(=N1)N(C=N2)C3C(C(C(O3)COP(=O)(O)OP(=O)(O)OP(=O)(O)O)O)O)N,1.2695129442179163,0.8062133193016052,-0.40174803137779236,1.5262964963912964
220,A0A0A7CK57_wild,C(CC(C(=O)O)N)CN=C(N)N,1.2695129442179163,1.0167229175567627,-0.17580237984657288,1.4290356636047363
221,A0A286PT85_wild,C1C2C(C(O1)C(C(O2)O)O)OC3C(C(C(C(O3)CO)O)OC4C(C5C(C(O4)CO5)OC6C(C(C(C(O6)CO)O)O)O)O)O,3.380211241711606,0.836391270160675,0.17877094447612762,0.6443472504615784
222,A0NXQ8_wild,C1CNC(C1O)C(=O)O,1.3617278360175928,0.9524428844451904,0.5290842056274414,0.49739426374435425
223,B4EKR2_wild,C=C(C(=O)O)OP(=O)(O)O,1.14921911265538,1.7898093461990356,-0.2996325194835663,1.593941569328308
224,B4EKR2_wild,C(C(C(=O)O)N)OP(=O)(O)O,1.6839471307515121,1.5639714002609253,-0.29281994700431824,1.4972100257873535
225,B4EKR2_wild,C1=CC(=CC=C1[N+](=O)[O-])OP(=O)(O)O,2.1699681739968923,1.1327553987503052,-0.07889004051685333,1.1607990264892578
226,B4EKR2_wild,C1=CC(=CC=C1CC(C(=O)O)N)OP(=O)(O)O,2.140193678578631,1.0970003604888916,-0.703330397605896,1.5220836400985718
227,A0A545BBR2_wild,CCC(=O)C1=CC=CC=C1,-0.11350927482751812,1.031769037246704,-0.6078908443450928,1.4530513286590576
228,A0A545BBR2_wild,CC(C(=O)C1=CC(=CC=C1)Cl)Br,0.40483371661993806,0.5003423690795898,-0.940022349357605,1.2330222129821777
229,A0A545BBR2_wild,C1=CC=C(C=C1)C(=O)C(=O)C2=CC=C(C=C2)Cl,0.541579243946581,1.0572773218154907,-1.3494974374771118,1.6697808504104614
230,A0A545BBR2_wild,C1=CC=C2C(=C1)C(=O)C(=O)N2,0.6394864892685861,1.3254708051681519,-1.0281099081039429,1.7976107597351074
231,A0A545BBR2_wild,CC(C(=O)C1=CC=CC=C1)Cl,0.8639173769578604,0.8207940459251404,-0.7437143325805664,1.1810725927352905
232,A0A545BBR2_wild,C1=CC=C(C=C1)C(=O)C=O,0.9772662124272927,1.1951807737350464,-0.3935870826244354,1.0365822315216064
233,A0A545BBR2_wild,C1=CC=C2C(=C1)C=CC(=O)C2=O,0.8998205024270963,1.239184021949768,-1.3827615976333618,1.804819107055664
234,A0A545BBR2_wild,C1C2=CC=CC=C2C(=O)C1=O,1.4929000111087034,1.558388590812683,-0.8543188571929932,1.486896276473999
235,A0A545BBR2_wild,CC(=O)CC(=O)C1=CC=CC=C1,1.186673867499745,0.7929812669754028,-0.8765747547149658,1.4895707368850708
236,A0A545BBR2_wild,CC(=O)C(=O)C1=CC=CC=C1,1.4833019523581672,1.1010924577713013,-0.8701556921005249,1.5175390243530273
237,A0A545BBR2_wild,COC(=O)C(=O)C1=CC=CC=C1,1.6026025204202565,1.3336832523345947,-0.650702714920044,1.4946361780166626
238,A0A545BBR2_wild,C1=CC=C(C=C1)C(=O)CN,1.4334497937615962,0.7797504663467407,-0.8203723430633545,0.9966185092926025
239,A0A545BBR2_wild,C1C=CN(C=C1C(=O)N)C2C(C(C(O2)COP(=O)(O)OP(=O)(O)OCC3C(C(C(O3)N4C=NC5=C(N=CN=C54)N)O)O)O)O,1.1970047280230458,1.1756316423416138,-1.2253438234329224,2.037583827972412
240,A0A140N893_wild,C(C(=O)C(=O)O)O,1.6989700043360187,0.8865448832511902,0.6500004529953003,1.1862428188323975
241,Q8RG11_wild,C1=CC=C(C=C1)CC(=O)C(=O)O,2.0791812460476247,1.0260179042816162,0.12206172943115234,1.0235886573791504
242,Q8RG11_wild,CC(C)C(=O)C(=O)O,2.0791812460476247,1.1016453504562378,0.6284724473953247,0.924290657043457
243,Q8RG11_wild,C1C=CN(C=C1C(=O)N)C2C(C(C(O2)COP(=O)(O)OP(=O)(O)OCC3C(C(C(O3)N4C=NC5=C(N=CN=C54)N)O)O)O)O,2.041392685158225,0.7410773038864136,-1.1551692485809326,2.0085983276367188
244,Q8RG11_wild,CCCCC(=O)C(=O)[O-],2.361727836017593,0.9864491820335388,0.43470844626426697,1.0587702989578247
245,Q8RG11_wild,C(C(=O)C(=O)O)O,2.204119982655925,1.195465326309204,0.6399897336959839,0.9378278255462646
246,Q8RG11_wild,CC(=O)C(=O)[O-],2.0,1.1646023988723755,0.7121807336807251,1.1475038528442383
247,Q8RG11_wild,CC(C)CC(=O)C(=O)O,2.3010299956639813,1.164840817451477,0.3116605579853058,1.0002131462097168
248,Q8RG11_wild,CCC(=O)C(=O)O,2.146128035678238,1.140742540359497,0.7301560640335083,0.9568782448768616
249,Q8RG11_wild,CCCC(=O)C(=O)O,2.146128035678238,1.0423483848571777,0.3783104121685028,1.0300521850585938
250,Q8RG11_wild,C(=O)C(=O)[O-],1.0413926851582251,1.360430121421814,0.7704014778137207,1.014263391494751
251,Q8RG11_wild,C(C(=O)C(=O)O)C(=O)O,1.9030899869919435,1.2122650146484375,0.23897472023963928,1.4161138534545898
252,Q9I530_wild,C1=CC=C(C=C1)CC(=O)C(=O)O,1.255272505103306,1.0037422180175781,0.29233887791633606,1.0250558853149414
253,Q9I530_wild,CC(C)CC(=O)C(=O)O,1.5910646070264993,0.7516083121299744,0.36231115460395813,1.2804090976715088
254,Q9I530_wild,CCCC(=O)C(=O)O,1.8388490907372552,0.7842268347740173,0.4378446042537689,1.2877953052520752
255,Q9I530_wild,CCCCC(=O)C(=O)[O-],2.204119982655925,0.8708313703536987,0.3286014497280121,1.3300700187683105
256,Q9I530_wild,CCC(=O)C(=O)O,2.0,0.9898043274879456,0.6704473495483398,1.199804425239563
257,Q9I530_wild,C1C=CN(C=C1C(=O)N)C2C(C(C(O2)COP(=O)(O)OP(=O)(O)OCC3C(C(C(O3)N4C=NC5=C(N=CN=C54)N)O)O)O)O,2.4913616938342726,0.7321716547012329,-1.1644378900527954,2.0365676879882812
258,Q9I530_wild,CC(=O)C(=O)[O-],2.6020599913279625,0.972594678401947,0.673297643661499,1.475671410560608
259,Q9I530_wild,C(C(=O)C(=O)O)O,2.6232492903979003,0.710244357585907,0.5211073160171509,1.2984263896942139
260,Q9I530_wild,C(C(=O)C(=O)O)C(=O)O,2.6127838567197355,0.9962974190711975,0.20825892686843872,1.695183277130127
261,Q9I530_wild,C(=O)C(=O)[O-],2.9444826721501687,1.1177483797073364,0.7947354316711426,1.2788057327270508
262,A0A140N893_wild,CC(=O)C(=O)[O-],2.6127838567197355,0.9605115056037903,0.7929064035415649,1.355873465538025
263,A0A140N893_wild,C(=O)C(=O)[O-],2.0,1.0210875272750854,0.7729302644729614,1.1175663471221924
264,A0A140N893_wild,C(C(=O)C(=O)O)C(=O)O,3.041392685158225,1.1316865682601929,0.1296415627002716,1.5666409730911255
265,A0A140N893_wild,CCC(=O)C(=O)O,1.4913616938342726,0.995804488658905,0.786644697189331,0.9525250792503357
266,A0A140N893_wild,C1C=CN(C=C1C(=O)N)C2C(C(C(O2)COP(=O)(O)OP(=O)(O)OCC3C(C(C(O3)N4C=NC5=C(N=CN=C54)N)O)O)O)O,2.863322860120456,0.7599677443504333,-0.9604077339172363,1.9364793300628662
267,P94556_wild,C(CC(=O)O)C(C(=O)O)N,1.7993405494535817,0.3297976553440094,0.4200708270072937,0.12336543202400208
268,P94556_V149A,C(CC(=O)O)C(C(=O)O)N,1.8808135922807914,0.292904794216156,0.4634750783443451,0.07008513808250427
269,Q81UL8_wild,C(CC(=O)O)C(C(=O)O)N,1.2479732663618066,0.0990728959441185,0.3376730978488922,-0.07170695066452026
270,Q81LA8_wild,C(CC(=O)O)C(C(=O)O)N,1.5797835966168101,0.05955858528614044,0.3997064530849457,0.12970492243766785
271,Q6L876_wild,C(CC(=O)O)C(C(=O)O)N,1.9395192526186185,0.3045036494731903,0.3903842270374298,0.15768679976463318
272,Q9A1B7_wild,C(CC(=O)O)C(C(=O)O)N,0.21218760440395779,0.2622467875480652,0.31068965792655945,0.040371477603912354
273,D7VBA0_wild,C(CC(=O)O)C(C(=O)O)N,3.776701183988411,1.480056643486023,-0.17066359519958496,1.1707977056503296
274,E2GIN1_wild,CCC(C)C(C(=O)O)N,0.7781512503836436,-0.5854831337928772,0.06593672186136246,0.33722442388534546
275,E2GIN1_wild,CSCCC(C(=O)O)N,1.5185139398778875,-0.40370628237724304,0.004763171076774597,0.16254866123199463
276,E2GIN1_wild,CC(C)CC(C(=O)O)N,0.8750612633917001,-0.5952199101448059,0.2254401445388794,0.351270854473114
277,D3WZ85_wild,C1=CC(=C(C=C1[N+](=O)[O-])C(=O)[O-])N,-0.21824462534753114,0.22826659679412842,0.2109219878911972,0.6656627058982849
278,Q5FAE1_Q370A,CC1C(C(C(C(O1)OP(=O)(O)OP(=O)(O)OCC2C(C(C(O2)N3C=CC(=O)NC3=O)O)O)NC(=O)C)O)N,3.4771212547196626,0.32661011815071106,-0.8516169786453247,2.284686326980591
279,Q5FAE1_H210F,CC1C(C(C(C(O1)OP(=O)(O)OP(=O)(O)OCC2C(C(C(O2)N3C=CC(=O)NC3=O)O)O)NC(=O)C)O)N,3.0791812460476247,0.3282153904438019,-0.8492401838302612,2.315507173538208
280,Q5FAE1_D332A,CC1C(C(C(C(O1)OP(=O)(O)OP(=O)(O)OCC2C(C(C(O2)N3C=CC(=O)NC3=O)O)O)NC(=O)C)O)N,3.5563025007672873,0.2909514307975769,-0.8591430187225342,2.2776808738708496
281,Q5FAE1_wild,CC1C(C(C(C(O1)OP(=O)(O)OP(=O)(O)OCC2C(C(C(O2)N3C=CC(=O)NC3=O)O)O)NC(=O)C)O)N,4.857332496431268,0.33665668964385986,-0.8557106256484985,2.311640739440918
282,Q5FAE1_Q369A,CC1C(C(C(C(O1)OP(=O)(O)OP(=O)(O)OCC2C(C(C(O2)N3C=CC(=O)NC3=O)O)O)NC(=O)C)O)N,3.7481880270062002,0.35275998711586,-0.854888916015625,2.3157591819763184
283,B0V6J7_T176A,CC1C(C(C(C(O1)OP(=O)(O)OP(=O)(O)OCC2C(C(C(O2)N3C=CC(=O)NC3=O)O)O)NC(=O)C)O)N,5.518513939877888,1.070976972579956,0.1743544340133667,2.027571678161621
284,B0V6J7_Q174A,CC1C(C(C(C(O1)OP(=O)(O)OP(=O)(O)OCC2C(C(C(O2)N3C=CC(=O)NC3=O)O)O)NC(=O)C)O)N,3.278753600952829,1.1012663841247559,0.18613441288471222,2.0396244525909424
285,B0V6J7_wild,CC1C(C(C(C(O1)OP(=O)(O)OP(=O)(O)OCC2C(C(C(O2)N3C=CC(=O)NC3=O)O)O)NC(=O)C)O)N,5.707570176097937,1.0789421796798706,0.18672583997249603,2.0276360511779785
286,B0V6J7_F13A,CC1C(C(C(C(O1)OP(=O)(O)OP(=O)(O)OCC2C(C(C(O2)N3C=CC(=O)NC3=O)O)O)NC(=O)C)O)N,4.913813852383717,1.1207813024520874,0.17523616552352905,2.0361318588256836
287,G3KFX4_wild,C(=CC(=O)C(=O)O)C=CO,1.2600713879850747,1.2292901277542114,-1.8116141557693481,2.0211715698242188
288,G3KFX4_wild,CC(=O)C=CC=C(C(=O)O)[O-],1.5626496722119168,1.0078829526901245,-1.5175400972366333,2.190514087677002
289,P96965_wild,CC(C)C(=O)C=CC=C(C(=O)O)O,1.3222192947339193,1.278177261352539,-0.8592809438705444,1.9290862083435059
290,Q9XB61_wild,C1CC(NC1CC(=O)O)C(=O)O,-0.5528419686577808,-0.26189902424812317,-0.07483172416687012,0.38786253333091736
291,Q9XB61_wild,C1=NC(=C2C(=N1)N(C=N2)C3C(C(C(O3)COP(=O)(O)OP(=O)(O)OP(=O)(O)O)O)O)N,-0.5528419686577808,-0.3820846974849701,-0.20055070519447327,0.20968939363956451
292,Q0DBF4_wild,CC1(CCCC2(C1CC=C3C2CCC(C3)(C)C=C)C)C,0.14612803567823798,-0.7775620818138123,-2.0861287117004395,1.3618354797363281
293,Q9HIN1_wild,CC(CCO)(CC(=O)[O-])O,0.724275869600789,-0.5921499729156494,-0.1701049506664276,0.26428458094596863
294,Q9HIN1_T275A,CC(CCO)(CC(=O)[O-])O,0.7634279935629373,-0.6095410585403442,-0.18417221307754517,0.25296276807785034
295,Q9HIN1_L18A,CC(CCO)(CC(=O)[O-])O,0.7075701760979364,-0.544869065284729,-0.18216536939144135,0.29777464270591736
296,Q9HIN1_R185K,CC(CCO)(CC(=O)[O-])O,-0.5086383061657274,-0.5783737897872925,-0.15978386998176575,0.2607448101043701
297,Q9HIN1_S105A,CC(CCO)(CC(=O)[O-])O,0.06445798922691845,-0.6111504435539246,-0.16306811571121216,0.25007879734039307
298,P43490_wild,C1=CC(=CN=C1)C(=O)N,-2.1152046360510193,0.07227789610624313,-2.203059673309326,0.7398980259895325
299,P43490_wild,C1=NC(=C2C(=N1)N(C=N2)C3C(C(C(O3)COP(=O)(O)OP(=O)(O)OP(=O)(O)O)O)O)N,-1.3635121036466347,0.4648742377758026,-1.2987793684005737,1.4390134811401367
300,Q99KQ4_wild,C1=CC(=CN=C1)C(=O)N,-1.6989700043360187,0.15302804112434387,-2.20356822013855,0.7650589942932129
301,Q8GP32_wild,C(C1C(C(C(C(O1)OC2(C(C(C(O2)CO)O)O)CO)O)O)O)O,2.7024305364455254,1.8741505146026611,1.4148296117782593,1.2135159969329834
302,Q96XN9_wild,C(C(C(C(C(=O)C(=O)O)O)O)O)O,1.4199557484897578,0.624384880065918,0.38728490471839905,0.8682310581207275
303,Q96XN9_wild,C(C(C(CO)O)O)C(=O)C(=O)[O-],0.9169800473203822,0.5840579867362976,0.058360420167446136,0.8113663792610168
304,A0ZXY5_wild,OO,1.0253058652647702,2.4072494506835938,-1.4096013307571411,2.8163464069366455
305,E3PY95_wild,C(CC(C(=O)O)N)CN,0.4623979978989561,0.3079511225223541,-0.1393493264913559,0.9452629685401917
306,G0S9G3_wild,CC(=O)O.C(C(C(C(C(C=O)O)O)O)O)O,-2.6757175447023074,0.5276846289634705,0.2846595048904419,0.42520418763160706
307,P38218_wild,C1=NC(=C2C(=N1)N(C=N2)C3C(C(C(O3)COP(=O)(O)OP(=O)(O)OCC4C(C(C(O4)OP(=O)(O)O)O)O)O)O)N,-1.5528419686577808,0.2676931917667389,-0.7077130079269409,1.0682203769683838
308,F1CGX0_wild,C(C1C(C(C(C(O1)OC2(C(C(C(O2)CO)O)O)CO)O)O)O)O,3.1607685618611283,1.3556891679763794,0.9457731246948242,0.5719033479690552
309,Q8YYM9_R430N,C(C1C(C(C(C(O1)OC2(C(C(C(O2)CO)O)O)CO)O)O)O)O,0.724275869600789,0.6292563080787659,1.0525425672531128,0.19195756316184998
310,Q8YYM9_wild,C(C1C(C(C(C(O1)OC2(C(C(C(O2)CO)O)O)CO)O)O)O)O,2.2143138974244,0.6175452470779419,1.0397647619247437,0.19339436292648315
311,Q8YWS9_R429N,C(C1C(C(C(C(O1)OC2(C(C(C(O2)CO)O)O)CO)O)O)O)O,1.276461804173244,0.5902138352394104,1.169538140296936,0.1854017674922943
312,Q8YWS9_R429A,C(C1C(C(C(C(O1)OC2(C(C(C(O2)CO)O)O)CO)O)O)O)O,1.4638929889859074,0.585659921169281,1.171122670173645,0.1789054572582245
313,Q8YWS9_wild,C(C1C(C(C(C(O1)OC2(C(C(C(O2)CO)O)O)CO)O)O)O)O,1.8674674878590516,0.5749252438545227,1.1632698774337769,0.18315327167510986
314,Q975F9_wild,C(C1C(C(C(C(O1)OP(=O)(O)O)N)O)O)O,2.090610707828407,0.6612537503242493,-1.047568917274475,1.618756890296936
315,A5U161_wild,CC(=O)CC(=O)SCCNC(=O)CCNC(=O)C(C(C)(C)COP(=O)(O)OP(=O)(O)OCC1C(C(C(O1)N2C=NC3=C(N=CN=C32)N)O)OP(=O)(O)O)O,-0.3010299956639812,0.7938737869262695,-0.5106514692306519,1.4095689058303833
316,A5U161_wild,CCC(=O)SCCNC(=O)CCNC(=O)C(C(C)(C)COP(=O)(O)OP(=O)(O)OCC1C(C(C(O1)N2C=NC3=C(N=CN=C32)N)O)OP(=O)(O)O)O,-0.3010299956639812,0.6763204336166382,-0.6406081914901733,1.3405282497406006
317,A5U161_wild,C(C1C(C(C(C(O1)OP(=O)(O)O)N)O)O)O,-0.3010299956639812,0.6163244247436523,-0.9561014175415039,1.5740137100219727
318,A5U161_wild,CCC(=O)SCCNC(=O)CCNC(=O)C(C(C)(C)COP(=O)([O-])OP(=O)([O-])OCC1C(C(C(O1)N2C=NC3=C(N=CN=C32)N)O)OP(=O)([O-])[O-])O,-0.3010299956639812,0.6002296805381775,-0.6377371549606323,1.3792693614959717
319,A5U161_wild,CC(C)(COP(=O)(O)OP(=O)(O)OCC1C(C(C(O1)N2C=NC3=C(N=CN=C32)N)O)OP(=O)(O)O)C(C(=O)NCCC(=O)NCCSC(=O)CCC(=O)O)O,-0.045757490560675115,0.8158203959465027,-0.8163044452667236,1.6369307041168213
320,P14192_wild,C(C1C(C(C(C(O1)OP(=O)(O)O)N)O)O)O,-0.09151498112135023,0.49533551931381226,-0.6658214330673218,1.5459092855453491
321,P14192_C380A,C(C1C(C(C(C(O1)OP(=O)(O)O)N)O)O)O,1.4055341779648378,0.4956797659397125,-0.6636887788772583,1.5109139680862427
322,P14192_C405S,C(C1C(C(C(C(O1)OP(=O)(O)O)N)O)O)O,0.38147609027503,0.4940586984157562,-0.67922043800354,1.5232328176498413
323,P14192_C380A/C405S,C(C1C(C(C(C(O1)OP(=O)(O)O)N)O)O)O,1.4883109423296539,0.5233420133590698,-0.706802487373352,1.5462397336959839
324,P14192_C405A,C(C1C(C(C(C(O1)OP(=O)(O)O)N)O)O)O,0.4930395883176514,0.4875977337360382,-0.6720114946365356,1.5223147869110107
325,P14192_V385C/C405S,C(C1C(C(C(C(O1)OP(=O)(O)O)N)O)O)O,1.1974459721371042,0.48794427514076233,-0.6704705953598022,1.5009524822235107
326,P14192_wild,CC(=O)SCCNC(=O)CCNC(=O)C(C(C)(C)COP(=O)(O)OP(=O)(O)OCC1C(C(C(O1)N2C=NC3=C(N=CN=C32)N)O)OP(=O)(O)O)O,0.3907585287387172,0.6130070686340332,-0.3587716519832611,1.531203269958496
327,P14192_C380A,CC(=O)SCCNC(=O)CCNC(=O)C(C(C)(C)COP(=O)(O)OP(=O)(O)OCC1C(C(C(O1)N2C=NC3=C(N=CN=C32)N)O)OP(=O)(O)O)O,1.7373278415520226,0.607717752456665,-0.3582412302494049,1.4917157888412476
328,P14192_C405S,CC(=O)SCCNC(=O)CCNC(=O)C(C(C)(C)COP(=O)(O)OP(=O)(O)OCC1C(C(C(O1)N2C=NC3=C(N=CN=C32)N)O)OP(=O)(O)O)O,1.2674533416076743,0.6139935851097107,-0.36421531438827515,1.4934436082839966
329,P14192_C380A/C405S,CC(=O)SCCNC(=O)CCNC(=O)C(C(C)(C)COP(=O)(O)OP(=O)(O)OCC1C(C(C(O1)N2C=NC3=C(N=CN=C32)N)O)OP(=O)(O)O)O,1.4174218668864054,0.6476552486419678,-0.3924385607242584,1.5048738718032837
330,P14192_C405A,CC(=O)SCCNC(=O)CCNC(=O)C(C(C)(C)COP(=O)(O)OP(=O)(O)OCC1C(C(C(O1)N2C=NC3=C(N=CN=C32)N)O)OP(=O)(O)O)O,0.7400467240514941,0.6058664321899414,-0.35865655541419983,1.4956976175308228
331,P14192_V385C/C405S,CC(=O)SCCNC(=O)CCNC(=O)C(C(C)(C)COP(=O)(O)OP(=O)(O)OCC1C(C(C(O1)N2C=NC3=C(N=CN=C32)N)O)OP(=O)(O)O)O,0.8214480190175302,0.6021572351455688,-0.36012575030326843,1.4761085510253906
332,P49050_wild,C1C=CN(C=C1C(=O)N)C2C(C(C(O2)COP(=O)(O)OP(=O)(O)OCC3C(C(C(O3)N4C=NC5=C(N=CN=C54)N)OP(=O)(O)O)O)O)O,2.3324384599156054,1.5810924768447876,-1.3990594148635864,2.470733642578125
333,P49050_wild,[C-]#N.[C-]#N.[C-]#N.[C-]#N.[C-]#N.[C-]#N.[Fe+3],2.790988475088816,2.462498664855957,-0.9643961191177368,2.248596668243408
334,P0CI72_wild,C1=C(N=C2C(=O)NC(=NC2=N1)N)C(=O)O,0.004321373782642578,0.6025212407112122,-1.3237470388412476,1.9382996559143066
335,P0CI72_wild,C1=NC2=C(NC1=O)N=C(NC2=O)N,0.021189299069938092,0.7634666562080383,-1.285966157913208,1.8657609224319458
336,V5VCI0_wild,C1=CC(=C[N+](=C1)C2C(C(C(O2)COP(=O)(O)OP(=O)(O)OCC3C(C(C(O3)N4C=NC5=C(N=CN=C54)N)OP(=O)(O)O)O)O)O)C(=O)N,1.7788744720027396,0.8270458579063416,-1.1052016019821167,2.1722054481506348
337,V5VCI0_wild,C(C(C(C(=O)O)O)C(=O)O)C(=O)O,1.7024305364455252,1.1963938474655151,-0.8679829835891724,2.0291481018066406
338,A0A0E3SSZ6_H590L/R601D,C1=CC(=C[N+](=C1)C2C(C(C(O2)COP(=O)([O-])OP(=O)(O)OCC3C(C(C(O3)N4C=NC5=C(N=CN=C54)N)O)O)O)O)C(=O)N,1.7185016888672742,0.7796711325645447,-0.08780626952648163,1.5740162134170532
339,A0A0E3SSZ6_wild,C1=CC(=C[N+](=C1)C2C(C(C(O2)COP(=O)(O)OP(=O)(O)OCC3C(C(C(O3)N4C=NC5=C(N=CN=C54)N)OP(=O)(O)O)O)O)O)C(=O)N,1.7442929831226763,0.8626782298088074,-0.7786446809768677,2.084381580352783
340,A0A0E3SSZ6_H590L/R601D,C1=CC(=C[N+](=C1)C2C(C(C(O2)COP(=O)(O)OP(=O)(O)OCC3C(C(C(O3)N4C=NC5=C(N=CN=C54)N)OP(=O)(O)O)O)O)O)C(=O)N,1.725094521081469,0.7353795766830444,-0.6847289800643921,1.9379876852035522
341,A0A0E3SSZ6_H590L/R601D/R650S,C1=CC(=C[N+](=C1)C2C(C(C(O2)COP(=O)(O)OP(=O)(O)OCC3C(C(C(O3)N4C=NC5=C(N=CN=C54)N)OP(=O)(O)O)O)O)O)C(=O)N,1.7626785637274363,0.7358687520027161,-0.6766741275787354,1.9218788146972656
342,A0A0E3SSZ6_H590L/R601D/R650S,C1=CC(=C[N+](=C1)C2C(C(C(O2)COP(=O)([O-])OP(=O)(O)OCC3C(C(C(O3)N4C=NC5=C(N=CN=C54)N)O)O)O)O)C(=O)N,2.0565237240791006,0.7877923250198364,-0.08484438061714172,1.5640528202056885
343,B2ZAA4_wild,C1=CC(=C[N+](=C1)C2C(C(C(O2)COP(=O)([O-])OP(=O)(O)OCC3C(C(C(O3)N4C=NC5=C(N=CN=C54)N)O)O)O)O)C(=O)N,0.3242824552976926,0.39834463596343994,-0.37140384316444397,1.3455173969268799
344,B2ZAA4_wild,C1=CC(=C[N+](=C1)C2C(C(C(O2)COP(=O)(O)OP(=O)(O)OCC3C(C(C(O3)N4C=NC5=C(N=CN=C54)N)OP(=O)(O)O)O)O)O)C(=O)N,1.4409090820652177,0.31358441710472107,-1.0231938362121582,1.703457236289978
345,Q9HTQ0_wild,C1CC(NC1)C(=O)O,-0.01322826573375516,1.3340903520584106,0.6156946420669556,0.7391753792762756
346,Q9HTQ0_wild,C1=CC=C(C=C1)CC(C(=O)O)N,0.04139268515822508,1.3519936800003052,-0.1045980378985405,1.0237630605697632
347,Q9HTQ0_wild,C1=CC(=CC=C1CC(C(=O)O)N)O,0.04139268515822508,0.8642566800117493,-0.17856153845787048,0.7152040004730225
348,Q9HTQ0_wild,C(C(C(=O)O)N)O,-0.09691001300805639,1.0230364799499512,0.3672456443309784,0.3459922969341278
349,Q9HTQ0_wild,C1=C(NC=N1)CC(C(=O)O)N,-0.07572071393811836,1.126957654953003,0.044689640402793884,0.6178817749023438
350,Q9HTQ0_wild,CC(C(=O)O)N,-0.13076828026902382,1.4249252080917358,0.5241690874099731,0.673882246017456
351,Q9HTQ0_wild,CC(C)C(C(=O)O)N,-0.10790539730951958,1.16323983669281,0.1381087303161621,0.7394663095474243
352,Q9HTQ0_wild,C(CC(C(=O)O)N)CN=C(N)N,0.10380372095595687,0.9556506276130676,0.06400376558303833,0.7690754532814026
353,Q9HTQ0_wild,CC(C(C(=O)O)N)O,-0.16749108729376366,1.2135175466537476,0.3231244683265686,0.7112929821014404
354,P21695_N270A,C(C(=O)COP(=O)(O)O)O,0.9542425094393249,0.5342453122138977,-0.8428053855895996,0.9531717300415039
355,P21695_wild,C(C(=O)COP(=O)(O)O)O,2.380211241711606,0.7045086622238159,-0.9288642406463623,1.1051524877548218
356,P21695_R269A,C(C(=O)COP(=O)(O)O)O,-2.2291479883578558,0.42380228638648987,-0.8379726409912109,0.8546335101127625
357,P21695_R269A/N270A,C(C(=O)COP(=O)(O)O)O,-3.552841968657781,0.5092312097549438,-0.8833457231521606,0.9853790998458862
358,A0A160PRJ4_wild,C1=NC2=C(C(=O)N1)N=CN2C3C(C(C(O3)COP(=O)(O)OP(=O)(O)OP(=O)(O)O)O)O,0.5185139398778875,1.4719055891036987,-0.06503984332084656,0.7977913618087769
359,A0A160PRJ4_wild,C1=CN(C(=O)NC1=O)C2C(C(C(O2)COP(=O)(O)OP(=O)(O)OP(=O)(O)O)O)O,-0.5228787452803376,1.7939883470535278,-0.0602760910987854,0.6235852241516113
360,A0A160PRJ4_wild,C1=CN(C(=O)N=C1N)C2C(C(C(O2)COP(=O)(O)OP(=O)(O)OP(=O)(O)O)O)O,-1.0,1.6883164644241333,-0.07014551758766174,0.6144741773605347
361,A0A160PRJ4_wild,C1=NC(=C2C(=N1)N(C=N2)C3C(C(C(O3)COP(=O)(O)OP(=O)(O)OP(=O)(O)O)O)O)N,-0.3979400086720376,1.785932183265686,-0.21382644772529602,0.9190470576286316
362,A0A160PRJ4_wild,C1=NC2=C(N1C3C(C(C(O3)COP(=O)(O)OP(=O)(O)OP(=O)(O)O)O)O)N=C(NC2=O)N,0.11394335230683679,1.5032752752304077,-0.20048588514328003,0.8243523836135864
363,Q9ADE8_wild,C(C1C(C(C(C(O1)O)O)O)O)O,-0.5228787452803376,1.484644889831543,-0.4820421040058136,1.032025933265686
364,A0A3G4RHV5_wild,C(C1C(C(C(C(O1)O)O)O)O)O,-2.1804560644581312,1.7018039226531982,-0.7443673610687256,1.0407655239105225
365,Q485R8_wild,C1CC(NC1)C(=O)O,0.037426497940623665,1.5298155546188354,0.8933702707290649,0.7655145525932312
366,Q485R8_wild,C1CCN=C(C1)C(=O)O,0.14040338494212556,1.5396474599838257,0.19264133274555206,1.188417911529541
367,Q485R8_wild,C1CCNC(C1)C(=O)O,-1.6709413485942934,1.7015082836151123,1.0316810607910156,0.3189021348953247
368,Q485R8_wild,C1CC(=NC1)C(=O)[O-],2.095169351431755,1.2557400465011597,0.4538291096687317,1.0614904165267944
369,A0A024SMV2_wild,C(C1C(C(C(C(O1)O)O)O)O)O,0.9493900066449128,1.0779550075531006,1.220624566078186,0.43565529584884644
370,A0A024SMV2_wild,C1C(C(C(C(O1)O)O)O)O,1.3384564936046048,1.4208734035491943,1.245013952255249,0.5032044053077698
371,A6T925_Q88E,C1(=NC(=O)NC1(C(=O)O)O)NC(=O)N,2.0863598306747484,1.3155046701431274,-0.8208028078079224,1.8839343786239624
372,Q58933_wild,C1=NC(=C2C(=N1)N(C=N2)C3C(C(C(O3)COP(=O)(O)OP(=O)(O)OP(=O)(O)O)O)O)N,-1.1611509092627446,0.1577305793762207,-0.3419555723667145,0.05213513970375061
373,A0A0M3KL39_wild,CC(C)(COP(=O)(O)OP(=O)(O)OCC1C(C(C(O1)N2C=NC3=C(N=CN=C32)N)O)OP(=O)(O)O)C(C(=O)NCCC(=O)NCCSC(=O)CC4=CC=CC=C4)O,0.8129133566428556,0.7289111018180847,-0.7077686786651611,1.9423905611038208
374,A0A0M3KL39_wild,CCCCCCCCCC(=O)SCCNC(=O)CCNC(=O)C(C(C)(C)COP(=O)(O)OP(=O)(O)OCC1C(C(C(O1)N2C=NC3=C(N=CN=C32)N)O)OP(=O)(O)O)O,1.515873843711679,0.4156622588634491,-0.9185645580291748,1.7227246761322021
375,Q70DU8_E149T/V178R/I200V,CCCC=CC=O,0.04139268515822508,0.34954527020454407,-1.1972280740737915,1.013381004333496
376,Q70DU8_E149T/V178R/I200V,CCCCCCC=CC=O,0.5797835966168101,0.31443098187446594,-2.013024091720581,1.5983622074127197
377,Q70DU8_E149T/I200V,C1=CC(=C[N+](=C1)C2C(C(C(O2)COP(=O)([O-])OP(=O)(O)OCC3C(C(C(O3)N4C=NC5=C(N=CN=C54)N)O)O)O)O)C(=O)N,1.255272505103306,0.6237193942070007,-1.3001519441604614,1.291520595550537
378,Q70DU8_wild,CCCC=CC=O,0.3424226808222063,0.3619450032711029,-1.2072547674179077,1.0289186239242554
379,Q70DU8_wild,CCCCCCC=CC=O,0.43136376415898736,0.32023534178733826,-2.018904447555542,1.597395420074463
380,Q70DU8_E149Q/I200V,C1=CC(=C[N+](=C1)C2C(C(C(O2)COP(=O)([O-])OP(=O)(O)OCC3C(C(C(O3)N4C=NC5=C(N=CN=C54)N)O)O)O)O)C(=O)N,1.0569048513364727,0.6267543435096741,-1.3019746541976929,1.2934380769729614
381,Q70DU8_I200G,C1=CC(=C[N+](=C1)C2C(C(C(O2)COP(=O)([O-])OP(=O)(O)OCC3C(C(C(O3)N4C=NC5=C(N=CN=C54)N)O)O)O)O)C(=O)N,1.212187604403958,0.6166732311248779,-1.2787331342697144,1.2746691703796387
382,Q70DU8_E149T/V178R/I200V,C1=CC(=C[N+](=C1)C2C(C(C(O2)COP(=O)([O-])OP(=O)(O)OCC3C(C(C(O3)N4C=NC5=C(N=CN=C54)N)O)O)O)O)C(=O)N,1.0863598306747482,0.6127969622612,-1.284629225730896,1.2519607543945312
383,Q70DU8_E149N/I200V,C1=CC(=C[N+](=C1)C2C(C(C(O2)COP(=O)([O-])OP(=O)(O)OCC3C(C(C(O3)N4C=NC5=C(N=CN=C54)N)O)O)O)O)C(=O)N,1.1172712956557642,0.6087785959243774,-1.287725567817688,1.2717618942260742
384,Q70DU8_wild,CCCCCCCCC=O,1.252853030979893,0.19599035382270813,-1.8446680307388306,1.9216710329055786
385,Q70DU8_E149Q/I200G,C1=CC(=C[N+](=C1)C2C(C(C(O2)COP(=O)([O-])OP(=O)(O)OCC3C(C(C(O3)N4C=NC5=C(N=CN=C54)N)O)O)O)O)C(=O)N,1.3031960574204888,0.5944934487342834,-1.2619907855987549,1.2479547262191772
386,Q70DU8_E149T/V178R/I200V,CCCCCCCCC=O,1.1139433523068367,0.20729458332061768,-1.8399409055709839,1.91746187210083
387,Q70DU8_E149D,C1=CC(=C[N+](=C1)C2C(C(C(O2)COP(=O)([O-])OP(=O)(O)OCC3C(C(C(O3)N4C=NC5=C(N=CN=C54)N)O)O)O)O)C(=O)N,1.0293837776852097,0.6270419955253601,-1.3030911684036255,1.2870128154754639
388,Q70DU8_E149D/I200V,C1=CC(=C[N+](=C1)C2C(C(C(O2)COP(=O)([O-])OP(=O)(O)OCC3C(C(C(O3)N4C=NC5=C(N=CN=C54)N)O)O)O)O)C(=O)N,1.0934216851622351,0.6345292329788208,-1.3091660737991333,1.2993378639221191
389,Q70DU8_wild,CCCCCC=O,1.0492180226701815,0.9805755019187927,-1.5319374799728394,1.6961259841918945
390,Q70DU8_E149T/V178R/I200V,CCCCCC=O,0.9138138523837167,0.961806058883667,-1.533445119857788,1.6833734512329102
391,Q70DU8_E149D/I200G,C1=CC(=C[N+](=C1)C2C(C(C(O2)COP(=O)([O-])OP(=O)(O)OCC3C(C(C(O3)N4C=NC5=C(N=CN=C54)N)O)O)O)O)C(=O)N,1.3654879848908996,0.6047930121421814,-1.2700895071029663,1.254873275756836
392,Q70DU8_wild,C1=CC(=C[N+](=C1)C2C(C(C(O2)COP(=O)([O-])OP(=O)(O)OCC3C(C(C(O3)N4C=NC5=C(N=CN=C54)N)O)O)O)O)C(=O)N,1.235528446907549,0.64142906665802,-1.3136297464370728,1.3084700107574463
393,Q70DU8_E149T,C1=CC(=C[N+](=C1)C2C(C(C(O2)COP(=O)([O-])OP(=O)(O)OCC3C(C(C(O3)N4C=NC5=C(N=CN=C54)N)O)O)O)O)C(=O)N,1.0086001717619175,0.6175008416175842,-1.2947033643722534,1.279346227645874
394,Q70DU8_E149N,C1=CC(=C[N+](=C1)C2C(C(C(O2)COP(=O)([O-])OP(=O)(O)OCC3C(C(C(O3)N4C=NC5=C(N=CN=C54)N)O)O)O)O)C(=O)N,1.2201080880400552,0.6014391779899597,-1.2817317247390747,1.2599971294403076
395,Q70DU8_I200V,C1=CC(=C[N+](=C1)C2C(C(C(O2)COP(=O)([O-])OP(=O)(O)OCC3C(C(C(O3)N4C=NC5=C(N=CN=C54)N)O)O)O)O)C(=O)N,1.2671717284030137,0.649069607257843,-1.3203319311141968,1.3213245868682861
396,Q70DU8_E149T/I200G,C1=CC(=C[N+](=C1)C2C(C(C(O2)COP(=O)([O-])OP(=O)(O)OCC3C(C(C(O3)N4C=NC5=C(N=CN=C54)N)O)O)O)O)C(=O)N,1.530199698203082,0.595548689365387,-1.2609790563583374,1.247988224029541
397,Q70DU8_E149N/I200G,C1=CC(=C[N+](=C1)C2C(C(C(O2)COP(=O)([O-])OP(=O)(O)OCC3C(C(C(O3)N4C=NC5=C(N=CN=C54)N)O)O)O)O)C(=O)N,1.429752280002408,0.5786519646644592,-1.2479256391525269,1.2298705577850342
398,C6GFH7_wild,C(C1C(C(C(C(O1)O)O)OC2C(C(C(C(O2)CO)O)OC3C(C(C(C(O3)CO)O)O)O)O)O)O,0.14612803567823798,1.399971842765808,0.7297161817550659,0.44544681906700134
399,A6YQV6_wild,C(C1C(C(C(C(O1)O)O)OC2C(C(C(C(O2)CO)O)OC3C(C(C(C(O3)CO)O)O)O)O)O)O,1.462397997898956,1.3820875883102417,0.6394360065460205,0.6174939870834351
400,Q9M563_wild,C(C1C(C(C(C(O1)O)O)OC2C(C(C(C(O2)CO)O)OC3C(C(C(C(O3)CO)O)O)O)O)O)O,1.5314789170422551,1.209398865699768,-0.4134617745876312,1.6161019802093506
401,A7PQW3_wild,C(C1C(C(C(C(O1)O)O)OC2C(C(C(C(O2)CO)O)OC3C(C(C(C(O3)CO)O)O)O)O)O)O,1.9637878273455553,1.5852659940719604,-0.17572613060474396,1.5315885543823242
402,F6HLL8_wild,C(C1C(C(C(C(O1)O)O)OC2C(C(C(C(O2)CO)O)OC3C(C(C(C(O3)CO)O)O)O)O)O)O,0.47712125471966244,1.4607280492782593,-0.2333258092403412,1.6017974615097046
403,A0A386QX79_wild,C1=CC(C=CC1O)(CC(=O)C(=O)O)C(=O)O,0.4899584794248346,0.20445415377616882,-0.6415177583694458,0.8961310386657715
404,Q9I6Z0_wild,C1=NC2=C(N1)C(=O)NC(=N2)N,0.5185139398778875,0.5905542969703674,-0.8088700771331787,1.614737629890442
405,Q9I6Z0_wild,C1=CN=C(NC1=O)N,0.5910646070264992,0.6305233240127563,-0.5281296968460083,0.8320038318634033
406,Q4WCM9_wild,CC(=O)O.C(C(C(C(C(C=O)O)O)O)O)O,1.6366884479532828,0.6762273907661438,0.3040534555912018,0.5994669198989868
407,Q08257_wild,CC=CC(=O)C,-0.6989700043360187,0.928339958190918,0.1528925597667694,0.6644002795219421
408,Q08257_wild,CCC=CC=O,-0.6989700043360187,1.0367661714553833,0.07764629274606705,0.5014294981956482
409,Q08257_wild,CCCCCC=CC(=O)C,-0.6777807052660807,0.4415474236011505,-0.15565583109855652,0.8772757053375244
410,Q08257_wild,CCCCCC(C=CC=O)O,0.06069784035361165,0.41079333424568176,-0.6557077169418335,1.1163873672485352
411,Q08257_wild,CC(=O)C=C,-0.7772835288524167,1.0416306257247925,-0.8034298419952393,1.5645140409469604
412,Q08257_wild,CCCCCCC=CC=O,-0.9469215565165803,0.3632752597332001,-0.8751047849655151,1.067771315574646
413,Q08257_wild,CCCC=CC=O,-0.5528419686577808,0.6652827858924866,0.021235764026641846,0.5863447189331055
414,Q08257_wild,CCC(C=CC=O)O,0.12385164096708581,0.7035883069038391,-0.3215008080005646,1.167391300201416
415,Q08257_wild,C=CC=O,0.22010808804005508,1.7056182622909546,-0.23679125308990479,0.8235920667648315
416,P50162_wild,CN1C2CCC1CC(C2)O,0.5185139398778875,0.49181458353996277,0.0020183026790618896,0.5032139420509338
417,P50162_wild,CN1C2CCC1CC(=O)C2,1.4082399653118496,0.20337247848510742,0.2285977602005005,0.41693365573883057
418,L7QI79_wild,C1=CC(=C[N+](=C1)C2C(C(C(O2)COP(=O)(O)OP(=O)(O)OCC3C(C(C(O3)N4C=NC5=C(N=CN=C54)N)OP(=O)(O)O)O)O)O)C(=O)N,0.46834733041215726,0.27136483788490295,-1.033303141593933,1.225768804550171
419,L7QI79_wild,CN1C2CCC1CC(C2)O,0.27184160653649897,0.43652135133743286,0.1393575668334961,0.39278602600097656
420,L7QI79_wild,C1C=CN(C=C1C(=O)N)C2C(C(C(O2)COP(=O)(O)OP(=O)(O)OCC3C(C(C(O3)N4C=NC5=C(N=CN=C54)N)OP(=O)(O)O)O)O)O,0.829946695941636,0.4450238347053528,-1.4953585863113403,1.760300874710083
421,L7QI79_wild,CN1C2CCC1CC(=O)C2,1.2237554536572413,0.15521380305290222,0.4311469495296478,0.2973799705505371
422,U5PUZ1_wild,CN1C2CCC1CC(C2)O,0.22271647114758325,0.497730016708374,0.10851320624351501,0.49738311767578125
423,U5PUZ1_wild,CC1CCCC(=O)C1,0.9527924430440922,0.23278814554214478,0.059272944927215576,0.6078445911407471
424,U5PUZ1_wild,C1=CC(=C[N+](=C1)C2C(C(C(O2)COP(=O)(O)OP(=O)(O)OCC3C(C(C(O3)N4C=NC5=C(N=CN=C54)N)OP(=O)(O)O)O)O)O)C(=O)N,-0.2676062401770315,0.3747496008872986,-1.1318175792694092,1.3809421062469482
425,U5PUZ1_wild,CN1C2CCC1CC(=O)C2,0.9781805169374139,0.18854618072509766,0.34196653962135315,0.4267144203186035
426,U5PUZ1_wild,CN1CCCCC1,0.9652017010259121,0.3368171751499176,0.21771284937858582,0.1967957466840744
427,U5PUZ1_wild,C1C=CN(C=C1C(=O)N)C2C(C(C(O2)COP(=O)(O)OP(=O)(O)OCC3C(C(C(O3)N4C=NC5=C(N=CN=C54)N)OP(=O)(O)O)O)O)O,1.5229655954919865,0.5507845878601074,-1.6240382194519043,1.912177562713623
428,A0A088MI02_wild,C1CN2CCC1C(=O)C2,-0.2676062401770315,0.46878522634506226,-0.12359847128391266,0.3729947805404663
429,A0A088MI02_wild,CC1CCC(=O)CC1,0.6693168805661122,0.4785744845867157,-0.39018556475639343,0.813295304775238
430,A0A088MI02_wild,CN1C2CCC1CC(C2)O,0.7551122663950712,0.5386542081832886,0.02496999502182007,0.5429611802101135
431,A0A088MI02_wild,CN1C2CCC1CC(=O)C2,0.46686762035410945,0.23285600543022156,0.3391272723674774,0.43089237809181213
432,R4QQK2_wild,CN1C2CCC1CC(=O)C2,-0.00877392430750515,0.22362488508224487,0.3484746813774109,0.323363721370697
433,A0A6B7HCZ2_wild,CN1C2CCC1CC(=O)C2,1.6259294927162946,0.28061968088150024,0.3448399305343628,0.4041374921798706
434,P18394_wild,C(C(=O)COP(=O)(O)O)O,0.3010299956639812,-1.0497959852218628,-0.49870526790618896,0.01432943344116211
435,Q4WAW7_wild,CC(=O)C=CC1=CNC2=CC=CC=C21,-0.3979400086720376,-0.815707802772522,-0.6730093955993652,0.5495450496673584
436,Q4WAW7_wild,C1CC2C(=O)NC(C(=O)N2C1)CC3=CNC4=CC=CC=C43,0.9493900066449128,-0.6259683966636658,-0.8485528230667114,1.0620410442352295
437,Q4WAW7_Y205N,C1CC2C(=O)NC(C(=O)N2C1)CC3=CNC4=CC=CC=C43,0.13353890837021754,-0.6165995001792908,-0.8420604467391968,1.0691990852355957
438,Q4WAW7_Y205L,C1CC2C(=O)NC(C(=O)N2C1)CC3=CNC4=CC=CC=C43,0.6294095991027189,-0.6360571384429932,-0.8636200428009033,1.051218032836914
439,F5Z5S7_E175A,C1=CC=C(C(=C1)C=O)O,1.9148718175400505,0.3159729838371277,-1.381844401359558,2.0704240798950195
440,F5Z5S7_N149A,C1=CC=C(C(=C1)C=O)O,2.0017337128090005,0.16864389181137085,-1.2932653427124023,1.912415623664856
441,F5Z5S7_V153A,C1=CC=C(C(=C1)C=O)O,2.1861083798132053,0.32140210270881653,-1.3671213388442993,2.077281951904297
442,F5Z5S7_E175A,C1=CC(=C[N+](=C1)C2C(C(C(O2)COP(=O)([O-])OP(=O)(O)OCC3C(C(C(O3)N4C=NC5=C(N=CN=C54)N)O)O)O)O)C(=O)N,2.1975562131535367,0.48966240882873535,-0.6018437147140503,1.4967557191848755
443,F5Z5S7_N149A,C1=CC(=C[N+](=C1)C2C(C(C(O2)COP(=O)([O-])OP(=O)(O)OCC3C(C(C(O3)N4C=NC5=C(N=CN=C54)N)O)O)O)O)C(=O)N,2.4056877866727775,0.32592105865478516,-0.47555285692214966,1.318571925163269
444,F5Z5S7_wild,C1=CC=C(C(=C1)C=O)O,2.092018470752797,0.32100048661231995,-1.3763483762741089,2.078322172164917
445,F5Z5S7_wild,C1=CC(=C[N+](=C1)C2C(C(C(O2)COP(=O)([O-])OP(=O)(O)OCC3C(C(C(O3)N4C=NC5=C(N=CN=C54)N)O)O)O)O)C(=O)N,2.369772288596963,0.49379920959472656,-0.6035974025726318,1.5012860298156738
446,B2FR92_wild,C=C(C(=O)O)OC1C=C(C=CC1O)C(=O)O,-1.6989700043360187,-0.36064615845680237,-1.6890450716018677,1.144408941268921
447,Q5L2F2_wild,CP(=O)(CCC(C(=O)O)N)O,0.0,0.2935628592967987,-1.0563050508499146,1.7861214876174927
448,Q5L2F2_wild,CS(=N)(=O)CCC(C(=O)O)N,0.0,0.7203266024589539,-0.5765535831451416,1.5726208686828613
449,Q5L2F2_wild,CS(=O)(=O)CCC(C(=O)O)N,0.0,0.7586284875869751,-0.5497655868530273,1.556610345840454
450,Q9D5J6_wild,C(C(C(C(C(C(=O)CO)O)O)O)O)O,2.060697840353612,0.433114618062973,-0.41902193427085876,0.9596390724182129
451,Q58595_wild,CC(C)C(=O)C(=O)O,2.6532125137753435,0.8288381695747375,-0.7249846458435059,1.4760475158691406
452,Q58595_wild,CC(=O)SCCNC(=O)CCNC(=O)C(C(C)(C)COP(=O)(O)OP(=O)(O)OCC1C(C(C(O1)N2C=NC3=C(N=CN=C32)N)O)OP(=O)(O)O)O,2.6532125137753435,0.4470529556274414,-1.1136211156845093,1.64375901222229
453,P77846_wild,C(C1C(C(C(C(O1)OC2C(OC(C(C2O)O)OC3C(OC(C(C3O)O)O)CO)CO)O)O)O)O,0.43136376415898736,0.8057522177696228,-0.1653074473142624,1.074106216430664
454,P77846_wild,C(C1C(C(C(C(O1)OC2C(OC(C(C2O)O)O)CO)O)O)O)O,1.2576785748691846,0.9096004366874695,0.21974322199821472,0.9589131474494934
455,P77846_wild,C(C1C(C(C(C(O1)OC2C(OC(C(C2O)O)OC3C(OC(C(C3O)O)OC4C(OC(C(C4O)O)OC5C(OC(C(C5O)O)OC6C(OC(C(C6O)O)O)CO)CO)CO)CO)CO)O)O)O)O,0.785329835010767,1.0822100639343262,-0.09211371839046478,1.2192260026931763
456,P77846_wild,C(C1C(C(C(C(O1)OC2C(OC(C(C2O)O)OC3C(OC(C(C3O)O)OC4C(OC(C(C4O)O)O)CO)CO)CO)O)O)O)O,0.8388490907372553,0.8508719801902771,-0.21151289343833923,1.1151295900344849
457,P77846_wild,C1=CC(=CC=C1[N+](=O)[O-])OC2C(C(C(C(O2)CO)O)O)O,1.2922560713564761,0.612649142742157,-0.2954597473144531,0.9144408702850342
458,P77846_wild,C(C1C(C(C(C(O1)OC2C(OC(C(C2O)O)OC3C(OC(C(C3O)O)OC4C(OC(C(C4O)O)OC5C(OC(C(C5O)O)O)CO)CO)CO)CO)O)O)O)O,0.8195439355418687,1.0135151147842407,-0.14801627397537231,1.107682704925537
459,P77846_wild,CCCCCCCCOC1C(C(C(C(O1)CO)O)O)O,1.1522883443830565,0.6434422135353088,-0.15459856390953064,1.2050436735153198
460,B8I1W7_wild,C(C1C(C(C(C(O1)OC2C(OC(C(C2O)O)OC3C(OC(C(C3O)O)OC4C(OC(C(C4O)O)O)CO)CO)CO)O)O)O)O,1.5910646070264993,1.287777066230774,0.07101717591285706,1.105142593383789
461,B8I1W7_wild,C(C1C(C(C(C(O1)OC2C(OC(C(C2O)O)OC3C(OC(C(C3O)O)OC4C(OC(C(C4O)O)OC5C(OC(C(C5O)O)O)CO)CO)CO)CO)O)O)O)O,1.6794278966121188,1.455297827720642,0.13119123876094818,1.1332635879516602
462,Q2RSU5_wild,C(CC(=O)NC(CS)C(=O)NCC(=O)O)C(C(=O)O)N,-0.721246399047171,1.6173032522201538,-0.4552370607852936,1.4406466484069824
463,Q2RSU5_wild,C(CCC(=O)O)CC(CCS)S,0.6334684555795865,1.1057374477386475,-0.7713505029678345,1.283569097518921
464,Q2RSU5_wild,C(C(C(CS)O)O)S,0.8920946026904804,1.0220506191253662,-0.8037477731704712,1.5669749975204468
465,Q5LW89_wild,C[S+](C)CCC(=O)[O-],1.2253092817258628,0.6492497324943542,0.4327470660209656,0.6693911552429199
466,Q5LW89_wild,CC[S+](CC)C(C)C(=O)[O-],1.0755469613925308,0.5567691922187805,0.4054471254348755,0.9485448598861694
467,P17119_wild,C1=NC(=C2C(=N1)N(C=N2)C3C(C(C(O3)COP(=O)(O)OP(=O)(O)OP(=O)(O)O)O)O)N,0.6989700043360189,-0.46642425656318665,-1.132274866104126,0.9713147878646851
468,U6BYK3_wild,C(CSCC(C(=O)O)N)C(C(=O)O)N,2.4913616938342726,0.23287206888198853,-0.07996076345443726,0.6629519462585449
469,U6BYK3_wild,C1=CN(C=C(C1=O)O)CC(C(=O)O)N,4.085647288296856,0.132127046585083,0.22254115343093872,0.89350426197052
470,Q97U29_wild,C1=NC(=C2C(=N1)N(C=N2)C3C(C(C(O3)COP(=O)(O)OP(=O)(O)OP(=O)(O)O)O)O)N,0.5797835966168101,0.4675706624984741,-0.015205062925815582,0.8721635341644287
471,Q97U29_wild,C(C(C(CO)O)O)C(=O)C(=O)[O-],1.783903579272735,0.7684789299964905,0.1320711225271225,0.9627185463905334
472,Q27895_R492G,C1=NC(=C2C(=N1)N(C=N2)C3C(C(C(O3)COP(=O)(O)OP(=O)(O)OP(=O)(O)O)O)O)N,3.089905111439398,1.1620250940322876,-0.2765812873840332,1.610314130783081
473,Q27895_R492G/E493G,C1=NC(=C2C(=N1)N(C=N2)C3C(C(C(O3)COP(=O)(O)OP(=O)(O)OP(=O)(O)O)O)O)N,3.342422680822206,1.1170382499694824,-0.29545673727989197,1.6176085472106934
474,Q27895_wild,C1=NC(=C2C(=N1)N(C=N2)C3C(C(C(O3)COP(=O)(O)OP(=O)(O)OP(=O)(O)O)O)O)N,2.4471580313422194,1.1403851509094238,-0.26369673013687134,1.6094141006469727
475,Q27895_E493G,C1=NC(=C2C(=N1)N(C=N2)C3C(C(C(O3)COP(=O)(O)OP(=O)(O)OP(=O)(O)O)O)O)N,3.14921911265538,1.1636948585510254,-0.2854079306125641,1.623998999595642
476,G3XCK6_wild,C=C(C(=O)O)OC1C=C(C=CC1O)C(=O)O,0.3424226808222063,-0.4109974801540375,-0.9944294691085815,1.1553984880447388
477,P07623_wild,CC(C)(COP(=O)(O)OP(=O)(O)OCC1C(C(C(O1)N2C=NC3=C(N=CN=C32)N)O)OP(=O)(O)O)C(C(=O)NCCC(=O)NCCSC(=O)CCC(=O)O)O,1.5649026725292048,0.06570518761873245,-0.6635706424713135,1.2188746929168701
478,P07623_wild,C(CO)C(C(=O)O)N,1.5649026725292048,-0.09136829525232315,0.45206505060195923,0.5667608380317688
479,P07623_I124L,CC(C)(COP(=O)(O)OP(=O)(O)OCC1C(C(C(O1)N2C=NC3=C(N=CN=C32)N)O)OP(=O)(O)O)C(C(=O)NCCC(=O)NCCSC(=O)CCC(=O)O)O,1.5864747785713966,0.07197447866201401,-0.6618528366088867,1.2205872535705566
480,P07623_I124L,C(CO)C(C(=O)O)N,1.5864747785713966,-0.08073335140943527,0.46029210090637207,0.5750569105148315
481,P07623_I229Y,CC(C)(COP(=O)(O)OP(=O)(O)OCC1C(C(C(O1)N2C=NC3=C(N=CN=C32)N)O)OP(=O)(O)O)C(C(=O)NCCC(=O)NCCSC(=O)CCC(=O)O)O,1.5941714791149122,0.07142568379640579,-0.6432420015335083,1.2223737239837646
482,P07623_I229Y,C(CO)C(C(=O)O)N,1.5941714791149122,-0.08254338055849075,0.45446449518203735,0.572969913482666
483,C4M2I2_wild,C1C(C(C(C(O1)(CO)O)O)O)O,1.1553360374650619,0.524814784526825,0.3569566309452057,0.5618646144866943
484,Q2I8V6_H180A,C1C(=O)C(C(C(O1)CO)O)O,0.568201724066995,1.1301264762878418,0.9576863050460815,0.4817405641078949
485,Q2I8V6_D176A,C1C(=O)C(C(C(O1)CO)O)O,0.11394335230683679,1.3696485757827759,0.9108320474624634,0.6930166482925415
486,Q2I8V6_A13G/S10G,C1C(=O)C(C(C(O1)CO)O)O,2.56702636615906,1.5635617971420288,0.8696471452713013,0.8713280558586121
487,Q2I8V6_A13G/S33D,C1C(=O)C(C(C(O1)CO)O)O,1.130333768495006,1.581095814704895,0.8887804746627808,0.8762181997299194
488,Q2I8V6_wild,C1C(=O)C(C(C(O1)CO)O)O,3.113943352306837,1.5602476596832275,0.8646721839904785,0.8713977336883545
489,Q2I8V6_K94G,C1C(=O)C(C(C(O1)CO)O)O,0.6232492903979004,1.0872950553894043,0.9698439836502075,0.48022007942199707
490,Q2I8V6_A13G,C1C(=O)C(C(C(O1)CO)O)O,2.6074550232146687,1.5527048110961914,0.8525969982147217,0.8630539774894714
491,Q2I8V6_S10G,C1C(=O)C(C(C(O1)CO)O)O,2.0755469613925306,1.5727437734603882,0.8869755268096924,0.874627411365509
492,Q2I8V6_G206I,C1C(=O)C(C(C(O1)CO)O)O,2.1931245983544616,1.5454312562942505,0.837465763092041,0.8745008707046509
493,Q2I8V6_wild,C(C(C(C(C(=O)C=O)O)O)O)O,1.8007170782823851,1.2518057823181152,1.0753809213638306,0.4545343220233917
494,P25325_wild,C(C(C(=O)O)N)S,0.04139268515822508,0.6579271554946899,0.5366076231002808,0.3496202826499939
495,P25325_wild,C(CC(=O)NC(CS)C(=O)NCC(=O)O)C(C(=O)O)N,-0.5228787452803376,1.3861624002456665,0.7193194627761841,0.5549358129501343
496,P25325_wild,C(CS)C(C(=O)O)N,-0.09691001300805639,0.6296775341033936,0.5710287094116211,0.412355899810791
497,P25325_wild,C(CCC(=O)O)CC(CCS)S,0.23044892137827394,0.5515917539596558,0.33132806420326233,0.47378137707710266
498,P25325_wild,C(C(=O)C(=O)O)S,1.320146286111054,1.045468807220459,0.4658832252025604,0.9052793979644775
499,P25325_wild,[C-]#N,0.38021124171160603,1.4893091917037964,0.6337506771087646,0.7265925407409668
500,P25325_wild,C(CS)O,2.359835482339888,1.3157228231430054,1.3835657835006714,-0.05303984880447388
501,P25325_wild,C(C(C(CS)O)O)S,0.785329835010767,0.6507128477096558,0.6262286901473999,0.4694151282310486
502,P25325_wild,CC(=O)NC(CS)C(=O)O,-0.5686362358410126,1.6547850370407104,0.953511118888855,0.5777023434638977
503,P77712_wild,CCCCCCCCCCCC(=O)SCCNC(=O)CCNC(=O)C(C(C)(C)COP(=O)(O)OP(=O)(O)OCC1C(C(C(O1)N2C=NC3=C(N=CN=C32)N)O)OP(=O)(O)O)O,0.2041199826559248,0.10392748564481735,-1.8675960302352905,1.7797820568084717
504,P77712_wild,CCCCCCCCCCCC(CC(=O)SCCNC(=O)CCNC(=O)C(C(C)(C)COP(=O)(O)OP(=O)(O)OCC1C(C(C(O1)N2C=NC3=C(N=CN=C32)N)O)OP(=O)(O)O)O)O,1.0293837776852097,0.17069295048713684,-1.877848744392395,1.7958775758743286
505,P77712_wild,CCCCCCCCCCCCCC(=O)SCCNC(=O)CCNC(=O)C(C(C)(C)COP(=O)(O)OP(=O)(O)OCC1C(C(C(O1)N2C=NC3=C(N=CN=C32)N)O)OP(=O)(O)O)O,0.7923916894982539,0.09264370054006577,-1.9263906478881836,1.7680844068527222
506,P77712_wild,CCCCCCCCCCCCCCCC(=O)SCCNC(=O)CCNC(=O)C(C(C)(C)COP(=O)(O)OP(=O)(O)OCC1C(C(C(O1)N2C=NC3=C(N=CN=C32)N)O)OP(=O)(O)O)O,1.0086001717619175,0.07067336142063141,-1.9488123655319214,1.691187858581543
507,P77712_wild,CCCCCCC=CC=CCC(=O)SCCNC(=O)CCNC(=O)C(C(C)(C)COP(=O)([O-])OP(=O)([O-])OCC1C(C(C(O1)N2C=NC3=C(N=CN=C32)N)O)OP(=O)([O-])[O-])O,1.334453751150931,0.1543443202972412,-1.6730695962905884,1.7454514503479004
508,Q9KZL0_wild,C(C(C(=O)O)N)S,-0.4814860601221125,-0.7971106171607971,-0.0805242508649826,0.5666791200637817
509,Q0KB75_wild,C(C(C(=O)O)N)S,-0.6020599913279624,0.042144812643527985,0.06033145636320114,0.21062211692333221
510,Q975F9_wild,C(C1C(C(C(C(O1)OP(=O)(O)O)O)O)O)O,0.4727564493172124,0.7971302270889282,-0.9256963729858398,1.57289719581604
511,A5U161_wild,C1=CN(C(=O)NC1=O)C2C(C(C(O2)COP(=O)(O)OP(=O)(O)OP(=O)(O)O)O)O,2.0791812460476247,0.6496116518974304,-0.9310802221298218,1.5293829441070557
512,Q975F9_wild,CC(=O)NC1C(C(C(OC1OP(=O)(O)O)CO)O)O,0.9986951583116558,0.7087571024894714,-1.1048887968063354,1.6819360256195068
513,Q975F9_wild,CC(=O)NC1C(C(C(OC1OP(=O)(O)OP(=O)(O)OCC2C(C(C(O2)N3C=CC(=O)NC3=O)O)O)CO)O)O,0.9242792860618817,0.5770609974861145,-1.273984670639038,1.977293610572815
514,Q975F9_wild,C1=CN(C(=O)NC1=O)C2C(C(C(O2)COP(=O)(O)OP(=O)(O)OP(=O)(O)O)O)O,0.5477747053878226,0.5954985022544861,-0.9933640956878662,1.7437599897384644
515,Q975F9_wild,[O-]P(=O)([O-])OP(=O)([O-])[O-],0.7930916001765802,1.0974682569503784,-1.0149688720703125,1.6684508323669434
516,A5U161_wild,CC(=O)NC1C(C(C(OC1OP(=O)(O)O)CO)O)O,2.0,0.7174920439720154,-0.9949898719787598,1.5359044075012207
517,Q8TDX5_wild,C(=CC=O)C=C(C(=O)O)N,0.6812412373755872,0.6617480516433716,-0.7089272737503052,1.6673085689544678
518,Q00511_wild,OO,0.9684829485539351,1.9026308059692383,-0.5705184936523438,1.6722705364227295
519,Q00511_wild,C12=C(NC(=O)N1)NC(=O)NC2=O,1.2576785748691846,0.9652456045150757,-1.6573680639266968,2.0582833290100098
520,O28635_M295D,C(C(C(C(=O)COP(=O)(O)O)O)O)OP(=O)(O)O,1.2479732663618066,0.5666111707687378,-0.9468375444412231,1.3187010288238525
521,O28635_wild,C(C(C(C(=O)COP(=O)(O)O)O)O)OP(=O)(O)O,1.3636119798921444,0.5791115760803223,-0.993930459022522,1.364225149154663
522,O93627_V330T,C(=O)=O,-0.27572413039921095,2.8543105125427246,0.33499768376350403,1.6553350687026978
523,O93627_wild,C(=O)=O,-0.5086383061657274,2.8782272338867188,0.3294525742530823,1.6655653715133667
524,O93627_wild,C(C(C(C(=O)COP(=O)(O)O)O)O)OP(=O)(O)O,1.2201080880400552,0.7558790445327759,-1.0220328569412231,1.524491786956787
525,O28635_M295D/S363I,C(C(C(C(=O)COP(=O)(O)O)O)O)OP(=O)(O)O,-0.15490195998574322,0.5498985052108765,-0.9363205432891846,1.306889295578003
526,O28635_M295D/S363V,C(C(C(C(=O)COP(=O)(O)O)O)O)OP(=O)(O)O,0.6334684555795865,0.5643835663795471,-0.9466464519500732,1.3217304944992065
527,O28635_S363V,C(C(C(C(=O)COP(=O)(O)O)O)O)OP(=O)(O)O,1.0934216851622351,0.5781798362731934,-0.9949296712875366,1.3667528629302979
528,O28635_S363I,C(C(C(C(=O)COP(=O)(O)O)O)O)OP(=O)(O)O,0.9777236052888478,0.5624710321426392,-0.9845905303955078,1.3520268201828003
529,Q9HTR2_wild,C1=CC(=CC=C1[N+](=O)[O-])OP(=O)(O)O,1.9400181550076632,0.7885525822639465,0.04403124749660492,0.693501889705658
530,Q3S3F6_wild,C(C=O)C(C(=O)[O-])[NH3+],0.9858753573083937,1.1570950746536255,-0.3710985779762268,1.3030908107757568
531,Q3S3F6_wild,C(CO)C(C(=O)O)N,0.15533603746506178,0.6302604079246521,0.46912339329719543,0.4302084147930145
532,Q8P3J4_wild,C1(C(C(OC(C1O)O)C(=O)O)O)O,1.6334684555795866,1.7219218015670776,0.050932496786117554,1.3728704452514648
533,Q8P3J4_wild,C(C(C(C(C(C(=O)[O-])O)O)O)O)O,2.2380461031287955,0.9525395035743713,0.6216440200805664,1.0418095588684082
534,Q8P3J4_wild,C(C1C(C(C(C(O1)OP(=O)(O)O)O)O)O)O,2.103803720955957,1.3017948865890503,-0.23661434650421143,1.4732465744018555
535,Q7S0S2_wild,C(C(C(C(C(C(=O)[O-])O)O)O)O)O,2.164352855784437,0.9791420102119446,0.7251051664352417,0.8417238593101501
536,Q7S0S2_wild,[O-]P(=O)([O-])[O-],2.48572142648158,1.2585183382034302,0.29944315552711487,1.5167428255081177
537,Q7S0S2_wild,C(C1C(C(C(C(O1)OC(C(CO)O)C(C(C(=O)[O-])O)O)O)O)O)O,2.48572142648158,1.1120277643203735,0.757067084312439,1.1575188636779785
538,Q21MB1_wild,C(C(C(C(C(C(=O)[O-])O)O)O)O)O,2.113943352306837,1.02799654006958,0.5995422601699829,0.7827222347259521
539,Q21MB1_Q190A,C(C(C(C(C(C(=O)[O-])O)O)O)O)O,1.3802112417116061,1.0333151817321777,0.5991959571838379,0.7850754857063293
540,Q21MB1_wild,C1(C(C(OC(C1O)O)C(=O)O)O)O,1.5390760987927767,1.7711201906204224,0.13343143463134766,1.1719703674316406
541,Q9QZX7_wild,C(C(C(=O)O)N)O,1.1613680022349748,0.6436445713043213,1.0534741878509521,0.012899577617645264
542,Q9QZX7_wild,C(C(C(=O)O)N)Cl,0.414973347970818,0.5774245858192444,0.548098087310791,0.4640643894672394
543,Q9QZX7_wild,CC(C(C(=O)O)N)O,1.021189299069938,0.7741587162017822,0.987617015838623,0.36280903220176697
544,Q9QZX7_wild,C(C(C(=O)O)O)(C(=O)O)N,1.4913616938342726,0.8807212710380554,0.11100015044212341,0.5750420093536377
545,Q9QZX7_wild,C(C(C(=O)O)N)OS(=O)(=O)O,-0.3098039199714864,0.24886491894721985,-0.07550524175167084,0.38227277994155884
546,P00390_wild,C1CCNC(=O)CNC(=O)C(CSSCC(C(=O)NCC(=O)NCCCNC1)NC(=O)CCC(C(=O)O)N)NC(=O)CCC(C(=O)O)N,1.3180633349627615,1.0327757596969604,-0.9243707656860352,1.9188135862350464
547,P00390_wild,C(CC(=O)NC(CSSCC(C(=O)NCC(=O)O)NC(=O)CCC(C(=O)O)N)C(=O)NCC(=O)O)C(C(=O)O)N,2.2174839442139063,1.1814972162246704,-0.9470155239105225,1.8197968006134033
548,P41921_wild,C1C=CN(C=C1C(=O)N)C2C(C(C(O2)COP(=O)(O)OP(=O)(O)OCC3C(C(C(O3)N4C=NC5=C(N=CN=C54)N)OP(=O)(O)O)O)O)O,2.9542425094393248,0.9897474646568298,-1.343732237815857,2.369464159011841
549,F1SWA0_wild,C1=CC(=C[N+](=C1)C2C(C(C(O2)COP(=O)([O-])OP(=O)(O)OCC3C(C(C(O3)N4C=NC5=C(N=CN=C54)N)O)O)O)O)C(=O)N,0.5797835966168101,0.5794061422348022,-0.9728810787200928,1.4449875354766846
550,F1SWA0_S142A/Y155A,C1=CC(=C[N+](=C1)C2C(C(C(O2)COP(=O)([O-])OP(=O)(O)OCC3C(C(C(O3)N4C=NC5=C(N=CN=C54)N)O)O)O)O)C(=O)N,-1.0,0.23642265796661377,-0.8828942775726318,1.0478894710540771
551,F1SWA0_S142A/Y155A,CC1=CCC(C=CC(C(=CCC1)C)O)(C)C,-1.0,-0.5994377732276917,-1.4692288637161255,1.1316313743591309
552,F1SWA0_wild,CC1=CCC(C=CC(C(=CCC1)C)O)(C)C,0.11394335230683679,-0.31996986269950867,-1.5135035514831543,1.459220290184021
553,F1SWA0_S144A,CC1=CCC(C=CC(C(=CCC1)C)O)(C)C,0.4623979978989561,-0.32979270815849304,-1.521325707435608,1.4640958309173584
554,F1SWA0_S144A,C1=CC(=C[N+](=C1)C2C(C(C(O2)COP(=O)([O-])OP(=O)(O)OCC3C(C(C(O3)N4C=NC5=C(N=CN=C54)N)O)O)O)O)C(=O)N,0.6434526764861874,0.5651024580001831,-0.9801384210586548,1.450610637664795
555,P77154_wild,C(C1C(C(C(C(O1)O)OC2C(C(C(C(O2)CO)O)O)O)O)O)O,0.04139268515822508,0.8710042834281921,0.33757680654525757,0.39714860916137695
556,Q9JLI6_wild,C(C(C(=O)O)N)[Se],1.662757831681574,0.1647806465625763,0.545204758644104,0.0260220468044281
557,Q9JLI6_wild,C(C(C(=O)[O-])[NH3+])S(=O)[O-],-0.45593195564972444,0.02828415483236313,0.20940172672271729,0.24132107198238373
558,Q2P9J6_wild,CC=CC(=O)SCCNC(=O)CCNC(=O)C(C(C)(C)COP(=O)(O)OP(=O)(O)OCC1C(C(C(O1)N2C=NC3=C(N=CN=C32)N)O)OP(=O)(O)O)O,1.3473300153169503,-0.043460071086883545,-0.9460575580596924,1.3795703649520874
559,Q8Z9U1_wild,CCCCCC=CC(=O)SCCNC(=O)CCNC(=O)C(C(C)(C)COP(=O)(O)OP(=O)(O)OCC1C(C(C(O1)N2C=NC3=C(N=CN=C32)N)O)OP(=O)(O)O)O,-0.5686362358410126,-0.044185154139995575,-1.2385249137878418,1.6295958757400513
560,A9SS48_wild,C1=CC(=C[N+](=C1)C2C(C(C(O2)COP(=O)([O-])OP(=O)(O)OCC3C(C(C(O3)N4C=NC5=C(N=CN=C54)N)O)O)O)O)C(=O)N,0.5185139398778875,0.4073023796081543,-0.4634827971458435,1.109791874885559
561,A9SS48_R228A,C(CC(=O)[O-])C=O,0.7558748556724915,0.8166800141334534,-0.8879363536834717,1.3266627788543701
562,A9SS48_wild,C1=CC(=C[N+](=C1)C2C(C(C(O2)COP(=O)(O)OP(=O)(O)OCC3C(C(C(O3)N4C=NC5=C(N=CN=C54)N)OP(=O)(O)O)O)O)O)C(=O)N,1.1818435879447726,0.4692707359790802,-0.6142855882644653,1.411590576171875
563,A9SS48_N175A,C(CC(=O)[O-])C=O,1.0969100130080565,0.7712084054946899,-0.8854440450668335,1.2844077348709106
564,A9SS48_wild,C(CC(=O)[O-])C=O,1.1986570869544226,0.8044683337211609,-0.8873273134231567,1.3010581731796265
565,A9SS48_R228A,C1=CC(=C[N+](=C1)C2C(C(C(O2)COP(=O)([O-])OP(=O)(O)OCC3C(C(C(O3)N4C=NC5=C(N=CN=C54)N)O)O)O)O)C(=O)N,0.07918124604762482,0.41885703802108765,-0.4612133204936981,1.1264715194702148
566,A9SS48_R121A/R457A,C(CC(=O)[O-])C=O,-1.6989700043360187,0.6283355355262756,-0.6714340448379517,1.0737838745117188
567,A9SS48_Y296A,C(CC(=O)[O-])C=O,0.8512583487190752,0.8143517971038818,-0.8588134050369263,1.2987399101257324
568,A9SS48_R228A,C1=CC(=C[N+](=C1)C2C(C(C(O2)COP(=O)(O)OP(=O)(O)OCC3C(C(C(O3)N4C=NC5=C(N=CN=C54)N)OP(=O)(O)O)O)O)O)C(=O)N,0.8061799739838872,0.47588372230529785,-0.6037908792495728,1.4158706665039062
569,A9SS48_wild,C(CC=O)CC(=O)O,-0.5686362358410126,0.9395126104354858,-0.5508451461791992,0.939268946647644
570,P81535_R19G/K71E/S229T,CSCCC(C(=O)N1CCCC1C(=O)O)N,3.805908455074197,2.0027034282684326,0.5269085168838501,1.4354984760284424
571,P81535_G39E,CSCCC(C(=O)N1CCCC1C(=O)O)N,2.2227164711475833,2.064807415008545,0.5090378522872925,1.4768900871276855
572,P81535_wild,CSCCC(C(=O)N1CCCC1C(=O)O)N,3.662190990859007,2.072418451309204,0.4868449866771698,1.4876891374588013
573,P81535_R19G/G39E/K71E/S229T,CSCCC(C(=O)N1CCCC1C(=O)O)N,3.873959654743353,1.9978028535842896,0.5478531122207642,1.4242353439331055
574,P81535_wild,CC(C(=O)NC(C)C(=O)O)NC(=O)C(CCSC)N,1.4313637641589874,1.6838080883026123,0.35312381386756897,1.3700852394104004
575,P81535_wild,CC(C(=O)O)NC(=O)C1CCCN1C(=O)C(CCSC)N,2.2833012287035497,2.0022051334381104,0.6104981899261475,1.508407711982727
576,I6WHP7_wild,C[S+](CCC(C(=O)[O-])N)CC1C(C(C(O1)N2C=NC3=C(N=CN=C32)N)O)O,0.8450980400142568,0.2303350865840912,-1.5511194467544556,0.37211254239082336
577,P22315_wild,[Fe+2],-1.1674910872937636,0.15161332488059998,-1.9660476446151733,1.3597092628479004
578,P22315_wild,CC1=C(C2=CC3=NC(=CC4=NC(=CC5=C(C(=C(N5)C=C1N2)C=C)C)C(=C4CCC(=O)O)C)C(=C3C)CCC(=O)O)C=C,-1.1674910872937636,-1.3873695135116577,-2.337519407272339,1.4338150024414062
579,P22830_N75A,C1=CC2=CC3=CC=C(N3)C=C4C=CC(=N4)C=C5C=CC(=N5)C=C1N2,-1.7958800173440752,-0.5516666769981384,-1.7150113582611084,1.2574827671051025
580,P22830_wild,[Fe+2],-1.0,0.11034616082906723,-1.9396415948867798,1.3399219512939453
581,P22830_F337A,C1=CC2=CC3=CC=C(N3)C=C4C=CC(=N4)C=C5C=CC(=N5)C=C1N2,-1.869666231504994,-0.8130649924278259,-1.5175621509552002,0.989854633808136
582,P22830_E343D,C1=CC2=CC3=CC=C(N3)C=C4C=CC(=N4)C=C5C=CC(=N5)C=C1N2,-1.93292914395463,-0.5622779726982117,-1.657741904258728,1.2310339212417603
583,P22830_wild,C1=CC2=CC3=CC=C(N3)C=C4C=CC(=N4)C=C5C=CC(=N5)C=C1N2,-1.24184537803261,-0.5299988985061646,-1.6737761497497559,1.2669757604599
584,Q54HH2_wild,C(C(C(=O)O)N)O,0.414973347970818,0.6011209487915039,0.8516024351119995,0.1237756609916687
585,Q65YW7_wild,CC(C(=O)O)N,1.845098040014257,0.8327637314796448,0.42654117941856384,0.8506478667259216
586,P94556_wild,CC(C(=O)O)N,3.0755469613925306,0.46670904755592346,0.874798059463501,0.12521597743034363
587,A0A1B0UHJ4_wild,CC(C)C(=O)C1=C(C=C(C=C1O)O)O,-0.5466816599529624,-0.2890595495700836,-0.18367010354995728,0.3594135344028473
588,A0A1B0UHJ4_wild,CC(C)CC(=O)C1=C(C=C(C=C1O)O)O,-1.9208187539523751,-0.3134038746356964,-0.24494469165802002,0.4730229377746582
589,A0A1B0UHJ4_wild,C1=CC=C(C=C1)C(=O)C2=C(C=C(C=C2O)O)O,-0.8632794328435932,-0.3425309658050537,-0.6407029628753662,0.5805838108062744
590,A0A1B0UHJ4_wild,CC(=CCOP(=O)(O)OP(=O)(O)O)C,-0.5686362358410126,-0.5500109791755676,-0.6741070747375488,0.5614704489707947
591,A0A1B0UHJ4_wild,CC(=CCCC(=CCOP(=O)(O)OP(=O)(O)O)C)C,-0.8996294548824371,-0.8269258141517639,-1.0148783922195435,0.4983077645301819
592,Q2PEN3_wild,CC(=O)CC(=O)[O-],2.0,0.7619760632514954,0.053162410855293274,0.9317720532417297
593,Q2PEN3_wild,C1=CC(=C[N+](=C1)C2C(C(C(O2)COP(=O)([O-])OP(=O)(O)OCC3C(C(C(O3)N4C=NC5=C(N=CN=C54)N)O)O)O)O)C(=O)N,1.9395192526186185,0.40955451130867004,-0.8769803047180176,1.3324172496795654
594,Q2PEN3_wild,CC(CC(=O)O)O,2.255272505103306,0.5457902550697327,0.5768412351608276,0.39254266023635864
595,Q2PEN3_wild,C1C=CN(C=C1C(=O)N)C2C(C(C(O2)COP(=O)(O)OP(=O)(O)OCC3C(C(C(O3)N4C=NC5=C(N=CN=C54)N)O)O)O)O,2.4471580313422194,0.5083299875259399,-1.395114541053772,1.8197481632232666
596,Q9HIA7_wild,C1C(C(OC1N2C=NC3=C(N=CN=C32)N)COP(=O)(O)OP(=O)(O)OP(=O)(O)O)O,-0.958607314841775,-1.4522737264633179,-0.9741966724395752,0.3293658494949341
597,Q9HIA7_R124A,CC1=CC2=C(C=C1C)N(C=N2)C3C(C(C(O3)CO)OP(=O)([O-])OC(C)CNC(=O)CCC4(C(C5C6(C(C(C(=N6)C(=C7C(C(C(=N7)C=C8C(C(C(=N8)C(=C4[N-]5)C)CCC(=O)N)(C)C)CCC(=O)N)(C)CC(=O)N)C)CCC(=O)N)(C)CC(=O)N)C)CC(=O)N)C)O.[Co+2],-0.958607314841775,-1.6773279905319214,-2.0439586639404297,0.8274121284484863
598,Q9HIA7_R124A,C1=NC(=C2C(=N1)N(C=N2)C3C(C(C(O3)COP(=O)(O)OP(=O)(O)OP(=O)(O)O)O)O)N,-0.8538719643217619,-1.5173009634017944,-0.9074231386184692,0.15752917528152466
599,Q9HIA7_wild,CC1=CC2=C(C=C1C)N(C=N2)C3C(C(C(O3)CO)OP(=O)([O-])OC(C)CNC(=O)CCC4(C(C5C6(C(C(C(=N6)C(=C7C(C(C(=N7)C=C8C(C(C(=N8)C(=C4[N-]5)C)CCC(=O)N)(C)C)CCC(=O)N)(C)CC(=O)N)C)CCC(=O)N)(C)CC(=O)N)C)CC(=O)N)C)O.[Co+2],-0.744727494896694,-1.6056448221206665,-2.1488826274871826,0.9373018741607666
600,Q9HIA7_wild,CC1=CC2=C(C=C1C)N(C=N2)C3C(C(C(O3)CO)OP(=O)([O-])OC(C)CNC(=O)CCC4(C(C5C6(C(C(C(=N6)C(=C7C(C(C(=N7)C=C8C(C(C(=N8)C(=C4[N-]5)C)CCC(=O)N)(C)C)CCC(=O)N)(C)CC(=O)N)C)CCC(=O)N)(C)CC(=O)N)C)CC(=O)N)C)O.O.[Co+2],-0.744727494896694,-1.5265551805496216,-2.130622625350952,0.9864906072616577
601,Q9HIA7_wild,C1=NC(=C2C(=N1)N(C=N2)C3C(C(C(O3)COP(=O)(O)OP(=O)(O)OP(=O)(O)O)O)O)N,-0.6382721639824072,-1.3984395265579224,-1.0178935527801514,0.24063993990421295
602,A0A076NA91_wild,CC1(C2CCC(C(C2(C3=C(NC4=CC=CC1=C43)C(C)(C)C=C)O)[N+]#[C-])(C)C=C)C,-0.15490195998574322,-1.421698808670044,-1.872597575187683,0.9855009317398071
603,A0A076NA91_wild,CC1(C2CCC(C(C2C3=CNC4=CC=CC1=C43)[N+]#[C-])(C)C=C)C,-0.6777807052660807,-1.007186770439148,-1.6763125658035278,0.9123090505599976
604,A0A076NA91_wild,CC1(C2CCC(C(C2C3=C1NC4=CC=CC=C43)[N+]#[C-])(C)C=C)C,0.23044892137827394,-1.0459554195404053,-1.6387628316879272,0.8758023977279663
605,A0A076NA91_wild,CC1(C2CCC(C(C2C3=C(NC4=CC=CC1=C43)C(C)(C)C=C)[N+]#[C-])(C)C=C)C,-0.16749108729376366,-1.2229152917861938,-1.6797376871109009,1.0360548496246338
606,A0A076NA91_wild,CC1(C2CCC(C3(C2(C4=C(C(C5C3O5)(C)C)NC6=CC=CC1=C64)O)[N+]#[C-])(C)C=C)C,-0.16749108729376366,-1.730468511581421,-1.6925770044326782,0.5592565536499023
607,A0A076NA91_wild,CC1(C=CC2(C(CCC3C2(C4=C1NC5=CC=CC(=C54)C3(C)C)O)(C)C=C)[N+]#[C-])C,-0.17392519729917355,-1.5202237367630005,-2.0382211208343506,0.8988050222396851
608,A0A076NA91_wild,CC(=C)C1CCC(C(C1C2=CNC3=CC=CC=C32)[N+]#[C-])(C)C=C,-0.14874165128092473,-0.9315052032470703,-1.4651798009872437,0.9292622208595276
609,A0A067YX61_wild,CC(=C)C1CCC(C(C1C2=CNC3=CC=CC=C32)[N+]#[C-])(C)C=C,-0.1366771398795441,-1.0537325143814087,-1.530171275138855,0.8692971467971802
610,A0A067YX61_wild,CC1(C2CCC(C(C2C3=C1NC4=CC=CC=C43)[N+]#[C-])(C)C=C)C,0.25527250510330607,-1.2589679956436157,-1.720760703086853,0.7702277898788452
611,I7HFV7_wild,CC(=O)NC(CC1=CC=CC=C1)C(=O)O,1.6127838567197355,1.1859787702560425,0.5998107194900513,1.0260765552520752
612,A0A5P8Q188_wild,C1=CC=C(C=C1)C(C(=O)[O-])O,1.4811558708280352,1.3723775148391724,-0.015048958361148834,1.2323925495147705
613,A0A5P8Q188_wild,C1=CC(=C[N+](=C1)C2C(C(C(O2)COP(=O)([O-])OP(=O)(O)OCC3C(C(C(O3)N4C=NC5=C(N=CN=C54)N)O)O)O)O)C(=O)N,1.4631461367263496,0.9565518498420715,-0.7198929786682129,1.5945956707000732
614,P50163_wild,C1C=CN(C=C1C(=O)N)C2C(C(C(O2)COP(=O)(O)OP(=O)(O)OCC3C(C(C(O3)N4C=NC5=C(N=CN=C54)N)OP(=O)(O)O)O)O)O,1.8536982117761744,0.39500755071640015,-1.703889012336731,1.8289047479629517
615,P50163_wild,CN1C2CCC1CC(=O)C2,1.8536982117761744,0.1299745738506317,0.36271652579307556,0.2821231782436371
616,A0A6B7HD48_wild,CN1C2CCC1CC(=O)C2,2.0678145111618402,0.19332823157310486,0.48830875754356384,0.2270308881998062
617,Q84AR1_C115A,C=CCS(=O)CC(C(=O)O)N,-0.38721614328026455,0.48025938868522644,-0.017225362360477448,0.5971572995185852
618,Q84AR1_C115A,CS(=O)CC(C(=O)O)N,0.21218760440395779,0.44645410776138306,0.13991639018058777,0.5864952802658081
619,Q84AR1_C115A,CCS(=O)CC(C(=O)O)N,0.09691001300805642,0.5585586428642273,0.10127361118793488,0.5875994563102722
620,Q84AR1_C115H,C=CCS(=O)CC(C(=O)O)N,1.1367205671564067,0.46613970398902893,-0.01754923164844513,0.6072884202003479
621,Q84AR1_C115H,CS(=O)CC(C(=O)O)N,0.7109631189952758,0.44786563515663147,0.1344989389181137,0.5979212522506714
622,Q84AR1_C115H,CCS(=O)CC(C(=O)O)N,0.7474118078864233,0.565640926361084,0.09525642544031143,0.6013596057891846
623,E7BBN5_wild,C[S+](CCC(C(=O)[O-])N)CC1C(C(C(O1)N2C=NC3=C(N=CN=C32)N)O)O,-0.619788758288394,-1.0029760599136353,-1.411365270614624,0.5321171879768372
624,E7BBN5_wild,CC1=CC2=C(C=C1N)N(C3=NC(=O)NC(=O)C3=N2)CC(C(C(CO)O)O)O,-0.431798275933005,-0.834499716758728,-1.5396568775177002,1.0485217571258545
625,A6Q234_wild,CC1C(C(C(O1)N2C=NC3=C(N=CN=C32)N)O)O,-1.7695510786217261,0.12893038988113403,-1.3112024068832397,1.606080174446106
626,A6Q234_wild,C1=CC(=CC(=C1)C(=O)[O-])C(=O)CCC2C(C(C(O2)N3C=NC4=C(N=CN=C43)N)O)O,0.07918124604762482,0.3276680111885071,-1.5824368000030518,1.859681487083435
627,A6Q234_wild,CSCC1C(C(C(O1)N2C=NC3=C(N=CN=C32)N)O)O,-0.5086383061657274,0.18518659472465515,-1.3662333488464355,1.5488355159759521
628,P0C062_wild,C1=CC=C(C=C1)CC(C(=O)O)N,-0.42021640338318983,-0.5598726272583008,-1.2311450242996216,0.991949200630188
629,P11177_wild,CC(=O)C(=O)[O-],-1.1135092748275182,0.47882580757141113,-0.6171796321868896,1.857663869857788
630,Q9GZT4_D318N,C(C(C(=O)O)N)O,0.28330122870354957,0.6657323241233826,1.140337347984314,-0.007258474826812744
631,Q9GZT4_C113S,C(C(C(=O)O)N)O,-0.07058107428570727,0.6812018752098083,1.1526607275009155,-0.018609315156936646
632,Q9GZT4_wild,C(C(C(=O)O)N)O,0.4424797690644485,0.6741679310798645,1.1570709943771362,-0.014113068580627441
633,F7ZG00_wild,C(C(C(=O)O)N)O,0.3463529744506387,1.229462742805481,0.8646299839019775,0.24647864699363708
634,A0A0U5AKI6_wild,C(C(C(=O)O)N)O,-2.6757175447023074,0.699813961982727,1.0651401281356812,-0.03891769051551819
635,A0A0U5AKI6_P150S/P151S/Y152S,C(C(C(=O)O)N)O,-2.3115801779972895,0.4122813940048218,1.1310113668441772,-0.2345806360244751
636,A0A0U4MRI4_wild,C(C(C(=O)O)N)O,-2.0599818449923366,0.7418941855430603,1.18091881275177,-0.021867483854293823
637,Q81R22_Y102F,C1C(=NC2=C(N1)N=C(NC2=O)N)CNC3=CC=C(C=C3)C(=O)NC(CCC(=O)O)C(=O)O,0.23044892137827394,0.7370059490203857,-2.081676721572876,1.875340461730957
638,Q60034_wild,C1C(=NC2=C(N1)N=C(NC2=O)N)CNC3=CC=C(C=C3)C(=O)NC(CCC(=O)O)C(=O)O,-1.2218487496163564,1.245134949684143,-1.5404224395751953,2.5102787017822266
639,Q81R22_wild,C1C(=NC2=C(N1)N=C(NC2=O)N)CNC3=CC=C(C=C3)C(=O)NC(CCC(=O)O)C(=O)O,0.9684829485539351,0.7211544513702393,-2.107391834259033,1.8660870790481567
640,Q81R22_F96I,C1C(=NC2=C(N1)N=C(NC2=O)N)CNC3=CC=C(C=C3)C(=O)NC(CCC(=O)O)C(=O)O,0.6812412373755872,0.7029395699501038,-2.1008126735687256,1.8353095054626465
641,Q54801_wild,C1C(=NC2=C(N1)N=C(NC2=O)N)CNC3=CC=C(C=C3)C(=O)NC(CCC(=O)O)C(=O)O,1.4983105537896004,0.829085648059845,-2.3799493312835693,2.4296464920043945
642,Q8YWM0_wild,OO,2.584331224367531,2.973973035812378,-0.4493440091609955,2.491412401199341
643,Q8YWM0_wild,C1=CC=C2C(=C1)C(=O)C3=C(C2=O)C(=C(C=C3NC4=CC(=C(C=C4)S(=O)(=O)O)NC5=NC(=NC(=N5)NC6=CC(=CC=C6)S(=O)(=O)O)Cl)S(=O)(=O)O)N,2.584331224367531,1.5793644189834595,-1.9792765378952026,2.7029013633728027
644,D9RZ53_wild,C1C(C(C(C(O1)(CO)O)O)O)O,1.235528446907549,1.4855235815048218,1.3414112329483032,0.4808405637741089
645,D9RZ53_wild,C1C(C(C(C(O1)O)O)O)O,1.714329759745233,1.5728813409805298,1.4942033290863037,0.783224880695343
646,D9RZ53_wild,C(C1C(C(C(C(O1)O)O)O)O)O,1.9768083373380663,1.372710108757019,1.476611614227295,0.6113475561141968
647,Q96ZY7_I189V,C1=CC(=C[N+](=C1)C2C(C(C(O2)COP(=O)(O)OP(=O)(O)OCC3C(C(C(O3)N4C=NC5=C(N=CN=C54)N)OP(=O)(O)O)O)O)O)C(=O)N,0.9867717342662449,0.24544090032577515,-0.4793640077114105,1.0545021295547485
648,Q96ZY7_I189V,C(C1C(C(C(C(O1)O)O)O)O)O,0.9867717342662449,0.7936360239982605,0.5952447652816772,0.6916565895080566
649,Q96ZY7_V254I,C1=CC(=C[N+](=C1)C2C(C(C(O2)COP(=O)(O)OP(=O)(O)OCC3C(C(C(O3)N4C=NC5=C(N=CN=C54)N)OP(=O)(O)O)O)O)O)C(=O)N,1.2227164711475833,0.22564435005187988,-0.48087403178215027,1.0474731922149658
650,Q96ZY7_V254I,C(C1C(C(C(C(O1)O)O)O)O)O,1.2227164711475833,0.7719535827636719,0.584951639175415,0.6752380728721619
651,Q96ZY7_wild,C1=CC(=C[N+](=C1)C2C(C(C(O2)COP(=O)(O)OP(=O)(O)OCC3C(C(C(O3)N4C=NC5=C(N=CN=C54)N)OP(=O)(O)O)O)O)O)C(=O)N,1.0043213737826426,0.23495274782180786,-0.4846978485584259,1.0528337955474854
652,Q96ZY7_wild,C(C1C(C(C(C(O1)O)O)O)O)O,1.0043213737826426,0.781832218170166,0.5865217447280884,0.6847119927406311
653,Q5NHR1_wild,C1=NC(=C2C(=N1)N(C=N2)C3C(C(C(O3)COP(=O)(O)OP(=O)(O)OCC4C(C(C(O4)O)O)O)O)O)N,0.5563025007672873,0.05857009440660477,-1.140621542930603,1.0812718868255615
654,Q0S4Q9_W136F,CC12CCC3C(C1CCC2=O)CCC4C3(C=CC(=O)C4)C,-0.15490195998574322,1.1087958812713623,-1.1875813007354736,2.583625555038452
655,Q0S4Q9_S468T,CC12CCC3C(C1CCC2=O)CCC4C3(C=CC(=O)C4)C,0.2041199826559248,1.1039979457855225,-1.1842631101608276,2.572239398956299
656,Q0S4Q9_wild,CC12CCC3C(C1CCC2=O)CCC4C3(C=CC(=O)C4)C,0.38021124171160603,1.1044739484786987,-1.191312313079834,2.5798304080963135
657,P21836_wild,CC(=O)OCC[N+](C)(C)C,3.3979400086720375,1.1454628705978394,-0.4408528804779053,2.4099161624908447
658,P22303_wild,CC(=O)OC1C=CC2C3CC4=C5C2(C1OC5=C(C=C4)OC(=O)C)CCN3C,1.5440680443502757,0.008477263152599335,-0.17073343694210052,1.2898991107940674
659,P22303_wild,CC(=O)OC1C=CC2C3CC4=C5C2(C1OC5=C(C=C4)O)CCN3C,2.0718820073061255,0.06551261991262436,-0.2026667445898056,1.1884357929229736
660,P22303_wild,CC(=O)SCC[N+](C)(C)C,3.845098040014257,0.9817878007888794,-0.8485952615737915,2.678806781768799
661,P22303_wild,CCC(=O)SCC[N+](C)(C)C,3.425968786559088,0.9185976386070251,-0.9246137142181396,2.6652984619140625
662,O31266_D126A,CC1=NC2=CC=CC=C2C(=O)C1=O,1.3117538610557542,0.9129289388656616,-1.2908759117126465,1.3405427932739258
663,O31266_H38A,CC1=NC2=CC=CC=C2C(=O)C1=O,0.47712125471966244,0.9106540083885193,-1.2867859601974487,1.413637638092041
664,O31266_wild,CC1=NC2=CC=CC=C2C(=O)C1=O,1.5843312243675307,0.907613217830658,-1.2878193855285645,1.3970866203308105
665,O31266_H102L,CC1=NC2=CC=CC=C2C(=O)C1=O,-1.5686362358410126,0.8679549694061279,-1.2864924669265747,1.379623293876648
666,O31266_S101A,CC1=NC2=CC=CC=C2C(=O)C1=O,1.6665179805548809,0.7829652428627014,-1.2481995820999146,1.2280734777450562
667,O31266_H251A,CC1=NC2=CC=CC=C2C(=O)C1=O,-1.0132282657337552,0.6140480637550354,-1.1238778829574585,1.0441575050354004
668,Q58327_wild,C1=CC(=C[N+](=C1)C2C(C(C(O2)COP(=O)(O)OP(=O)(O)OCC3C(C(C(O3)N4C=NC5=C(N=CN=C54)N)OP(=O)(O)O)O)O)O)C(=O)N,2.3263358609287517,0.6366822123527527,-0.3246408700942993,1.261657953262329
669,Q58327_wild,C1C=CN(C=C1C(=O)N)C2C(C(C(O2)COP(=O)(O)OP(=O)(O)OCC3C(C(C(O3)N4C=NC5=C(N=CN=C54)N)OP(=O)(O)O)O)O)O,2.3729120029701067,0.7225485444068909,-0.7772113084793091,1.748012661933899
670,P46416_wild,C1=NC(=C2C(=N1)N(C=N2)C3C(C(C(O3)COP(=O)(O)OP(=O)(O)OP(=O)(O)O)O)O)N,1.08278537031645,0.34318292140960693,-0.8423560857772827,1.2631092071533203
671,P46416_wild,C(C(=O)O)N,1.100370545117563,0.3525102436542511,0.40257036685943604,0.770316481590271
672,P46416_Q226A,C(C(=O)O)N,-0.431798275933005,0.3551163971424103,0.3993211090564728,0.7731977701187134
673,P46416_Q226N,C(C(=O)O)N,0.12385164096708581,0.35744088888168335,0.4003690779209137,0.7758716344833374
674,P46416_Q226A,C1=NC(=C2C(=N1)N(C=N2)C3C(C(C(O3)COP(=O)(O)OP(=O)(O)OP(=O)(O)O)O)O)N,-0.14266750356873156,0.34788498282432556,-0.8366518020629883,1.2637590169906616
675,P46416_Q226N,C1=NC(=C2C(=N1)N(C=N2)C3C(C(C(O3)COP(=O)(O)OP(=O)(O)OP(=O)(O)O)O)O)N,0.20221577580113148,0.34808412194252014,-0.8436298370361328,1.2685829401016235
676,P48637_wild,C(C(=O)O)N,1.1953460583484197,0.07048652321100235,0.2831214964389801,0.5884212255477905
677,P48637_wild,C(CC(=O)NC(CS)C(=O)O)C(C(=O)O)N,1.1953460583484197,0.16961270570755005,-0.376752644777298,0.8231948018074036
678,Q3IFA2_wild,C1=NC(=C2C(=N1)N(C=N2)C3C(C(C(O3)COP(=O)(O)OP(=O)(O)OP(=O)(O)O)O)O)N,0.7259116322950482,0.13285931944847107,-0.7085309028625488,1.0249555110931396
679,Q6WAT5_wild,C1=CC(=C[N+](=C1)C2C(C(C(O2)COP(=O)(O)OP(=O)(O)OCC3C(C(C(O3)N4C=NC5=C(N=CN=C54)N)OP(=O)(O)O)O)O)O)C(=O)N,1.9912260756924949,0.9435749053955078,-1.5660847425460815,2.0085666179656982
680,Q97ZE2_wild,C1=CN(C(=O)NC1=O)C2C(C(C(O2)COP(=O)(O)O)O)O,1.2787536009528289,0.8123273253440857,-1.138736367225647,1.5099672079086304
681,P27830_C187A/H232N,CC1=CN(C(=O)NC1=O)C2CC(C(O2)COP(=O)(O)OP(=O)(O)OC3C(C(C(C(O3)CO)O)O)O)O,0.7839035792727349,0.46583279967308044,-1.7714401483535767,1.2366042137145996
682,P27830_C187A,CC1=CN(C(=O)NC1=O)C2CC(C(O2)COP(=O)(O)OP(=O)(O)OC3C(C(C(C(O3)CO)O)O)O)O,-0.28399665636520083,0.5182357430458069,-1.8354930877685547,1.3018505573272705
683,P27830_wild,CC1=CN(C(=O)NC1=O)C2CC(C(O2)COP(=O)(O)OP(=O)(O)OC3C(C(C(C(O3)CO)O)O)O)O,0.6901960800285137,0.5222505331039429,-1.8616588115692139,1.3048454523086548
684,P27830_T134S,CC1=CN(C(=O)NC1=O)C2CC(C(O2)COP(=O)(O)OP(=O)(O)OC3C(C(C(C(O3)CO)O)O)O)O,0.38021124171160603,0.5264183878898621,-1.8515660762786865,1.2916210889816284
685,P27830_C187S,CC1=CN(C(=O)NC1=O)C2CC(C(O2)COP(=O)(O)OP(=O)(O)OC3C(C(C(C(O3)CO)O)O)O)O,0.07918124604762482,0.5238726735115051,-1.8289251327514648,1.2876402139663696
686,P27830_wild,C1=CN(C(=O)NC1=O)C2C(C(C(O2)COP(=O)(O)OP(=O)(O)OC3C(C(C(C(O3)CO)O)O)O)O)O,-1.619788758288394,0.7751645445823669,-1.4442121982574463,1.1843366622924805
687,P27830_K164A,CC1=CN(C(=O)NC1=O)C2CC(C(O2)COP(=O)(O)OP(=O)(O)OC3C(C(C(C(O3)CO)O)O)O)O,-0.8538719643217619,0.28011852502822876,-1.697087287902832,0.9809494614601135
688,P27830_T134A,CC1=CN(C(=O)NC1=O)C2CC(C(O2)COP(=O)(O)OP(=O)(O)OC3C(C(C(C(O3)CO)O)O)O)O,-1.6777807052660807,0.3770703971385956,-1.7807108163833618,1.1350497007369995
689,P27830_H232N,CC1=CN(C(=O)NC1=O)C2CC(C(O2)COP(=O)(O)OP(=O)(O)OC3C(C(C(C(O3)CO)O)O)O)O,-0.14266750356873156,0.40676209330558777,-1.778801441192627,1.1775124073028564
690,P27830_H232Q,CC1=CN(C(=O)NC1=O)C2CC(C(O2)COP(=O)(O)OP(=O)(O)OC3C(C(C(C(O3)CO)O)O)O)O,-1.3665315444204136,0.457632839679718,-1.823752760887146,1.2286967039108276
691,P27830_Y160A,CC1=CN(C(=O)NC1=O)C2CC(C(O2)COP(=O)(O)OP(=O)(O)OC3C(C(C(C(O3)CO)O)O)O)O,-1.7033348097384688,0.17875978350639343,-1.7019479274749756,0.9210818409919739
692,P27830_N190D,CC1=CN(C(=O)NC1=O)C2CC(C(O2)COP(=O)(O)OP(=O)(O)OC3C(C(C(C(O3)CO)O)O)O)O,-1.958607314841775,0.3904998004436493,-1.7590633630752563,1.128859043121338
693,P27830_H232A,CC1=CN(C(=O)NC1=O)C2CC(C(O2)COP(=O)(O)OP(=O)(O)OC3C(C(C(C(O3)CO)O)O)O)O,-1.0705810742857071,0.4651360809803009,-1.8067867755889893,1.201204538345337
694,P27830_N190A,CC1=CN(C(=O)NC1=O)C2CC(C(O2)COP(=O)(O)OP(=O)(O)OC3C(C(C(C(O3)CO)O)O)O)O,-2.050609993355087,0.4503691494464874,-1.7653013467788696,1.1822166442871094
695,P27830_K164M,CC1=CN(C(=O)NC1=O)C2CC(C(O2)COP(=O)(O)OP(=O)(O)OC3C(C(C(C(O3)CO)O)O)O)O,-1.2924298239020637,0.3113970458507538,-1.7257288694381714,1.0203309059143066
696,P27830_T134V,CC1=CN(C(=O)NC1=O)C2CC(C(O2)COP(=O)(O)OP(=O)(O)OC3C(C(C(C(O3)CO)O)O)O)O,-1.6840296545430822,0.33554595708847046,-1.7685537338256836,1.1006484031677246
697,P27830_Y160F,CC1=CN(C(=O)NC1=O)C2CC(C(O2)COP(=O)(O)OP(=O)(O)OC3C(C(C(C(O3)CO)O)O)O)O,-1.58838029403677,0.2577666640281677,-1.7014042139053345,0.9861220717430115
698,P27830_N190H,CC1=CN(C(=O)NC1=O)C2CC(C(O2)COP(=O)(O)OP(=O)(O)OC3C(C(C(C(O3)CO)O)O)O)O,-1.6458915608525992,0.47067391872406006,-1.8214915990829468,1.2569303512573242
699,P9WN65_wild,CC1=CN(C(=O)NC1=O)C2CC(C(O2)COP(=O)(O)OP(=O)(O)OC3C(C(C(C(O3)CO)O)O)O)O,2.668944734457734,-0.25949472188949585,-1.1934150457382202,0.8273082375526428
700,Q84AR1_wild,CSCC(C(=O)O)N,0.7759743311293691,0.3560349941253662,0.14653749763965607,0.4276714026927948
701,Q84AR1_wild,CSCCC(C(=O)O)N,0.8976270912904415,0.13710850477218628,0.17266328632831573,0.33637183904647827
702,Q86D27_wild,C(CSC(F)(F)F)C(C(=O)O)N,1.242044239369551,-0.02560388296842575,-0.024409838020801544,0.5553364753723145
703,Q86D27_wild,C(C(C(=O)O)N)S,-0.09691001300805639,0.17402493953704834,-0.30944833159446716,0.6771407723426819
704,Q86D27_C113S,C(CSC(F)(F)F)C(C(=O)O)N,-0.619788758288394,-0.006578318774700165,0.009563378989696503,0.5698422193527222
705,Q86D27_C113S,CSCCC(C(=O)O)N,-0.3279021420642826,0.373212069272995,0.27995041012763977,0.3801499605178833
706,Q86D27_Y111F,C(CSC(F)(F)F)C(C(=O)O)N,0.7634279935629373,-0.04979490488767624,-0.012694507837295532,0.5364358425140381
707,Q86D27_R58A,C(CSC(F)(F)F)C(C(=O)O)N,0.07554696139253074,-0.11707579344511032,0.10062467306852341,0.42175957560539246
708,Q86D27_wild,CSCCC(C(=O)O)N,0.045322978786657475,0.3491552770137787,0.22606568038463593,0.3744772672653198
709,Q86D27_wild,CC(=O)OCC(C(=O)O)N,0.7937903846908188,1.0507248640060425,0.493726521730423,0.7919535040855408
710,Q86D27_wild,C(CS)C(C(=O)O)N,1.0236639181977936,0.21154704689979553,-0.08023455739021301,0.5432856678962708
711,Q84AR1_A366Y,CSCCC(C(=O)O)N,0.9030899869919435,0.1300562620162964,0.1726425439119339,0.3326610326766968
712,Q84AR1_P357I,CSCCC(C(=O)O)N,0.9542425094393249,0.15039020776748657,0.18449744582176208,0.35329729318618774
713,Q84AR1_P360Q,CSCCC(C(=O)O)N,0.8692317197309762,0.12735819816589355,0.17069675028324127,0.33431050181388855
714,Q84AR1_C115A,CCSCC(C(=O)O)N,-0.24412514432750865,0.51583331823349,-0.12451458722352982,0.6130994558334351
715,Q84AR1_C115A,CC(=O)OCC(C(=O)O)N,0.13033376849500614,0.8640666604042053,0.45021066069602966,0.7177410125732422
716,Q84AR1_C115H,CCSCC(C(=O)O)N,0.8129133566428556,0.5168193578720093,-0.13387618958950043,0.6142557263374329
717,Q84AR1_C115A,CSCC(C(=O)O)N,0.13987908640123647,0.3999636173248291,0.14590872824192047,0.45505598187446594
718,Q84AR1_wild,CCSCC(C(=O)O)N,0.8325089127062363,0.47203823924064636,-0.12725253403186798,0.5893496870994568
719,Q84AR1_wild,C1=CC=C(C=C1)CSCC(C(=O)O)N,1.0374264979406236,0.32354140281677246,-0.2788768708705902,0.9077188968658447
720,Q84AR1_V358Y,CSCCC(C(=O)O)N,1.1789769472931695,0.14512571692466736,0.16785027086734772,0.35851410031318665
721,Q84AR1_wild,C(C(C(=O)O)N)S,0.367355921026019,-0.0820748507976532,-0.6275769472122192,0.541815459728241
722,Q84AR1_C115A,CSCCC(C(=O)O)N,-0.6575773191777937,0.18245252966880798,0.19405198097229004,0.3564639985561371
723,Q84AR1_wild,CCSCCC(C(=O)O)N,0.8312296938670634,0.1561737060546875,-0.1636675000190735,0.5078028440475464
724,Q84AR1_Y58F,CSCCC(C(=O)O)N,0.42488163663106704,0.049774736166000366,0.24457326531410217,0.183211088180542
725,Q84AR1_Y58F,CCSCC(C(=O)O)N,0.37657695705651195,0.35304221510887146,-0.061951473355293274,0.43682894110679626
726,Q84AR1_Y58F,CCSCCC(C(=O)O)N,0.3159703454569177,0.0573083870112896,-0.09380625188350677,0.34269601106643677
727,Q84AR1_Y58F,C(CS)C(C(=O)O)N,-0.05551732784983137,-0.11780501157045364,-0.08295111358165741,0.442837119102478
728,Q84AR1_C115H,CC(=O)OCC(C(=O)O)N,0.46686762035410945,0.870063066482544,0.4360520541667938,0.7297671437263489
729,Q84AR1_Y58F,C1=CC=C(C=C1)CSCC(C(=O)O)N,0.5237464668115644,0.24844932556152344,-0.23840592801570892,0.790276050567627
730,Q84AR1_wild,C(CS)C(C(=O)O)N,0.9299295600845878,-0.04869460314512253,-0.13902990520000458,0.5821992754936218
731,Q84AR1_C115A,CC(=O)OCCC(C(=O)O)N,0.7944880466591696,0.5606796741485596,0.12099018692970276,0.8045136332511902
732,Q84AR1_C115H,CC(=O)OCCC(C(=O)O)N,1.2622137054764169,0.565180778503418,0.1115836501121521,0.8200710415840149
733,Q84AR1_C115H,CSCC(C(=O)O)N,1.3632358044836939,0.4046330749988556,0.13643762469291687,0.4553939700126648
734,Q7MX71_wild,C(C(C(=O)O)N)S,0.26951294421791633,0.5171292424201965,-0.34398752450942993,1.0435714721679688
735,Q73KL7_wild,C(C(C(=O)O)N)S,-0.10237290870955856,0.3391939699649811,-0.36039063334465027,0.8535338044166565
736,C3VMV9_wild,CSCCC(C(=O)O)N,0.7379873263334308,0.465017706155777,0.40488216280937195,0.5145976543426514
737,C3VMV9_wild,CS(=O)(=O)CCC(C(=O)O)N,1.5331362882786388,0.9316070079803467,0.4455266296863556,0.5771907567977905
738,P00797_wild,CCC(C)C(C(=O)NC(CC1=CN=CN1)C(=O)N2CCCC2C(=O)NC(CC3=CC=CC=C3)C(=O)NC(CC4=CN=CN4)C(=O)NC(CC(C)C)C(=O)NC(CC(C)C)C(=O)NC(C(C)C)C(=O)NC(CC5=CC=C(C=C5)O)C(=O)NC(CO)C(=O)O)NC(=O)C(CC6=CC=C(C=C6)O)NC(=O)C(C(C)C)NC(=O)C(CCCNC(=N)N)NC(=O)C(CC(=O)O)N,-0.6989700043360187,0.267279714345932,-1.926016926765442,2.1378750801086426
739,P00813_M155A,C1=NC(=C2C(=N1)N(C=N2)C3C(C(C(O3)CO)O)O)N,1.4577305482459983,0.6945851445198059,-0.892736554145813,1.9538661241531372
740,P00813_wild,C1=NC(=C2C(=N1)N(C=N2)C3C(C(C(O3)CO)O)O)N,1.9033070799641738,0.720073401927948,-0.8953737020492554,1.9683212041854858
741,Q58936_E150R,C1=NC(=C2C(=N1)N(C=N2)C3C(C(C(O3)CO)O)O)N,2.041392685158225,1.2130836248397827,-0.47037747502326965,1.9073412418365479
742,Q58936_Y136R,C1=NC(=C2C(=N1)N(C=N2)C3C(C(C(O3)CO)O)O)N,2.146128035678238,1.232253909111023,-0.49034419655799866,1.934693694114685
743,Q939D2_wild,OO,3.9242792860618816,2.7131845951080322,0.3856372535228729,1.555035948753357
744,P9WIE5_wild,COC1=C(C=CC(=C1)C2=CC(=C(C=C2)N)OC)N,1.6901960800285136,0.8387549519538879,-1.1339880228042603,1.5312103033065796
745,P9WIE5_N238S,COC1=C(C=CC(=C1)C2=CC(=C(C=C2)N)OC)N,1.5224442335063197,0.8382432460784912,-1.1349278688430786,1.5288403034210205
746,P9WIE5_wild,OO,2.4350476413399647,2.4348344802856445,0.411230206489563,1.3534669876098633
747,P9WIE5_N238S,OO,2.3569814009931314,2.4302310943603516,0.4101479947566986,1.349767804145813
748,A4QUT2_R461A,OO,2.4313637641589874,3.248445749282837,0.4623393416404724,1.8762314319610596
749,A4QUT2_wild,OO,3.809559714635268,3.257453203201294,0.46895408630371094,1.8769443035125732
750,A4QUT2_C55A,OO,3.828981954007923,3.2710680961608887,0.48380663990974426,1.8847057819366455
751,A4QUT2_C74A,OO,3.8788089323592057,3.2649667263031006,0.45753100514411926,1.8745710849761963
752,A4QUT2_C55A/C74A,OO,3.82795052830263,3.276944160461426,0.46218088269233704,1.892164707183838
753,A4QUT2_C26A/C74A,OO,3.8520528086978505,3.258699417114258,0.5156266689300537,1.8480358123779297
754,B5HL29_wild,C1=CC(=CC=C1C=CC(=O)O)O,-0.017728766960431606,-0.19776183366775513,-0.3779444992542267,0.11983966827392578
755,F8JS69_wild,C1=CC(=CC=C1C=CC(=O)O)O,-0.721246399047171,-0.054929085075855255,-0.480300635099411,0.2507475018501282
756,C6F3U5_E134A,COC1=C(C=CC(=C1)C=CC(=O)O)O,-0.004364805402450088,0.643440306186676,-0.17355623841285706,0.36170196533203125
757,C6F3U5_W25A,COC1=C(C=CC(=C1)C=CC(=O)O)O,-1.6989700043360187,0.7616335153579712,-0.16318362951278687,0.37715455889701843
758,C6F3U5_wild,COC1=C(C=CC(=C1)C=CC(=O)O)O,0.33243845991560533,0.7088919281959534,-0.13843503594398499,0.35308313369750977
759,G7VG08_wild,CCCC(=O)OC1=CC=C(C=C1)[N+](=O)[O-],0.9599948383284161,1.1822155714035034,-0.32210803031921387,0.7943264245986938
760,G7VG08_wild,CCCCCCCC(=O)OC1=CC=C(C=C1)[N+](=O)[O-],0.8034571156484139,1.048298716545105,-0.7634081840515137,0.8603954315185547
761,G7VG08_wild,CCCCCCCCCC(=O)OC1=CC=C(C=C1)[N+](=O)[O-],0.791690649020118,1.0017706155776978,-0.9966678619384766,0.9539672136306763
762,G7VG08_wild,CC(=O)OC1=CC=C(C=C1)[N+](=O)[O-],1.0663259253620379,1.1487174034118652,-0.2849290072917938,0.6361266374588013
763,A0A1C9V3S9_wild,C1=CC=C(C=C1)C(C#N)O,2.1583624920952498,1.509355902671814,-0.5906455516815186,1.6245312690734863
764,A0A1C9V3R0_wild,C1=CC=C(C=C1)C(C#N)O,2.1931245983544616,1.4981964826583862,-0.5775326490402222,1.657672643661499
765,A0A1C9V3R4_wild,C1=CC=C(C=C1)C(C#N)O,2.5514499979728753,1.5750826597213745,-0.5822567939758301,1.7034449577331543
766,A0A1C9V3R6_wild,C1=CC=C(C=C1)C(C#N)O,2.4345689040341987,1.5419907569885254,-0.5471687316894531,1.6851695775985718
767,P33174_wild,C1=NC(=C2C(=N1)N(C=N2)C3C(C(C(O3)COP(=O)(O)OP(=O)(O)OP(=O)(O)O)O)O)N,1.6242820958356683,-0.5156813859939575,-0.7434757947921753,1.2326089143753052
768,A4F2M4_wild,C(C1C(C(C(C(O1)OCC2C(C(C(C(O2)OC3C(OC(C(C3O)O)O)CO)O)O)OC4C(C(C(C(O4)CO)O)O)O)O)O)O)O,2.6148972160331345,0.20175465941429138,-0.4815496802330017,0.7137320637702942
769,A4F2M4_wild,C1=NC(=C2C(=N1)N(C=N2)C3C(C(C(O3)COP(=O)(O)OP(=O)(O)OC4C(C(C(C(O4)CO)O)O)O)O)O)N,2.5224442335063197,0.3519510328769684,-0.802248477935791,1.18451726436615
770,A4F2M4_wild,C(C1C(C(C(C(O1)OC2C(OC(C(C2O)O)OCC3C(C(C(C(O3)OC4C(OC(C(C4O)O)O)CO)O)O)OC5C(C(C(C(O5)CO)O)O)O)CO)O)O)O)O,2.3710678622717363,0.2742752730846405,-0.6580982208251953,0.7471838593482971
771,P9WJH7_D93N,C1=NC(=C2C(=N1)N(C=N2)C3C(C(C(O3)COP(=O)(O)OP(=O)(O)OP(=O)(O)O)O)O)N,2.3654879848909,1.0430678129196167,-0.8582309484481812,1.926497459411621
772,P9WJH7_wild,C1=NC(=C2C(=N1)N(C=N2)C3C(C(C(O3)COP(=O)(O)OP(=O)(O)OP(=O)(O)O)O)O)N,2.4216039268698313,0.889956533908844,-0.7619326114654541,1.7146563529968262
773,Q9SP13_wild,C1C(C(OC1N2C=CC(=NC2=O)N)COP(=O)(O)OP(=O)(O)O)O,2.0253058652647704,1.2487257719039917,-0.7860443592071533,2.24984073638916
774,Q9SP13_wild,CC1=CN(C(=O)NC1=O)C2CC(C(O2)COP(=O)(O)OP(=O)(O)O)O,2.167317334748176,1.2973471879959106,-0.7868775129318237,2.239668607711792
775,Q7Z8P9_wild,C1=CN(C(=O)NC1=O)C2C(C(C(O2)COP(=O)(O)OP(=O)(O)OP(=O)(O)O)O)O,2.146128035678238,1.6528466939926147,-0.5467789173126221,1.9265415668487549
776,Q7Z8P9_wild,CC1=CN(C(=O)NC1=O)C2CC(C(O2)COP(=O)(O)OP(=O)(O)OP(=O)(O)O)O,2.250420002308894,1.4587340354919434,-0.7599688768386841,1.9279680252075195
777,Q7Z8P9_wild,C1=NC2=C(N1C3C(C(C(O3)COP(=O)(O)OP(=O)(O)OP(=O)(O)O)O)O)N=C(NC2=O)N,2.27415784926368,1.7834422588348389,-0.8034369945526123,2.021883487701416
778,Q7Z8P9_wild,C1=CN(C(=O)N=C1N)C2C(C(C(O2)COP(=O)(O)OP(=O)(O)OP(=O)(O)O)O)O,1.725094521081469,1.6937446594238281,-0.5820292234420776,1.9128053188323975
779,Q7Z8P9_wild,C1=NC2=C(C(=O)N1)N=CN2C3C(C(C(O3)COP(=O)(O)OP(=O)(O)OP(=O)(O)O)O)O,1.920123326290724,1.708620309829712,-0.6139411926269531,2.060056209564209
780,Q7Z8P9_wild,C1=NC(=C2C(=N1)N(C=N2)C3C(C(C(O3)COP(=O)(O)OP(=O)(O)OP(=O)(O)O)O)O)N,2.5065050324048723,1.8555387258529663,-0.7163146734237671,2.0938472747802734
781,O33194_wild,C1=CC(=CC=C1[N+](=O)[O-])OP(=O)(O)O,0.0,0.12339787930250168,0.05953717231750488,0.29823732376098633
782,O33194_wild,C(C(COP(=O)(O)O)O)O,-0.11350927482751812,0.612991988658905,-0.190056711435318,0.35958802700042725
783,O33194_wild,C(C(COP(=O)([O-])[O-])O)O,-1.6989700043360187,0.14525547623634338,-0.220272958278656,0.4049855172634125
784,O33194_wild,C(C(C(C(=O)CO)O)O)OP(=O)(O)O,-0.744727494896694,0.576714813709259,-0.43963977694511414,0.8309271335601807
785,O33194_wild,C(C(CO)OP(=O)(O)O)O,-0.744727494896694,0.3364410698413849,-0.2903594374656677,0.3887617290019989
786,O58237_wild,C1=CC(=CC=C1[N+](=O)[O-])OC2C(C(C(C(O2)CO)O)O)O,1.5365584425715302,0.880488932132721,0.07474345713853836,1.254387617111206
787,Q9YGB8_wild,C1=CC(=CC=C1[N+](=O)[O-])OC2C(C(C(C(O2)CO)O)O)O,2.3572485769362874,0.6646735072135925,-0.016743123531341553,1.1390331983566284
788,Q9YGB8_D206N,C1=CC(=CC=C1[N+](=O)[O-])OC2C(C(C(C(O2)CO)O)O)O,2.543596268473794,0.9513343572616577,-0.05573681741952896,1.331946849822998
789,Q9YGB8_wild,CC1C(C(C(C(O1)OC2=CC=C(C=C2)[N+](=O)[O-])O)O)O,2.5081929260254405,0.4384910762310028,0.04566383361816406,1.2259528636932373
790,Q9YGB8_D206N,CC1C(C(C(C(O1)OC2=CC=C(C=C2)[N+](=O)[O-])O)O)O,2.509753444381994,0.7465205192565918,0.02189895510673523,1.3939913511276245
791,P54212_wild,C(=O)(O)O,4.653212513775344,3.8755764961242676,1.796808123588562,1.8483424186706543
792,Q02218_wild,C(CC(=O)C(=O)O)CC(=O)O,0.5563025007672873,0.637823760509491,-0.9102307558059692,1.416242241859436
793,Q02218_wild,C(CC(=O)O)C(=O)C(=O)O,1.2648178230095364,0.5943818688392639,-1.1459771394729614,1.5338325500488281
794,A0A1Z2QRD5_wild,C1(C(C(OC(C1OC2C(C(C(C(O2)C(=O)O)P)O)O)C(=O)O)OP)O)O,1.7708520116421442,1.5688973665237427,-0.35902225971221924,1.3158881664276123
795,Q0KBC7_wild,C(C(C(C(=O)O)O)O)O,1.462397997898956,0.4881209135055542,0.31564220786094666,0.5143882036209106
796,Q6CZ26_wild,C(C(C(C(=O)O)O)O)O,1.7323937598229686,0.5312977433204651,0.1477203220129013,0.6188750267028809
797,B9JKN9_wild,C(C(C(C(=O)O)O)O)O,1.3010299956639813,0.7025830149650574,0.17479044198989868,0.5381003618240356
798,B9JKN9_wild,C(C(C(C(C(C(=O)[O-])O)O)O)O)O,1.214843848047698,0.7188022136688232,0.0025295913219451904,0.703420102596283
799,Q2G159_wild,CC(=O)NC1C(C(C(OC1O)CO)O)O,2.4192947217534604,1.6509233713150024,-0.422039657831192,1.5528969764709473
800,Q2G159_wild,C(C1C(C(C(C(O1)O)O)O)O)O,1.7781512503836436,1.6911433935165405,-0.2260272353887558,1.062851905822754
801,Q2G159_Y160A,CC(=O)NC1C(C(C(OC1O)CO)O)O,2.3483048630481607,1.6848869323730469,-0.4259750247001648,1.575673222541809
802,Q2G159_Y160F,CC(=O)NC1C(C(C(OC1O)CO)O)O,2.334453751150931,1.6369866132736206,-0.4288181960582733,1.5466227531433105
803,Q2G159_wild,C1=NC(=C2C(=N1)N(C=N2)C3C(C(C(O3)COP(=O)(O)OP(=O)(O)OP(=O)(O)O)O)O)N,2.4192947217534604,1.1214178800582886,-0.4565448462963104,1.492413878440857
804,Q70WQ8_wild,CC(=O)C(=O)[O-],-0.1655792963184674,1.16795015335083,-0.03515085577964783,1.660117268562317
805,Q5KTW9_wild,C1=NC(=C2C(=N1)N(C=N2)C3C(C(C(O3)COP(=O)(O)OP(=O)(O)OP(=O)(O)O)O)O)N,-3.744727494896694,-0.865260899066925,-0.961696982383728,0.4211333394050598
806,Q8LDN8_wild,C1C(C(C(C(O1)OP(=O)(O)OP(=O)(O)OCC2C(C(C(O2)N3C=CC(=O)NC3=O)O)O)O)O)O,1.1139433523068367,0.6563184261322021,-0.9605907201766968,1.4485653638839722
807,Q42605_wild,C1C(C(C(C(O1)OP(=O)(O)OP(=O)(O)OCC2C(C(C(O2)N3C=CC(=O)NC3=O)O)O)O)O)O,1.2787536009528289,0.63121497631073,-0.9399861097335815,1.2589328289031982
808,Q9BY32_wild,C1C(C(OC1N2C=NC3=C2N=CNC3=O)COP(=O)(O)OP(=O)(O)OP(=O)(O)O)O,2.5563025007672873,-0.20092585682868958,-0.43761882185935974,1.5896085500717163
809,Q9BY32_wild,C1=NC2=C(N1C3C(C(C(O3)COP(=O)(O)OP(=O)(O)OP(=O)(O)O)O)O)NC(=O)NC2=O,2.806179973983887,-0.13777053356170654,-0.5719785690307617,1.6342991590499878
810,Q9BY32_wild,C1=NC2=C(C(=O)N1)N=CN2C3C(C(C(O3)COP(=O)(O)OP(=O)(O)OP(=O)(O)O)O)O,2.7634279935629373,-0.11941386014223099,-0.544477105140686,1.6168694496154785
811,B3EY95_wild,CC(=O)[O-],2.462397997898956,1.3983350992202759,1.9738985300064087,0.5598506927490234
812,C7G532_wild,C1C(C(C(C(O1)O)O)O)O,1.6720978579357175,1.017053246498108,1.3279184103012085,0.22368673980236053
813,C7G532_wild,C(C1C(C(C(C(O1)O)O)O)O)O,0.6570558528571039,0.7468811273574829,1.407705307006836,-0.1737874150276184
814,D3U1D9_wild,C1=CC(=C[N+](=C1)C2C(C(C(O2)COP(=O)(O)OP(=O)(O)OCC3C(C(C(O3)N4C=NC5=C(N=CN=C54)N)OP(=O)(O)O)O)O)O)C(=O)N,-0.8239087409443188,0.7249481678009033,-0.8413795232772827,1.2867836952209473
815,D3U1D9_wild,C(CS(=O)(=O)O)O,-0.8239087409443188,0.42018255591392517,0.6030887365341187,0.05158552527427673
816,P34884_wild,C1=CC=C(C=C1)C=C(C(=O)O)O,2.6127838567197355,1.94510817527771,0.1350029706954956,1.6034793853759766
817,P34884_wild,C1=CC=C(C=C1)CC(=O)C(=O)[O-],2.45484486000851,1.706685185432434,0.32507649064064026,1.6252760887145996
818,P72782_R185A,CC1=C(C(=CC2=C(C(=C(N2)C=C3C(=C(C(=O)N3)C)C=C)C)CCC(=O)O)NC1=CC4=NC(=O)C(=C4C)C=C)CCC(=O)O,-0.15490195998574322,-0.6882864832878113,-2.134728193283081,2.3108911514282227
819,P72782_R185K,CC1=C(C(=CC2=C(C(=C(N2)C=C3C(=C(C(=O)N3)C)C=C)C)CCC(=O)O)NC1=CC4=NC(=O)C(=C4C)C=C)CCC(=O)O,-0.045757490560675115,-0.737045168876648,-2.1145970821380615,2.275088310241699
820,P72782_Y102F,CC1=C(C(=CC2=C(C(=C(N2)C=C3C(=C(C(=O)N3)C)C=C)C)CCC(=O)O)NC1=CC4=NC(=O)C(=C4C)C=C)CCC(=O)O,0.43136376415898736,-0.772388756275177,-2.14180588722229,2.2764055728912354
821,P72782_S184A,CC1=C(C(=CC2=C(C(=C(N2)C=C3C(=C(C(=O)N3)C)C=C)C)CCC(=O)O)NC1=CC4=NC(=O)C(=C4C)C=C)CCC(=O)O,1.0530784434834197,-0.7904546856880188,-2.1611554622650146,2.260401725769043
822,P72782_T169A,CC1=C(C(=CC2=C(C(=C(N2)C=C3C(=C(C(=O)N3)C)C=C)C)CCC(=O)O)NC1=CC4=NC(=O)C(=C4C)C=C)CCC(=O)O,1.1172712956557642,-0.7572415471076965,-2.13757061958313,2.296654462814331
823,P72782_R246A,CC1=C(C(=CC2=C(C(=C(N2)C=C3C(=C(C(=O)N3)C)C=C)C)CCC(=O)O)NC1=CC4=NC(=O)C(=C4C)C=C)CCC(=O)O,1.0413926851582251,-0.715570867061615,-2.160322904586792,2.3275156021118164
824,P72782_wild,CC1=C(C(=CC2=C(C(=C(N2)C=C3C(=C(C(=O)N3)C)C=C)C)CCC(=O)O)NC1=CC4=NC(=O)C(=C4C)C=C)CCC(=O)O,0.8512583487190752,-0.758708655834198,-2.1315813064575195,2.2878007888793945
825,P72782_R188A,CC1=C(C(=CC2=C(C(=C(N2)C=C3C(=C(C(=O)N3)C)C=C)C)CCC(=O)O)NC1=CC4=NC(=O)C(=C4C)C=C)CCC(=O)O,1.1271047983648077,-0.7525908350944519,-2.1396424770355225,2.2916226387023926
826,Q15031_wild,C1=NC(=C2C(=N1)N(C=N2)C3C(C(C(O3)COP(=O)(O)OP(=O)(O)OP(=O)(O)O)O)O)N,-0.09691001300805639,0.1264801323413849,-1.1280357837677002,1.3317344188690186
827,Q15031_wild,CC(C)CC(C(=O)O)N,0.43136376415898736,0.20465779304504395,-1.0318852663040161,1.3608088493347168
828,A0A0H3KFM7_F78W,C1=C(N(C=N1)C2C(C(C(O2)COP(=O)(O)O)O)O)N,1.255272505103306,-0.1807127296924591,-1.4082553386688232,1.2582457065582275
829,A0A0H3KFM7_F78I,C1=C(N(C=N1)C2C(C(C(O2)COP(=O)(O)O)O)O)N,1.199480914862356,-0.1926841139793396,-1.422871708869934,1.2628587484359741
830,A0A0H3KFM7_wild,C1=C(N(C=N1)C2C(C(C(O2)COP(=O)(O)O)O)O)N,1.3949767195545644,-0.12982040643692017,-1.4181371927261353,1.2919561862945557
831,Q2FIA5_wild,CC(C)(COP(=O)(O)OP(=O)(O)OCC1C(C(C(O1)N2C=NC3=C(N=CN=C32)N)O)OP(=O)(O)O)C(C(=O)NCCC(=O)NCCSSCCNC(=O)CCNC(=O)C(C(C)(C)COP(=O)(O)OP(=O)(O)OCC4C(C(C(O4)N5C=NC6=C(N=CN=C65)N)O)OP(=O)(O)O)O)O,1.4313637641589874,0.6708546280860901,-1.17593514919281,2.4036808013916016
832,Q2FIA5_Y419F,CSS(=O)(=O)C,0.07918124604762482,1.2353562116622925,0.06491754949092865,1.1772457361221313
833,Q2FIA5_Y361F,CSS(=O)(=O)C,1.0170333392987805,1.2656396627426147,0.0511370450258255,1.2155277729034424
834,Q2FIA5_wild,CSS(=O)(=O)C,0.8061799739838872,1.2703074216842651,0.04537815600633621,1.213061809539795
835,P06276_wild,CCCC(=O)SCC[N+](C)(C)C,3.263241355811941,0.8848384022712708,-0.9937112331390381,2.3859634399414062
836,P06276_wild,CC(=O)SCC[N+](C)(C)C,2.9208187365805958,0.9554830193519592,-1.098479151725769,2.3947181701660156
837,P06276_wild,CN1C2CCC1C(C(C2)OC(=O)C3=CC=CC=C3)C(=O)OC,-1.1674910872937636,1.045403242111206,-1.4452779293060303,1.9990543127059937
838,P06276_wild,CCC(=O)SCC[N+](C)(C)C,3.2218488364752442,0.8968883156776428,-1.127503514289856,2.4554903507232666
839,P06276_wild,CC(=O)OC1C=CC2C3CC4=C5C2(C1OC5=C(C=C4)O)CCN3C,-2.3767507096020997,-0.08167599886655807,-0.3081902861595154,0.6971724033355713
840,P06276_wild,CC(=O)OC1C=CC2C3CC4=C5C2(C1OC5=C(C=C4)OC(=O)C)CCN3C,1.4867137759824856,-0.09998206049203873,-0.29191121459007263,0.8274739980697632
841,P32752_wild,CC(=O)SCC[N+](C)(C)C,0.7481880270062004,1.8745460510253906,-0.5906165838241577,1.6337120532989502
842,P32752_wild,CCCC(=O)SCC[N+](C)(C)C,0.6794278966121189,1.8825691938400269,-0.5536969900131226,1.576711893081665
843,Q84FH6_wild,C=C(C(=O)O)OC1C=C(C=CC1O)C(=O)O,1.7160033436347992,1.9655799865722656,-0.7654733657836914,1.6647005081176758
844,P19080_wild,C=C(C(=O)O)OC1C=C(C=CC1O)C(=O)O,1.6989700043360187,1.412699818611145,-0.28849145770072937,1.292423963546753
845,P19080_C88K/R90S,C=C(C(=O)O)OC1C=C(C=CC1O)C(=O)O,-0.494850021680094,1.0410553216934204,-0.14513903856277466,0.9601075053215027
846,P19080_C88S/R90K,C=C(C(=O)O)OC1C=C(C=CC1O)C(=O)O,-0.5376020021010439,1.3029216527938843,-0.2272397130727768,1.1463704109191895
847,P19080_R90G,C=C(C(=O)O)OC1C=C(C=CC1O)C(=O)O,-3.522878745280338,0.9737780690193176,-0.14024366438388824,0.9047092199325562
848,P9WIC1_wild,C=C(C(=O)O)OC1C=C(C=CC1O)C(=O)O,0.7403626894942439,0.2619825303554535,-0.5273219347000122,0.9491075277328491
849,P39976_wild,C(CC(=O)O)C(C(=O)O)O,0.6020599913279624,0.34243062138557434,-0.1668948084115982,0.8467023372650146
850,P39976_wild,CC(=O)C(=O)[O-],0.6901960800285137,0.8806237578392029,0.0548340380191803,1.144363284111023
851,A0A0H3AFW5_wild,CC(=O)C=O,-0.17848647159522685,1.6001139879226685,0.44636932015419006,1.1974365711212158
852,Q9NRN7_R47A,[Mg+2],-0.09691001300805639,0.8631816506385803,0.4703608751296997,-0.5545088052749634
853,Q9NRN7_wild,[Mg+2],-0.619788758288394,0.8866133689880371,0.4667224586009979,-0.5311760902404785
854,Q9NRN7_wild,CC(=O)SCCNC(=O)CCNC(=O)C(C(C)(C)COP(=O)(O)OP(=O)(O)OCC1C(C(C(O1)N2C=NC3=C(N=CN=C32)N)O)OP(=O)(O)O)O,-0.619788758288394,0.100609689950943,-1.228681206703186,0.45852380990982056
855,Q9NRN7_R47A,CC(=O)SCCNC(=O)CCNC(=O)C(C(C)(C)COP(=O)(O)OP(=O)(O)OCC1C(C(C(O1)N2C=NC3=C(N=CN=C32)N)O)OP(=O)(O)O)O,-0.24412514432750865,0.07853173464536667,-1.2039657831192017,0.4265829920768738
856,Q9NRN7_R86A,[Mg+2],0.07918124604762482,0.8738633990287781,0.46618935465812683,-0.5549087524414062
857,Q9NRN7_Q112E,CC(=O)SCCNC(=O)CCNC(=O)C(C(C)(C)COP(=O)(O)OP(=O)(O)OCC1C(C(C(O1)N2C=NC3=C(N=CN=C32)N)O)OP(=O)(O)O)O,-1.431798275933005,0.04176221415400505,-1.171718716621399,0.40045052766799927
858,Q9NRN7_E181Q,[Mg+2],-3.1870866433571443,0.6482014060020447,0.5705174207687378,-0.9004561901092529
859,Q9NRN7_Q112E,[Mg+2],-1.6575773191777938,0.8401281833648682,0.5407179594039917,-0.5910093784332275
860,Q9NRN7_H111A,[Mg+2],-0.9136401693252518,0.6682233214378357,0.583368182182312,-0.8070262670516968
861,Q9NRN7_E181Q/Q112E,CC(=O)SCCNC(=O)CCNC(=O)C(C(C)(C)COP(=O)(O)OP(=O)(O)OCC1C(C(C(O1)N2C=NC3=C(N=CN=C32)N)O)OP(=O)(O)O)O,-3.3979400086720375,-0.29269370436668396,-1.0240334272384644,0.03715977072715759
862,Q9NRN7_H111A,CC(=O)SCCNC(=O)CCNC(=O)C(C(C)(C)COP(=O)(O)OP(=O)(O)OCC1C(C(C(O1)N2C=NC3=C(N=CN=C32)N)O)OP(=O)(O)O)O,-0.9913998282380825,-0.1725786328315735,-1.08869206905365,0.1909363865852356
863,Q9NRN7_K185A,[Mg+2],-3.522878745280338,0.6795830130577087,0.5246180295944214,-0.7620141506195068
864,Q9NRN7_K185A,CC(=O)SCCNC(=O)CCNC(=O)C(C(C)(C)COP(=O)(O)OP(=O)(O)OCC1C(C(C(O1)N2C=NC3=C(N=CN=C32)N)O)OP(=O)(O)O)O,-3.6020599913279625,-0.12212557345628738,-1.1547574996948242,0.24176739156246185
865,Q9NRN7_D129A,[Mg+2],-3.154901959985743,0.7653659582138062,0.5478255748748779,-0.7530388832092285
866,Q9NRN7_Q112E/E181Q,[Mg+2],-3.494850021680094,0.5611051917076111,0.6677933931350708,-1.0105159282684326
867,Q9NRN7_D129A,CC(=O)SCCNC(=O)CCNC(=O)C(C(C)(C)COP(=O)(O)OP(=O)(O)OCC1C(C(C(O1)N2C=NC3=C(N=CN=C32)N)O)OP(=O)(O)O)O,-4.007299253463347,-0.05644603818655014,-1.1362560987472534,0.26867687702178955
868,Q9NRN7_E181A,[Mg+2],-3.41642345213079,0.7404339909553528,0.5336910486221313,-0.7610653638839722
869,Q9NRN7_E181A,CC(=O)SCCNC(=O)CCNC(=O)C(C(C)(C)COP(=O)(O)OP(=O)(O)OCC1C(C(C(O1)N2C=NC3=C(N=CN=C32)N)O)OP(=O)(O)O)O,-3.1426675035687315,-0.07523990422487259,-1.1456269025802612,0.2615484595298767
870,Q9NRN7_R86A,CC(=O)SCCNC(=O)CCNC(=O)C(C(C)(C)COP(=O)(O)OP(=O)(O)OCC1C(C(C(O1)N2C=NC3=C(N=CN=C32)N)O)OP(=O)(O)O)O,-0.011738418144343114,0.08068377524614334,-1.1970311403274536,0.4237440526485443
871,Q9NRN7_E181Q,CC(=O)SCCNC(=O)CCNC(=O)C(C(C)(C)COP(=O)(O)OP(=O)(O)OCC1C(C(C(O1)N2C=NC3=C(N=CN=C32)N)O)OP(=O)(O)O)O,-3.134698593638115,-0.19053959846496582,-1.1009578704833984,0.1405276656150818
872,Q5F2I3_wild,[O-]S(=O)[O-],-1.408935392973501,2.0304930210113525,-1.220363974571228,2.317134380340576
873,Q5F2I3_wild,N(=O)[O-],3.456366033129043,2.180692672729492,-0.9378259181976318,2.4331932067871094
874,Q9LJB4_wild,CC(C)(COP(=O)(O)OP(=O)(O)OCC1C(C(C(O1)N2C=NC3=C(N=CN=C32)N)O)OP(=O)(O)O)C(C(=O)NCCC(=O)NCCSC(=O)CC(=O)O)O,-0.6989700043360187,0.6814280152320862,-1.2323461771011353,1.2699787616729736
875,Q9LJB4_wild,C1=CC(=C(C=C1C2=C(C=C3C(=CC(=CC3=[O+]2)O)OC4C(C(C(C(O4)CO)O)O)O)OC5C(C(C(C(O5)CO)O)O)O)O)O,-1.6989700043360187,0.5047367811203003,-0.9793797731399536,0.9106230139732361
876,Q9LJB4_wild,COC1=CC(=CC(=C1O)OC)C2=C(C=C3C(=CC(=CC3=[O+]2)O)OC4C(C(C(C(O4)CO)O)O)O)OC5C(C(C(C(O5)CO)O)O)O.[Cl-],0.2528530309798932,0.4862596392631531,-0.8427039384841919,0.7973358631134033
877,A0A0M3VI47_wild,C(CSCC(C(=O)O)N)C(C(=O)O)N,4.3222192947339195,0.7161738276481628,-0.1516115516424179,0.9913346767425537
878,P28607_wild,C1=CC(=CC=C1[N+](=O)[O-])OS(=O)(=O)O,2.4097641042663462,1.3995122909545898,-0.08619942516088486,1.0401859283447266
879,Q8ZUN8_wild,C(C1C(C(C(C(O1)OC2C(OC(C(C2O)O)O)CO)O)O)O)O,0.36172783601759284,2.5074660778045654,-0.8915491104125977,1.037644386291504
880,Q8ZUN8_wild,C(C1C(C(C(C(O1)O)O)O)O)O,0.6334684555795865,2.7085347175598145,-0.8523399829864502,0.8856494426727295
881,Q8ZUN8_wild,C1C(C(C(C(O1)O)O)O)O,0.505149978319906,2.914156913757324,-0.6880354881286621,0.9143990278244019
882,I7A144_wild,C(C(C(C(CO)O)O)O)O,1.1760912590556813,2.2462854385375977,-3.544050455093384,3.476555585861206
883,I7A144_Y156A,C1C(C(C(C(O1)O)O)O)O,2.484299839346786,2.783881902694702,-3.35319447517395,3.766404867172241
884,I7A144_Y156A,C(C1C(C(C(C(O1)O)N)O)O)O,2.0170333392987803,2.3391735553741455,-3.410811424255371,3.598351001739502
885,I7A144_Y156K,C(C1C(C(C(C(O1)O)N)O)O)O,2.0681858617461617,2.3197107315063477,-3.3941259384155273,3.5675666332244873
886,I7A144_Y156A,C(C=O)C(C(C(CO)O)O)O,1.8388490907372552,2.187130928039551,-3.78369402885437,3.900373935699463
887,I7A144_wild,CO,1.8808135922807914,1.2056342363357544,-2.6297690868377686,2.4495160579681396
888,I7A144_Y156K,C(C=O)C(C(C(CO)O)O)O,2.1072099696478683,2.1640844345092773,-3.7764298915863037,3.8688697814941406
889,I7A144_Y156A,C(C1C(C(C(C(O1)O)O)O)O)O,2.530199698203082,2.541630983352661,-3.4014129638671875,3.697535276412964
890,I7A144_Y156A,C(C1C(C(C(C(O1)OC2C(OC(C(C2O)O)O)CO)O)O)O)O,2.450249108319361,2.3291802406311035,-3.5218451023101807,3.649949073791504
891,I7A144_wild,C(C(C(C(C(CO)O)O)O)O)O,1.5797835966168101,2.180757999420166,-3.389378309249878,3.3726999759674072
892,I7A144_wild,C(C1C(C(C(C(O1)O)N)O)O)O,2.294466226161593,2.3240716457366943,-3.392315626144409,3.5883543491363525
893,I7A144_Y156K,C(C1C(C(C(C(O1)OC2C(OC(C(C2O)O)O)CO)O)O)O)O,2.3521825181113627,2.3087425231933594,-3.5089735984802246,3.6170167922973633
894,I7A144_wild,C1C(C(C(C(O1)O)O)O)O,3.244277120801843,2.7752819061279297,-3.3420469760894775,3.758603572845459
895,I7A144_wild,CCO,2.089905111439398,2.2524070739746094,-3.40038800239563,3.6595287322998047
896,I7A144_wild,C(C1C(C(C(C(O1)O)O)O)O)O,3.2113875529368587,2.5268521308898926,-3.3903768062591553,3.6878249645233154
897,I7A144_Y156K,C1C(C(C(C(O1)O)O)O)O,2.8543060418010806,2.772420883178711,-3.3402440547943115,3.7389726638793945
898,I7A144_Y156K,C(C1C(C(C(C(O1)O)O)O)O)O,2.499687082618404,2.526272773742676,-3.385057210922241,3.6697633266448975
899,I7A144_wild,C(C(C(C(C(C=O)O)O)O)O)OP(=O)(O)O,2.2833012287035497,2.139177083969116,-4.021677494049072,3.8897416591644287
900,I7A144_Y156K,C(C1C(C(C(C(O1)OC2C(OC(C(C2O)O)OC3C(OC(C(C3O)O)O)CO)CO)O)O)O)O,2.5599066250361124,1.910907506942749,-3.7645041942596436,3.5784807205200195
901,I7A144_Y156A,C(C1C(C(C(C(O1)OC2C(OC(C(C2O)O)OC3C(OC(C(C3O)O)O)CO)CO)O)O)O)O,2.9148718175400505,1.930271029472351,-3.7787563800811768,3.6108949184417725
902,I7A144_wild,C(C1C(C(C(C(O1)OC2C(OC(C(C2O)O)O)CO)O)O)O)O,3.2907022432878543,2.3106021881103516,-3.5097248554229736,3.640700340270996
903,I7A144_wild,C(C1C(C(C(C(O1)OC2C(OC(C(C2O)O)OC3C(OC(C(C3O)O)O)CO)CO)O)O)O)O,2.8876173003357364,1.9158560037612915,-3.770094156265259,3.603764533996582
904,I7A144_wild,C(C=O)C(C(C(CO)O)O)O,3.0572856444182146,2.169361114501953,-3.7715463638305664,3.8896679878234863
905,D2PPM7_wild,C1C2C(C(C(C(O2)OC3C(C(OC(C3O)OCC4C(C(C(C(O4)OC5C(C(OC(C5O)O1)CO)O)O)O)O)CO)O)O)O)O,1.3483048630481607,0.8086205124855042,0.7874646186828613,0.42450207471847534
906,P56937_wild,CC12CCC(=O)CC1CCC3C2CCC4(C3CCC4O)C,-1.8153085691824011,-0.03197886794805527,-2.2954044342041016,1.3532711267471313
907,P56937_wild,CC12CCC3C(C1CCC2=O)CCC4=C3C=CC(=C4)O,-2.2006594505464183,-0.7063204646110535,-2.5096426010131836,1.3837716579437256
908,D2PPM8_wild,C(C1C(C(C(C(O1)OCC2C(C(C(C(O2)OC(C(CO)O)C(C(C=O)O)O)O)O)O)O)O)O)O,0.06818586174616162,0.3385561406612396,0.3957836329936981,0.5877786874771118
909,D2PPM8_wild,C(C1C(C(C(C(O1)OCC2C(C(C(C(O2)O)O)O)O)O)O)O)O,1.0569048513364727,0.3671543300151825,0.5700151920318604,0.35496217012405396
910,D2PPM8_wild,C(C1C(C(C(C(O1)OCC2C(C(C(C(O2)OCC3C(C(C(C(O3)O)O)O)O)O)O)O)O)O)O)O,0.029383777685209663,0.3463394343852997,0.5728567838668823,0.4126364588737488
911,Q58936_E150R,CC1C(C(C(O1)N2C=NC3=C(N=CN=C32)N)O)O,1.3222192947339193,1.0177206993103027,-1.1142464876174927,2.2830252647399902
912,Q58936_Y136R,CC1C(C(C(O1)N2C=NC3=C(N=CN=C32)N)O)O,2.5185139398778875,1.0280905961990356,-1.132215142250061,2.3142595291137695
913,Q58936_Y136R/E150R,CC1C(C(C(O1)N2C=NC3=C(N=CN=C32)N)O)O,0.04921802267018165,0.9978727698326111,-1.097413420677185,2.269745349884033
914,Q58936_wild,CC1C(C(C(O1)N2C=NC3=C(N=CN=C32)N)O)O,5.079181246047625,1.0326999425888062,-1.1430338621139526,2.3086867332458496
915,Q2XNL6_wild,C1=NC(=C2C(=N1)N(C=N2)C3C(C(C(O3)COP(=O)(O)OP(=O)(O)OP(=O)(O)O)O)O)N,-0.15490195998574322,0.621250331401825,-1.0291130542755127,0.965785562992096
916,Q2XNL6_wild,CC(C)(COP(=O)(O)OP(=O)(O)OCC1C(C(C(O1)N2C=NC3=C(N=CN=C32)N)O)OP(=O)(O)O)C(C(=O)NCCC(=O)NCCS)O,1.911690158753861,0.6661957502365112,-1.2468949556350708,1.4262433052062988
917,Q2I0L7_G501A,C1=NC(=C2C(=N1)N(C=N2)C3C(C(C(O3)COP(=O)(O)OP(=O)(O)OP(=O)(O)O)O)O)N,-0.5228787452803376,0.40885525941848755,-0.9371272325515747,0.8175767660140991
918,Q2I0L7_G501A,CC(C)(COP(=O)(O)OP(=O)(O)OCC1C(C(C(O1)N2C=NC3=C(N=CN=C32)N)O)OP(=O)(O)O)C(C(=O)NCCC(=O)NCCS)O,-0.5228787452803376,0.4366815388202667,-1.1641955375671387,1.2647972106933594
919,Q2I0L7_G501A,CC(=O)[O-],-0.5228787452803376,0.6715578436851501,0.06864262372255325,0.4932413101196289
920,Q2I0L7_T499A,C1=NC(=C2C(=N1)N(C=N2)C3C(C(C(O3)COP(=O)(O)OP(=O)(O)OP(=O)(O)O)O)O)N,-0.09691001300805639,0.41967684030532837,-0.9477579593658447,0.8175131678581238
921,Q2I0L7_T499A,CC(C)(COP(=O)(O)OP(=O)(O)OCC1C(C(C(O1)N2C=NC3=C(N=CN=C32)N)O)OP(=O)(O)O)C(C(=O)NCCC(=O)NCCS)O,-0.09691001300805639,0.4514378309249878,-1.1745080947875977,1.2696179151535034
922,Q2I0L7_T499A,CC(=O)[O-],-0.09691001300805639,0.6758850812911987,0.05908237397670746,0.4965302050113678
923,Q2I0L7_A500T,C1=NC(=C2C(=N1)N(C=N2)C3C(C(C(O3)COP(=O)(O)OP(=O)(O)OP(=O)(O)O)O)O)N,0.17609125905568124,0.4476255774497986,-0.9433767795562744,0.8286083936691284
924,Q2I0L7_A500T,CC(C)(COP(=O)(O)OP(=O)(O)OCC1C(C(C(O1)N2C=NC3=C(N=CN=C32)N)O)OP(=O)(O)O)C(C(=O)NCCC(=O)NCCS)O,0.17609125905568124,0.4774974584579468,-1.1686279773712158,1.2812745571136475
925,Q2I0L7_A500T,CC(=O)[O-],0.17609125905568124,0.703283965587616,0.0604124441742897,0.5125704407691956
926,Q2I0L7_Y498A,C1=NC(=C2C(=N1)N(C=N2)C3C(C(C(O3)COP(=O)(O)OP(=O)(O)OP(=O)(O)O)O)O)N,0.2041199826559248,0.40246742963790894,-0.9260306358337402,0.8090786933898926
927,Q2I0L7_Y498A,CC(C)(COP(=O)(O)OP(=O)(O)OCC1C(C(C(O1)N2C=NC3=C(N=CN=C32)N)O)OP(=O)(O)O)C(C(=O)NCCC(=O)NCCS)O,0.2041199826559248,0.42550551891326904,-1.1525747776031494,1.2524300813674927
928,Q2I0L7_Y498A,CC(=O)[O-],0.2041199826559248,0.6486479640007019,0.08580140769481659,0.47792288661003113
929,Q2I0L7_wild,CC(C)(COP(=O)(O)OP(=O)(O)OCC1C(C(C(O1)N2C=NC3=C(N=CN=C32)N)O)OP(=O)(O)O)C(C(=O)NCCC(=O)NCCS)O,1.823474229170301,0.45536836981773376,-1.1685172319412231,1.2712430953979492
930,Q2I0L7_wild,CC(=O)[O-],1.823474229170301,0.6781870722770691,0.06232015788555145,0.49986767768859863
931,A0A0H4SN47_wild,C1=CC=C(C=C1)C(=O)C(=O)C2=CC=CC=C2,-0.8538719643217619,1.0023419857025146,-0.31380438804626465,1.1195893287658691
932,A0A1B2F298_wild,C1=CC(=C[N+](=C1)C2C(C(C(O2)COP(=O)(O)OP(=O)(O)OCC3C(C(C(O3)N4C=NC5=C(N=CN=C54)N)OP(=O)(O)O)O)O)O)C(=O)N,2.0086001717619175,1.409645438194275,-1.170112133026123,2.0109305381774902
933,A0A1B2F298_wild,C1=CC(=C[N+](=C1)C2C(C(C(O2)COP(=O)([O-])OP(=O)(O)OCC3C(C(C(O3)N4C=NC5=C(N=CN=C54)N)O)O)O)O)C(=O)N,2.4424797690644486,1.4801149368286133,-0.8075644969940186,1.7233498096466064
934,A0A1B2F298_wild,C1C=CN(C=C1C(=O)N)C2C(C(C(O2)COP(=O)(O)OP(=O)(O)OCC3C(C(C(O3)N4C=NC5=C(N=CN=C54)N)OP(=O)(O)O)O)O)O,2.0211892990699383,1.551786184310913,-1.4367445707321167,2.559600830078125
935,A0A1B2F298_wild,C1C=CN(C=C1C(=O)N)C2C(C(C(O2)COP(=O)(O)OP(=O)(O)OCC3C(C(C(O3)N4C=NC5=C(N=CN=C54)N)O)O)O)O,2.404833716619938,1.6235731840133667,-1.0877403020858765,2.192863941192627
936,P07702_wild,C(CC(C(=O)O)N)CC(=O)O,1.6201360549737576,0.3622606694698334,0.12710487842559814,0.10980793833732605
937,P07702_wild,C(C(C(=O)O)N)SCC(=O)O,0.7781512503836436,0.49505433440208435,0.11365890502929688,0.30369096994400024
938,P07702_wild,C(CCC(=O)[O-])CC(=O)[O-],-2.3467874862246565,0.4125865399837494,0.04856926202774048,0.376995325088501
939,Q6AW43_wild,C(C(=O)O)N=C(N)N,1.403120521175818,1.7468138933181763,0.4407682716846466,0.8817753195762634
940,B6K8Y1_N360S,C(C(C(=O)O)N)SCSCC(C(=O)O)N,-0.721246399047171,0.2841494381427765,-0.27032801508903503,0.42377254366874695
941,B6K8Y1_S77A,C(CSCC(C(=O)O)N)C(C(=O)O)N,-0.15490195998574322,0.0379658043384552,-0.15044885873794556,0.3820889890193939
942,B6K8Y1_wild,C(CSCC(C(=O)O)N)C(C(=O)O)N,0.3010299956639812,0.05628018453717232,-0.1583930253982544,0.39449870586395264
943,B6K8Y1_N360S,C(CSCC(C(=O)O)N)C(C(=O)O)N,-0.619788758288394,0.0329185426235199,-0.15730500221252441,0.36883294582366943
944,B6K8Y1_wild,C(C(C(=O)O)N)SCSCC(C(=O)O)N,-0.619788758288394,0.30559587478637695,-0.2760566771030426,0.4483558237552643
945,B6K8Y1_wild,C(C(C(=O)O)N)S,-2.0457574905606752,-0.37673813104629517,-0.3094435930252075,0.2850722670555115
946,B6K8Y1_S77A,C(C(C(=O)O)N)SCSCC(C(=O)O)N,-0.6575773191777937,0.28737586736679077,-0.27357134222984314,0.43423086404800415
947,B6K8Y1_N360S,C(C(C(=O)O)N)S,-2.154901959985743,-0.3892170488834381,-0.3102603554725647,0.26186826825141907
948,A8Y9I2_wild,CC1=C(C(CCC1)(C)C)C=CC(=CC=CC(=CC=CC=C(C)C=CC=C(C)C=CC2C(=CCCC2(C)C)C)C)C,-2.0861861476162833,-0.5956394076347351,-1.340870976448059,0.6035341620445251
949,A8Y9I2_wild,CC1=C(C(CCC1)(C)C)C=CC(=CC=CC(=CC=CC=C(C)C=CC=C(C)C=CC2=C(CCCC2(C)C)C)C)C,-2.0604807473813813,-0.6489065289497375,-1.3649344444274902,0.5740130543708801
950,Q57679_wild,C1=NC2=C(N1C3C(C(C(O3)COP(=O)(O)OP(=O)(O)OP(=O)(O)O)O)O)NC(=O)NC2=O,3.0040503927019335,0.01834592968225479,-0.2427894026041031,1.214051604270935
951,Q57679_wild,C1C(C(OC1N2C=NC3=C2N=CNC3=O)COP(=O)(O)OP(=O)(O)OP(=O)(O)O)O,2.182984967003582,-0.019520975649356842,-0.3092251718044281,1.1979844570159912
952,Q57679_wild,C1=NC2=C(C(=O)N1)N=CN2C3C(C(C(O3)COP(=O)(O)OP(=O)(O)OP(=O)(O)O)O)O,2.9598614818308304,0.041325196623802185,-0.17212273180484772,1.1023533344268799
953,P0A6L4_wild,CC(=O)NC1C(C(C(OC1O)CO)O)O,0.9542425094393249,0.9193805456161499,1.4165717363357544,-0.23158550262451172
954,P0A6L4_wild,CC(=O)NC1C(CC(OC1C(C(CO)O)O)(C(=O)O)O)O,1.021189299069938,0.8298313021659851,0.5976107120513916,0.4080549478530884
955,P0A6L4_wild,CC(=O)C(=O)[O-],0.25527250510330607,0.79873126745224,0.9261070489883423,0.8673210144042969
956,P0A6L4_L171N/I229N,CC(=O)NC1C(CC(OC1C(C(CO)O)O)(C(=O)O)O)O,0.4983105537896005,0.809630811214447,0.5841871500015259,0.3749602735042572
957,P0A6L4_I229N,CC(=O)NC1C(CC(OC1C(C(CO)O)O)(C(=O)O)O)O,0.8692317197309762,0.8080094456672668,0.583635687828064,0.38986313343048096
958,P0A6L4_L142R,CC(=O)NC1C(CC(OC1C(C(CO)O)O)(C(=O)O)O)O,1.08278537031645,0.8179659247398376,0.5921066999435425,0.3870418667793274
959,P0A6L4_L199N/I229R,CC(=O)NC1C(CC(OC1C(C(CO)O)O)(C(=O)O)O)O,0.9493900066449128,0.8133066296577454,0.5615743398666382,0.3972444534301758
960,P0A6L4_L142R/Y190D/E192A,CC(=O)NC1C(CC(OC1C(C(CO)O)O)(C(=O)O)O)O,0.8325089127062363,0.8005163073539734,0.5779184103012085,0.41574224829673767
961,P0A6L4_L199N/I229D,CC(=O)NC1C(CC(OC1C(C(CO)O)O)(C(=O)O)O)O,-0.5376020021010439,0.8699398636817932,0.5588639974594116,0.4004267454147339
962,P0A6L4_I229R,CC(=O)NC1C(CC(OC1C(C(CO)O)O)(C(=O)O)O)O,0.8876173003357362,0.7917190194129944,0.5654647350311279,0.3968999683856964
963,P0A6L4_I229D,CC(=O)NC1C(CC(OC1C(C(CO)O)O)(C(=O)O)O)O,0.6711728427150834,0.8595344424247742,0.5705581903457642,0.40222233533859253
964,P0A6L4_L171R,CC(=O)NC1C(CC(OC1C(C(CO)O)O)(C(=O)O)O)O,0.7395723444500919,0.8025639653205872,0.5885533094406128,0.38393068313598633
965,P0A6L4_L199R/I229N,CC(=O)NC1C(CC(OC1C(C(CO)O)O)(C(=O)O)O)O,1.074450718954591,0.7887153029441833,0.5608211755752563,0.3977679908275604
966,P0A6L4_L199N/I229N,CC(=O)NC1C(CC(OC1C(C(CO)O)O)(C(=O)O)O)O,-0.1778319206319825,0.8299992680549622,0.5794664621353149,0.38997983932495117
967,P0A6L4_L199N,CC(=O)NC1C(CC(OC1C(C(CO)O)O)(C(=O)O)O)O,0.8998205024270963,0.8596433997154236,0.5893709659576416,0.40247049927711487
968,K0IAU2_wild,C1=CC(=CC=C1CCl)[N+](=O)[O-],-0.5686362358410126,0.33002257347106934,0.8213293552398682,-0.5548408031463623
969,K0IAU2_wild,C(CC(=O)NC(CS)C(=O)NCC(=O)O)C(C(=O)O)N,-1.0655015487564323,0.6333743333816528,0.8811953067779541,-0.1888333559036255
970,O86422_wild,C1=CN(C(=O)NC1=O)C2C(C(C(O2)COP(=O)(O)OP(=O)(O)OC3C(C(C(C(O3)CO)O)O)O)O)O,-0.619788758288394,0.3178063929080963,-0.6854211091995239,1.234412431716919
971,O86422_wild,C1=CC(=C[N+](=C1)C2C(C(C(O2)COP(=O)([O-])OP(=O)(O)OCC3C(C(C(O3)N4C=NC5=C(N=CN=C54)N)O)O)O)O)C(=O)N,-0.431798275933005,0.21713048219680786,-0.6134752035140991,1.0560359954833984
972,Q9HY58_wild,C1=CN(C(=O)NC1=O)C2C(C(C(O2)COP(=O)(O)OP(=O)(O)OC3C(C(C(C(O3)CO)O)O)O)O)O,-0.09151498112135023,0.4440302550792694,-0.6466953754425049,1.0466892719268799
973,Q9HY58_wild,C1=CC(=C[N+](=C1)C2C(C(C(O2)COP(=O)([O-])OP(=O)(O)OCC3C(C(C(O3)N4C=NC5=C(N=CN=C54)N)O)O)O)O)C(=O)N,0.37106786227173627,0.3983084261417389,-0.4103618860244751,0.9053778648376465
974,B4EB36_wild,C1=CN(C(=O)NC1=O)C2C(C(C(O2)COP(=O)(O)OP(=O)(O)OC3C(C(C(C(O3)CO)O)O)O)O)O,-0.8761483590329142,0.8221859335899353,-0.5734623670578003,1.2253611087799072
975,B4EB36_wild,C1=CC(=C[N+](=C1)C2C(C(C(O2)COP(=O)([O-])OP(=O)(O)OCC3C(C(C(O3)N4C=NC5=C(N=CN=C54)N)O)O)O)O)C(=O)N,-0.8124792791635369,0.8751220107078552,-0.47867101430892944,1.1290066242218018
976,B4EMQ8_wild,C1=CN(C(=O)NC1=O)C2C(C(C(O2)COP(=O)(O)OP(=O)(O)OC3C(C(C(C(O3)CO)O)O)O)O)O,-0.8961962790440431,0.5870466828346252,-0.6244113445281982,1.0312942266464233
977,B4EMQ8_wild,C1=CC(=C[N+](=C1)C2C(C(C(O2)COP(=O)([O-])OP(=O)(O)OCC3C(C(C(O3)N4C=NC5=C(N=CN=C54)N)O)O)O)O)C(=O)N,-0.8068754016455384,0.5965426564216614,-0.5467904806137085,0.9884066581726074
978,C9E261_wild,C1=CN(C(=O)NC1=O)C2C(C(C(O2)COP(=O)(O)OP(=O)(O)OC3C(C(C(C(O3)CO)O)O)O)O)O,0.8388490907372553,0.605323851108551,-0.5956152677536011,1.0603423118591309
979,C9E261_wild,C1=CC(=C[N+](=C1)C2C(C(C(O2)COP(=O)([O-])OP(=O)(O)OCC3C(C(C(O3)N4C=NC5=C(N=CN=C54)N)O)O)O)O)C(=O)N,0.8260748027008264,0.6279085278511047,-0.533872127532959,1.0008835792541504
980,W0A856_wild,C1=CC(=C[N+](=C1)C2C(C(C(O2)COP(=O)([O-])OP(=O)(O)OCC3C(C(C(O3)N4C=NC5=C(N=CN=C54)N)O)O)O)O)C(=O)N,1.7007037171450194,0.6813943982124329,-0.8576161861419678,1.3613295555114746
981,W0A856_wild,C1=CN(C(=O)NC1=O)C2C(C(C(O2)COP(=O)(O)OP(=O)(O)OC3C(C(C(C(O3)CO)O)O)O)O)O,1.7626785637274363,0.6917676329612732,-0.9018679857254028,1.4716914892196655
982,P22498_F441Y,C(C1C(C(C(C(O1)OC2C(OC(C(C2O)O)O)CO)O)O)O)O,2.2100508498751372,1.2336593866348267,1.1459581851959229,0.7127419710159302
983,P22498_wild,C(C1C(C(C(C(O1)OC2C(OC(C(C2O)O)O)CO)O)O)O)O,2.0884904701823963,1.233415961265564,1.13155996799469,0.7139233350753784
984,P22498_F359Q,C(C1C(C(C(C(O1)OC2C(OC(C(C2O)O)O)CO)O)O)O)O,2.224014811372864,1.2352701425552368,1.127914309501648,0.7047024965286255
985,Q9WYL7_wild,OO,-0.5686362358410126,1.327142357826233,-1.09384286403656,1.473214864730835
986,Q9WYL7_wild,C1=CC(=O)C=CC1=O,1.7226339225338123,1.274165391921997,-1.544914960861206,2.187432050704956
987,Q9X0C8_wild,C(CC(=O)N)C(C(=O)O)N,0.7723217067229198,0.7001738548278809,0.24033424258232117,0.15940454602241516
988,Q9X0C8_wild,[NH4+],0.3010299956639812,1.4666978120803833,0.6875280141830444,0.14046290516853333
989,A0A4D6J6W7_wild,C1=CC(=CC=C1C=CC(=O)O)O,-1.2967086218813386,-0.024825818836688995,-0.6805769205093384,0.45052003860473633
990,Q8TZP8_wild,C(C1C2C(C(C(O1)OC3C(OC(C(C3O)O)OC4C(OC(C(C4O)O)OC5C(OC(C(C5O)O)OC6C(OC(C(C6O)O)OC7C(OC(C(C7O)O)OC8C(OC(O2)C(C8O)O)CO)CO)CO)CO)CO)CO)O)O)O,2.582063362911709,0.9599002599716187,0.7139630317687988,0.8231672048568726
991,Q8TZP8_G415E,C(C1C(C(C(C(O1)OC2C(OC(C(C2O)O)OC3C(OC(C(C3O)O)OC4C(OC(C(C4O)O)OC5C(OC(C(C5O)O)OC6C(OC(C(C6O)O)OC7C(OC(C(C7O)O)O)CO)CO)CO)CO)CO)CO)O)O)O)O,0.21218760440395779,1.0187616348266602,0.8563811779022217,0.7832775712013245
992,Q8TZP8_G415E,C(C1C2C(C(C(O1)OC3C(OC(C(C3O)O)OC4C(OC(C(C4O)O)OC5C(OC(C(C5O)O)OC6C(OC(C(C6O)O)OC7C(OC(C(C7O)O)OC8C(OC(O2)C(C8O)O)CO)CO)CO)CO)CO)CO)O)O)O,2.298853076409707,0.9822805523872375,0.7087171077728271,0.83177649974823
993,Q8TZP8_wild,C(C1C(C(C(C(O1)OC2C(OC(C(C2O)O)OC3C(OC(C(C3O)O)OC4C(OC(C(C4O)O)OC5C(OC(C(C5O)O)OC6C(OC(C(C6O)O)OC7C(OC(C(C7O)O)O)CO)CO)CO)CO)CO)CO)O)O)O)O,1.9698816437464999,0.9957318902015686,0.8584614992141724,0.7771562933921814
994,Q5JCX3_wild,[O-]P(=O)([O-])[O-],1.1760912590556813,0.4268387258052826,0.4630151689052582,0.36254578828811646
995,Q5JCX3_wild,C1=NC2=C(N1C3C(C(C(O3)COP(=O)(O)O)O)O)N=C(NC2=O)N,0.43136376415898736,0.19106003642082214,-0.058262281119823456,0.599207878112793
996,Q5JCX3_wild,C1=CN(C(=O)NC1=O)C2C(C(C(O2)COP(=O)(O)O)O)O,1.021189299069938,0.6740900874137878,-0.10174423456192017,0.7737939357757568
997,Q5JCX3_wild,C1=CN(C(=O)N=C1N)C2C(C(C(O2)COP(=O)(O)O)O)O,1.5921767573958667,0.4103497862815857,-0.11503977328538895,0.5427313446998596
998,A5UK38_wild,[NH4+],-1.2839966563652008,0.5210721492767334,0.9026098251342773,-0.4202613830566406
999,A5UK38_wild,C(=O)(O)[O-],-1.3565473235138126,0.03242700546979904,0.6248421669006348,-0.2711870074272156
1000,A5UK38_wild,C1=NC(=C2C(=N1)N(C=N2)C3C(C(C(O3)COP(=O)(O)OP(=O)(O)OP(=O)(O)O)O)O)N,-1.3665315444204136,0.1274103820323944,-0.3838021159172058,0.5825071334838867
1001,C0LNR0_wild,CCC(C)C(=O)SCCNC(=O)CCNC(=O)C(C(C)(C)COP(=O)([O-])OP(=O)([O-])OCC1C(C(C(O1)N2C=NC3=C(N=CN=C32)N)O)OP(=O)([O-])[O-])O,-0.3372421683184259,0.44904324412345886,-1.798749566078186,1.219808578491211
1002,C0LNR0_wild,CC(C)CC(=O)SCCNC(=O)CCNC(=O)C(C(C)(C)COP(=O)(O)OP(=O)(O)OCC1C(C(C(O1)N2C=NC3=C(N=CN=C32)N)O)OP(=O)(O)O)O,-0.9208187539523752,0.6076944470405579,-1.7118953466415405,1.2402338981628418
1003,C0LNR0_wild,CC(C)C(=O)SCCNC(=O)CCNC(=O)C(C(C)(C)COP(=O)(O)OP(=O)(O)OCC1C(C(C(O1)N2C=NC3=C(N=CN=C32)N)O)OP(=O)(O)O)O,-0.494850021680094,0.5583618879318237,-1.7633260488510132,1.2051308155059814
1004,Q84AQ0_wild,C1=CC=C(C=C1)O,-0.543633966870957,0.9493272304534912,-1.7599109411239624,1.586821436882019
1005,Q980D1_wild,CC(C(C(=O)O)N)O,1.130333768495006,0.16850021481513977,-0.14533814787864685,0.15600460767745972
1006,Q980D1_wild,C(C(C(=O)O)N)O,1.089905111439398,0.043399982154369354,0.009568765759468079,-0.2719777822494507
1007,P0A8M3_E458D,CC(C(C(=O)O)N)O,1.5314789170422551,0.6161602735519409,-0.2523953318595886,1.3699387311935425
1008,P0A8M3_wild,CCCC(C(=O)O)NO,1.3424226808222062,0.918971836566925,-0.19811955094337463,0.8431481122970581
1009,P0A8M3_wild,C(C(C(=O)O)N)O,1.4771212547196624,0.5028742551803589,-0.24022704362869263,0.7884901762008667
1010,P0A8M3_wild,CC(C(C(=O)O)N)O,1.568201724066995,0.6121450662612915,-0.2520896792411804,1.3681910037994385
1011,P0A8M3_P424K,CC(C(C(=O)O)N)O,1.4771212547196624,0.6043632626533508,-0.2212301343679428,1.3319485187530518
1012,A6T9C8_wild,C(=O)(C(=O)O)N,0.7403626894942439,1.1256762742996216,0.10432907938957214,1.1088171005249023
1013,Q9X034_wild,C1=NC(=C2C(=N1)N(C=N2)C3C(C(C(O3)CO)O)O)N,0.36172783601759284,0.718151867389679,-0.4210585057735443,1.3470301628112793
1014,Q9X034_wild,CSCC1C(C(C(O1)N2C=NC3=C(N=CN=C32)N)O)O,0.8573324964312685,0.6692254543304443,-0.9504016637802124,1.580025553703308
1015,Q58936_wild,CSCC1C(C(C(O1)N2C=NC3=C(N=CN=C32)N)O)O,2.204119982655925,1.0517386198043823,-1.1975427865982056,2.1731133460998535
1016,Q65N98_wild,C(C1C(C(C(C(O1)O)O)O)O)O,1.6334684555795866,1.2841477394104004,1.3836610317230225,0.6733318567276001
1017,Q65N98_wild,C1C(C(C(C(O1)O)O)O)O,1.9912260756924949,1.5357121229171753,1.459550142288208,0.7899819612503052
1018,B8DZQ9_wild,C(C(C(C(=O)CO)O)O)O,1.8407332346118068,1.3809500932693481,0.7406711578369141,0.9132754802703857
1019,B8DZQ9_wild,C1C(C(C(C(O1)O)O)O)O,1.7745169657285496,1.5511959791183472,1.5269042253494263,0.9313122034072876
1020,B8DZQ9_wild,C(C1C(C(C(C(O1)O)O)O)O)O,0.4727564493172124,1.3513492345809937,1.4386812448501587,0.755175769329071
1021,Q04432_wild,CC(=O)C=O,0.09691001300805642,1.3742491006851196,0.7395488023757935,1.068760871887207
1022,P31658_wild,CC(=O)C=O,0.15533603746506178,1.4931482076644897,0.5018107891082764,1.2189066410064697
1023,S5RVR8_wild,C(C1C(C(C(C(O1)OC2C(OC(C(C2O)O)O)CO)O)O)O)O,1.1553360374650619,0.9528605937957764,-0.5452220439910889,1.4498621225357056
1024,Q01738_wild,C(C1C(C(C(C(O1)OC2C(OC(C(C2O)O)O)CO)O)O)O)O,1.509202522331103,1.0078171491622925,-0.5954402685165405,1.4744168519973755
1025,Q01738_wild,C(C1C(C(C(C(O1)O)O)O)O)O,0.8920946026904804,1.319902777671814,1.146751046180725,0.5842379331588745
1026,Q01738_wild,C1=CC(=O)C=CC1=NC2=CC(=C(C(=C2)Cl)O)Cl,1.3873898263387294,0.9406597018241882,-1.307374119758606,1.688193678855896
1027,B6D1P2_wild,C(C1C(C(C(C(O1)OC2C(OC(C(C2O)O)O)CO)O)O)O)O,1.4313637641589874,1.0527065992355347,-0.39223963022232056,1.3032422065734863
1028,S5R9V1_wild,C(C1C(C(C(C(O1)OC2C(OC(C(C2O)O)O)CO)O)O)O)O,1.319314304090512,0.8150261044502258,-0.5255982875823975,1.2743861675262451
1029,B6D1P2_wild,C(C1C(C(C(C(O1)O)O)O)O)O,0.5797835966168101,1.3777996301651,1.3371548652648926,0.38381147384643555
1030,B6D1P2_wild,C1=CC(=O)C=CC1=O,1.6532125137753437,1.9755138158798218,-1.223248839378357,2.292841911315918
1031,B6D1P2_wild,[C-]#N.[C-]#N.[C-]#N.[C-]#N.[C-]#N.[C-]#N.[Fe+3],1.7853298350107671,2.276388168334961,-0.8930717706680298,1.2637271881103516
1032,B6D1P2_wild,C1=CC(=O)C=CC1=NC2=CC(=C(C(=C2)Cl)O)Cl,1.462397997898956,0.9621230959892273,-1.2005170583724976,1.4284783601760864
1033,A0A077EWA5_wild,C1=CC(=C(C=C1CCN)O)O,-1.2218487496163564,-0.6056609749794006,-0.8741285800933838,-0.005471378564834595
1034,A0A077EWA5_wild,C[S+](CCC(C(=O)[O-])N)CC1C(C(C(O1)N2C=NC3=C(N=CN=C32)N)O)O,-1.1249387366083,-0.884306788444519,-1.2705662250518799,0.5419676303863525
1035,A0A077EWA5_wild,CN(CCC1=CC=C(C=C1)O)CC2=CC(=C(C=C2)O)O,-1.3665315444204136,-1.0258644819259644,-1.8248697519302368,0.5912904143333435
1036,A0A077EWA5_wild,C1=CC(=CC=C1CCNCC2=CC(=C(C=C2)O)O)O,-1.6575773191777938,-0.816744863986969,-1.5012415647506714,0.31078600883483887
1037,A0A5C2H154_wild,C1=CC(=C(C=C1C=CC(=O)O)O)O,-2.494850021680094,-0.7304794192314148,-0.9250261783599854,0.07542577385902405
1038,A0A5C2H154_wild,C1=CC(=C(C=C1C=O)O)O,-1.747146969020107,-0.5463159084320068,-0.8721179962158203,0.05028370022773743
1039,A0A5C2H154_wild,C1=CC(=CC=C1CCNCC2=CC(=C(C=C2)O)O)O,-2.0757207139381184,-0.8294216990470886,-1.6193790435791016,0.3465433716773987
1040,Q7DKE4_wild,C=CC(=O)N,0.3222192947339193,0.8075804114341736,0.47930899262428284,-0.013767927885055542
1041,Q7DKE4_wild,CC(=O)N,1.3053513694466239,1.041255235671997,0.8992494344711304,0.21255023777484894
1042,Q7DKE4_wild,C1=CC=C(C=C1)C(=O)N,2.197831693328903,0.27803176641464233,-0.9812096357345581,1.0500386953353882
1043,B4XEY3_wild,CC(=O)N,-0.6777807052660807,1.0420080423355103,0.9507910013198853,0.21168120205402374
1044,B4XEY3_wild,C=CC(=O)N,-0.23657200643706275,0.7995592355728149,0.5132499933242798,-0.02489331364631653
1045,B4XEY3_wild,CCC(=O)N,0.6053050461411095,0.6791807413101196,0.4491773843765259,1.0366852283477783
1046,B4XEY3_wild,C1=CC=C(C=C1)C(=O)N,-0.31875876262441283,0.2605896592140198,-0.9573222398757935,1.0479819774627686
1047,B4XEY3_wild,CCCC(=O)N,0.3096301674258988,0.3692750632762909,0.1674993634223938,0.5851073861122131
1048,B4XEY3_wild,CC(C)C(=O)N,0.7543483357110189,0.42519980669021606,0.05324196815490723,0.8789569735527039
1049,Q7DKE4_wild,CCC(=O)N,2.1911714557285586,0.6902344822883606,0.418383926153183,1.0402764081954956
1050,P95896_wild,C1=CC(=CC=C1C(=O)N)O,0.2787536009528289,0.6753309965133667,-0.9441848993301392,1.2113311290740967
1051,P95896_Y41C,C1=CC=C(C=C1)CCC(=O)N,1.255272505103306,0.5751907229423523,-1.069317102432251,1.2268595695495605
1052,P95896_wild,CC1=CC=CC=C1C(=O)N,-0.3979400086720376,0.6363056302070618,-0.6658493280410767,1.0511497259140015
1053,P95896_Y41C,CC1=CC=CC=C1C(=O)N,-0.09691001300805639,0.5842234492301941,-0.6720914840698242,0.9813584089279175
1054,P95896_wild,C1=CC(=CC=C1C(=O)N)N,-0.09691001300805639,0.7011578679084778,-1.1896196603775024,1.1210962533950806
1055,P95896_wild,C1=CC(=CC=C1C(=O)N)[N+](=O)[O-],-0.09691001300805639,0.7965547442436218,-0.8805989027023315,1.248300552368164
1056,P95896_wild,C1=CC=C(C(=C1)C(=O)N)N,-0.045757490560675115,0.3833104372024536,-1.4102283716201782,1.3612728118896484
1057,P95896_wild,C1=CC=C(C(=C1)C(=O)N)O,0.11394335230683679,0.5235602259635925,-1.2791444063186646,1.4502415657043457
1058,P95896_wild,C1=CC(=CN=C1)C(=O)N,0.8061799739838872,0.7728961706161499,-0.695925235748291,0.9188094735145569
1059,P95896_wild,CC(=O)N,1.4608978427565478,1.758322834968567,0.9155681133270264,0.7788196802139282
1060,P95896_wild,C1=CN=CC=C1C(=O)N,0.2041199826559248,0.751266598701477,-0.45476293563842773,0.6282811164855957
1061,P95896_Y41C,C1=CC(=CC=C1C(=O)N)O,0.3222192947339193,0.6206417679786682,-0.9538662433624268,1.1523804664611816
1062,P95896_Y41C,C1=CC(=CN=C1)C(=O)N,0.3424226808222063,0.7206710577011108,-0.6948566436767578,0.8562885522842407
1063,P95896_wild,C1CC(NC1)C(=O)N,0.4913616938342727,1.0905011892318726,0.4515690207481384,0.7636910676956177
1064,P95896_wild,CCC(=O)N,2.2576785748691846,1.4507492780685425,0.08584555983543396,1.9648072719573975
1065,P95896_wild,CC(=C)C(=O)N,0.4623979978989561,0.9538832306861877,-0.3266657590866089,1.2704663276672363
1066,P95896_Y41C,C1=CC(=CC=C1C(=O)N)[N+](=O)[O-],0.3979400086720376,0.7302860617637634,-0.896115779876709,1.1790351867675781
1067,P95896_Y41C,CCCCC(=O)N,1.4563660331290431,0.7343634963035583,-0.005370587110519409,1.1284211874008179
1068,P95896_wild,C1=CC=C(C=C1)CCC(=O)N,1.1846914308175989,0.6320434212684631,-1.0599919557571411,1.2854247093200684
1069,P95896_wild,C1CCC(CC1)C(=O)N,1.212187604403958,1.2689014673233032,0.0536939799785614,0.9052658677101135
1070,P95896_wild,CC1=CC=C(C=C1)C(=O)N,1.0863598306747482,0.7957536578178406,-1.2448909282684326,1.6827315092086792
1071,P95896_wild,CCCCC(=O)N,1.428134794028789,0.7944537997245789,0.000155717134475708,1.1884214878082275
1072,P95896_K96R,CCC(=O)N,2.204119982655925,1.4326368570327759,0.09443879127502441,1.9537605047225952
1073,P95896_K96R,CC(C)C(=O)N,2.204119982655925,1.1169183254241943,-0.028059542179107666,1.4543254375457764
1074,P95896_Y41C,C1=CC=C(C=C1)C(=O)N,0.8573324964312685,0.8955280184745789,-1.2293658256530762,1.6802780628204346
1075,P95896_wild,C=CC(=O)N,0.919078092376074,1.55538010597229,0.1743011623620987,0.6816728711128235
1076,P95896_wild,CCCCCC(=O)N,1.290034611362518,0.7502108216285706,0.08196583390235901,0.8988046646118164
1077,P95896_wild,CC(C(=O)N)O,1.0293837776852097,0.9386513233184814,0.25894615054130554,0.9200407266616821
1078,P95896_wild,C1=CC=NC(=C1)C(=O)N,0.25527250510330607,0.8041096329689026,-0.5752789974212646,0.9295001029968262
1079,P95896_wild,C1=CC=C(C=C1)C(=O)N,3.076276255404218,0.9548972249031067,-1.2203117609024048,1.7420967817306519
1080,P95896_Y41C,CCCC(=O)N,1.2430380486862944,1.0395472049713135,0.301850289106369,0.9648882746696472
1081,P95896_wild,CC(C)C(=O)N,2.2430380486862944,1.1420890092849731,-0.03886792063713074,1.4596308469772339
1082,P95896_Y41C,CC(=O)N,1.4785664955938433,1.6898163557052612,0.9148601293563843,0.7063251733779907
1083,P95896_Y41C,CCCCCC(=O)N,1.334453751150931,0.6880998611450195,0.06598952412605286,0.8345094919204712
1084,P95896_wild,CCCC(=O)N,1.5352941200427705,1.0997490882873535,0.3113339841365814,1.0253102779388428
1085,P95896_wild,C1=CC=C(C=C1)C=CC(=O)N,2.885926339801431,0.9130982160568237,-1.9423929452896118,2.4562063217163086
1086,P95896_Y41C,CC(C)C(=O)N,1.7664128471123994,1.0870453119277954,-0.035068631172180176,1.3938167095184326
1087,P95896_Y41C,CCC(=O)N,1.9973863843973134,1.3904448747634888,0.09149140119552612,1.900298833847046
1088,P95896_K96R,C1=CC=C(C=C1)C(=O)N,3.095518042323151,0.9337859749794006,-1.2111351490020752,1.7355952262878418
1089,P95896_K96R,C1=CC=C(C=C1)C=CC(=O)N,2.957128197676813,0.8909516930580139,-1.9297817945480347,2.448775291442871
1090,J4X756_wild,C1=CC(=C[N+](=C1)C2C(C(C(O2)COP(=O)([O-])OP(=O)(O)OCC3C(C(C(O3)N4C=NC5=C(N=CN=C54)N)O)O)O)O)C(=O)N,0.8450980400142568,0.929659903049469,-0.5164499282836914,1.647830605506897
1091,J4X756_wild,C1=CC(=C[N+](=C1)C2C(C(C(O2)COP(=O)(O)OP(=O)(O)OCC3C(C(C(O3)N4C=NC5=C(N=CN=C54)N)OP(=O)(O)O)O)O)O)C(=O)N,0.2787536009528289,0.8662174344062805,-0.8147530555725098,1.9590092897415161
1092,J4X756_L584H/D595R,C1=CC(=C[N+](=C1)C2C(C(C(O2)COP(=O)(O)OP(=O)(O)OCC3C(C(C(O3)N4C=NC5=C(N=CN=C54)N)OP(=O)(O)O)O)O)O)C(=O)N,0.6232492903979004,0.934045135974884,-0.8681836128234863,2.056431770324707
1093,J4X756_L584H/D595R,C1=CC(=C[N+](=C1)C2C(C(C(O2)COP(=O)([O-])OP(=O)(O)OCC3C(C(C(O3)N4C=NC5=C(N=CN=C54)N)O)O)O)O)C(=O)N,0.9777236052888478,0.9874514937400818,-0.5506356954574585,1.734015941619873
1094,A0A0M4S9Q1_wild,C1=CC(=C[N+](=C1)C2C(C(C(O2)COP(=O)(O)OP(=O)(O)OCC3C(C(C(O3)N4C=NC5=C(N=CN=C54)N)OP(=O)(O)O)O)O)O)C(=O)N,0.3010299956639812,0.856192946434021,-0.8021457195281982,1.9378037452697754
1095,A0A0M4S9Q1_wild,C1=CC(=C[N+](=C1)C2C(C(C(O2)COP(=O)([O-])OP(=O)(O)OCC3C(C(C(O3)N4C=NC5=C(N=CN=C54)N)O)O)O)O)C(=O)N,1.0334237554869496,0.9173671007156372,-0.514105498790741,1.6280450820922852
1096,A4YGR1_wild,C(CO)C(=O)[O-],1.3617278360175928,0.5200245976448059,-0.6280863285064697,1.1988544464111328
1097,A4YGR1_wild,C=CC(=O)[O-],0.7323937598229685,0.5782120227813721,-0.27350854873657227,0.5598351955413818
1098,A4YGR1_wild,CCC(=O)[O-],0.7481880270062004,0.576655924320221,-0.39749228954315186,0.8417190313339233
1099,Q9SJQ0_wild,C1=NC(=C2C(=N1)N(C=N2)C3C(C(C(O3)COP(=O)(O)OP(=O)(O)O)O)O)N,0.6020599913279624,0.5658933520317078,-0.47802796959877014,1.5226190090179443
1100,Q9SJQ0_wild,C=C(C(=O)O)OP(=O)(O)O,0.6020599913279624,1.2056829929351807,-0.5358226299285889,1.5195635557174683
1101,Q94KE3_wild,C1=NC(=C2C(=N1)N(C=N2)C3C(C(C(O3)COP(=O)(O)OP(=O)(O)O)O)O)N,0.8247764624755457,0.6619831919670105,-0.5072834491729736,1.5870767831802368
1102,Q94KE3_wild,C=C(C(=O)O)OP(=O)(O)O,0.8247764624755457,1.3160725831985474,-0.5862457752227783,1.5789834260940552
1103,A6T923_wild,C12=C(NC(=O)N1)NC(=O)NC2=O,1.6232492903979006,0.23996788263320923,-1.4089950323104858,1.8517563343048096
1104,A6T923_R204Q,C1C=CN(C=C1C(=O)N)C2C(C(C(O2)COP(=O)(O)OP(=O)(O)OCC3C(C(C(O3)N4C=NC5=C(N=CN=C54)N)O)O)O)O,-0.585026652029182,0.8393756151199341,-1.0322093963623047,1.5816090106964111
1105,A6T923_wild,C1C=CN(C=C1C(=O)N)C2C(C(C(O2)COP(=O)(O)OP(=O)(O)OCC3C(C(C(O3)N4C=NC5=C(N=CN=C54)N)O)O)O)O,1.6232492903979006,0.8731241822242737,-1.0459513664245605,1.6568589210510254
1106,A6T923_Y216F,C1C=CN(C=C1C(=O)N)C2C(C(C(O2)COP(=O)(O)OP(=O)(O)OCC3C(C(C(O3)N4C=NC5=C(N=CN=C54)N)O)O)O)O,0.9242792860618817,0.8828365206718445,-1.0560613870620728,1.6683130264282227
1107,Q8PDQ6_wild,C1C=CN(C=C1C(=O)N)C2C(C(C(O2)COP(=O)(O)OP(=O)(O)OCC3C(C(C(O3)N4C=NC5=C(N=CN=C54)N)O)O)O)O,-0.721246399047171,0.8387938141822815,-1.2065554857254028,1.5879294872283936
1108,Q8PDQ6_wild,C12=C(NC(=O)N1)NC(=O)NC2=O,0.02530586526477026,0.2608528435230255,-1.3731993436813354,1.5733904838562012
1109,Q8PDQ6_wild,C1C=CN(C=C1C(=O)N)C2C(C(C(O2)COP(=O)(O)OP(=O)(O)OCC3C(C(C(O3)N4C=NC5=C(N=CN=C54)N)OP(=O)(O)O)O)O)O,0.05690485133647256,0.8218607306480408,-1.3801761865615845,1.7559528350830078
1110,P05793_Q110V,C1C=CN(C=C1C(=O)N)C2C(C(C(O2)COP(=O)(O)OP(=O)(O)OCC3C(C(C(O3)N4C=NC5=C(N=CN=C54)N)O)O)O)O,0.5185139398778875,-0.009511180222034454,-0.9788328409194946,1.0239357948303223
1111,P05793_wild,C1C=CN(C=C1C(=O)N)C2C(C(C(O2)COP(=O)(O)OP(=O)(O)OCC3C(C(C(O3)N4C=NC5=C(N=CN=C54)N)O)O)O)O,-0.5228787452803376,-0.018138505518436432,-0.9656922817230225,1.0174710750579834
1112,P05793_A71S/R76D/S78D/Q110A,C1C=CN(C=C1C(=O)N)C2C(C(C(O2)COP(=O)(O)OP(=O)(O)OCC3C(C(C(O3)N4C=NC5=C(N=CN=C54)N)O)O)O)O,0.414973347970818,0.0031310543417930603,-0.9583530426025391,1.0124915838241577
1113,P05793_S78D/Q110V,C1C=CN(C=C1C(=O)N)C2C(C(C(O2)COP(=O)(O)OP(=O)(O)OCC3C(C(C(O3)N4C=NC5=C(N=CN=C54)N)O)O)O)O,0.3010299956639812,-0.004192329943180084,-0.9687438011169434,1.0200552940368652
1114,P05793_S78D/Q110V,C1C=CN(C=C1C(=O)N)C2C(C(C(O2)COP(=O)(O)OP(=O)(O)OCC3C(C(C(O3)N4C=NC5=C(N=CN=C54)N)OP(=O)(O)O)O)O)O,0.3424226808222063,-0.036814428865909576,-1.2702882289886475,1.2219345569610596
1115,P05793_Q110A,C1C=CN(C=C1C(=O)N)C2C(C(C(O2)COP(=O)(O)OP(=O)(O)OCC3C(C(C(O3)N4C=NC5=C(N=CN=C54)N)O)O)O)O,0.4913616938342727,-0.015751101076602936,-0.9721589088439941,1.0192022323608398
1116,P05793_S78D,C1C=CN(C=C1C(=O)N)C2C(C(C(O2)COP(=O)(O)OP(=O)(O)OCC3C(C(C(O3)N4C=NC5=C(N=CN=C54)N)OP(=O)(O)O)O)O)O,0.3979400086720376,-0.04539037495851517,-1.2631745338439941,1.215884804725647
1117,P05793_wild,C1C=CN(C=C1C(=O)N)C2C(C(C(O2)COP(=O)(O)OP(=O)(O)OCC3C(C(C(O3)N4C=NC5=C(N=CN=C54)N)OP(=O)(O)O)O)O)O,1.568201724066995,-0.053127922117710114,-1.2768458127975464,1.2243893146514893
1118,P05793_S78D,C1C=CN(C=C1C(=O)N)C2C(C(C(O2)COP(=O)(O)OP(=O)(O)OCC3C(C(C(O3)N4C=NC5=C(N=CN=C54)N)O)O)O)O,0.5563025007672873,-0.012493468821048737,-0.9551408290863037,1.01369047164917
1119,P05793_A71S/R76D/S78D/Q110A,C1C=CN(C=C1C(=O)N)C2C(C(C(O2)COP(=O)(O)OP(=O)(O)OCC3C(C(C(O3)N4C=NC5=C(N=CN=C54)N)OP(=O)(O)O)O)O)O,-0.22184874961635637,-0.03070557862520218,-1.2528852224349976,1.2059941291809082
1120,P05793_A71S/R76D/S78D/Q110V/D146G/G185R/K433E,C1C=CN(C=C1C(=O)N)C2C(C(C(O2)COP(=O)(O)OP(=O)(O)OCC3C(C(C(O3)N4C=NC5=C(N=CN=C54)N)O)O)O)O,0.6334684555795865,-0.01574162393808365,-0.9850224256515503,1.0079694986343384
1121,P05793_A71S/R76D/S78D/Q110V/D146G/G185R/K433E,C1C=CN(C=C1C(=O)N)C2C(C(C(O2)COP(=O)(O)OP(=O)(O)OCC3C(C(C(O3)N4C=NC5=C(N=CN=C54)N)OP(=O)(O)O)O)O)O,-0.2676062401770315,-0.054467953741550446,-1.2690972089767456,1.2096354961395264
1122,A0KS29_wild,C1C=CN(C=C1C(=O)N)C2C(C(C(O2)COP(=O)(O)OP(=O)(O)OCC3C(C(C(O3)N4C=NC5=C(N=CN=C54)N)O)O)O)O,0.04139268515822508,0.25959423184394836,-1.1126205921173096,1.1723096370697021
1123,A0KS29_wild,C1C=CN(C=C1C(=O)N)C2C(C(C(O2)COP(=O)(O)OP(=O)(O)OCC3C(C(C(O3)N4C=NC5=C(N=CN=C54)N)OP(=O)(O)O)O)O)O,0.6532125137753437,0.16784930229187012,-1.3348220586776733,1.3532741069793701
1124,C1IWT4_wild,C1=CC(=C[N+](=C1)C2C(C(C(O2)COP(=O)(O)OP(=O)(O)OCC3C(C(C(O3)N4C=NC5=C(N=CN=C54)N)OP(=O)(O)O)O)O)O)C(=O)N,1.9242792860618816,0.7007752656936646,-0.4381762742996216,1.140073537826538
1125,C1IWT4_wild,CCO,1.9242792860618816,1.221947193145752,0.12137967348098755,0.4452104866504669
1126,C1IWT4_wild,C1C=CN(C=C1C(=O)N)C2C(C(C(O2)COP(=O)(O)OP(=O)(O)OCC3C(C(C(O3)N4C=NC5=C(N=CN=C54)N)OP(=O)(O)O)O)O)O,1.3802112417116061,0.8753453493118286,-0.9673351049423218,1.7628542184829712
1127,C1IWT4_wild,CC=O,1.3729120029701067,1.3584251403808594,0.8152916431427002,0.6444518566131592
1128,C6A190_wild,C1C(C(C(C(O1)O)O)O)O,-0.15490195998574322,1.4479957818984985,1.1739717721939087,0.35351625084877014
1129,C6A190_wild,CC(C)O,-0.27572413039921095,0.2948357164859772,1.4260257482528687,-0.7289693355560303
1130,C6A190_wild,C1=CC(=C[N+](=C1)C2C(C(C(O2)COP(=O)(O)OP(=O)(O)OCC3C(C(C(O3)N4C=NC5=C(N=CN=C54)N)OP(=O)(O)O)O)O)O)C(=O)N,0.3053513694466238,0.5901268124580383,-0.8741750717163086,1.1367850303649902
1131,C6A190_wild,C1C=CN(C=C1C(=O)N)C2C(C(C(O2)COP(=O)(O)OP(=O)(O)OCC3C(C(C(O3)N4C=NC5=C(N=CN=C54)N)OP(=O)(O)O)O)O)O,0.17897694729316943,0.7333909869194031,-1.3780585527420044,1.6398193836212158
1132,C6A190_wild,CC(=O)C=O,0.3096301674258988,1.0625489950180054,0.6285761594772339,0.09654414653778076
1133,Q9HIL6_wild,C1=CC(=CC=C1[N+](=O)[O-])OC2C(C(C(C(O2)CO)O)O)O,2.14921911265538,0.9740884900093079,-0.02235287055373192,1.1039339303970337
1134,Q9HIL6_wild,CC1C(C(C(C(O1)OC2=CC=C(C=C2)[N+](=O)[O-])O)O)O,2.2600713879850747,0.83083176612854,-0.059032976627349854,1.3075177669525146
1135,Q51723_wild,C1=CC=C(C(=C1)[N+](=O)[O-])OC2C(C(C(C(O2)CO)O)O)O,3.311753861055754,1.1663166284561157,-0.5196778774261475,1.4541620016098022
1136,E7FHY4_wild,C(C1C(C(C(C(O1)OC2C(OC(C(C2O)O)O)CO)O)O)O)O,2.7737864449811935,1.2021198272705078,0.9205648899078369,0.7179281711578369
1137,Q9YGA8_N62Y/Q63K/L231F/V303A/E386G/A412V,C1=CC=C(C(=C1)[N+](=O)[O-])OC2C(C(C(C(O2)CO)O)O)O,2.9867717342662448,0.8987229466438293,-0.2620634138584137,1.0792827606201172
1138,Q9YGA8_wild,C1=CC=C(C(=C1)[N+](=O)[O-])OC2C(C(C(C(O2)CO)O)O)O,2.6432552250247716,1.127466082572937,-0.300357848405838,1.2634868621826172
1139,O06647_R242Q,C1C=CN(C=C1C(=O)N)C2C(C(C(O2)COP(=O)(O)OP(=O)(O)OCC3C(C(C(O3)N4C=NC5=C(N=CN=C54)N)O)O)O)O,-0.619788758288394,1.0604411363601685,-0.6230019330978394,1.4279553890228271
1140,O06647_R242E,C1C=CN(C=C1C(=O)N)C2C(C(C(O2)COP(=O)(O)OP(=O)(O)OCC3C(C(C(O3)N4C=NC5=C(N=CN=C54)N)O)O)O)O,-0.8239087409443188,1.0092861652374268,-0.6133172512054443,1.3800876140594482
1141,O06647_R242E,C1=CC=C(C=C1)C2=CC=CC=C2O,-0.8239087409443188,0.5080327391624451,-1.9693833589553833,1.3487142324447632
1142,O06647_W225Y,C1C=CN(C=C1C(=O)N)C2C(C(C(O2)COP(=O)(O)OP(=O)(O)OCC3C(C(C(O3)N4C=NC5=C(N=CN=C54)N)O)O)O)O,0.7634279935629373,1.0704044103622437,-0.6266559362411499,1.4482067823410034
1143,O06647_R242A,C1C=CN(C=C1C(=O)N)C2C(C(C(O2)COP(=O)(O)OP(=O)(O)OCC3C(C(C(O3)N4C=NC5=C(N=CN=C54)N)O)O)O)O,-0.8538719643217619,1.0607881546020508,-0.6294511556625366,1.4355055093765259
1144,O06647_W225A,C1=CC=C(C=C1)C2=CC=CC=C2O,-0.3372421683184259,0.5488756895065308,-1.936020016670227,1.3884756565093994
1145,O06647_W225A,C1C=CN(C=C1C(=O)N)C2C(C(C(O2)COP(=O)(O)OP(=O)(O)OCC3C(C(C(O3)N4C=NC5=C(N=CN=C54)N)O)O)O)O,0.5378190950732742,1.0778123140335083,-0.6235944032669067,1.4451724290847778
1146,O06647_G255F,C1=CC=C(C=C1)C2=CC=CC=C2O,-0.14874165128092473,0.5495966076850891,-1.9383600950241089,1.3921111822128296
1147,O06647_wild,C1=CC=C(C=C1)C2=CC=CC=C2O,0.35410843914740087,0.5481220483779907,-1.937705159187317,1.3854986429214478
1148,O06647_W225Y,C1=CC=C(C=C1)C2=CC=CC=C2O,0.6541765418779605,0.5482597351074219,-1.941221833229065,1.3901547193527222
1149,O06647_G255F,C1C=CN(C=C1C(=O)N)C2C(C(C(O2)COP(=O)(O)OP(=O)(O)OCC3C(C(C(O3)N4C=NC5=C(N=CN=C54)N)O)O)O)O,0.12710479836480765,1.0689867734909058,-0.6385191679000854,1.443831443786621
1150,O06647_wild,C1C=CN(C=C1C(=O)N)C2C(C(C(O2)COP(=O)(O)OP(=O)(O)OCC3C(C(C(O3)N4C=NC5=C(N=CN=C54)N)O)O)O)O,0.49968708261840383,1.0692452192306519,-0.6256731748580933,1.43422269821167
1151,Q9FEW9_wild,CCCC=CC=O,1.146128035678238,0.14849019050598145,-0.02085481584072113,0.34195953607559204
1152,Q9ZGH1_wild,CC1C(C(C(C(O1)OP(=O)(O)OP(=O)(O)OCC2C(CC(O2)N3C=C(C(=O)NC3=O)C)O)O)O)N,-1.7695510786217261,-0.8925352692604065,-1.3255707025527954,0.6168967485427856
1153,B3VPB2_wild,C1(C(C(C(C(C1OP(=O)(O)O)OP(=O)(O)O)OP(=O)(O)O)OP(=O)(O)O)OP(=O)(O)O)OP(=O)(O)O,2.4460709357010053,1.590052604675293,-0.4904514253139496,1.8916947841644287
1154,B3VPB3_wild,C1(C(C(C(C(C1OP(=O)(O)O)OP(=O)(O)O)OP(=O)(O)O)OP(=O)(O)O)OP(=O)(O)O)OP(=O)(O)O,2.44870631990508,1.5860310792922974,-0.4765825867652893,1.8645241260528564
1155,Q5LS57_wild,C[S+](C)CCC(=O)[O-],0.38021124171160603,0.39647671580314636,0.6280889511108398,0.24331346154212952
1156,K4PL78_wild,COC1=CC=CC=C1O,1.0755469613925308,1.0726003646850586,-0.028549805283546448,1.22316312789917
1157,K4PL78_wild,COC1=C(C(=CC=C1)OC)O,1.3654879848908996,1.202670693397522,-0.5439430475234985,1.5412099361419678
1158,I3RYX9_wild,COC1=CC=CC=C1O,1.6020599913279625,1.0689146518707275,-0.039513200521469116,1.2287664413452148
1159,Q72HW2_wild,COC1=CC(=CC(=C1O)OC)C=NN=CC2=CC(=C(C(=C2)OC)O)OC,1.0128372247051722,0.057185761630535126,-1.7530027627944946,1.7248530387878418
1160,A0R5M7_wild,C[N+](C)(C)C(CC1=CN=C(N1)S(=O)CC(C(=O)O)N)C(=O)O,1.403120521175818,-0.010321475565433502,-0.35650870203971863,0.760398268699646
1161,P39831_wild,C(C(C(=O)O)N)O,0.6232492903979004,0.6232985854148865,0.8861128091812134,0.2167954295873642
1162,P39831_wild,C(C(C(=O)O)O)O,0.06818586174616162,0.4654845893383026,0.6364929676055908,0.04626169800758362
1163,P39831_wild,CC(C(C(=O)O)N)O,0.8162412999917831,0.781912624835968,0.7116662263870239,0.6974336504936218
1164,P39831_wild,C(C(C(=O)[O-])O)O,0.30319605742048883,0.7332755327224731,0.708687424659729,0.559665858745575
1165,N0DP12_wild,C(C(C(C(=O)CO)O)O)O,-0.6575773191777937,1.683984637260437,0.8470180034637451,0.14321595430374146
1166,N0DP12_wild,C1C(C(C(C(O1)(CO)O)O)O)O,-1.2441251443275085,1.5707367658615112,1.326668620109558,-0.07310956716537476
1167,Q9UBX7_wild,CC1=CC(=O)OC2=C1C=CC(=C2)NC(=O)C(CCCN=C(N)N)NC(=O)C(CC3=CC=CC=C3)NC(=O)C4CCCN4,-1.5086383061657274,0.6434491276741028,-0.5018590688705444,1.2161294221878052
1168,A3UR41_wild,C1(C(C(OC(C1OC2C(C(C(C(O2)C(=O)O)P)O)O)C(=O)O)OP)O)O,0.568201724066995,1.4559341669082642,-0.6259766817092896,1.5087147951126099
1169,Q9GPG0_wild,CC(=O)OC1=CC=CC2=CC=CC=C21,1.3424226808222062,0.5845925807952881,-0.7581267356872559,1.388528823852539
1170,C0LNR0_wild,CCC(C)C(=O)SCCNC(=O)CCNC(=O)C(C(C)(C)COP(=O)(O)OP(=O)(O)OCC1C(C(C(O1)N2C=NC3=C(N=CN=C32)N)O)OP(=O)(O)O)O,-0.3372421683184259,0.5142379403114319,-1.851860523223877,1.294494390487671
1171,C0LNR0_wild,CC(=O)SCCNC(=O)CCNC(=O)C(C(C)(C)COP(=O)(O)OP(=O)(O)OCC1C(C(C(O1)N2C=NC3=C(N=CN=C32)N)O)OP(=O)(O)O)O,-3.154901959985743,0.5674192905426025,-1.7812252044677734,1.238204002380371
1172,O05268_Y50W,C1C=CN(C=C1C(=O)N)C2C(C(C(O2)COP(=O)(O)OP(=O)(O)OCC3C(C(C(O3)N4C=NC5=C(N=CN=C54)N)OP(=O)(O)O)O)O)O,2.2624510897304293,1.0193201303482056,-1.2298730611801147,2.581709384918213
1173,O05268_Y50S,C1C=CN(C=C1C(=O)N)C2C(C(C(O2)COP(=O)(O)OP(=O)(O)OCC3C(C(C(O3)N4C=NC5=C(N=CN=C54)N)OP(=O)(O)O)O)O)O,1.209515014542631,0.7815428376197815,-1.0324183702468872,2.336000680923462
1174,O05268_Y50G,C1C=CN(C=C1C(=O)N)C2C(C(C(O2)COP(=O)(O)OP(=O)(O)OCC3C(C(C(O3)N4C=NC5=C(N=CN=C54)N)OP(=O)(O)O)O)O)O,1.631443769013172,0.847890317440033,-1.0518029928207397,2.40213680267334
1175,O05268_wild,C1C=CN(C=C1C(=O)N)C2C(C(C(O2)COP(=O)(O)OP(=O)(O)OCC3C(C(C(O3)N4C=NC5=C(N=CN=C54)N)OP(=O)(O)O)O)O)O,3.0051805125037805,1.0602322816848755,-1.2196708917617798,2.625467300415039
1176,O66548_wild,C1=NC(=C2C(=N1)N(C=N2)C3C(C(C(O3)COP(=O)([O-])OP(=O)([O-])OP(=O)([O-])OP(=O)([O-])OP(=O)([O-])OP(=O)([O-])OCC4C(C(C(O4)N5C=NC6=C(N=CN=C65)N)O)O)O)O)N,-0.6989700043360187,0.5550233721733093,-1.226492166519165,1.2913248538970947
1177,O66548_wild,C1=NC(=C2C(=N1)N(C=N2)C3C(C(C(O3)COP(=O)(O)OP(=O)(O)OP(=O)(O)OP(=O)(O)OP(=O)(O)OCC4C(C(C(O4)N5C=NC6=C(N=CN=C65)N)O)O)O)O)N,0.14612803567823798,0.6059054732322693,-1.0971322059631348,1.238947868347168
1178,O66548_wild,C1=NC(=C2C(=N1)N(C=N2)C3C(C(C(O3)COP(=O)([O-])OP(=O)([O-])OP(=O)([O-])OP(=O)([O-])OCC4C(C(C(O4)N5C=NC6=C(N=CN=C65)N)O)O)O)O)N,0.3979400086720376,0.5728932023048401,-1.2076054811477661,1.1943960189819336
1179,C7EX18_S446A,CC(C)CC(C(=NC(CCC(=N)O)C(=NC(CC(=O)O)C(=NC(CCCCN)C(=O)O)O)O)O)N=C(C(CCC(=O)O)N=C(C(CC(=O)O)N=C(C(CCC(=O)O)N=C(C(C(C)O)N=C(C(CCC(=N)O)N=C(C(CCC(=N)O)N=C(C(CCC(=N)O)N=C(C(CCC(=O)O)N=C(C(CCC(=O)O)N=C(C(COP(=O)(O)O)N=C(C(CCC(=N)O)N=C(C(CC1=CC=CC=C1)N)O)O)O)O)O)O)O)O)O)O)O)O,0.4913616938342727,0.06427910178899765,-1.966579794883728,1.775426983833313
1180,C7EX18_F448Y,CC(C)CC(C(=NC(CCC(=N)O)C(=NC(CC(=O)O)C(=NC(CCCCN)C(=O)O)O)O)O)N=C(C(CCC(=O)O)N=C(C(CC(=O)O)N=C(C(CCC(=O)O)N=C(C(C(C)O)N=C(C(CCC(=N)O)N=C(C(CCC(=N)O)N=C(C(CCC(=N)O)N=C(C(CCC(=O)O)N=C(C(CCC(=O)O)N=C(C(COP(=O)(O)O)N=C(C(CCC(=N)O)N=C(C(CC1=CC=CC=C1)N)O)O)O)O)O)O)O)O)O)O)O)O,1.0718820073061255,0.0691356286406517,-1.9612706899642944,1.7649909257888794
1181,C7EX18_F448V,CC(C)CC(C(=NC(CCC(=N)O)C(=NC(CC(=O)O)C(=NC(CCCCN)C(=O)O)O)O)O)N=C(C(CCC(=O)O)N=C(C(CC(=O)O)N=C(C(CCC(=O)O)N=C(C(C(C)O)N=C(C(CCC(=N)O)N=C(C(CCC(=N)O)N=C(C(CCC(=N)O)N=C(C(CCC(=O)O)N=C(C(CCC(=O)O)N=C(C(COP(=O)(O)O)N=C(C(CCC(=N)O)N=C(C(CC1=CC=CC=C1)N)O)O)O)O)O)O)O)O)O)O)O)O,1.1038037209559568,0.07449068874120712,-1.9622694253921509,1.766656517982483
1182,C7EX18_wild,CC(C)CC(C(=NC(CCC(=N)O)C(=NC(CC(=O)O)C(=NC(CCCCN)C(=O)O)O)O)O)N=C(C(CCC(=O)O)N=C(C(CC(=O)O)N=C(C(CCC(=O)O)N=C(C(C(C)O)N=C(C(CCC(=N)O)N=C(C(CCC(=N)O)N=C(C(CCC(=N)O)N=C(C(CCC(=O)O)N=C(C(CCC(=O)O)N=C(C(COP(=O)(O)O)N=C(C(CCC(=N)O)N=C(C(CC1=CC=CC=C1)N)O)O)O)O)O)O)O)O)O)O)O)O,1.0791812460476249,0.07632165402173996,-1.9611777067184448,1.7684792280197144
1183,C7EX18_S446T,CC(C)CC(C(=NC(CCC(=N)O)C(=NC(CC(=O)O)C(=NC(CCCCN)C(=O)O)O)O)O)N=C(C(CCC(=O)O)N=C(C(CC(=O)O)N=C(C(CCC(=O)O)N=C(C(C(C)O)N=C(C(CCC(=N)O)N=C(C(CCC(=N)O)N=C(C(CCC(=N)O)N=C(C(CCC(=O)O)N=C(C(CCC(=O)O)N=C(C(COP(=O)(O)O)N=C(C(CCC(=N)O)N=C(C(CC1=CC=CC=C1)N)O)O)O)O)O)O)O)O)O)O)O)O,1.0755469613925308,0.06321235746145248,-1.9654370546340942,1.7739180326461792
1184,Q9Y6A2_wild,CC(C)CCCC(C)C1CCC2C1(CCC3C2CC=C4C3(CCC(C4)O)C)C,-2.744727494896694,-0.8257500529289246,-2.2134294509887695,1.4947408437728882
1185,Q9Y6A2_wild,CC(C)C(CCC(C)C1CCC2C1(CCC3C2CC=C4C3(CCC(C4)O)C)C)O,-1.709965388637482,-0.6429973244667053,-2.2176830768585205,1.4304132461547852
1186,Q9Y6A2_wild,CC(C)CCCC(C)C1CCC2C1(CCC3C2CC=C4C3(CCC(C4)OS(=O)(=O)O)C)C,-2.1191864077192086,-0.7484051585197449,-2.38470196723938,1.4906150102615356
1187,P44801_H277N,C1=CC(=C[N+](=C1)C2C(C(C(O2)COP(=O)(O)OP(=O)(O)OCC3C(C(C(O3)N4C=NC5=C(N=CN=C54)N)OP(=O)(O)O)O)O)O)C(=O)N,0.505149978319906,0.9456021785736084,-0.6369400024414062,1.6446633338928223
1188,P44801_H277N,[O-]P(=O)([O-])[O-],0.505149978319906,1.1393578052520752,0.4842555820941925,1.220574140548706
1189,P44801_H277N,C(C=O)C(C(=O)O)N,0.505149978319906,0.9895899295806885,0.022762715816497803,1.327938437461853
1190,P44801_wild,C1=CC(=C[N+](=C1)C2C(C(C(O2)COP(=O)(O)OP(=O)(O)OCC3C(C(C(O3)N4C=NC5=C(N=CN=C54)N)OP(=O)(O)O)O)O)O)C(=O)N,2.5185139398778875,1.0282968282699585,-0.7082594633102417,1.7553762197494507
1191,P44801_wild,[O-]P(=O)([O-])[O-],2.5185139398778875,1.2064831256866455,0.42534875869750977,1.328047275543213
1192,P0A9Q9_wild,C1=CC(=C[N+](=C1)C2C(C(C(O2)COP(=O)(O)OP(=O)(O)OCC3C(C(C(O3)N4C=NC5=C(N=CN=C54)N)OP(=O)(O)O)O)O)O)C(=O)N,2.832508912706236,0.8215945959091187,-0.5768711566925049,1.665881872177124
1193,P0A9Q9_Q350N/H171A,C1=CC(=C[N+](=C1)C2C(C(C(O2)COP(=O)(O)OP(=O)(O)OCC3C(C(C(O3)N4C=NC5=C(N=CN=C54)N)OP(=O)(O)O)O)O)O)C(=O)N,1.1271047983648077,0.8471180200576782,-0.5859383344650269,1.6854634284973145
1194,P0A9Q9_wild,C1=CC(=C[N+](=C1)C2C(C(C(O2)COP(=O)([O-])OP(=O)(O)OCC3C(C(C(O3)N4C=NC5=C(N=CN=C54)N)O)O)O)O)C(=O)N,0.9777236052888478,0.9014078378677368,-0.1080966591835022,1.2980505228042603
1195,P0A9Q9_Q350N,C1=CC(=C[N+](=C1)C2C(C(C(O2)COP(=O)(O)OP(=O)(O)OCC3C(C(C(O3)N4C=NC5=C(N=CN=C54)N)OP(=O)(O)O)O)O)O)C(=O)N,1.7275412570285564,0.8419547080993652,-0.5846157073974609,1.6763970851898193
1196,P0A9Q9_Q350N/H171A,C1=CC(=C[N+](=C1)C2C(C(C(O2)COP(=O)([O-])OP(=O)(O)OCC3C(C(C(O3)N4C=NC5=C(N=CN=C54)N)O)O)O)O)C(=O)N,2.061452479087193,0.9355160593986511,-0.12674373388290405,1.3231415748596191
1197,P0A9Q9_Q350N,C1=CC(=C[N+](=C1)C2C(C(C(O2)COP(=O)([O-])OP(=O)(O)OCC3C(C(C(O3)N4C=NC5=C(N=CN=C54)N)O)O)O)O)C(=O)N,1.9355072658247128,0.9257413744926453,-0.11471349000930786,1.3106069564819336
1198,Q51344_wild,C(C=O)C(C(=O)[O-])[NH3+],2.204119982655925,0.9848660826683044,-0.3424086272716522,1.6866453886032104
1199,P44801_wild,C(C=O)C(C(=O)O)N,2.5185139398778875,1.0767185688018799,-0.026661664247512817,1.4240119457244873
1200,F2JXJ3_Y211F,C(CCN)CC(C(=O)O)N,-0.721246399047171,2.859205722808838,-0.8375109434127808,1.011284351348877
1201,F2JXJ3_wild,C(CCN)CC(C(=O)O)N,-0.46852108295774486,2.850290536880493,-0.8185696601867676,1.0018279552459717
1202,F2JXJ3_K530A,C(CCN)CC(C(=O)O)N,0.07918124604762482,2.862748146057129,-0.8226776123046875,1.0018062591552734
1203,F2JXJ3_K530R,C(CCN)CC(C(=O)O)N,-0.16749108729376366,2.8504679203033447,-0.8126158714294434,1.0024267435073853
1204,F2JXJ3_C448A,C(CCN)CC(C(=O)O)N,-0.4089353929735008,2.8684544563293457,-0.8334282636642456,1.0159015655517578
1205,F2JXJ3_C448D,C(CCN)CC(C(=O)O)N,-0.5376020021010439,2.856255531311035,-0.7989791631698608,0.9937689900398254
1206,Q5SH23_wild,C(CC(C(=O)O)N)CC(=O)O,-0.07058107428570727,0.49263402819633484,-0.15800583362579346,0.8716830015182495
1207,Q5SH23_wild,C1=NC(=C2C(=N1)N(C=N2)C3C(C(C(O3)COP(=O)(O)OP(=O)(O)OP(=O)(O)O)O)O)N,0.7160033436347992,0.21044296026229858,-0.6635063886642456,1.082404613494873
1208,Q9NWW6_wild,C1=CN(C(=O)NC1=O)C2C(C(C(O2)CO)O)O,-0.6777807052660807,0.42402076721191406,-0.15403234958648682,0.7813788652420044
1209,Q9NWW6_wild,C1=CC(=C[N+](=C1)C2C(C(C(O2)CO)O)O)C(=O)[O-],-0.22184874961635637,-0.11011742800474167,-0.03241759538650513,0.4655836820602417
1210,Q9NWW6_wild,C1=C(N=C(S1)C2C(C(C(O2)CO)O)O)C(=O)N,-0.45593195564972444,-0.16781556606292725,-0.6325336694717407,0.8827728629112244
1211,Q9NWW6_wild,C1=CN(C(=O)N=C1N)C2C(C(C(O2)CO)O)O,-0.31875876262441283,0.12349433451890945,-0.2397170215845108,0.5845867395401001
1212,Q9NPI5_wild,C1=CC(=C[N+](=C1)C2C(C(C(O2)CO)O)O)C(=O)[O-],0.23044892137827394,-0.07562314718961716,0.3012845516204834,0.35226136445999146
1213,Q9NPI5_wild,C1=CN(C(=O)NC1=O)C2C(C(C(O2)CO)O)O,0.04139268515822508,0.5341580510139465,-0.0893428772687912,0.6570332646369934
1214,Q9NPI5_wild,C1=CN(C(=O)N=C1N)C2C(C(C(O2)CO)O)O,-0.08618614761628333,0.18094176054000854,-0.0854085236787796,0.4710507392883301
1215,Q9NPI5_wild,C1=C(N=C(S1)C2C(C(C(O2)CO)O)O)C(=O)N,-0.3098039199714864,-0.08237770944833755,-0.49240079522132874,0.7754133939743042
1216,A0A0U5A554_wild,C(C(C(=O)O)N)C(=O)O,1.5185139398778875,0.2585859000682831,0.9227524995803833,-0.014298170804977417
1217,K1QH67_wild,C(C(C(=O)O)N)C(=O)O,1.1172712956557642,0.45164811611175537,0.9140621423721313,0.03459399938583374
1218,K1QH67_S150P/S151P/S152Y,C(C(C(=O)O)N)C(=O)O,-1.4921441283041692,0.6179335713386536,0.9136850833892822,0.15586698055267334
1219,Q8AAI7_wild,C(C(C1C(C(C(C(O1)OP(=O)(O)O)O)O)O)O)OP(=O)(O)O,1.462397997898956,0.026379652321338654,-1.1131094694137573,1.2608304023742676
1220,P19623_wild,C(CCN)CN,0.2787536009528289,0.34685856103897095,-1.3672255277633667,1.355466365814209
1221,P19623_wild,C[S+](CCCN)CC1C(C(C(O1)N2C=NC3=C(N=CN=C32)N)O)O,0.2787536009528289,0.023117072880268097,-2.110140085220337,1.9217569828033447
1222,Q3L181_wild,CC1C(C2CC3N1C4C2C(C5(C4)C3=NC6=CC=CC=C56)OC(=O)C)C=O,-1.853871964321762,-0.8190464973449707,-1.2893224954605103,0.7332884073257446
1223,Q3L181_wild,C1=CC(=CC=C1C=O)[N+](=O)[O-],0.9169800473203822,0.08162661641836166,-0.9263025522232056,0.7241449356079102
1224,P97207_wild,[O-]S(=O)(=S)[O-],2.2227164711475833,1.233298897743225,-0.053166791796684265,0.6944274306297302
1225,Q42605_wild,C1=CN(C(=O)NC1=O)C2C(C(C(O2)COP(=O)(O)OP(=O)(O)OC3C(C(C(C(O3)CO)O)O)O)O)O,1.505149978319906,0.7622883319854736,-0.9405755996704102,1.4774667024612427
1226,Q8LDN8_wild,C1=CN(C(=O)NC1=O)C2C(C(C(O2)COP(=O)(O)OP(=O)(O)OC3C(C(C(C(O3)CO)O)O)O)O)O,1.8195439355418688,0.7964969873428345,-0.9864455461502075,1.6748815774917603
1227,C8VAU8_L320Y,C1=CN(C(=O)NC1=O)C2C(C(C(O2)COP(=O)(O)OP(=O)(O)OC3C(C(C(C(O3)CO)O)O)O)O)O,0.17609125905568124,0.8652818202972412,-1.1224178075790405,1.431753158569336
1228,C8VAU8_wild,C1=CN(C(=O)NC1=O)C2C(C(C(O2)COP(=O)(O)OP(=O)(O)OC3C(C(C(C(O3)CO)O)O)O)O)O,1.1072099696478683,0.8873177766799927,-1.1312222480773926,1.4584637880325317
1229,P95896_K96R,C1=CC=C(C=C1)C=CC#N,-1.7958800173440752,0.6758456230163574,-2.907564401626587,3.1730146408081055
1230,P95896_wild,C(#N)C(Cl)(Cl)Cl,-2.0,0.48172664642333984,-3.749318838119507,4.33040714263916
1231,P95896_K96R,C(C#N)C#N,0.021189299069938092,0.8938813805580139,-3.9266650676727295,4.071483612060547
1232,P95896_wild,C(C#N)C#N,-0.8538719643217619,0.9064918160438538,-3.932716131210327,4.074678421020508
1233,P95896_wild,C1=CC=C(C=C1)C#N,-1.0457574905606752,0.3162461817264557,-3.0279557704925537,2.559387683868408
1234,P95896_K96R,C(#N)C(Cl)(Cl)Cl,-0.6478174818886375,0.45007795095443726,-3.7440617084503174,4.32347297668457
1235,C5H429_wild,CC1CCC(C2C1CCC(=C2)C)C(=C)C=O,0.414973347970818,-0.048396892845630646,-1.520951747894287,1.6427209377288818
1236,C5H429_wild,C1C=CN(C=C1C(=O)N)C2C(C(C(O2)COP(=O)(O)OP(=O)(O)OCC3C(C(C(O3)N4C=NC5=C(N=CN=C54)N)O)O)O)O,0.11394335230683679,0.4107275605201721,-1.074868083000183,1.37111496925354
1237,C5H429_wild,C1C=CN(C=C1C(=O)N)C2C(C(C(O2)COP(=O)(O)OP(=O)(O)OCC3C(C(C(O3)N4C=NC5=C(N=CN=C54)N)OP(=O)(O)O)O)O)O,0.3979400086720376,0.30683791637420654,-1.5071395635604858,1.642707347869873
1238,C5H429_wild,CC1=CCC(CC1=O)C(=C)C,-0.06550154875643228,-0.14095425605773926,-0.6144287586212158,0.6247214078903198
1239,C5H429_wild,C1CC=CC(=O)C1,0.25527250510330607,0.5509010553359985,-0.4730897843837738,0.9528974294662476
1240,Q13867_wild,CC1=C(N=C(N=C1N)C(CC(=O)N)NCC(C(=O)N)N)C(=O)NC(C(C2=CN=CN2)OC3C(C(C(C(O3)CO)O)O)OC4C(C(C(C(O4)CO)O)OC(=O)N)O)C(=O)NC(C)C(C(C)C(=O)NC(C(C)O)C(=O)NCCC5=NC(=CS5)C6=NC(=CS6)C(=O)NCCC[S+](C)C)O,0.6020599913279624,0.08423919975757599,-0.8283873796463013,1.1407721042633057
1241,Q13867_wild,CC1=C(N=C(N=C1N)C(CC(=O)N)NCC(C(=O)N)N)C(=O)NC(C(C2=CN=CN2)OC3C(C(C(C(O3)CO)O)O)OC4C(C(C(C(O4)CO)O)OC(=O)N)O)C(=O)NC(C)C(C(C)C(=O)NC(C(C)O)C(=O)NCCC5=NC(=CS5)C6=NC(=CS6)C(=O)NCCCCN=C(N)N)O,1.0413926851582251,0.2097015678882599,-0.7670074701309204,1.177266001701355
1242,P37651_G117S,CC(=O)O.C(C(C(C(C(C=O)O)O)O)O)O,-0.7695510786217261,0.8739811182022095,-0.05228415131568909,0.6587607860565186
1243,P37651_V9A/K353E,CC(=O)O.C(C(C(C(C(C=O)O)O)O)O)O,-0.8239087409443188,0.8669483065605164,-0.031569674611091614,0.6423031091690063
1244,P37651_wild,CC(=O)O.C(C(C(C(C(C=O)O)O)O)O)O,-0.7958800173440752,0.8589782118797302,-0.055327966809272766,0.6543077826499939
1245,A0A0C5H8Q7_wild,C(C1C(C(C(C(O1)OCC2C(C(C(C(O2)OC3(C(C(C(O3)CO)O)O)CO)O)O)O)O)O)O)O,-1.0362121726544449,0.7091238498687744,0.6092859506607056,0.6304936408996582
1246,A0A0C5H8Q7_wild,CC(=O)O.C(C(C(C(C(C=O)O)O)O)O)O,-1.0268721464003014,1.3733110427856445,0.47048893570899963,0.6442211866378784
1247,A0A0C5H8Q7_wild,C(C1C(C(C(C(O1)OC2C(OC(C(C2O)O)O)CO)O)O)O)O,-1.0222763947111522,0.8620175123214722,0.6174184083938599,0.7557960748672485
1248,B3EY95_wild,CC(C)(COP(=O)(O)OP(=O)(O)OCC1C(C(C(O1)N2C=NC3=C(N=CN=C32)N)O)OP(=O)(O)O)C(C(=O)NCCC(=O)NCCSC(=O)CCC(=O)O)O,2.303196057420489,1.2241255044937134,-0.8811194896697998,2.0169777870178223
1249,B3EY95_wild,C(CC(=O)[O-])C(=O)[O-],1.8512583487190752,1.2485969066619873,1.1019500494003296,0.5771210193634033
1250,B3EY95_wild,CC(=O)SCCNC(=O)CCNC(=O)C(C(C)(C)COP(=O)(O)OP(=O)(O)OCC1C(C(C(O1)N2C=NC3=C(N=CN=C32)N)O)OP(=O)(O)O)O,1.8762178405916423,1.0453311204910278,-0.8192849159240723,1.864145040512085
1251,O60658_wild,C1C2C(C(C(O2)N3C=NC4=C3N=C(NC4=O)N)O)OP(=O)(O1)O,0.2041199826559248,0.21739870309829712,-2.336902141571045,1.708595871925354
1252,O60658_wild,C1C2C(C(C(O2)N3C=NC4=C(N=CN=C43)N)O)OP(=O)(O1)O,0.6020599913279624,0.3213079571723938,-2.669975519180298,2.1074070930480957
1253,Q71RI9_wild,C(CC(=O)N)C(C(=O)O)N,0.4265112613645752,0.9380205273628235,0.49652984738349915,0.6851316094398499
1254,Q9F1Y6_wild,CC(=CCCC(=C(C)COP(=O)(O)OP(=O)(O)O)C)C,-0.978810700930062,-1.8146103620529175,-2.308929681777954,0.3638746440410614
1255,Q9F1Y6_wild,CC(=CCCC(=CCOP(=O)(O)OP(=O)(O)O)C)C,-3.522878745280338,-1.6977142095565796,-2.2801642417907715,0.36375749111175537
1256,P26236_wild,[H+].[H+].CC1=C(C2=CC3=C(C(=C([N-]3)C=C4C(=C(C(=N4)C=C5C(=C(C(=N5)C=C1[N-]2)C)C=C)C)C=C)C)CCC(=O)[O-])CCC(=O)[O-].[Mg+2],-1.3979400086720375,-0.8948668241500854,-2.221794843673706,1.2457880973815918
1257,P26236_wild,CC1=C(C2=CC3=NC(=CC4=C(C(=C([N-]4)C=C5C(=C(C(=N5)C=C1[N-]2)C)C=C)C)C=C)C(=C3CCC(=O)O)C)CCC(=O)O.[Zn+2],-1.744727494896694,-1.0782278776168823,-2.454529047012329,1.1964443922042847
1258,Q585M6_wild,C(C(C(CS)O)O)S,1.6532125137753437,0.553119957447052,-0.46304869651794434,0.8973993062973022
1259,A0A1D8EJG8_wild,C1=CC=C(C=C1)COC(=O)C2C(C(C(C(O2)O)O)O)O,-0.10237290870955856,1.5456212759017944,0.5282567739486694,0.45885902643203735
1260,Q4WL89_wild,C1=CC=C(C=C1)COC(=O)C2C(C(C(C(O2)O)O)O)O,1.376576957056512,1.6126962900161743,0.7048650979995728,0.6527369022369385
1261,Q4WL89_wild,COC(=O)C1C(C(C(C(O1)OCC2=CC=CC=C2)O)O)O,1.6304278750250238,1.5680006742477417,0.6516954898834229,0.6294970512390137
1262,Q4WL89_wild,COC1C(C(C(OC1C(=O)OC)OCC2=CC=CC=C2)O)O,1.8221680793680175,1.8037604093551636,0.24470031261444092,1.0870583057403564
1263,P0CT87_wild,C1=CC=C(C=C1)COC(=O)C2C(C(C(C(O2)O)O)O)O,-0.431798275933005,1.6641498804092407,0.6084839105606079,0.4477236866950989
1264,A0A224MNB6_wild,C1=CC=C(C=C1)COC(=O)C2C(C(C(C(O2)O)O)O)O,0.16136800223497488,2.1148669719696045,0.9939886331558228,0.5966783761978149
1265,P0A9J4_wild,CC(C)(CO)C(=O)C(=O)O,1.6020599913279625,0.5042563676834106,-0.2059207260608673,1.2283935546875
1266,P0A9J4_wild,C1C=CN(C=C1C(=O)N)C2C(C(C(O2)COP(=O)(O)OP(=O)(O)OCC3C(C(C(O3)N4C=NC5=C(N=CN=C54)N)OP(=O)(O)O)O)O)O,1.3979400086720377,0.7806962132453918,-1.881569743156433,2.4792301654815674
1267,J9H7D1_wild,C(C(C(=O)O)N)C(=O)N,0.667452952889954,1.092924952507019,-0.034347422420978546,1.0724055767059326
1268,C5A6Q4_wild,C(CC(=O)N)C(C(=O)O)N,3.3113299523037933,1.156735897064209,0.7795253992080688,0.7679615020751953
1269,C5A6Q4_wild,C(C(C(=O)O)N)C(=O)N,3.757471947765668,1.6675206422805786,0.48720887303352356,1.2666049003601074
1270,W0G253_wild,C(C(C(=O)O)N)C(=O)N,2.829946695941636,1.1793841123580933,0.16657474637031555,1.3171299695968628
1271,H0W0T5_wild,C(C(C(=O)O)N)C(=O)N,1.586587304671755,0.7382646799087524,-0.03368210792541504,1.3659465312957764
1272,Q9RA02_Y487F,CC12CCC(=O)C=C1CCC3C2CCC4(C3CCC4=O)C,0.23044892137827394,1.470123529434204,-1.0299657583236694,2.1522445678710938
1273,Q9RA02_Y119F,CC12CCC(=O)C=C1CCC3C2CCC4(C3CCC4=O)C,-1.4436974992327127,1.492374300956726,-1.038328766822815,2.1789469718933105
1274,Q9RA02_wild,CC12CCC(=O)C=C1CCC3C2C(=O)CC4(C3CCC4(C(=O)CO)O)C,1.390935107103379,1.4133330583572388,-1.1209934949874878,2.3587217330932617
1275,Q9RA02_wild,CC12CCC3C(C1CCC2O)CCC4=CC(=O)CCC34C,1.4116197059632303,1.4769819974899292,-1.127577304840088,2.275845527648926
1276,Q9RA02_wild,CC(=O)C1CCC2C1(CCC3C2CCC4=CC(=O)CCC34C)C,1.404833716619938,1.4574307203292847,-1.3041996955871582,2.3488211631774902
1277,Q9RA02_wild,CC12CCC3(C(C1CCC2=O)CCC4=CC(=O)CCC43C)O,1.3304137733491908,1.3301793336868286,-1.0529210567474365,2.3056998252868652
1278,Q9RA02_wild,CC(=O)C1(CCC2C1(CCC3C2CCC4=CC(=O)CCC34C)C)O,1.3304137733491908,1.1122890710830688,-1.08037531375885,2.3443984985351562
1279,Q9RA02_wild,CC12CCC(=O)C=C1CCC3C2=CCC4(C3CCC4(C(=O)CCl)O)C,1.1072099696478683,1.1584155559539795,-0.9659223556518555,2.193131446838379
1280,Q9RA02_wild,CC12CCC(=O)C=C1CCC3C2CCC4(C3CCC4(C(=O)CO)O)C,1.3138672203691535,1.6157575845718384,-1.0430494546890259,2.3977837562561035
1281,Q9RA02_wild,CC12CCC(=O)C=C1CCC3C2CCC4(C3CCC4=O)C,1.8331471119127851,1.4849135875701904,-1.0362359285354614,2.1780943870544434
1282,Q9RA02_wild,CC12CCC(=O)C=C1CCC3C2C(CC4(C3CCC4(C(=O)CO)O)C)O,1.7007037171450194,1.481265902519226,-0.8933113813400269,2.1920220851898193
1283,Q9RA02_wild,CC12CCC3C(C1CCC2C(=O)O)CCC4=CC(=O)CCC34C,1.61066016308988,1.6788560152053833,-1.013327717781067,2.2900595664978027
1284,A0QW99_wild,CC12CCC(=O)C=C1CCC3C2CCC4(C3CCC4=O)C,1.711807229041191,1.067869782447815,-0.997055172920227,2.14768123626709
1285,A0QW99_wild,CC12CCC(=O)C=C1CCC3C2C(CC4(C3CCC4(C(=O)CO)O)C)O,1.7803173121401512,0.9975175261497498,-0.8329616785049438,2.110593557357788
1286,A0QW99_wild,CC(=O)C1=CCC2C1(CC=C3C2CCC4=CC(=O)CCC43C)C,1.1583624920952498,0.7913233637809753,-0.8008384704589844,2.0318169593811035
1287,A0QW99_wild,CC12CCC3(C(C1CCC2=O)CCC4=CC(=O)CCC43C)O,1.7686381012476144,0.8432913422584534,-0.9634034633636475,2.226881265640259
1288,A0QW99_wild,CC12CCC3C(C1CCC2C(=O)O)CCC4=CC(=O)CCC34C,1.973589623427257,1.2082926034927368,-1.0193239450454712,2.195540428161621
1289,A0QW99_wild,CC12CCC(=O)C=C1CCC3C2C(=O)CC4(C3CCC4(C(=O)CO)O)C,1.717670503002262,0.9637120366096497,-1.030316710472107,2.292696237564087
1290,A0QW99_wild,CC12CCC(=O)C=C1CCC3C2=CCC4(C3CCC4(C(=O)CCl)O)C,1.8027737252919758,0.6802212595939636,-0.9258193969726562,2.1221351623535156
1291,A0QW99_wild,CC12CCC3C(C1CCC2O)CCC4=CC(=O)CCC34C,1.8893017025063104,1.0302271842956543,-1.0357235670089722,2.2266788482666016
1292,A0QW99_wild,CC12CCC(=O)C=C1CCC3C2CCC4(C3CCC4(C(=O)CO)O)C,1.9740509027928774,1.1348443031311035,-1.0042823553085327,2.3187646865844727
1293,A0QW99_wild,CC(=O)C1CCC2C1(CCC3C2CCC4=CC(=O)CCC34C)C,2.1065308538223815,1.0251442193984985,-1.1725165843963623,2.3080153465270996
1294,A0QW99_wild,CC(=O)C1(CCC2C1(CCC3C2CCC4=CC(=O)CCC34C)C)O,2.0429690733931802,0.631162166595459,-0.9520107507705688,2.239698648452759
1295,Q745T6_wild,C(C1C(C(C(C(O1)OC2C(OC(C(C2O)O)O)CO)O)O)O)O,1.3424226808222062,0.5782221555709839,0.23932084441184998,0.6750044226646423
1296,Q745T6_wild,C(C1C(C(C(C(O1)OCC2C(C(C(C(O2)O)O)O)O)O)O)O)O,2.5575072019056577,0.5699343681335449,0.26886752247810364,0.7091495394706726
1297,Q745T6_wild,C(C1C(C(C(C(O1)OC2C(C(C(C(O2)CO)O)O)O)O)O)O)O,2.5352941200427703,0.5411561131477356,0.3813454210758209,0.6071730852127075
1298,D0EFL2_wild,C1C=CN(C=C1C(=O)N)C2C(C(C(O2)COP(=O)(O)OP(=O)(O)OCC3C(C(C(O3)N4C=NC5=C(N=CN=C54)N)O)O)O)O,1.0,1.2891606092453003,-0.8206601142883301,1.839589238166809
1299,Q8GKS3_wild,C1=CC=C2C(=C1)C(=CC(=O)C2=O)O,2.537819095073274,1.3646208047866821,-1.3867143392562866,2.269073009490967
1300,Q8GKS3_wild,CC1=CC(=O)C2=CC=CC=C2C1=O,3.51560894923448,1.2249979972839355,-1.2522222995758057,2.5693516731262207
1301,Q8GKS3_wild,C1=CC=C2C(=C1)C(=O)C3=C(C2=O)C=C(C=C3)S(=O)(=O)O,2.3392526340327,0.8450447916984558,-1.4761719703674316,2.504422426223755
1302,Q8GKS3_wild,C1=CC2=C(C=C1S(=O)(=O)O)C(=O)C3=C(C2=O)C=C(C=C3)S(=O)(=O)O,2.3246939138617746,0.7385520339012146,-1.4935818910598755,2.3132941722869873
1303,Q97LU2_wild,C1C=CN(C=C1C(=O)N)C2C(C(C(O2)COP(=O)(O)OP(=O)(O)OCC3C(C(C(O3)N4C=NC5=C(N=CN=C54)N)O)O)O)O,1.4502491083193612,0.32963475584983826,-1.046715497970581,1.7537591457366943
1304,Q73Q47_I287A,CCCCCC(=O)SCCNC(=O)CCNC(=O)C(C(C)(C)COP(=O)(O)OP(=O)(O)OCC1C(C(C(O1)N2C=NC3=C(N=CN=C32)N)O)OP(=O)(O)O)O,1.1846914308175989,0.10489237308502197,-1.4478285312652588,2.2168054580688477
1305,Q73Q47_I287A,CCCC=CC(=O)SCCNC(=O)CCNC(=O)C(C(C)(C)COP(=O)(O)OP(=O)(O)OCC1C(C(C(O1)N2C=NC3=C(N=CN=C32)N)O)OP(=O)(O)O)O,1.1846914308175989,0.12378735095262527,-1.4103600978851318,2.2495007514953613
1306,Q73Q47_L291A,CCCCCC(=O)SCCNC(=O)CCNC(=O)C(C(C)(C)COP(=O)(O)OP(=O)(O)OCC1C(C(C(O1)N2C=NC3=C(N=CN=C32)N)O)OP(=O)(O)O)O,1.6989700043360187,0.14995387196540833,-1.4611475467681885,2.2476634979248047
1307,Q73Q47_L291A,CCCC=CC(=O)SCCNC(=O)CCNC(=O)C(C(C)(C)COP(=O)(O)OP(=O)(O)OCC1C(C(C(O1)N2C=NC3=C(N=CN=C32)N)O)OP(=O)(O)O)O,1.6989700043360187,0.16635578870773315,-1.4228157997131348,2.279172897338867
1308,Q73Q47_L276A/V277A,CCCCCC(=O)SCCNC(=O)CCNC(=O)C(C(C)(C)COP(=O)(O)OP(=O)(O)OCC1C(C(C(O1)N2C=NC3=C(N=CN=C32)N)O)OP(=O)(O)O)O,1.2787536009528289,-0.0831831768155098,-1.383778691291809,2.0747947692871094
1309,Q73Q47_L276A/V277A,CCCC=CC(=O)SCCNC(=O)CCNC(=O)C(C(C)(C)COP(=O)(O)OP(=O)(O)OCC1C(C(C(O1)N2C=NC3=C(N=CN=C32)N)O)OP(=O)(O)O)O,1.2787536009528289,-0.04666660726070404,-1.3414288759231567,2.115328311920166
1310,Q73Q47_L276A/V277A/F295A,CCCCCC(=O)SCCNC(=O)CCNC(=O)C(C(C)(C)COP(=O)(O)OP(=O)(O)OCC1C(C(C(O1)N2C=NC3=C(N=CN=C32)N)O)OP(=O)(O)O)O,1.3502480183341627,-0.06874490529298782,-1.3894468545913696,2.0814578533172607
1311,Q73Q47_L276A/V277A/F295A,CCCC=CC(=O)SCCNC(=O)CCNC(=O)C(C(C)(C)COP(=O)(O)OP(=O)(O)OCC1C(C(C(O1)N2C=NC3=C(N=CN=C32)N)O)OP(=O)(O)O)O,1.3502480183341627,-0.033707864582538605,-1.3491839170455933,2.1232123374938965
1312,Q73Q47_Y370A,CCCCCC(=O)SCCNC(=O)CCNC(=O)C(C(C)(C)COP(=O)(O)OP(=O)(O)OCC1C(C(C(O1)N2C=NC3=C(N=CN=C32)N)O)OP(=O)(O)O)O,1.6812412373755872,0.1200442984700203,-1.4720624685287476,2.230729103088379
1313,Q73Q47_Y370A,CCCC=CC(=O)SCCNC(=O)CCNC(=O)C(C(C)(C)COP(=O)(O)OP(=O)(O)OCC1C(C(C(O1)N2C=NC3=C(N=CN=C32)N)O)OP(=O)(O)O)O,1.6812412373755872,0.1450570821762085,-1.4414347410202026,2.2619481086730957
1314,Q73Q47_F295A,CCCCCC(=O)SCCNC(=O)CCNC(=O)C(C(C)(C)COP(=O)(O)OP(=O)(O)OCC1C(C(C(O1)N2C=NC3=C(N=CN=C32)N)O)OP(=O)(O)O)O,1.806179973983887,0.15188181400299072,-1.4739961624145508,2.2480807304382324
1315,Q73Q47_F295A,CCCC=CC(=O)SCCNC(=O)CCNC(=O)C(C(C)(C)COP(=O)(O)OP(=O)(O)OCC1C(C(C(O1)N2C=NC3=C(N=CN=C32)N)O)OP(=O)(O)O)O,1.806179973983887,0.1670135259628296,-1.4366719722747803,2.280343770980835
1316,Q73Q47_wild,CCCCCC(=O)SCCNC(=O)CCNC(=O)C(C(C)(C)COP(=O)(O)OP(=O)(O)OCC1C(C(C(O1)N2C=NC3=C(N=CN=C32)N)O)OP(=O)(O)O)O,2.0492180226701815,0.13181647658348083,-1.4621661901474,2.235355854034424
1317,Q73Q47_wild,CCCC=CC(=O)SCCNC(=O)CCNC(=O)C(C(C)(C)COP(=O)(O)OP(=O)(O)OCC1C(C(C(O1)N2C=NC3=C(N=CN=C32)N)O)OP(=O)(O)O)O,2.0492180226701815,0.15095500648021698,-1.4217758178710938,2.2666306495666504
1318,Q73Q47_wild,CC=CC(=O)SCCNC(=O)CCNC(=O)C(C(C)(C)COP(=O)(O)OP(=O)(O)OCC1C(C(C(O1)N2C=NC3=C(N=CN=C32)N)O)OP(=O)(O)O)O,1.9590413923210936,0.21339887380599976,-1.3552559614181519,2.184356212615967
1319,Q73Q47_wild,C1C=CN(C=C1C(=O)N)C2C(C(C(O2)COP(=O)(O)OP(=O)(O)OCC3C(C(C(O3)N4C=NC5=C(N=CN=C54)N)O)O)O)O,2.5864747785713966,0.5459209084510803,-1.2568910121917725,2.213124990463257
1320,O26232_R203A/V182A/Y206F,C1=C(N(C(=O)NC1=O)C2C(C(C(O2)COP(=O)(O)O)O)O)C(=O)O,0.17609125905568124,0.6163424849510193,-1.2371746301651,1.4670790433883667
1321,O26232_R160A,C1=C(N(C(=O)NC1=O)C2C(C(C(O2)COP(=O)(O)O)O)O)C(=O)O,0.3010299956639812,0.6870032548904419,-1.318691372871399,1.5978074073791504
1322,O26232_T159V,C1=C(N(C(=O)NC1=O)C2C(C(C(O2)COP(=O)(O)O)O)O)C(=O)O,0.36172783601759284,0.6950171589851379,-1.3278831243515015,1.6208469867706299
1323,O26232_V182A,C1=C(N(C(=O)NC1=O)C2C(C(C(O2)COP(=O)(O)O)O)O)C(=O)O,0.47712125471966244,0.6994431018829346,-1.340155839920044,1.5836315155029297
1324,O26232_T159V/V182A/Y206F,C1=C(N(C(=O)NC1=O)C2C(C(C(O2)COP(=O)(O)O)O)O)C(=O)O,-0.619788758288394,0.6874176859855652,-1.338913917541504,1.6025298833847046
1325,O26232_Q185A,C1=C(N(C(=O)NC1=O)C2C(C(C(O2)COP(=O)(O)O)O)O)C(=O)O,0.14612803567823798,0.6866356730461121,-1.3468838930130005,1.6199088096618652
1326,O26232_wild,C1=C(N(C(=O)NC1=O)C2C(C(C(O2)COP(=O)(O)O)O)O)C(=O)O,1.3159703454569178,0.7039244174957275,-1.3397538661956787,1.6107571125030518
1327,O26232_Y206F,C1=C(N(C(=O)NC1=O)C2C(C(C(O2)COP(=O)(O)O)O)O)C(=O)O,0.6127838567197355,0.699504554271698,-1.3489558696746826,1.618949055671692
1328,O26232_T159V/V182A,C1=C(N(C(=O)NC1=O)C2C(C(C(O2)COP(=O)(O)O)O)O)C(=O)O,-0.25181197299379954,0.6919465661048889,-1.329988718032837,1.5959177017211914
1329,O26232_L123N,C1=C(N(C(=O)NC1=O)C2C(C(C(O2)COP(=O)(O)O)O)O)C(=O)O,-0.1938200260161128,0.6129034757614136,-1.305464267730713,1.5364398956298828
1330,O26232_I96T,C1=C(N(C(=O)NC1=O)C2C(C(C(O2)COP(=O)(O)O)O)O)C(=O)O,-0.16115090926274472,0.6525940299034119,-1.3637534379959106,1.572003960609436
1331,O26232_D70N,C1=C(N(C(=O)NC1=O)C2C(C(C(O2)COP(=O)(O)O)O)O)C(=O)O,-1.619788758288394,0.40084314346313477,-1.229321837425232,1.2949302196502686
1332,O26232_L123S,C1=C(N(C(=O)NC1=O)C2C(C(C(O2)COP(=O)(O)O)O)O)C(=O)O,-0.44369749923271273,0.6397888660430908,-1.311766505241394,1.553297758102417
1333,O26232_V155D,C1=C(N(C(=O)NC1=O)C2C(C(C(O2)COP(=O)(O)O)O)O)C(=O)O,-3.3010299956639813,0.6850940585136414,-1.4622159004211426,1.5832122564315796
1334,O26232_R160A/V182A,C1=C(N(C(=O)NC1=O)C2C(C(C(O2)COP(=O)(O)O)O)O)C(=O)O,0.0,0.6819413304328918,-1.319034218788147,1.5691170692443848
1335,P15559_R139W,CC1=CC(=O)C2=CC=CC=C2C1=O,3.2380461031287955,0.2558240294456482,-1.8814222812652588,2.739622116088867
1336,P15559_wild,CC1=CC(=O)C2=CC=CC=C2C1=O,3.2624510897304293,0.25831839442253113,-1.8624317646026611,2.72621750831604
1337,P15559_R139W,C1C=CN(C=C1C(=O)N)C2C(C(C(O2)COP(=O)(O)OP(=O)(O)OCC3C(C(C(O3)N4C=NC5=C(N=CN=C54)N)O)O)O)O,3.1986570869544226,0.42015698552131653,-1.083060622215271,1.8986326456069946
1338,P15559_wild,C1C=CN(C=C1C(=O)N)C2C(C(C(O2)COP(=O)(O)OP(=O)(O)OCC3C(C(C(O3)N4C=NC5=C(N=CN=C54)N)O)O)O)O,3.2013971243204513,0.4322592318058014,-1.0492466688156128,1.8909553289413452
1339,Q6Y656_wild,C1=NC2=C(N1C3C(C(C(O3)COP(=O)(O)OP(=O)(O)OP(=O)(O)OP(=O)(O)O)O)O)N=C(NC2=O)N,-0.15490195998574322,0.42118650674819946,-1.3605725765228271,1.2376368045806885
1340,Q7Z032_wild,[O-]P(=O)([O-])OP(=O)([O-])OP(=O)([O-])[O-].[Na+].[Na+].[Na+].[Na+].[Na+],0.9084850188786497,1.6350280046463013,-1.0765963792800903,1.434760570526123
1341,Q8L3C7_wild,C(CC(=O)O)C(C(=O)O)N,1.7259116322950483,0.6077520251274109,-0.31380677223205566,0.8075149059295654
1342,A8FAG9_wild,CC1=C(NC(=C1CCC(=O)O)CC2=C(C(=C(N2)C=C3C(=C(C(=O)N3)C)C=C)C)CCC(=O)O)C=C4C(=C(C(=O)N4)C=C)C,1.845098040014257,0.24103611707687378,-1.257540225982666,1.3229901790618896
1343,A8FAG9_wild,COC1=C(C(=CC=C1)OC)O,2.0,1.1920655965805054,-0.5284641981124878,1.5566105842590332
1344,A8FAG9_wild,CCN1C2=C(C=C(C=C2)S(=O)(=O)O)SC1=NN=C3N(C4=C(S3)C=C(C=C4)S(=O)(=O)O)CC,2.8549130223078554,1.4472652673721313,-0.8214356899261475,1.886648416519165
1345,D4GS48_wild,C(C(C(C(C(C=O)O)O)O)O)OP(=O)(O)O,0.7323937598229685,0.7284988164901733,0.371198832988739,0.22198651731014252
1346,D4GS48_wild,C1=CC(=C[N+](=C1)C2C(C(C(O2)COP(=O)([O-])OP(=O)(O)OCC3C(C(C(O3)N4C=NC5=C(N=CN=C54)N)O)O)O)O)C(=O)N,-0.744727494896694,0.8732287287712097,-0.22734591364860535,0.76339191198349
1347,P12277_I69L,CCN=CC(C(C(C(CO)O)O)O)O,-0.2596373105057561,0.8729864954948425,0.5582462549209595,0.6831256747245789
1348,P12277_V325A,C1CN(C(=N1)N)CC(=O)O,1.255272505103306,0.9899583458900452,-0.2045053243637085,1.7304911613464355
1349,P12277_I69L,C1CN(C(=N1)N)CC(=O)O,0.17609125905568124,1.0015238523483276,-0.19171220064163208,1.733882188796997
1350,P12277_I69L,CN(CC(=O)O)C(=N)N,1.6532125137753437,1.2330491542816162,0.9556947946548462,0.7800440192222595
1351,P12277_V325A,CCN=CC(C(C(C(CO)O)O)O)O,0.6334684555795865,0.8619138598442078,0.5453207492828369,0.6866807341575623
1352,P12277_I69V,CCN=CC(C(C(C(CO)O)O)O)O,1.0791812460476249,0.8727366924285889,0.5597033500671387,0.685591459274292
1353,P12277_I69A,CN(CC(=O)O)C(=N)N,0.6232492903979004,1.1855603456497192,0.9775834083557129,0.7255681753158569
1354,P12277_I69V,C1CN(C(=N1)N)CC(=O)O,0.6434526764861874,0.9973891377449036,-0.18637403845787048,1.723849892616272
1355,P12277_V325A,CN(CC(=O)O)C(=N)N,1.187520720836463,1.2176591157913208,0.942512035369873,0.7742998600006104
1356,P12277_wild,CCN=CC(C(C(C(CO)O)O)O)O,1.1613680022349748,0.8706263899803162,0.5515303611755371,0.6905379295349121
1357,P12277_wild,CN(CC(=O)O)C(=N)N,1.930949031167523,1.2299789190292358,0.9438948631286621,0.7817229628562927
1358,P12277_wild,C1CN(C(=N1)N)CC(=O)O,1.546542663478131,0.9979973435401917,-0.19611023366451263,1.7329925298690796
1359,P12277_I69V,CN(CC(=O)O)C(=N)N,1.9175055095525466,1.2266870737075806,0.9573409557342529,0.770176351070404
1360,P06732_H66P/D326A,C1=NC(=C2C(=N1)N(C=N2)C3C(C(C(O3)COP(=O)(O)OP(=O)(O)OP(=O)(O)O)O)O)N,1.4622482153549974,0.8145855665206909,-0.13240426778793335,1.4616568088531494
1361,P06732_H66P/D326A,CN(CC(=O)O)C(=N)N,1.4622482153549974,0.9701526165008545,1.4002803564071655,0.3972449004650116
1362,P06732_wild,C1=NC(=C2C(=N1)N(C=N2)C3C(C(C(O3)COP(=O)(O)OP(=O)(O)OP(=O)(O)O)O)O)N,2.2495896577729426,1.226065754890442,-0.2701488435268402,1.8513004779815674
1363,P06732_wild,CN(CC(=O)O)C(=N)N,2.2495896577729426,1.3488136529922485,1.2012529373168945,0.7628144025802612
1364,P06732_D326E,C1=NC(=C2C(=N1)N(C=N2)C3C(C(C(O3)COP(=O)(O)OP(=O)(O)OP(=O)(O)O)O)O)N,2.1977215222268653,1.2176642417907715,-0.27241578698158264,1.8455533981323242
1365,P06732_D326E,CN(CC(=O)O)C(=N)N,2.1977215222268653,1.3382452726364136,1.2008124589920044,0.7575958967208862
1366,P06732_H66R,C1=NC(=C2C(=N1)N(C=N2)C3C(C(C(O3)COP(=O)(O)OP(=O)(O)OP(=O)(O)O)O)O)N,2.1342089929320838,0.8098635673522949,-0.14430955052375793,1.4685310125350952
1367,P06732_H66R,CN(CC(=O)O)C(=N)N,2.1342089929320838,0.9633007645606995,1.392127513885498,0.39824768900871277
1368,P06732_D326A,C1=NC(=C2C(=N1)N(C=N2)C3C(C(C(O3)COP(=O)(O)OP(=O)(O)OP(=O)(O)O)O)O)N,1.8311015645013595,1.2370439767837524,-0.27789434790611267,1.8536001443862915
1369,P06732_D326A,CN(CC(=O)O)C(=N)N,1.8311015645013595,1.3503257036209106,1.1950558423995972,0.76680588722229
1370,P06732_H66P,C1=NC(=C2C(=N1)N(C=N2)C3C(C(C(O3)COP(=O)(O)OP(=O)(O)OP(=O)(O)O)O)O)N,1.7934411329776636,0.8148859143257141,-0.12402811646461487,1.4637868404388428
1371,P06732_H66P,CN(CC(=O)O)C(=N)N,1.7934411329776636,0.9721270203590393,1.402665138244629,0.3996039628982544
1372,Q93R93_wild,CC(=O)NC(CCCCN)C(=O)O,-0.09691001300805639,0.5374309420585632,-0.013447009027004242,0.6879962086677551
1373,Q93R93_wild,CC(=O)NC(CCCN)C(=O)O,0.0,0.828892707824707,0.05642031133174896,0.8698934316635132
1374,Q9YBL2_F225A,CC(=O)OCC(C(=O)O)N,0.414973347970818,1.4768446683883667,0.17546609044075012,0.8532414436340332
1375,Q9YBL2_wild,S,4.146128035678238,2.388902425765991,-0.5639697313308716,1.7796452045440674
1376,Q9YBL2_F225A,S,2.113943352306837,2.288478374481201,-0.5054792165756226,1.665876865386963
1377,Q9YBL2_F225A,C(C(C(=O)O)N)OP(=O)(O)O,2.1760912590556813,1.2671668529510498,-0.8674259185791016,1.0397164821624756
1378,Q9YBL2_wild,CC(=O)OCC(C(=O)O)N,2.305351369446624,1.5619194507598877,0.15129229426383972,0.946090817451477
1379,Q9YBL2_wild,C(C(C(=O)O)N)OP(=O)(O)O,4.146128035678238,1.3652018308639526,-0.9082640409469604,1.153960108757019
1380,Q79FV4_wild,C(C(C(=O)O)N)OP(=O)(O)O,-0.03952922246570104,-0.22486162185668945,-0.13318759202957153,0.7215681076049805
1381,Q79FV4_R243A,C(C(C(=O)O)N)OP(=O)(O)O,-0.34008379993014975,-0.21873122453689575,-0.1285959929227829,0.7132204174995422
1382,I3V5V6_wild,CC1=CC(=O)N(C1=O)C2=CC=CC=C2,0.7708520116421442,0.9368260502815247,-1.363234281539917,2.1186752319335938
1383,I3V5V6_wild,C1C=CN(C=C1C(=O)N)C2C(C(C(O2)COP(=O)(O)OP(=O)(O)OCC3C(C(C(O3)N4C=NC5=C(N=CN=C54)N)O)O)O)O,1.586587304671755,1.0204596519470215,-1.1447895765304565,1.5665066242218018
1384,I3V5V6_wild,C1C=CN(C=C1C(=O)N)C2C(C(C(O2)COP(=O)(O)OP(=O)(O)OCC3C(C(C(O3)N4C=NC5=C(N=CN=C54)N)OP(=O)(O)O)O)O)O,1.2833012287035497,0.9410410523414612,-1.5232096910476685,1.80867600440979
1385,Q6CSZ6_N256D,C1=NC2=C(N1C3C(C(C(O3)CO)O)O)NC(=O)NC2=O,1.3673559210260189,0.9155873656272888,-0.6565166711807251,1.4090795516967773
1386,Q6CSZ6_wild,C1=NC2=C(N1C3C(C(C(O3)CO)O)O)NC(=O)NC2=O,1.2253092817258628,0.9777889847755432,-0.6729931831359863,1.483713150024414
1387,Q6CSZ6_N256D,C1=NC2=C(N1C3C(C(C(O3)CO)O)O)N=C(NC2=O)N,1.0170333392987805,1.072744369506836,-0.8639371395111084,1.6371493339538574
1388,Q6CSZ6_wild,C1=NC2=C(N1C3C(C(C(O3)CO)O)O)N=C(NC2=O)N,1.4727564493172123,1.1369919776916504,-0.8792572021484375,1.7100385427474976
1389,Q6CSZ6_N256D,C1=NC(=C2C(=N1)N(C=N2)C3C(C(C(O3)CO)O)O)N,1.3579348470004537,1.0589181184768677,-1.4234260320663452,1.9491991996765137
1390,Q6CSZ6_N256D,C1=NC2=C(C(=O)N1)N=CN2C3C(C(C(O3)CO)O)O,1.54282542695918,1.0142030715942383,-0.6835412979125977,1.6138584613800049
1391,Q6CSZ6_N256E,C1=NC2=C(C(=O)N1)N=CN2C3C(C(C(O3)CO)O)O,1.3996737214810382,0.9351239800453186,-0.6698871850967407,1.5436265468597412
1392,Q6CSZ6_wild,C1=NC2=C(C(=O)N1)N=CN2C3C(C(C(O3)CO)O)O,1.6424645202421213,1.0720621347427368,-0.7055724859237671,1.6852586269378662
1393,P0ABP8_wild,C1=NC(=C2C(=N1)N(C=N2)C3C(C(C(O3)CO)O)O)N,0.5185139398778875,0.6545975804328918,-1.725186824798584,2.1866488456726074
1394,P0ABP8_wild,CSC1=NC=NC2=C1N=CN2C3C(C(C(O3)CO)O)O,0.04139268515822508,0.8520957827568054,-1.602056622505188,2.14150333404541
1395,P0ABP8_wild,C1=NC2=C(N=C(N=C2N1C3C(C(C(O3)CO)O)O)F)N,0.31175386105575426,0.5692947506904602,-1.2366012334823608,1.7913821935653687
1396,P0ABP8_wild,C1=NC2=C(C(=O)N1)N=CN2C3C(C(C(O3)CO)O)O,0.6020599913279624,0.6684191823005676,-1.0474659204483032,2.0165085792541504
1397,P0ABP8_wild,C1C(C(OC1N2C=NC3=C(N=C(N=C32)F)N)CO)O,0.4424797690644485,0.34260958433151245,-1.470241904258728,2.1765055656433105
1398,A3F8V1_wild,[O-]P(=O)([O-])[O-],2.055378331375,0.7034085988998413,-0.4817766845226288,1.172339916229248
1399,A3F8V1_wild,C1=NC2=C(C(=O)N1)N=CN2C3C(C(C(O3)CO)O)O,2.055378331375,0.49357083439826965,-0.975040078163147,1.7918705940246582
1400,C8CPR9_T156A,C1=NC2=C(C(=O)N1)N=CN2C3C(C(C(O3)CO)O)O,1.7512791039833422,0.48975715041160583,-1.0381728410720825,1.8102965354919434
1401,C8CPR9_T156S,C1=NC2=C(C(=O)N1)N=CN2C3C(C(C(O3)CO)O)O,1.9929950984313416,0.495184987783432,-1.0295934677124023,1.8173339366912842
1402,C8CPR9_wild,C1=NC2=C(C(=O)N1)N=CN2C3C(C(C(O3)CO)O)O,1.9247959957979122,0.4786764681339264,-1.0214179754257202,1.8006783723831177
1403,Q93XE6_wild,C1=CC=C(C=C1)C=CC(=O)C2=C(C=C(C=C2)O)O,1.6232492903979006,0.7763180136680603,-1.3907972574234009,2.3862533569335938
1404,Q93XE6_wild,C1=CC(=CC=C1C=CC(=O)C2=C(C=CC(=C2)O)O)O,1.7958800173440752,0.6480275988578796,-1.3807686567306519,2.1518282890319824
1405,Q93XE6_wild,C1=CC=C(C(=C1)C(=O)C=CC2=CC=C(C=C2)O)O,1.7589118923979736,0.8735856413841248,-1.3583887815475464,2.1880829334259033
1406,Q93XE6_wild,C1=CC=C(C=C1)C=CC(=O)C2=CC=CC=C2O,1.7774268223893115,0.8485773205757141,-1.672523856163025,2.532353162765503
1407,Q93XE6_wild,C1=CC(=CC=C1C=CC(=O)C2=C(C=C(C=C2)O)O)O,1.7101173651118162,0.7270826101303101,-1.437313199043274,2.2870571613311768
1408,Q93XE6_wild,C1=CC(=CC=C1C=CC(=O)C2=C(C=C(C=C2O)O)O)O,2.182414652434554,0.9586431980133057,-1.3645213842391968,2.6055073738098145
1409,Q53B70_wild,C1=CC=C(C(=C1)C(=O)C=CC2=CC=C(C=C2)O)O,1.354108439147401,0.8683145642280579,-1.5171557664871216,2.292762041091919
1410,Q53B70_wild,C1=CC=C(C=C1)C=CC(=O)C2=CC=CC=C2O,1.5728716022004803,0.8360028266906738,-1.783211350440979,2.592111110687256
1411,Q53B70_wild,C1=CC(=CC=C1C=CC(=O)C2=C(C=CC(=C2)O)O)O,1.5118833609788744,0.6635417938232422,-1.5762242078781128,2.261002540588379
1412,Q53B70_wild,C1=CC(=CC=C1C=CC(=O)C2=C(C=C(C=C2O)O)O)O,2.3406423775607053,0.8631272912025452,-1.5664496421813965,2.6846730709075928
1413,Q53B70_wild,C1=CC=C(C=C1)C=CC(=O)C2=C(C=C(C=C2)O)O,1.9360107957152095,0.7299022674560547,-1.6132043600082397,2.450479030609131
1414,Q53B70_wild,C1=CC(=CC=C1C=CC(=O)C2=C(C=C(C=C2)O)O)O,1.9268567089496924,0.6705194115638733,-1.6485613584518433,2.3834166526794434
1415,Q53B74_wild,C1=CC(=CC=C1C=CC(=O)C2=C(C=C(C=C2O)O)O)O,2.680154141734373,1.4558123350143433,-1.6653079986572266,2.9854729175567627
1416,P28012_wild,C1=CC=C(C=C1)C=CC(=O)C2=C(C=C(C=C2)O)O,4.656098202012832,0.7938373684883118,-1.41952645778656,2.3693714141845703
1417,V9P0A9_wild,C1=CC(=CC=C1C=CC(=O)C2=C(C=C(C=C2O)O)O)O,3.361727836017593,0.9983698725700378,-1.4638490676879883,2.081469774246216
1418,V9P0A9_wild,C1=CC(=CC=C1C=CC(=O)C2=C(C=C(C=C2)O)O)O,1.5835388192543522,0.7984268665313721,-1.409031629562378,1.8713250160217285
1419,V9P0A9_wild,C1=CC(=C(C=C1C=CC(=O)C2=C(C=C(C=C2)O)O)O)O,1.6842167951388805,0.6467475891113281,-1.3697727918624878,1.7287803888320923
1420,G4U3G8_S189T,C1=CC(=CC=C1C=CC(=O)C2=C(C=C(C=C2)O)O)O,-1.7695510786217261,0.39689400792121887,-1.9648396968841553,2.1435868740081787
1421,G4U3G8_I190M,C1=CC(=CC=C1C=CC(=O)C2=C(C=C(C=C2)O)O)O,-2.3010299956639813,0.43714639544487,-1.9964911937713623,2.217982769012451
1422,G4U3G8_S189A,C1=CC(=CC=C1C=CC(=O)C2=C(C=C(C=C2O)O)O)O,0.6989700043360189,0.6902258396148682,-1.947306752204895,2.5483434200286865
1423,G4U3G8_Y116A,C1=CC(=CC=C1C=CC(=O)C2=C(C=C(C=C2O)O)O)O,0.9822712330395684,0.6860368847846985,-1.9144366979599,2.5368707180023193
1424,G4U3G8_wild,C1=CC(=CC=C1C=CC(=O)C2=C(C=C(C=C2)O)O)O,-1.6989700043360187,0.4130191504955292,-1.9645535945892334,2.1647400856018066
1425,G4U3G8_M36A,C1=CC(=CC=C1C=CC(=O)C2=C(C=C(C=C2)O)O)O,-2.0969100130080562,0.3969588279724121,-1.976430892944336,2.1476874351501465
1426,G4U3G8_K108A/S189A,C1=CC(=CC=C1C=CC(=O)C2=C(C=C(C=C2)O)O)O,-2.5228787452803374,0.4040093421936035,-1.9635106325149536,2.1493473052978516
1427,G4U3G8_M96K,C1=CC(=CC=C1C=CC(=O)C2=C(C=C(C=C2O)O)O)O,0.8920946026904804,0.6764780879020691,-1.9294439554214478,2.5382778644561768
1428,G4U3G8_Y116A,C1=CC(=CC=C1C=CC(=O)C2=C(C=C(C=C2)O)O)O,-2.154901959985743,0.40163251757621765,-1.9440709352493286,2.1495630741119385
1429,G4U3G8_Q104E,C1=CC(=CC=C1C=CC(=O)C2=C(C=C(C=C2)O)O)O,-1.6382721639824072,0.3990582525730133,-1.9358412027359009,2.1298928260803223
1430,G4U3G8_K108A,C1=CC(=CC=C1C=CC(=O)C2=C(C=C(C=C2O)O)O)O,1.7551122663950711,0.6950268149375916,-1.9424262046813965,2.5411062240600586
1431,G4U3G8_M36A,C1=CC(=CC=C1C=CC(=O)C2=C(C=C(C=C2O)O)O)O,1.546542663478131,0.6863536238670349,-1.9435430765151978,2.533139944076538
1432,G4U3G8_wild,C1=CC(=CC=C1C=CC(=O)C2=C(C=C(C=C2O)O)O)O,2.1149444157125847,0.6961777806282043,-1.93745756149292,2.5532279014587402
1433,G4U3G8_Q104E,C1=CC(=CC=C1C=CC(=O)C2=C(C=C(C=C2O)O)O)O,2.1293675957229854,0.6862188577651978,-1.905564785003662,2.521888494491577
1434,G4U3G8_S189T,C1=CC(=CC=C1C=CC(=O)C2=C(C=C(C=C2O)O)O)O,2.358315640082196,0.677381694316864,-1.9412606954574585,2.5323636531829834
1435,G4U3G8_I190M,C1=CC(=CC=C1C=CC(=O)C2=C(C=C(C=C2O)O)O)O,2.2960066693136723,0.7220463156700134,-1.974138617515564,2.6060426235198975
1436,A0A098B5G4_R276E,[O-]P(=O)([O-])OP(=O)([O-])[O-],2.0791812460476247,1.4371227025985718,-0.21246710419654846,1.621321201324463
1437,A0A098B5G4_R276A,[O-]P(=O)([O-])OP(=O)([O-])[O-],2.060697840353612,1.4346197843551636,-0.21946321427822113,1.6278103590011597
1438,B8FP42_wild,[O-]P(=O)([O-])OP(=O)([O-])[O-],2.505149978319906,1.4299542903900146,-0.21933439373970032,1.6355082988739014
1439,A0A098B5G4_R276K,[O-]P(=O)([O-])OP(=O)([O-])[O-],2.2380461031287955,1.441877007484436,-0.23598021268844604,1.6496403217315674
1440,C6W7B1_wild,C(C1C(C(C(C(O1)O)OC2C(C(C(C(O2)CO)O)O)O)O)O)O,1.4771212547196624,1.3099108934402466,0.8083057403564453,0.5600164532661438
1441,P38993_wild,[Fe+2],0.029383777685209663,1.4040449857711792,-1.5297549962997437,1.8888517618179321
1442,A9WC34_wild,CC(C(C(=O)O)O)C(=O)SCCNC(=O)CCNC(=O)C(C(C)(C)COP(=O)(O)OP(=O)(O)OCC1C(C(C(O1)N2C=NC3=C(N=CN=C32)N)O)OP(=O)(O)O)O,3.230448921378274,0.9432933926582336,-0.8242838382720947,1.5029233694076538
1443,P23872_wild,CCCC(=O)OC1=CC=C(C=C1)[N+](=O)[O-],1.462397997898956,1.2635003328323364,-0.5003805756568909,1.7081259489059448
1444,P23872_R48E,CCCC(=O)OCC(COC(=O)CCC)OC(=O)CCC,0.9684829485539351,1.723427176475525,-1.053513526916504,2.0247480869293213
1445,P23872_R48K,CCCC(=O)OCC(COC(=O)CCC)OC(=O)CCC,0.8388490907372553,1.7637492418289185,-1.0201061964035034,2.039182186126709
1446,P23872_R48A,CCCC(=O)OCC(COC(=O)CCC)OC(=O)CCC,1.2405492482825997,1.711778998374939,-1.0602043867111206,2.037583827972412
1447,P23872_R48E,CCCC(=O)OC1=CC=C(C=C1)[N+](=O)[O-],1.8920946026904804,1.2340564727783203,-0.5288023948669434,1.6352142095565796
1448,P23872_R48S,CCCC(=O)OCC(COC(=O)CCC)OC(=O)CCC,1.2430380486862944,1.734505534172058,-1.0539510250091553,2.048278331756592
1449,P23872_R48S,CCCC(=O)OC1=CC=C(C=C1)[N+](=O)[O-],1.9344984512435677,1.2565946578979492,-0.52789306640625,1.6612285375595093
1450,P23872_wild,CCCC(=O)OCC(COC(=O)CCC)OC(=O)CCC,0.7923916894982539,1.770449161529541,-1.045613408088684,2.084679126739502
1451,P23872_R48A,CCCC(=O)OC1=CC=C(C=C1)[N+](=O)[O-],2.05307844348342,1.2420727014541626,-0.5266742706298828,1.6549736261367798
1452,A0A0A7HLG5_wild,CC(=O)OC1=CC=C(C=C1)[N+](=O)[O-],-0.08618614761628333,1.2786973714828491,-0.28530439734458923,1.4507842063903809
1453,Q5JFM9_wild,C(C1C(C(C(O1)OP(=O)(O)O)O)O)OP(=O)(O)O,1.4653828514484184,0.45363444089889526,-0.7383584976196289,1.4156221151351929
1454,Q6D395_wild,COC1(C2N(C1=O)C(=C(CS2)COC(=O)N)C(=O)O)NC(=O)CC3=CC=CS3,0.8450980400142568,0.8509982228279114,-0.6886292695999146,1.5557796955108643
1455,Q4TVR4_wild,CC1C(C(=O)N1S(=O)(=O)O)NC(=O)C(=NOC(C)(C)C(=O)O)C2=CSC(=N2)N,-1.0,1.3900755643844604,-1.2511241436004639,1.8789881467819214
1456,Q4TVR4_wild,CON=C(C1=CC=CO1)C(=O)NC2C3N(C2=O)C(=C(CS3)COC(=O)N)C(=O)O,0.8450980400142568,1.1380962133407593,-1.5348615646362305,2.06608247756958
1457,Q4TVR4_wild,CC1(C(N2C(S1)C(C2=O)NC(=O)C(C3=CSC=C3)C(=O)O)C(=O)O)C,0.9030899869919435,1.5246690511703491,-1.8084739446640015,2.418942451477051
1458,Q4TVR4_wild,CCN1CCN(C(=O)C1=O)C(=O)NC(C2=CC=CC=C2)C(=O)NC3C4N(C3=O)C(C(S4)(C)C)C(=O)O,1.4313637641589874,1.4570451974868774,-1.6582841873168945,2.3474841117858887
1459,Q4TVR4_wild,C[N+]1(CCCC1)CC2=C(N3C(C(C3=O)NC(=O)C(=NOC)C4=CSC(=N4)N)SC2)C(=O)[O-],1.4771212547196624,1.337986707687378,-1.0196529626846313,1.7559759616851807
1460,Q4TVR4_wild,CC(=O)OCC1=C(N2C(C(C2=O)NC(=O)CC3=CC=CS3)SC1)C(=O)O,1.5797835966168101,2.0987448692321777,-1.108634114265442,2.2189462184906006
1461,Q4TVR4_wild,CC(=O)OCC1=C(N2C(C(C2=O)NC(=O)C(=NOC)C3=CSC(=N3)N)SC1)C(=O)O,1.3802112417116061,1.53437340259552,-1.3150914907455444,2.017202854156494
1462,Q4TVR4_wild,CC1(C(N2C(S1)C(C2=O)NC(=O)C(C3=CC=C(C=C3)O)N)C(=O)O)C,1.3617278360175928,1.7566118240356445,-1.5537513494491577,2.2337183952331543
1463,Q6D395_wild,CC1C2C(C(=O)N2C(=C1SC3CC(NC3)C(=O)N(C)C)C(=O)O)C(C)O,0.0,1.0376801490783691,-0.5485612154006958,1.6250654458999634
1464,Q6D395_wild,CC1(C(N2C(S1)C(C2=O)NC(=O)C(C3=CSC=C3)C(=O)O)C(=O)O)C,0.9542425094393249,1.5126336812973022,-0.22974318265914917,1.7281763553619385
1465,Q6D395_wild,CC1(C(N2C(S1)C(C2=O)NC(=O)CC3=CC=CC=C3)C(=O)O)C,0.3010299956639812,1.7905941009521484,-0.08875599503517151,1.735729694366455
1466,Q6D395_wild,CC(C1C2N(C1=O)C(=C(S2)C3CCCO3)C(=O)O)O,0.6989700043360189,1.0234326124191284,-0.6121667623519897,1.5864325761795044
1467,Q6D395_wild,CC(C)(C(=O)O)ON=C(C1=CSC(=N1)N)C(=O)NC2C3N(C2=O)C(=C(CS3)C[N+]4=CC=CC=C4)C(=O)[O-],2.204119982655925,0.7255077958106995,-0.3395879566669464,1.2860548496246338
1468,Q6D395_wild,CN1C(=NC(=O)C(=O)N1)SCC2=C(N3C(C(C3=O)NC(=O)C(=NOC)C4=CSC(=N4)N)SC2)C(=O)O,1.1139433523068367,0.8866265416145325,-0.9806795120239258,1.710211992263794
1469,Q6D395_wild,CC(=O)OCC1=C(N2C(C(C2=O)NC(=O)C(=NOC)C3=CSC(=N3)N)SC1)C(=O)O,2.3979400086720375,1.0151994228363037,-0.6447856426239014,1.6456336975097656
1470,Q6D395_wild,CON=C(C1=CC=CO1)C(=O)NC2C3N(C2=O)C(=C(CS3)COC(=O)N)C(=O)O,2.6020599913279625,1.036653995513916,-0.6239094734191895,1.8794245719909668
1471,Q6D395_wild,CC(=O)OCC1=C(N2C(C(C2=O)NC(=O)CC3=CC=CS3)SC1)C(=O)O,2.380211241711606,1.564517855644226,-0.7217071056365967,1.9741064310073853
1472,Q1KY81_wild,CC1(C(N2C(S1)C(C2=O)NC(=O)CC3=CC=CC=C3)C(=O)O)C,0.5440680443502757,2.0236732959747314,-1.9896280765533447,2.792219400405884
1473,Q1KY81_wild,CC1=NN=C(S1)SCC2=C(N3C(C(C3=O)NC(=O)CN4C=NN=N4)SC2)C(=O)O,0.3424226808222063,1.7924996614456177,-1.0610616207122803,1.997820496559143
1474,Q1KY81_wild,CCN1CCN(C(=O)C1=O)C(=O)NC(C2=CC=CC=C2)C(=O)NC3C4N(C3=O)C(C(S4)(C)C)C(=O)O,0.43136376415898736,1.5001944303512573,-1.8986696004867554,2.4541168212890625
1475,Q1KY81_wild,C1C(=C(N2C(S1)C(C2=O)NC(=O)CC3=CC=CS3)C(=O)O)C=CC4=C(C=C(C=C4)[N+](=O)[O-])[N+](=O)[O-],0.8692317197309762,2.059781789779663,-1.5959335565567017,2.384958505630493
1476,Q1KY81_wild,CC1(C(N2C(S1)C(C2=O)NC(=O)C(C3=CC=CC=C3)N)C(=O)O)C,0.7323937598229685,1.8404580354690552,-1.792112946510315,2.52569317817688
1477,Q1KY81_wild,C[N+]1(CCCC1)CC2=C(N3C(C(C3=O)NC(=O)C(=NOC)C4=CSC(=N4)N)SC2)C(=O)[O-],0.38021124171160603,1.4184598922729492,-1.2505003213882446,1.8918112516403198
1478,Q1KY81_wild,CC1C(C(=O)N1S(=O)(=O)O)NC(=O)C(=NOC(C)(C)C(=O)O)C2=CSC(=N2)N,0.6720978579357175,1.4391900300979614,-1.3310490846633911,1.9549989700317383
1479,P16897_wild,CC1(C(N2C(S1)C(C2=O)NC(=O)CC3=CC=CC=C3)C(=O)O)C,2.949390006644913,1.4666575193405151,-1.2188053131103516,2.2955496311187744
1480,P16897_wild,CC1(C(N2C(S1)C(C2=O)NC(=O)C(C3=CC=CC=C3)N)C(=O)O)C,3.0681858617461617,1.2701680660247803,-1.0516446828842163,2.081731081008911
1481,Q8KQ59_wild,CC(=O)OCC1=C(N2C(C(C2=O)NC(=O)CC3=CC=CS3)SC1)C(=O)O,0.0,2.001490831375122,-1.2989920377731323,2.2683777809143066
1482,Q8KQ59_wild,CON=C(C1=CC=CO1)C(=O)NC2C3N(C2=O)C(=C(CS3)COC(=O)N)C(=O)O,0.3010299956639812,1.0125727653503418,-1.512434482574463,1.9878968000411987
1483,Q8KQ59_wild,CC1C(C(=O)N1S(=O)(=O)O)NC(=O)C(=NOC(C)(C)C(=O)O)C2=CSC(=N2)N,0.3010299956639812,1.3673843145370483,-1.3544728755950928,1.9397804737091064
1484,Q8KQ59_wild,CC(=O)OCC1=C(N2C(C(C2=O)NC(=O)C(=NOC)C3=CSC(=N3)N)SC1)C(=O)O,0.47712125471966244,1.5636190176010132,-1.4120029211044312,2.045304775238037
1485,Q8KQ59_wild,C[N+]1(CCCC1)CC2=C(N3C(C(C3=O)NC(=O)C(=NOC)C4=CSC(=N4)N)SC2)C(=O)[O-],0.47712125471966244,1.3483866453170776,-1.2788227796554565,1.8700939416885376
1486,Q8KQ59_wild,CCN1CCN(C(=O)C1=O)C(=O)NC(C2=CC=CC=C2)C(=O)NC3C4N(C3=O)C(C(S4)(C)C)C(=O)O,1.0413926851582251,1.4316476583480835,-1.9279345273971558,2.435823917388916
1487,Q8KQ59_wild,C1C(=C(N2C(S1)C(C2=O)NC(=O)CC3=CC=CS3)C(=O)O)C=CC4=C(C=C(C=C4)[N+](=O)[O-])[N+](=O)[O-],1.8573324964312685,1.9789475202560425,-1.6299148797988892,2.3710122108459473
1488,Q8KQ59_wild,CC(C)(C(=O)O)ON=C(C1=CSC(=N1)N)C(=O)NC2C3N(C2=O)C(=C(CS3)C[N+]4=CC=CC=C4)C(=O)[O-],1.1760912590556813,1.0466372966766357,-1.1480194330215454,1.525508999824524
1489,Q9F918_E164A,CCN1CCN(C(=O)C1=O)C(=O)NC(C2=CC=CC=C2)C(=O)NC3C4N(C3=O)C(C(S4)(C)C)C(=O)O,0.3424226808222063,1.4927222728729248,-1.6227186918258667,2.3300466537475586
1490,Q9F918_E162A,CC1(C(N2C(S1)C(C2=O)NC(=O)C(C3=CC=CC=C3)N)C(=O)O)C,1.1760912590556813,1.7154330015182495,-1.522072672843933,2.233475685119629
1491,Q9F918_E162A,CCN1CCN(C(=O)C1=O)C(=O)NC(C2=CC=C(C=C2)O)C(=O)NC3C4N(C3=O)C(=C(CS4)CSC5=NN=NN5C)C(=O)O,-0.6777807052660807,1.3439708948135376,-1.5307797193527222,1.8800454139709473
1492,Q9F918_E162A,C1C(=C(N2C(S1)C(C2=O)NC(=O)CC3=CC=CS3)C(=O)O)C=CC4=C(C=C(C=C4)[N+](=O)[O-])[N+](=O)[O-],-1.0969100130080565,2.0052297115325928,-1.2700835466384888,2.2089152336120605
1493,Q9F918_E162A,CC(=O)OCC1=C(N2C(C(C2=O)NC(=O)CC3=CC=CS3)SC1)C(=O)O,-0.3565473235138126,2.0836715698242188,-1.0554591417312622,2.1732771396636963
1494,Q9F918_E164A,CC(=O)OCC1=C(N2C(C(C2=O)NC(=O)CC3=CC=CS3)SC1)C(=O)O,-0.36653154442041347,2.121926784515381,-1.0473755598068237,2.2022266387939453
1495,Q9F918_wild,C1C(=C(N2C(S1)C(C2=O)NC(=O)CC3=CC=CS3)C(=O)O)C=CC4=C(C=C(C=C4)[N+](=O)[O-])[N+](=O)[O-],0.7671558660821804,2.030416250228882,-1.2577887773513794,2.229191780090332
1496,Q9F918_E164A,C1C(=C(N2C(S1)C(C2=O)NC(=O)CC3=CC=CS3)C(=O)O)C=CC4=C(C=C(C=C4)[N+](=O)[O-])[N+](=O)[O-],-0.9030899869919435,2.0418701171875,-1.2714879512786865,2.238954782485962
1497,Q9F918_E164A,CC1(C(N2C(S1)C(C2=O)NC(=O)C(C3=CC=CC=C3)N)C(=O)O)C,1.3324384599156054,1.7502344846725464,-1.5198386907577515,2.2617814540863037
1498,Q9F918_wild,CC(=O)OCC1=C(N2C(C(C2=O)NC(=O)CC3=CC=CS3)SC1)C(=O)O,2.05307844348342,2.105339527130127,-1.0388697385787964,2.1904711723327637
1499,Q9F918_E164A,CC1(C(N2C(S1)C(C2=O)NC(=O)C(C3=CC=C(C=C3)O)N)C(=O)O)C,0.3074960379132129,1.788731336593628,-1.514836072921753,2.2248411178588867
1500,Q9F918_wild,CCN1CCN(C(=O)C1=O)C(=O)NC(C2=CC=CC=C2)C(=O)NC3C4N(C3=O)C(C(S4)(C)C)C(=O)O,2.8305886686851442,1.4722694158554077,-1.6079072952270508,2.317969799041748
1501,Q9F918_E162A,CC1(C(N2C(S1)C(C2=O)NC(=O)C(C3=CC=C(C=C3)O)N)C(=O)O)C,0.37657695705651195,1.7548478841781616,-1.5174893140792847,2.1965370178222656
1502,Q9F918_E164A,CCN1CCN(C(=O)C1=O)C(=O)NC(C2=CC=C(C=C2)O)C(=O)NC3C4N(C3=O)C(=C(CS4)CSC5=NN=NN5C)C(=O)O,-0.15181088300860132,1.382399559020996,-1.52334463596344,1.9052214622497559
1503,Q9F918_E162A,CCN1CCN(C(=O)C1=O)C(=O)NC(C2=CC=CC=C2)C(=O)NC3C4N(C3=O)C(C(S4)(C)C)C(=O)O,0.39093510710337914,1.457694172859192,-1.6255064010620117,2.305245876312256
1504,Q9F918_wild,CC1(C(N2C(S1)C(C2=O)NC(=O)C(C3=CC=CC=C3)N)C(=O)O)C,2.73559889969818,1.7376569509506226,-1.5010076761245728,2.2478036880493164
1505,Q9F918_wild,CC1(C(N2C(S1)C(C2=O)NC(=O)C(C3=CC=C(C=C3)O)N)C(=O)O)C,2.7263196121107756,1.7747331857681274,-1.4955934286117554,2.2077064514160156
1506,Q9F918_wild,CCN1CCN(C(=O)C1=O)C(=O)NC(C2=CC=C(C=C2)O)C(=O)NC3C4N(C3=O)C(=C(CS4)CSC5=NN=NN5C)C(=O)O,2.36078268987328,1.3570505380630493,-1.5124508142471313,1.8942785263061523
1507,Q1KY81_wild,CC(=O)OCC1=C(N2C(C(C2=O)NC(=O)C(=NOC)C3=CSC(=N3)N)SC1)C(=O)O,-1.154901959985743,1.619796872138977,-1.3842387199401855,2.0662055015563965
1508,Q8U1K9_wild,C1C=CN(C=C1C(=O)N)C2C(C(C(O2)COP(=O)(O)OP(=O)(O)OCC3C(C(C(O3)N4C=NC5=C(N=CN=C54)N)OP(=O)(O)O)O)O)O,2.41161970596323,0.6528962850570679,-1.5690866708755493,2.114492416381836
1509,Q8U1K9_wild,C1C=CN(C=C1C(=O)N)C2C(C(C(O2)COP(=O)(O)OP(=O)(O)OCC3C(C(C(O3)N4C=NC5=C(N=CN=C54)N)O)O)O)O,2.6972293427597176,0.6728028655052185,-1.4480522871017456,1.9027899503707886
1510,Q58327_wild,C(C1C(C(C(O1)(COP(=O)(O)O)O)O)O)OP(=O)(O)O,2.3263358609287517,0.5497665405273438,-0.9760441780090332,1.3129496574401855
1511,P12530_F353L,CCCCCC=CCC=CCC=CCC=CCCCC(=O)O,0.7795964912578245,1.4235929250717163,-1.6610900163650513,2.482328176498413
1512,P12530_wild,CCCCCC=CCC=CCC=CCC=CCCCC(=O)O,0.9116901587538612,1.4264341592788696,-1.6626452207565308,2.4875314235687256
1513,Q9UKK9_wild,C1C(C(OC1N2C=NC3=C(NC(=O)N=C32)N)COP(=O)([O-])OP(=O)([O-])[O-])O,-2.3979400086720375,-0.04237855225801468,-1.40829598903656,1.1719520092010498
1514,Q9UKK9_wild,C1C(C(OC1N2C3=NC=NC(=C3NC2=O)N)COP(=O)([O-])OP(=O)([O-])[O-])O,-2.0457574905606752,-0.27067363262176514,-1.4476346969604492,1.1354196071624756
1515,Q9UKK9_wild,C1C(C(OC1N2C=NC3=C2N=C(NC3=O)N)COP(=O)(O)OP(=O)(O)O)O,-1.8239087409443189,0.04406898468732834,-0.9765279293060303,0.8246784210205078
1516,Q9UKK9_wild,C1C(C(OC1N2C=NC3=C(N=CN=C32)N)COP(=O)(O)OP(=O)(O)O)O,-2.2218487496163566,0.08475547283887863,-1.0489422082901,1.0615726709365845
1517,Q9UKK9_wild,C1C(C(OC1N2C3=C(C(=O)NC(=N3)N)NC2=O)COP(=O)(O)OP(=O)(O)O)O,-2.2218487496163566,-0.029953427612781525,-1.3423373699188232,1.1739935874938965
1518,P71534_wild,CCCCCC(=O)CC(=O)SCCNC(=O)CCNC(=O)C(C(C)(C)COP(=O)(O)OP(=O)(O)OCC1C(C(C(O1)N2C=NC3=C(N=CN=C32)N)O)OP(=O)(O)O)O,0.7573960287930241,-0.1309969127178192,-0.9798939228057861,1.0011684894561768
1519,P71534_wild,CC(=O)CC(=O)SCCNC(=O)CCNC(=O)C(C(C)(C)COP(=O)(O)OP(=O)(O)OCC1C(C(C(O1)N2C=NC3=C(N=CN=C32)N)O)OP(=O)(O)O)O,0.05690485133647256,-0.07523138076066971,-0.6805871725082397,0.8364949226379395
1520,H9BIH8_wild,CC(=O)SCCNC(=O)CCNC(=O)C(C(C)(C)COP(=O)(O)OP(=O)(O)OCC1C(C(C(O1)N2C=NC3=C(N=CN=C32)N)O)OP(=O)(O)O)O,1.2073650374690719,0.221950501203537,-0.8723015785217285,0.8048943877220154
1521,H9BIH8_I43S/D390R,CC(=O)OC=C,-1.5800442515102422,1.4193941354751587,-0.5577937364578247,0.7154613733291626
1522,H9BIH8_I43S,CC(=O)OC=C,-1.6126101736612706,1.42573881149292,-0.5506452322006226,0.712095320224762
1523,H9BIH8_I43T,CC(=O)OC=C,-1.6270879970298935,1.4168286323547363,-0.549634575843811,0.7116050720214844
1524,H9BIH8_D390H,CC(=O)OC=C,-1.6497519816658373,1.399930477142334,-0.5515540838241577,0.7195543646812439
1525,H9BIH8_D390R,CC(=O)OC=C,-1.586700235918748,1.4097071886062622,-0.5522135496139526,0.7199460864067078
1526,H9BIH8_wild,CC1=C2C(C(=O)C3(C(CC4C(C3C(C(C2(C)C)(CC1O)O)OC(=O)C5=CC=CC=C5)(CO4)OC(=O)C)O)C)O,1.1670217957902564,-0.4321482479572296,-0.8082746267318726,0.04247644543647766
1527,Q9M6E2_wild,CC1=C2C(C(=O)C3(C(CC4C(C3C(C(C2(C)C)(CC1OC(=O)C(C(C5=CC=CC=C5)NC(=O)C6=CC=CC=C6)O)O)OC(=O)C7=CC=CC=C7)(CO4)OC(=O)C)O)C)O,-3.4762535331884354,-0.3451439142227173,-0.737308144569397,-0.08561211824417114
1528,Q9M6E2_G38R,CC1=C2C(C(=O)C3(C(CC4C(C3C(C(C2(C)C)(CC1OC(=O)C(C(C5=CC=CC=C5)NC(=O)C6=CC=CC=C6)O)O)OC(=O)C7=CC=CC=C7)(CO4)OC(=O)C)O)C)O,-3.0888423912600236,-0.3651250898838043,-0.7323522567749023,-0.08547186851501465
1529,Q9M6E2_F301V,CC1=C2C(C(=O)C3(C(CC4C(C3C(C(C2(C)C)(CC1OC(=O)C(C(C5=CC=CC=C5)NC(=O)C6=CC=CC=C6)O)O)OC(=O)C7=CC=CC=C7)(CO4)OC(=O)C)O)C)O,-3.402304814074488,-0.346701055765152,-0.7274576425552368,-0.0848512053489685
1530,Q9M6E2_G38R/F301V,CC1=C2C(C(=O)C3(C(CC4C(C3C(C(C2(C)C)(CC1OC(=O)C(C(C5=CC=CC=C5)NC(=O)C6=CC=CC=C6)O)O)OC(=O)C7=CC=CC=C7)(CO4)OC(=O)C)O)C)O,-2.8241983671517206,-0.36693570017814636,-0.7227109670639038,-0.0852167010307312
1531,Q6T9Z6_wild,C1=CC(=CC=C1[N+](=O)[O-])OP(=O)(O)O,0.2787536009528289,2.443737745285034,0.5857338905334473,0.6908013224601746
1532,Q6T9Z6_wild,C1(C(C(C(C(C1OP(=O)(O)O)OP(=O)(O)O)OP(=O)(O)O)OP(=O)(O)O)OP(=O)(O)O)OP(=O)(O)O,2.599883072073688,1.5773085355758667,-0.4909570515155792,1.8642494678497314
1533,G4WZU3_wild,C1(C(C(C(C(C1OP(=O)(O)O)OP(=O)(O)O)OP(=O)(O)O)OP(=O)(O)O)OP(=O)(O)O)OP(=O)(O)O,2.0519239160461065,1.496951937675476,-0.4693305194377899,1.9574315547943115
1534,Q5XNQ9_wild,C1(C(C(C(C(C1OP(=O)(O)O)OP(=O)(O)O)OP(=O)(O)O)OP(=O)(O)O)OP(=O)(O)O)OP(=O)(O)O,2.0086001717619175,1.591201663017273,-0.5312894582748413,1.911834716796875
1535,O00107_wild,C1(C(C(C(C(C1OP(=O)(O)O)OP(=O)(O)O)OP(=O)(O)O)OP(=O)(O)O)OP(=O)(O)O)OP(=O)(O)O,3.7075701760979363,0.8485130071640015,-0.8154091835021973,1.9179924726486206
1536,Q8L0V2_wild,CC(=O)NC1C(C(C(OC1OP(=O)(O)OP(=O)(O)OCC2C(C(C(O2)N3C=CC(=O)NC3=O)O)O)CO)O)O,1.6384892569546374,0.6565737128257751,-0.7944847345352173,0.8353353142738342
1537,Q8L0V2_wild,C1=CN(C(=O)NC1=O)C2C(C(C(O2)COP(=O)(O)OP(=O)(O)OC3C(C(C(C(O3)CO)O)O)O)O)O,0.5230958382525678,1.0293954610824585,-0.6514548063278198,1.0237722396850586
1538,C6A190_wild,CC(CCC(C)O)O,0.3424226808222063,0.4710157513618469,0.3327600061893463,-0.09819716215133667
1539,C6A190_wild,CCC(=O)C(=O)C,0.14612803567823798,1.2247103452682495,-0.025173813104629517,0.35681796073913574
1540,Q5SE95_wild,C(CC(C(=O)O)N)CN,-0.060480747381381476,1.2249943017959595,0.4906778037548065,0.47240984439849854
1541,Q5SE95_wild,C1C=CN(C=C1C(=O)N)C2C(C(C(O2)COP(=O)(O)OP(=O)(O)OCC3C(C(C(O3)N4C=NC5=C(N=CN=C54)N)OP(=O)(O)O)O)O)O,0.09691001300805642,1.159609079360962,-1.3322910070419312,1.7199503183364868
1542,Q5SE95_wild,C1C=CN(C=C1C(=O)N)C2C(C(C(O2)COP(=O)(O)OP(=O)(O)OCC3C(C(C(O3)N4C=NC5=C(N=CN=C54)N)O)O)O)O,0.13353890837021754,1.2161043882369995,-1.102378010749817,1.4465627670288086
1543,Q5SE95_S257A,C(CC(C(=O)O)N)CN,-1.5228787452803376,1.1850343942642212,0.5207369327545166,0.43272605538368225
1544,Q5SE95_S257A,C1C=CN(C=C1C(=O)N)C2C(C(C(O2)COP(=O)(O)OP(=O)(O)OCC3C(C(C(O3)N4C=NC5=C(N=CN=C54)N)OP(=O)(O)O)O)O)O,-0.07058107428570727,1.1261194944381714,-1.3003898859024048,1.6760716438293457
1545,Q6N8N2_wild,COC1=CC=C(C=C1)C(=O)[O-],1.5786392099680724,0.4602717161178589,-1.033970832824707,1.0089651346206665
1546,P16152_wild,C1=CC=C2C(=O)C=CC(=O)C2=C1,-0.2596373105057561,0.6989853978157043,-1.522947907447815,2.0630640983581543
1547,P16152_wild,CC1=CC(=O)C2=CC=CC=C2C1=O,2.041392685158225,0.27917081117630005,-1.3961981534957886,1.8168824911117554
1548,P16152_wild,C1=CC=C2C(=C1)C(=O)C(=O)N2,0.989894563718773,0.8389719724655151,-1.2904887199401855,2.053607702255249
1549,P16152_wild,C1=CC=C(C=C1)C(=O)C2=CC=NC=C2,0.8239087626590423,0.1537005603313446,-1.0472211837768555,1.2044239044189453
1550,P16152_wild,CN(CCCC(=O)C1=CN=CC=C1)N=O,0.3053513694466238,0.2813236117362976,-0.20430168509483337,0.3068699836730957
1551,P16152_wild,CC1C(C(CC(O1)OC2CC(CC3=C2C(=C4C(=C3O)C(=O)C5=C(C4=O)C(=CC=C5)OC)O)(C(=O)CO)O)N)O,-0.6777807052660807,-0.49918344616889954,-0.5809779167175293,0.983594536781311
1552,P16152_wild,C1C=CN(C=C1C(=O)N)C2C(C(C(O2)COP(=O)(O)OP(=O)(O)OCC3C(C(C(O3)N4C=NC5=C(N=CN=C54)N)OP(=O)(O)O)O)O)O,2.2528530309798933,0.48553234338760376,-1.8874011039733887,2.10606050491333
1553,P16152_wild,C1=CC=C2C(=C1)C3=C(C4=CC=CC=C4C3=O)N(C2=O)CCNCCO,0.22271647114758325,0.11175213754177094,-0.8789912462234497,1.2440729141235352
1554,P16152_wild,CC1C(C(CC(O1)OC2CC(CC3=C2C(=C4C(=C3O)C(=O)C5=C(C4=O)C(=CC=C5)OC)O)(C(=O)C)O)N)O,1.9590413923210936,-0.5075830817222595,-0.757596492767334,1.1149221658706665
1555,P16152_wild,CCCC(=O)C(=O)C,0.7101173651118162,0.45023438334465027,-0.18859997391700745,1.109804391860962
1556,P16152_wild,C1=CC=C2C(=C1)C3=CC=CC=C3C(=O)C2=O,0.989894563718773,0.21188905835151672,-1.7651638984680176,2.0251598358154297
1557,P16152_wild,C1=CC=C2C(=C1)C=CC(=O)C2=O,0.8260748027008264,0.5332584381103516,-1.5366743803024292,1.9067659378051758
1558,P16152_wild,C(CC(=O)NC(CSN=O)C(=O)NCC(=O)O)C(C(=O)O)N,0.8750612633917001,0.7523773312568665,-0.44987502694129944,1.111634373664856
1559,P16152_C227S,C1=CC=C2C(=C1)C3=CC=CC=C3C(=O)C2=O,1.5587085705331658,0.2568521797657013,-1.7455824613571167,2.034461736679077
1560,P16152_C227S,C(CC(=O)NC(CSN=O)C(=O)NCC(=O)O)C(C(=O)O)N,0.3053513694466238,0.7913289666175842,-0.42998990416526794,1.1123337745666504
1561,O75828_wild,C1=CC=C(C=C1)C(=O)C2=CC=NC=C2,-1.9208187539523751,-0.03323400765657425,-1.1015771627426147,0.9384342432022095
1562,O75828_D236A/K238P/D239K/S240A/I241T/R242K/T243S/V244P,C(CC(=O)NC(CSN=O)C(=O)NCC(=O)O)C(C(=O)O)N,0.7032913781186614,0.4436319172382355,-0.2675369381904602,0.7358995676040649
1563,O75828_wild,C1=CC(=CC=C1C=O)[N+](=O)[O-],-2.0072992534633465,0.1393887847661972,-0.39181509613990784,0.28920823335647583
1564,O75828_wild,CC1=CC(=O)C2=CC=CC=C2C1=O,1.3117538610557542,0.09005007147789001,-1.3010241985321045,1.5118650197982788
1565,O75828_Q142M/C143S/P230W/D236A/K238P/D239K/S240A/I241T/R242K/T243S/V244P/H270S,C(CC(=O)NC(CSN=O)C(=O)NCC(=O)O)C(C(=O)O)N,1.3106933123433606,0.6777449250221252,-0.3538692593574524,0.9905217289924622
1566,B2GV72_W230P,C1=CC=C(C=C1)C(=O)C2=CC=NC=C2,-0.7375489102695706,-0.06300271302461624,-1.1363155841827393,1.0375897884368896
1567,B2GV72_wild,C1=CC=C(C=C1)C(=O)C2=CC=NC=C2,-0.6382721639824072,0.03268202394247055,-1.1560598611831665,1.19236421585083
1568,Q924V3_wild,C1=CC(=CC=C1C=O)[N+](=O)[O-],-0.5228787452803376,0.3557165861129761,-0.3218691349029541,0.4856182038784027
1569,Q924V3_wild,C1=CC=C(C=C1)C(=O)C2=CC=NC=C2,0.012837224705172217,0.0868593379855156,-0.9510483741760254,1.0503504276275635
1570,Q924V3_wild,C1=CC=C2C(=C1)C(=O)C(=O)N2,-0.23433144524098592,0.6911245584487915,-1.2255712747573853,1.8592703342437744
1571,Q924V2_wild,C1=CC=C(C=C1)C(=O)C2=CC=NC=C2,0.29380435991933673,0.10092856734991074,-0.9708153009414673,1.0785986185073853
1572,Q924V2_wild,C1=CC(=CC=C1C=O)[N+](=O)[O-],0.03622954408629452,0.3423396050930023,-0.32057565450668335,0.5346564054489136
1573,Q924V2_wild,C1=CC=C2C(=C1)C(=O)C(=O)N2,0.08813608870055131,0.7270097136497498,-1.1667104959487915,1.8968799114227295
1574,Q9JJN7_wild,C1=CC=C(C=C1)C(=O)C2=CC=NC=C2,-1.275724130399211,0.138912171125412,-1.1675840616226196,1.1697653532028198
1575,Q9JJN7_wild,C1=CC(=CC=C1C=O)[N+](=O)[O-],-1.5482135644757098,0.34882548451423645,-0.4629431664943695,0.5245364904403687
1576,Q9JJN7_wild,C1=CC=C2C(=C1)C(=O)C(=O)N2,-0.28676153845433827,0.7760757803916931,-1.1686609983444214,1.8333426713943481
1577,Q28960_wild,CC1=CC(=O)C2=CC=CC=C2C1=O,-0.8239087409443188,0.4084818661212921,-1.416379451751709,1.8875563144683838
1578,Q28960_wild,CC1=C(N(C2=CC=CC=C2N1[O-])[O-])C(=O)C,-3.5686362358410126,0.3445644974708557,-0.8776540756225586,0.963307797908783
1579,Q5FT75_wild,CCC(=O)C(=O)C,1.5646660642520893,1.3620656728744507,0.14478152990341187,0.7099177241325378
1580,Q5FT75_wild,C1=CC=C(C=C1)C(=O)C=O,1.5943925503754266,1.317179560661316,-0.20521245896816254,0.9677219390869141
1581,Q9Y8Y1_wild,CC1=CC(=O)C=CC1=O,0.3979400086720376,1.5303341150283813,-0.9978618621826172,1.2448620796203613
1582,Q9Y8Y1_wild,CCOC(=O)CC(=O)CCl,0.021189299069938092,1.4141165018081665,0.2592344880104065,0.6805455088615417
1583,Q9Y8Y1_wild,C1=CC=C2C(=C1)C3=CC=CC=C3C(=O)C2=O,0.10380372095595687,1.2802945375442505,-1.522118330001831,1.6853164434432983
1584,P48758_wild,C1C=CN(C=C1C(=O)N)C2C(C(C(O2)COP(=O)(O)OP(=O)(O)OCC3C(C(C(O3)N4C=NC5=C(N=CN=C54)N)OP(=O)(O)O)O)O)O,-1.4436974992327127,0.5121484994888306,-1.976656198501587,2.084223747253418
1585,P48758_wild,CC1C(C(CC(O1)OC2CC(CC3=C2C(=C4C(=C3O)C(=O)C5=C(C4=O)C(=CC=C5)OC)O)(C(=O)CO)O)N)O,-1.8239087409443189,-0.524086058139801,-0.6700313091278076,0.9977871775627136
1586,Q8K354_wild,CC1C(C(CC(O1)OC2CC(CC3=C2C(=C4C(=C3O)C(=O)C5=C(C4=O)C(=CC=C5)OC)O)(C(=O)CO)O)N)O,-2.853871964321762,-0.6551723480224609,-0.6290198564529419,0.8800576329231262
1587,Q8K354_wild,C1C=CN(C=C1C(=O)N)C2C(C(C(O2)COP(=O)(O)OP(=O)(O)OCC3C(C(C(O3)N4C=NC5=C(N=CN=C54)N)OP(=O)(O)O)O)O)O,-4.0,0.3643942177295685,-1.7704423666000366,1.880950689315796
1588,Q9VJK8_wild,CCCCCCCCCCCCCCCC(=O)O,-3.1655792963184677,-0.8039094805717468,-1.816750168800354,0.9456655383110046
1589,Q9VJK8_wild,CCCCCCCCCCCC(=O)[O-],-2.7695510786217263,-0.46270015835762024,-1.5630525350570679,1.2756754159927368
1590,Q9VJK8_wild,CC(=CCCC(=CCCC(=CC(=O)[O-])C)C)C,-0.7746907182741372,-0.9006603360176086,-2.356627941131592,1.2754297256469727
1591,Q206L4_wild,CC(=CCCC(=CCCC(=CC(=O)[O-])C)C)C,-3.6635402661514704,-0.9607411026954651,-2.1631524562835693,1.0951666831970215
1592,Q7Z2E3_wild,C1=NC(=C2C(=N1)N(C=N2)C3C(C(C(O3)COP(=O)(O)OP(=O)(O)OP(=O)(O)OP(=O)(O)OCC4C(C(C(O4)N5C=NC6=C(N=CN=C65)N)O)O)O)O)N,-1.9393021596463884,0.35205474495887756,-1.1105605363845825,1.3243680000305176
1593,Q7Z2E3_wild,C1=NC(=C2C(=N1)N(C=N2)C3C(C(C(O3)COP(=O)(N)[O-])O)O)N,-1.709965388637482,0.36537104845046997,-0.8320964574813843,1.1321059465408325
1594,Q75UV1_wild,C1=NC(=C2C(=N1)N(C=N2)C3C(C(C(O3)COP(=O)(O)OP(=O)(O)OP(=O)(O)OP(=O)(O)OP(=O)(O)OP(=O)(O)OCC4C(C(C(O4)N5C=NC6=C(N=CN=C65)N)O)O)O)O)N,0.6127838567197355,0.7887623310089111,-1.7765439748764038,2.1036295890808105
1595,Q6QF56_wild,C1=CC(=C(C(=C1)Cl)O)O,1.1760912590556813,0.2889843285083771,-1.5705808401107788,1.0904252529144287
1596,Q6QF56_wild,CC1=CC(=C(C=C1)O)O,0.0,0.7692018151283264,-1.2026182413101196,1.0783393383026123
1597,Q6QF56_wild,CC1=C(C(=CC=C1)O)O,1.146128035678238,0.7339118123054504,-1.4088774919509888,1.1158227920532227
1598,Q6QF56_wild,C1=CC=C(C(=C1)O)O,1.6989700043360187,1.1283619403839111,-1.2631961107254028,1.2840826511383057
1599,Q6QF56_wild,C1=CC=C(C=C1)C2=C(C(=CC=C2)O)O,1.6020599913279625,0.9922687411308289,-1.9253023862838745,1.3858914375305176
1600,A0A077JBW9_wild,COP(=O)(OC1=CC=C(C=C1)[N+](=O)[O-])OC2=CC=C(C=C2)[N+](=O)[O-],0.9542425094393249,1.5427758693695068,-0.6298937797546387,1.8687489032745361
1601,A0A077JBW9_wild,CCOP(=O)(OCC)OC1=CC=C(C=C1)OC,0.3979400086720376,1.490958333015442,-0.3212883472442627,1.5059843063354492
1602,A0A077JBW9_wild,CCOP(=O)(OCC)OC1=CC=C(C=C1)[N+](=O)[O-],1.505149978319906,1.7378889322280884,-0.2878335118293762,1.889665126800537
1603,A0A077JBW9_wild,CCOP(=O)(OCC)OC1=CC=C(C=C1)Cl,1.6020599913279625,1.2888637781143188,-0.4297626316547394,1.4940046072006226
1604,A0A077JBW9_wild,CCCCOP(=O)(OCCCC)OC1=CC=CC=C1,0.6434526764861874,1.1738029718399048,-0.5816360712051392,1.3703498840332031
1605,A0A077JBW9_wild,COP(=O)(OC)OC1=CC=C(C=C1)[N+](=O)[O-],0.9590413923210936,1.92330801486969,-0.3552077114582062,1.9088342189788818
1606,A0A077JBW9_wild,CCOP(=O)(OCC)OC1=CC=CC=C1,1.8512583487190752,1.5148913860321045,-0.2674388289451599,1.212080478668213
1607,G2IQQ3_wild,COC1=CC(=CC(=C1[O-])O)C(=O)O,0.8633228601204559,0.09363799542188644,-0.5026602745056152,0.40724989771842957
1608,G2IQQ3_wild,C1=CC(=C(C=C1C(=O)O)O)O,2.361727836017593,0.42152920365333557,-0.6403594017028809,0.2955612540245056
1609,G2IQQ3_wild,C1=C(C=C(C(=C1O)O)O)C(=O)O,1.7242758696007892,0.3649628162384033,-0.688944935798645,0.676410436630249
1610,G2IQQ3_A18W,C1=CC(=C(C=C1C(=O)O)O)O,2.0863598306747484,0.4075087010860443,-0.669289231300354,0.2912117838859558
1611,P0A862_wild,OO,1.8808135922807914,1.818606972694397,-1.3077155351638794,2.420403003692627
1612,P0A862_wild,CC(C)(C1=CC=CC=C1)OO,1.8457180179666586,1.034760594367981,-1.384239673614502,1.5470600128173828
1613,P80679_F179A,COC1=CC=CC=C1O,0.2624510897304295,2.396634578704834,0.3805423974990845,1.151869535446167
1614,P80679_wild,COC1=CC=CC=C1O,0.15836249209524964,2.3781943321228027,0.3659156858921051,1.1468945741653442
1615,P80679_F142A,COC1=CC=CC=C1O,0.09342168516223508,2.3775839805603027,0.36166396737098694,1.1331300735473633
1616,P00433_wild,OO,3.342422680822206,3.436723232269287,-0.12129028141498566,2.6721129417419434
1617,Q2KTH0_wild,C(CCN)CN,-0.7033348097384688,0.13303011655807495,-0.865498423576355,0.5735935568809509
1618,Q2KTH2_wild,C(CCN)CN,-0.41680122603137726,0.04726071655750275,-0.8685009479522705,0.48801425099372864
1619,Q70EW6_wild,C(CCN)CN,0.7109631189952758,0.07504478096961975,-0.8379039764404297,0.5422694087028503
1620,Q70EW6_H108L,C(CCN)CN,-0.10790539730951958,0.11074613034725189,-0.8113375902175903,0.5314877033233643
1621,Q2KTH1_wild,C(CCN)CN,-0.44490555142168087,0.052445873618125916,-0.8343988656997681,0.5106407403945923
1622,Q70AR0_wild,C(CCN)CN,-0.8827287043442358,0.06653165072202682,-0.874353289604187,0.4675855338573456
1623,Q2KTH3_wild,C(CCN)CN,-0.7958800173440752,-0.2988301217556,-0.9425517320632935,0.3924183249473572
1624,E9QYP0_N323A,C(CC(C(=O)O)N)CN,0.02530586526477026,1.2104710340499878,0.47918978333473206,0.46569007635116577
1625,E9QYP0_N293A,C(CC(C(=O)O)N)CN,-0.05551732784983137,1.2111276388168335,0.4801216721534729,0.4740535616874695
1626,E9QYP0_S469A,C(CC(C(=O)O)N)CN,-0.8239087409443188,1.214409351348877,0.4837493598461151,0.4730152487754822
1627,Q27895_R492G,C1=NC(=C2C(=N1)N(C=N2)C3C(C(C(O3)COP(=O)(O)OP(=O)(O)O)O)O)N,2.7558748556724915,1.2378560304641724,-0.39678794145584106,1.851165771484375
1628,Q27895_E493G,C1=NC(=C2C(=N1)N(C=N2)C3C(C(C(O3)COP(=O)(O)OP(=O)(O)O)O)O)N,2.037426497940624,1.2411608695983887,-0.40320008993148804,1.8653664588928223
1629,Q27895_R492G/E493G,C1=NC(=C2C(=N1)N(C=N2)C3C(C(C(O3)COP(=O)(O)OP(=O)(O)O)O)O)N,1.9684829485539352,1.187581181526184,-0.4043181240558624,1.8564103841781616
1630,Q27895_wild,C1=NC(=C2C(=N1)N(C=N2)C3C(C(C(O3)COP(=O)(O)OP(=O)(O)O)O)O)N,2.376576957056512,1.222661018371582,-0.38545945286750793,1.8486685752868652
1631,O67572_D99E,C1=NC(=C2C(=N1)N(C=N2)C3C(C(C(O3)COP(=O)(O)OP(=O)(O)OP(=O)(O)O)O)O)N,-1.3010299956639813,-0.642833411693573,-2.4733831882476807,0.26246148347854614
1632,O67572_D260A,C1=NC(=C2C(=N1)N(C=N2)C3C(C(C(O3)COP(=O)(O)OP(=O)(O)OP(=O)(O)O)O)O)N,-1.136677139879544,-0.6814410090446472,-2.4498205184936523,0.2534741163253784
1633,O67572_S53A,C1=NC(=C2C(=N1)N(C=N2)C3C(C(C(O3)COP(=O)(O)OP(=O)(O)OP(=O)(O)O)O)O)N,-0.3279021420642826,-0.6427575945854187,-2.4692375659942627,0.2776285707950592
1634,O67572_S49A,C1=NC(=C2C(=N1)N(C=N2)C3C(C(C(O3)COP(=O)(O)OP(=O)(O)OP(=O)(O)O)O)O)N,0.5910646070264992,-0.6550150513648987,-2.466074228286743,0.2776331901550293
1635,O67572_H261A,C1=NC(=C2C(=N1)N(C=N2)C3C(C(C(O3)COP(=O)(O)OP(=O)(O)OP(=O)(O)O)O)O)N,-2.337242168318426,-0.6991005539894104,-2.4249632358551025,0.19873443245887756
1636,O67572_Y74A,C1=NC(=C2C(=N1)N(C=N2)C3C(C(C(O3)COP(=O)(O)OP(=O)(O)OP(=O)(O)O)O)O)N,-1.6575773191777938,-0.6605952978134155,-2.456632614135742,0.25582385063171387
1637,O67572_E100A,C1=NC(=C2C(=N1)N(C=N2)C3C(C(C(O3)COP(=O)(O)OP(=O)(O)OP(=O)(O)O)O)O)N,-2.537602002101044,-0.7283689379692078,-2.4124557971954346,0.18765053153038025
1638,O67572_D99A,C1=NC(=C2C(=N1)N(C=N2)C3C(C(C(O3)COP(=O)(O)OP(=O)(O)OP(=O)(O)O)O)O)N,-2.8239087409443187,-0.6831700205802917,-2.427866220474243,0.22806796431541443
1639,O67572_K51A/T52A,C1=NC(=C2C(=N1)N(C=N2)C3C(C(C(O3)COP(=O)(O)OP(=O)(O)OP(=O)(O)O)O)O)N,-2.886056647693163,-0.8111100792884827,-2.352839946746826,0.1058470606803894
1640,O67572_D99N,C1=NC(=C2C(=N1)N(C=N2)C3C(C(C(O3)COP(=O)(O)OP(=O)(O)OP(=O)(O)O)O)O)N,-3.4559319556497243,-0.6500293016433716,-2.4552738666534424,0.25801730155944824
1641,O67572_E100D,C1=NC(=C2C(=N1)N(C=N2)C3C(C(C(O3)COP(=O)(O)OP(=O)(O)OP(=O)(O)O)O)O)N,-2.5686362358410126,-0.6200860142707825,-2.453486442565918,0.2669481933116913
1642,O67572_D138N,C1=NC(=C2C(=N1)N(C=N2)C3C(C(C(O3)COP(=O)(O)OP(=O)(O)OP(=O)(O)O)O)O)N,-1.2441251443275085,-0.7104458808898926,-2.448131799697876,0.2197413444519043
1643,O67572_D138A,C1=NC(=C2C(=N1)N(C=N2)C3C(C(C(O3)COP(=O)(O)OP(=O)(O)OP(=O)(O)O)O)O)N,-3.0809219076239263,-0.7210808396339417,-2.445272445678711,0.20837467908859253
1644,O67572_D139N,C1=NC(=C2C(=N1)N(C=N2)C3C(C(C(O3)COP(=O)(O)OP(=O)(O)OP(=O)(O)O)O)O)N,-2.1191864077192086,-0.7173775434494019,-2.4608561992645264,0.21774713695049286
1645,O67572_D139A/E100Q,C1=NC(=C2C(=N1)N(C=N2)C3C(C(C(O3)COP(=O)(O)OP(=O)(O)OP(=O)(O)O)O)O)N,-3.318758762624413,-0.854117751121521,-2.3675310611724854,0.11853021383285522
1646,H1AAP2_wild,C(=O)=S,1.7634279935629373,2.294053077697754,-0.8459700345993042,1.55796217918396
1647,A4YGF9_W424G,C(CC(=O)O)CO,0.3979400086720376,0.6694144606590271,-0.18868401646614075,0.7985740900039673
1648,O23736_wild,C(CC(=O)O)C(C(=O)O)N,4.008174184006426,0.4672606885433197,0.31802719831466675,0.7810378074645996
1649,O23736_wild,C(C(C(=O)O)N)S,4.008174184006426,0.14997169375419617,-0.5664244890213013,1.1661982536315918
1650,P74515_R248K,C(C(C(=O)O)N)S,-2.0,-0.326864093542099,0.21037349104881287,0.04409173130989075
1651,P74515_R167K,C(C(C(=O)O)N)S,-1.6020599913279623,-0.3630964457988739,0.24910596013069153,0.000205308198928833
1652,P74515_H121A,C(CC(=O)O)C(C(=O)O)N,-0.8961962790440431,-0.04472598433494568,0.8576202392578125,-0.4264923334121704
1653,P74515_wild,C(CC(=O)O)C(C(=O)O)N,-0.45593195564972444,0.032359808683395386,0.794158935546875,-0.30122053623199463
1654,P74515_wild,C(C(C(=O)O)N)S,-0.37675070960209955,-0.32215091586112976,0.22079186141490936,0.038655489683151245
1655,P74515_R248K,C1=NC(=C2C(=N1)N(C=N2)C3C(C(C(O3)COP(=O)(O)OP(=O)(O)OP(=O)(O)O)O)O)N,-2.0969100130080562,0.07397739589214325,-0.45180174708366394,0.3951900005340576
1656,P74515_R248K,C(CC(=O)O)C(C(=O)O)N,-2.0969100130080562,0.03175762668251991,0.7886147499084473,-0.29648303985595703
1657,P74515_R167K,C1=NC(=C2C(=N1)N(C=N2)C3C(C(C(O3)COP(=O)(O)OP(=O)(O)OP(=O)(O)O)O)O)N,-1.4202164033831899,0.035447217524051666,-0.4351951777935028,0.3600890636444092
1658,P74515_T117S,C(C(C(=O)O)N)S,-0.8761483590329142,-0.3158273994922638,0.2271248698234558,0.0382421612739563
1659,P74515_H121A,C(C(C(=O)O)N)S,-1.0457574905606752,-0.4026946425437927,0.2882823050022125,-0.08418834209442139
1660,P74515_wild,C1=NC(=C2C(=N1)N(C=N2)C3C(C(C(O3)COP(=O)(O)OP(=O)(O)OP(=O)(O)O)O)O)N,-0.8632794328435932,0.07711322605609894,-0.45312026143074036,0.4010915756225586
1661,P74515_T117S,C(CC(=O)O)C(C(=O)O)N,-0.8632794328435932,0.03923641890287399,0.8024368286132812,-0.29947853088378906
1662,P74515_R167K,C(CC(=O)O)C(C(=O)O)N,-1.3467874862246563,-0.008726980537176132,0.8190168142318726,-0.34201061725616455
1663,P74515_T117S,C1=NC(=C2C(=N1)N(C=N2)C3C(C(C(O3)COP(=O)(O)OP(=O)(O)OP(=O)(O)O)O)O)N,-0.6478174818886375,0.08379555493593216,-0.4518999755382538,0.40214139223098755
1664,P74515_H121A,C1=NC(=C2C(=N1)N(C=N2)C3C(C(C(O3)COP(=O)(O)OP(=O)(O)OP(=O)(O)O)O)O)N,-1.0087739243075051,0.003201805055141449,-0.3810063302516937,0.28422659635543823
1665,P74515_H121Q,C1=NC(=C2C(=N1)N(C=N2)C3C(C(C(O3)COP(=O)(O)OP(=O)(O)OP(=O)(O)O)O)O)N,-0.41793663708829126,0.05832093209028244,-0.44222381711006165,0.3653017580509186
1666,P74515_H121Q,C(C(C(=O)O)N)S,-0.47495519296315475,-0.3469487726688385,0.2286125123500824,-0.003535538911819458
1667,P74515_H121Q,C(CC(=O)O)C(C(=O)O)N,-0.7258421507363202,0.010141056030988693,0.8126547336578369,-0.33766359090805054
1668,F2YP45_wild,C1=C(C=C(C(=C1O)O)O)C2=CC(=O)C3=C(C=C(C=C3O2)O)O,-1.958607314841775,-0.6588574051856995,-1.2541067600250244,0.7003206610679626
1669,Q9C5D7_wild,C1C(OC2=CC(=CC(=C2C1=O)O)O)C3=CC(=C(C=C3)O)O,-1.0969100130080565,-0.7795051336288452,-1.3302558660507202,0.6820124387741089
1670,Q9C5D7_G46Y/W193F/R194M/I195K,C1C(OC2=CC(=CC(=C2C1=O)O)O)C3=CC(=C(C=C3)O)O,-1.537602002101044,-0.7464736104011536,-1.3345608711242676,0.67484450340271
1671,Q9C5D7_G46Y,C1C(OC2=CC(=CC(=C2C1=O)O)O)C3=CC(=C(C=C3)O)O,-1.6382721639824072,-0.8040278553962708,-1.3289657831192017,0.6737045645713806
1672,Q6YI95_wild,C1C(OC2=CC(=CC(=C2C1=O)O)O)C3=CC(=C(C=C3)O)O,-1.0,-0.5710211396217346,-1.4468262195587158,0.6831562519073486
1673,Q6YI95_wild,C1=CC(=C(C=C1C2=C(C(=O)C3=C(O2)C=C(C(=C3O)O)O)O)O)O,-1.1079053973095196,-0.5473193526268005,-1.8484846353530884,1.2437918186187744
1674,Q6YI95_K157A,C1=CC(=C(C=C1C2=C(C(=O)C3=C(O2)C=C(C(=C3O)O)O)O)O)O,-0.9746941347352298,-0.6852006316184998,-1.8074342012405396,1.109073281288147
1675,Q6YI95_N181A,C1=CC(=C(C=C1C2=C(C(=O)C3=C(O2)C=C(C(=C3O)O)O)O)O)O,-2.677780705266081,-0.6530691981315613,-1.8524231910705566,1.1507668495178223
1676,Q6YI95_D228A,C1C(OC2=CC(=CC(=C2C1=O)O)O)C3=CC(=C(C=C3)O)O,-2.552841968657781,-0.6389747262001038,-1.4389959573745728,0.6184951663017273
1677,Q6YI95_K157A,C1C(OC2=CC(=CC(=C2C1=O)O)O)C3=CC(=C(C=C3)O)O,-2.7958800173440754,-0.6924689412117004,-1.4427748918533325,0.5600719451904297
1678,Q6YI95_D228A,C1=CC(=C(C=C1C2=C(C(=O)C3=C(O2)C=C(C(=C3O)O)O)O)O)O,-1.9355420107730816,-0.6272135972976685,-1.8385969400405884,1.159542441368103
1679,Q43237_wild,C1=CC(=C(C=C1C2=[O+]C3=CC(=CC(=C3C=C2OC4C(C(C(C(O4)CO)O)O)O)O)O)O)O.[Cl-],-1.889410289700751,-0.32600077986717224,-1.1054567098617554,1.1544901132583618
1680,Q43237_wild,CC(C)(COP(=O)(O)OP(=O)(O)OCC1C(C(C(O1)N2C=NC3=C(N=CN=C32)N)O)OP(=O)(O)O)C(C(=O)NCCC(=O)NCCSC(=O)C=CC4=CC(=C(C=C4)O)O)O,-2.0861861476162833,-0.20858144760131836,-1.7098139524459839,1.3236725330352783
1681,A0A4Y5R9F4_wild,CC(C)(COP(=O)(O)OP(=O)(O)OCC1C(C(C(O1)N2C=NC3=C(N=CN=C32)N)O)OP(=O)(O)O)C(C(=O)NCCC(=O)NCCSC(=O)C=CC4=CC(=C(C=C4)O)O)O,-1.3979400086720375,0.007578916847705841,-1.5759323835372925,1.1320462226867676
1682,A0A4Y5R9F4_wild,C1=CC(=C(C=C1C2=C(C(=O)C3=C(C=C(C=C3O2)O)O)O)O)O,-0.8538719643217619,-0.16344991326332092,-1.3825377225875854,1.1661720275878906
1683,A0A4Y5R9F4_wild,C1C(OC2=CC(=CC(=C2C1=O)O)O)C3=CC(=C(C=C3)O)O,-0.8860566476931633,-0.28662922978401184,-1.1362781524658203,0.6102564334869385
1684,A0A0U2YR01_wild,C1C(OC2=CC(=CC(=C2C1=O)O)O)C3=CC(=C(C=C3)O)O,-1.1739251972991736,-0.4343039095401764,-1.2970143556594849,0.40399762988090515
1685,A0A0U2YR01_wild,C1=CC(=C(C=C1C2=C(C(=O)C3=C(C=C(C=C3O2)O)O)O)O)O,-0.8068754016455384,-0.3051552176475525,-1.4351965188980103,0.9211190342903137
1686,B6YX36_wild,C(C(C(=O)O)N)OP(=O)(O)O,-0.7399286120149252,-0.34966006875038147,-0.5215482711791992,0.7777986526489258
1687,A6TGD6_wild,C(CO)O,0.4471580313422192,0.3633566200733185,1.8359270095825195,-0.5641902685165405
1688,A6TGD6_wild,C1=CC(=C[N+](=C1)C2C(C(C(O2)COP(=O)([O-])OP(=O)(O)OCC3C(C(C(O3)N4C=NC5=C(N=CN=C54)N)O)O)O)O)C(=O)N,1.8488047010518038,0.46499451994895935,-0.5542912483215332,0.7951439023017883
1689,A6TGD6_wild,C(C(CO)O)O,1.9400181550076632,0.30289116501808167,1.0473593473434448,-0.21405088901519775
1690,B2ZPN8_wild,C(C(CO)O)O,0.5263392773898441,0.309449166059494,1.0542430877685547,-0.21075904369354248
1691,A6TGD6_wild,CC(C(C)O)O,1.3521825181113625,0.35318854451179504,1.440721035003662,-0.23083263635635376
1692,P32816_wild,CCOCC(CO)O,-0.721246399047171,0.15670472383499146,1.64214289188385,-0.5019119381904602
1693,P32816_L252A,C(C(CO)O)O,0.9542425094393249,0.649224042892456,0.8644750118255615,-0.29927945137023926
1694,P32816_wild,C1=CC=C(C=C1)OCC(CO)O,-0.15490195998574322,-0.10981214791536331,0.48813214898109436,-0.19561034440994263
1695,P32816_L252A,CCCCOCC(CO)O,0.11394335230683679,-0.11363180726766586,1.707059383392334,-0.7840125560760498
1696,P32816_wild,COCC(CO)O,-0.07572071393811836,0.19815531373023987,1.969744086265564,-0.7623252868652344
1697,P32816_wild,C(C(CO)O)O,0.8692317197309762,0.6469807624816895,0.8528883457183838,-0.28615903854370117
1698,P32816_L252A,CCCOCC(CO)O,1.0791812460476249,-0.020245056599378586,1.631442904472351,-0.7644389867782593
1699,P32816_L252A,CCOCC(CO)O,1.4913616938342726,0.15507301688194275,1.6559940576553345,-0.5130773186683655
1700,P32816_wild,CCCOCC(CO)O,-0.5686362358410126,-0.019209586083889008,1.6230376958847046,-0.7541013956069946
1701,P32816_L252A,COCC(CO)O,0.8195439355418687,0.20451468229293823,1.9789224863052368,-0.7745528221130371
1702,A0A150JSL8_D121N,CC(=O)C(=O)[O-],0.17609125905568124,0.6575663685798645,0.9230167865753174,0.6424659490585327
1703,A0A150JSL8_D121N,C(C(CO)O)O,1.6989700043360187,0.7629273533821106,0.8382322788238525,-0.07929873466491699
1704,A0A150JSL8_F245S,C(C(CO)O)O,1.6283889300503116,0.7674711346626282,0.8964821100234985,-0.08458834886550903
1705,A0A150JSL8_wild,CC(CO)O,1.9637878273455553,0.7642238140106201,1.212455153465271,0.6011024713516235
1706,A0A150JSL8_wild,CC(=O)C(=O)[O-],1.021189299069938,0.698083221912384,0.8723117113113403,0.7587015628814697
1707,A0A150JSL8_D121N,CC(C(C)O)O,1.021189299069938,0.6787339448928833,1.0614254474639893,0.12014293670654297
1708,A0A150JSL8_D121N,CC(CO)O,1.462397997898956,0.6957953572273254,1.2565661668777466,0.5070018768310547
1709,A0A150JSL8_F245S,CC(CO)O,1.9420080530223132,0.6799151301383972,1.2991045713424683,0.4924241900444031
1710,A0A150JSL8_F245S,CC(=O)C(=O)[O-],2.546542663478131,0.6455015540122986,0.9630856513977051,0.6105248928070068
1711,A0A150JSL8_F245S,CCC(CO)O,1.8512583487190752,0.45107707381248474,1.2017933130264282,0.25983476638793945
1712,A0A150JSL8_F245S,CC(C(C)O)O,2.1335389083702174,0.6736280918121338,1.1048022508621216,0.11009517312049866
1713,A0A150JSL8_wild,CC(C(C)O)O,1.7032913781186614,0.7122529149055481,1.0155534744262695,0.2077738642692566
1714,A0A150JSL8_D121N,CCC(CO)O,1.8228216453031045,0.45725515484809875,1.156631350517273,0.2789674401283264
1715,A0A150JSL8_wild,C(C(CO)O)O,2.070037866607755,0.8122227787971497,0.8019758462905884,0.01603454351425171
1716,A0A150JSL8_wild,CCC(CO)O,2.080987046910887,0.5102298855781555,1.1189144849777222,0.35632577538490295
1717,Q5M886_wild,C1=NC(=C2C(=N1)N(C=N2)C3C(C(C(O3)COP(=O)(O)OP(=O)(O)O)O)O)N,0.6434526764861874,0.8166711926460266,-0.5253857374191284,1.913774847984314
1718,Q5M886_wild,C[N+](C)(C)CCOP(=O)([O-])OP(=O)(O)OCC1C(C(C(O1)N2C=CC(=NC2=O)N)O)O,1.4548448600085102,0.8211223483085632,-0.11711232364177704,1.5049935579299927
1719,Q5M886_wild,C1=NC(=C2C(=N1)N(C=N2)C3C(C(C(O3)COP(=O)(O)OP(=O)(O)OCC4C(C(C(O4)O)O)O)O)O)N,1.1072099696478683,0.9136014580726624,-0.7630034685134888,2.068469524383545
1720,Q5M886_wild,C1=CN(C(=O)N=C1N)C2C(C(C(O2)COP(=O)(O)OP(=O)(O)OCCN)O)O,1.615950051656401,0.6791438460350037,-0.3715229332447052,1.8282575607299805
1721,Q5M886_wild,C1=CN(C(=O)N=C1N)C2C(C(C(O2)COP(=O)(O)OP(=O)(O)OCC(CO)O)O)O,1.44870631990508,0.9171270132064819,-0.17948579788208008,1.6764127016067505
1722,Q7T291_wild,C1C2C(C(C(O2)N3C=NC4=C3N=CN(C4=N)C5C(C(C(O5)COP(=O)(OP(=O)(O1)O)O)O)O)O)O,-2.3010299956639813,0.3199879825115204,-0.40022361278533936,1.2285282611846924
1723,W0NWJ0_wild,C1C2C(C(C(O2)N3C=NC4=C3N=CN(C4=N)C5C(C(C(O5)COP(=O)(OP(=O)(O1)O)O)O)O)O)O,0.505149978319906,0.7210368514060974,-0.5860825777053833,1.6793701648712158
1724,W0NWJ0_F37A/L196F/C253A,C1C2C(C(C(O2)N3C=NC4=C3N=CN(C4=N)C5C(C(C(O5)COP(=O)(OP(=O)(O1)O)O)O)O)O)O,1.2041199826559248,0.7580426335334778,-0.5804761648178101,1.697739839553833
1725,W0NWJ0_C253A,C1C2C(C(C(O2)N3C=NC4=C3N=CN(C4=N)C5C(C(C(O5)COP(=O)(OP(=O)(O1)O)O)O)O)O)O,0.9493900066449128,0.7538139820098877,-0.5950043201446533,1.7078126668930054
1726,Q95VY4_wild,C(C(C(=O)O)N)C(=O)N,2.361727836017593,1.0096749067306519,0.8424198627471924,0.8696362972259521
1727,Q95VY4_wild,CCC(C(=O)[O-])[NH3+],2.5010592622177517,0.5717447400093079,0.7493712902069092,0.24628488719463348
1728,Q95VY4_wild,C1=CC=C(C=C1)CC(C(=O)O)N,2.45178643552429,0.7024254202842712,0.6845428943634033,0.8787001371383667
1729,Q95VY4_wild,C1=CC=C2C(=C1)C(=CN2)CC(C(=O)O)N,2.45178643552429,0.3408532440662384,0.6611237525939941,0.7523843050003052
1730,Q95VY4_wild,CC(C(=O)O)N,3.187520720836463,0.6391172409057617,1.336954951286316,0.48981958627700806
1731,Q95VY4_wild,C(C(C(=O)O)N)O,2.537819095073274,0.353059858083725,0.9668189287185669,0.285552442073822
1732,Q95VY4_wild,C1=CC(=CC=C1CC(C(=O)O)N)O,2.143014800254095,0.5359841585159302,0.46015262603759766,0.8352659940719604
1733,Q95VY4_wild,C(CC(=O)N)C(C(=O)O)N,2.7489628612561616,0.6154521107673645,0.80291748046875,0.4303210973739624
1734,Q95VY4_wild,CSCCC(C(=O)O)N,2.2121876044039577,0.3446337878704071,0.7614525556564331,0.5562891364097595
1735,Q95VY4_wild,C1=C(NC=N1)CC(C(=O)O)N,2.225309281725863,0.49810290336608887,0.5186713933944702,0.6108657121658325
1736,Q95VY4_wild,C1=CC=C(C(=C1)C(=O)CC(C(=O)O)N)N,2.2355284469075487,0.6458467841148376,0.2768632769584656,0.9594796299934387
1737,Q95VY4_wild,C(C(C(=O)O)N)S,2.3138672203691533,0.06542228162288666,0.19559402763843536,0.6818632483482361
1738,Q95VY4_wild,CC(C)CC(C(=O)O)N,2.8796692056320534,0.5461236834526062,0.8063430786132812,0.6579909324645996
1739,Q71RI9_wild,C(C(C(=O)O)N)S,0.11394335230683679,0.32700732350349426,-0.014228075742721558,0.8475399613380432
1740,Q71RI9_wild,C1=C(NC=N1)CC(C(=O)O)N,0.3010299956639812,0.7428236603736877,0.23083443939685822,0.7144349813461304
1741,Q71RI9_wild,C1=CC=C(C(=C1)C(=O)CC(C(=O)O)N)N,0.36172783601759284,0.7336401343345642,-0.13457223773002625,1.117175579071045
1742,Q71RI9_wild,C1=CC=C(C=C1)CC(C(=O)O)N,0.43136376415898736,0.7871373891830444,0.3055647313594818,0.9812025427818298
1743,Q71RI9_wild,CCCC(=O)C(=O)O,0.43136376415898736,1.0199910402297974,0.00982239842414856,0.8210885524749756
1744,Q71RI9_wild,CC(C)CC(=O)C(=O)O,-0.13076828026902382,0.9241026043891907,-0.010834097862243652,1.0289807319641113
1745,Q71RI9_wild,C1=CC(=CC=C1CC(C(=O)O)N)O,0.012837224705172217,0.6120922565460205,0.20067250728607178,0.8635056018829346
1746,Q71RI9_wild,CC(=O)C(=O)[O-],0.27184160653649897,0.7807202935218811,0.269993394613266,1.1996984481811523
1747,Q71RI9_wild,C1=CC(=CC=C1CC(=O)C(=O)O)O,0.17026171539495738,0.7429887652397156,-0.12049025297164917,0.9182027578353882
1748,Q71RI9_wild,C(CC(=O)O)C(=O)C(=O)O,-0.431798275933005,0.9633850455284119,-0.11969617009162903,0.8856567740440369
1749,Q71RI9_wild,C(C(C(=O)O)N)O,0.3364597338485295,0.7156539559364319,0.7768257856369019,0.48937925696372986
1750,Q71RI9_wild,C(C(=O)C(=O)O)S,0.5158738437116791,0.8011453747749329,-0.03858029842376709,0.9197920560836792
1751,Q71RI9_wild,C1=CC=C(C=C1)CC(=O)C(=O)O,0.40312052117581787,0.8570288419723511,0.09954294562339783,0.9522024989128113
1752,Q71RI9_wild,CSCCC(C(=O)O)N,0.38560627359831223,0.6491160988807678,0.4068244695663452,0.7725774049758911
1753,Q71RI9_wild,CC(C(=O)O)N,0.1846914308175988,0.9908323884010315,1.0800410509109497,0.5610740184783936
1754,Q71RI9_wild,C(C(C(=O)O)N)C(=O)N,0.46686762035410945,1.1832025051116943,0.4168061912059784,1.1174745559692383
1755,Q71RI9_wild,CCC(=O)C(=O)O,0.46686762035410945,1.241601586341858,0.23849213123321533,0.8346081972122192
1756,Q71RI9_wild,C1=CC=C2C(=C1)C(=CN2)CC(C(=O)O)N,0.5526682161121932,0.452599436044693,0.3221501111984253,0.9261758327484131
1757,Q71RI9_wild,C(C(=O)C(=O)O)C(=O)O,0.5658478186735176,1.2917506694793701,-0.39819079637527466,1.495858073234558
1758,Q71RI9_wild,C(=O)C(=O)[O-],0.4329692908744057,1.0597175359725952,0.07214848697185516,1.211888313293457
1759,B1B6U5_wild,C1=CC=C(C(=C1)C(=O)CC(C(=O)O)N)N,1.7442929831226763,0.22643688321113586,-0.4916311204433441,1.1517542600631714
1760,B1B6U5_wild,CCC(=O)C(=O)O,-2.744727494896694,0.6794283986091614,-0.07488152384757996,1.0142450332641602
1761,B1B6U5_wild,CC(=O)C(=O)[O-],0.3053513694466238,0.2577510178089142,0.022471964359283447,1.3121047019958496
1762,B1B6U5_wild,C1=CC(=C(C(=C1)O)N)C(=O)CC(C(=O)O)N,1.813714391881145,-0.09186971932649612,-0.3837827146053314,1.1648876667022705
1763,Q9RB47_wild,CC(CCC(=O)[O-])C1CCC2C1(CCC3C2C(CC4=CC(=O)CCC34C)O)C,0.6434526764861874,0.6868704557418823,-1.172347903251648,0.8412798643112183
1764,Q9RB47_wild,CC(CCC(=O)SCCNC(=O)CCNC(=O)C(C(C)(C)COP(=O)([O-])OP(=O)([O-])OCC1C(C(C(O1)N2C=NC3=C(N=CN=C32)N)O)OP(=O)([O-])[O-])O)C4CCC5C4(CCC6C5C(CC7=CC(=O)CCC67C)O)C,1.3463529744506386,0.8856523633003235,-1.4092994928359985,1.0522204637527466
1765,B4YSU1_wild,CC(CCC(=O)SCCNC(=O)CCNC(=O)C(C(C)(C)COP(=O)([O-])OP(=O)([O-])OCC1C(C(C(O1)N2C=NC3=C(N=CN=C32)N)O)OP(=O)([O-])[O-])O)C4CCC5C4(CCC6C5C(CC7=CC(=O)CCC67C)O)C,1.100370545117563,0.5672374367713928,-1.4369093179702759,0.8709275722503662
1766,B4YSU1_wild,CC(CCC(=O)[O-])C1CCC2C1(CCC3C2C(CC4=CC(=O)CCC34C)O)C,1.2695129442179163,0.4037013351917267,-1.2098655700683594,0.6145073175430298
1767,B0NI18_wild,CC(CCC(=O)[O-])C1CCC2C1(CCC3C2C(CC4=CC(=O)CCC34C)O)C,1.255272505103306,0.3644118010997772,-1.241866946220398,0.7298146486282349
1768,B0NI18_wild,CC(CCC(=O)SCCNC(=O)CCNC(=O)C(C(C)(C)COP(=O)([O-])OP(=O)([O-])OCC1C(C(C(O1)N2C=NC3=C(N=CN=C32)N)O)OP(=O)([O-])[O-])O)C4CCC5C4(CCC6C5C(CC7=CC(=O)CCC67C)O)C,1.1760912590556813,0.520429253578186,-1.421202540397644,0.9189789295196533
1769,P19412_wild,CC(CCC(=O)[O-])C1CCC2C1(CCC3C2C(CC4=CC(=O)CCC34C)O)C,1.3802112417116061,0.4727945625782013,-1.1819595098495483,0.7868766784667969
1770,P19412_wild,CC(CCC(=O)SCCNC(=O)CCNC(=O)C(C(C)(C)COP(=O)([O-])OP(=O)([O-])OCC1C(C(C(O1)N2C=NC3=C(N=CN=C32)N)O)OP(=O)([O-])[O-])O)C4CCC5C4(CCC6C5C(CC7=CC(=O)CCC67C)O)C,1.9912260756924949,0.626800000667572,-1.4064264297485352,0.9650092720985413
1771,K4N0V2_wild,CC1(C2CCC1(C(C2)O)C)C,-3.3979400086720375,0.07052416354417801,-0.7876819372177124,0.7709463238716125
1772,A0A191ZDL6_wild,CC1(C2CCC1(C(C2)O)C)C,-2.2365720064370627,0.45063820481300354,-0.887408971786499,0.9034360647201538
1773,O24496_H54N,CC(C(=O)SCC(C(=O)NCC(=O)O)NC(=O)CCC(C(=O)O)N)O,1.0374264979406236,1.4243959188461304,-0.5638750791549683,1.7195460796356201
1774,O24496_wild,CC(C(=O)SCC(C(=O)NCC(=O)O)NC(=O)CCC(C(=O)O)N)O,3.5943925503754266,1.7784978151321411,-0.7518246173858643,2.1465020179748535
1775,O24496_L9A,CC(C(=O)SCC(C(=O)NCC(=O)O)NC(=O)CCC(C(=O)O)N)O,2.507855871695831,1.6539173126220703,-0.6137230396270752,1.9931763410568237
1776,O24496_D58C,CC(C(=O)SCC(C(=O)NCC(=O)O)NC(=O)CCC(C(=O)O)N)O,1.0253058652647702,1.4493330717086792,-0.6318244934082031,1.7765543460845947
1777,O24496_W57D,CC(C(=O)SCC(C(=O)NCC(=O)O)NC(=O)CCC(C(=O)O)N)O,2.629409599102719,1.7594372034072876,-0.7162731885910034,2.1590561866760254
1778,O24496_W57N,CC(C(=O)SCC(C(=O)NCC(=O)O)NC(=O)CCC(C(=O)O)N)O,2.6242820958356683,1.770947813987732,-0.7307969331741333,2.1635942459106445
1779,O24496_K65A,CC(C(=O)SCC(C(=O)NCC(=O)O)NC(=O)CCC(C(=O)O)N)O,2.586587304671755,1.7889560461044312,-0.7023601531982422,2.126758098602295
1780,Q940L0_wild,CC(C(=O)SCC(C(=O)NCC(=O)O)NC(=O)CCC(C(=O)O)N)O,2.4785664955938436,2.142002582550049,-0.4602034389972687,2.3579959869384766
1781,Q8ZRM2_wild,CC(C(=O)SCC(C(=O)NCC(=O)O)NC(=O)CCC(C(=O)O)N)O,2.5964871337365443,1.772487759590149,-0.5846700668334961,1.673052430152893
1782,Q9SID3_wild,CC(C(=O)SCC(C(=O)NCC(=O)O)NC(=O)CCC(C(=O)O)N)O,2.110589710299249,2.3877077102661133,-0.38072094321250916,2.361276149749756
1783,G5ADV1_wild,C(C(=O)O)N=C(N)N,0.14612803567823798,2.284670829772949,0.061051756143569946,1.3999288082122803
1784,G5ADV1_wild,C(CS(=O)(=O)O)N=C(N)N,1.973589623427257,2.2330193519592285,0.010500103235244751,1.5067272186279297
1785,Q4AEC8_wild,C(CS(=O)(=O)O)N=C(N)N,1.0969100130080565,1.7131856679916382,0.25586363673210144,1.2088649272918701
1786,P0A8F0_wild,C(C1C(C(C(O1)OP(=O)(O)OP(=O)(O)O)O)O)OP(=O)(O)O,0.43136376415898736,0.8354587554931641,-1.39775812625885,1.9942779541015625
1787,P0A8F0_wild,C1=CNC(=O)NC1=O,0.43136376415898736,0.8235532641410828,-1.5107585191726685,1.6934517621994019
1788,P0A8F0_P131D,C1=CNC(=O)NC1=O,-1.3010299956639813,0.6738904714584351,-1.3822734355926514,1.538313627243042
1789,P0A8F0_P131D,C(C1C(C(C(O1)OP(=O)(O)OP(=O)(O)O)O)O)OP(=O)(O)O,-1.3010299956639813,0.606638491153717,-1.2759928703308105,1.7796123027801514
1790,O35543_K112E,C(CC(=O)NC(CS)C(=O)NCC(=O)O)C(C(=O)O)N,0.534026106056135,0.39274081587791443,-0.12469545006752014,0.5897790789604187
1791,O35543_K112E,CCCCCC(C=CC1C2CC(C1CC=CCCCC(=O)O)OO2)O,0.6334684555795865,0.15743914246559143,-0.9674348831176758,0.9364705085754395
1792,P28012_wild,C1=CC(=CC=C1C=CC(=O)C2=C(C=C(C=C2O)O)O)O,2.2702904754754334,0.9977472424507141,-1.3806792497634888,2.560401678085327
1793,P28012_wild,C1=CC(=CC=C1C=CC(=O)C2=C(C=C(C=C2)O)O)O,1.8637193149053732,0.7767485976219177,-1.4400523900985718,2.270052909851074
1794,P28012_wild,C1=CC=C(C(=C1)C(=O)C=CC2=CC=C(C=C2)O)O,0.18610837981320527,0.9466659426689148,-1.3820929527282715,2.137420654296875
1795,P28012_Y106F,C1=CC(=CC=C1C=CC(=O)C2=C(C=C(C=C2)O)O)O,0.0980664747041317,0.802062451839447,-1.4276989698410034,2.258909225463867
1796,P28012_T48S,C1=CC(=CC=C1C=CC(=O)C2=C(C=C(C=C2O)O)O)O,2.3324384599156054,0.9974697232246399,-1.3823275566101074,2.555185079574585
1797,P28012_T48A,C1=CC(=CC=C1C=CC(=O)C2=C(C=C(C=C2O)O)O)O,0.1692825695382678,0.9976683259010315,-1.3944600820541382,2.5607120990753174
1798,P28012_Y106F,C1=CC(=CC=C1C=CC(=O)C2=C(C=C(C=C2O)O)O)O,0.8195439355418687,1.0219550132751465,-1.367905855178833,2.5494673252105713
1799,P28012_N113A,C1=CC(=CC=C1C=CC(=O)C2=C(C=C(C=C2O)O)O)O,1.1156105116742998,0.9862439036369324,-1.3680299520492554,2.543051242828369
1800,P28012_T190A,C1=CC(=CC=C1C=CC(=O)C2=C(C=C(C=C2O)O)O)O,0.9259992492903654,1.0032927989959717,-1.3807265758514404,2.5662147998809814
1801,P28012_T48S,C1=CC(=CC=C1C=CC(=O)C2=C(C=C(C=C2)O)O)O,1.1409267373431449,0.7781499624252319,-1.4468777179718018,2.2666826248168945
1802,P28012_T48A,C1=CC(=CC=C1C=CC(=O)C2=C(C=C(C=C2)O)O)O,-1.6167831882459858,0.7756127715110779,-1.459001064300537,2.2683024406433105
1803,P28012_N113A,C1=CC(=CC=C1C=CC(=O)C2=C(C=C(C=C2)O)O)O,0.7047223617971146,0.7629202604293823,-1.4264229536056519,2.248476028442383
1804,P28012_T190A,C1=CC(=CC=C1C=CC(=O)C2=C(C=C(C=C2)O)O)O,0.8004879825023428,0.7813109159469604,-1.4430347681045532,2.274170398712158
1805,P28012_T48S,C1=CC=C(C=C1)C=CC(=O)C2=C(C=C(C=C2)O)O,0.9370161074648142,0.7984431385993958,-1.424118161201477,2.363060235977173
1806,P28012_T48A,C1=CC=C(C=C1)C=CC(=O)C2=C(C=C(C=C2)O)O,-1.7487675538749803,0.7948128581047058,-1.438798427581787,2.367828845977783
1807,P28012_Y106F,C1=CC=C(C=C1)C=CC(=O)C2=C(C=C(C=C2)O)O,-0.24539689686296376,0.8086133599281311,-1.410481333732605,2.3618125915527344
1808,P28012_N113A,C1=CC=C(C=C1)C=CC(=O)C2=C(C=C(C=C2)O)O,0.6751670590792745,0.7777881026268005,-1.40782630443573,2.352680206298828
1809,P28012_T190A,C1=CC=C(C=C1)C=CC(=O)C2=C(C=C(C=C2)O)O,0.46736136807885775,0.7977835536003113,-1.4197206497192383,2.371277332305908
1810,P28012_T48S,C1=CC=C(C(=C1)C(=O)C=CC2=CC=C(C=C2)O)O,-0.0449539692218256,0.9504484534263611,-1.3888550996780396,2.1381192207336426
1811,P28012_T48A,C1=CC=C(C(=C1)C(=O)C=CC2=CC=C(C=C2)O)O,-2.330993188020391,0.9432966113090515,-1.403408408164978,2.1374030113220215
1812,P28012_Y106F,C1=CC=C(C(=C1)C(=O)C=CC2=CC=C(C=C2)O)O,-0.04979745212710774,0.9616982340812683,-1.3683239221572876,2.1339879035949707
1813,P28012_N113A,C1=CC=C(C(=C1)C(=O)C=CC2=CC=C(C=C2)O)O,0.7571428949824195,0.9278787970542908,-1.3726624250411987,2.1175427436828613
1814,P28012_T190A,C1=CC=C(C(=C1)C(=O)C=CC2=CC=C(C=C2)O)O,0.5740312677277188,0.9389962553977966,-1.3935596942901611,2.1410980224609375
1815,P50162_wild,C1C=CN(C=C1C(=O)N)C2C(C(C(O2)COP(=O)(O)OP(=O)(O)OCC3C(C(C(O3)N4C=NC5=C(N=CN=C54)N)OP(=O)(O)O)O)O)O,1.4082399653118496,0.5306366086006165,-1.6664930582046509,1.8697341680526733
1816,P50162_H112Y,CN1C2CCC1CC(=O)C2,1.214843848047698,0.18763062357902527,0.214640274643898,0.4032045900821686
1817,P50162_H112Y,C1C=CN(C=C1C(=O)N)C2C(C(C(O2)COP(=O)(O)OP(=O)(O)OCC3C(C(C(O3)N4C=NC5=C(N=CN=C54)N)OP(=O)(O)O)O)O)O,1.214843848047698,0.5220875144004822,-1.6803644895553589,1.863699197769165
1818,P50162_A160S,C1C=CN(C=C1C(=O)N)C2C(C(C(O2)COP(=O)(O)OP(=O)(O)OCC3C(C(C(O3)N4C=NC5=C(N=CN=C54)N)OP(=O)(O)O)O)O)O,1.1789769472931695,0.5280589461326599,-1.6606799364089966,1.8507013320922852
1819,P50162_A160S,CN1C2CCC1CC(=O)C2,1.1789769472931695,0.2118859887123108,0.23183360695838928,0.3957849144935608
1820,P50162_V168E,CN1C2CCC1CC(=O)C2,-0.2196826878598487,0.21058359742164612,0.27275171875953674,0.35634294152259827
1821,P50162_V168E,C1C=CN(C=C1C(=O)N)C2C(C(C(O2)COP(=O)(O)OP(=O)(O)OCC3C(C(C(O3)N4C=NC5=C(N=CN=C54)N)OP(=O)(O)O)O)O)O,-0.2196826878598487,0.4936670958995819,-1.6223841905593872,1.7752820253372192
1822,P50162_H112Y/A160S,C1C=CN(C=C1C(=O)N)C2C(C(C(O2)COP(=O)(O)OP(=O)(O)OCC3C(C(C(O3)N4C=NC5=C(N=CN=C54)N)OP(=O)(O)O)O)O)O,0.9253120914996495,0.5214187502861023,-1.6735305786132812,1.8460032939910889
1823,P50162_H112Y/A160S,CN1C2CCC1CC(=O)C2,0.9253120914996495,0.19775304198265076,0.2184285968542099,0.38245299458503723
1824,P50162_A160S/V168E,C1C=CN(C=C1C(=O)N)C2C(C(C(O2)COP(=O)(O)OP(=O)(O)OCC3C(C(C(O3)N4C=NC5=C(N=CN=C54)N)OP(=O)(O)O)O)O)O,-0.7495799976911061,0.4909454584121704,-1.6180291175842285,1.7557828426361084
1825,P50162_A160S/V168E,CN1C2CCC1CC(=O)C2,-0.7495799976911061,0.21592256426811218,0.27333196997642517,0.3363317847251892
1826,P50162_V168E/H112Y,C1C=CN(C=C1C(=O)N)C2C(C(C(O2)COP(=O)(O)OP(=O)(O)OCC3C(C(C(O3)N4C=NC5=C(N=CN=C54)N)OP(=O)(O)O)O)O)O,-0.41005039867429227,0.48383092880249023,-1.6322110891342163,1.7674850225448608
1827,P50162_V168E/H112Y,CN1C2CCC1CC(=O)C2,-0.41005039867429227,0.19922634959220886,0.2655164301395416,0.33930206298828125
1828,P50162_H112Y/A160S/V168E,CN1C2CCC1CC(=O)C2,-0.6675615400843947,0.20539799332618713,0.2672481834888458,0.32041019201278687
1829,P50162_H112Y/A160S/V168E,C1C=CN(C=C1C(=O)N)C2C(C(C(O2)COP(=O)(O)OP(=O)(O)OCC3C(C(C(O3)N4C=NC5=C(N=CN=C54)N)OP(=O)(O)O)O)O)O,-0.6675615400843947,0.48186442255973816,-1.6279242038726807,1.749901533126831
1830,P50162_I223L/F226L,CN1C2CCC1CC(=O)C2,1.3384564936046048,0.21120086312294006,0.23120781779289246,0.4225442707538605
1831,P50162_I223L/F226L,C1C=CN(C=C1C(=O)N)C2C(C(C(O2)COP(=O)(O)OP(=O)(O)OCC3C(C(C(O3)N4C=NC5=C(N=CN=C54)N)OP(=O)(O)O)O)O)O,1.3384564936046048,0.5330075025558472,-1.6687953472137451,1.8791720867156982
1832,P50162_H112Y/A160S/V168E/I223L/F226L,C1C=CN(C=C1C(=O)N)C2C(C(C(O2)COP(=O)(O)OP(=O)(O)OCC3C(C(C(O3)N4C=NC5=C(N=CN=C54)N)OP(=O)(O)O)O)O)O,-0.8696662315049939,0.48143914341926575,-1.6308141946792603,1.7574528455734253
1833,P50162_H112Y/A160S/V168E/I223L/F226L,CN1C2CCC1CC(=O)C2,-0.8696662315049939,0.21147724986076355,0.26902636885643005,0.32683685421943665
1834,P50162_H112F,CN1C2CCC1CC(=O)C2,0.7126497016272114,0.18551230430603027,0.1894993931055069,0.4111121594905853
1835,P50162_H112F,C1C=CN(C=C1C(=O)N)C2C(C(C(O2)COP(=O)(O)OP(=O)(O)OCC3C(C(C(O3)N4C=NC5=C(N=CN=C54)N)OP(=O)(O)O)O)O)O,0.7126497016272114,0.5209981799125671,-1.697713851928711,1.8862165212631226
1836,A7DY56_wild,CN1C2CCC1CC(=O)C2,-1.6382721639824072,0.22295105457305908,0.3804052174091339,0.22229121625423431
1837,P08839_wild,C=C(C(=O)O)OP(=O)(O)O,1.9738972128090506,1.43038809299469,-0.7047815322875977,1.6203025579452515
1838,P08839_C502A,C=C(C(=O)O)OP(=O)(O)O,-2.2340832308501963,1.2587828636169434,-0.5949983596801758,1.4399479627609253
1839,P30838_wild,C1=CC=C(C=C1)C=O,-0.045757490560675115,0.3658839762210846,-1.6959657669067383,1.5052082538604736
1840,P30838_wild,CC(=O)OC1=CC=C(C=C1)[N+](=O)[O-],0.1563470998611956,0.7304906249046326,-1.1501668691635132,1.4329218864440918
1841,P30838_wild,C1=CC(=C[N+](=C1)C2C(C(C(O2)COP(=O)([O-])OP(=O)(O)OCC3C(C(C(O3)N4C=NC5=C(N=CN=C54)N)O)O)O)O)C(=O)N,-0.045757490560675115,0.3680351674556732,-1.013189435005188,1.4889745712280273
1842,P13029_wild,OO,4.213074736677315,2.954279661178589,0.33782926201820374,1.868343710899353
1843,P37339_wild,C(CC(=O)O)C(C(=O)O)O,-1.0969100130080565,0.7851673364639282,0.09575165808200836,0.9161044359207153
1844,A3E7Z6_wild,C1C(C(C(C(O1)O)O)O)O,3.279210512601395,1.4447091817855835,1.5647622346878052,0.7903286218643188
1845,A3E7Z6_wild,C(C(C(C(C=O)O)O)O)O,1.421603926869831,1.544083833694458,1.3061602115631104,0.2880244851112366
1846,A3E7Z6_wild,C(C1C(C(C(C(O1)O)O)O)O)O,1.6637009253896482,1.2241308689117432,1.4699424505233765,0.6068024635314941
1847,P42850_wild,CC(=O)C(=O)[O-],3.196728722623287,1.6819568872451782,-0.3449645936489105,1.981358528137207
1848,P42850_wild,C1=NC(=C2C(=N1)N(C=N2)C3C(C(C(O3)COP(=O)(O)OP(=O)(O)OP(=O)(O)O)O)O)N,3.1225435240687545,1.3786970376968384,-0.9474083185195923,1.7633874416351318
1849,P42850_wild,C=C(C(=O)O)OP(=O)(O)O,1.100370545117563,1.922186017036438,-1.0619698762893677,2.0597946643829346
1850,P42850_wild,[O-]P(=O)([O-])[O-],1.0755469613925308,1.3625813722610474,-0.44701746106147766,1.339017391204834
1851,P42850_wild,C1=NC(=C2C(=N1)N(C=N2)C3C(C(C(O3)COP(=O)(O)O)O)O)N,0.9395192526186185,1.5282667875289917,-1.558308482170105,2.173219680786133
1852,P77154_wild,C(C1C(C(C(C(O1)OC(C=O)C(C(C(CO)O)O)O)O)O)O)O,0.04139268515822508,0.9448625445365906,0.31489652395248413,0.5662448406219482
1853,P77154_wild,C(C1C(C(C(C(O1)O)O)O)O)O,-0.09691001300805639,1.0065878629684448,0.5128852128982544,0.33004602789878845
1854,P77154_wild,C(C1C(C(C(C(O1)OP(=O)(O)O)O)O)O)O,-1.853871964321762,0.8624615669250488,-0.5093969702720642,0.9172771573066711
1855,P77154_wild,C1C(C(C(C(O1)(CO)O)O)O)O,0.07918124604762482,1.1305831670761108,0.8255883455276489,0.24635779857635498
1856,P77154_wild,C(C(C(C(C(CO)O)O)O)O)O,0.11394335230683679,0.28674376010894775,0.8948773145675659,-0.342182993888855
1857,P77154_wild,C1C(C(C(C(O1)CO)O)O)O,0.021189299069938092,1.173974871635437,0.8234740495681763,0.28427284955978394
1858,Q4Q0B9_wild,C1C=CN(C=C1C(=O)N)C2C(C(C(O2)COP(=O)(O)OP(=O)(O)OCC3C(C(C(O3)N4C=NC5=C(N=CN=C54)N)O)O)O)O,1.9395192526186185,0.8984787464141846,-1.414021372795105,1.7419383525848389
1859,Q4Q0B9_wild,C1C=CN(C=C1C(=O)N)C2C(C(C(O2)COP(=O)(O)OP(=O)(O)OCC3C(C(C(O3)N4C=NC5=C(N=CN=C54)N)OP(=O)(O)O)O)O)O,2.146128035678238,0.831898033618927,-1.5685452222824097,1.9947398900985718
1860,P15559_wild,C1=CC(=O)C=CC1=NC2=CC(=C(C(=C2)Cl)O)Cl,2.778151250383644,-0.22694340348243713,-1.8179553747177124,2.190000057220459
1861,P15559_wild,CN(C)C1=CC=C(C=C1)N=NC2=CC=CC=C2C(=O)O,-0.4771212981491128,0.2798232436180115,-1.6795825958251953,2.106692314147949
1862,P15559_wild,C1CN1C2=C(C=C(C(=C2)C(=O)N)[N+](=O)[O-])[N+](=O)[O-],-2.0,0.28080081939697266,-0.5252455472946167,1.3262180089950562
1863,P16152_wild,CC(=O)C(=O)C,0.7923916894982539,0.5039029121398926,0.23950448632240295,1.0239089727401733
1864,P16152_wild,C1=CC=C(C=C1)C(=O)C=O,0.3010299956639812,0.73722243309021,-0.30551132559776306,0.8961431980133057
1865,P16152_wild,C1=CN=CC=C1C=O,0.6901960800285137,0.33812659978866577,0.015259116888046265,0.2553297281265259
1866,P16152_wild,C1=CC=C(C(=C1)C=O)[N+](=O)[O-],0.8195439355418687,0.23144546151161194,-0.7435721158981323,0.7600976228713989
1867,P16152_wild,C1=CC(=CC=C1C=O)[N+](=O)[O-],0.6434526764861874,0.45953723788261414,-0.43002864718437195,0.7395210266113281
1868,P16152_wild,CCCCCC(C=CC1C(CC(=O)C1CC=CCCCC(=O)O)O)O,1.3979400086720377,0.7468200325965881,-0.9898884296417236,1.7916311025619507
1869,O75828_wild,C1C=CN(C=C1C(=O)N)C2C(C(C(O2)COP(=O)(O)OP(=O)(O)OCC3C(C(C(O3)N4C=NC5=C(N=CN=C54)N)OP(=O)(O)O)O)O)O,1.4265112613645752,0.15514132380485535,-1.5407105684280396,1.5028190612792969
1870,P16152_wild,CC1=C(C2=CC=CC=C2C(=C1)O)O,0.8260748027008264,0.4583107531070709,-1.0066372156143188,1.4928456544876099
1871,P16152_C26A,CC1=C(C2=CC=CC=C2C(=C1)O)O,0.9242792860618817,0.45604756474494934,-1.0047979354858398,1.5148429870605469
1872,P16152_C122A,CC1=C(C2=CC=CC=C2C(=C1)O)O,0.7708520116421442,0.43180540204048157,-0.9906778335571289,1.4886705875396729
1873,P16152_C150A,CC1=C(C2=CC=CC=C2C(=C1)O)O,0.8195439355418687,0.4500266909599304,-0.9948866367340088,1.505265474319458
1874,P16152_C226A,CC1=C(C2=CC=CC=C2C(=C1)O)O,0.9493900066449128,0.43444550037384033,-0.9972277879714966,1.4842638969421387
1875,P16152_C227A,CC1=C(C2=CC=CC=C2C(=C1)O)O,-0.3010299956639812,0.47664788365364075,-0.9991843700408936,1.5135456323623657
1876,P16152_C227S,CC1=C(C2=CC=CC=C2C(=C1)O)O,-0.09691001300805639,0.4944734573364258,-0.9886742830276489,1.5062779188156128
1877,P16152_C26A,C1=CC=C(C=C1)C(=O)C2=CC=NC=C2,0.568201724066995,0.1540430188179016,-1.0473629236221313,1.2253022193908691
1878,P16152_C122A,C1=CC=C(C=C1)C(=O)C2=CC=NC=C2,0.6720978579357175,0.13714253902435303,-1.0359938144683838,1.2027952671051025
1879,P16152_C150A,C1=CC=C(C=C1)C(=O)C2=CC=NC=C2,0.7323937598229685,0.15365898609161377,-1.047304391860962,1.2149087190628052
1880,P16152_C26A,CC1C(C(CC(O1)OC2CC(CC3=C2C(=C4C(=C3O)C(=O)C5=C(C4=O)C(=CC=C5)OC)O)(C(=O)C)O)N)O,0.07918124604762482,-0.49778100848197937,-0.7672543525695801,1.1340603828430176
1881,P16152_C122A,CC1C(C(CC(O1)OC2CC(CC3=C2C(=C4C(=C3O)C(=O)C5=C(C4=O)C(=CC=C5)OC)O)(C(=O)C)O)N)O,0.23044892137827394,-0.520656168460846,-0.7537275552749634,1.1093764305114746
1882,P16152_C150A,CC1C(C(CC(O1)OC2CC(CC3=C2C(=C4C(=C3O)C(=O)C5=C(C4=O)C(=CC=C5)OC)O)(C(=O)C)O)N)O,0.14612803567823798,-0.5013028979301453,-0.7534027099609375,1.1227682828903198
1883,P16152_C226A,CC1C(C(CC(O1)OC2CC(CC3=C2C(=C4C(=C3O)C(=O)C5=C(C4=O)C(=CC=C5)OC)O)(C(=O)C)O)N)O,-0.15490195998574322,-0.5239999294281006,-0.7537280321121216,1.0966055393218994
1884,P16152_C227A,CC1C(C(CC(O1)OC2CC(CC3=C2C(=C4C(=C3O)C(=O)C5=C(C4=O)C(=CC=C5)OC)O)(C(=O)C)O)N)O,-0.9208187539523752,-0.48455312848091125,-0.768182635307312,1.121116280555725
1885,P16152_C227S,CC1C(C(CC(O1)OC2CC(CC3=C2C(=C4C(=C3O)C(=O)C5=C(C4=O)C(=CC=C5)OC)O)(C(=O)C)O)N)O,-0.2596373105057561,-0.4649684727191925,-0.749929666519165,1.1217695474624634
1886,P16152_C26A,C1C=CN(C=C1C(=O)N)C2C(C(C(O2)COP(=O)(O)OP(=O)(O)OCC3C(C(C(O3)N4C=NC5=C(N=CN=C54)N)OP(=O)(O)O)O)O)O,0.9242792860618817,0.49976053833961487,-1.894667148590088,2.133603572845459
1887,P16152_C122A,C1C=CN(C=C1C(=O)N)C2C(C(C(O2)COP(=O)(O)OP(=O)(O)OCC3C(C(C(O3)N4C=NC5=C(N=CN=C54)N)OP(=O)(O)O)O)O)O,0.7708520116421442,0.4755154550075531,-1.8826364278793335,2.11289119720459
1888,P16152_C150A,C1C=CN(C=C1C(=O)N)C2C(C(C(O2)COP(=O)(O)OP(=O)(O)OCC3C(C(C(O3)N4C=NC5=C(N=CN=C54)N)OP(=O)(O)O)O)O)O,0.8195439355418687,0.4966159462928772,-1.8732389211654663,2.119415760040283
1889,P16152_C226A,C1C=CN(C=C1C(=O)N)C2C(C(C(O2)COP(=O)(O)OP(=O)(O)OCC3C(C(C(O3)N4C=NC5=C(N=CN=C54)N)OP(=O)(O)O)O)O)O,0.9493900066449128,0.4620582163333893,-1.884122610092163,2.095916748046875
1890,P16152_C227A,C1C=CN(C=C1C(=O)N)C2C(C(C(O2)COP(=O)(O)OP(=O)(O)OCC3C(C(C(O3)N4C=NC5=C(N=CN=C54)N)OP(=O)(O)O)O)O)O,-0.3010299956639812,0.5150203704833984,-1.8820406198501587,2.1140050888061523
1891,P16152_C227S,C1C=CN(C=C1C(=O)N)C2C(C(C(O2)COP(=O)(O)OP(=O)(O)OCC3C(C(C(O3)N4C=NC5=C(N=CN=C54)N)OP(=O)(O)O)O)O)O,-0.09691001300805639,0.5243924856185913,-1.8718830347061157,2.116337299346924
1892,P16152_V88I,CC1=CC(=O)C2=CC=CC=C2C1=O,-0.721246399047171,0.2720012068748474,-1.4266020059585571,1.8255748748779297
1893,P16152_P131S,CC1=CC(=O)C2=CC=CC=C2C1=O,-0.4814860601221125,0.2908608615398407,-1.3933771848678589,1.8063877820968628
1894,P16152_V88I,CC1C(C(CC(O1)OC2CC(CC3=C2C(=C4C(=C3O)C(=O)C5=C(C4=O)C(=CC=C5)OC)O)(C(=O)C)O)N)O,0.07554696139253074,-0.5035145878791809,-0.7832927703857422,1.1307852268218994
1895,P16152_P131S,CC1C(C(CC(O1)OC2CC(CC3=C2C(=C4C(=C3O)C(=O)C5=C(C4=O)C(=CC=C5)OC)O)(C(=O)C)O)N)O,0.3053513694466238,-0.5119508504867554,-0.7504034042358398,1.105980634689331
1896,P16152_V88I,CC1C(C(CC(O1)OC2CC(CC3=C2C(=C4C(=C3O)C(=O)C5=C(C4=O)C(=CC=C5)OC)O)(C(=O)CO)O)N)O,-0.8239087409443188,-0.4925897419452667,-0.6067439317703247,0.9990764856338501
1897,P16152_P131S,CC1C(C(CC(O1)OC2CC(CC3=C2C(=C4C(=C3O)C(=O)C5=C(C4=O)C(=CC=C5)OC)O)(C(=O)CO)O)N)O,-0.744727494896694,-0.5028389692306519,-0.5762096643447876,0.9745140671730042
1898,Q55242_wild,C1C(C(C(C(O1)(CO)O)O)O)O,1.8026596994737063,1.6167224645614624,1.0866409540176392,0.791120171546936
1899,Q55242_wild,C(C1C(C(C(C(O1)O)O)O)O)O,1.8026596994737063,1.6095045804977417,0.9517456293106079,0.960259199142456
1900,P38993_wild,O=O,-1.41642345213079,2.017024517059326,-0.8028401136398315,2.229078769683838
1901,D1CEU4_wild,CC1=C(NC(=C1CCC(=O)O)CC2=C(C(=C(N2)C=C3C(=C(C(=O)N3)C)C=C)C)CCC(=O)O)C=C4C(=C(C(=O)N4)C=C)C,-0.24412514432750865,-0.28398600220680237,-0.9238018989562988,0.6747854948043823
1902,Q5LGZ8_wild,C1=CC(=CC=C1[N+](=O)[O-])OC2C(C(C(C(O2)CO)O)O)O,0.5910646070264992,1.520322561264038,-0.12114764004945755,1.1082937717437744
1903,Q9JLI6_wild,C(C(C(=O)O)N)S(=O)O,-0.45593195564972444,0.12538586556911469,0.5746134519577026,0.10126692056655884
1904,Q9JLI6_wild,C(C(C(=O)O)N)S,-2.2365720064370627,-0.260623574256897,0.2493704855442047,0.04085025191307068
1905,O33289_wild,CC(=O)SCCNC(=O)CCNC(=O)C(C(C)(C)COP(=O)(O)OP(=O)(O)OCC1C(C(C(O1)N2C=NC3=C(N=CN=C32)N)O)OP(=O)(O)O)O,0.5228787018508873,-0.3560647666454315,-0.9674496650695801,0.5781732797622681
1906,O33289_wild,C(CC(=O)N)C(C(=O)O)N,0.5228787018508873,0.013152793049812317,0.6874946355819702,-0.19612091779708862
1907,Q5XIE6_wild,CC(C)(COP(=O)(O)OP(=O)(O)OCC1C(C(C(O1)N2C=NC3=C(N=CN=C32)N)O)OP(=O)(O)O)C(C(=O)NCCC(=O)NCCSC(=O)CCO)O,2.1760912590556813,0.7050508260726929,-1.5289419889450073,2.3597230911254883
1908,Q5XIE6_wild,CC(CO)C(=O)SCCNC(=O)CCNC(=O)C(C(C)(C)COP(=O)(O)OP(=O)(O)OCC1C(C(C(O1)N2C=NC3=C(N=CN=C32)N)O)OP(=O)(O)O)O,2.424881636631067,0.606296956539154,-1.4739311933517456,2.3214058876037598
1909,Q4Q0B9_wild,C1C2CN(CN2C3=C(N1)N=C(NC3=O)N)C4=CC=C(C=C4)C(=O)NC(CCC(=O)O)C(=O)O,1.0453229787866574,0.4422462284564972,-1.2483165264129639,1.5571880340576172
1910,O76083_wild,C1C2C(C(C(O2)N3C=NC4=C3N=C(NC4=O)N)O)OP(=O)(O1)O,-0.744727494896694,0.07397610694169998,-2.552755832672119,1.4553077220916748
1911,O76083_wild,C1C2C(C(C(O2)N3C=NC4=C(N=CN=C43)N)O)OP(=O)(O1)O,0.37474834601010387,0.20426928997039795,-2.8303632736206055,1.866768717765808
1912,P19080_C75A,C=C(C(=O)O)OC1C=C(C=CC1O)C(=O)O,1.7708520116421442,1.3530946969985962,-0.2897157669067383,1.2143619060516357
1913,P19080_C75S,C=C(C(=O)O)OC1C=C(C=CC1O)C(=O)O,1.8808135922807914,1.349755048751831,-0.2632705867290497,1.1973342895507812
1914,P10619_wild,CCOC(=O)C(CC1=CC=C(C=C1)O)NC(=O)C2=CC=CC=C2,2.715418322595056,1.675561785697937,-0.8678889274597168,1.8660297393798828
1915,Q14376_wild,C1=CN(C(=O)NC1=O)C2C(C(C(O2)COP(=O)(O)OP(=O)(O)OC3C(C(C(C(O3)CO)O)O)O)O)O,1.5563025007672873,0.9040146470069885,-1.2185146808624268,1.899559497833252
1916,Q14376_G90E,C1=CN(C(=O)NC1=O)C2C(C(C(O2)COP(=O)(O)OP(=O)(O)OC3C(C(C(C(O3)CO)O)O)O)O)O,-1.337242168318426,0.7657333016395569,-1.1439080238342285,1.737982153892517
1917,Q14376_V94M,C1=CN(C(=O)NC1=O)C2C(C(C(O2)COP(=O)(O)OP(=O)(O)OC3C(C(C(C(O3)CO)O)O)O)O)O,0.04139268515822508,0.7855308651924133,-1.192728877067566,1.794221043586731
1918,Q14376_D103G,C1=CN(C(=O)NC1=O)C2C(C(C(O2)COP(=O)(O)OP(=O)(O)OC3C(C(C(C(O3)CO)O)O)O)O)O,0.6989700043360189,0.9226189255714417,-1.2514549493789673,1.9164645671844482
1919,Q14376_L183P,C1=CN(C(=O)NC1=O)C2C(C(C(O2)COP(=O)(O)OP(=O)(O)OC3C(C(C(C(O3)CO)O)O)O)O)O,1.0413926851582251,0.7589090466499329,-1.1542161703109741,1.7505253553390503
1920,Q14376_K257R,C1=CN(C(=O)NC1=O)C2C(C(C(O2)COP(=O)(O)OP(=O)(O)OC3C(C(C(C(O3)CO)O)O)O)O)O,0.7075701760979364,0.898166835308075,-1.2082922458648682,1.872643232345581
1921,Q14376_L313M,C1=CN(C(=O)NC1=O)C2C(C(C(O2)COP(=O)(O)OP(=O)(O)OC3C(C(C(C(O3)CO)O)O)O)O)O,0.7634279935629373,0.8944912552833557,-1.220967411994934,1.9021353721618652
1922,Q14376_G319E,C1=CN(C(=O)NC1=O)C2C(C(C(O2)COP(=O)(O)OP(=O)(O)OC3C(C(C(C(O3)CO)O)O)O)O)O,1.4771212547196624,0.8833602070808411,-1.2011932134628296,1.8743668794631958
1923,Q14376_R335H,C1=CN(C(=O)NC1=O)C2C(C(C(O2)COP(=O)(O)OP(=O)(O)OC3C(C(C(C(O3)CO)O)O)O)O)O,1.1760912590556813,0.8889392018318176,-1.210766077041626,1.8981034755706787
1924,Q0DBF4_wild,CC1C2CCC3C(CCCC3(C2CC=C1C=C)C)(C)C,-1.7695510786217261,-0.6441642642021179,-1.9868768453598022,1.0830211639404297
1925,Q0DBF4_wild,CC1(CCCC2(C1CCC3=CC(CCC32)(C)C=C)C)C,-1.8860566476931633,-0.9518350958824158,-2.0950980186462402,1.3101494312286377
1926,Q0DBF4_wild,CC1(CCCC2(C1CCC34C2CCC(C3)C(=C)C4)C)C,-1.6575773191777938,-0.7567268013954163,-2.0149083137512207,1.1163424253463745
1927,Q8GXG1_wild,C(C(C(=O)O)N)C(=O)N,1.8027737252919758,1.133493423461914,0.37558573484420776,0.9709923267364502
1928,P9WND1_wild,C1C(=NC2=C(N1)N=C(NC2=O)N)COP(=O)(O)OP(=O)(O)O,-0.2340832308501962,-0.26122918725013733,-2.7662887573242188,1.9495075941085815
1929,P9WND1_wild,C1=CC(=CC=C1C(=O)[O-])N,-0.2340832308501962,-0.3577409088611603,-2.851977825164795,1.7201929092407227
1930,P0C0X1_wild,C1=CC(=CC=C1C(=O)[O-])N,-0.7528453031765261,-0.540493369102478,-2.696108102798462,1.4944803714752197
1931,P0C0X1_wild,C1C(=NC2=C(N1)N=C(NC2=O)N)COP(=O)(O)OP(=O)(O)O,-0.7528453031765261,-0.47639915347099304,-2.6090755462646484,1.7054228782653809
1932,P07788_wild,CCN1C2=C(C=C(C=C2)S(=O)(=O)O)SC1=NN=C3N(C4=C(S3)C=C(C=C4)S(=O)(=O)O)CC,2.507855871695831,1.4305680990219116,-0.8659865856170654,1.9240328073501587
1933,P07788_C322A,CCN1C2=C(C=C(C=C2)S(=O)(=O)O)SC1=NN=C3N(C4=C(S3)C=C(C=C4)S(=O)(=O)O)CC,2.376576957056512,1.4905462265014648,-0.8641400337219238,1.9441659450531006
1934,P07788_wild,COC1=CC(=CC(=C1O)OC)C=NN=CC2=CC(=C(C(=C2)OC)O)OC,2.2278867046136734,0.8392658829689026,-1.4352878332138062,2.122422218322754
1935,P07788_C322A,COC1=CC(=CC(=C1O)OC)C=NN=CC2=CC(=C(C(=C2)OC)O)OC,1.863322860120456,0.8928846716880798,-1.4307438135147095,2.1495206356048584
1936,P07788_M502L,CCN1C2=C(C=C(C=C2)S(=O)(=O)O)SC1=NN=C3N(C4=C(S3)C=C(C=C4)S(=O)(=O)O)CC,1.0253058652647702,1.4287762641906738,-0.8635056018829346,1.9200276136398315
1937,P07788_M502F,CCN1C2=C(C=C(C=C2)S(=O)(=O)O)SC1=NN=C3N(C4=C(S3)C=C(C=C4)S(=O)(=O)O)CC,-0.585026652029182,1.3992446660995483,-0.849488377571106,1.8957328796386719
1938,P07788_M502L,COC1=CC(=CC(=C1O)OC)C=NN=CC2=CC(=C(C(=C2)OC)O)OC,0.8692317197309762,0.8362540602684021,-1.430160641670227,2.120224952697754
1939,P07788_M502F,COC1=CC(=CC(=C1O)OC)C=NN=CC2=CC(=C(C(=C2)OC)O)OC,-2.0,0.8082053065299988,-1.4156948328018188,2.093339681625366
1940,P07788_wild,COC1=C(C(=CC=C1)OC)O,1.5563025007672873,1.0939157009124756,-0.5790688991546631,1.5924862623214722
1941,P07788_M502L,COC1=C(C(=CC=C1)OC)O,0.1903316981702915,1.0910035371780396,-0.5699535608291626,1.5858089923858643
1942,P07788_M502F,COC1=C(C(=CC=C1)OC)O,-2.0,1.0669888257980347,-0.5518380403518677,1.5648257732391357
1943,P07788_L386A,CCN1C2=C(C=C(C=C2)S(=O)(=O)O)SC1=NN=C3N(C4=C(S3)C=C(C=C4)S(=O)(=O)O)CC,1.7160033436347992,1.4218261241912842,-0.8794629573822021,1.9290939569473267
1944,P07788_L386A,COC1=C(C(=CC=C1)OC)O,1.2304489213782739,1.0871208906173706,-0.584304928779602,1.6021217107772827
1945,P07788_L386A,COC1=CC(=CC(=C1O)OC)C=NN=CC2=CC(=C(C(=C2)OC)O)OC,1.1139433523068367,0.8305906057357788,-1.4390650987625122,2.1317920684814453
1946,P07788_I494A,CCN1C2=C(C=C(C=C2)S(=O)(=O)O)SC1=NN=C3N(C4=C(S3)C=C(C=C4)S(=O)(=O)O)CC,0.8573324964312685,1.4080380201339722,-0.8580873012542725,1.905452013015747
1947,P07788_I494A,COC1=C(C(=CC=C1)OC)O,0.6532125137753437,1.069793939590454,-0.5638132095336914,1.5781508684158325
1948,P07788_I494A,COC1=CC(=CC(=C1O)OC)C=NN=CC2=CC(=C(C(=C2)OC)O)OC,0.9542425094393249,0.8218962550163269,-1.431552529335022,2.1103768348693848
1949,P07788_T415A,CCN1C2=C(C=C(C=C2)S(=O)(=O)O)SC1=NN=C3N(C4=C(S3)C=C(C=C4)S(=O)(=O)O)CC,1.3222192947339193,1.428668737411499,-0.868156909942627,1.9226654767990112
1950,P07788_R416A,CCN1C2=C(C=C(C=C2)S(=O)(=O)O)SC1=NN=C3N(C4=C(S3)C=C(C=C4)S(=O)(=O)O)CC,-0.3979400086720376,1.4624935388565063,-0.870416522026062,1.9409551620483398
1951,P07788_T415A,COC1=CC(=CC(=C1O)OC)C=NN=CC2=CC(=C(C(=C2)OC)O)OC,1.1760912590556813,0.8363646268844604,-1.4432176351547241,2.1271915435791016
1952,P07788_R416A,COC1=CC(=CC(=C1O)OC)C=NN=CC2=CC(=C(C(=C2)OC)O)OC,-0.8239087409443188,0.8673672080039978,-1.4415925741195679,2.14475154876709
1953,P07788_wild,COC1=CC(=CC(=C1O)OC)C=CC(=O)O,1.5910646070264993,0.9975612163543701,-0.44833818078041077,1.385707139968872
1954,P07788_T415A,COC1=CC(=CC(=C1O)OC)C=CC(=O)O,1.2041199826559248,0.9923480153083801,-0.45514729619026184,1.3867533206939697
1955,P07788_R416A,COC1=CC(=CC(=C1O)OC)C=CC(=O)O,-0.7958800173440752,1.0247342586517334,-0.4594077169895172,1.4094977378845215
1956,Q4H436_wild,CCN1C2=C(C=C(C=C2)S(=O)(=O)O)SC1=NN=C3N(C4=C(S3)C=C(C=C4)S(=O)(=O)O)CC,1.390935107103379,0.539940595626831,-1.2314938306808472,1.4272880554199219
1957,A0A0G2QNK1_wild,CCN1C2=C(C=C(C=C2)S(=O)(=O)O)SC1=NN=C3N(C4=C(S3)C=C(C=C4)S(=O)(=O)O)CC,2.4638929889859074,1.4625071287155151,-0.8134177923202515,1.9113972187042236
1958,A0A0G2QNK1_L386W/G417L/G57F,CCN1C2=C(C=C(C=C2)S(=O)(=O)O)SC1=NN=C3N(C4=C(S3)C=C(C=C4)S(=O)(=O)O)CC,1.920905604164024,1.4448140859603882,-0.7888321876525879,1.8877214193344116
1959,A0A0G2QNK1_K317N/L386W/G417L/G57F,CCN1C2=C(C=C(C=C2)S(=O)(=O)O)SC1=NN=C3N(C4=C(S3)C=C(C=C4)S(=O)(=O)O)CC,1.9398186628213796,1.4698867797851562,-0.7845258712768555,1.8876516819000244
1960,A0A0G2QNK1_D501G/L386W/G417L/G57F,CCN1C2=C(C=C(C=C2)S(=O)(=O)O)SC1=NN=C3N(C4=C(S3)C=C(C=C4)S(=O)(=O)O)CC,1.9104109399146882,1.4344202280044556,-0.7891148328781128,1.8812404870986938
1961,A0A0G2QNK1_K317N/D501G/L386W/G417L/G57F,CCN1C2=C(C=C(C=C2)S(=O)(=O)O)SC1=NN=C3N(C4=C(S3)C=C(C=C4)S(=O)(=O)O)CC,1.9204885646582979,1.4592796564102173,-0.7833789587020874,1.8804996013641357
1962,B9W2C5_wild,COC1=CC(=CC(=C1O)OC)C=NN=CC2=CC(=C(C(=C2)OC)O)OC,1.9030899869919435,0.8447411060333252,-1.472511649131775,2.120664358139038
1963,P07788_F207Y,CCN1C2=C(C=C(C=C2)S(=O)(=O)O)SC1=NN=C3N(C4=C(S3)C=C(C=C4)S(=O)(=O)O)CC,1.7226339225338123,1.4276193380355835,-0.8618588447570801,1.9183928966522217
1964,P07788_P455S,CCN1C2=C(C=C(C=C2)S(=O)(=O)O)SC1=NN=C3N(C4=C(S3)C=C(C=C4)S(=O)(=O)O)CC,1.4771212547196624,1.4404040575027466,-0.8643012046813965,1.9324687719345093
1965,P07788_V403T/P455S,CCN1C2=C(C=C(C=C2)S(=O)(=O)O)SC1=NN=C3N(C4=C(S3)C=C(C=C4)S(=O)(=O)O)CC,1.6972293427597176,1.4317682981491089,-0.8569914102554321,1.935865879058838
1966,P07788_V403T,CCN1C2=C(C=C(C=C2)S(=O)(=O)O)SC1=NN=C3N(C4=C(S3)C=C(C=C4)S(=O)(=O)O)CC,1.4653828514484184,1.4210232496261597,-0.8590142726898193,1.9270261526107788
1967,B9W2C5_wild,CCN1C2=C(C=C(C=C2)S(=O)(=O)O)SC1=NN=C3N(C4=C(S3)C=C(C=C4)S(=O)(=O)O)CC,2.4771212547196626,1.421947717666626,-0.8956246376037598,1.9159224033355713
1968,A0A0A6ZHX8_wild,CCN1C2=C(C=C(C=C2)S(=O)(=O)O)SC1=NN=C3N(C4=C(S3)C=C(C=C4)S(=O)(=O)O)CC,1.919078092376074,1.3223141431808472,-0.892611026763916,1.8408643007278442
1969,A0A0G2QNK1_wild,COC1=CC(=CC(=C1O)OC)C=NN=CC2=CC(=C(C(=C2)OC)O)OC,1.8195439355418688,0.8851208090782166,-1.3629735708236694,2.133873462677002
1970,A0A0A6ZHX8_wild,COC1=CC(=CC(=C1O)OC)C=NN=CC2=CC(=C(C(=C2)OC)O)OC,2.0,0.707083523273468,-1.4449292421340942,2.0333616733551025
1971,B9W2C5_T415G,CCN1C2=C(C=C(C=C2)S(=O)(=O)O)SC1=NN=C3N(C4=C(S3)C=C(C=C4)S(=O)(=O)O)CC,2.3979400086720375,1.4267343282699585,-0.8975794315338135,1.915507197380066
1972,B9W2C5_T415I,CCN1C2=C(C=C(C=C2)S(=O)(=O)O)SC1=NN=C3N(C4=C(S3)C=C(C=C4)S(=O)(=O)O)CC,2.413299764081252,1.4166309833526611,-0.8974933624267578,1.9112485647201538
1973,B9W2C5_T418I,CCN1C2=C(C=C(C=C2)S(=O)(=O)O)SC1=NN=C3N(C4=C(S3)C=C(C=C4)S(=O)(=O)O)CC,2.7403626894942437,1.4216175079345703,-0.9041146039962769,1.9222934246063232
1974,B9W2C5_T415G/T418I,CCN1C2=C(C=C(C=C2)S(=O)(=O)O)SC1=NN=C3N(C4=C(S3)C=C(C=C4)S(=O)(=O)O)CC,2.060697840353612,1.4242867231369019,-0.9061911106109619,1.9216513633728027
1975,B9W2C5_T415G,COC1=CC(=CC(=C1O)OC)C=NN=CC2=CC(=C(C(=C2)OC)O)OC,1.021189299069938,0.8456791043281555,-1.4815713167190552,2.1325812339782715
1976,B9W2C5_T415I,COC1=CC(=CC(=C1O)OC)C=NN=CC2=CC(=C(C(=C2)OC)O)OC,0.5185139398778875,0.8384810090065002,-1.465809941291809,2.11733078956604
1977,B9W2C5_T418I,COC1=CC(=CC(=C1O)OC)C=NN=CC2=CC(=C(C(=C2)OC)O)OC,-0.3010299956639812,0.8423015475273132,-1.4772194623947144,2.127452850341797
1978,B9W2C5_T415G/T418I,COC1=CC(=CC(=C1O)OC)C=NN=CC2=CC(=C(C(=C2)OC)O)OC,-0.5228787452803376,0.8421382308006287,-1.4862011671066284,2.1385655403137207
1979,F6DF14_wild,COC1=CC=CC=C1O,0.785329835010767,0.6335648894309998,-0.5222436189651489,0.950742781162262
1980,F6DF14_E356A,COC1=CC=CC=C1O,0.23044892137827394,0.6532076001167297,-0.5445538759231567,0.9637731313705444
1981,F6DF14_E456L,COC1=CC=CC=C1O,-1.2291479883578558,0.6305330395698547,-0.5158052444458008,0.9342634677886963
1982,F6DF14_E456R,COC1=CC=CC=C1O,-0.494850021680094,0.6197013258934021,-0.5071277022361755,0.9193878173828125
1983,F6DF14_E456D,COC1=CC=CC=C1O,-0.10790539730951958,0.6182931065559387,-0.494608998298645,0.9303185939788818
1984,F6DF14_D106L,COC1=CC=CC=C1O,0.3222192947339193,0.5697184205055237,-0.5057174563407898,0.892951488494873
1985,F6DF14_D106R,COC1=CC=CC=C1O,0.36172783601759284,0.5235111117362976,-0.5081732273101807,0.8652732372283936
1986,F6DF14_D106E,COC1=CC=CC=C1O,0.3424226808222063,0.5835917592048645,-0.525393009185791,0.9180213212966919
1987,F6DF14_D423A,COC1=CC=CC=C1O,0.5453071164658241,0.5927475094795227,-0.539324164390564,0.921078622341156
1988,P07788_R146K,CCN1C2=C(C=C(C=C2)S(=O)(=O)O)SC1=NN=C3N(C4=C(S3)C=C(C=C4)S(=O)(=O)O)CC,-0.44369749923271273,1.4310070276260376,-0.8665114641189575,1.9275519847869873
1989,P07788_R429K,CCN1C2=C(C=C(C=C2)S(=O)(=O)O)SC1=NN=C3N(C4=C(S3)C=C(C=C4)S(=O)(=O)O)CC,0.23299611039215384,1.4399291276931763,-0.8717840909957886,1.930572748184204
1990,P07788_R476K,CCN1C2=C(C=C(C=C2)S(=O)(=O)O)SC1=NN=C3N(C4=C(S3)C=C(C=C4)S(=O)(=O)O)CC,1.0534626049254554,1.433681607246399,-0.8716903924942017,1.9273638725280762
1991,P07788_A478F,CCN1C2=C(C=C(C=C2)S(=O)(=O)O)SC1=NN=C3N(C4=C(S3)C=C(C=C4)S(=O)(=O)O)CC,1.604442066260723,1.4171251058578491,-0.8553943634033203,1.9135847091674805
1992,P07788_T480A,CCN1C2=C(C=C(C=C2)S(=O)(=O)O)SC1=NN=C3N(C4=C(S3)C=C(C=C4)S(=O)(=O)O)CC,1.5548524343720544,1.4332183599472046,-0.8770427703857422,1.931542992591858
1993,P07788_T480F,CCN1C2=C(C=C(C=C2)S(=O)(=O)O)SC1=NN=C3N(C4=C(S3)C=C(C=C4)S(=O)(=O)O)CC,1.467312062980552,1.4316400289535522,-0.8690019845962524,1.9246089458465576
1994,P07788_R146K,COC1=CC(=CC(=C1O)OC)C=NN=CC2=CC(=C(C(=C2)OC)O)OC,-1.3010299956639813,0.8424056172370911,-1.4294157028198242,2.1244325637817383
1995,P07788_R429K,COC1=CC(=CC(=C1O)OC)C=NN=CC2=CC(=C(C(=C2)OC)O)OC,-0.8538719643217619,0.8491672873497009,-1.4396315813064575,2.1290555000305176
1996,P07788_R476K,COC1=CC(=CC(=C1O)OC)C=NN=CC2=CC(=C(C(=C2)OC)O)OC,0.6304278750250238,0.8416139483451843,-1.436612606048584,2.122713565826416
1997,P07788_L431F,COC1=CC(=CC(=C1O)OC)C=NN=CC2=CC(=C(C(=C2)OC)O)OC,0.9074113607745862,0.8393338918685913,-1.434156060218811,2.117173671722412
1998,P07788_A478F,COC1=CC(=CC(=C1O)OC)C=NN=CC2=CC(=C(C(=C2)OC)O)OC,1.09795107099415,0.82469242811203,-1.4219423532485962,2.1051430702209473
1999,P07788_T480A,COC1=CC(=CC(=C1O)OC)C=NN=CC2=CC(=C(C(=C2)OC)O)OC,1.1112625136590653,0.8412204384803772,-1.4396778345108032,2.132972240447998
2000,P07788_T480F,COC1=CC(=CC(=C1O)OC)C=NN=CC2=CC(=C(C(=C2)OC)O)OC,0.8668778143374989,0.8388399481773376,-1.4320168495178223,2.121429443359375
2001,P07788_L431F,CCN1C2=C(C=C(C=C2)S(=O)(=O)O)SC1=NN=C3N(C4=C(S3)C=C(C=C4)S(=O)(=O)O)CC,1.3207692283386865,1.4277081489562988,-0.8635854721069336,1.9204379320144653
2002,I3RYX9_wild,CCN1C2=C(C=C(C=C2)S(=O)(=O)O)SC1=NN=C3N(C4=C(S3)C=C(C=C4)S(=O)(=O)O)CC,2.576341350205793,1.4556533098220825,-0.8191430568695068,1.8629608154296875
2003,A0A0G2QNK1_L386W,CCN1C2=C(C=C(C=C2)S(=O)(=O)O)SC1=NN=C3N(C4=C(S3)C=C(C=C4)S(=O)(=O)O)CC,1.6663307443019686,1.4362601041793823,-0.8063552379608154,1.8916531801223755
2004,A0A0G2QNK1_G417L,CCN1C2=C(C=C(C=C2)S(=O)(=O)O)SC1=NN=C3N(C4=C(S3)C=C(C=C4)S(=O)(=O)O)CC,1.7132384615456617,1.5059164762496948,-0.8091894388198853,1.9367660284042358
2005,A0A0G2QNK1_L386W/G417L,CCN1C2=C(C=C(C=C2)S(=O)(=O)O)SC1=NN=C3N(C4=C(S3)C=C(C=C4)S(=O)(=O)O)CC,1.8133808067338557,1.478868842124939,-0.8015631437301636,1.917551040649414
2006,A0A0G2QNK1_L386W/G417L/G57L,CCN1C2=C(C=C(C=C2)S(=O)(=O)O)SC1=NN=C3N(C4=C(S3)C=C(C=C4)S(=O)(=O)O)CC,1.768268016451548,1.452412724494934,-0.7890383005142212,1.8927242755889893
2007,A0A0G2QNK1_L386W/G417L/G57W,CCN1C2=C(C=C(C=C2)S(=O)(=O)O)SC1=NN=C3N(C4=C(S3)C=C(C=C4)S(=O)(=O)O)CC,1.6091673743020198,1.4283303022384644,-0.7785024642944336,1.8710353374481201
2008,A0A0G2QNK1_L386W/G417L/D152F,CCN1C2=C(C=C(C=C2)S(=O)(=O)O)SC1=NN=C3N(C4=C(S3)C=C(C=C4)S(=O)(=O)O)CC,1.4787107555127592,1.4034548997879028,-0.813766360282898,1.8812015056610107
2009,A0A0G2QNK1_L386W/G417L/D152Y,CCN1C2=C(C=C(C=C2)S(=O)(=O)O)SC1=NN=C3N(C4=C(S3)C=C(C=C4)S(=O)(=O)O)CC,1.921998431308271,1.3910309076309204,-0.8073775768280029,1.8759479522705078
2010,A0A0G2QNK1_L386W/G417L/D152W,CCN1C2=C(C=C(C=C2)S(=O)(=O)O)SC1=NN=C3N(C4=C(S3)C=C(C=C4)S(=O)(=O)O)CC,1.6617180576946593,1.373456358909607,-0.8146167993545532,1.8743274211883545
2011,A0A0G2QNK1_L386W/G417L/D195W,CCN1C2=C(C=C(C=C2)S(=O)(=O)O)SC1=NN=C3N(C4=C(S3)C=C(C=C4)S(=O)(=O)O)CC,1.838156184752148,1.4160728454589844,-0.7862876653671265,1.8621097803115845
2012,A0A0G2QNK1_L386W/G417L/D195F,CCN1C2=C(C=C(C=C2)S(=O)(=O)O)SC1=NN=C3N(C4=C(S3)C=C(C=C4)S(=O)(=O)O)CC,1.6104472214421213,1.4381885528564453,-0.7990267276763916,1.8837369680404663
2013,B9W2C5_E188Y,CCN1C2=C(C=C(C=C2)S(=O)(=O)O)SC1=NN=C3N(C4=C(S3)C=C(C=C4)S(=O)(=O)O)CC,2.330413773349191,1.4210264682769775,-0.8838328123092651,1.9138349294662476
2014,B9W2C5_E188F,CCN1C2=C(C=C(C=C2)S(=O)(=O)O)SC1=NN=C3N(C4=C(S3)C=C(C=C4)S(=O)(=O)O)CC,2.4345689040341987,1.4190806150436401,-0.8969986438751221,1.922999382019043
2015,I3XLC2_wild,CCN1C2=C(C=C(C=C2)S(=O)(=O)O)SC1=NN=C3N(C4=C(S3)C=C(C=C4)S(=O)(=O)O)CC,-0.7958800173440752,1.4578436613082886,-0.8122740983963013,1.888725757598877
2016,B9W2C5_wild,COC1=C(C(=CC=C1)OC)O,0.47712125471966244,1.1051884889602661,-0.6094433069229126,1.5965903997421265
2017,B9W2C5_wild,C1=CC(=C(C=C1CC(C(=O)O)N)O)O,2.287801729930226,1.1232365369796753,-0.01681574434041977,1.1543333530426025
2018,P07788_wild,COC1=CC(=CC(=C1O)OC)C=O,1.2041199826559248,1.3263500928878784,-0.21031993627548218,1.4066953659057617
2019,P07788_wild,CC(=O)C1=CC(=C(C(=C1)OC)O)OC,0.3010299956639812,1.1656399965286255,0.1485496163368225,1.1820155382156372
2020,P07788_wild,COC1=CC(=CC(=C1O)OC)C(=O)OC,0.0,1.0038959980010986,0.2202935516834259,1.1261595487594604
2021,H8WGE7_wild,COC1=CC(=CC(=C1O)OC)C=NN=CC2=CC(=C(C(=C2)OC)O)OC,0.8808135922807914,0.8365553021430969,-1.4463006258010864,2.1332778930664062
2022,H8WGE3_T232P/Q367R,COC1=CC(=CC(=C1O)OC)C=NN=CC2=CC(=C(C(=C2)OC)O)OC,0.8808135922807914,0.8432782888412476,-1.4404066801071167,2.1165103912353516
2023,H8WGE7_wild,CCN1C2=C(C=C(C=C2)S(=O)(=O)O)SC1=NN=C3N(C4=C(S3)C=C(C=C4)S(=O)(=O)O)CC,1.1760912590556813,1.4303981065750122,-0.8789492845535278,1.9294981956481934
2024,A0A0B0SEJ6_wild,CCN1C2=C(C=C(C=C2)S(=O)(=O)O)SC1=NN=C3N(C4=C(S3)C=C(C=C4)S(=O)(=O)O)CC,0.0,0.6569710373878479,-1.1279343366622925,1.322948932647705
2025,A0A0B0SEJ6_wild,COC1=C(C(=CC=C1)OC)O,1.0644579892269186,0.5889374613761902,-0.7980011701583862,1.2140846252441406
2026,F6DF14_M460A,COC1=CC=CC=C1O,0.5728716022004802,0.6124275922775269,-0.5230089426040649,0.9353216886520386
2027,F6DF14_M460F,COC1=CC=CC=C1O,0.3159703454569177,0.6217156052589417,-0.5161714553833008,0.9372243881225586
2028,F6DF14_M460L,COC1=CC=CC=C1O,-0.585026652029182,0.6314409375190735,-0.5276693105697632,0.9463678002357483
2029,F6DF14_M460H,COC1=CC=CC=C1O,-2.474955192963155,0.6019098162651062,-0.5162244439125061,0.9287499189376831
2030,F6DF14_M460Q,COC1=CC=CC=C1O,0.5024271199844327,0.6225129961967468,-0.5112565755844116,0.9439215064048767
2031,P07788_E498D,CCN1C2=C(C=C(C=C2)S(=O)(=O)O)SC1=NN=C3N(C4=C(S3)C=C(C=C4)S(=O)(=O)O)CC,1.2041199826559248,1.4032645225524902,-0.8524794578552246,1.8941336870193481
2032,P07788_E498T,CCN1C2=C(C=C(C=C2)S(=O)(=O)O)SC1=NN=C3N(C4=C(S3)C=C(C=C4)S(=O)(=O)O)CC,0.23044892137827394,1.4111284017562866,-0.8513988256454468,1.8952051401138306
2033,P07788_E498L,CCN1C2=C(C=C(C=C2)S(=O)(=O)O)SC1=NN=C3N(C4=C(S3)C=C(C=C4)S(=O)(=O)O)CC,-1.0457574905606752,1.4054627418518066,-0.8563363552093506,1.9000885486602783
2034,P07788_E498D,COC1=C(C(=CC=C1)OC)O,0.11394335230683679,1.0698529481887817,-0.5619529485702515,1.5669492483139038
2035,P07788_E498T,COC1=C(C(=CC=C1)OC)O,-1.3010299956639813,1.0701467990875244,-0.5679543018341064,1.5676379203796387
2036,P07788_E498L,COC1=C(C(=CC=C1)OC)O,-2.2218487496163566,1.0655841827392578,-0.5726172924041748,1.5682384967803955
2037,B9W2C5_E188K,COC1=CC(=CC(=C1O)OC)C=NN=CC2=CC(=C(C(=C2)OC)O)OC,1.146128035678238,0.8515028357505798,-1.4790548086166382,2.118957996368408
2038,B9W2C5_E188R,COC1=CC(=CC(=C1O)OC)C=NN=CC2=CC(=C(C(=C2)OC)O)OC,1.7781512503836436,0.8520509600639343,-1.4665566682815552,2.1189005374908447
2039,B9W2C5_E188A,COC1=CC(=CC(=C1O)OC)C=NN=CC2=CC(=C(C(=C2)OC)O)OC,1.255272505103306,0.851957380771637,-1.4660724401474,2.1179614067077637
2040,Q8NLH5_wild,CCN1C2=C(C=C(C=C2)S(=O)(=O)O)SC1=NN=C3N(C4=C(S3)C=C(C=C4)S(=O)(=O)O)CC,0.2059258736217674,0.3252545893192291,-0.059472858905792236,0.6195317506790161
2041,Q8NLH5_wild,COC1=CC(=CC(=C1O)OC)C=NN=CC2=CC(=C(C(=C2)OC)O)OC,-0.6575773191777937,-0.25922125577926636,-1.167016863822937,1.1754281520843506
2042,Q8NLH5_wild,COC1=C(C(=CC=C1)OC)O,0.28330122870354957,0.1802872121334076,-0.180565744638443,0.3113372325897217
2043,F6DF14_wild,COC1=CC(=CC(=C1O)OC)C=NN=CC2=CC(=C(C(=C2)OC)O)OC,0.00043407747931859284,0.21340718865394592,-1.6825815439224243,1.6842221021652222
2044,F6DF14_wild,CCN1C2=C(C=C(C=C2)S(=O)(=O)O)SC1=NN=C3N(C4=C(S3)C=C(C=C4)S(=O)(=O)O)CC,-0.4377071355435253,0.7258574366569519,-1.130768895149231,1.3296698331832886
2045,F6DF14_wild,COC1=C(C(=CC=C1)OC)O,-0.8860566476931633,0.6676387190818787,-0.7700513601303101,1.2071268558502197
2046,H8WGE7_wild,COC1=C(C(=CC=C1)OC)O,-0.060480747381381476,1.0966609716415405,-0.5845324993133545,1.5973000526428223
2047,D1CEU4_wild,CCN1C2=C(C=C(C=C2)S(=O)(=O)O)SC1=NN=C3N(C4=C(S3)C=C(C=C4)S(=O)(=O)O)CC,0.32899085544942874,0.9317840933799744,-0.5457700490951538,1.198514461517334
2048,D1CEU4_wild,C1=CC2=C(C(=C1)N)C(=CC=C2)N,-0.530177984021837,0.3876117765903473,-0.8407684564590454,0.8275361061096191
2049,D1CEU4_wild,COC1=C(C(=CC=C1)OC)O,-0.7569619513137056,0.8489872217178345,-0.3841080963611603,0.9337352514266968
2050,D3PLX1_wild,CCN1C2=C(C=C(C=C2)S(=O)(=O)O)SC1=NN=C3N(C4=C(S3)C=C(C=C4)S(=O)(=O)O)CC,0.7337321373210443,0.5873783826828003,-1.0422197580337524,1.4472326040267944
2051,D3PLX1_wild,COC1=C(C(=CC=C1)OC)O,0.2825466654994366,0.5973735451698303,-0.8022589683532715,1.2347373962402344
2052,D3PLX1_wild,COC1=CC(=CC(=C1O)OC)C=NN=CC2=CC(=C(C(=C2)OC)O)OC,0.24715469682347396,0.13135308027267456,-1.7974001169204712,1.7748229503631592
2053,A0A6C0GY11_wild,CCN1C2=C(C=C(C=C2)S(=O)(=O)O)SC1=NN=C3N(C4=C(S3)C=C(C=C4)S(=O)(=O)O)CC,0.6812412373755872,1.5740422010421753,-0.7701022624969482,1.8576748371124268
2054,B9W2C5_E188A,CCN1C2=C(C=C(C=C2)S(=O)(=O)O)SC1=NN=C3N(C4=C(S3)C=C(C=C4)S(=O)(=O)O)CC,1.6253124509616739,1.4249472618103027,-0.8953648805618286,1.9138572216033936
2055,B9W2C5_E188I,CCN1C2=C(C=C(C=C2)S(=O)(=O)O)SC1=NN=C3N(C4=C(S3)C=C(C=C4)S(=O)(=O)O)CC,2.011993114659257,1.422303557395935,-0.8951925039291382,1.9225282669067383
2056,B9W2C5_E188K,CCN1C2=C(C=C(C=C2)S(=O)(=O)O)SC1=NN=C3N(C4=C(S3)C=C(C=C4)S(=O)(=O)O)CC,1.6384892569546374,1.4391928911209106,-0.902611255645752,1.9195725917816162
2057,B9W2C5_E188L,CCN1C2=C(C=C(C=C2)S(=O)(=O)O)SC1=NN=C3N(C4=C(S3)C=C(C=C4)S(=O)(=O)O)CC,1.9365137424788934,1.4179173707962036,-0.8969547748565674,1.9178833961486816
2058,B9W2C5_E188R,CCN1C2=C(C=C(C=C2)S(=O)(=O)O)SC1=NN=C3N(C4=C(S3)C=C(C=C4)S(=O)(=O)O)CC,1.9921114877869497,1.4347630739212036,-0.9015097618103027,1.916656732559204
2059,B9W2C5_E188V,CCN1C2=C(C=C(C=C2)S(=O)(=O)O)SC1=NN=C3N(C4=C(S3)C=C(C=C4)S(=O)(=O)O)CC,1.9978230807457256,1.4305384159088135,-0.8978444337844849,1.9163366556167603
2060,A0A0G2QNK1_S208G,CCN1C2=C(C=C(C=C2)S(=O)(=O)O)SC1=NN=C3N(C4=C(S3)C=C(C=C4)S(=O)(=O)O)CC,1.585009279902461,1.4708133935928345,-0.8119876384735107,1.9101728200912476
2061,A0A0G2QNK1_F227A,CCN1C2=C(C=C(C=C2)S(=O)(=O)O)SC1=NN=C3N(C4=C(S3)C=C(C=C4)S(=O)(=O)O)CC,1.6378898165807905,1.4809952974319458,-0.8218735456466675,1.9290924072265625
2062,A0A0G2QNK1_S208G/F227A,CCN1C2=C(C=C(C=C2)S(=O)(=O)O)SC1=NN=C3N(C4=C(S3)C=C(C=C4)S(=O)(=O)O)CC,1.752202153176521,1.4897085428237915,-0.8200733661651611,1.9278589487075806
2063,P07788_G417L,CCN1C2=C(C=C(C=C2)S(=O)(=O)O)SC1=NN=C3N(C4=C(S3)C=C(C=C4)S(=O)(=O)O)CC,2.805908455074197,1.4712120294570923,-0.8633846044540405,1.9498051404953003
2064,P07788_G417L,COC1=CC(=CC(=C1O)OC)C=NN=CC2=CC(=C(C(=C2)OC)O)OC,1.8920946026904804,0.8720213770866394,-1.428864598274231,2.1477909088134766
2065,P07788_wild,C1=CC=C(C=C1)N=NC2=C(C=C(C=C2)O)O,-1.3010299956639813,1.040075421333313,-1.2542082071304321,1.9849756956100464
2066,A0A0G2QNK1_S208G/F227A,CN(C)C1=CC=C(C=C1)C(=C2C=CC(=[N+](C)C)C=C2)C3=CC=CC=C3.[Cl-],1.2638726768652235,1.2932981252670288,-0.6066879034042358,1.4207836389541626
2067,A0A193DSS0_wild,CCN1C2=C(C=C(C=C2)S(=O)(=O)O)SC1=NN=C3N(C4=C(S3)C=C(C=C4)S(=O)(=O)O)CC,1.7015679850559273,1.488379716873169,-0.7977190017700195,1.9102160930633545
2068,A0A193DSS0_wild,COC1=CC(=CC(=C1O)OC)C=CC(=O)O,1.3283796034387378,1.0765289068222046,-0.4405966103076935,1.4119195938110352
2069,A0A193DSS0_wild,C[N+](C)(C)CCOC(=O)C=CC1=CC(=C(C(=C1)OC)O)OC,1.0530784434834197,1.303629994392395,-0.468310683965683,1.4680439233779907
2070,A0A0G2QNK1_T415D,CCN1C2=C(C=C(C=C2)S(=O)(=O)O)SC1=NN=C3N(C4=C(S3)C=C(C=C4)S(=O)(=O)O)CC,1.7046651854545292,1.4700953960418701,-0.8160890340805054,1.8976858854293823
2071,A0A0G2QNK1_T418K,CCN1C2=C(C=C(C=C2)S(=O)(=O)O)SC1=NN=C3N(C4=C(S3)C=C(C=C4)S(=O)(=O)O)CC,1.9294189257142929,1.4496301412582397,-0.8167228698730469,1.9066143035888672
2072,A0A0G2QNK1_Q442A,CCN1C2=C(C=C(C=C2)S(=O)(=O)O)SC1=NN=C3N(C4=C(S3)C=C(C=C4)S(=O)(=O)O)CC,1.7354392032514814,1.4641066789627075,-0.828477144241333,1.9042611122131348
2073,A0A0G2QNK1_T415D/Q442A,CCN1C2=C(C=C(C=C2)S(=O)(=O)O)SC1=NN=C3N(C4=C(S3)C=C(C=C4)S(=O)(=O)O)CC,1.5566642621225686,1.4724189043045044,-0.8286992311477661,1.890868067741394
2074,A0A0G2QNK1_T418K/Q442A,CCN1C2=C(C=C(C=C2)S(=O)(=O)O)SC1=NN=C3N(C4=C(S3)C=C(C=C4)S(=O)(=O)O)CC,1.9645424660791369,1.4511719942092896,-0.8311458826065063,1.899429440498352
2075,A0A0G2QNK1_wild,C1=CC(=CC=C1N=NC2=C(C3=C(C(=C(C=C3C=C2S(=O)(=O)[O-])S(=O)(=O)[O-])N=NC4=CC=C(C=C4)S(=O)(=O)CCOS(=O)(=O)[O-])N)O)S(=O)(=O)CCOS(=O)(=O)[O-].[Na+].[Na+].[Na+].[Na+],0.5599066250361125,0.9933278560638428,-0.4594399034976959,1.4994007349014282
2076,A0A0G2QNK1_T415D,C1=CC(=CC=C1N=NC2=C(C3=C(C(=C(C=C3C=C2S(=O)(=O)[O-])S(=O)(=O)[O-])N=NC4=CC=C(C=C4)S(=O)(=O)CCOS(=O)(=O)[O-])N)O)S(=O)(=O)CCOS(=O)(=O)[O-].[Na+].[Na+].[Na+].[Na+],0.6493348587121419,1.0046379566192627,-0.45843252539634705,1.4955602884292603
2077,A0A0G2QNK1_T418K,C1=CC(=CC=C1N=NC2=C(C3=C(C(=C(C=C3C=C2S(=O)(=O)[O-])S(=O)(=O)[O-])N=NC4=CC=C(C=C4)S(=O)(=O)CCOS(=O)(=O)[O-])N)O)S(=O)(=O)CCOS(=O)(=O)[O-].[Na+].[Na+].[Na+].[Na+],0.6821450763738317,0.9828001260757446,-0.4621659517288208,1.4950556755065918
2078,A0A0G2QNK1_Q442A,C1=CC(=CC=C1N=NC2=C(C3=C(C(=C(C=C3C=C2S(=O)(=O)[O-])S(=O)(=O)[O-])N=NC4=CC=C(C=C4)S(=O)(=O)CCOS(=O)(=O)[O-])N)O)S(=O)(=O)CCOS(=O)(=O)[O-].[Na+].[Na+].[Na+].[Na+],0.75815462196739,0.9925249218940735,-0.4635199308395386,1.4931899309158325
2079,A0A0G2QNK1_T415D/Q442A,C1=CC(=CC=C1N=NC2=C(C3=C(C(=C(C=C3C=C2S(=O)(=O)[O-])S(=O)(=O)[O-])N=NC4=CC=C(C=C4)S(=O)(=O)CCOS(=O)(=O)[O-])N)O)S(=O)(=O)CCOS(=O)(=O)[O-].[Na+].[Na+].[Na+].[Na+],0.7450747915820575,1.0051136016845703,-0.46147972345352173,1.4900434017181396
2080,A0A0G2QNK1_T418K/Q442A,C1=CC(=CC=C1N=NC2=C(C3=C(C(=C(C=C3C=C2S(=O)(=O)[O-])S(=O)(=O)[O-])N=NC4=CC=C(C=C4)S(=O)(=O)CCOS(=O)(=O)[O-])N)O)S(=O)(=O)CCOS(=O)(=O)[O-].[Na+].[Na+].[Na+].[Na+],0.6794278966121189,0.9827012419700623,-0.46697619557380676,1.4885761737823486
2081,A0A386JCD3_wild,CCN1C2=C(C=C(C=C2)S(=O)(=O)O)SC1=NN=C3N(C4=C(S3)C=C(C=C4)S(=O)(=O)O)CC,0.9030899869919435,1.221823811531067,-0.8189725875854492,1.7915358543395996
2082,A0A386JCD3_wild,COC1=C(C(=CC=C1)OC)O,1.3222192947339193,0.8825861811637878,-0.5263744592666626,1.480156421661377
2083,A0A386JCD3_R155W,CCN1C2=C(C=C(C=C2)S(=O)(=O)O)SC1=NN=C3N(C4=C(S3)C=C(C=C4)S(=O)(=O)O)CC,0.7781512503836436,1.1708636283874512,-0.8289294242858887,1.7778161764144897
2084,A0A386JCD3_R155W,COC1=C(C(=CC=C1)OC)O,1.2787536009528289,0.8509710431098938,-0.5513027906417847,1.4658441543579102
2085,A0A386JCD3_R155H/A158E,CCN1C2=C(C=C(C=C2)S(=O)(=O)O)SC1=NN=C3N(C4=C(S3)C=C(C=C4)S(=O)(=O)O)CC,1.1139433523068367,1.3738268613815308,-0.8612067699432373,1.89120614528656
2086,A0A386JCD3_R155H/A158E,COC1=C(C(=CC=C1)OC)O,1.5185139398778875,1.0550733804702759,-0.5726832151412964,1.5706791877746582
2087,A0A386JCD3_R155W/M157H/A158E,CCN1C2=C(C=C(C=C2)S(=O)(=O)O)SC1=NN=C3N(C4=C(S3)C=C(C=C4)S(=O)(=O)O)CC,1.0791812460476249,1.1627531051635742,-0.8267641067504883,1.7709108591079712
2088,A0A386JCD3_R155W/M157H/A158E,COC1=C(C(=CC=C1)OC)O,1.5185139398778875,0.8568529486656189,-0.5497400760650635,1.4618288278579712
2089,A0A386JCD3_R155W/M157H,CCN1C2=C(C=C(C=C2)S(=O)(=O)O)SC1=NN=C3N(C4=C(S3)C=C(C=C4)S(=O)(=O)O)CC,1.414973347970818,1.1619919538497925,-0.8238228559494019,1.7681055068969727
2090,A0A386JCD3_R155W/M157H,COC1=C(C(=CC=C1)OC)O,1.6901960800285136,0.8439543843269348,-0.543694019317627,1.4588462114334106
2091,A0A386JCD3_R155H,CCN1C2=C(C=C(C=C2)S(=O)(=O)O)SC1=NN=C3N(C4=C(S3)C=C(C=C4)S(=O)(=O)O)CC,1.4771212547196624,1.3754926919937134,-0.8613808155059814,1.8913313150405884
2092,A0A386JCD3_R155H,COC1=C(C(=CC=C1)OC)O,1.792391689498254,1.0491873025894165,-0.5701402425765991,1.5678664445877075
2093,A0A1W6S310_T158A,CCN1C2=C(C=C(C=C2)S(=O)(=O)O)SC1=NN=C3N(C4=C(S3)C=C(C=C4)S(=O)(=O)O)CC,1.5440680443502757,1.3524099588394165,-0.8587318658828735,1.8763763904571533
2094,A0A1W6S310_T158A,COC1=C(C(=CC=C1)OC)O,1.8573324964312685,1.0255733728408813,-0.5666780471801758,1.556108832359314
2095,A0A1W6S310_wild,CCN1C2=C(C=C(C=C2)S(=O)(=O)O)SC1=NN=C3N(C4=C(S3)C=C(C=C4)S(=O)(=O)O)CC,1.6020599913279625,1.3433104753494263,-0.8480372428894043,1.8685152530670166
2096,A0A1W6S310_wild,COC1=C(C(=CC=C1)OC)O,1.8976270912904414,1.0186030864715576,-0.5669403076171875,1.5519781112670898
2097,A0A348FKE9_wild,COC1=CC(=CC(=C1O)OC)C=NN=CC2=CC(=C(C(=C2)OC)O)OC,0.701855663812282,0.8322575092315674,-1.441535472869873,2.1378636360168457
2098,Q8P3J4_wild,C(C1C(C(C(C(O1)OC(C(CO)O)C(C(C(=O)O)O)O)O)O)O)O,2.0569048513364727,1.1785709857940674,0.40361765027046204,1.3791415691375732
2099,Q8P3J4_wild,[O-]P(=O)([O-])[O-],2.0569048513364727,1.1652392148971558,0.18646378815174103,1.6964824199676514
2100,Q7S0S2_wild,C(C1C(C(C(C(O1)OC(C(CO)O)C(C(C(=O)O)O)O)O)O)O)O,2.48572142648158,1.2679523229599,0.7692990303039551,1.1843316555023193
2101,A4YGR1_wild,C1=NC(=C2C(=N1)N(C=N2)C3C(C(C(O3)COP(=O)(O)OP(=O)(O)OP(=O)(O)O)O)O)N,1.3617278360175928,0.4527607560157776,-1.0615794658660889,1.1160862445831299
2102,Q973W5_wild,C(CO)C(=O)[O-],0.9030899869919435,0.6558009386062622,-0.6894805431365967,1.306984782218933
2103,Q973W5_wild,C1=NC(=C2C(=N1)N(C=N2)C3C(C(C(O3)COP(=O)(O)OP(=O)(O)OP(=O)(O)O)O)O)N,0.9030899869919435,0.6141025424003601,-1.0937155485153198,1.2557188272476196
2104,O31156_wild,C(C=O)P(=O)(O)O,1.1760912590556813,0.5599784255027771,-1.0601540803909302,1.3775529861450195
2105,B5XRB0_wild,C1C=CN(C=C1C(=O)N)C2C(C(C(O2)COP(=O)(O)OP(=O)(O)OCC3C(C(C(O3)N4C=NC5=C(N=CN=C54)N)O)O)O)O,1.0,1.453514814376831,-0.8838428258895874,2.012052536010742
2106,P25539_wild,C(C1C(C(C(O1)NC2=C(C(=O)NC(=N2)N)N)O)O)OP(=O)(O)O,0.7900504971587281,0.41684648394584656,-1.2050398588180542,1.820188045501709
2107,Q2KTH4_wild,C(CCN)CN,-0.721246399047171,0.049502477049827576,-0.7368204593658447,0.487285852432251
2108,B1VK31_wild,C(CCN)CN,-1.3279021420642825,-0.016500264406204224,-0.8939306735992432,0.4695807993412018
2109,P0A6K3_wild,CSCCC(C(=O)O)NC=O,0.6720978579357175,0.6881401538848877,0.26739463210105896,0.4923621118068695
2110,Q9FV53_wild,CC(C)CC(C(=O)NC(CC1=CC=CC=C1)C(=O)O)NC(=O)C(CCSC)NC=O,-0.15490195998574322,1.1059120893478394,-0.14584562182426453,1.0314695835113525
2111,Q9FV53_wild,CC(C(=O)NC(CO)C(=O)O)NC(=O)C(CCSC)NC=O,-1.1079053973095196,0.8462141752243042,0.04962155222892761,0.8101599812507629
2112,Q8ZKF6_wild,CCC(=O)[O-],2.416640507338281,1.2200661897659302,-0.6499168872833252,1.4072868824005127
2113,Q8ZKF6_R194A,C1=NC(=C2C(=N1)N(C=N2)C3C(C(C(O3)COP(=O)(O)OP(=O)(O)OP(=O)(O)O)O)O)N,1.6009728956867482,1.0136104822158813,-1.3442639112472534,1.9057459831237793
2114,Q8ZKF6_wild,C(C(=O)O)N,2.4139699717480614,0.771170437335968,-0.520095705986023,1.0572865009307861
2115,Q8ZKF6_wild,C1=NC(=C2C(=N1)N(C=N2)C3C(C(C(O3)COP(=O)(O)OP(=O)(O)OP(=O)(O)O)O)O)N,2.0025979807199086,1.0020042657852173,-1.356298804283142,1.8937281370162964
2116,Q8ZKF6_R194E,C1=NC(=C2C(=N1)N(C=N2)C3C(C(C(O3)COP(=O)(O)OP(=O)(O)OP(=O)(O)O)O)O)N,1.6201360549737576,1.0020605325698853,-1.3309589624404907,1.8908488750457764
2117,Q8ZKF6_R584A,C1=NC(=C2C(=N1)N(C=N2)C3C(C(C(O3)COP(=O)(O)OP(=O)(O)OP(=O)(O)O)O)O)N,1.6693168805661123,0.9943191409111023,-1.349577784538269,1.9024810791015625
2118,Q8ZKF6_R584E,C1=NC(=C2C(=N1)N(C=N2)C3C(C(C(O3)COP(=O)(O)OP(=O)(O)OP(=O)(O)O)O)O)N,1.561101383649056,0.9611827731132507,-1.3229875564575195,1.8520116806030273
2119,Q8ZKF6_R526A,C1=NC(=C2C(=N1)N(C=N2)C3C(C(C(O3)COP(=O)(O)OP(=O)(O)OP(=O)(O)O)O)O)N,1.5728716022004803,0.9839760065078735,-1.317711353302002,1.876068353652954
2120,Q8ZKF6_A357V,C1=NC(=C2C(=N1)N(C=N2)C3C(C(C(O3)COP(=O)(O)OP(=O)(O)OP(=O)(O)O)O)O)N,1.5899496013257077,0.9806813597679138,-1.3483189344406128,1.874977707862854
2121,Q8ZKF6_G524S,C1=NC(=C2C(=N1)N(C=N2)C3C(C(C(O3)COP(=O)(O)OP(=O)(O)OP(=O)(O)O)O)O)N,1.6972293427597176,0.9405739903450012,-1.3106627464294434,1.8341010808944702
2122,Q8ZKF6_D517P,C1=NC(=C2C(=N1)N(C=N2)C3C(C(C(O3)COP(=O)(O)OP(=O)(O)OP(=O)(O)O)O)O)N,1.6117233080073419,0.9036670923233032,-1.3164925575256348,1.8141597509384155
2123,Q8ZKF6_D517G,C1=NC(=C2C(=N1)N(C=N2)C3C(C(C(O3)COP(=O)(O)OP(=O)(O)OP(=O)(O)O)O)O)N,1.631443769013172,0.902597963809967,-1.3238186836242676,1.8203015327453613
2124,Q8ZKF6_wild,CC(C)(COP(=O)(O)OP(=O)(O)OCC1C(C(C(O1)N2C=NC3=C(N=CN=C32)N)O)OP(=O)(O)O)C(C(=O)NCCC(=O)NCCS)O,1.9781805169374138,1.1878019571304321,-1.614282488822937,1.913078784942627
2125,Q8ZKF6_R194A,CC(C)(COP(=O)(O)OP(=O)(O)OCC1C(C(C(O1)N2C=NC3=C(N=CN=C32)N)O)OP(=O)(O)O)C(C(=O)NCCC(=O)NCCS)O,1.6138418218760693,1.1885689496994019,-1.6096625328063965,1.9200775623321533
2126,Q8ZKF6_R194E,CC(C)(COP(=O)(O)OP(=O)(O)OCC1C(C(C(O1)N2C=NC3=C(N=CN=C32)N)O)OP(=O)(O)O)C(C(=O)NCCC(=O)NCCS)O,1.6020599913279625,1.1764048337936401,-1.5996376276016235,1.904151201248169
2127,Q8ZKF6_R584E,CC(C)(COP(=O)(O)OP(=O)(O)OCC1C(C(C(O1)N2C=NC3=C(N=CN=C32)N)O)OP(=O)(O)O)C(C(=O)NCCC(=O)NCCS)O,1.61066016308988,1.140965461730957,-1.5799866914749146,1.8628140687942505
2128,Q8ZKF6_R584A,CC(C)(COP(=O)(O)OP(=O)(O)OCC1C(C(C(O1)N2C=NC3=C(N=CN=C32)N)O)OP(=O)(O)O)C(C(=O)NCCC(=O)NCCS)O,1.6180480967120927,1.1750407218933105,-1.6141782999038696,1.9168946743011475
2129,Q8ZKF6_R526A,CC(C)(COP(=O)(O)OP(=O)(O)OCC1C(C(C(O1)N2C=NC3=C(N=CN=C32)N)O)OP(=O)(O)O)C(C(=O)NCCC(=O)NCCS)O,1.6074550232146685,1.1540809869766235,-1.5720638036727905,1.8880765438079834
2130,Q8ZKF6_A357V,CC(C)(COP(=O)(O)OP(=O)(O)OCC1C(C(C(O1)N2C=NC3=C(N=CN=C32)N)O)OP(=O)(O)O)C(C(=O)NCCC(=O)NCCS)O,1.5440680443502757,1.1634796857833862,-1.6058791875839233,1.8942395448684692
2131,Q8ZKF6_G524S,CC(C)(COP(=O)(O)OP(=O)(O)OCC1C(C(C(O1)N2C=NC3=C(N=CN=C32)N)O)OP(=O)(O)O)C(C(=O)NCCC(=O)NCCS)O,1.6344772701607315,1.1150614023208618,-1.5629209280014038,1.8372522592544556
2132,Q8ZKF6_D517P,CC(C)(COP(=O)(O)OP(=O)(O)OCC1C(C(C(O1)N2C=NC3=C(N=CN=C32)N)O)OP(=O)(O)O)C(C(=O)NCCC(=O)NCCS)O,1.6414741105040995,1.0844255685806274,-1.5672640800476074,1.8285150527954102
2133,Q8ZKF6_D517G,CC(C)(COP(=O)(O)OP(=O)(O)OCC1C(C(C(O1)N2C=NC3=C(N=CN=C32)N)O)OP(=O)(O)O)C(C(=O)NCCC(=O)NCCS)O,1.6273658565927327,1.0901234149932861,-1.5694963932037354,1.8343579769134521
2134,Q8ZKF6_V386A,CCC(=O)[O-],1.9703468762300933,1.1953190565109253,-0.6320629119873047,1.3816709518432617
2135,Q8ZKF6_V310D,C(C(=O)O)N,2.2187979981117376,0.6614120006561279,-0.45260190963745117,0.9397456645965576
2136,Q8ZKF6_wild,CC(=O)[O-],2.44216608578472,1.2732813358306885,-0.24983085691928864,1.4227570295333862
2137,Q8ZKF6_V386A,CC(=O)[O-],2.263636068588108,1.241593360900879,-0.2288321554660797,1.3916466236114502
2138,Q8ZKF6_V310D,CC(=O)[O-],2.3654879848909,1.1845542192459106,-0.17875684797763824,1.288778305053711
2139,Q97GC0_wild,O=O,0.6989700043360189,1.7786102294921875,-0.907233715057373,1.8110342025756836
2140,Q97GC0_wild,[N]=O,1.5314789170422551,1.46349036693573,-1.678909182548523,1.3371121883392334
2141,P08507_wild,C(C(=O)COP(=O)(O)O)O,3.0,0.02075352519750595,-0.9484399557113647,0.7658298015594482
2142,P08507_wild,C(C(COP(=O)(O)O)O)O,1.0881360887005513,0.04326888918876648,-0.8260165452957153,0.56885826587677
2143,O35543_K112E,C1=CC(=C(C=C1[N+](=O)[O-])[N+](=O)[O-])Cl,-0.22184874961635637,0.2283082902431488,0.18226024508476257,0.6731898784637451
2144,O80852_wild,C(CC(=O)NC(CS)C(=O)NCC(=O)O)C(C(=O)O)N,-0.07058107428570727,0.48414739966392517,-0.4794825613498688,0.9418355226516724
2145,O80852_wild,C1=CC(=C(C=C1[N+](=O)[O-])[N+](=O)[O-])Cl,-0.00877392430750515,0.3008590340614319,-0.024795547127723694,0.6740033030509949
2146,Q59674_wild,C1C(C(C(C(O1)OC2COC(C(C2O)O)OC3=CC=C(C=C3)[N+](=O)[O-])O)O)O,1.8962505624616381,0.5073907971382141,0.11179539561271667,0.5510227084159851
2147,Q59674_wild,CC1=CC(=O)OC2=C1C=CC(=C2)OC3C(C(C(CO3)O)O)O,0.7494786762618475,0.3170040547847748,0.173711359500885,0.3177272379398346
2148,Q59674_wild,C1C(C(C(C(O1)O)O)O)O,2.7696972418886507,1.3268288373947144,1.107035756111145,0.04011234641075134
2149,P09850_wild,C1C(C(C(C(O1)O)O)O)O,2.1721161202326518,1.8392671346664429,1.971286416053772,0.23699384927749634
2150,P18429_wild,C1C(C(C(C(O1)O)O)O)O,2.6232492903979003,1.85775887966156,1.9797111749649048,0.23732036352157593
2151,P00563_wild,C1=NC(=C2C(=N1)N(C=N2)C3C(C(C(O3)COP(=O)(O)OP(=O)(O)OP(=O)(O)O)O)O)N,2.0170333392987803,1.201027512550354,-0.2872007191181183,1.8306790590286255
2152,P00563_wild,CN(CC(=O)O)C(=N)N,2.0170333392987803,1.320717453956604,1.1841089725494385,0.7521219253540039
2153,P06732_P284A,C1=NC(=C2C(=N1)N(C=N2)C3C(C(C(O3)COP(=O)(O)OP(=O)(O)OP(=O)(O)O)O)O)N,2.169282569538268,1.0661609172821045,-0.19840243458747864,1.689741849899292
2154,P06732_P284A,CN(CC(=O)O)C(=N)N,2.169282569538268,1.2126861810684204,1.2840300798416138,0.5936060547828674
2155,P06732_S285A,CN(CC(=O)O)C(=N)N,1.8522766449830417,0.9989334940910339,1.3339945077896118,0.4451437294483185
2156,P06732_S285A,C1=NC(=C2C(=N1)N(C=N2)C3C(C(C(O3)COP(=O)(O)OP(=O)(O)OP(=O)(O)O)O)O)N,1.8522766449830417,0.8480367064476013,-0.2032080590724945,1.5291882753372192
2157,P06732_S285C,CN(CC(=O)O)C(=N)N,-0.49939760371560843,1.2115410566329956,1.3136318922042847,0.5627871155738831
2158,P06732_S285C,C1=NC(=C2C(=N1)N(C=N2)C3C(C(C(O3)COP(=O)(O)OP(=O)(O)OP(=O)(O)O)O)O)N,-0.49939760371560843,1.0593798160552979,-0.20181429386138916,1.6599853038787842
2159,P06732_C283S/S285C,C1=NC(=C2C(=N1)N(C=N2)C3C(C(C(O3)COP(=O)(O)OP(=O)(O)OP(=O)(O)O)O)O)N,1.1222158782728267,0.9629250168800354,-0.08298888802528381,1.509750485420227
2160,P06732_C283S/S285C,CN(CC(=O)O)C(=N)N,1.1222158782728267,1.125592589378357,1.4192391633987427,0.4259386658668518
2161,P06732_wild,CN(CC(=O)O)C(=NP(=O)(O)O)N,2.6696267279341943,1.2819799184799194,0.34510859847068787,1.2878894805908203
2162,P06732_wild,C1=NC(=C2C(=N1)N(C=N2)C3C(C(C(O3)COP(=O)(O)OP(=O)(O)O)O)O)N,2.6696267279341943,1.3049672842025757,-0.7599502801895142,2.3547983169555664
2163,P06732_P284A,CN(CC(=O)O)C(=NP(=O)(O)O)N,2.731723061470811,1.1319574117660522,0.39156994223594666,1.142216682434082
2164,P06732_P284A,C1=NC(=C2C(=N1)N(C=N2)C3C(C(C(O3)COP(=O)(O)OP(=O)(O)O)O)O)N,2.731723061470811,1.1391807794570923,-0.6815736293792725,2.1878671646118164
2165,P06732_S285A,CN(CC(=O)O)C(=NP(=O)(O)O)N,1.0100169792935003,0.9040672183036804,0.40163037180900574,0.9821535348892212
2166,P06732_S285A,C1=NC(=C2C(=N1)N(C=N2)C3C(C(C(O3)COP(=O)(O)OP(=O)(O)O)O)O)N,1.0100169792935003,0.9461197257041931,-0.6714472770690918,2.0394816398620605
2167,P06732_S285C,C1=NC(=C2C(=N1)N(C=N2)C3C(C(C(O3)COP(=O)(O)OP(=O)(O)O)O)O)N,-0.3157532824360321,1.1459945440292358,-0.6876368522644043,2.1687755584716797
2168,P06732_S285C,CN(CC(=O)O)C(=NP(=O)(O)O)N,-0.3157532824360321,1.1325350999832153,0.40119534730911255,1.1128158569335938
2169,P06732_C283S/S285C,CN(CC(=O)O)C(=NP(=O)(O)O)N,-0.19836767662443838,1.0467332601547241,0.5062615871429443,0.9892959594726562
2170,P06732_C283S/S285C,C1=NC(=C2C(=N1)N(C=N2)C3C(C(C(O3)COP(=O)(O)OP(=O)(O)O)O)O)N,-0.19836767662443838,1.0590332746505737,-0.5520130395889282,2.0402731895446777
2171,P34742_wild,C(C1C(C(C(C(O1)O)O)OC2C(C(C(C(O2)CO)O)OC3C(C(C(C(O3)CO)O)O)O)O)O)O,2.1903316981702914,0.7934477925300598,0.027827009558677673,1.303161859512329
2172,P15737_wild,C(C1C(C(C(C(O1)O)O)OC2C(C(C(C(O2)CO)O)OC3C(C(C(C(O3)CO)O)O)O)O)O)O,2.113943352306837,1.1702382564544678,-0.053140658885240555,1.4446918964385986
2173,Q02126_wild,C(C1C(C(C(C(O1)O)O)OC2C(C(C(C(O2)CO)O)OC3C(C(C(C(O3)CO)O)O)O)O)O)O,1.5563025007672873,0.7064895033836365,0.13775277137756348,1.13908052444458
2174,P08179_wild,C(C1C(C(C(O1)NC(=O)CN)O)O)OP(=O)(O)O,1.6020599913279625,0.30823931097984314,-1.5431410074234009,1.5291215181350708
2175,P08179_wild,C1C(NC2=C(N1)N=C(NC2=O)N)CN(C=O)C3=CC=C(C=C3)C(=O)NC(CCC(=O)O)C(=O)O,1.3159703454569178,0.1661718785762787,-1.6826096773147583,1.7793540954589844
2176,P08179_wild,C1=CC2=NC(=N)NC(=O)C2=CC1CN(C=O)C3=CC=C(C=C3)C(=O)NC(CCC(=O)O)C(=O)O,1.6020599913279625,0.16201290488243103,-2.0038692951202393,1.7418982982635498
2177,P0AC53_wild,C1=CC(=C[N+](=C1)C2C(C(C(O2)COP(=O)(O)OP(=O)(O)OCC3C(C(C(O3)N4C=NC5=C(N=CN=C54)N)OP(=O)(O)O)O)O)O)C(=O)N,2.250420002308894,1.9519981145858765,-1.1160277128219604,2.2630672454833984
2178,P0AC53_wild,C(C(C(C(C(C=O)O)O)O)O)OP(=O)(O)O,2.459392487759231,1.7813823223114014,-0.37242868542671204,1.7319447994232178
2179,P0AC53_wild,C1=CC(=C[N+](=C1)C2C(C(C(O2)COP(=O)([O-])OP(=O)(O)OCC3C(C(C(O3)N4C=NC5=C(N=CN=C54)N)O)O)O)O)C(=O)N,2.459392487759231,2.0272738933563232,-0.6722339391708374,1.8808242082595825
2180,Q57679_wild,C1=NC2=C(N1C3C(C(C(O3)COP(=O)(O)OP(=O)(O)OP(=O)(O)O)O)O)N=C(NC2=O)N,1.9896722476238733,0.01891867071390152,-0.3049660623073578,1.150890827178955
2181,Q57679_wild,C1C(C(OC1N2C=NC3=C2N=C(NC3=O)N)COP(=O)(O)OP(=O)(O)OP(=O)(O)O)O,1.9851569212770566,-0.01913793385028839,-0.4293350279331207,1.258110523223877
2182,Q57679_wild,C1=NC(=C2C(=N1)N(C=N2)C3C(C(C(O3)COP(=O)(O)OP(=O)(O)OP(=O)(O)O)O)O)N,0.00860017176191757,0.26484331488609314,-0.24412576854228973,0.9013441205024719
2183,Q57679_wild,C1=CN(C(=O)N=C1N)C2C(C(C(O2)COP(=O)(O)OP(=O)(O)OP(=O)(O)O)O)O,0.34830486304816066,0.1355244517326355,-0.12920919060707092,1.1361029148101807
2184,Q57679_wild,CC1=CN(C(=O)NC1=O)C2CC(C(O2)COP(=O)(O)OP(=O)(O)OP(=O)(O)O)O,0.24797326636180664,0.0169808492064476,-0.3998735845088959,1.1826231479644775
2185,Q8X150_wild,CCC=CCC=CCC=CCCCCCCCC(=O)[O-],1.6020599913279625,1.7490187883377075,-1.6875234842300415,2.3932576179504395
2186,Q8X150_wild,CCCCCC=CCC=CCCCCCCCC(=O)O,1.263241355811941,1.7205758094787598,-1.7955856323242188,2.5698752403259277
2187,Q8X150_wild,O=O,1.367976723252521,2.2325692176818848,-0.7792479991912842,2.2219033241271973
2188,Q8X150_wild,CCCCCC=CC(C=CCCCCCCCC(=O)O)OO,0.9590413923210936,2.2518935203552246,-1.774269700050354,2.5047590732574463
2189,P11125_wild,C1=NC(=C2C(=N1)N(C=N2)C3C(C(C(O3)COP(=O)(O)OP(=O)(O)OP(=O)(O)O)O)O)N,-0.7304870557820837,-0.4377693235874176,-1.221150517463684,0.7871441841125488
2190,P11125_wild,C1=CN(C(=O)NC1=O)C2C(C(C(O2)COP(=O)(O)OP(=O)(O)OP(=O)(O)O)O)O,-0.3372421683184259,-0.23319172859191895,-1.2494903802871704,0.8239701390266418
2191,Q9BSD7_wild,C1=NC(=C2C(=N1)N(C=N2)C3C(C(C(O3)COP(=O)(O)OP(=O)(O)OP(=O)(O)O)O)O)N,-2.065501548756432,0.20626267790794373,-1.7723530530929565,1.5145692825317383
2192,Q9BSD7_wild,C1=NC(=C2C(=N1)N(C=N2)C3C(C(C(O3)COP(=O)(O)OP(=O)(O)O)O)O)N,-2.2924298239020637,0.3752247989177704,-1.8450995683670044,1.8345171213150024
2193,Q9BSD7_wild,C1=NC2=C(N1C3C(C(C(O3)COP(=O)(O)OP(=O)(O)OP(=O)(O)O)O)O)N=C(NC2=O)N,-2.1191864077192086,0.05982173979282379,-1.8896734714508057,1.616652250289917
2194,Q9BSD7_wild,C1=CN(C(=O)N=C1N)C2C(C(C(O2)COP(=O)(O)OP(=O)(O)OP(=O)(O)O)O)O,-2.136677139879544,0.06874214112758636,-1.7385896444320679,1.4507828950881958
2195,Q9BSD7_wild,CC1=CN(C(=O)NC1=O)C2CC(C(O2)COP(=O)(O)OP(=O)(O)OP(=O)(O)O)O,-2.1307682802690238,-0.16517382860183716,-1.9234946966171265,1.5292853116989136
2196,Q9BSD7_wild,C1=CN(C(=O)NC1=O)C2C(C(C(O2)COP(=O)(O)OP(=O)(O)OP(=O)(O)O)O)O,-2.154901959985743,0.04999014735221863,-1.8139564990997314,1.4331451654434204
2197,P75959_wild,C(C1C(C(C(C(O1)O)O)O)O)O,0.9637878273455552,1.6189521551132202,0.36951473355293274,0.7706405520439148
2198,P75959_wild,C1=NC(=C2C(=N1)N(C=N2)C3C(C(C(O3)COP(=O)(O)OP(=O)(O)OP(=O)(O)O)O)O)N,0.9637878273455552,1.4945838451385498,-0.373653382062912,1.3404383659362793
2199,P0ACC7_wild,C(C1C(C(C(C(O1)OP(=O)(O)O)N)O)O)O,3.1760912590556813,0.6238890886306763,-0.9468107223510742,1.9009088277816772
2200,P0ACC7_G14A,C(C1C(C(C(C(O1)OP(=O)(O)O)N)O)O)O,2.909020854211156,0.5302978754043579,-0.8995202779769897,1.7965519428253174
2201,P0ACC7_R18A,C(C1C(C(C(C(O1)OP(=O)(O)O)N)O)O)O,3.019116290447073,0.45650383830070496,-0.8739371299743652,1.7174142599105835
2202,P0ACC7_K25A,C(C1C(C(C(C(O1)OP(=O)(O)O)N)O)O)O,3.0670708560453703,0.46898189187049866,-0.8631623983383179,1.7477364540100098
2203,P0ACC7_wild,CC(=O)SCCNC(=O)CCNC(=O)C(C(C)(C)COP(=O)(O)OP(=O)(O)OCC1C(C(C(O1)N2C=NC3=C(N=CN=C32)N)O)OP(=O)(O)O)O,3.1760912590556813,0.9336063861846924,-0.8035098314285278,1.793198585510254
2204,P0ACC7_C296A,CC(=O)SCCNC(=O)CCNC(=O)C(C(C)(C)COP(=O)(O)OP(=O)(O)OCC1C(C(C(O1)N2C=NC3=C(N=CN=C32)N)O)OP(=O)(O)O)O,3.130333768495006,0.9448224306106567,-0.7926278114318848,1.7875813245773315
2205,P0ACC7_C296A,C(C1C(C(C(C(O1)OP(=O)(O)O)N)O)O)O,3.130333768495006,0.6298019886016846,-0.9485970735549927,1.897568941116333
2206,P0ACC7_C307A,CC(=O)SCCNC(=O)CCNC(=O)C(C(C)(C)COP(=O)(O)OP(=O)(O)OCC1C(C(C(O1)N2C=NC3=C(N=CN=C32)N)O)OP(=O)(O)O)O,0.0,0.9430997967720032,-0.7938220500946045,1.79099440574646
2207,P0ACC7_C307A,C(C1C(C(C(C(O1)OP(=O)(O)O)N)O)O)O,0.0,0.632174551486969,-0.9500927925109863,1.901444673538208
2208,P0ACC7_C324A,C(C1C(C(C(C(O1)OP(=O)(O)O)N)O)O)O,2.204119982655925,0.6290540099143982,-0.950698971748352,1.8954997062683105
2209,P0ACC7_C324A,CC(=O)SCCNC(=O)CCNC(=O)C(C(C)(C)COP(=O)(O)OP(=O)(O)OCC1C(C(C(O1)N2C=NC3=C(N=CN=C32)N)O)OP(=O)(O)O)O,2.204119982655925,0.9389020800590515,-0.801231861114502,1.789731502532959
2210,P0ACC7_C385A,CC(=O)SCCNC(=O)CCNC(=O)C(C(C)(C)COP(=O)(O)OP(=O)(O)OCC1C(C(C(O1)N2C=NC3=C(N=CN=C32)N)O)OP(=O)(O)O)O,3.161368002234975,0.9454013705253601,-0.7853678464889526,1.7770304679870605
2211,P0ACC7_C385A,C(C1C(C(C(C(O1)OP(=O)(O)O)N)O)O)O,3.161368002234975,0.6287857890129089,-0.9317129850387573,1.881652593612671
2212,P0ACC7_wild,C1=CN(C(=O)NC1=O)C2C(C(C(O2)COP(=O)(O)OP(=O)(O)OC3C(C(C(C(O3)CO)O)O)N)O)O,1.5185139398778875,0.9376174807548523,-1.0224119424819946,1.9070208072662354
2213,P0ACC7_wild,CCC(=O)SCCNC(=O)CCNC(=O)C(C(C)(C)COP(=O)(O)OP(=O)(O)OCC1C(C(C(O1)N2C=NC3=C(N=CN=C32)N)O)OP(=O)(O)O)O,0.9777236052888478,0.8774892687797546,-0.8356989622116089,1.7542073726654053
2214,Q97WJ5_wild,C1C=CN(C=C1C(=O)N)C2C(C(C(O2)COP(=O)(O)OP(=O)(O)OCC3C(C(C(O3)N4C=NC5=C(N=CN=C54)N)O)O)O)O,0.6450946563301051,0.8974465727806091,-1.394698143005371,2.1754331588745117
2215,Q97WJ5_wild,CC1=CC2=C(C=C1C)N(C3=NC(=O)NC(=O)C3=N2)CC(C(C(COP(=O)(O)OP(=O)(O)OCC4C(C(C(O4)N5C=NC6=C(N=CN=C65)N)O)O)O)O)O,0.6056640797046802,0.13807520270347595,-1.8394004106521606,1.8756566047668457
2216,P03313_wild,CC(C)CC(C(=O)NC(CCC(=O)N)C(=O)NC(CO)C(=O)NCC(=O)NC(CC1=CC=CC=C1)C(=O)NC(CCCNC(=N)N)C(=O)NC(CCCCN)C(=O)NC(CCSC)C(=O)NC(CCC(=O)O)C(=O)NCCNC2=CC=CC3=C2C=CC=C3S(=O)(=O)O)NC(=O)C(C(C)C)NC(=O)C(C)NC(=O)C(CO)NC(=O)C(C(C)O)NC(=O)C(CCCCN)NC(=O)C4=CC=C(C=C4)N=NC5=CC=C(C=C5)N(C)C.C(=O)(C(F)(F)F)O,-2.207608310501746,0.686730682849884,-1.78239905834198,1.49944269657135
2217,P0ACC7_wild,C1=CN(C(=O)NC1=O)C2C(C(C(O2)COP(=O)(O)OP(=O)(O)OP(=O)(O)O)O)O,2.5440680443502757,0.7195408344268799,-0.92375648021698,1.6705896854400635
2218,P0ACC7_G14A,C1=CN(C(=O)NC1=O)C2C(C(C(O2)COP(=O)(O)OP(=O)(O)OP(=O)(O)O)O)O,1.6020599913279625,0.6260772347450256,-0.8683876991271973,1.5709202289581299
2219,P0ACC7_R18A,C1=CN(C(=O)NC1=O)C2C(C(C(O2)COP(=O)(O)OP(=O)(O)OP(=O)(O)O)O)O,-1.2218487496163564,0.5352054834365845,-0.8378146886825562,1.495959997177124
2220,P0ACC7_K25A,C1=CN(C(=O)NC1=O)C2C(C(C(O2)COP(=O)(O)OP(=O)(O)OP(=O)(O)O)O)O,1.662757831681574,0.5603240132331848,-0.8428636789321899,1.5209450721740723
2221,P0ACC7_wild,CC(=O)NC1C(C(C(OC1OP(=O)(O)O)CO)O)O,1.3222192947339193,0.9145342111587524,-1.0554581880569458,1.708768606185913
2222,P0ACC7_wild,C(C1C(C(C(C(O1)OP(=O)(O)O)O)O)O)O,-0.6989700043360187,0.6995274424552917,-0.6579488515853882,1.6820791959762573
2223,P27620_wild,CC(=O)NC1C(C(C(OC1OP(=O)(O)OP(=O)(O)OCC2C(C(C(O2)N3C=CC(=O)NC3=O)O)O)CO)O)O,1.0881360887005513,-0.49115750193595886,-0.6400604248046875,0.768101155757904
2224,P44801_wild,C(C=O)C(C(=O)[O-])[NH3+],2.5185139398778875,1.1728888750076294,-0.4824301302433014,1.8204245567321777
2225,Q51344_wild,C1=CC(=C[N+](=C1)C2C(C(C(O2)COP(=O)(O)OP(=O)(O)OCC3C(C(C(O3)N4C=NC5=C(N=CN=C54)N)OP(=O)(O)O)O)O)O)C(=O)N,2.204119982655925,0.8108074069023132,-0.6431741714477539,1.577735424041748
2226,Q51344_wild,[O-]P(=O)([O-])[O-],2.204119982655925,1.0229649543762207,0.5642465353012085,1.1810615062713623
2227,Q9KQG2_wild,C(C=O)C(C(=O)[O-])[NH3+],2.0791812460476247,1.0101817846298218,-0.391314834356308,1.6710867881774902
2228,Q9KQG2_wild,C1=CC(=C[N+](=C1)C2C(C(C(O2)COP(=O)(O)OP(=O)(O)OCC3C(C(C(O3)N4C=NC5=C(N=CN=C54)N)OP(=O)(O)O)O)O)O)C(=O)N,2.0791812460476247,0.9240217804908752,-0.48318180441856384,1.5680961608886719
2229,Q9KQG2_wild,[O-]P(=O)([O-])[O-],2.0791812460476247,1.0835964679718018,0.5693879127502441,1.1379201412200928
2230,P0A9Q9_wild,[O-]P(=O)([O-])[O-],2.785329835010767,1.0323539972305298,0.5661766529083252,1.1835243701934814
2231,P0A9Q9_wild,C(C=O)C(C(=O)[O-])[NH3+],2.785329835010767,0.9640721678733826,-0.3336619436740875,1.740134835243225
2232,P0A9Q9_Q162N,[O-]P(=O)([O-])[O-],1.6720978579357175,1.0113779306411743,0.5803413391113281,1.151498556137085
2233,P0A9Q9_Q162N,C(C=O)C(C(=O)[O-])[NH3+],1.6720978579357175,0.9408524632453918,-0.3213003873825073,1.7065094709396362
2234,P0A9Q9_Q162H,C(C=O)C(C(=O)[O-])[NH3+],2.247973266361807,0.9351370930671692,-0.3207522928714752,1.6989166736602783
2235,P0A9Q9_Q162H,[O-]P(=O)([O-])[O-],2.247973266361807,1.0133466720581055,0.5724354982376099,1.1407053470611572
2236,P0A9Q9_Q39D,C(C=O)C(C(=O)[O-])[NH3+],2.462397997898956,0.9701517224311829,-0.323481947183609,1.7058353424072266
2237,P0A9Q9_Q39D,[O-]P(=O)([O-])[O-],2.462397997898956,1.0561467409133911,0.5795681476593018,1.1684554815292358
2238,P0A9Q9_R267L,[O-]P(=O)([O-])[O-],1.7634279935629373,0.8749701976776123,0.6497374773025513,0.9856550693511963
2239,P0A9Q9_R267L,C(C=O)C(C(=O)[O-])[NH3+],1.7634279935629373,0.8064060211181641,-0.2282823920249939,1.52997624874115
2240,P0A9Q9_Q162N,C1=CC(=C[N+](=C1)C2C(C(C(O2)COP(=O)(O)OP(=O)(O)OCC3C(C(C(O3)N4C=NC5=C(N=CN=C54)N)OP(=O)(O)O)O)O)O)C(=O)N,1.7403626894942439,0.7996887564659119,-0.5601367950439453,1.6276416778564453
2241,P0A9Q9_R31L,C1=CC(=C[N+](=C1)C2C(C(C(O2)COP(=O)(O)OP(=O)(O)OCC3C(C(C(O3)N4C=NC5=C(N=CN=C54)N)OP(=O)(O)O)O)O)O)C(=O)N,2.949390006644913,0.8238815665245056,-0.5907769203186035,1.6548899412155151
2242,P0A9Q9_Q39D,C1=CC(=C[N+](=C1)C2C(C(C(O2)COP(=O)(O)OP(=O)(O)OCC3C(C(C(O3)N4C=NC5=C(N=CN=C54)N)OP(=O)(O)O)O)O)O)C(=O)N,2.4313637641589874,0.8373486995697021,-0.5628904104232788,1.6235748529434204
2243,P0A9Q9_R31D/Q39D,C1=CC(=C[N+](=C1)C2C(C(C(O2)COP(=O)(O)OP(=O)(O)OCC3C(C(C(O3)N4C=NC5=C(N=CN=C54)N)OP(=O)(O)O)O)O)O)C(=O)N,2.4313637641589874,0.855006992816925,-0.5257934331893921,1.5846707820892334
2244,P0A9Q9_Q162N,C1=CC(=C[N+](=C1)C2C(C(C(O2)COP(=O)([O-])OP(=O)(O)OCC3C(C(C(O3)N4C=NC5=C(N=CN=C54)N)O)O)O)O)C(=O)N,-0.27572413039921095,0.8777222037315369,-0.09732121229171753,1.2665519714355469
2245,P0A9Q9_R31L,C1=CC(=C[N+](=C1)C2C(C(C(O2)COP(=O)([O-])OP(=O)(O)OCC3C(C(C(O3)N4C=NC5=C(N=CN=C54)N)O)O)O)O)C(=O)N,1.146128035678238,0.9028682708740234,-0.12417444586753845,1.288856863975525
2246,P0A9Q9_Q39D,C1=CC(=C[N+](=C1)C2C(C(C(O2)COP(=O)([O-])OP(=O)(O)OCC3C(C(C(O3)N4C=NC5=C(N=CN=C54)N)O)O)O)O)C(=O)N,1.2787536009528289,0.9114789366722107,-0.09219005703926086,1.268042802810669
2247,P0A9Q9_R31D/Q39D,C1=CC(=C[N+](=C1)C2C(C(C(O2)COP(=O)([O-])OP(=O)(O)OCC3C(C(C(O3)N4C=NC5=C(N=CN=C54)N)O)O)O)O)C(=O)N,0.5563025007672873,0.9343051314353943,-0.06938225030899048,1.2466373443603516
2248,P62593_wild,CC1(C(N2C(S1)C(C2=O)NC(=O)C(C3=CC=CC=C3)N)C(=O)O)C,3.1547282074401557,1.77479088306427,-1.747111201286316,2.4757912158966064
2249,P62593_wild,CC1(C(N2C(S1)C(C2=O)NC(=O)CC3=CC=CC=C3)C(=O)O)C,3.1958996524092336,1.9540674686431885,-1.945759654045105,2.744333267211914
2250,Q6SJ61_wild,C1C(=C(N2C(S1)C(C2=O)NC(=O)CC3=CC=CS3)C(=O)[O-])C[N+]4=CC=CC=C4,3.1760912590556813,1.7942606210708618,-1.1008456945419312,2.159029483795166
2251,P62593_wild,CC(=O)OCC1=C(N2C(C(C2=O)NC(=O)CC3=CC=CS3)SC1)C(=O)O,2.4771212547196626,1.9831215143203735,-1.2382946014404297,2.233107566833496
2252,P62593_wild,CC1(C(N2C(S1)C(C2=O)N)C(=O)O)C,2.8191489428071344,1.4725087881088257,-1.3057281970977783,2.00465726852417
2253,P62593_wild,CC1(C(N2C(S1)C(C2=O)NC(=O)C(C3=CC=CC=C3)C(=O)O)C(=O)O)C,2.1749315935284423,1.6769379377365112,-2.0838124752044678,2.6162047386169434
2254,Q6GWS9_wild,CC1(C(N2C(S1)C(C2=O)NC(=O)CC3=CC=CC=C3)C(=O)O)C,2.232996110392154,1.933273196220398,-1.944441795349121,2.719773530960083
2255,Q6GWS9_wild,CC1(C(N2C(S1)C(C2=O)NC(=O)C(C3=CC=C(C=C3)O)N)C(=O)O)C,1.8195439355418688,1.763954520225525,-1.7201656103134155,2.414994239807129
2256,Q6GWS9_wild,CC1(C(N2C(S1)C(C2=O)NC(=O)C(C3=CSC=C3)C(=O)O)C(=O)O)C,1.6232492903979006,1.5857012271881104,-1.9516767263412476,2.552621603012085
2257,Q6GWS9_wild,CCN1CCN(C(=O)C1=O)C(=O)NC(C2=CC=CC=C2)C(=O)NC3C4N(C3=O)C(C(S4)(C)C)C(=O)O,2.1818435879447726,1.3980695009231567,-1.8493014574050903,2.3732411861419678
2258,Q6GWS9_wild,CC(=O)OCC1=C(N2C(C(C2=O)NC(=O)CC3=CC=CS3)SC1)C(=O)O,1.1760912590556813,1.9784289598464966,-1.2397795915603638,2.210047721862793
2259,Q6GWS9_wild,CON=C(C1=CC=CO1)C(=O)NC2C3N(C2=O)C(=C(CS3)COC(=O)N)C(=O)O,1.3424226808222062,0.9641249179840088,-1.456151008605957,1.9277442693710327
2260,Q6GWS9_wild,CC1C(C(=O)N1S(=O)(=O)O)NC(=O)C(=NOC(C)(C)C(=O)O)C2=CSC(=N2)N,1.5797835966168101,1.3297357559204102,-1.2867997884750366,1.8812063932418823
2261,Q6GWS9_wild,CC(C)(C(=O)O)ON=C(C1=CSC(=N1)N)C(=O)NC2C3N(C2=O)C(=C(CS3)C[N+]4=CC=CC=C4)C(=O)[O-],1.7481880270062005,1.0065934658050537,-1.0947120189666748,1.4647778272628784
2262,Q6GWS9_wild,CC(=O)OCC1=C(N2C(C(C2=O)NC(=O)C(=NOC)C3=CSC(=N3)N)SC1)C(=O)O,1.3222192947339193,1.512689471244812,-1.3558132648468018,1.9816566705703735
2263,Q93LJ5_wild,CC1(C(N2C(S1)C(C2=O)NC(=O)CC3=CC=CC=C3)C(=O)O)C,1.6989700043360187,1.5993527173995972,-1.7184906005859375,2.2909016609191895
2264,Q9S534_wild,CC1(C(N2C(S1)C(C2=O)NC(=O)CC3=CC=CC=C3)C(=O)O)C,2.3010299956639813,1.5870281457901,-1.6915837526321411,2.259408950805664
2265,P62593_wild,CC1(C(N2C(S1)C(C2=O)NC(=O)C(C3=CC=C(C=C3)O)N)C(=O)O)C,3.0791812460476247,1.7809337377548218,-1.7205291986465454,2.4432878494262695
2266,Q93LJ5_wild,CC1(C(N2C(S1)C(C2=O)NC(=O)C(C3=CC=C(C=C3)O)N)C(=O)O)C,1.6989700043360187,1.3819814920425415,-1.4971879720687866,1.9863543510437012
2267,Q9S534_wild,CC1(C(N2C(S1)C(C2=O)NC(=O)C(C3=CC=C(C=C3)O)N)C(=O)O)C,2.041392685158225,1.37380850315094,-1.473958134651184,1.9520121812820435
2268,P62593_wild,CC1(C(N2C(S1)C(C2=O)NC(=O)C(C3=CSC=C3)C(=O)O)C(=O)O)C,2.290034611362518,1.616111159324646,-1.9535431861877441,2.571159839630127
2269,Q93LJ5_wild,CC1(C(N2C(S1)C(C2=O)NC(=O)C(C3=CSC=C3)C(=O)O)C(=O)O)C,0.7781512503836436,1.2364805936813354,-1.7383443117141724,2.1080422401428223
2270,P62593_wild,CCN1CCN(C(=O)C1=O)C(=O)NC(C2=CC=CC=C2)C(=O)NC3C4N(C3=O)C(C(S4)(C)C)C(=O)O,3.105510184769974,1.4088906049728394,-1.8602079153060913,2.391587257385254
2271,Q93LJ5_wild,CCN1CCN(C(=O)C1=O)C(=O)NC(C2=CC=CC=C2)C(=O)NC3C4N(C3=O)C(C(S4)(C)C)C(=O)O,1.7403626894942439,1.0409268140792847,-1.6453649997711182,1.9081344604492188
2272,Q9S534_wild,CCN1CCN(C(=O)C1=O)C(=O)NC(C2=CC=CC=C2)C(=O)NC3C4N(C3=O)C(C(S4)(C)C)C(=O)O,2.5563025007672873,1.0246299505233765,-1.6166082620620728,1.8759139776229858
2273,Q93LJ5_wild,CC(=O)OCC1=C(N2C(C(C2=O)NC(=O)CC3=CC=CS3)SC1)C(=O)O,0.6989700043360189,1.5682553052902222,-1.0512096881866455,1.7588105201721191
2274,Q93LJ5_wild,C1C(=C(N2C(S1)C(C2=O)NC(=O)CC3=CC=CS3)C(=O)[O-])C[N+]4=CC=CC=C4,0.6989700043360189,1.429255485534668,-0.909625768661499,1.678213119506836
2275,P62593_wild,CON=C(C1=CC=CO1)C(=O)NC2C3N(C2=O)C(=C(CS3)COC(=O)N)C(=O)O,1.4471580313422192,0.9818165302276611,-1.4425510168075562,1.9484361410140991
2276,P62593_wild,CN1C(=NC(=O)C(=O)N1)SCC2=C(N3C(C(C3=O)NC(=O)C(=NOC)C4=CSC(=N4)N)SC2)C(=O)O,1.9084850188786497,1.396278738975525,-1.6649763584136963,2.1262285709381104
2277,P62593_wild,CC(=O)OCC1=C(N2C(C(C2=O)NC(=O)C(=NOC)C3=CSC(=N3)N)SC1)C(=O)O,2.305351369446624,1.5469204187393188,-1.341230869293213,2.0040626525878906
2278,P62593_wild,CC(C)(C(=O)O)ON=C(C1=CSC(=N1)N)C(=O)NC2C3N(C2=O)C(=C(CS3)C[N+]4=CC=CC=C4)C(=O)[O-],1.255272505103306,1.0371811389923096,-1.103670358657837,1.4968887567520142
2279,Q6GWS8_wild,CC1(C(N2C(S1)C(C2=O)NC(=O)CC3=CC=CC=C3)C(=O)O)C,2.1351326513767748,1.9649275541305542,-1.8767801523208618,2.6873905658721924
2280,Q6GWS8_wild,CC1(C(N2C(S1)C(C2=O)NC(=O)C(C3=CC=C(C=C3)O)N)C(=O)O)C,1.8325089127062364,1.7978321313858032,-1.6515474319458008,2.38496994972229
2281,Q6GWS8_wild,CC1(C(N2C(S1)C(C2=O)NC(=O)C(C3=CSC=C3)C(=O)O)C(=O)O)C,0.9822712330395684,1.623674750328064,-1.8910056352615356,2.5183396339416504
2282,Q6GWS8_wild,CCN1CCN(C(=O)C1=O)C(=O)NC(C2=CC=CC=C2)C(=O)NC3C4N(C3=O)C(C(S4)(C)C)C(=O)O,2.496929648073215,1.4318405389785767,-1.770273208618164,2.3332908153533936
2283,Q6GWS8_wild,CC(=O)OCC1=C(N2C(C(C2=O)NC(=O)CC3=CC=CS3)SC1)C(=O)O,0.6627578316815741,2.003896713256836,-1.165578842163086,2.1788017749786377
2284,Q6GWS8_wild,CON=C(C1=CC=CO1)C(=O)NC2C3N(C2=O)C(=C(CS3)COC(=O)N)C(=O)O,-0.22184874961635637,1.0023093223571777,-1.3767105340957642,1.8953263759613037
2285,Q6GWS8_wild,CC1C(C(=O)N1S(=O)(=O)O)NC(=O)C(=NOC(C)(C)C(=O)O)C2=CSC(=N2)N,-0.15490195998574322,1.3649564981460571,-1.229790449142456,1.840649962425232
2286,Q6GWS8_wild,CC(C)(C(=O)O)ON=C(C1=CSC(=N1)N)C(=O)NC2C3N(C2=O)C(=C(CS3)C[N+]4=CC=CC=C4)C(=O)[O-],0.568201724066995,1.0456037521362305,-1.0203315019607544,1.4299951791763306
2287,Q6GWS8_wild,CC(=O)OCC1=C(N2C(C(C2=O)NC(=O)C(=NOC)C3=CSC(=N3)N)SC1)C(=O)O,-0.09691001300805639,1.5572258234024048,-1.274613857269287,1.941445231437683
2288,P0AD64_wild,CC1(C(N2C(S1)C(C2=O)NC(=O)C(C3=CC=CC=C3)N)C(=O)O)C,3.568201724066995,1.6962206363677979,-1.525177240371704,2.25089693069458
2289,P0AD64_wild,C1C(=C(N2C(S1)C(C2=O)NC(=O)CC3=CC=CS3)C(=O)O)C=CC4=C(C=C(C=C4)[N+](=O)[O-])[N+](=O)[O-],2.462397997898956,1.987679123878479,-1.2846829891204834,2.2210805416107178
2290,P62593_wild,CC(=O)OCC1=C(N2C(C(C2=O)NC(=O)CCCC(C(=O)O)N)SC1)C(=O)O,1.5185139398778875,1.7362953424453735,-0.8842649459838867,2.028022289276123
2291,Q6SJ61_wild,CC1C(C(=O)N1S(=O)(=O)O)NC(=O)C(=NOC(C)(C)C(=O)O)C2=CSC(=N2)N,0.0,1.3474587202072144,-1.2814257144927979,1.896712064743042
2292,P0AD64_wild,CC(=O)OCC1=C(N2C(C(C2=O)NC(=O)CC3=CC=CS3)SC1)C(=O)O,1.3979400086720377,2.0689449310302734,-1.0683460235595703,2.1890149116516113
2293,Q6SJ61_wild,C1C(=C(N2C(S1)C(C2=O)NC(=O)CCCC(C(=O)O)N)C(=O)O)CO,1.0413926851582251,1.5156501531600952,-1.1654390096664429,2.1117725372314453
2294,Q6SJ61_wild,CC1=NN=C(S1)SCC2=C(N3C(C(C3=O)NC(=O)CN4C=NN=N4)SC2)C(=O)O,2.146128035678238,1.7192176580429077,-1.0502742528915405,1.9489511251449585
2295,Q6SJ61_wild,CC1=C(N2C(C(C2=O)NC(=O)C(C3=CC=CC=C3)N)SC1)C(=O)O,1.1760912590556813,1.8349852561950684,-1.1206508874893188,2.226424217224121
2296,Q6SJ61_wild,C1C(=C(N2C(S1)C(C2=O)NC(=O)CC3=CC=CS3)C(=O)O)C=CC4=C(C=C(C=C4)[N+](=O)[O-])[N+](=O)[O-],2.929418925714293,1.9557782411575317,-1.5696216821670532,2.3495335578918457
2297,Q6SJ61_wild,CC1(C(N2C(S1)C(C2=O)NC(=O)COC3=CC=CC=C3)C(=O)O)C,2.6127838567197355,1.7157844305038452,-1.7553406953811646,2.4697346687316895
2298,Q9F0F5_wild,CC1(C(N2C(S1)C(C2=O)NC(=O)CC3=CC=CC=C3)C(=O)O)C,1.5910646070264993,1.8727885484695435,-2.0147652626037598,2.692173480987549
2299,Q9F0F5_wild,CC1(C(N2C(S1)C(C2=O)NC(=O)C(C3=CC=CC=C3)N)C(=O)O)C,1.255272505103306,1.7022974491119385,-1.8093255758285522,2.425165891647339
2300,Q9F0F5_wild,CC1(C(N2C(S1)C(C2=O)NC(=O)C(C3=CC=CC=C3)C(=O)O)C(=O)O)C,0.8260748027008264,1.6027745008468628,-2.1466267108917236,2.571735143661499
2301,Q9F0F5_wild,CCN1CCN(C(=O)C1=O)C(=O)NC(C2=CC=CC=C2)C(=O)NC3C4N(C3=O)C(C(S4)(C)C)C(=O)O,1.845098040014257,1.3443361520767212,-1.9221899509429932,2.3514037132263184
2302,Q9F0F5_wild,CC1=NN=C(S1)SCC2=C(N3C(C(C3=O)NC(=O)CN4C=NN=N4)SC2)C(=O)O,1.1139433523068367,1.6368645429611206,-1.0707558393478394,1.8829492330551147
2303,Q9F0F5_wild,C1C(=C(N2C(S1)C(C2=O)NC(=O)CC3=CC=CS3)C(=O)O)C=CC4=C(C=C(C=C4)[N+](=O)[O-])[N+](=O)[O-],1.4913616938342726,1.8809270858764648,-1.6093528270721436,2.2624258995056152
2304,Q9F0F5_wild,CC(=O)OCC1=C(N2C(C(C2=O)NC(=O)C(=NOC)C3=CSC(=N3)N)SC1)C(=O)O,0.3424226808222063,1.453466773033142,-1.4138462543487549,1.9640483856201172
2305,Q9F0F5_wild,CC(C)(C(=O)O)ON=C(C1=CSC(=N1)N)C(=O)NC2C3N(C2=O)C(=C(CS3)C[N+]4=CC=CC=C4)C(=O)[O-],1.3617278360175928,0.9550935626029968,-1.1448293924331665,1.4332091808319092
2306,Q9F0F5_wild,C[N+]1(CCCC1)CC2=C(N3C(C(C3=O)NC(=O)C(=NOC)C4=CSC(=N4)N)SC2)C(=O)[O-],0.6434526764861874,1.2462677955627441,-1.2485253810882568,1.7791308164596558
2307,Q9F0F5_wild,CC1C(C(=O)N1S(=O)(=O)O)NC(=O)C(=NOC(C)(C)C(=O)O)C2=CSC(=N2)N,0.724275869600789,1.2681034803390503,-1.3403172492980957,1.8654847145080566
2308,O68473_wild,C1=C(N=C(S1)N)C(=NOCC(=O)O)C(=O)NC2C(N(C2=O)S(=O)(=O)O)COC(=O)N,-0.6989700043360187,1.1202280521392822,-1.540164589881897,1.6737196445465088
2309,O68473_wild,CC1C(C(=O)N1S(=O)(=O)O)NC(=O)C(=NOC(C)(C)C(=O)O)C2=CSC(=N2)N,0.9542425094393249,1.1932538747787476,-1.2551325559616089,1.8353811502456665
2310,O68473_wild,C1C(=C(N2C(S1)C(C2=O)NC(=O)CC3=CC=CS3)C(=O)O)C=CC4=C(C=C(C=C4)[N+](=O)[O-])[N+](=O)[O-],0.6989700043360189,1.8026010990142822,-1.483993649482727,2.205305576324463
2311,O68473_wild,CC(C)(C(=O)O)ON=C(C1=CSC(=N1)N)C(=O)NC2C3N(C2=O)C(=C(CS3)C[N+]4=CC=CC=C4)C(=O)[O-],1.0791812460476249,0.8797013759613037,-1.0543651580810547,1.3812730312347412
2312,O68473_wild,CC(=O)OCC1=C(N2C(C(C2=O)NC(=O)C(=NOC)C3=CSC(=N3)N)SC1)C(=O)O,0.17609125905568124,1.3992727994918823,-1.3083603382110596,1.9016903638839722
2313,O68473_wild,CON=C(C1=CC=CO1)C(=O)NC2C3N(C2=O)C(=C(CS3)COC(=O)N)C(=O)O,0.568201724066995,0.8625275492668152,-1.4165862798690796,1.8608907461166382
2314,O68473_wild,CC(=O)OCC1=C(N2C(C(C2=O)NC(=O)CC3=CC=CS3)SC1)C(=O)O,0.47712125471966244,1.8480089902877808,-1.1972655057907104,2.1245875358581543
2315,O68473_wild,C1C(=C(N2C(S1)C(C2=O)NC(=O)CC3=CC=CS3)C(=O)[O-])C[N+]4=CC=CC=C4,1.1760912590556813,1.6615731716156006,-1.0252776145935059,2.02156925201416
2316,O68473_wild,CC1(C(N2C(S1)C(C2=O)NC(=O)C(C3=CC=C(C=C3)O)N)C(=O)O)C,1.146128035678238,1.6499735116958618,-1.6552637815475464,2.364492893218994
2317,O68473_wild,CCN1CCN(C(=O)C1=O)C(=O)NC(C2=CC=CC=C2)C(=O)NC3C4N(C3=O)C(C(S4)(C)C)C(=O)O,0.9444826721501687,1.2685908079147339,-1.8028088808059692,2.3156423568725586
2318,O68473_wild,CC1(C(N2C(S1)C(C2=O)NC(=O)C(C3=CC=CC=C3)N)C(=O)O)C,1.255272505103306,1.6557178497314453,-1.6898666620254517,2.407350540161133
2319,O68473_wild,CC1(C(N2C(S1)C(C2=O)NC(=O)C(C3=CC=CC=C3)C(=O)O)C(=O)O)C,1.0,1.5422508716583252,-2.0342822074890137,2.547858238220215
2320,O68473_wild,CC1(C(N2C(S1)C(C2=O)NC(=O)CC3=CC=CC=C3)C(=O)O)C,1.414973347970818,1.8232804536819458,-1.894186019897461,2.6664769649505615
2321,Q9YBL2_wild,[S-2],2.305351369446624,1.717241883277893,-0.093840092420578,0.8821043968200684
2322,Q9YBL2_wild,[O-]S(=O)(=S)[O-],1.3802112417116061,1.29503333568573,-0.29107701778411865,0.6708186864852905
2323,P23917_wild,C(C1C(C(C(C(O1)O)O)O)O)O,1.0791812460476249,1.2721381187438965,0.0662241280078888,0.4612654149532318
2324,P23917_wild,C1=NC(=C2C(=N1)N(C=N2)C3C(C(C(O3)COP(=O)(O)OP(=O)(O)OP(=O)(O)O)O)O)N,1.146128035678238,0.9882225394248962,-0.5628886222839355,1.1672956943511963
2325,P23917_wild,C1C(C(C(C(O1)(CO)O)O)O)O,1.146128035678238,1.2529658079147339,0.5174374580383301,0.4107086956501007
2326,P24329_wild,[O-]S(=O)(=S)[O-],2.884606600180299,0.8889321684837341,0.9534485340118408,0.2616174817085266
2327,P97532_wild,[O-]S(=O)(=S)[O-],0.9700367611120393,1.4951566457748413,0.8969604969024658,0.4788224995136261
2328,P9WNV1_wild,C1=CC(=C[N+](=C1)C2C(C(C(O2)COP(=O)([O-])OP(=O)(O)OCC3C(C(C(O3)N4C=NC5=C(N=CN=C54)N)O)O)O)O)C(=O)N,-1.1446827746043142,-0.10762899369001389,-0.7902499437332153,1.5014828443527222
2329,P0A9S5_wild,C(C(=O)CO)O,1.235528446907549,0.3218306005001068,0.18715964257717133,0.7128732204437256
2330,P0A9S5_wild,C(C=O)O,1.5010592622177514,0.9633150696754456,0.7594344615936279,0.6054469347000122
2331,P0A9S5_wild,CC(=O)C=O,0.785329835010767,0.36130937933921814,0.5716660022735596,0.5094131827354431
2332,P0A9S5_wild,C(C(CO)O)O,1.7269987007928564,0.3293991982936859,1.0221613645553589,-0.20063745975494385
2333,P00934_wild,C(COP(=O)(O)O)C(C(=O)O)N,0.865301406361885,0.40336260199546814,-0.49657565355300903,1.155083179473877
2334,P00934_wild,C(C(C(=O)O)N)O,-1.1060534109285427,0.6912030577659607,0.7558866739273071,0.2011134773492813
2335,P30184_wild,C(C(C(=O)NCC(=O)O)N)S,2.030464920001215,1.993707299232483,-0.54850172996521,1.670705795288086
2336,P30184_wild,CC(C)CC(C(=O)O)NC(=O)C(CS)N,1.3576172006443814,2.14300274848938,-0.3533906042575836,1.7083830833435059
2337,P30184_wild,CC(C)CC(C(=O)NC(CS)C(=O)O)N,1.5938396610812713,1.869028925895691,-0.21710969507694244,1.6555131673812866
2338,Q10712_wild,CC(C)CC(C(=O)NCC(=O)O)N,2.3813858660133773,2.0908102989196777,-0.09928721189498901,1.4176433086395264
2339,Q10712_wild,CC(C)CC(C(=O)O)NC(=O)CN,1.932896336588059,2.010451078414917,0.04389461874961853,1.1568747758865356
2340,Q10712_wild,CC(C)CC(C(=O)O)NC(=O)C(CCCN=C(N)N)N,2.509202522331103,1.8354976177215576,-0.3163972496986389,1.3413996696472168
2341,Q10712_wild,CC(C)CC(C(=O)NC(CC(C)C)C(=O)O)N,2.7595041414677404,1.9271726608276367,-0.01344287395477295,1.428166151046753
2342,Q10712_wild,C(C(=O)NCC(=O)O)N,2.257758468107117,1.9284824132919312,0.10320057719945908,1.315967321395874
2343,Q10712_wild,C(CC(C(=O)NCC(=O)O)N)CN=C(N)N,2.352921733420204,2.0590572357177734,-0.395431786775589,1.5066956281661987
2344,Q10712_wild,C1=CC=C(C=C1)CC(C(=O)O)NC(=O)CNC(=O)C(CCCN=C(N)N)N,2.0052521737635898,1.6782985925674438,-0.8209915161132812,1.3698277473449707
2345,Q10712_wild,C(CC(C(=O)NCC(=O)NC(CC(=O)O)C(=O)O)N)CN=C(N)N,1.799455449951358,1.774863600730896,-0.710046648979187,1.567344307899475
2346,Q10712_wild,CC(C)CC(C(=O)NCC(=O)NCC(=O)O)N,2.3666718813774907,2.2177186012268066,-0.17690834403038025,1.4235894680023193
2347,A7UX13_wild,C[N+](C)(C)C(CC1=CN=C(N1)S(=O)CC(C(=O)O)N)C(=O)O,1.0571588773978733,0.29418066143989563,-0.332684725522995,0.7244144082069397
2348,Q6M6E7_wild,C(C1C(C(C(O1)(COP(=O)(O)[O-])O)O)O)OP(=O)(O)[O-],0.505149978319906,0.4116296172142029,-1.2852996587753296,1.6550543308258057
2349,P9WHG9_wild,C1=NC2=C(N1C3C(C(C(O3)COP(=O)(O)OP(=O)(O)OP(=O)(O)O)OP(=O)(O)OP(=O)(O)O)O)N=C(NC2=O)N,0.4638929889859073,-1.0113956928253174,-1.0710453987121582,1.0564861297607422
2350,P9WHG9_wild,C1=NC2=C(N1C3C(C(C(O3)COP(=O)(O)OP(=O)(O)O)OP(=O)(O)OP(=O)(O)O)O)N=C(NC2=O)N,0.4742162640762553,-0.9554532766342163,-0.945122480392456,0.9812101721763611
2351,P16083_wild,CC1=CC(=O)C2=CC=CC=C2C1=O,2.9334872878487053,0.32030293345451355,-1.873350739479065,2.6428439617156982
2352,P16083_wild,C1=CC(=O)C=CC1=NC2=CC(=C(C(=C2)Cl)O)Cl,1.6690068119796089,-0.23602581024169922,-1.8218187093734741,2.173567295074463
2353,P16083_wild,C1C=CN(C=C1C(=O)N)C2C(C(C(O2)CO)O)O,1.6690068119796089,0.44002270698547363,-0.7093958854675293,1.621462345123291
2354,P16083_wild,C1C=CN(C=C1C(=O)N)C2C(C(C(O2)COP(=O)(O)OP(=O)(O)OCC3C(C(C(O3)N4C=NC5=C(N=CN=C54)N)O)O)O)O,0.414973347970818,0.3586580157279968,-0.9850647449493408,1.8116220235824585
2355,P16083_wild,CN(C)C1=CC=C(C=C1)N=NC2=CC=CC=C2C(=O)O,0.5835765478692101,0.2927606403827667,-1.7491168975830078,2.027406692504883
2356,P16083_wild,C1CN1C2=C(C=C(C(=C2)C(=O)N)[N+](=O)[O-])[N+](=O)[O-],0.7781512503836436,0.2565300464630127,-0.36181455850601196,1.2178797721862793
2357,P16083_wild,CC1=C(SC(=N1)[N+]2=NC(=NN2C3=CC=CC=C3)C4=CC=CC=C4)C.[Br-],1.0413926851582251,0.12843407690525055,-1.4272063970565796,1.9049317836761475
2358,Q9X034_wild,C1=NC(=C2C(=N1)N(C=N2)C3C(C(C(O3)CSCCC(C(=O)O)N)O)O)N,1.0863598306747482,0.4949466288089752,-0.6277041435241699,1.22271728515625
2359,O07529_wild,C1C=CN(C=C1C(=O)N)C2C(C(C(O2)COP(=O)(O)OP(=O)(O)OCC3C(C(C(O3)N4C=NC5=C(N=CN=C54)N)OP(=O)(O)O)O)O)O,1.7781512503836436,0.8556295037269592,-0.7457582950592041,1.8016130924224854
2360,O07529_wild,C1C=CN(C=C1C(=O)N)C2C(C(C(O2)COP(=O)(O)OP(=O)(O)OCC3C(C(C(O3)N4C=NC5=C(N=CN=C54)N)O)O)O)O,-0.15490195998574322,0.9853803515434265,-0.6530163288116455,1.6850225925445557
2361,O07529_wild,CC1=CC2=C(C=C1C)N(C3=NC(=O)NC(=O)C3=N2)CC(C(C(COP(=O)(O)O)O)O)O,1.7781512503836436,0.3468494713306427,-1.6348696947097778,1.7980190515518188
2362,P46309_wild,C(C(C(=O)O)N)S,-1.1249387366083,0.1446995884180069,-0.5972017049789429,1.188661813735962
2363,P46309_wild,C(CC(=O)O)C(C(=O)O)N,-0.9928212729812665,0.43275657296180725,0.3247033953666687,0.7889429330825806
2364,P46309_wild,C1=NC(=C2C(=N1)N(C=N2)C3C(C(C(O3)COP(=O)(O)OP(=O)(O)OP(=O)(O)O)O)O)N,-0.9456424654110973,0.5400736331939697,-0.7512900829315186,1.1587133407592773
2365,P26392_wild,C1C=CN(C=C1C(=O)N)C2C(C(C(O2)COP(=O)(O)OP(=O)(O)OCC3C(C(C(O3)N4C=NC5=C(N=CN=C54)N)OP(=O)(O)O)O)O)O,1.462397997898956,0.8666648268699646,-2.017653465270996,2.3153929710388184
2366,P26392_wild,C1C=CN(C=C1C(=O)N)C2C(C(C(O2)COP(=O)(O)OP(=O)(O)OCC3C(C(C(O3)N4C=NC5=C(N=CN=C54)N)O)O)O)O,1.7242758696007892,0.9379289150238037,-1.5783764123916626,1.9906944036483765
2367,P26392_wild,CC1C(=O)C(C(C(O1)OP(=O)(O)OP(=O)(O)OCC2C(CC(O2)N3C=C(C(=O)NC3=O)C)O)O)O,1.7242758696007892,0.5192821621894836,-1.3703926801681519,1.5689013004302979
2368,A5U654_wild,C1=NC(=C2C(=N1)N(C=N2)C3C(C(C(O3)COP(=O)(O)OP(=O)(O)OP(=O)(O)O)O)O)N,2.0644579892269186,0.8228126168251038,-0.8160027265548706,1.3206264972686768
2369,A5U654_wild,C1=NC2=C(N1C3C(C(C(O3)COP(=O)(O)OP(=O)(O)OP(=O)(O)O)O)O)N=C(NC2=O)N,1.7769431739999961,0.5386304259300232,-0.6621888875961304,1.174057960510254
2370,A5U654_wild,C1C(C(OC1N2C=NC3=C(N=CN=C32)N)COP(=O)(O)OP(=O)(O)OP(=O)(O)O)O,1.7888751157754168,0.5722882151603699,-0.5878993272781372,1.1451352834701538
2371,A5U654_wild,C1=CN(C(=O)NC1=O)C2C(C(C(O2)COP(=O)(O)OP(=O)(O)OP(=O)(O)O)O)O,1.5662409839987972,0.8176418542861938,-0.5618609189987183,0.9646615386009216
2372,A5U654_wild,C1=CN(C(=O)N=C1N)C2C(C(C(O2)COP(=O)(O)OP(=O)(O)OP(=O)(O)O)O)O,1.271066849839117,0.739146888256073,-0.5535982847213745,0.9356846809387207
2373,A5U654_wild,C(C1C(C(C(C(O1)O)O)O)O)O,2.3180633349627615,1.1841593980789185,-0.6210347414016724,1.0262006521224976
2374,Q9YBL2_wild,C(C(C(=O)O)N)O,-0.15490195998574322,0.9806187748908997,0.2975641191005707,0.30953389406204224
2375,Q9YBL2_wild,C(CS)C(C(=O)O)N,-0.15490195998574322,0.6458672881126404,-0.25836485624313354,0.755607008934021
2376,P06999_wild,C1=NC(=C2C(=N1)N(C=N2)C3C(C(C(O3)COP(=O)(O)OP(=O)(O)OP(=O)(O)O)O)O)N,1.7853298350107671,0.2868961989879608,-0.5105772614479065,1.0775477886199951
2377,P24329_wild,C(C(=O)C(=O)O)S,1.3979400086720377,0.644535481929779,0.37050509452819824,0.827109158039093
2378,P97532_wild,C(C(=O)C(=O)O)S,3.8239087626590424,1.3036006689071655,0.33268895745277405,1.1346726417541504
2379,O25046_wild,C1=NC2=NC=NC(=C2N1)N,-2.106053410928543,1.0514785051345825,-0.7968717813491821,0.5608555674552917
2380,Q9ZSD6_wild,C(C(C(=O)O)N)C(=O)N,-0.494850021680094,1.052947998046875,0.26013684272766113,0.8738018274307251
2381,P50287_wild,C(C(C(=O)O)N)C(=O)N,0.5118833609788744,0.998013436794281,0.4297676682472229,0.727861762046814
2382,Q5M886_wild,[Mn+2],1.250420002308894,1.5624841451644897,-1.3603988885879517,2.328274726867676
2383,E3I1D3_wild,C1=CC(=C[N+](=C1)C2C(C(C(O2)COP(=O)(O)OP(=O)(O)OCC3C(C(C(O3)N4C=NC5=C(N=CN=C54)N)OP(=O)(O)O)O)O)O)C(=O)N,1.6115462624134882,0.845220685005188,-0.9821765422821045,2.1291704177856445
2384,E3I1D3_wild,C(C(C(C(=O)O)O)C(=O)O)C(=O)O,1.6115462624134882,1.3785604238510132,-0.8054758310317993,2.0469956398010254
2385,C7AE94_wild,C1=CC(=C(C=C1C2=[O+]C3=CC(=CC(=C3C=C2OC4C(C(C(C(O4)CO)O)O)O)O)O)O)O.[Cl-],0.377032909310364,-0.7083268165588379,-1.0416735410690308,1.063778042793274
2386,C7AE94_wild,C1=C(C=C(C(=C1O)O)O)C2=[O+]C3=CC(=CC(=C3C=C2OC4C(C(C(C(O4)CO)O)O)O)O)O,-0.9281179926938746,-0.6931548714637756,-1.1940479278564453,0.607090413570404
2387,C7AE94_wild,C1=CC(=C(C=C1C2=C(C(=O)C3=C(C=C(C=C3O2)O)O)OC4C(C(C(C(O4)CO)O)O)O)O)O,-0.04691715608791384,-0.4686272442340851,-1.486960530281067,1.1264591217041016
2388,C7AE94_wild,C1=CC(=C(C=C1C2=[O+]C3=CC(=CC(=C3C=C2O)O)O)O)O,-1.0757207139381184,-0.7836736440658569,-1.457497000694275,0.7395251989364624
2389,C7AE94_wild,C1=CC(=C(C=C1C2=C(C(=O)C3=C(C=C(C=C3O2)O)O)O)O)O,-0.9507819773298184,-0.4507550001144409,-1.754820704460144,1.2582911252975464
2390,C7AE94_wild,C1=C(C=C(C(=C1O)O)O)C2=C(C(=O)C3=C(C=C(C=C3O2)O)O)O,-0.8927900303521317,-0.510549008846283,-1.4997048377990723,0.8338512182235718
2391,Q9WZY5_wild,C1=NC(=C2C(=N1)N(C=N2)C3C(C(C(O3)COP(=O)(O)OP(=O)(O)OP(=O)(O)O)O)O)N,-0.5376020021010439,0.39790308475494385,-0.28109872341156006,0.5497434735298157
2392,Q9WZY5_wild,CC(C)(CO)C(C(=O)NCCC(=O)O)O,-0.5376020021010439,0.6390860676765442,-1.016937494277954,0.8433550596237183
2393,P73911_wild,OO,3.5440680443502757,2.9639840126037598,0.42255356907844543,1.7339051961898804
2394,P73911_N153A,OO,2.3010299956639813,2.945882558822632,0.43025368452072144,1.7177753448486328
2395,P73911_N153D,OO,2.7634279935629373,2.9229865074157715,0.4643544554710388,1.6829593181610107
2396,P73911_M275I,OO,1.3010299956639813,2.9553656578063965,0.4353052079677582,1.717362403869629
2397,P73911_R439A,OO,2.230448921378274,2.963052749633789,0.4057917296886444,1.7511972188949585
2398,P73911_R439N,OO,2.041392685158225,2.9701578617095947,0.41183578968048096,1.7491791248321533
2399,P73911_Y249F,OO,0.7781512503836436,2.961799144744873,0.4200294315814972,1.7309479713439941
2400,Q939D2_wild,C1C=CN(C=C1C(=O)N)C2C(C(C(O2)COP(=O)(O)OP(=O)(O)OCC3C(C(C(O3)N4C=NC5=C(N=CN=C54)N)O)O)O)O,-2.0457574905606752,1.7853164672851562,-0.9499555826187134,2.0831751823425293
2401,Q2I8V6_wild,C1C=CN(C=C1C(=O)N)C2C(C(C(O2)COP(=O)(O)OP(=O)(O)OCC3C(C(C(O3)N4C=NC5=C(N=CN=C54)N)OP(=O)(O)O)O)O)O,2.4574276929464847,1.2873669862747192,-0.8898457288742065,2.1988525390625
2402,Q8PS97_wild,C(CC(C(=O)O)N)CN,0.8061799739838872,0.18992361426353455,-0.05133011192083359,0.5182442665100098
2403,Q9HVQ3_wild,C(CC(C(=O)O)N)CN,1.0791812460476249,0.49418526887893677,-0.18735486268997192,0.9302419424057007
2404,A0A0R4J8C9_wild,C(CC(C(=O)O)N)CN,0.8976270912904415,0.5647385716438293,-0.09045810252428055,0.8155744075775146
2405,Q9X2I6_wild,C(CC(C(=O)O)N)CN,1.9777236052888478,0.2131989300251007,0.2577756345272064,0.33139219880104065
2406,P41256_wild,C1=CC(=CC=C1CC(C(=O)O)N)O,0.8864907251724818,-0.11975830048322678,-1.1034725904464722,1.4624640941619873
2407,P41256_wild,C1=NC(=C2C(=N1)N(C=N2)C3C(C(C(O3)COP(=O)(O)OP(=O)(O)OP(=O)(O)O)O)O)N,0.8864907251724818,-0.20845448970794678,-1.0979548692703247,1.3638296127319336
2408,Q93IG4_wild,C1C(C(OC1N2C=NC3=C2N=C(NC3=O)N)CO)O,-0.21467016498923297,-0.14419075846672058,-1.1741889715194702,1.2506287097930908
2409,Q836J0_wild,C(CC(=O)O)C(C(=O)O)N,1.3979400086720377,0.5076202750205994,0.15864692628383636,0.3917863965034485
2410,Q03469_D10N,C(CC(=O)O)C(C(=O)O)N,-1.1674910872937636,1.1420384645462036,0.1171402782201767,0.6554417610168457
2411,Q03469_D36N,C(CC(=O)O)C(C(=O)O)N,1.3424226808222062,1.130578875541687,0.10323372483253479,0.6470752358436584
2412,Q03469_E152Q,C(CC(=O)O)C(C(=O)O)N,1.5797835966168101,1.1577895879745483,0.12395404279232025,0.6706923246383667
2413,Q03469_H186N,C(CC(=O)O)C(C(=O)O)N,-1.031517051446065,0.8937740921974182,0.24953576922416687,0.3600504398345947
2414,Q03469_wild,C(CC(=O)O)C(C(=O)O)N,1.8808135922807914,1.1673921346664429,0.11187370121479034,0.6729493737220764
2415,Q81LA8_V149A,C(CC(=O)O)C(C(=O)O)N,1.8260748027008264,0.04016609489917755,0.46086397767066956,0.05173894762992859
2416,P51541_wild,C(CC(C(=O)O)N)CN=C(N)NP(=O)(O)O,2.255272505103306,1.149972915649414,-0.24810132384300232,1.4499729871749878
2417,P51541_wild,C1=NC(=C2C(=N1)N(C=N2)C3C(C(C(O3)COP(=O)(O)OP(=O)(O)O)O)O)N,2.255272505103306,1.2585352659225464,-0.8980227708816528,2.3181564807891846
2418,P51541_S63H/G64P,C1=NC(=C2C(=N1)N(C=N2)C3C(C(C(O3)COP(=O)(O)OP(=O)(O)O)O)O)N,1.4471580313422192,1.17412269115448,-0.8352338075637817,2.214510917663574
2419,P51541_S63H/G64P,C(CC(C(=O)O)N)CN=C(N)NP(=O)(O)O,1.4471580313422192,1.0716363191604614,-0.13140341639518738,1.3375439643859863
2420,P51541_E59D,C(CC(C(=O)O)N)CN=C(N)NP(=O)(O)O,1.505149978319906,1.149067759513855,-0.2423897683620453,1.4469242095947266
2421,P51541_E59D,C1=NC(=C2C(=N1)N(C=N2)C3C(C(C(O3)COP(=O)(O)OP(=O)(O)O)O)O)N,1.505149978319906,1.2591235637664795,-0.8977049589157104,2.317074775695801
2422,P51541_E59N,C(CC(C(=O)O)N)CN=C(N)NP(=O)(O)O,1.0969100130080565,1.1714128255844116,-0.2578704059123993,1.4875514507293701
2423,P51541_E59N,C1=NC(=C2C(=N1)N(C=N2)C3C(C(C(O3)COP(=O)(O)OP(=O)(O)O)O)O)N,1.0969100130080565,1.280985951423645,-0.9106336832046509,2.3511929512023926
2424,P51541_K16G,C1=NC(=C2C(=N1)N(C=N2)C3C(C(C(O3)COP(=O)(O)OP(=O)(O)O)O)O)N,0.3010299956639812,1.2884036302566528,-0.9153697490692139,2.3207788467407227
2425,P51541_K16G,C(CC(C(=O)O)N)CN=C(N)NP(=O)(O)O,0.3010299956639812,1.1717609167099,-0.27224162220954895,1.4483083486557007
2426,P51541_L61P,C1=NC(=C2C(=N1)N(C=N2)C3C(C(C(O3)COP(=O)(O)OP(=O)(O)O)O)O)N,1.8920946026904804,1.2501510381698608,-0.9025789499282837,2.3105149269104004
2427,P51541_L61P,C(CC(C(=O)O)N)CN=C(N)NP(=O)(O)O,1.8920946026904804,1.1451499462127686,-0.23242369294166565,1.431260585784912
2428,P51541_D62G,C1=NC(=C2C(=N1)N(C=N2)C3C(C(C(O3)COP(=O)(O)OP(=O)(O)O)O)O)N,1.6127838567197355,1.226333498954773,-0.9130797386169434,2.3059263229370117
2429,P51541_D62G,C(CC(C(=O)O)N)CN=C(N)NP(=O)(O)O,1.6127838567197355,1.124356985092163,-0.24889639019966125,1.4396030902862549
2430,P51541_Y68S,C1=NC(=C2C(=N1)N(C=N2)C3C(C(C(O3)COP(=O)(O)OP(=O)(O)O)O)O)N,1.255272505103306,1.1402854919433594,-0.8517894744873047,2.20668888092041
2431,P51541_Y68S,C(CC(C(=O)O)N)CN=C(N)NP(=O)(O)O,1.255272505103306,1.0367040634155273,-0.1947537362575531,1.3345441818237305
2432,P51541_R312G/E314V/H315D/E317A/E319V,C(CC(C(=O)O)N)CN=C(N)NP(=O)(O)O,2.0644579892269186,1.1811021566390991,-0.252556174993515,1.4818520545959473
2433,P51541_R312G/E314V/H315D/E317A/E319V,C1=NC(=C2C(=N1)N(C=N2)C3C(C(C(O3)COP(=O)(O)OP(=O)(O)O)O)O)N,2.0644579892269186,1.289990782737732,-0.8830702304840088,2.3389368057250977
2434,Q9RND4_wild,C(CC(C(=O)O)N)CN=C(N)N,1.462397997898956,0.6526081562042236,0.27674511075019836,0.9945381879806519
2435,O52582_wild,C1C=CN(C=C1C(=O)N)C2C(C(C(O2)COP(=O)(O)OP(=O)(O)OCC3C(C(C(O3)N4C=NC5=C(N=CN=C54)N)OP(=O)(O)O)O)O)O,3.0086001717619175,0.727864682674408,-1.3670744895935059,2.7093417644500732
2436,O52582_wild,CC(C)(COP(=O)(O)OP(=O)(O)OCC1C(C(C(O1)N2C=NC3=C(N=CN=C32)N)O)OP(=O)(O)O)C(C(=O)NCCC(=O)NCCSSCCNC(=O)CCNC(=O)C(C(C)(C)COP(=O)(O)OP(=O)(O)OCC4C(C(C(O4)N5C=NC6=C(N=CN=C65)N)O)OP(=O)(O)O)O)O,3.0,0.6863821148872375,-1.1688058376312256,2.410891056060791
2437,O52582_wild,CC(C)(COP(=O)(O)OP(=O)(O)OCC1C(C(C(O1)N2C=NC3=C(N=CN=C32)N)O)OP(=O)(O)O)C(C(=O)NCCC(=O)NCCSSCC(C(=O)NCC(=O)O)NC(=O)CCC(C(=O)O)N)O,2.9030899869919438,0.7464151382446289,-1.1402045488357544,2.2354395389556885
2438,P70619_wild,C1C=CN(C=C1C(=O)N)C2C(C(C(O2)COP(=O)(O)OP(=O)(O)OCC3C(C(C(O3)N4C=NC5=C(N=CN=C54)N)OP(=O)(O)O)O)O)O,2.392110523699753,1.45291268825531,-1.3101893663406372,2.7192764282226562
2439,P06715_wild,C1C=CN(C=C1C(=O)N)C2C(C(C(O2)COP(=O)(O)OP(=O)(O)OCC3C(C(C(O3)N4C=NC5=C(N=CN=C54)N)OP(=O)(O)O)O)O)O,1.7781512503836436,1.407307744026184,-1.365324854850769,2.60945200920105
2440,P06715_wild,C1=CC(=C[N+](=C1)C2C(C(C(O2)COP(=O)(O)OP(=O)(O)OCC3C(C(C(O3)N4C=NC5=C(N=CN=C54)N)OP(=O)(O)O)O)O)O)C(=O)N,1.6989700043360187,1.1789788007736206,-0.7190577983856201,1.7848546504974365
2441,P06715_wild,C(CC(=O)NC(CS)C(=O)NCC(=O)O)C(C(=O)O)N,1.6989700043360187,1.7321373224258423,-0.056095510721206665,1.4672322273254395
2442,P06715_Y177F,C1C=CN(C=C1C(=O)N)C2C(C(C(O2)COP(=O)(O)OP(=O)(O)OCC3C(C(C(O3)N4C=NC5=C(N=CN=C54)N)OP(=O)(O)O)O)O)O,2.713210471469627,1.4022711515426636,-1.359502911567688,2.613136053085327
2443,P06715_Y177F,C1=CC(=C[N+](=C1)C2C(C(C(O2)COP(=O)(O)OP(=O)(O)OCC3C(C(C(O3)N4C=NC5=C(N=CN=C54)N)OP(=O)(O)O)O)O)O)C(=O)N,1.367976723252521,1.1737549304962158,-0.7093507051467896,1.7881464958190918
2444,P06715_Y177F,C(CC(=O)NC(CS)C(=O)NCC(=O)O)C(C(=O)O)N,1.367976723252521,1.7266855239868164,-0.055184975266456604,1.4743316173553467
2445,P06715_Y177G,C1C=CN(C=C1C(=O)N)C2C(C(C(O2)COP(=O)(O)OP(=O)(O)OCC3C(C(C(O3)N4C=NC5=C(N=CN=C54)N)OP(=O)(O)O)O)O)O,0.669006811979609,1.232833743095398,-1.228116750717163,2.3879952430725098
2446,P06715_Y177S,C1C=CN(C=C1C(=O)N)C2C(C(C(O2)COP(=O)(O)OP(=O)(O)OCC3C(C(C(O3)N4C=NC5=C(N=CN=C54)N)OP(=O)(O)O)O)O)O,2.1356627079255435,1.2646862268447876,-1.2538973093032837,2.4449715614318848
2447,P07623_wild,C(COC(=O)CCC(=O)O)C(C(=O)O)N,0.7185016888672743,0.3363913893699646,0.10398516058921814,0.7126176357269287
2448,P07623_wild,CC(C)(COP(=O)(O)OP(=O)(O)OCC1C(C(C(O1)N2C=NC3=C(N=CN=C32)N)O)OP(=O)(O)O)C(C(=O)NCCC(=O)NCCS)O,0.7185016888672743,0.06190115213394165,-0.7473312616348267,1.0424319505691528
2449,P07623_wild,CC(C)(COP(=O)(O)OP(=O)(O)OCC1C(C(C(O1)N2C=NC3=C(N=CN=C32)N)O)OP(=O)(O)O)C(C(=O)NCCC(=O)NCCSC(=O)CCCC(=O)O)O,0.2041199826559248,0.046598829329013824,-0.6899232864379883,1.1872529983520508
2450,P07623_wild,C(CN)CO,-0.8860566476931633,-0.20367226004600525,1.1206636428833008,-0.5794904232025146
2451,P07623_wild,C(C(C(=O)O)N)O,-1.6382721639824072,0.1510707437992096,1.0660892724990845,0.06760725378990173
2452,P07623_wild,CC(C(C(=O)O)N)O,-1.8239087409443189,0.1265917420387268,0.9981356859207153,0.281988263130188
2453,Q74K42_wild,C(C1C(C(C(C(O1)OC2(C(C(C(O2)CO)O)O)CO)O)O)O)O,2.24551266781415,1.3545657396316528,1.8134101629257202,0.7928667068481445
2454,P0A6L4_wild,C(C(C(C(C(CO)O)O)O)O)C(=O)C(=O)O,0.07918124604762482,0.4062943756580353,0.5677937269210815,0.16089466214179993
2455,P0A6L4_N4E,C(C(C(C(C(CO)O)O)O)O)C(=O)C(=O)O,0.7075701760979364,0.42719244956970215,0.5615484714508057,0.1635541021823883
2456,Q09790_wild,C1(C(C(C(C(C1OP(=O)(O)O)OP(=O)(O)O)OP(=O)(O)OP(=O)(O)O)OP(=O)(O)O)OP(=O)(O)O)OP(=O)(O)O,-0.7695510786217261,0.4045942723751068,-3.147056818008423,2.8894851207733154
2457,Q99321_wild,C1(C(C(C(C(C1OP(=O)(O)O)OP(=O)(O)O)OP(=O)(O)OP(=O)(O)O)OP(=O)(O)O)OP(=O)(O)O)OP(=O)(O)O,-1.2218487496163564,-0.3273974359035492,-3.434246301651001,2.515429973602295
2458,B3EY95_wild,CC(=O)CC(=O)[O-],1.568201724066995,1.2537002563476562,1.1876845359802246,0.7157190442085266
2459,B3EY95_S71A,CC(=O)[O-],0.6857417386022636,1.397736668586731,1.9734939336776733,0.5623456835746765
2460,B3EY95_S71A,C(CC(=O)[O-])C(=O)[O-],0.7923916894982539,1.2466768026351929,1.1035152673721313,0.5803598761558533
2461,B3EY95_S71A,CC(=O)SCCNC(=O)CCNC(=O)C(C(C)(C)COP(=O)(O)OP(=O)(O)OCC1C(C(C(O1)N2C=NC3=C(N=CN=C32)N)O)OP(=O)(O)O)O,1.6020599913279625,1.0432049036026,-0.8200885057449341,1.8656997680664062
2462,B3EY95_S71A,CC(C)(COP(=O)(O)OP(=O)(O)OCC1C(C(C(O1)N2C=NC3=C(N=CN=C32)N)O)OP(=O)(O)O)C(C(=O)NCCC(=O)NCCSC(=O)CCC(=O)O)O,0.7923916894982539,1.2216776609420776,-0.8817243576049805,2.018076181411743
2463,B3EY95_R228E,CC(=O)[O-],0.5314789170422551,1.390929102897644,2.0011699199676514,0.5346725583076477
2464,B3EY95_R228E,C(CC(=O)[O-])C(=O)[O-],2.9030899869919438,1.238463044166565,1.127287745475769,0.5565218925476074
2465,B3EY95_R228E,CC(=O)SCCNC(=O)CCNC(=O)C(C(C)(C)COP(=O)(O)OP(=O)(O)OCC1C(C(C(O1)N2C=NC3=C(N=CN=C32)N)O)OP(=O)(O)O)O,2.0211892990699383,1.0338120460510254,-0.7921690940856934,1.831555962562561
2466,B3EY95_R228E,CC(C)(COP(=O)(O)OP(=O)(O)OCC1C(C(C(O1)N2C=NC3=C(N=CN=C32)N)O)OP(=O)(O)O)C(C(=O)NCCC(=O)NCCSC(=O)CCC(=O)O)O,1.2041199826559248,1.2109802961349487,-0.8517054319381714,1.9809726476669312
2467,B3EY95_N347A,CC(=O)[O-],1.0863598306747482,1.4025262594223022,1.985524296760559,0.5545455813407898
2468,B3EY95_N347A,C(CC(=O)[O-])C(=O)[O-],0.3159703454569177,1.2506343126296997,1.1135177612304688,0.5737274885177612
2469,B3EY95_N347A,CC(=O)SCCNC(=O)CCNC(=O)C(C(C)(C)COP(=O)(O)OP(=O)(O)OCC1C(C(C(O1)N2C=NC3=C(N=CN=C32)N)O)OP(=O)(O)O)O,0.28330122870354957,1.049376130104065,-0.8143724203109741,1.8600105047225952
2470,B3EY95_N347A,CC(C)(COP(=O)(O)OP(=O)(O)OCC1C(C(C(O1)N2C=NC3=C(N=CN=C32)N)O)OP(=O)(O)O)C(C(=O)NCCC(=O)NCCSC(=O)CCC(=O)O)O,1.0334237554869496,1.228327751159668,-0.8760677576065063,2.012242317199707
2471,B3EY95_E435D,CC(=O)[O-],2.568201724066995,1.388630747795105,1.9843794107437134,0.5350197553634644
2472,B3EY95_E435D,C(CC(=O)[O-])C(=O)[O-],2.184691430817599,1.2376352548599243,1.1152312755584717,0.5554810762405396
2473,B3EY95_E435D,CC(=O)SCCNC(=O)CCNC(=O)C(C(C)(C)COP(=O)(O)OP(=O)(O)OCC1C(C(C(O1)N2C=NC3=C(N=CN=C32)N)O)OP(=O)(O)O)O,2.110589710299249,1.0290002822875977,-0.8111072778701782,1.8370248079299927
2474,B3EY95_E435D,CC(C)(COP(=O)(O)OP(=O)(O)OCC1C(C(C(O1)N2C=NC3=C(N=CN=C32)N)O)OP(=O)(O)O)C(C(=O)NCCC(=O)NCCSC(=O)CCC(=O)O)O,2.5314789170422554,1.2086633443832397,-0.8743710517883301,1.987705111503601
2475,B3EY95_wild,C(=O)[O-],0.2787536009528289,1.2242482900619507,1.1298792362213135,0.32453852891921997
2476,B3EY95_wild,CCC(=O)[O-],1.8129133566428557,1.2607746124267578,1.4750226736068726,0.5202933549880981
2477,B3EY95_wild,C(=CC(=O)[O-])C(=O)[O-],-0.05060999335508721,1.1597425937652588,0.4382866322994232,0.86417555809021
2478,B3EY95_wild,C(C(C(=O)O)O)C(=O)O,1.0791812460476249,1.0089997053146362,0.7749713659286499,0.5434948205947876
2479,B3EY95_wild,CC(CC(=O)[O-])C(=O)[O-],-0.3372421683184259,1.2598809003829956,1.3106898069381714,0.5214192867279053
2480,B3EY95_wild,C(C(=O)C(=O)O)C(=O)O,-1.080921907623926,1.269860863685608,0.3818095028400421,1.1645859479904175
2481,B3EY95_wild,C(CC(=O)O)CC(=O)O,-0.5686362358410126,1.1843667030334473,1.0534100532531738,0.060494303703308105
2482,B3EY95_S71A,CCC(=O)[O-],0.9030899869919435,1.2596958875656128,1.4751790761947632,0.5237134695053101
2483,G8JZS4_wild,C1=CC(=CC=C1[N+](=O)[O-])OC2C(C(C(C(O2)CO)O)O)O,2.2068258760318495,0.49433058500289917,-0.8646366596221924,0.9613041281700134
2484,G8JZS4_E194A,C1=CC(=CC=C1[N+](=O)[O-])OC2C(C(C(C(O2)CO)O)O)O,0.4471580313422192,0.4702359437942505,-0.8482165336608887,0.9327549934387207
2485,G8JZS4_E532A,C1=CC(=CC=C1[N+](=O)[O-])OC2C(C(C(C(O2)CO)O)O)O,0.04139268515822508,0.4989847242832184,-0.8624820709228516,0.9648403525352478
2486,G8JZS4_wild,C(C1C(C(C(C(O1)OC2C(OC(C(C2O)O)O)CO)O)O)O)O,2.2600713879850747,0.6499349474906921,0.04433968663215637,0.9846838712692261
2487,G8JZS4_wild,C(C1C(C(C(C(O1)OC2C(OC(C(C2O)O)OC3C(OC(C(C3O)O)O)CO)CO)O)O)O)O,2.5065050324048723,0.6229851841926575,-0.2544358968734741,1.0134406089782715
2488,G8JZS4_wild,C(C1C(C(C(C(O1)OC2C(OC(C(C2O)O)OC3C(OC(C(C3O)O)OC4C(OC(C(C4O)O)O)CO)CO)CO)O)O)O)O,2.5065050324048723,0.7385584712028503,-0.2461870312690735,1.0069559812545776
2489,G8JZS4_wild,C(C1C(C(C(C(O1)OC2C(OC(C(C2O)O)OC3C(OC(C(C3O)O)OC4C(OC(C(C4O)O)OC5C(OC(C(C5O)O)OC6C(OC(C(C6O)O)O)CO)CO)CO)CO)CO)O)O)O)O,2.5390760987927767,0.9869168400764465,-0.08141186833381653,1.1017674207687378
2490,G8JZS4_wild,C(C1C(C(C(C(O1)OC2C(OC(C(C2O)O)OC3C(OC(C(C3O)O)OC4C(OC(C(C4O)O)OC5C(OC(C(C5O)O)OC6C(OC(C(C6O)O)OC7C(OC(C(C7O)O)O)CO)CO)CO)CO)CO)CO)O)O)O)O,2.5809249756756194,1.0437594652175903,-0.06767609715461731,1.1220766305923462
2491,G8JZS4_wild,C(C1C(C(C(C(O1)OC(C=O)C(C(C(CO)O)O)O)O)O)O)O,2.14921911265538,0.6737589240074158,0.2190602719783783,0.7813596725463867
2492,G8JZS4_wild,C(C1C(C(C(C(O1)O)O)OC2C(C(C(C(O2)CO)O)O)O)O)O,2.315970345456918,0.6004040241241455,0.059578508138656616,0.8008296489715576
2493,G8JZS4_wild,C(C1C(C(C(C(O1)OCC2C(C(C(C(O2)O)O)O)O)O)O)O)O,2.0211892990699383,0.5245457887649536,0.3225170969963074,0.7403740286827087
2494,G8JZS4_wild,C(C1C(C(C(C(O1)OCC2C(C(C(C(O2)OC(C(CO)O)C(C(C=O)O)O)O)O)O)O)O)O)O,2.204119982655925,0.6264162659645081,0.08482635021209717,1.1018296480178833
2495,P03474_wild,CC1=CC(=O)OC2=C1C=CC(=C2)OC3(CC(C(C(O3)C(C(CO)O)O)NC(=O)C)O)C(=O)O,-0.3010299956639812,-0.17036062479019165,-1.7312294244766235,0.6193713545799255
2496,P03474_E117G,CC1=CC(=O)OC2=C1C=CC(=C2)OC3(CC(C(C(O3)C(C(CO)O)O)NC(=O)C)O)C(=O)O,-1.0,-0.162216454744339,-1.7542685270309448,0.6613778471946716
2497,P03474_D149E,CC1=CC(=O)OC2=C1C=CC(=C2)OC3(CC(C(C(O3)C(C(CO)O)O)NC(=O)C)O)C(=O)O,-1.5228787452803376,-0.1979093849658966,-1.738924503326416,0.6081370115280151
2498,P03474_R150K,CC1=CC(=O)OC2=C1C=CC(=C2)OC3(CC(C(C(O3)C(C(CO)O)O)NC(=O)C)O)C(=O)O,-0.5228787452803376,-0.15704408288002014,-1.7270337343215942,0.6204239130020142
2499,P03474_R223K,CC1=CC(=O)OC2=C1C=CC(=C2)OC3(CC(C(C(O3)C(C(CO)O)O)NC(=O)C)O)C(=O)O,-0.7695510786217261,-0.15799173712730408,-1.731090784072876,0.6200987696647644
2500,P03474_E275D,CC1=CC(=O)OC2=C1C=CC(=C2)OC3(CC(C(C(O3)C(C(CO)O)O)NC(=O)C)O)C(=O)O,-2.0,-0.16371005773544312,-1.729943871498108,0.6206053495407104
2501,P03474_R374N,CC1=CC(=O)OC2=C1C=CC(=C2)OC3(CC(C(C(O3)C(C(CO)O)O)NC(=O)C)O)C(=O)O,-1.6989700043360187,-0.14778432250022888,-1.7223001718521118,0.6196445822715759
2502,P03474_R374K,CC1=CC(=O)OC2=C1C=CC(=C2)OC3(CC(C(C(O3)C(C(CO)O)O)NC(=O)C)O)C(=O)O,-0.958607314841775,-0.16612523794174194,-1.7346469163894653,0.6150136590003967
2503,P05793_wild,C(C(=O)C(=O)[O-])O,0.7304592600457689,0.38142362236976624,-0.08451060950756073,0.8826278448104858
2504,P05793_wild,CC(=O)C(C)(C(=O)O)O,1.3222192947339193,-0.06719336658716202,-0.191951721906662,0.9342941045761108
2505,P05793_wild,CC(C)(C(=O)C(=O)[O-])O,1.6127838567197355,0.3346083462238312,0.011220157146453857,1.1202501058578491
2506,P05793_wild,CC(C)(CO)C(=O)C(=O)O,-0.712198270069774,0.17607435584068298,-0.4582270085811615,0.7517076730728149
2507,P05793_wild,CC(C)C(=O)C(=O)O,-0.7399286120149252,0.126252681016922,0.11322803795337677,0.42101383209228516
2508,P05793_wild,CCCC(=O)C(=O)[O-],-1.3010299956639813,0.19159701466560364,0.35885557532310486,0.4872446060180664
2509,P05793_wild,CCC(=O)C(=O)O,-0.7772835288524167,0.23706579208374023,0.5003014802932739,0.231034055352211
2510,P05793_wild,CC(=O)C(=O)[O-],-1.6777807052660807,0.21765810251235962,0.5394235849380493,0.6081987023353577
2511,P05793_wild,CC(C(=O)C(=O)[O-])O,-0.22621355501880647,0.6048164367675781,0.14573156833648682,1.137674331665039
2512,P05793_Q110V,C1C=CN(C=C1C(=O)N)C2C(C(C(O2)COP(=O)(O)OP(=O)(O)OCC3C(C(C(O3)N4C=NC5=C(N=CN=C54)N)OP(=O)(O)O)O)O)O,0.8573324964312685,-0.04426134377717972,-1.2821248769760132,1.230879545211792
2513,P05793_Q110A,C1C=CN(C=C1C(=O)N)C2C(C(C(O2)COP(=O)(O)OP(=O)(O)OCC3C(C(C(O3)N4C=NC5=C(N=CN=C54)N)OP(=O)(O)O)O)O)O,0.8573324964312685,-0.051026977598667145,-1.2772525548934937,1.2252156734466553
2514,P05793_A71S/R76D/S78D/Q110V,C1C=CN(C=C1C(=O)N)C2C(C(C(O2)COP(=O)(O)OP(=O)(O)OCC3C(C(C(O3)N4C=NC5=C(N=CN=C54)N)O)O)O)O,0.36172783601759284,0.008334122598171234,-0.9657492637634277,1.0170326232910156
2515,P05793_A71S/R76D/S78D/Q110V,C1C=CN(C=C1C(=O)N)C2C(C(C(O2)COP(=O)(O)OP(=O)(O)OCC3C(C(C(O3)N4C=NC5=C(N=CN=C54)N)OP(=O)(O)O)O)O)O,-0.6989700043360187,-0.02429492026567459,-1.2579737901687622,1.2103707790374756
2516,P05793_wild,C1=CC(=C[N+](=C1)C2C(C(C(O2)COP(=O)(O)OP(=O)(O)OCC3C(C(C(O3)N4C=NC5=C(N=CN=C54)N)OP(=O)(O)O)O)O)O)C(=O)N,-0.2924298239020636,-0.08554384857416153,-0.630710244178772,0.6815895438194275
2517,P05793_K75Q,C1=CC(=C[N+](=C1)C2C(C(C(O2)COP(=O)(O)OP(=O)(O)OCC3C(C(C(O3)N4C=NC5=C(N=CN=C54)N)OP(=O)(O)O)O)O)O)C(=O)N,-3.1760912373409576,-0.0826333537697792,-0.6266539096832275,0.6692278981208801
2518,P05793_K69L,C1=CC(=C[N+](=C1)C2C(C(C(O2)COP(=O)(O)OP(=O)(O)OCC3C(C(C(O3)N4C=NC5=C(N=CN=C54)N)OP(=O)(O)O)O)O)O)C(=O)N,-3.4993976037156087,-0.08708450943231583,-0.6461236476898193,0.6652678847312927
2519,P05793_R68Q,C1=CC(=C[N+](=C1)C2C(C(C(O2)COP(=O)(O)OP(=O)(O)OCC3C(C(C(O3)N4C=NC5=C(N=CN=C54)N)OP(=O)(O)O)O)O)O)C(=O)N,-3.8239087409443187,-0.0867801085114479,-0.6263742446899414,0.6730355024337769
2520,P05793_R76Q,C1=CC(=C[N+](=C1)C2C(C(C(O2)COP(=O)(O)OP(=O)(O)OCC3C(C(C(O3)N4C=NC5=C(N=CN=C54)N)OP(=O)(O)O)O)O)O)C(=O)N,-3.6989700043360187,-0.07937828451395035,-0.6302168369293213,0.6771968007087708
2521,P05793_K75Q,C1C=CN(C=C1C(=O)N)C2C(C(C(O2)COP(=O)(O)OP(=O)(O)OCC3C(C(C(O3)N4C=NC5=C(N=CN=C54)N)OP(=O)(O)O)O)O)O,-2.029963238887961,-0.05008641630411148,-1.275339961051941,1.2186815738677979
2522,P05793_K69L,C1C=CN(C=C1C(=O)N)C2C(C(C(O2)COP(=O)(O)OP(=O)(O)OCC3C(C(C(O3)N4C=NC5=C(N=CN=C54)N)OP(=O)(O)O)O)O)O,-0.6743474610348603,-0.05932987481355667,-1.2903343439102173,1.206651210784912
2523,P05793_R76Q,C1C=CN(C=C1C(=O)N)C2C(C(C(O2)COP(=O)(O)OP(=O)(O)OCC3C(C(C(O3)N4C=NC5=C(N=CN=C54)N)OP(=O)(O)O)O)O)O,-2.209949502841272,-0.04592154175043106,-1.2738415002822876,1.2224342823028564
2524,P05793_R76D,C1C=CN(C=C1C(=O)N)C2C(C(C(O2)COP(=O)(O)OP(=O)(O)OCC3C(C(C(O3)N4C=NC5=C(N=CN=C54)N)OP(=O)(O)O)O)O)O,-1.5228787452803376,-0.03353817015886307,-1.2596100568771362,1.2145884037017822
2525,P05793_R76Q/R68A,C1C=CN(C=C1C(=O)N)C2C(C(C(O2)COP(=O)(O)OP(=O)(O)OCC3C(C(C(O3)N4C=NC5=C(N=CN=C54)N)OP(=O)(O)O)O)O)O,-2.3631779358200946,-0.05891672521829605,-1.2709888219833374,1.2116847038269043
2526,P05793_R68D/K69L/K75V/R76D,C1C=CN(C=C1C(=O)N)C2C(C(C(O2)COP(=O)(O)OP(=O)(O)OCC3C(C(C(O3)N4C=NC5=C(N=CN=C54)N)OP(=O)(O)O)O)O)O,-1.4836850683128633,-0.04185090214014053,-1.245437741279602,1.153371810913086
2527,P05793_R76D,C1C=CN(C=C1C(=O)N)C2C(C(C(O2)COP(=O)(O)OP(=O)(O)OCC3C(C(C(O3)N4C=NC5=C(N=CN=C54)N)O)O)O)O,-1.053875397171326,0.000291191041469574,-0.9563933610916138,1.0149476528167725
2528,P05793_R76Q/R68A,C1C=CN(C=C1C(=O)N)C2C(C(C(O2)COP(=O)(O)OP(=O)(O)OCC3C(C(C(O3)N4C=NC5=C(N=CN=C54)N)O)O)O)O,-1.4357285300801226,-0.022480405867099762,-0.9680187702178955,1.0092400312423706
2529,P05793_R68D/K69L/K75V/R76D,C1C=CN(C=C1C(=O)N)C2C(C(C(O2)COP(=O)(O)OP(=O)(O)OCC3C(C(C(O3)N4C=NC5=C(N=CN=C54)N)O)O)O)O,-1.053875397171326,-0.005705513060092926,-0.9591875076293945,0.9713103175163269
2530,P05793_R68Q,C1C=CN(C=C1C(=O)N)C2C(C(C(O2)COP(=O)(O)OP(=O)(O)OCC3C(C(C(O3)N4C=NC5=C(N=CN=C54)N)OP(=O)(O)O)O)O)O,-2.1760912373409576,-0.05735478550195694,-1.2726017236709595,1.2200853824615479
2531,P05793_wild,CC(C)(C(C(=O)[O-])O)O,-0.2924298239020636,0.18796294927597046,0.27289891242980957,0.720456600189209
2532,P05793_wild,[Mn+2],1.6127838567197355,0.6400083899497986,-1.564604640007019,1.8525739908218384
2533,Q04723_wild,C1=CC(=CC=C1NC(=O)C(CCCN=C(N)N)N)[N+](=O)[O-],0.8698182079793282,0.04855106398463249,-0.19749529659748077,0.036850690841674805
2534,Q29550_wild,CCCC(=O)OC1=CC=C(C=C1)[N+](=O)[O-],1.4380409991817282,0.955613911151886,-0.6097489595413208,1.4908294677734375
2535,Q29550_wild,CC(=O)OC1=CC=C(C=C1)[N+](=O)[O-],1.3042750504771283,1.0558900833129883,-0.48204514384269714,1.3416974544525146
2536,Q29550_wild,CCOC(=O)C(CC1=CC=CC=C1)N,1.8036163960316012,0.42633292078971863,-0.25413835048675537,0.7877973318099976
2537,Q29550_wild,C1=CC=C(C=C1)CC(C(=O)OCC2=CC=CC=C2)N,-1.1060534109285427,0.46266743540763855,-0.9121912717819214,1.043452501296997
2538,Q29550_wild,CCOC(=O)C(CC1=CC=CC=C1)NC(=O)C,-0.3516399890190684,0.34362533688545227,-0.3442792594432831,0.9123218059539795
2539,Q29550_wild,CCC1=C2CN3C(=CC4=C(C3=O)COC(=O)C4(CC)O)C2=NC5=C1C=C(C=C5)OC(=O)N6CCC(CC6)N7CCCCC7,-2.0377885450968733,-1.107118010520935,-1.1704317331314087,0.40168851613998413
2540,Q29550_wild,CC(C)C(C(=O)OCCOCN1C=NC2=C1N=C(NC2=O)N)N,-0.5451551399914898,0.12255092710256577,-0.11033119261264801,0.48469722270965576
2541,Q29550_wild,CC(=O)OCC(COC(=O)C)OC(=O)C,1.7781512503836436,0.8514286875724792,0.47329452633857727,0.9809542298316956
2542,Q29550_wild,CCC(=O)OCC(COC(=O)CC)OC(=O)CC,1.6989700043360187,1.161207914352417,-0.03402364253997803,1.4842970371246338
2543,Q29550_wild,CCCC(=O)OCC(COC(=O)CCC)OC(=O)CCC,1.845098040014257,1.3290116786956787,-0.5792982578277588,1.7062184810638428
2544,Q29550_wild,CC(=O)OC=C,2.4983105537896004,1.444700837135315,0.3884408175945282,1.1674232482910156
2545,Q29550_wild,CCC(=O)OC=C,2.469822015978163,1.4160077571868896,0.7486885786056519,1.330181360244751
2546,Q29550_wild,CCCC(=O)OC=C,2.6627578316815743,1.3803186416625977,0.6552927494049072,1.2516814470291138
2547,Q9SG92_wild,COC(=O)CC1=CNC2=CC=CC=C21,-0.744727494896694,0.7074993848800659,-0.8809323310852051,1.2033360004425049
2548,O33407_wild,CCCC(=O)OC1=CC=C(C=C1)[N+](=O)[O-],2.392696953259666,1.474883794784546,0.0793771743774414,1.7096009254455566
2549,Q88QS0_wild,CCCC(=O)OC1=CC=C(C=C1)[N+](=O)[O-],2.537819095073274,1.263366937637329,-0.0010665655136108398,1.6827794313430786
2550,P20577_wild,C1=CC=C(C(=C1)C(=O)O)NCC(=O)C(C(COP(=O)(O)O)O)O,1.0453229787866574,0.19130229949951172,-2.2255778312683105,1.9799494743347168
2551,Q485R8_wild,C1CC(=NC1)C(=O)O,2.095169351431755,1.648830771446228,0.29489991068840027,1.1997407674789429
2552,A3QH73_wild,C1CC(=NC1)C(=O)O,0.8260748027008264,1.5822687149047852,0.1438755840063095,1.333810567855835
2553,Q9CFG7_wild,C1C(C(C(C(O1)O)O)O)O,2.2648178230095364,0.8593392968177795,1.3979543447494507,0.3181765079498291
2554,P29443_wild,C1C(C(C(C(O1)O)O)O)O,0.8573324964312685,1.2978657484054565,1.3447877168655396,0.5150469541549683
2555,A0A290GAT0_wild,C1C(C(C(C(O1)O)O)O)O,0.8450980400142568,0.9457959532737732,1.2450790405273438,0.3581317663192749
2556,Q9CFG7_wild,C(C(C(C(=O)CO)O)O)O,0.8573324964312685,0.6925364136695862,0.2923954725265503,0.5849112272262573
2557,P29443_wild,C(C(C(C(=O)CO)O)O)O,0.9822712330395684,0.9710289239883423,0.170189768075943,0.8746006488800049
2558,A0A290GAT0_wild,C(C(C(C(=O)CO)O)O)O,1.0413926851582251,0.6888096928596497,0.09369894862174988,0.7861663699150085
2559,Q9CFG7_wild,C(C1C(C(C(C(O1)O)O)O)O)O,0.30319605742048883,0.6023778319358826,1.6195886135101318,-0.031015366315841675
2560,P29443_wild,C(C1C(C(C(C(O1)O)O)O)O)O,0.08635983067474823,1.0433858633041382,1.4949157238006592,0.14548549056053162
2561,A0A290GAT0_wild,C(C1C(C(C(C(O1)O)O)O)O)O,0.33041377334919086,0.6769501566886902,1.4900875091552734,0.0006506145000457764
2562,Q9CFG7_wild,C1C(C(C(C(O1)(CO)O)O)O)O,-0.39147396642280585,0.6530046463012695,1.2830820083618164,-0.19889450073242188
2563,P29443_wild,C1C(C(C(C(O1)(CO)O)O)O)O,-0.18708664335714442,1.1035486459732056,1.147185206413269,-0.05730640888214111
2564,A0A290GAT0_wild,C1C(C(C(C(O1)(CO)O)O)O)O,-0.15490195998574322,0.6629021167755127,1.0972458124160767,-0.12653756141662598
2565,Q9CFG7_wild,C(C1C(C(C(O1)(CO)O)O)O)O,-0.39147396642280585,0.4223770499229431,1.1889584064483643,-0.14998674392700195
2566,P29443_wild,C(C1C(C(C(O1)(CO)O)O)O)O,-0.18708664335714442,0.8523632287979126,1.0162218809127808,0.02721688151359558
2567,A0A290GAT0_wild,C(C1C(C(C(O1)(CO)O)O)O)O,-0.15490195998574322,0.4974755644798279,1.0199702978134155,-0.021104753017425537
2568,P16016_wild,C(=O)=O,5.725911632295048,4.587546348571777,0.15318751335144043,2.978726625442505
2569,P16016_wild,C(=O)(O)O,5.060697840353612,2.866633653640747,0.36371687054634094,2.3572049140930176
2570,P31072_wild,C(C(C(C(C(C(=O)O)O)O)O)O)OP(=O)(O)O,1.4313637641589874,0.9369052648544312,-1.4160891771316528,2.1515583992004395
2571,P31072_wild,C(C(C(C(COP(=O)(O)O)O)O)O)C(=O)O,-0.5376020021010439,0.8264394402503967,-1.586307406425476,1.7569204568862915
2572,G0WXL9_wild,C(=S)=S,2.9786369483844743,2.0764811038970947,-0.5382295846939087,2.0761468410491943
2573,G0WXL9_wild,C(=O)=S,3.255272505103306,2.4890196323394775,-0.1382923722267151,1.8472696542739868
2574,Q58327_wild,C1=NC(=C2C(=N1)N(C=N2)C3C(C(C(O3)COP(=O)(O)OP(=O)(O)OP(=O)(O)O)O)O)N,2.6009728956867484,0.3738495707511902,-0.1763225495815277,0.8923439383506775
2575,Q58327_wild,C1=CC(=C[N+](=C1)C2C(C(C(O2)COP(=O)([O-])OP(=O)(O)OCC3C(C(C(O3)N4C=NC5=C(N=CN=C54)N)O)O)O)O)C(=O)N,2.6273658565927325,0.6811444759368896,-0.07004654407501221,1.111420750617981
2576,O25046_wild,C1=NC(=C2C(=N1)N(C=N2)C3C(C(C(O3)CO)O)O)N,1.2636360685881083,0.9219763875007629,-0.5817430019378662,1.520262360572815
2577,P03958_wild,C1=NC(=C2C(=N1)N(C=N2)C3C(C(C(O3)CO)O)O)N,2.3979400086720375,0.7588521838188171,-0.766776442527771,1.9151514768600464
2578,P03958_E217D,C1=NC(=C2C(=N1)N(C=N2)C3C(C(C(O3)CO)O)O)N,-0.4473317838878068,0.4857180416584015,-0.6715517044067383,1.6539950370788574
2579,P03958_E217G,C1=NC(=C2C(=N1)N(C=N2)C3C(C(C(O3)CO)O)O)N,-1.1249387366083,0.4465878903865814,-0.6640042066574097,1.6380399465560913
2580,P03958_E217Q,C1=NC(=C2C(=N1)N(C=N2)C3C(C(C(O3)CO)O)O)N,-1.0705810742857071,0.5509688258171082,-0.6858773231506348,1.7109100818634033
2581,P00813_M155D,C1=NC(=C2C(=N1)N(C=N2)C3C(C(C(O3)CO)O)O)N,0.7283537820212285,0.7187742590904236,-0.9141607284545898,1.9764143228530884
2582,P25539_wild,C1C=CN(C=C1C(=O)N)C2C(C(C(O2)COP(=O)(O)OP(=O)(O)OCC3C(C(C(O3)N4C=NC5=C(N=CN=C54)N)OP(=O)(O)O)O)O)O,-0.5109795689313872,1.0921763181686401,-1.8593131303787231,2.413154125213623
2583,P25539_wild,C1C=CN(C=C1C(=O)N)C2C(C(C(O2)COP(=O)(O)OP(=O)(O)OCC3C(C(C(O3)N4C=NC5=C(N=CN=C54)N)O)O)O)O,-1.6020599913279623,1.1764134168624878,-1.4512842893600464,2.0600781440734863
2584,P25539_wild,C(C1C(C(C(O1)NC2=C(C(=O)NC(=O)N2)N)O)O)OP(=O)(O)O,-0.49939760371560843,0.559489905834198,-1.3372515439987183,1.7871602773666382
2585,P9WHG9_wild,C1=NC(=C2C(=N1)N(C=N2)C3C(C(C(O3)COP(=O)(O)OP(=O)(O)OP(=O)(O)O)O)O)N,1.392345155361204,-0.43465372920036316,-0.6241198778152466,1.0566952228546143
2586,P9WHG9_wild,C1=NC2=C(N1C3C(C(C(O3)COP(=O)(O)OP(=O)(O)OP(=O)(O)O)O)O)N=C(NC2=O)N,1.392345155361204,-0.8063582181930542,-0.6725209951400757,0.8611031770706177
2587,Q4Q735_wild,C1=NC(=C2C(=N1)N(C=N2)C3C(C(C(O3)COP(=O)(O)OP(=O)(O)OP(=O)(O)O)O)O)N,0.568201724066995,0.8320629596710205,-0.7193484306335449,1.9049705266952515
2588,Q4Q735_wild,C(=O)[O-],0.6434526764861874,1.3717994689941406,-0.0070632994174957275,1.3751697540283203
2589,Q08257_Y59F,C1=CC=C2C(=C1)C=CC(=O)C2=O,0.23468605865054598,0.7907834649085999,-1.5448846817016602,2.0043649673461914
2590,Q08257_Y59A,C1=CC=C2C(=C1)C=CC(=O)C2=O,0.6092386115529926,0.7483733892440796,-1.5201245546340942,1.9750531911849976
2591,Q08257_wild,C1=CC=C2C(=C1)C3=CC=CC=C3C(=O)C2=O,0.5118833609788744,0.6220296621322632,-2.0498883724212646,2.265265464782715
2592,Q08257_Y59F,C1=CC=C2C(=C1)C3=CC=CC=C3C(=O)C2=O,0.17609125905568124,0.6115626692771912,-2.0346109867095947,2.2533986568450928
2593,Q08257_Y59A,C1=CC=C2C(=C1)C3=CC=CC=C3C(=O)C2=O,0.23044892137827394,0.566431999206543,-2.0045840740203857,2.214503049850464
2594,Q93F85_wild,CC1=CN(C(=O)NC1=O)C2CC(C(O2)COP(=O)(O)OP(=O)(O)OC3C(C(C(C(O3)CO)O)O)O)O,0.2787536009528289,0.535815417766571,-1.3806723356246948,1.1691789627075195
2595,P41148_wild,C1=NC(=C2C(=N1)N(C=N2)C3C(C(C(O3)COP(=O)(O)OP(=O)(O)OP(=O)(O)O)O)O)N,-2.9208187539523753,-0.37579184770584106,-1.0622297525405884,0.43980324268341064
2596,Q8RR38_wild,CN(C)C1=CC=C(C=C1)N=NC2=CC=CC=C2C(=O)O,0.5786392099680724,0.8745297789573669,-0.9560254812240601,1.5899876356124878
2597,Q8RR37_wild,CN(C)C1=CC=C(C=C1)N=NC2=CC=CC=C2C(=O)O,0.615950051656401,0.8989190459251404,-0.8737471103668213,1.5303616523742676
2598,Q9FAW5_wild,CN(C)C1=CC=C(C=C1)N=NC2=CC=CC=C2C(=O)O,0.5185139398778875,1.2290573120117188,-0.7491835355758667,1.9177099466323853
2599,Q8RR38_wild,COC1=C(C=C(C=C1)S(=O)(=O)CCOS(=O)(=O)O)N=NC2=C(C3=C(C=C2)C(=CC=C3)S(=O)(=O)O)O,0.25527250510330607,0.280803918838501,-1.3644770383834839,1.664618968963623
2600,Q8RR37_wild,COC1=C(C=C(C=C1)S(=O)(=O)CCOS(=O)(=O)O)N=NC2=C(C3=C(C=C2)C(=CC=C3)S(=O)(=O)O)O,0.3096301674258988,0.2968365550041199,-1.333466649055481,1.6117831468582153
2601,Q9FAW5_wild,COC1=C(C=C(C=C1)S(=O)(=O)CCOS(=O)(=O)O)N=NC2=C(C3=C(C=C2)C(=CC=C3)S(=O)(=O)O)O,0.8518696007297664,0.6668559312820435,-1.5354056358337402,2.0237388610839844
2602,P06632_wild,C(C(C(C(C(=O)C(=O)[O-])O)O)O)O,0.9242792860618817,0.7387314438819885,0.8727734088897705,0.4923504889011383
2603,P06632_F22Y,C(C(C(C(C(=O)C(=O)[O-])O)O)O)O,0.9242792860618817,0.7400456666946411,0.8722293376922607,0.4855273962020874
2604,P06632_Q192R,C(C(C(C(C(=O)C(=O)[O-])O)O)O)O,1.7075701760979363,0.6689713597297668,0.8406124114990234,0.479632705450058
2605,Q93IG4_wild,C1C(C(OC1N2C=CC(=NC2=O)N)CO)O,0.08990511143939793,-0.029578737914562225,-1.4911854267120361,1.1767866611480713
2606,P22498_wild,C1=CC=C(C(=C1)[N+](=O)[O-])OC2C(C(C(C(O2)CO)O)O)O,1.9777236052888478,1.1231567859649658,-0.1700422316789627,1.4060859680175781
2607,P22498_wild,COC1C(C(C(C(O1)CO)O)O)O,0.6056640797046802,1.1376246213912964,1.2028976678848267,0.3396553695201874
2608,P22498_wild,C1=CC=C(C=C1)OC2C(C(C(C(O2)CO)O)O)O,0.44195688998104465,1.3262228965759277,0.4942620098590851,0.9478524923324585
2609,F1N5C8_wild,C[N+](C)(C)CCOP(=O)([O-])OCC(CO)O,1.8129133566428557,1.1689211130142212,-0.13698872923851013,1.303295612335205
2610,F1N5C8_wild,CCCCCCCCCCCCCC=CC(C(COP(=O)(O)OCC[N+](C)(C)C)N)O,0.0,0.5136291980743408,-1.5431667566299438,2.270071029663086
2611,Q939D2_wild,CCN1C2=C(C=C(C=C2)S(=O)(=O)O)SC1=NN=C3N(C4=C(S3)C=C(C=C4)S(=O)(=O)O)CC,1.0043213737826426,1.5365055799484253,-1.177070140838623,2.061988353729248
2612,P00433_wild,CCN1C2=C(C=C(C=C2)S(=O)(=O)O)SC1=NN=C3N(C4=C(S3)C=C(C=C4)S(=O)(=O)O)CC,1.6580113966571124,2.948699951171875,-0.6294876337051392,2.6030707359313965
2613,P00433_wild,CC1=CC(=C(C=C1)O)O,3.3334472744967503,2.4930877685546875,0.5699969530105591,1.7646064758300781
2614,P00433_wild,C1=CC=C(C(=C1)O)O,3.342422680822206,3.0984349250793457,0.33694222569465637,1.9045226573944092
2615,P00433_wild,CC(C)(C)C1=CC(=C(C=C1)O)O,3.3316297176299323,2.30279541015625,0.285308837890625,1.7614452838897705
2616,P00433_wild,C1=CC(=C(C(=C1)O)O)O,3.338456493604605,2.7296276092529297,0.70744788646698,1.748828411102295
2617,P00433_wild,CC(C1=CC(=C(C=C1)O)O)C(=O)O,3.1925674533365456,2.79130220413208,0.8094099760055542,1.7879443168640137
2618,P00433_wild,C1=CC(=C(C=C1CC(=O)O)O)O,2.6711728427150834,2.560075283050537,1.0287538766860962,1.4113484621047974
2619,P00433_wild,CNCCC1=CC(=C(C=C1)O)O,2.6541765418779604,2.121915578842163,0.657292366027832,1.4543572664260864
2620,P00433_wild,C1=CC(=C(C=C1CCN)O)O,2.6503075231319366,2.274329662322998,0.8011173009872437,1.264422059059143
2621,P00433_wild,CC(C)NCC(C1=CC(=C(C=C1)O)O)O,2.2695129442179165,2.6942989826202393,1.0573835372924805,1.1369411945343018
2622,P00433_wild,C1=CC(=C(C=C1C(CN)O)O)O,2.2355284469075487,2.4883460998535156,0.6940453052520752,1.316673994064331
2623,P00433_wild,CC(=O)NCCC1=CC(=C(C=C1)O)O,3.255272505103306,2.74802565574646,0.7788137197494507,1.8106786012649536
2624,O37174_wild,C1=NC(=C2C(=N1)N(C=N2)C3C(C(C(O3)COP(=O)(O)OP(=O)(O)OP(=O)(O)O)O)O)N,1.8260748027008264,-0.012091316282749176,-1.3313101530075073,1.6409544944763184
2625,O37174_wild,C1=NC2=C(N1C3C(C(C(O3)COP(=O)(O)OP(=O)(O)OP(=O)(O)O)O)O)N=C(NC2=O)N,1.5440680443502757,-0.26247379183769226,-1.2298674583435059,1.4118974208831787
2626,O37174_wild,C1=CN(C(=O)NC1=O)C2C(C(C(O2)COP(=O)(O)OP(=O)(O)OP(=O)(O)O)O)O,1.3802112417116061,0.22839537262916565,-1.1425641775131226,1.543609857559204
2627,O37174_wild,C1=CN(C(=O)N=C1N)C2C(C(C(O2)COP(=O)(O)OP(=O)(O)OP(=O)(O)O)O)O,1.4771212547196624,0.1543835699558258,-1.1599881649017334,1.4701660871505737
2628,O37174_L543A,C1=NC(=C2C(=N1)N(C=N2)C3C(C(C(O3)COP(=O)(O)OP(=O)(O)OP(=O)(O)O)O)O)N,0.6627578316815741,-0.012091316282749176,-1.3313101530075073,1.6409544944763184
2629,O37174_Q826A,C1=NC(=C2C(=N1)N(C=N2)C3C(C(C(O3)COP(=O)(O)OP(=O)(O)OP(=O)(O)O)O)O)N,-0.1366771398795441,-0.012091316282749176,-1.3313101530075073,1.6409544944763184
2630,O37174_D858A,C1=NC(=C2C(=N1)N(C=N2)C3C(C(C(O3)COP(=O)(O)OP(=O)(O)OP(=O)(O)O)O)O)N,0.7923916894982539,-0.012091316282749176,-1.3313101530075073,1.6409544944763184
2631,P45818_wild,C1=NC(=C2C(=N1)N(C=N2)C3C(C(C(O3)COP(=O)(O)OP(=O)(O)OP(=O)(O)O)O)O)N,-0.6020599913279624,-0.6172502636909485,-0.367260217666626,0.4443483352661133
2632,P0A9J4_R31A,C1C=CN(C=C1C(=O)N)C2C(C(C(O2)COP(=O)(O)OP(=O)(O)OCC3C(C(C(O3)N4C=NC5=C(N=CN=C54)N)OP(=O)(O)O)O)O)O,1.568201724066995,0.7646656036376953,-1.833983063697815,2.424614429473877
2633,P0A9J4_K72A,C1C=CN(C=C1C(=O)N)C2C(C(C(O2)COP(=O)(O)OP(=O)(O)OCC3C(C(C(O3)N4C=NC5=C(N=CN=C54)N)OP(=O)(O)O)O)O)O,1.631443769013172,0.7219764590263367,-1.7319051027297974,2.312406539916992
2634,P0A9J4_N98A,C1C=CN(C=C1C(=O)N)C2C(C(C(O2)COP(=O)(O)OP(=O)(O)OCC3C(C(C(O3)N4C=NC5=C(N=CN=C54)N)OP(=O)(O)O)O)O)O,0.2041199826559248,0.6587256789207458,-1.747877597808838,2.2819559574127197
2635,P0A9J4_K176A,C1C=CN(C=C1C(=O)N)C2C(C(C(O2)COP(=O)(O)OP(=O)(O)OCC3C(C(C(O3)N4C=NC5=C(N=CN=C54)N)OP(=O)(O)O)O)O)O,-1.8239087409443189,0.4176305830478668,-1.5957316160202026,2.03057599067688
2636,P0A9J4_S244A,C1C=CN(C=C1C(=O)N)C2C(C(C(O2)COP(=O)(O)OP(=O)(O)OCC3C(C(C(O3)N4C=NC5=C(N=CN=C54)N)OP(=O)(O)O)O)O)O,1.1760912590556813,0.7226927876472473,-1.8448090553283691,2.3981685638427734
2637,P0A9J4_E256A,C1C=CN(C=C1C(=O)N)C2C(C(C(O2)COP(=O)(O)OP(=O)(O)OCC3C(C(C(O3)N4C=NC5=C(N=CN=C54)N)OP(=O)(O)O)O)O)O,0.3222192947339193,0.623114287853241,-1.793887972831726,2.307912826538086
2638,P0A9J4_R31A,CC(C)(CO)C(=O)C(=O)O,1.568201724066995,0.4877738356590271,-0.14497607946395874,1.1896088123321533
2639,P0A9J4_K72A,CC(C)(CO)C(=O)C(=O)O,1.631443769013172,0.45745211839675903,-0.044987648725509644,1.1003222465515137
2640,P0A9J4_N98A,CC(C)(CO)C(=O)C(=O)O,0.2041199826559248,0.42507171630859375,-0.07785364985466003,1.0607571601867676
2641,P0A9J4_K176A,CC(C)(CO)C(=O)C(=O)O,-1.8239087409443189,0.22811993956565857,0.08526411652565002,0.8164317011833191
2642,P0A9J4_S244A,CC(C)(CO)C(=O)C(=O)O,1.1760912590556813,0.45828014612197876,-0.15924865007400513,1.1580889225006104
2643,P0A9J4_E256A,CC(C)(CO)C(=O)C(=O)O,0.3222192947339193,0.37262794375419617,-0.13572224974632263,1.0745539665222168
2644,P0AC84_wild,CC(C(=O)SCC(C(=O)NCC(=O)O)NC(=O)CCC(C(=O)O)N)O,1.7242758696007892,2.081434726715088,-0.5711573362350464,1.82332181930542
2645,P15273_wild,C1=CC(=CC=C1[N+](=O)[O-])OP(=O)(O)O,2.9116901587538613,1.065409541130066,0.8237394094467163,1.1095283031463623
2646,P15273_R216A,C1=CC(=CC=C1[N+](=O)[O-])OP(=O)(O)O,2.285557309007774,1.08049476146698,0.8504832983016968,1.128821849822998
2647,P15273_R228A,C1=CC(=CC=C1[N+](=O)[O-])OP(=O)(O)O,2.204119982655925,1.0378481149673462,0.8877589702606201,1.1004836559295654
2648,P15273_R236A,C1=CC(=CC=C1[N+](=O)[O-])OP(=O)(O)O,2.5453071164658243,1.0751923322677612,0.8817522525787354,1.116533637046814
2649,P15273_R295A,C1=CC(=CC=C1[N+](=O)[O-])OP(=O)(O)O,2.5575072019056577,1.111749291419983,0.8384251594543457,1.133919358253479
2650,P15273_R409A,C1=CC(=CC=C1[N+](=O)[O-])OP(=O)(O)O,-1.3726341434072673,0.9493570923805237,0.8889609575271606,0.9855181574821472
2651,P15273_R437A,C1=CC(=CC=C1[N+](=O)[O-])OP(=O)(O)O,1.823474229170301,1.0533978939056396,0.8512018918991089,1.1046218872070312
2652,P15273_R228K,C1=CC(=CC=C1[N+](=O)[O-])OP(=O)(O)O,1.8692317197309762,1.0373414754867554,0.831397533416748,1.0915257930755615
2653,P15273_R409K,C1=CC(=CC=C1[N+](=O)[O-])OP(=O)(O)O,-1.4710832997223453,0.8746994733810425,0.9192838668823242,0.9709957838058472
2654,P15273_R437K,C1=CC(=CC=C1[N+](=O)[O-])OP(=O)(O)O,2.45178643552429,1.0568939447402954,0.8336453437805176,1.0958681106567383
2655,P15273_R440K,C1=CC(=CC=C1[N+](=O)[O-])OP(=O)(O)O,-0.9393021596463883,1.0727180242538452,0.8362809419631958,1.1067981719970703
2656,P15273_Q446A,C1=CC(=CC=C1[N+](=O)[O-])OP(=O)(O)O,1.9703468762300933,1.0453516244888306,0.8350895643234253,1.1053627729415894
2657,P15273_Q446E,C1=CC(=CC=C1[N+](=O)[O-])OP(=O)(O)O,2.6875289612146345,1.0359573364257812,0.8533269166946411,1.0893402099609375
2658,P15273_Q446M,C1=CC(=CC=C1[N+](=O)[O-])OP(=O)(O)O,1.8041394323353506,1.0366982221603394,0.8440226316452026,1.0898104906082153
2659,P15273_Q446N,C1=CC(=CC=C1[N+](=O)[O-])OP(=O)(O)O,1.6334684555795866,1.0410486459732056,0.8368260860443115,1.0990023612976074
2660,P15273_Q450A,C1=CC(=CC=C1[N+](=O)[O-])OP(=O)(O)O,1.8221680793680175,1.0662665367126465,0.8322275876998901,1.1321237087249756
2661,P15273_Q450E,C1=CC(=CC=C1[N+](=O)[O-])OP(=O)(O)O,1.4345689040341987,1.0467332601547241,0.8611071109771729,1.0929454565048218
2662,P15273_Q450M,C1=CC(=CC=C1[N+](=O)[O-])OP(=O)(O)O,1.561101383649056,1.0687161684036255,0.802942156791687,1.1202961206436157
2663,Q9NRW4_wild,C1=CC(=CC=C1[N+](=O)[O-])OP(=O)(O)O,-0.3979400086720376,-0.08036195486783981,-0.3521740734577179,0.5451270341873169
2664,Q9H1R2_wild,C1=CC(=CC=C1[N+](=O)[O-])OP(=O)(O)O,-0.8664610916297825,0.48704272508621216,-0.2858337461948395,0.6048492193222046
2665,Q7BC51_wild,C=C(C(=O)O)OP(=O)(O)O,-0.47929813032625257,0.5660462975502014,-0.4219878017902374,0.8638585805892944
2666,Q7BC51_wild,CC(=O)NC1C(C(C(OC1O)CO)O)O,-0.47929813032625257,0.49980631470680237,0.9338922500610352,-0.4606834053993225
2667,Q7BC51_wild,CCC(=O)NC1C(C(C(OC1O)CO)O)O,-0.7062691694682903,0.44649505615234375,0.6410270929336548,-0.4393286108970642
2668,Q7BC51_wild,CCCC(=O)NC1C(C(C(OC1O)CO)O)O,-1.2340832308501963,0.2368275225162506,0.5381256341934204,-0.42527371644973755
2669,Q7BC51_wild,CCCCC(=O)NC1C(C(C(OC1O)CO)O)O,-1.8750613719653342,0.07137107849121094,0.1860039234161377,-0.2705304026603699
2670,D0VWY5_wild,C(CC(=O)NC(CSSCC(C(=O)NCC(=O)N)NC(=O)CCC(C(=O)O)N)C(=O)NCC(=O)N)C(C(=O)O)N,2.397389495653749,1.451401948928833,-0.7354793548583984,1.6623708009719849
2671,D0VWY5_wild,C1C=CN(C=C1C(=O)N)C2C(C(C(O2)COP(=O)(O)OP(=O)(O)OCC3C(C(C(O3)N4C=NC5=C(N=CN=C54)N)O)O)O)O,2.271454284727918,1.2175253629684448,-1.1937698125839233,2.078382968902588
2672,D0VWY5_wild,C1C=CN(C=C1C(=O)N)C2C(C(C(O2)COP(=O)(O)OP(=O)(O)OCC3C(C(C(O3)N4C=NC5=C(N=CN=C54)N)OP(=O)(O)O)O)O)O,1.1276447378834615,1.1766523122787476,-1.2751845121383667,2.2576422691345215
2673,Q8NFU5_wild,C1=NC(=C2C(=N1)N(C=N2)C3C(C(C(O3)COP(=O)(O)OP(=O)(O)OP(=O)(O)O)O)O)N,0.8750612633917001,0.7081740498542786,-1.715117335319519,1.535067081451416
2674,Q95VY4_wild,C(CC(=O)O)CN,0.7229079844338242,0.3077068030834198,0.8675171136856079,0.15696999430656433
2675,P13743_wild,CC(=O)C(=O)[O-],3.1563470998611955,1.8407739400863647,-0.15145379304885864,2.425692319869995
2676,P00341_wild,CC(=O)C(=O)[O-],3.259275327244034,1.6341387033462524,-0.30654940009117126,2.3250303268432617
2677,P00340_wild,CC(=O)C(=O)[O-],3.192195718843117,1.687595248222351,-0.23257091641426086,2.3848557472229004
2678,P19858_wild,CC(=O)C(=O)[O-],3.12602322620337,1.7519330978393555,-0.3926544785499573,2.481576681137085
2679,P13490_wild,CC(=O)C(=O)[O-],2.839896867258303,2.143587350845337,-0.4912829101085663,2.7437899112701416
2680,Q5E9B1_wild,CC(=O)C(=O)[O-],2.9155756809572306,1.7941421270370483,-0.2988257110118866,2.4125704765319824
2681,P00337_wild,CC(=O)C(=O)[O-],2.879860127183601,1.8725781440734863,-0.18164002895355225,2.4461653232574463
2682,P07195_wild,CC(=O)C(=O)[O-],2.335792168737724,1.7691013813018799,-0.25397971272468567,2.3343520164489746
2683,P00338_wild,CC(=O)C(=O)[O-],2.4771212547196626,1.7203524112701416,-0.36985906958580017,2.4546241760253906
2684,P00338_wild,CC(C(=O)[O-])O,1.912044847371175,1.9596450328826904,0.882698655128479,1.766595721244812
2685,P00338_wild,C(C(=O)C(=O)[O-])O,2.522878701850887,1.8478894233703613,-0.44483721256256104,2.2599411010742188
2686,P00338_wild,CCC(=O)C(=O)O,3.1856364825500574,1.7954846620559692,-0.16260972619056702,1.8495419025421143
2687,P07195_wild,CC(C(=O)[O-])O,1.6989700043360187,1.984997034072876,0.8848276138305664,1.6567037105560303
2688,P07195_wild,C(C(=O)C(=O)[O-])O,2.425968786559088,1.8963334560394287,-0.33529844880104065,2.151029109954834
2689,P07195_wild,CCC(=O)C(=O)O,2.2218488364752442,1.7761105298995972,-0.006976664066314697,1.7216790914535522
2690,P00338_wild,C1C=CN(C=C1C(=O)N)C2C(C(C(O2)COP(=O)(O)OP(=O)(O)OCC3C(C(C(O3)N4C=NC5=C(N=CN=C54)N)O)O)O)O,2.4771212547196626,1.6842433214187622,-1.6318578720092773,2.9764463901519775
2691,P00338_wild,C1=CC(=C[N+](=C1)C2C(C(C(O2)COP(=O)([O-])OP(=O)(O)OCC3C(C(C(O3)N4C=NC5=C(N=CN=C54)N)O)O)O)O)C(=O)N,1.912044847371175,1.4664751291275024,-1.0729573965072632,2.304305076599121
2692,P00338_wild,CC(=O)C1=C[N+](=CC=C1)C2C(C(C(O2)COP(=O)([O-])OP(=O)(O)OCC3C(C(C(O3)N4C=NC5=C(N=CN=C54)N)O)O)O)O,0.6020599913279624,1.4282104969024658,-1.172474980354309,2.409285068511963
2693,P07195_wild,C1C=CN(C=C1C(=O)N)C2C(C(C(O2)COP(=O)(O)OP(=O)(O)OCC3C(C(C(O3)N4C=NC5=C(N=CN=C54)N)O)O)O)O,2.335792168737724,1.6566609144210815,-1.5610084533691406,2.804095983505249
2694,P07195_wild,C1=CC(=C[N+](=C1)C2C(C(C(O2)COP(=O)([O-])OP(=O)(O)OCC3C(C(C(O3)N4C=NC5=C(N=CN=C54)N)O)O)O)O)C(=O)N,1.6989700043360187,1.4201910495758057,-1.0086169242858887,2.1051716804504395
2695,P07195_wild,CC(=O)C1=C[N+](=CC=C1)C2C(C(C(O2)COP(=O)([O-])OP(=O)(O)OCC3C(C(C(O3)N4C=NC5=C(N=CN=C54)N)O)O)O)O,0.45229761990115885,1.3874620199203491,-1.1174460649490356,2.204807996749878
2696,E3I1D3_wild,C1=CC(=C[N+](=C1)C2C(C(C(O2)COP(=O)([O-])OP(=O)(O)OCC3C(C(C(O3)N4C=NC5=C(N=CN=C54)N)O)O)O)O)C(=O)N,1.4983105537896004,0.894015371799469,-0.40381142497062683,1.709246039390564
2697,P30838_wild,CC=O,1.5563025007672873,0.9770632386207581,0.028697382658720016,0.9801128506660461
2698,P30838_wild,CCCC=CC=O,1.7242758696007892,0.04162421077489853,-1.2366753816604614,1.2354180812835693
2699,Q54YL2_wild,C1C(C(OC1N2C=NC3=C(N=CN=C32)N)CO)O,0.568201724066995,-0.15447676181793213,-1.2479666471481323,1.009551763534546
2700,Q54YL2_wild,CC1=CN(C(=O)NC1=O)C2CC(C(O2)CO)O,-2.0915149811213505,-0.043382130563259125,-1.6515052318572998,1.2544113397598267
2701,Q54YL2_wild,C1=NC2=C(N=C(N=C2N1C3C(C(C(O3)CO)O)O)F)N,0.5185139398778875,-0.5322514772415161,-1.1213711500167847,0.7554137706756592
2702,Q93IG4_wild,C1C(C(OC1N2C=NC3=C(N=CN=C32)N)CO)O,0.17026171539495738,0.0946122482419014,-1.2217427492141724,1.2044522762298584
2703,Q93IG4_wild,C1=NC(=C2C(=N1)N(C=N2)C3C(C(C(O3)COP(=O)(O)OP(=O)(O)OP(=O)(O)O)O)O)N,-0.07572071393811836,-0.0855678990483284,-1.2300686836242676,1.1012167930603027
2704,Q93IG4_wild,CC1=CN(C(=O)NC1=O)C2CC(C(O2)COP(=O)(O)OP(=O)(O)OP(=O)(O)O)O,0.21484384804769785,-0.37993329763412476,-1.2402805089950562,1.0650784969329834
2705,Q93IG4_wild,C1=CN(C(=O)N=C1N)C2C(C(C(O2)COP(=O)(O)OP(=O)(O)OP(=O)(O)O)O)O,-0.2076083105017461,-0.1034407839179039,-1.0615919828414917,1.103722095489502
2706,Q93IG4_wild,C1=CN(C(=O)NC1=O)C2C(C(C(O2)COP(=O)(O)OP(=O)(O)OP(=O)(O)O)O)O,-0.44369749923271273,-0.019270099699497223,-1.0747953653335571,1.0811126232147217
2707,B2ABS0_wild,C1=CC=C(C=C1)COC(=O)C2C(C(C(C(O2)O)O)O)O,0.8920946026904804,1.4836543798446655,0.6111278533935547,0.22973468899726868
2708,G2QJR6_wild,C1=CC=C(C=C1)COC(=O)C2C(C(C(C(O2)O)O)O)O,0.5440680443502757,1.5592353343963623,0.8421066999435425,0.3817523121833801
2709,Q9X0C7_wild,C1=NC(=C(N1C2C(C(C(O2)COP(=O)(O)O)O)O)NC=NC3C(C(C(O3)COP(=O)(O)O)O)O)C(=O)N,1.505149978319906,0.7222276329994202,-2.2375729084014893,1.567685604095459
2710,Q9X0C7_H48A,C1=NC(=C(N1C2C(C(C(O2)COP(=O)(O)O)O)O)NC=NC3C(C(C(O3)COP(=O)(O)O)O)O)C(=O)N,-0.42021640338318983,0.6229740381240845,-2.202317476272583,1.4996436834335327
2711,Q9X0C7_D51N,C1=NC(=C(N1C2C(C(C(O2)COP(=O)(O)O)O)O)NC=NC3C(C(C(O3)COP(=O)(O)O)O)O)C(=O)N,-0.5376020021010439,0.702785074710846,-2.233597993850708,1.5559546947479248
2712,Q9X0C7_R83N,C1=NC(=C(N1C2C(C(C(O2)COP(=O)(O)O)O)O)NC=NC3C(C(C(O3)COP(=O)(O)O)O)O)C(=O)N,-0.6382721639824072,0.6841799020767212,-2.220562696456909,1.5303300619125366
2713,Q9X0C7_D127N,C1=NC(=C(N1C2C(C(C(O2)COP(=O)(O)O)O)O)NC=NC3C(C(C(O3)COP(=O)(O)O)O)O)C(=O)N,-3.5686362358410126,0.6154139637947083,-2.1839354038238525,1.4684412479400635
2714,Q9X0C7_T164A,C1=NC(=C(N1C2C(C(C(O2)COP(=O)(O)O)O)O)NC=NC3C(C(C(O3)COP(=O)(O)O)O)O)C(=O)N,-1.744727494896694,0.6625929474830627,-2.222163200378418,1.5276134014129639
2715,O34667_wild,C(CSCC1C(C(C(O1)O)O)O)C(C(=O)O)N,-1.5228787452803376,-0.8554971218109131,-1.6716591119766235,0.8922141194343567
2716,P22303_F338A,CC(=O)SCC[N+](C)(C)C,3.452297619901159,0.9445160627365112,-0.8468567132949829,2.6615889072418213
2717,P22303_wild,CCCSC(=O)C,2.263241355811941,0.6054909825325012,-0.2263663411140442,1.6811798810958862
2718,P22303_wild,CC(=O)OC1=CC=C(C=C1)[N+](=O)[O-],3.263241355811941,1.3820194005966187,-0.22243818640708923,1.9732575416564941
2719,P22303_F338A,CCCSC(=O)C,1.9030899869919435,0.5760652422904968,-0.22865894436836243,1.665091872215271
2720,P22303_F338A,CC(=O)OC1=CC=C(C=C1)[N+](=O)[O-],2.522878701850887,1.347098469734192,-0.20873846113681793,1.953751802444458
2721,P22303_F338A,CCC(=O)SCC[N+](C)(C)C,2.9208187365805958,0.8888302445411682,-0.9255623817443848,2.6456892490386963
2722,P22303_wild,CCCC(=O)SCC[N+](C)(C)C,2.0969100130080562,0.9467070698738098,-0.7567296028137207,2.499873161315918
2723,P21836_wild,CC(=O)SCC[N+](C)(C)C,3.367976723252521,1.0219972133636475,-0.8796747922897339,2.681889533996582
2724,P21836_F338G,CC(=O)SCC[N+](C)(C)C,2.5835765478692103,0.970115602016449,-0.8771684169769287,2.6482932567596436
2725,P23908_wild,CC(=O)NC(CCCN)C(=O)O,3.57978359661681,1.4056636095046997,0.7394499778747559,1.2793934345245361
2726,P23908_wild,CC(C(=O)O)NC(=O)C,2.0791812460476247,1.4130464792251587,1.0037906169891357,1.1952332258224487
2727,P23908_wild,CC(=O)NC(CC(=O)N)C(=O)O,1.9637878273455553,1.4409743547439575,0.7111976146697998,1.167216420173645
2728,P23908_wild,CC(=O)NC(CS)C(=O)O,2.0,1.3318361043930054,0.37418314814567566,1.3732874393463135
2729,P23908_wild,CC(=O)NC(CCC(=O)N)C(=O)O,2.414973347970818,1.1299530267715454,0.7682143449783325,0.9377022385597229
2730,P23908_wild,C(C(=O)O)NC(=O)CCl,2.113943352306837,1.0427651405334473,0.7980433702468872,1.0143802165985107
2731,P23908_wild,CC(C)CC(C(=O)O)NC(=O)C,2.6232492903979003,1.6888371706008911,0.8211950063705444,1.3018791675567627
2732,P23908_wild,CC(=O)NC(CCCCN)C(=O)O,2.568201724066995,1.1035783290863037,0.726571798324585,1.1319516897201538
2733,P23908_wild,CC(=O)NC(CCSC)C(=O)O,3.230448921378274,1.516920566558838,0.36468830704689026,1.6109713315963745
2734,P23908_wild,CSCCC(C(=O)O)NC=O,3.255272505103306,1.044217824935913,0.26002106070518494,1.4239318370819092
2735,P23908_wild,CC(=O)NC(CO)C(=O)O,1.9030899869919435,1.5271133184432983,0.8162146806716919,1.345654010772705
2736,Q03311_wild,CC(=O)SCC[N+](C)(C)C,2.8239087626590424,0.7270426154136658,-0.9744778871536255,2.345399856567383
2737,Q8PS97_wild,C(CCN)CC(C(=O)O)N,-0.619788758288394,0.07580890506505966,0.5570330619812012,-0.027507811784744263
2738,Q9HVQ3_wild,C(CCN)CC(C(=O)O)N,-0.6777807052660807,0.48929163813591003,0.41393521428108215,0.3501984179019928
2739,A0A0R4J8C9_wild,C(CCN)CC(C(=O)O)N,-0.5228787452803376,0.509353756904602,0.5988103151321411,0.2785595655441284
2740,Q9X2I6_wild,C(CCN)CC(C(=O)O)N,0.17609125905568124,-0.057989247143268585,0.8088959455490112,-0.18948858976364136
2741,P50163_Y100H,C1C=CN(C=C1C(=O)N)C2C(C(C(O2)COP(=O)(O)OP(=O)(O)OCC3C(C(C(O3)N4C=NC5=C(N=CN=C54)N)OP(=O)(O)O)O)O)O,0.8350561017201162,0.40786024928092957,-1.682897686958313,1.833909034729004
2742,P50163_Y100H,CN1C2CCC1CC(=O)C2,0.8350561017201162,0.13677546381950378,0.3941475450992584,0.28893131017684937
2743,P50163_S148A,CN1C2CCC1CC(=O)C2,0.24797326636180664,0.11805327981710434,0.3672185242176056,0.29739105701446533
2744,P50163_S148A,C1C=CN(C=C1C(=O)N)C2C(C(C(O2)COP(=O)(O)OP(=O)(O)OCC3C(C(C(O3)N4C=NC5=C(N=CN=C54)N)OP(=O)(O)O)O)O)O,0.24797326636180664,0.3899723291397095,-1.704588770866394,1.8394725322723389
2745,P50163_E156V,C1C=CN(C=C1C(=O)N)C2C(C(C(O2)COP(=O)(O)OP(=O)(O)OCC3C(C(C(O3)N4C=NC5=C(N=CN=C54)N)OP(=O)(O)O)O)O)O,0.045322978786657475,0.4175707697868347,-1.7517333030700684,1.9016571044921875
2746,P50163_E156V,CN1C2CCC1CC(=O)C2,0.045322978786657475,0.12417173385620117,0.30186107754707336,0.32405757904052734
2747,P50163_Y100H/S148A,CN1C2CCC1CC(=O)C2,0.6608654780038692,0.12424342334270477,0.39846283197402954,0.3030391335487366
2748,P50163_Y100H/S148A,C1C=CN(C=C1C(=O)N)C2C(C(C(O2)COP(=O)(O)OP(=O)(O)OCC3C(C(C(O3)N4C=NC5=C(N=CN=C54)N)OP(=O)(O)O)O)O)O,0.6608654780038692,0.4028145968914032,-1.6839343309402466,1.8444522619247437
2749,P50163_S148A/E156V,C1C=CN(C=C1C(=O)N)C2C(C(C(O2)COP(=O)(O)OP(=O)(O)OCC3C(C(C(O3)N4C=NC5=C(N=CN=C54)N)OP(=O)(O)O)O)O)O,0.4014005407815441,0.4110555350780487,-1.7529023885726929,1.908634901046753
2750,P50163_S148A/E156V,CN1C2CCC1CC(=O)C2,0.4014005407815441,0.10970393568277359,0.3046469986438751,0.33841079473495483
2751,P50163_E156V/Y100H,C1C=CN(C=C1C(=O)N)C2C(C(C(O2)COP(=O)(O)OP(=O)(O)OCC3C(C(C(O3)N4C=NC5=C(N=CN=C54)N)OP(=O)(O)O)O)O)O,0.00860017176191757,0.42853838205337524,-1.727772831916809,1.907038927078247
2752,P50163_E156V/Y100H,CN1C2CCC1CC(=O)C2,0.00860017176191757,0.13401634991168976,0.33553001284599304,0.3271369934082031
2753,P50163_Y100H/S148A/E156V,CN1C2CCC1CC(=O)C2,0.6866362692622934,0.1202111765742302,0.33760958909988403,0.34204554557800293
2754,P50163_Y100H/S148A/E156V,C1C=CN(C=C1C(=O)N)C2C(C(C(O2)COP(=O)(O)OP(=O)(O)OCC3C(C(C(O3)N4C=NC5=C(N=CN=C54)N)OP(=O)(O)O)O)O)O,0.6866362692622934,0.4226265847682953,-1.7297956943511963,1.9161994457244873
2755,P50163_L210I/L213F,CN1C2CCC1CC(=O)C2,0.2741578492636798,0.147874653339386,0.35214531421661377,0.29447513818740845
2756,P50163_L210I/L213F,C1C=CN(C=C1C(=O)N)C2C(C(C(O2)COP(=O)(O)OP(=O)(O)OCC3C(C(C(O3)N4C=NC5=C(N=CN=C54)N)OP(=O)(O)O)O)O)O,0.2741578492636798,0.4125666320323944,-1.7068877220153809,1.8436061143875122
2757,P0A6L4_N4E,CC(=O)NC1C(CC(OC1C(C(CO)O)O)(C(=O)O)O)O,0.23044892137827394,0.8434241414070129,0.5922286510467529,0.4172118902206421
2758,Q9Y6A2_wild,CCC1=CC=CC2=C1OC(=C2)C(CNC(C)(C)C)O,-4.778151163524756,-0.8377929329872131,-1.5865561962127686,1.2421307563781738
2759,Q9Y6A2_wild,CC(=O)C1CCC2C1(CCC3C2CCC4=CC(=O)CCC34C)C,-3.6989700043360187,-0.7478166222572327,-2.4040567874908447,1.6068496704101562
2760,Q9Y6A2_wild,CN1CCC23CCCCC2C1CC4=C3C=C(C=C4)OC,-3.3467874862246565,-0.679223358631134,-1.3593629598617554,1.3472414016723633
2761,Q9Y6A2_wild,CC12CCC(=O)C=C1CCC3C2C(CC4(C3CCC4(C(=O)CO)O)C)O,-3.2099495028412717,-0.5044335722923279,-2.4214885234832764,1.5598416328430176
2762,Q9Y6A2_wild,C1=CC=C(C(=C1)CC(=O)O)NC2=C(C=CC=C2Cl)Cl,-3.0222763947111524,-0.6248541474342346,-1.6720057725906372,1.331407070159912
2763,Q9Y6A2_wild,CCOC1=CC=C(C=C1)NC(=O)C,-3.0147232418450347,-0.4540417492389679,-0.9561947584152222,1.1951191425323486
2764,Q9Y6A2_wild,CC12CCC3C(C1CCC2O)CCC4=CC(=O)CCC34C,-1.4771212981491129,-0.5490182042121887,-2.516589879989624,1.3664783239364624
