,fasta_id,smiles,Label,pred_log10[kcat(s^-1)],pred_log10[Km(mM)],pred_log10[kcat/Km(s^-1mM^-1)]
0,P9WNP7_wild,C1=CC(=C[N+](=C1)C2C(C(C(O2)COP(=O)([O-])OP(=O)(O)OCC3C(C(C(O3)N4C=NC5=C(N=CN=C54)N)O)O)O)O)C(=O)N,-2.3979400086720375,0.9472918510437012,0.31214845180511475,0.12687617540359497
1,P9WNP7_wild,CC(CC(=O)SCCNC(=O)CCNC(=O)C(C(C)(C)COP(=O)(O)OP(=O)(O)OCC1C(C(C(O1)N2C=NC3=C(N=CN=C32)N)O)OP(=O)(O)O)O)O,-1.9208187539523751,0.9922831058502197,-0.2154363989830017,0.2050827145576477
2,P9WNP7_wild,CC(=O)CC(=O)SCCNC(=O)CCNC(=O)C(C(C)(C)COP(=O)(O)OP(=O)(O)OCC1C(C(C(O1)N2C=NC3=C(N=CN=C32)N)O)OP(=O)(O)O)O,-1.958607314841775,1.0055886507034302,-0.2672606408596039,0.218012273311615
3,P9WNP7_wild,C1C=CN(C=C1C(=O)N)C2C(C(C(O2)COP(=O)(O)OP(=O)(O)OCC3C(C(C(O3)N4C=NC5=C(N=CN=C54)N)O)O)O)O,-0.7235381958267558,1.530160665512085,-0.4259282946586609,0.8931509852409363
4,Q0KEY8_wild,CC(=O)CC(=O)SCCNC(=O)CCNC(=O)C(C(C)(C)COP(=O)(O)OP(=O)(O)OCC1C(C(C(O1)N2C=NC3=C(N=CN=C32)N)O)OP(=O)(O)O)O,4.658011396657113,1.7047829627990723,-1.426614761352539,2.0453789234161377
5,Q86TU7_N256A,C[S+](CCC(C(=O)[O-])N)CC1C(C(C(O1)N2C=NC3=C(N=CN=C32)N)O)O,-2.958607314841775,-0.36541828513145447,-2.9754981994628906,0.7311475276947021
6,Q86TU7_R75A,C[S+](CCC(C(=O)[O-])N)CC1C(C(C(O1)N2C=NC3=C(N=CN=C32)N)O)O,-3.5686362358410126,-0.3322676420211792,-2.9666638374328613,0.7480199337005615
7,Q86TU7_N256Q,C[S+](CCC(C(=O)[O-])N)CC1C(C(C(O1)N2C=NC3=C(N=CN=C32)N)O)O,-2.2006594505464183,-0.3797255754470825,-2.9744465351104736,0.7264189720153809
8,Q86TU7_N256D,C[S+](CCC(C(=O)[O-])N)CC1C(C(C(O1)N2C=NC3=C(N=CN=C32)N)O)O,-3.1739251972991736,-0.4062180519104004,-2.947812557220459,0.6953748464584351
9,Q86TU7_R316A,C[S+](CCC(C(=O)[O-])N)CC1C(C(C(O1)N2C=NC3=C(N=CN=C32)N)O)O,-2.3872161432802645,-0.36837539076805115,-2.969545841217041,0.725389838218689
10,Q86TU7_Y313F,C[S+](CCC(C(=O)[O-])N)CC1C(C(C(O1)N2C=NC3=C(N=CN=C32)N)O)O,-2.7958800173440754,-0.459222674369812,-2.9464733600616455,0.6447070240974426
11,Q86TU7_N278A,C[S+](CCC(C(=O)[O-])N)CC1C(C(C(O1)N2C=NC3=C(N=CN=C32)N)O)O,-4.769551078621726,-0.47364550828933716,-2.9758400917053223,0.6294481158256531
12,Q86TU7_wild,C[S+](CCC(C(=O)[O-])N)CC1C(C(C(O1)N2C=NC3=C(N=CN=C32)N)O)O,-1.9507819773298185,-0.3575335144996643,-2.972804069519043,0.7331268787384033
13,Q86TU7_R215A,C[S+](CCC(C(=O)[O-])N)CC1C(C(C(O1)N2C=NC3=C(N=CN=C32)N)O)O,-2.4377071355435254,-0.35128653049468994,-2.956517219543457,0.7332600951194763
14,Q96G61_wild,C1=NC(=C2C(=N1)N(C=N2)C3C(C(C(O3)COP(=O)(O)OP(=O)(O)OP(=O)(O)OP(=O)(O)OP(=O)(O)OP(=O)(O)OCC4C(C(C(O4)N5C=NC6=C(N=CN=C65)N)O)O)O)O)N,-0.7695510786217261,0.2713174819946289,-1.9887351989746094,1.266381859779358
15,Q96G61_wild,C1=NC(=C2C(=N1)N(C=N2)C3C(C(C(O3)COP(=O)(O)OP(=O)(O)OP(=O)(O)OP(=O)(O)OP(=O)(O)OCC4C(C(C(O4)N5C=NC6=C(N=CN=C65)N)O)O)O)O)N,-0.3979400086720376,0.3244660496711731,-1.862236738204956,1.2375400066375732
16,Q8NFP7_wild,C1=NC(=C2C(=N1)N(C=N2)C3C(C(C(O3)COP(=O)(O)OP(=O)(O)OP(=O)(O)OP(=O)(O)OP(=O)(O)OCC4C(C(C(O4)N5C=NC6=C(N=CN=C65)N)O)O)O)O)N,-0.09691001300805639,0.3587629497051239,-1.8256760835647583,1.2269129753112793
17,Q8NFP7_wild,C1=NC(=C2C(=N1)N(C=N2)C3C(C(C(O3)COP(=O)(O)OP(=O)(O)OP(=O)(O)OP(=O)(O)OP(=O)(O)OP(=O)(O)OCC4C(C(C(O4)N5C=NC6=C(N=CN=C65)N)O)O)O)O)N,-0.6989700043360187,0.30605995655059814,-1.9528560638427734,1.2556846141815186
18,O95989_wild,C1=NC(=C2C(=N1)N(C=N2)C3C(C(C(O3)COP(=O)(O)OP(=O)(O)OP(=O)(O)OP(=O)(O)OP(=O)(O)OP(=O)(O)OCC4C(C(C(O4)N5C=NC6=C(N=CN=C65)N)O)O)O)O)N,-0.3010299956639812,0.4694571793079376,-2.0715861320495605,1.300065517425537
19,O95989_wild,C1=NC(=C2C(=N1)N(C=N2)C3C(C(C(O3)COP(=O)(O)OP(=O)(O)OP(=O)(O)OP(=O)(O)OP(=O)(O)OCC4C(C(C(O4)N5C=NC6=C(N=CN=C65)N)O)O)O)O)N,-0.37675070960209955,0.5178307294845581,-1.9748367071151733,1.2654049396514893
20,C7FF04_wild,C1CCOC(C1)OC2=CC=C(C=C2)O,0.290034611362518,1.9147918224334717,0.12661167979240417,1.239423155784607
21,C7FF04_wild,C1=CC(=CC=C1O)OC2C(C(C(C(O2)CO)O)O)O,0.5763413502057929,1.8544431924819946,0.025246841832995415,0.9747158885002136
22,C7FF05_wild,C1=CC=C(C=C1)O,1.0530784434834197,1.461222767829895,-0.15242555737495422,1.4266892671585083
23,C7FF05_wild,C1=CC=C(C(=C1)O)O,3.03342375548695,2.1523940563201904,-0.2260213941335678,1.9854869842529297
24,C7FF05_wild,C1=CC(=CC=C1CCN)O,1.1931245983544616,0.8771636486053467,0.42250505089759827,0.9669511318206787
25,C7FF05_wild,C1=CC(=CC=C1CC(C(=O)O)N)O,0.5763413502057929,1.704743504524231,0.041344448924064636,1.3673465251922607
26,C7FF05_wild,C1=CC(=C(C=C1CCN)O)O,3.404833716619938,1.887627363204956,-0.10026710480451584,1.5277578830718994
27,C7FF05_wild,C1=CC(=C(C=C1CC(C(=O)O)N)O)O,3.2576785748691846,1.941493272781372,-0.07044912874698639,1.612691879272461
28,B2ILS5_wild,CC(=C)CCOP(=O)(O)OP(=O)(O)O,-0.8507808873446201,-0.3278905153274536,-2.0161290168762207,0.9934141039848328
29,Q9SCL7_wild,CC(=O)NC(CCC(=O)O)C(=O)O,2.2730012720637376,1.3333286046981812,0.5522956252098083,0.6913185715675354
30,A4IP64_wild,C1=CC(=C[N+](=C1)C2C(C(C(O2)COP(=O)(O)OP(=O)(O)OCC3C(C(C(O3)N4C=NC5=C(N=CN=C54)N)OP(=O)(O)O)O)O)O)C(=O)N,1.6424645202421213,0.783359944820404,-0.6047082543373108,1.4125778675079346
31,A4IP64_wild,CCO,2.8052969161579853,0.5849300622940063,0.6343210935592651,0.9052640795707703
32,A4IP64_wild,CC=O,2.6072405038317426,0.709112286567688,0.4284687638282776,1.190016508102417
33,A4IP64_wild,C1=CC(=C[N+](=C1)C2C(C(C(O2)COP(=O)([O-])OP(=O)(O)OCC3C(C(C(O3)N4C=NC5=C(N=CN=C54)N)O)O)O)O)C(=O)N,2.646501750031612,0.6610633134841919,-0.5770249366760254,1.2339258193969727
34,A4IP64_wild,C1C=CN(C=C1C(=O)N)C2C(C(C(O2)COP(=O)(O)OP(=O)(O)OCC3C(C(C(O3)N4C=NC5=C(N=CN=C54)N)O)O)O)O,3.2163506691391963,1.1570103168487549,-0.9600049257278442,1.8638418912887573
35,Q5JI09_wild,C1=CC(=C[N+](=C1)C2C(C(C(O2)COP(=O)(O)OP(=O)(O)OCC3C(C(C(O3)N4C=NC5=C(N=CN=C54)N)OP(=O)(O)O)O)O)O)C(=O)N,1.4771212547196624,0.7169572114944458,-0.8646610975265503,1.3796443939208984
36,Q5JI09_wild,C1C=CN(C=C1C(=O)N)C2C(C(C(O2)COP(=O)(O)OP(=O)(O)OCC3C(C(C(O3)N4C=NC5=C(N=CN=C54)N)O)O)O)O,1.2380461031287955,0.6311140656471252,-0.8559611439704895,1.7634963989257812
37,Q5JI09_wild,C1=CC(=C[N+](=C1)C2C(C(C(O2)COP(=O)([O-])OP(=O)(O)OCC3C(C(C(O3)N4C=NC5=C(N=CN=C54)N)O)O)O)O)C(=O)N,1.4885507165004443,0.6988182067871094,-0.35837316513061523,1.2264859676361084
38,Q5JI09_wild,CC(C(C)O)O,1.6414741105040995,0.4482112526893616,0.7320496439933777,0.22382643818855286
39,Q5JI09_wild,CC(C(=O)C)O,1.1367205671564067,0.5426849126815796,0.4810158908367157,0.282058984041214
40,Q5JI09_wild,CC(C1=CC=CC=C1)O,1.5526682161121932,-0.07521424442529678,0.6202595233917236,0.40078219771385193
41,G3BJX3_wild,C1=CC(=CC=C1[N+](=O)[O-])OC2C(C(C(C(O2)CO)O)O)O,2.1024337056813365,0.32608628273010254,-0.6035805940628052,1.3650118112564087
42,G3BJX4_wild,C1=CC(=CC=C1[N+](=O)[O-])OC2C(C(C(C(O2)CO)O)O)O,2.307496037913213,0.17786073684692383,-0.7043759822845459,1.3540536165237427
43,P00734_wild,CC(C)CC(C(=O)NC(C)C(=O)NC(CCC(=O)O)C(=O)NCC(=O)NCC(=O)NCC(=O)NC(C(C)C)C(=O)NC(CCCN=C(N)N)C(=O)O)NC(=O)C(CC1=CC=CC=C1)NC(=O)C(CC(=O)O)NC(=O)CNC(=O)C(CCC(=O)O)NC(=O)CNC(=O)C(CO)NC(=O)C(CC(=O)O)NC(=O)C(C)N,1.6560982020128319,1.0086745023727417,-1.304317593574524,2.455305576324463
44,M1V9Q0_wild,CC(=CCCC(=CCCC(=CCCC(=CCOP(=O)(O)OP(=O)(O)O)C)C)C)C,-1.3279021420642825,-2.6607143878936768,-2.3997573852539062,0.09699594974517822
45,Q4JA33_F219L,CC(=CCCC(=CCCC(=CCCC(=CCOP(=O)(O)OP(=O)(O)O)C)C)C)C,-1.8860566476931633,-0.76994788646698,-2.1095025539398193,1.498405933380127
46,Q4JA33_G91H,CC(=CCCC(=CCCC(=CCCC(=CCOP(=O)(O)OP(=O)(O)O)C)C)C)C,-1.8601209135987635,-0.7262214422225952,-2.143115997314453,1.5225354433059692
47,Q4JA33_I206F/L377H,CC(=CCCC(=CCCC(=CCCC(=CCOP(=O)(O)OP(=O)(O)O)C)C)C)C,-1.8013429130455774,-0.7450554370880127,-2.1509077548980713,1.5313353538513184
48,Q4JA33_wild,CC(=CCCC(=CCCC(=CCCC(=CCOP(=O)(O)OP(=O)(O)O)C)C)C)C,-2.1739251972991736,-0.7257239818572998,-2.1283926963806152,1.5368881225585938
49,Q4JA33_I206F,CC(=CCCC(=CCCC(=CCCC(=CCOP(=O)(O)OP(=O)(O)O)C)C)C)C,-2.0555173278498313,-0.7324345111846924,-2.1308701038360596,1.5317392349243164
50,Q4JA33_L377H,CC(=CCCC(=CCCC(=CCCC(=CCOP(=O)(O)OP(=O)(O)O)C)C)C)C,-1.8068754016455384,-0.7380793690681458,-2.1475863456726074,1.5363373756408691
51,Q2I828_wild,C1C=CN(C=C1C(=O)N)C2C(C(C(O2)COP(=O)(O)OP(=O)(O)OCC3C(C(C(O3)N4C=NC5=C(N=CN=C54)N)O)O)O)O,2.0755469613925306,1.6388083696365356,-1.217286229133606,2.424060344696045
52,Q2I827_wild,C1C=CN(C=C1C(=O)N)C2C(C(C(O2)COP(=O)(O)OP(=O)(O)OCC3C(C(C(O3)N4C=NC5=C(N=CN=C54)N)O)O)O)O,2.230448921378274,1.5899081230163574,-1.1551836729049683,2.431666374206543
53,Q2I826_wild,C1C=CN(C=C1C(=O)N)C2C(C(C(O2)COP(=O)(O)OP(=O)(O)OCC3C(C(C(O3)N4C=NC5=C(N=CN=C54)N)O)O)O)O,2.1072099696478683,1.70090913772583,-1.228757619857788,2.319408655166626
54,P67603_wild,CCCCCOC(=O)NC1=NC(=O)N(C=C1F)C2C(C(C(O2)C)O)O,-1.7958800173440752,0.1478882133960724,-0.7493553161621094,0.06058359146118164
55,P67603_wild,CC(=O)NC1=CC=NC(=O)N1,1.845098040014257,0.1475004255771637,-0.2298581451177597,-0.17281553149223328
56,P67603_wild,CC(=O)NC1=NC(=O)N(C=C1)C2C(C(C(O2)CO)O)O,2.292256071356476,0.5365534424781799,-0.370627224445343,0.12798485159873962
57,P67603_Y89A,CC(=O)NC1=NC(=O)N(C=C1)C2C(C(C(O2)CO)O)O,1.6020599913279625,0.5329663753509521,-0.35033494234085083,0.22548437118530273
58,P67603_wild,CC(=O)NC1=C(C=NC(=O)N1)F,1.954242509439325,0.272134006023407,-0.3176911473274231,-0.020686209201812744
59,P67603_E74A,CC(=O)NC1=NC(=O)N(C=C1)C2C(C(C(O2)CO)O)O,-1.154901959985743,0.416081964969635,-0.3453676700592041,0.03412514925003052
60,P67603_wild,C1C(C(OC1N2C=CC(=NC2=O)NC(=O)C3=CC=CC=C3)CO)O,-1.154901959985743,0.6070072054862976,-0.5483207106590271,0.6414811611175537
61,P67603_wild,C1=CC=C(C=C1)C(=O)NC2=NC(=O)N(C=C2)C3C(C(C(O3)CO)O)O,0.25527250510330607,0.6860359907150269,-0.7184504270553589,0.4835284948348999
62,P67603_wild,CC(C)C(=O)NC1=NC(=O)N(C=C1)C2CC(C(O2)CO)O,1.8750612633917,0.6655161380767822,-0.4200449585914612,0.3518354296684265
63,P67603_H70A,CC(=O)NC1=NC(=O)N(C=C1)C2C(C(C(O2)CO)O)O,1.3617278360175928,0.5913214087486267,-0.3327298164367676,0.14833109080791473
64,P67603_E74A,CC(=O)NC1=CC=NC(=O)N1,-0.6575773191777937,0.014740440994501114,-0.17640255391597748,-0.27366647124290466
65,P67603_D27A,CC(=O)NC1=NC(=O)N(C=C1)C2C(C(C(O2)CO)O)O,2.4771212547196626,0.47212928533554077,-0.3774604797363281,0.1473083347082138
66,P67603_wild,CC(=O)NC1=NC(=O)N(C=C1)C2CC(C(O2)CO)O,2.0043213737826426,0.5665136575698853,-0.46322497725486755,0.32957857847213745
67,P9WQA3_G167A,C(C1C(C(C(O1)(COP(=O)(O)O)O)O)O)OP(=O)(O)O,-0.7695510786217261,0.7656426429748535,-1.6027967929840088,0.822144627571106
68,P9WQA3_E169A,C(C1C(C(C(O1)(COP(=O)(O)O)O)O)O)OP(=O)(O)O,-2.0,0.9061508178710938,-1.6248869895935059,0.9306031465530396
69,P9WQA3_D276A,C(C1C(C(C(O1)(COP(=O)(O)O)O)O)O)OP(=O)(O)O,-0.3467874862246563,0.5233591794967651,-1.6156014204025269,0.6717798113822937
70,P9WQA3_G167A/G166A,C(C1C(C(C(O1)(COP(=O)(O)O)O)O)O)OP(=O)(O)O,-0.958607314841775,0.6319507360458374,-1.5754175186157227,0.7078534960746765
71,P9WQA3_E168A,C(C1C(C(C(O1)(COP(=O)(O)O)O)O)O)OP(=O)(O)O,0.4265112613645752,0.9106288552284241,-1.6325410604476929,0.9484530091285706
72,P9WQA3_wild,C(C1C(C(C(O1)(COP(=O)(O)O)O)O)O)OP(=O)(O)O,1.0791812460476249,0.9170815944671631,-1.6297231912612915,0.943971574306488
73,Q6J541_wild,CC(C)C(C(=O)O)N,-0.08092190762392612,-0.4764299988746643,-0.0709555521607399,0.13154219090938568
74,Q6J540_wild,CC(C)C(C(=O)O)N,0.08990511143939793,-0.4162119925022125,-0.07653412222862244,0.13070324063301086
75,Q9M7B8_wild,CC(C)C(C(=O)O)N,-0.790484985457369,-0.12999087572097778,-0.010185109451413155,0.2309480458498001
76,Q9M7B8_wild,CCC(C)C(C(=O)O)N,-0.9871627752948278,-0.2451053261756897,-0.42248228192329407,0.22681966423988342
77,D2YZL2_wild,CC(C)C(C(C(=O)[O-])O)C(=O)[O-],1.2304489213782739,0.14180198311805725,-1.2944093942642212,1.4514451026916504
78,P61494_A172V,C1=CC(=C[N+](=C1)C2C(C(C(O2)COP(=O)([O-])OP(=O)(O)OCC3C(C(C(O3)N4C=NC5=C(N=CN=C54)N)O)O)O)O)C(=O)N,2.342422680822206,0.9766322374343872,-0.6853617429733276,1.449920892715454
79,P61494_A172V,CC(C)C(C(C(=O)[O-])O)C(=O)[O-],2.342422680822206,0.5820043087005615,-1.4569621086120605,1.3643975257873535
80,P61494_wild,C1=CC(=C[N+](=C1)C2C(C(C(O2)COP(=O)([O-])OP(=O)(O)OCC3C(C(C(O3)N4C=NC5=C(N=CN=C54)N)O)O)O)O)C(=O)N,2.2121876044039577,0.9661608934402466,-0.6762014627456665,1.4333040714263916
81,P61494_wild,CC(C)C(C(C(=O)[O-])O)C(=O)[O-],2.2121876044039577,0.5798056721687317,-1.449268102645874,1.3569793701171875
82,Q5SIY4_F53L/V61I,C1=CC(=C[N+](=C1)C2C(C(C(O2)COP(=O)([O-])OP(=O)(O)OCC3C(C(C(O3)N4C=NC5=C(N=CN=C54)N)O)O)O)O)C(=O)N,1.1760912590556813,0.9672485589981079,-0.6659494638442993,1.417789101600647
83,Q5SIY4_R58L,C1=CC(=C[N+](=C1)C2C(C(C(O2)COP(=O)([O-])OP(=O)(O)OCC3C(C(C(O3)N4C=NC5=C(N=CN=C54)N)O)O)O)O)C(=O)N,1.2479732663618066,0.9379293918609619,-0.6231966018676758,1.3809764385223389
84,Q5SIY4_wild,C1=CC(=C[N+](=C1)C2C(C(C(O2)COP(=O)([O-])OP(=O)(O)OCC3C(C(C(O3)N4C=NC5=C(N=CN=C54)N)O)O)O)O)C(=O)N,1.8976270912904414,0.9570127725601196,-0.6567964553833008,1.3982479572296143
85,Q5SIY4_N102A,CC(C)C(C(C(=O)[O-])O)C(=O)[O-],-0.2596373105057561,0.4394857883453369,-1.3508609533309937,1.2041739225387573
86,Q5SIY4_wild,CC(C)C(C(C(=O)[O-])O)C(=O)[O-],1.6020599913279625,0.5432274341583252,-1.4208472967147827,1.314943790435791
87,Q5SIY4_L134N/V181T/P324T/A335E,C1=CC(=C[N+](=C1)C2C(C(C(O2)COP(=O)([O-])OP(=O)(O)OCC3C(C(C(O3)N4C=NC5=C(N=CN=C54)N)O)O)O)O)C(=O)N,1.4014005407815442,0.9781549572944641,-0.6347552537918091,1.380008578300476
88,Q5SIY4_D184H,C1=CC(=C[N+](=C1)C2C(C(C(O2)COP(=O)([O-])OP(=O)(O)OCC3C(C(C(O3)N4C=NC5=C(N=CN=C54)N)O)O)O)O)C(=O)N,1.0492180226701815,0.9714421033859253,-0.6439114212989807,1.3938075304031372
89,Q5SIY4_V181T/P324T/A335E,C1=CC(=C[N+](=C1)C2C(C(C(O2)COP(=O)([O-])OP(=O)(O)OCC3C(C(C(O3)N4C=NC5=C(N=CN=C54)N)O)O)O)O)C(=O)N,1.1205739312058498,1.0360571146011353,-0.6694761514663696,1.4267568588256836
90,Q5SIY4_P324T,C1=CC(=C[N+](=C1)C2C(C(C(O2)COP(=O)([O-])OP(=O)(O)OCC3C(C(C(O3)N4C=NC5=C(N=CN=C54)N)O)O)O)O)C(=O)N,1.1398790864012365,1.0681716203689575,-0.680834174156189,1.493238091468811
91,Q5SIY4_D245A,CC(C)C(C(C(=O)[O-])O)C(=O)[O-],-0.36351210364663455,0.19625696539878845,-1.3646819591522217,1.0045878887176514
92,Q5SIY4_D241A/K185A,CC(C)C(C(C(=O)[O-])O)C(=O)[O-],-2.6020599913279625,-0.1027810350060463,-1.313796877861023,0.7161096334457397
93,Q5SIY4_V181T,C1=CC(=C[N+](=C1)C2C(C(C(O2)COP(=O)([O-])OP(=O)(O)OCC3C(C(C(O3)N4C=NC5=C(N=CN=C54)N)O)O)O)O)C(=O)N,1.0086001717619175,0.951722264289856,-0.6545396447181702,1.3777647018432617
94,Q5SIY4_Y139A,CC(C)C(C(C(=O)[O-])O)C(=O)[O-],-0.9665762445130504,0.2335045039653778,-1.3142457008361816,1.0033613443374634
95,Q5SIY4_D217A,CC(C)C(C(C(=O)[O-])O)C(=O)[O-],-1.3467874862246563,0.301838219165802,-1.4047812223434448,1.1208813190460205
96,Q5SIY4_L134N,C1=CC(=C[N+](=C1)C2C(C(C(O2)COP(=O)([O-])OP(=O)(O)OCC3C(C(C(O3)N4C=NC5=C(N=CN=C54)N)O)O)O)O)C(=O)N,1.4756711883244296,0.9016035199165344,-0.6222894787788391,1.3511457443237305
97,Q5SIY4_P56E,C1=CC(=C[N+](=C1)C2C(C(C(O2)COP(=O)([O-])OP(=O)(O)OCC3C(C(C(O3)N4C=NC5=C(N=CN=C54)N)O)O)O)O)C(=O)N,1.1643528557844371,0.9016094207763672,-0.6363574266433716,1.3401129245758057
98,Q5SIY4_S261N/A335E,C1=CC(=C[N+](=C1)C2C(C(C(O2)COP(=O)([O-])OP(=O)(O)OCC3C(C(C(O3)N4C=NC5=C(N=CN=C54)N)O)O)O)O)C(=O)N,1.2600713879850747,0.9775950312614441,-0.6516306400299072,1.37859046459198
99,Q5SIY4_E270A,CC(C)C(C(C(=O)[O-])O)C(=O)[O-],-1.4814860601221125,0.2814255356788635,-1.3732653856277466,1.1051619052886963
100,P93832_L133F,CC(C)C(C(C(=O)[O-])O)C(=O)[O-],-0.2076083105017461,0.2660553753376007,-1.5183051824569702,1.01664137840271
101,P93832_wild,CSCCC(C(C(=O)O)O)C(=O)O,-1.7772835288524167,0.6647347211837769,-0.9630764722824097,0.5062562823295593
102,P93832_L133F,CSCCC(C(C(=O)O)O)C(=O)O,-0.4353339357479107,0.4227240979671478,-0.8997068405151367,0.2749828100204468
103,P93832_wild,CC(C)C(C(C(=O)[O-])O)C(=O)[O-],0.7937903846908188,0.566664457321167,-1.5901085138320923,1.2616525888442993
104,Q9FMT1_wild,CSCCC(C(C(=O)O)O)C(=O)O,-1.7958800173440752,0.23366889357566833,-0.9496106505393982,0.24526777863502502
105,Q9FMT1_wild,CC(C)C(C(C(=O)[O-])O)C(=O)[O-],0.9566485792052033,0.06934847682714462,-1.5350905656814575,0.9731706380844116
106,Q8E9N3_S266A,CC(C)C(C(C(=O)[O-])O)C(=O)[O-],1.2227164711475833,0.0014226511120796204,-1.4343781471252441,1.3814873695373535
107,Q8E9N3_S266A,C1=CC(=C[N+](=C1)C2C(C(C(O2)COP(=O)([O-])OP(=O)(O)OCC3C(C(C(O3)N4C=NC5=C(N=CN=C54)N)O)O)O)O)C(=O)N,1.1931245983544616,0.6194796562194824,-0.6022216081619263,1.3449755907058716
108,Q8E9N3_A268I,C1=CC(=C[N+](=C1)C2C(C(C(O2)COP(=O)([O-])OP(=O)(O)OCC3C(C(C(O3)N4C=NC5=C(N=CN=C54)N)O)O)O)O)C(=O)N,1.2405492482825997,0.5513197183609009,-0.5828422904014587,1.227102279663086
109,Q8E9N3_wild,CC(C)C(C(C(=O)[O-])O)C(=O)[O-],1.2405492482825997,0.0030404701828956604,-1.428377628326416,1.3635998964309692
110,Q8E9N3_wild,C1=CC(=C[N+](=C1)C2C(C(C(O2)COP(=O)([O-])OP(=O)(O)OCC3C(C(C(O3)N4C=NC5=C(N=CN=C54)N)O)O)O)O)C(=O)N,1.2329961103921538,0.6142676472663879,-0.5989519953727722,1.3270325660705566
111,Q8E9N3_A268I,CC(C)C(C(C(=O)[O-])O)C(=O)[O-],1.2068258760318498,-0.033164434134960175,-1.3933051824569702,1.264986276626587
112,Q8E9N3_L106M,CC(C)C(C(C(=O)[O-])O)C(=O)[O-],1.6821450763738317,0.01329023391008377,-1.4239134788513184,1.3666259050369263
113,Q8E9N3_L106M,C1=CC(=C[N+](=C1)C2C(C(C(O2)COP(=O)([O-])OP(=O)(O)OCC3C(C(C(O3)N4C=NC5=C(N=CN=C54)N)O)O)O)O)C(=O)N,1.7032913781186614,0.6321763396263123,-0.6064125299453735,1.3329566717147827
114,Q9SA14_wild,CSCCC(C(C(=O)O)O)C(=O)O,-0.07058107428570727,0.5707951188087463,-1.1067830324172974,0.5774650573730469
115,Q9SA14_wild,CC(C)C(C(C(=O)[O-])O)C(=O)[O-],-0.2062096153091813,0.4838237762451172,-1.6885154247283936,1.3875335454940796
116,Q9HV27_wild,C1C2C(C(C(O2)N3C=NC4=C3N=C(NC4=O)N)O)OP(=O)(OCC5C(C(C(O5)N6C=NC7=C6N=C(NC7=O)N)O)OP(=O)(O1)O)O,-3.6989700043360187,-2.333338975906372,-1.565265417098999,-0.7325888872146606
117,Q9HV27_wild,C1=NC2=C(N1C3C(C(C(O3)COP(=O)([O-])OC4C(OC(C4O)N5C=NC6=C5N=C(NC6=O)N)COP(=O)([O-])[O-])O)O)N=C(NC2=O)N,-3.113509274827518,-2.160750150680542,-1.2613449096679688,-0.7012578845024109
118,Q9HV27_E314A,C1C2C(C(C(O2)N3C=NC4=C3N=C(NC4=O)N)O)OP(=O)(OCC5C(C(C(O5)N6C=NC7=C6N=C(NC7=O)N)O)OP(=O)(O1)O)O,-3.2218487496163566,-2.302537202835083,-1.5850391387939453,-0.7930667400360107
119,K9JTB0_wild,C(C(COP(=O)(O)O)O)O,-1.958607314841775,0.9226570129394531,-0.2516959607601166,0.1794711947441101
120,Q9SD85_wild,C1C(OC2=CC(=CC(=C2C1=O)O)O)C3=CC=C(C=C3)O,0.3222192947339193,-0.5938335061073303,-2.334620237350464,1.3949111700057983
121,Q9SD85_wild,C1=CC(=CC=C1C2C(C(=O)C3=C(C=C(C=C3O2)O)O)O)O,1.1038037209559568,-0.030942074954509735,-2.147488594055176,1.7894309759140015
122,Q9SD85_wild,C1=CC(=CC=C1C2=CC(=O)C3=C(C=C(C=C3O2)O)O)O,0.9684829485539351,-0.19957664608955383,-2.495894193649292,1.7905975580215454
123,Q9SD85_wild,C1=CC(=CC=C1C2=C(C(=O)C3=C(C=C(C=C3O2)O)O)O)O,0.7634279935629373,-0.15701532363891602,-2.507050037384033,1.8501002788543701
124,Q9SD85_wild,C1=CC(=CC=C1C2C(C(C3=C(O2)C=C(C=C3)O)O)O)O,1.089905111439398,-0.5623288154602051,-2.0135271549224854,1.5902540683746338
125,A0A0S2LLA9_wild,C1=CC(=CC=C1C2C(C(=O)C3=C(C=C(C=C3O2)O)O)O)O,-6.795880017344075,-0.07696188241243362,-2.2317514419555664,1.4493190050125122
126,A0A0S2LLA9_wild,C1C(OC2=CC(=CC(=C2C1=O)O)O)C3=CC=C(C=C3)O,-6.086186147616283,-0.625464677810669,-2.369222640991211,1.1538164615631104
127,A0A0S2LLA9_wild,C1=CC(=CC=C1C2=C(C(=O)C3=C(C=C(C=C3O2)O)O)O)O,-6.443697499232713,-0.2252497673034668,-2.5760910511016846,1.5122575759887695
128,C1J0N9_wild,C1C(OC2=CC(=CC(=C2C1=O)O)O)C3=CC=C(C=C3)O,1.2304489213782739,-0.6152104139328003,-2.3159847259521484,1.3108841180801392
129,C1J0N9_wild,C1=CC(=CC=C1C2C(C(=O)C3=C(C=C(C=C3O2)O)O)O)O,1.0969100130080565,-0.11862493306398392,-2.1779966354370117,1.6668164730072021
130,C1J0N9_wild,C1=CC(=CC=C1C2=CC(=O)C3=C(C=C(C=C3O2)O)O)O,1.3443922736851108,-0.27390536665916443,-2.4636285305023193,1.6812286376953125
131,C1J0N9_wild,C1=CC(=CC=C1C2=C(C(=O)C3=C(C=C(C=C3O2)O)O)O)O,1.0086001717619175,-0.24563491344451904,-2.5248146057128906,1.7206977605819702
132,C1J0N9_wild,C1=CC(=CC=C1C2C(C(C3=C(O2)C=C(C=C3)O)O)O)O,1.5877109650189114,-0.6260258555412292,-2.0164120197296143,1.491941213607788
133,Q8K3F7_wild,CC(C(C(=O)O)N)O,1.6748611407378116,0.1551084816455841,0.5355075597763062,0.4329853653907776
134,Q8K3F7_M333E,CC(C(C(=O)O)N)O,1.6693168805661123,0.17410027980804443,0.5553111433982849,0.41380929946899414
135,E5RQ20_wild,C1=CC(=C[N+](=C1)C2C(C(C(O2)COP(=O)([O-])OP(=O)(O)OCC3C(C(C(O3)N4C=NC5=C(N=CN=C54)N)O)O)O)O)C(=O)N,1.5797835966168101,0.43414950370788574,-0.8427886962890625,1.2186435461044312
136,E5RQ20_wild,CC(C(C(=O)O)N)O,1.6414741105040995,0.06167634576559067,0.381151020526886,0.36894476413726807
137,D6PBM7_S111A,CC(C(C(=O)O)N)O,-0.28399665636520083,-0.3096548318862915,0.4728242754936218,0.013784676790237427
138,D6PBM7_Y136F,CC(C(C(=O)O)N)O,-0.22184874961635637,-0.3734697103500366,0.4771241545677185,-0.03940972685813904
139,D6PBM7_T177A,CC(C(C(=O)O)N)O,-1.154901959985743,-0.160008043050766,0.46465033292770386,0.13282649219036102
140,D6PBM7_wild,CC(C(C(=O)O)N)O,1.6884198220027107,-0.1519956886768341,0.45039939880371094,0.12699483335018158
141,Q8X270_wild,CC1=CC(=O)OC2=C(C(=C(C=C12)F)OP(=O)(O)O)F,1.4771212547196624,0.5563759207725525,-0.5484804511070251,0.948436439037323
142,Q8X270_E132A,CC1=CC(=O)OC2=C(C(=C(C=C12)F)OP(=O)(O)O)F,0.5831987739686227,0.5068660974502563,-0.5063036680221558,0.8982978463172913
143,Q8X270_R124A,CC1=CC(=O)OC2=C(C(=C(C=C12)F)OP(=O)(O)O)F,0.20139712432045148,0.46722033619880676,-0.5120183825492859,0.897610068321228
144,Q8X270_D63A,CC1=CC(=O)OC2=C(C(=C(C=C12)F)OP(=O)(O)O)F,0.11058971029924898,0.31464684009552,-0.5164701342582703,0.7265033721923828
145,Q8X270_G95A,CC1=CC(=O)OC2=C(C(=C(C=C12)F)OP(=O)(O)O)F,1.5538830266438743,0.5558772087097168,-0.5336632132530212,0.9405331611633301
146,Q8X270_Q136A,CC1=CC(=O)OC2=C(C(=C(C=C12)F)OP(=O)(O)O)F,-0.3372421683184259,0.3970797657966614,-0.5354649424552917,0.7535916566848755
147,Q8X270_D63N,CC1=CC(=O)OC2=C(C(=C(C=C12)F)OP(=O)(O)O)F,0.4653828514484183,0.5310999751091003,-0.5693624019622803,0.9207614660263062
148,Q8X270_E132L,CC1=CC(=O)OC2=C(C(=C(C=C12)F)OP(=O)(O)O)F,0.4727564493172124,0.5046092867851257,-0.44548913836479187,0.8757757544517517
149,Q8X270_R124E,CC1=CC(=O)OC2=C(C(=C(C=C12)F)OP(=O)(O)O)F,-0.7258421507363202,0.5148197412490845,-0.5477165579795837,0.9003196954727173
150,Q8X270_E132Q,CC1=CC(=O)OC2=C(C(=C(C=C12)F)OP(=O)(O)O)F,0.9454685851318197,0.6041600108146667,-0.5578075647354126,1.0134308338165283
151,Q8X270_D63N/E132A,CC1=CC(=O)OC2=C(C(=C(C=C12)F)OP(=O)(O)O)F,-0.16241156176448873,0.4912114143371582,-0.5232399106025696,0.8782593011856079
152,Q66GM9_wild,CCC(C)C(C(=O)O)N,1.0425755124401905,-0.16998493671417236,0.39267677068710327,-0.09494569897651672
153,P16442_wild,CC(=O)NC1C(C(C(OC1OP(=O)(O)OP(=O)(O)OCC2C(C(C(O2)N3C=CC(=O)NC3=O)O)O)CO)O)O,-0.37675070960209955,-0.6153300404548645,-1.08853280544281,0.1816839575767517
154,Q92830_wild,CC(=O)SCCNC(=O)CCNC(=O)C(C(C)(C)COP(=O)(O)OP(=O)(O)OCC1C(C(C(O1)N2C=NC3=C(N=CN=C32)N)O)OP(=O)(O)O)O,-0.10347378251044467,-0.8572257161140442,-2.025087594985962,1.0816831588745117
155,Q92830_T612G,CC(=O)SCCNC(=O)CCNC(=O)C(C(C)(C)COP(=O)(O)OP(=O)(O)OCC1C(C(C(O1)N2C=NC3=C(N=CN=C32)N)O)OP(=O)(O)O)O,-0.1924649719311467,-0.8635979294776917,-2.020843982696533,1.082866907119751
156,M5AJW4_wild,C1=CC=C(C=C1)C=CCO,2.0644579892269186,-0.23480504751205444,-0.2687927782535553,0.6039827466011047
157,M5AJW4_wild,COC1=C(C=CC(=C1)C=CCO)O,1.8432327780980096,0.16958141326904297,-1.0290095806121826,1.0888904333114624
158,M5AJW4_wild,C1=CC(=C[N+](=C1)C2C(C(C(O2)COP(=O)([O-])OP(=O)(O)OCC3C(C(C(O3)N4C=NC5=C(N=CN=C54)N)O)O)O)O)C(=O)N,1.7299742856995557,0.6492811441421509,-0.4032793939113617,1.4704256057739258
159,M5AJW4_wild,COC1=C(C=CC(=C1)C=CC=O)O,2.5490032620257876,0.03186830133199692,-1.2380025386810303,1.3710906505584717
160,Q43135_wild,C1=CC(=CC=C1CC(C(=O)O)N)O,0.5831987739686227,-1.1754119396209717,-1.3235805034637451,0.12611986696720123
161,Q8PDA8_H55S,C1=CC2=C(C=C1F)NC=C2CC(C(=O)O)N,0.5797835966168101,-0.4758150577545166,-0.6623818874359131,0.6698943376541138
162,Q8PDA8_H55S,C1=CC2=C(C=C1F)C(=CN2)CC(C(=O)O)N,-0.09691001300805639,-0.8121103048324585,-0.9739232063293457,0.8262003660202026
163,Q8PDA8_H55A,CC1=CC2=C(C=C1)NC=C2CC(C(=O)O)N,-0.3979400086720376,-0.3146018385887146,-0.49309414625167847,0.7675886154174805
164,Q8PDA8_wild,CC1=CC2=C(C=C1)C(=CN2)CC(C(=O)O)N,1.6127838567197355,-0.6680048704147339,-0.6134961247444153,0.8993503451347351
165,Q8PDA8_wild,C1=CC2=C(C=C1F)C(=CN2)CC(C(=O)O)N,0.38021124171160603,-0.8112584352493286,-0.9899005889892578,0.8751970529556274
166,Q8PDA8_H55A,C1=CC2=C(C=C1F)C(=CN2)CC(C(=O)O)N,-0.16749108729376366,-0.799247682094574,-0.9828983545303345,0.8260753154754639
167,Q8PDA8_wild,C1=CC2=C(C=C1F)NC=C2CC(C(=O)O)N,1.5717088318086876,-0.4548870921134949,-0.6551527976989746,0.7194463014602661
168,Q8PDA8_H55S,CC1=CC2=C(C=C1)NC=C2CC(C(=O)O)N,0.16136800223497488,-0.3292982280254364,-0.47996360063552856,0.7743109464645386
169,Q8PDA8_H55A,C1=CC2=C(C=C1F)NC=C2CC(C(=O)O)N,0.5774917998372253,-0.47478461265563965,-0.6843015551567078,0.6673165559768677
170,Q8PDA8_H55S,C1=CC=C2C(=C1)C(=CN2)CC(C(=O)O)N,0.8965262174895553,-0.7035026550292969,-0.6760755777359009,0.8166391253471375
171,Q8PDA8_wild,C1=CC=C2C(=C1)C(=CN2)CC(C(=O)O)N,1.5490032620257879,-0.6922295093536377,-0.6916954517364502,0.8616962432861328
172,Q8PDA8_wild,O=O,1.5490032620257879,0.04569024592638016,-1.3872110843658447,1.489866018295288
173,Q8PDA8_H55A,CC1=CC2=C(C=C1)C(=CN2)CC(C(=O)O)N,0.21748394421390627,-0.677212119102478,-0.5853087902069092,0.8400981426239014
174,Q8PDA8_H55A,C1=CC=C2C(=C1)C(=CN2)CC(C(=O)O)N,0.7678976160180907,-0.6926763653755188,-0.6715803146362305,0.8131841421127319
175,Q8PDA8_H55S,CC1=CC2=C(C=C1)C(=CN2)CC(C(=O)O)N,0.6683859166900001,-0.6868520975112915,-0.5864038467407227,0.8435838222503662
176,Q8PDA8_wild,CC1=CC2=C(C=C1)NC=C2CC(C(=O)O)N,0.5550944485783191,-0.30768540501594543,-0.4831851124763489,0.82794189453125
177,Q6KZB1_wild,CC(CCO)(CC(=O)[O-])O,0.2787536009528289,0.8372811079025269,-0.7274376749992371,0.4621725082397461
178,Q386V0_wild,C(CO)N,0.8169038393756602,0.9864087104797363,-0.5804824829101562,1.4550855159759521
179,Q9RLT9_wild,CC1C=CC=C(C(=O)NC2=C(C(=C3C(=C2O)C(=C(C4=C3C(=O)C(O4)(OC=CC(C(C(C(C(C(C1O)C)O)C)OC(=O)C)C)OC)C)C)O)O)C=NN5CCN(CC5)C)C,0.3521825181113625,-0.7927781343460083,-1.0136570930480957,1.7128759622573853
180,Q9RLT9_wild,C1=NC(=C2C(=N1)N(C=N2)C3C(C(C(O3)COP(=O)(O)OP(=O)(O)OP(=O)(O)O)O)O)N,0.4578818967339924,0.012378722429275513,-0.9483237266540527,1.3233729600906372
181,Q3J5L6_wild,CC(C(C(=O)O)O)C(=O)SCCNC(=O)CCNC(=O)C(C(C)(C)COP(=O)(O)OP(=O)(O)OCC1C(C(C(O1)N2C=NC3=C(N=CN=C32)N)O)OP(=O)(O)O)O,0.4471580313422192,0.7826988697052002,-1.33266282081604,1.7697824239730835
182,Q3J5L6_wild,CC(=O)SCCNC(=O)CCNC(=O)C(C(C)(C)COP(=O)(O)OP(=O)(O)OCC1C(C(C(O1)N2C=NC3=C(N=CN=C32)N)O)OP(=O)(O)O)O,0.9344984512435677,0.9146019220352173,-1.172420859336853,1.7346031665802002
183,Q3J5L6_wild,CCC(=O)SCCNC(=O)CCNC(=O)C(C(C)(C)COP(=O)(O)OP(=O)(O)OCC1C(C(C(O1)N2C=NC3=C(N=CN=C32)N)O)OP(=O)(O)O)O,1.0791812460476249,0.7806203365325928,-1.237701654434204,1.6327779293060303
184,Q6F936_wild,CC1=CC2=C(C=C1C)N(C3=NC(=O)NC(=O)C3=N2)CC(C(C(CO)O)O)O,1.3222192947339193,2.0571377277374268,-2.0792312622070312,3.0310592651367188
185,Q6F936_wild,CC1=CC2=C(C=C1C)N(C3=NC(=O)NC(=O)C3=N2)CC(C(C(COP(=O)(O)OP(=O)(O)OCC4C(C(C(O4)N5C=NC6=C(N=CN=C65)N)O)O)O)O)O,1.7481880270062005,1.9895983934402466,-2.4330005645751953,2.8767714500427246
186,Q6F936_wild,C1C=CN(C=C1C(=O)N)C2C(C(C(O2)COP(=O)(O)OP(=O)(O)OCC3C(C(C(O3)N4C=NC5=C(N=CN=C54)N)O)O)O)O,1.806179973983887,2.438225507736206,-1.7549594640731812,3.2536494731903076
187,Q6F936_wild,CC1=CC2=C(C=C1C)N(C3=NC(=O)NC(=O)C3=N2)CC(C(C(COP(=O)(O)O)O)O)O,0.8920946026904804,1.8640536069869995,-2.4169654846191406,3.133474111557007
188,Q08IC0_wild,C1=CC(=C[N+](=C1)C2C(C(C(O2)COP(=O)(O)OP(=O)(O)OCC3C(C(C(O3)N4C=NC5=C(N=CN=C54)N)OP(=O)(O)O)O)O)O)C(=O)N,1.0086001717619175,1.147619366645813,-1.0410665273666382,1.5707249641418457
189,Q08IC0_wild,C1=CC(=C[N+](=C1)C2C(C(C(O2)COP(=O)([O-])OP(=O)(O)OCC3C(C(C(O3)N4C=NC5=C(N=CN=C54)N)O)O)O)O)C(=O)N,1.5502283530550942,1.18301260471344,-0.7237023711204529,1.3657829761505127
190,Q08IB7_wild,C1=CC(=C[N+](=C1)C2C(C(C(O2)COP(=O)(O)OP(=O)(O)OCC3C(C(C(O3)N4C=NC5=C(N=CN=C54)N)OP(=O)(O)O)O)O)O)C(=O)N,1.1846914308175989,0.8632749319076538,-1.0711567401885986,1.4856083393096924
191,Q08IB7_wild,C1=CC(=C[N+](=C1)C2C(C(C(O2)COP(=O)([O-])OP(=O)(O)OCC3C(C(C(O3)N4C=NC5=C(N=CN=C54)N)O)O)O)O)C(=O)N,1.7185016888672742,0.8924046754837036,-0.7427928447723389,1.2547205686569214
192,Q6FFQ0_wild,CC=O,-0.38721614328026455,0.30230411887168884,0.2684071362018585,0.7418383359909058
193,Q6FFQ0_wild,C1=CC(=C[N+](=C1)C2C(C(C(O2)COP(=O)(O)OP(=O)(O)OCC3C(C(C(O3)N4C=NC5=C(N=CN=C54)N)OP(=O)(O)O)O)O)O)C(=O)N,1.7403626894942439,0.7309348583221436,-1.0632286071777344,1.432408094406128
194,Q6FFQ0_wild,C(CC=O)CC=O,0.615950051656401,0.7633846402168274,-1.0569658279418945,1.3097803592681885
195,Q6FFQ0_wild,C(CC(=O)[O-])C=O,-1.2218487496163564,0.6413136124610901,-1.1568050384521484,1.3671374320983887
196,Q6FFQ0_wild,C1=CC(=C[N+](=C1)C2C(C(C(O2)COP(=O)([O-])OP(=O)(O)OCC3C(C(C(O3)N4C=NC5=C(N=CN=C54)N)O)O)O)O)C(=O)N,1.7558748556724915,0.7550771832466125,-0.7310773134231567,1.1826817989349365
197,Q6FFQ0_wild,CCC=O,0.3159703454569177,0.30452385544776917,-0.18339954316616058,0.9983609914779663
198,B8MX95_wild,C(C1C(C(C(C(O1)O)O)O)O)O,2.8920946026904804,1.4408246278762817,0.8858359456062317,0.6418539881706238
199,P29000_wild,C(C1C(C(C(C(O1)OC2(C(C(C(O2)CO)O)O)CO)O)O)O)O,3.8603380065709936,1.073089361190796,0.9977724552154541,0.9710372686386108
200,A0A089N0W4_wild,C(C1C(C(C(C(O1)OC2(C(C(C(O2)CO)O)O)CO)O)O)O)O,2.0770043267933502,1.0998848676681519,0.62781822681427,0.8849477767944336
201,K4P7S0_wild,C(C1C(C(C(C(O1)OC2(C(C(C(O2)CO)O)O)CO)O)O)O)O,2.6540802353065707,1.1515729427337646,1.0229394435882568,1.1321488618850708
202,K4P5F3_wild,C(C1C(C(C(C(O1)OC2(C(C(C(O2)CO)O)O)CO)O)O)O)O,2.6327001861965944,1.147025465965271,1.0167851448059082,1.1148831844329834
203,Q6DRK7_wild,C1=NC(=C2C(=N1)N(C=N2)C3C(C(C(O3)COP(=O)(O)OP(=O)(O)OP(=O)(O)O)O)O)N,-1.8823973083099157,0.11928605288267136,-2.0019683837890625,0.9653340578079224
204,P53350_T210V,C1=NC(=C2C(=N1)N(C=N2)C3C(C(C(O3)COP(=O)(O)OP(=O)(O)OP(=O)(O)O)O)O)N,-2.721246399047171,0.058196939527988434,-2.0037529468536377,0.925122857093811
205,P53350_T210D,C1=NC(=C2C(=N1)N(C=N2)C3C(C(C(O3)COP(=O)(O)OP(=O)(O)OP(=O)(O)O)O)O)N,-1.7212463990471711,0.06272201985120773,-1.9969260692596436,0.9299600124359131
206,P53350_wild,C1=NC(=C2C(=N1)N(C=N2)C3C(C(C(O3)COP(=O)(O)OP(=O)(O)OP(=O)(O)O)O)O)N,-2.3872161432802645,0.0854717567563057,-2.0008368492126465,0.9437035918235779
207,I4DST8_wild,C=C(CCO)C(=O)OCC1C(C(C(C(O1)O)O)O)O,3.591064607026499,1.3541744947433472,0.5845558047294617,2.0457191467285156
208,I4DST8_wild,C=C(C(CO)O)C(=O)OCC1C(C(C(C(O1)O)O)O)O,3.3010299956639813,1.3516463041305542,0.49706894159317017,1.9128639698028564
209,Q8KHZ8_wild,C1=CC=C2C(=C1)C(=CN2)CC(C(=O)O)N,-1.6382721639824072,-0.8594983816146851,-1.3640682697296143,0.31759965419769287
210,A8CF75_wild,C1=CC2=C(C=C1Cl)NC=C2CC(C(=O)O)N,-2.9208187539523753,-1.0245280265808105,-1.3986775875091553,0.007075756788253784
211,A8CF75_wild,C1=CC=C2C(=C1)C(=CN2)CC(C(=O)O)N,-2.494850021680094,-1.267450213432312,-1.1687206029891968,-0.025440245866775513
212,Q5SIM4_R142A,C(C1C(C(C(C(O1)O)O)O)O)OP(=O)(O)O,1.845098040014257,0.839413046836853,-0.6993558406829834,1.390007734298706
213,Q5SIM4_H50A,C(C1C(C(C(C(O1)O)O)O)O)OP(=O)(O)O,1.7323937598229686,0.7643595337867737,-0.6950637698173523,1.316381573677063
214,Q5SIM4_E132A,C(C1C(C(C(C(O1)O)O)O)O)OP(=O)(O)O,1.2787536009528289,0.7582250833511353,-0.7416439056396484,1.3398535251617432
215,Q5SIM4_E67A,C(C1C(C(C(C(O1)O)O)O)O)OP(=O)(O)O,1.4913616938342726,0.7076637744903564,-0.7224063873291016,1.2992889881134033
216,Q5SIM4_W13A,C(C1C(C(C(C(O1)O)O)O)O)OP(=O)(O)O,1.0413926851582251,1.070576786994934,-0.815630316734314,1.5361425876617432
217,Q5SIM4_H122A,C(C1C(C(C(C(O1)O)O)O)O)OP(=O)(O)O,1.8750612633917,0.5990829467773438,-0.6641830801963806,1.1379573345184326
218,Q5SIM4_Q48A,C(C1C(C(C(C(O1)O)O)O)O)OP(=O)(O)O,1.568201724066995,0.8885418176651001,-0.7300543785095215,1.3968294858932495
219,Q5SIM4_wild,C(C1C(C(C(C(O1)O)O)O)O)OP(=O)(O)O,3.1370374547895126,0.9923228025436401,-0.7757055759429932,1.5194002389907837
220,O28025_wild,C(CCN=C(N)N)CN,-2.2218487496163566,-0.425005704164505,-2.6016364097595215,0.6879180669784546
221,O28025_wild,C1=NC(=C2C(=N1)N(C=N2)C3C(C(C(O3)COP(=O)(O)OP(=O)(O)OP(=O)(O)O)O)O)N,-2.207608310501746,0.9041987061500549,-1.4758632183074951,0.7125614881515503
222,A0A0H2V630_wild,C1=CN(C(=O)NC1=O)C2C(C(C(O2)COP(=O)(O)OP(=O)(O)OC3C(C(C(C(O3)CO)O)O)O)O)O,-0.7958800173440752,-0.771052360534668,-0.4739932715892792,0.30102670192718506
223,A0A0H2V630_wild,C1C(C(=O)OCC(C(=O)OCC(C(=O)O1)NC(=O)C2=C(C(=CC=C2)O)O)NC(=O)C3=C(C(=CC=C3)O)O)NC(=O)C4=C(C(=CC=C4)O)O,-0.744727494896694,-0.8457788228988647,-1.1070737838745117,0.6705669164657593
224,Q6NZX3_wild,C1=NC2=C(C(=O)N1)N=CN2C3C(C(C(O3)COP(=O)(O)O)O)O,2.0170333392987803,2.1134848594665527,-1.5167326927185059,2.8210370540618896
225,Q6NZX3_wild,CC1=CN(C(=O)NC1=O)C2CC(C(O2)COP(=O)(O)O)O,1.6020599913279625,1.811946988105774,-1.6019526720046997,2.561063289642334
226,Q6NZX3_wild,C1=NC(=C2C(=N1)N(C=N2)C3C(C(C(O3)COP(=O)(O)O)O)O)N,2.271841606536499,2.0199317932128906,-1.8349441289901733,2.9294941425323486
227,Q6NZX3_wild,C1=NC2=C(N1C3C(C(C(O3)COP(=O)(O)O)O)O)N=C(NC2=O)N,2.12057393120585,2.0223371982574463,-1.5541856288909912,2.8209068775177
228,Q6NZX3_wild,C1C(C(OC1N2C=NC3=C(N=CN=C32)N)COP(=O)(O)O)O,2.2405492482826,1.817572832107544,-1.3545494079589844,2.4002981185913086
229,Q6NZX3_wild,C1=CN(C(=O)N=C1N)C2C(C(C(O2)COP(=O)(O)O)O)O,2.305351369446624,2.0641088485717773,-1.3890869617462158,2.59415340423584
230,Q6NZX3_wild,C1=CN(C(=O)NC1=O)C2C(C(C(O2)COP(=O)(O)O)O)O,2.4608978427565478,2.210794687271118,-1.4580522775650024,2.6528472900390625
231,P76491_wild,C1C(C(OC1N2C=NC3=C(N=CN=C32)N)COP(=O)(O)O)O,-0.5228787452803376,0.7129712104797363,-1.3085870742797852,0.7537237405776978
232,P76491_wild,C1C(C(OC1N2C=NC3=C2N=C(NC3=O)N)COP(=O)(O)O)O,-0.6989700043360187,0.6038122177124023,-1.1627134084701538,0.6264955997467041
233,P76491_wild,CC1=CN(C(=O)NC1=O)C2CC(C(O2)COP(=O)(O)O)O,-0.7958800173440752,0.4212823212146759,-1.5278384685516357,0.6351668834686279
234,P76491_wild,C1=CC(=CC=C1[N+](=O)[O-])OP(=O)(O)O,-0.25181197299379954,1.107736349105835,-0.30576926469802856,-0.004502147436141968
235,Q9C5C4_wild,CC(=O)NC(CCCN)C(=O)O,3.325515663363148,1.5775046348571777,0.3746998906135559,1.1453408002853394
236,O94219_wild,COC1=CC=C(C=C1)CO,2.3180633349627615,0.8420372605323792,-0.9490441679954529,1.4230464696884155
237,O94219_wild,C1=CC=C(C=C1)C=O,-0.3010299956639812,1.2044683694839478,-0.22726522386074066,1.3277788162231445
238,O94219_wild,CC=CC=CCO,2.2068258760318495,0.9633132219314575,-1.3662292957305908,1.7795661687850952
239,O94219_wild,COC1=CC=C(C=C1)C=O,-0.9208187539523752,1.3425999879837036,-0.8335416913032532,1.4947770833969116
240,O94219_wild,C1=CC(=CC=C1C=O)Cl,0.021189299069938092,1.0073919296264648,-0.3408986032009125,0.7659879922866821
241,O94219_wild,C1=CC=C(C=C1)CO,1.5365584425715302,0.9167788624763489,-0.9060794711112976,1.269889235496521
242,O94219_wild,C1=C(OC(=C1)C=O)CO,1.3031960574204888,0.9240211248397827,0.14204971492290497,0.725091814994812
243,O94219_wild,COC1=C(C=C(C=C1)C=O)OC,-0.8860566476931633,1.022421956062317,-0.8780965209007263,1.0875697135925293
244,O94219_wild,COC1=C(C=C(C=C1)CO)OC,2.0569048513364727,0.7480847239494324,-0.5833900570869446,1.065447211265564
245,O94219_wild,C1=CC(=CC=C1C=O)F,-0.4353339357479107,0.8195929527282715,-0.1743035614490509,0.6935103535652161
246,O94219_wild,C1=C(OC(=C1)C=O)C=O,1.4969296480732148,0.733021080493927,0.10992975533008575,0.7961199879646301
247,O94219_wild,C1=CC(=CC(=C1)Cl)C=O,-0.07058107428570727,1.3479722738265991,-0.40768784284591675,1.0100888013839722
248,O94219_wild,C1=CC(=CC(=C1)F)C=O,-0.05403929642243141,1.4344005584716797,0.0003204476088285446,0.7770260572433472
249,O94219_wild,CC=CC=CC=O,-0.4814860601221125,1.4193543195724487,-0.2732893228530884,0.8781854510307312
250,O94219_wild,C1=CC(=C(C=C1C=O)F)F,-0.06198090252378971,0.8441202044487,-0.07079553604125977,0.8328480124473572
251,O94219_wild,C1=CC(=CC=C1C=O)[N+](=O)[O-],0.21298618473666817,1.5810092687606812,-0.39600539207458496,1.2388980388641357
252,A0A145Y386_wild,COC1=C(C=C(C=C1)CO)OC,1.845098040014257,0.8675708770751953,-0.5992816686630249,1.146968960762024
253,A0A145Y386_wild,COC1=CC=C(C=C1)CO,2.307496037913213,1.0056709051132202,-0.954140841960907,1.4892762899398804
254,A0A145Y386_wild,C1=CC=C(C=C1)CO,1.5797835966168101,1.0708333253860474,-0.9158501625061035,1.348597764968872
255,A0A2Z5WP81_L416W,COC1=C(C=C(C=C1)CO)O,0.31175386105575426,0.7793925404548645,-1.3404961824417114,1.3602421283721924
256,A0A2Z5WP81_L416W,COC1=CC=CC(=C1)CO,1.0530784434834197,1.4608789682388306,-1.3002002239227295,1.6330866813659668
257,A0A2Z5WP81_L416W,COC1=C(C=CC(=C1)CO)O,-0.09151498112135023,1.0955473184585571,-1.0696690082550049,1.3536605834960938
258,A0A2Z5WP81_L416W,C1=CC(=CC(=C1)O)CO,0.06818586174616162,1.260812759399414,-0.9495638608932495,1.2287545204162598
259,A0A2Z5WP81_L416W,CC=CC=CCO,1.2380461031287955,1.0395900011062622,-1.6762659549713135,1.914525032043457
260,A0A2Z5WP81_L416F,C1=CC(=CC(=C1)O)CO,0.8750612633917001,1.2733701467514038,-0.9604266881942749,1.2379755973815918
261,A0A2Z5WP81_L416F,COC1=C(C=CC(=C1)CO)O,1.3283796034387378,1.103541612625122,-1.080540657043457,1.3582209348678589
262,A0A2Z5WP81_L416F,COC1=C(C=C(C=C1)CO)OC,1.0934216851622351,0.6811824440956116,-0.8620377779006958,1.116839051246643
263,A0A2Z5WP81_L416F,COC1=CC=CC(=C1)CO,1.0934216851622351,1.4725366830825806,-1.3127119541168213,1.6366066932678223
264,A0A2Z5WP81_wild,COC1=C(C=C(C=C1)CO)OC,1.1205739312058498,0.6759628057479858,-0.8569847345352173,1.1179392337799072
265,A0A2Z5WP81_wild,COC1=C(C=CC(=C1)CO)O,1.167317334748176,1.098410964012146,-1.0770561695098877,1.3592197895050049
266,A0A2Z5WP81_wild,CC=CC=CCO,1.6839471307515121,1.0429524183273315,-1.6845521926879883,1.924220323562622
267,A0A2Z5WP81_wild,C1=CC=C(C=C1)CO,0.787460474518415,0.9115654230117798,-1.265129566192627,1.4115363359451294
268,A0A2Z5WP81_L416W,C1=CC(=CC=C1CO)O,-0.2676062401770315,1.1890507936477661,-0.9953926801681519,1.3020991086959839
269,A0A2Z5WP81_L416F,COC1=C(C=C(C=C1)CO)O,0.9380190974762103,0.7886577248573303,-1.3506665229797363,1.3661240339279175
270,A0A2Z5WP81_wild,COC1=C(C=C(C=C1)CO)O,0.8463371121298052,0.7835872173309326,-1.347740650177002,1.3670933246612549
271,A0A2Z5WP81_L416F,CC=CC=CCO,1.8350561017201164,1.04734468460083,-1.6848925352096558,1.9233665466308594
272,A0A2Z5WP81_L416W,COC1=C(C=C(C=C1)CO)OC,0.4712917110589386,0.669977068901062,-0.8498528599739075,1.1113454103469849
273,A0A2Z5WP81_wild,C1=CC(=CC=C1CO)O,0.6821450763738317,1.1996773481369019,-1.0039745569229126,1.3130111694335938
274,A0A2Z5WP81_L416W,C1=CC=C(C=C1)CO,0.5843312243675308,0.905563235282898,-1.2596018314361572,1.4106937646865845
275,A0A2Z5WP81_wild,C1=CC(=CC(=C1)O)CO,0.9960736544852753,1.26898992061615,-0.9575542211532593,1.2394112348556519
276,A0A2Z5WP81_L416F,C1=CC(=CC=C1CO)O,0.9429995933660406,1.2044345140457153,-1.0084964036941528,1.311647653579712
277,A0A2Z5WP81_L416F,C1=CC=C(C=C1)CO,0.9047155452786809,0.9172741174697876,-1.2698124647140503,1.412917137145996
278,A0A2Z5WP81_wild,COC1=CC=CC(=C1)CO,0.884228769632604,1.4671341180801392,-1.3080095052719116,1.6377081871032715
279,B5A8W5_Q223E,C1=CC(=C[N+](=C1)C2C(C(C(O2)COP(=O)(O)OP(=O)(O)OCC3C(C(C(O3)N4C=NC5=C(N=CN=C54)N)OP(=O)(O)O)O)O)O)C(=O)N,-0.8860566476931633,0.8139588832855225,-0.3498387634754181,0.8112813234329224
280,B5A8W5_Q223E,C1=CC(=C[N+](=C1)C2C(C(C(O2)COP(=O)([O-])OP(=O)(O)OCC3C(C(C(O3)N4C=NC5=C(N=CN=C54)N)O)O)O)O)C(=O)N,0.09691001300805642,0.7367842197418213,0.013579053804278374,0.625427782535553
281,B5A8W5_wild,C1=CC(=C[N+](=C1)C2C(C(C(O2)COP(=O)([O-])OP(=O)(O)OCC3C(C(C(O3)N4C=NC5=C(N=CN=C54)N)O)O)O)O)C(=O)N,0.22010808804005508,0.7674893736839294,-0.0030556637793779373,0.6629297137260437
282,B5A8W5_wild,C1=CC(=C[N+](=C1)C2C(C(C(O2)COP(=O)(O)OP(=O)(O)OCC3C(C(C(O3)N4C=NC5=C(N=CN=C54)N)OP(=O)(O)O)O)O)O)C(=O)N,0.6766936096248666,0.8426429629325867,-0.37485256791114807,0.8452582359313965
283,G8NVB5_wild,C1=CC(=C[N+](=C1)C2C(C(C(O2)COP(=O)([O-])OP(=O)(O)OCC3C(C(C(O3)N4C=NC5=C(N=CN=C54)N)O)O)O)O)C(=O)N,0.7611758131557314,0.8612152338027954,0.1286640614271164,0.7444092035293579
284,G8NVB5_wild,C1=CC(=C[N+](=C1)C2C(C(C(O2)COP(=O)(O)OP(=O)(O)OCC3C(C(C(O3)N4C=NC5=C(N=CN=C54)N)OP(=O)(O)O)O)O)O)C(=O)N,0.5976951859255123,0.9607711434364319,-0.16903892159461975,0.8054094314575195
285,B7GQR3_wild,C1=CC(=C[N+](=C1)C2C(C(C(O2)COP(=O)([O-])OP(=O)(O)OCC3C(C(C(O3)N4C=NC5=C(N=CN=C54)N)O)O)O)O)C(=O)N,1.0681858617461617,1.0118663311004639,-0.5531835556030273,1.1906057596206665
286,B7GQR3_wild,C1=CC(=C[N+](=C1)C2C(C(C(O2)COP(=O)(O)OP(=O)(O)OCC3C(C(C(O3)N4C=NC5=C(N=CN=C54)N)OP(=O)(O)O)O)O)O)C(=O)N,1.561101383649056,1.1148838996887207,-1.166757345199585,1.5787675380706787
287,B7GQR3_D253A/S257K/K260Q/R314D/H315I/T327A,C1=CC(=C[N+](=C1)C2C(C(C(O2)COP(=O)(O)OP(=O)(O)OCC3C(C(C(O3)N4C=NC5=C(N=CN=C54)N)OP(=O)(O)O)O)O)O)C(=O)N,-0.5128616245228135,1.0101820230484009,-1.1021839380264282,1.4393572807312012
288,B7GQR3_D253A/S257K/K260Q/R314D/H315I/T327A,C1=CC(=C[N+](=C1)C2C(C(C(O2)COP(=O)([O-])OP(=O)(O)OCC3C(C(C(O3)N4C=NC5=C(N=CN=C54)N)O)O)O)O)C(=O)N,-0.28567024025476695,0.9299883842468262,-0.4911087453365326,1.0637542009353638
289,Q6C2Y4_R322D,C1=CC(=C[N+](=C1)C2C(C(C(O2)COP(=O)([O-])OP(=O)(O)OCC3C(C(C(O3)N4C=NC5=C(N=CN=C54)N)O)O)O)O)C(=O)N,-0.42021640338318983,0.9050041437149048,-0.9244349002838135,1.189626693725586
290,Q6C2Y4_wild,C1=CC(=C[N+](=C1)C2C(C(C(O2)COP(=O)(O)OP(=O)(O)OCC3C(C(C(O3)N4C=NC5=C(N=CN=C54)N)OP(=O)(O)O)O)O)O)C(=O)N,1.8573324964312685,1.1610032320022583,-1.6330208778381348,1.7391314506530762
291,Q6C2Y4_R322D,C1=CC(=C[N+](=C1)C2C(C(C(O2)COP(=O)(O)OP(=O)(O)OCC3C(C(C(O3)N4C=NC5=C(N=CN=C54)N)OP(=O)(O)O)O)O)O)C(=O)N,0.6273658565927327,0.9702778458595276,-1.5422271490097046,1.5235342979431152
292,Q8X277_R291S,C1=CC(=C[N+](=C1)C2C(C(C(O2)COP(=O)(O)OP(=O)(O)OCC3C(C(C(O3)N4C=NC5=C(N=CN=C54)N)OP(=O)(O)O)O)O)O)C(=O)N,-2.3979400086720375,1.542443871498108,-0.9819442629814148,0.3755131959915161
293,Q8X277_R291S/Y390P,C1=CC(=C[N+](=C1)C2C(C(C(O2)COP(=O)(O)OP(=O)(O)OCC3C(C(C(O3)N4C=NC5=C(N=CN=C54)N)OP(=O)(O)O)O)O)O)C(=O)N,-3.0,1.5676698684692383,-0.9788657426834106,0.3876532316207886
294,Q8X277_wild,C1=CC(=C[N+](=C1)C2C(C(C(O2)COP(=O)(O)OP(=O)(O)OCC3C(C(C(O3)N4C=NC5=C(N=CN=C54)N)OP(=O)(O)O)O)O)O)C(=O)N,-2.5228787452803374,1.5312979221343994,-0.9951905608177185,0.3698940873146057
295,Q8X277_R291S/K343D/Y344I/Y390P,C1=CC(=C[N+](=C1)C2C(C(C(O2)COP(=O)(O)OP(=O)(O)OCC3C(C(C(O3)N4C=NC5=C(N=CN=C54)N)OP(=O)(O)O)O)O)O)C(=O)N,-3.522878745280338,1.5786845684051514,-0.977431058883667,0.3956363797187805
296,Q8X277_R291S/K343D/Y344I/V350A/Y390P,C1=CC(=C[N+](=C1)C2C(C(C(O2)COP(=O)([O-])OP(=O)(O)OCC3C(C(C(O3)N4C=NC5=C(N=CN=C54)N)O)O)O)O)C(=O)N,-3.154901959985743,1.412129282951355,-0.5752056837081909,0.2638152837753296
297,Q8X277_R291S/K343D/Y390P,C1=CC(=C[N+](=C1)C2C(C(C(O2)COP(=O)(O)OP(=O)(O)OCC3C(C(C(O3)N4C=NC5=C(N=CN=C54)N)OP(=O)(O)O)O)O)O)C(=O)N,-2.619788758288394,1.5658317804336548,-0.9649136662483215,0.3768638074398041
298,P48735_wild,C(C(C(C(=O)O)O)C(=O)O)C(=O)O,1.1903316981702914,1.3546332120895386,-1.5590331554412842,1.7881938219070435
299,P48735_K413Q,C(C(C(C(=O)O)O)C(=O)O)C(=O)O,0.6901960800285137,1.3431538343429565,-1.541410207748413,1.7678709030151367
300,P48735_K413Q,C1=CC(=C[N+](=C1)C2C(C(C(O2)COP(=O)(O)OP(=O)(O)OCC3C(C(C(O3)N4C=NC5=C(N=CN=C54)N)OP(=O)(O)O)O)O)O)C(=O)N,0.8976270912904415,1.3232221603393555,-1.785679578781128,2.169290065765381
301,P48735_wild,C1=CC(=C[N+](=C1)C2C(C(C(O2)COP(=O)(O)OP(=O)(O)OCC3C(C(C(O3)N4C=NC5=C(N=CN=C54)N)OP(=O)(O)O)O)O)O)C(=O)N,1.3710678622717363,1.3392902612686157,-1.7914319038391113,2.1944382190704346
302,Q6AQ66_wild,C1=CC(=C[N+](=C1)C2C(C(C(O2)COP(=O)(O)OP(=O)(O)OCC3C(C(C(O3)N4C=NC5=C(N=CN=C54)N)OP(=O)(O)O)O)O)O)C(=O)N,1.4969296480732148,0.9146156311035156,-1.0843474864959717,1.4300718307495117
303,Q6AQ66_wild,C(C(C(C(=O)O)O)C(=O)O)C(=O)O,1.4969296480732148,1.0945299863815308,-0.7128968238830566,1.280545711517334
304,P54071_K256Q,C1=CC(=C[N+](=C1)C2C(C(C(O2)COP(=O)(O)OP(=O)(O)OCC3C(C(C(O3)N4C=NC5=C(N=CN=C54)N)OP(=O)(O)O)O)O)O)C(=O)N,0.49554433754644844,1.217090368270874,-1.7493321895599365,2.107349395751953
305,P54071_K256Q,C(C(C(C(=O)O)O)C(=O)O)C(=O)O,0.42488163663106704,1.249513030052185,-1.496570348739624,1.7158088684082031
306,P54071_wild,C1=CC(=C[N+](=C1)C2C(C(C(O2)COP(=O)(O)OP(=O)(O)OCC3C(C(C(O3)N4C=NC5=C(N=CN=C54)N)OP(=O)(O)O)O)O)O)C(=O)N,0.8034571156484139,1.3739125728607178,-1.784889817237854,2.258873462677002
307,P54071_K413Q,C1=CC(=C[N+](=C1)C2C(C(C(O2)COP(=O)(O)OP(=O)(O)OCC3C(C(C(O3)N4C=NC5=C(N=CN=C54)N)OP(=O)(O)O)O)O)O)C(=O)N,0.8859263398014311,1.3564177751541138,-1.7786709070205688,2.231281042098999
308,P54071_K413Q,C(C(C(C(=O)O)O)C(=O)O)C(=O)O,0.6637009253896482,1.3863983154296875,-1.53397798538208,1.8267524242401123
309,P54071_wild,C(C(C(C(=O)O)O)C(=O)O)C(=O)O,0.7481880270062004,1.3973661661148071,-1.552765965461731,1.849443793296814
310,O75874_R100Q,C(C(C(C(=O)O)O)C(=O)O)C(=O)O,0.7481880270062004,0.7606604099273682,-1.0309698581695557,1.1951062679290771
311,O75874_wild,C(CC(=O)O)C(=O)C(=O)O,0.6901960800285137,1.0654081106185913,-0.7311785221099854,1.0773135423660278
312,O75874_D273S,C(C(C(C(=O)O)O)C(=O)O)C(=O)O,1.1760912590556813,0.939801812171936,-1.0475542545318604,1.3290467262268066
313,O75874_H133Q,C(CC(=O)O)C(=O)C(=O)O,-1.7958800173440752,0.8883904218673706,-0.6317516565322876,0.8810611963272095
314,O75874_A134D,C(C(C(C(=O)O)O)C(=O)O)C(=O)O,0.36172783601759284,0.8965045213699341,-1.0424323081970215,1.302536129951477
315,O75874_R132G,C(C(C(C(=O)O)O)C(=O)O)C(=O)O,0.9684829485539351,0.7613084316253662,-0.993667721748352,1.187896728515625
316,O75874_D273L,C(C(C(C(=O)O)O)C(=O)O)C(=O)O,0.8450980400142568,0.9231151938438416,-1.0858036279678345,1.3500425815582275
317,O75874_R132C,C(CC(=O)O)C(=O)C(=O)O,2.7403626894942437,0.6929042339324951,-0.6946563720703125,0.8078150153160095
318,O75874_D273N,C(C(C(C(=O)O)O)C(=O)O)C(=O)O,1.3424226808222062,1.0116084814071655,-1.1178699731826782,1.4207630157470703
319,O75874_K217M,C(C(C(C(=O)O)O)C(=O)O)C(=O)O,1.6232492903979006,0.9724806547164917,-1.063710331916809,1.3848958015441895
320,O75874_H133Q,C(C(C(C(=O)O)O)C(=O)O)C(=O)O,1.6532125137753437,0.8817331790924072,-1.0394489765167236,1.270949363708496
321,O75874_wild,C(C(C(C(=O)O)O)C(=O)O)C(=O)O,5.643452676486188,1.0534275770187378,-1.1392731666564941,1.4665818214416504
322,O75874_R132Q,C(C(C(C(=O)O)O)C(=O)O)C(=O)O,0.9637878273455552,0.9110612273216248,-1.049478530883789,1.3157849311828613
323,O75874_R100Q,C(CC(=O)O)C(=O)C(=O)O,-0.46852108295774486,0.7474884986877441,-0.6335395574569702,0.8147464990615845
324,O75874_R132K,C(CC(=O)O)C(=O)C(=O)O,-0.24412514432750865,1.0203338861465454,-0.7204544544219971,1.042953610420227
325,O75874_R132N,C(CC(=O)O)C(=O)C(=O)O,-0.10237290870955856,0.863552451133728,-0.5928112268447876,0.8518693447113037
326,O75874_R132N,C(C(C(C(=O)O)O)C(=O)O)C(=O)O,-1.3279021420642825,0.8815964460372925,-0.9725124835968018,1.232317566871643
327,O75874_R132G,C(CC(=O)O)C(=O)C(=O)O,0.20139712432045148,0.7477182745933533,-0.6155575513839722,0.8046292662620544
328,O75874_R132H,C(C(C(C(=O)O)O)C(=O)O)C(=O)O,1.5740312677277188,0.7725072503089905,-1.0562903881072998,1.2137689590454102
329,O75874_R132K,C(C(C(C(=O)O)O)C(=O)O)C(=O)O,0.8573324964312685,1.0179728269577026,-1.1204216480255127,1.4315917491912842
330,O75874_R132H,C(CC(=O)O)C(=O)C(=O)O,3.0,0.7534909844398499,-0.6649743318557739,0.8252236247062683
331,O75874_R132C,C(C(C(C(=O)O)O)C(=O)O)C(=O)O,2.8512583487190755,0.7092496752738953,-1.0706024169921875,1.1928945779800415
332,O75874_R132A,C(CC(=O)O)C(=O)C(=O)O,-0.431798275933005,0.9255187511444092,-0.5800482034683228,0.888137698173523
333,O75874_A134D,C(CC(=O)O)C(=O)C(=O)O,-1.6989700043360187,0.9030064940452576,-0.6482729911804199,0.9171052575111389
334,O75874_R132A,C(C(C(C(=O)O)O)C(=O)O)C(=O)O,1.0170333392987805,0.9241189956665039,-0.9539117813110352,1.2794466018676758
335,O75874_R132Q,C(CC(=O)O)C(=O)C(=O)O,0.6720978579357175,0.9005523920059204,-0.6609671115875244,0.9318503737449646
336,O75874_R132W,C(CC(=O)O)C(=O)C(=O)O,-0.2676062401770315,0.6373022794723511,-0.7108708620071411,0.7749266624450684
337,O75874_R132W,C(C(C(C(=O)O)O)C(=O)O)C(=O)O,0.08278537031645007,0.6649343967437744,-1.0903353691101074,1.1565122604370117
338,O75874_K217Q,C(C(C(C(=O)O)O)C(=O)O)C(=O)O,1.4578818967339924,1.0102953910827637,-1.0908393859863281,1.40724515914917
339,P33198_wild,C1=CC(=C[N+](=C1)C2C(C(C(O2)COP(=O)(O)OP(=O)(O)OCC3C(C(C(O3)N4C=NC5=C(N=CN=C54)N)OP(=O)(O)O)O)O)O)C(=O)N,1.507855871695831,1.3623466491699219,-2.0114338397979736,2.298203706741333
340,P33198_wild,C1=CC(=C[N+](=C1)C2C(C(C(O2)COP(=O)([O-])OP(=O)(O)OCC3C(C(C(O3)N4C=NC5=C(N=CN=C54)N)O)O)O)O)C(=O)N,-0.11918640771920865,1.3532755374908447,-1.3641533851623535,1.9710896015167236
341,P9WKL1_wild,C1=CC(=C[N+](=C1)C2C(C(C(O2)COP(=O)(O)OP(=O)(O)OCC3C(C(C(O3)N4C=NC5=C(N=CN=C54)N)OP(=O)(O)O)O)O)O)C(=O)N,1.5185139398778875,1.125119686126709,-1.44791841506958,1.667331576347351
342,P9WKL1_wild,C(C(C(C(=O)O)O)C(=O)O)C(=O)O,1.5185139398778875,1.2441213130950928,-1.149033784866333,1.2765140533447266
343,Q9SRZ6_wild,C(C(C(C(=O)O)O)C(=O)O)C(=O)O,0.69284691927723,0.9350396990776062,-1.2022595405578613,1.2833499908447266
344,Q9SRZ6_wild,C1=CC(=C[N+](=C1)C2C(C(C(O2)COP(=O)(O)OP(=O)(O)OCC3C(C(C(O3)N4C=NC5=C(N=CN=C54)N)OP(=O)(O)O)O)O)O)C(=O)N,0.7641761323903307,1.137705683708191,-1.6839300394058228,1.8260453939437866
345,P32397_wild,CC1=C2CC3=C(C(=C(N3)CC4=C(C(=C(N4)CC5=C(C(=C(N5)CC(=C1CCC(=O)O)N2)CCC(=O)O)C)C=C)C)C=C)C,1.14921911265538,-0.5037040710449219,-2.4354543685913086,1.068615436553955
346,P32397_I176A,CC1=C2CC3=C(C(=C(N3)CC4=C(C(=C(N4)CC5=C(C(=C(N5)CC(=C1CCC(=O)O)N2)CCC(=O)O)C)C=C)C)C=C)C,-3.0,-0.7610405087471008,-2.376967430114746,0.944259524345398
347,P32397_K71A,CC1=C2CC3=C(C(=C(N3)CC4=C(C(=C(N4)CC5=C(C(=C(N5)CC(=C1CCC(=O)O)N2)CCC(=O)O)C)C=C)C)C=C)C,-3.3979400086720375,-0.5553027391433716,-2.443826675415039,1.0542497634887695
348,P32397_V311M,CC1=C2CC3=C(C(=C(N3)CC4=C(C(=C(N4)CC5=C(C(=C(N5)CC(=C1CCC(=O)O)N2)CCC(=O)O)C)C=C)C)C=C)C,1.110589710299249,-0.5096003413200378,-2.4365482330322266,1.0830084085464478
349,P32397_P64A,CC1=C2CC3=C(C(=C(N3)CC4=C(C(=C(N4)CC5=C(C(=C(N5)CC(=C1CCC(=O)O)N2)CCC(=O)O)C)C=C)C)C=C)C,-2.5686362358410126,-0.57267165184021,-2.436990737915039,1.0159951448440552
350,P32397_Y366E,CC1=C2CC3=C(C(=C(N3)CC4=C(C(=C(N4)CC5=C(C(=C(N5)CC(=C1CCC(=O)O)N2)CCC(=O)O)C)C=C)C)C=C)C,-3.8239087409443187,-0.6989635825157166,-2.3995532989501953,0.954220175743103
351,P32397_Y366H,CC1=C2CC3=C(C(=C(N3)CC4=C(C(=C(N4)CC5=C(C(=C(N5)CC(=C1CCC(=O)O)N2)CCC(=O)O)C)C=C)C)C=C)C,-2.7958800173440754,-0.5781376361846924,-2.418612480163574,1.0200186967849731
352,P32397_F227R,CC1=C2CC3=C(C(=C(N3)CC4=C(C(=C(N4)CC5=C(C(=C(N5)CC(=C1CCC(=O)O)N2)CCC(=O)O)C)C=C)C)C=C)C,-1.7423214251308154,-1.1192177534103394,-2.320204257965088,0.648959755897522
353,P32397_Y366A,CC1=C2CC3=C(C(=C(N3)CC4=C(C(=C(N4)CC5=C(C(=C(N5)CC(=C1CCC(=O)O)N2)CCC(=O)O)C)C=C)C)C=C)C,-3.3767507096020997,-0.5692747831344604,-2.4179606437683105,1.0322937965393066
354,Q9TQS6_H76Q,C1C(C(C(C(O1)O)O)O)O,-0.3010299956639812,0.4103040397167206,1.0270304679870605,0.09446950256824493
355,Q9TQS6_R37D,C1C(C(C(C(O1)O)O)O)O,-0.3979400086720376,0.36006805300712585,1.0388131141662598,0.04008746147155762
356,Q9TQS6_R41D,C1C(C(C(C(O1)O)O)O)O,0.0,0.3787802457809448,0.9823164939880371,0.07082384824752808
357,Q9TQS6_wild,C1C(C(C(C(O1)O)O)O)O,0.414973347970818,0.46081504225730896,1.009820818901062,0.1281440705060959
358,Q9TQS6_H79Q,C1C(C(C(C(O1)O)O)O)O,-0.045757490560675115,0.3868408799171448,1.025102138519287,0.06238219141960144
359,Q9TQS6_R41A,C1C(C(C(C(O1)O)O)O)O,0.23044892137827394,0.44722288846969604,1.008284568786621,0.1310129463672638
360,Q9TQS6_A36D,C1C(C(C(C(O1)O)O)O)O,-0.3467874862246563,0.45384880900382996,1.0444544553756714,0.11036473512649536
361,Q9TQS6_R37A,C1C(C(C(C(O1)O)O)O)O,0.07918124604762482,0.4306145906448364,1.0138130187988281,0.10662570595741272
362,Q8GW43_wild,CC(C)(COP(=O)(O)OP(=O)(O)OCC1C(C(C(O1)N2C=NC3=C(N=CN=C32)N)O)OP(=O)(O)O)C(C(=O)NCCC(=O)NCCSC(=O)CCCCCC(=O)O)O,-1.0,0.02880934625864029,-1.5001070499420166,1.2154537439346313
363,Q8GW43_wild,CC(C(=O)O)N,-0.958607314841775,-0.29196539521217346,0.3022337555885315,0.12447497248649597
364,Q82IK5_wild,C1=CC(C=CC1O)(CC(=O)C(=O)O)C(=O)O,1.7323937598229686,-0.12990617752075195,-0.8731257915496826,0.9626725912094116
365,P21310_wild,C1=C(NC=N1)CC(C(=O)O)N,1.9344984512435677,0.47209951281547546,-0.28789812326431274,0.5409545302391052
366,P9WQ77_E243A,C(CC(=O)O)C(=O)C(=O)O,0.0,-0.2523244619369507,0.04500451683998108,-0.2455769181251526
367,P9WQ77_E243A,C(CCN)CC(C(=O)O)N,0.06818586174616162,-0.7881826162338257,0.3851737678050995,-0.5958913564682007
368,P9WQ77_wild,C(CCN)CC(C(=O)O)N,-0.036212172654444715,-0.5730361342430115,0.33199405670166016,-0.41561466455459595
369,P9WQ77_wild,C(CC(=O)O)C(=O)C(=O)O,0.15533603746506178,-0.00271008163690567,-0.0332295224070549,-0.03867939114570618
370,Q43088_wild,C(CCN)CC(C(=O)O)N,-4.2076083105017466,0.3775280714035034,-0.1475074738264084,0.08482149243354797
371,Q84F88_wild,C(C1C(C(C(C(O1)OC2C(OC(C(C2O)O)OC3C(OC(C(C3O)O)O)CO)CO)O)O)O)O,0.9637878273455552,1.770821452140808,0.8560318946838379,0.9552637338638306
372,Q84C00_wild,C(C1C(C(C(C(O1)OC2C(OC(C(C2O)O)OC3C(OC(C(C3O)O)O)CO)CO)O)O)O)O,0.36172783601759284,1.7265336513519287,0.39198458194732666,1.0666842460632324
373,Q95PL2_wild,C(C1C(C(C(C(O1)O)O)O)O)O,2.6842467175639677,0.9477617740631104,-1.18166184425354,2.001405715942383
374,Q8YBL1_A15M,CSCC1C(C(C(O1)N2C=NC3=C(N=CN=C32)N)O)O,0.25527250510330607,0.3732371926307678,-1.9455146789550781,1.835795521736145
375,Q8YBL1_W179F,C1=NC(=C2C(=N1)N(C=N2)C3C(C(C(O3)CSCCC(C(=O)O)N)O)O)N,-0.431798275933005,-0.07694108039140701,-1.8400053977966309,1.6212016344070435
376,Q8YBL1_V34A,C1=NC(=C2C(=N1)N(C=N2)C3C(C(C(O3)CSCCC(C(=O)O)N)O)O)N,0.3222192947339193,0.004949904978275299,-1.8477180004119873,1.6960129737854004
377,Q8YBL1_S167A,C1=NC(=C2C(=N1)N(C=N2)C3C(C(C(O3)CSCCC(C(=O)O)N)O)O)N,-0.2596373105057561,-0.056503623723983765,-1.8566436767578125,1.6615891456604004
378,Q8YBL1_A15M,C1=NC(=C2C(=N1)N(C=N2)C3C(C(C(O3)CSCCC(C(=O)O)N)O)O)N,0.04139268515822508,-0.059384703636169434,-1.8707749843597412,1.6532305479049683
379,Q8YBL1_R164A,CSCC1C(C(C(O1)N2C=NC3=C(N=CN=C32)N)O)O,0.9030899869919435,0.22636136412620544,-1.8415801525115967,1.7118898630142212
380,Q8YBL1_R85H,CSCC1C(C(C(O1)N2C=NC3=C(N=CN=C32)N)O)O,0.11394335230683679,0.36465907096862793,-1.9300284385681152,1.836862564086914
381,Q8YBL1_V34I,C1=NC(=C2C(=N1)N(C=N2)C3C(C(C(O3)CSCCC(C(=O)O)N)O)O)N,0.36172783601759284,-0.04132412374019623,-1.8579051494598389,1.6580054759979248
382,Q8YBL1_V34A,CSCC1C(C(C(O1)N2C=NC3=C(N=CN=C32)N)O)O,0.43136376415898736,0.45278868079185486,-1.9341356754302979,1.873718500137329
383,Q8YBL1_R85A,CSCC1C(C(C(O1)N2C=NC3=C(N=CN=C32)N)O)O,0.14612803567823798,0.42422476410865784,-1.9478230476379395,1.8667017221450806
384,Q8YBL1_V34I,CSCC1C(C(C(O1)N2C=NC3=C(N=CN=C32)N)O)O,0.3979400086720376,0.4026772379875183,-1.9382472038269043,1.846040964126587
385,Q8YBL1_wild,CSCC1C(C(C(O1)N2C=NC3=C(N=CN=C32)N)O)O,0.9444826721501687,0.39233341813087463,-1.9433586597442627,1.8438513278961182
386,Q8YBL1_M144A,C1=NC(=C2C(=N1)N(C=N2)C3C(C(C(O3)CSCCC(C(=O)O)N)O)O)N,-0.8239087409443188,-0.4314807057380676,-1.666916012763977,1.29181706905365
387,Q8YBL1_W179A,CSCC1C(C(C(O1)N2C=NC3=C(N=CN=C32)N)O)O,-0.16115090926274472,0.22436046600341797,-1.8803517818450928,1.7571396827697754
388,Q8YBL1_Y134A,CSCC1C(C(C(O1)N2C=NC3=C(N=CN=C32)N)O)O,-0.10790539730951958,0.5052223205566406,-1.963258981704712,1.9308626651763916
389,Q8YBL1_W179A,C1=NC(=C2C(=N1)N(C=N2)C3C(C(C(O3)CSCCC(C(=O)O)N)O)O)N,-0.06550154875643228,-0.2926643490791321,-1.8462110757827759,1.5433142185211182
390,Q8YBL1_Y134F,C1=NC(=C2C(=N1)N(C=N2)C3C(C(C(O3)CSCCC(C(=O)O)N)O)O)N,-0.45593195564972444,0.0005405545234680176,-1.870392084121704,1.6851152181625366
391,Q8YBL1_wild,C1=NC(=C2C(=N1)N(C=N2)C3C(C(C(O3)CSCCC(C(=O)O)N)O)O)N,0.8512583487190752,-0.052752621471881866,-1.863723635673523,1.66266930103302
392,Q8YBL1_Y134A,C1=NC(=C2C(=N1)N(C=N2)C3C(C(C(O3)CSCCC(C(=O)O)N)O)O)N,-0.4089353929735008,0.05670671910047531,-1.8624427318572998,1.7242045402526855
393,Q8YBL1_R164A,C1=NC(=C2C(=N1)N(C=N2)C3C(C(C(O3)CSCCC(C(=O)O)N)O)O)N,0.6720978579357175,-0.26773759722709656,-1.7549186944961548,1.511742353439331
394,Q8YBL1_Y134F,CSCC1C(C(C(O1)N2C=NC3=C(N=CN=C32)N)O)O,-0.14874165128092473,0.44312554597854614,-1.9564679861068726,1.874871015548706
395,Q8YBL1_R85H,C1=NC(=C2C(=N1)N(C=N2)C3C(C(C(O3)CSCCC(C(=O)O)N)O)O)N,-0.036212172654444715,-0.08465192466974258,-1.8432211875915527,1.6726638078689575
396,Q8YBL1_R85A,C1=NC(=C2C(=N1)N(C=N2)C3C(C(C(O3)CSCCC(C(=O)O)N)O)O)N,-0.03151705144606486,-0.03854823857545853,-1.8527984619140625,1.6891897916793823
397,Q8YBL1_S167A/W179F,CSCC1C(C(C(O1)N2C=NC3=C(N=CN=C32)N)O)O,-0.23657200643706275,0.37034064531326294,-1.9226460456848145,1.8135404586791992
398,Q8YBL1_M144A,CSCC1C(C(C(O1)N2C=NC3=C(N=CN=C32)N)O)O,-0.2924298239020636,0.10426732152700424,-1.764365792274475,1.5522961616516113
399,O34453_wild,CC(C(C1CNC2=C(N1)C(=O)NC(=N2)N)O)O,-0.7375489102695706,0.3748474419116974,-2.3087682723999023,1.3367336988449097
400,K7SW59_wild,C(C1C(C(C(C(O1)O)O)O)O)O,0.6901960800285137,0.5945106148719788,1.4675521850585938,0.1388801485300064
401,P58329_wild,C1(=O)NC(=O)NC(=O)N1,1.863322860120456,1.2718274593353271,-0.9806844592094421,2.0698280334472656
402,Q6TA39_wild,C(CC(C(=O)O)N)CN=C(N)N,2.7299742856995555,2.1201064586639404,0.4309484362602234,0.34647122025489807
403,Q8I384_E295A,C(CC(C(=O)O)N)CN=C(N)N,0.0,1.2764145135879517,0.8087360858917236,0.3385159969329834
404,Q8I384_E295A/R404A,C(CC(C(=O)O)N)CN=C(N)N,0.11394335230683679,1.2472797632217407,0.8130687475204468,0.3430992066860199
405,Q8I384_R404A,C(CC(C(=O)O)N)CN=C(N)N,1.0569048513364727,1.2518922090530396,0.8185043931007385,0.34623241424560547
406,Q8I384_E295R,C(CC(C(=O)O)N)CN=C(N)N,0.8260748027008264,1.240331768989563,0.8262392282485962,0.30518409609794617
407,Q8WPZ7_wild,C(CC(C(=O)O)N)CN=C(N)N,1.9822712330395684,1.2882639169692993,0.8147097826004028,0.3452153205871582
408,Q9ZUY3_wild,C1=CC(C=CC1O)(CC(C(=O)[O-])[NH3+])C(=O)[O-],-0.3010299956639812,0.8383970260620117,-0.20191775262355804,0.3940645158290863
409,Q9SA96_wild,C1=CC(C=CC1O)(CC(C(=O)[O-])[NH3+])C(=O)[O-],0.505149978319906,1.1597980260849,-0.24984543025493622,0.8240458965301514
410,Q9SA96_wild,C1=CC(C=CC1O)(CC(=O)C(=O)O)C(=O)O,-1.5228787452803376,0.7219766974449158,-0.2077510505914688,0.4011000096797943
411,Q9SSE7_wild,C1=CC(C=CC1O)(CC(=O)C(=O)O)C(=O)O,-0.7958800173440752,0.6444870233535767,-0.062191978096961975,0.48880535364151
412,Q9SSE7_wild,C1=CC(C=CC1O)(CC(C(=O)[O-])[NH3+])C(=O)[O-],0.785329835010767,1.1108160018920898,-0.1835050731897354,0.8306946754455566
413,Q9SGD6_wild,C1=CC(C=CC1O)(CC(=O)C(=O)O)C(=O)O,-1.3979400086720375,0.9425421953201294,-0.019041480496525764,0.28141701221466064
414,Q9SGD6_wild,C1=CC(C=CC1O)(CC(C(=O)[O-])[NH3+])C(=O)[O-],0.6020599913279624,1.4097251892089844,-0.19429011642932892,0.7028650045394897
415,O22241_wild,C1=CC(C=CC1O)(CC(C(=O)[O-])[NH3+])C(=O)[O-],0.6901960800285137,1.5506459474563599,-0.19156087934970856,0.9357408285140991
416,Q9FNJ8_wild,C1=CC(C=CC1O)(CC(C(=O)[O-])[NH3+])C(=O)[O-],0.04139268515822508,1.3210234642028809,-0.11332859843969345,0.8712875843048096
417,D3U715_wild,C1=CC(C=CC1O)(CC(C(=O)[O-])[NH3+])C(=O)[O-],-0.5734887386354247,1.4911266565322876,-0.15222576260566711,0.7318596839904785
418,D3U716_wild,C1=CC(C=CC1O)(CC(=O)C(=O)O)C(=O)O,-1.2218487496163564,0.5232259631156921,0.021115077659487724,0.5021893978118896
419,D3U716_wild,C1=CC(C=CC1O)(CC(C(=O)[O-])[NH3+])C(=O)[O-],0.09025805293131635,0.9850233793258667,-0.17346633970737457,0.8172571659088135
420,D3U717_wild,C1=CC(C=CC1O)(CC(=O)C(=O)O)C(=O)O,-1.9208187539523751,0.9221234917640686,-0.046439096331596375,0.32934868335723877
421,D3U717_wild,C1=CC(C=CC1O)(CC(C(=O)[O-])[NH3+])C(=O)[O-],-0.712198270069774,1.4252904653549194,-0.2159789502620697,0.7093023061752319
422,O31665_wild,CSCCC(=O)C(=O)[O-],0.3654879848908996,0.5207424759864807,-0.05935598164796829,1.0861037969589233
423,P0A433_F132Y/L140Y,CC(C)OP(=O)(OC(C)C)F,-0.6635402661514705,0.7070776224136353,0.531704306602478,0.04594796895980835
424,P0A433_wild,CC(C)OP(=O)(OC(C)C)F,-1.321481620959886,0.760589063167572,0.5118448734283447,0.10498595237731934
425,P0A433_F132Y,CC(C)OP(=O)(OC(C)C)F,-0.7399286120149252,0.7475994825363159,0.5155203938484192,0.09529575705528259
426,P0A433_L140Y,CC(C)OP(=O)(OC(C)C)F,-0.8477116556169436,0.7212492823600769,0.527817964553833,0.055194199085235596
427,D0MEP1_wild,C1(C(C(OC(C1O)OC2C(C(C(OC2C(=O)O)O)O)O)C(=O)O)O)O,1.0681858617461617,0.9998474717140198,-1.5305722951889038,2.001225471496582
428,Q9WYX6_wild,C(CC#N)C#N,-0.3565473235138126,-0.7784925103187561,-0.33430323004722595,1.4516279697418213
429,E4N096_H365N,C1C=CN(C=C1C(=O)N)C2C(C(C(O2)COP(=O)(O)OP(=O)(O)OCC3C(C(C(O3)N4C=NC5=C(N=CN=C54)N)OP(=O)(O)O)O)O)O,0.9084850188786497,0.02765227109193802,-1.3687834739685059,1.9933788776397705
430,E4N096_T82D,C(=O)=O,-0.7695510786217261,0.7325239181518555,-0.5801984667778015,1.3596069812774658
431,E4N096_E171A,C1C=CN(C=C1C(=O)N)C2C(C(C(O2)COP(=O)(O)OP(=O)(O)OCC3C(C(C(O3)N4C=NC5=C(N=CN=C54)N)OP(=O)(O)O)O)O)O,0.7781512503836436,0.01620950549840927,-1.3654732704162598,1.979424238204956
432,E4N096_H365N,C(=O)=O,0.8692317197309762,0.766258955001831,-0.592476487159729,1.3762905597686768
433,E4N096_H365N,CC=CC(=O)SCCNC(=O)CCNC(=O)C(C(C)(C)COP(=O)(O)OP(=O)(O)OCC1C(C(C(O1)N2C=NC3=C(N=CN=C32)N)O)OP(=O)(O)O)O,0.6989700043360189,-0.3598511815071106,-1.048168659210205,1.452457070350647
434,E4N096_F170A,CC=CC(=O)SCCNC(=O)CCNC(=O)C(C(C)(C)COP(=O)(O)OP(=O)(O)OCC1C(C(C(O1)N2C=NC3=C(N=CN=C32)N)O)OP(=O)(O)O)O,0.919078092376074,-0.38864368200302124,-1.0107520818710327,1.4491233825683594
435,E4N096_F170A,C1C=CN(C=C1C(=O)N)C2C(C(C(O2)COP(=O)(O)OP(=O)(O)OCC3C(C(C(O3)N4C=NC5=C(N=CN=C54)N)OP(=O)(O)O)O)O)O,1.0413926851582251,0.012052439153194427,-1.328805923461914,1.9830307960510254
436,E4N096_F170Y,CC=CC(=O)SCCNC(=O)CCNC(=O)C(C(C)(C)COP(=O)(O)OP(=O)(O)OCC1C(C(C(O1)N2C=NC3=C(N=CN=C32)N)O)OP(=O)(O)O)O,1.919078092376074,-0.3618934154510498,-1.0392827987670898,1.4336531162261963
437,E4N096_E171A,C(=O)=O,0.7075701760979364,0.7420381903648376,-0.6025998592376709,1.3585946559906006
438,E4N096_E171A,CC=CC(=O)SCCNC(=O)CCNC(=O)C(C(C)(C)COP(=O)(O)OP(=O)(O)OCC1C(C(C(O1)N2C=NC3=C(N=CN=C32)N)O)OP(=O)(O)O)O,0.7075701760979364,-0.3744836449623108,-1.0509631633758545,1.4316153526306152
439,E4N096_F170Y,C1C=CN(C=C1C(=O)N)C2C(C(C(O2)COP(=O)(O)OP(=O)(O)OCC3C(C(C(O3)N4C=NC5=C(N=CN=C54)N)OP(=O)(O)O)O)O)O,1.7481880270062005,0.030226431787014008,-1.3636943101882935,1.9771878719329834
440,E4N096_F170Y,C(=O)=O,1.7481880270062005,0.7563389539718628,-0.5823253989219666,1.3584964275360107
441,E4N096_wild,C(=O)=O,1.8920946026904804,0.7533601522445679,-0.58782958984375,1.365679144859314
442,E4N096_wild,CC=CC(=O)SCCNC(=O)CCNC(=O)C(C(C)(C)COP(=O)(O)OP(=O)(O)OCC1C(C(C(O1)N2C=NC3=C(N=CN=C32)N)O)OP(=O)(O)O)O,2.012837224705172,-0.3709484934806824,-1.0439512729644775,1.4384326934814453
443,E4N096_wild,C1C=CN(C=C1C(=O)N)C2C(C(C(O2)COP(=O)(O)OP(=O)(O)OCC3C(C(C(O3)N4C=NC5=C(N=CN=C54)N)OP(=O)(O)O)O)O)O,1.9344984512435677,0.016253851354122162,-1.3675299882888794,1.9849129915237427
444,E4N096_T82D,CC=CC(=O)SCCNC(=O)CCNC(=O)C(C(C)(C)COP(=O)(O)OP(=O)(O)OCC1C(C(C(O1)N2C=NC3=C(N=CN=C32)N)O)OP(=O)(O)O)O,-0.7644715530924511,-0.3840528726577759,-1.0380897521972656,1.4117395877838135
445,E4N096_S119A,C1C=CN(C=C1C(=O)N)C2C(C(C(O2)COP(=O)(O)OP(=O)(O)OCC3C(C(C(O3)N4C=NC5=C(N=CN=C54)N)OP(=O)(O)O)O)O)O,0.1673173347481761,0.008906550705432892,-1.3567991256713867,1.9749782085418701
446,E4N096_S119A,C(=O)=O,0.12057393120584989,0.7388365268707275,-0.5818189978599548,1.3527441024780273
447,E4N096_T82D,C1C=CN(C=C1C(=O)N)C2C(C(C(O2)COP(=O)(O)OP(=O)(O)OCC3C(C(C(O3)N4C=NC5=C(N=CN=C54)N)OP(=O)(O)O)O)O)O,-0.8041003475907662,0.006921522319316864,-1.3608455657958984,1.9581490755081177
448,E4N096_S119A,CC=CC(=O)SCCNC(=O)CCNC(=O)C(C(C)(C)COP(=O)(O)OP(=O)(O)OCC1C(C(C(O1)N2C=NC3=C(N=CN=C32)N)O)OP(=O)(O)O)O,0.2528530309798932,-0.37737196683883667,-1.0393388271331787,1.4288113117218018
449,Q5JD03_wild,C1=NC(=C2C(=N1)N(C=N2)C3C(C(C(O3)COP(=O)(O)OP(=O)(O)O)O)O)N,2.3096301674258988,-0.029313363134860992,-0.017421485856175423,1.0261132717132568
450,Q5JD03_wild,C(C(C(=O)O)N)O,2.338456493604605,-0.37616655230522156,1.126082420349121,0.3168621063232422
451,A5JTM5_H90Q,CC(C)(COP(=O)(O)OP(=O)(O)OCC1C(C(C(O1)N2C=NC3=C(N=CN=C32)N)O)OP(=O)(O)O)C(C(=O)NCCC(=O)NCCSC(=O)C4=CC=C(C=C4)Cl)O,-1.7958800173440752,-0.6828346252441406,-1.7498528957366943,1.066765546798706
452,A5JTM5_wild,CC(C)(COP(=O)(O)OP(=O)(O)OCC1C(C(C(O1)N2C=NC3=C(N=CN=C32)N)O)OP(=O)(O)O)C(C(=O)NCCC(=O)NCCSC(=O)C4=CC=C(C=C4)Cl)O,0.36172783601759284,-0.6576167941093445,-1.7491896152496338,1.0622453689575195
453,C7EW69_wild,C(#N)C1=C(C(=C(C(=C1Cl)Cl)Cl)C#N)Cl,2.315970345456918,-0.07917719334363937,-1.2461448907852173,2.249746561050415
454,Q9F0Q9_wild,CCCC(=O)OC1=CC=C(C=C1)[N+](=O)[O-],-1.214670164989233,1.5498801469802856,-0.198568657040596,1.742363691329956
455,Q2TPV1_G311K,CCCC(=O)OCC(COC(=O)CCC)OC(=O)CCC,1.4771212547196624,2.052624225616455,0.6830024719238281,1.5266448259353638
456,Q2TPV1_G311L,CCCC(=O)OCC(COC(=O)CCC)OC(=O)CCC,2.3979400086720375,2.13761830329895,0.6776776313781738,1.5957047939300537
457,Q2TPV1_G311D,CCCC(=O)OCC(COC(=O)CCC)OC(=O)CCC,1.8796692056320536,2.1546802520751953,0.6888812780380249,1.593180537223816
458,Q2TPV1_wild,CCCC(=O)OCC(COC(=O)CCC)OC(=O)CCC,3.1760912590556813,2.134512186050415,0.6710978746414185,1.5991290807724
459,Q01772_wild,CC(=O)C=O,2.296665190261531,1.3843971490859985,-0.3987012505531311,0.904119074344635
460,G2Q335_wild,C1=C(OC(=C1)C=O)CO,1.2013971243204515,1.1260360479354858,0.7424260377883911,0.25493553280830383
461,G2Q335_wild,CC(=O)C=O,1.100370545117563,1.487136721611023,0.21773505210876465,0.74791419506073
462,G2Q335_wild,C(C(CO)O)O,1.5327543789924978,1.6802316904067993,1.194941520690918,0.1168079823255539
463,C7ACH5_wild,C(CCN)CC(C(=O)O)N,0.7075701760979364,0.16237112879753113,0.47587305307388306,0.17519205808639526
464,Q6XZ79_wild,C1C(C(C(C(O1)(CO)O)O)O)O,3.949243590568265,0.34596073627471924,-0.08302129805088043,1.0391063690185547
465,Q6XZ78_wild,C1C(C(C(C(O1)(CO)O)O)O)O,2.693726948923647,0.10479968041181564,-0.16980168223381042,0.9841357469558716
466,Q9C524_wild,C1C(C(C(C(O1)(CO)O)O)O)O,1.1553360374650619,0.47207823395729065,0.14819134771823883,1.019264817237854
467,Q9C524_wild,C1=NC(=C2C(=N1)N(C=N2)C3C(C(C(O3)COP(=O)(O)OP(=O)(O)OP(=O)(O)O)O)O)N,1.1553360374650619,0.7765333652496338,-0.6530814170837402,1.4454609155654907
468,Q9FLH8_wild,C1=NC(=C2C(=N1)N(C=N2)C3C(C(C(O3)COP(=O)(O)OP(=O)(O)OP(=O)(O)O)O)O)N,1.1522883443830565,0.8002789616584778,-0.8873154520988464,1.2558207511901855
469,Q9FLH8_wild,C1C(C(C(C(O1)(CO)O)O)O)O,1.1522883443830565,0.4769100844860077,-0.2190617471933365,1.0396485328674316
470,Q9SID0_wild,C1=NC(=C2C(=N1)N(C=N2)C3C(C(C(O3)COP(=O)(O)OP(=O)(O)OP(=O)(O)O)O)O)N,1.0128372247051722,0.6586252450942993,-0.9617637395858765,1.2492048740386963
471,Q9SID0_wild,C1C(C(C(C(O1)(CO)O)O)O)O,1.0128372247051722,0.5008729696273804,-0.13151784241199493,1.0371111631393433
472,O82616_wild,C1=NC(=C2C(=N1)N(C=N2)C3C(C(C(O3)COP(=O)(O)OP(=O)(O)OP(=O)(O)O)O)O)N,1.0453229787866574,0.6387581825256348,-0.9111464023590088,1.0158555507659912
473,O82616_wild,C1C(C(C(C(O1)(CO)O)O)O)O,1.0453229787866574,0.2876037359237671,-0.14716562628746033,0.7822847366333008
474,Q9LNE4_wild,C1=NC(=C2C(=N1)N(C=N2)C3C(C(C(O3)COP(=O)(O)OP(=O)(O)OP(=O)(O)O)O)O)N,0.6812412373755872,0.5303786993026733,-0.9528532028198242,1.159342646598816
475,Q9LNE4_wild,C1C(C(C(C(O1)(CO)O)O)O)O,0.6812412373755872,0.38405293226242065,-0.18761049211025238,1.0328540802001953
476,Q9M1B9_wild,C1=NC(=C2C(=N1)N(C=N2)C3C(C(C(O3)COP(=O)(O)OP(=O)(O)OP(=O)(O)O)O)O)N,0.17609125905568124,0.6538755297660828,-0.9487799406051636,1.2292735576629639
477,Q9M1B9_wild,C1C(C(C(C(O1)(CO)O)O)O)O,0.17609125905568124,0.42548584938049316,-0.14206074178218842,0.9857252836227417
478,P22220_wild,C(CC(C(=O)O)N)CN=C(N)N,0.9956351945975499,0.39225977659225464,-0.9112896919250488,1.2430967092514038
479,Q9UWU1_wild,C(CC(C(=O)O)N)CN=C(N)N,0.414973347970818,-0.22787034511566162,0.0020076315850019455,0.32092809677124023
480,O54050_wild,C1=NC2=C(N1)C(=O)NC(=O)N2,2.130333768495006,1.1743296384811401,-1.2577263116836548,2.426513910293579
481,Q8N0R1_wild,C1=C(NC(=O)NC1=O)C(=O)[O-],3.4730488050885375,-0.2773653566837311,-1.726560354232788,2.00266695022583
482,Q8N0R1_wild,C1=C(N(C(=O)NC1=O)C2C(C(C(O2)COP(=O)(O)O)O)O)C(=O)O,0.414973347970818,-0.04361901432275772,-2.1221721172332764,2.1015100479125977
483,Q8N0R1_wild,[O-]P(=O)([O-])OP(=O)([O-])[O-],0.11394335230683679,0.2268880009651184,-1.8379093408584595,1.6664621829986572
484,Q8N0R1_wild,C(C1C(C(C(O1)OP(=O)(O)OP(=O)(O)O)O)O)OP(=O)(O)O,3.5482665451707454,0.15374022722244263,-1.776231050491333,1.7880783081054688
485,Q8N0R1_wild,C1(=C(NC(=O)NC1=O)C(=O)O)F,0.6020599913279624,-0.198969304561615,-2.161532402038574,2.1871933937072754
486,Q9FZ62_wild,C[N+](C)(C)CCOP(=O)(O)O,0.01703333929878037,1.1722464561462402,-0.5205950736999512,0.6589924097061157
487,Q9FZ62_wild,C(COP(=O)(O)O)N,1.1139433523068367,1.121323585510254,0.07241763174533844,0.6351572275161743
488,Q9RHZ1_wild,C(CC(=O)O)C(C(=O)O)N,1.6232492903979006,-0.17499181628227234,0.02451823465526104,1.0113158226013184
489,Q9LVI8_A174S,C(CC(=O)O)C(C(=O)O)N,0.9014583213961124,0.8436515927314758,0.18998916447162628,0.876968502998352
490,Q9LVI8_wild,[NH4+],0.8512583487190752,2.131747007369995,-0.4429618716239929,1.401797890663147
491,Q9LVI8_K49Q/A174S,[NH4+],0.8344207036815325,2.127692937850952,-0.46270453929901123,1.4356153011322021
492,Q9LVI8_wild,C(CC(=O)O)C(C(=O)O)N,0.8463371121298052,0.8273638486862183,0.201863095164299,0.8576592803001404
493,Q9LVI8_K49Q,[NH4+],0.8591382972945308,2.109801769256592,-0.45791298151016235,1.4025757312774658
494,Q9LVI8_K49Q,C(CC(=O)O)C(C(=O)O)N,0.8188854145940099,0.807166337966919,0.18970809876918793,0.8569738864898682
495,Q9LVI8_A174S,[NH4+],0.791690649020118,2.148822069168091,-0.44761475920677185,1.434205412864685
496,Q9LVI8_K49Q/A174S,C(CC(=O)O)C(C(=O)O)N,0.9074113607745862,0.8247286081314087,0.17823824286460876,0.8771612644195557
497,A0MZ70_wild,[NH4+],1.130333768495006,1.9616328477859497,-0.4520493745803833,1.3214141130447388
498,A0MZ70_wild,C(CC(=O)O)C(C(=O)O)N,1.1818435879447726,0.6559978127479553,0.1866714209318161,0.7535679936408997
499,A0MZ70_wild,C1=NC(=C2C(=N1)N(C=N2)C3C(C(C(O3)COP(=O)(O)OP(=O)(O)OP(=O)(O)O)O)O)N,1.0644579892269186,1.0522949695587158,-0.6381263136863708,1.462087631225586
500,Q4CN04_wild,[NH4+],2.7283537820212285,0.7231389880180359,0.09503775835037231,1.5822957754135132
501,Q4CN04_wild,C1=NC(=C2C(=N1)N(C=N2)C3C(C(C(O3)COP(=O)(O)OP(=O)(O)OP(=O)(O)O)O)O)N,2.597695185925512,0.28264138102531433,-0.5654898881912231,1.72947096824646
502,Q4CN04_wild,C(CC(=O)O)C(C(=O)O)N,2.593286067020457,-0.03732667118310928,0.257246196269989,1.0476535558700562
503,Q4DF18_wild,C(C1C(C(C(C(O1)O)O)O)O)O,-0.42021640338318983,0.04993262141942978,-0.6286104917526245,0.5819046497344971
504,Q9HGY3_wild,CC(C(=O)O)N,1.9030899869919435,1.053053617477417,0.5489718317985535,0.814038872718811
505,Q3JQY0_wild,CCCCCC=CC(=O)SCCNC(=O)CCNC(=O)C(C(C)(C)COP(=O)(O)OP(=O)(O)OCC1C(C(C(O1)N2C=NC3=C(N=CN=C32)N)O)OP(=O)(O)O)O,1.4517864355242902,0.6801953315734863,-1.2211823463439941,1.4269788265228271
506,Q3JQY0_wild,CC=CC(=O)SCCNC(=O)CCNC(=O)C(C(C)(C)COP(=O)(O)OP(=O)(O)OCC1C(C(C(O1)N2C=NC3=C(N=CN=C32)N)O)OP(=O)(O)O)O,0.5563025007672873,0.8747497200965881,-0.9297052025794983,1.0865941047668457
507,Q57981_wild,C1=NC2=C(N1C3C(C(C(O3)COP(=O)(O)OP(=O)(O)OP(=O)(O)O)O)O)N=C(NC2=O)N,0.6232492903979004,-0.12134363502264023,-0.9916165471076965,1.256666898727417
508,Q57981_wild,C(C(C(=O)O)N)C(=O)O,0.6232492903979004,-0.6019220948219299,-0.10990823805332184,0.48708224296569824
509,Q57981_wild,C1=NC2=C(C(=O)N1)N=CN2C3C(C(C(O3)COP(=O)(O)O)O)O,0.6232492903979004,-0.2299872636795044,-1.2365977764129639,1.490846037864685
510,P9WHS7_wild,CC(C)CC(C(=O)N1CCCC1C(=O)O)N,3.0,1.981237769126892,0.5658814311027527,0.8225692510604858
511,P51853_wild,C1=CC=C(C=C1)C=O,2.369215857410143,0.34455764293670654,-0.2469390630722046,1.4150772094726562
512,O15382_wild,CCC(C)C(C(=O)O)N,2.569373909615046,0.32922011613845825,-0.05483086407184601,1.4339489936828613
513,O15382_wild,CC(C)CC(C(=O)O)N,2.5276299008713385,0.8447256088256836,-0.04531783610582352,1.4586246013641357
514,O15382_wild,C(CC(=O)O)C(C(=O)O)N,2.462397997898956,0.7251877784729004,0.6185505390167236,1.3075013160705566
515,O15382_wild,C(CC(=O)O)C(=O)C(=O)O,2.5314789170422554,0.8862522840499878,-0.18386082351207733,1.3493351936340332
516,O15382_wild,CC(C)C(C(=O)O)N,2.4424797690644486,0.5228467583656311,0.4318861663341522,1.2883265018463135
517,D2Z028_P55G,C(CO)C(C(=O)O)N,-0.2006594505464183,0.5483537316322327,0.42305129766464233,0.07903185486793518
518,D2Z028_G52A/P55G,C(CO)C(C(=O)O)N,-0.10790539730951958,0.5446071028709412,0.43128806352615356,0.08549444377422333
519,D2Z028_G52A,C(CO)C(C(=O)O)N,-0.6575773191777937,0.54423588514328,0.425851047039032,0.07854117453098297
520,D2Z028_wild,C(CO)C(C(=O)O)N,0.1673173347481761,0.5523849725723267,0.4160389304161072,0.07507486641407013
521,Q8RAK6_Q360I,CC(C(=O)O)N,2.4572761860613257,1.3485767841339111,1.1847224235534668,0.744876503944397
522,Q8RAK6_wild,CC(C(=O)O)N,2.3271545124094315,1.342018961906433,1.1806857585906982,0.7307834625244141
523,Q8RAK6_S173D,CC(C(=O)O)N,1.5403294747908738,1.419594407081604,1.1581311225891113,0.7572386264801025
524,Q8RAK6_Q360Y,CC(C(=O)O)N,2.6349808000512285,1.4824329614639282,1.1375553607940674,0.828016996383667
525,Q8RAK6_Q360W,CC(C(=O)O)N,2.80174661921946,1.4062424898147583,1.155388355255127,0.7926750183105469
526,Q8RAK6_S173D/Q360Y,CC(C(=O)O)N,2.391816923613249,1.5797377824783325,1.1100823879241943,0.8631864786148071
527,Q180W0_wild,CC(C(=O)O)N,1.7730546933642626,2.2713682651519775,0.5897294878959656,1.2594331502914429
528,Q180W0_K271T,CC(C(=O)O)N,3.5152776037679585,2.287158489227295,0.5829556584358215,1.2663817405700684
529,O58212_wild,C[S+](CCC(C(=O)[O-])N)CC1C(C(C(O1)N2C=NC3=C(N=CN=C32)N)O)O,-0.8538719643217619,0.5221835374832153,-1.3702611923217773,0.7559908628463745
530,O58212_wild,C1=NC(=C2C(=N1)N(C=N2)C3C(C(C(O3)CCl)O)O)N,-2.283996656365201,0.30599260330200195,-1.1005370616912842,0.8790324926376343
531,B0LI36_wild,C(C(=O)O)N,2.942008053022313,0.2670082151889801,0.5888776779174805,0.7699195146560669
532,B0LI36_wild,C(CC(C(=O)O)N)CN=C(N)N,2.942008053022313,0.2382935881614685,0.22608014941215515,0.6849809885025024
533,Q4J6C9_wild,C(C(C(C(=O)O)O)C(=O)O)C(=O)O,1.7853298350107671,1.0747461318969727,-1.0687626600265503,1.7577435970306396
534,Q4J6C9_wild,C(CC(=O)O)C(C(C(=O)O)O)C(=O)O,1.568201724066995,0.7221420407295227,-0.93731689453125,1.3722362518310547
535,P50264_N195A,CC(=O)NCCCNCCCCNCCCN,0.9084850188786497,-0.1525188684463501,-1.461329698562622,1.9961973428726196
536,P50264_D94N,C(CCNCCCN)CNCCCN,0.3010299956639812,-0.42828983068466187,-1.2514262199401855,1.6237220764160156
537,P50264_wild,C(CCNCCCN)CNCCCN,1.5910646070264993,-0.4329783320426941,-1.247804880142212,1.619307041168213
538,P50264_D94N,CC(=O)NCCCNCCCCNCCCN,0.9867717342662449,-0.15743699669837952,-1.4563095569610596,1.99253511428833
539,P50264_wild,CC(=O)NCCCNCCCCNCCCN,1.1789769472931695,-0.1522579789161682,-1.4553358554840088,1.9858760833740234
540,P50264_N195A,C(CCNCCCN)CNCCCN,0.6901960800285137,-0.435052752494812,-1.2549206018447876,1.6275463104248047
541,P11544_wild,C1=CC=C(C=C1)C=CC(=O)O,0.01703333929878037,0.07417672127485275,-0.9223098754882812,1.1242657899856567
542,P11544_wild,C1=CC(=CC=C1CC(C(=O)O)N)O,0.00860017176191757,-0.290730357170105,-0.619181752204895,0.8710970878601074
543,P11544_wild,C1=CC=C(C=C1)CC(C(=O)O)N,0.7774268223893114,0.23901867866516113,-0.9584378600120544,1.2330735921859741
544,A3MTM6_wild,C(C(=O)COP(=O)(O)O)O,-0.5228787452803376,-0.09991035610437393,-0.6491517424583435,0.22289961576461792
545,A3MTM6_wild,C1C=CN(C=C1C(=O)N)C2C(C(C(O2)COP(=O)(O)OP(=O)(O)OCC3C(C(C(O3)N4C=NC5=C(N=CN=C54)N)OP(=O)(O)O)O)O)O,-0.585026652029182,0.4793187975883484,-1.4126821756362915,1.3747278451919556
546,A3MTM6_S40A/T42A,C1C=CN(C=C1C(=O)N)C2C(C(C(O2)COP(=O)(O)OP(=O)(O)OCC3C(C(C(O3)N4C=NC5=C(N=CN=C54)N)OP(=O)(O)O)O)O)O,0.8450980400142568,0.48576951026916504,-1.4206440448760986,1.3812355995178223
547,A3MTM6_wild,C1C=CN(C=C1C(=O)N)C2C(C(C(O2)COP(=O)(O)OP(=O)(O)OCC3C(C(C(O3)N4C=NC5=C(N=CN=C54)N)O)O)O)O,1.0413926851582251,0.5239579081535339,-1.243804693222046,1.1768808364868164
548,A3MTM6_S40A/T42A,C1C=CN(C=C1C(=O)N)C2C(C(C(O2)COP(=O)(O)OP(=O)(O)OCC3C(C(C(O3)N4C=NC5=C(N=CN=C54)N)O)O)O)O,1.0170333392987805,0.5386050939559937,-1.2500423192977905,1.186073660850525
549,A3MTM6_S40A/T42A,C(C(=O)COP(=O)(O)O)O,1.0170333392987805,-0.07839379459619522,-0.6440280675888062,0.22896064817905426
550,Q58122_wild,C1C=CN(C=C1C(=O)N)C2C(C(C(O2)COP(=O)(O)OP(=O)(O)OCC3C(C(C(O3)N4C=NC5=C(N=CN=C54)N)OP(=O)(O)O)O)O)O,0.5092025223311029,0.6739576458930969,-1.439540147781372,1.4787129163742065
551,Q58122_wild,C1C=CN(C=C1C(=O)N)C2C(C(C(O2)COP(=O)(O)OP(=O)(O)OCC3C(C(C(O3)N4C=NC5=C(N=CN=C54)N)O)O)O)O,0.5224442335063199,0.6605614423751831,-1.2670987844467163,1.3187106847763062
552,Q58122_wild,C(C(=O)COP(=O)(O)O)O,0.4440447959180762,-0.03607582300901413,-0.7025749683380127,0.25375133752822876
553,A7BFV7_wild,CCCCCCCCCCCCCCCC(=O)SCCNC(=O)CCNC(=O)C(C(C)(C)COP(=O)(O)OP(=O)(O)OCC1C(C(C(O1)N2C=NC3=C(N=CN=C32)N)O)OP(=O)(O)O)O,-0.8239087409443188,-0.27241232991218567,-1.282036304473877,1.2101291418075562
554,A7BFV8_wild,CCCCCCCCCCCCCCCC(=O)SCCNC(=O)CCNC(=O)C(C(C)(C)COP(=O)(O)OP(=O)(O)OCC1C(C(C(O1)N2C=NC3=C(N=CN=C32)N)O)OP(=O)(O)O)O,-1.5228787452803376,-0.6011499166488647,-1.3230245113372803,1.051317572593689
555,O34714_wild,C(=O)(C(=O)[O-])[O-],1.7558748556724915,1.9274640083312988,0.5467969179153442,0.4825918674468994
556,O34714_E101Q/E280Q,C(=O)(C(=O)[O-])[O-],-0.2076083105017461,1.761919617652893,0.5666184425354004,0.36438870429992676
557,O34714_W132F,C(=O)(C(=O)[O-])[O-],1.7781512503836436,1.9024922847747803,0.5531108975410461,0.45924651622772217
558,O34714_E280D,C(=O)(C(=O)[O-])[O-],-0.8538719643217619,1.6932666301727295,0.58425372838974,0.29245972633361816
559,O34714_E101D,C(=O)(C(=O)[O-])[O-],-0.3098039199714864,1.6654685735702515,0.5953065156936646,0.2621939182281494
560,O34714_E101A,C(=O)(C(=O)[O-])[O-],-1.337242168318426,1.6017295122146606,0.5981919169425964,0.2419852763414383
561,O34714_E280A,C(=O)(C(=O)[O-])[O-],-1.7212463990471711,1.6040778160095215,0.6107585430145264,0.2337685078382492
562,O53585_wild,C1=CN(C(=O)NC1=O)C2C(C(C(O2)COP(=O)(O)OP(=O)(O)OC3C(C(C(O3)C(CO)O)O)O)O)O,0.8573324964312685,0.4517812728881836,-0.4327828586101532,-0.07759594917297363
563,O53585_E300S,C1=CN(C(=O)NC1=O)C2C(C(C(O2)COP(=O)(O)OP(=O)(O)OC3C(C(C(O3)C(CO)O)O)O)O)O,-2.3010299956639813,0.4563646912574768,-0.4384729564189911,-0.07347846031188965
564,O53585_H413S,C1=CN(C(=O)NC1=O)C2C(C(C(O2)COP(=O)(O)OP(=O)(O)OC3C(C(C(O3)C(CO)O)O)O)O)O,-2.3979400086720375,0.458864688873291,-0.425708144903183,-0.07261088490486145
565,O53585_W399S,C1=CN(C(=O)NC1=O)C2C(C(C(O2)COP(=O)(O)OP(=O)(O)OC3C(C(C(O3)C(CO)O)O)O)O)O,-2.2218487496163566,0.43693917989730835,-0.4236227869987488,-0.08146399259567261
566,Q988B8_M2T/Y35H/V70K,C(CC(=O)O)C(=O)C(=O)O,0.5440680443502757,0.658988356590271,1.0613410472869873,0.1788594126701355
567,Q988B8_Y35H/V70R/F247C,C(CC(=O)O)C(=O)C(=O)O,0.9084850188786497,0.6094070672988892,1.1018624305725098,0.15414880216121674
568,Q988B8_wild,C(CC(=O)O)C(C(=O)O)N,0.17609125905568124,0.60139000415802,1.5064539909362793,0.12565003335475922
569,Q988B8_V70K,C(CC(=O)O)C(C(=O)O)N,0.43136376415898736,0.5693151950836182,1.5212376117706299,0.10756845772266388
570,Q988B8_M2T/Y35H/V70K/E212G,C(CC(=O)O)C(C(=O)O)N,0.47712125471966244,0.6194391250610352,1.485912561416626,0.1432294249534607
571,Q988B8_M2T/Y35H/V70K,C(CC(=O)O)C(C(=O)O)N,0.4913616938342727,0.6607685089111328,1.4948368072509766,0.1484503597021103
572,Q988B8_Y35H/V70K,C(CC(=O)O)C(C(=O)O)N,0.4623979978989561,0.6434759497642517,1.5006332397460938,0.1468886286020279
573,Q988B8_E68G,CC1=NC=C(C(=C1O)CN)CO,-0.11350927482751812,-0.21112662553787231,-0.6227362155914307,0.980300784111023
574,Q988B8_E68A,CC1=NC=C(C(=C1O)CN)CO,-0.10790539730951958,-0.23249775171279907,-0.6178285479545593,0.9733061194419861
575,Q988B8_M2T/Y35H/V70K/E212G,C(CC(=O)O)C(=O)C(=O)O,0.6020599913279624,0.6331889629364014,1.0450172424316406,0.18618881702423096
576,Q988B8_wild,C(CC(=O)O)C(=O)C(=O)O,0.2787536009528289,0.5634380578994751,1.0631264448165894,0.15020747482776642
577,Q988B8_M2T/V70K,C(CC(=O)O)C(=O)C(=O)O,0.5910646070264992,0.5783337950706482,1.079329490661621,0.13755643367767334
578,Q988B8_V70R/F247C,C(CC(=O)O)C(C(=O)O)N,0.6434526764861874,0.5367501378059387,1.5411068201065063,0.07485044002532959
579,Q988B8_Y35H/V70R/F247C,C(CC(=O)O)C(C(=O)O)N,0.8061799739838872,0.6072307229042053,1.5251498222351074,0.10773612558841705
580,Q988B8_E68G,CC1=NC=C(C(=C1O)CN)COP(=O)(O)O,-1.207608310501746,0.14321747422218323,-0.8717762231826782,0.8590429425239563
581,Q988B8_V70R/F247C,C(CC(=O)O)C(=O)C(=O)O,0.9590413923210936,0.5270888209342957,1.1197559833526611,0.11699444055557251
582,Q988B8_Y35H/V70K,C(CC(=O)O)C(=O)C(=O)O,0.7160033436347992,0.6420277953147888,1.0664442777633667,0.1859983652830124
583,Q988B8_E68A,CC1=NC=C(C(=C1O)CN)COP(=O)(O)O,-0.6575773191777937,0.1287795603275299,-0.8654346466064453,0.8504037857055664
584,Q988B8_V70K,C(CC(=O)O)C(=O)C(=O)O,0.6127838567197355,0.5543066263198853,1.088796615600586,0.14377640187740326
585,Q57ZS7_wild,C1=NC2=C(N1C3C(C(C(O3)COP(=O)(O)O)O)O)N=C(NC2=O)N,-0.28483264215154214,-0.34996092319488525,-1.2313600778579712,1.322347640991211
586,A0A1X9Y2Y6_wild,C1=CC(=CC=C1C2=CC(=O)C3=C(C=C(C=C3O2)O)O)O,-0.9318141382538383,-0.5942173004150391,-1.8715919256210327,1.4195852279663086
587,A0A1X9Y2Y6_wild,C1=CC(=C(C=C1C2=CC(=O)C3=C(C=C(C=C3O2)O)O)O)O,-1.0969100130080565,-0.6667615175247192,-1.8027793169021606,1.2997890710830688
588,Q92AT0_wild,C(C1C(C(C(C(O1)OP(=O)(O)O)O)O)O)O,1.6334684555795866,0.9952043294906616,-0.4144248366355896,0.9772925972938538
589,Q8WZK8_wild,C1=CC=C2C(=C1)C(=O)C3=C(C2=O)C(=C(C=C3NC4=CC(=CC=C4)S(=O)(=O)CCOS(=O)(=O)[O-])S(=O)(=O)[O-])N.[Na+].[Na+],2.991226075692495,2.183763027191162,-1.761141061782837,3.0480687618255615
590,I2DBY1_wild,COC1=C(C(=CC=C1)OC)O,2.6232492903979003,2.0115461349487305,-1.4588407278060913,2.244288444519043
591,I2DBY1_wild,C1=CC=C2C(=C1)C(=O)C3=C(C2=O)C(=C(C=C3NC4=CC(=C(C=C4)S(=O)(=O)O)NC5=NC(=NC(=N5)NC6=CC(=CC=C6)S(=O)(=O)O)Cl)S(=O)(=O)O)N,0.6812412373755872,2.3341212272644043,-1.7726037502288818,2.8963470458984375
592,I2DBY1_wild,C1=CC(=CC=C1N=NC2=C(C3=C(C(=C(C=C3C=C2S(=O)(=O)[O-])S(=O)(=O)[O-])N=NC4=CC=C(C=C4)S(=O)(=O)CCOS(=O)(=O)[O-])N)O)S(=O)(=O)CCOS(=O)(=O)[O-].[Na+].[Na+].[Na+].[Na+],1.0253058652647702,1.8226200342178345,-1.9843158721923828,2.777985095977783
593,I2DBY1_wild,C1=CC=C2C(=C1)C(=O)C3=C(C2=O)C(=C(C=C3NC4=CC(=CC=C4)S(=O)(=O)CCOS(=O)(=O)[O-])S(=O)(=O)[O-])N.[Na+].[Na+],2.625312450961674,2.263268232345581,-1.6921557188034058,3.160851001739502
594,I2DBY1_wild,CCN1C2=C(C=C(C=C2)S(=O)(=O)O)SC1=NN=C3N(C4=C(S3)C=C(C=C4)S(=O)(=O)O)CC,2.815577748324267,2.9133262634277344,-1.6880649328231812,3.395935535430908
595,A0A0F7VJ89_wild,C1=CC=C2C(=C1)C(=O)C3=C(C2=O)C(=C(C=C3NC4=CC(=C(C=C4)S(=O)(=O)O)NC5=NC(=NC(=N5)NC6=CC(=CC=C6)S(=O)(=O)O)Cl)S(=O)(=O)O)N,1.255272505103306,2.290191411972046,-1.3617302179336548,2.5925185680389404
596,A0A0F7VJ89_wild,COC1=CC=CC=C1O,1.8692317197309762,1.605688452720642,-0.5492735505104065,1.9224529266357422
597,A0A0F7VJ89_wild,COC1=C(C(=CC=C1)OC)O,1.7781512503836436,2.025952100753784,-1.015181303024292,2.1822290420532227
598,A0A0F7VJ89_wild,CCN1C2=C(C=C(C=C2)S(=O)(=O)O)SC1=NN=C3N(C4=C(S3)C=C(C=C4)S(=O)(=O)O)CC,2.574031267727719,2.888646364212036,-1.1521151065826416,3.2547881603240967
599,Q9Y3D8_H79G,C1=NC(=C2C(=N1)N(C=N2)C3C(C(C(O3)COP(=O)(O)OP(=O)(O)OP(=O)(O)O)O)O)N,-2.431798275933005,0.7663745880126953,-0.7294483780860901,0.10815945267677307
600,Q9Y3D8_wild,C1=NC(=C2C(=N1)N(C=N2)C3C(C(C(O3)COP(=O)(O)OP(=O)(O)OP(=O)(O)O)O)O)N,-2.2006594505464183,0.76229327917099,-0.7752306461334229,0.06441116333007812
601,Q99JR6_wild,C1=NC(=C2C(=N1)N(C=N2)C3C(C(C(O3)COP(=O)(O)OP(=O)(O)OP(=O)(O)O)O)O)N,-0.13076828026902382,1.15647554397583,-1.2718523740768433,1.4192290306091309
602,Q99JR6_wild,C1=CC(=C[N+](=C1)C2C(C(C(O2)COP(=O)(O)[O-])O)O)C(=O)N,-0.12493873660829995,1.153339147567749,-1.0956250429153442,1.4092767238616943
603,B3PBD9_wild,C1C(C(C(C(O1)OCC(C(C(C(C=O)O)O)O)O)O)O)O,0.46834733041215726,1.4391725063323975,1.3244898319244385,0.5108186602592468
604,B3PBD9_wild,C1C(C(C(C(O1)OC2=CC=C(C=C2)[N+](=O)[O-])O)O)O,-0.23657200643706275,1.5248124599456787,0.07087257504463196,1.0320308208465576
605,Q5LIW1_wild,C(C(C(C(=O)CO)O)O)OP(=O)(O)O,1.2671717284030137,0.16402190923690796,-0.5390903949737549,1.03937828540802
606,Q5LIW1_wild,C(C(C(C(C=O)O)O)O)OP(=O)(O)O,2.403120521175818,0.20154234766960144,-0.09895607084035873,0.9687538146972656
607,P00727_wild,C(C(C(=O)NCC(=O)O)N)S,2.0731069759989404,1.899212121963501,0.058336466550827026,1.8212463855743408
608,P00727_wild,C(C(C(=O)NCC(=O)O)N)O,1.6232492903979006,1.8709843158721924,0.3547919988632202,1.6316317319869995
609,P00727_wild,CSCCC(C(=O)NCC(=O)O)N,2.99490342833325,1.775246024131775,0.1383807510137558,1.7238452434539795
610,P00727_wild,CC(C)CC(C(=O)NCC(=O)O)N,2.829303772831025,1.8834381103515625,0.21721799671649933,1.5028502941131592
611,P14774_wild,CO,0.6020599913279624,0.268986314535141,0.09471853822469711,1.0420171022415161
612,P29082_wild,[S],0.3424226808222063,1.8366941213607788,0.24579520523548126,1.41022527217865
613,P73493_wild,C1=NC(=C2C(=N1)N(C=N2)C3C(C(C(O3)COP(=O)(O)OP(=O)(O)OP(=O)(O)O)O)O)N,0.7323937598229685,0.3639926314353943,-0.6990099549293518,0.7236583232879639
614,P73493_wild,C(C(=O)O)N,0.6253124509616739,0.20799478888511658,0.26855960488319397,0.2058790624141693
615,P73493_wild,C(CC(=O)NC(CS)C(=O)O)C(C(=O)O)N,0.6646419755561255,0.3755515217781067,-0.37482333183288574,0.9054651260375977
616,Q8IJA9_D176M,C1=NC(=C2C(=N1)N(C=N2)C3C(C(C(O3)CO)O)O)N,-0.01322826573375516,-0.30281710624694824,-1.104756236076355,1.1895196437835693
617,Q8IJA9_F136L,CSCC1C(C(C(O1)N2C=NC3=C(N=CN=C32)N)O)O,-0.16115090926274472,-0.36994093656539917,-0.9475148320198059,1.2820930480957031
618,Q8IJA9_F136L,C1=NC(=C2C(=N1)N(C=N2)C3C(C(C(O3)CO)O)O)N,0.11727129565576427,-0.28907686471939087,-1.100225567817688,1.2047039270401
619,Q8IJA9_D176A/L179A,CSCC1C(C(C(O1)N2C=NC3=C(N=CN=C32)N)O)O,0.24303804868629444,-0.37606191635131836,-0.9659522771835327,1.307869553565979
620,Q8IJA9_T174I,C1=NC(=C2C(=N1)N(C=N2)C3C(C(C(O3)CO)O)O)N,0.38381536598043126,-0.2923663854598999,-1.1093766689300537,1.2066704034805298
621,Q8IJA9_T174A,C1=NC(=C2C(=N1)N(C=N2)C3C(C(C(O3)CO)O)O)N,0.8721562727482929,-0.29626208543777466,-1.1080975532531738,1.2184756994247437
622,Q8IJA9_D176M,CSCC1C(C(C(O1)N2C=NC3=C(N=CN=C32)N)O)O,0.250420002308894,-0.4096732437610626,-0.9635597467422485,1.260591745376587
623,Q8IJA9_D176A/L179A,C1=NC(=C2C(=N1)N(C=N2)C3C(C(C(O3)CO)O)O)N,-0.5086383061657274,-0.2831757068634033,-1.10938560962677,1.2300180196762085
624,Q8IJA9_T174I,CSCC1C(C(C(O1)N2C=NC3=C(N=CN=C32)N)O)O,-0.4814860601221125,-0.3937290608882904,-0.9572294354438782,1.2687711715698242
625,Q8IJA9_wild,C1=NC(=C2C(=N1)N(C=N2)C3C(C(C(O3)CO)O)O)N,0.6127838567197355,-0.2879028618335724,-1.0991041660308838,1.2049158811569214
626,Q8IJA9_L179H,C1=NC(=C2C(=N1)N(C=N2)C3C(C(C(O3)CO)O)O)N,0.6444385894678386,-0.2991902232170105,-1.0978972911834717,1.2129957675933838
627,Q8IJA9_T174A,CSCC1C(C(C(O1)N2C=NC3=C(N=CN=C32)N)O)O,0.651278013998144,-0.3836049437522888,-0.9530289173126221,1.2921724319458008
628,Q8IJA9_D176A,CSCC1C(C(C(O1)N2C=NC3=C(N=CN=C32)N)O)O,0.7395723444500919,-0.40396127104759216,-0.965012788772583,1.274094581604004
629,Q8IJA9_C27Q/L227I,C1=NC(=C2C(=N1)N(C=N2)C3C(C(C(O3)CO)O)O)N,0.7895807121644255,-0.3121415972709656,-1.0764566659927368,1.1749753952026367
630,Q8IJA9_wild,CSCC1C(C(C(O1)N2C=NC3=C(N=CN=C32)N)O)O,1.1436392352745433,-0.3712936043739319,-0.9461307525634766,1.2805100679397583
631,Q8IJA9_D176A,C1=NC(=C2C(=N1)N(C=N2)C3C(C(C(O3)CO)O)O)N,0.7474118078864233,-0.30678290128707886,-1.1082206964492798,1.1997864246368408
632,Q8IJA9_C27Q/L227I,CSCC1C(C(C(O1)N2C=NC3=C(N=CN=C32)N)O)O,1.085290578230065,-0.3962489366531372,-0.9412423372268677,1.2650597095489502
633,Q8IJA9_L179H,CSCC1C(C(C(O1)N2C=NC3=C(N=CN=C32)N)O)O,1.1482940974347458,-0.36169594526290894,-0.949586808681488,1.2938923835754395
634,A0A222AKA3_wild,C1=CC=C(C=C1)CC(=O)C(=O)O,-2.2596373105057563,0.0488276407122612,-0.18069444596767426,0.13239941000938416
635,A0A024CDT8_wild,CCCCOC(=O)C(C)OC1=CC=C(C=C1)OC2=C(C=C(C=C2)C#N)F,0.6201360549737576,1.3174549341201782,-0.923479437828064,2.6288437843322754
636,A0A024CDT8_wild,CC(C(=O)OC)OC1=CC=C(C=C1)OC2=C(C=C(C=C2)Cl)Cl,0.7723217067229198,1.7010449171066284,-0.49777862429618835,2.5746383666992188
637,Q840T2_wild,CCCCCCCCCCCC(=O)OC1=CC=C(C=C1)[N+](=O)[O-],-1.619788758288394,1.7112661600112915,-1.5096155405044556,1.8882286548614502
638,Q840T2_wild,CCCCCCCC(=O)OC1=CC=C(C=C1)[N+](=O)[O-],-0.9030899869919435,1.790742039680481,-1.2771836519241333,1.9366486072540283
639,Q840T2_wild,CC(=O)OC1=CC=C(C=C1)[N+](=O)[O-],-1.494850021680094,1.7589360475540161,-0.6617346405982971,1.5889157056808472
640,Q840T2_wild,CCCC(=O)OC1=CC=C(C=C1)[N+](=O)[O-],-1.00436480540245,1.8520488739013672,-0.7991609573364258,1.8836660385131836
641,Q840T2_wild,CCCCCCCCCC(=O)OC1=CC=C(C=C1)[N+](=O)[O-],-1.0506099933550872,1.720528244972229,-1.4303014278411865,1.942461371421814
642,Q840T2_wild,CCCCCC(=O)OC1=CC=C(C=C1)[N+](=O)[O-],-0.9244530386074693,1.6920312643051147,-1.1140379905700684,1.9239203929901123
643,P06617_wild,C1=CC=C2C(=C1)C(=CN2)CC(C(=O)O)N,1.1205739312058498,0.21744275093078613,-0.6347977519035339,0.6648969054222107
644,P06617_W466F,C1=CC=C2C(=C1)C(=CN2)CC(C(=O)O)N,0.9637878273455552,0.2637423872947693,-0.6249987483024597,0.691094160079956
645,P06617_K365M,C1=CC=C2C(=C1)C(=CN2)CC(C(=O)O)N,-3.657577319177794,-0.38151973485946655,-0.4330042898654938,0.09240347146987915
646,P11444_K166R,C1=CC=C(C=C1)C(C(=O)[O-])O,-0.6777807052660807,0.8544619083404541,0.06936068832874298,0.7269545793533325
647,P11444_Y54W,C1=CC=C(C=C1)C(C(=O)[O-])O,1.0,0.9083589911460876,0.05453494191169739,0.7818195819854736
648,P11444_wild,C1=CC=C(C=C1)C(C(=O)[O-])O,3.0507663112330423,0.8917933702468872,0.06467144191265106,0.7617682218551636
649,P11444_F52W,C1=CC=C(C=C1)C(C(=O)[O-])O,2.3944516808262164,0.9025698304176331,0.06460592150688171,0.7655354738235474
650,P11444_D270N,C1=CC=C(C=C1)C(C(=O)[O-])O,-1.431798275933005,0.8838731646537781,0.062213897705078125,0.7338694930076599
651,P11444_wild,C1=CC=C(C=C1)C(C(=O)N)O,1.0425755124401905,0.7799156308174133,0.11982995271682739,1.000718116760254
652,P11444_V26L,C1=CC=C(C=C1)C(C(=O)N)O,1.325720858019412,0.7800263166427612,0.12423335015773773,0.9982425570487976
653,P0A6V1_S212Y,C1=NC(=C2C(=N1)N(C=N2)C3C(C(C(O3)COP(=O)(O)OP(=O)(O)OP(=O)(O)O)O)O)N,0.2041199826559248,1.2947877645492554,-0.232448548078537,1.4393173456192017
654,P0A6V1_E194D,C1=NC(=C2C(=N1)N(C=N2)C3C(C(C(O3)COP(=O)(O)OP(=O)(O)OP(=O)(O)O)O)O)N,2.0170333392987803,1.6274844408035278,-0.2856064438819885,1.7342170476913452
655,P0A6V1_D276E,C1=NC(=C2C(=N1)N(C=N2)C3C(C(C(O3)COP(=O)(O)OP(=O)(O)OP(=O)(O)O)O)O)N,2.0519239160461065,1.2042365074157715,-0.1988823413848877,1.3626351356506348
656,P0A6V1_W274A,C1=NC(=C2C(=N1)N(C=N2)C3C(C(C(O3)COP(=O)(O)OP(=O)(O)OP(=O)(O)O)O)O)N,2.584331224367531,1.2908716201782227,-0.20765382051467896,1.4329445362091064
657,P0A6V1_S212V,C1=NC(=C2C(=N1)N(C=N2)C3C(C(C(O3)COP(=O)(O)OP(=O)(O)OP(=O)(O)O)O)O)N,1.3502480183341627,1.5651546716690063,-0.2820967137813568,1.6958212852478027
658,P0A6V1_Y216F,C1=NC(=C2C(=N1)N(C=N2)C3C(C(C(O3)COP(=O)(O)OP(=O)(O)OP(=O)(O)O)O)O)N,1.462397997898956,1.6589521169662476,-0.2777191996574402,1.7691419124603271
659,P0A6V1_D239N,C1=NC(=C2C(=N1)N(C=N2)C3C(C(C(O3)COP(=O)(O)OP(=O)(O)OP(=O)(O)O)O)O)N,2.2278867046136734,1.3588283061981201,-0.2241402566432953,1.5258954763412476
660,P0A6V1_D276N,C1=NC(=C2C(=N1)N(C=N2)C3C(C(C(O3)COP(=O)(O)OP(=O)(O)OP(=O)(O)O)O)O)N,-0.431798275933005,1.0791875123977661,-0.1779310256242752,1.2323228120803833
661,P0A6V1_S212T,C1=NC(=C2C(=N1)N(C=N2)C3C(C(C(O3)COP(=O)(O)OP(=O)(O)OP(=O)(O)O)O)O)N,2.2528530309798933,1.6510688066482544,-0.2861165404319763,1.7669017314910889
662,P0A6V1_D276A,C1=NC(=C2C(=N1)N(C=N2)C3C(C(C(O3)COP(=O)(O)OP(=O)(O)OP(=O)(O)O)O)O)N,-0.44369749923271273,1.0527753829956055,-0.1875303089618683,1.2353051900863647
663,P0A6V1_W274F,C1=NC(=C2C(=N1)N(C=N2)C3C(C(C(O3)COP(=O)(O)OP(=O)(O)OP(=O)(O)O)O)O)N,2.424881636631067,1.6521192789077759,-0.28635600209236145,1.76991605758667
664,P0A6V1_D239A,C1=NC(=C2C(=N1)N(C=N2)C3C(C(C(O3)COP(=O)(O)OP(=O)(O)OP(=O)(O)O)O)O)N,1.5145477526602862,1.2255953550338745,-0.18966521322727203,1.4082672595977783
665,P0A6V1_wild,C1=NC(=C2C(=N1)N(C=N2)C3C(C(C(O3)COP(=O)(O)OP(=O)(O)OP(=O)(O)O)O)O)N,2.568201724066995,1.6612073183059692,-0.2858821749687195,1.778037190437317
666,P0A6V1_E194Q,C1=NC(=C2C(=N1)N(C=N2)C3C(C(C(O3)COP(=O)(O)OP(=O)(O)OP(=O)(O)O)O)O)N,1.9068735347220704,1.6272132396697998,-0.2767861783504486,1.7527275085449219
667,P0A6V1_S212A,C1=NC(=C2C(=N1)N(C=N2)C3C(C(C(O3)COP(=O)(O)OP(=O)(O)OP(=O)(O)O)O)O)N,2.5696079675468244,1.6021637916564941,-0.27978241443634033,1.7370285987854004
668,P0A6V1_D239E,C1=NC(=C2C(=N1)N(C=N2)C3C(C(C(O3)COP(=O)(O)OP(=O)(O)OP(=O)(O)O)O)O)N,2.5412046906832586,1.5881565809249878,-0.2792404294013977,1.7302443981170654
669,P0A6V1_F240A,C1=NC(=C2C(=N1)N(C=N2)C3C(C(C(O3)COP(=O)(O)OP(=O)(O)OP(=O)(O)O)O)O)N,2.2347702951609163,1.4466043710708618,-0.21538616716861725,1.633026123046875
670,P0A6V1_F240M,C1=NC(=C2C(=N1)N(C=N2)C3C(C(C(O3)COP(=O)(O)OP(=O)(O)OP(=O)(O)O)O)O)N,2.6875289612146345,1.6687301397323608,-0.2839911878108978,1.8008164167404175
671,P0A6V1_W274L,C1=NC(=C2C(=N1)N(C=N2)C3C(C(C(O3)COP(=O)(O)OP(=O)(O)OP(=O)(O)O)O)O)N,2.3935752032695876,1.4840542078018188,-0.26147159934043884,1.613011360168457
672,P0A6V1_K195Q,C1=NC(=C2C(=N1)N(C=N2)C3C(C(C(O3)COP(=O)(O)OP(=O)(O)OP(=O)(O)O)O)O)N,2.286231854028553,1.564620018005371,-0.27605387568473816,1.6663106679916382
673,P0A6V1_E194A,C1=NC(=C2C(=N1)N(C=N2)C3C(C(C(O3)COP(=O)(O)OP(=O)(O)OP(=O)(O)O)O)O)N,1.187520720836463,1.5212901830673218,-0.26593995094299316,1.6562901735305786
674,Q9GPZ4_wild,CCCCCCCCCCCCCC(=O)SCCNC(=O)CCNC(=O)C(C(C)(C)COP(=O)(O)OP(=O)(O)OCC1C(C(C(O1)N2C=NC3=C(N=CN=C32)N)O)OP(=O)(O)O)O,1.3729120029701067,0.15573912858963013,-2.765758752822876,2.2908072471618652
675,Q388H8_wild,CCCCCCCCCCCCCC(=O)SCCNC(=O)CCNC(=O)C(C(C)(C)COP(=O)(O)OP(=O)(O)OCC1C(C(C(O1)N2C=NC3=C(N=CN=C32)N)O)OP(=O)(O)O)O,1.885361220031512,0.13536220788955688,-2.6939902305603027,2.364562749862671
676,P24474_wild,N(=O)[O-],0.9030899869919435,1.8133076429367065,-0.9294894933700562,2.0393314361572266
677,Q9BRA2_wild,C(C(C(=O)O)N)SSCC(C(=O)O)N,1.481442628502305,1.515940546989441,-0.9293315410614014,2.0327439308166504
678,P51981_wild,CC(C(=O)NC(CCC(=O)[O-])C(=O)N)[NH3+],0.5185139398778875,0.9811233282089233,-0.646522045135498,1.4055187702178955
679,P51981_wild,CC(C(=O)NC(CCC(=O)O)C(=O)O)N,1.0,0.9964984655380249,-0.24170254170894623,1.2477630376815796
680,P51981_wild,CC(C(=O)NC(CC(=O)[O-])C(=O)[O-])[NH3+],1.2304489213782739,0.993151068687439,-0.6522490978240967,1.5991891622543335
681,P51981_wild,CC(C(=O)NC(CCSC)C(=O)[O-])[NH3+],0.2787536009528289,0.6999243497848511,-0.12132728099822998,0.8780347108840942
682,C1DTU5_wild,C(=O)=O,6.643452676486188,5.13151741027832,1.0074678659439087,3.5479538440704346
683,B2V8E3_wild,C(=O)(O)O,5.970811610872518,4.429691314697266,1.056464672088623,2.442596197128296
684,C0QRB5_wild,C(=O)=O,5.505149978319906,4.887813091278076,0.5988112688064575,3.790245771408081
685,C0QRB5_wild,C(=O)(O)O,5.505149978319906,4.537350654602051,0.9490706920623779,2.531464099884033
686,E8T502_wild,C(=O)(O)O,6.204119982655925,5.117197036743164,0.6916366815567017,2.79231858253479
687,E7F742_wild,C(=O)(O)O,5.949390006644913,3.090130567550659,0.8044635057449341,1.1600663661956787
688,Q81BW8_wild,C1C=CN(C=C1C(=O)N)C2C(C(C(O2)COP(=O)(O)OP(=O)(O)OCC3C(C(C(O3)N4C=NC5=C(N=CN=C54)N)OP(=O)(O)O)O)O)O,0.17609125905568124,1.034826397895813,-1.9905295372009277,2.915210008621216
689,A0A346FH09_wild,C1(C(C(OC(C1OC2C(C(C(C(O2)C(=O)O)P)O)O)C(=O)O)OP)O)O,1.6618126855372612,0.4432640075683594,-0.2196487933397293,1.094882607460022
690,P16442_wild,C1=CN(C(=O)NC1=O)C2C(C(C(O2)COP(=O)(O)OP(=O)(O)OC3C(C(C(C(O3)CO)O)O)O)O)O,0.7160033436347992,-0.2980244755744934,-0.9616386890411377,0.1717628538608551
691,P16442_M214V,C1=CN(C(=O)NC1=O)C2C(C(C(O2)COP(=O)(O)OP(=O)(O)OC3C(C(C(C(O3)CO)O)O)O)O)O,0.11394335230683679,-0.29281917214393616,-0.9648489952087402,0.1804085075855255
692,P16442_M214T,CC(=O)NC1C(C(C(OC1OP(=O)(O)OP(=O)(O)OCC2C(C(C(O2)N3C=CC(=O)NC3=O)O)O)CO)O)O,0.2041199826559248,-0.5921592712402344,-1.0619573593139648,0.20461049675941467
693,P16442_M214T,C1=CN(C(=O)NC1=O)C2C(C(C(O2)COP(=O)(O)OP(=O)(O)OC3C(C(C(C(O3)CO)O)O)O)O)O,0.7323937598229685,-0.27842262387275696,-0.9169466495513916,0.19106228649616241
694,P16442_P234S,C1=CN(C(=O)NC1=O)C2C(C(C(O2)COP(=O)(O)OP(=O)(O)OC3C(C(C(C(O3)CO)O)O)O)O)O,-2.3979400086720375,-0.30719032883644104,-0.947092592716217,0.1588304340839386
695,P16442_M214V,CC(=O)NC1C(C(C(OC1OP(=O)(O)OP(=O)(O)OCC2C(C(C(O2)N3C=CC(=O)NC3=O)O)O)CO)O)O,-0.431798275933005,-0.6086998581886292,-1.0985028743743896,0.18957048654556274
696,P16442_M214R,CC(=O)NC1C(C(C(OC1OP(=O)(O)OP(=O)(O)OCC2C(C(C(O2)N3C=CC(=O)NC3=O)O)O)CO)O)O,-3.7958800173440754,-0.8763246536254883,-0.9707223773002625,-0.016809165477752686
697,P16442_M214R,C1=CN(C(=O)NC1=O)C2C(C(C(O2)COP(=O)(O)OP(=O)(O)OC3C(C(C(C(O3)CO)O)O)O)O)O,-2.3767507096020997,-0.5832778811454773,-0.8127378821372986,-0.005803942680358887
698,P38646_wild,C1=NC(=C2C(=N1)N(C=N2)C3C(C(C(O3)COP(=O)(O)OP(=O)(O)OP(=O)(O)O)O)O)N,-2.6020599913279625,-0.08732626587152481,-0.9290483593940735,0.5027335286140442
699,Q93R27_wild,C1=NC(=C2C(=N1)N(C=N2)C3C(C(C(O3)COP(=O)(O)OP(=O)(O)OP(=O)(O)O)O)O)N,-2.431798275933005,0.5875726938247681,-0.596023440361023,0.5203367471694946
700,Q6BE01_wild,C(C1C(C(C(C(O1)OCC2C(C(C(C(O2)OCC(C(C(C(C=O)O)O)O)O)O)O)O)O)O)O)O,2.6954816764901977,0.6425091028213501,1.0098438262939453,0.4304931163787842
701,A0A0K8P8E7_wild,C1=CC(=CC=C1C(=O)O)C(=O)OCCOC(=O)C2=CC=C(C=C2)C(=O)O,1.4913616938342726,1.2265669107437134,-1.6572679281234741,3.0441699028015137
702,C5ARG4_wild,C1=CC=C2C(=C1)C(=CN2)CC(=O)C(=O)[O-],-0.1938200260161128,0.5846610069274902,-0.4360312521457672,1.0412225723266602
703,C5ARG4_wild,C1=CC=C(C=C1)C(=O)C(=O)O,1.4969296480732148,0.9364660382270813,0.062290117144584656,1.1816521883010864
704,C5ARG4_wild,C1=CC(=CC=C1CC(=O)C(=O)O)O,0.21748394421390627,0.9023695588111877,-0.41711029410362244,1.0536375045776367
705,C5ARG4_wild,CC(=O)C(=O)[O-],-0.05060999335508721,0.6369379758834839,0.519585132598877,0.6011132001876831
706,A0A0P0X1V6_wild,C(CC(=O)O)C(C(=O)O)N,2.1610683854711747,1.414678931236267,0.4463720917701721,1.160581111907959
707,A0A0P0X1V6_wild,CC(C(=O)O)N,2.147985320683805,1.103302240371704,0.7477980852127075,0.8407137393951416
708,B1WSS6_wild,CCCCCCCCCCCCCC(=O)O,0.6053050461411095,1.740441083908081,-1.94473135471344,1.6511765718460083
709,B1WSS6_wild,CC(C)CCCCCCCCCCCC(=O)O,0.49692964807321494,1.867212176322937,-1.7029609680175781,1.85964035987854
710,P53004_R172A,CC1=C(C(=CC2=C(C(=C(N2)C=C3C(=C(C(=O)N3)C)C=C)C)CCC(=O)O)NC1=CC4=NC(=O)C(=C4C)C=C)CCC(=O)O,1.252853030979893,-0.32708999514579773,-2.19242525100708,1.878368616104126
711,P53004_Y98F,CC1=C(C(=CC2=C(C(=C(N2)C=C3C(=C(C(=O)N3)C)C=C)C)CCC(=O)O)NC1=CC4=NC(=O)C(=C4C)C=C)CCC(=O)O,1.2253092817258628,-0.3368253707885742,-2.203946828842163,1.8732752799987793
712,P53004_wild,CC1=C(C(=CC2=C(C(=C(N2)C=C3C(=C(C(=O)N3)C)C=C)C)CCC(=O)O)NC1=CC4=NC(=O)C(=C4C)C=C)CCC(=O)O,1.9768083373380663,-0.31229090690612793,-2.20473051071167,1.902389645576477
713,Q93L51_wild,CC1(C2CC3C(C(=O)C(=C(C3(C(=O)C2=C(C4=C(C=CC(=C41)Cl)O)O)O)O)C(=O)N)N(C)C)O,-0.5228787452803376,0.24759981036186218,-0.7568145394325256,2.1456174850463867
714,Q93L51_wild,CC1C2C(C3C(C(=O)C(=C(C3(C(=O)C2=C(C4=C1C=CC=C4O)O)O)O)C(=O)N)N(C)C)O,0.11394335230683679,0.3327058255672455,-0.8044598698616028,2.3174567222595215
715,Q93L51_wild,CN(C)C1C2CC3C(C4=C(C=CC(=C4C(=C3C(=O)C2(C(=C(C1=O)C(=O)N)O)O)O)O)Cl)O,-0.6989700043360187,-0.024172864854335785,-0.9015373587608337,1.8038138151168823
716,Q93L51_wild,CN(C)C1C2CC3CC4=C(C=CC(=C4C(=C3C(=O)C2(C(=C(C1=O)C(=O)N)O)O)O)O)N(C)C,-0.9208187539523752,0.07593370229005814,-0.8387178182601929,1.8736389875411987
717,Q93L51_wild,CC1(C2CC3C(C(=O)C(=C(C3(C(=O)C2=C(C4=C1C=CC=C4O)O)O)O)C(=O)N)N(C)C)O,-0.494850021680094,0.42076337337493896,-0.938185453414917,2.3660573959350586
718,Q93L51_wild,C1C=CN(C=C1C(=O)N)C2C(C(C(O2)COP(=O)(O)OP(=O)(O)OCC3C(C(C(O3)N4C=NC5=C(N=CN=C54)N)OP(=O)(O)O)O)O)O,0.045322978786657475,0.39484134316444397,-1.110573649406433,2.299744129180908
719,R4X244_wild,C=C(CCO)C(=O)OCC1C(C(C(C(O1)O)O)O)O,3.146128035678238,0.9823090434074402,0.528865396976471,1.8482650518417358
720,R4X244_wild,C=C(C(CO)O)C(=O)OCC1C(C(C(C(O1)O)O)O)O,2.785329835010767,0.9917837977409363,0.45021852850914,1.711471438407898
721,Q97W95_wild,C(C1C(C(C(O1)OP(=O)(O)OP(=O)(O)O)O)O)OP(=O)(O)O,0.8573324964312685,1.0333542823791504,-0.6410870552062988,1.489762306213379
722,Q97W95_wild,C1=NC2=NC=NC(=C2N1)N,0.7323937598229685,0.27313703298568726,-1.2274394035339355,2.1179862022399902
723,P50135_L208F,C[S+](CCC(C(=O)[O-])N)CC1C(C(C(O1)N2C=NC3=C(N=CN=C32)N)O)O,-0.958607314841775,0.0620587095618248,-1.8249198198318481,1.114300012588501
724,P50135_L208K,C[S+](CCC(C(=O)[O-])N)CC1C(C(C(O1)N2C=NC3=C(N=CN=C32)N)O)O,-1.5228787452803376,0.10164269059896469,-1.8283087015151978,1.1522468328475952
725,P50135_L208V,C[S+](CCC(C(=O)[O-])N)CC1C(C(C(O1)N2C=NC3=C(N=CN=C32)N)O)O,-0.6382721639824072,0.07229500263929367,-1.8472753763198853,1.14222252368927
726,P50135_wild,C[S+](CCC(C(=O)[O-])N)CC1C(C(C(O1)N2C=NC3=C(N=CN=C32)N)O)O,-0.21467016498923297,0.06654273718595505,-1.8252527713775635,1.12349534034729
727,O75452_wild,CC1=C(C(CCC1)(C)C)C=CC(=CC=CC(=CCO)C)C,-1.6989700043360187,-1.3658921718597412,-2.8087408542633057,1.15973699092865
728,P56192_wild,CSCCC(C(=O)O)N,-0.38721614328026455,0.27556371688842773,-0.9358617663383484,1.0710744857788086
729,P56192_wild,C1=NC(=C2C(=N1)N(C=N2)C3C(C(C(O3)COP(=O)(O)OP(=O)(O)OP(=O)(O)O)O)O)N,-1.4814860601221125,0.4308164715766907,-1.1199800968170166,0.9188932776451111
730,Q84HI6_wild,CC(C)(COP(=O)(O)OP(=O)(O)OCC1C(C(C(O1)N2C=NC3=C(N=CN=C32)N)O)OP(=O)(O)O)C(C(=O)NCCC(=O)NCCSC(=O)C4=CC=CC=C4)O,0.47712125471966244,0.8424022197723389,-1.3535290956497192,1.7288050651550293
731,Q84HI6_wild,CC(C)(COP(=O)(O)OP(=O)(O)OCC1C(C(C(O1)N2C=NC3=C(N=CN=C32)N)O)OP(=O)(O)O)C(C(=O)NCCC(=O)NCCSC(=O)C4=CC=C(C=C4)O)O,1.0,0.7998244762420654,-1.4504690170288086,1.739513635635376
732,A0A1I9WLN6_wild,C[S+](CCC(C(=O)[O-])N)CC1C(C(C(O1)N2C=NC3=C(N=CN=C32)N)O)O,-4.151810883008602,-0.24510493874549866,-2.172574758529663,0.23401325941085815
733,A0A1I9WLN6_wild,C1=NC2=C(N1C3C(C(C(O3)COP(=O)(O)OP(=O)(O)OP(=O)(O)O)O)O)N=C(NC2=O)N,-4.3448615651886175,0.5830750465393066,-1.878307819366455,0.5288693308830261
734,P52894_wild,CC(=O)C(=O)[O-],1.4085791254086675,0.6922480463981628,-0.2592538893222809,1.0164949893951416
735,P52894_wild,C(CC(=O)O)C(C(=O)O)N,1.4085791254086675,1.419155240058899,0.41070157289505005,1.0735535621643066
736,P52894_wild,C(CC(=O)O)C(=O)C(=O)O,1.0831441431430522,1.2228745222091675,-0.4153030514717102,1.0752077102661133
737,P52894_wild,CC(C(=O)O)N,1.0831441431430522,0.967555820941925,0.7437835931777954,0.754467248916626
738,Q5L868_wild,CC(=O)NC1C(CC(OC1C(C(CO)O)O)(C(=O)O)O)O,2.5179872030250783,0.9080823659896851,0.04318028688430786,1.074851632118225
739,P00784_wild,CC(C)CC(C(=NC(CCC(=N)O)C(=NC(CC(=O)O)C(=NC(CCCCN)C(=O)O)O)O)O)N=C(C(CCC(=O)O)N=C(C(CC(=O)O)N=C(C(CCC(=O)O)N=C(C(C(C)O)N=C(C(CCC(=N)O)N=C(C(CCC(=N)O)N=C(C(CCC(=N)O)N=C(C(CCC(=O)O)N=C(C(CCC(=O)O)N=C(C(COP(=O)(O)O)N=C(C(CCC(=N)O)N=C(C(CC1=CC=CC=C1)N)O)O)O)O)O)O)O)O)O)O)O)O,0.2528530309798932,-0.5841851234436035,-1.2335543632507324,0.6401740908622742
740,A0A410UCT3_wild,C1=CN(C(=O)NC1=O)C2C(C(C(O2)CO)O)O,2.99211148778695,0.8915116786956787,-0.4590022563934326,1.6343657970428467
741,A9X6P7_wild,C(=O)(C(=O)[O-])[O-],0.6989700043360189,0.5784338712692261,0.570099949836731,0.47466152906417847
742,A9X6P7_wild,CC(C)(COP(=O)(O)OP(=O)(O)OCC1C(C(C(O1)N2C=NC3=C(N=CN=C32)N)O)OP(=O)(O)O)C(C(=O)NCCC(=O)NCCSC=O)O,0.6532125137753437,0.297974169254303,-1.2322797775268555,1.1914856433868408
743,Q7JK39_wild,CC1(C2CCC1(C(=O)C2=O)C)C,1.7958800173440752,0.39175283908843994,0.14764025807380676,0.7489156126976013
744,Q9TQS6_R41D,CC1(C2CCC1(C(=O)C2=O)C)C,-0.045757490560675115,0.34010136127471924,0.12826254963874817,0.6851561069488525
745,Q9TQS6_R37A,CC1(C2CCC1(C(=O)C2=O)C)C,0.3222192947339193,0.3785281181335449,0.14817140996456146,0.7367916703224182
746,Q9TQS6_H76Q,CC1(C2CCC1(C(=O)C2=O)C)C,0.5563025007672873,0.3548890948295593,0.1562105268239975,0.7191454768180847
747,Q9TQS6_R37D,CC1(C2CCC1(C(=O)C2=O)C)C,-1.3010299956639813,0.33234015107154846,0.16045010089874268,0.6761881113052368
748,Q9TQS6_H79Q,CC1(C2CCC1(C(=O)C2=O)C)C,-0.22184874961635637,0.3247113823890686,0.16962048411369324,0.6818170547485352
749,Q9TQS6_A36D,CC1(C2CCC1(C(=O)C2=O)C)C,-1.6989700043360187,0.39749693870544434,0.17836809158325195,0.7457682490348816
750,O53699_wild,C1=NC(=C2C(=N1)N(C=N2)C3C(C(C(O3)COP(=O)(O)OS(=O)(=O)O)OP(=O)(O)O)O)N,0.2041199826559248,-1.1035563945770264,-1.1986048221588135,0.705115795135498
751,O53699_wild,C(C1C(C(C(C(O1)OC2C(C(C(C(O2)CO)O)O)O)O)O)O)O,0.34830486304816066,-0.2603417634963989,0.9544497728347778,-0.3679729998111725
752,P84151_E36Q,C(C1C(C(C(C(O1)OC2C(C(C(C(O2)CO)O)O)O)O)O)O)O,-1.7695510786217261,-0.4309980273246765,1.1326336860656738,-0.5369439125061035
753,P84151_wild,C(C1C(C(C(C(O1)OC2C(C(C(C(O2)CO)O)O)O)O)O)O)O,0.2041199826559248,-0.3461202085018158,1.1579580307006836,-0.5097157955169678
754,P84151_E33A,C(C1C(C(C(C(O1)OC2C(C(C(C(O2)CO)O)O)O)O)O)O)O,-0.21467016498923297,-0.3168647289276123,1.145118236541748,-0.4864550530910492
755,P33316_wild,C1C(C(OC1N2C=CC(=O)NC2=O)COP(=O)(O)OP(=O)(O)OP(=O)(O)O)O,0.8182258936139555,0.4897138476371765,-1.6635740995407104,2.08805251121521
756,P33317_Q114A,C1C(C(OC1N2C=CC(=O)NC2=O)COP(=O)(O)OP(=O)(O)OP(=O)(O)O)O,0.11394335230683679,-0.1480945348739624,-1.752567172050476,1.6501822471618652
757,P33317_wild,C1C(C(OC1N2C=NC3=C2N=CNC3=O)COP(=O)(O)OP(=O)(O)OP(=O)(O)O)O,0.11394335230683679,0.6472271084785461,-1.6381580829620361,1.9801404476165771
758,P33317_wild,C1C(C(OC1N2C=CC(=O)NC2=O)COP(=O)(O)OP(=O)(O)OP(=O)(O)O)O,0.9822712330395684,0.5153661966323853,-1.8780553340911865,2.1011996269226074
759,P33317_Y88A,C1=CN(C(=O)NC1=O)C2C(C(C(O2)COP(=O)(O)OP(=O)(O)OP(=O)(O)O)O)O,0.724275869600789,0.4297782778739929,-1.5575073957443237,1.9588830471038818
760,P33317_Y88A,C1C(C(OC1N2C=CC(=O)NC2=O)COP(=O)(O)OP(=O)(O)OP(=O)(O)O)O,0.8692317197309762,0.3663610816001892,-1.8066365718841553,2.045262575149536
761,P33317_R111A,C1C(C(OC1N2C=CC(=O)NC2=O)COP(=O)(O)OP(=O)(O)OP(=O)(O)O)O,0.5185139398778875,0.18907570838928223,-1.732925534248352,1.8465094566345215
762,B4LTG5_wild,C1C(C(OC1N2C=CC(=O)NC2=O)COP(=O)(O)OP(=O)(O)OP(=O)(O)O)O,0.6720978579357175,1.2901443243026733,-2.7748804092407227,3.028306722640991
763,Q67XZ3_wild,C(C1C(C(C(C(O1)OC2(C(C(C(O2)CO)O)O)COC3(C(C(C(O3)CO)O)O)CO)O)O)O)O,1.3222192947339193,0.7867207527160645,0.17630282044410706,1.0554271936416626
764,Q9X9I8_E281D,C=C(C(=O)O)OC1C=CC=C(C1O)C(=O)O,-1.3010299956639813,-1.2339931726455688,-2.0175018310546875,0.8252306580543518
765,Q9X9I8_wild,C=C(C(=O)O)OC1C=CC=C(C1O)C(=O)O,-1.0362121726544449,-1.238927960395813,-2.01560640335083,0.8194872736930847
766,Q9X9I8_T348A,C=C(C(=O)O)OC1C=CC=C(C1O)C(=O)O,-2.2596373105057563,-1.2494239807128906,-1.9998661279678345,0.8125105500221252
767,Q9X9I8_E281D/T348A,C=C(C(=O)O)OC1C=CC=C(C1O)C(=O)O,-1.4647058799572297,-1.2438093423843384,-2.0010733604431152,0.8187121748924255
768,P16406_wild,CCC(C)C(C(=O)NC(CC1=CN=CN1)C(=O)N2CCCC2C(=O)NC(CC3=CC=CC=C3)C(=O)O)NC(=O)C(CC4=CC=C(C=C4)O)NC(=O)C(C(C)C)NC(=O)C(CCCN=C(N)N)NC(=O)C(CC(=O)O)N,1.3010299956639813,1.7214585542678833,-1.2774901390075684,1.946265459060669
769,P16406_N353A,CCC(C)C(C(=O)NC(CC1=CN=CN1)C(=O)N2CCCC2C(=O)NC(CC3=CC=CC=C3)C(=O)O)NC(=O)C(CC4=CC=C(C=C4)O)NC(=O)C(C(C)C)NC(=O)C(CCCN=C(N)N)NC(=O)C(CC(=O)O)N,0.6812412373755872,1.6211942434310913,-1.2728211879730225,1.8972692489624023
770,P16406_N353Q,CCC(C)C(C(=O)NC(CC1=CN=CN1)C(=O)N2CCCC2C(=O)NC(CC3=CC=CC=C3)C(=O)O)NC(=O)C(CC4=CC=C(C=C4)O)NC(=O)C(C(C)C)NC(=O)C(CCCN=C(N)N)NC(=O)C(CC(=O)O)N,0.38021124171160603,1.701351523399353,-1.2786285877227783,1.9351885318756104
771,P22314_wild,C1=NC(=C2C(=N1)N(C=N2)C3C(C(C(O3)COP(=O)(O)OP(=O)(O)OP(=O)(O)O)O)O)N,0.5314789170422551,1.248289704322815,-1.228475570678711,1.7986640930175781
772,P24186_wild,C1C2CN(C=[N+]2C3=C(N1)N=C(NC3=O)N)C4=CC=C(C=C4)C(=O)NC(CCC(=O)O)C(=O)O,1.6117233080073419,1.4331141710281372,-1.0601996183395386,1.8785336017608643
773,P24186_D121A,C1C2CN(C=[N+]2C3=C(N1)N=C(NC3=O)N)C4=CC=C(C=C4)C(=O)NC(CCC(=O)O)C(=O)O,-2.0,1.0199497938156128,-0.9808594584465027,1.618229627609253
774,P24186_G122D,C1C2CN(C=[N+]2C3=C(N1)N=C(NC3=O)N)C4=CC=C(C=C4)C(=O)NC(CCC(=O)O)C(=O)O,-1.2218487496163564,0.9743319749832153,-0.9457143545150757,1.4900431632995605
775,P24186_C58Y,C1C2CN(C=[N+]2C3=C(N1)N=C(NC3=O)N)C4=CC=C(C=C4)C(=O)NC(CCC(=O)O)C(=O)O,0.6766936096248666,0.7681959867477417,-0.8768795728683472,1.4061880111694336
776,P24186_R191E,C1C2CN(C=[N+]2C3=C(N1)N=C(NC3=O)N)C4=CC=C(C=C4)C(=O)NC(CCC(=O)O)C(=O)O,1.7589118923979736,1.1789369583129883,-1.0322394371032715,1.8801171779632568
777,P9WPQ5_G169N,C1=CN(C(=O)N=C1N)C2C(C(C(O2)COP(=O)(O)OP(=O)(O)OP(=O)(O)O)O)O,0.0,0.18484553694725037,-1.3901541233062744,1.288388967514038
778,P9WPQ5_G169N,C1=NC(=C2C(=N1)N(C=N2)C3C(C(C(O3)COP(=O)(O)OP(=O)(O)OP(=O)(O)O)O)O)N,0.11394335230683679,0.20275849103927612,-1.3568910360336304,1.3222659826278687
779,P9WPQ5_G169N,C(=O)(O)[O-].[Na+],0.23044892137827394,0.6259875297546387,-0.07496485114097595,0.45556291937828064
780,P9WPQ5_wild,CC1=CN(C(=O)NC1=O)C2CC(C(O2)COP(=O)(O)OP(=O)(O)OP(=O)(O)O)O,1.0718820073061255,0.05017894506454468,-1.5920131206512451,1.4684114456176758
781,P9WPQ5_wild,C1=NC2=C(N1C3C(C(C(O3)COP(=O)(O)OP(=O)(O)OP(=O)(O)O)O)O)N=C(NC2=O)N,1.0453229787866574,0.1419123113155365,-1.4721500873565674,1.3769397735595703
782,P9WPQ5_wild,C1=CN(C(=O)NC1=O)C2C(C(C(O2)COP(=O)(O)OP(=O)(O)OP(=O)(O)O)O)O,1.0569048513364727,0.21065321564674377,-1.527665138244629,1.5220162868499756
783,P9WPQ5_wild,C1=NC(=C2C(=N1)N(C=N2)C3C(C(C(O3)COP(=O)(O)OP(=O)(O)OP(=O)(O)O)O)O)N,1.0681858617461617,0.28262194991111755,-1.4257826805114746,1.4629335403442383
784,P9WPQ5_wild,C1=CN(C(=O)N=C1N)C2C(C(C(O2)COP(=O)(O)OP(=O)(O)OP(=O)(O)O)O)O,1.1818435879447726,0.2273719608783722,-1.444654941558838,1.421624779701233
785,P9WPQ5_G169N,C1=NC2=C(N1C3C(C(C(O3)COP(=O)(O)OP(=O)(O)OP(=O)(O)O)O)O)N=C(NC2=O)N,0.07918124604762482,0.09307730197906494,-1.4327455759048462,1.2399173974990845
786,P9WPQ5_wild,CC(C(CCCCCC(=O)O)N)N,1.1238516409670858,0.19546300172805786,-1.9157053232192993,1.4910988807678223
787,P9WPQ5_wild,C1=NC2=C(C(=O)N1)N=CN2C3C(C(C(O3)COP(=O)(O)OP(=O)(O)OP(=O)(O)O)O)O,1.0086001717619175,0.23953396081924438,-1.3857301473617554,1.4753963947296143
788,P9WPQ5_wild,C(=O)(O)[O-].[Na+],0.9956351945975499,0.7121461629867554,-0.06801089644432068,0.6182045936584473
789,P9WPQ5_G169N,CC(C(CCCCCC(=O)O)N)N,-0.045757490560675115,0.03602703660726547,-1.8833911418914795,1.3373605012893677
790,A0A060SYB0_wild,C1=C(OC(=C1)C=O)C=O,0.6812412373755872,0.9820843935012817,0.06557861715555191,0.7642689943313599
791,A0A060SYB0_wild,C1=C(OC(=C1)C=O)CO,-0.25181197299379954,1.324779748916626,0.28382331132888794,0.573631227016449
792,A0A060SXH6_wild,C1=C(OC(=C1)C=O)CO,-0.12493873660829995,1.2758561372756958,0.35431814193725586,0.534558892250061
793,A0A060SXH6_wild,C1=C(OC(=C1)C=O)C=O,0.10720996964786839,1.0220675468444824,0.11334298551082611,0.7991352081298828
794,Q63IP8_wild,CCCCCCCCCCCCCCCC(C(COP(=O)(O)O)N)O,-1.8239087409443189,-0.2461453080177307,-1.8195366859436035,0.6173614859580994
795,Q5ISV1_wild,C1=CC(=C(C=C1[N+](=O)[O-])[N+](=O)[O-])Cl,2.285557309007774,0.9178410768508911,-0.34115129709243774,1.1609731912612915
796,Q50LH1_wild,C1=CC(=C(C=C1[N+](=O)[O-])[N+](=O)[O-])Cl,0.5514499979728752,0.33265984058380127,-0.019272373989224434,0.9312698841094971
797,P81065_C10A/S11A,C(CC(=O)NC(CS)C(=O)NCC(=O)O)C(C(=O)O)N,-0.07058107428570727,0.5596688985824585,0.47283875942230225,1.0558818578720093
798,P81065_C10A/S11A,C1=CC(=C(C=C1[N+](=O)[O-])[N+](=O)[O-])Cl,-0.07058107428570727,0.9235164523124695,0.2730400562286377,0.992247998714447
799,P81065_wild,C1=CC(=C(C=C1[N+](=O)[O-])[N+](=O)[O-])Cl,1.2177470732627937,1.202354907989502,0.23106758296489716,1.1502915620803833
800,P81065_C10A,C1=CC(=C(C=C1[N+](=O)[O-])[N+](=O)[O-])Cl,1.0715138050950892,0.9163914918899536,0.27903982996940613,0.9784864187240601
801,P81065_wild,C(CC(=O)NC(CS)C(=O)NCC(=O)O)C(C(=O)O)N,1.2177470732627937,0.8736523985862732,0.41841375827789307,1.241538405418396
802,P81065_C10A,C(CC(=O)NC(CS)C(=O)NCC(=O)O)C(C(=O)O)N,1.0715138050950892,0.5497568845748901,0.4876928925514221,1.0357880592346191
803,Q9S5E2_wild,C(C(C(C(C(C=O)O)O)O)O)OP(=O)(O)O,0.0,-0.27246785163879395,-0.44091278314590454,-0.07863971590995789
804,Q9S5E2_E243Q,C(C(C(C(C(C=O)O)O)O)O)OP(=O)(O)O,-1.7695510786217261,-0.31030502915382385,-0.4237957298755646,-0.10391426086425781
805,Q9S5E2_K141Q,C(C(C(C(C(C=O)O)O)O)O)OP(=O)(O)O,-2.154901959985743,-0.34894859790802,-0.4059610962867737,-0.12127450108528137
806,Q9HK44_wild,CC(CCO)(CC(=O)O)OP(=O)(O)O,0.9542425094393249,-0.15748891234397888,-0.5687002539634705,0.2599482536315918
807,Q72I58_wild,C1=NC(=C2C(=N1)N(C=N2)C3C(C(C(O3)COP(=O)(O)OP(=O)(O)OP(=O)(O)O)O)O)N,1.0791812460476249,0.6624883413314819,-0.989949107170105,1.709505319595337
808,Q72IE8_wild,C1=NC(=C2C(=N1)N(C=N2)C3C(C(C(O3)COP(=O)(O)OP(=O)(O)OP(=O)(O)O)O)O)N,-0.27572413039921095,0.7942986488342285,-0.9145027995109558,1.483015537261963
809,A0R3C8_wild,C1=NC(=C2C(=N1)N(C=N2)C3C(C(C(O3)COP(=O)(O)OP(=O)(O)OP(=O)(O)O)O)O)N,1.921686475483602,0.6499238014221191,-0.947181224822998,1.6176658868789673
810,G5EBD7_wild,C(C(C(C(C(C(=O)O)O)O)O)O)OP(=O)(O)O,1.3617278360175928,1.2750486135482788,-0.6584411859512329,1.8234940767288208
811,A9H324_wild,C(C(C(C(C(C(=O)O)O)O)O)O)OP(=O)(O)O,0.5599066250361125,1.453110694885254,-0.7268985509872437,1.9312005043029785
812,A9H324_wild,C1=CC(=C[N+](=C1)C2C(C(C(O2)COP(=O)(O)OP(=O)(O)OCC3C(C(C(O3)N4C=NC5=C(N=CN=C54)N)OP(=O)(O)O)O)O)O)C(=O)N,0.4471580313422192,1.3225709199905396,-0.5583392977714539,1.7938270568847656
813,A9H324_wild,C1=CC(=C[N+](=C1)C2C(C(C(O2)COP(=O)([O-])OP(=O)(O)OCC3C(C(C(O3)N4C=NC5=C(N=CN=C54)N)O)O)O)O)C(=O)N,0.7824726241662862,1.2990981340408325,-0.18945302069187164,1.5829358100891113
814,P0A115_Q35H/F38L/C123S/Y137C/Y145C/E199G/S208G/G211D,CC(=O)OC1=CC=C(C=C1)[N+](=O)[O-],-0.24412514432750865,0.651198148727417,-0.30998605489730835,1.0144283771514893
815,P0A115_Q35H/F38L/C123S/Y145C/E199G/S208G/G211D,CC(=O)OC1=CC=C(C=C1)[N+](=O)[O-],-0.22914798835785583,0.6976784467697144,-0.2979084253311157,1.0533831119537354
816,P0A115_Q35H/F38L/Q110L/C123S/Y145C/E199G/S208G/G211D,CC(=O)OC1=CC=C(C=C1)[N+](=O)[O-],-0.22184874961635637,0.6632363200187683,-0.31579041481018066,1.0406737327575684
817,O31616_H244N,C(C(=O)O)N,0.11394335230683679,-0.5202451944351196,0.9162732362747192,-0.16684430837631226
818,O31616_wild,C(C(=O)O)N,0.6127838567197355,-0.5181310772895813,0.9178413152694702,-0.15849509835243225
819,O31616_wild,CNCC(=O)O,0.6180480967120927,-0.1423788070678711,1.0402848720550537,0.09197574853897095
820,O31616_H244K/M261R,C(C(=O)O)N,0.07918124604762482,-0.55067378282547,0.8805303573608398,-0.20346644520759583
821,O31616_wild,CC(C(=O)O)N,-0.036212172654444715,-0.08990723639726639,0.6795103549957275,-0.4848715364933014
822,O31616_M261I,C(C(=O)O)N,-0.1938200260161128,-0.5184462070465088,0.9189947247505188,-0.16710972785949707
823,O31616_M261R,C(C(=O)O)N,0.0,-0.5360954999923706,0.891837477684021,-0.18527042865753174
824,O31616_G51S/A54R/H244A,C(C(=O)O)N,0.17609125905568124,-0.5756892561912537,0.9260060787200928,-0.19584554433822632
825,O31616_A54R,C(C(=O)O)NCP(=O)(O)O,0.17609125905568124,-0.4523140788078308,0.03796803951263428,-0.38853105902671814
826,O31616_G51R/A54R,C(C(=O)O)N,-0.15490195998574322,-0.6306434273719788,0.9385190010070801,-0.24268797039985657
827,O31616_G51R/A54R,C(C(=O)O)NCP(=O)(O)O,-0.15490195998574322,-0.5259386301040649,0.05439817160367966,-0.4413790702819824
828,O31616_Y241H,C(C(=O)O)NCP(=O)(O)O,0.11394335230683679,-0.46699655055999756,0.03673741966485977,-0.3914708197116852
829,O31616_A54R/H244K,C(C(=O)O)N,0.505149978319906,-0.5493382811546326,0.9084086418151855,-0.19035831093788147
830,O31616_M49T,C(C(=O)O)N,-1.3979400086720375,-0.6410753726959229,0.9737529158592224,-0.23724493384361267
831,O31616_G51Q,C(C(=O)O)N,-0.13076828026902382,-0.5745150446891785,0.9268524646759033,-0.17443346977233887
832,O31616_G51H,C(C(=O)O)N,-0.11350927482751812,-0.5784977078437805,0.9276939630508423,-0.19334855675697327
833,O31616_H244A,C(C(=O)O)NCP(=O)(O)O,-0.11350927482751812,-0.44080621004104614,0.04505147039890289,-0.38096436858177185
834,O31616_H244K,C(C(=O)O)N,0.13033376849500614,-0.5326933264732361,0.9073281288146973,-0.1768856942653656
835,O31616_G51R,C(C(=O)O)NCP(=O)(O)O,0.25527250510330607,-0.5304819941520691,0.06579755246639252,-0.45474472641944885
836,O31616_G51R/A54E,C(C(=O)O)N,-0.45593195564972444,-0.6343244910240173,0.9289827346801758,-0.22605904936790466
837,O31616_M49I,C(C(=O)O)N,-0.44369749923271273,-0.5810969471931458,0.9349286556243896,-0.19848167896270752
838,O31616_wild,C1CC1NCC(=O)O,0.05690485133647256,-0.9268003702163696,0.813826322555542,-0.26920363306999207
839,O31616_M49L,C(C(=O)O)N,-0.36653154442041347,-0.618353009223938,0.9472578763961792,-0.2123681604862213
840,O31616_H244Q/Y246W,C(C(=O)O)N,0.08278537031645007,-0.8026375770568848,0.9806023836135864,-0.3487142324447632
841,O31616_G51S/A54R/Y241H,C(C(=O)O)N,-0.040958607678906384,-0.5953987240791321,0.9138808250427246,-0.20308217406272888
842,O31616_wild,C(C(=O)O)NCP(=O)(O)O,-0.040958607678906384,-0.43970566987991333,0.04662691801786423,-0.38609519600868225
843,O31616_A54R/H244K/M261R,C(C(=O)O)N,0.20682587603184974,-0.5671517848968506,0.8785201907157898,-0.21940076351165771
844,O31616_H244R,C(C(=O)O)N,0.17318626841227405,-0.5338131189346313,0.9099104404449463,-0.17845118045806885
845,Q936X2_wild,C(C(=O)N)C(=O)O,-1.0,0.8560749292373657,-0.127041757106781,1.2948777675628662
846,Q936X2_wild,C(=O)(N)NC(=O)O,1.214843848047698,0.8703569769859314,-0.2934964895248413,1.019150733947754
847,Q9ALV2_wild,C(=O)(N)NC(=O)O,0.7781512503836436,0.8791571259498596,-0.41156262159347534,1.0455663204193115
848,T0BMH6_wild,CCCCC1CC(=O)O1,0.8450980400142568,0.7560993432998657,0.09255807101726532,0.8856097459793091
849,T0BMH6_wild,CCCCCC(=O)NC1CCOC1=O,1.146128035678238,0.47705042362213135,-1.0275495052337646,1.3300669193267822
850,T0BMH6_wild,CCCCCCCCCC(=O)CC(=O)NC1CCOC1=O,0.7015679850559274,0.38806602358818054,-1.7672441005706787,1.8608746528625488
851,T0BMH6_wild,CCCC(=O)NC1CCOC1=O,1.1316186643491255,0.7208744883537292,-0.4566047489643097,1.1196422576904297
852,T0BMH6_wild,CCCCCCCCCC(=O)NC1CCOC1=O,0.7160033436347992,0.2723696827888489,-1.7321228981018066,1.6708221435546875
853,T0BMH6_wild,C1CCOC(=O)C1,0.9242792860618817,0.684880256652832,-0.11869926750659943,0.9382696151733398
854,T0BMH6_wild,CCCCCC1CCCC(=O)O1,0.9242792860618817,0.9570221900939941,-0.3555530905723572,1.3052237033843994
855,T0BMH6_wild,C1CC(=O)OC1,1.3710678622717363,0.4956771433353424,-0.28857341408729553,1.2701702117919922
856,A0A023DFE8_wild,CCCCCCCCCC(=O)CC(=O)NC1CCOC1=O,0.9768083373380663,0.5414711236953735,-1.8609176874160767,2.00496506690979
857,A0A023DFE8_wild,CCCC(=O)NC1CCOC1=O,1.2801228963023077,0.8556932210922241,-0.5346064567565918,1.2758550643920898
858,A0A023DFE8_wild,CCCCCC(=O)NC1CCOC1=O,0.951823035315912,0.5723111629486084,-1.0899922847747803,1.4736361503601074
859,A0A023DFE8_wild,CCCCCCCCCC(=O)NC1CCOC1=O,0.7387805584843692,0.3618018627166748,-1.7973594665527344,1.7965563535690308
860,A0A068VNW5_wild,C[S+](CCC(C(=O)[O-])N)CC1C(C(C(O1)N2C=NC3=C(N=CN=C32)N)O)O,-2.3279021420642825,-0.458808958530426,-1.5265759229660034,0.15452270209789276
861,W8JNL4_wild,C[S+](CCC(C(=O)[O-])N)CC1C(C(C(O1)N2C=NC3=C(N=CN=C32)N)O)O,-2.638272163982407,-0.6551357507705688,-1.4334545135498047,0.03541833162307739
862,Q70GK9_wild,[F-],-2.744727494896694,-0.545791745185852,0.3677418828010559,-0.6908160448074341
863,Q70GK9_wild,C[S+](CCC(C(=O)[O-])N)CC1C(C(C(O1)N2C=NC3=C(N=CN=C32)N)O)O,-2.677780705266081,-0.5109254121780396,-1.4963675737380981,0.09102481603622437
864,W0W999_wild,C[S+](CCC(C(=O)[O-])N)CC1C(C(C(O1)N2C=NC3=C(N=CN=C32)N)O)O,-2.431798275933005,-0.5159581899642944,-1.505759835243225,0.06543874740600586
865,W0W999_A279Y,C[S+](CCC(C(=O)[O-])N)CC1C(C(C(O1)N2C=NC3=C(N=CN=C32)N)O)O,-2.744727494896694,-0.5106220245361328,-1.486932396888733,0.04002583026885986
866,W0W999_wild,C1=NC(=C2C(=N1)N(C=N2)C3C(C(C(O3)CCl)O)O)N,-2.657577319177794,-0.7045568227767944,-1.3637276887893677,0.61332106590271
867,W0W999_F213Y/A279L,C[S+](CCC(C(=O)[O-])N)CC1C(C(C(O1)N2C=NC3=C(N=CN=C32)N)O)O,-3.522878745280338,-0.5018051862716675,-1.501021146774292,0.04350173473358154
868,W0W999_A279Y,C1=NC(=C2C(=N1)N(C=N2)C3C(C(C(O3)CCl)O)O)N,-2.0555173278498313,-0.701978325843811,-1.317597508430481,0.5754133462905884
869,W0W999_F213Y/A279L,C1=NC(=C2C(=N1)N(C=N2)C3C(C(C(O3)CCl)O)O)N,-1.191789027075778,-0.6909716129302979,-1.3303879499435425,0.5886359214782715
870,Q6KH76_wild,C(C(C(=O)O)N)O,-0.2596373105057561,-0.2250852882862091,0.18572120368480682,0.19547989964485168
871,Q6KH76_wild,CC(C(C(=O)O)N)O,0.3344537511509309,-0.2024085521697998,-0.0930207222700119,0.5136871933937073
872,A0A093HJH8_wild,C1=CC=C(C=C1)CC(C(=O)NCC(=O)NCC(=O)O)NC(=O)C=CC2=CC=CO2,2.994449137014036,1.9602700471878052,-1.0992553234100342,2.5441155433654785
873,Q60AN4_wild,C1C=CN(C=C1C(=O)N)C2C(C(C(O2)COP(=O)(O)OP(=O)(O)OCC3C(C(C(O3)N4C=NC5=C(N=CN=C54)N)OP(=O)(O)O)O)O)O,-0.3205721033878811,-0.7244060039520264,-1.2352176904678345,0.9561849236488342
874,Q60AN4_wild,CC(=CCCC(=CCCC(=CCOP(=O)(O)OP(=O)(O)O)C)C)C,-0.3205721033878811,-1.5450788736343384,-1.9359866380691528,0.5898294448852539
875,A0A0K2F2K4_E186K,CC(=CCCC(=CCCC(=CCOP(=O)(O)OP(=O)(O)O)C)C)C,-0.31875876262441283,-0.9071938991546631,-2.1533243656158447,0.9041118621826172
876,A0A2P2GY60_wild,C1C=CN(C=C1C(=O)N)C2C(C(C(O2)COP(=O)(O)OP(=O)(O)OCC3C(C(C(O3)N4C=NC5=C(N=CN=C54)N)OP(=O)(O)O)O)O)O,-1.408935392973501,0.04991040378808975,-1.6769628524780273,1.3801250457763672
877,A0A2P2GY60_wild,CC(=CCCC(=CCCC(=CCOP(=O)(O)OP(=O)(O)O)C)C)C,-1.5686362358410126,-0.8760660886764526,-2.4078965187072754,0.8261563777923584
878,Q9RFM8_wild,C(C(C(=O)O)N)S,-0.2006594505464183,-0.22401577234268188,-0.9803571105003357,0.555886447429657
879,P0AEP7_V51E,C(=O)C(=O)[O-],0.4623979978989561,-0.25760161876678467,-0.19865530729293823,0.6949701309204102
880,P0AEP7_V51D,C(=O)C(=O)[O-],-0.6020599913279624,-0.3007701635360718,-0.15891782939434052,0.6548486948013306
881,P0AEP7_wild,C(=O)C(=O)[O-],1.276461804173244,-0.266550213098526,-0.22790901362895966,0.6995757818222046
882,P0AEP7_E52Q,C(=O)C(=O)[O-],1.294466226161593,-0.26070550084114075,-0.22733727097511292,0.6971495151519775
883,P0AEP7_V51S,C(=O)C(=O)[O-],1.2671717284030137,-0.27426013350486755,-0.20275090634822845,0.6882551908493042
884,Q96UI5_wild,CC(=O)O.C(C(C(C(C(C=O)O)O)O)O)O,0.5998830720736879,0.39536741375923157,0.36517688632011414,0.857202410697937
885,G7VCG0_wild,CCC=O,0.4623979978989561,-0.10363126546144485,-0.11060519516468048,1.190119743347168
886,G7VCG0_wild,C(C(C=O)O)O,0.07918124604762482,0.561482310295105,-0.24424342811107635,0.8269182443618774
887,G7VCG0_wild,CC(C)C=O,0.6127838567197355,0.42389345169067383,-0.3691650927066803,1.2766287326812744
888,Q936X3_wild,C(C(=O)NC(=O)N)C(=O)[O-],0.8450980400142568,1.0991209745407104,-1.1753556728363037,1.6752489805221558
889,Q936X3_wild,C(=O)(N)NC(=O)N[N+](=O)[O-],0.9731278535996987,1.1072980165481567,-0.5138377547264099,1.2752302885055542
890,Q936X3_wild,C(=O)(N)NC(=O)NC(=O)O,1.1903316981702914,0.4936659634113312,-0.8909932374954224,1.2217555046081543
891,Q9KJU4_N99D,CC(C)CC(C(=O)O)N,0.2041199826559248,0.6406978368759155,0.2675120532512665,-0.31042689085006714
892,Q9KJU4_Y123F,C1=CC=C(C=C1)CC(C(=O)O)N,-0.22914798835785583,0.4993463158607483,0.3636894226074219,-0.2663707137107849
893,Q9KJU4_Y257F,CC(C)CC(C(=O)O)N,-0.16115090926274472,0.6123854517936707,0.2838979959487915,-0.3355790376663208
894,Q9KJU4_Y21F,C1=CC=C(C=C1)CC(C(=O)O)N,-0.060480747381381476,0.36757466197013855,0.4151596128940582,-0.3461643159389496
895,Q9KJU4_Y257F,C1=CC=C(C=C1)CC(C(=O)O)N,-0.16749108729376366,0.4619143605232239,0.3963530659675598,-0.2966761291027069
896,Q9KJU4_Y123F,C1=C(NC=N1)CC(COP(=O)(O)O)N,-0.4089353929735008,0.29719606041908264,-0.4718362092971802,0.2560054063796997
897,Q9KJU4_wild,C1=C(NC=N1)CC(COP(=O)(O)O)N,0.07188200730612537,0.30744433403015137,-0.4753755033016205,0.2635944187641144
898,Q9KJU4_wild,CC(C)CC(C(=O)O)N,0.5145477526602861,0.6584924459457397,0.24977655708789825,-0.2986184358596802
899,Q9KJU4_wild,C1=CC=C(C=C1)CC(C(=O)O)N,0.6127838567197355,0.5171879529953003,0.3666420876979828,-0.26314041018486023
900,Q9KJU4_Y123F,CC(C)CC(C(=O)O)N,-0.1804560644581313,0.6475292444229126,0.2532111406326294,-0.30086755752563477
901,Q9KJU4_Y21F,C1=C(NC=N1)CC(COP(=O)(O)O)N,0.28555730900777376,0.1765403151512146,-0.4266405403614044,0.16842621564865112
902,Q9KJU4_N99D,C1=C(NC=N1)CC(COP(=O)(O)O)N,0.26951294421791633,0.2949278950691223,-0.46969151496887207,0.24993224442005157
903,Q9KJU4_Y21F,CC(C)CC(C(=O)O)N,0.23552844690754893,0.5278593897819519,0.3073943853378296,-0.3865664601325989
904,Q9KJU4_Y257F,C1=C(NC=N1)CC(COP(=O)(O)O)N,-0.2924298239020636,0.2572970986366272,-0.4454696476459503,0.2184094488620758
905,Q9KJU4_N99D,C1=CC=C(C=C1)CC(C(=O)O)N,0.3463529744506387,0.5031474828720093,0.3767295777797699,-0.27066415548324585
906,P9WML7_wild,C1=CC=C(C=C1)CC(C(=O)O)N,2.342422680822206,0.7521522045135498,0.16847513616085052,0.22723832726478577
907,P9WML7_wild,C1=CC(=CC=C1CC(C(=O)O)N)O,3.4913616938342726,0.1716935932636261,-0.13253645598888397,0.415724515914917
908,P9WML7_wild,C1=C(NC=N1)CC(COP(=O)(O)O)N,2.629409599102719,0.5930385589599609,-0.6754622459411621,0.7681819796562195
909,P51979_wild,C1=NC(=C2C(=N1)N(C=N2)C3C(C(C(O3)COP(=O)(O)OP(=O)(O)OP(=O)(O)O)O)O)N,0.9637878273455552,0.22200489044189453,-1.0852088928222656,1.2214174270629883
910,P9WFR9_wild,C1C(C(OC1N2C=CC(=O)NC2=O)COP(=O)(O)O)O,1.255272505103306,0.23879489302635193,-2.291332721710205,1.3771960735321045
911,P0A884_K48Q,C1C(C(OC1N2C=CC(=O)NC2=O)COP(=O)(O)O)O,-1.7958800173440752,0.18811139464378357,-1.8987958431243896,1.3989063501358032
912,Q84II6_Q282N,C1=CC=C2C(=C1)C3=CC=CC=C3N2,0.6020599913279624,-0.7572529911994934,-1.694954514503479,1.4315967559814453
913,Q84II6_I262V,C1=CC=C2C(=C1)C3=CC=CC=C3N2,0.6646419755561255,-0.7611649036407471,-1.7114787101745605,1.435807466506958
914,Q84II6_Q282Y,C1=CC=C2C(=C1)C3=CC=CC=C3N2,0.7395723444500919,-0.7901948690414429,-1.7071428298950195,1.414975881576538
915,P09960_wild,CC(C(=O)NC1=CC=C(C=C1)[N+](=O)[O-])N,0.2787536009528289,1.1753970384597778,-0.6948024034500122,1.1862130165100098
916,P09960_wild,C(CC(C(=O)NC(CO)C(=O)NC(CCCN=C(N)N)C(=O)O)N)CN=C(N)N,-0.25181197299379954,1.1697735786437988,-1.0777134895324707,1.0262231826782227
917,Q6IP81_F375Y,CCCCCC=CCC=CC=CC=CC1C(O1)CCCC(=O)O,0.4913616938342727,0.4429132640361786,-2.105073928833008,1.5438215732574463
918,Q6IP81_wild,CC(C(=O)NC1=CC=C(C=C1)[N+](=O)[O-])N,0.6334684555795865,1.0303983688354492,-0.735092282295227,1.1514323949813843
919,Q6IP81_wild,CCCCCC=CCC=CC=CC=CC1C(O1)CCCC(=O)O,1.3031960574204888,0.44964924454689026,-2.1122024059295654,1.546321153640747
920,Q6IP81_F375Y,CC(C(=O)NC1=CC=C(C=C1)[N+](=O)[O-])N,0.5365584425715301,1.0226757526397705,-0.7320383191108704,1.1482527256011963
921,O13437_D195Q,C1=CC(=C[N+](=C1)C2C(C(C(O2)COP(=O)(O)OP(=O)(O)OCC3C(C(C(O3)N4C=NC5=C(N=CN=C54)N)OP(=O)(O)O)O)O)O)C(=O)N,-0.585026652029182,1.0264710187911987,0.027150066569447517,0.5884087085723877
922,O13437_wild,C1=CC(=C[N+](=C1)C2C(C(C(O2)COP(=O)([O-])OP(=O)(O)OCC3C(C(C(O3)N4C=NC5=C(N=CN=C54)N)O)O)O)O)C(=O)N,1.3483048630481607,1.043850302696228,0.297719806432724,0.575371503829956
923,O13437_D195Q,C1=CC(=C[N+](=C1)C2C(C(C(O2)COP(=O)([O-])OP(=O)(O)OCC3C(C(C(O3)N4C=NC5=C(N=CN=C54)N)O)O)O)O)C(=O)N,-0.585026652029182,1.0452057123184204,0.29126620292663574,0.5786812901496887
924,O13437_D195Q/Y196S,C1=CC(=C[N+](=C1)C2C(C(C(O2)COP(=O)([O-])OP(=O)(O)OCC3C(C(C(O3)N4C=NC5=C(N=CN=C54)N)O)O)O)O)C(=O)N,-0.3979400086720376,1.0040134191513062,0.3142205774784088,0.5698570013046265
925,O13437_D195N,C1=CC(=C[N+](=C1)C2C(C(C(O2)COP(=O)([O-])OP(=O)(O)OCC3C(C(C(O3)N4C=NC5=C(N=CN=C54)N)O)O)O)O)C(=O)N,-0.6777807052660807,1.0715597867965698,0.28545457124710083,0.5901943445205688
926,O13437_D195S,C1=CC(=C[N+](=C1)C2C(C(C(O2)COP(=O)([O-])OP(=O)(O)OCC3C(C(C(O3)N4C=NC5=C(N=CN=C54)N)O)O)O)O)C(=O)N,-0.46852108295774486,1.0661072731018066,0.28023093938827515,0.5888886451721191
927,O13437_D195S,C1=CC(=C[N+](=C1)C2C(C(C(O2)COP(=O)(O)OP(=O)(O)OCC3C(C(C(O3)N4C=NC5=C(N=CN=C54)N)OP(=O)(O)O)O)O)O)C(=O)N,-0.46852108295774486,1.048646330833435,0.01757924072444439,0.604848325252533
928,O13437_D195Q/Y196P,C1=CC(=C[N+](=C1)C2C(C(C(O2)COP(=O)([O-])OP(=O)(O)OCC3C(C(C(O3)N4C=NC5=C(N=CN=C54)N)O)O)O)O)C(=O)N,-0.060480747381381476,0.9890777468681335,0.3173825144767761,0.5650354027748108
929,O13437_D195A,C1=CC(=C[N+](=C1)C2C(C(C(O2)COP(=O)(O)OP(=O)(O)OCC3C(C(C(O3)N4C=NC5=C(N=CN=C54)N)OP(=O)(O)O)O)O)O)C(=O)N,-1.2839966563652008,1.0205152034759521,0.013619063422083855,0.5818197727203369
930,O13437_D195Q/Y196H,C1=CC(=C[N+](=C1)C2C(C(C(O2)COP(=O)(O)OP(=O)(O)OCC3C(C(C(O3)N4C=NC5=C(N=CN=C54)N)OP(=O)(O)O)O)O)O)C(=O)N,-0.3565473235138126,0.9781327247619629,0.03338941931724548,0.5666513442993164
931,O13437_D195Q/Y196H,C1=CC(=C[N+](=C1)C2C(C(C(O2)COP(=O)([O-])OP(=O)(O)OCC3C(C(C(O3)N4C=NC5=C(N=CN=C54)N)O)O)O)O)C(=O)N,-0.3098039199714864,0.9947508573532104,0.3062960207462311,0.567308783531189
932,O13437_wild,C1=CC(=C[N+](=C1)C2C(C(C(O2)COP(=O)(O)OP(=O)(O)OCC3C(C(C(O3)N4C=NC5=C(N=CN=C54)N)OP(=O)(O)O)O)O)O)C(=O)N,-4.3979400086720375,1.0158463716506958,0.030758192762732506,0.585570216178894
933,O13437_D195A,C1=CC(=C[N+](=C1)C2C(C(C(O2)COP(=O)([O-])OP(=O)(O)OCC3C(C(C(O3)N4C=NC5=C(N=CN=C54)N)O)O)O)O)C(=O)N,-0.11918640771920865,1.0389231443405151,0.27704206109046936,0.5671899914741516
934,G2QB71_wild,C1=CC(=C[N+](=C1)C2C(C(C(O2)COP(=O)([O-])OP(=O)(O)OCC3C(C(C(O3)N4C=NC5=C(N=CN=C54)N)O)O)O)O)C(=O)N,-0.11918640771920865,0.9049376845359802,0.13764847815036774,0.8249830007553101
935,Q00498_N187E/N147R,C(=O)[O-],-0.3010299956639812,1.5850309133529663,0.7211325168609619,0.34811508655548096
936,Q00498_Q105R,C(=O)[O-],0.07918124604762482,1.6455806493759155,0.7178363800048828,0.3626057505607605
937,Q00498_Y160R,C(=O)[O-],-0.5228787452803376,1.7094224691390991,0.7515084147453308,0.40266120433807373
938,G2QB71_wild,C(=O)[O-],-0.494850021680094,1.4479039907455444,0.6453378200531006,0.4926328659057617
939,O13437_I239C,C1=CC(=C[N+](=C1)C2C(C(C(O2)COP(=O)([O-])OP(=O)(O)OCC3C(C(C(O3)N4C=NC5=C(N=CN=C54)N)O)O)O)O)C(=O)N,0.414973347970818,1.0000622272491455,0.2820863425731659,0.575731098651886
940,O13437_wild,C(=O)[O-],0.7481880270062004,1.6419624090194702,0.7248690724372864,0.3566734492778778
941,O13437_A10C/I239C,C1=CC(=C[N+](=C1)C2C(C(C(O2)COP(=O)([O-])OP(=O)(O)OCC3C(C(C(O3)N4C=NC5=C(N=CN=C54)N)O)O)O)O)C(=O)N,0.6334684555795865,0.9795332551002502,0.2645444869995117,0.5718251466751099
942,O13437_K328V,C1=CC(=C[N+](=C1)C2C(C(C(O2)COP(=O)([O-])OP(=O)(O)OCC3C(C(C(O3)N4C=NC5=C(N=CN=C54)N)O)O)O)O)C(=O)N,0.8325089127062363,1.0511034727096558,0.30173972249031067,0.5696974396705627
943,O13437_K328V,C(=O)[O-],0.8325089127062363,1.6811025142669678,0.7203980088233948,0.3683328926563263
944,O13437_T321S,C(=O)[O-],-0.3565473235138126,1.6389175653457642,0.7264290452003479,0.35413533449172974
945,O13437_A10C,C1=CC(=C[N+](=C1)C2C(C(C(O2)COP(=O)([O-])OP(=O)(O)OCC3C(C(C(O3)N4C=NC5=C(N=CN=C54)N)O)O)O)O)C(=O)N,0.7923916894982539,1.019660472869873,0.2762884199619293,0.572943925857544
946,O13437_N187S,C(=O)[O-],0.09691001300805642,1.6297484636306763,0.7180861234664917,0.36099565029144287
947,O13437_N187S/T321S,C(=O)[O-],-0.14874165128092473,1.6264628171920776,0.7196930646896362,0.35912156105041504
948,O13437_wild,CN1C=CC(C=C1)C2C=CN(C=C2)C,-1.494850021680094,1.6266043186187744,-0.35325852036476135,1.1784412860870361
949,O13437_V120S,C(=O)[O-],0.7275412570285564,1.6557954549789429,0.7288103103637695,0.3666266202926636
950,O13437_N187D,C(=O)[O-],0.5171958979499743,1.6343356370925903,0.7158511877059937,0.35613298416137695
951,O13437_V120S,C1=CC(=C[N+](=C1)C2C(C(C(O2)COP(=O)([O-])OP(=O)(O)OCC3C(C(C(O3)N4C=NC5=C(N=CN=C54)N)O)O)O)O)C(=O)N,1.6088468223264116,1.0510872602462769,0.301132470369339,0.5929415822029114
952,O13437_V120S/N187D,C1=CC(=C[N+](=C1)C2C(C(C(O2)COP(=O)([O-])OP(=O)(O)OCC3C(C(C(O3)N4C=NC5=C(N=CN=C54)N)O)O)O)O)C(=O)N,1.2713768718940746,1.0274717807769775,0.3126426637172699,0.5799433588981628
953,O13437_N187D,C1=CC(=C[N+](=C1)C2C(C(C(O2)COP(=O)([O-])OP(=O)(O)OCC3C(C(C(O3)N4C=NC5=C(N=CN=C54)N)O)O)O)O)C(=O)N,1.4622482153549974,1.0200016498565674,0.3093160092830658,0.564022421836853
954,O13437_V120S/N187D,C(=O)[O-],-0.15490195998574322,1.6477259397506714,0.7204352021217346,0.3660089075565338
955,Q00498_N187E,C(=O)[O-],-0.15490195998574322,1.6358070373535156,0.7162883877754211,0.36191555857658386
956,B6VPZ9_wild,C1=CC(=C[N+](=C1)C2C(C(C(O2)COP(=O)(O)OP(=O)(O)OCC3C(C(C(O3)N4C=NC5=C(N=CN=C54)N)OP(=O)(O)O)O)O)O)C(=O)N,-2.3010299956639813,0.8160728216171265,-0.24851177632808685,0.6580459475517273
957,B6VPZ9_wild,C(=O)[O-],0.11394335230683679,1.473554015159607,0.7756001949310303,0.39592570066452026
958,B6VPZ9_wild,C1=CC(=C[N+](=C1)C2C(C(C(O2)COP(=O)([O-])OP(=O)(O)OCC3C(C(C(O3)N4C=NC5=C(N=CN=C54)N)O)O)O)O)C(=O)N,0.07918124604762482,0.8839581608772278,0.0838354229927063,0.6651449799537659
959,O08375_wild,C(=O)[O-],0.8633228601204559,1.642068862915039,0.5661752820014954,0.5992797017097473
960,Q08911_wild,C1=CC(=C[N+](=C1)C2C(C(C(O2)COP(=O)([O-])OP(=O)(O)OCC3C(C(C(O3)N4C=NC5=C(N=CN=C54)N)O)O)O)O)C(=O)N,0.8129133566428556,1.0641707181930542,0.1144195944070816,0.7529052495956421
961,P33677_wild,C(=O)[O-],0.3654879848908996,1.5556623935699463,0.5837967991828918,0.5176429748535156
962,Q00498_H13E,C(=O)[O-],-0.2596373105057561,1.624228596687317,0.722810685634613,0.34602388739585876
963,Q00498_Y160E,C(=O)[O-],-0.09691001300805639,1.6943286657333374,0.7416483163833618,0.37718021869659424
964,Q00498_N187E/Q105R,C(=O)[O-],-0.22184874961635637,1.6378546953201294,0.708861231803894,0.3676009476184845
965,Q00498_Y302R,C(=O)[O-],-0.6020599913279624,1.644687533378601,0.7274805307388306,0.38439902663230896
966,Q00498_N147R,C(=O)[O-],-0.07058107428570727,1.5940171480178833,0.72970050573349,0.34650135040283203
967,G0SGU4_wild,C1=CC(=C[N+](=C1)C2C(C(C(O2)COP(=O)([O-])OP(=O)(O)OCC3C(C(C(O3)N4C=NC5=C(N=CN=C54)N)O)O)O)O)C(=O)N,-0.18708664335714442,0.8993552327156067,0.12345634400844574,0.8285361528396606
968,G0SGU4_wild,C(=O)[O-],-0.09151498112135023,1.4609655141830444,0.5986051559448242,0.47238534688949585
969,A0A0A1EQY0_wild,C(=O)[O-],0.250420002308894,1.6402353048324585,0.6359027624130249,0.3876778185367584
970,A0A0A1EQY0_wild,C1=CC(=C[N+](=C1)C2C(C(C(O2)COP(=O)([O-])OP(=O)(O)OCC3C(C(C(O3)N4C=NC5=C(N=CN=C54)N)O)O)O)O)C(=O)N,0.3074960379132129,1.0661914348602295,0.19963115453720093,0.6312766075134277
971,G2QB71_wild,C(=O)=O,-1.0,2.0847654342651367,0.39635634422302246,1.349151372909546
972,G2QB71_wild,C1C=CN(C=C1C(=O)N)C2C(C(C(O2)COP(=O)(O)OP(=O)(O)OCC3C(C(C(O3)N4C=NC5=C(N=CN=C54)N)O)O)O)O,-1.5228787452803376,1.4081159830093384,-0.47561341524124146,1.4524192810058594
973,Q75WH8_S329L,C1C(C(C(C(O1)O)O)O)O,0.5185139398778875,0.9938725233078003,1.1110196113586426,0.010234087705612183
974,Q75WH8_S329F,C(C1C(C(C(C(O1)O)O)O)O)O,0.5797835966168101,0.6151736974716187,1.2449157238006592,-0.12462043762207031
975,Q75WH8_S329A,CC1C(C(C(C(O1)O)O)O)O,2.1522883443830567,0.7831605672836304,0.7654896378517151,0.4496110677719116
976,Q75WH8_S329K,C(C1C(C(C(C(O1)O)O)O)O)O,0.43136376415898736,0.6524388790130615,1.2262468338012695,-0.09622454643249512
977,Q75WH8_S329F,C1C(C(C(C(O1)O)O)O)O,0.23044892137827394,0.9574989080429077,1.1298186779022217,-0.0053855180740356445
978,Q75WH8_S329L,C(C1C(C(C(C(O1)O)O)O)O)O,0.9912260756924949,0.6574984788894653,1.223958134651184,-0.10830450057983398
979,Q75WH8_S329A,C(C1C(C(C(C(O1)O)O)O)O)O,0.8692317197309762,0.681489109992981,1.2216442823410034,-0.06365334987640381
980,Q75WH8_wild,C1C(C(C(C(O1)O)O)O)O,1.0569048513364727,1.0207117795944214,1.1120502948760986,0.03791099786758423
981,Q75WH8_S329A,C1C(C(C(C(O1)O)O)O)O,0.9493900066449128,1.0147773027420044,1.113194465637207,0.048147380352020264
982,Q75WH8_wild,C(C1C(C(C(C(O1)O)O)O)O)O,1.3263358609287514,0.6812459230422974,1.2264922857284546,-0.07429954409599304
983,Q75WH8_S329K,C1C(C(C(C(O1)O)O)O)O,0.25527250510330607,0.9909245371818542,1.1162497997283936,0.022117704153060913
984,Q75WH8_S329K,CC1C(C(C(C(O1)O)O)O)O,0.7075701760979364,0.752160906791687,0.7766900062561035,0.41134113073349
985,Q75WH8_S329F,CC1C(C(C(C(O1)O)O)O)O,1.1238516409670858,0.7174382209777832,0.770160973072052,0.3764040172100067
986,Q75WH8_S329L,CC1C(C(C(C(O1)O)O)O)O,1.72916478969277,0.7696256041526794,0.760882556438446,0.40884968638420105
987,Q75WH8_wild,CC1C(C(C(C(O1)O)O)O)O,2.5728716022004803,0.7788414359092712,0.7743455171585083,0.43727990984916687
988,Q75WH8_H101N,C(C1C(C(C(C(O1)O)O)O)O)O,1.3891660843645326,0.5197690725326538,1.3083934783935547,-0.2450367510318756
989,Q75WH8_H101N,CC1C(C(C(C(O1)O)O)O)O,2.2833012287035497,0.5894132852554321,0.8380430936813354,0.2160899043083191
990,A8CEF6_wild,CC1C(C(C(C(O1)O)O)O)O,1.8325089127062364,0.5936762094497681,0.4844920039176941,0.38332951068878174
991,A8CEF6_wild,C(C(C(C(C(C=O)O)O)O)O)O,1.4913616938342726,0.2582295835018158,0.6661304235458374,0.18059122562408447
992,A8CEF6_wild,C(C1C(C(C(C(O1)O)O)O)O)O,1.1522883443830565,0.784382700920105,0.7930518984794617,0.18949401378631592
993,A8CEF6_wild,C1C(C(C(C(O1)O)O)O)O,1.5378190950732742,1.1091364622116089,0.6960426568984985,0.3373704254627228
994,A8CEF6_wild,C(C(C(C(C=O)O)O)O)O,1.885361220031512,0.3441796600818634,0.6493258476257324,0.28977659344673157
995,D5LNE5_wild,C(C(C(C(C(C=O)O)O)O)O)O,1.4771212547196624,-0.04168320447206497,1.192272663116455,-0.39453867077827454
996,D5LNE5_wild,CC1C(C(C(C(O1)O)O)O)O,2.255272505103306,0.3250965476036072,0.8507804870605469,-0.21247217059135437
997,D5LNE5_wild,C1C(C(C(C(O1)O)O)O)O,1.3324384599156054,0.869015634059906,1.1401886940002441,-0.19826045632362366
998,D5LNE5_wild,C(C(C(C(C=O)O)O)O)O,2.380211241711606,-0.006017871201038361,1.051298975944519,-0.2503995895385742
999,D5LNE5_wild,C(C1C(C(C(C(O1)O)O)O)O)O,1.530199698203082,0.47449907660484314,1.3513033390045166,-0.4269872009754181
1000,B8E1U6_wild,C(C1C(C(C(C(O1)O)O)O)O)O,1.9084850188786497,1.2083059549331665,1.3969231843948364,0.23843958973884583
1001,B8E1U6_wild,C(C(C(C(=O)CO)O)O)O,2.113943352306837,1.2503339052200317,0.3988651931285858,0.8450648784637451
1002,B8E1U6_wild,CC1C(C(C(C(O1)O)O)O)O,2.290034611362518,1.0396487712860107,0.9410236477851868,0.5293319225311279
1003,B8E1U6_wild,C(C(C(C(C=O)O)O)O)O,2.3010299956639813,0.5582764148712158,1.0494000911712646,0.42496150732040405
1004,B8E1U6_wild,C(C(C(C(C(=O)CO)O)O)O)O,2.0644579892269186,1.045002818107605,0.7530022263526917,0.4984213411808014
1005,B8E1U6_wild,C1C(C(C(C(O1)O)O)O)O,1.6901960800285136,1.5684196949005127,1.3018739223480225,0.4608670771121979
1006,B8E1U6_wild,C(C(C(C(C(C=O)O)O)O)O)O,2.1903316981702914,0.5440238118171692,1.1932849884033203,0.25553014874458313
1007,A4XHV7_wild,C(C(C(C(C(C=O)O)O)O)O)O,1.8959747323590646,-0.0806942954659462,1.0512820482254028,-0.22342607378959656
1008,A4XHV7_wild,C1C(C(C(C(O1)O)O)O)O,2.0718820073061255,0.9251904487609863,1.0440970659255981,0.017871499061584473
1009,A4XHV7_wild,C(C(C(C(C=O)O)O)O)O,2.2695129442179165,-0.026649676263332367,0.9289559125900269,-0.07416507601737976
1010,A4XHV7_wild,C(C1C(C(C(C(O1)O)O)O)O)O,1.8331471119127851,0.5804312825202942,1.2583510875701904,-0.21506676077842712
1011,A4XHV7_wild,CC1C(C(C(C(O1)O)O)O)O,1.9995654882259823,0.4482017159461975,0.7403136491775513,-0.0397702157497406
1012,O05264_wild,C(C1C(C(C(C(O1)O)O)O)O)O,-0.13076828026902382,0.38968631625175476,1.2458007335662842,-0.49460482597351074
1013,O05264_wild,CC1C(C(C(C(O1)O)O)O)O,0.8864907251724818,0.26119497418403625,0.8181646466255188,-0.3864539563655853
1014,O05264_wild,C(C(C(C(C(C=O)O)O)O)O)O,1.021189299069938,-0.25099197030067444,1.1261510848999023,-0.6279106140136719
1015,O05264_wild,C1C(C(C(C(O1)O)O)O)O,1.4871383754771865,0.7862130403518677,1.0416250228881836,-0.257180392742157
1016,Q8U488_D328K,C1=CC(=C[N+](=C1)C2C(C(C(O2)COP(=O)(O)OP(=O)(O)OCC3C(C(C(O3)N4C=NC5=C(N=CN=C54)N)OP(=O)(O)O)O)O)O)C(=O)N,2.123851640967086,1.7047206163406372,-0.8727805018424988,2.160489320755005
1017,Q8U488_wild,C1=CC(=C[N+](=C1)C2C(C(C(O2)COP(=O)(O)OP(=O)(O)OCC3C(C(C(O3)N4C=NC5=C(N=CN=C54)N)OP(=O)(O)O)O)O)O)C(=O)N,1.9684829485539352,1.6712685823440552,-0.8622133731842041,2.1447510719299316
1018,Q8U488_D328K/I329Y,C1=CC(=C[N+](=C1)C2C(C(C(O2)COP(=O)(O)OP(=O)(O)OCC3C(C(C(O3)N4C=NC5=C(N=CN=C54)N)OP(=O)(O)O)O)O)O)C(=O)N,2.225309281725863,1.7028687000274658,-0.8522067666053772,2.155670404434204
1019,Q8U488_wild,C1=CC(=C[N+](=C1)C2C(C(C(O2)COP(=O)([O-])OP(=O)(O)OCC3C(C(C(O3)N4C=NC5=C(N=CN=C54)N)O)O)O)O)C(=O)N,1.7810369386211318,1.361440896987915,-0.41901707649230957,1.9405004978179932
1020,Q8U488_D328K,C1=CC(=C[N+](=C1)C2C(C(C(O2)COP(=O)([O-])OP(=O)(O)OCC3C(C(C(O3)N4C=NC5=C(N=CN=C54)N)O)O)O)O)C(=O)N,2.0145205387579237,1.383034348487854,-0.42596912384033203,1.9468498229980469
1021,Q8U488_D328K/I329Y,C1=CC(=C[N+](=C1)C2C(C(C(O2)COP(=O)([O-])OP(=O)(O)OCC3C(C(C(O3)N4C=NC5=C(N=CN=C54)N)O)O)O)O)C(=O)N,2.0236639181977933,1.3833894729614258,-0.40300458669662476,1.943169355392456
1022,P56129_I148K,C(CC(C(=O)O)N)CC(C(=O)O)N,-0.5528419686577808,0.757111668586731,-0.6164183616638184,0.5570042729377747
1023,P56129_I148L,C(CC(C(=O)O)N)CC(C(=O)O)N,-0.42021640338318983,0.8689666390419006,-0.6393299698829651,0.6041644215583801
1024,P56129_I148F,C(CC(C(=O)O)N)CC(C(=O)O)N,-0.16749108729376366,0.7392480373382568,-0.5848859548568726,0.49528390169143677
1025,P56129_I148A,C(CC(C(=O)O)N)CC(C(=O)O)N,-0.4814860601221125,0.8282545208930969,-0.6023154854774475,0.589501142501831
1026,P56129_wild,C(CC(C(=O)O)N)CC(C(=O)O)N,1.1945143418824673,0.8430435657501221,-0.6480743885040283,0.5920081734657288
1027,Q9KVL7_wild,C(CC(C(=O)O)N)CC(C(=O)O)N,1.3424226808222062,1.2469700574874878,-0.7723712921142578,1.0611624717712402
1028,Q00985_wild,C1CC1(C(=O)O)N,-1.1804560644581312,0.1893923282623291,-0.7539106607437134,0.1591382473707199
1029,O48882_wild,C1CC1(C(=O)O)N,-1.4634415574284698,0.25345537066459656,-0.7117323279380798,0.20478415489196777
1030,D3JV05_wild,CC(C)(COP(=O)([O-])OP(=O)([O-])OCC1C(C(C(O1)N2C=NC3=C(N=CN=C32)N)O)OP(=O)([O-])[O-])C(C(=O)NCCC(=O)NCCSC(=O)CC(C(=O)[O-])O)O,2.041392685158225,1.4182709455490112,-1.1130273342132568,1.921940803527832
1031,U3LXJ8_wild,C1=CC(=CC=C1C2=C(C(=O)C3=C(C=C(C=C3O2)O)O)O)O,1.2304489213782739,-0.2555590569972992,-2.603487253189087,1.8950262069702148
1032,U3LXJ8_wild,C1=CC(=CC=C1C2=CC(=O)C3=C(C=C(C=C3O2)O)O)O,1.1271047983648077,-0.3228258490562439,-2.529198169708252,1.8489545583724976
1033,U3LXJ8_wild,C1=CC(=CC=C1C2C(C(=O)C3=C(C=C(C=C3O2)O)O)O)O,1.9106244048892014,-0.12884807586669922,-2.294349431991577,1.8453094959259033
1034,U3LXJ8_wild,C1C(OC2=CC(=CC(=C2C1=O)O)O)C3=CC=C(C=C3)O,1.0253058652647702,-0.70464026927948,-2.435105085372925,1.4326512813568115
1035,Q25BW5_wild,C1=CC(=CC=C1[N+](=O)[O-])OC2C(C(C(C(O2)CO)O)O)O,1.829946695941636,1.1098781824111938,0.07032701373100281,0.6647922992706299
1036,Q25BW5_D229N,C(C1C(C(C(C(O1)OC2C(OC(C(C2O)O)O)CO)O)O)O)O,0.5092025223311029,0.7861379384994507,0.8483224511146545,0.303638219833374
1037,Q25BW5_K253A,C(C1C(C(C(C(O1)OC2C(OC(C(C2O)O)O)CO)O)O)O)O,0.6503075231319364,0.7349737286567688,0.9224156141281128,0.2515292763710022
1038,Q25BW5_H231D,C(C1C(C(C(C(O1)OC2C(OC(C(C2O)O)O)CO)O)O)O)O,0.5954962218255742,0.6950172781944275,0.952601432800293,0.2100927233695984
1039,Q25BW5_wild,C(C1C(C(C(C(O1)OC2C(OC(C(C2O)O)O)CO)O)O)O)O,2.2576785748691846,0.7376442551612854,0.902124285697937,0.26421472430229187
1040,Q25BW5_M177L,C(C1C(C(C(C(O1)OC2C(OC(C(C2O)O)O)CO)O)O)O)O,0.40312052117581787,0.7419570684432983,0.89966881275177,0.25652429461479187
1041,Q25BW5_V173C,C(C1C(C(C(C(O1)OC2C(OC(C(C2O)O)O)CO)O)O)O)O,0.6384892569546373,0.7553385496139526,0.9173259735107422,0.25040870904922485
1042,Q25BW5_wild,C1C(C(C(C(O1)OC2=CC=C(C=C2)[N+](=O)[O-])O)O)O,-0.4156687756324692,0.8479267358779907,0.09900203347206116,0.5375821590423584
1043,Q9H227_wild,CC1C(C(C(C(O1)OC2=CC=C(C=C2)[N+](=O)[O-])O)O)O,0.49554433754644844,0.7812167406082153,0.10259968787431717,0.8840756416320801
1044,Q9H227_wild,C1=CC(=C(C=C1C2=C(C(=O)C3=C(C=C(C=C3O2)O)O)[O-])O)OC4C(C(C(C(O4)CO)O)O)O,0.17609125905568124,-0.11462082713842392,-0.7627071738243103,0.46434545516967773
1045,Q9H227_wild,C1C(OC2=CC(=CC(=C2C1=O)O)OC3C(C(C(C(O3)CO)O)O)O)C4=CC(=C(C=C4)O)O,0.10037054511756291,-0.1795664131641388,-0.7186517715454102,0.25774073600769043
1046,Q9H227_wild,C1C(C(C(C(O1)OC2=CC=C(C=C2)[N+](=O)[O-])O)O)O,0.7759743311293691,0.14518406987190247,0.08281482756137848,0.3568848669528961
1047,Q9H227_wild,C1=CC(=CC=C1[N+](=O)[O-])OC2C(C(C(C(O2)CO)O)O)O,1.24551266781415,0.41978031396865845,0.07969605922698975,0.4119254946708679
1048,Q0GC07_D58A,C1=CC(=CC=C1[N+](=O)[O-])OC2C(C(C(C(O2)CO)O)O)O,0.8692317197309762,1.319212794303894,-0.8897498846054077,1.7609422206878662
1049,Q0GC07_E458G,C1=CC(=CC=C1[N+](=O)[O-])OC2C(C(C(C(O2)CO)O)O)O,1.1139433523068367,1.3081103563308716,-0.8789514303207397,1.7352323532104492
1050,Q0GC07_wild,C1=CC(=CC=C1[N+](=O)[O-])OC2C(C(C(C(O2)CO)O)O)O,2.110589710299249,1.5008723735809326,-0.8947645425796509,1.8695000410079956
1051,Q0GC07_D242G,C1=CC(=CC=C1[N+](=O)[O-])OC2C(C(C(C(O2)CO)O)O)O,1.403120521175818,1.2046993970870972,-0.8731833100318909,1.6596102714538574
1052,Q0GC07_W243F,C1=CC(=CC=C1[N+](=O)[O-])OC2C(C(C(C(O2)CO)O)O)O,1.9523080096621253,1.4320154190063477,-0.885791003704071,1.83419930934906
1053,A1S0B1_wild,C(C1C(C(C(C(O1)OC2C(OC(C(C2O)O)O)CO)O)O)O)O,-0.4989407377822485,1.174839735031128,-0.04629352688789368,0.7313346266746521
1054,A1S0B1_wild,C1=CC(=CC=C1[N+](=O)[O-])OC2C(C(C(C(O2)CO)O)O)O,-0.2388241868442686,1.4196125268936157,-0.5720325112342834,1.1236671209335327
1055,D2C716_wild,C1=CC(=CC=C1[N+](=O)[O-])OC2C(C(C(C(O2)CO)O)O)O,6.084322418501385,1.3608607053756714,-0.7767258882522583,1.809226632118225
1056,D2C716_wild,C1C(C(C(C(O1)OC2=CC=C(C=C2)[N+](=O)[O-])O)O)O,5.366497668129632,1.4345351457595825,-0.5395113825798035,1.8777765035629272
1057,D2C716_wild,C1=CC(=CC=C1[N+](=O)[O-])OC2C(C(C(C(O2)CO)OC3C(C(C(C(O3)CO)O)O)O)O)O,4.922882128575935,1.244644045829773,-0.6336539387702942,1.6328988075256348
1058,D2C716_wild,C(C1C(C(C(C(O1)OC2C(OC(C(C2O)O)O)CO)O)O)O)O,3.1672582430436282,1.245435118675232,0.09692442417144775,1.3378227949142456
1059,A5IL43_wild,C1=CC(=CC=C1[N+](=O)[O-])OC2C(C(C(C(O2)CO)O)O)O,1.7112165243210902,1.4054838418960571,-0.768010139465332,1.8142762184143066
1060,Q16774_R116Q,C1=NC2=C(N1C3C(C(C(O3)COP(=O)(O)O)O)O)N=C(NC2=O)N,2.103803720955957,0.6262215375900269,-1.2316263914108276,2.1736230850219727
1061,Q16774_S186Y,C1=NC2=C(N1C3C(C(C(O3)COP(=O)(O)O)O)O)N=C(NC2=O)N,1.9845273133437926,0.6745395660400391,-1.257401704788208,2.1649131774902344
1062,Q16774_wild,C1=NC2=C(N1C3C(C(C(O3)COP(=O)(O)O)O)O)N=C(NC2=O)N,1.7671558660821804,0.6849239468574524,-1.2459708452224731,2.1718227863311768
1063,Q16774_S2L,C1=NC2=C(N1C3C(C(C(O3)COP(=O)(O)O)O)O)N=C(NC2=O)N,1.8904210188009143,0.7150538563728333,-1.2542301416397095,2.187765598297119
1064,Q16774_V91M,C1=NC2=C(N1C3C(C(C(O3)COP(=O)(O)O)O)O)N=C(NC2=O)N,2.1212314551496214,0.6862810254096985,-1.2630019187927246,2.1850016117095947
1065,Q16774_R96G,C1=NC2=C(N1C3C(C(C(O3)COP(=O)(O)O)O)O)N=C(NC2=O)N,2.0025979807199086,0.3902384638786316,-1.1906557083129883,1.9964115619659424
1066,Q16774_S121F,C1=NC2=C(N1C3C(C(C(O3)COP(=O)(O)O)O)O)N=C(NC2=O)N,2.0060379549973173,0.7359870672225952,-1.280729055404663,2.2092576026916504
1067,Q16774_G3A,C1=NC2=C(N1C3C(C(C(O3)COP(=O)(O)O)O)O)N=C(NC2=O)N,2.2657609167176105,0.6586297154426575,-1.2507648468017578,2.1365299224853516
1068,Q2QPW1_wild,C1=NC2=C(N1C3C(C(C(O3)COP(=O)(O)O)O)O)N=C(NC2=O)N,1.845098040014257,0.3120822012424469,-1.0906176567077637,1.502440094947815
1069,Q5GS56_wild,C1=NC2=C(N1C3C(C(C(O3)COP(=O)(O)O)O)O)N=C(NC2=O)N,3.1760912590556813,-0.004860259592533112,-1.2863171100616455,1.9860390424728394
1070,Q5GS56_wild,C1C(C(OC1N2C=NC3=C2N=C(NC3=O)N)COP(=O)(O)O)O,2.7075701760979363,-0.16692018508911133,-1.025138020515442,1.7359328269958496
1071,O15305_wild,C(C1C(C(C(C(O1)OP(=O)(O)O)O)O)O)O,0.5910646070264992,0.9867187738418579,-1.3155581951141357,1.598780632019043
1072,Q92871_wild,C(C1C(C(C(C(O1)OP(=O)(O)O)O)O)O)O,0.6434526764861874,0.3552238941192627,-1.0687470436096191,1.084507942199707
1073,A0A142ZC57_wild,CC(=CCCC(=CCCC(=CCCC(=CCOP(=O)(O)OP(=O)(O)O)C)C)C)C,-1.9430951486635275,-0.7912189364433289,-2.171922206878662,0.7570141553878784
1074,A0A142ZC57_wild,CC(=CCCC(=CCCC(=CCOP(=O)(O)OP(=O)(O)O)C)C)C,-1.6882461389442458,-0.8865588903427124,-2.2262020111083984,0.7016096711158752
1075,A0A0S2SWE4_wild,CCCCCC=CCC=CC(CCCCCCC(=O)O)OO,1.5440680443502757,1.9982726573944092,-1.7370655536651611,2.4483795166015625
1076,A0A0S2SWE4_wild,CCC=CCC=CCC=CCCCCCCCC(=O)[O-],1.4014005407815442,1.6079922914505005,-1.7779895067214966,2.413370370864868
1077,A0A0S2SWE4_wild,CCCCCCC=CCCCCCCCC(=O)[O-],1.3263358609287514,1.1727365255355835,-1.7088792324066162,2.0005340576171875
1078,A0A0S2SWE4_wild,CCCCCCCCC=CCCCCCCCC(=O)O,1.3926969532596658,1.6215354204177856,-2.102877140045166,1.9338631629943848
1079,O07565_wild,C(C1C(C(C(C(O1)O)O)N)O)OP(=O)(O)O,1.505149978319906,0.5395786762237549,-0.6928948163986206,1.075302243232727
1080,Q8A2I1_Q173A,CC(=O)NC1C(C(C(OC1O)OS(=O)(=O)O)O)OC2C(C(C(C(O2)C(=O)O)O)O)O,1.5185139398778875,0.6978525519371033,-1.2101373672485352,2.0295944213867188
1081,Q8A2I1_H453A,CC(=O)NC1C(C(C(OC1O)CO)OS(=O)(=O)[O-])OC2C(C(C(C(O2)C(=O)[O-])O)O)O,0.7634279935629373,0.5944323539733887,-1.3595272302627563,1.8934354782104492
1082,Q8A2I1_Q173A,CC(=O)NC1C(C(C(OC1O)CO)OS(=O)(=O)[O-])OC2C(C(C(C(O2)C(=O)[O-])O)O)O,0.8325089127062363,0.594887375831604,-1.356294870376587,1.8915785551071167
1083,Q8A2I1_H453N,CC(=O)NC1C(C(C(OC1O)OS(=O)(=O)O)O)OC2C(C(C(C(O2)C(=O)O)O)O)O,0.8325089127062363,0.697921097278595,-1.2138867378234863,2.028541088104248
1084,Q8A2I1_wild,CC(=O)NC1C(C(C(OC1O)OS(=O)(=O)O)O)OC2C(C(C(C(O2)C(=O)O)O)O)O,2.2380461031287955,0.6997631788253784,-1.2124958038330078,2.031665086746216
1085,Q8A2I1_H345N,CC(=O)NC1C(C(C(OC1O)OS(=O)(=O)O)O)OC2C(C(C(C(O2)C(=O)O)O)O)O,0.8195439355418687,0.7002850770950317,-1.211188554763794,2.0292551517486572
1086,Q8A2I1_R267A,CC(=O)NC1C(C(C(OC1O)CO)OS(=O)(=O)[O-])OC2C(C(C(C(O2)C(=O)[O-])O)O)O,0.6127838567197355,0.6135756373405457,-1.3504493236541748,1.9065929651260376
1087,Q8A2I1_E628Q,CC(=O)NC1C(C(C(OC1O)OS(=O)(=O)O)O)OC2C(C(C(C(O2)C(=O)O)O)O)O,0.6444385894678386,0.6968592405319214,-1.2229933738708496,2.0297746658325195
1088,Q8A2I1_H344N,CC(=O)NC1C(C(C(OC1O)OS(=O)(=O)O)O)OC2C(C(C(C(O2)C(=O)O)O)O)O,1.271841606536499,0.7008467316627502,-1.2135554552078247,2.030595302581787
1089,Q8A2I1_R267A,CC(=O)NC1C(C(C(OC1O)OS(=O)(=O)O)O)OC2C(C(C(C(O2)C(=O)O)O)O)O,1.7902851640332418,0.7106431722640991,-1.2071738243103027,2.045121669769287
1090,Q8A2I1_H344N,CC(=O)NC1C(C(C(OC1O)CO)OS(=O)(=O)[O-])OC2C(C(C(C(O2)C(=O)[O-])O)O)O,0.9571281976768131,0.5981036424636841,-1.3596500158309937,1.8925197124481201
1091,Q8A2I1_wild,CC(=O)NC1C(C(C(OC1O)CO)OS(=O)(=O)[O-])OC2C(C(C(C(O2)C(=O)[O-])O)O)O,1.58489634413745,0.5982134342193604,-1.3592851161956787,1.89408540725708
1092,Q8A2I1_H345Q,CC(=O)NC1C(C(C(OC1O)OS(=O)(=O)O)O)OC2C(C(C(C(O2)C(=O)O)O)O)O,1.0354297381845483,0.6967549324035645,-1.212517261505127,2.0288586616516113
1093,Q8A2I1_H344A,CC(=O)NC1C(C(C(OC1O)OS(=O)(=O)O)O)OC2C(C(C(C(O2)C(=O)O)O)O)O,1.552789850192782,0.6916294097900391,-1.2139021158218384,2.025468349456787
1094,Q8A2I1_H345A,CC(=O)NC1C(C(C(OC1O)OS(=O)(=O)O)O)OC2C(C(C(C(O2)C(=O)O)O)O)O,1.4896772916636984,0.6929826736450195,-1.2133352756500244,2.0276565551757812
1095,Q8A2I1_H453A,CC(=O)NC1C(C(C(OC1O)OS(=O)(=O)O)O)OC2C(C(C(C(O2)C(=O)O)O)O)O,0.8068580295188175,0.6967544555664062,-1.2129626274108887,2.0306272506713867
1096,Q8GME2_wild,C1C=CN(C=C1C(=O)N)C2C(C(C(O2)COP(=O)(O)OP(=O)(O)OCC3C(C(C(O3)N4C=NC5=C(N=CN=C54)N)O)O)O)O,0.4913616938342727,1.0550570487976074,-1.2788777351379395,2.4422147274017334
1097,Q8GME2_wild,CC1=CC2=C(C=C1C)N(C3=NC(=O)NC(=O)C3=N2)CC(C(C(COP(=O)(O)OP(=O)(O)OCC4C(C(C(O4)N5C=NC6=C(N=CN=C65)N)O)O)O)O)O,0.6532125137753437,0.7635681629180908,-2.0310516357421875,2.1847143173217773
1098,P00363_wild,C(CC(=O)[O-])C(=O)[O-],1.4771212547196624,0.5714429020881653,-0.3342345356941223,1.4162002801895142
1099,P00363_wild,C(=CC(=O)[O-])C(=O)[O-],2.3979400086720375,0.9384324550628662,-0.8354029655456543,1.8778910636901855
1100,O30511_wild,C(C1C(C(C(C(O1)OC2C(OC(C(C2O)O)O)CO)O)O)O)O,-1.6989700043360187,1.120842456817627,-0.4138626456260681,0.051726579666137695
1101,O30511_wild,CC(=O)NC1C(C(C(OC1O)CO)OC2C(C(C(C(O2)CO)O)O)O)O,-0.4353339357479107,1.394782304763794,-0.6886947751045227,0.15280133485794067
1102,P06744_S278L,C(C(C(C(C(C=O)O)O)O)O)OP(=O)(O)O,-0.5228787452803376,0.9085628390312195,-0.758114218711853,1.485117793083191
1103,P06744_R83W,C(C(C(C(C(C=O)O)O)O)O)OP(=O)(O)O,2.0791812460476247,0.999545693397522,-0.7911120653152466,1.56453275680542
1104,P06744_D511N,C(C(C(C(C(C=O)O)O)O)O)OP(=O)(O)O,0.11394335230683679,0.9060714840888977,-0.751017689704895,1.4951732158660889
1105,P06744_E495Q,C(C(C(C(C(C=O)O)O)O)O)OP(=O)(O)O,0.2041199826559248,0.8712078332901001,-0.7340789437294006,1.478695034980774
1106,P06744_I525T,C(C(C(C(C(C=O)O)O)O)O)OP(=O)(O)O,2.041392685158225,0.9851126670837402,-0.7532001733779907,1.5691922903060913
1107,P06744_H396L,C(C(C(C(C(C=O)O)O)O)O)OP(=O)(O)O,1.3222192947339193,1.0483261346817017,-0.7713764905929565,1.5836493968963623
1108,P06744_K362A/H389L,C(C(C(C(C(C=O)O)O)O)O)OP(=O)(O)O,-1.3979400086720375,0.6966732144355774,-0.6933622360229492,1.32643461227417
1109,P06744_L487F,C(C(C(C(C(C=O)O)O)O)O)OP(=O)(O)O,1.2304489213782739,1.0573153495788574,-0.764398455619812,1.6082589626312256
1110,P06744_wild,C(C(C(C(C(C=O)O)O)O)O)OP(=O)(O)O,3.0,1.0724269151687622,-0.7728134393692017,1.62191903591156
1111,P06744_H100L,C(C(C(C(C(C=O)O)O)O)O)OP(=O)(O)O,-0.22184874961635637,0.8287628293037415,-0.7363271713256836,1.4308602809906006
1112,P06744_A300P,C(C(C(C(C(C=O)O)O)O)O)OP(=O)(O)O,1.7853298350107671,0.9698455929756165,-0.7552134990692139,1.5252796411514282
1113,P06744_R347H,C(C(C(C(C(C=O)O)O)O)O)OP(=O)(O)O,1.7993405494535817,0.9964970350265503,-0.7534403800964355,1.5474798679351807
1114,P06744_R75G,C(C(C(C(C(C=O)O)O)O)O)OP(=O)(O)O,2.113943352306837,1.0517444610595703,-0.7602187395095825,1.5912299156188965
1115,P06744_S185A,C(C(C(C(C(C=O)O)O)O)O)OP(=O)(O)O,2.5563025007672873,1.087829828262329,-0.7619019746780396,1.6122106313705444
1116,P06744_R347C,C(C(C(C(C(C=O)O)O)O)O)OP(=O)(O)O,2.5440680443502757,0.7575277090072632,-0.765868604183197,1.3703364133834839
1117,P06744_V101M,C(C(C(C(C(C=O)O)O)O)O)OP(=O)(O)O,2.146128035678238,1.0741784572601318,-0.773098349571228,1.622910737991333
1118,P06744_L339P,C(C(C(C(C(C=O)O)O)O)O)OP(=O)(O)O,1.4913616938342726,0.9189085364341736,-0.7411023378372192,1.4948445558547974
1119,P06744_T195I,C(C(C(C(C(C=O)O)O)O)O)OP(=O)(O)O,2.57978359661681,1.0767874717712402,-0.7815089225769043,1.6164493560791016
1120,P06744_R472H,C(C(C(C(C(C=O)O)O)O)O)OP(=O)(O)O,2.414973347970818,1.0240428447723389,-0.7520182132720947,1.5745294094085693
1121,P06744_T375R,C(C(C(C(C(C=O)O)O)O)O)OP(=O)(O)O,1.9030899869919435,0.8321643471717834,-0.7551957964897156,1.4474860429763794
1122,P06744_E495K,C(C(C(C(C(C=O)O)O)O)O)OP(=O)(O)O,2.8750612633917,0.7384343147277832,-0.742859423160553,1.3811976909637451
1123,P06744_N154Q/N386A,C(C(C(C(C(C=O)O)O)O)O)OP(=O)(O)O,2.6720978579357175,0.9409723281860352,-0.6805599331855774,1.5151255130767822
1124,P06744_Y274F,C(C(C(C(C(C=O)O)O)O)O)OP(=O)(O)O,2.380211241711606,1.0758717060089111,-0.7763205766677856,1.618312120437622
1125,P06744_Y341F,C(C(C(C(C(C=O)O)O)O)O)OP(=O)(O)O,2.5314789170422554,1.0351417064666748,-0.7636475563049316,1.5912542343139648
1126,P83194_wild,C(C(C(C(C(C=O)O)O)O)O)O,2.6771505212734326,3.0563676357269287,0.906349778175354,1.3826054334640503
1127,P84140_wild,C(C(C(C(C(C=O)O)O)O)O)OP(=O)(O)O,1.6232492903979006,3.2246642112731934,0.05318865925073624,2.0417075157165527
1128,Q50EL0_wild,COC(=O)C(CC1=CNC2=CC=CC=C21)N,-0.9318141382538383,-1.2090617418289185,-0.74332195520401,0.15201552212238312
1129,Q50EL0_wild,CC1=CC2=C(C=C1)NC=C2CC(C(=O)O)N,-0.9030899869919435,-1.2817368507385254,-0.7952789068222046,0.2552657127380371
1130,Q50EL0_wild,C1=CC=C(C(=C1)CC(C(=O)O)N)O,-0.5376020021010439,-1.6751399040222168,-0.713193953037262,0.03306952118873596
1131,Q50EL0_wild,CNC(CC1=CNC2=CC=CC=C21)C(=O)O,-1.3665315444204136,-1.2886691093444824,-0.9813598394393921,0.40841254591941833
1132,Q50EL0_wild,CC(=CCOP(=O)(O)OP(=O)(O)O)C,-0.03763066432997889,-1.0220166444778442,-1.311429738998413,0.6430692672729492
1133,Q50EL0_R244Y,CC(C)CC1C(=O)NC(C(=O)N1)CC2=CNC3=CC=CC=C32,-1.031517051446065,-1.0684072971343994,-0.5026611685752869,0.416999876499176
1134,Q50EL0_wild,C1=CC=C2C(=C1)C(=CN2)CC(C(=O)O)N,-0.431798275933005,-1.4520912170410156,-0.9125812649726868,0.2426070272922516
1135,Q50EL0_wild,C1=CC(=CC(=C1)O)CC(C(=O)O)N,-2.1870866433571443,-1.6768743991851807,-0.8821414709091187,-0.1852542757987976
1136,Q50EL0_R244M,C1=CC=C2C(=C1)C(=CN2)CC3C(=O)NC(C(=O)N3)CC4=CNC5=CC=CC=C54,-1.494850021680094,-1.5263186693191528,-1.0505496263504028,0.3916148543357849
1137,Q50EL0_R244L,C1CC2C(=O)NC(C(=O)N2C1)CC3=CNC4=CC=CC=C43,-1.0604807473813815,-0.46298205852508545,-0.9259868860244751,0.8649559617042542
1138,B1A4C4_wild,C1=CC=C2C(=C1)C(=CN2)CC(C(=O)O)N,0.14612803567823798,-1.5200586318969727,-0.6471169590950012,0.21482959389686584
1139,B1A4C4_wild,CNC(CC1=CNC2=CC=CC=C21)C(=O)O,0.02530586526477026,-1.4925272464752197,-0.765048086643219,0.34089621901512146
1140,B1A4C4_wild,C1=CC2=C(C=C1O)C(=CN2)CC(C(=O)O)N,-0.25181197299379954,-1.7152609825134277,-0.6840701699256897,0.018031328916549683
1141,Q8T6T2_wild,C1=CC(=C[N+](=C1)C2C(C(C(O2)COP(=O)([O-])OP(=O)(O)OCC3C(C(C(O3)N4C=NC5=C(N=CN=C54)N)O)O)O)O)C(=O)N,0.5185139398778875,0.6260982751846313,-0.921174943447113,1.5186798572540283
1142,Q8T6T2_wild,CC(=O)C1=C[N+](=CC=C1)C2C(C(C(O2)COP(=O)([O-])OP(=O)(O)OCC3C(C(C(O3)N4C=NC5=C(N=CN=C54)N)O)O)O)O,0.47712125471966244,0.6591364145278931,-0.9976168870925903,1.5231785774230957
1143,Q81W29_wild,C1=NC2=C(C(=O)N1)N=CN2C3C(C(C(O3)COP(=O)(O)OP(=O)(O)O)O)O,0.14612803567823798,0.737005352973938,-0.9673787355422974,1.1901427507400513
1144,P9WKI7_wild,C1=CC(=C[N+](=C1)C2C(C(C(O2)COP(=O)([O-])OP(=O)(O)OCC3C(C(C(O3)N4C=NC5=C(N=CN=C54)N)O)O)O)O)C(=O)N,0.4913616938342727,0.054583288729190826,-0.5304040312767029,0.916343092918396
1145,P9WKI7_wild,C1=NC2=C(C(=O)N1)N=CN2C3C(C(C(O3)COP(=O)(O)O)O)O,-0.27572413039921095,0.10280456393957138,-1.179840326309204,1.359082818031311
1146,A0A6L8P2U9_wild,C1=CC(=C[N+](=C1)C2C(C(C(O2)COP(=O)([O-])OP(=O)(O)OCC3C(C(C(O3)N4C=NC5=C(N=CN=C54)N)O)O)O)O)C(=O)N,0.47712125471966244,0.542837381362915,-0.2331261932849884,0.8787459135055542
1147,A0A6L8P2U9_wild,C1=NC2=C(C(=O)N1)N=CN2C3C(C(C(O3)COP(=O)(O)O)O)O,0.47712125471966244,0.5820539593696594,-1.2485315799713135,1.3502472639083862
1148,A0A1I9WKA2_wild,C1=CC(C=CC1O)(CC(=O)C(=O)O)C(=O)O,-1.3979400086720375,0.8459916114807129,-0.10895539820194244,0.3122813105583191
1149,A0A1I9WKA1_wild,C1=CC(C=CC1O)(CC(=O)C(=O)O)C(=O)O,-0.45111943736248517,0.663272500038147,-0.1562652885913849,0.266198992729187
1150,A0A1I9WKA6_wild,C1=CC(C=CC1O)(CC(=O)C(=O)O)C(=O)O,-0.1452083059460145,0.4900164008140564,0.0058195870369672775,0.3166978061199188
1151,D4GPK6_wild,COC1=CC(=CC(=C1O)OC)C=NN=CC2=CC(=C(C(=C2)OC)O)OC,1.3424226808222062,0.4198909103870392,-1.5835578441619873,1.898019552230835
1152,D4GPK6_wild,CC1=C(NC(=C1CCC(=O)O)CC2=C(C(=C(N2)C=C3C(=C(C(=O)N3)C)C=C)C)CCC(=O)O)C=C4C(=C(C(=O)N4)C=C)C,1.462397997898956,0.5044631361961365,-1.5386135578155518,1.6192331314086914
1153,P29476_wild,[N]=O,0.08990511143939793,1.0346392393112183,-2.103416919708252,1.4353177547454834
1154,P29476_wild,C1C=CN(C=C1C(=O)N)C2C(C(C(O2)COP(=O)(O)OP(=O)(O)OCC3C(C(C(O3)N4C=NC5=C(N=CN=C54)N)OP(=O)(O)O)O)O)O,2.208441356438567,0.77549147605896,-1.4108275175094604,2.1962008476257324
1155,P0A7E5_G142A,C1=CN(C(=O)NC1=O)C2C(C(C(O2)COP(=O)(O)OP(=O)(O)OP(=O)(O)O)O)O,-1.0969100130080565,0.20348960161209106,-0.6573472619056702,0.8603618144989014
1156,A0A140N932_wild,C1=CN(C(=O)NC1=O)C2C(C(C(O2)COP(=O)(O)OP(=O)(O)OP(=O)(O)O)O)O,1.146128035678238,0.26846739649772644,-0.6926604509353638,0.9411092400550842
1157,P0A7E5_wild,C1=NC2=C(N1C3C(C(C(O3)COP(=O)(O)OP(=O)(O)OP(=O)(O)OP(=O)(O)O)O)O)N=C(NC2=O)N,0.6020599913279624,0.19239506125450134,-1.0266560316085815,0.9087241888046265
1158,P0A7E5_wild,NO,1.146128035678238,0.5970449447631836,1.2653772830963135,-0.35755276679992676
1159,P0A7E5_wild,C1=NC2=C(N1C3C(C(C(O3)COP(=O)(O)OP(=O)(O)OP(=O)(O)O)O)O)N=C(NC2=O)N,1.0253058652647702,0.23668262362480164,-0.8993328809738159,0.9252633452415466
1160,P0A7E5_wild,C1=NC2=C(N1C3C(C(C(O3)COP(=O)(O)OP(=O)(O)OP(=O)(O)O)O)O)NC(=NC2=S)N,0.9294189257142927,0.5436885356903076,-1.094156265258789,0.9210577011108398
1161,P0A7E5_G146A,C1=CN(C(=O)NC1=O)C2C(C(C(O2)COP(=O)(O)OP(=O)(O)OP(=O)(O)O)O)O,0.6232492903979004,0.21234342455863953,-0.6623812913894653,0.8825727701187134
1162,P0A7E5_L109A,NO,1.14921911265538,0.5817734003067017,1.2757132053375244,-0.36572566628456116
1163,P0A7E5_L109A,N,1.0043213737826426,0.5865864157676697,0.9497971534729004,0.3381235599517822
1164,P0A7E5_G143A,C1=CN(C(=O)NC1=O)C2C(C(C(O2)COP(=O)(O)OP(=O)(O)OP(=O)(O)O)O)O,-0.17392519729917355,0.07017301768064499,-0.6262563467025757,0.7790769338607788
1165,P0A7E5_wild,C1=NC2=C(C(=O)N1)N=CN2C3C(C(C(O3)COP(=O)(O)OP(=O)(O)OP(=O)(O)O)O)O,0.7160033436347992,0.33138155937194824,-0.8133985996246338,1.0298899412155151
1166,A0A140N932_wild,C(CC(=O)N)C(C(=O)O)N,0.785329835010767,0.5841612815856934,-0.21814118325710297,0.24881821870803833
1167,P0A7E5_L109A,C(CC(=O)N)C(C(=O)O)N,0.26951294421791633,0.5652246475219727,-0.19764859974384308,0.23056693375110626
1168,A0A140N932_wild,N,1.0530784434834197,0.6022703051567078,0.9325194358825684,0.3514374792575836
1169,P0A7E5_K306A,C(CC(=O)N)C(C(=O)O)N,0.13033376849500614,0.5804947018623352,-0.20865236222743988,0.2474723756313324
1170,A0A140N932_wild,C1=NC(=C2C(=N1)N(C=N2)C3C(C(C(O3)COP(=O)(O)OP(=O)(O)OP(=O)(O)O)O)O)N,1.1072099696478683,0.448752760887146,-0.8213131427764893,1.101186990737915
1171,P0A7E5_K297A,N,0.9339931638312423,0.34465980529785156,1.0366642475128174,0.1639304906129837
1172,P0A7E5_K306A,N,0.8802417758954804,0.6113924980163574,0.9248774647712708,0.3461377024650574
1173,A7RDD3_wild,C(C1C(C(C(C(O1)OC2(C(C(C(O2)CO)O)O)CO)O)O)O)O,0.6334684555795865,0.8556110858917236,1.1588413715362549,0.8393298983573914
1174,P21437_wild,C(C1C(C(C(O1)(COP(=O)(O)[O-])O)O)O)OP(=O)(O)[O-],0.3979400086720376,0.8481688499450684,-1.1677639484405518,1.2605372667312622
1175,Q9ZBB0_wild,O=O,0.6812412373755872,1.5486468076705933,-1.1091232299804688,1.6131794452667236
1176,Q9ZBB0_wild,C1=C(C=C(C(=C1Cl)O)Cl)O,0.48429983934678583,0.5417177081108093,-1.9816807508468628,1.9850304126739502
1177,Q9ZBB0_wild,CC1=CC(=CC(=C1O)C)O,0.09691001300805642,0.3227081298828125,-1.4225434064865112,1.3414740562438965
1178,Q9ZBB0_wild,CC1=CC(=CC(=C1O)Cl)O,0.3820170425748684,0.5788042545318604,-1.7760306596755981,1.5715959072113037
1179,Q9ZBB0_wild,C1=C(C=C(C(=C1Br)O)Br)O,0.20682587603184974,0.5223990678787231,-1.943481206893921,1.866724967956543
1180,Q3IW04_wild,C(C(C(C(C(=O)CO)O)O)O)O,0.919078092376074,0.7185752391815186,1.0672504901885986,0.41410017013549805
1181,Q3IW04_wild,C1C(C(C(C(O1)(CO)O)O)O)O,1.68403703748652,0.6785168051719666,1.3386809825897217,0.41607749462127686
1182,Q3IW04_R118W,C1C(C(C(C(O1)(CO)O)O)O)O,1.709693869727792,0.6316719651222229,1.3417139053344727,0.41702064871788025
1183,Q3IW04_R118W,C(C(C(C(C(=O)CO)O)O)O)O,1.1863912156954932,0.6910278797149658,1.050758719444275,0.41096287965774536
1184,D3YZG8_wild,C1=CC(=C[N+](=C1)C2C(C(C(O2)COP(=O)(O)OP(=O)(O)OCC3C(C(C(O3)N4C=NC5=C(N=CN=C54)N)OP(=O)(O)O)O)O)O)C(=O)N,0.04139268515822508,1.3417843580245972,-1.1560101509094238,1.7055354118347168
1185,D3YZG8_wild,C1=CC(=C[N+](=C1)C2C(C(C(O2)COP(=O)([O-])OP(=O)(O)OCC3C(C(C(O3)N4C=NC5=C(N=CN=C54)N)O)O)O)O)C(=O)N,0.5563025007672873,1.365644097328186,-0.8536924123764038,1.6950230598449707
1186,P24186_C58Y,C1=CC(=C[N+](=C1)C2C(C(C(O2)COP(=O)(O)OP(=O)(O)OCC3C(C(C(O3)N4C=NC5=C(N=CN=C54)N)OP(=O)(O)O)O)O)O)C(=O)N,0.4471580313422192,0.917563796043396,-0.8738157749176025,1.161202073097229
1187,P24186_K54S,C1=CC(=C[N+](=C1)C2C(C(C(O2)COP(=O)(O)OP(=O)(O)OCC3C(C(C(O3)N4C=NC5=C(N=CN=C54)N)OP(=O)(O)O)O)O)O)C(=O)N,1.089905111439398,0.9876805543899536,-0.8343634009361267,1.2536811828613281
1188,P24186_K54S,C1C2CN(C=[N+]2C3=C(N1)N=C(NC3=O)N)C4=CC=C(C=C4)C(=O)NC(CCC(=O)O)C(=O)O,1.1553360374650619,0.9123290181159973,-0.9010581970214844,1.493009090423584
1189,P24186_wild,C1=CC(=C[N+](=C1)C2C(C(C(O2)COP(=O)(O)OP(=O)(O)OCC3C(C(C(O3)N4C=NC5=C(N=CN=C54)N)OP(=O)(O)O)O)O)O)C(=O)N,1.2324878663529861,1.5518757104873657,-1.021328330039978,1.6970841884613037
1190,Q12WB9_wild,C1=NC(=C2C(=N1)N(C=N2)C3C(C(C(O3)COP(=O)(O)OP(=O)(O)O)O)O)N,-0.045757490560675115,0.3746632933616638,-0.744755208492279,0.8742263317108154
1191,D7E8P3_wild,C1=NC(=C2C(=N1)N(C=N2)C3C(C(C(O3)COP(=O)(O)OP(=O)(O)O)O)O)N,1.2041199826559248,0.653526782989502,-0.7205536365509033,0.9773005247116089
1192,Q8PZL9_wild,C1=NC(=C2C(=N1)N(C=N2)C3C(C(C(O3)COP(=O)(O)OP(=O)(O)O)O)O)N,0.785329835010767,0.6753175258636475,-0.6907624006271362,0.8513768911361694
1193,P28861_wild,C(CN(CC(=O)[O-])CC(=O)[O-])N(CC(=O)[O-])CC(=O)[O-].[Fe+3],0.5477747053878226,1.7312731742858887,-0.9671468734741211,1.8970117568969727
1194,P28861_wild,C1C=CN(C=C1C(=O)N)C2C(C(C(O2)COP(=O)(O)OP(=O)(O)OCC3C(C(C(O3)N4C=NC5=C(N=CN=C54)N)OP(=O)(O)O)O)O)O,1.5820633629117087,1.8819544315338135,-1.680529236793518,2.5609230995178223
1195,Q9HLQ2_wild,[O-]P(=O)([O-])OP(=O)([O-])[O-],0.7839035792727349,0.8198105096817017,-0.7976737022399902,1.218820333480835
1196,Q9HLQ2_wild,C1=CC(=CC=C1[N+](=O)[O-])OP(=O)(O)O,0.6812412373755872,0.33736029267311096,-0.13025380671024323,0.5321608781814575
1197,Q9HLQ2_wild,C(C(=O)[O-])OP(=O)([O-])[O-],0.9169800473203822,0.5729511380195618,-0.6731038689613342,1.0612382888793945
1198,Q9HLQ2_wild,C(C(=O)O)OP(=O)(O)O,0.9169800473203822,0.7712153792381287,-0.2500918209552765,0.9021563529968262
1199,A0A0D4C3L0_M247Y/A251S,C1=CC(=CC=C1C=CC(=O)O)O,-0.9100948885606021,-0.2702530026435852,-1.129725456237793,0.6921169757843018
1200,A0A0D4C3L0_M247Y,C1=CC(=C(C=C1C=CC(=O)O)O)O,-0.6635402661514705,-0.4086054861545563,-1.170301079750061,0.6346397399902344
1201,A0A0D4C3L0_wild,C1=CC(=C(C=C1C=CC(=O)O)O)O,-1.0757207139381184,-0.38864368200302124,-1.146848440170288,0.6441372632980347
1202,A0A0D4C3L0_wild,C1=CC(=CC=C1C=CC(=O)O)O,-0.6655462488490691,-0.2376687228679657,-1.1073460578918457,0.6971951723098755
1203,A0A0D4C3L0_A251S,C1=CC(=CC=C1C=CC(=O)O)O,-0.6556077263148893,-0.24025022983551025,-1.103806495666504,0.6936166882514954
1204,A0A0D4C3L0_M247Y,C1=CC(=CC=C1C=CC(=O)O)O,-0.10679324694015199,-0.27110958099365234,-1.132425308227539,0.692750096321106
1205,Q7WZ84_wild,CC(C(=O)NC(C)C(=O)O)N,0.919078092376074,-0.6244919300079346,0.5377588272094727,0.36573413014411926
1206,P42593_wild,C1C=CN(C=C1C(=O)N)C2C(C(C(O2)COP(=O)(O)OP(=O)(O)OCC3C(C(C(O3)N4C=NC5=C(N=CN=C54)N)OP(=O)(O)O)O)O)O,0.9777236052888478,0.7780776023864746,-1.7905001640319824,2.081569194793701
1207,P16330_wild,C1=NC(=C2C(=N1)N(C=N2)C3C4C(C(O3)CO)OP(=O)(O4)O)N,2.9731278535996988,-0.5999883413314819,-0.7603689432144165,1.7739120721817017
1208,P47934_wild,CC(=O)SCCNC(=O)CCNC(=O)C(C(C)(C)COP(=O)(O)OP(=O)(O)OCC1C(C(C(O1)N2C=NC3=C(N=CN=C32)N)O)OP(=O)(O)O)O,1.9894498176666917,0.9906837940216064,-1.5083763599395752,1.6761573553085327
1209,P47934_S554A/M564G,CC(=O)SCCNC(=O)CCNC(=O)C(C(C)(C)COP(=O)(O)OP(=O)(O)OCC1C(C(C(O1)N2C=NC3=C(N=CN=C32)N)O)OP(=O)(O)O)O,0.14612803567823798,0.9840212464332581,-1.4946742057800293,1.674024224281311
1210,P47934_M564G,CCCCCC(=O)SCCNC(=O)CCNC(=O)C(C(C)(C)COP(=O)(O)OP(=O)(O)OCC1C(C(C(O1)N2C=NC3=C(N=CN=C32)N)O)OP(=O)(O)O)O,2.0199466816788423,0.8557422757148743,-1.6289336681365967,1.8118616342544556
1211,P47934_S554A,CC(=O)SCCNC(=O)CCNC(=O)C(C(C)(C)COP(=O)(O)OP(=O)(O)OCC1C(C(C(O1)N2C=NC3=C(N=CN=C32)N)O)OP(=O)(O)O)O,0.6020599913279624,0.9843487739562988,-1.510582447052002,1.6697096824645996
1212,P47934_S554A/M564G,CCCCCC(=O)SCCNC(=O)CCNC(=O)C(C(C)(C)COP(=O)(O)OP(=O)(O)OCC1C(C(C(O1)N2C=NC3=C(N=CN=C32)N)O)OP(=O)(O)O)O,0.9138138523837167,0.8470227718353271,-1.630363941192627,1.8022487163543701
1213,P47934_H343E,CC(=O)SCCNC(=O)CCNC(=O)C(C(C)(C)COP(=O)(O)OP(=O)(O)OCC1C(C(C(O1)N2C=NC3=C(N=CN=C32)N)O)OP(=O)(O)O)O,1.187520720836463,0.5540763735771179,-1.3745054006576538,1.229557752609253
1214,P47934_M564G,CC(=O)SCCNC(=O)CCNC(=O)C(C(C)(C)COP(=O)(O)OP(=O)(O)OCC1C(C(C(O1)N2C=NC3=C(N=CN=C32)N)O)OP(=O)(O)O)O,1.4533183400470377,0.9935046434402466,-1.4932997226715088,1.6837371587753296
1215,P47934_S554A,CCCCCC(=O)SCCNC(=O)CCNC(=O)C(C(C)(C)COP(=O)(O)OP(=O)(O)OCC1C(C(C(O1)N2C=NC3=C(N=CN=C32)N)O)OP(=O)(O)O)O,0.15228834438305647,0.8434280753135681,-1.6498734951019287,1.79756760597229
1216,P47934_wild,CCCCCC(=O)SCCNC(=O)CCNC(=O)C(C(C)(C)COP(=O)(O)OP(=O)(O)OCC1C(C(C(O1)N2C=NC3=C(N=CN=C32)N)O)OP(=O)(O)O)O,1.4828735836087537,0.848788857460022,-1.64691162109375,1.804107904434204
1217,P43155_wild,CC(=O)SCCNC(=O)CCNC(=O)C(C(C)(C)COP(=O)(O)OP(=O)(O)OCC1C(C(C(O1)N2C=NC3=C(N=CN=C32)N)O)OP(=O)(O)O)O,1.5854607295085006,0.8762415647506714,-1.4504585266113281,1.592930555343628
1218,P43155_R497Q,CC(=O)SCCNC(=O)CCNC(=O)C(C(C)(C)COP(=O)(O)OP(=O)(O)OCC1C(C(C(O1)N2C=NC3=C(N=CN=C32)N)O)OP(=O)(O)O)O,1.9768083373380663,0.8839231133460999,-1.4360895156860352,1.5812063217163086
1219,Q6QWR1_wild,[C-]#N.[C-]#N.[C-]#N.[C-]#N.[C-]#N.[C-]#N.[Fe+3],-0.5228787452803376,1.4219437837600708,-0.6789865493774414,1.4402743577957153
1220,Q6QWR1_wild,C1=CC(=O)C(=CC1=O)Cl,-0.8239087409443188,1.760827660560608,-0.6593694686889648,1.6715474128723145
1221,Q6QWR1_wild,CC1=CC(=O)C=CC1=O,-0.9208187539523752,1.5662598609924316,-1.0140306949615479,1.850646734237671
1222,Q6QWR1_wild,C1=CC(=O)C=CC1=O,2.678518379040114,1.5530463457107544,-0.8767304420471191,2.254520893096924
1223,Q6QWR1_wild,O=O,2.0453229787866576,1.3814269304275513,-1.0284132957458496,1.9033111333847046
1224,Q6QWR1_wild,C1=CC(=O)C=CC1=NC2=CC(=C(C(=C2)Cl)O)Cl,2.03342375548695,1.4478281736373901,-1.2101035118103027,1.9526054859161377
1225,Q6QWR1_wild,C1C(C(C(C(O1)(CO)O)O)O)O,2.13956426617585,0.9413630962371826,0.7670291066169739,0.4185171127319336
1226,Q6QWR1_wild,[CH-]1C=CC=C1.[CH-]1C=CC=C1.[Fe+3],2.739572344450092,0.5066806077957153,-0.5714815855026245,1.7738155126571655
1227,Q6QWR1_wild,COC1=CC(=O)C=CC1=O,1.6031443726201824,1.15663743019104,-0.880469799041748,1.9013758897781372
1228,Q6QWR1_wild,C(C1C(C(C(C(O1)O)O)O)O)O,2.080987046910887,0.9453326463699341,0.5186772346496582,0.5759474039077759
1229,Q6QWR1_wild,C1(=C(C(=O)C(=C(C1=O)F)F)F)F,0.8202014594856403,1.8836454153060913,-0.48058903217315674,1.6821683645248413
1230,Q6QWR1_wild,C1C(C(C(C(O1)O)O)O)O,1.6522463410033232,1.3197911977767944,0.489573210477829,0.7932213544845581
1231,Q6QWR1_wild,CC1=CC(=O)C=C(C1=O)C,0.9390197764486664,1.634439468383789,-0.8018485307693481,1.5637340545654297
1232,Q75ZP8_wild,C1C(C(C(C(O1)(CO)O)O)O)O,0.8864907251724818,0.7787725329399109,0.9585543274879456,0.36584389209747314
1233,Q75ZP8_wild,C(C1C(C(C(C(O1)O)O)O)O)O,0.8401060944567578,0.8398501873016357,0.7122657299041748,0.5413411259651184
1234,Q75ZP8_wild,C1=CC(=O)C=CC1=NC2=CC(=C(C(=C2)Cl)O)Cl,1.8280150642239767,1.3668358325958252,-0.9497714042663574,1.868945598602295
1235,Q75ZP8_wild,C1=CC(=O)C=CC1=O,1.965201701025912,1.3483468294143677,-0.5850886106491089,2.176403760910034
1236,Q75ZP8_wild,C1C(C(C(C(O1)O)O)O)O,0.7387805584843692,1.1524738073349,0.6395716667175293,0.7491052150726318
1237,Q75ZP8_wild,C(C1C(C(C(C(O1)OCC2C(C(C(C(O2)O)O)O)O)O)O)O)O,-0.07623803917129975,0.9363466501235962,0.627387285232544,0.393340528011322
1238,C4PWA1_wild,C1=CC=C2C(=C1)NC3=CC=CC(=C3N2)C(=O)[O-],-0.3615107430453627,-1.1941875219345093,-1.3059124946594238,0.9813860654830933
1239,Q73PV9_wild,C1=NC(=C(N1C2C(C(C(O2)COP(=O)(O)O)O)O)N)C(=O)O,1.8129133566428557,0.9515011310577393,-1.1672015190124512,2.078608274459839
1240,Q73PV9_wild,C(=O)=O,1.8864907251724818,2.2098872661590576,0.10792843997478485,1.7586760520935059
1241,P76491_V30A,C1C(C(OC1N2C=NC3=C(N=CN=C32)N)COP(=O)(O)O)O,-1.0969100130080565,0.6545530557632446,-1.2900776863098145,0.7172508239746094
1242,P76491_E122A,C1C(C(OC1N2C=NC3=C(N=CN=C32)N)COP(=O)(O)O)O,-1.2218487496163564,0.6811570525169373,-1.3317776918411255,0.752588152885437
1243,P76491_V37A,C1C(C(OC1N2C=NC3=C(N=CN=C32)N)COP(=O)(O)O)O,-0.8860566476931633,0.5834221839904785,-1.2719916105270386,0.693576455116272
1244,Q8DK72_wild,CC1C(C(C(C(O1)OP(=O)(O)OP(=O)(O)OCC2C(C(C(O2)N3C=NC4=C3N=C(NC4=O)N)O)O)O)O)O,-0.31605286924848786,-0.9547592401504517,-0.7521834373474121,0.0896824449300766
1245,U5TV35_A11T/S106C/N170D/M227T/E518V,C1=CC(=CC=C1CC(C(=O)O)N)O,2.0293837776852097,-0.6155471801757812,-0.6155928373336792,0.6495423316955566
1246,U5TV35_wild,C1=CC(=CC=C1CC(C(=O)O)N)O,2.0569048513364727,-0.5815919637680054,-0.5991320013999939,0.6640061736106873
1247,Q12650_wild,C1=NC(=C2C(=N1)N(C=N2)C3C(C(C(O3)COP(=O)(O)OP(=O)(O)OP(=O)(O)O)O)O)N,1.3873898263387294,0.6876362562179565,-1.1937962770462036,1.4104629755020142
1248,Q12650_wild,[O-]S(=O)(=O)[O-],1.0334237554869496,0.030003510415554047,-0.2758931517601013,1.1432521343231201
1249,Q12650_wild,[O-][Mo](=O)(=O)[O-],1.3873898263387294,0.4887406826019287,-0.5667710900306702,1.2876622676849365
1250,U3NEE3_wild,C1=C(NC=N1)CC(C(=O)O)NC(=O)CCN,-2.0969100130080562,-0.5649828910827637,0.018438829109072685,-0.21831724047660828
1251,U3NEE3_wild,C[S+](CCC(C(=O)[O-])N)CC1C(C(C(O1)N2C=NC3=C(N=CN=C32)N)O)O,-1.958607314841775,-0.25383442640304565,-1.3574696779251099,0.807854175567627
1252,P09099_wild,C(C(C(C(CO)O)O)O)O,2.374748346010104,1.2981582880020142,0.2093489021062851,0.6562271118164062
1253,P09099_D233A,C1=NC(=C2C(=N1)N(C=N2)C3C(C(C(O3)COP(=O)(O)OP(=O)(O)OP(=O)(O)O)O)O)N,-0.8860566476931633,1.6981815099716187,-0.6553938388824463,1.709854245185852
1254,P09099_wild,C(C(C(C(=O)CO)O)O)O,2.406540180433955,2.031738042831421,-0.6861588954925537,1.486345648765564
1255,P09099_D6A,C1=NC(=C2C(=N1)N(C=N2)C3C(C(C(O3)COP(=O)(O)OP(=O)(O)OP(=O)(O)O)O)O)N,-2.42021640338319,1.758535623550415,-0.6723161339759827,1.7698575258255005
1256,A0A140IL90_wild,COC1=C(C=C2C(NCCC2=C1)CC3=CC=C(C=C3)O)O,-1.4559319556497243,-1.2474921941757202,-1.5800209045410156,0.4901980757713318
1257,A0A140IL90_wild,COC1=C(C=C(C=C1)CNCCC2=CC=C(C=C2)O)O,-0.6020599913279624,-1.1211211681365967,-1.7085564136505127,0.9814009666442871
1258,P91938_wild,C1=CC(=C(C=C1SSC2=CC(=C(C=C2)[N+](=O)[O-])C(=O)O)C(=O)O)[N+](=O)[O-],0.38021124171160603,1.1122180223464966,-0.488248348236084,1.5676579475402832
1259,Q9JLT4_wild,OO,0.7839035792727349,1.2304385900497437,-0.7813160419464111,1.4730197191238403
1260,O89049_Y116T,C1CSSC1CCCCC(=O)N,1.4941545940184429,1.0073188543319702,0.5407511591911316,1.4531570672988892
1261,O89049_wild,C1=CC2=C(C(=O)C=CC2=O)C(=C1)O,1.3820170425748683,0.25216275453567505,-1.931370735168457,2.6688718795776367
1262,O89049_Y116I,C1CSSC1CCCCC(=O)N,1.4409090820652177,1.0226205587387085,0.5318908095359802,1.4578516483306885
1263,O89049_wild,C1=CC(=C(C=C1SSC2=CC(=C(C=C2)[N+](=O)[O-])C(=O)O)C(=O)O)[N+](=O)[O-],2.0265332645232967,0.6595320105552673,-0.7090321183204651,1.9394173622131348
1264,O89049_Y116I,C1=CC(=C(C=C1SSC2=CC(=C(C=C2)[N+](=O)[O-])C(=O)O)C(=O)O)[N+](=O)[O-],1.697839368218363,0.6223372220993042,-0.7109346985816956,1.905703067779541
1265,O89049_Y116T,C1=CC(=C(C=C1SSC2=CC(=C(C=C2)[N+](=O)[O-])C(=O)O)C(=O)O)[N+](=O)[O-],1.6787004349983043,0.6185678839683533,-0.6998460292816162,1.8897178173065186
1266,O89049_Y116I,C1=CC2=C(C(=O)C=CC2=O)C(=C1)O,2.2412973871099933,0.21346691250801086,-1.9248610734939575,2.6439261436462402
1267,O89049_Y116T,C1=CC2=C(C(=O)C=CC2=O)C(=C1)O,1.7222224639697303,0.21259558200836182,-1.9103918075561523,2.6326730251312256
1268,W8VZ54_wild,C1=CC(=C(C=C1SSC2=CC(=C(C=C2)[N+](=O)[O-])C(=O)O)C(=O)O)[N+](=O)[O-],1.0293837776852097,1.045282244682312,-0.4159727394580841,1.750777006149292
1269,W8VZ54_wild,C1C=CN(C=C1C(=O)N)C2C(C(C(O2)COP(=O)(O)OP(=O)(O)OCC3C(C(C(O3)N4C=NC5=C(N=CN=C54)N)OP(=O)(O)O)O)O)O,0.8061799739838872,1.4378515481948853,-1.5532236099243164,2.3496439456939697
1270,A7AW73_wild,C1C=CN(C=C1C(=O)N)C2C(C(C(O2)COP(=O)(O)OP(=O)(O)OCC3C(C(C(O3)N4C=NC5=C(N=CN=C54)N)OP(=O)(O)O)O)O)O,1.3010299956639813,1.1517659425735474,-1.4524667263031006,2.300168037414551
1271,A7AW73_wild,C1=CC(=C(C=C1SSC2=CC(=C(C=C2)[N+](=O)[O-])C(=O)O)C(=O)O)[N+](=O)[O-],1.0334237554869496,0.9033176898956299,-0.5435538291931152,1.7211335897445679
1272,Q0RVH7_wild,C(C(C(C(C(C=O)O)O)O)O)OP(=O)(O)O,0.14612803567823798,0.6076122522354126,-0.7585856914520264,0.8573159575462341
1273,Q5NUF4_wild,C1=CC(=CC=C1C2C(OC3=CC(=CC(=C3C2=O)O)O)O)O,-0.721246399047171,0.5534346699714661,-1.093772053718567,1.4630422592163086
1274,Q5NUF4_wild,COC1=CC=C(C=C1)C2C(OC3=C(C2=O)C=CC(=C3)O)O,0.9912260756924949,0.4552501440048218,-1.1395292282104492,1.290269374847412
1275,Q5NUF4_wild,C1=CC(=CC=C1C2C(OC3=C(C2=O)C=CC(=C3)O)O)O,-0.9208187539523752,0.5078574419021606,-1.1244544982910156,1.4040772914886475
1276,A0A068FNL1_wild,COC1=C(C=CC(=C1)C=CC(=O)OC)O,0.414973347970818,1.0346564054489136,-0.29485780000686646,0.7529350519180298
1277,A0A068FNL1_wild,COC(=O)C=CC1=CC=C(C=C1)O,-0.5086383061657274,1.2884827852249146,-0.33742424845695496,0.7651892900466919
1278,A0A068FNL1_wild,COC1=CC(=CC(=C1O)OC)C=CC(=O)OC,-0.026872146400301365,0.8684941530227661,0.010920530185103416,0.5421577095985413
1279,Q9P979_wild,CC1=CC(=C(C(=C1)N2NC3=C(N2)C=C(C=C3)Cl)O)C(C)(C)C,-0.07058107428570727,0.8426880836486816,-0.8272009491920471,0.895154595375061
1280,O42807_wild,COC1=C(C=CC(=C1)C=CCOC(=O)C=CC2=CC=C(C=C2)O)O,1.3010299956639813,1.270243763923645,-0.6572176218032837,1.2156884670257568
1281,O42807_wild,COC1=C(C=CC(=C1)C=CC(=O)O)O,1.792391689498254,0.8938475847244263,-0.22007223963737488,0.7258272171020508
1282,O42807_wild,COC1=C(C=CC(=C1)C=CC(=O)OC)O,1.5171958979499742,0.9316802024841309,-0.20974408090114594,0.7149890661239624
1283,O42807_wild,CCCOC(=O)C=CC1=CC(=C(C=C1)O)OC,1.649334858712142,1.0202419757843018,-0.23255731165409088,0.8330979943275452
1284,O42807_wild,CCOC(=O)C=CC1=CC(=C(C=C1)O)OC,1.4683473304121573,1.1206377744674683,-0.12816447019577026,0.9259673357009888
1285,Q6KC22_wild,CC(C)(COP(=O)(O)OP(=O)(O)OCC1C(C(C(O1)N2C=NC3=C(N=CN=C32)N)O)OP(=O)(O)O)C(C(=O)NCCC(=O)NCCSC(=O)CCN)O,1.3979400086720377,0.2764214277267456,-1.1248928308486938,2.1438863277435303
1286,Q6KC22_wild,CC(C)(COP(=O)(O)OP(=O)(O)OCC1C(C(C(O1)N2C=NC3=C(N=CN=C32)N)O)OP(=O)(O)O)C(C(=O)NCCC(=O)NCCSC(=O)C=C)O,2.290034611362518,0.2787376642227173,-1.2557439804077148,2.3413875102996826
1287,Q6KC22_wild,N,2.4785664955938436,0.2627705931663513,1.6369705200195312,0.6741459369659424
1288,P13188_wild,C(CC(=O)N)C(C(=O)O)N,0.14612803567823798,0.7807242274284363,-0.8609510660171509,1.0100353956222534
1289,Q2N4T5_wild,C1=NC(=C2C(=N1)N(C=N2)C3C(C(C(O3)COP(=O)(O)OP(=O)(O)OP(=O)(O)O)O)O)N,0.2787536009528289,1.102601170539856,-0.796658992767334,0.9590212106704712
1290,Q2N4T5_wild,CC(C(=O)O)N,0.2787536009528289,1.2731589078903198,0.7033997178077698,-0.12988141179084778
1291,X4YXV3_wild,CC(=O)O.C(C(C(C(C(C=O)O)O)O)O)O,1.7126497016272113,0.8623786568641663,0.3395984172821045,1.0427286624908447
1292,Q8TFL9_wild,CC1=CC(=O)OC2=C1C=CC(=C2)OC3C(C(C(C(O3)CO)OC4C(C(C(C(O4)CO)O)O)O)O)O,0.13033376849500614,0.40602341294288635,-0.450651615858078,0.1768283247947693
1293,A0A1U7Q1U3_wild,C(C1C(C(C(C(O1)OC2C(OC(C(C2O)O)OC3C(OC(C(C3O)O)O)CO)CO)O)O)O)O,2.1931245983544616,1.2399719953536987,-0.03230748325586319,0.7699731588363647
1294,B3GQ73_wild,CC(=O)O.C(C(C(C(C(C=O)O)O)O)O)O,1.8722145633975855,0.22506821155548096,0.0415048748254776,1.0878241062164307
1295,P27815_wild,C1C2C(C(C(O2)N3C=NC4=C(N=CN=C43)N)O)OP(=O)(O1)O,0.8260748027008264,0.12421180307865143,-2.408944606781006,1.7253178358078003
1296,Q08499_wild,C1C2C(C(C(O2)N3C=NC4=C(N=CN=C43)N)O)OP(=O)(O1)O,0.7323937598229685,-0.09429217129945755,-2.2302980422973633,1.553092360496521
1297,Q08499_wild,C1C2C(C(C(O2)N3C=NC4=C3N=C(NC4=O)N)O)OP(=O)(O1)O,0.07554696139253074,-0.13425272703170776,-1.951272964477539,1.172020435333252
1298,B7XEJ1_wild,CC(=O)NC1C(C(C(OC1O)CO)O)O,1.6232492903979006,0.5810627937316895,0.8337274789810181,-0.005066186189651489
1299,E8MF13_S336A,CC(=O)NC1C(C(C(OC1O)CO)O)OC2C(C(C(C(O2)CO)O)O)O,0.5440680443502757,1.2623742818832397,0.851985514163971,0.15272141993045807
1300,E8MF13_P161S/S336A,CC(=O)NC1C(C(C(OC1O)CO)O)OC2C(C(C(C(O2)CO)O)O)O,0.568201724066995,1.2921642065048218,0.8587841987609863,0.15795202553272247
1301,E8MF13_N166A,C(C1C(C(C(C(O1)OP(=O)(O)O)O)O)O)O,-0.5228787452803376,1.2328616380691528,0.6633023023605347,0.3042365312576294
1302,E8MF13_V162T,CC(=O)NC1C(C(C(OC1O)CO)O)OC2C(C(C(C(O2)CO)O)O)O,1.4313637641589874,1.2581180334091187,0.8524172306060791,0.14740632474422455
1303,E8MF13_wild,CC(=O)NC1C(C(C(OC1O)CO)O)OC2C(C(C(C(O2)CO)O)O)O,1.8129133566428557,1.261084794998169,0.8529447317123413,0.1529119461774826
1304,E8MF13_P161S,CC(=O)NC1C(C(C(OC1O)CO)O)OC2C(C(C(C(O2)CO)O)O)O,1.5185139398778875,1.29060697555542,0.8597796559333801,0.15848428010940552
1305,E8MF13_wild,C(C1C(C(C(C(O1)OP(=O)(O)O)O)O)O)O,1.0293837776852097,1.2488337755203247,0.6693153381347656,0.3003752827644348
1306,E8MF13_Y362F,C(C1C(C(C(C(O1)OP(=O)(O)O)O)O)O)O,-1.0457574905606752,1.2553377151489258,0.6625866889953613,0.30106186866760254
1307,E8MF13_F364N,C(C1C(C(C(C(O1)OP(=O)(O)O)O)O)O)O,0.6839471307515121,1.2401057481765747,0.6675734519958496,0.2923712730407715
1308,A9KIW5_wild,CC(=O)NC1C(C(C(OC1O)CO)O)OC2C(C(C(C(O2)CO)O)O)O,1.6989700043360187,1.2237777709960938,0.6557286977767944,0.31501737236976624
1309,A9KIW5_wild,CC(=O)NC1C(C(C(OC1O)CO)O)O,1.6901960800285136,1.1997489929199219,0.9001262187957764,0.14159828424453735
1310,A9KQ75_wild,CC(=O)NC1C(C(C(OC1O)CO)O)O,1.6232492903979006,1.275908350944519,0.9792542457580566,0.18937179446220398
1311,A9KQ75_wild,CC(=O)NC1C(C(C(OC1O)CO)O)OC2C(C(C(C(O2)CO)O)O)O,1.5910646070264993,1.2852041721343994,0.7784251570701599,0.3236975073814392
1312,Q6ST35_wild,CC1C(C(C(C(O1)OP(=O)(O)OP(=O)(O)OCC2C(C(C(O2)N3C=NC4=C3N=C(NC4=O)N)O)O)O)O)O,0.5962671263955154,0.43725162744522095,-1.399888038635254,0.5140786170959473
1313,Q89VI2_wild,CC(C)CC(=O)SCCNC(=O)CCNC(=O)C(C(C)(C)COP(=O)(O)OP(=O)(O)OCC1C(C(C(O1)N2C=NC3=C(N=CN=C32)N)O)OP(=O)(O)O)O,-1.6777807052660807,-0.358955055475235,-1.3654041290283203,0.747667670249939
1314,Q9YEA1_wild,C(C(C(=O)O)O)C(=O)O,0.414973347970818,1.2697392702102661,-0.3249177932739258,1.5369747877120972
1315,Q9YEA1_wild,C(C(C(=O)[O-])O)(C(=O)[O-])O,0.6127838567197355,1.1337034702301025,-0.33058521151542664,1.7766685485839844
1316,P11388_K168A,C1=NC(=C2C(=N1)N(C=N2)C3C(C(C(O3)COP(=O)(O)OP(=O)(O)OP(=O)(O)O)O)O)N,-0.5228787452803376,-0.1735323667526245,-0.5488529205322266,0.6397456526756287
1317,P11388_wild,C1=NC(=C2C(=N1)N(C=N2)C3C(C(C(O3)COP(=O)(O)OP(=O)(O)OP(=O)(O)O)O)O)N,0.43136376415898736,-0.16773691773414612,-0.5544187426567078,0.6546236276626587
1318,P0CH62_wild,C1CCC(=O)C(=O)C1,0.2041199826559248,0.32442644238471985,-0.8786970376968384,2.0242741107940674
1319,A9KHK4_wild,C(C(C(C(C=O)O)O)O)O,2.0791812460476247,1.0201866626739502,1.4000601768493652,0.3529209494590759
1320,A9KHK4_wild,CC1C(C(C(C(O1)O)O)O)O,1.8692317197309762,1.3233572244644165,1.1824119091033936,0.5571568012237549
1321,A9KHK4_wild,C(C1C(C(C(C(O1)O)O)O)O)O,1.9294189257142929,1.4326260089874268,1.5405070781707764,0.16248385608196259
1322,A9KHK4_wild,C(C(C(C(C(C=O)O)O)O)O)O,2.230448921378274,0.8431816697120667,1.4079430103302002,0.1351492702960968
1323,Q5JHT1_wild,C(C(C(=O)O)N)C(=O)N,2.841359470454855,2.2818186283111572,0.4703143239021301,1.7175503969192505
1324,Q4J9M3_wild,C1=CC(=CC=C1[N+](=O)[O-])OC2C(C(C(C(O2)CO)O)O)O,1.2227164711475833,0.4772341549396515,-0.11990274488925934,0.7130792140960693
1325,Q4J9M3_wild,C(C1C(C(C(C(O1)OC2C(OC(C(C2O)O)OC3C(OC(C(C3O)O)O)CO)CO)O)O)O)O,2.7403626894942437,0.005414314568042755,0.31233519315719604,0.5195884704589844
1326,Q4J9M3_wild,C(C1C(C(C(C(O1)OC2C(OC(C(C2O)O)OC3C(OC(C(C3O)O)OC4C(OC(C(C4O)O)OC5C(OC(C(C5O)O)OC6C(OC(C(C6O)O)O)CO)CO)CO)CO)CO)O)O)O)O,2.5705429398818973,0.012107007205486298,0.32000893354415894,0.49401336908340454
1327,Q4J9M3_wild,C(C1C(C(C(C(O1)OC2C(OC(C(C2O)O)O)CO)O)O)O)O,3.1065308538223815,0.08329177647829056,0.44652214646339417,0.49306565523147583
1328,Q4J9M3_wild,C(C1C(C(C(C(O1)OC2C(OC(C(C2O)O)OC3C(OC(C(C3O)O)OC4C(OC(C(C4O)O)O)CO)CO)CO)O)O)O)O,2.7218106152125467,0.05377737060189247,0.2988327145576477,0.47295504808425903
1329,Q831B2_N106A,CN(C)C1=CC=C(C=C1)N=NC2=CC=CC=C2C(=O)O,0.07918124604762482,0.9138883948326111,-1.644110918045044,2.2183120250701904
1330,Q831B2_A123F,CN(C)C1=CC=C(C=C1)N=NC2=CC=CC=C2C(=O)O,2.3891660843645326,1.0892053842544556,-1.643057107925415,2.367542266845703
1331,Q831B2_R21G,CN(C)C1=CC=C(C=C1)N=NC2=CC=CC=C2C(=O)O,2.146128035678238,1.0515735149383545,-1.5853877067565918,2.400695323944092
1332,Q831B2_N121A,CN(C)C1=CC=C(C=C1)N=NC2=CC=CC=C2C(=O)O,2.0453229787866576,1.0850931406021118,-1.6115446090698242,2.357602596282959
1333,Q831B2_V122Y,CN(C)C1=CC=C(C=C1)N=NC2=CC=CC=C2C(=O)O,1.2430380486862944,1.0627866983413696,-1.5997366905212402,2.343985080718994
1334,Q831B2_E16G,CN(C)C1=CC=C(C=C1)N=NC2=CC=CC=C2C(=O)O,1.3180633349627615,1.0933821201324463,-1.6347651481628418,2.367903709411621
1335,Q831B2_W62A,CN(C)C1=CC=C(C=C1)N=NC2=CC=CC=C2C(=O)O,1.3242824552976926,1.0174555778503418,-1.5964335203170776,2.377964735031128
1336,Q831B2_R18G,CN(C)C1=CC=C(C=C1)N=NC2=CC=CC=C2C(=O)O,0.5010592622177514,1.0651189088821411,-1.5959815979003906,2.3786916732788086
1337,Q831B2_wild,CN(C)C1=CC=C(C=C1)N=NC2=CC=CC=C2C(=O)O,1.7715874808812555,1.0685625076293945,-1.607119083404541,2.3721437454223633
1338,Q831B2_R66A,CN(C)C1=CC=C(C=C1)N=NC2=CC=CC=C2C(=O)O,1.888179493918325,1.081574559211731,-1.6373677253723145,2.405350685119629
1339,Q831B2_L59G,CN(C)C1=CC=C(C=C1)N=NC2=CC=CC=C2C(=O)O,0.8202014594856403,1.0172170400619507,-1.585018277168274,2.3335468769073486
1340,A3MWU9_wild,C(C(=O)C(=O)O)C(=O)O,1.8864907251724818,1.9195712804794312,-0.9313943982124329,2.308258533477783
1341,Q9RFR0_T139A,C(C(C(=O)[O-])O)O,-1.7695510786217261,0.23134997487068176,-1.547054409980774,0.5538078546524048
1342,Q9RFR0_wild,CC(C(=O)O)O,-1.7695510786217261,0.019011683762073517,-1.1792218685150146,0.14908455312252045
1343,Q9RFR0_R73A,C1=NC2=C(N1C3C(C(C(O3)COP(=O)(O)OP(=O)(O)OC4C(C(C(C(O4)CO)O)O)O)O)O)N=C(NC2=O)N,-1.3279021420642825,0.1036485955119133,-2.2377970218658447,1.0294973850250244
1344,Q9RFR0_wild,C(C(C(=O)[O-])O)O,0.28330122870354957,0.26444169878959656,-1.5508644580841064,0.5755308866500854
1345,Q9RFR0_W189A,C(C(C(=O)[O-])O)O,-1.1135092748275182,0.1636023223400116,-1.5082894563674927,0.5038132071495056
1346,Q9RFR0_R218A,C1=NC2=C(N1C3C(C(C(O3)COP(=O)(O)OP(=O)(O)OC4C(C(C(C(O4)CO)O)O)O)O)O)N=C(NC2=O)N,-0.7375489102695706,0.10303967446088791,-2.242340087890625,1.0355442762374878
1347,Q9RFR0_Y37A,C(C(C(=O)[O-])O)O,-0.7375489102695706,0.2554086744785309,-1.5527830123901367,0.5836493968963623
1348,Q9RFR0_H217A,C(C(C(=O)[O-])O)O,-0.5734887386354247,0.17261478304862976,-1.5075372457504272,0.4780007600784302
1349,Q9RFR0_M229A,C1=NC2=C(N1C3C(C(C(O3)COP(=O)(O)OP(=O)(O)OC4C(C(C(C(O4)CO)O)O)O)O)O)N=C(NC2=O)N,-0.8961962790440431,0.11134400218725204,-2.2514262199401855,1.0354599952697754
1350,Q9RFR0_R73G,C1=NC2=C(N1C3C(C(C(O3)COP(=O)(O)OP(=O)(O)OC4C(C(C(C(O4)CO)O)O)O)O)O)N=C(NC2=O)N,-1.2218487496163564,0.10378935188055038,-2.2303566932678223,1.0350054502487183
1351,Q9RFR0_R73G,C(C(C(=O)[O-])O)O,-1.2218487496163564,0.26720520853996277,-1.527733564376831,0.5722423195838928
1352,Q9RFR0_Y220F,C(C(C(=O)[O-])O)O,-1.154901959985743,0.27435773611068726,-1.5306892395019531,0.5915078520774841
1353,Q9RFR0_D135A,C(C(C(=O)[O-])O)O,-1.1870866433571443,0.25593438744544983,-1.563349962234497,0.5708870887756348
1354,Q9RFR0_wild,C1=NC2=C(N1C3C(C(C(O3)COP(=O)(O)OP(=O)(O)OC4C(C(C(C(O4)CO)O)O)O)O)O)N=C(NC2=O)N,-1.744727494896694,0.1096656322479248,-2.24944806098938,1.0387182235717773
1355,Q9RFR0_Y220F,C1=NC2=C(N1C3C(C(C(O3)COP(=O)(O)OP(=O)(O)OC4C(C(C(C(O4)CO)O)O)O)O)O)N=C(NC2=O)N,-1.431798275933005,0.12168504297733307,-2.2357890605926514,1.0547549724578857
1356,Q9RFR0_R218A,C(C(C(=O)[O-])O)O,-0.6020599913279624,0.26363295316696167,-1.5374630689620972,0.5691245198249817
1357,Q9RFR0_K76A,C(C(C(=O)[O-])O)O,-1.1249387366083,0.10087860375642776,-1.5153653621673584,0.43454763293266296
1358,Q9RFR0_Y220A,C1=NC2=C(N1C3C(C(C(O3)COP(=O)(O)OP(=O)(O)OC4C(C(C(C(O4)CO)O)O)O)O)O)N=C(NC2=O)N,-1.3767507096020994,0.11089280992746353,-2.248143196105957,1.0548127889633179
1359,Q9RFR0_R73A,C(C(C(=O)[O-])O)O,-1.2596373105057561,0.2617221772670746,-1.529733419418335,0.5633556842803955
1360,Q9RFR0_K76A,C1=NC2=C(N1C3C(C(C(O3)COP(=O)(O)OP(=O)(O)OC4C(C(C(C(O4)CO)O)O)O)O)O)N=C(NC2=O)N,-1.1674910872937636,-0.08975104242563248,-2.2290072441101074,0.8833338022232056
1361,Q9RFR0_Y37A,C1=NC2=C(N1C3C(C(C(O3)COP(=O)(O)OP(=O)(O)OC4C(C(C(C(O4)CO)O)O)O)O)O)N=C(NC2=O)N,-0.7878123955960422,0.09429597854614258,-2.251645088195801,1.0513426065444946
1362,Q9RFR0_E166A/Q66A,C(C(C(=O)[O-])O)O,-1.6382721639824072,0.19031623005867004,-1.5121134519577026,0.5189885497093201
1363,Q9RFR0_D135A,C1=NC2=C(N1C3C(C(C(O3)COP(=O)(O)OP(=O)(O)OC4C(C(C(C(O4)CO)O)O)O)O)O)N=C(NC2=O)N,-1.3467874862246563,0.09703489392995834,-2.2512593269348145,1.0186803340911865
1364,Q9RFR0_H217A,C1=NC2=C(N1C3C(C(C(O3)COP(=O)(O)OP(=O)(O)OC4C(C(C(C(O4)CO)O)O)O)O)O)N=C(NC2=O)N,-0.31605286924848786,0.0069954246282577515,-2.2113983631134033,0.9410235285758972
1365,Q9RFR0_T139A,C1=NC2=C(N1C3C(C(C(O3)COP(=O)(O)OP(=O)(O)OC4C(C(C(C(O4)CO)O)O)O)O)O)N=C(NC2=O)N,-1.0705810742857071,0.06859444081783295,-2.253060817718506,1.016972541809082
1366,Q9RFR0_Q66A,C1=NC2=C(N1C3C(C(C(O3)COP(=O)(O)OP(=O)(O)OC4C(C(C(C(O4)CO)O)O)O)O)O)N=C(NC2=O)N,-0.014573525916998342,0.10738066583871841,-2.2479732036590576,1.0196298360824585
1367,Q9RFR0_M229A,C(C(C(=O)[O-])O)O,-0.8696662315049939,0.26728686690330505,-1.5598642826080322,0.5730514526367188
1368,Q9RFR0_E166A,C1=NC2=C(N1C3C(C(C(O3)COP(=O)(O)OP(=O)(O)OC4C(C(C(C(O4)CO)O)O)O)O)O)N=C(NC2=O)N,-1.5528419686577808,0.017408184707164764,-2.217233180999756,0.9715479612350464
1369,Q9RFR0_W189A,C1=NC2=C(N1C3C(C(C(O3)COP(=O)(O)OP(=O)(O)OC4C(C(C(C(O4)CO)O)O)O)O)O)N=C(NC2=O)N,-1.1739251972991736,-0.004037506878376007,-2.2142553329467773,0.9396289587020874
1370,Q9RFR0_Y220A,C(C(C(=O)[O-])O)O,-1.1739251972991736,0.2759988605976105,-1.5419485569000244,0.5858803391456604
1371,Q9RFR0_K9A,C1=NC2=C(N1C3C(C(C(O3)COP(=O)(O)OP(=O)(O)OC4C(C(C(C(O4)CO)O)O)O)O)O)N=C(NC2=O)N,-1.0861861476162833,0.103465236723423,-2.2545056343078613,1.0506095886230469
1372,Q9RFR0_K9A,C(C(C(=O)[O-])O)O,-0.9393021596463883,0.27135002613067627,-1.5502808094024658,0.5739826560020447
1373,Q983B0_wild,C(C(C(C(CO)O)O)O)NC1=C(C(=O)NC(=O)N1)N,-3.522878745280338,0.8451762199401855,-1.571455478668213,1.6151014566421509
1374,Q9R5V5_F13R/D92S,C1C(C(OC1N2C=CC(=NC2=O)N)CO)O,-0.5228787452803376,0.7058495879173279,-0.19735604524612427,1.0415290594100952
1375,Q9R5V5_F13R/D92S/N123S,C1C(C(OC1N2C=CC(=NC2=O)N)CO)O,0.3222192947339193,0.6719086170196533,-0.19606655836105347,1.033740758895874
1376,A5VK58_wild,C1C(C(OC1N2C=CC(=O)NC2=O)CO)O,2.683947130751512,0.6225914359092712,0.21640489995479584,1.045088768005371
1377,A5VK58_wild,C1=C(NC(=O)N=C1)N,3.318689269947746,0.13059161603450775,0.500086784362793,0.9341956377029419
1378,P73922_wild,C(C(C(C(C(C(=O)COP(=O)(O)O)O)O)O)O)OP(=O)(O)O,0.6232492903979004,0.4938027560710907,-0.9497125148773193,1.326033592224121
1379,P0AFG3_H298V,CCCC(=O)C(=O)O,-0.2549252084179425,1.2339080572128296,-1.7796156406402588,0.9006979465484619
1380,P0AFG3_H298T,CCCC(=O)C(=O)O,-1.5228787452803376,1.2581919431686401,-1.7662286758422852,0.9173401594161987
1381,P0AFG3_wild,C(CC(=O)O)C(=O)C(=O)O,0.33243845991560533,1.4306803941726685,-1.6097986698150635,1.0173193216323853
1382,P0AFG3_H298L,CCCC(=O)C(=O)O,-1.0268721464003014,1.234918475151062,-1.7909011840820312,0.8972500562667847
1383,P0AFG3_H298D,CCCC(=O)C(=O)O,0.09342168516223508,1.203981637954712,-1.761343240737915,0.849076509475708
1384,P0AFG3_wild,CCCC(=O)C(=O)O,-1.1191864077192086,1.405300259590149,-1.8373090028762817,1.056853175163269
1385,P0AFG3_H260E,C(CC(=O)O)C(=O)C(=O)O,-1.494850021680094,1.2619706392288208,-1.5550050735473633,0.8860213756561279
1386,P0AFG3_H298L,C(CC(=O)O)C(=O)C(=O)O,-0.3819519032879073,1.246587872505188,-1.5556859970092773,0.8796736001968384
1387,P0AFG3_H298V,C(CC(=O)O)C(=O)C(=O)O,-1.00436480540245,1.2470085620880127,-1.5413923263549805,0.8815658092498779
1388,P0AFG3_H260E/H298N,C(CC(=O)O)C(=O)C(=O)O,-0.8728952016351924,1.1847954988479614,-1.5049809217453003,0.8231208324432373
1389,P0AFG3_H298T,C(CC(=O)O)C(=O)C(=O)O,-2.193820026016113,1.2723766565322876,-1.523244023323059,0.8888072967529297
1390,O54259_wild,C1C2=C(C(=CC=C2)O)C(=O)C3=C1C=CC=C3O,0.0,-0.1321547031402588,-0.9190793037414551,0.7688878774642944
1391,O54259_wild,O=O,0.2624510897304295,0.29000672698020935,-0.5618439316749573,0.6770350933074951
1392,Q88JH0_wild,CCO,0.6989700043360189,1.9427661895751953,-1.3019273281097412,1.8828866481781006
1393,Q88JH0_F412V/W561A,CCO,0.7075701760979364,1.9537266492843628,-1.282577395439148,1.9109411239624023
1394,Q88JH0_F412V/W561A,C1=C(OC(=C1)C=O)CO,0.7075701760979364,1.7580279111862183,-0.6828098297119141,1.64445960521698
1395,Q88JH0_F412V/W561A,C1=C(OC(=C1)C=O)C=O,0.6127838567197355,1.5889661312103271,-0.7958974838256836,2.233060598373413
1396,P9WJ93_wild,CC12CCC3C(C1CCC2=O)CCC4=CC(=O)C=CC34C,-0.09691001300805639,-0.18440836668014526,-1.607983112335205,1.0658634901046753
1397,P9WJ93_wild,CC12CCC(=O)C=C1CCC3C2CCC4(C3CCC4=O)C,-1.154901959985743,-0.28265589475631714,-1.6491361856460571,1.1990277767181396
1398,Q8KQK1_wild,CC(=O)OC1=CC=CC2=CC=CC=C21,1.462397997898956,1.7720580101013184,-1.2664806842803955,2.3514063358306885
1399,Q8KQK1_wild,CC(=O)OC1=CC=C(C=C1)[N+](=O)[O-],1.806179973983887,2.0583178997039795,-0.4071405529975891,1.9932547807693481
1400,P00491_wild,C1=NC2=C(N1)C(=O)NC=N2,2.041392685158225,-0.04313699156045914,-1.4235572814941406,2.0226519107818604
1401,P00491_wild,C1=NC2=C(C(=O)N1)N=CN2C3C(C(C(O3)CO)O)O,1.7481880270062005,0.7788103818893433,-0.5595123767852783,1.638363242149353
1402,P00491_wild,[O-]P(=O)([O-])[O-],1.8808135922807914,0.6355382800102234,0.13287968933582306,1.0271719694137573
1403,A0A3G5E8S8_wild,C1=NC(=C2C(=N1)N(C=N2)C3C(C(C(O3)CO)O)O)N,1.1553360374650619,0.7278779149055481,-1.240170955657959,2.396416425704956
1404,A0A3G5E8S8_wild,C1=NC2=C(N1C3C(C(C(O3)CO)O)O)N=C(NC2=O)N,4.264817823009537,0.8214549422264099,-0.7120388746261597,2.108938694000244
1405,A0A3G5E8S8_wild,C1=NC2=C(C(=O)N1)N=CN2C3C(C(C(O3)CO)O)O,4.804820678721162,1.0171784162521362,-0.5850978493690491,2.106257677078247
1406,P00491_Y88I,C1CC(OC1CO)N2C=NC3=C2N=CNC3=O,-0.3010299956639812,0.7245345711708069,0.23039384186267853,0.5216334462165833
1407,P00491_Y88L,C1=NC2=C(C(=O)N1)N=CN2C3C(C(C(O3)CO)O)O,1.2013971243204515,0.5733121037483215,-0.45957398414611816,1.3360837697982788
1408,P00491_Y88D,C1=NC2=C(C(=O)N1)N=CN2C3C(C(C(O3)CO)O)O,-0.09691001300805639,0.5270484685897827,-0.4638625681400299,1.3125114440917969
1409,P00491_wild,CSC1=NC=NC2=C1N=CN2C3C(C(C(O3)CO)O)O,-0.6989700043360187,0.999585747718811,-0.9645593166351318,1.6098253726959229
1410,P00491_Y88T,C1CC(OC1CO)N2C=NC3=C2N=CNC3=O,-0.3979400086720376,0.7330130934715271,0.2530079185962677,0.5219205617904663
1411,P00491_Y88M,C1CC(OC1CO)N2C=NC3=C2N=CNC3=O,0.7160033436347992,0.7886877059936523,0.2365630716085434,0.5888929963111877
1412,P00491_Y88E,C1=NC2=C(C(=O)N1)N=CN2C3C(C(C(O3)CO)O)O,-0.15490195998574322,0.5592900514602661,-0.44630488753318787,1.3158373832702637
1413,P00491_wild,C1CC(OC1CO)N2C=NC3=C2N=CNC3=O,-0.045757490560675115,0.938335120677948,0.13038370013237,0.7852993011474609
1414,P00491_Y88I,C1=NC2=C(C(=O)N1)N=CN2C3C(C(C(O3)CO)O)O,0.11394335230683679,0.586609959602356,-0.47186124324798584,1.3369218111038208
1415,P00491_Y88T,C1=NC2=C(C(=O)N1)N=CN2C3C(C(C(O3)CO)O)O,0.36172783601759284,0.5921818614006042,-0.45338594913482666,1.334495186805725
1416,P00491_Y88S,C1CC(OC1CO)N2C=NC3=C2N=CNC3=O,0.43136376415898736,0.691836953163147,0.23753787577152252,0.49876275658607483
1417,P00491_Y88A,C1CC(OC1CO)N2C=NC3=C2N=CNC3=O,0.4471580313422192,0.7288778424263,0.21266700327396393,0.5308064222335815
1418,P00491_Y88C,C1=NC2=C(C(=O)N1)N=CN2C3C(C(C(O3)CO)O)O,0.7403626894942439,0.5175771117210388,-0.48476269841194153,1.3157548904418945
1419,P00491_Y88Q,C1=NC2=C(C(=O)N1)N=CN2C3C(C(C(O3)CO)O)O,0.14612803567823798,0.5953946113586426,-0.4642614722251892,1.3622643947601318
1420,P00491_wild,C1=NC2=C(N1C3C(C(C(O3)CO)O)O)N=C(NC2=O)N,0.9395192526186185,0.6911559104919434,-0.7350358963012695,1.7334036827087402
1421,P00491_Y88S,C1=NC2=C(C(=O)N1)N=CN2C3C(C(C(O3)CO)O)O,0.9444826721501687,0.54497230052948,-0.4675484299659729,1.3145262002944946
1422,P00491_Y88R,C1=NC2=C(C(=O)N1)N=CN2C3C(C(C(O3)CO)O)O,-2.0,0.49222332239151,-0.4662013649940491,1.231533169746399
1423,P00491_Y88E,C1CC(OC1CO)N2C=NC3=C2N=CNC3=O,-2.0,0.6957733631134033,0.2588593363761902,0.5011918544769287
1424,P00491_Y88F,C1=NC2=C(C(=O)N1)N=CN2C3C(C(C(O3)CO)O)O,1.7323937598229686,0.7563861012458801,-0.5403310060501099,1.566577434539795
1425,P00491_Y88Q,C1CC(OC1CO)N2C=NC3=C2N=CNC3=O,-0.8239087409443188,0.7421090602874756,0.22935603559017181,0.5399687886238098
1426,P00491_Y88M,C1=NC2=C(C(=O)N1)N=CN2C3C(C(C(O3)CO)O)O,1.1072099696478683,0.6502224206924438,-0.45666664838790894,1.4170198440551758
1427,P00491_Y88V,C1CC(OC1CO)N2C=NC3=C2N=CNC3=O,-0.22184874961635637,0.6968629360198975,0.2270401567220688,0.5062048435211182
1428,P00491_Y88H,C1=NC2=C(C(=O)N1)N=CN2C3C(C(C(O3)CO)O)O,0.9344984512435677,0.6595354080200195,-0.4790450930595398,1.4339170455932617
1429,P00491_Y88V,C1=NC2=C(C(=O)N1)N=CN2C3C(C(C(O3)CO)O)O,0.38021124171160603,0.5434646010398865,-0.4690520763397217,1.318742275238037
1430,P00491_F159Y,C1=NC2=C(N1C3C(C(C(O3)CO)O)O)N=C(NC2=O)N,0.9294189257142927,0.6674194931983948,-0.732957124710083,1.7084815502166748
1431,P00491_Y88F,C1CC(OC1CO)N2C=NC3=C2N=CNC3=O,1.021189299069938,0.9191405773162842,0.15858136117458344,0.7238906621932983
1432,P00491_Y88L,C1CC(OC1CO)N2C=NC3=C2N=CNC3=O,0.785329835010767,0.7237165570259094,0.23970218002796173,0.5147850513458252
1433,P00491_Y88D,C1CC(OC1CO)N2C=NC3=C2N=CNC3=O,-1.6989700043360187,0.6746618747711182,0.24160908162593842,0.49686533212661743
1434,P00491_wild,C1=NC2=C(N1)C(=O)NC(=N2)N,1.6812412373755872,-0.2212369740009308,-1.6060543060302734,2.219290018081665
1435,P00491_Y88W,C1=NC2=C(C(=O)N1)N=CN2C3C(C(C(O3)CO)O)O,0.7481880270062004,0.7386682629585266,-0.5636700987815857,1.6056734323501587
1436,P00491_Y88A,C1=NC2=C(C(=O)N1)N=CN2C3C(C(C(O3)CO)O)O,1.24551266781415,0.5833358764648438,-0.47872209548950195,1.344601035118103
1437,P00491_Y88W,C1CC(OC1CO)N2C=NC3=C2N=CNC3=O,-1.0457574905606752,0.9168278574943542,0.12873005867004395,0.7637214660644531
1438,P55859_N123L/R210Q,C1=NC2=C(C(=O)N1)N=CN2C3C(C(C(O3)CO)O)O,1.3979400086720377,0.7863544225692749,-0.5300842523574829,1.781984567642212
1439,P55859_wild,C1=NC2=C(C(=O)N1)N=CN2C3C(C(C(O3)CO)O)O,1.6434526764861874,0.7987799644470215,-0.5373924970626831,1.7774794101715088
1440,P55859_V39T/N123L/R210Q,C1=NC2=C(C(=O)N1)N=CN2C3C(C(C(O3)CO)O)O,1.5797835966168101,0.7698280215263367,-0.5255628228187561,1.7684473991394043
1441,A4Q998_wild,C1=NC2=C(N1C3C(C(C(O3)CO)O)O)N=C(NC2=O)N,0.0,0.5530211329460144,-0.7654842138290405,1.6072462797164917
1442,A4Q998_wild,C1C(C(OC1N2C=NC3=C2N=CNC3=O)CO)O,1.7323937598229686,0.7387609481811523,-0.46705377101898193,1.2675501108169556
1443,A4Q998_wild,C1=NC2=C(C(=O)N1)N=CN2C3C(C(C(O3)CO)O)O,1.6127838567197355,0.6779971122741699,-0.46370580792427063,1.59730863571167
1444,A4Q998_wild,C1C(C(OC1N2C=NC3=C2N=C(NC3=O)N)CO)O,0.7323937598229685,0.5491989254951477,-0.7295677065849304,1.5125876665115356
1445,C7FLN0_wild,C1=NC2=C(N1C3C(C(C(O3)CO)O)O)N=C(NC2=O)N,1.0791812460476249,0.7682563662528992,-0.9334063529968262,2.127189874649048
1446,C7FLN0_wild,C1=NC2=C(C(=O)N1)N=CN2C3C(C(C(O3)CO)O)O,4.447158031342219,0.9291050434112549,-0.7524055242538452,2.2243924140930176
1447,Q9YDC0_wild,C1=NC(=C2C(=N1)N(C=N2)C3C(C(C(O3)CO)O)O)N,3.537819095073274,0.49919116497039795,-0.9397623538970947,1.980719804763794
1448,Q9YDC0_wild,C1=NC2=C(C(=O)N1)N=CN2C3C(C(C(O3)CO)O)O,2.9232440186302764,0.7692147493362427,-0.4498489201068878,2.0078697204589844
1449,Q9YDC0_wild,C1=NC2=C(N1C3C(C(C(O3)CO)O)O)N=C(NC2=O)N,2.9425041061680806,0.7343034148216248,-0.6524508595466614,2.0525383949279785
1450,Q13554_wild,C1=NC(=C2C(=N1)N(C=N2)C3C(C(C(O3)COP(=O)(O)OP(=O)(O)OP(=O)(O)O)O)O)N,0.9030899869919435,0.3177931010723114,-1.4618024826049805,1.529693603515625
1451,Q13557_wild,C1=NC(=C2C(=N1)N(C=N2)C3C(C(C(O3)COP(=O)(O)OP(=O)(O)OP(=O)(O)O)O)O)N,0.9956351945975499,-0.41176536679267883,-1.8999905586242676,1.4517029523849487
1452,Q9UQM7_wild,C1=NC(=C2C(=N1)N(C=N2)C3C(C(C(O3)COP(=O)(O)OP(=O)(O)OP(=O)(O)O)O)O)N,0.07918124604762482,-0.4613155126571655,-1.8738174438476562,1.343788504600525
1453,Q13555_wild,C1=NC(=C2C(=N1)N(C=N2)C3C(C(C(O3)COP(=O)(O)OP(=O)(O)OP(=O)(O)O)O)O)N,0.9912260756924949,-0.2544664442539215,-1.7633581161499023,1.3717246055603027
1454,Q8J0K6_wild,C1=CC(=C(C=C1[N+](=O)[O-])Cl)OC2C(C(C(C(O2)CO)OC3C(C(C(C(O3)CO)O)O)O)O)O,-1.7695510786217261,-0.3018876314163208,0.33138495683670044,-0.45184850692749023
1455,Q8J0K6_wild,CC1=CC(=O)OC2=C1C=CC(=C2)OC3C(C(C(C(O3)CO)OC4C(C(C(C(O4)CO)O)O)O)O)O,-0.8538719643217619,-0.37164050340652466,-0.0467991903424263,-0.07246488332748413
1456,A7WNT9_wild,C1=CC(=C(C=C1[N+](=O)[O-])Cl)OC2C(C(C(C(O2)CO)OC3C(C(C(C(O3)CO)O)O)O)O)O,-1.330683119433888,-0.07027599960565567,0.1236492246389389,-0.43629947304725647
1457,A7WNT9_wild,CC1=CC(=O)OC2=C1C=CC(=C2)OC3C(C(C(C(O3)CO)OC4C(C(C(C(O4)CO)O)O)O)O)O,-0.7251496799833352,0.0021167322993278503,-0.32338839769363403,-0.016230374574661255
1458,A7WNU2_wild,CC1=CC(=O)OC2=C1C=CC(=C2)OC3C(C(C(C(O3)CO)OC4C(C(C(C(O4)CO)O)O)O)O)O,-0.4881166390211256,0.4265426993370056,-0.32121706008911133,0.19352728128433228
1459,A7WNU2_wild,C1=CC(=C(C=C1[N+](=O)[O-])Cl)OC2C(C(C(C(O2)CO)OC3C(C(C(C(O3)CO)O)O)O)O)O,-1.5482135644757098,0.5348554849624634,0.07866966724395752,-0.21238678693771362
1460,A7WNU1_wild,CC1=CC(=O)OC2=C1C=CC(=C2)OC3C(C(C(C(O3)CO)OC4C(C(C(C(O4)CO)O)O)O)O)O,0.06069784035361165,-0.030291356146335602,-0.3029819130897522,0.0582546591758728
1461,A7WNU1_wild,C1=CC(=C(C=C1[N+](=O)[O-])Cl)OC2C(C(C(C(O2)CO)OC3C(C(C(C(O3)CO)O)O)O)O)O,-0.4993519366280881,-0.10588512569665909,0.17174150049686432,-0.3633105158805847
1462,G0RVK1_wild,CC1=CC(=O)OC2=C1C=CC(=C2)OC3C(C(C(C(O3)CO)OC4C(C(C(C(O4)CO)O)O)O)O)O,-0.30803489723263966,0.10853790491819382,-0.5139424800872803,0.035771846771240234
1463,Q55FE6_wild,C1=CC(=CC=C1[N+](=O)[O-])OC2C(C(C(C(O2)CO)OC3C(C(C(C(O3)CO)O)O)O)O)O,-0.22184874961635637,0.07992704957723618,0.2009853720664978,-0.27868202328681946
1464,F0ZJZ1_wild,C1=CC(=CC=C1[N+](=O)[O-])OC2C(C(C(C(O2)CO)OC3C(C(C(C(O3)CO)O)O)O)O)O,-0.2924298239020636,0.006203614175319672,0.3431093394756317,-0.3676622807979584
1465,A0A088T0J9_wild,C1=CC(=CC=C1[N+](=O)[O-])OC2C(C(C(C(O2)CO)OC3C(C(C(C(O3)CO)O)O)O)O)O,-0.721246399047171,0.4502691626548767,-0.015428485348820686,-0.12315183877944946
1466,A0A088T0J9_wild,C1=CC(=C(C=C1[N+](=O)[O-])Cl)OC2C(C(C(C(O2)CO)OC3C(C(C(C(O3)CO)O)O)O)O)O,-0.958607314841775,0.34719377756118774,-0.09321503341197968,-0.12397515773773193
1467,G2QXZ9_wild,CC1=CC(=O)OC2=C1C=CC(=C2)OC3C(C(C(C(O3)CO)OC4C(C(C(C(O4)CO)O)O)O)O)O,-0.45593195564972444,-0.06982781738042831,-0.23654620349407196,-0.000972360372543335
1468,G2Q665_wild,C1=CC(=CC=C1[N+](=O)[O-])OC2C(C(C(C(O2)CO)OC3C(C(C(C(O3)CO)O)O)O)O)O,-0.9507819773298184,0.1983499825000763,0.2360185831785202,-0.3706931173801422
1469,F1CYZ0_wild,C1=CC(=CC=C1[N+](=O)[O-])OC2C(C(C(C(O2)CO)OC3C(C(C(C(O3)CO)O)O)O)O)O,-0.563837352959244,0.5306981801986694,0.07461714744567871,0.007842659950256348
1470,Q6JE29_wild,CC1(C(N2C(S1(=O)=O)CC2=O)C(=O)O)C,0.5185139398778875,0.9706406593322754,-0.7123709917068481,1.6372618675231934
1471,Q6JE29_wild,CC1(C(N2C(S1)C(C2=O)NC(=O)C(C3=CC=CC=C3)N)C(=O)O)C,1.0128372247051722,1.7400879859924316,-0.45540177822113037,2.1190404891967773
1472,Q6JE29_wild,C1C(=C(N2C(S1)C(C2=O)NC(=O)CC3=CC=CS3)C(=O)O)C=CC4=C(C=C(C=C4)[N+](=O)[O-])[N+](=O)[O-],0.6434526764861874,1.2963835000991821,-1.5714147090911865,2.281160354614258
1473,Q6JE29_wild,CC1=NN=C(S1)SCC2=C(N3C(C(C3=O)NC(=O)CN4C=NN=N4)SC2)C(=O)O,-0.3372421683184259,1.377366304397583,-0.9899656772613525,1.9833390712738037
1474,Q6JE29_wild,CC1C2C(C(=O)N2C(=C1SC3CC(NC3)C(=O)N(C)C)C(=O)O)C(C)O,0.615950051656401,1.3444546461105347,-1.3221104145050049,2.3373849391937256
1475,Q6JE29_wild,CC(=O)OCC1=C(N2C(C(C2=O)NC(=O)C(=NOC)C3=CSC(=N3)N)SC1)C(=O)O,0.1846914308175988,1.0959173440933228,-1.3572916984558105,2.168889045715332
1476,Q6JE29_wild,CC1(C(N2C(S1)C(C2=O)NC(=O)CC3=CC=CC=C3)C(=O)O)C,1.0382226383687185,1.6762479543685913,-0.5252952575683594,2.000308036804199
1477,Q6JE29_wild,CCN1CCN(C(=O)C1=O)C(=O)NC(C2=CC=CC=C2)C(=O)NC3C4N(C3=O)C(C(S4)(C)C)C(=O)O,1.1646502159342969,1.9053897857666016,-1.0061858892440796,2.3180181980133057
1478,Q6JE29_wild,CC1(C(N2C(S1)C(C2=O)NC(=O)C(C3=CC=CC=C3)C(=O)O)C(=O)O)C,1.229425847920695,1.4587327241897583,-0.7730669975280762,2.194182872772217
1479,Q6JE29_wild,CC(C1C2CC(=C(N2C1=O)C(=O)O)SCCN=CN)O,0.8621313793130372,1.6986886262893677,-1.1327104568481445,2.189708709716797
1480,Q5I6B5_wild,CC(=O)SCCNC(=O)CCNC(=O)C(C(C)(C)COP(=O)(O)OP(=O)(O)OCC1C(C(C(O1)N2C=NC3=C(N=CN=C32)N)O)OP(=O)(O)O)O,-0.2676062401770315,0.4867686629295349,-1.4173202514648438,1.1972215175628662
1481,Q5I6B5_wild,CC(=CCCC(=CCO)C)C,-0.36653154442041347,-0.2030201554298401,-0.960073709487915,0.45105504989624023
1482,Q5I6B5_wild,CC(C1=CC=CC=C1)O,-0.14266750356873156,-0.7305282950401306,-0.1503220945596695,0.06471547484397888
1483,Q5I6B5_wild,C1=CC=C(C=C1)CO,-0.9244530386074693,0.04251628369092941,-0.729015588760376,0.18629491329193115
1484,Q12WB9_wild,C(C1C(C(C(C(O1)O)O)O)O)O,1.146128035678238,0.5662283897399902,0.13709880411624908,0.48481547832489014
1485,D7E8P3_wild,C(C1C(C(C(C(O1)O)O)O)O)O,1.2041199826559248,0.7513981461524963,0.27255168557167053,0.5331193804740906
1486,Q8PZL9_wild,C(C1C(C(C(C(O1)O)O)O)O)O,0.14612803567823798,0.8062012195587158,0.3356761634349823,0.4955335259437561
1487,Q9LT69_wild,C1=CC(=C[N+](=C1)C2C(C(C(O2)COP(=O)([O-])OP(=O)(O)OCC3C(C(C(O3)N4C=NC5=C(N=CN=C54)N)O)O)O)O)C(=O)N,2.153509989300838,1.307486891746521,-0.6714630126953125,1.272641897201538
1488,Q9LT69_wild,C(C(C(=O)O)O)OP(=O)(O)O,2.153509989300838,1.0479525327682495,-0.19593703746795654,0.8677150011062622
1489,Q9LT69_wild,C(CC(=O)O)C(=O)C(=O)O,-3.744727494896694,0.6453365087509155,0.25197115540504456,-0.45752695202827454
1490,Q9LT69_wild,C(C(=O)C(=O)O)C(=O)O,-3.2924298239020637,1.0318684577941895,-0.14694952964782715,0.13608166575431824
1491,O49485_wild,C1=CC(=C[N+](=C1)C2C(C(C(O2)COP(=O)([O-])OP(=O)(O)OCC3C(C(C(O3)N4C=NC5=C(N=CN=C54)N)O)O)O)O)C(=O)N,2.240798771117331,1.692844271659851,-0.5697268843650818,1.5459458827972412
1492,O49485_wild,C(C(C(=O)O)O)OP(=O)(O)O,2.240798771117331,1.4040964841842651,-0.07436484098434448,1.1414729356765747
1493,O49485_wild,C(CC(=O)O)C(=O)C(=O)O,-3.8239087409443187,1.069151759147644,0.25987228751182556,-0.10011854767799377
1494,O49485_wild,C(C(=O)C(=O)O)C(=O)O,-3.113509274827518,1.480952262878418,-0.08819600939750671,0.4868183434009552
1495,O04130_wild,C1=CC(=C[N+](=C1)C2C(C(C(O2)COP(=O)([O-])OP(=O)(O)OCC3C(C(C(O3)N4C=NC5=C(N=CN=C54)N)O)O)O)O)C(=O)N,2.1684974835230326,1.3984460830688477,-0.5534384846687317,1.354968547821045
1496,O04130_wild,C(C(C(=O)O)O)OP(=O)(O)O,2.1684974835230326,1.1167057752609253,-0.033407583832740784,0.9245056509971619
1497,O04130_wild,C(C(=O)C(=O)O)C(=O)O,-2.869666231504994,1.2215722799301147,-0.024966420605778694,0.2684346139431
1498,O04130_wild,C(CC(=O)O)C(=O)C(=O)O,-3.6989700043360187,0.8223331570625305,0.3322131633758545,-0.28868532180786133
1499,Q9Z564_wild,C(C(C(=O)O)O)OP(=O)(O)O,2.7604224834232123,1.5422815084457397,-0.08790897578001022,1.351824402809143
1500,A0A2R6X868_wild,C1=CC(=C[N+](=C1)C2C(C(C(O2)COP(=O)([O-])OP(=O)(O)OCC3C(C(C(O3)N4C=NC5=C(N=CN=C54)N)O)O)O)O)C(=O)N,1.3979400086720377,1.4031165838241577,-0.6676855087280273,1.3404409885406494
1501,A0A2R6X868_wild,C(C(C(=O)O)O)OP(=O)(O)O,1.3979400086720377,1.1690822839736938,-0.24504297971725464,1.008999228477478
1502,Q8EMJ9_wild,C(C(C(C(=O)O)O)O)(C(C(=O)O)O)O,0.8325089127062363,0.6250010132789612,-0.04558832198381424,1.1436275243759155
1503,Q8NT48_wild,C(CC(=O)O)C(=O)C(=O)O,-0.46852108295774486,-1.0666431188583374,0.12646076083183289,-0.5750882029533386
1504,Q8NT48_wild,C(CC(=O)O)CN,0.5763413502057929,-1.2609971761703491,0.9170276522636414,-0.7670012712478638
1505,P20035_wild,C1=NC2=C(N1)C(=O)NC=N2,0.8512583487190752,0.5083447098731995,-1.7092435359954834,1.9807387590408325
1506,P00492_wild,C1=NC2=C(N1)C(=O)NC(=O)N2,0.4623979978989561,0.7732016444206238,-2.026723861694336,2.07362699508667
1507,P00492_wild,C1=NC2=C(N1)C(=O)NC=N2,0.8512583487190752,0.803909420967102,-2.208334445953369,2.103961706161499
1508,P00492_wild,C1=NC2=C(N1)C(=O)NC(=N2)N,1.4065401804339552,0.6236087679862976,-2.3355422019958496,2.444566488265991
1509,P00492_F36L,C1=NC2=C(N1)C(=O)NC(=N2)N,1.255272505103306,0.64394211769104,-2.3274693489074707,2.452542781829834
1510,P00492_F36G,C1=NC2=C(N1)C(=O)NC(=N2)N,0.5314789170422551,0.40706223249435425,-2.1917338371276855,2.2418439388275146
1511,P00492_F36K,C1=NC2=C(N1)C(=O)NC=N2,0.5314789170422551,0.7045405507087708,-2.116539716720581,1.9444706439971924
1512,P00492_F36G,C1=NC2=C(N1)C(=O)NC=N2,0.4913616938342727,0.5953553318977356,-2.0801854133605957,1.8752095699310303
1513,P00492_F36L,C1=NC2=C(N1)C(=O)NC=N2,0.7323937598229685,0.8199499249458313,-2.20160174369812,2.1104280948638916
1514,P00492_F36L,C1=NC2=C(N1)C(=O)NC(=O)N2,-1.154901959985743,0.793586015701294,-2.0225210189819336,2.0830795764923096
1515,P00492_F36K,C1=NC2=C(N1)C(=O)NC(=N2)N,0.7993405494535817,0.5375002026557922,-2.23417329788208,2.3292412757873535
1516,P20035_wild,C1=NC2=C(N1)C(=O)NC(=N2)N,1.4065401804339552,0.4667549729347229,-1.923911213874817,2.2203304767608643
1517,P20035_wild,C(C1C(C(C(O1)OP(=O)(O)OP(=O)(O)O)O)O)OP(=O)(O)O,0.2041199826559248,0.6775678992271423,-0.6926268935203552,0.7501131296157837
1518,P20035_wild,C1=NC2=C(N1)C(=O)NC(=O)N2,0.2041199826559248,0.5863518714904785,-1.6465065479278564,1.9612910747528076
1519,P20035_wild,C1=NC2=C(C(=O)N1)N=CN2C3C(C(C(O3)COP(=O)(O)O)O)O,-2.3767507096020997,0.29704710841178894,-1.1441535949707031,1.2787094116210938
1520,Q8IJS1_W181Y,C(C1C(C(C(O1)OP(=O)(O)OP(=O)(O)O)O)O)OP(=O)(O)O,-0.3010299956639812,0.7243258357048035,-0.7128729224205017,0.776612401008606
1521,Q8IJS1_wild,C(C1C(C(C(O1)OP(=O)(O)OP(=O)(O)O)O)O)OP(=O)(O)O,0.2041199826559248,0.7136572003364563,-0.7262324094772339,0.7758735418319702
1522,Q8IJS1_W181S,C(C1C(C(C(O1)OP(=O)(O)OP(=O)(O)O)O)O)OP(=O)(O)O,-0.17392519729917355,0.7321012020111084,-0.7148363590240479,0.7933793067932129
1523,P60932_wild,CC(=CCCC(=CCCC(=CCOP(=O)(O)OP(=O)(O)O)C)C)C,0.3222192947339193,0.38014599680900574,-2.3104801177978516,1.5260069370269775
1524,A0A0F7VP60_wild,C1(C(C(C(C(C1OP(=O)(O)O)OP(=O)(O)O)OP(=O)(O)O)OP(=O)(O)O)OP(=O)(O)O)OP(=O)(O)O,0.47712125471966244,1.7811144590377808,-0.5464229583740234,2.1069812774658203
1525,Q8IEK1_wild,CC(C)CC(C(=O)NC(CC(C)C)C(=O)O)N,1.0791812460476249,1.3236626386642456,-0.07778387516736984,1.2348732948303223
1526,Q8IEK1_wild,CSCCC(C(=O)NC(CC1=CC=CC=C1)C(=O)O)N,0.8750612633917001,0.9849650859832764,-0.09171868115663528,1.2349224090576172
1527,Q9X265_wild,CCOC(=O)C(C)C(=O)C,1.0969100130080565,0.32409006357192993,0.3550580143928528,0.4927726686000824
1528,Q9X265_wild,CCOC(=O)C(=O)CCC1=CC=CC=C1,1.0492180226701815,0.69823157787323,-0.24780867993831635,0.6666514277458191
1529,Q9X265_wild,C1=CC=C(C=C1)C(=O)C(F)(F)F,1.214843848047698,-0.06453264504671097,-0.47206035256385803,0.8634817004203796
1530,F1N9C1_wild,CC12CCC3C(C1CCC2O)CCC4=CC(=O)CCC34C,-0.22184874961635637,-0.24320411682128906,-1.691550612449646,1.1177455186843872
1531,F1N9C1_wild,CC12CCC3C(C1CCC2=O)CCC4=C3C=CC(=C4)O,-0.3467874862246563,-0.3582560122013092,-1.8913133144378662,1.171204686164856
1532,F1N9C1_wild,CCCCCC(C=CC1C(CC(=O)C1CC=CCCCC(=O)O)O)O,-0.16749108729376366,0.8168164491653442,-1.46669340133667,1.9380345344543457
1533,F1N9C1_wild,CC(=O)C,-0.744727494896694,-0.48630011081695557,-1.0825287103652954,0.08117091655731201
1534,F1N9C1_wild,C1=CC=C2C(=C1)C3=CC=CC=C3C(=O)C2=O,0.367355921026019,0.2836098372936249,-1.9359323978424072,1.7222998142242432
1535,F1N9C1_wild,CC1=CC(=O)C=CC1=O,0.5158738437116791,0.3134411871433258,-1.4695031642913818,1.771220326423645
1536,F1N9C1_wild,C1=CC(=CC=C1C=O)[N+](=O)[O-],0.541579243946581,0.16741454601287842,-0.7146530747413635,0.9565412402153015
1537,F1N9C1_wild,CC1=CC(=O)C2=CC=CC=C2C1=O,-0.5686362358410126,0.33593297004699707,-1.7587357759475708,2.011867046356201
1538,F1N9C1_wild,C1=CC=C2C(=C1)C(=O)C(=O)N2,0.4065401804339551,0.3410024046897888,-1.391866683959961,1.5625859498977661
1539,P38503_wild,CC(C)(COP(=O)(O)OP(=O)(O)OCC1C(C(C(O1)N2C=NC3=C(N=CN=C32)N)O)OP(=O)(O)O)C(C(=O)NCCC(=O)NCCS)O,3.7203247174174416,1.2048085927963257,-1.3539268970489502,2.6679818630218506
1540,P38503_R310Q,CC(C)(COP(=O)(O)OP(=O)(O)OCC1C(C(C(O1)N2C=NC3=C(N=CN=C32)N)O)OP(=O)(O)O)C(C(=O)NCCC(=O)NCCS)O,1.9294189257142929,0.7846025228500366,-1.2597086429595947,2.283344268798828
1541,P38503_R310A,CC(C)(COP(=O)(O)OP(=O)(O)OCC1C(C(C(O1)N2C=NC3=C(N=CN=C32)N)O)OP(=O)(O)O)C(C(=O)NCCC(=O)NCCS)O,2.361727836017593,0.90736323595047,-1.2852590084075928,2.403881311416626
1542,P38503_S309C,CC(C)(COP(=O)(O)OP(=O)(O)OCC1C(C(C(O1)N2C=NC3=C(N=CN=C32)N)O)OP(=O)(O)O)C(C(=O)NCCC(=O)NCCS)O,0.785329835010767,1.1441413164138794,-1.366028904914856,2.6168665885925293
1543,P38503_R310K,CC(C)(COP(=O)(O)OP(=O)(O)OCC1C(C(C(O1)N2C=NC3=C(N=CN=C32)N)O)OP(=O)(O)O)C(C(=O)NCCC(=O)NCCS)O,1.0413926851582251,1.1649271249771118,-1.3518280982971191,2.6416749954223633
1544,P38503_S309T,CC(C)(COP(=O)(O)OP(=O)(O)OCC1C(C(C(O1)N2C=NC3=C(N=CN=C32)N)O)OP(=O)(O)O)C(C(=O)NCCC(=O)NCCS)O,1.187520720836463,1.1825515031814575,-1.3488647937774658,2.646393299102783
1545,P38503_S309A,CC(C)(COP(=O)(O)OP(=O)(O)OCC1C(C(C(O1)N2C=NC3=C(N=CN=C32)N)O)OP(=O)(O)O)C(C(=O)NCCC(=O)NCCS)O,1.1613680022349748,1.139573574066162,-1.3568198680877686,2.6276731491088867
1546,P38503_D316E,CC(C)(COP(=O)(O)OP(=O)(O)OCC1C(C(C(O1)N2C=NC3=C(N=CN=C32)N)O)OP(=O)(O)O)C(C(=O)NCCC(=O)NCCS)O,3.3324384599156054,1.2080930471420288,-1.351523756980896,2.673351764678955
1547,P0A9M8_wild,CC(=O)SCCNC(=O)CCNC(=O)C(C(C)(C)COP(=O)(O)OP(=O)(O)OCC1C(C(C(O1)N2C=NC3=C(N=CN=C32)N)O)OP(=O)(O)O)O,1.4712917110589385,1.5641000270843506,-1.010289192199707,1.8865790367126465
1548,P0A9M8_wild,CC(=O)OP(=O)(O)O,2.3571722577230334,1.7486169338226318,-0.7685928344726562,1.9508063793182373
1549,B2RK03_wild,CC(=O)SCCNC(=O)CCNC(=O)C(C(C)(C)COP(=O)(O)OP(=O)(O)OCC1C(C(C(O1)N2C=NC3=C(N=CN=C32)N)O)OP(=O)(O)O)O,3.172310968521954,0.7965909838676453,-1.0428893566131592,2.170750617980957
1550,F7YVT1_wild,C1=CC(=CC=C1[N+](=O)[O-])OC2C(C(C(C(O2)CO)O)O)O,2.0827853703164503,1.204773187637329,-0.7342774868011475,1.8117926120758057
1551,D0QYM5_wild,CC(=O)NC1C(C(C(OC1OP(=O)(O)OP(=O)(O)OCC2C(C(C(O2)N3C=CC(=O)NC3=O)O)O)CO)O)O,2.550228353055094,0.030002541840076447,-0.7617310285568237,1.3779664039611816
1552,Q0SE24_wild,OO,0.505149978319906,1.16925048828125,-0.34065860509872437,1.5429911613464355
1553,Q0SE24_D153A/N246A,OO,1.2787536009528289,0.754911482334137,-0.23230472207069397,1.1785987615585327
1554,Q0SE24_N246A,OO,0.7323937598229685,1.079076886177063,-0.2960386574268341,1.4719021320343018
1555,Q0SE24_D153A,OO,1.7075701760979363,0.8739422559738159,-0.28083622455596924,1.2766929864883423
1556,Q0SE24_D153H,OO,0.25527250510330607,0.8683563470840454,-0.27128317952156067,1.268736481666565
1557,P23378_wild,C(C(=O)O)N,-1.3279021420642825,0.17564165592193604,-0.03398200124502182,0.10138550400733948
1558,P0A434_H257L,CCOP(=O)(OCC)SCCSCC,0.5185139398778875,0.07598453015089035,0.37577611207962036,0.6183711290359497
1559,P0A434_wild,CCOP(=O)(OCC)SCCSCC,0.5440680443502757,0.04938291758298874,0.37492290139198303,0.6103651523590088
1560,P0A434_H254R/H257F,CCOP(=O)(OCC)SCCSCC,1.5314789170422551,0.0871911570429802,0.36773592233657837,0.629528284072876
1561,P0A434_H123I,CCOP(=O)(OCC)OC1=CC=C(C=C1)[N+](=O)[O-],1.6989700043360187,0.2575971782207489,-0.4588937759399414,2.3086538314819336
1562,P0A434_H254R/H257L,CCOP(=O)(OCC)SCCSCC,1.6989700043360187,0.06351623684167862,0.37218862771987915,0.6159700155258179
1563,P0A434_wild,CCOP(=S)(OCC)OC1=CC=C(C=C1)[N+](=O)[O-],2.8573324964312685,0.22908705472946167,-0.4743063449859619,2.026797294616699
1564,P0A434_wild,CCOP(=O)(OCC)OC1=CC=C(C=C1)Cl,-0.44369749923271273,0.09928815811872482,-0.19992507994174957,0.9658858776092529
1565,P0A434_H254R/H257L,CCOP(=O)(OCC)OC1=CC=C(C=C1)[N+](=O)[O-],2.806179973983887,0.33586907386779785,-0.4361410439014435,2.333221912384033
1566,P0A434_H254R,CCOP(=O)(OCC)OC1=CC=C(C=C1)[N+](=O)[O-],3.0791812460476247,0.3077961802482605,-0.42929792404174805,2.3237180709838867
1567,P0A434_wild,C1=CC(=CC=C1[N+](=O)[O-])OP(=O)(O)O,3.3979400086720375,0.47452378273010254,-0.06882593780755997,1.6845263242721558
1568,P0A434_H254R/H257F,CCOP(=O)(OCC)OC1=CC=C(C=C1)[N+](=O)[O-],2.6532125137753435,0.36201250553131104,-0.4337484836578369,2.3480701446533203
1569,P0A434_H254R,CCOP(=O)(OCC)SCCSCC,1.505149978319906,0.025643594563007355,0.3786434233188629,0.6019859313964844
1570,P0A434_wild,CCOP(=O)(OCC)OC1=CC=C(C=C1)[N+](=O)[O-],4.021189299069938,0.32825952768325806,-0.44074776768684387,2.330400228500366
1571,P0A434_H123A,CCOP(=O)(OCC)OC1=CC=C(C=C1)[N+](=O)[O-],2.591064607026499,0.32911843061447144,-0.457550048828125,2.3260226249694824
1572,P0A434_H257L,CCOP(=O)(OCC)OC1=CC=C(C=C1)[N+](=O)[O-],3.9030899869919438,0.3452310264110565,-0.4426933825016022,2.3355345726013184
1573,P0A434_H123N,CCOP(=O)(OCC)OC1=CC=C(C=C1)[N+](=O)[O-],3.7481880270062002,0.36412885785102844,-0.4512195587158203,2.326590061187744
1574,A1E280_wild,C1=CC=C2C(=C1)C(=CN2)CC(C(=O)O)N,-1.3279021420642825,-0.8977030515670776,-1.2777245044708252,0.3000008761882782
1575,A0A167KLN5_D318R,COC(=O)NC1C(C(C(OC1OC2C(OC(C(C2O)N)OC3C(OC(C(C3O)N)O)CO)CO)CO)OC4C(C(C(C(O4)CO)OC5C(C(C(C(O5)CO)OC6C(C(C(C(O6)CO)OC7C(C(C(C(O7)CO)OC8C(C(C(C(O8)CO)OC9C(C(C(C(O9)CO)O)O)N)O)N)O)N)O)N)O)N)O)N)O,4.2878017299302265,1.9596962928771973,-0.15768836438655853,0.2714880704879761
1576,A0A167KLN5_D318K,COC(=O)NC1C(C(C(OC1OC2C(OC(C(C2O)N)OC3C(OC(C(C3O)N)O)CO)CO)CO)OC4C(C(C(C(O4)CO)OC5C(C(C(C(O5)CO)OC6C(C(C(C(O6)CO)OC7C(C(C(C(O7)CO)OC8C(C(C(C(O8)CO)OC9C(C(C(C(O9)CO)O)O)N)O)N)O)N)O)N)O)N)O)N)O,4.336459733848529,1.9392058849334717,-0.1715753823518753,0.2584874629974365
1577,A0A167KLN5_wild,COC(=O)NC1C(C(C(OC1OC2C(OC(C(C2O)N)OC3C(OC(C(C3O)N)O)CO)CO)CO)OC4C(C(C(C(O4)CO)OC5C(C(C(C(O5)CO)OC6C(C(C(C(O6)CO)OC7C(C(C(C(O7)CO)OC8C(C(C(C(O8)CO)OC9C(C(C(C(O9)CO)O)O)N)O)N)O)N)O)N)O)N)O)N)O,5.703291378118662,1.9615167379379272,-0.15394024550914764,0.2658846080303192
1578,A0A167KLN5_D318A,COC(=O)NC1C(C(C(OC1OC2C(OC(C(C2O)N)OC3C(OC(C(C3O)N)O)CO)CO)CO)OC4C(C(C(C(O4)CO)OC5C(C(C(C(O5)CO)OC6C(C(C(C(O6)CO)OC7C(C(C(C(O7)CO)OC8C(C(C(C(O8)CO)OC9C(C(C(C(O9)CO)O)O)N)O)N)O)N)O)N)O)N)O)N)O,5.303196057420489,1.9666498899459839,-0.1588093787431717,0.27877217531204224
1579,A0A167KLN5_D318E,COC(=O)NC1C(C(C(OC1OC2C(OC(C(C2O)N)OC3C(OC(C(C3O)N)O)CO)CO)CO)OC4C(C(C(C(O4)CO)OC5C(C(C(C(O5)CO)OC6C(C(C(C(O6)CO)OC7C(C(C(C(O7)CO)OC8C(C(C(C(O8)CO)OC9C(C(C(C(O9)CO)O)O)N)O)N)O)N)O)N)O)N)O)N)O,4.311753861055754,1.9523712396621704,-0.152277871966362,0.26196351647377014
1580,A0A167KLN5_D318N,COC(=O)NC1C(C(C(OC1OC2C(OC(C(C2O)N)OC3C(OC(C(C3O)N)O)CO)CO)CO)OC4C(C(C(C(O4)CO)OC5C(C(C(C(O5)CO)OC6C(C(C(C(O6)CO)OC7C(C(C(C(O7)CO)OC8C(C(C(C(O8)CO)OC9C(C(C(C(O9)CO)O)O)N)O)N)O)N)O)N)O)N)O)N)O,5.9745116927373285,1.9661651849746704,-0.1678743064403534,0.272536039352417
1581,O24825_wild,COC(=O)NC1C(C(C(OC1OC2C(OC(C(C2O)N)OC3C(OC(C(C3O)N)O)CO)CO)CO)OC4C(C(C(C(O4)CO)OC5C(C(C(C(O5)CO)OC6C(C(C(C(O6)CO)OC7C(C(C(C(O7)CO)OC8C(C(C(C(O8)CO)OC9C(C(C(C(O9)CO)O)O)N)O)N)O)N)O)N)O)N)O)N)O,0.3979400086720376,1.7862604856491089,0.16082945466041565,0.9059075117111206
1582,O24825_A207C/L286C,COC(=O)NC1C(C(C(OC1OC2C(OC(C(C2O)N)OC3C(OC(C(C3O)N)O)CO)CO)CO)OC4C(C(C(C(O4)CO)OC5C(C(C(C(O5)CO)OC6C(C(C(C(O6)CO)OC7C(C(C(C(O7)CO)OC8C(C(C(C(O8)CO)OC9C(C(C(C(O9)CO)O)O)N)O)N)O)N)O)N)O)N)O)N)O,0.6901960800285137,1.548349142074585,0.24674980342388153,0.6050490140914917
1583,J7G4R4_wild,COC(=O)NC1C(C(C(OC1OC2C(OC(C(C2O)N)OC3C(OC(C(C3O)N)O)CO)CO)CO)OC4C(C(C(C(O4)CO)OC5C(C(C(C(O5)CO)OC6C(C(C(C(O6)CO)OC7C(C(C(C(O7)CO)OC8C(C(C(C(O8)CO)OC9C(C(C(C(O9)CO)O)O)N)O)N)O)N)O)N)O)N)O)N)O,2.1020905255118367,2.3730366230010986,-0.06574666500091553,0.8522447943687439
1584,Q9UWP2_wild,C(C(C(=O)O)N)S,0.3424226808222063,-0.535236120223999,-0.9680249691009521,1.1183829307556152
1585,P21888_R42A,C(C(C(=O)O)N)S,0.04139268515822508,0.06412483006715775,-1.331430435180664,1.1888986825942993
1586,P21888_wild,C(C(C(=O)O)N)S,0.3979400086720376,0.17245015501976013,-1.3770432472229004,1.2295504808425903
1587,P21888_H297A,C(C(C(=O)O)N)S,-0.7958800173440752,0.15319395065307617,-1.3515286445617676,1.229417085647583
1588,P21888_M294A/R427A,C(C(C(=O)O)N)S,-1.6989700043360187,-0.0910315290093422,-1.2414250373840332,1.0353779792785645
1589,P21888_M294A,C(C(C(=O)O)N)S,-0.8538719643217619,0.1854299008846283,-1.3674777746200562,1.227566123008728
1590,P21888_R427A,C(C(C(=O)O)N)S,-1.5686362358410126,-0.1029529944062233,-1.2512240409851074,1.040418267250061
1591,P21888_H40A/R42A,C(C(C(=O)O)N)S,-3.0,-0.13951674103736877,-1.351358413696289,1.0078833103179932
1592,P21888_E354Q/R427A,C(C(C(=O)O)N)S,-0.3098039199714864,-0.10355351120233536,-1.2742037773132324,1.041995644569397
1593,P21888_E354Q,C(C(C(=O)O)N)S,-1.0861861476162833,0.1786486804485321,-1.4004271030426025,1.2330235242843628
1594,P21888_M294A/H297A,C(C(C(=O)O)N)S,-1.0555173278498313,0.1620703935623169,-1.339695692062378,1.227783441543579
1595,P21888_H40A,C(C(C(=O)O)N)S,-2.0315170514460648,0.1459953486919403,-1.3710572719573975,1.240748643875122
1596,D2Z028_P55G,C(C(C(=O)O)N)O,-0.2076083105017461,0.2684929072856903,0.296268105506897,0.02484014630317688
1597,D2Z028_wild,C(C(C(=O)O)N)O,0.19865708695442263,0.26779094338417053,0.29227545857429504,0.020649313926696777
1598,Q7WG29_wild,C(C(C1C(C(C(C(O1)OP(=O)(O)O)O)O)O)O)OP(=O)(O)O,1.3424226808222062,0.5693075656890869,-1.4053130149841309,1.4337027072906494
1599,P00962_wild,C(CC(=O)N)C(C(=O)O)N,0.505149978319906,1.4253578186035156,-0.5324704051017761,1.2202389240264893
1600,P00962_wild,C(CC(=O)O)C(C(=O)O)N,-1.337242168318426,1.2726532220840454,-0.299726665019989,1.238756775856018
1601,Q6J541_wild,CCC(C)C(C(=O)O)N,0.5646660642520893,-0.5996336936950684,-0.47386032342910767,0.13734667003154755
1602,Q6J540_wild,CCC(C)C(C(=O)O)N,0.3010299956639812,-0.5363348722457886,-0.4969625174999237,0.1438807249069214
1603,A0A194SF92_wild,C1=CC=C(C=C1)C=CC(=O)O,0.2944662261615929,-0.09517432004213333,-0.9164413213729858,1.0747995376586914
1604,Q5P171_wild,C1=CC(=C[N+](=C1)C2C(C(C(O2)COP(=O)(O)OP(=O)(O)OCC3C(C(C(O3)N4C=NC5=C(N=CN=C54)N)OP(=O)(O)O)O)O)O)C(=O)N,1.7993405494535817,1.535983681678772,-1.2120747566223145,2.001131534576416
1605,Q5P171_wild,C1=CC(=C[N+](=C1)C2C(C(C(O2)COP(=O)([O-])OP(=O)(O)OCC3C(C(C(O3)N4C=NC5=C(N=CN=C54)N)O)O)O)O)C(=O)N,1.7242758696007892,1.5930653810501099,-1.0856356620788574,1.8604674339294434
1606,G3BJX3_wild,C1C(C(C(C(O1)OC2=CC=C(C=C2)[N+](=O)[O-])O)O)O,2.130333768495006,0.5167449116706848,-0.32522502541542053,1.4153887033462524
1607,G3BJX4_wild,C1C(C(C(C(O1)OC2=CC=C(C=C2)[N+](=O)[O-])O)O)O,1.2304489213782739,0.4245166778564453,-0.4970930516719818,1.3823907375335693
1608,Q8I2B1_wild,C1=NC(=C2C(=N1)N(C=N2)C3C(C(C(O3)COP(=O)(O)OP(=O)(O)OP(=O)(O)O)O)O)N,0.7708520116421442,0.7026435136795044,-1.2544468641281128,1.2669429779052734
1609,A0A0H2V871_wild,C1C(C(=O)OCC(C(=O)OCC(C(=O)O1)NC(=O)C2=C(C(=CC=C2)[O-])[O-])NC(=O)C3=C(C(=CC=C3)[O-])[O-])NC(=O)C4=C(C(=CC=C4)[O-])[O-].[Fe+3],-1.3010299956639813,0.6783682107925415,-1.7466174364089966,1.7193467617034912
1610,A0A0H2V871_wild,C1C(C(=O)OCC(C(=O)OCC(C(=O)O1)NC(=O)C2=C(C(=CC(=C2)C3C(C(C(C(O3)CO)O)O)O)O)O)NC(=O)C4=C(C(=CC(=C4)C5C(C(C(C(O5)CO)O)O)O)O)O)NC(=O)C6=C(C(=CC(=C6)C7C(C(C(C(O7)CO)O)O)O)O)O,0.8750612633917001,0.4971688985824585,-1.094992756843567,1.157820701599121
1611,A0A0H2V871_wild,C1C(C(=O)OCC(C(=O)OCC(C(=O)O1)NC(=O)C2=C(C(=CC(=C2)C3C(C(C(C(O3)CO)O)O)O)O)O)NC(=O)C4=C(C(=CC(=C4)C5C(C(C(C(O5)CO)O)O)O)O)O)NC(=O)C6=C(C(=CC=C6)O)O,0.7267272090265723,0.49622464179992676,-1.3282006978988647,1.2922167778015137
1612,A0A0H2V871_wild,C1C(C(=O)OCC(C(=O)OCC(C(=O)O1)NC(=O)C2=C(C(=CC=C2)O)O)NC(=O)C3=C(C(=CC(=C3)C4C(C(C(C(O4)CO)O)O)O)O)O)NC(=O)C5=C(C(=CC=C5)O)O,0.8555191556678001,0.6793460249900818,-1.537153720855713,1.4567418098449707
1613,A0A0H2V871_wild,C1C(C(=O)OCC(C(=O)OCC(C(=O)O1)NC(=O)C2=C(C(=CC=C2)O)O)NC(=O)C3=C(C(=CC=C3)O)O)NC(=O)C4=C(C(=CC=C4)O)O,0.7958800173440752,0.816264271736145,-1.7524855136871338,1.5902683734893799
1614,Q9AFG9_wild,CC(=O)NC1C(CC(OC1C(C(CO)O)O)(C(=O)O)O)O,1.2041199826559248,0.7892636060714722,-0.004610585048794746,0.8910756707191467
1615,Q9AFG9_wild,C1=CN(C(=O)N=C1N)C2C(C(C(O2)COP(=O)(O)OP(=O)(O)OP(=O)(O)O)O)O,1.146128035678238,1.1575981378555298,-0.6837678551673889,1.1441912651062012
1616,Q9AFG9_wild,C1C(C(C(OC1(C(=O)O)O)C(C(CO)O)O)NC(=O)CO)O,-0.16749108729376366,0.6938920617103577,-0.01529582031071186,0.8295512795448303
1617,Q9AFG9_wild,C1C(C(C(OC1(C(=O)O)O)C(C(CO)O)O)O)O,-1.1739251972991736,0.5498502850532532,0.22287394106388092,0.3445943593978882
1618,P81593_wild,C(=CC(=O)[O-])C=C(C(=O)[O-])N,2.3180633349627615,0.46611911058425903,-0.8264594078063965,2.0470666885375977
1619,B3FYT6_wild,C1C=CN(C=C1C(=O)N)C2C(C(C(O2)COP(=O)(O)OP(=O)(O)OCC3C(C(C(O3)N4C=NC5=C(N=CN=C54)N)OP(=O)(O)O)O)O)O,1.212187604403958,1.2100292444229126,-1.6326556205749512,2.840359687805176
1620,A0A171_wild,C1C=CN(C=C1C(=O)N)C2C(C(C(O2)COP(=O)(O)OP(=O)(O)OCC3C(C(C(O3)N4C=NC5=C(N=CN=C54)N)OP(=O)(O)O)O)O)O,1.428134794028789,1.068809986114502,-1.6730514764785767,2.818965435028076
1621,Q9UUS2_wild,CCCCCC=CCC=CCCCCCCCC(=O)O,1.1760912590556813,1.843748927116394,-2.147867202758789,2.253431558609009
1622,Q6RET3_wild,CCCCCCC=CCCCCCCCC(=O)[O-],0.5440680443502757,1.058125376701355,-1.6727473735809326,2.0104122161865234
1623,Q6RET3_wild,CCCCCCCCC=CCCCCCCCCCC(=O)O,0.7708520116421442,1.5122982263565063,-1.8531523942947388,1.9036898612976074
1624,Q6RET3_wild,CCCCCC=CCC=CCCCCCCCC(=O)O,0.7993405494535817,1.7663174867630005,-1.975895881652832,2.188292980194092
1625,Q6RET3_wild,CCCCCCCCC=CCCCCCCCC(=O)O,0.6946051989335688,1.55601966381073,-2.0519826412200928,1.9332714080810547
1626,A0A0S2SWE4_wild,CCCCCCCCC=CCCCCCCCCCC(=O)O,1.3424226808222062,1.5620280504226685,-1.912541151046753,1.8992946147918701
1627,A0A0S2SWE4_wild,CCCCCC=CCC=CCCCCCCCCCC(=O)O,1.2479732663618066,1.9270211458206177,-2.015031337738037,2.1975581645965576
1628,A0A0S2SWE4_wild,CCCCCC=CCC=CCCCCCCCC(=O)O,1.5440680443502757,1.8730753660202026,-1.9747984409332275,2.178898572921753
1629,A0A0S2SWE4_wild,CCCCCC=CCC=CCC=CCCCCCCC(=O)O,1.235528446907549,1.7692233324050903,-1.9413378238677979,2.2160916328430176
1630,A0A0S2SWE4_wild,CCCCCC=CCC=CCC=CCC=CCCCC(=O)O,1.2600713879850747,1.3715442419052124,-1.8998851776123047,2.320887804031372
1631,Q8A916_wild,CC1C(C(C(C(O1)OC2=CC=C(C=C2)[N+](=O)[O-])O)O)O,1.8438554226231612,1.696893572807312,0.002673465758562088,1.3202396631240845
1632,Q9I492_wild,C1CNC(C1O)C(=O)O,0.6560982020128319,0.38085758686065674,0.941273033618927,-0.03572419285774231
1633,Q9I492_wild,C1CC(NC1)C(=O)O,0.534026106056135,0.6839739680290222,1.117367148399353,0.009538084268569946
1634,Q9I492_wild,C1CCNC(C1)C(=O)O,0.3521825181113625,0.340959757566452,1.2515685558319092,0.07370549440383911
1635,Q9I492_wild,C1CCN=C(C1)C(=O)[O-],1.5477747053878226,0.6935901641845703,0.18327490985393524,0.8653939962387085
1636,Q9I492_wild,C1CC(=NC1)C(=O)O,1.619823500457278,0.8730631470680237,0.34703996777534485,0.812049388885498
1637,P04181_wild,C(CC(=O)O)C(=O)C(=O)O,1.5526682161121932,0.07442567497491837,-0.4188198447227478,0.6193736791610718
1638,P04181_R217A,C(CC(=O)O)C(=O)C(=O)O,1.5809249756756194,0.10252765566110611,-0.41802212595939636,0.6589088439941406
1639,P04181_R217A,C(CC(C(=O)O)N)CN,1.5843312243675307,0.13486126065254211,-0.04888273775577545,0.6323873996734619
1640,P04181_wild,C(CC(C(=O)O)N)CN,1.54282542695918,0.08055485039949417,-0.04864608496427536,0.5882918834686279
1641,P04181_R180T,C(CC(=O)O)C(=O)C(=O)O,-0.38721614328026455,-0.060695938766002655,-0.3415660858154297,0.5407818555831909
1642,S8EY38_V79Y,C(CC(=O)O)C(=O)C(=O)O,-0.38721614328026455,-0.2011544108390808,0.0045359935611486435,0.39306849241256714
1643,S8EY38_wild,C(CC(C(=O)O)N)CN,0.3222192947339193,-0.2847607731819153,0.40951794385910034,0.3424012064933777
1644,S8EY38_V79Y,CC(=O)NC(CCC[NH3+])C(=O)[O-],0.3979400086720376,-0.7555552124977112,0.33988791704177856,0.2009233832359314
1645,S8EY38_wild,CC(=O)NC(CCC[NH3+])C(=O)[O-],0.6627578316815741,-0.8362811207771301,0.3672572076320648,0.1343836635351181
1646,S8EY38_wild,C(CC(=O)O)C(=O)C(=O)O,0.3996737214810381,-0.27493780851364136,0.03999008238315582,0.3027596175670624
1647,Q2PYN0_Y291R/C294K,CC(C(=O)SCC(C(=O)NCC(=O)O)NC(=O)CCC(C(=O)O)N)O,2.9628426812012423,2.2568411827087402,-0.20790070295333862,2.318192958831787
1648,O95822_wild,CC(C)(COP(=O)(O)OP(=O)(O)OCC1C(C(C(O1)N2C=NC3=C(N=CN=C32)N)O)OP(=O)(O)O)C(C(=O)NCCC(=O)NCCSC(=O)CC(=O)O)O,2.130333768495006,1.1367896795272827,-0.8824841976165771,1.7427709102630615
1649,O95822_E302G,CC(C)(COP(=O)(O)OP(=O)(O)OCC1C(C(C(O1)N2C=NC3=C(N=CN=C32)N)O)OP(=O)(O)O)C(C(=O)NCCC(=O)NCCSC(=O)CC(=O)O)O,1.1238516409670858,1.1380497217178345,-0.8829934597015381,1.7499744892120361
1650,O95822_C206S/C243S,CC(C)(COP(=O)(O)OP(=O)(O)OCC1C(C(C(O1)N2C=NC3=C(N=CN=C32)N)O)OP(=O)(O)O)C(C(=O)NCCC(=O)NCCSC(=O)CC(=O)O)O,2.244029589030022,1.1654291152954102,-0.8756367564201355,1.746206521987915
1651,O95822_C243S,CC(C)(COP(=O)(O)OP(=O)(O)OCC1C(C(C(O1)N2C=NC3=C(N=CN=C32)N)O)OP(=O)(O)O)C(C(=O)NCCC(=O)NCCSC(=O)CC(=O)O)O,2.318689269947746,1.1518418788909912,-0.8815470933914185,1.748497724533081
1652,O95822_C206S,CC(C)(COP(=O)(O)OP(=O)(O)OCC1C(C(C(O1)N2C=NC3=C(N=CN=C32)N)O)OP(=O)(O)O)C(C(=O)NCCC(=O)NCCSC(=O)CC(=O)O)O,2.149834696715785,1.149553656578064,-0.8757957220077515,1.7385629415512085
1653,Q9HIA3_wild,CCC(C)C(=O)C(=O)[O-],-0.3010299956639812,0.3810521364212036,-0.12058509886264801,0.46147260069847107
1654,Q9HIA3_wild,CC(C)C(=O)C(=O)O,-0.5228787452803376,0.6801493167877197,-0.054041460156440735,0.5652034282684326
1655,Q9HIA3_wild,CC(C)CC(=O)C(=O)O,-0.7695510786217261,0.6754764318466187,-0.3206630349159241,0.7208555936813354
1656,Q9HIA3_wild,CC(=O)C(=O)[O-],-1.0457574905606752,0.38304099440574646,0.1964292973279953,0.4381878077983856
1657,P62694_wild,C(C1C(C(C(C(O1)OC2C(OC(C(C2O)O)OC3C(OC(C(C3O)O)OC4C(OC(C(C4O)O)O)CO)CO)CO)O)O)O)O,-0.3010299956639812,0.2914198338985443,-0.27503490447998047,0.03246426582336426
1658,P07986_wild,C1=CC(=CC=C1[N+](=O)[O-])OC2C(C(C(C(O2)CO)OC3C(C(C(C(O3)CO)O)O)O)O)O,1.1986570869544226,0.7553869485855103,-0.10725481808185577,0.6956899166107178
1659,A0A1L2YVJ3_wild,[Mn+2],1.2819419334408249,0.4157768785953522,-0.7796493172645569,1.1650830507278442
1660,Q9RHZ1_wild,N,1.6232492903979006,0.5525709986686707,0.528374195098877,1.2510217428207397
1661,Q9RHZ1_wild,C1=NC(=C2C(=N1)N(C=N2)C3C(C(C(O3)COP(=O)(O)OP(=O)(O)OP(=O)(O)O)O)O)N,1.6232492903979006,0.312682569026947,-0.6801304817199707,1.5039732456207275
1662,P0A9C5_wild,C(CC(=O)O)C(C(=O)O)N,1.6989700043360187,0.6964548230171204,-0.21929939091205597,1.3910369873046875
1663,P0A9C5_wild,N,1.6989700043360187,1.278971552848816,0.20221297442913055,1.5719454288482666
1664,P0A9C5_wild,C1=NC(=C2C(=N1)N(C=N2)C3C(C(C(O3)COP(=O)(O)OP(=O)(O)OP(=O)(O)O)O)O)N,1.6989700043360187,0.9916645288467407,-0.9896248579025269,1.945061206817627
1665,Q9LVI8_wild,N,0.8512583487190752,1.6759570837020874,-0.5429446697235107,1.2131086587905884
1666,Q9LVI8_K49Q,N,0.8591382972945308,1.6640143394470215,-0.5501244068145752,1.2067352533340454
1667,Q9LVI8_A174S,N,0.791690649020118,1.6851894855499268,-0.5576315522193909,1.2421789169311523
1668,Q9LVI8_K49Q/A174S,N,0.8344207036815325,1.6745131015777588,-0.5647437572479248,1.2360585927963257
1669,Q9FMD9_wild,N,0.7267272090265723,1.5618277788162231,-0.5497380495071411,1.1335984468460083
1670,Q9FMD9_wild,C(CC(=O)O)C(C(=O)O)N,0.6211762817750351,0.8105030059814453,0.21069173514842987,0.8007627129554749
1671,Q9FMD9_Q49K,C(CC(=O)O)C(C(=O)O)N,0.6954816764901974,0.8236849308013916,0.22479726374149323,0.798555850982666
1672,Q9FMD9_S174A,C(CC(=O)O)C(C(=O)O)N,0.359835482339888,0.7973847985267639,0.21993687748908997,0.7888928651809692
1673,Q9FMD9_Q49K/S174A,C(CC(=O)O)C(C(=O)O)N,0.4727564493172124,0.8113396167755127,0.2341529279947281,0.7879093885421753
1674,A0A2T5Y4G4_wild,C1=CC(=C[N+](=C1)C2C(C(C(O2)COP(=O)([O-])OP(=O)(O)OCC3C(C(C(O3)N4C=NC5=C(N=CN=C54)N)O)O)O)O)C(=O)N,0.36172783601759284,0.2209790050983429,-0.9145551919937134,1.099334716796875
1675,A0QZY0_wild,C(C1C(C(C(C(O1)OC2C(C(C(C(C2O)O)O)O)O)[NH3+])O)O)O,0.4983105537896005,0.20406270027160645,-0.4411067068576813,0.6527858972549438
1676,A0QZY0_wild,C(C(C(=O)O)N)S,0.4983105537896005,-0.22494757175445557,-0.9047259092330933,0.40625423192977905
1677,A0QZY0_wild,C1=NC(=C2C(=N1)N(C=N2)C3C(C(C(O3)COP(=O)(O)OP(=O)(O)OP(=O)(O)O)O)O)N,0.4983105537896005,0.36765867471694946,-0.8805463314056396,0.9246975183486938
1678,P22143_wild,C(#N)N,2.1583624920952498,1.0396599769592285,0.5441523194313049,1.2658946514129639
1679,Q1LK00_wild,C1=CC=C2C(=C1)C(=CN2)CC(C(=O)O)N,1.354108439147401,-0.13265246152877808,-0.6087096929550171,0.8790029287338257
1680,Q8PDA8_H55A,O=O,0.5865873046717549,0.05104827135801315,-1.4105682373046875,1.451179027557373
1681,Q8PDA8_H55S,O=O,0.8965262174895553,0.04866867512464523,-1.4071580171585083,1.4549461603164673
1682,Q8PDA8_H55A,CN1C=C(C2=CC=CC=C21)CC(C(=O)O)N,-1.3187587626244128,-0.9620300531387329,-0.7622190713882446,0.5618101954460144
1683,Q8PDA8_H55S,CN1C=C(C2=CC=CC=C21)CC(C(=O)O)N,-1.2839966563652008,-0.9763318300247192,-0.7551392316818237,0.5624499320983887
1684,P50135_wild,C1=C(NC=N1)CCN,-2.0856568428805593,-0.37307208776474,-1.8698151111602783,0.3077416718006134
1685,Q8GR64_wild,[C-]#N.[C-]#N.[C-]#N.[C-]#N.[C-]#N.[C-]#N.[Fe+3],1.7185016888672742,1.819865345954895,-1.3330215215682983,2.673097848892212
1686,P00547_wild,C(CO)C(C(=O)O)N,1.2624510897304295,0.8090935945510864,-0.2716696560382843,0.4959612488746643
1687,P00547_wild,C(C=O)C(C(=O)[O-])[NH3+],0.3222192947339193,0.4295834004878998,-0.9511107206344604,0.9637422561645508
1688,P00547_wild,CCOC(=O)C(CCO)N,1.1335389083702174,0.21469664573669434,0.21529068052768707,0.40803810954093933
1689,P00547_wild,CC(C)OC(=O)C(CCO)N,1.1335389083702174,0.23382705450057983,0.2381601780653,0.45218804478645325
1690,P00547_wild,CCCOC(=O)C(CCO)N,1.146128035678238,0.48230940103530884,0.5741651654243469,0.24747714400291443
1691,P00547_wild,CC(C)COC(=O)C(CCO)N,1.214843848047698,0.38987356424331665,0.1261938065290451,0.2875819504261017
1692,P00547_wild,CCCCOC(=O)C(CCO)N,1.4638929889859074,0.38627490401268005,0.3163447380065918,0.5542207956314087
1693,P00547_wild,C1=NC(=C2C(=N1)N(C=N2)C3C(C(C(O3)COP(=O)(O)OP(=O)(O)OP(=O)(O)O)O)O)N,-1.7958800173440752,0.3096967339515686,-0.7590353488922119,0.9066780805587769
1694,P00547_H139L,C1=NC(=C2C(=N1)N(C=N2)C3C(C(C(O3)COP(=O)(O)OP(=O)(O)OP(=O)(O)O)O)O)N,0.3996737214810381,0.15959298610687256,-0.7283155918121338,0.7966288328170776
1695,P00547_H139L,C(CO)C(C(=O)O)N,-0.28399665636520083,0.6510130763053894,-0.2285567820072174,0.3873754143714905
1696,Q8P5S7_wild,CC(C(=O)O)NC(=O)C1CCCN1C(=O)C(CCSC)N,1.4670158184384354,2.0178754329681396,0.2669745683670044,1.4942858219146729
1697,Q8P5S7_wild,CC(C(=O)NC(C)C(=O)O)NC(=O)C(CC1=CC=C(C=C1)O)N,0.05690485133647256,0.8572620153427124,-0.03835292160511017,1.0746022462844849
1698,Q8P5S7_wild,CC(C(=O)NC(C)C(=O)O)NC(=O)C(CCSC)N,0.8109042806687004,1.1273382902145386,0.10795444250106812,1.0082964897155762
1699,Q95XG9_wild,CC(C(=O)O)N,1.173186268412274,0.82084059715271,0.611607015132904,0.5716750025749207
1700,Q95XG9_wild,CSCCC(C(=O)O)N,0.6972293427597176,1.1091381311416626,0.20995967090129852,0.6166442632675171
1701,Q95XG9_wild,C(CC(C(=O)O)N)CN=C(N)N,0.4517864355242902,0.521184504032135,0.13860298693180084,0.6890890002250671
1702,Q95XG9_wild,C1=CC=C(C=C1)CC(C(=O)O)N,1.3996737214810382,0.9839685559272766,0.0660211443901062,0.8404682874679565
1703,Q95XG9_wild,C(C(C(=O)O)N)O,0.17897694729316943,0.3940808176994324,0.4453343451023102,0.09798899292945862
1704,Q95XG9_wild,C1=C(NC=N1)CC(C(=O)O)N,0.17897694729316943,0.6087766885757446,0.34523805975914,0.5669209361076355
1705,Q2FZQ3_wild,CCCCCCCCCC=CC(=O)SCCNC(=O)CCNC(=O)C(C(C)(C)COP(=O)(O)OP(=O)(O)OCC1C(C(C(O1)N2C=NC3=C(N=CN=C32)N)O)OP(=O)(O)O)O,-0.5228787452803376,0.7329574227333069,-1.2749145030975342,1.4704853296279907
1706,Q2FZQ3_wild,C1C=CN(C=C1C(=O)N)C2C(C(C(O2)COP(=O)(O)OP(=O)(O)OCC3C(C(C(O3)N4C=NC5=C(N=CN=C54)N)OP(=O)(O)O)O)O)O,0.3364597338485295,0.7634890675544739,-1.341557264328003,1.6753822565078735
1707,Q2FZQ3_A95V,C1C=CN(C=C1C(=O)N)C2C(C(C(O2)COP(=O)(O)OP(=O)(O)OCC3C(C(C(O3)N4C=NC5=C(N=CN=C54)N)OP(=O)(O)O)O)O)O,-0.5133333801681877,0.5488404035568237,-1.3303325176239014,1.5215905904769897
1708,Q2FZQ3_F204S,C1C=CN(C=C1C(=O)N)C2C(C(C(O2)COP(=O)(O)OP(=O)(O)OCC3C(C(C(O3)N4C=NC5=C(N=CN=C54)N)OP(=O)(O)O)O)O)O,0.4185775274582642,0.620940625667572,-1.2993229627609253,1.5873432159423828
1709,Q4Q5S8_wild,C(C(=O)NCC(=O)NCC(=O)O)N,1.3802112417116061,0.53420490026474,-1.249464511871338,1.843445062637329
1710,Q4Q5S8_wild,CCCCCCCCCCCCCC(=O)SCCNC(=O)CCNC(=O)C(C(C)(C)COP(=O)(O)OP(=O)(O)OCC1C(C(C(O1)N2C=NC3=C(N=CN=C32)N)O)OP(=O)(O)O)O,1.3729120029701067,0.22259706258773804,-2.8027586936950684,2.330857276916504
1711,Q388H8_wild,C(C(=O)NCC(=O)NCC(=O)O)N,1.2600713879850747,0.4520150423049927,-1.3267103433609009,1.9147281646728516
1712,Q9S5E2_wild,C1=CC(=C[N+](=C1)C2C(C(C(O2)COP(=O)([O-])OP(=O)(O)OCC3C(C(C(O3)N4C=NC5=C(N=CN=C54)N)O)O)O)O)C(=O)N,-1.136677139879544,-0.17539691925048828,-0.8677207827568054,0.4077135920524597
1713,Q6FFQ0_wild,C(CC(=O)C(=O)[O-])C=O,1.7558748556724915,0.7898209095001221,-1.5190765857696533,1.8047116994857788
1714,Q88GW5_wild,C(CC(=O)C(=O)[O-])C=O,2.294466226161593,1.0649816989898682,-1.5970404148101807,1.9307773113250732
1715,Q08IC0_wild,C(CC(=O)C(=O)[O-])C=O,1.7315887651867388,1.3244683742523193,-1.5360257625579834,2.1953768730163574
1716,Q08IB7_wild,C(CC(=O)C(=O)[O-])C=O,1.3617278360175928,0.9896532297134399,-1.554764986038208,2.018075466156006
1717,O95571_wild,C(CC(=O)NC(CSS)C(=O)NCC(=O)O)C(C(=O)O)N,2.0170333392987803,1.4600176811218262,-0.435468465089798,1.4375131130218506
1718,O95571_T152I,C(CC(=O)NC(CSS)C(=O)NCC(=O)O)C(C(=O)O)N,1.0791812460476249,1.4489656686782837,-0.43818047642707825,1.4166511297225952
1719,O95571_D196N,C(CC(=O)NC(CSS)C(=O)NCC(=O)O)C(C(=O)O)N,1.6127838567197355,1.1488964557647705,-0.36407530307769775,1.1815648078918457
1720,Q9TV69_wild,C1C(C(C(C(O1)O)O)O)O,1.7634279935629373,0.7072004675865173,1.0011017322540283,0.2858521342277527
1721,Q9TV69_wild,C(C=O)C(C(C(CO)O)O)O,1.3424226808222062,0.399943470954895,0.8136835694313049,0.3894610106945038
1722,Q9TV69_wild,C(C1C(C(C(C(O1)O)O)O)O)O,1.2041199826559248,0.6296036839485168,0.9873543977737427,0.3101150691509247
1723,P08870_wild,C1=C(NC(=O)NC1=O)C(=O)[O-],1.5314789170422551,0.49944591522216797,-1.5362374782562256,1.211979627609253
1724,P08870_wild,C(C1C(C(C(O1)OP(=O)(O)OP(=O)(O)O)O)O)OP(=O)(O)O,1.5314789170422551,0.6074134111404419,-1.2905479669570923,1.0438604354858398
1725,P08870_K19Q,C(C1C(C(C(O1)OP(=O)(O)OP(=O)(O)O)O)O)OP(=O)(O)O,1.4913616938342726,0.5550230741500854,-1.25077223777771,0.9920997619628906
1726,P08870_K26Q,C(C1C(C(C(O1)OP(=O)(O)OP(=O)(O)O)O)O)OP(=O)(O)O,0.4913616938342727,0.6022852659225464,-1.2469178438186646,1.0150036811828613
1727,P08870_K26Q,C1=C(NC(=O)NC1=O)C(=O)[O-],0.4913616938342727,0.5067266225814819,-1.4953720569610596,1.195512294769287
1728,P08870_K19Q,C1=C(NC(=O)NC1=O)C(=O)[O-],1.4913616938342726,0.46818095445632935,-1.4868929386138916,1.1804625988006592
1729,P08870_K26A,C1=C(NC(=O)NC1=O)C(=O)[O-],0.9395192526186185,0.46762481331825256,-1.5106549263000488,1.1696404218673706
1730,P08870_K26A,C(C1C(C(C(O1)OP(=O)(O)OP(=O)(O)O)O)O)OP(=O)(O)O,0.9395192526186185,0.5718772411346436,-1.2398743629455566,1.001855492591858
1731,P08870_K73Q,C(C1C(C(C(O1)OP(=O)(O)OP(=O)(O)O)O)O)OP(=O)(O)O,-0.22184874961635637,0.1871170997619629,-1.101707935333252,0.5100994110107422
1732,P08870_K73Q,C1=C(NC(=O)NC1=O)C(=O)[O-],-0.22184874961635637,0.08652931451797485,-1.3551583290100098,0.7375438213348389
1733,P08870_K73A,C1=C(NC(=O)NC1=O)C(=O)[O-],-0.5228787452803376,0.4176243841648102,-1.4334418773651123,1.0713186264038086
1734,P08870_K73A,C(C1C(C(C(O1)OP(=O)(O)OP(=O)(O)O)O)O)OP(=O)(O)O,-0.5228787452803376,0.5319642424583435,-1.148486614227295,0.8944186568260193
1735,P08870_K100A,C(C1C(C(C(O1)OP(=O)(O)OP(=O)(O)O)O)O)OP(=O)(O)O,1.0791812460476249,0.575106143951416,-1.2335443496704102,1.0208802223205566
1736,P08870_K100A,C1=C(NC(=O)NC1=O)C(=O)[O-],1.0791812460476249,0.4893372058868408,-1.4918131828308105,1.1935219764709473
1737,P08870_K103Q,C1=C(NC(=O)NC1=O)C(=O)[O-],-0.8860566476931633,0.3109315037727356,-1.4377250671386719,0.9701335430145264
1738,P08870_K103Q,C(C1C(C(C(O1)OP(=O)(O)OP(=O)(O)O)O)O)OP(=O)(O)O,-0.8860566476931633,0.388385534286499,-1.1786060333251953,0.7726264595985413
1739,P08870_K103A,C(C1C(C(C(O1)OP(=O)(O)OP(=O)(O)O)O)O)OP(=O)(O)O,-1.3010299956639813,0.4038888216018677,-1.1632628440856934,0.7974991798400879
1740,P08870_K103A,C1=C(NC(=O)NC1=O)C(=O)[O-],-1.3010299956639813,0.3183246850967407,-1.4356658458709717,0.9891344308853149
1741,P08870_K103A,C1=C(N(C(=O)NC1=O)C2C(C(C(O2)COP(=O)(O)O)O)O)C(=O)O,-1.3010299956639813,0.1957576870918274,-1.8181447982788086,1.2684996128082275
1742,P08870_K103Q,C1=C(N(C(=O)NC1=O)C2C(C(C(O2)COP(=O)(O)O)O)O)C(=O)O,-1.3010299956639813,0.18577483296394348,-1.8069082498550415,1.244505524635315
1743,P08870_K100A,C1=C(N(C(=O)NC1=O)C2C(C(C(O2)COP(=O)(O)O)O)O)C(=O)O,1.0791812460476249,0.38577041029930115,-1.841054916381836,1.480109453201294
1744,P08870_K73A,C1=C(N(C(=O)NC1=O)C2C(C(C(O2)COP(=O)(O)O)O)O)C(=O)O,-0.5228787452803376,0.31092992424964905,-1.814110517501831,1.3647520542144775
1745,P08870_K73Q,C1=C(N(C(=O)NC1=O)C2C(C(C(O2)COP(=O)(O)O)O)O)C(=O)O,-0.5228787452803376,-0.02924925833940506,-1.7590208053588867,1.0055886507034302
1746,P08870_K26A,C1=C(N(C(=O)NC1=O)C2C(C(C(O2)COP(=O)(O)O)O)O)C(=O)O,0.9822712330395684,0.3704538643360138,-1.8623425960540771,1.465447187423706
1747,P08870_K26Q,C1=C(N(C(=O)NC1=O)C2C(C(C(O2)COP(=O)(O)O)O)O)C(=O)O,0.11394335230683679,0.4095642566680908,-1.858232021331787,1.4783196449279785
1748,P08870_K19Q,C1=C(N(C(=O)NC1=O)C2C(C(C(O2)COP(=O)(O)O)O)O)C(=O)O,1.0791812460476249,0.3703867793083191,-1.841230034828186,1.4666229486465454
1749,P08870_wild,C1=C(N(C(=O)NC1=O)C2C(C(C(O2)COP(=O)(O)O)O)O)C(=O)O,1.255272505103306,0.40785133838653564,-1.8886663913726807,1.4949671030044556
1750,P08870_wild,[O-]P(=O)([O-])OP(=O)([O-])[O-],1.255272505103306,1.002655267715454,-1.392320156097412,1.325547695159912
1751,P08870_wild,C(C(=O)O)P(=O)(O)O,-1.3979400086720375,0.5603516697883606,-0.42233842611312866,0.42741936445236206
1752,P08870_K26Q,C(C(=O)O)P(=O)(O)O,-0.8860566476931633,0.5888171195983887,-0.3916630744934082,0.4134264290332794
1753,P08870_K100A,C(C(=O)O)P(=O)(O)O,-1.0457574905606752,0.5730403661727905,-0.3724129796028137,0.42210787534713745
1754,P08870_wild,C1=CNC(=O)NC1=O,-0.045757490560675115,0.30247583985328674,-1.0081803798675537,0.6949387788772583
1755,P08870_K26Q,C1=CNC(=O)NC1=O,-0.15490195998574322,0.30692267417907715,-0.9690582752227783,0.6849718689918518
1756,P08870_K26A,C1=CNC(=O)NC1=O,-0.15490195998574322,0.2706947922706604,-0.983829915523529,0.6709169149398804
1757,P08870_K19Q,[O-]P(=O)([O-])OP(=O)([O-])[O-],1.0791812460476249,1.0027194023132324,-1.3630943298339844,1.2999279499053955
1758,P08870_K103A,[O-]P(=O)([O-])OP(=O)([O-])[O-],-1.3010299956639813,0.7914165258407593,-1.291553258895874,1.103203535079956
1759,P08870_K103Q,[O-]P(=O)([O-])OP(=O)([O-])[O-],-1.3010299956639813,0.783891499042511,-1.3053079843521118,1.0841399431228638
1760,P08870_K100A,[O-]P(=O)([O-])OP(=O)([O-])[O-],1.0791812460476249,1.0047951936721802,-1.3427979946136475,1.3119181394577026
1761,P08870_K73A,[O-]P(=O)([O-])OP(=O)([O-])[O-],-0.5228787452803376,0.9268312454223633,-1.2775804996490479,1.1806366443634033
1762,P08870_K73Q,[O-]P(=O)([O-])OP(=O)([O-])[O-],-0.5228787452803376,0.5154126882553101,-1.2235199213027954,0.8572915196418762
1763,P08870_K26A,[O-]P(=O)([O-])OP(=O)([O-])[O-],0.9822712330395684,1.0115097761154175,-1.3537189960479736,1.3005812168121338
1764,P08870_K26Q,[O-]P(=O)([O-])OP(=O)([O-])[O-],0.11394335230683679,1.0328587293624878,-1.3608354330062866,1.316718339920044
1765,Q43866_wild,C(C1C(C(C(C(O1)OC2(C(C(C(O2)CO)O)O)CO)O)O)O)O,1.7708520116421442,1.0175230503082275,0.6981073617935181,0.8422582149505615
1766,Q43866_D239A,C(C1C(C(C(C(O1)OC2(C(C(C(O2)CO)O)O)CO)O)O)O)O,0.7781512503836436,1.0173341035842896,0.6996820569038391,0.8404968976974487
1767,Q43866_D239F,C(C1C(C(C(C(O1)OC2(C(C(C(O2)CO)O)O)CO)O)O)O)O,0.47712125471966244,1.0177634954452515,0.7006646394729614,0.8482146263122559
1768,Q43866_D239N,C(C1C(C(C(C(O1)OC2(C(C(C(O2)CO)O)O)CO)O)O)O)O,1.7853298350107671,1.0172622203826904,0.6910890936851501,0.8434674739837646
1769,Q43866_wild,C(C1C(C(C(C(O1)OC2(C(C(C(O2)CO)O)O)COC3(C(C(C(O3)CO)O)O)CO)O)O)O)O,1.3222192947339193,0.8064334988594055,0.2787567377090454,0.9467787742614746
1770,Q43866_D239A,C(C1C(C(C(C(O1)OC2(C(C(C(O2)CO)O)O)COC3(C(C(C(O3)CO)O)O)CO)O)O)O)O,1.3222192947339193,0.8075838088989258,0.2817710041999817,0.9457350969314575
1771,Q43866_D239F,C(C1C(C(C(C(O1)OC2(C(C(C(O2)CO)O)O)COC3(C(C(C(O3)CO)O)O)CO)O)O)O)O,1.3010299956639813,0.8049300909042358,0.28083592653274536,0.9518544673919678
1772,P32329_wild,CC(C)CC(C(=O)NC(CCCN=C(N)N)C(=O)NC(CCCN=C(N)N)C(=O)NC(CCC(=O)N)C(=O)NC(CC1=CC=CC=C1)C(=O)NC(CCCCN)C(=O)NC(C(C)C)C(=O)NC(C(C)C)C(=O)NC(C(C)O)C(=O)O)NC(=O)C(CC2=CC=CC=C2)NC(=O)CNC(=O)CNC(=O)C(CC3=CC=C(C=C3)O)N,1.8836614351536176,1.8251105546951294,-1.5148882865905762,2.480649471282959
1773,P32329_wild,CCC(C)C(C(=O)NC(CCCN=C(N)N)C(=O)N1CCCC1C(=O)NC(CCCCN)C(=O)O)NC(=O)C(CCCN=C(N)N)NC(=O)C(CCCN=C(N)N)NC(=O)C(CC(C)C)NC(=O)C(CC2=CC=CC=C2)NC(=O)CNC(=O)CNC(=O)C(CC3=CC=C(C=C3)O)N,1.6937269489236468,2.1309752464294434,-1.2537115812301636,2.3073477745056152
1774,P32329_wild,CC(C)CC(C(=O)N)NC(=O)C(C(C)C)NC(=O)C(CCC(=O)O)NC(=O)CNC(=O)CNC(=O)C(CC(=O)N)NC(=O)C(C)NC(=O)C(CCC(=O)O)NC(=O)C(CCC(=O)O)NC(=O)C(CCC(=O)O)NC(=O)C(C(C)C)NC(=O)C(CCC(=O)O)NC(=O)C(CC(C)C)NC(=O)C1CCCN1C(=O)C(CC2=CC=C(C=C2)O)NC(=O)C(CC(C)C)NC(=O)C(CCC(=O)O)NC(=O)C(CC(=O)O)NC(=O)C(CCSC)NC(=O)C(CCCCN)NC(=O)C(CCCCN)NC(=O)C(CCSC)NC(=O)C(CC3=CC=CC=C3)NC(=O)CNC(=O)CNC(=O)C(CC4=CC=C(C=C4)O)N,1.3996737214810382,2.2905991077423096,-1.3765430450439453,2.3247551918029785
1775,A4Y189_wild,CC(C)(COP(=O)(O)OP(=O)(O)OCC1C(C(C(O1)N2C=NC3=C(N=CN=C32)N)O)OP(=O)(O)O)C(C(=O)NCCC(=O)NCCSC(=O)CCO)O,1.9822712330395684,0.696696400642395,-1.332139253616333,1.967840313911438
1776,A0A3Q0L347_wild,C(CC(C(=O)O)N)CC(C(=O)O)N,0.7708520116421442,1.3761532306671143,-0.7513115406036377,1.1890193223953247
1777,P60906_wild,C1=C(NC=N1)CC(C(=O)O)N,2.1522883443830567,0.09694210439920425,-1.2768768072128296,0.9936898946762085
1778,P60906_wild,C1=NC(=C2C(=N1)N(C=N2)C3C(C(C(O3)COP(=O)(O)OP(=O)(O)OP(=O)(O)O)O)O)N,2.0791812460476247,0.4189830422401428,-1.243181824684143,1.251406192779541
1779,P60906_R259K,C1=C(NC=N1)CC(C(=O)O)N,-1.0,0.01779366284608841,-1.2477366924285889,0.9170894622802734
1780,P60906_R259Q,C1=NC(=C2C(=N1)N(C=N2)C3C(C(C(O3)COP(=O)(O)OP(=O)(O)OP(=O)(O)O)O)O)N,-0.3979400086720376,-0.03852320462465286,-1.1542885303497314,0.8258094787597656
1781,P60906_R259K,C1=NC(=C2C(=N1)N(C=N2)C3C(C(C(O3)COP(=O)(O)OP(=O)(O)OP(=O)(O)O)O)O)N,-0.3467874862246563,0.3402822017669678,-1.2163065671920776,1.1735126972198486
1782,P38503_C159A,CC(C)(COP(=O)(O)OP(=O)(O)OCC1C(C(C(O1)N2C=NC3=C(N=CN=C32)N)O)OP(=O)(O)O)C(C(=O)NCCC(=O)NCCS)O,1.9493900066449128,1.2236948013305664,-1.3541481494903564,2.6774158477783203
1783,P38503_wild,CC(=O)OP(=O)(O)O,3.6138418218760693,1.6724357604980469,-0.6159210801124573,2.57476806640625
1784,P38503_C159A,CC(=O)OP(=O)(O)O,1.8976270912904414,1.6908613443374634,-0.6141653060913086,2.593661308288574
1785,P38503_C159S,CC(C)(COP(=O)(O)OP(=O)(O)OCC1C(C(C(O1)N2C=NC3=C(N=CN=C32)N)O)OP(=O)(O)O)C(C(=O)NCCC(=O)NCCS)O,3.644635503768153,1.2234433889389038,-1.336838960647583,2.657937526702881
1786,P38503_C277A,CC(C)(COP(=O)(O)OP(=O)(O)OCC1C(C(C(O1)N2C=NC3=C(N=CN=C32)N)O)OP(=O)(O)O)C(C(=O)NCCC(=O)NCCS)O,3.7784406835712327,1.1579290628433228,-1.3262946605682373,2.6353561878204346
1787,P38503_C312A,CC(C)(COP(=O)(O)OP(=O)(O)OCC1C(C(C(O1)N2C=NC3=C(N=CN=C32)N)O)OP(=O)(O)O)C(C(=O)NCCC(=O)NCCS)O,3.5216610151120733,1.1956470012664795,-1.3506035804748535,2.664564371109009
1788,P38503_C325A,CC(C)(COP(=O)(O)OP(=O)(O)OCC1C(C(C(O1)N2C=NC3=C(N=CN=C32)N)O)OP(=O)(O)O)C(C(=O)NCCC(=O)NCCS)O,3.5556988947189017,1.1922670602798462,-1.3399184942245483,2.6611862182617188
1789,P38503_C277A/C312A/C325A,CC(C)(COP(=O)(O)OP(=O)(O)OCC1C(C(C(O1)N2C=NC3=C(N=CN=C32)N)O)OP(=O)(O)O)C(C(=O)NCCC(=O)NCCS)O,3.50745106090197,1.1235042810440063,-1.298950433731079,2.6104984283447266
1790,P38503_C159A/C277A/C312A/C325A,CC(C)(COP(=O)(O)OP(=O)(O)OCC1C(C(C(O1)N2C=NC3=C(N=CN=C32)N)O)OP(=O)(O)O)C(C(=O)NCCC(=O)NCCS)O,2.296665190261531,1.099256157875061,-1.265712022781372,2.572535514831543
1791,P38503_R28Q,CC(C)(COP(=O)(O)OP(=O)(O)OCC1C(C(C(O1)N2C=NC3=C(N=CN=C32)N)O)OP(=O)(O)O)C(C(=O)NCCC(=O)NCCS)O,3.192846115188842,1.010576605796814,-1.296529769897461,2.495316743850708
1792,P38503_R87Q,CC(C)(COP(=O)(O)OP(=O)(O)OCC1C(C(C(O1)N2C=NC3=C(N=CN=C32)N)O)OP(=O)(O)O)C(C(=O)NCCC(=O)NCCS)O,3.1684974835230326,1.0893679857254028,-1.3381404876708984,2.565077304840088
1793,P38503_R133Q,CC(C)(COP(=O)(O)OP(=O)(O)OCC1C(C(C(O1)N2C=NC3=C(N=CN=C32)N)O)OP(=O)(O)O)C(C(=O)NCCC(=O)NCCS)O,3.4371160930480786,1.170481562614441,-1.3476216793060303,2.6412315368652344
1794,P38503_R287Q,CC(C)(COP(=O)(O)OP(=O)(O)OCC1C(C(C(O1)N2C=NC3=C(N=CN=C32)N)O)OP(=O)(O)O)C(C(=O)NCCC(=O)NCCS)O,2.552668216112193,1.2221555709838867,-1.346621036529541,2.6685280799865723
1795,P38503_C159S,CC(=O)OP(=O)(O)O,3.599883072073688,1.6702419519424438,-0.6024231910705566,2.571727752685547
1796,P38503_C277A,CC(=O)OP(=O)(O)O,3.7554174628109362,1.6124845743179321,-0.599712610244751,2.534438133239746
1797,P38503_C312A,CC(=O)OP(=O)(O)O,3.4263485737875077,1.647592544555664,-0.6138283610343933,2.56648325920105
1798,P38503_C325A,CC(=O)OP(=O)(O)O,3.5381965783494542,1.642016053199768,-0.602832555770874,2.5507171154022217
1799,P38503_C277A/C312A/C325A,CC(=O)OP(=O)(O)O,3.490660653356137,1.541463017463684,-0.579002320766449,2.4871678352355957
1800,P38503_C159A/C277A/C312A/C325A,CC(=O)OP(=O)(O)O,2.2600713879850747,1.512117862701416,-0.5445748567581177,2.463287830352783
1801,P38503_R28Q,CC(=O)OP(=O)(O)O,3.1607685618611283,1.4152215719223022,-0.5255013704299927,2.3502683639526367
1802,P38503_R87Q,CC(=O)OP(=O)(O)O,2.4712917110589387,1.5224517583847046,-0.5773570537567139,2.4317429065704346
1803,P38503_R133Q,CC(=O)OP(=O)(O)O,2.8744818176994666,1.6228276491165161,-0.6001006960868835,2.5345773696899414
1804,P38503_R287Q,CC(=O)OP(=O)(O)O,2.514547752660286,1.6680949926376343,-0.6112329959869385,2.5551886558532715
1805,P38503_R310Q,CC(=O)OP(=O)(O)O,1.9912260756924949,1.1084139347076416,-0.486211895942688,2.076808452606201
1806,P0A9M8_wild,[O-]P(=O)([O-])[O-],1.4712917110589385,1.3123215436935425,-0.13372774422168732,1.205939769744873
1807,Q9Y233_wild,C1C2C(C(C(O2)N3C=NC4=C3N=C(NC4=O)N)O)OP(=O)(O1)O,0.07918124604762482,0.301817923784256,-2.4247007369995117,1.587181568145752
1808,P09960_wild,CCCCCC=CCC=CC=CC=CC1C(O1)CCCC(=O)O,0.31875869313729016,0.5333324670791626,-2.1756720542907715,1.604614496231079
1809,P24527_wild,CCCCCC=CCC=CC=CC=CC1C(O1)CCCC(=O)O,0.07188200730612537,0.557757556438446,-2.2428996562957764,1.5005035400390625
1810,Q63009_wild,C[S+](CCC(C(=O)[O-])N)CC1C(C(C(O1)N2C=NC3=C(N=CN=C32)N)O)O,3.146128035678238,-0.8050874471664429,-1.8284474611282349,1.4823119640350342
1811,C5G6D7_wild,CC(=O)NC1C(C(C(OC1O)OS(=O)(=O)O)O)OC2C(C(C(C(O2)C(=O)O)O)O)O,2.4202858849419178,0.680076003074646,-1.2574410438537598,2.0266432762145996
1812,C5G6D7_wild,CC(=O)NC1C(C(C(OC1O)CO)OS(=O)(=O)[O-])OC2C(C(C(C(O2)C(=O)[O-])O)O)O,1.58489634413745,0.5778588056564331,-1.3991167545318604,1.8904402256011963
1813,C5G6D7_Q173A,CC(=O)NC1C(C(C(OC1O)OS(=O)(=O)O)O)OC2C(C(C(C(O2)C(=O)O)O)O)O,2.090434416175122,0.6771270036697388,-1.2563908100128174,2.0239429473876953
1814,C5G6D7_R267A,CC(=O)NC1C(C(C(OC1O)OS(=O)(=O)O)O)OC2C(C(C(C(O2)C(=O)O)O)O)O,2.312459386942406,0.6925020217895508,-1.2524545192718506,2.0416300296783447
1815,C5G6D7_H344A,CC(=O)NC1C(C(C(OC1O)OS(=O)(=O)O)O)OC2C(C(C(C(O2)C(=O)O)O)O)O,1.9669235568205172,0.6711384057998657,-1.2585443258285522,2.021195888519287
1816,C5G6D7_H345A,CC(=O)NC1C(C(C(OC1O)OS(=O)(=O)O)O)OC2C(C(C(C(O2)C(=O)O)O)O)O,1.8048206787211623,0.672537624835968,-1.258650541305542,2.0223333835601807
1817,C5G6D7_H453A,CC(=O)NC1C(C(C(OC1O)OS(=O)(=O)O)O)OC2C(C(C(C(O2)C(=O)O)O)O)O,1.2459238190987005,0.6782981157302856,-1.2576297521591187,2.025844097137451
1818,C5G6D7_Q173A,CC(=O)NC1C(C(C(OC1O)CO)OS(=O)(=O)[O-])OC2C(C(C(C(O2)C(=O)[O-])O)O)O,0.8325089127062363,0.5744518041610718,-1.3977863788604736,1.8872591257095337
1819,C5G6D7_R267A,CC(=O)NC1C(C(C(OC1O)CO)OS(=O)(=O)[O-])OC2C(C(C(C(O2)C(=O)[O-])O)O)O,0.6197887930319512,0.5967493057250977,-1.3897666931152344,1.9041337966918945
1820,C5G6D7_H453A,CC(=O)NC1C(C(C(OC1O)CO)OS(=O)(=O)[O-])OC2C(C(C(C(O2)C(=O)[O-])O)O)O,0.7683914377703095,0.5752633810043335,-1.399949312210083,1.890196442604065
1821,C5G6D7_H453N,CC(=O)NC1C(C(C(OC1O)OS(=O)(=O)O)O)OC2C(C(C(C(O2)C(=O)O)O)O)O,1.1189257528257768,0.6798427104949951,-1.2583138942718506,2.0242249965667725
1822,C5G6D7_E628Q,CC(=O)NC1C(C(C(OC1O)OS(=O)(=O)O)O)OC2C(C(C(C(O2)C(=O)O)O)O)O,1.0163366568551242,0.6775310039520264,-1.267927646636963,2.0251975059509277
1823,C5G6D7_H344N,CC(=O)NC1C(C(C(OC1O)OS(=O)(=O)O)O)OC2C(C(C(C(O2)C(=O)O)O)O)O,1.6253124509616739,0.6810324192047119,-1.258124589920044,2.0260891914367676
1824,C5G6D7_H344Q,CC(=O)NC1C(C(C(OC1O)OS(=O)(=O)O)O)OC2C(C(C(C(O2)C(=O)O)O)O)O,1.2248781339148551,0.676301121711731,-1.2576124668121338,2.025024890899658
1825,C5G6D7_H345N,CC(=O)NC1C(C(C(OC1O)OS(=O)(=O)O)O)OC2C(C(C(C(O2)C(=O)O)O)O)O,1.3222192947339193,0.6808614730834961,-1.2558212280273438,2.023827314376831
1826,C5G6D7_H345Q,CC(=O)NC1C(C(C(OC1O)OS(=O)(=O)O)O)OC2C(C(C(C(O2)C(=O)O)O)O)O,1.3704514661120024,0.6772220134735107,-1.257644534111023,2.0242488384246826
1827,C5G6D7_H344N,CC(=O)NC1C(C(C(OC1O)CO)OS(=O)(=O)[O-])OC2C(C(C(C(O2)C(=O)[O-])O)O)O,0.9574476652812449,0.5778601765632629,-1.3992949724197388,1.889181137084961
1828,A0A222C745_wild,CCN1C2=C(C=C(C=C2)S(=O)(=O)O)SC1=NN=C3N(C4=C(S3)C=C(C=C4)S(=O)(=O)O)CC,1.8609366207000937,1.5914682149887085,-0.9079723358154297,2.324341058731079
1829,A0A222C745_wild,COC1=C(C(=CC=C1)OC)O,1.657055852857104,0.5967546105384827,-0.905043363571167,1.3902645111083984
1830,A0A222C745_wild,COC1=CC=CC=C1O,1.462397997898956,0.4462085962295532,-0.5740684866905212,1.0723226070404053
1831,A0A0C5C523_wild,CCN1C2=C(C=C(C=C2)S(=O)(=O)O)SC1=NN=C3N(C4=C(S3)C=C(C=C4)S(=O)(=O)O)CC,1.8388490907372552,1.8239179849624634,-0.8660560846328735,2.3606414794921875
1832,A0A0C5C523_wild,COC1=C(C(=CC=C1)OC)O,1.2304489213782739,0.8084565997123718,-0.8135284185409546,1.425182819366455
1833,Q5WEM6_wild,CCN1C2=C(C=C(C=C2)S(=O)(=O)O)SC1=NN=C3N(C4=C(S3)C=C(C=C4)S(=O)(=O)O)CC,1.954242509439325,1.7937191724777222,-0.839000403881073,2.5292510986328125
1834,Q5WEM6_wild,COC1=C(C(=CC=C1)OC)O,1.8129133566428557,0.8132500648498535,-0.7859073877334595,1.5233154296875
1835,A0A165W3F6_wild,CCN1C2=C(C=C(C=C2)S(=O)(=O)O)SC1=NN=C3N(C4=C(S3)C=C(C=C4)S(=O)(=O)O)CC,1.3617278360175928,1.577051043510437,-0.9381183385848999,2.354757308959961
1836,A0A165W3F6_wild,COC1=CC(=CC(=C1O)OC)C=NN=CC2=CC(=C(C(=C2)OC)O)OC,1.3802112417116061,0.6964508295059204,-1.6967799663543701,2.0766193866729736
1837,H8WGE4_wild,COC1=C(C(=CC=C1)OC)O,0.14612803567823798,0.5573428869247437,-0.9338816404342651,1.4996697902679443
1838,D4GPK6_wild,CCN1C2=C(C=C(C=C2)S(=O)(=O)O)SC1=NN=C3N(C4=C(S3)C=C(C=C4)S(=O)(=O)O)CC,1.0,0.8891467452049255,-1.0048387050628662,1.8919397592544556
1839,H8WGE8_wild,CCN1C2=C(C=C(C=C2)S(=O)(=O)O)SC1=NN=C3N(C4=C(S3)C=C(C=C4)S(=O)(=O)O)CC,1.6998377258672457,1.5795460939407349,-0.9266507029533386,2.319108009338379
1840,H8WGE8_D501G,CCN1C2=C(C=C(C=C2)S(=O)(=O)O)SC1=NN=C3N(C4=C(S3)C=C(C=C4)S(=O)(=O)O)CC,2.068927611682072,1.5351027250289917,-0.9171273708343506,2.300116539001465
1841,H8WGE4_D500G,CCN1C2=C(C=C(C=C2)S(=O)(=O)O)SC1=NN=C3N(C4=C(S3)C=C(C=C4)S(=O)(=O)O)CC,0.8260748027008264,1.5261608362197876,-0.9284716248512268,2.329111337661743
1842,A0A1L2YVJ3_wild,COC1=CC(=CC(=C1O)OC)C=NN=CC2=CC(=C(C(=C2)OC)O)OC,1.3579348470004537,0.6774946451187134,-1.6580549478530884,1.9478157758712769
1843,A0A1L2YVJ3_wild,CCN1C2=C(C=C(C=C2)S(=O)(=O)O)SC1=NN=C3N(C4=C(S3)C=C(C=C4)S(=O)(=O)O)CC,1.8915374576725645,1.5815315246582031,-0.9338597655296326,2.3264925479888916
1844,Q65MU7_wild,CCN1C2=C(C=C(C=C2)S(=O)(=O)O)SC1=NN=C3N(C4=C(S3)C=C(C=C4)S(=O)(=O)O)CC,1.919078092376074,1.4736101627349854,-0.9214870929718018,2.2868199348449707
1845,Q65MU7_wild,COC1=CC(=CC(=C1O)OC)C=NN=CC2=CC(=C(C(=C2)OC)O)OC,2.0,0.6004546880722046,-1.6845515966415405,2.009401321411133
1846,Q65MU7_wild,COC1=C(C(=CC=C1)OC)O,1.4471580313422192,0.48253417015075684,-0.9185082912445068,1.4443440437316895
1847,A0A3G8G7Z6_wild,CCN1C2=C(C=C(C=C2)S(=O)(=O)O)SC1=NN=C3N(C4=C(S3)C=C(C=C4)S(=O)(=O)O)CC,0.9813655090785445,1.1799452304840088,-1.0390369892120361,2.2533693313598633
1848,A0A3G8G7Z6_wild,C1=CC=C(C(=C1)O)O,1.454387467146955,1.4453445672988892,-1.0620248317718506,1.7577033042907715
1849,A0A3G8G7Z6_wild,COC1=CC=CC=C1O,0.8686444383948257,0.8597031831741333,-0.743952751159668,1.35007643699646
1850,A0A3G8G7Z6_wild,COC1=CC(=CC(=C1O)OC)C=CC(=O)O,1.9934362304976116,0.520405113697052,-1.2203028202056885,1.3873151540756226
1851,A0A3G8G7Z6_wild,C1=CC(=C(C(=C1)O)O)O,2.060508975605298,1.0838425159454346,-0.9550700187683105,1.5915076732635498
1852,D3JV05_wild,CC(C)(COP(=O)(O)OP(=O)(O)OCC1C(C(C(O1)N2C=NC3=C(N=CN=C32)N)O)OP(=O)(O)O)C(C(=O)NCCC(=O)NCCSC(=O)CC(C(=O)O)O)O,2.041392685158225,1.221079707145691,-1.1696391105651855,1.9420114755630493
1853,Q9UHD2_wild,CC1=C(C(=NC(=N1)N)N)OCCCOC2=CC(=C(C=C2Cl)Cl)Cl,0.26762785013279977,-1.5582374334335327,-2.1468505859375,1.4113324880599976
1854,P31749_wild,C1=NC(=C2C(=N1)N(C=N2)C3C(C(C(O3)COP(=O)(O)OP(=O)(O)OP(=O)(O)O)O)O)N,-0.4357285300801227,-0.1149861291050911,-2.2017970085144043,1.3064210414886475
1855,P31751_wild,C1=NC(=C2C(=N1)N(C=N2)C3C(C(C(O3)COP(=O)(O)OP(=O)(O)OP(=O)(O)O)O)O)N,-0.3802112069680489,0.009770385921001434,-2.1200199127197266,1.1919625997543335
1856,Q9Y243_wild,C1=NC(=C2C(=N1)N(C=N2)C3C(C(C(O3)COP(=O)(O)OP(=O)(O)OP(=O)(O)O)O)O)N,0.2973956380182118,-0.24925535917282104,-2.1580257415771484,1.1412444114685059
1857,Q9N1E2_wild,C(C1C(C(C(C(O1)O)O)O)O)OP(=O)(O)O,-1.3625102704874892,1.4965816736221313,-0.7650542259216309,1.451716661453247
1858,P12709_wild,C(C(C(C(C(C=O)O)O)O)O)OP(=O)(O)O,3.167317334748176,0.422948956489563,-0.21598146855831146,1.4468917846679688
1859,Q3ZBD7_wild,C(C(C(C(C(C=O)O)O)O)O)OP(=O)(O)O,3.439332693830263,0.9923108816146851,-0.7632237076759338,1.5702893733978271
1860,C4M7X4_wild,C(C(C(C(C(C=O)O)O)O)O)OP(=O)(O)O,3.1099158630237933,1.2347434759140015,-0.5314944982528687,2.094693899154663
1861,Q84P23_wild,CCCCCC(=O)[O-],0.44560420327359757,-0.7492170333862305,-0.5235941410064697,0.5561099648475647
1862,Q84P23_wild,CCCCCCCCC(=O)[O-],1.298197867109815,-0.8366837501525879,-0.970002293586731,0.7612125873565674
1863,Q84P23_wild,CCCCCCCCCCCCCC(=O)O,0.3010299956639812,-0.6500040292739868,-2.1240298748016357,0.5918159484863281
1864,Q9HCG7_wild,CC1=CC(=O)OC2=C1C=CC(=C2)OC3C(C(C(C(O3)CO)O)O)O,1.8939465890714573,0.4182456433773041,-0.8270300626754761,1.058892846107483
1865,Q9L9F5_wild,CC1=C(C=CC2=C1OC(=O)C(=C2O)NC(=O)C3=CC(=C(C=C3)O)CC=C(C)C)O,0.5622928644564748,-1.3827680349349976,-1.2991187572479248,1.017255425453186
1866,P11310_wild,CCCC(=O)SCCNC(=O)CCNC(=O)C(C(C)(C)COP(=O)(O)OP(=O)(O)OCC1C(C(C(O1)N2C=NC3=C(N=CN=C32)N)O)OP(=O)(O)O)O,1.0606978403536118,0.7471706867218018,-1.9070634841918945,1.9624052047729492
1867,P11310_wild,CCCCCCCC(=O)SCCNC(=O)CCNC(=O)C(C(C)(C)COP(=O)(O)OP(=O)(O)OCC1C(C(C(O1)N2C=NC3=C(N=CN=C32)N)O)OP(=O)(O)O)O,1.2988530764097066,0.5741901397705078,-2.116109848022461,2.193851947784424
1868,P11310_wild,[CH-]1C=CC=C1.[CH-]1C=CC=C1.[Fe+3],1.2833012287035497,-0.10050106793642044,-1.2774877548217773,2.1338181495666504
1869,P11310_wild,CCCCCC(=O)SCCNC(=O)CCNC(=O)C(C(C)(C)COP(=O)(O)OP(=O)(O)OCC1C(C(C(O1)N2C=NC3=C(N=CN=C32)N)O)OP(=O)(O)O)O,1.421603926869831,0.5967239141464233,-2.0770134925842285,2.1441948413848877
1870,P11310_wild,CCCCCCCCCC(=O)SCCNC(=O)CCNC(=O)C(C(C)(C)COP(=O)(O)OP(=O)(O)OCC1C(C(C(O1)N2C=NC3=C(N=CN=C32)N)O)OP(=O)(O)O)O,1.1335389083702174,0.4982790946960449,-2.1739423274993896,2.226520538330078
1871,P11310_wild,CC(C)(COP(=O)(O)OP(=O)(O)OCC1C(C(C(O1)N2C=NC3=C(N=CN=C32)N)O)OP(=O)(O)O)C(C(=O)NCCC(=O)NCCSC(=O)CCC4=CNC5=CC=CC=C54)O,0.5314789170422551,0.5923931002616882,-2.1431314945220947,2.064650058746338
1872,P41367_wild,CC(C)(COP(=O)(O)OP(=O)(O)OCC1C(C(C(O1)N2C=NC3=C(N=CN=C32)N)O)OP(=O)(O)O)C(C(=O)NCCC(=O)NCCSC(=O)CCC4=CNC5=CC=CC=C54)O,-0.3372421683184259,0.6171575784683228,-2.023750066757202,1.9678761959075928
1873,P41367_wild,CCCCCCCCCC(=O)SCCNC(=O)CCNC(=O)C(C(C)(C)COP(=O)(O)OP(=O)(O)OCC1C(C(C(O1)N2C=NC3=C(N=CN=C32)N)O)OP(=O)(O)O)O,0.9344984512435677,0.5420457124710083,-2.0511972904205322,2.1413512229919434
1874,P41367_wild,CCCCCC(=O)SCCNC(=O)CCNC(=O)C(C(C)(C)COP(=O)(O)OP(=O)(O)OCC1C(C(C(O1)N2C=NC3=C(N=CN=C32)N)O)OP(=O)(O)O)O,1.2922560713564761,0.6317150592803955,-1.9631378650665283,2.0561230182647705
1875,P41367_wild,CCCCCCCC(=O)SCCNC(=O)CCNC(=O)C(C(C)(C)COP(=O)(O)OP(=O)(O)OCC1C(C(C(O1)N2C=NC3=C(N=CN=C32)N)O)OP(=O)(O)O)O,1.3138672203691535,0.6171481013298035,-1.9952049255371094,2.108611583709717
1876,P41367_wild,CCCC(=O)SCCNC(=O)CCNC(=O)C(C(C)(C)COP(=O)(O)OP(=O)(O)OCC1C(C(C(O1)N2C=NC3=C(N=CN=C32)N)O)OP(=O)(O)O)O,0.7923916894982539,0.772463321685791,-1.790299415588379,1.8618707656860352
1877,P08503_wild,CCCCCCCC(=O)SCCNC(=O)CCNC(=O)C(C(C)(C)COP(=O)(O)OP(=O)(O)OCC1C(C(C(O1)N2C=NC3=C(N=CN=C32)N)O)OP(=O)(O)O)O,1.4345689040341987,0.6134744882583618,-2.0348730087280273,2.19008207321167
1878,P08503_wild,CCCC(=O)SCCNC(=O)CCNC(=O)C(C(C)(C)COP(=O)(O)OP(=O)(O)OCC1C(C(C(O1)N2C=NC3=C(N=CN=C32)N)O)OP(=O)(O)O)O,0.5797835966168101,0.78794926404953,-1.8271634578704834,1.9381787776947021
1879,P08503_wild,CCCCC(=O)SCCNC(=O)CCNC(=O)C(C(C)(C)COP(=O)(O)OP(=O)(O)OCC1C(C(C(O1)N2C=NC3=C(N=CN=C32)N)O)OP(=O)(O)O)O,1.404833716619938,0.7898333072662354,-1.8904807567596436,2.06130051612854
1880,P08503_wild,CCCCCC(=O)SCCNC(=O)CCNC(=O)C(C(C)(C)COP(=O)(O)OP(=O)(O)OCC1C(C(C(O1)N2C=NC3=C(N=CN=C32)N)O)OP(=O)(O)O)O,1.4941545940184429,0.6288711428642273,-1.9946727752685547,2.1342813968658447
1881,P08503_wild,CCCCCCCCCC(=O)SCCNC(=O)CCNC(=O)C(C(C)(C)COP(=O)(O)OP(=O)(O)OCC1C(C(C(O1)N2C=NC3=C(N=CN=C32)N)O)OP(=O)(O)O)O,1.4014005407815442,0.5452771186828613,-2.0960988998413086,2.2203145027160645
1882,P08503_wild,C[N+]1=C2C=CC=CC2=NC3=CC=CC=C31.COS(=O)(=O)[O-],1.4313637641589874,0.717951238155365,-0.8409429788589478,1.9417513608932495
1883,P11310_wild,CCCCC(=O)SCCNC(=O)CCNC(=O)C(C(C)(C)COP(=O)(O)OP(=O)(O)OCC1C(C(C(O1)N2C=NC3=C(N=CN=C32)N)O)OP(=O)(O)O)O,1.14921911265538,0.758510172367096,-1.9654314517974854,2.073373556137085
1884,Q9FUZ2_wild,CC(C(=O)NC(CO)C(=O)O)NC(=O)C(CCSC)NC=O,-0.2676062401770315,0.30909067392349243,0.02273930422961712,0.2840431332588196
1885,P51696_wild,C1=CC(=C[N+](=C1)C2C(C(C(O2)COP(=O)([O-])OP(=O)(O)OCC3C(C(C(O3)N4C=NC5=C(N=CN=C54)N)O)O)O)O)C(=O)N,2.1335389083702174,1.381993293762207,-0.6677610874176025,1.7707747220993042
1886,P51696_wild,C1=CC(=C[N+](=C1)C2C(C(C(O2)COP(=O)(O)OP(=O)(O)OCC3C(C(C(O3)N4C=NC5=C(N=CN=C54)N)OP(=O)(O)O)O)O)O)C(=O)N,2.05307844348342,1.5113025903701782,-1.114866018295288,1.912193775177002
1887,Q4Q9F9_wild,C1C2CN(CN2C3=C(N1)N=C(NC3=O)N)C4=CC=C(C=C4)C(=O)NC(CCC(=O)O)C(=O)O,1.146128035678238,0.43914851546287537,-0.9685267806053162,1.579242467880249
1888,Q4Q9F9_wild,C1=CC(=C[N+](=C1)C2C(C(C(O2)COP(=O)(O)OP(=O)(O)OCC3C(C(C(O3)N4C=NC5=C(N=CN=C54)N)OP(=O)(O)O)O)O)O)C(=O)N,1.0,0.7302916049957275,-1.16118586063385,1.1517659425735474
1889,P0A434_H55N,CCOP(=O)(OCC)OC1=CC=C(C=C1)[N+](=O)[O-],0.414973347970818,0.2906196713447571,-0.4535597264766693,2.2508299350738525
1890,P0A434_H57N,CCOP(=O)(OCC)OC1=CC=C(C=C1)[N+](=O)[O-],3.4913616938342726,0.3898092210292816,-0.44801652431488037,2.3514881134033203
1891,P0A434_H201N,CCOP(=O)(OCC)OC1=CC=C(C=C1)[N+](=O)[O-],2.146128035678238,-0.023348577320575714,-0.39970946311950684,2.0463359355926514
1892,P0A434_H230N,CCOP(=O)(OCC)OC1=CC=C(C=C1)[N+](=O)[O-],2.6989700043360187,0.0004294738173484802,-0.3714420795440674,2.041858434677124
1893,P0A434_H254N,CCOP(=O)(OCC)OC1=CC=C(C=C1)[N+](=O)[O-],3.5563025007672873,0.35412800312042236,-0.42674481868743896,2.3269357681274414
1894,P0A434_H257N,CCOP(=O)(OCC)OC1=CC=C(C=C1)[N+](=O)[O-],3.845098040014257,0.3696083724498749,-0.4472479820251465,2.346280574798584
1895,O31678_wild,C1=C(C2=C(N1)N=C(NC2=O)N)C#N,-1.9393021596463884,-0.715601921081543,-1.9867961406707764,0.7756288051605225
1896,O31678_wild,C1C=CN(C=C1C(=O)N)C2C(C(C(O2)COP(=O)(O)OP(=O)(O)OCC3C(C(C(O3)N4C=NC5=C(N=CN=C54)N)OP(=O)(O)O)O)O)O,-1.9393021596463884,0.613672137260437,-1.6925511360168457,0.9980369806289673
1897,P08011_wild,C(CC(=O)NC(CS)C(=O)NCC(=O)O)C(C(=O)O)N,0.5563025007672873,1.6055344343185425,-0.32234710454940796,1.350189208984375
1898,P08011_wild,C1=CC(=C(C=C1[N+](=O)[O-])[N+](=O)[O-])Cl,0.4471580313422192,1.229169249534607,-0.5561167597770691,1.3813709020614624
1899,Q16836_wild,CC(=O)CC(=O)SCCNC(=O)CCNC(=O)C(C(C)(C)COP(=O)(O)OP(=O)(O)OCC1C(C(C(O1)N2C=NC3=C(N=CN=C32)N)O)OP(=O)(O)O)O,2.401400540781544,1.6930943727493286,-1.3196033239364624,1.6174917221069336
1900,P09598_wild,CC(=O)OCC(COP(=O)(O)OCCN)OC(=O)C,2.7323937598229686,1.0239542722702026,0.319417268037796,1.4362232685089111
1901,P09598_wild,CCCCCCCCCCCCCCCCCC(=O)OCC(COP(=O)(O)OCC(C(=O)O)N)OC(=O)CCCCCCCCCCCCCCCCC,2.322219294733919,0.47171053290367126,0.22006605565547943,1.5110266208648682
1902,P0A3V5_wild,C1(=O)NC(=O)NC(=O)N1,2.3979400086720375,1.0185418128967285,-0.7869630455970764,1.8203437328338623
1903,Q89E06_wild,C1(=O)NC(=O)NC(=O)N1,0.9684829485539351,1.6406322717666626,-0.9179921746253967,2.162083148956299
1904,Q1M7F3_wild,C1(=O)NC(=O)NC(=O)N1,0.6989700043360189,1.15869140625,-0.938835620880127,1.7804138660430908
1905,B0UET5_wild,C1(=O)NC(=O)NC(=O)N1,1.2304489213782739,1.4891408681869507,-0.6900668740272522,1.6601766347885132
1906,A8IKD2_wild,C1(=O)NC(=O)NC(=O)N1,1.6989700043360187,1.5926603078842163,-0.6381058692932129,1.8978989124298096
1907,Q2RGM7_wild,C1(=O)NC(=O)NC(=O)N1,1.0253058652647702,0.740032434463501,-0.8790656328201294,1.558159351348877
1908,P06617_wild,O=O,1.1205739312058498,0.5655168890953064,-0.9836409091949463,1.1896641254425049
1909,P06617_R98K,O=O,0.021189299069938092,0.4831511378288269,-0.9768218994140625,1.1270376443862915
1910,P06617_R98K,C1=CC=C2C(=C1)C(=CN2)CC(C(=O)O)N,0.021189299069938092,0.12100111693143845,-0.6249696016311646,0.5724829435348511
1911,P06617_R98A,O=O,-0.6777807052660807,0.4178023934364319,-0.9256383180618286,1.0117720365524292
1912,P06617_R98A,C1=CC=C2C(=C1)C(=CN2)CC(C(=O)O)N,-0.6777807052660807,0.05631118267774582,-0.5689419507980347,0.4497154653072357
1913,P06617_wild,C1=CC=C(C=C1)CC(C(=O)O)N,1.0413926851582251,0.8589024543762207,-0.542275071144104,0.8749194145202637
1914,P06617_wild,CSCCC(C(=O)O)N,0.7481880270062004,0.9401686787605286,-0.03473861515522003,0.6426392197608948
1915,Q9FLC8_wild,C1=CC=C(C=C1)CC(C(=O)O)N,-2.3979400086720375,-0.35638678073883057,-1.1819329261779785,0.33497220277786255
1916,P00491_E201A,C1=NC2=C(C(=O)N1)N=CN2C3C(C(C(O3)CO)O)O,0.6232492903979004,0.5848862528800964,-0.5196175575256348,1.3460965156555176
1917,P00491_N243A,C1=NC2=C(C(=O)N1)N=CN2C3C(C(C(O3)CO)O)O,-1.2218487496163564,0.4745601415634155,-0.4796712398529053,1.2664971351623535
1918,P00491_K244A,C1=NC2=C(C(=O)N1)N=CN2C3C(C(C(O3)CO)O)O,1.6901960800285136,0.766503632068634,-0.5416104197502136,1.6564030647277832
1919,P00491_F200A,C1=NC2=C(C(=O)N1)N=CN2C3C(C(C(O3)CO)O)O,0.9731278535996987,0.6004950404167175,-0.4200124144554138,1.2958118915557861
1920,P00491_T242A,C1=NC2=C(C(=O)N1)N=CN2C3C(C(C(O3)CO)O)O,1.146128035678238,0.7137865424156189,-0.5551050901412964,1.548436164855957
1921,P00491_E201A,[O-]P(=O)([O-])[O-],0.25527250510330607,0.3019232451915741,0.20707020163536072,0.7425366640090942
1922,P00491_N243A,[O-]P(=O)([O-])[O-],-1.0457574905606752,0.1401776373386383,0.2548414170742035,0.6386193037033081
1923,P00491_K244A,[O-]P(=O)([O-])[O-],1.7160033436347992,0.6148372888565063,0.11584220826625824,1.0027025938034058
1924,P00491_F200A,[O-]P(=O)([O-])[O-],0.7923916894982539,0.29976722598075867,0.3115353584289551,0.6695393323898315
1925,P00491_T242A,[O-]P(=O)([O-])[O-],1.0791812460476249,0.5014388561248779,0.17402414977550507,0.9277739524841309
1926,P00491_E201A,C1=NC2=C(N1)C(=O)NC=N2,0.14612803567823798,-0.309476763010025,-1.3475782871246338,1.7346371412277222
1927,P00491_N243A,C1=NC2=C(N1)C(=O)NC=N2,1.1139433523068367,-0.447731614112854,-1.2583352327346802,1.6406323909759521
1928,P00491_K244A,C1=NC2=C(N1)C(=O)NC=N2,1.9912260756924949,-0.06908441334962845,-1.4099065065383911,1.999661922454834
1929,P00491_F200A,C1=NC2=C(N1)C(=O)NC=N2,1.146128035678238,-0.3126905858516693,-1.2015464305877686,1.6834412813186646
1930,P00491_T242A,C1=NC2=C(N1)C(=O)NC=N2,1.7634279935629373,-0.1510903537273407,-1.370514154434204,1.941727638244629
1931,P00491_H257A,C1=NC2=C(C(=O)N1)N=CN2C3C(C(C(O3)CO)O)O,1.2041199826559248,0.716632068157196,-0.5568097829818726,1.5286298990249634
1932,P00491_F159A,C1=NC2=C(C(=O)N1)N=CN2C3C(C(C(O3)CO)O)O,1.505149978319906,0.6120066046714783,-0.534028947353363,1.4411507844924927
1933,P00491_M219A,C1=NC2=C(C(=O)N1)N=CN2C3C(C(C(O3)CO)O)O,1.7160033436347992,0.5130778551101685,-0.4424595236778259,1.2324153184890747
1934,P00491_H257A,[O-]P(=O)([O-])[O-],1.1139433523068367,0.5126643180847168,0.18294085562229156,0.9112820625305176
1935,P00491_F159A,[O-]P(=O)([O-])[O-],1.4771212547196624,0.3824431002140045,0.1796310693025589,0.8428585529327393
1936,P00491_M219A,[O-]P(=O)([O-])[O-],1.6127838567197355,0.19445237517356873,0.28266918659210205,0.6152876019477844
1937,P00491_Y88F,[O-]P(=O)([O-])[O-],1.7481880270062005,0.5616594552993774,0.16547875106334686,0.9594602584838867
1938,P00491_H257A,C1=NC2=C(N1)C(=O)NC=N2,1.0,-0.14083632826805115,-1.3680751323699951,1.92983877658844
1939,P00491_F159A,C1=NC2=C(N1)C(=O)NC=N2,1.3802112417116061,-0.2412899136543274,-1.3230984210968018,1.8533756732940674
1940,P00491_M219A,C1=NC2=C(N1)C(=O)NC=N2,2.113943352306837,-0.3544890284538269,-1.2285655736923218,1.6447697877883911
1941,P00491_Y88F,C1=NC2=C(N1)C(=O)NC=N2,0.9542425094393249,-0.0871128961443901,-1.382183313369751,1.9600069522857666
1942,P00491_H86A,C1=NC2=C(C(=O)N1)N=CN2C3C(C(C(O3)CO)O)O,1.146128035678238,0.6061748266220093,-0.5242705345153809,1.4289087057113647
1943,P00491_E89A,C1=NC2=C(C(=O)N1)N=CN2C3C(C(C(O3)CO)O)O,1.662757831681574,0.7296105623245239,-0.5532803535461426,1.5223509073257446
1944,P00491_R84A,C1=NC2=C(C(=O)N1)N=CN2C3C(C(C(O3)CO)O)O,0.3222192947339193,0.507754385471344,-0.4726231098175049,1.3450050354003906
1945,P00491_S33A,C1=NC2=C(C(=O)N1)N=CN2C3C(C(C(O3)CO)O)O,1.0413926851582251,0.6203704476356506,-0.49726733565330505,1.4045865535736084
1946,P00491_H86A,[O-]P(=O)([O-])[O-],0.9731278535996987,0.3293597102165222,0.21740902960300446,0.7994608879089355
1947,P00491_E89A,[O-]P(=O)([O-])[O-],1.7242758696007892,0.5100255608558655,0.14059202373027802,0.948398232460022
1948,P00491_R84A,[O-]P(=O)([O-])[O-],0.17609125905568124,0.26711320877075195,0.19299151003360748,0.7228098511695862
1949,P00491_S33A,[O-]P(=O)([O-])[O-],1.0413926851582251,0.36534684896469116,0.20155799388885498,0.7898958325386047
1950,P00491_R84A,C1=NC2=C(N1)C(=O)NC=N2,-0.3010299956639812,-0.3667617440223694,-1.3261011838912964,1.7039756774902344
1951,P00491_S33A,C1=NC2=C(N1)C(=O)NC=N2,0.3222192947339193,-0.2433575987815857,-1.3339115381240845,1.794976830482483
1952,P00491_H86A,C1=NC2=C(N1)C(=O)NC=N2,-0.01322826573375516,-0.27378469705581665,-1.3144038915634155,1.8306670188903809
1953,P76491_wild,C1C(C(OC1N2C=CC(=O)NC2=O)COP(=O)(O)O)O,-0.6382721639824072,0.9291537404060364,-1.462774395942688,0.655431866645813
1954,P76491_wild,C1C(C(OC1N2C=CC(=NC2=O)N)COP(=O)(O)O)O,-0.6382721639824072,0.6892067193984985,-1.4530460834503174,0.6946704387664795
1955,P0A8Y1_wild,C1=CC(=CC=C1[N+](=O)[O-])OP(=O)(O)O,0.6127838567197355,0.22553139925003052,0.268979012966156,-0.16981098055839539
1956,P0A8Y1_wild,CC1=CN(C(=O)NC1=O)C2CC(C(O2)COP(=O)(O)O)O,1.4828735836087537,0.07360129058361053,-0.6211119890213013,1.0073740482330322
1957,P0A8Y1_wild,C1=CN(C(=O)NC1=O)C2C(C(C(O2)COP(=O)(O)O)O)O,1.534026106056135,0.47479796409606934,-0.4328581392765045,0.88735431432724
1958,P0A8Y1_wild,C1C(C(OC1N2C=CC(=O)NC2=O)COP(=O)(O)O)O,1.3304137733491908,0.34778839349746704,-0.628305196762085,0.994904637336731
1959,P23965_K242T,CCCC=CC(=O)SCCNC(=O)CCNC(=O)C(C(C)(C)COP(=O)(O)OP(=O)(O)OCC1C(C(C(O1)N2C=NC3=C(N=CN=C32)N)O)OP(=O)(O)O)O,-1.6777807052660807,1.1800291538238525,-1.2057543992996216,1.6595722436904907
1960,P23965_K242D,CCCC=CC(=O)SCCNC(=O)CCNC(=O)C(C(C)(C)COP(=O)(O)OP(=O)(O)OCC1C(C(C(O1)N2C=NC3=C(N=CN=C32)N)O)OP(=O)(O)O)O,-1.8860566476931633,1.0853439569473267,-1.1923515796661377,1.6002986431121826
1961,P23965_K242C,CCCC=CC(=O)SCCNC(=O)CCNC(=O)C(C(C)(C)COP(=O)(O)OP(=O)(O)OCC1C(C(C(O1)N2C=NC3=C(N=CN=C32)N)O)OP(=O)(O)O)O,0.0,1.1050121784210205,-1.2183785438537598,1.6175885200500488
1962,Q25861_wild,CSS(=O)(=O)C,2.0253058652647704,0.7407594323158264,-0.47359150648117065,1.733476161956787
1963,Q9JMH6_wild,C1=CC(=C(C=C1SSC2=CC(=C(C=C2)[N+](=O)[O-])C(=O)O)C(=O)O)[N+](=O)[O-],1.9361784925934624,0.5109536051750183,-0.804896354675293,1.661890983581543
1964,Q99MD6_wild,C1=CC(=C(C=C1SSC2=CC(=C(C=C2)[N+](=O)[O-])C(=O)O)C(=O)O)[N+](=O)[O-],0.8151347944789313,0.6923180222511292,-0.6954576969146729,1.8304460048675537
1965,Q99MD6_wild,C(CSSCCO)O,0.07918124604762482,0.3451792895793915,-0.6186268329620361,0.9957156181335449
1966,Q9K578_wild,CC1(C(N2C(S1)C(C2=O)NC(=O)CC3=CC=CC=C3)C(=O)O)C,1.845098040014257,1.2584186792373657,-0.7315571308135986,2.298780679702759
1967,Q9K578_wild,CON=C(C1=CC=CO1)C(=O)NC2C3N(C2=O)C(=C(CS3)COC(=O)N)C(=O)O,2.5185139398778875,0.6637627482414246,-1.3828130960464478,2.452082872390747
1968,Q9K578_wild,CC(=O)OCC1=C(N2C(C(C2=O)NC(=O)C(=NOC)C3=CSC(=N3)N)SC1)C(=O)O,2.6334684555795866,0.45338866114616394,-1.1767840385437012,2.4408016204833984
1969,Q9K578_wild,CC(=O)OCC1=C(N2C(C(C2=O)NC(=O)CC3=CC=CS3)SC1)C(=O)O,2.4771212547196626,0.720324695110321,-1.2629649639129639,2.586947202682495
1970,Q9K578_wild,C1C(=C(N2C(S1)C(C2=O)NC(=O)CC3=CC=CS3)C(=O)O)C=CC4=C(C=C(C=C4)[N+](=O)[O-])[N+](=O)[O-],2.778151250383644,0.6886130571365356,-1.3047716617584229,2.7382559776306152
1971,Q9K578_wild,CC(=O)OCC1=C(N2C(C(C2=O)N)SC1)C(=O)O,1.4771212547196624,1.0218268632888794,-0.7712991237640381,2.391702890396118
1972,Q9K578_wild,CC1C2C(C(=O)N2C(=C1SC3CC(NC3)C(=O)N(C)C)C(=O)O)C(C)O,1.6532125137753437,0.6020944118499756,-1.3032147884368896,2.181450843811035
1973,P12822_wild,CCC(C)C(C(=O)NC(CC1=CN=CN1)C(=O)N2CCCC2C(=O)NC(CC3=CC=CC=C3)C(=O)NC(CC4=CN=CN4)C(=O)NC(CC(C)C)C(=O)O)NC(=O)C(CC5=CC=C(C=C5)O)NC(=O)C(C(C)C)NC(=O)C(CCCN=C(N)N)NC(=O)C(CC(=O)O)N,1.5965970956264603,2.2492828369140625,-2.08430552482605,2.2430081367492676
1974,P12822_Y236F,CCC(C)C(C(=O)NC(CC1=CN=CN1)C(=O)N2CCCC2C(=O)NC(CC3=CC=CC=C3)C(=O)NC(CC4=CN=CN4)C(=O)NC(CC(C)C)C(=O)O)NC(=O)C(CC5=CC=C(C=C5)O)NC(=O)C(C(C)C)NC(=O)C(CCCN=C(N)N)NC(=O)C(CC(=O)O)N,1.5314789170422551,2.2462642192840576,-2.0828983783721924,2.2405014038085938
1975,P12822_wild,CC(C)CC(C(=O)O)NC(=O)C(CC1=CN=CN1)NC(=O)CNC(=O)C2=CC=CC=C2,2.4121803917486466,1.7664443254470825,-1.1175282001495361,1.84604012966156
1976,P12822_Y236F,CC(C)CC(C(=O)O)NC(=O)C(CC1=CN=CN1)NC(=O)CNC(=O)C2=CC=CC=C2,2.100370545117563,1.7598174810409546,-1.1156487464904785,1.8423330783843994
1977,P12821_wild,CC(C)CC(C(=O)O)NC(=O)C(CC1=CN=CN1)NC(=O)CNC(=O)C2=CC=CC=C2,2.617000341120899,1.7914432287216187,-1.0554834604263306,1.817445993423462
1978,Q10714_wild,CC(C)CC(C(=O)O)NC(=O)C(CC1=CN=CN1)NC(=O)CNC(=O)C2=CC=CC=C2,2.859378504425601,1.284162163734436,-0.7495907545089722,1.3570055961608887
1979,Q10714_wild,CCC(C)C(C(=O)NC(CC1=CN=CN1)C(=O)N2CCCC2C(=O)NC(CC3=CC=CC=C3)C(=O)NC(CC4=CN=CN4)C(=O)NC(CC(C)C)C(=O)O)NC(=O)C(CC5=CC=C(C=C5)O)NC(=O)C(C(C)C)NC(=O)C(CCCN=C(N)N)NC(=O)C(CC(=O)O)N,1.252853030979893,1.82723867893219,-1.7388877868652344,1.8534777164459229
1980,Q10714_wild,CC(=O)NC(CO)C(=O)NC(CC(=O)O)C(=O)NC(CCCCN)C(=O)N1CCCC1C(=O)O,0.07918124604762482,1.8917689323425293,-0.6214535236358643,1.4618467092514038
1981,P12821_wild,CCC(C)C(C(=O)NC(CC1=CN=CN1)C(=O)N2CCCC2C(=O)NC(CC3=CC=CC=C3)C(=O)NC(CC4=CN=CN4)C(=O)NC(CC(C)C)C(=O)O)NC(=O)C(CC5=CC=C(C=C5)O)NC(=O)C(C(C)C)NC(=O)C(CCCN=C(N)N)NC(=O)C(CC(=O)O)N,1.6020599913279625,2.303166389465332,-2.0263662338256836,2.2356574535369873
1982,Q10714_wild,CC(C)CC(C(=O)O)NC(=O)C(CC1=CC=CC=C1)NC(=O)CNC(=O)CNC(=O)C(CC2=CC=C(C=C2)O)N,1.795184589682424,1.420495629310608,-1.0105938911437988,1.6926276683807373
1983,Q10714_wild,CC(C)CC(C(=O)N)NC(=O)C(CC1=CC=CC=C1)NC(=O)CNC(=O)CNC(=O)C(CC2=CC=C(C=C2)O)N,0.6242820958356683,1.2761707305908203,-0.9784115552902222,1.5653513669967651
1984,Q38087_D222A/D327A,C1C(C(OC1N2C=NC3=C(N=CN=C32)N)COP(=O)(O)OP(=O)(O)OP(=O)(O)O)O,-0.6575773191777937,-1.5270286798477173,-2.445788621902466,1.0700907707214355
1985,Q38087_D222A/D327A/K483A,C1C(C(OC1N2C=NC3=C(N=CN=C32)N)COP(=O)(O)OP(=O)(O)OP(=O)(O)O)O,-0.6382721639824072,-1.5237761735916138,-2.4537124633789062,1.0699032545089722
1986,Q38087_D222A/D327A/Y567A,C1C(C(OC1N2C=NC3=C(N=CN=C32)N)COP(=O)(O)OP(=O)(O)OP(=O)(O)O)O,-1.2218487496163564,-1.6313847303390503,-2.449049472808838,1.0604015588760376
1987,Q38087_D222A/D327A/R482A,C1C(C(OC1N2C=NC3=C(N=CN=C32)N)COP(=O)(O)OP(=O)(O)OP(=O)(O)O)O,-2.275724130399211,-1.5178881883621216,-2.4787368774414062,1.0809283256530762
1988,Q38087_D222A/D327A/K486A,C1C(C(OC1N2C=NC3=C(N=CN=C32)N)COP(=O)(O)OP(=O)(O)OP(=O)(O)O)O,-2.2218487496163566,-1.5259126424789429,-2.451260566711426,1.0666615962982178
1989,Q38087_D222A/D327A/K560A,C1C(C(OC1N2C=NC3=C(N=CN=C32)N)COP(=O)(O)OP(=O)(O)OP(=O)(O)O)O,-0.6989700043360187,-1.800981879234314,-2.3848190307617188,0.8957611322402954
1990,Q38087_D222A/D327A/N564A,C1C(C(OC1N2C=NC3=C(N=CN=C32)N)COP(=O)(O)OP(=O)(O)OP(=O)(O)O)O,-1.080921907623926,-1.6314979791641235,-2.4454185962677,0.9946682453155518
1991,Q38087_D222A/D327A,C1C(C(OC1N2C=CC(=NC2=O)N)COP(=O)(O)OP(=O)(O)OP(=O)(O)O)O,0.0,-1.629469871520996,-2.447434902191162,1.161755084991455
1992,Q38087_D222A/D327A/K483A,C1C(C(OC1N2C=CC(=NC2=O)N)COP(=O)(O)OP(=O)(O)OP(=O)(O)O)O,-0.31875876262441283,-1.6214004755020142,-2.454418659210205,1.1630784273147583
1993,Q38087_D222A/D327A/Y567A,C1C(C(OC1N2C=CC(=NC2=O)N)COP(=O)(O)OP(=O)(O)OP(=O)(O)O)O,-0.8239087409443188,-1.7326310873031616,-2.450888156890869,1.1405105590820312
1994,Q38087_D222A/D327A/R482A,C1C(C(OC1N2C=CC(=NC2=O)N)COP(=O)(O)OP(=O)(O)OP(=O)(O)O)O,-1.4685210829577449,-1.6154712438583374,-2.4812302589416504,1.182869791984558
1995,Q38087_D222A/D327A/K486A,C1C(C(OC1N2C=CC(=NC2=O)N)COP(=O)(O)OP(=O)(O)OP(=O)(O)O)O,-1.031517051446065,-1.6221199035644531,-2.451298236846924,1.1605602502822876
1996,Q38087_D222A/D327A/K560A,C1C(C(OC1N2C=CC(=NC2=O)N)COP(=O)(O)OP(=O)(O)OP(=O)(O)O)O,-1.1870866433571443,-1.9055441617965698,-2.3849124908447266,0.9609949588775635
1997,Q38087_D222A/D327A/N564A,C1C(C(OC1N2C=CC(=NC2=O)N)COP(=O)(O)OP(=O)(O)OP(=O)(O)O)O,-0.7958800173440752,-1.735807180404663,-2.4457411766052246,1.0801829099655151
1998,Q38087_D222A/D327A,C1C(C(OC1N2C=NC3=C2N=C(NC3=O)N)COP(=O)(O)OP(=O)(O)OP(=O)(O)O)O,-0.431798275933005,-1.7860870361328125,-2.4852635860443115,0.8944823741912842
1999,Q38087_D222A/D327A/K483A,C1C(C(OC1N2C=NC3=C2N=C(NC3=O)N)COP(=O)(O)OP(=O)(O)OP(=O)(O)O)O,-0.3279021420642826,-1.7777782678604126,-2.492626667022705,0.8979228734970093
2000,Q38087_D222A/D327A/Y567A,C1C(C(OC1N2C=NC3=C2N=C(NC3=O)N)COP(=O)(O)OP(=O)(O)OP(=O)(O)O)O,-0.2076083105017461,-1.8993762731552124,-2.4809250831604004,0.8843127489089966
2001,Q38087_D222A/D327A/R482A,C1C(C(OC1N2C=NC3=C2N=C(NC3=O)N)COP(=O)(O)OP(=O)(O)OP(=O)(O)O)O,-2.275724130399211,-1.7561475038528442,-2.5144901275634766,0.9152591228485107
2002,Q38087_D222A/D327A/K486A,C1C(C(OC1N2C=NC3=C2N=C(NC3=O)N)COP(=O)(O)OP(=O)(O)OP(=O)(O)O)O,-2.721246399047171,-1.778150200843811,-2.487684726715088,0.8942577242851257
2003,Q38087_D222A/D327A/K560A,C1C(C(OC1N2C=NC3=C2N=C(NC3=O)N)COP(=O)(O)OP(=O)(O)OP(=O)(O)O)O,-0.7695510786217261,-2.064458131790161,-2.4140071868896484,0.7056620121002197
2004,Q38087_D222A/D327A/N564A,C1C(C(OC1N2C=NC3=C2N=C(NC3=O)N)COP(=O)(O)OP(=O)(O)OP(=O)(O)O)O,-0.744727494896694,-1.8921843767166138,-2.4825735092163086,0.8135919570922852
2005,Q38087_D222A/D327A,CC1=CN(C(=O)NC1=O)C2CC(C(O2)COP(=O)(O)OP(=O)(O)OP(=O)(O)O)O,-0.24412514432750865,-1.7744446992874146,-2.1627655029296875,0.9659546613693237
2006,Q38087_D222A/D327A/K483A,CC1=CN(C(=O)NC1=O)C2CC(C(O2)COP(=O)(O)OP(=O)(O)OP(=O)(O)O)O,-0.3010299956639812,-1.765701174736023,-2.1692142486572266,0.9636462926864624
2007,Q38087_D222A/D327A/Y567A,CC1=CN(C(=O)NC1=O)C2CC(C(O2)COP(=O)(O)OP(=O)(O)OP(=O)(O)O)O,0.11394335230683679,-1.8806930780410767,-2.155334949493408,0.9387634992599487
2008,Q38087_D222A/D327A/R482A,CC1=CN(C(=O)NC1=O)C2CC(C(O2)COP(=O)(O)OP(=O)(O)OP(=O)(O)O)O,-2.744727494896694,-1.7374614477157593,-2.202742576599121,0.9896444082260132
2009,Q38087_D222A/D327A/K486A,CC1=CN(C(=O)NC1=O)C2CC(C(O2)COP(=O)(O)OP(=O)(O)OP(=O)(O)O)O,-3.3565473235138126,-1.7658710479736328,-2.1698243618011475,0.9623036980628967
2010,Q38087_D222A/D327A/K560A,CC1=CN(C(=O)NC1=O)C2CC(C(O2)COP(=O)(O)OP(=O)(O)OP(=O)(O)O)O,0.3222192947339193,-2.0506503582000732,-2.095304489135742,0.7620143890380859
2011,Q38087_D222A/D327A/N564A,CC1=CN(C(=O)NC1=O)C2CC(C(O2)COP(=O)(O)OP(=O)(O)OP(=O)(O)O)O,-0.37675070960209955,-1.8743317127227783,-2.1649928092956543,0.8894412517547607
2012,Q38087_D222A/D327A,C1C(C(OC1N2C=CC(=O)NC2=O)COP(=O)(O)OP(=O)(O)OP(=O)(O)O)O,-0.10790539730951958,-1.4847190380096436,-2.418621063232422,1.186899185180664
2013,Q38087_D222A/D327A/K483A,C1C(C(OC1N2C=CC(=O)NC2=O)COP(=O)(O)OP(=O)(O)OP(=O)(O)O)O,-0.4814860601221125,-1.477836012840271,-2.425752639770508,1.185916543006897
2014,Q38087_D222A/D327A/Y567A,C1C(C(OC1N2C=CC(=O)NC2=O)COP(=O)(O)OP(=O)(O)OP(=O)(O)O)O,0.0,-1.6058740615844727,-2.414358139038086,1.1689732074737549
2015,Q38087_D222A/D327A/R482A,C1C(C(OC1N2C=CC(=O)NC2=O)COP(=O)(O)OP(=O)(O)OP(=O)(O)O)O,-2.958607314841775,-1.467085599899292,-2.447577476501465,1.2087182998657227
2016,Q38087_D222A/D327A/K486A,C1C(C(OC1N2C=CC(=O)NC2=O)COP(=O)(O)OP(=O)(O)OP(=O)(O)O)O,-3.657577319177794,-1.4818878173828125,-2.423147678375244,1.1837035417556763
2017,Q38087_D222A/D327A/K560A,C1C(C(OC1N2C=CC(=O)NC2=O)COP(=O)(O)OP(=O)(O)OP(=O)(O)O)O,-0.5228787452803376,-1.7934857606887817,-2.347256660461426,0.9978532791137695
2018,Q38087_D222A/D327A/N564A,C1C(C(OC1N2C=CC(=O)NC2=O)COP(=O)(O)OP(=O)(O)OP(=O)(O)O)O,-0.4814860601221125,-1.6053451299667358,-2.4168739318847656,1.110572338104248
2019,Q38087_D222A/D327A/R482A,C1C(C(OC1N2C=NC3=C2N=C(NC3=O)N)COP(=O)(O)OP(=O)(O)O)O,-3.494850021680094,-1.7300466299057007,-2.6237244606018066,0.993724524974823
2020,Q38087_D222A/D327A/K486A,C1C(C(OC1N2C=NC3=C2N=C(NC3=O)N)COP(=O)(O)OP(=O)(O)O)O,-3.8538719643217623,-1.7513355016708374,-2.5974416732788086,0.9678435325622559
2021,Q38087_D222A/D327A/K560A,C1C(C(OC1N2C=NC3=C2N=C(NC3=O)N)COP(=O)(O)OP(=O)(O)O)O,-4.107905397309519,-2.0313961505889893,-2.5448813438415527,0.7862054109573364
2022,Q38087_D222A/D327A/N564A,C1C(C(OC1N2C=NC3=C2N=C(NC3=O)N)COP(=O)(O)OP(=O)(O)O)O,-3.5686362358410126,-1.862492322921753,-2.5980615615844727,0.8927552103996277
2023,O14295_wild,CC1=NC=C(C(=C1O)C=O)CO,-0.029188389127482204,0.10107830166816711,-1.0556801557540894,0.4739020764827728
2024,O14295_wild,C1=CC=C(C(=C1)C=O)[N+](=O)[O-],-0.25181197299379954,0.4486936330795288,-0.6936029195785522,0.2639593482017517
2025,O14295_wild,C1=CC(=CC=C1C=O)[N+](=O)[O-],-2.485895134711406,0.7554736137390137,-0.5158058404922485,0.23122715950012207
2026,O14295_wild,C1=CC=C(C(=C1)C=O)C=O,-1.6709413485942934,0.5474227070808411,-0.6954682469367981,0.5998464822769165
2027,O14295_wild,C1=CC=NC(=C1)C=O,-0.59917424556803,-0.0974280908703804,-0.3913860321044922,-0.04630070924758911
2028,O14295_wild,C1=CC(=CN=C1)C=O,-2.4706552552580665,0.6781836748123169,-0.3149145245552063,0.1273943930864334
2029,O14295_wild,C1=CN=CC=C1C=O,-1.5277311992776197,0.35440829396247864,-0.25655391812324524,-0.12874925136566162
2030,I0JWN7_wild,CO,-0.6989700043360187,0.917646050453186,-1.180485486984253,0.42405596375465393
2031,P29476_F1395W,C1C=CN(C=C1C(=O)N)C2C(C(C(O2)COP(=O)(O)OP(=O)(O)OCC3C(C(C(O3)N4C=NC5=C(N=CN=C54)N)OP(=O)(O)O)O)O)O,2.0549958615291417,0.7726141214370728,-1.4157865047454834,2.196479320526123
2032,P29476_F1395A,C1C=CN(C=C1C(=O)N)C2C(C(C(O2)COP(=O)(O)OP(=O)(O)OCC3C(C(C(O3)N4C=NC5=C(N=CN=C54)N)OP(=O)(O)O)O)O)O,2.3218054838575393,0.7672162652015686,-1.4089890718460083,2.190169334411621
2033,P29476_F1395S,C1C=CN(C=C1C(=O)N)C2C(C(C(O2)COP(=O)(O)OP(=O)(O)OCC3C(C(C(O3)N4C=NC5=C(N=CN=C54)N)OP(=O)(O)O)O)O)O,1.7058637122839193,0.7628200054168701,-1.409468173980713,2.188509941101074
2034,P29476_wild,C1C=CN(C=C1C(=O)N)C2C(C(C(O2)COP(=O)(O)OP(=O)(O)OCC3C(C(C(O3)N4C=NC5=C(N=CN=C54)N)O)O)O)O,1.6444385894678386,0.6709426641464233,-0.8859833478927612,1.9489920139312744
2035,P29476_F1395W,C1C=CN(C=C1C(=O)N)C2C(C(C(O2)COP(=O)(O)OP(=O)(O)OCC3C(C(C(O3)N4C=NC5=C(N=CN=C54)N)O)O)O)O,1.5390760987927767,0.6699050664901733,-0.8894909620285034,1.9500079154968262
2036,P29476_F1395A,C1C=CN(C=C1C(=O)N)C2C(C(C(O2)COP(=O)(O)OP(=O)(O)OCC3C(C(C(O3)N4C=NC5=C(N=CN=C54)N)O)O)O)O,2.414639146737009,0.6628134250640869,-0.8839820027351379,1.9428918361663818
2037,P29476_F1395S,C1C=CN(C=C1C(=O)N)C2C(C(C(O2)COP(=O)(O)OP(=O)(O)OCC3C(C(C(O3)N4C=NC5=C(N=CN=C54)N)O)O)O)O,2.059941888061955,0.6585431098937988,-0.8849800825119019,1.9407398700714111
2038,P28839_wild,CC(C)CC(C(=O)NCC(=O)O)N,1.58357654786921,1.7377190589904785,0.22228483855724335,1.4429733753204346
2039,Q9Y233_wild,C1C2C(C(C(O2)N3C=NC4=C(N=CN=C43)N)O)OP(=O)(O1)O,-0.4814860601221125,0.452037513256073,-2.6544406414031982,1.8448562622070312
2040,P00492_wild,C(C1C(C(C(O1)OP(=O)(O)OP(=O)(O)O)O)O)OP(=O)(O)O,1.0203612826477078,0.6442179083824158,-1.3695836067199707,1.131009578704834
2041,Q988B8_wild,CC1=NC=C(C(=C1O)CN)CO,1.4471580313422192,-0.24909591674804688,-0.589031457901001,0.9651085734367371
2042,Q988B8_wild,CC1=NC=C(C(=C1O)C=O)CO,1.6127838567197355,-0.013202793896198273,-0.5955727696418762,0.9415972232818604
2043,Q988B8_wild,CC(=O)C(=O)[O-],1.462397997898956,0.5796458721160889,0.5425670146942139,0.5614489316940308
2044,Q988B8_wild,CCC(=O)C(=O)O,1.3802112417116061,0.5018616914749146,0.8837066292762756,0.25336313247680664
2045,Q988B8_wild,CC(C(=O)O)N,1.6127838567197355,0.8128418922424316,1.301814079284668,0.25888359546661377
2046,Q988B8_wild,CCC(C(=O)O)N,0.9542425094393249,0.6857171058654785,1.1041839122772217,0.22599156200885773
2047,Q988B8_R336A,CC1=NC=C(C(=C1O)CN)CO,1.4471580313422192,-0.25057268142700195,-0.5637723207473755,0.9635001420974731
2048,P0A6V8_wild,C(C1C(C(C(C(O1)O)O)O)O)O,2.6127838567197355,1.4555784463882446,-0.3992065489292145,0.9176208972930908
2049,P0A6V8_wild,C1=NC(=C2C(=N1)N(C=N2)C3C(C(C(O3)COP(=O)(O)OP(=O)(O)OP(=O)(O)O)O)O)N,2.6127838567197355,1.9032310247421265,-0.4353960156440735,1.731870174407959
2050,B8AU84_wild,C(CC(C(=O)O)N)CN=C(N)N,2.690196080028514,1.1973732709884644,0.6219021081924438,0.5837996006011963
2051,Q96T66_wild,C1=CC(=C[N+](=C1)C2C(C(C(O2)COP(=O)(O)O)O)O)C(=O)O,0.5797835966168101,1.5140024423599243,-1.1825683116912842,1.5231631994247437
2052,Q96T66_wild,C1=NC(=C2C(=N1)N(C=N2)C3C(C(C(O3)COP(=O)(O)OP(=O)(O)OP(=O)(O)O)O)O)N,0.3979400086720376,1.2522608041763306,-1.2259024381637573,1.4969056844711304
2053,Q96T66_wild,C1C=CN(C=C1C(=O)N)C2C(C(C(O2)COP(=O)(O)O)O)O,0.8573324964312685,1.416428565979004,-1.6143379211425781,2.063739776611328
2054,Q9UBP0_wild,C1=NC(=C2C(=N1)N(C=N2)C3C(C(C(O3)COP(=O)(O)OP(=O)(O)OP(=O)(O)O)O)O)N,-0.10790539730951958,-0.6322004795074463,-0.9301272034645081,0.528834342956543
2055,P42106_wild,C1=CC(=C(C=C1C2=C(C(=O)C3=C(C=C(C=C3O2)O)O)O)O)O,1.3979400086720377,0.6804336309432983,-1.4282150268554688,2.2356927394866943
2056,P42106_wild,O=O,1.3979400086720377,1.2139948606491089,-1.1769123077392578,1.7423523664474487
2057,Q9I492_wild,C1CCN=C(C1)C(=O)O,1.5481845695739282,0.4904291033744812,0.24478264153003693,0.7557156085968018
2058,P37595_wild,C(C(C(=O)O)N)C(=O)N,-0.5528419686577808,0.8693832755088806,0.23857392370700836,0.7040275931358337
2059,P36683_wild,CC(C(CC(=O)[O-])C(=O)[O-])(C(=O)[O-])O,0.47712125471966244,0.7952969670295715,-0.8867955207824707,1.2578130960464478
2060,E2RTZ4_wild,O=O,2.0644579892269186,1.0354639291763306,-1.7183263301849365,2.62400484085083
2061,A4IET9_wild,C1C(C(OC1N2C=CC(=O)NC2=O)COP(=O)(O)O)O,-0.17630848232713292,-0.9389743804931641,-1.5315992832183838,0.26811689138412476
2062,A4IET9_wild,C1C2CN(CN2C3=C(N1)N=C(NC3=O)N)C4=CC=C(C=C4)C(=O)NC(CCC(=O)O)C(=O)O,-0.17630848232713292,-0.6562268137931824,-1.1403682231903076,0.7152531147003174
2063,A4IET9_wild,C1C=CN(C=C1C(=O)N)C2C(C(C(O2)COP(=O)(O)OP(=O)(O)OCC3C(C(C(O3)N4C=NC5=C(N=CN=C54)N)OP(=O)(O)O)O)O)O,-0.17630848232713292,-0.591103196144104,-1.5215730667114258,0.6213420629501343
2064,O31616_wild,O=O,0.6180480967120927,-0.68538898229599,-0.6539534330368042,0.7006672620773315
2065,O31616_wild,C1CC(NC1)C(=O)O,0.5440680443502757,0.0021516308188438416,1.106411337852478,-0.4113357961177826
2066,O31616_H244F,C(C(=O)O)N,-0.10790539730951958,-0.5399652719497681,0.9347608089447021,-0.19428738951683044
2067,O31616_H244F,CNCC(=O)O,0.7403626894942439,-0.17211881279945374,1.0524827241897583,0.0616680383682251
2068,O31616_H244F,CC(C(=O)O)N,0.17609125905568124,-0.11791441589593887,0.6953461170196533,-0.5155702829360962
2069,O31616_H244F,C1CC(NC1)C(=O)O,0.13033376849500614,-0.020793981850147247,1.1392037868499756,-0.4419156014919281
2070,O31616_H244N,CNCC(=O)O,0.12385164096708581,-0.13756063580513,1.038532018661499,0.07328285276889801
2071,O31616_H244N,CC(C(=O)O)N,-0.12493873660829995,-0.09843606501817703,0.6827548742294312,-0.4945846498012543
2072,O31616_H244N,C1CC(NC1)C(=O)O,-0.5228787452803376,0.002905331552028656,1.1046026945114136,-0.42466041445732117
2073,O31616_H244Q,C(C(=O)O)N,0.07918124604762482,-0.5169739127159119,0.908640444278717,-0.14814749360084534
2074,O31616_H244Q,CNCC(=O)O,0.7403626894942439,-0.13880416750907898,1.0295708179473877,0.10004539787769318
2075,O31616_H244Q,CC(C(=O)O)N,0.03342375548694973,-0.09641066938638687,0.6714868545532227,-0.4772185981273651
2076,O31616_H244Q,C1CC(NC1)C(=O)O,0.08990511143939793,0.0031902864575386047,1.098616123199463,-0.40039992332458496
2077,O31616_M261H,C(C(=O)O)N,0.3222192947339193,-0.5421363711357117,0.9061481952667236,-0.17570948600769043
2078,O31616_M261H,CNCC(=O)O,-0.1366771398795441,-0.17098641395568848,1.039008617401123,0.07086244225502014
2079,O31616_M261H,CC(C(=O)O)N,-0.4814860601221125,-0.11901015788316727,0.6644613146781921,-0.5023459196090698
2080,O31616_M261H,C1CC(NC1)C(=O)O,-0.2076083105017461,-0.011622585356235504,1.093407154083252,-0.43081313371658325
2081,O31616_M261Y,C(C(=O)O)N,0.07918124604762482,-0.5430908799171448,0.9274482727050781,-0.18103963136672974
2082,O31616_M261Y,CNCC(=O)O,-0.3279021420642826,-0.17772966623306274,1.0536220073699951,0.06040477752685547
2083,O31616_M261Y,CC(C(=O)O)N,-0.3279021420642826,-0.12468341737985611,0.6867243051528931,-0.5073642730712891
2084,O31616_M261Y,C1CC(NC1)C(=O)O,-0.42021640338318983,-0.022048674523830414,1.1215786933898926,-0.4434380531311035
2085,O31616_M261H,O=O,0.3222192947339193,-0.7058303356170654,-0.6585351228713989,0.6867083311080933
2086,O31616_H244F,O=O,0.7403626894942439,-0.6974870562553406,-0.6424193382263184,0.6866899728775024
2087,O31616_H244Q,O=O,0.7403626894942439,-0.6858527064323425,-0.6692147850990295,0.705539345741272
2088,O31616_M261Y,O=O,0.07918124604762482,-0.7039501667022705,-0.6372910141944885,0.673466682434082
2089,P21656_wild,C1=CC=C2C(=C1)C(=CN2)CC(C(=O)O)N,-0.045757490560675115,0.742586076259613,-1.574779748916626,1.5379059314727783
2090,Q8I6T2_wild,C1=CC(=C[N+](=C1)C2C(C(C(O2)COP(=O)(O)OP(=O)(O)OCC3C(C(C(O3)N4C=NC5=C(N=CN=C54)N)OP(=O)(O)O)O)O)O)C(=O)N,2.1398790864012365,0.8676061630249023,-1.718761682510376,2.1322362422943115
2091,Q8I6T2_wild,C(C(C(C(=O)O)O)C(=O)O)C(=O)O,2.1398790864012365,1.1557362079620361,-1.1824619770050049,1.968827247619629
2092,Q8I6T2_wild,[Mg+2],2.1398790864012365,0.9124676585197449,-1.0580785274505615,2.408277750015259
2093,Q8I6T2_wild,[Mn+2],2.1398790864012365,0.6325494050979614,-2.1718525886535645,2.863363027572632
2094,P33198_wild,C(C(C(C(=O)O)O)C(=O)O)C(=O)O,1.4871383754771865,1.3285616636276245,-1.5172728300094604,1.7515888214111328
2095,O75874_wild,C1=CC(=C[N+](=C1)C2C(C(C(O2)COP(=O)(O)OP(=O)(O)OCC3C(C(C(O3)N4C=NC5=C(N=CN=C54)N)OP(=O)(O)O)O)O)O)C(=O)N,5.643452676486188,1.112884283065796,-1.7900779247283936,2.0732169151306152
2096,O75874_wild,[Mg+2].[Cl-].[Cl-],5.643452676486188,0.5280804634094238,-0.8107274770736694,2.778468132019043
2097,O75874_R132H,[Mg+2].[Cl-].[Cl-],1.5740312677277188,0.18874803185462952,-0.7597727179527283,2.5458335876464844
2098,O75874_R132H,C1=CC(=C[N+](=C1)C2C(C(C(O2)COP(=O)(O)OP(=O)(O)OCC3C(C(C(O3)N4C=NC5=C(N=CN=C54)N)OP(=O)(O)O)O)O)O)C(=O)N,1.5740312677277188,0.7692742347717285,-1.730968713760376,1.7987253665924072
2099,O75874_R132H,C1C=CN(C=C1C(=O)N)C2C(C(C(O2)COP(=O)(O)OP(=O)(O)OCC3C(C(C(O3)N4C=NC5=C(N=CN=C54)N)OP(=O)(O)O)O)O)O,3.0,0.8372693657875061,-2.336838960647583,2.362412929534912
2100,P9WKL1_wild,C(CC(=O)O)C(=O)C(=O)O,-0.9208187539523752,1.2885054349899292,-0.589778482913971,0.8103816509246826
2101,P9WKL1_wild,C1C=CN(C=C1C(=O)N)C2C(C(C(O2)COP(=O)(O)OP(=O)(O)OCC3C(C(C(O3)N4C=NC5=C(N=CN=C54)N)OP(=O)(O)O)O)O)O,-1.0,1.3029190301895142,-2.0423407554626465,2.189675807952881
2102,Q8G490_wild,C1=CC(=C[N+](=C1)C2C(C(C(O2)COP(=O)(O)OP(=O)(O)OCC3C(C(C(O3)N4C=NC5=C(N=CN=C54)N)OP(=O)(O)O)O)O)O)C(=O)N,1.6829569263012085,1.0789706707000732,-1.150437831878662,1.5491228103637695
2103,Q8G490_R314D,C1=CC(=C[N+](=C1)C2C(C(C(O2)COP(=O)(O)OP(=O)(O)OCC3C(C(C(O3)N4C=NC5=C(N=CN=C54)N)OP(=O)(O)O)O)O)O)C(=O)N,0.33243845991560533,1.0135955810546875,-1.0989872217178345,1.461252212524414
2104,Q8G490_D253A/S257K/K260Q/R314D/H315I/T327A,C1=CC(=C[N+](=C1)C2C(C(C(O2)COP(=O)(O)OP(=O)(O)OCC3C(C(C(O3)N4C=NC5=C(N=CN=C54)N)OP(=O)(O)O)O)O)O)C(=O)N,-0.5128616245228135,0.9755887389183044,-1.0853021144866943,1.4084060192108154
2105,O75874_H133Q,C1=CC(=C[N+](=C1)C2C(C(C(O2)COP(=O)(O)OP(=O)(O)OCC3C(C(C(O3)N4C=NC5=C(N=CN=C54)N)OP(=O)(O)O)O)O)O)C(=O)N,1.6532125137753437,0.9027061462402344,-1.72478187084198,1.8753831386566162
2106,O75874_A134D,C1=CC(=C[N+](=C1)C2C(C(C(O2)COP(=O)(O)OP(=O)(O)OCC3C(C(C(O3)N4C=NC5=C(N=CN=C54)N)OP(=O)(O)O)O)O)O)C(=O)N,0.36172783601759284,0.9201987385749817,-1.7408971786499023,1.897222876548767
2107,O75874_R100Q,C1=CC(=C[N+](=C1)C2C(C(C(O2)COP(=O)(O)OP(=O)(O)OCC3C(C(C(O3)N4C=NC5=C(N=CN=C54)N)OP(=O)(O)O)O)O)O)C(=O)N,0.7481880270062004,0.752893328666687,-1.727896809577942,1.7739293575286865
2108,O75874_R132C,C1=CC(=C[N+](=C1)C2C(C(C(O2)COP(=O)(O)OP(=O)(O)OCC3C(C(C(O3)N4C=NC5=C(N=CN=C54)N)OP(=O)(O)O)O)O)O)C(=O)N,2.8512583487190755,0.7139692902565002,-1.7578084468841553,1.7846310138702393
2109,O75874_R132G,C1=CC(=C[N+](=C1)C2C(C(C(O2)COP(=O)(O)OP(=O)(O)OCC3C(C(C(O3)N4C=NC5=C(N=CN=C54)N)OP(=O)(O)O)O)O)O)C(=O)N,0.9684829485539351,0.7407845854759216,-1.695947289466858,1.761164903640747
2110,O75874_R100Q,C1C=CN(C=C1C(=O)N)C2C(C(C(O2)COP(=O)(O)OP(=O)(O)OCC3C(C(C(O3)N4C=NC5=C(N=CN=C54)N)OP(=O)(O)O)O)O)O,-0.46852108295774486,0.8315162658691406,-2.3315696716308594,2.3451316356658936
2111,O75874_R132C,C1C=CN(C=C1C(=O)N)C2C(C(C(O2)COP(=O)(O)OP(=O)(O)OCC3C(C(C(O3)N4C=NC5=C(N=CN=C54)N)OP(=O)(O)O)O)O)O,2.7403626894942437,0.7911332845687866,-2.3578755855560303,2.3534445762634277
2112,O75874_T77A,C(C(C(C(=O)O)O)C(=O)O)C(=O)O,0.48287358360875376,0.8793741464614868,-1.0740036964416504,1.3081356287002563
2113,O75874_S94A,C(C(C(C(=O)O)O)C(=O)O)C(=O)O,0.3820170425748684,0.964139461517334,-1.0936564207077026,1.3802295923233032
2114,O75874_T77A/S94A,C(C(C(C(=O)O)O)C(=O)O)C(=O)O,-0.3979400086720376,0.7447367906570435,-1.017883062362671,1.181128740310669
2115,O75874_R100A,C(C(C(C(=O)O)O)C(=O)O)C(=O)O,-0.9208187539523752,0.8841135501861572,-0.9884257316589355,1.2699474096298218
2116,O75874_R109A,C(C(C(C(=O)O)O)C(=O)O)C(=O)O,-0.431798275933005,0.8340152502059937,-0.9742926359176636,1.22312593460083
2117,O75874_R109Q,C(C(C(C(=O)O)O)C(=O)O)C(=O)O,-0.6382721639824072,0.6859327554702759,-1.077002763748169,1.156795859336853
2118,O75874_R132S,C(C(C(C(=O)O)O)C(=O)O)C(=O)O,0.43136376415898736,0.8245849609375,-0.9688460826873779,1.217948079109192
2119,O75874_Y139A,C(C(C(C(=O)O)O)C(=O)O)C(=O)O,-1.431798275933005,0.8949242830276489,-0.9924801588058472,1.274613618850708
2120,O75874_K212A,C(C(C(C(=O)O)O)C(=O)O)C(=O)O,-1.958607314841775,0.735619843006134,-0.9811563491821289,1.1531105041503906
2121,O75874_D252A,C(C(C(C(=O)O)O)C(=O)O)C(=O)O,-1.619788758288394,0.829266369342804,-1.1099863052368164,1.2819643020629883
2122,O75874_D275A,C(C(C(C(=O)O)O)C(=O)O)C(=O)O,0.10380372095595687,0.8577359914779663,-1.0928828716278076,1.3126330375671387
2123,P21954_wild,C1=CC(=C[N+](=C1)C2C(C(C(O2)COP(=O)(O)OP(=O)(O)OCC3C(C(C(O3)N4C=NC5=C(N=CN=C54)N)OP(=O)(O)O)O)O)O)C(=O)N,1.4199557484897578,1.3917943239212036,-1.7755827903747559,2.128994941711426
2124,P21954_wild,C(C(C(C(=O)O)O)C(=O)O)C(=O)O,1.4199557484897578,1.419952154159546,-1.231977939605713,1.6081011295318604
2125,P21954_R148H,C(C(C(C(=O)O)O)C(=O)O)C(=O)O,-0.5686362358410126,1.0745235681533813,-1.1638587713241577,1.338423490524292
2126,P21954_R148H,C1=CC(=C[N+](=C1)C2C(C(C(O2)COP(=O)(O)OP(=O)(O)OCC3C(C(C(O3)N4C=NC5=C(N=CN=C54)N)OP(=O)(O)O)O)O)O)C(=O)N,-0.5686362358410126,0.9607342481613159,-1.7248735427856445,1.8364653587341309
2127,P21954_R148A,C(C(C(C(=O)O)O)C(=O)O)C(=O)O,1.0934216851622351,1.332205891609192,-1.0826692581176758,1.4695014953613281
2128,P21954_R148A,C1=CC(=C[N+](=C1)C2C(C(C(O2)COP(=O)(O)OP(=O)(O)OCC3C(C(C(O3)N4C=NC5=C(N=CN=C54)N)OP(=O)(O)O)O)O)O)C(=O)N,1.0934216851622351,1.1855500936508179,-1.6842374801635742,1.931166172027588
2129,P21954_R148E,C1=CC(=C[N+](=C1)C2C(C(C(O2)COP(=O)(O)OP(=O)(O)OCC3C(C(C(O3)N4C=NC5=C(N=CN=C54)N)OP(=O)(O)O)O)O)O)C(=O)N,-0.2076083105017461,0.966719388961792,-1.6822351217269897,1.789748191833496
2130,P21954_R148E,C(C(C(C(=O)O)O)C(=O)O)C(=O)O,-0.2076083105017461,1.0879424810409546,-1.1007916927337646,1.3146719932556152
2131,Q6C2Y4_wild,C(C(C(C(=O)O)O)C(=O)O)C(=O)O,1.424881636631067,1.2112364768981934,-1.075703501701355,1.2733045816421509
2132,Q6C2Y4_R141H,C(C(C(C(=O)O)O)C(=O)O)C(=O)O,-0.8538719643217619,0.9369760751724243,-1.0092418193817139,1.0454771518707275
2133,Q6C2Y4_R141H,C1=CC(=C[N+](=C1)C2C(C(C(O2)COP(=O)(O)OP(=O)(O)OCC3C(C(C(O3)N4C=NC5=C(N=CN=C54)N)OP(=O)(O)O)O)O)O)C(=O)N,-0.8538719643217619,0.8122124075889587,-1.5710972547531128,1.4914827346801758
2134,Q6C2Y4_R141A,C(C(C(C(=O)O)O)C(=O)O)C(=O)O,0.07918124604762482,1.011345624923706,-0.9401869773864746,1.0951180458068848
2135,Q6C2Y4_R141A,C1=CC(=C[N+](=C1)C2C(C(C(O2)COP(=O)(O)OP(=O)(O)OCC3C(C(C(O3)N4C=NC5=C(N=CN=C54)N)OP(=O)(O)O)O)O)O)C(=O)N,0.07918124604762482,0.8810939192771912,-1.5250859260559082,1.49104905128479
2136,O75874_R132A,C1=CC(=C[N+](=C1)C2C(C(C(O2)COP(=O)(O)OP(=O)(O)OCC3C(C(C(O3)N4C=NC5=C(N=CN=C54)N)OP(=O)(O)O)O)O)O)C(=O)N,-0.6575773191777937,0.9034540057182312,-1.6855676174163818,1.84974205493927
2137,P21954_R148H,C1C=CN(C=C1C(=O)N)C2C(C(C(O2)COP(=O)(O)OP(=O)(O)OCC3C(C(C(O3)N4C=NC5=C(N=CN=C54)N)OP(=O)(O)O)O)O)O,-0.46852108295774486,1.0347627401351929,-2.2632927894592285,2.416346788406372
2138,P21954_R148H,C(CC(=O)O)C(=O)C(=O)O,-0.46852108295774486,1.0718367099761963,-0.6677684783935547,0.8704770803451538
2139,Q6C2Y4_R141H,C1C=CN(C=C1C(=O)N)C2C(C(C(O2)COP(=O)(O)OP(=O)(O)OCC3C(C(C(O3)N4C=NC5=C(N=CN=C54)N)OP(=O)(O)O)O)O)O,-0.36653154442041347,0.941039502620697,-2.172532081604004,2.0805623531341553
2140,Q6C2Y4_R141H,C(CC(=O)O)C(=O)C(=O)O,-0.36653154442041347,0.933471143245697,-0.5464173555374146,0.6402967572212219
2141,O75874_wild,[Mg+2],5.113943352306837,1.162892460823059,-0.8480657339096069,2.444464683532715
2142,O75874_R132C,[Mg+2],2.8512583487190755,0.7796038389205933,-0.8082125186920166,2.1913719177246094
2143,O94219_wild,C1=CC(=CC(=C1)F)CO,0.7781512503836436,1.2084370851516724,-0.46877703070640564,0.9911885261535645
2144,O94219_wild,C1=CC(=CC=C1CO)F,1.505149978319906,0.7711113691329956,-0.11033153533935547,0.9478425979614258
2145,O94219_wild,C1=CC(=CC=C1CO)Cl,1.7075701760979363,1.0345568656921387,-0.3326249122619629,1.05544912815094
2146,O94219_wild,C1=CC(=CC(=C1)Cl)CO,1.3424226808222062,0.9370889663696289,-0.5144864916801453,1.071082353591919
2147,O94219_wild,COC1=CC=CC(=C1)CO,1.1760912590556813,1.4689282178878784,-0.9781824946403503,1.5742987394332886
2148,O94219_wild,COC1=C(C=C(C=C1)CO)Cl,1.662757831681574,0.8965505361557007,-0.9012696146965027,1.304739236831665
2149,O94219_wild,COC1=C(C=C(C=C1)CO)O,2.103803720955957,0.8764410614967346,-1.0666015148162842,1.346282958984375
2150,O94219_wild,C1=CC=C(C=C1)C=CCO,1.8129133566428557,0.6261070966720581,-0.7948095798492432,1.3827672004699707
2151,O94219_wild,C1=CC(=CC=C1CO)C(=O)O,-0.494850021680094,1.2001444101333618,-0.258256196975708,0.8274333477020264
2152,Q43088_E281Q,C[S+](CCC(C(=O)[O-])N)CC1C(C(C(O1)N2C=NC3=C(N=CN=C32)N)O)O,-2.6989700043360187,0.020136766135692596,-2.124164581298828,0.7009009718894958
2153,Q3J5L6_wild,C(=O)C(=O)[O-],1.0791812460476249,0.9163944125175476,-0.03568422794342041,1.3786081075668335
2154,Q3J5L6_wild,CC(C)(COP(=O)(O)OP(=O)(O)OCC1C(C(C(O1)N2C=NC3=C(N=CN=C32)N)O)OP(=O)(O)O)C(C(=O)NCCC(=O)NCCSC(=O)CC(C(=O)O)O)O,0.3979400086720376,0.7485525012016296,-1.1683954000473022,1.9041082859039307
2155,P35914_R41Q,CC(C)(COP(=O)(O)OP(=O)(O)OCC1C(C(C(O1)N2C=NC3=C(N=CN=C32)N)O)OP(=O)(O)O)C(C(=O)NCCC(=O)NCCSC(=O)CC(C)(CC(=O)O)O)O,-3.3979400086720375,0.29506486654281616,-1.5637037754058838,1.4311821460723877
2156,P35914_R41Q,[Mg+2],-3.3979400086720375,0.18663397431373596,-0.6009989380836487,0.530799925327301
2157,P35914_wild,CC(C)(COP(=O)(O)OP(=O)(O)OCC1C(C(C(O1)N2C=NC3=C(N=CN=C32)N)O)OP(=O)(O)O)C(C(=O)NCCC(=O)NCCSC(=O)CC(C)(CC(=O)O)O)O,2.03342375548695,0.8324878215789795,-1.6384007930755615,1.9114890098571777
2158,P35914_E37D,CC(C)(COP(=O)(O)OP(=O)(O)OCC1C(C(C(O1)N2C=NC3=C(N=CN=C32)N)O)OP(=O)(O)O)C(C(=O)NCCC(=O)NCCSC(=O)CC(C)(CC(=O)O)O)O,1.9355072658247128,0.7854116559028625,-1.626752257347107,1.87864089012146
2159,P35914_D42E,CC(C)(COP(=O)(O)OP(=O)(O)OCC1C(C(C(O1)N2C=NC3=C(N=CN=C32)N)O)OP(=O)(O)O)C(C(=O)NCCC(=O)NCCSC(=O)CC(C)(CC(=O)O)O)O,1.0530784434834197,0.6722977161407471,-1.6145758628845215,1.769568681716919
2160,P35914_D42N,CC(C)(COP(=O)(O)OP(=O)(O)OCC1C(C(C(O1)N2C=NC3=C(N=CN=C32)N)O)OP(=O)(O)O)C(C(=O)NCCC(=O)NCCSC(=O)CC(C)(CC(=O)O)O)O,-0.728158393463501,0.32757019996643066,-1.5771944522857666,1.5193675756454468
2161,P35914_D204A,CC(C)(COP(=O)(O)OP(=O)(O)OCC1C(C(C(O1)N2C=NC3=C(N=CN=C32)N)O)OP(=O)(O)O)C(C(=O)NCCC(=O)NCCSC(=O)CC(C)(CC(=O)O)O)O,0.7403626894942439,0.4473087787628174,-1.556598424911499,1.5834091901779175
2162,P35914_E279A,CC(C)(COP(=O)(O)OP(=O)(O)OCC1C(C(C(O1)N2C=NC3=C(N=CN=C32)N)O)OP(=O)(O)O)C(C(=O)NCCC(=O)NCCSC(=O)CC(C)(CC(=O)O)O)O,1.9656719712201067,0.7117002606391907,-1.6254971027374268,1.826500415802002
2163,P35914_D280A,CC(C)(COP(=O)(O)OP(=O)(O)OCC1C(C(C(O1)N2C=NC3=C(N=CN=C32)N)O)OP(=O)(O)O)C(C(=O)NCCC(=O)NCCSC(=O)CC(C)(CC(=O)O)O)O,2.0433622780211294,0.3716052770614624,-1.596959114074707,1.5315711498260498
2164,Q94B74_wild,C1C=CN(C=C1C(=O)N)C2C(C(C(O2)COP(=O)(O)OP(=O)(O)OCC3C(C(C(O3)N4C=NC5=C(N=CN=C54)N)O)O)O)O,-2.0,0.706441342830658,-1.665421724319458,0.7919996976852417
2165,Q9SJC4_wild,C1C=CN(C=C1C(=O)N)C2C(C(C(O2)COP(=O)(O)OP(=O)(O)OCC3C(C(C(O3)N4C=NC5=C(N=CN=C54)N)O)O)O)O,-0.744727494896694,0.7722909450531006,-1.6788654327392578,0.9724494814872742
2166,Q9SU14_wild,C1C=CN(C=C1C(=O)N)C2C(C(C(O2)COP(=O)(O)OP(=O)(O)OCC3C(C(C(O3)N4C=NC5=C(N=CN=C54)N)O)O)O)O,-1.2218487496163564,0.9256904125213623,-1.7072088718414307,1.0541764497756958
2167,O66940_wild,C(CC(C(=O)O)N)CN,1.9912260756924949,0.7649761438369751,0.13046689331531525,0.6346710920333862
2168,P30125_wild,C1=CC(=C[N+](=C1)C2C(C(C(O2)COP(=O)([O-])OP(=O)(O)OCC3C(C(C(O3)N4C=NC5=C(N=CN=C54)N)O)O)O)O)C(=O)N,1.8388490907372552,0.7990729808807373,-0.6841450929641724,1.3706297874450684
2169,P30125_wild,CC(C)C(C(C(=O)O)O)C(=O)O,1.8388490907372552,0.5523954033851624,-1.2055847644805908,1.2382004261016846
2170,Q5SIY4_wild,CC(C)C(C(C(=O)O)O)C(=O)O,1.2787536009528289,0.7343603372573853,-1.2886459827423096,1.4958893060684204
2171,P30125_wild,CCC(C(C(=O)O)O)C(=O)O,1.845098040014257,0.4222753942012787,-1.0547938346862793,1.0706168413162231
2172,P28825_wild,CCC(C)C(C(=O)NC(CC(C)C)C(=O)O)NC(=O)C(CC1=CC=C(C=C1)O)NC(=O)C2CCCN2C(=O)C(CCCN=C(N)N)NC(=O)C(CCCN=C(N)N)NC(=O)C3CCCN3C(=O)C(CCCCN)NC(=O)C(CC(=O)N)NC(=O)C(CCC(=O)O)NC(=O)C(CC4=CC=C(C=C4)O)NC(=O)C(CC(C)C)NC(=O)C5CCC(=O)N5,0.8808135922807914,0.7085156440734863,-0.8971132636070251,1.1167426109313965
2173,P28825_wild,CCC(C)C(C(=O)NC(CC1=CN=CN1)C(=O)N2CCCC2C(=O)NC(CC3=CC=CC=C3)C(=O)NC(CC4=CN=CN4)C(=O)NC(CC(C)C)C(=O)O)NC(=O)C(CC5=CC=C(C=C5)O)NC(=O)C(C(C)C)NC(=O)C(CCCN=C(N)N)NC(=O)C(CC(=O)O)N,-0.1938200260161128,0.7631706595420837,-1.0106487274169922,1.2327783107757568
2174,P28825_wild,CCC(C)C(C(=O)NC(CC1=CN=CN1)C(=O)N2CCCC2C(=O)NC(CC3=CC=CC=C3)C(=O)O)NC(=O)C(CC4=CC=C(C=C4)O)NC(=O)C(C(C)C)NC(=O)C(CCCN=C(N)N)NC(=O)C(CC(=O)O)N,-0.8239087409443188,0.906606137752533,-0.8762899041175842,1.1723158359527588
2175,P28825_wild,CCC(C)C(C(=O)NC(CC1=CN=CN1)C(=O)N2CCCC2C(=O)NC(CC3=CC=CC=C3)C(=O)O)NC(=O)C(CC4=CC=C(C=C4)O)NC(=O)C(C(C)C)NC(=O)C(CCCN=C(N)N)N,-1.0,0.9408614039421082,-0.7293943166732788,1.0947377681732178
2176,P28825_wild,C1CC(N(C1)C(=O)C2CCCN2C(=O)C(CCCN=C(N)N)N)C(=O)NCC(=O)NC(CC3=CC=CC=C3)C(=O)NC(CO)C(=O)N4CCCC4C(=O)NC(CC5=CC=CC=C5)C(=O)NC(CCCN=C(N)N)C(=O)O,1.3424226808222062,0.7104907035827637,-0.8851052522659302,1.4746962785720825
2177,P28825_wild,C1CC(N(C1)C(=O)C(CCCN=C(N)N)N)C(=O)NCC(=O)NC(CC2=CC=CC=C2)C(=O)NC(CO)C(=O)N3CCCC3C(=O)NC(CC4=CC=CC=C4)C(=O)NC(CCCN=C(N)N)C(=O)O,1.8041394323353506,1.012694239616394,-0.7618423700332642,1.5968945026397705
2178,P28825_wild,C1CC(N(C1)C(=O)C(CCCN=C(N)N)N)C(=O)N2CC(CC2C(=O)NCC(=O)NC(CC3=CC=CC=C3)C(=O)NC(CO)C(=O)N4CCCC4C(=O)NC(CC5=CC=CC=C5)C(=O)NC(CCCN=C(N)N)C(=O)O)O,0.38021124171160603,0.7779929637908936,-0.9543953537940979,1.4509871006011963
2179,P28825_wild,CC(C(C(=O)N1CCCC1C(=O)NC(CC2=CC=CC=C2)C(=O)NC(CCCN=C(N)N)C(=O)O)NC(=O)C(CC3=CC=CC=C3)NC(=O)CNC(=O)C4CCCN4C(=O)C5CCCN5C(=O)C(CCCN=C(N)N)N)O,-0.3979400086720376,0.6781294941902161,-0.7903174161911011,1.2407801151275635
2180,Q5UR82_wild,CSCCC(C(=O)O)N,-1.3279021420642825,-0.5052909851074219,-0.5765793919563293,0.6657400131225586
2181,Q94B74_wild,C1=NC(=C2C(=N1)N(C=N2)C3C(C(C(O3)COP(=O)(O)OP(=O)(O)OCC4C(C(C(O4)O)O)O)O)O)N,-0.9208187539523752,0.6136305332183838,-1.466670036315918,0.7513402700424194
2182,Q9SJC4_wild,C1=NC(=C2C(=N1)N(C=N2)C3C(C(C(O3)COP(=O)(O)OP(=O)(O)OCC4C(C(C(O4)O)O)O)O)O)N,-0.958607314841775,0.7278313636779785,-1.4851360321044922,0.900774359703064
2183,Q9SU14_wild,C1=NC(=C2C(=N1)N(C=N2)C3C(C(C(O3)COP(=O)(O)OP(=O)(O)OCC4C(C(C(O4)O)O)O)O)O)N,-0.9208187539523752,0.7990983724594116,-1.5096744298934937,1.0437204837799072
2184,Q6NPD7_wild,C1=NC(=C2C(=N1)N(C=N2)C3C(C(C(O3)COP(=O)(O)OP(=O)(O)OCC4C(C(C(O4)O)O)O)O)O)N,-1.2218487496163564,0.7568223476409912,-1.552298903465271,0.6320281028747559
2185,Q9NS18_wild,C(CC(=O)NC(CS)C(=O)NCC(=O)O)C(C(=O)O)N,1.8530895298518655,0.8441290259361267,0.5344429612159729,1.1413127183914185
2186,E3W9M3_wild,C1=CC(=CC=C1C(=O)OC2C(C(C(C(O2)CO)O)O)O)O,-1.4436974992327127,-0.1460680067539215,-0.38025426864624023,0.4476662874221802
2187,E3W9M3_wild,COC1=C(C=CC(=C1)C(=O)OC2C(C(C(C(O2)CO)O)O)O)O,-1.0,-0.13835886120796204,-0.2243833988904953,0.49812108278274536
2188,E3W9M3_wild,C1=CC(=C(C=C1C2=[O+]C3=CC(=CC(=C3C=C2OC4C(C(C(C(O4)CO)O)O)O)O)O)O)O,-0.7695510786217261,-0.17309334874153137,-0.49840375781059265,0.7662134170532227
2189,E3W9M3_wild,C1=CC(=C(C=C1C2=C(C=C3C(=CC(=CC3=[O+]2)O)OC4C(C(C(C(O4)CO)O)O)O)OC5C(C(C(C(O5)CO)O)O)O)O)O,-1.7212463990471711,-0.5093288421630859,-0.5815871953964233,0.5143917798995972
2190,E3W9M3_wild,C1=CC(=C(C=C1C2=[O+]C3=CC(=CC(=C3C=C2OC4C(C(C(C(O4)CO)O)O)O)O)OC5C(C(C(C(O5)CO)O)O)O)O)O,-2.0861861476162833,-0.4561750292778015,-0.5324720144271851,0.6427403688430786
2191,P08684_wild,CC12CCC3C(C1CCC2O)CCC4=CC(=O)CCC34C,0.11394335230683679,-1.0214537382125854,-2.3265295028686523,1.0870475769042969
2192,P08684_wild,C1=CC=C(C=C1)COC2=CC3=C(C=CC=N3)C=C2,-1.2730012992071436,-1.3255723714828491,-2.067084789276123,0.5298232436180115
2193,P28329_wild,C[N+](C)(C)CCO,1.9982593384236986,0.39539337158203125,-0.5675215721130371,1.567798376083374
2194,P28329_wild,CC(=O)SCCNC(=O)CCNC(=O)C(C(C)(C)COP(=O)(O)OP(=O)(O)OCC1C(C(C(O1)N2C=NC3=C(N=CN=C32)N)O)OP(=O)(O)O)O,1.9982593384236986,0.3094143867492676,-1.187866449356079,1.8988826274871826
2195,P28329_P211A,CC(=O)SCCNC(=O)CCNC(=O)C(C(C)(C)COP(=O)(O)OP(=O)(O)OCC1C(C(C(O1)N2C=NC3=C(N=CN=C32)N)O)OP(=O)(O)O)O,2.622006673006805,0.30856889486312866,-1.1913222074508667,1.8993500471115112
2196,P28329_P211A,C[N+](C)(C)CCO,2.622006673006805,0.3931668698787689,-0.5708798170089722,1.5698901414871216
2197,P28329_I305T,C[N+](C)(C)CCO,1.7810369386211318,0.3954452872276306,-0.5659385323524475,1.5718896389007568
2198,P28329_I305T,CC(=O)SCCNC(=O)CCNC(=O)C(C(C)(C)COP(=O)(O)OP(=O)(O)OCC1C(C(C(O1)N2C=NC3=C(N=CN=C32)N)O)OP(=O)(O)O)O,1.7810369386211318,0.3148561418056488,-1.1871485710144043,1.9025871753692627
2199,P28329_R420C,CC(=O)SCCNC(=O)CCNC(=O)C(C(C)(C)COP(=O)(O)OP(=O)(O)OCC1C(C(C(O1)N2C=NC3=C(N=CN=C32)N)O)OP(=O)(O)O)O,2.2474822606770544,0.2295818030834198,-1.154954195022583,1.8430912494659424
2200,P28329_R420C,C[N+](C)(C)CCO,2.2474822606770544,0.32225340604782104,-0.552933394908905,1.513983964920044
2201,P28329_R482G,CC(=O)SCCNC(=O)CCNC(=O)C(C(C)(C)COP(=O)(O)OP(=O)(O)OCC1C(C(C(O1)N2C=NC3=C(N=CN=C32)N)O)OP(=O)(O)O)O,1.99563519459755,0.3264544904232025,-1.1786892414093018,1.89933180809021
2202,P28329_R482G,C[N+](C)(C)CCO,1.99563519459755,0.40462079644203186,-0.561612069606781,1.5626118183135986
2203,P28329_S498L,CC(=O)SCCNC(=O)CCNC(=O)C(C(C)(C)COP(=O)(O)OP(=O)(O)OCC1C(C(C(O1)N2C=NC3=C(N=CN=C32)N)O)OP(=O)(O)O)O,1.9474337218870508,0.31463199853897095,-1.197724461555481,1.8954569101333618
2204,P28329_S498L,C[N+](C)(C)CCO,1.9474337218870508,0.3902122378349304,-0.5702443718910217,1.5649197101593018
2205,P28329_V506L,CC(=O)SCCNC(=O)CCNC(=O)C(C(C)(C)COP(=O)(O)OP(=O)(O)OCC1C(C(C(O1)N2C=NC3=C(N=CN=C32)N)O)OP(=O)(O)O)O,2.0996806411092503,0.31476056575775146,-1.1858474016189575,1.8953330516815186
2206,P28329_V506L,C[N+](C)(C)CCO,2.0996806411092503,0.3990795612335205,-0.5607061386108398,1.562404751777649
2207,P28329_L210P,CC(=O)SCCNC(=O)CCNC(=O)C(C(C)(C)COP(=O)(O)OP(=O)(O)OCC1C(C(C(O1)N2C=NC3=C(N=CN=C32)N)O)OP(=O)(O)O)O,1.5440680443502757,0.30219766497612,-1.1858426332473755,1.891547679901123
2208,P28329_L210P,C[N+](C)(C)CCO,1.5440680443502757,0.38776108622550964,-0.5683582425117493,1.5596071481704712
2209,P28329_R560H,CC(=O)SCCNC(=O)CCNC(=O)C(C(C)(C)COP(=O)(O)OP(=O)(O)OCC1C(C(C(O1)N2C=NC3=C(N=CN=C32)N)O)OP(=O)(O)O)O,1.5327543789924978,0.30960607528686523,-1.1802729368209839,1.8967695236206055
2210,P28329_R560H,C[N+](C)(C)CCO,1.5327543789924978,0.3945167064666748,-0.5648424625396729,1.566535234451294
2211,O34714_R92K,C(=O)(C(=O)[O-])[O-],-0.045757490560675115,1.8580213785171509,0.5582886934280396,0.4218543469905853
2212,O34714_E162D,C(=O)(C(=O)[O-])[O-],1.462397997898956,1.9370185136795044,0.5502724051475525,0.4770338833332062
2213,O34714_E162Q,C(=O)(C(=O)[O-])[O-],-0.5228787452803376,1.9196501970291138,0.5482854843139648,0.4916711151599884
2214,O34714_E101Q,C(=O)(C(=O)[O-])[O-],-0.2076083105017461,1.8460969924926758,0.5530545115470886,0.4249529540538788
2215,O34714_E280Q,C(=O)(C(=O)[O-])[O-],-0.2076083105017461,1.8007704019546509,0.5713075399398804,0.3807370662689209
2216,Q6QWR1_wild,C(C1C(C(C(C(O1)OC2C(OC(C(C2O)O)O)CO)O)O)O)O,2.0056094453602804,1.3477481603622437,0.3704257011413574,0.6125591397285461
2217,Q6QWR1_wild,C(C=O)C(C(C(CO)O)O)O,1.606381365110605,0.9599663019180298,0.7378020882606506,0.5756378769874573
2218,O86963_wild,C(C(COP(=O)(O)O)O)O,1.568201724066995,0.9416846632957458,-0.215252086520195,1.0378607511520386
2219,O86963_wild,O=O,1.568201724066995,0.49788111448287964,-1.3681594133377075,1.9853200912475586
2220,Q7JK39_wild,C1=CC(C(C=C1)O)O,1.146128035678238,0.31741517782211304,-0.07055060565471649,0.6060783863067627
2221,Q7JK39_wild,C1=CC(=CC=C1C=O)[N+](=O)[O-],1.0530784434834197,0.6060019731521606,-0.32190537452697754,1.0592570304870605
2222,Q7JK39_wild,C(C(=O)CO)O,0.7403626894942439,0.08088067919015884,0.4941568672657013,0.18047766387462616
2223,Q7JK39_wild,C(C(=O)COP(=O)(O)O)O,0.6334684555795865,0.20581790804862976,-0.010253043845295906,0.2905176877975464
2224,Q7JK39_wild,C(C(C=O)O)O,1.4969296480732148,0.45251378417015076,0.4972572922706604,0.5233464241027832
2225,Q7JK39_wild,C(C(C=O)O)OP(=O)(O)O,0.9030899869919435,0.6496357321739197,-0.20740997791290283,0.8295033574104309
2226,P0A6F5_Y485W,C1=NC(=C2C(=N1)N(C=N2)C3C(C(C(O3)COP(=O)(O)OP(=O)(O)OP(=O)(O)O)O)O)N,-0.8664610916297825,0.0008682385087013245,-0.8036791682243347,0.7193268537521362
2227,Q9CI75_wild,C(CC(=O)N)C(C(=O)O)N,0.7558748556724915,0.07170521467924118,-0.1318834275007248,0.2058873176574707
2228,Q9CI75_wild,C1=NC2=C(N1C3C(C(C(O3)COP(=O)(O)OP(=O)(O)OP(=O)(O)O)O)O)N=C(NC2=O)N,0.568201724066995,0.11222531646490097,-0.7300829887390137,0.8880643844604492
2229,Q9CI75_wild,N,0.7993405494535817,0.2634824812412262,1.7988225221633911,0.16985639929771423
2230,Q9CI75_R359M,N,0.8388490907372553,0.20361950993537903,1.8268579244613647,0.14774464070796967
2231,Q9CI75_R359P,N,0.7075701760979364,0.14531058073043823,1.8115818500518799,0.09100206196308136
2232,Q9CI75_G360A,N,0.8750612633917001,0.23429930210113525,1.8123160600662231,0.14676015079021454
2233,Q9CI75_G360P,N,0.25527250510330607,0.21483728289604187,1.8135887384414673,0.13828083872795105
2234,Q9CI75_E362Q,N,1.0043213737826426,0.2582508325576782,1.7994511127471924,0.16231901943683624
2235,Q9CI75_R359M,C(CC(=O)N)C(C(=O)O)N,-0.8239087409443188,0.018911372870206833,-0.11585642397403717,0.19597119092941284
2236,Q9CI75_R359P,C(CC(=O)N)C(C(=O)O)N,-1.1051303432547475,-0.050875864923000336,-0.10540840774774551,0.14813651144504547
2237,Q9CI75_G360A,C(CC(=O)N)C(C(=O)O)N,-0.21609642072726507,0.039631400257349014,-0.12256591767072678,0.19443076848983765
2238,Q9CI75_E362Q,C(CC(=O)N)C(C(=O)O)N,-0.41005039867429227,0.060730159282684326,-0.14135678112506866,0.19924117624759674
2239,P9WHK7_wild,C1=NC(=C2C(=N1)N(C=N2)C3C(C(C(O3)COP(=O)(O)OP(=O)(O)OP(=O)(O)O)O)O)N,1.3404441148401183,0.4022377133369446,-0.7236279845237732,0.9963898658752441
2240,P9WHK7_wild,C1=CN(C(=O)NC1=O)C2C(C(C(O2)COP(=O)(O)OP(=O)(O)OP(=O)(O)O)O)O,1.359835482339888,0.328576922416687,-0.6818548440933228,0.8957085609436035
2241,P9WHK7_V186G,C1=CN(C(=O)NC1=O)C2C(C(C(O2)COP(=O)(O)OP(=O)(O)OP(=O)(O)O)O)O,0.2041199826559248,0.3298315107822418,-0.6661155223846436,0.9050194025039673
2242,P9WHK7_V186G,C1=NC(=C2C(=N1)N(C=N2)C3C(C(C(O3)COP(=O)(O)OP(=O)(O)OP(=O)(O)O)O)O)N,0.17609125905568124,0.42432722449302673,-0.7068964242935181,1.021125078201294
2243,P49189_wild,CC(=CCCC(=CC=O)C)C,-3.778151163524756,-1.3749487400054932,-2.164976119995117,0.9539860486984253
2244,P19464_wild,C(C(C1C(=C(C(=O)O1)O)O)O)O,-1.0299632388879607,0.09224160760641098,-0.46070876717567444,0.27793535590171814
2245,P19464_wild,C1CC1(C(=O)[O-])N,-1.0299632388879607,0.07318481057882309,-0.9773290753364563,0.23763737082481384
2246,P11509_wild,C1=CC=C2C(=C1)C=CC(=O)O2,-0.8297382846050426,0.06541682034730911,-2.1066365242004395,1.4315029382705688
2247,P11509_wild,COC1=CC2=C(C=C1)C=CC(=O)O2,-1.3979400086720375,-0.7699087262153625,-1.8713704347610474,0.9482868313789368
2248,P11509_wild,CCOC1=CC2=C(C=C1)C=CC(=O)O2,-0.7772835288524167,-0.5312056541442871,-1.8728220462799072,1.0247684717178345
2249,P11509_wild,CC1(C2CCC1(C(=O)C2)C)C,-1.087955152628825,-0.45288240909576416,-1.7397825717926025,1.0213139057159424
2250,P20813_wild,CCOC1=CC2=C(C=C1)C(=CC(=O)O2)C(F)(F)F,-0.5477023800988412,-1.1668566465377808,-1.9856513738632202,0.7553907632827759
2251,P11509_wild,C1=CC=C2C(=C1)C=CN2,-1.5477023800988412,-0.7193899154663086,-1.6065020561218262,0.39959844946861267
2252,P11509_L240C/N297Q,C1=CC=C2C(=C1)C=CN2,-0.3467874862246563,-0.7586463093757629,-1.5949032306671143,0.394630491733551
2253,P11509_V140M/L240C/N297Q/I300V/I366V,C1=CC=C2C(=C1)C=CN2,-0.6989700043360187,-0.7566980123519897,-1.596269130706787,0.40980345010757446
2254,P11509_L240C/N297Q/I300V/I366V,C1=CC=C2C(=C1)C=CN2,-0.8096683018297085,-0.7587324976921082,-1.595868468284607,0.3943690359592438
2255,P11509_V140M/N297Q/I300V/I366V,C1=CC=C2C(=C1)C=CN2,-1.0621478900452108,-0.7427073121070862,-1.603007197380066,0.4124167561531067
2256,P11509_V140M/L240C/I300V/I366V,C1=CC=C2C(=C1)C=CN2,-1.3309931880203911,-0.7299008369445801,-1.6027121543884277,0.4121035635471344
2257,P11509_V140M/L240C/N297Q/I366V,C1=CC=C2C(=C1)C=CN2,0.33911997896761453,-0.7577561736106873,-1.594344139099121,0.4064147174358368
2258,P11509_V140M/L240C/N297Q/I300V,C1=CC=C2C(=C1)C=CN2,-0.8336684795301949,-0.7554033994674683,-1.5968780517578125,0.41357123851776123
2259,P11509_N297Q/I300V/I366V,C1=CC=C2C(=C1)C=CN2,-0.8386319977650252,-0.7447913289070129,-1.6027355194091797,0.39711838960647583
2260,P11509_L240C/N297Q/I300V,C1=CC=C2C(=C1)C=CN2,-0.7026043619817883,-0.7575008273124695,-1.596848726272583,0.39819326996803284
2261,P11509_L240C/N297Q/I366V,C1=CC=C2C(=C1)C=CN2,-0.9520763180426928,-0.7599012851715088,-1.5942256450653076,0.39091378450393677
2262,P11509_V140M/L240C/N297Q,C1=CC=C2C(=C1)C=CN2,-0.971971140682752,-0.756243109703064,-1.5948543548583984,0.41000795364379883
2263,P11509_V140M/N297Q/I300V,C1=CC=C2C(=C1)C=CN2,-0.96523802736988,-0.7414242029190063,-1.6038572788238525,0.4162072241306305
2264,P11509_N297Q/I300V,C1=CC=C2C(=C1)C=CN2,-0.5228787452803376,-0.7437083721160889,-1.6036982536315918,0.40099167823791504
2265,P11509_I300V,C1=CC=C2C(=C1)C=CN2,-1.4993976037156085,-0.7183943390846252,-1.6086962223052979,0.4021223187446594
2266,P11509_N297Q,C1=CC=C2C(=C1)C=CN2,-0.6642078312622763,-0.7449619174003601,-1.6016111373901367,0.39718547463417053
2267,P11509_wild,C1=CC2=C(C=CN2)C(=C1)Cl,-1.6989700043360187,-0.9395536184310913,-1.862747073173523,0.5102198719978333
2268,P11509_L240C/N297Q,C1=CC2=C(C=CN2)C(=C1)Cl,-0.6020599913279624,-0.9697489738464355,-1.8643440008163452,0.5095387697219849
2269,P11509_V140M/L240C/N297Q/I300V/I366V,C1=CC2=C(C=CN2)C(=C1)Cl,-0.6320232767474789,-0.9633660316467285,-1.8657350540161133,0.5222890973091125
2270,P11509_L240C/N297Q/I300V/I366V,C1=CC2=C(C=CN2)C(=C1)Cl,-0.9330530862852668,-0.9627734422683716,-1.8624649047851562,0.508496880531311
2271,P11509_V140M/N297Q/I300V/I366V,C1=CC2=C(C=CN2)C(=C1)Cl,-1.2218487496163564,-0.9567532539367676,-1.8651270866394043,0.5198069214820862
2272,P11509_V140M/L240C/I300V/I366V,C1=CC2=C(C=CN2)C(=C1)Cl,-0.978810700930062,-0.9381209015846252,-1.8671027421951294,0.5245300531387329
2273,P11509_V140M/L240C/N297Q/I366V,C1=CC2=C(C=CN2)C(=C1)Cl,-0.07058107428570727,-0.9675458669662476,-1.8655210733413696,0.5196542739868164
2274,P11509_V140M/L240C/N297Q/I300V,C1=CC2=C(C=CN2)C(=C1)Cl,-1.246672307794655,-0.9660143852233887,-1.868058204650879,0.5262843370437622
2275,P11509_N297Q/I300V/I366V,C1=CC2=C(C=CN2)C(=C1)Cl,-0.045757490560675115,-0.956076979637146,-1.8615350723266602,0.5058078765869141
2276,P11509_L240C/N297Q/I300V,C1=CC2=C(C=CN2)C(=C1)Cl,-0.14468277460431425,-0.9653891324996948,-1.8647174835205078,0.5126299858093262
2277,P11509_L240C/N297Q/I366V,C1=CC2=C(C=CN2)C(=C1)Cl,-0.6320232767474789,-0.9670215845108032,-1.862027645111084,0.505581796169281
2278,P11509_V140M/L240C/N297Q,C1=CC2=C(C=CN2)C(=C1)Cl,-0.8750613719653342,-0.9705501794815063,-1.8677268028259277,0.5236349701881409
2279,P11509_N297Q/I300V,C1=CC2=C(C=CN2)C(=C1)Cl,-0.6320232767474789,-0.9586124420166016,-1.8636877536773682,0.5101233720779419
2280,P11509_V140M/N297Q/I300V,C1=CC2=C(C=CN2)C(=C1)Cl,-0.8287613413330074,-0.959347128868103,-1.8672837018966675,0.5239953398704529
2281,P11509_I300V,C1=CC2=C(C=CN2)C(=C1)Cl,-1.4993976037156085,-0.9341897964477539,-1.8635327816009521,0.5123580098152161
2282,P11509_N297Q,C1=CC2=C(C=CN2)C(=C1)Cl,-0.8590732626568551,-0.9632279872894287,-1.8628394603729248,0.5074809193611145
2283,P11509_V140M/L240C/N297Q/I300V/I366V,C1=CC=C(C=C1)COC2=CC3=C(C=C2)NC=C3,-2.330993188020391,-1.0175167322158813,-1.8850075006484985,0.04026558995246887
2284,P11509_L240C/N297Q/I300V/I366V,C1=CC=C(C=C1)COC2=CC3=C(C=C2)NC=C3,-2.1983676766244384,-1.018227219581604,-1.8810405731201172,0.025838911533355713
2285,P11509_V140M/N297Q/I300V/I366V,C1=CC=C(C=C1)COC2=CC3=C(C=C2)NC=C3,-2.0791812634194047,-1.0129345655441284,-1.8843884468078613,0.04372298717498779
2286,P11509_V140M/L240C/N297Q/I300V,C1=CC=C(C=C1)COC2=CC3=C(C=C2)NC=C3,-2.0,-1.0222963094711304,-1.8874084949493408,0.04515597224235535
2287,P11509_N297Q/I300V/I366V,C1=CC=C(C=C1)COC2=CC3=C(C=C2)NC=C3,-1.5477023800988412,-1.0136972665786743,-1.8807653188705444,0.029188811779022217
2288,P11509_L240C/N297Q/I300V,C1=CC=C(C=C1)COC2=CC3=C(C=C2)NC=C3,-1.3010299956639813,-1.0229581594467163,-1.8836071491241455,0.030569225549697876
2289,P11509_V140M/N297Q/I300V,C1=CC=C(C=C1)COC2=CC3=C(C=C2)NC=C3,-1.574031213440912,-1.0174719095230103,-1.886561632156372,0.0486445426940918
2290,P11509_N297Q/I300V,C1=CC=C(C=C1)COC2=CC3=C(C=C2)NC=C3,-1.5477023800988412,-1.0183435678482056,-1.883458137512207,0.03384411334991455
2291,P11509_V140M/L240C/N297Q/I300V/I366V,C1=CC=C(C=C1)COC2=CC=CC3=C2C=CN3,-2.1249387366083,-1.0212154388427734,-2.2651584148406982,0.19610978662967682
2292,P11509_L240C/N297Q/I300V/I366V,C1=CC=C(C=C1)COC2=CC=CC3=C2C=CN3,-2.0969100130080562,-1.0252009630203247,-2.258969306945801,0.1822613924741745
2293,P11509_V140M/N297Q/I300V/I366V,C1=CC=C(C=C1)COC2=CC=CC3=C2C=CN3,-1.8191097626132238,-1.0150017738342285,-2.271176815032959,0.19607511162757874
2294,P11509_V140M/L240C/N297Q/I300V,C1=CC=C(C=C1)COC2=CC=CC3=C2C=CN3,-1.6020599913279623,-1.0250587463378906,-2.2692623138427734,0.20119363069534302
2295,P11509_N297Q/I300V/I366V,C1=CC=C(C=C1)COC2=CC=CC3=C2C=CN3,-1.6989700043360187,-1.018426775932312,-2.2649030685424805,0.1823142021894455
2296,P11509_L240C/N297Q/I300V,C1=CC=C(C=C1)COC2=CC=CC3=C2C=CN3,-1.0969100130080565,-1.0288528203964233,-2.263124465942383,0.1873616874217987
2297,P11509_V140M/N297Q/I300V,C1=CC=C(C=C1)COC2=CC=CC3=C2C=CN3,-1.053875397171326,-1.018766164779663,-2.2752270698547363,0.20103715360164642
2298,P11509_N297Q/I300V,C1=CC=C(C=C1)COC2=CC=CC3=C2C=CN3,-1.1983676766244384,-1.0219895839691162,-2.2690045833587646,0.1872234046459198
2299,P11509_L240C/N297Q,C1=CC=C2C(=C1)C=CC(=O)O2,-0.12493873660829995,0.0325910821557045,-2.1019182205200195,1.4165079593658447
2300,P11509_N297Q/I300V,C1=CC=C2C(=C1)C=CC(=O)O2,-0.24667230779465504,0.03511383384466171,-2.1064209938049316,1.4208412170410156
2301,P08683_wild,CC1(C(C1C(=O)OC(C#N)C2=CC(=CC=C2)OC3=CC=CC=C3)C=C(Br)Br)C,0.5352941200427705,-0.24125230312347412,-2.0956897735595703,1.5792007446289062
2302,P05183_wild,CC1(C(C1C(=O)OC(C#N)C2=CC(=CC=C2)OC3=CC=CC=C3)C=C(Br)Br)C,-0.3648514527661397,-0.9683598279953003,-2.0930349826812744,1.6543614864349365
2303,P10632_wild,CC1(C(C1C(=O)OC(C#N)C2=CC(=CC=C2)OC3=CC=CC=C3)C=C(Br)Br)C,-0.14772335501695835,-0.35165494680404663,-2.0209858417510986,1.5732789039611816
2304,P08683_wild,CC(C)C(C1=CC=C(C=C1)Cl)C(=O)OC(C#N)C2=CC(=CC=C2)OC3=CC=CC=C3,0.5630854124443342,0.2424200177192688,-1.9317829608917236,1.5124648809432983
2305,P05183_wild,CC(C)C(C1=CC=C(C=C1)Cl)C(=O)OC(C#N)C2=CC(=CC=C2)OC3=CC=CC=C3,-0.18155417674677798,-0.5709466338157654,-1.8692266941070557,1.607161521911621
2306,P10632_wild,CC(C)C(C1=CC=C(C=C1)Cl)C(=O)OC(C#N)C2=CC(=CC=C2)OC3=CC=CC=C3,-0.005829528988613224,0.143772691488266,-1.8342411518096924,1.5310876369476318
2307,Q16696_wild,CCOC1=CC=C(C=C1)NC(=O)C,-1.1960878647340045,-0.7627873420715332,-1.117258071899414,0.5916503667831421
2308,P24903_wild,CC1=CNC2=CC=CC=C12,-1.6642078312622763,-0.6972423791885376,-1.748546838760376,0.6823302507400513
2309,P24460_wild,C1CNP(=O)(OC1)N(CCCl)CCCl,-0.03778854509687349,-0.6180481910705566,-1.328190565109253,0.6882985830307007
2310,P20813_wild,C1CNP(=O)(OC1)N(CCCl)CCCl,-0.22184874961635637,-0.7055784463882446,-1.2771735191345215,0.6778976917266846
2311,P24460_wild,CCOC1=CC2=C(C=C1)C(=CC(=O)O2)C(F)(F)F,-0.5477023800988412,-1.0115307569503784,-2.0104002952575684,0.7963917255401611
2312,P08684_wild,CCCCC1=NC(=C(C(=O)N1CC2=CC=C(C=C2)C3=CC=CC=C3C4=NNN=N4)CC(=S)N(C)C)C,-0.7328282715969863,-0.7877212762832642,-1.844959020614624,1.535277009010315
2313,P20815_wild,CCCCC1=NC(=C(C(=O)N1CC2=CC=C(C=C2)C3=CC=CC=C3C4=NNN=N4)CC(=S)N(C)C)C,-0.8436529001388045,-0.8085843324661255,-1.7351182699203491,1.5178698301315308
2314,P75913_wild,C(C(=O)C(=O)[O-])O,1.0718820073061255,1.3634613752365112,0.3361619710922241,1.0623302459716797
2315,Q9NZJ9_wild,C1(C(C(C(C(C1OP(=O)(O)O)OP(=O)(O)O)OP(=O)(O)OP(=O)(O)O)OP(=O)(O)O)OP(=O)(O)O)OP(=O)(O)O,-0.8239087409443188,-0.01784280687570572,-3.2156119346618652,2.082071542739868
2316,O95989_wild,C1(C(C(C(C(C1OP(=O)(O)O)OP(=O)(O)O)OP(=O)(O)OP(=O)(O)O)OP(=O)(O)O)OP(=O)(O)O)OP(=O)(O)O,-0.6989700043360187,-0.1241595670580864,-3.2015819549560547,2.008702039718628
2317,P29761_wild,C(C1C(C(C(C(O1)OC2C(OC(C(C2O)O)OC3C(OC(C(C3O)O)OC4C(OC(C(C4O)O)O)CO)CO)CO)O)O)O)O,1.7742979384992774,1.562076210975647,-0.4124099612236023,1.1329952478408813
2318,P29761_wild,C(C1C(C(C(C(O1)OC2C(OC(C(C2O)O)OC3C(OC(C(C3O)O)O)CO)CO)O)O)O)O,1.658488381309017,1.513384461402893,-0.30979669094085693,1.1221184730529785
2319,P29761_wild,C(C1C(C(C(C(O1)OC2C(OC(C(C2O)O)O)CO)O)O)O)O,0.8401060944567578,1.4909934997558594,0.043020591139793396,0.9568336009979248
2320,P29761_wild,C(C1C(C(C(C(O1)OC2C(OC(C(C2O)O)OC3C(OC(C(C3O)O)OC4C(OC(C(C4O)O)OC5C(OC(C(C5O)O)OC6C(OC(C(C6O)O)OC7C(OC(C(C7O)O)O)CO)CO)CO)CO)CO)CO)O)O)O)O,1.7818989193511492,1.578966736793518,-0.47807174921035767,1.2962204217910767
2321,P29761_wild,C(C1C(C(C(C(O1)OC2C(OC(C(C2O)O)OC3C(OC(C(C3O)O)OC4C(OC(C(C4O)O)OC5C(OC(C(C5O)O)OC6C(OC(C(C6O)O)O)CO)CO)CO)CO)CO)O)O)O)O,1.7322328802204978,1.594687819480896,-0.4785066246986389,1.2985401153564453
2322,Q02834_E260C,CC1=CC(=O)OC2=C1C=CC(=C2)OC3(CC(C(C(O3)C(C(CO)O)O)NC(=O)C)O)C(=O)O,-0.24033215531036956,-0.5473768711090088,-1.0123358964920044,0.37331488728523254
2323,Q02834_E260D,CC1=CC(=O)OC2=C1C=CC(=C2)OC3(CC(C(C(O3)C(C(CO)O)O)NC(=O)C)O)C(=O)O,-1.1778319206319825,-0.4436403512954712,-1.0175870656967163,0.46958500146865845
2324,Q8KRU5_wild,C1=CC(=CC=C1[N+](=O)[O-])OP(=O)(O)O,-0.15490195998574322,0.9551836252212524,-0.09029605984687805,0.903050422668457
2325,Q8KRU5_wild,C1=CC(=CC=C1[N+](=O)[O-])OP(=O)(O)OC2=CC=C(C=C2)[N+](=O)[O-],-0.17392519729917355,0.8620873093605042,-0.2864128053188324,1.1613314151763916
2326,A0A0U4VTN7_wild,CCCCCCCCCCCCCCCCC=COCC(COP(=O)([O-])OCC[N+](C)(C)C)O,1.8488047010518038,0.41815727949142456,-1.2451237440109253,1.6521148681640625
2327,A0A0U4VTN7_F211A,CCCCCCCCCCCCCCCCC=COCC(COP(=O)([O-])OCC[N+](C)(C)C)O,1.3944516808262164,0.3571763038635254,-1.248146653175354,1.6264734268188477
2328,A0A0U4VTN7_wild,CCCCCCCCCCCCCCCCC=COCC(COP(=O)(O)OCCN)O,0.6541765418779605,0.07506472617387772,-1.1524503231048584,0.9528075456619263
2329,A0A0U4VTN7_F211A,CCCCCCCCCCCCCCCCC=COCC(COP(=O)(O)OCCN)O,0.4593924877592308,0.0012364238500595093,-1.1491857767105103,0.9321551322937012
2330,P08684_wild,C1=CC(=CC=C1C=CC2=CC(=CC(=C2)O)O)O,-1.3467874862246563,-1.0123029947280884,-2.023242950439453,0.8517025709152222
2331,P08684_wild,C1=CC(=CC=C1C=CC2=CC(=CC(=C2)OC3C(C(C(C(O3)CO)O)O)O)O)O,-1.207608310501746,-0.6436464786529541,-1.8146923780441284,0.847854495048523
2332,P08684_wild,C1=CC(=CC=C1C=CC2=CC(=CC(=C2)O)O)OC3C(C(C(C(O3)CO)O)O)O,-1.3187587626244128,-0.5687129497528076,-1.7461596727371216,0.9408658742904663
2333,Q8T6T2_wild,C1=NC2=C(C(=O)N1)N=CN2C3C(C(C(O3)COP(=O)(O)O)O)O,0.5185139398778875,0.5688574910163879,-1.5972638130187988,1.9183790683746338
2334,P0ADG7_wild,C1=NC2=C(C(=O)N1)N=CN2C3C(C(C(O3)COP(=O)(O)O)O)O,1.1139433523068367,0.4398931860923767,-0.9898524880409241,1.2892601490020752
2335,P0ADG7_D13A,C1=NC2=C(C(=O)N1)N=CN2C3C(C(C(O3)COP(=O)(O)O)O)O,-0.15490195998574322,0.15992462635040283,-0.9740830063819885,1.135449767112732
2336,P0ADG7_D50A,C1=NC2=C(C(=O)N1)N=CN2C3C(C(C(O3)COP(=O)(O)O)O)O,0.07918124604762482,0.12258502095937729,-0.9364750385284424,1.075108528137207
2337,P0ADG7_E54A,C1=NC2=C(C(=O)N1)N=CN2C3C(C(C(O3)COP(=O)(O)O)O)O,1.146128035678238,0.3228049576282501,-0.9761507511138916,1.2202057838439941
2338,P0ADG7_D138A,C1=NC2=C(C(=O)N1)N=CN2C3C(C(C(O3)COP(=O)(O)O)O)O,0.8512583487190752,0.19957581162452698,-0.9364266395568848,1.147831678390503
2339,P0ADG7_D200A,C1=NC2=C(C(=O)N1)N=CN2C3C(C(C(O3)COP(=O)(O)O)O)O,1.146128035678238,0.27609357237815857,-0.946891188621521,1.218756079673767
2340,P0ADG7_D243A,C1=NC2=C(C(=O)N1)N=CN2C3C(C(C(O3)COP(=O)(O)O)O)O,1.0791812460476249,0.3344263434410095,-0.985390841960907,1.2501378059387207
2341,P0ADG7_D248A,C1=NC2=C(C(=O)N1)N=CN2C3C(C(C(O3)COP(=O)(O)O)O)O,-1.0,0.10390257090330124,-0.8960784077644348,1.0622045993804932
2342,P0ADG7_D338A,C1=NC2=C(C(=O)N1)N=CN2C3C(C(C(O3)COP(=O)(O)O)O)O,-1.6989700043360187,0.16563725471496582,-0.9454535245895386,1.1069579124450684
2343,P0ADG7_E369A,C1=NC2=C(C(=O)N1)N=CN2C3C(C(C(O3)COP(=O)(O)O)O)O,0.8512583487190752,0.3688618540763855,-0.9875170588493347,1.2708698511123657
2344,P0ADG7_E373A,C1=NC2=C(C(=O)N1)N=CN2C3C(C(C(O3)COP(=O)(O)O)O)O,0.8512583487190752,0.4398440718650818,-0.9910352826118469,1.3018879890441895
2345,P0ADG7_E469A,C1=NC2=C(C(=O)N1)N=CN2C3C(C(C(O3)COP(=O)(O)O)O)O,1.146128035678238,0.42675265669822693,-0.9883970022201538,1.2891144752502441
2346,P0ADG7_wild,C1=CC(=C[N+](=C1)C2C(C(C(O2)COP(=O)([O-])OP(=O)(O)OCC3C(C(C(O3)N4C=NC5=C(N=CN=C54)N)O)O)O)O)C(=O)N,1.1139433523068367,0.44338977336883545,-0.04600042849779129,0.8051610589027405
2347,P0ADG7_D13A,C1=CC(=C[N+](=C1)C2C(C(C(O2)COP(=O)([O-])OP(=O)(O)OCC3C(C(C(O3)N4C=NC5=C(N=CN=C54)N)O)O)O)O)C(=O)N,-0.15490195998574322,0.15938523411750793,-0.015898169949650764,0.6360228061676025
2348,P0ADG7_D50A,C1=CC(=C[N+](=C1)C2C(C(C(O2)COP(=O)([O-])OP(=O)(O)OCC3C(C(C(O3)N4C=NC5=C(N=CN=C54)N)O)O)O)O)C(=O)N,0.07918124604762482,0.12090744823217392,0.021123191341757774,0.5629172325134277
2349,P0ADG7_E54A,C1=CC(=C[N+](=C1)C2C(C(C(O2)COP(=O)([O-])OP(=O)(O)OCC3C(C(C(O3)N4C=NC5=C(N=CN=C54)N)O)O)O)O)C(=O)N,1.146128035678238,0.3230660855770111,-0.024323416873812675,0.720772385597229
2350,P0ADG7_D138A,C1=CC(=C[N+](=C1)C2C(C(C(O2)COP(=O)([O-])OP(=O)(O)OCC3C(C(C(O3)N4C=NC5=C(N=CN=C54)N)O)O)O)O)C(=O)N,0.8512583487190752,0.20467162132263184,0.006272429600358009,0.6361142992973328
2351,P0ADG7_D200A,C1=CC(=C[N+](=C1)C2C(C(C(O2)COP(=O)([O-])OP(=O)(O)OCC3C(C(C(O3)N4C=NC5=C(N=CN=C54)N)O)O)O)O)C(=O)N,1.146128035678238,0.288318395614624,-0.015257047489285469,0.7090614438056946
2352,P0ADG7_D243A,C1=CC(=C[N+](=C1)C2C(C(C(O2)COP(=O)([O-])OP(=O)(O)OCC3C(C(C(O3)N4C=NC5=C(N=CN=C54)N)O)O)O)O)C(=O)N,1.0791812460476249,0.3550935685634613,-0.033823251724243164,0.7451077699661255
2353,P0ADG7_D248A,C1=CC(=C[N+](=C1)C2C(C(C(O2)COP(=O)([O-])OP(=O)(O)OCC3C(C(C(O3)N4C=NC5=C(N=CN=C54)N)O)O)O)O)C(=O)N,-1.0,0.10952957719564438,0.054546698927879333,0.5537392497062683
2354,P0ADG7_D338A,C1=CC(=C[N+](=C1)C2C(C(C(O2)COP(=O)([O-])OP(=O)(O)OCC3C(C(C(O3)N4C=NC5=C(N=CN=C54)N)O)O)O)O)C(=O)N,-1.6989700043360187,0.16345959901809692,0.01123148761689663,0.6036583185195923
2355,P0ADG7_E369A,C1=CC(=C[N+](=C1)C2C(C(C(O2)COP(=O)([O-])OP(=O)(O)OCC3C(C(C(O3)N4C=NC5=C(N=CN=C54)N)O)O)O)O)C(=O)N,0.8512583487190752,0.383098840713501,-0.04795358330011368,0.7759388089179993
2356,P0ADG7_E373A,C1=CC(=C[N+](=C1)C2C(C(C(O2)COP(=O)([O-])OP(=O)(O)OCC3C(C(C(O3)N4C=NC5=C(N=CN=C54)N)O)O)O)O)C(=O)N,0.8512583487190752,0.45400774478912354,-0.05531565845012665,0.8180862665176392
2357,P0ADG7_E469A,C1=CC(=C[N+](=C1)C2C(C(C(O2)COP(=O)([O-])OP(=O)(O)OCC3C(C(C(O3)N4C=NC5=C(N=CN=C54)N)O)O)O)O)C(=O)N,1.146128035678238,0.43530911207199097,-0.04205392301082611,0.8039841651916504
2358,P0ADG7_wild,[K+],1.1139433523068367,1.3953049182891846,1.1780774593353271,0.5577905178070068
2359,P0ADG7_D13A,[K+],-0.15490195998574322,1.1873143911361694,1.1739094257354736,0.399594247341156
2360,P0ADG7_D50A,[K+],0.07918124604762482,1.1408087015151978,1.201781988143921,0.3272886276245117
2361,P0ADG7_E54A,[K+],1.146128035678238,1.2996612787246704,1.1745514869689941,0.4783613383769989
2362,P0ADG7_D138A,[K+],0.8512583487190752,1.232315182685852,1.182374119758606,0.4107453227043152
2363,P0ADG7_D200A,[K+],1.146128035678238,1.3244409561157227,1.1938774585723877,0.4608040452003479
2364,P0ADG7_D243A,[K+],1.0791812460476249,1.3227523565292358,1.1691783666610718,0.5237284302711487
2365,P0ADG7_D248A,[K+],-1.0,1.1333695650100708,1.22689688205719,0.323777973651886
2366,P0ADG7_D338A,[K+],-1.6989700043360187,1.1725221872329712,1.1997438669204712,0.36805838346481323
2367,P0ADG7_E369A,[K+],0.8512583487190752,1.3461178541183472,1.171339988708496,0.535941481590271
2368,P0ADG7_E373A,[K+],0.8512583487190752,1.4028980731964111,1.1747902631759644,0.5722309947013855
2369,P0ADG7_E469A,[K+],1.146128035678238,1.39511239528656,1.1821949481964111,0.5580573081970215
2370,Q9P9M8_wild,CC(C(=O)O)N,2.2695129442179165,1.097136378288269,0.7487467527389526,0.769027590751648
2371,Q9P9M8_wild,C(CC(=O)O)C(C(=O)O)N,2.334453751150931,1.1684552431106567,0.6371368169784546,0.9926742315292358
2372,O00204_wild,CC(C)C(CCC(C)C1CCC2C1(CCC3C2CC=C4C3(CCC(C4)O)C)C)O,0.560305203377429,-1.1569169759750366,-2.1048810482025146,1.8805681467056274
2373,Q06520_wild,CC(C)C(CCC(C)C1CCC2C1(CCC3C2CC=C4C3(CCC(C4)O)C)C)O,0.560305203377429,-1.696311116218567,-1.8651340007781982,1.8600902557373047
2374,Q06520_wild,CC(C)C(CCC(C)C1CCC2C1(CCC3C2CC=C4C3(CCC(C4)O)C)C)OS(=O)(=O)O,1.603865828232259,-1.5990523099899292,-2.2977237701416016,2.126453399658203
2375,Q06520_wild,CC(C)C(CCC(C)C1CCC2C1(CCC3C2CC=C4C3(CCC(C4)OS(=O)(=O)O)C)C)O,0.2749271162334893,-1.538338541984558,-2.063791275024414,2.0397894382476807
2376,Q1REK2_wild,C(CC(=O)[O-])C(=O)[O-],2.041392685158225,0.9904174208641052,-0.29811006784439087,1.4300649166107178
2377,Q1REK2_wild,C(=CC(=O)[O-])C(=O)[O-],0.3010299956639812,1.3203682899475098,-0.9091579914093018,1.9488599300384521
2378,Q8WTQ7_wild,C1=NC(=C2C(=N1)N(C=N2)C3C(C(C(O3)COP(=O)(O)OP(=O)(O)OP(=O)(O)O)O)O)N,0.0,0.06443152576684952,-1.9909590482711792,1.2372477054595947
2379,Q8WTQ7_wild,CC1=C(C(CCC1)(C)C)C=CC(=CC=CC(=CC=O)C)C,0.0,-0.9472726583480835,-2.947420120239258,1.621852993965149
2380,Q15835_wild,C1=NC(=C2C(=N1)N(C=N2)C3C(C(C(O3)COP(=O)(O)OP(=O)(O)OP(=O)(O)O)O)O)N,0.07918124604762482,0.3698998987674713,-1.9755637645721436,1.3350799083709717
2381,Q15835_wild,CC1=C(C(CCC1)(C)C)C=CC(=CC=CC(=CC=O)C)C,0.07918124604762482,-0.6621544361114502,-2.911088466644287,1.745975136756897
2382,Q1XHM0_wild,CC1=C(C(CCC1)(C)C)C=CC(=CC=CC(=CC=O)C)C,-1.5477023800988412,-0.8626261949539185,-2.9024949073791504,1.7319269180297852
2383,Q49HM9_wild,CC1=C(C(CCC1)(C)C)C=CC(=CC=CC(=CC=O)C)C,-0.06550154875643228,-0.8912776708602905,-2.839289665222168,1.8594242334365845
2384,D3UW23_wild,CC1=CC(=O)OC2=C1C=CC(=C2)NC(=O)CCC(C(=O)O)N,1.8000293592441343,0.8810811042785645,-0.6547838449478149,1.6757258176803589
2385,D3UW23_wild,CC1=CC(=O)OC2=C1C=CC(=C2)NC(=O)CC(C(=O)O)N,1.3636119798921444,1.0101945400238037,-0.4837040603160858,1.682913899421692
2386,Q12650_wild,C1=NC(=C2C(=N1)N(C=N2)C3C(C(C(O3)COP(=O)(O)OS(=O)(=O)O)O)O)N,1.865103974641128,0.4362768530845642,-1.7323678731918335,2.0753519535064697
2387,Q12650_wild,[O-]P(=O)([O-])OP(=O)([O-])[O-],1.865103974641128,1.007819414138794,-1.4641435146331787,1.9373611211776733
2388,P08536_wild,C1=NC(=C2C(=N1)N(C=N2)C3C(C(C(O3)COP(=O)(O)OP(=O)(O)OP(=O)(O)O)O)O)N,-0.06550154875643228,0.14175966382026672,-0.8718547821044922,1.1249279975891113
2389,P08536_wild,[O-]S(=O)(=O)[O-],-0.06550154875643228,-0.20004189014434814,-0.05130739510059357,1.0539966821670532
2390,P51696_wild,C1C2CN(C=[N+]2C3=C(N1)N=C(NC3=O)N)C4=CC=C(C=C4)C(=O)NC(CCC(=O)O)C(=O)O,1.7242758696007892,1.4341400861740112,-1.045257806777954,2.2035839557647705
2391,O32129_wild,CC(=O)OCC(COC(=O)C)OC(=O)C,2.0791812460476247,-0.24168747663497925,0.3865547478199005,0.9851216673851013
2392,O32129_wild,CCC(=O)OCC(COC(=O)CC)OC(=O)CC,2.1760912590556813,-0.37836965918540955,0.14036525785923004,1.1666905879974365
2393,O32129_wild,CCCC(=O)OCC(COC(=O)CCC)OC(=O)CCC,2.0,-0.23624581098556519,-0.31857892870903015,1.4793676137924194
2394,O32129_wild,CC(=O)OC=C,2.0,0.14637118577957153,0.8536410331726074,1.0556331872940063
2395,O32129_wild,CCC(=O)OC=C,3.28668096935493,0.2037510871887207,0.7924445867538452,1.0924760103225708
2396,O32129_wild,CCCC(=O)OC=C,2.8027737252919755,0.1848897933959961,0.7417423725128174,1.0916132926940918
2397,O32129_wild,CCCCCCCCCCCC(=O)OC=C,2.161368002234975,-0.5343151092529297,-0.4850246012210846,1.4472519159317017
2398,O32129_wild,CCCC(=O)OC1=CC=C(C=C1)[N+](=O)[O-],1.6989700043360187,-0.11562112718820572,-0.3004605770111084,1.3981590270996094
2399,P9WFX7_wild,C1=CC=C(C(=C1)C(=O)O)NCC(=O)C(C(COP(=O)(O)O)O)O,-0.7958800173440752,0.3881886899471283,-1.6721246242523193,1.1367151737213135
2400,Q7CVK1_wild,C1CC(=NC1)C(=O)O,1.505149978319906,1.1994980573654175,0.021775512024760246,1.0401666164398193
2401,Q4KGT8_wild,C1CC(=NC1)C(=O)O,1.3010299956639813,0.9158756136894226,0.37359270453453064,0.9148881435394287
2402,Q0B9S2_wild,C1CC(=NC1)C(=O)O,1.7323937598229686,0.9936286211013794,0.2925465703010559,1.0323221683502197
2403,A9ALD3_wild,C1CC(=NC1)C(=O)O,1.5185139398778875,1.0165497064590454,0.357502818107605,1.0058259963989258
2404,A0A0K8P8E7_wild,C1=CC(=CC=C1C(=O)O)C(=O)OCCO,1.4913616938342726,1.0601125955581665,-1.087550401687622,2.3682124614715576
2405,A0A0K8P8E7_wild,C1=CC(=CC=C1C(=O)OCCO)C(=O)OCCO,-1.0,1.1073225736618042,-0.6788210868835449,1.9075233936309814
2406,Q3I4V7_wild,C(=O)=O,5.832508912706237,4.422425270080566,0.121976837515831,3.763659954071045
2407,O34453_wild,C1C(NC2=C(N1)N=C(NC2=O)N)CNC3=CC=C(C=C3)C(=O)NC(CCC(=O)O)C(=O)O,-2.736758644188059,0.8545835018157959,-1.9822719097137451,1.394183874130249
2408,Q8IJA9_D176A/L179H,C1=NC(=C2C(=N1)N(C=N2)C3C(C(C(O3)CO)O)O)N,-0.5086383061657274,-0.30368781089782715,-1.104918360710144,1.2165294885635376
2409,Q8IJA9_D176A/L179H,CSCC1C(C(C(O1)N2C=NC3=C(N=CN=C32)N)O)O,0.24303804868629444,-0.37363189458847046,-0.9657890200614929,1.2947664260864258
2410,P04802_wild,C1=NC(=C2C(=N1)N(C=N2)C3C(C(C(O3)COP(=O)(O)OP(=O)(O)OP(=O)(O)O)O)O)N,-0.08092190762392612,1.0533047914505005,-1.3427778482437134,1.5372192859649658
2411,P04802_wild,C(C(C(=O)O)N)C(=O)O,1.4313637641589874,0.7498537302017212,-0.7237940430641174,1.1662431955337524
2412,P04802_E327Q,C1=NC(=C2C(=N1)N(C=N2)C3C(C(C(O3)COP(=O)(O)OP(=O)(O)OP(=O)(O)O)O)O)N,-1.431798275933005,0.8172193169593811,-1.3003411293029785,1.3888405561447144
2413,Q5P171_wild,C1=CC=C(C=C1)CC=O,1.7993405494535817,0.9881850481033325,-1.5299248695373535,2.186892509460449
2414,Q8ST54_wild,C(C1C(C(C(C(O1)O)O)O)O)O,3.055378331375,1.3996448516845703,-1.142732858657837,2.2371444702148438
2415,Q8ST54_wild,C1=NC(=C2C(=N1)N(C=N2)C3C(C(C(O3)COP(=O)(O)OP(=O)(O)OP(=O)(O)O)O)O)N,3.055378331375,1.5684926509857178,-0.4898371398448944,2.3557727336883545
2416,Q95PL2_wild,C1=CN(C(=O)NC1=O)C2C(C(C(O2)COP(=O)(O)OP(=O)(O)OP(=O)(O)O)O)O,1.6020599913279625,0.933526873588562,-0.26612749695777893,2.016122817993164
2417,Q95PL2_wild,C1=NC(=C2C(=N1)N(C=N2)C3C(C(C(O3)COP(=O)(O)OP(=O)(O)OP(=O)(O)O)O)O)N,2.6842467175639677,1.1377285718917847,-0.5219817757606506,2.1551663875579834
2418,Q95PL2_wild,[Mg+2].[Cl-].[Cl-],2.6842467175639677,0.45086994767189026,-0.7322403788566589,2.5692670345306396
2419,Q4VT68_wild,C(C1C(C(C(C(O1)O)O)O)O)O,3.2786317528302513,0.9952148199081421,-1.0206934213638306,1.9749492406845093
2420,Q4VT68_wild,C1=NC(=C2C(=N1)N(C=N2)C3C(C(C(O3)COP(=O)(O)OP(=O)(O)OP(=O)(O)O)O)O)N,3.2786317528302513,1.1206109523773193,-0.3743888735771179,2.0784552097320557
2421,P08411_wild,C1=NC2=C(N1C3C(C(C(O3)COP(=O)(O)OP(=O)(O)OP(=O)(O)O)O)O)N=C(NC2=O)N,0.5835765478692101,1.0125813484191895,-1.86087965965271,0.7342649698257446
2422,P51981_D297G,C1=CC(C(C(=C1)C(=O)CCC(=O)O)C(=O)O)O,-1.8860566476931633,0.7355910539627075,-0.4411410689353943,1.543807029724121
2423,P51981_I19F/D297G,C1=CC(C(C(=C1)C(=O)CCC(=O)O)C(=O)O)O,-1.5086383061657274,0.6520775556564331,-0.4093421697616577,1.4651548862457275
2424,P51981_I19T/D297G,C1=CC(C(C(=C1)C(=O)CCC(=O)O)C(=O)O)O,-1.6989700043360187,0.7052558660507202,-0.4157298505306244,1.5342355966567993
2425,P51981_I19S/D297G,C1=CC(C(C(=C1)C(=O)CCC(=O)O)C(=O)O)O,-2.214670164989233,0.7009374499320984,-0.41401445865631104,1.5405449867248535
2426,P51981_I19N/D297G,C1=CC(C(C(=C1)C(=O)CCC(=O)O)C(=O)O)O,-1.7212463990471711,0.686712920665741,-0.4215354919433594,1.5413155555725098
2427,P51981_I19V/D297G,C1=CC(C(C(=C1)C(=O)CCC(=O)O)C(=O)O)O,-2.0222763947111524,0.7371695637702942,-0.4240952730178833,1.5379092693328857
2428,P51981_I19L/D297G,C1=CC(C(C(=C1)C(=O)CCC(=O)O)C(=O)O)O,-2.494850021680094,0.7456467151641846,-0.42607343196868896,1.562739610671997
2429,P51981_I19Y/D297G,C1=CC(C(C(=C1)C(=O)CCC(=O)O)C(=O)O)O,-0.3467874862246563,0.6024436354637146,-0.3751770853996277,1.4275891780853271
2430,P51981_I19A/D297G,C1=CC(C(C(=C1)C(=O)CCC(=O)O)C(=O)O)O,-1.6777807052660807,0.6927280426025391,-0.4083995819091797,1.5328917503356934
2431,P51981_I19H/D297G,C1=CC(C(C(=C1)C(=O)CCC(=O)O)C(=O)O)O,-1.958607314841775,0.6616708636283875,-0.3812348246574402,1.4837329387664795
2432,P51981_I19W/D297G,C1=CC(C(C(=C1)C(=O)CCC(=O)O)C(=O)O)O,-0.6020599913279624,0.4947335422039032,-0.371370792388916,1.349381923675537
2433,A0R2B1_wild,C(CC(=O)O)C(=O)C(=O)O,0.2041199826559248,0.5221383571624756,-0.7340195775032043,0.4583013653755188
2434,P9WIS5_wild,C(CC(=O)O)C(=O)C(=O)O,0.25927532724403357,0.5859107971191406,-0.7936906814575195,0.4995599389076233
2435,P9WIS5_wild,CC1=C(SC=[N+]1CC2=CN=C(N=C2N)C)CCOP(=O)(O)OP(=O)(O)O,0.25927532724403357,0.3667309582233429,-2.0330584049224854,1.1958940029144287
2436,P9WIS5_wild,[Mg+2],0.25927532724403357,0.7751470804214478,-0.5879730582237244,1.0007398128509521
2437,A0A0H2YRA5_wild,[O-]P(=O)([O-])[O-],0.7993405494535817,1.2837622165679932,0.14979501068592072,1.0203536748886108
2438,A0A0H2YRA5_wild,CC(=O)NC1C(C(C(OC1O)CO)O)OC2C(C(C(C(O2)CO)O)O)O,0.17609125905568124,1.3548691272735596,0.6808761358261108,0.21227365732192993
2439,E8MF13_wild,[O-]P(=O)([O-])[O-],1.8388490907372552,1.26287043094635,0.12320046126842499,0.864437460899353
2440,P73735_wild,CC1=CC(=O)C2=CC=CC=C2C1=O,0.505149978319906,0.22549772262573242,-1.9981844425201416,2.3763837814331055
2441,O31529_wild,C1=CC(=CC=C1[N+](=O)[O-])OC2C(C(C(C(O2)CO)O)O)O,1.9084850188786497,1.5723165273666382,0.2497967630624771,0.9669042825698853
2442,O31529_E145A,C1=CC(=CC=C1[N+](=O)[O-])OC2C(C(C(C(O2)CO)O)O)O,-0.8860566476931633,1.2976438999176025,0.3072695732116699,0.7778604030609131
2443,Q6PQF2_wild,OO,4.008600171761918,2.17740797996521,-0.7180612087249756,3.262875556945801
2444,Q6PQF2_wild,CCN1C2=C(C=C(C=C2)S(=O)(=O)O)SC1=NN=C3N(C4=C(S3)C=C(C=C4)S(=O)(=O)O)CC,4.008600171761918,2.202890157699585,-0.8453987836837769,3.4212734699249268
2445,Q13838_wild,C1=NC(=C2C(=N1)N(C=N2)C3C(C(C(O3)COP(=O)(O)OP(=O)(O)OP(=O)(O)O)O)O)N,-2.380211206968049,-1.4584764242172241,-1.1990079879760742,0.028724193572998047
2446,P51853_wild,COC1=CC(=CC(=C1)C=O)OC,1.8653014063618851,0.20888113975524902,-1.1136902570724487,1.7125015258789062
2447,P51853_wild,C1=CC=C(C=C1)C(C(=O)C2=CC=CC=C2)O,1.912044847371175,0.4645594358444214,-1.038344383239746,2.1439011096954346
2448,P23965_wild,CCC=CCC(=O)SCCNC(=O)CCNC(=O)C(C(C)(C)COP(=O)(O)OP(=O)(O)OCC1C(C(C(O1)N2C=NC3=C(N=CN=C32)N)O)OP(=O)(O)O)O,2.4313637641589874,1.1917732954025269,-1.2954288721084595,1.6592202186584473
2449,P23965_wild,CCCCC=CCC(=O)SCCNC(=O)CCNC(=O)C(C(C)(C)COP(=O)(O)OP(=O)(O)OCC1C(C(C(O1)N2C=NC3=C(N=CN=C32)N)O)OP(=O)(O)O)O,2.255272505103306,1.3190375566482544,-1.3203378915786743,1.7953851222991943
2450,P23965_wild,CCCCCCCCCCC=CCC(=O)SCCNC(=O)CCNC(=O)C(C(C)(C)COP(=O)(O)OP(=O)(O)OCC1C(C(C(O1)N2C=NC3=C(N=CN=C32)N)O)OP(=O)(O)O)O,1.3010299956639813,1.0874499082565308,-1.6366822719573975,1.9054864645004272
2451,P23965_wild,CCC=CCC=CC(=O)SCCNC(=O)CCNC(=O)C(C(C)(C)COP(=O)(O)OP(=O)(O)OCC1C(C(C(O1)N2C=NC3=C(N=CN=C32)N)O)OP(=O)(O)O)O,1.6532125137753437,1.1923596858978271,-1.3080148696899414,1.72306489944458
2452,P23965_wild,CCCCCCCCC=CCC=CC(=O)SCCNC(=O)CCNC(=O)C(C(C)(C)COP(=O)(O)OP(=O)(O)OCC1C(C(C(O1)N2C=NC3=C(N=CN=C32)N)O)OP(=O)(O)O)O,0.919078092376074,1.1359046697616577,-1.6549029350280762,1.949536681175232
2453,P23965_D149E,CCC=CCC(=O)SCCNC(=O)CCNC(=O)C(C(C)(C)COP(=O)(O)OP(=O)(O)OCC1C(C(C(O1)N2C=NC3=C(N=CN=C32)N)O)OP(=O)(O)O)O,1.845098040014257,1.1749076843261719,-1.2991907596588135,1.6433727741241455
2454,P23965_K242R,CCC=CCC(=O)SCCNC(=O)CCNC(=O)C(C(C)(C)COP(=O)(O)OP(=O)(O)OCC1C(C(C(O1)N2C=NC3=C(N=CN=C32)N)O)OP(=O)(O)O)O,1.6989700043360187,1.193405032157898,-1.3033264875411987,1.6490354537963867
2455,P23965_K242T,CCC=CCC(=O)SCCNC(=O)CCNC(=O)C(C(C)(C)COP(=O)(O)OP(=O)(O)OCC1C(C(C(O1)N2C=NC3=C(N=CN=C32)N)O)OP(=O)(O)O)O,-0.721246399047171,1.101378321647644,-1.277639389038086,1.591123104095459
2456,P23965_K242D,CCC=CCC(=O)SCCNC(=O)CCNC(=O)C(C(C)(C)COP(=O)(O)OP(=O)(O)OCC1C(C(C(O1)N2C=NC3=C(N=CN=C32)N)O)OP(=O)(O)O)O,-1.2218487496163564,1.0107365846633911,-1.262952208518982,1.5292352437973022
2457,P23965_K242C,CCC=CCC(=O)SCCNC(=O)CCNC(=O)C(C(C)(C)COP(=O)(O)OP(=O)(O)OCC1C(C(C(O1)N2C=NC3=C(N=CN=C32)N)O)OP(=O)(O)O)O,1.0413926851582251,1.0273665189743042,-1.2891126871109009,1.5493160486221313
2458,P23965_K242F,CCC=CCC(=O)SCCNC(=O)CCNC(=O)C(C(C)(C)COP(=O)(O)OP(=O)(O)OCC1C(C(C(O1)N2C=NC3=C(N=CN=C32)N)O)OP(=O)(O)O)O,-0.8538719643217619,1.074194312095642,-1.299744963645935,1.5811400413513184
2459,P0AEK4_wild,CC=CC(=O)SCCNC(=O)CCNC(=O)C(C(C)(C)COP(=O)(O)OP(=O)(O)OCC1C(C(C(O1)N2C=NC3=C(N=CN=C32)N)O)OP(=O)(O)O)O,-0.6382721639824072,1.1868542432785034,-0.9401124119758606,1.1985185146331787
2460,P0AEK4_G93S,CC=CC(=O)SCCNC(=O)CCNC(=O)C(C(C)(C)COP(=O)(O)OP(=O)(O)OCC1C(C(C(O1)N2C=NC3=C(N=CN=C32)N)O)OP(=O)(O)O)O,-1.5086383061657274,1.1331795454025269,-0.9549618363380432,1.1575239896774292
2461,P0A006_wild,C1=CC(=CC=C1[N+](=O)[O-])OP(=O)(O)O,-2.0538753971713257,0.9203335642814636,1.6492843627929688,-1.292718768119812
2462,P0A006_C15A,C1=CC(=CC=C1[N+](=O)[O-])OP(=O)(O)O,-2.4357285300801226,0.9015856385231018,1.6332554817199707,-1.3213807344436646
2463,P0A006_C82S,C1=CC(=CC=C1[N+](=O)[O-])OP(=O)(O)O,-2.2218487496163566,-0.16771364212036133,1.6760685443878174,-1.9728752374649048
2464,P0A006_C89L,C1=CC(=CC=C1[N+](=O)[O-])OP(=O)(O)O,-2.1870866433571443,0.36165234446525574,1.7653584480285645,-1.7196998596191406
2465,P00469_wild,C1C(C(OC1N2C=CC(=O)NC2=O)COP(=O)(O)O)O,0.9030899869919435,0.7224559783935547,-1.864302396774292,1.741974115371704
2466,P00469_wild,C1C2CN(CN2C3=C(N1)N=C(NC3=O)N)C4=CC=C(C=C4)C(=O)NC(CCC(=O)O)C(=O)O,0.9030899869919435,0.7419350147247314,-0.9400579929351807,1.8976037502288818
2467,P00469_R23A,C1C2CN(CN2C3=C(N1)N=C(NC3=O)N)C4=CC=C(C=C4)C(=O)NC(CCC(=O)O)C(=O)O,-0.6777807052660807,0.6771037578582764,-0.9505383968353271,1.8476245403289795
2468,P00469_R23A,C1C(C(OC1N2C=CC(=O)NC2=O)COP(=O)(O)O)O,-0.6777807052660807,0.6645146608352661,-1.859986424446106,1.703431487083435
2469,P00469_R23D,C1C(C(OC1N2C=CC(=O)NC2=O)COP(=O)(O)O)O,-0.9208187539523752,0.6383873820304871,-1.8554916381835938,1.6916815042495728
2470,P00469_R23D,C1C2CN(CN2C3=C(N1)N=C(NC3=O)N)C4=CC=C(C=C4)C(=O)NC(CCC(=O)O)C(=O)O,-0.9208187539523752,0.6620455384254456,-0.9553377032279968,1.8345003128051758
2471,P00469_R23E,C1C(C(OC1N2C=CC(=O)NC2=O)COP(=O)(O)O)O,-0.6020599913279624,0.6167032122612,-1.850673794746399,1.673731803894043
2472,P00469_R23E,C1C2CN(CN2C3=C(N1)N=C(NC3=O)N)C4=CC=C(C=C4)C(=O)NC(CCC(=O)O)C(=O)O,-0.6020599913279624,0.6445730328559875,-0.9511605501174927,1.8134264945983887
2473,P00469_R23F,C1C2CN(CN2C3=C(N1)N=C(NC3=O)N)C4=CC=C(C=C4)C(=O)NC(CCC(=O)O)C(=O)O,-0.9208187539523752,0.6524726152420044,-0.9390289783477783,1.8176493644714355
2474,P00469_R23F,C1C(C(OC1N2C=CC(=O)NC2=O)COP(=O)(O)O)O,-0.9208187539523752,0.6421022415161133,-1.8610427379608154,1.6691757440567017
2475,P00469_R23G,C1C2CN(CN2C3=C(N1)N=C(NC3=O)N)C4=CC=C(C=C4)C(=O)NC(CCC(=O)O)C(=O)O,-0.9208187539523752,0.6685800552368164,-0.9681483507156372,1.8527305126190186
2476,P00469_R23G,C1C(C(OC1N2C=CC(=O)NC2=O)COP(=O)(O)O)O,-0.9208187539523752,0.6549634337425232,-1.8822176456451416,1.698502779006958
2477,P00469_R23K,C1C(C(OC1N2C=CC(=O)NC2=O)COP(=O)(O)O)O,-0.7958800173440752,0.7059903740882874,-1.864648699760437,1.7294787168502808
2478,P00469_R23K,C1C2CN(CN2C3=C(N1)N=C(NC3=O)N)C4=CC=C(C=C4)C(=O)NC(CCC(=O)O)C(=O)O,-0.7958800173440752,0.715559720993042,-0.9392768144607544,1.8791978359222412
2479,P00469_R23L,C1C2CN(CN2C3=C(N1)N=C(NC3=O)N)C4=CC=C(C=C4)C(=O)NC(CCC(=O)O)C(=O)O,-0.958607314841775,0.6746216416358948,-0.9367398619651794,1.8372313976287842
2480,P00469_R23L,C1C(C(OC1N2C=CC(=O)NC2=O)COP(=O)(O)O)O,-0.958607314841775,0.6557229161262512,-1.8527300357818604,1.687206506729126
2481,P00469_R23N,C1C2CN(CN2C3=C(N1)N=C(NC3=O)N)C4=CC=C(C=C4)C(=O)NC(CCC(=O)O)C(=O)O,-1.2218487496163564,0.6761770248413086,-0.9500113129615784,1.8561630249023438
2482,P00469_R23N,C1C(C(OC1N2C=CC(=O)NC2=O)COP(=O)(O)O)O,-1.2218487496163564,0.6638494729995728,-1.8649168014526367,1.7127338647842407
2483,P00469_R23P,C1C(C(OC1N2C=CC(=O)NC2=O)COP(=O)(O)O)O,-1.3979400086720375,0.5795301795005798,-1.8596787452697754,1.654313325881958
2484,P00469_R23P,C1C2CN(CN2C3=C(N1)N=C(NC3=O)N)C4=CC=C(C=C4)C(=O)NC(CCC(=O)O)C(=O)O,-1.3979400086720375,0.6015268564224243,-0.9544976353645325,1.7875783443450928
2485,P00469_R23Q,C1C(C(OC1N2C=CC(=O)NC2=O)COP(=O)(O)O)O,-0.27572413039921095,0.6364136934280396,-1.8347041606903076,1.675520896911621
2486,P00469_R23Q,C1C2CN(CN2C3=C(N1)N=C(NC3=O)N)C4=CC=C(C=C4)C(=O)NC(CCC(=O)O)C(=O)O,-0.27572413039921095,0.6580886840820312,-0.9257286190986633,1.8200215101242065
2487,P00469_R23S,C1C2CN(CN2C3=C(N1)N=C(NC3=O)N)C4=CC=C(C=C4)C(=O)NC(CCC(=O)O)C(=O)O,-0.6989700043360187,0.665496826171875,-0.9408391118049622,1.8339638710021973
2488,P00469_R23S,C1C(C(OC1N2C=CC(=O)NC2=O)COP(=O)(O)O)O,-0.6989700043360187,0.6376553177833557,-1.8507819175720215,1.6892316341400146
2489,P00469_R23V,C1C2CN(CN2C3=C(N1)N=C(NC3=O)N)C4=CC=C(C=C4)C(=O)NC(CCC(=O)O)C(=O)O,-0.5686362358410126,0.6950476169586182,-0.9547234773635864,1.8555192947387695
2490,P00469_R23V,C1C(C(OC1N2C=CC(=O)NC2=O)COP(=O)(O)O)O,-0.5686362358410126,0.6899898052215576,-1.8650044202804565,1.7085180282592773
2491,P00469_R23Y,C1C(C(OC1N2C=CC(=O)NC2=O)COP(=O)(O)O)O,-0.8239087409443188,0.5879485607147217,-1.8461158275604248,1.6352694034576416
2492,P00469_R23Y,C1C2CN(CN2C3=C(N1)N=C(NC3=O)N)C4=CC=C(C=C4)C(=O)NC(CCC(=O)O)C(=O)O,-0.8239087409443188,0.5976523160934448,-0.923591136932373,1.7789947986602783
2493,P00469_R178A,C1C(C(OC1N2C=CC(=O)NC2=O)COP(=O)(O)O)O,0.38021124171160603,0.5759981870651245,-1.807507038116455,1.6332541704177856
2494,P00469_R178A,C1C2CN(CN2C3=C(N1)N=C(NC3=O)N)C4=CC=C(C=C4)C(=O)NC(CCC(=O)O)C(=O)O,0.38021124171160603,0.6122794151306152,-0.9135989546775818,1.7819232940673828
2495,P00469_R178C,C1C(C(OC1N2C=CC(=O)NC2=O)COP(=O)(O)O)O,0.4913616938342727,0.41254857182502747,-1.8057613372802734,1.5094709396362305
2496,P00469_R178C,C1C2CN(CN2C3=C(N1)N=C(NC3=O)N)C4=CC=C(C=C4)C(=O)NC(CCC(=O)O)C(=O)O,0.4913616938342727,0.4696810841560364,-0.9016314744949341,1.6408308744430542
2497,P00469_R178K,C1C(C(OC1N2C=CC(=O)NC2=O)COP(=O)(O)O)O,0.9030899869919435,0.6308817267417908,-1.8252472877502441,1.6801601648330688
2498,P00469_R178K,C1C2CN(CN2C3=C(N1)N=C(NC3=O)N)C4=CC=C(C=C4)C(=O)NC(CCC(=O)O)C(=O)O,0.9030899869919435,0.6472215056419373,-0.9108976125717163,1.8194775581359863
2499,P00469_R178S,C1C2CN(CN2C3=C(N1)N=C(NC3=O)N)C4=CC=C(C=C4)C(=O)NC(CCC(=O)O)C(=O)O,0.3424226808222063,0.48649856448173523,-0.8708875775337219,1.6565284729003906
2500,P00469_R178S,C1C(C(OC1N2C=CC(=O)NC2=O)COP(=O)(O)O)O,0.3424226808222063,0.4319339096546173,-1.7519068717956543,1.5234918594360352
2501,P00469_R179A,C1C(C(OC1N2C=CC(=O)NC2=O)COP(=O)(O)O)O,0.6812412373755872,0.6460438966751099,-1.846629023551941,1.688012957572937
2502,P00469_R179A,C1C2CN(CN2C3=C(N1)N=C(NC3=O)N)C4=CC=C(C=C4)C(=O)NC(CCC(=O)O)C(=O)O,0.6812412373755872,0.6766266226768494,-0.9436548352241516,1.8374545574188232
2503,P00469_R179C,C1C(C(OC1N2C=CC(=O)NC2=O)COP(=O)(O)O)O,0.414973347970818,0.5058501362800598,-1.8299764394760132,1.5753575563430786
2504,P00469_R179C,C1C2CN(CN2C3=C(N1)N=C(NC3=O)N)C4=CC=C(C=C4)C(=O)NC(CCC(=O)O)C(=O)O,0.414973347970818,0.5641656517982483,-0.9172332882881165,1.7130815982818604
2505,P00469_R179D,C1C2CN(CN2C3=C(N1)N=C(NC3=O)N)C4=CC=C(C=C4)C(=O)NC(CCC(=O)O)C(=O)O,0.2787536009528289,0.5047340393066406,-0.9507524967193604,1.6542887687683105
2506,P00469_R179D,C1C(C(OC1N2C=CC(=O)NC2=O)COP(=O)(O)O)O,0.2787536009528289,0.4370051622390747,-1.8080151081085205,1.5513968467712402
2507,P00469_R179E,C1C(C(OC1N2C=CC(=O)NC2=O)COP(=O)(O)O)O,0.3979400086720376,0.394900918006897,-1.8163923025131226,1.5258474349975586
2508,P00469_R179E,C1C2CN(CN2C3=C(N1)N=C(NC3=O)N)C4=CC=C(C=C4)C(=O)NC(CCC(=O)O)C(=O)O,0.3979400086720376,0.46567171812057495,-0.949989914894104,1.6274185180664062
2509,P00469_R179F,C1C2CN(CN2C3=C(N1)N=C(NC3=O)N)C4=CC=C(C=C4)C(=O)NC(CCC(=O)O)C(=O)O,0.14612803567823798,0.46392256021499634,-0.9073610305786133,1.5961270332336426
2510,P00469_R179F,C1C(C(OC1N2C=CC(=O)NC2=O)COP(=O)(O)O)O,0.14612803567823798,0.40276867151260376,-1.8280601501464844,1.4698097705841064
2511,P00469_R179G,C1C(C(OC1N2C=CC(=O)NC2=O)COP(=O)(O)O)O,0.505149978319906,0.6110270023345947,-1.8340468406677246,1.6662511825561523
2512,P00469_R179G,C1C2CN(CN2C3=C(N1)N=C(NC3=O)N)C4=CC=C(C=C4)C(=O)NC(CCC(=O)O)C(=O)O,0.505149978319906,0.6344302296638489,-0.9396651983261108,1.8081333637237549
2513,P00469_R179H,C1C(C(OC1N2C=CC(=O)NC2=O)COP(=O)(O)O)O,0.414973347970818,0.3878222703933716,-1.8197853565216064,1.546626091003418
2514,P00469_R179H,C1C2CN(CN2C3=C(N1)N=C(NC3=O)N)C4=CC=C(C=C4)C(=O)NC(CCC(=O)O)C(=O)O,0.414973347970818,0.44656240940093994,-0.9322382211685181,1.6549322605133057
2515,P00469_R179K,C1C(C(OC1N2C=CC(=O)NC2=O)COP(=O)(O)O)O,0.505149978319906,0.6730577349662781,-1.8494999408721924,1.7057610750198364
2516,P00469_R179K,C1C2CN(CN2C3=C(N1)N=C(NC3=O)N)C4=CC=C(C=C4)C(=O)NC(CCC(=O)O)C(=O)O,0.505149978319906,0.6898570656776428,-0.9279265403747559,1.8485212326049805
2517,P00469_R179L,C1C2CN(CN2C3=C(N1)N=C(NC3=O)N)C4=CC=C(C=C4)C(=O)NC(CCC(=O)O)C(=O)O,0.36172783601759284,0.38513824343681335,-0.9016225337982178,1.5393626689910889
2518,P00469_R179L,C1C(C(OC1N2C=CC(=O)NC2=O)COP(=O)(O)O)O,0.36172783601759284,0.32605862617492676,-1.8157782554626465,1.4343559741973877
2519,P00469_R179M,C1C(C(OC1N2C=CC(=O)NC2=O)COP(=O)(O)O)O,0.3979400086720376,0.4756237268447876,-1.8153692483901978,1.5521879196166992
2520,P00469_R179M,C1C2CN(CN2C3=C(N1)N=C(NC3=O)N)C4=CC=C(C=C4)C(=O)NC(CCC(=O)O)C(=O)O,0.3979400086720376,0.5240703821182251,-0.904535174369812,1.6730766296386719
2521,P00469_R179P,C1C(C(OC1N2C=CC(=O)NC2=O)COP(=O)(O)O)O,-2.7958800173440754,0.323414146900177,-1.8056085109710693,1.4791723489761353
2522,P00469_R179P,C1C2CN(CN2C3=C(N1)N=C(NC3=O)N)C4=CC=C(C=C4)C(=O)NC(CCC(=O)O)C(=O)O,-2.7958800173440754,0.37965381145477295,-0.9153306484222412,1.5815764665603638
2523,P00469_R179Q,C1C2CN(CN2C3=C(N1)N=C(NC3=O)N)C4=CC=C(C=C4)C(=O)NC(CCC(=O)O)C(=O)O,0.36172783601759284,0.6058071255683899,-0.9234663248062134,1.7598555088043213
2524,P00469_R179Q,C1C(C(OC1N2C=CC(=O)NC2=O)COP(=O)(O)O)O,0.36172783601759284,0.5647906064987183,-1.8188425302505493,1.6210296154022217
2525,P00469_R179S,C1C2CN(CN2C3=C(N1)N=C(NC3=O)N)C4=CC=C(C=C4)C(=O)NC(CCC(=O)O)C(=O)O,0.36172783601759284,0.6993041038513184,-0.9440801739692688,1.8581511974334717
2526,P00469_R179S,C1C(C(OC1N2C=CC(=O)NC2=O)COP(=O)(O)O)O,0.36172783601759284,0.6598687767982483,-1.843701720237732,1.7001687288284302
2527,P00469_R179V,C1C(C(OC1N2C=CC(=O)NC2=O)COP(=O)(O)O)O,0.2787536009528289,0.4163393974304199,-1.8235386610031128,1.5090618133544922
2528,P00469_R179V,C1C2CN(CN2C3=C(N1)N=C(NC3=O)N)C4=CC=C(C=C4)C(=O)NC(CCC(=O)O)C(=O)O,0.2787536009528289,0.4664570987224579,-0.9152729511260986,1.6240440607070923
2529,P00469_R179W,C1C(C(OC1N2C=CC(=O)NC2=O)COP(=O)(O)O)O,0.414973347970818,0.33515113592147827,-1.872429370880127,1.4607266187667847
2530,P00469_R179W,C1C2CN(CN2C3=C(N1)N=C(NC3=O)N)C4=CC=C(C=C4)C(=O)NC(CCC(=O)O)C(=O)O,0.414973347970818,0.38828521966934204,-0.948142409324646,1.559100866317749
2531,P00469_R218K,C1C(C(OC1N2C=CC(=O)NC2=O)COP(=O)(O)O)O,-0.744727494896694,0.45171770453453064,-1.7957581281661987,1.5244102478027344
2532,P00469_R218K,C1C2CN(CN2C3=C(N1)N=C(NC3=O)N)C4=CC=C(C=C4)C(=O)NC(CCC(=O)O)C(=O)O,-0.744727494896694,0.49903354048728943,-0.8771064281463623,1.6363718509674072
2533,P00469_H199G/N229D,C1C(C(OC1N2C=CC(=NC2=O)N)COP(=O)(O)O)O,0.40483371661993806,0.23259639739990234,-1.5767199993133545,1.324918508529663
2534,P00469_H199G/N229D,C1C2CN(CN2C3=C(N1)N=C(NC3=O)N)C4=CC=C(C=C4)C(=O)NC(CCC(=O)O)C(=O)O,0.40483371661993806,0.4242757558822632,-0.9016045331954956,1.5889523029327393
2535,P00469_H199A/N229D,C1C(C(OC1N2C=CC(=NC2=O)N)COP(=O)(O)O)O,0.24551266781414982,0.2648804783821106,-1.5802335739135742,1.3471709489822388
2536,P00469_H199A/N229D,C1C2CN(CN2C3=C(N1)N=C(NC3=O)N)C4=CC=C(C=C4)C(=O)NC(CCC(=O)O)C(=O)O,0.24551266781414982,0.4598124325275421,-0.9060072302818298,1.6141645908355713
2537,P00469_H199V/N229D,C1C(C(OC1N2C=CC(=NC2=O)N)COP(=O)(O)O)O,0.28555730900777376,0.2329237163066864,-1.5568032264709473,1.3120064735412598
2538,P00469_H199V/N229D,C1C2CN(CN2C3=C(N1)N=C(NC3=O)N)C4=CC=C(C=C4)C(=O)NC(CCC(=O)O)C(=O)O,0.28555730900777376,0.42798376083374023,-0.8934187889099121,1.5706150531768799
2539,P00469_H199N/N229D,C1C(C(OC1N2C=CC(=NC2=O)N)COP(=O)(O)O)O,-0.4814860601221125,0.2836506962776184,-1.5677260160446167,1.3411719799041748
2540,P00469_H199N/N229D,C1C2CN(CN2C3=C(N1)N=C(NC3=O)N)C4=CC=C(C=C4)C(=O)NC(CCC(=O)O)C(=O)O,-0.4814860601221125,0.4831072688102722,-0.896221935749054,1.6102328300476074
2541,P00469_H199A/N229D,C1C(C(OC1N2C=CC(=O)NC2=O)COP(=O)(O)O)O,-2.721246399047171,0.4570276439189911,-1.7918646335601807,1.5370488166809082
2542,P00469_H199V/N229D,C1C(C(OC1N2C=CC(=O)NC2=O)COP(=O)(O)O)O,-3.154901959985743,0.4325026571750641,-1.7780649662017822,1.4981577396392822
2543,P00469_W82F,C1C2CN(CN2C3=C(N1)N=C(NC3=O)N)C4=CC=C(C=C4)C(=O)NC(CCC(=O)O)C(=O)O,-0.3372421683184259,0.6278767585754395,-0.9042929410934448,1.8003194332122803
2544,P00469_W82H,C1C2CN(CN2C3=C(N1)N=C(NC3=O)N)C4=CC=C(C=C4)C(=O)NC(CCC(=O)O)C(=O)O,-0.5528419686577808,0.4901631474494934,-0.8698201179504395,1.685814619064331
2545,P00469_W82Y,C1C2CN(CN2C3=C(N1)N=C(NC3=O)N)C4=CC=C(C=C4)C(=O)NC(CCC(=O)O)C(=O)O,-1.4685210829577449,0.5943671464920044,-0.890420138835907,1.7891662120819092
2546,P00469_W82S,C1C2CN(CN2C3=C(N1)N=C(NC3=O)N)C4=CC=C(C=C4)C(=O)NC(CCC(=O)O)C(=O)O,-1.3467874862246563,0.2779504656791687,-0.828903079032898,1.50686776638031
2547,P00469_W82N,C1C2CN(CN2C3=C(N1)N=C(NC3=O)N)C4=CC=C(C=C4)C(=O)NC(CCC(=O)O)C(=O)O,-1.2676062401770316,0.507014274597168,-0.8691949248313904,1.710738182067871
2548,P00469_W82M,C1C2CN(CN2C3=C(N1)N=C(NC3=O)N)C4=CC=C(C=C4)C(=O)NC(CCC(=O)O)C(=O)O,-1.1079053973095196,0.5056869983673096,-0.8617060780525208,1.6954070329666138
2549,P00469_W82L,C1C2CN(CN2C3=C(N1)N=C(NC3=O)N)C4=CC=C(C=C4)C(=O)NC(CCC(=O)O)C(=O)O,-1.5686362358410126,0.3559606373310089,-0.820264458656311,1.5350825786590576
2550,P00469_W82A,C1C2CN(CN2C3=C(N1)N=C(NC3=O)N)C4=CC=C(C=C4)C(=O)NC(CCC(=O)O)C(=O)O,-1.6575773191777938,0.355333149433136,-0.8464689254760742,1.5886985063552856
2551,P00469_W82F,C1C(C(OC1N2C=CC(=O)NC2=O)COP(=O)(O)O)O,-0.3372421683184259,0.6086392402648926,-1.828199028968811,1.6561871767044067
2552,P00469_W82H,C1C(C(OC1N2C=CC(=O)NC2=O)COP(=O)(O)O)O,-0.5528419686577808,0.45212894678115845,-1.796733021736145,1.5634779930114746
2553,P00469_W82Y,C1C(C(OC1N2C=CC(=O)NC2=O)COP(=O)(O)O)O,-1.4685210829577449,0.5775410532951355,-1.8178787231445312,1.6406290531158447
2554,P00469_W82S,C1C(C(OC1N2C=CC(=O)NC2=O)COP(=O)(O)O)O,-1.3467874862246563,0.2295381724834442,-1.7255545854568481,1.4221525192260742
2555,P00469_W82M,C1C(C(OC1N2C=CC(=O)NC2=O)COP(=O)(O)O)O,-1.1079053973095196,0.4885426163673401,-1.7765247821807861,1.5935595035552979
2556,P00469_W82A,C1C(C(OC1N2C=CC(=O)NC2=O)COP(=O)(O)O)O,-1.6575773191777938,0.3226676881313324,-1.73964524269104,1.5061460733413696
2557,P00469_V316G,C1C2CN(CN2C3=C(N1)N=C(NC3=O)N)C4=CC=C(C=C4)C(=O)NC(CCC(=O)O)C(=O)O,-1.5228787452803376,0.7375758290290833,-0.941331148147583,1.9067686796188354
2558,P00469_V316R,C1C2CN(CN2C3=C(N1)N=C(NC3=O)N)C4=CC=C(C=C4)C(=O)NC(CCC(=O)O)C(=O)O,-1.6989700043360187,0.759719729423523,-0.9296295046806335,1.9165236949920654
2559,P00469_V316A,C1C2CN(CN2C3=C(N1)N=C(NC3=O)N)C4=CC=C(C=C4)C(=O)NC(CCC(=O)O)C(=O)O,-0.09151498112135023,0.7481560707092285,-0.9507036209106445,1.9115740060806274
2560,P0A884_I264A,C1C2CN(CN2C3=C(N1)N=C(NC3=O)N)C4=CC=C(C=C4)C(=O)NC(CCC(=O)O)C(=O)O,-1.6575773191777938,0.5311646461486816,-1.300463080406189,1.9973676204681396
2561,P00469_N229D,C1C(C(OC1N2C=CC(=O)NC2=O)COP(=O)(O)O)O,-2.3872161432802645,0.5219882130622864,-1.8163344860076904,1.5817300081253052
2562,P00469_N229D,C1C2CN(CN2C3=C(N1)N=C(NC3=O)N)C4=CC=C(C=C4)C(=O)NC(CCC(=O)O)C(=O)O,-0.3467874862246563,0.5427941679954529,-0.9135457277297974,1.67087721824646
2563,P00469_N229D,C1C(C(OC1N2C=CC(=NC2=O)N)COP(=O)(O)O)O,-0.3467874862246563,0.32142558693885803,-1.5890352725982666,1.3841832876205444
2564,P00469_N229W,C1C(C(OC1N2C=CC(=O)NC2=O)COP(=O)(O)O)O,0.25527250510330607,0.2164613902568817,-1.8177573680877686,1.3336405754089355
2565,P00469_N229W,C1C2CN(CN2C3=C(N1)N=C(NC3=O)N)C4=CC=C(C=C4)C(=O)NC(CCC(=O)O)C(=O)O,0.25527250510330607,0.2720632553100586,-0.8817930817604065,1.4228181838989258
2566,P00469_N229L,C1C2CN(CN2C3=C(N1)N=C(NC3=O)N)C4=CC=C(C=C4)C(=O)NC(CCC(=O)O)C(=O)O,0.14612803567823798,0.37462130188941956,-0.859768271446228,1.4996237754821777
2567,P00469_N229L,C1C(C(OC1N2C=CC(=O)NC2=O)COP(=O)(O)O)O,0.14612803567823798,0.32447946071624756,-1.7795206308364868,1.4213428497314453
2568,P00469_N229I,C1C(C(OC1N2C=CC(=O)NC2=O)COP(=O)(O)O)O,0.11394335230683679,0.3032897412776947,-1.801251769065857,1.4009634256362915
2569,P00469_N229I,C1C2CN(CN2C3=C(N1)N=C(NC3=O)N)C4=CC=C(C=C4)C(=O)NC(CCC(=O)O)C(=O)O,0.11394335230683679,0.3542677164077759,-0.8729381561279297,1.4634389877319336
2570,P00469_N229V,C1C(C(OC1N2C=CC(=O)NC2=O)COP(=O)(O)O)O,-0.022276394711152257,0.41471365094184875,-1.8009637594223022,1.494570255279541
2571,P00469_N229V,C1C2CN(CN2C3=C(N1)N=C(NC3=O)N)C4=CC=C(C=C4)C(=O)NC(CCC(=O)O)C(=O)O,-0.022276394711152257,0.4414665102958679,-0.8815973997116089,1.5721940994262695
2572,P00469_N229M,C1C2CN(CN2C3=C(N1)N=C(NC3=O)N)C4=CC=C(C=C4)C(=O)NC(CCC(=O)O)C(=O)O,-0.14874165128092473,0.5319693088531494,-0.8780266046524048,1.6522287130355835
2573,P00469_N229M,C1C(C(OC1N2C=CC(=O)NC2=O)COP(=O)(O)O)O,-0.14874165128092473,0.507754921913147,-1.8053088188171387,1.5574175119400024
2574,P00469_N229C,C1C2CN(CN2C3=C(N1)N=C(NC3=O)N)C4=CC=C(C=C4)C(=O)NC(CCC(=O)O)C(=O)O,-0.6382721639824072,0.5921471118927002,-0.9312803149223328,1.7801008224487305
2575,P00469_N229C,C1C(C(OC1N2C=CC(=O)NC2=O)COP(=O)(O)O)O,-0.6382721639824072,0.5709530115127563,-1.8690682649612427,1.6466259956359863
2576,P00469_N229T,C1C2CN(CN2C3=C(N1)N=C(NC3=O)N)C4=CC=C(C=C4)C(=O)NC(CCC(=O)O)C(=O)O,-1.0757207139381184,0.48361736536026,-0.8635398149490356,1.6126785278320312
2577,P00469_N229T,C1C(C(OC1N2C=CC(=O)NC2=O)COP(=O)(O)O)O,-1.0757207139381184,0.46450474858283997,-1.774057388305664,1.52028226852417
2578,P00469_N229G,C1C2CN(CN2C3=C(N1)N=C(NC3=O)N)C4=CC=C(C=C4)C(=O)NC(CCC(=O)O)C(=O)O,-1.5228787452803376,0.5110154151916504,-0.9034015536308289,1.682580828666687
2579,P00469_N229G,C1C(C(OC1N2C=CC(=O)NC2=O)COP(=O)(O)O)O,-1.5228787452803376,0.5018517971038818,-1.8210103511810303,1.5713962316513062
2580,P00469_N229Q,C1C2CN(CN2C3=C(N1)N=C(NC3=O)N)C4=CC=C(C=C4)C(=O)NC(CCC(=O)O)C(=O)O,-1.744727494896694,0.6043700575828552,-0.8854241967201233,1.716569185256958
2581,P00469_N229Q,C1C(C(OC1N2C=CC(=O)NC2=O)COP(=O)(O)O)O,-1.744727494896694,0.5976149439811707,-1.813173770904541,1.5961029529571533
2582,P00469_N229S,C1C(C(OC1N2C=CC(=O)NC2=O)COP(=O)(O)O)O,-1.958607314841775,0.440621018409729,-1.7744792699813843,1.5095765590667725
2583,P00469_N229S,C1C2CN(CN2C3=C(N1)N=C(NC3=O)N)C4=CC=C(C=C4)C(=O)NC(CCC(=O)O)C(=O)O,-1.958607314841775,0.47339555621147156,-0.8711258769035339,1.6138437986373901
2584,P00469_N229Y,C1C(C(OC1N2C=CC(=O)NC2=O)COP(=O)(O)O)O,-2.0315170514460648,0.14885884523391724,-1.770838737487793,1.2536522150039673
2585,P00469_N229Y,C1C2CN(CN2C3=C(N1)N=C(NC3=O)N)C4=CC=C(C=C4)C(=O)NC(CCC(=O)O)C(=O)O,-2.0315170514460648,0.21336105465888977,-0.8366371393203735,1.3062396049499512
2586,P00469_N229K,C1C2CN(CN2C3=C(N1)N=C(NC3=O)N)C4=CC=C(C=C4)C(=O)NC(CCC(=O)O)C(=O)O,-2.1079053973095196,0.2795049250125885,-0.8629233837127686,1.4113452434539795
2587,P00469_N229K,C1C(C(OC1N2C=CC(=O)NC2=O)COP(=O)(O)O)O,-2.1079053973095196,0.23034262657165527,-1.7737770080566406,1.3545302152633667
2588,P00469_N229E,C1C2CN(CN2C3=C(N1)N=C(NC3=O)N)C4=CC=C(C=C4)C(=O)NC(CCC(=O)O)C(=O)O,-2.3467874862246565,0.4258965253829956,-0.8944326639175415,1.5530071258544922
2589,P00469_N229E,C1C(C(OC1N2C=CC(=O)NC2=O)COP(=O)(O)O)O,-2.3467874862246565,0.4029402732849121,-1.7913246154785156,1.4890056848526
2590,P00469_F87D,C1C2CN(CN2C3=C(N1)N=C(NC3=O)N)C4=CC=C(C=C4)C(=O)NC(CCC(=O)O)C(=O)O,-0.835647144215563,0.7401713132858276,-0.9690381288528442,1.9055960178375244
2591,P00469_F87D,C1C(C(OC1N2C=CC(=O)NC2=O)COP(=O)(O)O)O,-0.835647144215563,0.7261521816253662,-1.8819555044174194,1.758204460144043
2592,P00469_R179T,C1C(C(OC1N2C=CC(=O)NC2=O)COP(=O)(O)O)O,0.2787536009528289,0.5772349834442139,-1.8233259916305542,1.6356804370880127
2593,P00469_R179T,C1C2CN(CN2C3=C(N1)N=C(NC3=O)N)C4=CC=C(C=C4)C(=O)NC(CCC(=O)O)C(=O)O,0.2787536009528289,0.6167023181915283,-0.9253622889518738,1.7732211351394653
2594,P00469_V316I,C1C(C(OC1N2C=CC(=O)NC2=O)COP(=O)(O)O)O,0.5797835966168101,0.7214364409446716,-1.8596606254577637,1.7397338151931763
2595,P00469_V316I,C1C2CN(CN2C3=C(N1)N=C(NC3=O)N)C4=CC=C(C=C4)C(=O)NC(CCC(=O)O)C(=O)O,0.5797835966168101,0.743558406829834,-0.9330481290817261,1.895237684249878
2596,P00469_V316L,C1C2CN(CN2C3=C(N1)N=C(NC3=O)N)C4=CC=C(C=C4)C(=O)NC(CCC(=O)O)C(=O)O,0.11394335230683679,0.7377572059631348,-0.9344611167907715,1.891960859298706
2597,P00469_V316L,C1C(C(OC1N2C=CC(=O)NC2=O)COP(=O)(O)O)O,0.11394335230683679,0.7144763469696045,-1.8644222021102905,1.7328053712844849
2598,P00469_V316F,C1C(C(OC1N2C=CC(=O)NC2=O)COP(=O)(O)O)O,0.11394335230683679,0.714412271976471,-1.8609387874603271,1.719024896621704
2599,P00469_V316F,C1C2CN(CN2C3=C(N1)N=C(NC3=O)N)C4=CC=C(C=C4)C(=O)NC(CCC(=O)O)C(=O)O,0.11394335230683679,0.731147050857544,-0.9313546419143677,1.877419114112854
2600,P00469_V316T,C1C(C(OC1N2C=CC(=O)NC2=O)COP(=O)(O)O)O,0.07918124604762482,0.6722195744514465,-1.8342217206954956,1.710540533065796
2601,P00469_V316T,C1C2CN(CN2C3=C(N1)N=C(NC3=O)N)C4=CC=C(C=C4)C(=O)NC(CCC(=O)O)C(=O)O,0.07918124604762482,0.707827091217041,-0.9072014093399048,1.8650178909301758
2602,P00469_V316C,C1C2CN(CN2C3=C(N1)N=C(NC3=O)N)C4=CC=C(C=C4)C(=O)NC(CCC(=O)O)C(=O)O,0.04139268515822508,0.7281204462051392,-0.9314824342727661,1.9082388877868652
2603,P00469_V316C,C1C(C(OC1N2C=CC(=O)NC2=O)COP(=O)(O)O)O,0.04139268515822508,0.7011191844940186,-1.8714410066604614,1.7392632961273193
2604,P00469_V316A,C1C(C(OC1N2C=CC(=O)NC2=O)COP(=O)(O)O)O,-0.09151498112135023,0.7263733148574829,-1.8754158020019531,1.7514326572418213
2605,P00469_V316M,C1C2CN(CN2C3=C(N1)N=C(NC3=O)N)C4=CC=C(C=C4)C(=O)NC(CCC(=O)O)C(=O)O,-0.18708664335714442,0.7572722434997559,-0.9371261596679688,1.9165875911712646
2606,P00469_V316M,C1C(C(OC1N2C=CC(=O)NC2=O)COP(=O)(O)O)O,-0.18708664335714442,0.7413257360458374,-1.8672540187835693,1.7595820426940918
2607,P00469_V316P,C1C(C(OC1N2C=CC(=O)NC2=O)COP(=O)(O)O)O,-0.22184874961635637,0.6784319877624512,-1.850682258605957,1.7140426635742188
2608,P00469_V316P,C1C2CN(CN2C3=C(N1)N=C(NC3=O)N)C4=CC=C(C=C4)C(=O)NC(CCC(=O)O)C(=O)O,-0.22184874961635637,0.7165668606758118,-0.9173657894134521,1.8795926570892334
2609,P00469_V316H,C1C2CN(CN2C3=C(N1)N=C(NC3=O)N)C4=CC=C(C=C4)C(=O)NC(CCC(=O)O)C(=O)O,-0.2596373105057561,0.7477805018424988,-0.9242353439331055,1.9087693691253662
2610,P00469_V316H,C1C(C(OC1N2C=CC(=O)NC2=O)COP(=O)(O)O)O,-0.2596373105057561,0.7431269288063049,-1.8613264560699463,1.7651169300079346
2611,P00469_V316S,C1C(C(OC1N2C=CC(=O)NC2=O)COP(=O)(O)O)O,-0.2676062401770315,0.7060445547103882,-1.8519339561462402,1.733516812324524
2612,P00469_V316S,C1C2CN(CN2C3=C(N1)N=C(NC3=O)N)C4=CC=C(C=C4)C(=O)NC(CCC(=O)O)C(=O)O,-0.2676062401770315,0.7402795553207397,-0.9257246255874634,1.8930740356445312
2613,P00469_V316N,C1C2CN(CN2C3=C(N1)N=C(NC3=O)N)C4=CC=C(C=C4)C(=O)NC(CCC(=O)O)C(=O)O,-0.4089353929735008,0.7411806583404541,-0.9177663326263428,1.882317066192627
2614,P00469_V316N,C1C(C(OC1N2C=CC(=O)NC2=O)COP(=O)(O)O)O,-0.4089353929735008,0.7279732823371887,-1.840226650238037,1.7439939975738525
2615,P00469_V316Q,C1C(C(OC1N2C=CC(=O)NC2=O)COP(=O)(O)O)O,-0.494850021680094,0.733005166053772,-1.8536596298217773,1.7485519647598267
2616,P00469_V316Q,C1C2CN(CN2C3=C(N1)N=C(NC3=O)N)C4=CC=C(C=C4)C(=O)NC(CCC(=O)O)C(=O)O,-0.494850021680094,0.7495694160461426,-0.9281878471374512,1.9011037349700928
2617,P00469_V316Y,C1C(C(OC1N2C=CC(=O)NC2=O)COP(=O)(O)O)O,-0.5376020021010439,0.7152969837188721,-1.8515701293945312,1.7236850261688232
2618,P00469_V316Y,C1C2CN(CN2C3=C(N1)N=C(NC3=O)N)C4=CC=C(C=C4)C(=O)NC(CCC(=O)O)C(=O)O,-0.5376020021010439,0.7293993234634399,-0.9209432005882263,1.8769853115081787
2619,P00469_V316E,C1C(C(OC1N2C=CC(=O)NC2=O)COP(=O)(O)O)O,-0.8239087409443188,0.7004284262657166,-1.8310418128967285,1.7258802652359009
2620,P00469_V316E,C1C2CN(CN2C3=C(N1)N=C(NC3=O)N)C4=CC=C(C=C4)C(=O)NC(CCC(=O)O)C(=O)O,-0.8239087409443188,0.7284414768218994,-0.9234497547149658,1.8723878860473633
2621,P00469_V316K,C1C(C(OC1N2C=CC(=O)NC2=O)COP(=O)(O)O)O,-0.9208187539523752,0.7702203989028931,-1.852105975151062,1.78133225440979
2622,P00469_V316K,C1C2CN(CN2C3=C(N1)N=C(NC3=O)N)C4=CC=C(C=C4)C(=O)NC(CCC(=O)O)C(=O)O,-0.9208187539523752,0.7681251168251038,-0.9220715165138245,1.9203927516937256
2623,P00469_V316W,C1C2CN(CN2C3=C(N1)N=C(NC3=O)N)C4=CC=C(C=C4)C(=O)NC(CCC(=O)O)C(=O)O,-1.3010299956639813,0.7177773714065552,-0.9373871088027954,1.8669452667236328
2624,P00469_V316W,C1C(C(OC1N2C=CC(=O)NC2=O)COP(=O)(O)O)O,-1.3010299956639813,0.6997426748275757,-1.8703174591064453,1.7052597999572754
2625,P00469_V316R,C1C(C(OC1N2C=CC(=O)NC2=O)COP(=O)(O)O)O,-1.6989700043360187,0.7442731261253357,-1.8630337715148926,1.7641533613204956
2626,P00469_V316G,C1C(C(OC1N2C=CC(=O)NC2=O)COP(=O)(O)O)O,-1.5228787452803376,0.7201088070869446,-1.8653671741485596,1.7436096668243408
2627,P0A886_wild,C1C(C(OC1N2C=CC(=O)NC2=O)COP(=O)(O)O)O,-0.22184874961635637,0.3218511641025543,-1.997820258140564,1.5737823247909546
2628,P0A886_wild,C1C2CN(CN2C3=C(N1)N=C(NC3=O)N)C4=CC=C(C=C4)C(=O)NC(CCC(=O)O)C(=O)O,-0.31875876262441283,0.5241405367851257,-1.2784600257873535,1.991933822631836
2629,P0A886_G257K,C1C(C(OC1N2C=CC(=O)NC2=O)COP(=O)(O)O)O,-0.46852108295774486,0.35484740138053894,-1.9859424829483032,1.6193101406097412
2630,P0A886_G257K,C1C2CN(CN2C3=C(N1)N=C(NC3=O)N)C4=CC=C(C=C4)C(=O)NC(CCC(=O)O)C(=O)O,-0.27572413039921095,0.5492616295814514,-1.2561367750167847,2.013207197189331
2631,P0A886_E86K,C1C(C(OC1N2C=CC(=O)NC2=O)COP(=O)(O)O)O,0.11394335230683679,0.33243364095687866,-1.9769432544708252,1.5883439779281616
2632,P0A886_E86K,C1C2CN(CN2C3=C(N1)N=C(NC3=O)N)C4=CC=C(C=C4)C(=O)NC(CCC(=O)O)C(=O)O,-0.09691001300805639,0.5348615646362305,-1.2559596300125122,2.025110960006714
2633,P0A886_G23K/E86K,C1C(C(OC1N2C=CC(=O)NC2=O)COP(=O)(O)O)O,0.04139268515822508,0.3580842614173889,-1.9080166816711426,1.604465365409851
2634,P0A886_G23K/E86K,C1C2CN(CN2C3=C(N1)N=C(NC3=O)N)C4=CC=C(C=C4)C(=O)NC(CCC(=O)O)C(=O)O,-0.045757490560675115,0.565070629119873,-1.1777777671813965,2.0416390895843506
2635,P29019_wild,C1=CC(=CC=C1[N+](=O)[O-])OC2C(C(C(C(O2)CO)OC3C(C(C(C(O3)CO)OC4C(C(C(C(O4)CO)O)O)O)O)O)O)O,-1.6642078312622763,1.375157356262207,0.176258385181427,-0.9895910024642944
2636,P29019_E130Q,C1=CC(=CC=C1[N+](=O)[O-])OC2C(C(C(C(O2)CO)OC3C(C(C(C(O3)CO)OC4C(C(C(C(O4)CO)O)O)O)O)O)O)O,-4.477121298149113,1.2877455949783325,0.19822703301906586,-1.0621262788772583
2637,P29019_D154N,C1=CC(=CC=C1[N+](=O)[O-])OC2C(C(C(C(O2)CO)OC3C(C(C(C(O3)CO)OC4C(C(C(C(O4)CO)O)O)O)O)O)O)O,-1.6642078312622763,1.3638420104980469,0.16389425098896027,-0.9849356412887573
2638,P29019_D191N,C1=CC(=CC=C1[N+](=O)[O-])OC2C(C(C(C(O2)CO)OC3C(C(C(C(O3)CO)OC4C(C(C(C(O4)CO)O)O)O)O)O)O)O,-4.778151163524756,1.1280052661895752,0.2107805460691452,-1.1403627395629883
2639,P29019_D193N,C1=CC(=CC=C1[N+](=O)[O-])OC2C(C(C(C(O2)CO)OC3C(C(C(C(O3)CO)OC4C(C(C(C(O4)CO)O)O)O)O)O)O)O,-3.3010299956639813,1.2989144325256348,0.1867315024137497,-1.0495636463165283
2640,P29019_D300N,C1=CC(=CC=C1[N+](=O)[O-])OC2C(C(C(C(O2)CO)OC3C(C(C(C(O3)CO)OC4C(C(C(C(O4)CO)O)O)O)O)O)O)O,-2.933053086285267,1.3208907842636108,0.18454919755458832,-1.022589921951294
2641,P75913_wild,C(=O)C(=O)[O-],1.8488047010518038,1.588861107826233,0.5017668604850769,0.9259886741638184
2642,Q9H227_wild,CC1=CC(=O)OC2=C1C=CC(=C2)OC3C(C(C(C(O3)CO)O)O)O,0.19659065411730653,0.27155497670173645,-0.5415222644805908,0.5358582139015198
2643,Q9H227_M172L,C1C(C(C(C(O1)OC2=CC=C(C=C2)[N+](=O)[O-])O)O)O,0.29885307640970665,0.15804851055145264,0.07745257765054703,0.35752904415130615
2644,Q9H227_Q307N,C1C(C(C(C(O1)OC2=CC=C(C=C2)[N+](=O)[O-])O)O)O,-0.6020599913279624,0.21718934178352356,0.06991589069366455,0.43009090423583984
2645,Q9H227_W345M,C1C(C(C(C(O1)OC2=CC=C(C=C2)[N+](=O)[O-])O)O)O,-1.6989700043360187,0.0787767842411995,0.08673368394374847,0.3161628246307373
2646,Q9H227_M172L,C1=CC(=CC=C1[N+](=O)[O-])OC2C(C(C(C(O2)CO)O)O)O,0.7160033436347992,0.43215328454971313,0.07438831031322479,0.4128663241863251
2647,Q9H227_Q307N,C1=CC(=CC=C1[N+](=O)[O-])OC2C(C(C(C(O2)CO)O)O)O,-0.3372421683184259,0.5084210634231567,0.04229936748743057,0.4889419674873352
2648,Q9H227_W345M,C1=CC(=CC=C1[N+](=O)[O-])OC2C(C(C(C(O2)CO)O)O)O,-1.5228787452803376,0.3382534086704254,0.07987095415592194,0.36380472779273987
2649,Q9H227_W345A,C1=CC(=CC=C1[N+](=O)[O-])OC2C(C(C(C(O2)CO)O)O)O,-2.0,0.3330717086791992,0.06798654794692993,0.3683898150920868
2650,Q9H227_wild,C1=CC(=C(C=C1C2=C(C(=O)C3=C(C=C(C=C3O2)OC4C(C(C(C(O4)CO)O)O)O)O)O)O)O,-0.16115090926274472,0.19376921653747559,-0.7136067152023315,0.5238537192344666
2651,Q9H227_M172L,C1=CC(=C(C=C1C2=C(C(=O)C3=C(C=C(C=C3O2)OC4C(C(C(C(O4)CO)O)O)O)O)O)O)O,-0.2596373105057561,0.2012801170349121,-0.7185167074203491,0.522072434425354
2652,Q9H227_Q307N,C1=CC(=C(C=C1C2=C(C(=O)C3=C(C=C(C=C3O2)OC4C(C(C(C(O4)CO)O)O)O)O)O)O)O,-1.3010299956639813,0.3126615881919861,-0.7584660053253174,0.6036438941955566
2653,Q9H227_W345M,C1=CC(=C(C=C1C2=C(C(=O)C3=C(C=C(C=C3O2)OC4C(C(C(C(O4)CO)O)O)O)O)O)O)O,-2.0,0.11369601637125015,-0.7071024775505066,0.4887416362762451
2654,Q9H227_wild,C1=CC(=CC=C1C2=CC(=O)C3=C(C=C(C=C3O2)OC4C(C(C(C(O4)CO)O)O)O)O)O,0.1846914308175988,0.2502492070198059,-0.6947043538093567,0.5947561264038086
2655,Q9H227_wild,C1C(OC2=CC(=CC(=C2C1=O)O)OC3C(C(C(C(O3)CO)O)O)O)C4=CC=C(C=C4)O,0.414973347970818,-0.04378020763397217,-0.7591097950935364,0.3565112054347992
2656,Q9H227_M172L,C1=CC(=CC=C1C2=CC(=O)C3=C(C=C(C=C3O2)OC4C(C(C(C(O4)CO)O)O)O)O)O,-0.10790539730951958,0.25731372833251953,-0.7021787762641907,0.5944671630859375
2657,Q9H227_Q307N,C1=CC(=CC=C1C2=CC(=O)C3=C(C=C(C=C3O2)OC4C(C(C(C(O4)CO)O)O)O)O)O,-0.9208187539523752,0.3559632897377014,-0.7438240647315979,0.6752527356147766
2658,Q9H227_W345M,C1=CC(=CC=C1C2=CC(=O)C3=C(C=C(C=C3O2)OC4C(C(C(C(O4)CO)O)O)O)O)O,-1.6989700043360187,0.17460429668426514,-0.6815358400344849,0.5476676821708679
2659,Q9H227_W345A,C1=CC(=CC=C1C2=CC(=O)C3=C(C=C(C=C3O2)OC4C(C(C(C(O4)CO)O)O)O)O)O,-2.0,0.16705778241157532,-0.6922252178192139,0.5527541637420654
2660,Q9H227_M172L,C1C(OC2=CC(=CC(=C2C1=O)O)OC3C(C(C(C(O3)CO)O)O)O)C4=CC=C(C=C4)O,0.1367205671564068,-0.036130353808403015,-0.7690819501876831,0.35703253746032715
2661,Q9H227_Q307N,C1C(OC2=CC(=CC(=C2C1=O)O)OC3C(C(C(C(O3)CO)O)O)O)C4=CC=C(C=C4)O,-0.6020599913279624,0.06936527788639069,-0.7848738431930542,0.430714875459671
2662,Q9H227_W345M,C1C(OC2=CC(=CC(=C2C1=O)O)OC3C(C(C(C(O3)CO)O)O)O)C4=CC=C(C=C4)O,-2.0,-0.1244768425822258,-0.7557276487350464,0.31445789337158203
2663,Q9H227_W345A,C1C(OC2=CC(=CC(=C2C1=O)O)OC3C(C(C(C(O3)CO)O)O)O)C4=CC=C(C=C4)O,-2.0,-0.12906813621520996,-0.7733579874038696,0.3192262053489685
2664,Q9H227_M172L,C1C(OC2=CC(=CC(=C2C1=O)O)OC3C(C(C(C(O3)CO)O)O)O)C4=CC(=C(C=C4)O)O,-0.00877392430750515,-0.17281889915466309,-0.7301567792892456,0.2576882839202881
2665,Q9H227_Q307N,C1C(OC2=CC(=CC(=C2C1=O)O)OC3C(C(C(C(O3)CO)O)O)O)C4=CC(=C(C=C4)O)O,-1.2218487496163564,-0.07929729670286179,-0.7511993646621704,0.33706241846084595
2666,Q9H227_W345M,C1C(OC2=CC(=CC(=C2C1=O)O)OC3C(C(C(C(O3)CO)O)O)O)C4=CC(=C(C=C4)O)O,-2.0,-0.2552809417247772,-0.702530026435852,0.21201151609420776
2667,Q9H227_W345A,C1C(OC2=CC(=CC(=C2C1=O)O)OC3C(C(C(C(O3)CO)O)O)O)C4=CC(=C(C=C4)O)O,-2.0,-0.2631551921367645,-0.720317006111145,0.21851810812950134
2668,Q9H227_wild,C1=CC(=CC=C1C2=COC3=CC(=CC(=C3C2=O)O)OC4C(C(C(C(O4)CO)O)O)O)O,0.1846914308175988,0.3401246666908264,-0.6906565427780151,0.34775570034980774
2669,Q9H227_wild,C1=CC(=CC=C1C2=COC3=C(C2=O)C=CC(=C3)OC4C(C(C(C(O4)CO)O)O)O)O,0.5502283530550941,0.27976182103157043,-0.8175622820854187,0.40403133630752563
2670,Q9H227_wild,C1=CC(=C(C=C1C2=C(C(=O)C3=C(C=C(C=C3O2)O)O)OC4C(C(C(C(O4)CO)O)O)O)O)OC5C(C(C(C(O5)CO)O)O)O,-0.5228787452803376,-0.005278535187244415,-0.5714502930641174,0.24733400344848633
2671,Q9H227_wild,C1=CC(=C(C=C1C2=CC(=O)C3=C(C=C(C=C3O2)OC4C(C(C(C(O4)CO)O)O)O)O)O)O,0.48429983934678583,0.17752200365066528,-0.6734834313392639,0.506929337978363
2672,Q9H227_V168Y,C1=CC(=CC=C1[N+](=O)[O-])OC2C(C(C(C(O2)CO)O)O)O,0.26717172840301384,0.4108034074306488,0.08737730234861374,0.4128400683403015
2673,Q9H227_V168Y,C1=CC(=CC=C1C2=COC3=C(C2=O)C=CC(=C3)OC4C(C(C(C(O4)CO)O)O)O)O,-0.16115090926274472,0.26758986711502075,-0.8083013296127319,0.4017432928085327
2674,Q9H227_V168Y,C1=CC(=C(C=C1C2=C(C(=O)C3=C(C=C(C=C3O2)OC4C(C(C(C(O4)CO)O)O)O)O)O)O)O,-0.9208187539523752,0.17759954929351807,-0.711108386516571,0.5210263133049011
2675,Q9H227_V168Y,C1=CC(=C(C=C1C2=CC(=O)C3=C(C=C(C=C3O2)OC4C(C(C(C(O4)CO)O)O)O)O)O)O,-0.5086383061657274,0.16409549117088318,-0.6681913137435913,0.505757212638855
2676,Q9H227_V168Y,C1C(OC2=CC(=CC(=C2C1=O)O)OC3C(C(C(C(O3)CO)O)O)O)C4=CC=C(C=C4)O,-0.4814860601221125,-0.056921809911727905,-0.7515522241592407,0.35431230068206787
2677,Q9H227_V168Y,C1C(OC2=CC(=CC(=C2C1=O)O)OC3C(C(C(C(O3)CO)O)O)O)C4=CC(=C(C=C4)O)O,-0.744727494896694,-0.19182682037353516,-0.7094168663024902,0.25537484884262085
2678,Q9H227_Y308F,C1=CC(=CC=C1[N+](=O)[O-])OC2C(C(C(C(O2)CO)O)O)O,-0.11918640771920865,0.4110724627971649,0.07345101982355118,0.4008609652519226
2679,Q9H227_Y308F,C1=CC(=CC=C1C2=COC3=C(C2=O)C=CC(=C3)OC4C(C(C(C(O4)CO)O)O)O)O,0.15228834438305647,0.27136820554733276,-0.8262603282928467,0.39628562331199646
2680,Q9H227_Y308F,C1=CC(=C(C=C1C2=C(C(=O)C3=C(C=C(C=C3O2)OC4C(C(C(C(O4)CO)O)O)O)O)O)O)O,-0.4814860601221125,0.17575116455554962,-0.7194088697433472,0.5161361694335938
2681,Q9H227_Y308F,C1=CC(=C(C=C1C2=CC(=O)C3=C(C=C(C=C3O2)OC4C(C(C(C(O4)CO)O)O)O)O)O)O,-0.07572071393811836,0.1616727113723755,-0.6788868308067322,0.49903202056884766
2682,Q9H227_Y308F,C1C(OC2=CC(=CC(=C2C1=O)O)OC3C(C(C(C(O3)CO)O)O)O)C4=CC=C(C=C4)O,-0.2596373105057561,-0.05623602867126465,-0.7693219780921936,0.3485026955604553
2683,Q9H227_Y308F,C1C(OC2=CC(=CC(=C2C1=O)O)OC3C(C(C(C(O3)CO)O)O)O)C4=CC(=C(C=C4)O)O,-0.5376020021010439,-0.192158043384552,-0.7306583523750305,0.24971334636211395
2684,Q75I94_wild,C1=CC(=CC=C1[N+](=O)[O-])OC2C(C(C(C(O2)CO)O)O)O,0.5185139398778875,0.8054002523422241,-0.2472560703754425,0.904256284236908
2685,Q75I94_wild,C(C1C(C(C(C(O1)OC2C(OC(C(C2O)O)O)CO)O)O)O)O,-0.00877392430750515,0.458873987197876,-0.05757130682468414,0.8560255169868469
2686,Q75I94_wild,C(C1C(C(C(C(O1)OC2C(OC(C(C2O)O)OC3C(OC(C(C3O)O)O)CO)CO)O)O)O)O,0.7839035792727349,0.5259547829627991,-0.4741518497467041,1.1755882501602173
2687,Q75I94_wild,C(C1C(C(C(C(O1)OC2C(OC(C(C2O)O)OC3C(OC(C(C3O)O)OC4C(OC(C(C4O)O)O)CO)CO)CO)O)O)O)O,1.2068258760318498,0.6896835565567017,-0.5880992412567139,1.214015007019043
2688,Q75I94_wild,C(C1C(C(C(C(O1)OC2C(OC(C(C2O)O)OC3C(OC(C(C3O)O)OC4C(OC(C(C4O)O)OC5C(OC(C(C5O)O)O)CO)CO)CO)CO)O)O)O)O,1.2013971243204515,0.7978199124336243,-0.660477340221405,1.317582130432129
2689,Q75I94_wild,C(C1C(C(C(C(O1)OC2C(OC(C(C2O)O)OC3C(OC(C(C3O)O)OC4C(OC(C(C4O)O)OC5C(OC(C(C5O)O)OC6C(OC(C(C6O)O)O)CO)CO)CO)CO)CO)O)O)O)O,2.3263358609287517,0.7846248745918274,-0.7333059310913086,1.3687678575515747
2690,Q75I94_wild,C(C1C(C(C(C(O1)O)O)OC2C(C(C(C(O2)CO)O)OC3C(C(C(C(O3)CO)O)O)O)O)O)O,1.1139433523068367,0.5762721300125122,-0.22559739649295807,0.991417646408081
2691,Q72H00_wild,C(C(C(=O)O)N)OP(=O)(O)O,3.177824971864682,0.09145199507474899,-0.6794722080230713,1.591211199760437
2692,Q9YER2_wild,C(C(=O)COP(=O)(O)O)O,0.6988251864132629,0.7794991731643677,-0.4186219573020935,0.42152976989746094
2693,Q9YER2_wild,C1C=CN(C=C1C(=O)N)C2C(C(C(O2)COP(=O)(O)OP(=O)(O)OCC3C(C(C(O3)N4C=NC5=C(N=CN=C54)N)O)O)O)O,0.6988251864132629,1.5985298156738281,-1.047872543334961,1.4456337690353394
2694,Q9YER2_wild,C1C=CN(C=C1C(=O)N)C2C(C(C(O2)COP(=O)(O)OP(=O)(O)OCC3C(C(C(O3)N4C=NC5=C(N=CN=C54)N)OP(=O)(O)O)O)O)O,0.17811325231463176,1.5200897455215454,-1.1961536407470703,1.659663438796997
2695,P94527_wild,C(C(=O)COP(=O)(O)O)O,-0.7026043619817883,0.535341203212738,-0.8628524541854858,0.2857828140258789
2696,P94527_wild,C1C=CN(C=C1C(=O)N)C2C(C(C(O2)COP(=O)(O)OP(=O)(O)OCC3C(C(C(O3)N4C=NC5=C(N=CN=C54)N)O)O)O)O,-0.6542995441091218,0.9619886875152588,-1.4221251010894775,1.2451741695404053
2697,P94527_wild,C(C(COP(=O)(O)O)O)O,-2.0791812634194047,0.8757638931274414,-0.28255635499954224,0.12846603989601135
2698,P94527_wild,C1=CC(=C[N+](=C1)C2C(C(C(O2)COP(=O)([O-])OP(=O)(O)OCC3C(C(C(O3)N4C=NC5=C(N=CN=C54)N)O)O)O)O)C(=O)N,-2.115393399819701,0.4999196231365204,-0.9145851731300354,0.6552168130874634
2699,Q9YER2_wild,C(C(COP(=O)(O)O)O)O,0.3966351669836934,1.240218997001648,-0.017478423193097115,0.26332491636276245
2700,Q9YER2_wild,C1=CC(=C[N+](=C1)C2C(C(C(O2)COP(=O)([O-])OP(=O)(O)OCC3C(C(C(O3)N4C=NC5=C(N=CN=C54)N)O)O)O)O)C(=O)N,0.3966351669836934,1.1627674102783203,-0.5188553333282471,0.8972989320755005
2701,Q9YER2_wild,C1=CC(=C[N+](=C1)C2C(C(C(O2)COP(=O)(O)OP(=O)(O)OCC3C(C(C(O3)N4C=NC5=C(N=CN=C54)N)OP(=O)(O)O)O)O)O)C(=O)N,0.08795878946073289,1.2851914167404175,-0.7435522079467773,1.0412051677703857
2702,Q76LM6_wild,C(C(C(C(=O)O)O)C(=O)O)C(=O)O,1.575187844927661,0.8544872403144836,-1.0037614107131958,1.7744641304016113
2703,Q76LM6_wild,C1=CC(=C[N+](=C1)C2C(C(C(O2)COP(=O)([O-])OP(=O)(O)OCC3C(C(C(O3)N4C=NC5=C(N=CN=C54)N)O)O)O)O)C(=O)N,1.575187844927661,0.5018343329429626,-0.5668997168540955,1.4294261932373047
2704,Q8G490_wild,C1=CC(=C[N+](=C1)C2C(C(C(O2)COP(=O)([O-])OP(=O)(O)OCC3C(C(C(O3)N4C=NC5=C(N=CN=C54)N)O)O)O)O)C(=O)N,1.0681858617461617,0.9761487245559692,-0.5498648285865784,1.1606937646865845
2705,Q8G490_R314D,C1=CC(=C[N+](=C1)C2C(C(C(O2)COP(=O)([O-])OP(=O)(O)OCC3C(C(C(O3)N4C=NC5=C(N=CN=C54)N)O)O)O)O)C(=O)N,-0.05551732784983137,0.9173988103866577,-0.5036619305610657,1.0826027393341064
2706,Q8G490_D253A/S257K/K260Q/R314D/H315I/T327A,C1=CC(=C[N+](=C1)C2C(C(C(O2)COP(=O)([O-])OP(=O)(O)OCC3C(C(C(O3)N4C=NC5=C(N=CN=C54)N)O)O)O)O)C(=O)N,-0.28567024025476695,0.8925564289093018,-0.4864516258239746,1.0303956270217896
2707,Q8G490_R314D/H315I/T327A,C1=CC(=C[N+](=C1)C2C(C(C(O2)COP(=O)([O-])OP(=O)(O)OCC3C(C(C(O3)N4C=NC5=C(N=CN=C54)N)O)O)O)O)C(=O)N,-0.38721614328026455,0.8919945359230042,-0.49962055683135986,1.0434579849243164
2708,P0AB71_wild,C(C1C(C(C(O1)(COP(=O)(O)O)O)O)O)OP(=O)(O)O,-1.8239087409443189,1.2442405223846436,-1.5746108293533325,0.9374630451202393
2709,P0AB71_G64T,C(C1C(C(C(O1)(COP(=O)(O)O)O)O)O)OP(=O)(O)O,-1.891660638014938,1.1748952865600586,-1.5866940021514893,0.8804939985275269
2710,Q12524_wild,CC(C)(COP(=O)(O)OP(=O)(O)OCC1C(C(C(O1)N2C=NC3=C(N=CN=C32)N)O)OP(=O)(O)O)C(C(=O)NCCC(=O)NCCS)O,0.6627578316815741,-0.5618554949760437,-1.6131566762924194,1.3285322189331055
2711,Q12524_wild,CC(C)(COP(=O)(O)OP(=O)(O)OCC1C(C(C(O1)N2C=NC3=C(N=CN=C32)N)O)OP(=O)(O)O)C(C(=O)NCCC(=O)NCCSSCCNC(=O)CCNC(=O)C(C(C)(C)COP(=O)(O)OP(=O)(O)OCC4C(C(C(O4)N5C=NC6=C(N=CN=C65)N)O)OP(=O)(O)O)O)O,0.6989700043360189,-0.18059682846069336,-1.9452370405197144,1.679267406463623
2712,Q14164_wild,CC1=C(C(=NC(=N1)N)N)OCCCOC2=CC(=C(C=C2Cl)Cl)Cl,-0.20741376213671006,-1.7669466733932495,-2.201603889465332,1.1883652210235596
2713,O42713_wild,C1=CC(=C(C=C1C2=C(C(=O)C3=C(C=C(C=C3O2)O)O)O)O)O,0.7923916894982539,1.432455062866211,-0.7769436836242676,1.8839850425720215
2714,O42713_wild,C1=CC=C(C(=C1)O)O,2.9432966145666546,2.0380964279174805,-0.022297697141766548,1.9517408609390259
2715,O42713_wild,CC1=CC(=O)C(=O)C=C1,2.925105726809664,2.265096664428711,-0.5809893608093262,2.259882688522339
2716,O42713_wild,CC(C)(C)C1=CC(=C(C=C1)O)O,2.8073997127594854,1.8208526372909546,-0.3555600643157959,1.5989794731140137
2717,O42713_wild,C1=CC(=C(C=C1CC(=O)O)O)O,2.8004421213362565,1.857421636581421,0.34340953826904297,1.4139710664749146
2718,O42713_wild,CC(C1=CC(=C(C=C1)O)O)C(=O)O,2.7431176252147416,1.7304052114486694,0.04453936219215393,1.4327166080474854
2719,O42713_wild,C1=CC(=O)C(=O)C=C1CCN,2.6424645202421213,2.0650172233581543,-0.44669824838638306,2.062096357345581
2720,O42713_wild,C1=CC(=C(C=C1CC(C(=O)O)N)O)O,2.0310042813635367,1.795303225517273,0.05243722349405289,1.468224287033081
2721,O42713_wild,CC(CC1=CC(=C(C=C1)O)O)(C(=O)O)N,1.6464037262230695,1.6944421529769897,-0.33265382051467896,1.3031055927276611
2722,O42713_wild,CC(C)NCC(C1=CC(=C(C=C1)O)O)O,1.4683473304121573,1.317408561706543,0.1009724885225296,0.9657617807388306
2723,O42713_wild,COC1=CC=C(C=C1)O,2.26528962586083,1.4687495231628418,-0.44644731283187866,1.525416612625122
2724,O42713_wild,CCOC1=CC=C(C=C1)O,2.12057393120585,1.4241081476211548,-0.17010243237018585,1.6129486560821533
2725,O42713_wild,C1=CC(=CC=C1CC(=O)O)O,1.6464037262230695,1.4682608842849731,0.27967578172683716,1.1707165241241455
2726,O42713_wild,C1=CC(=CC=C1CCN)O,1.413299764081252,0.824812650680542,0.6165310740470886,0.8496055006980896
2727,O42713_wild,C1=CC=C(C=C1)O,1.1038037209559568,1.4401237964630127,0.06393750011920929,1.3858896493911743
2728,O42713_wild,C1=CC(=CC=C1CC(C(=O)O)N)O,0.8976270912904415,1.5092209577560425,0.14267538487911224,1.20054292678833
2729,O42713_wild,CC(CC1=CC=C(C=C1)O)(C(=O)O)N,-0.22184874961635637,1.2717134952545166,-0.10906391590833664,1.147895336151123
2730,P07118_wild,C1=NC(=C2C(=N1)N(C=N2)C3C(C(C(O3)COP(=O)(O)OP(=O)(O)OP(=O)(O)O)O)O)N,1.6989700043360187,0.7072465419769287,-1.3018743991851807,1.7243757247924805
2731,P07118_wild,CC(C)C(C(=O)O)N,1.6989700043360187,0.9200778007507324,-1.1871695518493652,1.6237306594848633
2732,P07118_K277A,C1=NC(=C2C(=N1)N(C=N2)C3C(C(C(O3)COP(=O)(O)OP(=O)(O)OP(=O)(O)O)O)O)N,1.7558748556724915,0.6079124212265015,-1.278384804725647,1.6557400226593018
2733,P07118_K277A,CC(C)C(C(=O)O)N,1.7558748556724915,0.810221791267395,-1.1720726490020752,1.5666584968566895
2734,P93757_wild,C1=NC2=C(N1C3C(C(C(O3)COP(=O)(O)O)O)O)N=C(NC2=O)N,0.5910646070264992,-0.05783604830503464,-1.366269588470459,1.392895221710205
2735,P93757_wild,C1=NC(=C2C(=N1)N(C=N2)C3C(C(C(O3)COP(=O)(O)OP(=O)(O)OP(=O)(O)O)O)O)N,0.5910646070264992,-0.014631234109401703,-1.1721713542938232,1.0211325883865356
2736,P0AB71_wild,C(C(=O)COP(=O)(O)O)O,0.45229761990115885,0.622215747833252,-0.5563187599182129,0.6537718176841736
2737,P0A991_wild,C(C(C(C(C(=O)COP(=O)(O)O)O)O)O)O,-0.9330530862852668,0.22526341676712036,-0.7181408405303955,0.5524115562438965
2738,P0A991_K239A,C(C(C(C(C(=O)COP(=O)(O)O)O)O)O)O,-1.0,0.1394832730293274,-0.6772379875183105,0.47544044256210327
2739,P0AB71_E182A,C(C(=O)COP(=O)(O)O)O,-1.3010299956639813,0.6163058280944824,-0.5583375096321106,0.6701226234436035
2740,P14540_wild,C(C(=O)COP(=O)(O)O)O,0.61689542640076,0.44961726665496826,-0.5664685964584351,0.6827165484428406
2741,P14540_wild,C(C(C=O)O)OP(=O)(O)O,0.61689542640076,0.6654954552650452,-0.641490638256073,1.377497673034668
2742,Q9RUW4_wild,C1CC(NC1)C(=O)O,1.505149978319906,0.6549534201622009,-0.9987742900848389,1.5059070587158203
2743,Q9RUW4_wild,C(C(C(=O)O)N)S,-1.853871964321762,-0.8757027983665466,-1.3142993450164795,0.7580562829971313
2744,P0A8I8_wild,C1=C(C(=O)NC(=O)N1)C2C(C(C(O2)CO)O)O,-1.3802112069680488,-0.030862383544445038,-1.7437386512756348,0.5086882710456848
2745,P0A8I8_H129A,C1=C(C(=O)NC(=O)N1)C2C(C(C(O2)CO)O)O,-1.778151163524756,-0.04664282500743866,-1.718529462814331,0.5025418996810913
2746,P0A8I8_R142A,C1=C(C(=O)NC(=O)N1)C2C(C(C(O2)CO)O)O,-1.6020599913279623,-0.1499359905719757,-1.7094086408615112,0.4265080392360687
2747,P00735_wild,CC1=CC=C(C=C1)S(=O)(=O)NC(CCCN=C(N)N)C(=O)OC,0.7781512503836436,0.6492458581924438,-0.5893142223358154,1.6057769060134888
2748,A7LXT0_wild,C1C(C(C(C(O1)OCC(C(C(C(C=O)O)O)O)O)O)O)O,0.250420002308894,1.4644170999526978,0.8526560068130493,0.5694036483764648
2749,A7LXT0_wild,C1C(C(C(C(O1)OCC2C(C(C(C(O2)OC3C(OC(C(C3O)O)OC4C(OC(C(C4O)O)OC5C(OC(C(C5O)O)O)CO)COC6C(C(C(CO6)O)O)O)COC7C(C(C(CO7)O)O)O)O)O)O)O)O)O,1.513217600067939,1.5821040868759155,0.04415076971054077,1.063231348991394
2750,A7LXT0_wild,C1C(C(C(C(O1)OCC2C(C(C(C(O2)OC3C(OC(C(C3O)O)OC4C(OC(C(C4O)O)OC5C(OC(C(C5O)O)O)CO)COC6C(C(C(CO6)O)O)OC7C(C(C(C(O7)CO)O)O)O)COC8C(C(C(CO8)O)O)OC9C(C(C(C(O9)CO)O)O)O)O)O)O)O)O)O,1.4913616938342726,1.670179009437561,0.19215181469917297,0.9385099411010742
2751,Q96T66_wild,C1=NC2=C(C(=O)N1)N=CN2C3C(C(C(O3)COP(=O)(O)OP(=O)(O)OP(=O)(O)O)O)O,-0.14266750356873156,1.4001129865646362,-1.2656464576721191,1.4260660409927368
2752,Q96T66_wild,C1=NC2=C(N1C3C(C(C(O3)COP(=O)(O)OP(=O)(O)OP(=O)(O)O)O)O)N=C(NC2=O)N,-0.46852108295774486,1.2147307395935059,-1.1960344314575195,1.31056809425354
2753,Q96T66_wild,C1=CC(=C[N+](=C1)C2C(C(C(O2)COP(=O)(O)[O-])O)O)C(=O)N,0.3979400086720376,1.2556519508361816,-1.0832008123397827,1.5141849517822266
2754,O66940_wild,C(CCN)CC(C(=O)O)N,-1.3010299956639813,-0.003326632082462311,0.7161378264427185,0.02607560157775879
2755,Q9P979_wild,CCCCCCCC(=O)OC1=CC=CC2=CC=CC=C21,-0.07058107428570727,1.2461764812469482,-0.7106168270111084,1.2119872570037842
2756,P32397_wild,CC1=C2CC3=C(C(=C(N3)CC4=C(C(=C(N4)CC5=C(C(=C(N5)CC(=C1CCC(=O)O)N2)C)CCC(=O)O)C)CCC(=O)O)CCC(=O)O)C,-3.0791812634194047,-0.5789729356765747,-2.185021162033081,0.6042591333389282
2757,P08503_wild,CCCCCCCCCCCC(=O)SCCNC(=O)CCNC(=O)C(C(C)(C)COP(=O)(O)OP(=O)(O)OCC1C(C(C(O1)N2C=NC3=C(N=CN=C32)N)O)OP(=O)(O)O)O,1.0681858617461617,0.523732602596283,-2.1747822761535645,2.254516124725342
2758,P11310_wild,CCCCCCCCCCCC(=O)SCCNC(=O)CCNC(=O)C(C(C)(C)COP(=O)(O)OP(=O)(O)OCC1C(C(C(O1)N2C=NC3=C(N=CN=C32)N)O)OP(=O)(O)O)O,1.0755469613925308,0.4673207998275757,-2.2474756240844727,2.2599668502807617
2759,P11310_wild,CCCCCCCCCCCCCC(=O)SCCNC(=O)CCNC(=O)C(C(C)(C)COP(=O)(O)OP(=O)(O)OCC1C(C(C(O1)N2C=NC3=C(N=CN=C32)N)O)OP(=O)(O)O)O,0.7481880270062004,0.4359685778617859,-2.3426849842071533,2.2599282264709473
2760,P11310_wild,CCCCCCCCCCCCCCCC(=O)SCCNC(=O)CCNC(=O)C(C(C)(C)COP(=O)(O)OP(=O)(O)OCC1C(C(C(O1)N2C=NC3=C(N=CN=C32)N)O)OP(=O)(O)O)O,0.6127838567197355,0.40284350514411926,-2.3778676986694336,2.2425856590270996
2761,A5JTM5_Y65D,CC(C)(COP(=O)(O)OP(=O)(O)OCC1C(C(C(O1)N2C=NC3=C(N=CN=C32)N)O)OP(=O)(O)O)C(C(=O)NCCC(=O)NCCSC(=O)C4=CC=C(C=C4)Cl)O,-0.3565473235138126,-0.5171568393707275,-1.7952842712402344,1.1494426727294922
2762,A5JTM5_A112V,CC(C)(COP(=O)(O)OP(=O)(O)OCC1C(C(C(O1)N2C=NC3=C(N=CN=C32)N)O)OP(=O)(O)O)C(C(=O)NCCC(=O)NCCSC(=O)C4=CC=C(C=C4)Cl)O,-0.8860566476931633,-0.6836239099502563,-1.7638027667999268,1.04801607131958
2763,A5JTM5_G113A,CC(C)(COP(=O)(O)OP(=O)(O)OCC1C(C(C(O1)N2C=NC3=C(N=CN=C32)N)O)OP(=O)(O)O)C(C(=O)NCCC(=O)NCCSC(=O)C4=CC=C(C=C4)Cl)O,-2.0969100130080562,-0.6679883003234863,-1.763974905014038,1.0555847883224487
2764,A5JTM5_G113S,CC(C)(COP(=O)(O)OP(=O)(O)OCC1C(C(C(O1)N2C=NC3=C(N=CN=C32)N)O)OP(=O)(O)O)C(C(=O)NCCC(=O)NCCSC(=O)C4=CC=C(C=C4)Cl)O,0.6532125137753437,-0.7561376690864563,-1.6710734367370605,0.9894919395446777
2765,Q8DA54_wild,C(CC(C(=O)O)N)CN=C(N)N,1.3010299956639813,0.5844231843948364,-0.5295594334602356,1.0674748420715332
