,fasta_id,smiles,Label,pred_log10[kcat(s^-1)],pred_log10[Km(mM)],pred_log10[kcat/Km(s^-1mM^-1)]
0,B2MWN0_wild,C(C(C(=O)O)N)S,4.139879086401237,0.09602917730808258,-0.7605790495872498,1.0341875553131104
1,F9VNL5_wild,CC=O,0.5092025223311029,1.283646821975708,-0.0833333283662796,1.4367461204528809
2,F9VNL5_wild,C(C(C=O)O)OP(=O)(O)O,-0.00877392430750515,1.2720904350280762,-1.1530145406723022,1.788064956665039
3,F9VNL5_wild,C1=CC=C2C(=C1)C(=CN2)CC(=O)C(=O)O,1.0413926851582251,1.1264092922210693,-0.8893542885780334,1.673655390739441
4,F9VNL5_wild,C(C(C=O)O)O,0.7185016888672743,1.2760499715805054,-0.6535983681678772,1.6818578243255615
5,F9VNL5_wild,C1=CC=C2C(=C1)C(=CN2)CC=O,0.5390760987927766,0.8845131397247314,-1.3460854291915894,1.5084104537963867
6,P0A1C1_wild,C1=NC(=C2C(=N1)N(C=N2)C3C(C(C(O3)COP(=O)(O)OP(=O)(O)OP(=O)(O)O)O)O)N,-0.8239087409443188,0.2351137399673462,-0.5463319420814514,1.2948365211486816
7,Q9AR74_wild,C1=CC=C(C=C1)C=CC(=O)O,2.2089785172762535,-0.008166361600160599,-2.2380125522613525,0.9425739049911499
8,Q04468_wild,C1=CC=C(C=C1)C=CC(=O)O,2.1109262422664203,-0.0220775343477726,-2.257535696029663,1.0191712379455566
9,A8AAX2_wild,C1=CC(C=CC1O)(CC(=O)C(=O)O)C(=O)O,1.1760912590556813,0.43164774775505066,-0.6965510249137878,1.0526576042175293
10,Q4QZZ9_wild,CN1C=NC2=C1NC(=O)NC2=O,0.5797835966168101,0.5853912234306335,-1.2311469316482544,1.047067403793335
11,Q4QZZ9_D138A,C1=NC2=C(N1)C(=O)NC(=O)N2,1.5314789170422551,0.42687225341796875,-1.4126651287078857,1.5784740447998047
12,Q4QZZ9_Q356A,CN1C=NC2=C1NC(=O)NC2=O,0.14612803567823798,0.5659904479980469,-1.2235740423202515,1.0216739177703857
13,Q4QZZ9_Q101A,C(CC(=O)O)C(=O)C(=O)O,1.3222192947339193,0.20637927949428558,-1.0392615795135498,1.8579967021942139
14,Q4QZZ9_K122A,C(CC(=O)O)C(=O)C(=O)O,1.6232492903979006,0.19276969134807587,-1.0246062278747559,1.8414058685302734
15,Q4QZZ9_wild,C(CC(=O)O)C(=O)C(=O)O,1.8260748027008264,0.1959037035703659,-1.0466535091400146,1.8563824892044067
16,Q4QZZ9_N358A,C(CC(=O)O)C(=O)C(=O)O,1.2304489213782739,0.15324105322360992,-1.0365394353866577,1.8066928386688232
17,Q4QZZ9_D138A,C(CC(=O)O)C(=O)C(=O)O,1.3979400086720377,0.20221397280693054,-1.0589252710342407,1.864388108253479
18,Q4QZZ9_E137A,C1=NC2=C(N1)C(=O)NC(=O)N2,1.6020599913279625,0.42408475279808044,-1.4080510139465332,1.57869553565979
19,Q4QZZ9_C357A,C(CC(=O)O)C(=O)C(=O)O,1.2787536009528289,0.2068551629781723,-1.0475574731826782,1.870572566986084
20,Q4QZZ9_K122A,CN1C=NC2=C1NC(=O)NC2=O,0.2787536009528289,0.5883554220199585,-1.2043448686599731,1.0412919521331787
21,Q4QZZ9_N358A,C1=NC2=C(N1)C(=O)NC(=O)N2,1.5797835966168101,0.371722936630249,-1.3882726430892944,1.5201085805892944
22,Q4QZZ9_C357A,CN1C=NC2=C1NC(=O)NC2=O,0.6532125137753437,0.6027801036834717,-1.2332199811935425,1.0641441345214844
23,Q4QZZ9_E137A,CN1C=NC2=C1NC(=O)NC2=O,0.7708520116421442,0.5928652286529541,-1.252328872680664,1.056183099746704
24,Q4QZZ9_E137A,C(CC(=O)O)C(=O)C(=O)O,1.4913616938342726,0.20262032747268677,-1.0570389032363892,1.8645533323287964
25,Q4QZZ9_Q356A,C1=NC2=C(N1)C(=O)NC(=O)N2,1.5440680443502757,0.38893938064575195,-1.38921058177948,1.547513484954834
26,Q4QZZ9_K122A,C1=NC2=C(N1)C(=O)NC(=O)N2,1.7781512503836436,0.40773215889930725,-1.3745653629302979,1.5580205917358398
27,Q4QZZ9_wild,C1=NC2=C(N1)C(=O)NC(=O)N2,1.8573324964312685,0.41348278522491455,-1.3976821899414062,1.5668513774871826
28,Q4QZZ9_C357A,C1=NC2=C(N1)C(=O)NC(=O)N2,1.505149978319906,0.4312473237514496,-1.3969796895980835,1.5811069011688232
29,Q4QZZ9_Q101A,CN1C=NC2=C1NC(=O)NC2=O,-0.1804560644581313,0.5998057723045349,-1.2230684757232666,1.04952871799469
30,Q4QZZ9_N358A,CN1C=NC2=C1NC(=O)NC2=O,0.10037054511756291,0.5412853360176086,-1.2186611890792847,0.9969815015792847
31,Q4QZZ9_D138A,CN1C=NC2=C1NC(=O)NC2=O,0.6283889300503115,0.5940350890159607,-1.2487152814865112,1.0540447235107422
32,Q6GH13_wild,CC(=O)C(=O)[O-],1.845098040014257,0.388566255569458,-0.20018115639686584,0.9856256246566772
33,Q4J9F2_wild,C1=CC(=C[N+](=C1)C2C(C(C(O2)COP(=O)([O-])OP(=O)(O)OCC3C(C(C(O3)N4C=NC5=C(N=CN=C54)N)O)O)O)O)C(=O)N,1.2855573090077739,1.1191275119781494,-0.015923205763101578,1.4371598958969116
34,Q4J9F2_wild,C1CC(C2=CC=CC=C2C1)O,0.9822712330395684,0.5388348698616028,-0.4769693911075592,1.1641576290130615
35,Q4J9F2_wild,C1=CC=C2C(=C1)C(=O)C(=O)N2,1.3424226808222062,1.4503071308135986,-0.6662111878395081,1.7950279712677002
36,Q4J9F2_wild,COC(=O)C(=O)C1=CC=CC=C1Cl,0.9637878273455552,1.1076784133911133,-0.13605058193206787,0.9393268823623657
37,Q4J9F2_wild,C1CCCC(CC1)O,0.8450980400142568,0.6873630285263062,0.6359459161758423,0.5251268148422241
38,Q4J9F2_wild,C1CC2=CC=CC=C2C1O,1.1367205671564067,1.076629877090454,0.051032762974500656,1.1389434337615967
39,Q4J9F2_wild,C1=CC=C(C=C1)C(=O)C(=O)C2=CC=CC=C2,0.2041199826559248,0.7461695671081543,-0.3496604263782501,0.9519050121307373
40,Q4J9F2_wild,CC(=O)C1=C(C(=C(C(=C1F)F)F)F)F,0.505149978319906,0.09389299154281616,0.6517844796180725,0.42123186588287354
41,Q4J9F2_wild,C1=CC=C(C=C1)C(=O)C(F)(F)F,0.23044892137827394,0.21083736419677734,0.058365847915410995,0.8305313587188721
42,Q4J9F2_wild,C1=CC=C(C=C1)C(=O)C(Cl)Cl,-0.18708664335714442,0.6830919981002808,-0.304606556892395,1.0032939910888672
43,Q4J9F2_wild,CCOC(=O)C(=O)C1=CC=CC=C1,0.2787536009528289,0.9091352224349976,0.2155408263206482,0.7876136898994446
44,Q4J9F2_wild,CC(=O)C(=O)C1=CC=CC=C1,0.724275869600789,0.9667943716049194,-0.1109599769115448,0.8261085152626038
45,Q4J9F2_wild,CCOC(=O)C(=O)C(C)C,1.414973347970818,1.0825263261795044,0.7955735325813293,0.747786283493042
46,Q4J9F2_wild,C1C=CN(C=C1C(=O)N)C2C(C(C(O2)COP(=O)(O)OP(=O)(O)OCC3C(C(C(O3)N4C=NC5=C(N=CN=C54)N)O)O)O)O,1.4183012913197455,1.161962628364563,-0.43821051716804504,1.8012094497680664
47,Q4J9F2_wild,CC1(C2CCC1(C(C2)O)C)C,1.2201080880400552,0.08075244724750519,-0.503585934638977,1.1378384828567505
48,A0A075B5H4_wild,C(C(C(C(C(C(=O)[O-])O)O)O)O)O,-0.00877392430750515,1.1674790382385254,0.9174726605415344,0.14410074055194855
49,A0A075B5H4_wild,C(C(C(C(C(C(=O)O)O)O)O)O)O,-0.27572413039921095,0.9474332332611084,0.9699759483337402,0.23531559109687805
50,A0A075B5H4_wild,C(C(C(CO)O)O)C(=O)C(=O)[O-],0.14612803567823798,1.0242425203323364,0.6182715892791748,0.21667048335075378
51,A0A075B5H4_wild,C(C(C(C(CO)O)O)O)O,-2.721246399047171,0.7852205038070679,1.8563865423202515,-0.24706068634986877
52,A0A075B5H4_wild,C(C(C(C(C(=O)[O-])O)O)O)O,-1.494850021680094,1.303219199180603,0.8819654583930969,0.2617378830909729
53,A0A075B5H4_wild,C(C(C(C(C(CO)O)O)O)O)O,-2.283996656365201,0.7354073524475098,1.941411018371582,-0.45962032675743103
54,Q5GJ59_wild,CC(=CCCC(=CCCC(=CCOP(=O)(O)OP(=O)(O)O)C)C)C,-2.853871964321762,-1.5315086841583252,-2.4440524578094482,0.7280441522598267
55,M1EY73_wild,CN1C=NC2=C1C(=O)NC(=O)N2,-0.7958800173440752,-0.4518653452396393,-1.615174651145935,0.9105336666107178
56,Q331Q6_wild,C[S+](CCC(C(=O)[O-])N)CC1C(C(C(O1)N2C=NC3=C(N=CN=C32)N)O)O,-1.5686362358410126,-1.3654801845550537,-1.0837024450302124,0.30482760071754456
57,Q331Q6_wild,C1=CC(=C(C=C1C2=C(C(=O)C3=C(C=C(C=C3O2)O)O)O)O)O,-1.5686362358410126,-0.6485710740089417,-0.8468530178070068,0.6289106607437134
58,M1VDX3_wild,CC(=CCCC(=CCCC(=CCCC(=CCOP(=O)(O)OP(=O)(O)O)C)C)C)C,-1.6575773191777938,-2.5393922328948975,-2.014876127243042,0.1864299476146698
59,P37484_wild,C1C2C(C(C(O2)N3C=NC4=C(N=CN=C43)N)O)OP(=O)(OCC5C(C(C(O5)N6C=NC7=C(N=CN=C76)N)O)OP(=O)(O1)O)O,-0.2596373105057561,-0.17518992722034454,-1.4597097635269165,1.4136273860931396
60,P37484_wild,C1C2C(C(C(O2)N3C=NC4=C3N=C(NC4=O)N)O)OP(=O)(OCC5C(C(C(O5)N6C=NC7=C6N=C(NC7=O)N)O)OP(=O)(O1)O)O,-0.6382721639824072,-0.4588887095451355,-1.2557131052017212,0.9091652035713196
61,Q58806_wild,CC(C=O)O,0.3010299956639812,0.8936831951141357,-0.36245572566986084,1.1250890493392944
62,Q58806_wild,CCC=O,0.47712125471966244,0.5385081768035889,-0.5768486857414246,1.0406708717346191
63,P00883_wild,C(C(C(C(C(=O)COP(=O)(O)O)O)O)O)O,0.7839035792727349,0.3214724063873291,-0.47561216354370117,0.37033528089523315
64,P05062_wild,C(C(C(C(C(=O)COP(=O)(O)O)O)O)O)O,1.03476197263012,0.15702727437019348,-0.7028653025627136,0.27467140555381775
65,P93882_Y181A,CC(C)C(C(C(=O)[O-])O)C(=O)[O-],-1.7695510786217261,-0.23390090465545654,-1.865836501121521,1.2472670078277588
66,P93882_Y181H,CC(C)C(C(C(=O)[O-])O)C(=O)[O-],-0.23433144524098592,-0.3071786165237427,-1.871475100517273,1.1690925359725952
67,P93882_Y181F,CC(C)C(C(C(=O)[O-])O)C(=O)[O-],-0.632644078973981,-0.20666170120239258,-1.886605143547058,1.2563321590423584
68,P93882_wild,CC(C)C(C(C(=O)[O-])O)C(=O)[O-],0.6599162000698503,-0.2209598422050476,-1.8875837326049805,1.2567412853240967
69,P16932_Q52A,CC(=O)C(=O)[O-],-0.9208187539523752,0.04152228310704231,-0.084628164768219,0.7444086074829102
70,P16932_Q52A,CC(C)(C(=O)[O-])[NH3+],-0.9208187539523752,0.28706762194633484,0.449445515871048,0.158237487077713
71,P09546_Y540S,C1CC(NC1)C(=O)O,0.8920946026904804,0.39071354269981384,0.48974934220314026,0.02451053261756897
72,P09546_wild,C1CC(NC1)C(=O)O,1.462397997898956,0.39071354269981384,0.48974934220314026,0.02451053261756897
73,P09546_Y540S,C1C(CNC1C(=O)O)O,0.3010299956639812,0.39838218688964844,1.4768022298812866,-0.32493069767951965
74,P09546_L432P,C1CC(NC1)C(=O)O,0.47712125471966244,0.2960282266139984,0.5276007056236267,-0.016254276037216187
75,P09546_Y540A,C1C(CNC1C(=O)O)O,0.4623979978989561,0.39838218688964844,1.4768022298812866,-0.32493069767951965
76,P09546_wild,C1C(CNC1C(=O)O)O,0.3979400086720376,0.39838218688964844,1.4768022298812866,-0.32493069767951965
77,P09546_Y540A,C1CC(NC1)C(=O)O,1.1139433523068367,0.39071354269981384,0.48974934220314026,0.02451053261756897
78,Q15256_wild,C1=CC(=CC=C1[N+](=O)[O-])OP(=O)(O)OC2=CC=C(C=C2)[N+](=O)[O-],-1.4814860601221125,0.9601967334747314,0.3644994795322418,0.4441061019897461
79,Q15256_wild,C1=CC(=CC=C1[N+](=O)[O-])OP(=O)(O)O,-0.6840296545430823,0.8469963073730469,0.34949398040771484,0.20341584086418152
80,P35236_wild,C1=CC(=CC=C1[N+](=O)[O-])OP(=O)(O)O,1.098643725817057,0.8306241035461426,-0.026057656854391098,0.669636070728302
81,P23468_wild,C1=CC(=CC=C1[N+](=O)[O-])OP(=O)(O)O,-1.5686362358410126,1.0825756788253784,-0.43295830488204956,0.8245026469230652
82,Q9S427_L145V,C1=CC(=CC=C1[N+](=O)[O-])OP(=O)(O)O,1.0569048513364727,0.8897190690040588,-0.24384711682796478,1.3703281879425049
83,Q9S427_L145F,C1=CC(=CC=C1[N+](=O)[O-])OP(=O)(O)O,2.110589710299249,0.8957430124282837,-0.2353057712316513,1.3703904151916504
84,Q9S427_I115F,C1=CC(=CC=C1[N+](=O)[O-])OP(=O)(O)O,2.4183012913197457,0.8673647046089172,-0.23363402485847473,1.3538601398468018
85,Q9S427_L145A,C1=CC(=CC=C1[N+](=O)[O-])OP(=O)(O)O,1.3404441148401183,0.890183687210083,-0.2429482787847519,1.3662570714950562
86,Q9S427_wild,C1=CC(=CC=C1[N+](=O)[O-])OP(=O)(O)O,2.2669369111591733,0.8835533857345581,-0.24767598509788513,1.3633997440338135
87,Q9S427_I115V,C1=CC(=CC=C1[N+](=O)[O-])OP(=O)(O)O,2.2667019668840878,0.8807225227355957,-0.24736492335796356,1.3642146587371826
88,Q9S427_I115L,C1=CC(=CC=C1[N+](=O)[O-])OP(=O)(O)O,2.2650537885040145,0.8827680945396423,-0.24157428741455078,1.3556864261627197
89,Q9S427_I115M,C1=CC(=CC=C1[N+](=O)[O-])OP(=O)(O)O,2.34966598409663,0.8715274930000305,-0.23884467780590057,1.3563556671142578
90,Q9S427_L145M,C1=CC(=CC=C1[N+](=O)[O-])OP(=O)(O)O,2.2229764498933915,0.8936760425567627,-0.24811144173145294,1.3725781440734863
91,Q64604_wild,C1=CC(=CC=C1[N+](=O)[O-])OP(=O)(O)O,0.785329835010767,1.1469813585281372,-0.4157940745353699,1.0489131212234497
92,U3U992_wild,C1=CN(C(=O)NC1=O)C2C(C(C(O2)COP(=O)(O)OP(=O)(O)OC3C(C(C(C(O3)CO)O)O)O)O)O,-0.8860566476931633,-0.051804784685373306,-0.38753843307495117,1.1917577981948853
93,U3U992_wild,CC1CCC2C1C(OC=C2C(=O)[O-])O,-0.4881166390211256,-0.026491528376936913,-0.5427053570747375,0.7596142292022705
94,K0J3J2_wild,CCCCCCCCCCCCCCCC(=O)OCC(COP(=O)(O)O)OC(=O)CCCCCCCCCCCCCCC,2.7993405494535817,0.7137166261672974,0.21003752946853638,1.5221583843231201
95,Q84MD8_wild,CC1=CC2=C(C=C1C)N(C3=NC(=O)NC(=O)C3=N2)CC(C(C(COP(=O)(O)O)O)O)O,0.24551266781414982,-0.7600317001342773,-2.9535529613494873,2.106210708618164
96,A0A140N9T3_wild,CCCCCCCCC=CCCCCCCCC(=O)OCC(COP(=O)(O)O)OC(=O)CCCCCCCC=CCCCCCCCC,1.3802112417116061,-0.46327486634254456,-1.1516627073287964,1.362029790878296
97,A8W969_wild,C1C2C(C(O1)C(C(O2)O)O)OC3C(C(C(C(O3)CO)O)OC4C(C5C(C(O4)CO5)OC6C(C(C(C(O6)CO)O)O)O)O)O,1.6127838567197355,1.275808334350586,-0.1713271141052246,1.8170926570892334
98,Q9KWY4_S42G/H135E,C1=CC(=CC=C1[N+](=O)[O-])OP(=O)(O)O,1.845098040014257,1.4561474323272705,-0.3276687264442444,0.7707474827766418
99,Q9KWY4_G149D,C1=CC(=CC=C1[N+](=O)[O-])OP(=O)(O)O,2.0681858617461617,1.462802529335022,-0.3529171943664551,0.7945375442504883
100,Q9KWY4_S86A,C1=CC(=CC=C1[N+](=O)[O-])OP(=O)(O)O,2.307496037913213,1.4655873775482178,-0.33907637000083923,0.8031008243560791
101,Q9KWY4_S86A/G87A,C1=CC(=CC=C1[N+](=O)[O-])OP(=O)(O)O,1.4771212547196624,1.439306378364563,-0.32483556866645813,0.7923462390899658
102,Q9KWY4_H135E/G149D,C1=CC(=CC=C1[N+](=O)[O-])OP(=O)(O)O,2.5575072019056577,1.4140658378601074,-0.3557718098163605,0.7325074076652527
103,Q9KWY4_S42G,C1=CC(=CC=C1[N+](=O)[O-])OP(=O)(O)O,2.123851640967086,1.50308096408844,-0.3265668451786041,0.8303827047348022
104,Q9KWY4_H135E,C1=CC(=CC=C1[N+](=O)[O-])OP(=O)(O)O,2.4814426285023052,1.420357346534729,-0.3491862714290619,0.7426310777664185
105,Q9KWY4_S338T,C1=CC(=CC=C1[N+](=O)[O-])OP(=O)(O)O,2.0569048513364727,1.4691073894500732,-0.34936192631721497,0.807342529296875
106,Q9KWY4_S42G/S338T,C1=CC(=CC=C1[N+](=O)[O-])OP(=O)(O)O,1.8512583487190752,1.5046501159667969,-0.3281560242176056,0.834992527961731
107,Q9KWY4_wild,C1=CC(=CC=C1[N+](=O)[O-])OP(=O)(O)O,2.3729120029701067,1.4671635627746582,-0.3464973270893097,0.8018336296081543
108,A0A218PHN9_wild,C1=CC(=CC=C1[N+](=O)[O-])OP(=O)(O)O,3.845098040014257,1.2435415983200073,-0.03335616737604141,1.4067623615264893
109,Q9KWY4_G87A,C1=CC(=CC=C1[N+](=O)[O-])OP(=O)(O)O,2.0,1.4414949417114258,-0.3328869640827179,0.790605902671814
110,A0A0M3KL04_wild,CC(=O)C(=O)[O-],2.709439574132411,1.8095356225967407,0.20942255854606628,1.4499760866165161
111,Q73GL9_wild,C(CC(=O)O)C(C(=O)O)N,-1.7695510786217261,0.30299821496009827,0.5379081964492798,0.19871315360069275
112,P14410_wild,C(C1C(C(C(C(O1)OCC2C(C(C(C(O2)O)O)O)O)O)O)O)O,1.9867717342662448,1.0642094612121582,0.9532210826873779,0.5733370184898376
113,P14410_wild,C(C1C(C(C(C(O1)OC2C(OC(C(C2O)O)O)CO)O)O)O)O,2.1367205671564067,1.1436465978622437,0.7822791337966919,0.8001210689544678
114,A0A3E2N0G4_wild,CC(=O)NC1C(C(C(OC1O)COP(=O)(O)O)O)O,1.5658478186735176,0.6106834411621094,0.0560566745698452,0.8957156538963318
115,Q6FFQ2_wild,C(C(C(C(=O)O)O)O)(C(C(=O)O)O)O,0.8055008581584001,0.24134260416030884,-1.0244818925857544,1.5050930976867676
116,P0AES2_K207Q,C(C(C(C(=O)O)O)O)(C(C(=O)O)O)O,-2.3010299956639813,0.154418483376503,-1.0397051572799683,1.3387656211853027
117,P0AES2_H339A,C(C(C(C(=O)O)O)O)(C(C(=O)O)O)O,-1.7958800173440752,0.11265656352043152,-1.046392798423767,1.2801134586334229
118,P0AES2_Y150F,C(C(C(C(=O)O)O)O)(C(C(=O)O)O)O,-0.721246399047171,0.15152810513973236,-1.071355938911438,1.3382437229156494
119,P0AES2_D366A,C(C(C(C(=O)O)O)O)(C(C(=O)O)O)O,0.0,0.10140371322631836,-1.0533554553985596,1.2801897525787354
120,P0AES2_D366A,C(C(C(C(=O)[O-])O)O)(C(C(=O)[O-])O)O,0.17609125905568124,-0.16927964985370636,-1.2248077392578125,1.3256767988204956
121,P0AES2_D366N,C(C(C(C(=O)[O-])O)O)(C(C(=O)[O-])O)O,0.9030899869919435,-0.1171438992023468,-1.2535884380340576,1.3941164016723633
122,P0AES2_wild,C(C(C(C(=O)[O-])O)O)(C(C(=O)[O-])O)O,1.5440680443502757,-0.11217854917049408,-1.2551015615463257,1.4082480669021606
123,P0AES2_N341L,C(C(C(C(=O)[O-])O)O)(C(C(=O)[O-])O)O,-1.4436974992327127,-0.12391194701194763,-1.2519272565841675,1.393789529800415
124,P0AES2_Y150F,C(C(C(C(=O)[O-])O)O)(C(C(=O)[O-])O)O,-1.0969100130080565,-0.12790340185165405,-1.2388375997543335,1.3830574750900269
125,P0AES2_N341L,C(C(C(C(=O)O)O)O)(C(C(=O)O)O)O,-2.3979400086720375,0.15564605593681335,-1.084579586982727,1.3592756986618042
126,P0AES2_D366N,C(C(C(C(=O)O)O)O)(C(C(=O)O)O)O,0.25527250510330607,0.1526046097278595,-1.085274577140808,1.3491485118865967
127,P0AES2_wild,C(C(C(C(=O)O)O)O)(C(C(=O)O)O)O,1.5440680443502757,0.16822212934494019,-1.0833853483200073,1.3657923936843872
128,P0AES2_H339Q,C(C(C(C(=O)O)O)O)(C(C(=O)O)O)O,-1.6989700043360187,0.1333920955657959,-1.0612131357192993,1.313209056854248
129,P0AES2_H339Q,C(C(C(C(=O)[O-])O)O)(C(C(=O)[O-])O)O,-1.6989700043360187,-0.14965209364891052,-1.2350164651870728,1.3594424724578857
130,P0AES2_K207R,C(C(C(C(=O)O)O)O)(C(C(=O)O)O)O,-3.0,0.15996399521827698,-1.072967290878296,1.3641310930252075
131,P0AES2_N341D,C(C(C(C(=O)O)O)O)(C(C(=O)O)O)O,-1.6575773191777938,0.14903341233730316,-1.0706757307052612,1.3430864810943604
132,P0AES2_H339N,C(C(C(C(=O)[O-])O)O)(C(C(=O)[O-])O)O,-3.6020599913279625,-0.16332107782363892,-1.2153258323669434,1.3318264484405518
133,P0AES2_H339A,C(C(C(C(=O)[O-])O)O)(C(C(=O)[O-])O)O,-2.2924298239020637,-0.1743679940700531,-1.22050142288208,1.3259215354919434
134,P0AES2_N341D,C(C(C(C(=O)[O-])O)O)(C(C(=O)[O-])O)O,-1.00436480540245,-0.13722369074821472,-1.2454655170440674,1.387378454208374
135,P0AES2_H339N,C(C(C(C(=O)O)O)O)(C(C(=O)O)O)O,-3.4814860601221125,0.1196703165769577,-1.0447736978530884,1.2838391065597534
136,A0A0G4DBU7_wild,CCCCC(C(=O)O)N,1.7853298350107671,0.08730334043502808,0.6610811948776245,0.6125825643539429
137,A0A0G4DBU7_wild,CSCCC(C(=O)O)N,2.3783979009481375,0.23389804363250732,0.666658341884613,0.41871246695518494
138,D7P5V0_wild,C1C=CN(C=C1C(=O)N)C2C(C(C(O2)COP(=O)(O)OP(=O)(O)OCC3C(C(C(O3)N4C=NC5=C(N=CN=C54)N)O)O)O)O,-0.9469215565165803,-0.5809070467948914,-0.9372906684875488,0.8757517337799072
139,D7P5V0_wild,C1C=CN(C=C1C(=O)N)C2C(C(C(O2)COP(=O)(O)OP(=O)(O)OCC3C(C(C(O3)N4C=NC5=C(N=CN=C54)N)OP(=O)(O)O)O)O)O,-0.48945498979338786,-0.7239704728126526,-1.175115704536438,0.9419885873794556
140,D7P5V0_wild,C1CCC(CC1)C=CC=CC=CC(=O)NC2=C(C=CC(=C2)C=CC=CC=CC(=O)NC3=C(CCC3=O)O)O,1.2219355998280055,-0.876410722732544,-1.7112022638320923,1.179519534111023
141,P0AG18_H45Q,C1=NC(=C(N1C2C(C(C(O2)COP(=O)(O)O)O)O)N)C(=O)O,-2.9208187539523753,0.12939143180847168,-1.1382051706314087,0.8805604577064514
142,P0AG18_wild,C1=NC(=C(N1C2C(C(C(O2)COP(=O)(O)O)O)O)N)C(=O)O,1.1931245983544616,0.6367219090461731,-1.3867254257202148,1.7328431606292725
143,P0AG18_wild,C1=C(N(C=N1)C2C(C(C(O2)COP(=O)(O)O)O)O)NC(=O)O,1.1903316981702914,0.8322058916091919,-1.2611125707626343,1.6237132549285889
144,P0AG18_H45W,C1=NC(=C(N1C2C(C(C(O2)COP(=O)(O)O)O)O)N)C(=O)O,-3.3979400086720375,0.09621022641658783,-1.140372633934021,0.8930620551109314
145,P0AG18_H45Q,C1=C(N(C=N1)C2C(C(C(O2)COP(=O)(O)O)O)O)NC(=O)O,-2.677780705266081,0.29632312059402466,-1.0073527097702026,0.815608024597168
146,P0A6D3_E341A,C1C(C(C(C=C1C(=O)[O-])OP(=O)([O-])[O-])O)O,0.6232492903979004,0.03779039904475212,-0.7040912508964539,1.035322666168213
147,P0A6D3_K22R,C=C(C(=O)O)OP(=O)(O)O,0.47712125471966244,0.5898464322090149,-0.6211008429527283,1.4412202835083008
148,P0A6D3_H385A,C=C(C(=O)O)OP(=O)(O)O,-0.38721614328026455,0.3914893567562103,-0.44761940836906433,1.0966472625732422
149,P0A6D3_H385A,C1C(C(C(C=C1C(=O)[O-])OP(=O)([O-])[O-])O)O,-0.38721614328026455,0.1126624047756195,-0.6700466275215149,1.0587167739868164
150,P0A6D3_D313L/E341Q,C=C(C(=O)O)OP(=O)(O)O,0.04139268515822508,0.07712870836257935,-0.43905261158943176,0.8239972591400146
151,P0A6D3_D313L/E341Q,C1C(C(C(C=C1C(=O)[O-])OP(=O)([O-])[O-])O)O,0.04139268515822508,-0.19445523619651794,-0.6389045715332031,0.7892785668373108
152,P0A6D3_A183T,C=C(C(=O)O)OP(=O)(O)O,1.1760912590556813,0.6640112400054932,-0.6520638465881348,1.5292317867279053
153,P0A6D3_K22A,C=C(C(=O)O)OP(=O)(O)O,-0.5228787452803376,0.5162469148635864,-0.5614091157913208,1.3275569677352905
154,P0A6D3_K22A,C1C(C(C(C=C1C(=O)[O-])OP(=O)([O-])[O-])O)O,-0.5228787452803376,0.24917900562286377,-0.7676006555557251,1.2944340705871582
155,P0A6D3_K22R,C1C(C(C(C=C1C(=O)[O-])OP(=O)([O-])[O-])O)O,0.47712125471966244,0.33316144347190857,-0.8184096217155457,1.4004863500595093
156,P0A6D3_E341M,C=C(C(=O)O)OP(=O)(O)O,0.23044892137827394,0.3803988993167877,-0.5132951736450195,1.188136100769043
157,P0A6D3_E341M,C1C(C(C(C=C1C(=O)[O-])OP(=O)([O-])[O-])O)O,0.23044892137827394,0.11430366337299347,-0.7292778491973877,1.13330078125
158,P0A6D3_G96A/A183T,C=C(C(=O)O)OP(=O)(O)O,1.3222192947339193,0.6351394653320312,-0.6264117360115051,1.4932130575180054
159,P0A6D3_E341C,C=C(C(=O)O)OP(=O)(O)O,0.5563025007672873,0.46088433265686035,-0.5574473142623901,1.2931026220321655
160,P0A6D3_E341C,C1C(C(C(C=C1C(=O)[O-])OP(=O)([O-])[O-])O)O,0.5563025007672873,0.2021068036556244,-0.756976842880249,1.2346069812774658
161,P0A6D3_wild,C=C(C(=O)O)OP(=O)(O)O,2.0,0.6575400829315186,-0.648091733455658,1.5305085182189941
162,P0A6D3_wild,C1C(C(C(C=C1C(=O)[O-])OP(=O)([O-])[O-])O)O,2.0,0.39232420921325684,-0.8446495532989502,1.4856826066970825
163,P0A6D3_D313A,C=C(C(=O)O)OP(=O)(O)O,0.07918124604762482,0.3985428512096405,-0.5658091306686401,1.2209694385528564
164,P0A6D3_D313A,C1C(C(C(C=C1C(=O)[O-])OP(=O)([O-])[O-])O)O,0.07918124604762482,0.12588152289390564,-0.767203688621521,1.1863257884979248
165,P0A6D3_E341A,C=C(C(=O)O)OP(=O)(O)O,0.6232492903979004,0.28777870535850525,-0.5080183148384094,1.0904178619384766
166,P0A6D3_D313N,C=C(C(=O)O)OP(=O)(O)O,0.25527250510330607,0.3944261968135834,-0.5361178517341614,1.2083451747894287
167,P0A6D3_D313N,C1C(C(C(C=C1C(=O)[O-])OP(=O)([O-])[O-])O)O,0.25527250510330607,0.136404350399971,-0.7431071996688843,1.1749296188354492
168,P0A6D3_D313C,C=C(C(=O)O)OP(=O)(O)O,-1.585026652029182,0.5104780793190002,-0.593315064907074,1.3627111911773682
169,P0A6D3_D313C,C1C(C(C(C=C1C(=O)[O-])OP(=O)([O-])[O-])O)O,-1.585026652029182,0.2410886287689209,-0.8044003248214722,1.3255695104599
170,P0A6D3_G96A,C=C(C(=O)O)OP(=O)(O)O,1.4727564493172123,0.6284555792808533,-0.6217799782752991,1.4950153827667236
171,D2CFQ9_wild,C(CCNCCCN)CNCCCN,0.26951294421791633,-0.29521918296813965,-0.8341550230979919,0.6669837236404419
172,D2CFQ9_wild,CC(=O)SCCNC(=O)CCNC(=O)C(C(C)(C)COP(=O)(O)OP(=O)(O)OCC1C(C(C(O1)N2C=NC3=C(N=CN=C32)N)O)OP(=O)(O)O)O,-0.06651271215129456,0.152262881398201,-0.6683453321456909,1.4867429733276367
173,D2CFQ9_wild,C(CCNCCCN)CN,-0.035269078946370644,-0.27086204290390015,-0.6588068604469299,0.518169105052948
174,D2CFQ9_wild,C(C1C(C(C(C(O1)O)N)O)O)OP(=O)(O)O,0.1328997699444829,0.23988938331604004,-0.20180433988571167,0.9236865043640137
175,C8CCV9_wild,C(C1C(C(C(=O)O1)O)O)O,1.0334237554869496,-0.005754638463258743,-0.6153172254562378,0.6332909464836121
176,Q8IDM2_wild,C(COP(=O)(O)O)N,0.5314789170422551,0.11014604568481445,-0.4449582099914551,0.6372789740562439
177,Q8IDM2_H422A,C(COP(=O)(O)O)N,0.6127838567197355,0.07499641180038452,-0.44962841272354126,0.6442773938179016
178,Q7X481_wild,C(C1C(C(C(C(O1)OC2(C(C(C(O2)CO)O)O)CO)O)O)O)O,2.0211892990699383,2.295746326446533,1.673324465751648,1.6340941190719604
179,A0A0B4RUW2_wild,C(C1C(C(C(C(O1)O)O)OC2C(C(C(C(O2)CO)O)OC3C(C(C(C(O3)CO)O)O)O)O)O)O,-1.1135092748275182,0.662277102470398,0.6412844657897949,0.6091370582580566
180,A0A0B4RUW2_wild,C(C1C(C(C(C(O1)OC2C(OC(C(C2O)O)O)CO)O)O)O)O,-1.3665315444204136,0.6793340444564819,0.8417169451713562,0.7264245748519897
181,A0A0B4RUW2_wild,C1=CC(=CC=C1[N+](=O)[O-])OC2C(C(C(C(O2)CO)O)O)O,-1.1487416512809248,1.140616536140442,0.06397679448127747,1.2230619192123413
182,A0A0B4RUW2_wild,C(C1C(C(C(C(O1)OC2C(OC(C(C2O)O)OC3C(OC(C(C3O)O)OC4C(OC(C(C4O)O)O)CO)CO)CO)O)O)O)O,-1.2291479883578558,0.40655356645584106,0.37960657477378845,0.8245209455490112
183,A0A0B4RUW2_wild,C(C1C(C(C(C(O1)OC2C(OC(C(C2O)O)OC3C(OC(C(C3O)O)O)CO)CO)O)O)O)O,-1.1739251972991736,0.4649912118911743,0.4818743169307709,0.7375003099441528
184,Q8GJ90_wild,C1=NC2=C(N1C3C(C(C(O3)COP(=O)(O)OP(=O)(O)OP(=O)(O)O)O)O)N=C(NC2=O)N,0.5078558716958309,0.16583696007728577,-0.9945521354675293,0.9546492099761963
185,Q8GJ90_wild,C(C1C(C(C(C(O1)OP(=O)(O)O)O)O)O)O,-0.25181197299379954,0.40572357177734375,-0.6406832933425903,0.8718162775039673
186,Q63R79_wild,C(C1C(C(C(C(O1)OP(=O)(O)O)O)O)O)O,-1.9318141382538383,0.7433502078056335,-0.6127771139144897,0.9528976678848267
187,Q63R79_wild,C1=NC2=C(N1C3C(C(C(O3)COP(=O)(O)OP(=O)(O)OP(=O)(O)O)O)O)N=C(NC2=O)N,-1.9706162223147905,0.4891268014907837,-0.8204497694969177,1.0745131969451904
188,O48541_wild,C(C1C(C(C(C(O1)OC2C(OC(C(C2O)O)OCC3C(C(C(C(O3)OC4C(OC(C(C4O)O)O)CO)O)O)OC5C(C(C(C(O5)CO)O)O)O)CO)O)O)O)O,1.1931245983544616,1.6528202295303345,0.35112282633781433,0.951570987701416
189,Q1XGK3_wild,C(C=CC(=O)C(=O)[O-])C(=O)[O-],2.0350292822023683,1.3683252334594727,-0.7208203077316284,2.1961305141448975
190,B2ZZ11_wild,CC(=CCCC(=CCOP(=O)(O)OP(=O)(O)O)C)C,-3.55129368009492,-1.889803171157837,-2.0360660552978516,0.37010541558265686
191,B2ZZ11_wild,CC(=CCCC(=CCCC(=CCOP(=O)(O)OP(=O)(O)O)C)C)C,-1.2572748686953017,-2.0429041385650635,-2.1891634464263916,0.39721211791038513
192,U5YTM6_wild,CCCCCC=CC=CC(CCCCCCCC(=O)O)OO,2.830203598925704,-0.06225923076272011,-1.8950610160827637,1.8841086626052856
193,U5YTM6_wild,CCC=CCC=CC=CC(CCCCCCCC(=O)O)OO,2.5744942682853273,-0.2232452630996704,-1.5956908464431763,1.52951979637146
194,U5YTM6_wild,CCCCCC(C=CC=CCCCCCCCC(=O)O)OO,2.775537634780957,0.22478029131889343,-1.5183358192443848,1.6790688037872314
195,U5YTM6_L93F/G283A,CCCCCC=CC=CC(CCCCCCCC(=O)O)OO,2.864748335629659,-0.05960487946867943,-1.8894997835159302,1.8882828950881958
196,U5YTM6_L93F/G283A,CCC=CCC=CC=CC(CCCCCCCC(=O)O)OO,2.792251571903264,-0.22231905162334442,-1.592692494392395,1.5292770862579346
197,U5YTM6_L93F/G283A,CCCCCC(C=CC=CCCCCCCCC(=O)O)OO,2.8529067587969537,0.22566646337509155,-1.5175070762634277,1.6818580627441406
198,M4WFN0_wild,CCCCCC(C=CC=CCCCCCCCC(=O)O)OO,2.462397997898956,0.327991247177124,-1.388118863105774,1.6015232801437378
199,M4WFN0_wild,CCC=CCC=CC=CC(CCCCCCCC(=O)O)OO,2.2400497721126476,-0.13007545471191406,-1.505969762802124,1.546445369720459
200,M4WFN0_wild,CCCCCC=CC=CC(CCCCCCCC(=O)O)OO,2.359076226059263,0.021432336419820786,-1.8018897771835327,1.8550492525100708
201,C7ENW3_wild,CCC=CCC=CC=CC(CCCCCCCC(=O)O)OO,2.778151250383644,0.012648861855268478,-1.6983140707015991,1.6548075675964355
202,C7ENW3_wild,CCCCCC=CC=CC(CCCCCCCC(=O)O)OO,3.047625277581784,0.1577986627817154,-1.9960204362869263,2.055767297744751
203,C7ENW3_wild,CCCCCC(C=CC=CCCCCCCCC(=O)O)OO,3.005008820672367,0.42703020572662354,-1.5864273309707642,1.7598328590393066
204,A0A0A0K2U8_L98F/A287G,CCC=CCC=CC=CC(CCCCCCCC(=O)O)OO,2.5515719736742537,-0.4737459421157837,-1.6924480199813843,1.4296116828918457
205,A0A0A0K2U8_wild,CCCCCC=CC=CC(CCCCCCCC(=O)O)OO,2.6582976503081897,-0.33695322275161743,-2.06164813041687,1.7759771347045898
206,A0A0A0K2U8_wild,CCC=CCC=CC=CC(CCCCCCCC(=O)O)OO,2.5284024379536176,-0.47019803524017334,-1.6806610822677612,1.4227797985076904
207,A0A0A0K2U8_wild,CCCCCC(C=CC=CCCCCCCCC(=O)O)OO,2.876448786878341,-0.058938924223184586,-1.7006572484970093,1.5753670930862427
208,A0A0A0K2U8_L98F/A287G,CCCCCC=CC=CC(CCCCCCCC(=O)O)OO,2.977540705946535,-0.3455325663089752,-2.0738275051116943,1.7811925411224365
209,A0A0A0K2U8_L98F/A287G,CCCCCC(C=CC=CCCCCCCCC(=O)O)OO,3.2007137339640135,-0.06032070145010948,-1.707141637802124,1.5792890787124634
210,Q7X9B3_L97F,CCC=CCC=CC=CC(CCCCCCCC(=O)O)OO,2.7403626894942437,-0.03479162976145744,-1.4842313528060913,1.6667001247406006
211,Q7X9B3_wild,CCCCCC=CC=CC(CCCCCCCC(=O)O)OO,2.888348010178049,0.07604856789112091,-1.7862414121627808,1.9572170972824097
212,Q7X9B3_wild,CCC=CCC=CC=CC(CCCCCCCC(=O)O)OO,2.9383695974518065,-0.041130054742097855,-1.4827889204025269,1.6624788045883179
213,Q7X9B3_wild,CCCCCC(C=CC=CCCCCCCCC(=O)O)OO,2.960613457647909,0.39711230993270874,-1.3459440469741821,1.7075629234313965
214,Q7X9B3_L97F,CCCCCC=CC=CC(CCCCCCCC(=O)O)OO,2.756940236046724,0.08397014439105988,-1.7884560823440552,1.9611084461212158
215,Q7X9B3_L97F,CCCCCC(C=CC=CCCCCCCCC(=O)O)OO,2.673389578188305,0.4079505205154419,-1.347015142440796,1.7109100818634033
216,P06634_Q169A,C1=NC(=C2C(=N1)N(C=N2)C3C(C(C(O3)COP(=O)(O)OP(=O)(O)OP(=O)(O)O)O)O)N,0.0071787270187334655,-0.43287646770477295,-0.14205026626586914,0.6026012897491455
217,P06634_wild,C1=NC(=C2C(=N1)N(C=N2)C3C(C(C(O3)COP(=O)(O)OP(=O)(O)OP(=O)(O)O)O)O)N,0.753327692205345,-0.28294840455055237,-0.19007828831672668,0.7700237035751343
218,P06634_F162L/T166A,C1=NC(=C2C(=N1)N(C=N2)C3C(C(C(O3)COP(=O)(O)OP(=O)(O)OP(=O)(O)O)O)O)N,0.3010299956639812,-0.5006776452064514,-0.0941362977027893,0.5113056898117065
219,P06634_T166S,C1=NC(=C2C(=N1)N(C=N2)C3C(C(C(O3)COP(=O)(O)OP(=O)(O)OP(=O)(O)O)O)O)N,0.2632413558119412,-0.28440240025520325,-0.19489291310310364,0.7757149934768677
220,P06634_F162A,C1=NC(=C2C(=N1)N(C=N2)C3C(C(C(O3)COP(=O)(O)OP(=O)(O)OP(=O)(O)O)O)O)N,-0.4771212981491128,-0.5334852337837219,-0.06410689651966095,0.48401689529418945
221,P06634_Q169E,C1=NC(=C2C(=N1)N(C=N2)C3C(C(C(O3)COP(=O)(O)OP(=O)(O)OP(=O)(O)O)O)O)N,-1.3631779358200948,-0.45865219831466675,-0.133780837059021,0.5755957365036011
222,O32125_wild,C1=CC(=CC=C1[N+](=O)[O-])OP(=O)(O)O,1.7853298350107671,0.6157703399658203,0.2983552813529968,0.5005224943161011
223,O32125_wild,C1=NC2=C(N1C3C(C(C(O3)COP(=O)(O)O)O)O)N=C(NC2=O)N,-1.2218487496163564,1.0326145887374878,-0.3009680509567261,1.2281206846237183
224,E6PBN4_wild,COC1=CC=C(C=C1)CO,1.5314789170422551,1.3922584056854248,1.1901715993881226,0.5195620059967041
225,E6PBN4_wild,COC1=CC=CC(=C1)CO,1.5314789170422551,1.3497058153152466,0.8632792830467224,0.6440151333808899
226,E6PBN4_wild,C1=C(OC(=C1)C=O)C=O,0.14612803567823798,1.2648155689239502,0.6813264489173889,0.7840395569801331
227,E6PBN4_wild,COC1=C(C=C(C=C1)CO)OC,1.3979400086720377,1.5360760688781738,0.6604421138763428,0.6861808896064758
228,E6PBN4_wild,C1=C(OC(=C1)C=O)CO,1.414973347970818,1.1946600675582886,1.1871329545974731,0.512367844581604
229,E6PBN4_wild,C1=CC=C(C=C1)CO,1.4913616938342726,1.4172736406326294,1.0987703800201416,0.4829138517379761
230,E6PBN4_wild,C1=C(OC(=C1)C(=O)O)CO,0.7160033436347992,1.2538200616836548,0.8951537609100342,0.8687790632247925
231,E6PBP1_wild,C1=C(OC(=C1)C(=O)O)CO,0.5797835966168101,1.1922531127929688,0.9230756163597107,0.8171554803848267
232,E6PBP1_wild,C1=C(OC(=C1)C=O)C=O,0.5563025007672873,1.2057161331176758,0.7433434724807739,0.7310523986816406
233,E6PBP1_wild,COC1=C(C=C(C=C1)CO)OC,1.6127838567197355,1.5355987548828125,0.7398680448532104,0.6417009830474854
234,E6PBP1_wild,C1=C(OC(=C1)C=O)CO,1.462397997898956,1.1463241577148438,1.2450429201126099,0.4826778769493103
235,E6PBP1_wild,COC1=CC=CC(=C1)CO,1.7160033436347992,1.32584810256958,0.9565261602401733,0.596407949924469
236,E6PBP1_wild,COC1=CC=C(C=C1)CO,1.505149978319906,1.3538403511047363,1.284373164176941,0.47214728593826294
237,E6PBP1_wild,C1=CC=C(C=C1)CO,1.568201724066995,1.3849072456359863,1.1794241666793823,0.43987971544265747
238,Q9UF12_wild,CC1=C(C(=O)C(=C(C1=O)OC)OC)CC=C(C)C,-0.721246399047171,0.18589571118354797,-1.646379828453064,1.073778748512268
239,Q9UF12_wild,C1C(CNC1C(=O)O)O,-0.721246399047171,0.11459478735923767,0.31928929686546326,-0.5897988677024841
240,Q9UF12_wild,CC1=C(C(=O)C(=C(C1=O)C)C)C,-0.5686362358410126,-0.03063702955842018,-1.038108468055725,0.5123260617256165
241,Q60352_H60Q,CC(=C)CCOP(=O)(O)O,-1.3979400086720375,-0.21036039292812347,-1.2806001901626587,1.274275779724121
242,Q60352_wild,CC(=C)CCOP(=O)(O)O,2.5185139398778875,-0.18120895326137543,-1.2511279582977295,1.2653675079345703
243,P11035_wild,C1C=CN(C=C1C(=O)N)C2C(C(C(O2)COP(=O)(O)OP(=O)(O)OCC3C(C(C(O3)N4C=NC5=C(N=CN=C54)N)O)O)O)O,2.322219294733919,1.8042820692062378,-1.027701497077942,2.9485528469085693
244,P11035_wild,[C-]#N.[C-]#N.[C-]#N.[C-]#N.[C-]#N.[C-]#N.[Fe+3],2.921686475483602,2.1983182430267334,-1.176634669303894,2.5811398029327393
245,P04951_wild,C(C(C(C(C(CO)O)O)O)O)C(=O)C(=O)O,1.3404441148401183,0.13916529715061188,-0.6835248470306396,0.682976245880127
246,Q63WL5_wild,C1=CN(C(=O)N=C1N)C2C(C(C(O2)COP(=O)(O)OP(=O)(O)OP(=O)(O)O)O)O,-0.7772835288524167,0.4554770588874817,-0.8235800862312317,1.264111876487732
247,Q63WL5_wild,C(C(C(C(C(CO)O)O)O)O)C(=O)C(=O)O,-1.0555173278498313,0.5913571119308472,-0.6707920432090759,1.122778296470642
248,A0A0C7D0B2_wild,C1=CN(C(=O)N=C1N)C2C(C(C(O2)COP(=O)(O)OP(=O)(O)OP(=O)(O)O)O)O,-0.8794260687941501,0.5043279528617859,-0.9572376608848572,1.164496660232544
249,A0A0C7D0B2_wild,C(C(C(C(C(CO)O)O)O)O)C(=O)C(=O)O,-1.1191864077192086,0.42023980617523193,-0.77023845911026,0.9405418038368225
250,Q1EMV2_wild,CC(C)(COP(=O)(O)OP(=O)(O)OCC1C(C(C(O1)N2C=NC3=C(N=CN=C32)N)O)OP(=O)(O)O)C(C(=O)NCCC(=O)NCCSC(=O)CF)O,-1.3565473235138126,0.1733861267566681,-1.2850595712661743,0.9250293374061584
251,Q9HWH9_wild,C(C=[N+](O)[O-])C(=O)[O-],3.113943352306837,0.6322314739227295,-0.1862335503101349,1.9511895179748535
252,Q9HWH9_wild,CC=[N+]([O-])[O-],2.5440680443502757,0.8450929522514343,0.6946088671684265,1.122198462486267
253,A6XIG6_wild,C1=CC(OC1=O)(CC(=O)[O-])S(=O)(=O)[O-],1.6532125137753437,0.41196388006210327,-0.23881542682647705,1.2473913431167603
254,A6XIG7_wild,C1=CC(OC1=O)(CC(=O)[O-])S(=O)(=O)[O-],0.8260748027008264,0.6067109107971191,-0.245978444814682,1.5332844257354736
255,Q5W283_wild,CC(=CCCC(=CCCC(=CCOP(=O)(O)OP(=O)(O)O)C)C)C,-0.744727494896694,-1.4582359790802002,-2.4307568073272705,0.8661383390426636
256,D0UHB3_wild,C(C1C(C(C(C(O1)OC2C(OC(C(C2O)O)OC3C(OC(C(C3O)O)OC4C(OC(C(C4O)O)O)CO)CO)CO)O)O)O)O,4.3222192947339195,1.2774150371551514,0.9607484340667725,1.5056354999542236
257,Q9FPM6_wild,CCC=CCC=CC=CC(CCCCCCCC(=O)O)OO,2.6989700043360187,-0.10555215179920197,-1.5298473834991455,1.6559736728668213
258,Q9FPM6_wild,CCCCCC=CC=CC(CCCCCCCC(=O)[O-])OO,2.949390006644913,-0.2626385986804962,-1.7797107696533203,1.875468134880066
259,Q976X5_wild,C1=CC(=C[N+](=C1)C2C(C(C(O2)COP(=O)([O-])OP(=O)(O)OCC3C(C(C(O3)N4C=NC5=C(N=CN=C54)N)O)O)O)O)C(=O)N,1.7092699609758308,0.6836482882499695,-0.03159070387482643,1.6745898723602295
260,Q976X5_wild,C(C(C=O)O)OP(=O)(O)O,-0.08092190762392612,0.947614312171936,-0.490323930978775,1.1912989616394043
261,Q976X5_wild,C1=CC(=C[N+](=C1)C2C(C(C(O2)COP(=O)(O)OP(=O)(O)OCC3C(C(C(O3)N4C=NC5=C(N=CN=C54)N)OP(=O)(O)O)O)O)O)C(=O)N,1.4409090820652177,0.5694348216056824,-0.6169653534889221,1.8659741878509521
262,Q976X5_wild,CC=O,0.05690485133647256,0.6179450750350952,0.1674121618270874,1.1531367301940918
263,Q976X5_wild,C(C(C=O)O)O,-0.036212172654444715,0.6670945882797241,0.13982877135276794,0.8787145614624023
264,Q84DC3_E337Q,C1=CC=C(C=C1)C=O,-0.09691001300805639,0.5013390779495239,-1.5354617834091187,1.0713169574737549
265,Q84DC3_E215D,C1=CC=C(C=C1)C=O,0.17609125905568124,0.5678346157073975,-1.4872897863388062,1.1191067695617676
266,Q84DC3_E337L,C1=CC=C(C=C1)C=O,0.11394335230683679,0.5329341888427734,-1.5057543516159058,1.0922091007232666
267,Q84DC3_E337D,C1=CC=C(C=C1)C=O,1.6532125137753437,0.592698335647583,-1.504351019859314,1.1568058729171753
268,Q84DC3_wild,C1=CC(=CC=C1C=O)Cl,2.130333768495006,0.24292120337486267,-1.9643229246139526,1.1526395082473755
269,Q84DC3_wild,COC1=CC=C(C=C1)C=O,2.0644579892269186,0.8506565093994141,-2.330038547515869,1.6955407857894897
270,Q84DC3_wild,C1=CC(=CC=C1C=O)[N+](=O)[O-],1.9777236052888478,0.586638331413269,-1.7093428373336792,1.7701491117477417
271,Q84DC3_wild,C1=CC=C(C=C1)C=O,2.1931245983544616,0.7687821388244629,-1.5434130430221558,1.3894284963607788
272,Q4KPK2_wild,C(=CC(=O)[O-])C(=CC(=O)[O-])Cl,2.0791812460476247,0.5319496393203735,-0.9313064217567444,1.4819717407226562
273,Q4KPK2_wild,C(=CC(=O)[O-])C=CC(=O)[O-],2.0969100130080562,0.8271220326423645,-1.0748683214187622,2.0345704555511475
274,Q4KPK2_wild,CC(=CC(=O)O)C=CC(=O)O,2.330413773349191,0.49336957931518555,-1.5061779022216797,1.7885953187942505
275,A3C4S4_wild,C1=NC2=C(N1C3C(C(C(O3)COP(=O)(O)OP(=O)(O)OC4C(C(C(C(O4)CO)O)O)O)O)O)N=C(NC2=O)N,-0.8961962790440431,-0.41051793098449707,-1.270560383796692,0.8161571025848389
276,Q4KCL8_wild,C(CCCCC#N)CCCC#N,0.5185139398778875,-0.8927878141403198,-0.7725934982299805,0.08286446332931519
277,Q4KCL8_wild,CCC#N,-0.7695510786217261,0.2966676354408264,1.6119166612625122,-0.5446299314498901
278,Q4KCL8_wild,C(CC#N)C#N,0.9444826721501687,-0.7125943899154663,0.32870030403137207,-0.3326756954193115
279,Q4KCL8_wild,C(=CC#N)C#N,0.9637878273455552,-0.07586812973022461,-0.19402766227722168,-0.09010806679725647
280,Q4KCL8_wild,C(CC#N)CC#N,0.6989700043360189,-1.2905423641204834,0.17011161148548126,-0.5925950407981873
281,Q4KCL8_wild,C1=CC=C(C=C1)C#N,-0.6575773191777937,-0.8645354509353638,0.14949429035186768,-0.40771809220314026
282,Q4KCL8_wild,C=CC#N,-0.4814860601221125,-0.11744672060012817,1.0822887420654297,-0.5673133134841919
283,P42898_wild,C1C2CN(CN2C3=C(N1)N=C(NC3=O)N)C4=CC=C(C=C4)C(=O)NC(CCC(=O)O)C(=O)O,1.7109631189952756,0.5558379888534546,-1.3105310201644897,2.3311262130737305
284,P65388_wild,C[S+](CCC(C(=O)[O-])N)CC1C(C(C(O1)N2C=NC3=C(N=CN=C32)N)O)O,-3.1249387366083,-0.3413320779800415,-1.5661307573318481,0.7440003752708435
285,P65388_wild,C1=NC2=C(N1C3C(C(C(O3)COP(=O)(O)OP(=O)(O)OP(=O)(O)O)O)O)N=C(NC2=O)N,-3.154901959985743,-0.36159205436706543,-0.8902263045310974,0.5101227760314941
286,P65388_D198A,C1=NC2=C(N1C3C(C(C(O3)COP(=O)(O)OP(=O)(O)OP(=O)(O)O)O)O)N=C(NC2=O)N,-4.096910013008056,-0.38479363918304443,-0.9031592607498169,0.5033005475997925
287,P65388_D198A,C[S+](CCC(C(=O)[O-])N)CC1C(C(C(O1)N2C=NC3=C(N=CN=C32)N)O)O,-4.154901959985743,-0.36821380257606506,-1.579551339149475,0.7272232174873352
288,A0A2D3HJ61_wild,CCCCCCCC(=O)OC1=CC=C(C=C1)[N+](=O)[O-],1.3811150807098507,1.722942590713501,-0.3480455279350281,2.044128179550171
289,Q93AD3_wild,CC1=CC(=O)OC2=C1C=CC(=C2)OC3C(C(C(C(O3)CO)OC4C(C(C(C(O4)CO)OC5C(C(C(C(O5)CO)O)O)NC(=O)C)O)NC(=O)C)O)NC(=O)C,0.6972293427597176,0.7311244010925293,-0.42383110523223877,1.3171968460083008
290,A0A221ZS22_wild,CC1=CC(=O)OC2=C1C=CC(=C2)OC3C(C(C(C(O3)CO)OC4C(C(C(C(O4)CO)O)O)NC(=O)C)O)NC(=O)C,0.250420002308894,0.22556108236312866,-1.578743577003479,1.1813734769821167
291,A0A146FAY1_wild,CC(=O)NC1C(C(C(OC1OC2C(OC(C(C2O)NC(=O)C)OC3=CC=C(C=C3)[N+](=O)[O-])CO)CO)O)O,1.0170333392987805,1.5183007717132568,-0.5716028809547424,1.8180649280548096
292,O25874_F47Y,CC1=NC=C(C(=N1)N)CN,-3.0,-1.2015392780303955,-1.2843422889709473,-0.6162074208259583
293,O25874_wild,CC1=NC=C(C(=N1)N)CN,-2.5228787452803374,-1.2428499460220337,-1.241815209388733,-0.6871738433837891
294,A4D0H5_wild,C1=CC=C2C(=C1)C(=CN2)CC(C(=O)O)N,-2.089909454405932,-0.5095934271812439,-1.163760781288147,1.021350383758545
295,E9P162_wild,C1=CC=C(C(=C1)C(=O)N)N,-1.6989700043360187,-0.3925153613090515,-0.6829032897949219,1.1811208724975586
296,E9P162_wild,C1=CC=C(C(=C1)C(=O)CC(C(=O)O)N)N,-2.070581074285707,-0.2801072597503662,-1.1184864044189453,1.2831357717514038
297,P9WMZ1_wild,C(C1C(C(C(C(O1)OP(=O)(O)O)O)O)O)O,1.990782691803138,-0.6294509768486023,0.01305658370256424,0.5745878219604492
298,P9WMZ1_wild,C1=NC(=C2C(=N1)N(C=N2)C3C(C(C(O3)COP(=O)([O-])OP(=O)([O-])OC4C(C(C(C(O4)CO)O)O)O)O)O)N,1.4653828514484184,-0.6986436247825623,-0.0661909282207489,0.8318343162536621
299,Q65MI2_K292A,C1=CC(=CC=C1[N+](=O)[O-])OC2C(C(C(C(O2)CO)O)O)O,-0.5228787452803376,1.3174550533294678,0.6482709646224976,0.6309082508087158
300,Q65MI2_K292A,C(C1C(C(C(C(O1)OC2C(C(C(C(O2)COP(=O)(O)O)O)O)O)O)O)O)O,-0.3979400086720376,1.4521971940994263,0.8293529748916626,0.7947380542755127
301,Q65MI2_H281A,C1=CC(=CC=C1[N+](=O)[O-])OC2C(C(C(C(O2)CO)O)O)O,1.0934216851622351,1.3263758420944214,0.6506842374801636,0.6420573592185974
302,Q65MI2_H282A,C1=CC(=CC=C1[N+](=O)[O-])OC2C(C(C(C(O2)CO)O)O)O,1.354108439147401,1.319849967956543,0.6526642441749573,0.6291712522506714
303,Q65MI2_K284A,C1=CC(=CC=C1[N+](=O)[O-])OC2C(C(C(C(O2)CO)O)O)O,1.4082399653118496,1.3238000869750977,0.6565776467323303,0.634166955947876
304,Q65MI2_H281A,C(C1C(C(C(C(O1)OC2C(C(C(C(O2)COP(=O)(O)O)O)O)O)O)O)O)O,1.2810333672477277,1.4671101570129395,0.8321213722229004,0.8117315769195557
305,Q65MI2_wild,C1=CC(=CC=C1[N+](=O)[O-])OC2C(C(C(C(O2)CO)O)O)O,1.481442628502305,1.318263053894043,0.6509467363357544,0.6249026656150818
306,Q65MI2_H282A,C(C1C(C(C(C(O1)OC2C(C(C(C(O2)COP(=O)(O)O)O)O)O)O)O)O)O,1.541579243946581,1.4579156637191772,0.8366110920906067,0.799027681350708
307,Q65MI2_K284A,C(C1C(C(C(C(O1)OC2C(C(C(C(O2)COP(=O)(O)O)O)O)O)O)O)O)O,1.5965970956264603,1.459458351135254,0.8462604880332947,0.7974280118942261
308,Q65MI2_wild,C(C1C(C(C(C(O1)OC2C(C(C(C(O2)COP(=O)(O)O)O)O)O)O)O)O)O,1.6693168805661123,1.4494481086730957,0.8302256464958191,0.796272337436676
309,A8YBS4_wild,CC(=O)OCC(C(=O)O)N,2.146128035678238,1.5347959995269775,0.263743132352829,1.444410800933838
310,A0A1J9VES8_wild,CC(=O)OCC(C(=O)O)N,0.6493348587121419,0.7989844679832458,0.3257801830768585,0.6589612364768982
311,A0A1J9VES8_A72S,CC(=O)OCC(C(=O)O)N,0.6884198220027107,0.8048539757728577,0.32486385107040405,0.6665194630622864
312,A0A1J9VES8_E220R,CC(=O)OCC(C(=O)O)N,0.7371926427047373,0.630278468132019,0.3590986132621765,0.6098039746284485
313,A0A2Z6G0Q7_wild,S,1.5138831856110928,-0.07158030569553375,-0.4954783022403717,0.7948352098464966
314,A0A2Z6G0Q7_wild,CC(=O)OCC(C(=O)O)N,1.6386888866901235,0.045379120856523514,0.01665162667632103,0.533331036567688
315,Q9NPJ3_wild,CCCCCC=CCC=CCCCCCCCC(=O)SCCNC(=O)CCNC(=O)C(C(C)(C)COP(=O)(O)OP(=O)(O)OCC1C(C(C(O1)N2C=NC3=C(N=CN=C32)N)O)OP(=O)(O)O)O,-1.7695510786217261,0.3101527690887451,-1.6360375881195068,1.2155072689056396
316,Q9NPJ3_wild,CCCCCCC=CCCCCCCCC(=O)SCCNC(=O)CCNC(=O)C(C(C)(C)COP(=O)(O)OP(=O)(O)OCC1C(C(C(O1)N2C=NC3=C(N=CN=C32)N)O)OP(=O)(O)O)O,-1.7695510786217261,0.28397130966186523,-1.5428930521011353,1.1696178913116455
317,Q9NPJ3_wild,CC(C)(COP(=O)([O-])OP(=O)([O-])OCC1C(C(C(O1)N2C=NC3=C(N=CN=C32)N)O)OP(=O)([O-])[O-])C(C(=O)NCCC(=O)NCCSC(=O)CC4=CC(=C(C=C4)O)O)O,-0.721246399047171,0.3710858225822449,-1.189353108406067,1.1598784923553467
318,Q9NPJ3_wild,CC(C)(COP(=O)(O)OP(=O)(O)OCC1C(C(C(O1)N2C=NC3=C(N=CN=C32)N)O)OP(=O)(O)O)C(C(=O)NCCC(=O)NCCSC(=O)CC4=CC(=CC(=C4)O)O)O,-0.721246399047171,0.34840553998947144,-1.2393548488616943,0.8949916958808899
319,Q9NPJ3_wild,CC(C)(COP(=O)([O-])OP(=O)([O-])OCC1C(C(C(O1)N2C=NC3=C(N=CN=C32)N)O)OP(=O)([O-])[O-])C(C(=O)NCCC(=O)NCCSC(=O)CC4=CC(=CC=C4)O)O,0.17609125905568124,0.3527197241783142,-1.0548946857452393,0.9834275245666504
320,Q9NPJ3_wild,CCC(=O)SCCNC(=O)CCNC(=O)C(C(C)(C)COP(=O)([O-])OP(=O)([O-])OCC1C(C(C(O1)N2C=NC3=C(N=CN=C32)N)O)OP(=O)([O-])[O-])O,-1.4436974992327127,0.48025232553482056,-0.8608378171920776,0.9898874759674072
321,Q9NPJ3_wild,CC(C)(COP(=O)(O)OP(=O)(O)OCC1C(C(C(O1)N2C=NC3=C(N=CN=C32)N)O)OP(=O)(O)O)C(C(=O)NCCC(=O)NCCSC(=O)CCCC(=O)O)O,-1.3010299956639813,0.7069555521011353,-0.843570351600647,0.8651972413063049
322,Q9NPJ3_S83A,CC(C)(COP(=O)([O-])OP(=O)([O-])OCC1C(C(C(O1)N2C=NC3=C(N=CN=C32)N)O)OP(=O)([O-])[O-])C(C(=O)NCCC(=O)NCCSC(=O)CC4=CC(=CC=C4)O)O,-0.8239087409443188,0.12746720016002655,-1.0125576257705688,0.7264034152030945
323,Q9NPJ3_D65E/H134A,CC(C)(COP(=O)([O-])OP(=O)([O-])OCC1C(C(C(O1)N2C=NC3=C(N=CN=C32)N)O)OP(=O)([O-])[O-])C(C(=O)NCCC(=O)NCCSC(=O)CC4=CC(=CC=C4)O)O,-0.7958800173440752,0.037489648908376694,-1.018428087234497,0.6525351405143738
324,Q9NPJ3_H137A,CC(C)(COP(=O)([O-])OP(=O)([O-])OCC1C(C(C(O1)N2C=NC3=C(N=CN=C32)N)O)OP(=O)([O-])[O-])C(C(=O)NCCC(=O)NCCSC(=O)CC4=CC(=CC=C4)O)O,-0.08092190762392612,0.34769195318222046,-1.0396021604537964,0.9702816605567932
325,Q9NPJ3_H56A,CC(C)(COP(=O)([O-])OP(=O)([O-])OCC1C(C(C(O1)N2C=NC3=C(N=CN=C32)N)O)OP(=O)([O-])[O-])C(C(=O)NCCC(=O)NCCSC(=O)CC4=CC(=CC=C4)O)O,-0.2076083105017461,0.07229655981063843,-0.9102627038955688,0.7134131193161011
326,Q9NPJ3_wild,CCCCCCCCCCCCCC(=O)SCCNC(=O)CCNC(=O)C(C(C)(C)COP(=O)(O)OP(=O)(O)OCC1C(C(C(O1)N2C=NC3=C(N=CN=C32)N)O)OP(=O)(O)O)O,-1.154901959985743,0.24106967449188232,-1.554280400276184,1.1015437841415405
327,Q9NPJ3_wild,CC=CC(=O)SCCNC(=O)CCNC(=O)C(C(C)(C)COP(=O)(O)OP(=O)(O)OCC1C(C(C(O1)N2C=NC3=C(N=CN=C32)N)O)OP(=O)(O)O)O,-1.853871964321762,0.5482501983642578,-0.8802272081375122,0.9064351320266724
328,Q9NPJ3_K136A,CC(C)(COP(=O)([O-])OP(=O)([O-])OCC1C(C(C(O1)N2C=NC3=C(N=CN=C32)N)O)OP(=O)([O-])[O-])C(C(=O)NCCC(=O)NCCSC(=O)CC4=CC(=CC=C4)O)O,-0.494850021680094,0.29204967617988586,-1.0319205522537231,0.8943420648574829
329,Q9NPJ3_wild,CC=C(C)C(=O)SCCNC(=O)CCNC(=O)C(C(C)(C)COP(=O)(O)OP(=O)(O)OCC1C(C(C(O1)N2C=NC3=C(N=CN=C32)N)O)OP(=O)(O)O)O,-1.6989700043360187,0.43098169565200806,-1.1696211099624634,0.886616051197052
330,Q9NPJ3_wild,CC(C)(COP(=O)(O)OP(=O)(O)OCC1C(C(C(O1)N2C=NC3=C(N=CN=C32)N)O)OP(=O)(O)O)C(C(=O)NCCC(=O)NCCSC(=O)CC4=CC=C(C=C4)O)O,-0.8538719643217619,0.4386591911315918,-1.3129301071166992,0.9786267280578613
331,Q9NPJ3_D65N,CC(C)(COP(=O)([O-])OP(=O)([O-])OCC1C(C(C(O1)N2C=NC3=C(N=CN=C32)N)O)OP(=O)([O-])[O-])C(C(=O)NCCC(=O)NCCSC(=O)CC4=CC(=CC=C4)O)O,-0.44369749923271273,-0.2363666594028473,-0.9307007789611816,0.43469852209091187
332,Q9NPJ3_wild,CC(C(=O)O)C(=O)SCCNC(=O)CCNC(=O)C(C(C)(C)COP(=O)(O)OP(=O)(O)OCC1C(C(C(O1)N2C=NC3=C(N=CN=C32)N)O)OP(=O)(O)O)O,-1.080921907623926,0.5493834018707275,-1.0230587720870972,0.9883217215538025
333,Q9NPJ3_wild,CC(CC(=O)SCCNC(=O)CCNC(=O)C(C(C)(C)COP(=O)(O)OP(=O)(O)OCC1C(C(C(O1)N2C=NC3=C(N=CN=C32)N)O)OP(=O)(O)O)O)O,-0.744727494896694,0.5837091207504272,-0.8880335092544556,0.8052024841308594
334,Q9NPJ3_wild,CCCCCC=CCC=CCC=CCC=CCCCC(=O)SCCNC(=O)CCNC(=O)C(C(C)(C)COP(=O)(O)OP(=O)(O)OCC1C(C(C(O1)N2C=NC3=C(N=CN=C32)N)O)OP(=O)(O)O)O,-1.6575773191777938,0.3421505093574524,-1.5929464101791382,1.2371746301651
335,Q9NPJ3_wild,CCCCCC(=O)SCCNC(=O)CCNC(=O)C(C(C)(C)COP(=O)(O)OP(=O)(O)OCC1C(C(C(O1)N2C=NC3=C(N=CN=C32)N)O)OP(=O)(O)O)O,-1.6575773191777938,0.3679761290550232,-1.2156733274459839,0.9186702966690063
336,Q9NPJ3_N50A,CC(C)(COP(=O)([O-])OP(=O)([O-])OCC1C(C(C(O1)N2C=NC3=C(N=CN=C32)N)O)OP(=O)([O-])[O-])C(C(=O)NCCC(=O)NCCSC(=O)CC4=CC(=CC=C4)O)O,-2.154901959985743,0.1687566637992859,-1.0971416234970093,0.8162066340446472
337,Q9NPJ3_wild,CC(C)(COP(=O)(O)OP(=O)(O)OCC1C(C(C(O1)N2C=NC3=C(N=CN=C32)N)O)OP(=O)(O)O)C(C(=O)NCCC(=O)NCCSC(=O)CC(C)(CC(=O)O)O)O,-1.1023729087095586,0.7940839529037476,-0.8136125802993774,0.963161289691925
338,Q9NPJ3_T69A,CC(C)(COP(=O)([O-])OP(=O)([O-])OCC1C(C(C(O1)N2C=NC3=C(N=CN=C32)N)O)OP(=O)([O-])[O-])C(C(=O)NCCC(=O)NCCSC(=O)CC4=CC(=CC=C4)O)O,-0.1804560644581313,0.3047848343849182,-1.070206642150879,0.9565802812576294
339,Q9NPJ3_wild,CCCCCCCCC=CCCCCCCCC(=O)SCCNC(=O)CCNC(=O)C(C(C)(C)COP(=O)(O)OP(=O)(O)OCC1C(C(C(O1)N2C=NC3=C(N=CN=C32)N)O)OP(=O)(O)O)O,-1.958607314841775,0.2893489599227905,-1.587593674659729,1.1342295408248901
340,Q9NPJ3_wild,CCCCCCCCCCCCCCCCCC(=O)SCCNC(=O)CCNC(=O)C(C(C)(C)COP(=O)(O)OP(=O)(O)OCC1C(C(C(O1)N2C=NC3=C(N=CN=C32)N)O)OP(=O)(O)O)O,-1.958607314841775,0.14162668585777283,-1.5776561498641968,1.0680559873580933
341,Q9NPJ3_wild,CC(C)(COP(=O)(O)OP(=O)(O)OCC1C(C(C(O1)N2C=NC3=C(N=CN=C32)N)O)OP(=O)(O)O)C(C(=O)NCCC(=O)NCCSC(=O)C4=CC(=CC=C4)O)O,-1.958607314841775,0.38709428906440735,-1.2714636325836182,0.9423608779907227
342,Q9NPJ3_wild,CC(C)(COP(=O)(O)OP(=O)(O)OCC1C(C(C(O1)N2C=NC3=C(N=CN=C32)N)O)OP(=O)(O)O)C(C(=O)NCCC(=O)NCCSC(=O)CC4=CC=CC=C4)O,-1.0757207139381184,0.4977607727050781,-1.2404483556747437,1.0464688539505005
343,Q9NPJ3_wild,CC(=O)SCCNC(=O)CCNC(=O)C(C(C)(C)COP(=O)(O)OP(=O)(O)OCC1C(C(C(O1)N2C=NC3=C(N=CN=C32)N)O)OP(=O)(O)O)O,-1.2676062401770316,0.5340016484260559,-0.9243023991584778,0.8310394883155823
344,Q9NPJ3_wild,CC(C)(COP(=O)(O)OP(=O)(O)OCC1C(C(C(O1)N2C=NC3=C(N=CN=C32)N)O)OP(=O)(O)O)C(C(=O)NCCC(=O)NCCSC(=O)C4=CC=C(C=C4)Cl)O,-2.494850021680094,0.4215845465660095,-1.2665530443191528,0.987526535987854
345,Q9NPJ3_wild,CC(C)(COP(=O)(O)OP(=O)(O)OCC1C(C(C(O1)N2C=NC3=C(N=CN=C32)N)O)OP(=O)(O)O)C(C(=O)NCCC(=O)NCCSC(=O)CC(=O)O)O,-1.1804560644581312,0.6727951765060425,-0.8331487774848938,0.8555733561515808
346,Q9NPJ3_wild,CCCCCCCCCCCC(=O)SCCNC(=O)CCNC(=O)C(C(C)(C)COP(=O)(O)OP(=O)(O)OCC1C(C(C(O1)N2C=NC3=C(N=CN=C32)N)O)OP(=O)(O)O)O,-1.7212463990471711,0.2829882502555847,-1.475446343421936,1.0766401290893555
347,Q9NPJ3_wild,CCCCCCCC(=O)SCCNC(=O)CCNC(=O)C(C(C)(C)COP(=O)(O)OP(=O)(O)OCC1C(C(C(O1)N2C=NC3=C(N=CN=C32)N)O)OP(=O)(O)O)O,-2.3279021420642825,0.3703603148460388,-1.3079661130905151,0.9684560894966125
348,Q9NPJ3_wild,CCCCCCCCCCCCCCCC(=O)SCCNC(=O)CCNC(=O)C(C(C)(C)COP(=O)(O)OP(=O)(O)OCC1C(C(C(O1)N2C=NC3=C(N=CN=C32)N)O)OP(=O)(O)O)O,-2.3565473235138126,0.1672958880662918,-1.5786902904510498,1.0745060443878174
349,Q81CX4_wild,C(C(C(=O)O)N)S,0.3010299956639812,-0.10442996025085449,0.17190463840961456,0.4802533984184265
350,P9WQ81_wild,C[S+](CCC(C(=O)[O-])N)CC1C(C(C(O1)N2C=NC3=C(N=CN=C32)N)O)O,-1.7695510786217261,-0.6945398449897766,-0.8282756805419922,0.2737570106983185
351,P9WQ81_wild,C1=NC(=C2C(=N1)N(C=N2)C3C(C(C(O3)CC(CCC(C(=O)O)N)N)O)O)N,-2.0457574905606752,-0.4164597988128662,-0.6347719430923462,0.4509178400039673
352,Q1QDV8_wild,CC(C1=CC=CC=C1)N,-0.7958800173440752,-0.8261021375656128,0.3298965394496918,-0.433771014213562
353,Q1QDV8_wild,CC(=O)C(=O)C,-1.585026652029182,-0.11226978898048401,-0.04943341389298439,0.4047500193119049
354,Q1QDV8_wild,CC(C)C=O,-0.6020599913279624,0.06809909641742706,0.48598960041999817,0.16306744515895844
355,P12995_wild,C[S+](CCC(C(=O)[O-])N)CC1C(C(C(O1)N2C=NC3=C(N=CN=C32)N)O)O,-1.7958800173440752,-0.6589658260345459,-0.9868636727333069,0.3276476562023163
356,P12995_R253K,C[S+](CCCN)CC1C(C(C(O1)N2C=NC3=C(N=CN=C32)N)O)O,-1.7958800173440752,-0.6387393474578857,-1.0460864305496216,0.23708724975585938
357,P12995_R253Q,CC(C(=O)CCCCCC(=O)[O-])N,0.23044892137827394,-0.30951613187789917,-2.017740488052368,0.883644700050354
358,P12995_Y144F,CC(C(=O)CCCCCC(=O)[O-])N,-1.3979400086720375,-0.29651910066604614,-2.036487340927124,0.9113554954528809
359,P12995_R253M,C[S+](CCC(C(=O)[O-])N)CC1C(C(C(O1)N2C=NC3=C(N=CN=C32)N)O)O,-2.0,-0.6799875497817993,-0.9974266290664673,0.3174379765987396
360,P12995_wild,CC(C(=O)CCCCCC(=O)[O-])N,-0.10237290870955856,-0.2918836772441864,-2.0465734004974365,0.9221175909042358
361,P12995_Y144F,C[S+](CCC(C(=O)[O-])N)CC1C(C(C(O1)N2C=NC3=C(N=CN=C32)N)O)O,-1.2218487496163564,-0.6620756387710571,-0.9764066934585571,0.3168727159500122
362,P12995_R253K,C[S+](CCC(C(=O)[O-])N)CC1C(C(C(O1)N2C=NC3=C(N=CN=C32)N)O)O,-2.0457574905606752,-0.6653037667274475,-0.9796364903450012,0.32096052169799805
363,P12995_Y17F,C[S+](CCC(C(=O)[O-])N)CC1C(C(C(O1)N2C=NC3=C(N=CN=C32)N)O)O,-2.4559319556497243,-0.6514263153076172,-0.980527400970459,0.3273122012615204
364,P12995_R253M,CC(C(=O)CCCCCC(=O)[O-])N,-0.17392519729917355,-0.31250160932540894,-2.0451316833496094,0.9081668853759766
365,P12995_Y17F,CC(C(=O)CCCCCC(=O)[O-])N,-1.9208187539523751,-0.28491923213005066,-2.0444560050964355,0.9207004904747009
366,P12995_R253Q,C[S+](CCC(C(=O)[O-])N)CC1C(C(C(O1)N2C=NC3=C(N=CN=C32)N)O)O,-1.1307682802690238,-0.6660786271095276,-0.9628415107727051,0.28821849822998047
367,P12995_R253A,C[S+](CCC(C(=O)[O-])N)CC1C(C(C(O1)N2C=NC3=C(N=CN=C32)N)O)O,-3.0,-0.641069769859314,-0.9924313426017761,0.32051366567611694
368,Q1W5Y8_wild,C1(C(C(C(C(C1OP(=O)(O)O)OP(=O)(O)O)OP(=O)(O)O)OP(=O)(O)O)OP(=O)(O)O)OP(=O)(O)O,1.3117538610557542,2.332904577255249,-0.5068812966346741,2.0977728366851807
369,Q9XUS5_wild,CC1=CN(C(=O)NC1=O)C2CC(C(O2)COP(=O)(O)OP(=O)(O)OP(=O)(O)O)O,1.4502491083193612,0.9106231927871704,-0.8903990983963013,2.1415905952453613
370,Q9XUS5_wild,C1=CN(C(=O)NC1=O)C2C(C(C(O2)COP(=O)(O)OP(=O)(O)OP(=O)(O)O)O)O,1.3408405498123317,1.138956069946289,-0.762855589389801,2.1049771308898926
371,Q9XUS5_wild,C(C1C(C(C(C(O1)OP(=O)(O)O)O)O)O)O,1.3725438007590702,1.3729932308197021,-0.618000864982605,1.8408608436584473
372,Q18910_wild,C1=CN(C(=O)NC1=O)C2C(C(C(O2)COP(=O)(O)OP(=O)(O)OP(=O)(O)O)O)O,1.3014640731432998,0.1697929948568344,-0.8916609883308411,1.6364150047302246
373,Q18910_wild,C(C1C(C(C(C(O1)OP(=O)(O)O)O)O)O)O,1.360971883725936,0.6236507892608643,-0.8391039967536926,1.9335048198699951
374,Q06069_A243V/A395I,CC(=O)C1CCC2C1(CCC3C2CCC4=CC(=O)CCC34C)C,0.04139268515822508,-1.3708205223083496,-1.7938982248306274,1.5717206001281738
375,Q06069_T248V/A395I,CC(=O)C1CCC2C1(CCC3C2CCC4=CC(=O)CCC34C)C,0.5440680443502757,-1.2707295417785645,-1.8182421922683716,1.6262673139572144
376,Q06069_wild,CC(=O)C1CCC2C1(CCC3C2CCC4=CC(=O)CCC34C)C,-0.5228787452803376,-1.2611287832260132,-1.8425610065460205,1.6357778310775757
377,Q06069_A243V/A395W/G397K,CC(=O)C1CCC2C1(CCC3C2CCC4=CC(=O)CCC34C)C,-0.045757490560675115,-1.4225629568099976,-1.8107870817184448,1.5642107725143433
378,Q06069_A395I,CC(=O)C1CCC2C1(CCC3C2CCC4=CC(=O)CCC34C)C,0.11394335230683679,-1.2696160078048706,-1.8375295400619507,1.6403141021728516
379,Q06069_T89N/A395I,CC(=O)C1CCC2C1(CCC3C2CCC4=CC(=O)CCC34C)C,0.4623979978989561,-1.2490547895431519,-1.8217322826385498,1.6447691917419434
380,Q06069_T89N/A106T/A395I/R409L,CC(=O)C1CCC2C1(CCC3C2CCC4=CC(=O)CCC34C)C,0.3979400086720376,-1.2599754333496094,-1.7989510297775269,1.6376763582229614
381,Q06069_A106T/A395I,CC(=O)C1CCC2C1(CCC3C2CCC4=CC(=O)CCC34C)C,0.6989700043360189,-1.2746469974517822,-1.822609305381775,1.6365067958831787
382,Q06069_T247V/A395I,CC(=O)C1CCC2C1(CCC3C2CCC4=CC(=O)CCC34C)C,0.2787536009528289,-1.3762884140014648,-1.7916346788406372,1.5498242378234863
383,Q06069_D217V/A395I,CC(=O)C1CCC2C1(CCC3C2CCC4=CC(=O)CCC34C)C,0.6334684555795865,-1.2781479358673096,-1.8449805974960327,1.6251451969146729
384,Q06069_A395W/G397K,CC(=O)C1CCC2C1(CCC3C2CCC4=CC(=O)CCC34C)C,0.07918124604762482,-1.3236591815948486,-1.8511275053024292,1.6318060159683228
385,Q06069_A106T/A395I/R409L,CC(=O)C1CCC2C1(CCC3C2CCC4=CC(=O)CCC34C)C,0.8388490907372553,-1.2802073955535889,-1.8152488470077515,1.6339681148529053
386,Q06069_M155I/F165L/A395I,CC(=O)C1CCC2C1(CCC3C2CCC4=CC(=O)CCC34C)C,0.8061799739838872,-1.2676963806152344,-1.8412034511566162,1.648861289024353
387,P22985_W335A/F336L,C1=NC2=C(N1)C(=O)NC(=O)N2,1.0958664534785427,0.33016762137413025,-2.1326568126678467,2.2515709400177
388,Q8A8X4_wild,C(C1C(C(C(C(O1)OP(=O)(O)O)O)O)O)O,1.3979400086720377,0.7884026169776917,0.09164981544017792,1.1070703268051147
389,Q8A8X4_wild,CC(=O)NC1C(C(C(OC1O)CO)O)O,1.568201724066995,0.9273568987846375,0.43654564023017883,0.6981161832809448
390,A0A1C3HPM4_wild,C(=O)=O,0.7634279935629373,0.7620847225189209,-1.4235516786575317,1.6459487676620483
391,A0A1C3HPN8_wild,C(=O)=O,0.9242792860618817,0.7686859369277954,-1.4230486154556274,1.6827995777130127
392,A0A1C3HPN7_wild,C(=O)=O,0.7634279935629373,0.8017858266830444,-1.5105127096176147,1.7170928716659546
393,A0A1C3HPN2_wild,C(=O)=O,0.7160033436347992,0.7556236982345581,-1.3939391374588013,1.6505239009857178
394,A0A1C3HPQ6_wild,C(=O)=O,0.6232492903979004,0.8545592427253723,-1.5183743238449097,1.735504388809204
395,A0A1C3HPR4_wild,C(=O)=O,0.6434526764861874,0.8614732027053833,-1.4360811710357666,1.6979602575302124
396,A0A1C3HPP0_wild,C(=O)=O,0.6532125137753437,1.347365140914917,-1.592477560043335,2.189177989959717
397,A0A1C3HPN1_wild,C(=O)=O,0.6020599913279624,0.7633621692657471,-1.473889708518982,1.5995280742645264
398,A0A1C3HPQ3_wild,C(=O)=O,0.6127838567197355,0.8698420524597168,-1.5184074640274048,1.7198374271392822
399,A0A1C3HPT9_wild,C(=O)=O,0.7993405494535817,0.8392794132232666,-1.4265726804733276,1.702017903327942
400,A0A1C3HPQ7_wild,C(=O)=O,0.5797835966168101,0.8213596343994141,-1.5024477243423462,1.6857906579971313
401,A0A1C3HPL8_wild,C(=O)=O,0.5797835966168101,1.0343677997589111,-1.3787325620651245,1.8453363180160522
402,A0A1C3HPR8_wild,C(=O)=O,0.6532125137753437,0.7943158149719238,-1.4261118173599243,1.6682337522506714
403,A0A1C3HPN5_wild,C(=O)=O,0.7323937598229685,0.9495154619216919,-1.3873775005340576,1.7262942790985107
404,A0A1C3HPN3_wild,C(=O)=O,0.6127838567197355,1.0395066738128662,-1.3462990522384644,1.841884732246399
405,A0A1C3HPP9_wild,C(=O)=O,0.6020599913279624,0.7970846891403198,-1.5306864976882935,1.7016549110412598
406,A0A1C3HPP6_wild,C(=O)=O,0.8129133566428556,0.8091926574707031,-1.506648302078247,1.666848063468933
407,A0A1C3HPS2_wild,C(=O)=O,0.724275869600789,0.7961846590042114,-1.4994736909866333,1.6572707891464233
408,A0A1C3HPT4_wild,C(=O)=O,0.5910646070264992,0.7838370203971863,-1.4935423135757446,1.6442925930023193
409,A0A1C3HPM5_wild,C(=O)=O,0.6989700043360189,0.746639609336853,-1.401603102684021,1.6533324718475342
410,A0A1C3HPQ8_wild,C(=O)=O,0.568201724066995,0.8373299837112427,-1.433043122291565,1.6861883401870728
411,A0A1C3HPM9_wild,C(=O)=O,0.6434526764861874,0.9215189218521118,-1.3958555459976196,1.739203929901123
412,A0A1C3HPR1_wild,C(=O)=O,0.8061799739838872,0.578167736530304,-1.5292013883590698,1.498876929283142
413,A0A1C3HPQ9_wild,C(=O)=O,0.6532125137753437,0.9723246097564697,-1.4942618608474731,1.8014135360717773
414,A0A1C3HPS5_wild,C(=O)=O,0.568201724066995,0.7246657013893127,-1.4942659139633179,1.6554882526397705
415,A0A1C3HPU3_wild,C(=O)=O,0.568201724066995,0.8640192747116089,-1.4864017963409424,1.7164480686187744
416,A0A1C3HPS6_wild,C(=O)=O,0.6434526764861874,0.8093053102493286,-1.3881124258041382,1.700821876525879
417,A0A1C3HPQ2_wild,C(=O)=O,0.8633228601204559,0.8504130244255066,-1.5015443563461304,1.6723692417144775
418,A0A1C3HPR0_wild,C(=O)=O,0.8573324964312685,0.865744948387146,-1.5142902135849,1.697227954864502
419,A0A1C3HPL9_wild,C(=O)=O,0.6720978579357175,0.7777650952339172,-1.4012093544006348,1.6562319993972778
420,A0A1C3HPR5_wild,C(=O)=O,0.6720978579357175,0.7749078273773193,-1.4218920469284058,1.6797510385513306
421,A0A1C3HPM6_wild,C(=O)=O,0.6720978579357175,0.9478893876075745,-1.450897455215454,1.7468981742858887
422,A0A1C3HPP8_wild,C(=O)=O,0.6720978579357175,0.7859992980957031,-1.4987691640853882,1.6429692506790161
423,A0A1C3HPU2_wild,C(=O)=O,0.6901960800285137,0.8710030317306519,-1.4140875339508057,1.7154722213745117
424,A0A1C3HPR7_wild,C(=O)=O,0.6901960800285137,0.8062180280685425,-1.4571912288665771,1.6852481365203857
425,A0A1C3HPT5_wild,C(=O)=O,0.6901960800285137,1.0830647945404053,-1.5606281757354736,1.930936336517334
426,A0A1C3HPT0_wild,C(=O)=O,0.7323937598229685,0.8268754482269287,-1.3942203521728516,1.6892938613891602
427,A0A1C3HPS7_wild,C(=O)=O,0.8692317197309762,0.8386194705963135,-1.4045718908309937,1.6959500312805176
428,A0A1C3HPR2_wild,C(=O)=O,0.5314789170422551,0.8071107864379883,-1.4813650846481323,1.6531920433044434
429,A0A1C3HPQ1_wild,C(=O)=O,0.6989700043360189,0.9680972099304199,-1.372897982597351,1.6803302764892578
430,A0A1C3HPM2_wild,C(=O)=O,0.4913616938342727,0.9507428407669067,-1.4654933214187622,1.7197619676589966
431,A0A1C3HPM8_wild,C(=O)=O,0.7403626894942439,0.8778585195541382,-1.5114673376083374,1.7365965843200684
432,A0A1C3HPM7_wild,C(=O)=O,0.6232492903979004,0.7554546594619751,-1.402854323387146,1.6593306064605713
433,A0A1C3HPN9_wild,C(=O)=O,0.6532125137753437,0.8981608152389526,-1.431362271308899,1.7164735794067383
434,A0A1C3HPM1_wild,C(=O)=O,0.4623979978989561,0.8018375635147095,-1.4211235046386719,1.6798291206359863
435,A0A1C3HPM3_wild,C(=O)=O,0.8692317197309762,0.919539749622345,-1.4811135530471802,1.7097017765045166
436,A0A1C3HPS0_wild,C(=O)=O,0.43136376415898736,0.7950071692466736,-1.4687005281448364,1.6736605167388916
437,A0A1C3HPT8_wild,C(=O)=O,0.6532125137753437,0.9145459532737732,-1.477868914604187,1.7112957239151
438,A0A1C3HPL6_wild,C(=O)=O,0.7160033436347992,0.8009630441665649,-1.385546088218689,1.6820483207702637
439,A0A1C3HPS9_wild,C(=O)=O,0.9084850188786497,0.8170850872993469,-1.4141699075698853,1.687634825706482
440,A0A1C3HPP5_wild,C(=O)=O,0.6532125137753437,0.7343569993972778,-1.393731713294983,1.6540465354919434
441,A0A1C3HPS3_wild,C(=O)=O,0.6232492903979004,0.8264585137367249,-1.4370054006576538,1.7008305788040161
442,A0A1C3HPL7_wild,C(=O)=O,0.7075701760979364,1.0047253370285034,-1.4193331003189087,1.7540794610977173
443,A0A1C3HPT2_wild,C(=O)=O,0.6232492903979004,0.7913478016853333,-1.5085853338241577,1.653960108757019
444,A0A1C3HPT1_wild,C(=O)=O,0.8195439355418687,0.7472978234291077,-1.4024063348770142,1.6628118753433228
445,A0A1C3HPN6_wild,C(=O)=O,0.5563025007672873,0.7818542122840881,-1.480977177619934,1.651094675064087
446,A0A1C3HPP4_wild,C(=O)=O,0.724275869600789,0.8240348100662231,-1.520659327507019,1.7180638313293457
447,A0A1C3HPP1_wild,C(=O)=O,0.5563025007672873,0.826790988445282,-1.4772710800170898,1.6723551750183105
448,A0A1C3HPS4_wild,C(=O)=O,0.724275869600789,0.7975831031799316,-1.4225664138793945,1.6926826238632202
449,A0A1C3HPP2_wild,C(=O)=O,1.0863598306747482,0.858462929725647,-1.406302571296692,1.7200355529785156
450,A0A1C3HPM0_wild,C(=O)=O,0.6020599913279624,0.8184747099876404,-1.5036627054214478,1.6761610507965088
451,A0A1C3HPQ4_wild,C(=O)=O,0.6232492903979004,0.8970252871513367,-1.409454107284546,1.7460365295410156
452,A0A1C3HPU0_wild,C(=O)=O,0.6232492903979004,0.8638507723808289,-1.504172444343567,1.7021600008010864
453,A0A1C3HPP3_wild,C(=O)=O,0.47712125471966244,0.855708658695221,-1.5025397539138794,1.728861689567566
454,A0A1C3HPS8_wild,C(=O)=O,0.5440680443502757,0.802994966506958,-1.4946478605270386,1.6565488576889038
455,Q8T6J6_wild,C1=C(NC(=O)NC1=O)C(=O)[O-],1.0334237554869496,0.28408581018447876,-2.0617921352386475,2.1367909908294678
456,P9WHK9_wild,C1=C(NC(=O)NC1=O)C(=O)[O-],-0.21467016498923297,-0.04007348790764809,-2.090052604675293,1.37987220287323
457,P9WHK9_wild,[O-]P(=O)([O-])OP(=O)([O-])[O-],-0.5528419686577808,0.20709410309791565,-1.3720495700836182,1.2910268306732178
458,P9WHK9_wild,C1=C(N(C(=O)NC1=O)C2C(C(C(O2)COP(=O)(O)O)O)O)C(=O)O,-0.5528419686577808,0.12109975516796112,-2.029526948928833,1.5766288042068481
459,A0A9I9_wild,C1C=CN(C=C1C(=O)N)C2C(C(C(O2)COP(=O)(O)OP(=O)(O)OCC3C(C(C(O3)N4C=NC5=C(N=CN=C54)N)O)O)O)O,1.6503075231319366,0.2633770704269409,-0.8377808332443237,2.604029655456543
460,A0A9I9_wild,CC(C(=O)O)N,1.7134905430939424,0.38731658458709717,1.0473607778549194,0.7573619484901428
461,A0A9I9_wild,CCC(=O)C(=O)[O-],1.3654879848908996,0.5685044527053833,0.7286475896835327,0.9622207880020142
462,A0A9I9_wild,C1=CC(=C[N+](=C1)C2C(C(C(O2)COP(=O)([O-])OP(=O)(O)OCC3C(C(C(O3)N4C=NC5=C(N=CN=C54)N)O)O)O)O)C(=O)N,0.5976951859255123,0.1289084255695343,-0.1523132175207138,1.8949871063232422
463,A0A9I9_wild,CC(C(=O)O)NCC(=O)O,0.69810054562339,0.5589542388916016,0.5981816053390503,0.9419795274734497
464,A0A9I9_wild,C(C(=O)O)N,1.6996643202023733,0.060685332864522934,1.1332780122756958,0.557189404964447
465,A0A9I9_wild,C(C(C(=O)O)N)O,1.3736474722092178,-0.23885393142700195,1.2018282413482666,0.39712953567504883
466,A0A9I9_wild,CC(=O)C(=O)[O-],1.6792461454138592,0.45804452896118164,0.6755809783935547,1.043522596359253
467,A0A9I9_wild,C(C(=O)C(=O)O)C(=O)O,1.6459132750338443,0.6021324396133423,0.3704834282398224,1.298490285873413
468,Q2UA33_wild,C(C(C(=O)O)N)S,4.718501688867274,0.8950216174125671,0.10428042709827423,2.947972059249878
469,Q2UA33_wild,C(CC(=O)NC(CS)C(=O)NCC(=O)O)C(C(=O)O)N,6.556302500767288,1.476974368095398,0.15313810110092163,3.122762680053711
470,Q2UA33_wild,C(C(C(CS)O)O)S,5.489958479424835,1.1458938121795654,-0.012072741985321045,3.0360162258148193
471,B5D5P2_wild,C(C(=O)O)N,2.246498580795801,-0.113896444439888,1.343218445777893,0.4306429326534271
472,B5D5P2_wild,CC(C(=O)O)N,3.0352696000994364,0.2685015797615051,1.1752127408981323,0.7322412729263306
473,F4KU78_wild,C1=CC=C(C(=C1)O)I,-2.3979400086720375,0.09133794903755188,-0.4468003809452057,-0.5839546918869019
474,F4KU78_wild,C1=CC(=C(C=C1CC(C(=O)O)N)I)O,-1.9913998282380825,-0.19930952787399292,-0.879936695098877,0.22477439045906067
475,E1JIB2_wild,C1=CC(=C(C=C1CC(C(=O)O)N)Cl)O,-1.3010299956639813,-0.45405665040016174,-1.7738661766052246,0.6280840635299683
476,E1JIB2_wild,C1=CC(=C(C=C1CC(C(=O)O)N)Br)O,-1.1611509092627446,-0.3452298045158386,-1.9858626127243042,0.7773027420043945
477,Q9DCX8_wild,C1=C(C=C(C(=C1I)O)I)CC(C(=O)O)N,-0.7958800173440752,-0.40488311648368835,-1.7714306116104126,0.19544722139835358
478,Q9DCX8_Y157F,C1=C(C=C(C(=C1I)O)I)CC(C(=O)O)N,0.03342375548694973,-0.3836451768875122,-1.7662755250930786,0.204537034034729
479,Q9DCX8_wild,C1=CC(=C(C=C1CC(C(=O)O)N)I)O,-0.9208187539523752,-0.3891421854496002,-1.7170536518096924,0.3639773428440094
480,E1JIB2_wild,C1=CC(=C(C=C1CC(C(=O)O)N)I)O,-0.9208187539523752,-0.1775439828634262,-1.9955989122390747,0.6260981559753418
481,Q6PHW0_wild,C1=CC(=C(C=C1CC(C(=O)O)N)I)O,-0.6819366650372385,-0.2703138291835785,-1.8525594472885132,0.4391549825668335
482,Q5ZXE1_S17A,C(C(C(=O)O)N)O,1.8260748027008264,0.17995527386665344,0.6318862438201904,1.1442463397979736
483,Q5ZXE1_T57A,C(C(C(=O)O)N)O,0.9444826721501687,0.31586727499961853,0.5761939883232117,1.3186061382293701
484,Q5ZXE1_wild,C(C(C(=O)O)N)O,2.5185139398778875,0.3241861164569855,0.5766996145248413,1.3294248580932617
485,Q5ZXE1_C226A,C(C(C(=O)O)N)O,2.6693168805661123,0.3413415551185608,0.577747106552124,1.3311762809753418
486,Q5ZXE1_H19A,C(C(C(=O)O)N)O,1.4913616938342726,0.11889968812465668,0.6628655195236206,1.0362880229949951
487,Q5ZXE1_T20A,C(C(C(=O)O)N)O,2.2576785748691846,0.31552112102508545,0.5795049667358398,1.3269726037979126
488,Q5ZXE1_H124A/N126A,C(C(C(=O)O)N)O,2.0492180226701815,0.1978578418493271,0.6943657398223877,1.09505295753479
489,Q5ZXE1_T446A,C(C(C(=O)O)N)O,2.5514499979728753,0.320497065782547,0.575760006904602,1.3313463926315308
490,Q5ZXE1_S53A,C(C(C(=O)O)N)O,2.303196057420489,0.32041847705841064,0.5747342109680176,1.3267384767532349
491,Q5ZXE1_C304A,C(C(C(=O)O)N)O,2.509202522331103,0.35669976472854614,0.5738670825958252,1.344814658164978
492,Q5ZXE1_T290A,C(C(C(=O)O)N)O,0.6095944092252201,0.16453339159488678,0.6106734275817871,1.1282247304916382
493,Q5ZXE1_E457A,C(C(C(=O)O)N)O,2.3961993470957363,0.35135844349861145,0.5755199193954468,1.358863353729248
494,Q5ZXE1_C221A,C(C(C(=O)O)N)O,2.5550944485783194,0.34025079011917114,0.5709083676338196,1.3498114347457886
495,Q5ZXE1_C183A,C(C(C(=O)O)N)O,2.7041505168397992,0.3385171890258789,0.5756998658180237,1.3394454717636108
496,Q5ZXE1_C458A,C(C(C(=O)O)N)O,2.709269960975831,0.34235528111457825,0.5488420724868774,1.3420743942260742
497,Q7LX99_wild,C(C1C(C(C(C(O1)OC2C(OC(C(C2O)O)OCC3C(C(C(C(O3)OC4C(OC(C(C4O)O)O)CO)O)O)OC5C(C(C(C(O5)CO)O)O)O)CO)O)O)O)O,1.2392994791268925,1.6919909715652466,1.2054468393325806,1.6755748987197876
498,I0B503_Q289L,CSCC1C(C(C(O1)N2C=NC3=C(N=CN=C32)N)O)O,2.3830969299490943,0.17471913993358612,-2.7114973068237305,3.125032424926758
499,I0B503_wild,CSCC1C(C(C(O1)N2C=NC3=C(N=CN=C32)N)O)O,2.6471872978959894,0.1611037254333496,-2.728264570236206,3.136042833328247
500,I0B503_wild,C1=NC(=C2C(=N1)N(C=N2)C3C(C(C(O3)CO)O)O)N,2.5238764756381316,0.20956116914749146,-2.3956668376922607,2.892894744873047
501,I0B503_S12T,C1=NC(=C2C(=N1)N(C=N2)C3C(C(C(O3)CO)O)O)N,1.993083360698062,0.20740261673927307,-2.3852179050445557,2.8819761276245117
502,I0B503_N87T,C1=NC(=C2C(=N1)N(C=N2)C3C(C(C(O3)CO)O)O)N,1.7967824117013078,0.2115750014781952,-2.4093284606933594,2.8997886180877686
503,I0B503_Q289L,C1=NC(=C2C(=N1)N(C=N2)C3C(C(C(O3)CO)O)O)N,1.9813201732591073,0.21800115704536438,-2.3763530254364014,2.8875200748443604
504,I0B503_S12T/N87T,C1=NC(=C2C(=N1)N(C=N2)C3C(C(C(O3)CO)O)O)N,2.4898179083014504,0.2096983790397644,-2.397707462310791,2.8900997638702393
505,I0B503_S12T/N87T/Q289L,C1=NC(=C2C(=N1)N(C=N2)C3C(C(C(O3)CO)O)O)N,2.447623097760286,0.22273069620132446,-2.382091999053955,2.8871653079986572
506,I0B503_S12T,CSCC1C(C(C(O1)N2C=NC3=C(N=CN=C32)N)O)O,2.161667412437736,0.16509418189525604,-2.7184245586395264,3.128065586090088
507,I0B503_N87T,CSCC1C(C(C(O1)N2C=NC3=C(N=CN=C32)N)O)O,1.927473020995276,0.166498601436615,-2.7414557933807373,3.1450655460357666
508,I0B503_S12T/N87T,CSCC1C(C(C(O1)N2C=NC3=C(N=CN=C32)N)O)O,2.6193020758756083,0.1720147430896759,-2.7305541038513184,3.1374623775482178
509,I0B503_S12T/N87T/Q289L,CSCC1C(C(C(O1)N2C=NC3=C(N=CN=C32)N)O)O,2.4046627008737222,0.1877596378326416,-2.7148540019989014,3.1279115676879883
510,I0B503_wild,C1C(C(OC1N2C=NC3=C(N=CN=C32)N)CO)O,2.350829273582968,0.31767651438713074,-2.292151689529419,2.859060287475586
511,I0B503_S12T,C1C(C(OC1N2C=NC3=C(N=CN=C32)N)CO)O,1.6852041344710147,0.32241424918174744,-2.2799179553985596,2.8495676517486572
512,I0B503_N87T,C1C(C(OC1N2C=NC3=C(N=CN=C32)N)CO)O,2.644635503768153,0.31689560413360596,-2.310793876647949,2.867626190185547
513,I0B503_Q289L,C1C(C(OC1N2C=NC3=C(N=CN=C32)N)CO)O,1.9032528168939584,0.32560741901397705,-2.273505926132202,2.8502349853515625
514,I0B503_S12T/N87T,C1C(C(OC1N2C=NC3=C(N=CN=C32)N)CO)O,2.571475903681944,0.32210463285446167,-2.2991883754730225,2.8593688011169434
515,I0B503_S12T/N87T/Q289L,C1C(C(OC1N2C=NC3=C(N=CN=C32)N)CO)O,2.4759615891924236,0.331192284822464,-2.283740758895874,2.8537182807922363
516,P9WNX9_wild,C1=CC(=C[N+](=C1)C2C(C(C(O2)COP(=O)(O)OP(=O)(O)OCC3C(C(C(O3)N4C=NC5=C(N=CN=C54)N)OP(=O)(O)O)O)O)O)C(=O)N,0.43136376415898736,0.8289321660995483,-0.5369391441345215,1.6553447246551514
517,P9WNX9_wild,C(CC(=O)O)C=O,0.6720978579357175,0.5913013219833374,-0.7293199300765991,1.3722155094146729
518,B1XMM6_wild,C1=CC(=C[N+](=C1)C2C(C(C(O2)COP(=O)(O)OP(=O)(O)OCC3C(C(C(O3)N4C=NC5=C(N=CN=C54)N)OP(=O)(O)O)O)O)O)C(=O)N,0.6989700043360189,0.8273581862449646,-0.2241617739200592,1.3110986948013306
519,A0A0J9X1M8_wild,C(CC(=O)[O-])C=O,0.22788670461367352,0.5983506441116333,-0.7554335594177246,1.268761396408081
520,A0A0J9X1M8_wild,C1=CC(=C[N+](=C1)C2C(C(C(O2)COP(=O)(O)OP(=O)(O)OCC3C(C(C(O3)N4C=NC5=C(N=CN=C54)N)OP(=O)(O)O)O)O)O)C(=O)N,0.8573324964312685,0.3743697702884674,-0.359234482049942,1.278807282447815
521,A0A0J9X1M8_wild,C1=CC(=C[N+](=C1)C2C(C(C(O2)COP(=O)([O-])OP(=O)(O)OCC3C(C(C(O3)N4C=NC5=C(N=CN=C54)N)O)O)O)O)C(=O)N,0.287801729930226,0.45313334465026855,-0.15942656993865967,1.101086974143982
522,Q55585_wild,C(CC(=O)[O-])C=O,0.13987908640123647,0.6696332693099976,-1.3840123414993286,1.7031619548797607
523,Q97XA5_wild,C(CC(=O)C(=O)[O-])C=O,1.436162647040756,0.868547260761261,-1.2128022909164429,1.920980453491211
524,Q97XA5_wild,C(CC(=O)[O-])C=O,1.2648178230095364,0.5826936364173889,-1.3540509939193726,1.8855637311935425
525,Q97XA5_wild,C1=CC(=C[N+](=C1)C2C(C(C(O2)COP(=O)(O)OP(=O)(O)OCC3C(C(C(O3)N4C=NC5=C(N=CN=C54)N)OP(=O)(O)O)O)O)O)C(=O)N,1.2174839442139063,0.5361790657043457,-0.6533899307250977,1.717436671257019
526,Q97XA5_wild,C1=CC(=C[N+](=C1)C2C(C(C(O2)COP(=O)([O-])OP(=O)(O)OCC3C(C(C(O3)N4C=NC5=C(N=CN=C54)N)O)O)O)O)C(=O)N,2.1344958558346736,0.6462485790252686,-0.06223822012543678,1.5118159055709839
527,Q9U8D3_wild,C1=NC2=C(C(=O)N1)N=CN2C3C(C(C(O3)COP(=O)(O)O)O)O,0.15836249209524964,0.026313330978155136,-1.3361749649047852,1.1567823886871338
528,Q9U8D3_C328D,C1=NC2=C(C(=O)N1)N=CN2C3C(C(C(O3)COP(=O)(O)O)O)O,0.23044892137827394,0.03149792179465294,-1.3047417402267456,1.1472032070159912
529,Q9U8D3_R155L,C1=NC2=C(C(=O)N1)N=CN2C3C(C(C(O3)COP(=O)(O)O)O)O,-2.0,0.017017822712659836,-1.32394278049469,1.1408294439315796
530,Q9U8D3_C328S,C1=NC2=C(C(=O)N1)N=CN2C3C(C(C(O3)COP(=O)(O)O)O)O,-0.07572071393811836,0.05951797589659691,-1.3270034790039062,1.1731849908828735
531,Q9U8D3_K62L,C1=NC2=C(C(=O)N1)N=CN2C3C(C(C(O3)COP(=O)(O)O)O)O,0.037426497940623665,-6.841495633125305e-05,-1.3269751071929932,1.1226482391357422
532,Q9U8D3_C328S/C368S,C1=NC2=C(C(=O)N1)N=CN2C3C(C(C(O3)COP(=O)(O)O)O)O,-0.2076083105017461,0.05903058871626854,-1.3149086236953735,1.1643065214157104
533,Q9U8D3_N429V,C1=NC2=C(C(=O)N1)N=CN2C3C(C(C(O3)COP(=O)(O)O)O)O,-0.494850021680094,0.012265991419553757,-1.33835768699646,1.1461611986160278
534,Q9U8D3_R155K,C1=NC2=C(C(=O)N1)N=CN2C3C(C(C(O3)COP(=O)(O)O)O)O,-0.9507819773298184,0.029333021491765976,-1.3311177492141724,1.1516520977020264
535,Q9U8D3_T307V,C1=NC2=C(C(=O)N1)N=CN2C3C(C(C(O3)COP(=O)(O)O)O)O,0.23552844690754893,0.031945254653692245,-1.3441119194030762,1.152559757232666
536,Q9U8D3_R155A,C1=NC2=C(C(=O)N1)N=CN2C3C(C(C(O3)COP(=O)(O)O)O)O,-2.42021640338319,0.03800768777728081,-1.3265997171401978,1.1639732122421265
537,Q9U8D3_C368S,C1=NC2=C(C(=O)N1)N=CN2C3C(C(C(O3)COP(=O)(O)O)O)O,0.0,0.023988869041204453,-1.3281742334365845,1.1452165842056274
538,P0A7D4_wild,C1=NC2=C(C(=O)N1)N=CN2C3C(C(C(O3)COP(=O)(O)O)O)O,0.28330122870354957,0.4953240156173706,-1.123223066329956,1.5428361892700195
539,P0A7D4_wild,NO,-0.3010299956639812,1.0649336576461792,2.0410077571868896,-0.4184342324733734
540,P0A7D4_wild,C(C(C(=O)O)N)C(=O)O,0.28330122870354957,0.32678622007369995,-0.5581580400466919,0.7882015705108643
541,P0A7D4_T301A,NO,-0.619788758288394,1.0826712846755981,2.0506694316864014,-0.4167484641075134
542,P0A7D4_wild,C1=NC2=C(N1C3C(C(C(O3)COP(=O)(O)OP(=O)(O)OP(=O)(O)O)O)O)N=C(NC2=O)N,0.28330122870354957,0.2229761779308319,-0.934901237487793,0.8541101217269897
543,P0A7D4_T129A,C1=NC2=C(N1C3C(C(C(O3)COP(=O)(O)OP(=O)(O)OP(=O)(O)O)O)O)N=C(NC2=O)N,-0.37675070960209955,0.12387843430042267,-0.8946613073348999,0.7262750267982483
544,P28650_wild,C1=NC2=C(N1C3C(C(C(O3)COP(=O)(O)OP(=O)(O)OP(=O)(O)O)O)O)N=C(NC2=O)N,0.7403626894942439,0.4393158257007599,-1.394717812538147,1.7898272275924683
545,P28650_wild,C(C(C(=O)O)N)C(=O)O,0.7403626894942439,0.8166368007659912,-0.9365047216415405,1.4319278001785278
546,Q4QE75_wild,C1=CN(C(=O)NC1=O)C2C(C(C(O2)COP(=O)([O-])OP(=O)([O-])OC3C(C(C(C(O3)C(=O)[O-])O)O)O)O)O,1.1139433523068367,0.5808976292610168,-0.6181171536445618,1.8623409271240234
547,Q4QE75_wild,C1C(C(C(C(O1)OP(=O)(O)OP(=O)(O)OCC2C(C(C(O2)N3C=CC(=O)NC3=O)O)O)O)O)O,1.8573324964312685,0.7155587077140808,-0.283329039812088,1.553104281425476
548,Q4QE75_wild,C1=CN(C(=O)NC1=O)C2C(C(C(O2)COP(=O)(O)OP(=O)(O)OC3C(C(C(C(O3)CO)O)O)O)O)O,2.255272505103306,0.693903923034668,-0.5783955454826355,1.6606767177581787
549,Q4QE75_wild,C(C1C(C(C(C(O1)OP(=O)(O)O)O)O)O)O,2.3353575901491754,0.5827323198318481,-0.08563300967216492,1.263329267501831
550,Q4QE75_V330W,C(C1C(C(C(C(O1)OP(=O)(O)O)O)O)O)O,2.5042261205990135,0.5584967732429504,-0.06812423467636108,1.219271183013916
551,Q4QE75_V330W/F383R,C(C1C(C(C(C(O1)OP(=O)(O)O)O)O)O)O,1.4079005401426352,0.562789797782898,-0.08608865737915039,1.2252318859100342
552,Q4QE75_wild,[O-]P(=O)([O-])OP(=O)([O-])[O-],2.2671717284030137,1.1481200456619263,-0.30204886198043823,2.0163283348083496
553,D3G6S4_wild,[O-]P(=O)([O-])OP(=O)([O-])[O-],2.2671717284030137,1.1399743556976318,-0.2984077036380768,2.0234551429748535
554,Q4QE75_wild,C1=CN(C(=O)NC1=O)C2C(C(C(O2)COP(=O)(O)OP(=O)(O)OP(=O)(O)O)O)O,2.3201462861110542,0.4354128837585449,-0.7927001714706421,1.5522253513336182
555,D3G6S4_wild,C1=CN(C(=O)NC1=O)C2C(C(C(O2)COP(=O)(O)OP(=O)(O)OP(=O)(O)O)O)O,2.3201462861110542,0.4225093722343445,-0.7894119024276733,1.5554382801055908
556,D3G6S4_wild,C1=CN(C(=O)NC1=O)C2C(C(C(O2)COP(=O)(O)OP(=O)(O)OC3C(C(C(C(O3)C(=O)O)O)O)O)O)O,1.1139433523068367,0.7465304136276245,-0.6785449981689453,1.9676623344421387
557,D3G6S4_wild,C1C(C(C(C(O1)OP(=O)(O)OP(=O)(O)OCC2C(C(C(O2)N3C=CC(=O)NC3=O)O)O)O)O)O,1.8573324964312685,0.703474760055542,-0.28382331132888794,1.5564265251159668
558,D3G6S4_wild,C1=CN(C(=O)NC1=O)C2C(C(C(O2)COP(=O)(O)OP(=O)(O)OC3C(C(C(C(O3)CO)O)O)O)O)O,2.255272505103306,0.6796185970306396,-0.5791743993759155,1.6634658575057983
559,Q969G6_wild,C1=NC(=C2C(=N1)N(C=N2)C3C(C(C(O3)COP(=O)(O)OP(=O)(O)OP(=O)(O)O)O)O)N,0.23044892137827394,-0.6674448847770691,-1.98722243309021,2.3206825256347656
560,Q969G6_wild,CC1=CC2=C(C=C1C)N(C3=NC(=O)NC(=O)C3=N2)CC(C(C(CO)O)O)O,0.23044892137827394,-0.756399929523468,-3.277108907699585,2.806380271911621
561,Q8ZPI3_N193A,C1=CC(=C[N+](=C1)C2C(C(C(O2)COP(=O)(O)OP(=O)(O)OCC3C(C(C(O3)N4C=NC5=C(N=CN=C54)N)OP(=O)(O)O)O)O)O)C(=O)N,1.3222192947339193,0.702627956867218,-0.5166672468185425,1.8869335651397705
562,Q976X5_wild,C(CC(=O)[O-])C=O,1.4771212547196624,0.6356823444366455,-1.320285677909851,2.0085253715515137
563,Q8ZPI3_wild,C(CC(=O)[O-])C=O,1.919078092376074,0.640590488910675,-1.4574958086013794,1.8975069522857666
564,Q8ZPI3_wild,C1=CC(=C[N+](=C1)C2C(C(C(O2)COP(=O)([O-])OP(=O)(O)OCC3C(C(C(O3)N4C=NC5=C(N=CN=C54)N)O)O)O)O)C(=O)N,1.662757831681574,0.8733634352684021,-0.38624754548072815,1.8649182319641113
565,Q8ZPI3_wild,C1=CC(=C[N+](=C1)C2C(C(C(O2)COP(=O)(O)OP(=O)(O)OCC3C(C(C(O3)N4C=NC5=C(N=CN=C54)N)OP(=O)(O)O)O)O)O)C(=O)N,1.662757831681574,0.7237079739570618,-0.5208064317703247,1.9008091688156128
566,Q82TA7_wild,C1=CC(=C[N+](=C1)C2C(C(C(O2)COP(=O)([O-])OP(=O)(O)OCC3C(C(C(O3)N4C=NC5=C(N=CN=C54)N)O)O)O)O)C(=O)N,-0.3467874862246563,0.9954040050506592,-0.04619534686207771,1.3521113395690918
567,Q82TA7_wild,C(CC(=O)[O-])C=O,-0.23433144524098592,0.6367407441139221,-1.3800736665725708,1.6406264305114746
568,Q82TA7_wild,C1=CC(=C[N+](=C1)C2C(C(C(O2)COP(=O)(O)OP(=O)(O)OCC3C(C(C(O3)N4C=NC5=C(N=CN=C54)N)OP(=O)(O)O)O)O)O)C(=O)N,-0.20971483596675833,0.8674314618110657,-0.4237814247608185,1.547936201095581
569,B1WSJ7_K154A,C1=CC(=C[N+](=C1)C2C(C(C(O2)COP(=O)(O)OP(=O)(O)OCC3C(C(C(O3)N4C=NC5=C(N=CN=C54)N)OP(=O)(O)O)O)O)O)C(=O)N,-1.0,0.9904385805130005,-0.3531976640224457,1.574122667312622
570,B1WSJ7_K154A,C(CC(=O)[O-])C=O,-0.8860566476931633,0.7890629172325134,-1.3799155950546265,1.7216130495071411
571,B1WSJ7_S157E,C1=CC(=C[N+](=C1)C2C(C(C(O2)COP(=O)(O)OP(=O)(O)OCC3C(C(C(O3)N4C=NC5=C(N=CN=C54)N)OP(=O)(O)O)O)O)O)C(=O)N,0.2041199826559248,0.9843891859054565,-0.37044620513916016,1.6001898050308228
572,B1WSJ7_S157E,C(CC(=O)[O-])C=O,0.2041199826559248,0.786824643611908,-1.4104835987091064,1.7444422245025635
573,B1WSJ7_wild,C1=CC(=C[N+](=C1)C2C(C(C(O2)COP(=O)(O)OP(=O)(O)OCC3C(C(C(O3)N4C=NC5=C(N=CN=C54)N)OP(=O)(O)O)O)O)O)C(=O)N,0.5910646070264992,0.9844658374786377,-0.3937670588493347,1.6024099588394165
574,B1WSJ7_wild,C(CC(=O)[O-])C=O,0.5910646070264992,0.7860634922981262,-1.4321117401123047,1.7367218732833862
575,B1WSJ7_K154A,C1=CC(=C[N+](=C1)C2C(C(C(O2)COP(=O)([O-])OP(=O)(O)OCC3C(C(C(O3)N4C=NC5=C(N=CN=C54)N)O)O)O)O)C(=O)N,-0.8860566476931633,1.1407039165496826,-0.059748951345682144,1.4002625942230225
576,B1WSJ7_S157E,C1=CC(=C[N+](=C1)C2C(C(C(O2)COP(=O)([O-])OP(=O)(O)OCC3C(C(C(O3)N4C=NC5=C(N=CN=C54)N)O)O)O)O)C(=O)N,-0.23657200643706275,1.141645908355713,-0.06450416147708893,1.4168193340301514
577,B1WSJ7_wild,C1=CC(=C[N+](=C1)C2C(C(C(O2)COP(=O)([O-])OP(=O)(O)OCC3C(C(C(O3)N4C=NC5=C(N=CN=C54)N)O)O)O)O)C(=O)N,0.24054924828259971,1.1335787773132324,-0.08462613821029663,1.4205220937728882
578,Q1XG01_wild,CC(C(=O)O)N,2.800717078282385,1.4464093446731567,0.4401255249977112,0.9463169574737549
579,Q73GL9_wild,CC(C(=O)O)N,0.36172783601759284,-0.09620615839958191,0.7323436737060547,0.20876990258693695
580,A0A097CPM3_wild,C(C1C(C(C(C(O1)OC2C(OC(C(C2O)O)O)CO)O)O)O)O,2.450249108319361,1.7793830633163452,0.7161325216293335,1.6285332441329956
581,P9WG39_P126A,CC(=O)C(=O)[O-],-0.7825160557860937,-0.05907908454537392,0.7428557872772217,0.04028642177581787
582,P9WG39_P126V,CC(=O)C(=O)[O-],-0.7851561519523022,-0.08161503076553345,0.7387949824333191,0.02124086022377014
583,P9WG39_P126T,CC(=O)C(=O)[O-],-0.7798919119599449,-0.06778421998023987,0.7416461706161499,0.03302246332168579
584,P9WG39_wild,CC(=O)C(=O)[O-],0.5046067706419538,-0.06378981471061707,0.7463606595993042,0.041179388761520386
585,Q06755_wild,CC(CO)(C(COP(=O)(O)O)O)O,1.5605044151950567,0.20581288635730743,-0.5156434774398804,1.1096758842468262
586,Q06755_wild,C1=CN(C(=O)N=C1N)C2C(C(C(O2)COP(=O)(O)OP(=O)(O)OP(=O)(O)O)O)O,1.852723910791206,0.10585662722587585,-0.6641517877578735,1.2682548761367798
587,Q97XS9_wild,C1=CC(=C[N+](=C1)C2C(C(C(O2)COP(=O)([O-])OP(=O)(O)OCC3C(C(C(O3)N4C=NC5=C(N=CN=C54)N)O)O)O)O)C(=O)N,1.8388490907372552,0.5603732466697693,-0.06908068060874939,1.4597753286361694
588,Q97XS9_wild,C(CC(=O)C(=O)[O-])C=O,0.8512583487190752,0.8026831150054932,-1.2189059257507324,1.8727209568023682
589,Q97XS9_wild,C(CC(=O)[O-])C=O,1.354108439147401,0.5039677619934082,-1.357822060585022,1.8350480794906616
590,P31570_wild,CC1=C2C(C(C([N-]2)C3(C(C(C(=N3)C(=C4C(C(C(=N4)C=C5C(C(C1=N5)CCC(=O)N)(C)C)CCC(=O)N)(C)CC(=O)N)C)CCC(=O)N)(C)CC(=O)N)C)CC(=O)N)(C)CCC(=O)NCC(C)O.[Co],-2.113509274827518,-0.955897331237793,-1.5388967990875244,0.7985193729400635
591,P31570_wild,C1=NC(=C2C(=N1)N(C=N2)C3C(C(C(O3)COP(=O)(O)OP(=O)(O)OP(=O)(O)O)O)O)N,-2.1739251972991736,-0.6479871869087219,-1.1157729625701904,0.6038423180580139
592,A0A0E1R5H0_K98Q,C1=NC(=C2C(=N1)N(C=N2)C3C(C(C(O3)COP(=O)(O)OP(=O)(O)OP(=O)(O)O)O)O)N,-0.7695510786217261,-0.15937887132167816,-1.5690641403198242,1.068433403968811
593,A0A0E1R5H0_T88V,CC1=CC2=C(C=C1C)N(C=N2)C3C(C(C(O3)CO)OP(=O)([O-])OC(C)CNC(=O)CCC4(C(C5C6(C(C(C(=N6)C(=C7C(C(C(=N7)C=C8C(C(C(=N8)C(=C4[N-]5)C)CCC(=O)N)(C)C)CCC(=O)N)(C)CC(=O)N)C)CCC(=O)N)(C)CC(=O)N)C)CC(=O)N)C)O.[Co],-0.585026652029182,-0.04522261396050453,-2.29844331741333,1.7560248374938965
594,A0A0E1R5H0_wild,CC1=CC2=C(C=C1C)N(C=N2)C3C(C(C(O3)CO)OP(=O)([O-])OC(C)CNC(=O)CCC4(C(C5C6(C(C(C(=N6)C(=C7C(C(C(=N7)C=C8C(C(C(=N8)C(=C4[N-]5)C)CCC(=O)N)(C)C)CCC(=O)N)(C)CC(=O)N)C)CCC(=O)N)(C)CC(=O)N)C)CC(=O)N)C)O.[Co],-0.6777807052660807,-0.0046323128044605255,-2.2810897827148438,1.7697166204452515
595,A0A0E1R5H0_wild,C1=NC(=C2C(=N1)N(C=N2)C3C(C(C(O3)COP(=O)(O)OP(=O)(O)OP(=O)(O)O)O)O)N,-0.619788758288394,-0.15172486007213593,-1.5806643962860107,1.0841330289840698
596,A0A0E1R5H0_D110N,CC1=CC2=C(C=C1C)N(C=N2)C3C(C(C(O3)CO)OP(=O)([O-])OC(C)CNC(=O)CCC4(C(C5C6(C(C(C(=N6)C(=C7C(C(C(=N7)C=C8C(C(C(=N8)C(=C4[N-]5)C)CCC(=O)N)(C)C)CCC(=O)N)(C)CC(=O)N)C)CCC(=O)N)(C)CC(=O)N)C)CC(=O)N)C)O.[Co],-1.3010299956639813,-0.012357402592897415,-2.3083767890930176,1.78940749168396
597,A0A0E1R5H0_R200K,CC1=CC2=C(C=C1C)N(C=N2)C3C(C(C(O3)CO)OP(=O)([O-])OC(C)CNC(=O)CCC4(C(C5C6(C(C(C(=N6)C(=C7C(C(C(=N7)C=C8C(C(C(=N8)C(=C4[N-]5)C)CCC(=O)N)(C)C)CCC(=O)N)(C)CC(=O)N)C)CCC(=O)N)(C)CC(=O)N)C)CC(=O)N)C)O.[Co],-1.2218487496163564,-0.07803703844547272,-2.226855516433716,1.6567713022232056
598,A0A0E1R5H0_E207Q,C1=NC(=C2C(=N1)N(C=N2)C3C(C(C(O3)COP(=O)(O)OP(=O)(O)OP(=O)(O)O)O)O)N,-0.744727494896694,-0.2615416347980499,-1.5076113939285278,0.9020504951477051
599,A0A0E1R5H0_K98Q,CC1=CC2=C(C=C1C)N(C=N2)C3C(C(C(O3)CO)OP(=O)([O-])OC(C)CNC(=O)CCC4(C(C5C6(C(C(C(=N6)C(=C7C(C(C(=N7)C=C8C(C(C(=N8)C(=C4[N-]5)C)CCC(=O)N)(C)C)CCC(=O)N)(C)CC(=O)N)C)CCC(=O)N)(C)CC(=O)N)C)CC(=O)N)C)O.[Co],-0.744727494896694,-0.010088149458169937,-2.2592577934265137,1.7499665021896362
600,A0A0E1R5H0_E207Q,CC1=CC2=C(C=C1C)N(C=N2)C3C(C(C(O3)CO)OP(=O)([O-])OC(C)CNC(=O)CCC4(C(C5C6(C(C(C(=N6)C(=C7C(C(C(=N7)C=C8C(C(C(=N8)C(=C4[N-]5)C)CCC(=O)N)(C)C)CCC(=O)N)(C)CC(=O)N)C)CCC(=O)N)(C)CC(=O)N)C)CC(=O)N)C)O.[Co],-0.6575773191777937,-0.09507659077644348,-2.2031710147857666,1.562522292137146
601,A0A0E1R5H0_T88V,C1=NC(=C2C(=N1)N(C=N2)C3C(C(C(O3)COP(=O)(O)OP(=O)(O)OP(=O)(O)O)O)O)N,-0.5686362358410126,-0.18757639825344086,-1.5908865928649902,1.0644044876098633
602,A0A0E1R5H0_R200K,C1=NC(=C2C(=N1)N(C=N2)C3C(C(C(O3)COP(=O)(O)OP(=O)(O)OP(=O)(O)O)O)O)N,-1.0,-0.2300720065832138,-1.537777304649353,0.9823645949363708
603,A0A0E1R5H0_D110N,C1=NC(=C2C(=N1)N(C=N2)C3C(C(C(O3)COP(=O)(O)OP(=O)(O)OP(=O)(O)O)O)O)N,-1.154901959985743,-0.17720270156860352,-1.6021002531051636,1.0998573303222656
604,Q8NDF8_K560E,C1=NC(=C2C(=N1)N(C=N2)C3C(C(C(O3)COP(=O)(O)OP(=O)(O)OP(=O)(O)O)O)O)N,-1.5528419686577808,-0.5905996561050415,-1.556113362312317,0.6647115349769592
605,Q8NDF8_wild,C1=NC(=C2C(=N1)N(C=N2)C3C(C(C(O3)COP(=O)(O)OP(=O)(O)OP(=O)(O)O)O)O)N,-1.0132282657337552,-0.569105327129364,-1.5349900722503662,0.659957230091095
606,D5KS97_wild,C1=CC(=CC=C1CC(C(=O)O)N)O,-0.2676062401770315,-0.7328531742095947,-0.4435879588127136,0.3432961106300354
607,D5KS97_wild,C1=CC=C(C=C1)CC(C(=O)O)N,1.2127201544178423,-0.14410634338855743,-0.9687806367874146,0.4523109197616577
608,C5XXT8_wild,C1=CC(=C(C=C1CC(C(=O)O)N)O)O,-0.5228787452803376,-0.4911847710609436,-0.36918219923973083,0.2893469035625458
609,C5XXT8_wild,C1=CC=C(C=C1)CC(C(=O)O)N,-0.5086383061657274,-0.10451573133468628,-0.9951485991477966,0.4925829768180847
610,C5XXT8_wild,C1=CC(=CC=C1CC(C(=O)O)N)O,0.24551266781414982,-0.6854750514030457,-0.5023133158683777,0.37600192427635193
611,C5YCD6_wild,C1=CC=C(C=C1)CC(C(=O)O)N,-0.431798275933005,-0.09165889024734497,-0.9766876101493835,0.5529879927635193
612,C5YCD6_wild,C1=CC(=CC=C1CC(C(=O)O)N)O,0.36921585741014284,-0.6786260008811951,-0.4990385174751282,0.420683890581131
613,O66932_wild,C(C1C(C(C(C(O1)OC2C(OC(C(C2O)O)OC3C(OC(C(C3O)O)OC4C(OC(C(C4O)O)O)CO)CO)CO)O)O)O)O,0.7781512503836436,0.7055791616439819,0.4625767767429352,1.2834620475769043
614,O66932_wild,C(C1C(C(C(C(O1)OC2C(OC(C(C2O)O)OC3C(OC(C(C3O)O)OC4C(OC(C(C4O)O)OC5C(OC(C(C5O)O)OC6C(OC(C(C6O)O)OC7C(OC(C(C7O)O)O)CO)CO)CO)CO)CO)CO)O)O)O)O,0.6434526764861874,0.8534810543060303,0.4688000977039337,1.350782036781311
615,O66932_wild,C(C1C(C(C(C(O1)OC2C(OC(C(C2O)O)OC3C(OC(C(C3O)O)OC4C(OC(C(C4O)O)OC5C(OC(C(C5O)O)OC6C(OC(C(C6O)O)O)CO)CO)CO)CO)CO)O)O)O)O,0.6127838567197355,0.7887784838676453,0.42336830496788025,1.3715896606445312
616,O66932_wild,C(C1C(C(C(C(O1)OC2C(OC(C(C2O)O)OC3C(OC(C(C3O)O)O)CO)CO)O)O)O)O,0.8325089127062363,0.8093523979187012,0.7458190321922302,1.2367894649505615
617,Q9K1F1_wild,C1C(CC(=NC1C(=O)[O-])C(=O)[O-])O,1.8864907251724818,0.714600682258606,-1.1427702903747559,1.2656879425048828
618,P08659_K445Q,C1C(N=C(S1)C2=NC3=C(S2)C=C(C=C3)O)C(=O)O,-0.619788758288394,0.6417130827903748,-1.8227852582931519,0.8948113918304443
619,P08659_wild,C1C(N=C(S1)C2=NC3=C(S2)C=C(C=C3)O)C(=O)O,-0.7772835288524167,0.6377496719360352,-1.8339190483093262,0.8959798812866211
620,P08659_G446I,C1C(N=C(S1)C2=NC3=C(S2)C=C(C=C3)O)C(=O)O,-1.6989700043360187,0.5580371022224426,-1.7808955907821655,0.836815595626831
621,P08659_K529A,C1C(N=C(S1)C2=NC3=C(S2)C=C(C=C3)O)C(=O)O,-3.6020599913279625,0.5084235668182373,-1.747132420539856,0.6758409738540649
622,P08659_K443A,C1C(N=C(S1)C2=NC3=C(S2)C=C(C=C3)O)C(=O)O,-4.201349354554731,0.5813305974006653,-1.7943387031555176,0.7774473428726196
623,P08659_Q448A,C1C(N=C(S1)C2=NC3=C(S2)C=C(C=C3)O)C(=O)O,-1.0579919469776868,0.6135532855987549,-1.8274110555648804,0.8955211639404297
624,P08659_K443A/K529A,C1C(N=C(S1)C2=NC3=C(S2)C=C(C=C3)O)C(=O)O,-6.804100347590766,0.2774760127067566,-1.643955945968628,0.442886620759964
625,P08659_wild,CCCCCCCCCCCC(=O)O,-0.5559552040819237,0.131178081035614,-2.1176624298095703,1.2675693035125732
626,P13129_wild,CCCCCCCCCCCC(=O)O,-0.18641901143180803,0.11580461263656616,-1.9861162900924683,1.2525153160095215
627,Q06528_wild,C[S+](CCC(C(=O)[O-])N)CC1C(C(C(O1)N2C=NC3=C(N=CN=C32)N)O)O,-3.552841968657781,-0.935035228729248,-1.0480996370315552,0.40485456585884094
628,Q06528_wild,C1=CC(=C(C=C1[N+](=O)[O-])Cl)O,-3.494850021680094,-0.6444460153579712,-0.6391304135322571,0.04410761594772339
629,Q8IE38_wild,C1=CC(=C[N+](=C1)C2C(C(C(O2)COP(=O)(O)O)O)O)C(=O)O,-1.1870866433571443,0.6414138078689575,-1.1913243532180786,0.8980637788772583
630,Q8IE38_wild,C1=NC(=C2C(=N1)N(C=N2)C3C(C(C(O3)COP(=O)(O)OP(=O)(O)OP(=O)(O)O)O)O)N,-1.0861861476162833,0.14064428210258484,-0.919673502445221,0.4772988259792328
631,A4VVI4_H311A,C(C(C(C(C(C(=O)O)O)O)O)O)O,-1.0457574905606752,0.5759438276290894,0.5730105042457581,0.3692433834075928
632,A4VVI4_wild,C(C(C(C(C(C(=O)O)O)O)O)O)O,0.7693773260761385,0.645167350769043,0.48339805006980896,0.5220829248428345
633,Q47098_wild,C(CC(=O)O)C=O,1.8122446968003694,0.34151336550712585,0.6918749213218689,0.45039910078048706
634,Q47098_wild,CC=O,2.3126004392612596,0.36423590779304504,1.2567622661590576,0.4115949869155884
635,Q47098_wild,C(C=O)O,2.244277120801843,0.1853402704000473,1.084821343421936,0.5390838384628296
636,Q47098_wild,CCC=O,2.5543680009900878,0.449905127286911,0.8803969025611877,0.18433913588523865
637,Q47098_wild,CCCC=O,2.1222158782728267,0.17608141899108887,0.823633074760437,0.48120182752609253
638,O54754_wild,C1=CC=C2C=NN=CC2=C1,0.20951501454263097,-0.009872127324342728,-1.9359890222549438,1.9363514184951782
639,O54754_V806E,CC=O,0.43136376415898736,0.4728160500526428,0.6736553907394409,0.5248490571975708
640,O54754_wild,COC1=CC=C(C=C1)C=O,0.5740312677277188,0.3290790617465973,-2.0285356044769287,2.01544451713562
641,O54754_wild,CC1=C(C(CCC1)(C)C)C=CC(=CC=CC(=CC=O)C)C,-0.08092190762392612,-0.4987054765224457,-2.021301031112671,1.3260571956634521
642,O54754_wild,COC1=CC=CC(=C1)C=O,0.6334684555795865,0.028943520039319992,-2.0720551013946533,1.7519078254699707
643,O54754_wild,COC1=C(C=CC(=C1)C=O)O,0.8750612633917001,0.2906479239463806,-1.773801326751709,1.7890335321426392
644,O54754_wild,CCCC=O,0.6304278750250238,0.09144733846187592,-0.47091585397720337,1.1209675073623657
645,O54754_wild,CCCCCCCC=O,0.6785183790401139,0.2080242931842804,-1.7142173051834106,1.885545253753662
646,O54754_wild,CN(C)C1=CC=C(C=C1)C=CC=O,0.287801729930226,0.013688955456018448,-2.534980535507202,2.4080088138580322
647,O54754_V806E,C1=CC=C(C=C1)C=O,0.4014005407815441,0.4186830520629883,-1.5835223197937012,1.6249148845672607
648,O54754_wild,C1=CC(=CC=C1C=O)O,0.6344772701607315,0.01046605035662651,-1.9420297145843506,1.7536671161651611
649,O54754_wild,C1=CC=C(C=C1)CCC=O,0.800717078282385,0.04624561592936516,-1.1279534101486206,1.3538353443145752
650,O54754_wild,C1=CC=C2C(=C1)C=NC3=CC=CC=C23,0.30319605742048883,0.21497634053230286,-1.6991522312164307,1.7697789669036865
651,O54754_M884R,CC1=C(C(CCC1)(C)C)C=CC(=CC=CC(=CC=O)C)C,-1.6575773191777938,-0.48778998851776123,-2.0225236415863037,1.327972173690796
652,O54754_wild,C1=CC(=C(C=C1O)O)C=O,0.21748394421390627,0.24127352237701416,-1.1782444715499878,1.634197473526001
653,O54754_V806E,CC1=C(C(CCC1)(C)C)C=CC(=CC=CC(=CC=O)C)C,-0.6382721639824072,-0.4987054765224457,-2.021301031112671,1.3260571956634521
654,O54754_V806E,C1=CC=C2C=NN=CC2=C1,0.23552844690754893,-0.009872127324342728,-1.9359890222549438,1.9363514184951782
655,O54754_wild,C1=C2C(=NC=N1)N=CN2,0.8543060418010806,-0.321272075176239,-0.13537883758544922,0.5530336499214172
656,O54754_wild,CCOC1=C(C=CC(=C1)C=O)O,0.8027737252919757,0.13341256976127625,-1.7966033220291138,1.7250053882598877
657,O54754_wild,CCCCCCC=O,0.6522463410033232,-0.051066700369119644,-1.711268424987793,1.8844537734985352
658,O54754_wild,C1=CC(=CC=C1C=O)[N+](=O)[O-],0.3820170425748684,0.26595643162727356,-1.4811620712280273,1.8724212646484375
659,O54754_wild,CCCCCC=O,0.658964842664435,-0.024294603615999222,-1.2912653684616089,1.5824105739593506
660,O54754_wild,CCCCC=O,0.6374897295125107,0.278013676404953,-0.9927445650100708,1.3659512996673584
661,O54754_wild,CC=O,0.9375178920173467,0.4728160500526428,0.6736553907394409,0.5248490571975708
662,O54754_wild,C1=CC=C(C=C1)C=O,0.7234556720351858,0.4186830520629883,-1.5835223197937012,1.6249148845672607
663,O54754_wild,C1=CC=C(C=C1)C=CC=O,0.436162647040756,0.2637373208999634,-1.9944654703140259,1.9445111751556396
664,O54754_wild,C1=CC=C(C(=C1)C=O)O,0.359835482339888,0.05748799070715904,-1.3502906560897827,1.6029748916625977
665,O54754_wild,C1=CC=C(C=C1)CC=O,0.6683859166900001,0.061099883168935776,-1.3177388906478882,1.3841087818145752
666,O54754_wild,CCC=O,0.7041505168397991,0.2152099609375,-0.016689185053110123,0.7432876825332642
667,O54754_wild,CC=CC=O,0.920123326290724,0.013381849974393845,-0.6245900392532349,1.047057867050171
668,O54754_M884R,C1=CC=C(C=C1)C=O,0.10380372095595687,0.4296340346336365,-1.58609139919281,1.6265976428985596
669,G3X982_P1015A,C1=CC=C(C=C1)C=O,0.10380372095595687,0.19433589279651642,-1.7476296424865723,1.5615901947021484
670,Q5SGK3_wild,C1=CC=C(C(=C1)C=O)O,0.568201724066995,-0.13504309952259064,-1.4061702489852905,1.507777214050293
671,Q5SGK3_wild,CCCC=O,-0.2006594505464183,-0.12863004207611084,-0.5377324223518372,0.9728860855102539
672,Q5SGK3_wild,CCCCC=O,-0.1938200260161128,0.13421298563480377,-1.0933085680007935,1.2257496118545532
673,Q5SGK3_wild,COC1=CC=CC=C1C=O,-0.1938200260161128,-0.2882174551486969,-1.7584134340286255,1.713343858718872
674,Q5SGK3_wild,C[N+]1=CC=CC(=C1)C(=O)N,-0.08618614761628333,-0.2586614191532135,-0.8836234211921692,0.8139587640762329
675,Q5SGK3_wild,C1=CC=C(C=C1)CCC=O,0.13033376849500614,-0.15755027532577515,-1.1831893920898438,1.2285436391830444
676,Q5SGK3_wild,C1=CC=C(C=C1)C=CC=O,0.22271647114758325,0.01038353517651558,-2.061250925064087,1.832207441329956
677,Q5SGK3_wild,C1=CC(=CC=C1C=O)[N+](=O)[O-],0.32633586092875144,0.06465023756027222,-1.5590989589691162,1.7899894714355469
678,Q5SGK3_wild,COC1=CC=CC(=C1)C=O,0.2787536009528289,-0.14244164526462555,-2.1025147438049316,1.6594805717468262
679,Q5SGK3_wild,CN(C)C1=CC=C(C=C1)C=CC=O,-0.12493873660829995,-0.20942197740077972,-2.563227891921997,2.3458259105682373
680,Q5SGK3_wild,CC=O,0.17026171539495738,0.2587096691131592,0.7226872444152832,0.3887617588043213
681,Q5SGK3_wild,CCOC1=C(C=CC(=C1)C=O)O,0.17026171539495738,-0.13021934032440186,-1.7891228199005127,1.642329454421997
682,Q5SGK3_wild,C1=C2C(=NC=N1)N=CN2,0.3364597338485295,-0.5202419757843018,-0.12751689553260803,0.4921007752418518
683,Q5SGK3_wild,CCCCCCCC=O,-0.3372421683184259,0.0377260260283947,-1.8458267450332642,1.7551554441452026
684,Q5SGK3_wild,C1=CC=C(C=C1)C=O,0.6720978579357175,0.19045856595039368,-1.652530550956726,1.508936882019043
685,Q5SGK3_wild,C1=CC(=CC=C1C=O)O,0.287801729930226,-0.21953880786895752,-1.9935370683670044,1.6654794216156006
686,Q5SGK3_wild,CC=CC=O,0.3242824552976926,-0.20454877614974976,-0.6695427894592285,0.9329755306243896
687,Q5SGK3_wild,CCC=O,-0.1804560644581313,0.030295010656118393,-0.051652442663908005,0.5790721774101257
688,Q5SGK3_wild,C1=CC(=C(C=C1O)O)C=O,0.26951294421791633,0.02610616758465767,-1.2143959999084473,1.5463778972625732
689,Q5SGK3_wild,CCCCCC=O,-0.21467016498923297,-0.20838677883148193,-1.3773857355117798,1.451347827911377
690,Q5SGK3_wild,C1=CC=C2C(=C1)C=NC3=CC=CC=C23,0.292256071356476,-0.018007222563028336,-1.7038559913635254,1.694462537765503
691,Q5SGK3_wild,C1=CC=C(C=C1)CC=O,0.29885307640970665,-0.193828284740448,-1.3790627717971802,1.2555466890335083
692,Q5SGK3_wild,COC1=CC=C(C=C1)C=O,0.33041377334919086,0.15531040728092194,-2.0894663333892822,1.9203813076019287
693,Q5SGK3_wild,COC1=C(C=CC(=C1)C=O)O,0.12710479836480765,0.08068196475505829,-1.7675384283065796,1.7293658256530762
694,Q5SGK3_wild,C1=CC=C2C=NN=CC2=C1,0.6148972160331346,-0.22673356533050537,-1.9149425029754639,1.8895606994628906
695,Q5SGK3_wild,CCCCCCC=O,-0.2676062401770315,-0.2584194839000702,-1.7551084756851196,1.7589783668518066
696,Q3TYQ9_wild,CCCCCCC=O,-0.2676062401770315,-0.2655666172504425,-1.8458764553070068,1.782961130142212
697,Q06278_wild,C1=CC2=C(C=CC=N2)C(=C1)[N+](=O)[O-],0.11727129565576427,0.2465997338294983,-1.14492666721344,1.6934958696365356
698,Q06278_wild,CN(CC1=CN=C2C(=N1)C(=NC(=N2)N)N)C3=CC=C(C=C3)C(=O)NC(CCC(=O)O)C(=O)O,-1.3979400086720375,0.5217267870903015,-0.6710268259048462,1.6264926195144653
699,G3X982_F1014I,C1=CC=C2C=NN=CC2=C1,-0.01322826573375516,-0.2288811355829239,-1.890777587890625,1.8156565427780151
700,G3X982_wild,C1=CC=C2C=NN=CC2=C1,0.4653828514484183,-0.2255501002073288,-1.8890256881713867,1.8196871280670166
701,G3X982_E1266Q,C1=CC=C(C=C1)C=O,-0.7695510786217261,0.14854827523231506,-1.7697800397872925,1.532936930656433
702,G3X982_wild,CCCCCCC=O,-0.15490195998574322,-0.322345107793808,-1.8064769506454468,1.7070815563201904
703,G3X982_A807V/Y885M,C1=CC=C2C=NN=CC2=C1,-0.16115090926274472,-0.2306443154811859,-1.8845219612121582,1.8081355094909668
704,G3X982_P1015A,C1=NNC2=C1C(=O)NC=N2,-0.11350927482751812,-0.5254260897636414,-0.49731066823005676,0.8348703384399414
705,G3X982_A807V/Y885M,C[N+]1=CC=CC(=C1)C(=O)N,-0.3467874862246563,-0.2810448110103607,-0.8720104694366455,0.7562441825866699
706,G3X982_K889H,C[N+]1=CC=CC(=C1)C(=O)N,-1.2839966563652008,-0.27549877762794495,-0.8652114868164062,0.766438364982605
707,G3X982_P1015G,C1=NNC2=C1C(=O)NC=N2,-0.2076083105017461,-0.5299073457717896,-0.49506744742393494,0.8316036462783813
708,G3X982_wild,CCCCCCCC=O,-0.12493873660829995,-0.08933642506599426,-1.8499445915222168,1.7300667762756348
709,G3X982_wild,C1=CC=C(C=C1)C=O,0.3996737214810381,0.19574329257011414,-1.7440234422683716,1.5535976886749268
710,G3X982_P1015G,C1=CC=C(C=C1)C=O,0.1903316981702915,0.19418570399284363,-1.7494646310806274,1.5620532035827637
711,G3X982_F776K/A807E/D878L/L881S/Y885R/P1015T/Y1019L,C1=CC=C(C=C1)C=O,0.5910646070264992,0.15777043998241425,-1.733394980430603,1.5033681392669678
712,G3X982_K889H,C1=CC=C(C=C1)C=O,-0.494850021680094,0.19207191467285156,-1.73746919631958,1.549306869506836
713,G3X982_wild,C1=CC(=C(C=C1O)O)C=O,-0.017728766960431606,-0.0014844872057437897,-1.2719215154647827,1.5949329137802124
714,G3X982_F776K/A807E/D878L/L881S/Y885R/K889H/P1015T/Y1019L,C1=CC=C2C=NN=CC2=C1,0.9410142437055697,-0.24684573709964752,-1.8515366315841675,1.7726250886917114
715,G3X982_Y885M,C[N+]1=CC=CC(=C1)C(=O)N,-0.4089353929735008,-0.2810448110103607,-0.8720104694366455,0.7562441825866699
716,G3X982_F1014I,C1=CC=C2C(=C1)C=NC3=CC=CC=C23,-0.744727494896694,-0.03102767840027809,-1.6256955862045288,1.6185994148254395
717,G3X982_K889H,C1=CC=C2C(=C1)C=NC3=CC=CC=C23,0.12385164096708581,-0.025783266872167587,-1.6227952241897583,1.6171493530273438
718,G3X982_F1014I,C1=CC=C(C=C1)C=O,-0.5086383061657274,0.19160203635692596,-1.7439919710159302,1.5473073720932007
719,G3X982_Y885M,C1=CC=C2C(=C1)C=NC3=CC=CC=C23,0.6483600109809317,-0.03323196992278099,-1.6200788021087646,1.6121562719345093
720,G3X982_A807V,C1=CC=C2C(=C1)C=NC3=CC=CC=C23,0.7201593034059569,-0.027101654559373856,-1.6256262063980103,1.623262643814087
721,G3X982_wild,COC1=CC=CC(=C1)C=O,0.7923916894982539,-0.15019448101520538,-2.0956809520721436,1.6695804595947266
722,G3X982_wild,C1=CC=C(C=C1)C=CC=O,0.46982201597816303,0.027660224586725235,-2.0893402099609375,1.8471219539642334
723,G3X982_A807V/Y885M,C1=CC=C2C(=C1)C=NC3=CC=CC=C23,0.5599066250361125,-0.03323196992278099,-1.6200788021087646,1.6121562719345093
724,G3X982_F1014V,C1=NNC2=C1C(=O)NC=N2,-0.5686362358410126,-0.526860773563385,-0.5074043869972229,0.8261191844940186
725,G3X982_F1014V,C1=CC=C2C(=C1)C=NC3=CC=CC=C23,0.15228834438305647,-0.03084409609436989,-1.6245043277740479,1.617619514465332
726,G3X982_wild,C[N+]1=CC=CC(=C1)C(=O)N,-0.4814860601221125,-0.27698659896850586,-0.873650074005127,0.7707721590995789
727,G3X982_wild,CCCC=O,0.3242824552976926,-0.19001361727714539,-0.6352713108062744,1.035604476928711
728,G3X982_F1014V,C1=CC=C(C=C1)C=O,0.3283796034387377,0.19030286371707916,-1.7428497076034546,1.5451056957244873
729,G3X982_A807V,C1=CC=C(C=C1)C=O,-0.1655792963184674,0.19574329257011414,-1.7440234422683716,1.5535976886749268
730,G3X982_F776K/A807E/D878L/L881S/Y885R/K889H/P1015T/Y1019L,C1=NNC2=C1C(=O)NC=N2,0.19865708695442263,-0.5433516502380371,-0.5051491260528564,0.7759860754013062
731,G3X982_wild,C1=CC=C2C(=C1)C=NC3=CC=CC=C23,0.37106786227173627,-0.027101654559373856,-1.6256262063980103,1.623262643814087
732,G3X982_wild,C1=CC=C(C(=C1)C=O)O,0.5502283530550941,-0.11064675450325012,-1.4738143682479858,1.5203149318695068
733,G3X982_wild,C1=CC(=CC=C1C=O)[N+](=O)[O-],0.19589965240923374,0.01998261734843254,-1.5703667402267456,1.7773017883300781
734,G3X982_P1015A,C1=CC=C2C=NN=CC2=C1,0.4742162640762553,-0.2269749790430069,-1.8895715475082397,1.8219847679138184
735,G3X982_wild,CCCCC=O,0.1846914308175988,0.0208016075193882,-1.1117525100708008,1.1809298992156982
736,G3X982_P1015G,C1=CC=C2C(=C1)C=NC3=CC=CC=C23,0.9459607035775686,-0.02901146188378334,-1.6251734495162964,1.6269183158874512
737,G3X982_A807V,C[N+]1=CC=CC(=C1)C(=O)N,-0.728158393463501,-0.27698659896850586,-0.873650074005127,0.7707721590995789
738,G3X982_wild,CCOC1=C(C=CC(=C1)C=O)O,0.09342168516223508,-0.08364053070545197,-1.782518744468689,1.6782262325286865
739,G3X982_wild,COC1=C(C=CC(=C1)C=O)O,0.42488163663106704,0.04191262647509575,-1.8251181840896606,1.7564165592193604
740,G3X982_wild,CN(C)C1=CC=C(C=C1)C=CC=O,0.1673173347481761,-0.23217709362506866,-2.5907750129699707,2.324784755706787
741,G3X982_P1015A,C1=CC=C2C(=C1)C=NC3=CC=CC=C23,0.9858753573083937,-0.026438523083925247,-1.6250499486923218,1.6275651454925537
742,G3X982_wild,CCCCCC=O,0.320146286111054,-0.2967948317527771,-1.4690064191818237,1.4659881591796875
743,G3X982_wild,C1=CC(=CC=C1C=O)O,-0.040958607678906384,-0.2095988392829895,-2.0677318572998047,1.691586971282959
744,G3X982_wild,C1=CC=C(C=C1)CC=O,0.35793484700045375,-0.17600472271442413,-1.4094680547714233,1.284142255783081
745,G3X982_wild,C1=CC=C(C=C1)CCC=O,0.17318626841227405,-0.1503128558397293,-1.2499055862426758,1.2733346223831177
746,G3X982_F1014V,C1=CC=C2C=NN=CC2=C1,0.6655809910179531,-0.22898516058921814,-1.8901675939559937,1.8153977394104004
747,G3X982_K889H,C1=CC=C2C=NN=CC2=C1,-0.7055337738384071,-0.22849741578102112,-1.8809674978256226,1.816877841949463
748,G3X982_wild,CCC=O,0.37839790094813774,-0.03046274557709694,-0.17704007029533386,0.6653797030448914
749,G3X982_P1015G,C1=CC=C2C=NN=CC2=C1,0.761927838420529,-0.22983521223068237,-1.893391489982605,1.821537971496582
750,G3X982_wild,C1=C2C(=NC=N1)N=CN2,0.895422546039408,-0.5311827659606934,-0.05789566412568092,0.48257824778556824
751,G3X982_wild,CC=O,0.7641761323903307,0.2338639795780182,0.6392968893051147,0.41086462140083313
752,G3X982_wild,CC=CC=O,0.8898617212581884,-0.20679917931556702,-0.7398321628570557,0.9542946815490723
753,G3X982_Y885M,C1=CC=C(C=C1)C=O,-0.019088062223156455,0.18837015330791473,-1.7400352954864502,1.540442943572998
754,G3X982_A807V/Y885M,C1=CC=C(C=C1)C=O,-0.1384655891409622,0.18837015330791473,-1.7400352954864502,1.540442943572998
755,G3X982_A807V,C1=CC=C2C=NN=CC2=C1,-0.1643094285075744,-0.2255501002073288,-1.8890256881713867,1.8196871280670166
756,G3X982_Y885M,C1=CC=C2C=NN=CC2=C1,-0.08884239126002343,-0.2306443154811859,-1.8845219612121582,1.8081355094909668
757,G3X982_wild,COC1=CC=C(C=C1)C=O,0.8674674878590515,0.1276097148656845,-2.10215425491333,1.9291467666625977
758,O54754_wild,CN(CC1=CN=C2C(=N1)C(=NC(=N2)N)N)C3=CC=C(C=C3)C(=O)NC(CCC(=O)O)C(=O)O,1.9242792860618816,0.5331132411956787,-0.6360883712768555,1.6374847888946533
759,Q3TYQ9_wild,C1=CC(=CC=C1C=O)[N+](=O)[O-],-0.28399665636520083,0.04476172849535942,-1.581257700920105,1.7816648483276367
760,Q3TYQ9_wild,C1=C2C(=NC=N1)N=CN2,-0.5228787452803376,-0.46621596813201904,-0.12478870153427124,0.48739194869995117
761,Q3TYQ9_wild,CCCCCCCC=O,-0.09691001300805639,-0.005788136273622513,-1.813780665397644,1.8126771450042725
762,Q3TYQ9_wild,COC1=C(C=CC(=C1)C=O)O,-0.585026652029182,0.14162978529930115,-1.878456950187683,1.7628655433654785
763,Q3TYQ9_wild,C1=CC(=CC=C1C=O)O,-0.27572413039921095,-0.08462059497833252,-2.0701305866241455,1.7336655855178833
764,Q3TYQ9_wild,C1=CC=C(C=C1)CCC=O,-0.27572413039921095,-0.08919340372085571,-1.3118449449539185,1.3321833610534668
765,Q3TYQ9_M1088V,C1=CC=C(C=C1)C=O,-0.22914798835785583,0.27300888299942017,-1.8135818243026733,1.603076696395874
766,Q3TYQ9_V1016I,CCCCC=O,-0.3467874862246563,0.0008541010320186615,-1.086469292640686,1.2257643938064575
767,Q3TYQ9_I1018K,C1=CC=C(C(=C1)C=O)O,0.2764618041732441,-0.014570239931344986,-1.4633839130401611,1.5393335819244385
768,Q3TYQ9_V1016L,C1=CC=C(C=C1)C=O,-0.3279021420642826,0.2761395573616028,-1.8148773908615112,1.611870288848877
769,Q3TYQ9_wild,C1=CC=C(C=C1)CC=O,-0.3279021420642826,-0.05580070987343788,-1.4514435529708862,1.358006238937378
770,Q3TYQ9_M1088T,C1=CC=C2C=NN=CC2=C1,1.0128372247051722,-0.18527019023895264,-1.9068849086761475,1.8251919746398926
771,Q3TYQ9_M1088V,C1=CC=C2C=NN=CC2=C1,0.01703333929878037,-0.18490810692310333,-1.903844952583313,1.8207430839538574
772,Q3TYQ9_I1018K,C1=CC=C2C=NN=CC2=C1,0.2787536009528289,-0.18065811693668365,-1.901456594467163,1.8232115507125854
773,Q3TYQ9_I1018K,CCCCC=O,0.10720996964786839,0.002667885273694992,-1.077361822128296,1.226500391960144
774,Q3TYQ9_V1016I,C1=CC=C2C=NN=CC2=C1,-0.5528419686577808,-0.1856454610824585,-1.909460186958313,1.8230617046356201
775,Q3TYQ9_I1018S,C1=CC=C2C=NN=CC2=C1,0.724275869600789,-0.17785462737083435,-1.9023693799972534,1.8231852054595947
776,Q3TYQ9_wild,C1=CC=C2C=NN=CC2=C1,0.7419390777291989,-0.1844071000814438,-1.9077180624008179,1.8238732814788818
777,Q3TYQ9_V1016I,C1=CC=C(C=C1)C=O,-0.4089353929735008,0.27351951599121094,-1.817318320274353,1.6104953289031982
778,Q3TYQ9_V1016F,C1=CC=C(C(=C1)C=O)O,-0.4089353929735008,-0.0028337128460407257,-1.4616714715957642,1.549337387084961
779,Q3TYQ9_V1016F,C1=CC=C2C=NN=CC2=C1,-0.17392519729917355,-0.17769430577754974,-1.9068478345870972,1.8274484872817993
780,Q3TYQ9_I1018K,C1=CC=C(C=C1)C=O,0.05690485133647256,0.2733027935028076,-1.8137567043304443,1.6007939577102661
781,Q3TYQ9_M1088V,C1=CC=C(C(=C1)C=O)O,0.05690485133647256,-0.010565299540758133,-1.4622477293014526,1.5409271717071533
782,Q3TYQ9_wild,CCCC=O,0.2648178230095365,-0.17072829604148865,-0.7644063234329224,1.1419439315795898
783,Q3TYQ9_wild,CCCCCC=O,-0.2676062401770315,-0.27282336354255676,-1.4723329544067383,1.5131243467330933
784,Q3TYQ9_I1018S,C1=CC=C(C=C1)C=O,0.09691001300805642,0.27610889077186584,-1.80857515335083,1.6020561456680298
785,Q3TYQ9_wild,C1=CC=C(C=C1)C=O,0.18184358794477257,0.2740032374858856,-1.8151267766952515,1.6081571578979492
786,Q3TYQ9_M1088T,C1=CC=C(C=C1)C=O,0.7259116322950482,0.27496182918548584,-1.816014051437378,1.610082983970642
787,Q3TYQ9_V1016L,C1=CC=C2C=NN=CC2=C1,-0.6575773191777937,-0.18162372708320618,-1.9085736274719238,1.82609224319458
788,Q3TYQ9_M1088V,CCCCC=O,-0.036212172654444715,-0.001966077834367752,-1.0784004926681519,1.223694920539856
789,Q3TYQ9_V1016L,C1=CC=C(C(=C1)C=O)O,-0.03151705144606486,-0.010386127978563309,-1.4637190103530884,1.5467326641082764
790,Q3TYQ9_V1016F,CCCCC=O,0.045322978786657475,0.009478505700826645,-1.085268497467041,1.2336962223052979
791,Q3TYQ9_wild,CCC=O,0.14921911265537988,0.08833859860897064,-0.28438737988471985,0.7601298093795776
792,Q3TYQ9_V1016F,C1=CC=C(C=C1)C=O,-0.1804560644581313,0.28123795986175537,-1.813644528388977,1.6154448986053467
793,Q3TYQ9_V1016I,C1=CC=C(C(=C1)C=O)O,-0.23657200643706275,-0.01281452551484108,-1.4663240909576416,1.5453696250915527
794,Q3TYQ9_wild,CC=CC=O,0.08635983067474823,-0.13753166794776917,-0.8967090845108032,1.037230134010315
795,Q3TYQ9_wild,C1=CC=C(C(=C1)C=O)O,0.534026106056135,-0.012209836393594742,-1.4643346071243286,1.54490065574646
796,Q3TYQ9_wild,CN(C)C1=CC=C(C=C1)C=CC=O,-0.2924298239020636,-0.08591996133327484,-2.6621015071868896,2.328643321990967
797,Q3TYQ9_I1018S,C1=CC=C(C(=C1)C=O)O,0.7092699609758308,-0.010759804397821426,-1.4595597982406616,1.5416862964630127
798,Q3TYQ9_I1018S,CCCCC=O,0.42324587393680785,0.003607291728258133,-1.077346682548523,1.2270994186401367
799,Q3TYQ9_M1088T,CCCCC=O,0.9020028913507294,-0.0031440816819667816,-1.0799551010131836,1.2269153594970703
800,Q3TYQ9_wild,CCCCC=O,0.44560420327359757,0.002460312098264694,-1.0825127363204956,1.2273653745651245
801,Q3TYQ9_wild,CC=O,0.5198279937757188,0.25129079818725586,0.4645235240459442,0.46552374958992004
802,Q3TYQ9_M1088T,C1=CC=C(C(=C1)C=O)O,1.0511525224473812,-0.006535772234201431,-1.463291883468628,1.5463597774505615
803,Q3TYQ9_wild,C1=CC(=C(C=C1O)O)C=O,0.5301996982030822,0.12239508330821991,-1.3305706977844238,1.5697026252746582
804,Q9H974_wild,C1=CC(C(C1NCC2=CNC3=C2C(=O)NC(=N3)N)O)O,-2.0851281824599495,-1.465146541595459,-2.7708380222320557,0.930253803730011
805,Q9H974_wild,C1=C(C2=C(N1)N=C(NC2=O)N)CN,-2.08460016478773,-1.2973062992095947,-1.874823808670044,0.6668290495872498
806,B8ZXI1_wild,C1=CC(C(C1NCC2=CNC3=C2C(=O)NC(=N3)N)O)O,-2.5228787452803374,-1.3534797430038452,-2.797991991043091,1.012633204460144
807,Q93968_wild,C(C(C(=O)O)N)O,-0.4473317838878068,0.002860378473997116,1.00654935836792,0.20922225713729858
808,O95237_wild,CC1=C(C(CCC1)(C)C)C=CC(=CC=CC(=CCO)C)C,1.606381365110605,-1.160707950592041,-1.1427127122879028,0.8960380554199219
809,G4VJD6_wild,C1C(=NC2=C(N1)N=C(NC2=O)N)CNC3=CC=C(C=C3)C(=O)NC(CCC(=O)O)C(=O)O,2.113943352306837,1.2688735723495483,-2.13968825340271,3.2436671257019043
810,G4VJD6_wild,C1=CC(=C[N+](=C1)C2C(C(C(O2)COP(=O)(O)OP(=O)(O)OCC3C(C(C(O3)N4C=NC5=C(N=CN=C54)N)OP(=O)(O)O)O)O)O)C(=O)N,1.5550944485783191,0.9437505602836609,-1.0086863040924072,2.588700294494629
811,P32440_wild,CC1C2C(N(C=[N+]2C3=C(N1)N=C(NC3=O)N)C4=CC=C(C=C4)CC(C(C(COC5C(C(C(O5)COP(=O)(O)OC(CCC(=O)O)C(=O)O)O)O)O)O)O)C,2.989004615698537,0.13585388660430908,-1.2501091957092285,2.814396381378174
812,P32440_wild,CC1C2C(N(CN2C3=C(N1)N=C(NC3=O)N)C4=CC=C(C=C4)CC(C(C(COC5C(C(C(O5)COP(=O)(O)OC(CCC(=O)O)C(=O)O)O)O)O)O)O)C,3.1649473726218416,0.07866761088371277,-1.4858464002609253,2.8735077381134033
813,Q9BZQ4_R232Q,C1=NC(=C2C(=N1)N(C=N2)C3C(C(C(O3)COP(=O)(O)OP(=O)(O)OP(=O)(O)O)O)O)N,-0.5086383061657274,-0.06158288195729256,-0.6467936635017395,0.5766760110855103
814,Q9BZQ4_wild,C1=NC(=C2C(=N1)N(C=N2)C3C(C(C(O3)COP(=O)(O)OP(=O)(O)OP(=O)(O)O)O)O)N,0.9444826721501687,0.3839693069458008,-0.9485986232757568,1.3823800086975098
815,Q5HZI3_wild,C1=NC(=C2C(=N1)N(C=N2)C3C(C(C(O3)COP(=O)(O)OP(=O)(O)OP(=O)(O)O)O)O)N,0.367355921026019,0.3516131639480591,-0.9368515014648438,1.3332650661468506
816,Q5HZI3_wild,C1=CC(=C[N+](=C1)C2C(C(C(O2)COP(=O)(O)[O-])O)O)C(=O)N,0.4578818967339924,0.6928116083145142,-0.7631516456604004,1.4373677968978882
817,Q8IE38_wild,C1=CC(=C[N+](=C1)C2C(C(C(O2)COP(=O)(O)[O-])O)O)C(=O)N,-1.0604807473813815,0.5009871125221252,-0.7477259039878845,0.7547298669815063
818,Q6TNA5_wild,CCC(C)C(C(=O)O)N,-1.9208187539523751,-0.002842407673597336,-0.6828196048736572,0.38456588983535767
819,Q6TNA5_wild,CC(C)CC(C(=O)O)N,-1.5228787452803376,0.05912407115101814,-0.5083233118057251,0.36099791526794434
820,Q6TNA5_wild,CC(C)C(C(=O)O)N,-1.6382721639824072,0.15477868914604187,-0.19836768507957458,0.2690023183822632
821,P29208_wild,C1=CC(C(C(=C1)C(=O)CCC(=O)O)C(=O)O)O,1.9030899869919435,-1.1112496852874756,-0.7079979181289673,0.36098161339759827
822,Q9RF52_wild,C1=CC=C(C=C1)CC(C(=O)O)NC(=O)C(CC(=O)O)N,2.6989700043360187,1.5275580883026123,-0.1451401710510254,2.073363780975342
823,Q9RF52_wild,C1=CC(=CC=C1CC(C(=O)O)NC(=O)C(CC(=O)O)N)O,2.6989700043360187,1.1793382167816162,-0.23123237490653992,1.7380321025848389
824,Q9RF52_wild,CC(C)CC(C(=O)NC(CC1=CC=C(C=C1)O)C(=O)O)N,2.5453071164658243,1.4417173862457275,-0.23500630259513855,1.9294848442077637
825,Q9RF52_wild,CC(C)CC(C(=O)O)NC(=O)C(CC(=O)O)N,2.823474229170301,1.9551516771316528,-0.007251184433698654,2.0281989574432373
826,Q9RF52_wild,CC(C)CC(C(=O)NC(CCCCN)C(=O)O)NC(=O)C(CC(=O)O)N,1.1139433523068367,1.5241777896881104,0.10211527347564697,1.6993589401245117
827,Q9RF52_wild,CC(C)CC(C(=O)NCC(=O)O)NC(=O)C(CC(=O)O)N,2.9777236052888476,1.9169926643371582,-0.0502728708088398,2.0063247680664062
828,Q9RF52_wild,C1=C(NC=N1)CC(C(=O)O)NC(=O)C(CC(=O)O)N,2.621176281775035,1.5340213775634766,-0.06700259447097778,1.946323037147522
829,Q9RF52_wild,C(CC(=O)N)C(C(=O)O)NC(=O)C(CC(=O)O)N,2.8813846567705728,1.570582628250122,0.030055563896894455,1.8487138748168945
830,Q9RF52_wild,CC(C)CC(C(=O)NC(CC(C)C)C(=O)O)N,2.9628426812012423,1.8836690187454224,0.30248281359672546,1.8207621574401855
831,Q9RF52_wild,CC(C)CC(C(=O)O)NC(=O)C(CCC(=O)O)N,2.937517892017347,1.8845436573028564,-0.04820633307099342,1.9572056531906128
832,Q4G0S4_wild,CC1=C(C(CCC1)(C)C)C=CC(=CC=CC(=CCO)C)C,-0.42021640338318983,-1.0892376899719238,-2.7406716346740723,0.9422167539596558
833,Q4G0S4_wild,CC1=C(C(CCC1)(C)C)C=CC(=CC=CC(=CC=O)C)C,-2.3979400086720375,-1.2441374063491821,-2.6953670978546143,0.7516673803329468
834,Q4G0S4_wild,CC1=C(C(CCC1)(C)C)C=CC(=CC=CC(=CC(=O)O)C)C,-1.6382721639824072,-1.294508457183838,-2.7951176166534424,0.9499502182006836
835,Q5JHF1_wild,CC(C)(CO)C(C(=O)NCCC(=O)O)O,-0.6777807052660807,0.48911839723587036,-0.43282580375671387,1.2536773681640625
836,Q5JHF1_wild,C1=CN(C(=O)N=C1N)C2C(C(C(O2)COP(=O)(O)OP(=O)(O)OP(=O)(O)O)O)O,-0.3279021420642826,0.4486101269721985,-0.2424500584602356,1.137346625328064
837,Q5JHF1_wild,C1=NC(=C2C(=N1)N(C=N2)C3C(C(C(O3)COP(=O)(O)OP(=O)(O)OP(=O)(O)O)O)O)N,0.17026171539495738,0.42603397369384766,-0.3288312256336212,1.1550226211547852
838,Q5JHF1_wild,C1=NC2=C(N1C3C(C(C(O3)COP(=O)(O)OP(=O)(O)OP(=O)(O)O)O)O)N=C(NC2=O)N,-0.494850021680094,0.2942516803741455,-0.28433957695961,1.0895347595214844
839,Q5JHF1_wild,C1=CN(C(=O)NC1=O)C2C(C(C(O2)COP(=O)(O)OP(=O)(O)OP(=O)(O)O)O)O,0.045322978786657475,0.5232309103012085,-0.18037641048431396,1.1023553609848022
840,Q5JHF1_wild,CC(C)(CO)C(C(=O)[O-])O,0.45024910831936105,0.44059377908706665,0.06330746412277222,0.901748538017273
841,A0A1J5NX54_A30C/R31I/T32K,C1=CC(=C[N+](=C1)C2C(C(C(O2)COP(=O)([O-])OP(=O)(O)OCC3C(C(C(O3)N4C=NC5=C(N=CN=C54)N)O)O)O)O)C(=O)N,0.7781512503836436,0.5234625339508057,-0.553464412689209,1.6268391609191895
842,Q2RIZ2_A30C/R31I/T32K,C1=CC(=C[N+](=C1)C2C(C(C(O2)COP(=O)([O-])OP(=O)(O)OCC3C(C(C(O3)N4C=NC5=C(N=CN=C54)N)O)O)O)O)C(=O)N,0.7781512503836436,0.7501405477523804,-0.4799463152885437,1.886275291442871
843,A0A1J5NX54_A30E/R31I/T32D,C1=CC(=C[N+](=C1)C2C(C(C(O2)COP(=O)(O)OP(=O)(O)OCC3C(C(C(O3)N4C=NC5=C(N=CN=C54)N)OP(=O)(O)O)O)O)O)C(=O)N,0.4913616938342727,0.4808921813964844,-0.7040156126022339,1.8135813474655151
844,Q2RIZ2_A30E/R31I/T32D,C1=CC(=C[N+](=C1)C2C(C(C(O2)COP(=O)(O)OP(=O)(O)OCC3C(C(C(O3)N4C=NC5=C(N=CN=C54)N)OP(=O)(O)O)O)O)O)C(=O)N,0.4913616938342727,0.6504703760147095,-0.5510427951812744,1.9629920721054077
845,A0A1J5NX54_A30E/R31I/T32D,C1=CC(=C[N+](=C1)C2C(C(C(O2)COP(=O)([O-])OP(=O)(O)OCC3C(C(C(O3)N4C=NC5=C(N=CN=C54)N)O)O)O)O)C(=O)N,1.0334237554869496,0.600090503692627,-0.5006349086761475,1.6955938339233398
846,Q2RIZ2_A30E/R31I/T32D,C1=CC(=C[N+](=C1)C2C(C(C(O2)COP(=O)([O-])OP(=O)(O)OCC3C(C(C(O3)N4C=NC5=C(N=CN=C54)N)O)O)O)O)C(=O)N,1.0334237554869496,0.7838699221611023,-0.41146376729011536,1.876893162727356
847,A0A1J5NX54_wild,C1=CC(=C[N+](=C1)C2C(C(C(O2)COP(=O)([O-])OP(=O)(O)OCC3C(C(C(O3)N4C=NC5=C(N=CN=C54)N)O)O)O)O)C(=O)N,1.100370545117563,0.6331939697265625,-0.5433787703514099,1.7188457250595093
848,Q2RIZ2_wild,C1=CC(=C[N+](=C1)C2C(C(C(O2)COP(=O)([O-])OP(=O)(O)OCC3C(C(C(O3)N4C=NC5=C(N=CN=C54)N)O)O)O)O)C(=O)N,1.100370545117563,0.8353422284126282,-0.45666900277137756,1.9113380908966064
849,A0A1J5NX54_wild,C1=CC(=C[N+](=C1)C2C(C(C(O2)COP(=O)(O)OP(=O)(O)OCC3C(C(C(O3)N4C=NC5=C(N=CN=C54)N)OP(=O)(O)O)O)O)O)C(=O)N,0.9410142437055697,0.5002471804618835,-0.78436279296875,1.858903169631958
850,Q2RIZ2_wild,C1=CC(=C[N+](=C1)C2C(C(C(O2)COP(=O)(O)OP(=O)(O)OCC3C(C(C(O3)N4C=NC5=C(N=CN=C54)N)OP(=O)(O)O)O)O)O)C(=O)N,0.9410142437055697,0.7051238417625427,-0.6291086077690125,2.0213232040405273
851,A0A1J5NX54_R31I/T32G,C1=CC(=C[N+](=C1)C2C(C(C(O2)COP(=O)(O)OP(=O)(O)OCC3C(C(C(O3)N4C=NC5=C(N=CN=C54)N)OP(=O)(O)O)O)O)O)C(=O)N,1.0755469613925308,0.3600279688835144,-0.7184392213821411,1.7280341386795044
852,Q2RIZ2_R31I/T32G,C1=CC(=C[N+](=C1)C2C(C(C(O2)COP(=O)(O)OP(=O)(O)OCC3C(C(C(O3)N4C=NC5=C(N=CN=C54)N)OP(=O)(O)O)O)O)O)C(=O)N,1.0755469613925308,0.5572336912155151,-0.594367504119873,1.904357671737671
853,A0A1J5NX54_A30D/R31I/T32I,C1=CC(=C[N+](=C1)C2C(C(C(O2)COP(=O)(O)OP(=O)(O)OCC3C(C(C(O3)N4C=NC5=C(N=CN=C54)N)OP(=O)(O)O)O)O)O)C(=O)N,0.25767857486918455,0.5357298254966736,-0.816815972328186,1.9021377563476562
854,Q2RIZ2_A30D/R31I/T32I,C1=CC(=C[N+](=C1)C2C(C(C(O2)COP(=O)(O)OP(=O)(O)OCC3C(C(C(O3)N4C=NC5=C(N=CN=C54)N)OP(=O)(O)O)O)O)O)C(=O)N,0.25767857486918455,0.7187886834144592,-0.6868590116500854,2.048394203186035
855,A0A1J5NX54_A30D/R31I/T32I,C1=CC(=C[N+](=C1)C2C(C(C(O2)COP(=O)([O-])OP(=O)(O)OCC3C(C(C(O3)N4C=NC5=C(N=CN=C54)N)O)O)O)O)C(=O)N,0.7596678446896306,0.6731943488121033,-0.6067652106285095,1.7780611515045166
856,Q2RIZ2_A30D/R31I/T32I,C1=CC(=C[N+](=C1)C2C(C(C(O2)COP(=O)([O-])OP(=O)(O)OCC3C(C(C(O3)N4C=NC5=C(N=CN=C54)N)O)O)O)O)C(=O)N,0.7596678446896306,0.8529864549636841,-0.5331956744194031,1.961716651916504
857,A0A1J5NX54_R31T,C1=CC(=C[N+](=C1)C2C(C(C(O2)COP(=O)([O-])OP(=O)(O)OCC3C(C(C(O3)N4C=NC5=C(N=CN=C54)N)O)O)O)O)C(=O)N,0.9599948383284161,0.5767214298248291,-0.4842711091041565,1.6494369506835938
858,Q2RIZ2_R31T,C1=CC(=C[N+](=C1)C2C(C(C(O2)COP(=O)([O-])OP(=O)(O)OCC3C(C(C(O3)N4C=NC5=C(N=CN=C54)N)O)O)O)O)C(=O)N,0.9599948383284161,0.7763277292251587,-0.40526869893074036,1.862021565437317
859,A0A1J5NX54_R31T,C1=CC(=C[N+](=C1)C2C(C(C(O2)COP(=O)(O)OP(=O)(O)OCC3C(C(C(O3)N4C=NC5=C(N=CN=C54)N)OP(=O)(O)O)O)O)O)C(=O)N,1.0346284566253203,0.4487267732620239,-0.7119866609573364,1.7901123762130737
860,Q2RIZ2_R31T,C1=CC(=C[N+](=C1)C2C(C(C(O2)COP(=O)(O)OP(=O)(O)OCC3C(C(C(O3)N4C=NC5=C(N=CN=C54)N)OP(=O)(O)O)O)O)O)C(=O)N,1.0346284566253203,0.6526223421096802,-0.5740318298339844,1.9594407081604004
861,A0A1J5NX54_A30C/R31I/T32K,C1=CC(=C[N+](=C1)C2C(C(C(O2)COP(=O)(O)OP(=O)(O)OCC3C(C(C(O3)N4C=NC5=C(N=CN=C54)N)OP(=O)(O)O)O)O)O)C(=O)N,0.7944880466591696,0.3945547640323639,-0.7653480768203735,1.779805064201355
862,Q2RIZ2_A30C/R31I/T32K,C1=CC(=C[N+](=C1)C2C(C(C(O2)COP(=O)(O)OP(=O)(O)OCC3C(C(C(O3)N4C=NC5=C(N=CN=C54)N)OP(=O)(O)O)O)O)O)C(=O)N,0.7944880466591696,0.6166412830352783,-0.6370422840118408,1.978893518447876
863,A0A1J5NX54_R31I,C1=CC(=C[N+](=C1)C2C(C(C(O2)COP(=O)([O-])OP(=O)(O)OCC3C(C(C(O3)N4C=NC5=C(N=CN=C54)N)O)O)O)O)C(=O)N,1.1763806922432705,0.4927046298980713,-0.4945468306541443,1.5666589736938477
864,Q2RIZ2_R31I,C1=CC(=C[N+](=C1)C2C(C(C(O2)COP(=O)([O-])OP(=O)(O)OCC3C(C(C(O3)N4C=NC5=C(N=CN=C54)N)O)O)O)O)C(=O)N,1.1763806922432705,0.720134973526001,-0.43434491753578186,1.821763277053833
865,A0A1J5NX54_R31I/T32G,C1=CC(=C[N+](=C1)C2C(C(C(O2)COP(=O)([O-])OP(=O)(O)OCC3C(C(C(O3)N4C=NC5=C(N=CN=C54)N)O)O)O)O)C(=O)N,1.1119342763326816,0.5010790824890137,-0.5113685727119446,1.5805264711380005
866,Q2RIZ2_R31I/T32G,C1=CC(=C[N+](=C1)C2C(C(C(O2)COP(=O)([O-])OP(=O)(O)OCC3C(C(C(O3)N4C=NC5=C(N=CN=C54)N)O)O)O)O)C(=O)N,1.1119342763326816,0.7035970091819763,-0.4435410797595978,1.8133506774902344
867,A0A1J5NX54_R31I,C1=CC(=C[N+](=C1)C2C(C(C(O2)COP(=O)(O)OP(=O)(O)OCC3C(C(C(O3)N4C=NC5=C(N=CN=C54)N)OP(=O)(O)O)O)O)O)C(=O)N,1.061829307294699,0.3513176441192627,-0.7110378742218018,1.7161301374435425
868,Q2RIZ2_R31I,C1=CC(=C[N+](=C1)C2C(C(C(O2)COP(=O)(O)OP(=O)(O)OCC3C(C(C(O3)N4C=NC5=C(N=CN=C54)N)OP(=O)(O)O)O)O)O)C(=O)N,1.061829307294699,0.5794159173965454,-0.5965663194656372,1.9186547994613647
869,O94760_wild,CN(C)C(=NCCCC(C(=O)O)N)N,-1.853871964321762,0.4104047119617462,-0.4437522888183594,-0.28785955905914307
870,O94760_L30A,CSC(=NCCCC(C(=O)O)N)N,-1.3767507096020994,0.6759265661239624,-1.8650254011154175,0.5622884035110474
871,O94760_E78A,CN(C)C(=NCCCC(C(=O)O)N)N,-2.8239087409443187,0.21741092205047607,-0.34026065468788147,-0.455390989780426
872,O94760_L271G,CN(C)C(=NCCCC(C(=O)O)N)N,-2.0604807473813813,0.4259096384048462,-0.46629050374031067,-0.25278210639953613
873,O94760_L271G,CSC(=NCCCC(C(=O)O)N)N,-2.0132282657337552,0.7455670237541199,-1.8750492334365845,0.6290791034698486
874,O94760_L30A,CN(C)C(=NCCCC(C(=O)O)N)N,-1.7878123955960423,0.35377931594848633,-0.44844675064086914,-0.31892019510269165
875,Q9GZT9_T387N,C(CC(=O)O)C(=O)C(=O)O,-1.7695510786217261,-0.5913802981376648,-1.2212512493133545,0.9830770492553711
876,Q9GZT9_T387N,O=O,-1.2006594505464183,-0.4438391923904419,-1.3285531997680664,0.8202404379844666
877,Q9GZT9_wild,C(CC(=O)O)C(=O)C(=O)O,-1.4202164033831899,-0.6033313870429993,-1.231480360031128,0.95318603515625
878,Q9GZT9_wild,O=O,-0.8761483590329142,-0.46465688943862915,-1.3411861658096313,0.7988225221633911
879,Q9GZT9_T387A,O=O,-0.31605286924848786,-0.4784042239189148,-1.3442200422286987,0.7940311431884766
880,Q9GZT9_T387A,C(CC(=O)O)C(=O)C(=O)O,-0.2612194415156308,-0.6214580535888672,-1.2408766746520996,0.9469538927078247
881,Q86D28_wild,C(CS)C(C(=O)O)N,0.5921767573958668,0.1551981270313263,-0.3062380850315094,0.8283470869064331
882,Q86D28_C110S,C(C(C(=O)O)N)S,-0.10790539730951958,-0.008517865091562271,-0.4899226725101471,0.7379929423332214
883,Q86D28_C110G,C(C(C(=O)O)N)S,0.004321373782642578,0.009364556521177292,-0.509147584438324,0.7610167264938354
884,Q86D28_C110G,CSCCC(C(=O)O)N,-0.44369749923271273,0.48852866888046265,-0.06333455443382263,0.6755354404449463
885,Q86D28_Y108F,C(C(C(=O)O)N)S,-0.17392519729917355,-0.06978702545166016,-0.4772177040576935,0.6781525611877441
886,Q86D28_C110S,CSCCC(C(=O)O)N,-0.03151705144606486,0.4770815372467041,-0.05300683155655861,0.6508743166923523
887,Q86D28_Y108F,C(CSC(F)(F)F)C(C(=O)O)N,0.3463529744506387,0.12679876387119293,-0.3316483795642853,0.6151025295257568
888,Q86D28_R55A,C(CSC(F)(F)F)C(C(=O)O)N,0.10037054511756291,0.010699011385440826,-0.20716112852096558,0.4064585566520691
889,Q86D28_wild,CC(=O)OCC(C(=O)O)N,0.24054924828259971,0.8047208786010742,0.25602930784225464,0.7098952531814575
890,Q8RDT4_wild,C(C(C(=O)O)N)S,-0.16115090926274472,-0.00318874791264534,-0.37395521998405457,0.8792387247085571
891,P13254_C116S,C(C(C(=O)O)N)S,-0.24412514432750865,-0.40275993943214417,-0.5481559038162231,0.6259993314743042
892,P13254_C116A,CSCCC(C(=O)O)N,0.1643528557844371,0.24879053235054016,0.1335175633430481,0.4637742042541504
893,P13254_C116H,C(CS)C(C(=O)O)N,1.4771212547196624,-0.02014083042740822,-0.27903977036476135,0.7325637936592102
894,P13254_Y114F/C116H,CSCC(C(=O)O)N,-0.9208187539523752,0.32794106006622314,0.04983801767230034,0.6188092231750488
895,P13254_K240N,C(CS)C(C(=O)O)N,0.7015679850559274,0.012248661369085312,-0.23160621523857117,0.7624251842498779
896,P13254_C116H,CSCCC(C(=O)O)N,-1.154901959985743,0.24288904666900635,0.13699136674404144,0.4543479084968567
897,P13254_K240N,C(C(C(=O)O)N)S,0.02530586526477026,-0.364236444234848,-0.49218401312828064,0.6374794244766235
898,P13254_K240M,C(CS)C(C(=O)O)N,1.4593924877592308,-0.028964076191186905,-0.26621881127357483,0.7492547035217285
899,P13254_C116A,C(C(C(=O)O)N)S,-0.36653154442041347,-0.3956751823425293,-0.5481839776039124,0.6296359300613403
900,P13254_C116H,C(C(C(=O)O)N)S,1.6414741105040995,-0.40337568521499634,-0.5371862053871155,0.6166654825210571
901,P13254_K240R,C(C(C(=O)O)N)S,0.16136800223497488,-0.44283580780029297,-0.5426303148269653,0.6105186343193054
902,P13254_K240M,C(C(C(=O)O)N)S,0.22010808804005508,-0.406180202960968,-0.5218496322631836,0.6309295296669006
903,P13254_K240R,C(CS)C(C(=O)O)N,1.3560258571931227,-0.07612363994121552,-0.26515498757362366,0.7375689148902893
904,P13254_wild,C(CS)C(C(=O)O)N,1.8512583487190752,-0.0571650005877018,-0.28926628828048706,0.7350162863731384
905,P13254_wild,C(C(C(=O)O)N)S,0.3283796034387377,-0.43240973353385925,-0.5572857856750488,0.6182887554168701
906,P13254_K240I,C(C(C(=O)O)N)S,0.34830486304816066,-0.40394827723503113,-0.4994414150714874,0.6265585422515869
907,P13254_C116S,CSCCC(C(=O)O)N,0.24797326636180664,0.23929941654205322,0.13472622632980347,0.4644588232040405
908,P13254_wild,CSCC(C(=O)O)N,0.19865708695442263,0.30812013149261475,0.031910281628370285,0.6387888193130493
909,P13254_Y114F/C116H,C(CS)C(C(=O)O)N,0.13353890837021754,-0.039216298609972,-0.2668745815753937,0.7102658748626709
910,P13254_Y114F/C116H,C(C(C(=O)O)N)S,-0.05060999335508721,-0.4180225431919098,-0.526776909828186,0.5915732383728027
911,P13254_C116A,C(CS)C(C(=O)O)N,0.24054924828259971,-0.02355356141924858,-0.27713748812675476,0.7546460628509521
912,P13254_C116S,C(CS)C(C(=O)O)N,0.4132997640812518,-0.029568683356046677,-0.27656689286231995,0.7526260018348694
913,P13254_wild,CSCCC(C(=O)O)N,1.5237464668115646,0.21870052814483643,0.12028054893016815,0.4547434151172638
914,P13254_K240I,C(CS)C(C(=O)O)N,1.7937903846908188,-0.02810565009713173,-0.2441306710243225,0.7466773986816406
915,Q8KNG3_wild,CSCCC(C(=O)O)N,-1.0,0.06347239017486572,0.612156867980957,0.38720160722732544
916,Q9F9T3_wild,C(CN(CC(=O)O)CC(=O)O)N(CC(=O)O)CC(=O)O,1.6730209071288962,0.6778868436813354,-0.6967307925224304,1.173010230064392
917,Q9F9T3_Q58A,C(CN(CC(=O)O)CC(=O)O)N(CC(=O)O)CC(=O)O,0.9444826721501687,0.6862896680831909,-0.6986881494522095,1.1766613721847534
918,Q9F9T3_W11A,C(CN(CC(=O)O)CC(=O)O)N(CC(=O)O)CC(=O)O,0.6532125137753437,0.7076961994171143,-0.6889828443527222,1.1853688955307007
919,Q9F9T3_Q294A/R68A,C(CN(CC(=O)O)CC(=O)O)N(CC(=O)O)CC(=O)O,1.167317334748176,0.7114283442497253,-0.6842451095581055,1.1719080209732056
920,Q9F9T3_P291A,C(CN(CC(=O)O)CC(=O)O)N(CC(=O)O)CC(=O)O,1.1072099696478683,0.6793317794799805,-0.7303673624992371,1.1882543563842773
921,P14410_wild,C1=CC(=CC=C1[N+](=O)[O-])OC2C(C(C(C(O2)CO)O)O)O,1.2304489213782739,1.1753286123275757,0.1783849000930786,1.0347003936767578
922,Q2PS28_wild,C(C1C(C(C(C(O1)O)O)O)O)O,1.1760912590556813,1.7859225273132324,1.3150345087051392,0.6535488367080688
923,Q2PS28_R311C,C(C1C(C(C(C(O1)OCC2C(C(C(O2)(CO)O)O)O)O)O)O)O,0.23044892137827394,1.4018211364746094,1.3715530633926392,0.33789727091789246
924,Q2PS28_D442N,C(C1C(C(C(C(O1)O)O)O)O)O,1.6434526764861874,1.7682914733886719,1.317341685295105,0.6212884187698364
925,Q2PS28_R311C,C(C1C(C(C(C(O1)OCC(=O)C(C(C(CO)O)O)O)O)O)O)O,1.0606978403536118,1.2188026905059814,1.4512449502944946,0.2760612666606903
926,Q2PS28_wild,C(C1C(C(C(C(O1)OCC2C(C(C(O2)(CO)O)O)O)O)O)O)O,2.41161970596323,1.3392021656036377,1.456067681312561,0.43155625462532043
927,Q2PS28_R311C,C(C1C(C(C(C(O1)O)O)O)O)O,1.5118833609788744,1.837317943572998,1.197156548500061,0.5609004497528076
928,Q2PS28_D442N,C(C1C(C(C(C(O1)OCC(=O)C(C(C(CO)O)O)O)O)O)O)O,2.3820170425748683,1.167165994644165,1.5789785385131836,0.3416759967803955
929,Q2PS28_wild,C(C1C(C(C(C(O1)OCC(=O)C(C(C(CO)O)O)O)O)O)O)O,3.0584260244570056,1.1859219074249268,1.5758594274520874,0.36888936161994934
930,Q2PS28_D442N,C(C1C(C(C(C(O1)OCC2C(C(C(O2)(CO)O)O)O)O)O)O)O,3.2893659515200318,1.319210171699524,1.4558767080307007,0.40226808190345764
931,D0VX20_wild,C(C1C(C(C(C(O1)OC2(C(C(C(O2)CO)O)O)CO)O)O)O)O,2.9968617684906733,1.4185187816619873,1.2145928144454956,0.936673641204834
932,A0A0H3GB68_wild,C(=O)=O,5.8061799739838875,2.845053195953369,1.0973314046859741,2.108792781829834
933,C1L336_wild,C(=O)=O,4.113943352306837,2.9756100177764893,0.26853322982788086,2.8243680000305176
934,C1L335_wild,C(=O)=O,4.079181246047625,3.3064379692077637,0.5822980999946594,2.8165323734283447
935,F3BJI2_wild,C(=O)=O,5.146128035678238,3.041252374649048,0.8887830972671509,2.449089288711548
936,B2RL07_wild,C(=O)=O,5.447158031342219,3.35162615776062,0.023375090211629868,2.528183698654175
937,A0A0S1NK17_wild,C(=O)=O,5.681241237375588,2.8997442722320557,0.7829081416130066,2.343594551086426
938,Q47YG3_wild,C(=O)=O,5.778151250383644,3.017204761505127,1.217847228050232,2.3991992473602295
939,G0HQ31_wild,CC(C)(COP(=O)(O)OP(=O)(O)OCC1C(C(C(O1)N2C=NC3=C(N=CN=C32)N)O)OP(=O)(O)O)C(C(=O)NCCC(=O)NCCSC(=O)CCC(=O)O)O,1.0863598306747482,-0.41547641158103943,-0.15977691113948822,1.0701652765274048
940,G0HQ31_wild,CC(=CC(=O)O)C(=O)O,1.0863598306747482,-0.5286704897880554,0.4875517189502716,0.6994090676307678
941,P42412_wild,C1=CC(=C[N+](=C1)C2C(C(C(O2)COP(=O)([O-])OP(=O)(O)OCC3C(C(C(O3)N4C=NC5=C(N=CN=C54)N)O)O)O)O)C(=O)N,0.8692317197309762,0.6346271634101868,-0.21735909581184387,1.3405653238296509
942,Q97YT9_wild,C(C=O)C(=O)O,-1.6989700043360187,0.7884750366210938,-0.9941877722740173,1.7782988548278809
943,Q97YT9_wild,CC(C=O)C(=O)[O-],-2.5228787452803374,0.523796021938324,-0.696369469165802,1.2277932167053223
944,Q97YT9_wild,CC(C=O)C(=O)O,-2.5228787452803374,0.5969409346580505,-0.9767824411392212,1.348455786705017
945,Q97YT9_wild,CCC=O,-1.5228787452803376,0.49885886907577515,-0.42499232292175293,1.1222584247589111
946,A1RWP0_wild,C(C1C2C(C(C(O1)OC3C(OC(C(C3O)O)OC4C(OC(C(C4O)O)OC5C(OC(C(C5O)O)OC6C(OC(C(C6O)O)OC7C(OC(C(C7O)O)OC8C(OC(O2)C(C8O)O)CO)CO)CO)CO)CO)CO)O)O)O,-0.958607314841775,0.8744159936904907,0.3727357089519501,0.7384822368621826
947,A1RWP0_wild,C(C1C(C(C(C(O1)OC2C(OC(C(C2O)O)OC3C(OC(C(C3O)O)O)CO)CO)O)O)O)O,-0.958607314841775,0.8066518306732178,0.8231751322746277,0.34147369861602783
948,A1RWP0_wild,C(C1C(C(C(C(O1)OC2C(OC(C(C2O)O)OCC3C(C(C(C(O3)OC4C(OC(C(C4O)O)O)CO)O)O)OC5C(C(C(C(O5)CO)O)O)O)CO)O)O)O)O,0.22788670461367352,0.7093561887741089,0.5346369743347168,0.48989760875701904
949,A1RWP0_wild,C(C1C2C(C(C(O1)OC3C(OC(C(C3O)O)OC4C(OC(C(C4O)O)OC5C(OC(C(C5O)O)OC6C(OC(C(C6O)O)OC7C(OC(C(C7O)O)OC8C(OC(C(C8O)O)OC9C(OC(O2)C(C9O)O)CO)CO)CO)CO)CO)CO)CO)O)O)O,-1.5228787452803376,0.8346371650695801,0.4293616712093353,0.7135193943977356
950,A1RWP0_wild,C(C1C2C(C(C(O1)OC3C(OC(C(C3O)O)OC4C(OC(C(C4O)O)OC5C(OC(C(C5O)O)OC6C(OC(C(C6O)O)OC7C(OC(O2)C(C7O)O)CO)CO)CO)CO)CO)O)O)O,-1.0457574905606752,0.7792264223098755,0.3846961557865143,0.6547684669494629
951,A3UT33_wild,C1(C(C(OC(C1OC2C(C(C(C(O2)C(=O)O)P)O)O)C(=O)O)OP)O)O,0.8512583487190752,1.3792155981063843,-0.5992651581764221,1.309539556503296
952,P53582_wild,CSCCC(C(=O)NC1=CC=C(C=C1)[N+](=O)[O-])N,-1.3160528692484879,0.5863410234451294,-0.7059401273727417,1.1259819269180298
953,Q88FY2_wild,C1C=CN(C=C1C(=O)N)C2C(C(C(O2)COP(=O)(O)OP(=O)(O)OCC3C(C(C(O3)N4C=NC5=C(N=CN=C54)N)O)O)O)O,0.3424226808222063,0.7664152383804321,-1.104741096496582,2.1093244552612305
954,Q88FY2_wild,C1=CC(=O)NC=C1C(=O)O,0.3424226808222063,0.6997022032737732,-1.1255429983139038,1.6663695573806763
955,Q56YA5_wild,C(C(C(=O)O)N)O,0.8061799739838872,0.21964925527572632,0.5974006652832031,0.39032331109046936
956,Q56YA5_wild,CC(C(=O)O)N,0.456366033129043,0.8573384881019592,0.6277489066123962,0.40766641497612
957,A0A0P0XHN6_wild,C(C(C(=O)O)N)O,1.2971036501492565,0.31446561217308044,0.4224921464920044,0.7160509824752808
958,A0A0P0XHN6_wild,CC(C(=O)O)N,0.9324737646771533,0.9809426069259644,0.448773592710495,0.757293701171875
959,P77541_wild,CC(C(CC(=O)[O-])C(=O)[O-])(C(=O)[O-])O,1.2787536009528289,-1.0023025274276733,-0.6680704951286316,0.5380375981330872
960,P06802_wild,C1=NC(=C2C(=N1)N(C=N2)C3C(C(C(O3)COP(=O)(O)OP(=O)(O)OP(=O)(O)O)O)O)N,1.2041199826559248,0.6872782707214355,-0.7232974767684937,1.405565857887268
961,P06802_wild,C1=CN(C(=O)N=C1N)C2C(C(C(O2)COP(=O)(O)OP(=O)(O)OP(=O)(O)O)O)O,0.9395192526186185,0.7477368116378784,-0.2600855827331543,1.1385712623596191
962,P06802_wild,C1=CN(C(=O)NC1=O)C2C(C(C(O2)COP(=O)(O)OP(=O)(O)OP(=O)(O)O)O)O,2.3010299956639813,0.6848300099372864,-0.3457474410533905,1.180063009262085
963,P06802_wild,C1=NC2=C(N1C3C(C(C(O3)COP(=O)(O)OP(=O)(O)OP(=O)(O)O)O)O)N=C(NC2=O)N,2.9138138523837167,0.5811827778816223,-0.5920523405075073,1.2501866817474365
964,P22413_wild,C1=NC(=C2C(=N1)N(C=N2)C3C(C(C(O3)COP(=O)([O-])OP(=O)([O-])OP(=O)([O-])OP(=O)([O-])OCC4C(C(C(O4)N5C=NC6=C(N=CN=C65)N)O)O)O)O)N,0.7520484478194386,0.4580487012863159,-1.4185444116592407,1.6840786933898926
965,P22413_wild,C1=NC(=C2C(=N1)N(C=N2)C3C(C(C(O3)COP(=O)(O)OP(=O)(O)OP(=O)(O)O)O)O)N,0.741151598851785,0.6073924899101257,-0.8064464926719666,1.378969430923462
966,P22413_wild,C1C2C(C(C(O2)N3C=NC4=C(N=CN=C43)N)O)OP(=O)(O1)O,0.3344537511509309,0.6909887790679932,-1.4123471975326538,1.4323678016662598
967,P22413_wild,C1=CN(C(=O)NC1=O)C2C(C(C(O2)COP(=O)(O)OP(=O)(O)OP(=O)(O)O)O)O,0.292256071356476,0.5855130553245544,-0.46947982907295227,1.1274454593658447
968,Q6ZI95_wild,C1=CN(C(=O)N=C1N)C2C(C(C(O2)COP(=O)(O)OP(=O)(O)OC3C(C(C(C(O3)CO)O)O)O)O)O,2.0969100130080562,1.6488282680511475,0.25316041707992554,1.6571894884109497
969,Q6ZI95_wild,C1=CN(C(=O)NC1=O)C2C(C(C(O2)COP(=O)(O)OP(=O)(O)OC3C(C(C(C(O3)CO)O)O)O)O)O,2.450249108319361,1.5909390449523926,0.07878115773200989,1.674385666847229
970,Q6ZI95_wild,C1=CC(=CC=C1[N+](=O)[O-])OP(=O)(O)OC2=CC=C(C=C2)[N+](=O)[O-],2.3483048630481607,1.4698395729064941,0.16298994421958923,1.62600839138031
971,Q6ZI95_wild,C1=NC(=C2C(=N1)N(C=N2)C3C(C(C(O3)COP(=O)(O)OP(=O)(O)OC4C(C(C(C(O4)CO)O)O)O)O)O)N,2.330413773349191,1.5870023965835571,0.08342774212360382,1.839045524597168
972,Q6ZI95_wild,C1=NC(=C2C(=N1)N(C=N2)C3C(C(C(O3)COP(=O)(O)OS(=O)(=O)O)O)O)N,2.5171958979499744,1.5537240505218506,-0.6310747861862183,2.11159086227417
973,Q6ZI95_wild,C1=NC2=C(N1C3C(C(C(O3)COP(=O)(O)OP(=O)(O)OC4C(C(C(C(O4)CO)O)O)O)O)O)N=C(NC2=O)N,2.1789769472931693,1.4378082752227783,-0.14519380033016205,1.8462297916412354
974,Q6ZI95_wild,CC1=CN(C(=O)NC1=O)C2CC(C(O2)COP(=O)(O)OP(=O)(O)OC3C(C(C(C(O3)CO)O)O)O)O,2.093421685162235,1.43697190284729,-0.00480637326836586,1.677312970161438
975,Q6ZI95_wild,C1=NC(=C2C(=N1)N(C=N2)C3C(C(C(O3)COP(=O)(O)OP(=O)(O)OCC4C(C(C(O4)O)O)O)O)O)N,2.568201724066995,1.7579913139343262,-0.0951303094625473,1.945837140083313
976,Q6ZI95_wild,C1=NC(=C2C(=N1)N(C=N2)C3C(C(C(O3)COP(=O)(O)OP(=O)(O)OP(=O)(O)O)O)O)N,2.618048096712093,1.626893162727356,-0.13370159268379211,1.8262234926223755
977,Q6ZI95_wild,C1=NC(=C2C(=N1)N(C=N2)C3C(C(C(O3)COP(=O)(O)OP(=O)(O)O)O)O)N,2.6522463410033232,1.6463038921356201,-0.19486981630325317,1.953859806060791
978,I4DHV7_wild,C1=NC(=C2C(=N1)N(C=N2)C3C(C(C(O3)COP(=O)(O)OS(=O)(=O)O)O)O)N,1.5314789170422551,1.8420532941818237,-0.6319899559020996,2.152787685394287
979,I4DHV7_wild,C1=CN(C(=O)N=C1N)C2C(C(C(O2)COP(=O)(O)OP(=O)(O)O)O)O,1.9493900066449128,1.8490071296691895,0.12646818161010742,1.7495012283325195
980,I4DHV7_wild,[O-]P(=O)([O-])OP(=O)([O-])[O-],1.6020599913279625,2.4980757236480713,-0.6025738716125488,2.2715213298797607
981,I4DHV7_wild,C1=NC(=C2C(=N1)N(C=N2)C3C(C(C(O3)COP(=O)(O)OP(=O)(O)OP(=O)(O)O)O)O)N,1.9030899869919435,1.8807036876678467,-0.10271893441677094,1.8142527341842651
982,I4DHV7_wild,C1=CC(=CC=C1[N+](=O)[O-])OP(=O)(O)OC2=CC=C(C=C2)[N+](=O)[O-],1.8512583487190752,1.7898578643798828,0.21240049600601196,1.7009294033050537
983,I4DHV7_wild,C1=CN(C(=O)NC1=O)C2C(C(C(O2)COP(=O)(O)OP(=O)(O)O)O)O,2.0043213737826426,1.7751768827438354,-0.055688902735710144,1.7449188232421875
984,I4DHV7_wild,C1=NC2=C(C(=O)N1)N=CN2C3C(C(C(O3)COP(=O)(O)OP(=O)(O)O)O)O,1.9444826721501687,1.6815097332000732,-0.07202132791280746,1.906440019607544
985,A0A0E3KJK7_wild,CC(=CCCC(=CCCC(=CCOP(=O)(O)OP(=O)(O)O)C)C)C,0.608526033577194,-1.8770232200622559,-2.338961362838745,0.7211146950721741
986,Q9WYN2_wild,CC1=CN(C(=O)NC1=O)C2CC(C(O2)CO)O,0.5440680443502757,0.16307681798934937,-2.81197190284729,2.0888707637786865
987,Q9WYN2_wild,CC1=CN(C(=O)NC1=O)C2C(C(C(O2)CO)O)F,-0.3010299956639812,0.1822783648967743,-2.178370237350464,1.7286938428878784
988,Q9WYN2_wild,C1=NC(=C2C(=N1)N(C=N2)C3C(C(C(O3)COP(=O)(O)OP(=O)(O)OP(=O)(O)O)O)O)N,0.5440680443502757,-0.14428967237472534,-1.740174412727356,1.404710292816162
989,Q9WYN2_wild,C1C(C(OC1N2C=CC(=O)NC2=O)CO)O,-0.15490195998574322,0.39823418855667114,-2.286237955093384,1.9024074077606201
990,Q9WYN2_wild,C1C(C(OC1N2C=C(C(=O)NC2=O)F)CO)O,-0.13076828026902382,0.22947204113006592,-2.3588502407073975,1.9138967990875244
991,Q9WYN2_wild,CC1=CN(C(=O)NC1=O)C2COC(O2)CO,-0.5376020021010439,0.16525283455848694,-2.7483479976654053,1.9350650310516357
992,Q9WYN2_wild,CC1=CN(C(=O)NC1=O)C2CCC(O2)CO,-0.4814860601221125,-0.06878380477428436,-2.655174493789673,1.8621023893356323
993,A0A100YXA1_wild,C1=CC=C2C(=C1)C(=CN2)CC(=O)[O-],0.3010299956639812,-0.5633790493011475,-0.4912215769290924,0.7280644178390503
994,A0A0E3M8P3_wild,C1=CC=C2C(=C1)C(=CN2)CC(=O)[O-],2.113943352306837,-0.5785741209983826,-0.3664226233959198,0.7322660088539124
995,Q8U4G1_wild,C(CCN=C(N)N)CN,-1.0,-0.5892584919929504,-1.8073699474334717,0.6440532207489014
996,Q8U4G1_wild,C(CN)CN,-1.2218487496163564,0.5917192697525024,-0.3601498007774353,0.4516163766384125
997,Q8U4G1_wild,C(CCN)CN,-0.744727494896694,-0.0018921233713626862,-0.6941177845001221,0.4844887852668762
998,Q8U4G1_wild,C(CCN)CCN,0.320146286111054,-0.1300009787082672,-0.5418435335159302,-0.11010459065437317
999,Q5JFG9_wild,C(CCN)CN,-0.5228787452803376,0.1917003095149994,-0.6068994998931885,0.46550866961479187
1000,Q5JFG9_wild,C(CCN=C(N)N)CN,-0.5528419686577808,-0.450434148311615,-1.785622239112854,0.6187174320220947
1001,Q5JFG9_wild,C(CCN)CCN,-1.6989700043360187,0.052234988659620285,-0.523033857345581,-0.08261823654174805
1002,Q975C8_wild,C1C=CN(C=C1C(=O)N)C2C(C(C(O2)COP(=O)(O)OP(=O)(O)OCC3C(C(C(O3)N4C=NC5=C(N=CN=C54)N)OP(=O)(O)O)O)O)O,1.1139433523068367,-0.10177697241306305,-1.403310775756836,2.0366759300231934
1003,A0JC77_wild,C(C(=O)COP(=O)(O)O)O,-0.6989700043360187,-0.3937828540802002,-0.8995596766471863,0.8880867958068848
1004,A0JC77_wild,C(C=O)C(C(=O)[O-])[NH3+],-0.6989700043360187,0.17105591297149658,-1.2852805852890015,0.9614846706390381
1005,G4VQJ4_wild,C(C1C(C(C(O1)OP(=O)(O)OP(=O)(O)O)O)O)OP(=O)(O)O,-0.2006594505464183,-0.05555767938494682,-0.8790459632873535,0.905849814414978
1006,G4VQJ4_wild,C1=NC2=NC=NC(=C2N1)N,-0.3279021420642826,-0.0065099336206912994,-2.416741132736206,1.1348718404769897
1007,Q59495_wild,C(C1C(C(C(C(O1)OC2(C(C(C(O2)CO)O)O)CO)O)O)O)O,2.2174839442139063,1.5214824676513672,1.558087706565857,0.669967532157898
1008,Q59495_wild,C(C1C(C(C(C(O1)OP(=O)(O)O)O)O)O)O,1.9822712330395684,1.0514202117919922,0.6879163980484009,0.6481528282165527
1009,Q14EH6_wild,C(C1C(C(C(C(O1)OC2(C(C(C(O2)CO)O)O)CO)O)O)O)O,0.20139712432045148,1.6151070594787598,1.5991699695587158,0.6722150444984436
1010,A1CII2_wild,C(=O)(O)[O-],-1.2006594505464183,-0.19694264233112335,0.8237056732177734,-0.0713556706905365
1011,A1CII2_Y152F,C(=O)(O)[O-],-1.275724130399211,-0.2104465365409851,0.8248650431632996,-0.087059885263443
1012,A1CII2_E73A,C(=O)(O)[O-],-0.6020599913279624,-0.39167922735214233,0.8661926984786987,-0.29178759455680847
1013,A1CII2_R155A,C(=O)(O)[O-],-0.8446639625349383,-0.20264598727226257,0.8346086740493774,-0.07210752367973328
1014,A1CII2_D153A,C(=O)(O)[O-],-0.632644078973981,-0.3154871463775635,0.8675609230995178,-0.20731380581855774
1015,A1CII2_R271K,C(=O)(O)[O-],-2.886056647693163,-0.27219435572624207,0.8609681725502014,-0.16472870111465454
1016,A1CII2_Y152A,C(=O)(O)[O-],-1.494850021680094,-0.4261585772037506,0.8867542147636414,-0.324358195066452
1017,Q81VW8_wild,C1=CC(=CC=C1N)S(=O)(=O)N,-1.0969100130080565,0.18798576295375824,-2.499371290206909,1.378717303276062
1018,Q81VW8_wild,CC1=C(ON=C1C)NS(=O)(=O)C2=CC=C(C=C2)N,-0.958607314841775,0.20917510986328125,-2.902951955795288,1.486908197402954
1019,Q81VW8_wild,CC1=CC(=NO1)NS(=O)(=O)C2=CC=C(C=C2)N,-0.9208187539523752,0.17459693551063538,-2.7179629802703857,1.5235015153884888
1020,Q81VW8_wild,CC1=NN=C(S1)NS(=O)(=O)C2=CC=C(C=C2)N,-1.1023729087095586,-0.012808356434106827,-3.0476317405700684,1.7034718990325928
1021,Q81VW8_wild,C1=CC(=CC=C1C(=O)[O-])N,-0.9625735020593764,0.15872618556022644,-2.703908681869507,1.681235432624817
1022,Q81VW8_wild,C1=CN=C(N=C1)NS(=O)(=O)C2=CC=C(C=C2)N,-0.9055288713583552,0.2792623043060303,-2.832563638687134,1.6940150260925293
1023,Q81VW8_wild,C1=CC(=CC=C1N)S(=O)(=O)NC2=NC=CS2,-1.0520763801682735,0.033727895468473434,-3.1581618785858154,1.4901171922683716
1024,Q81VW8_wild,C1=CC(=CC=C1N)S(=O)(=O)C2=CC=C(C=C2)N,-1.238072161579471,0.2863588333129883,-3.370353937149048,1.9959837198257446
1025,Q00955_Y83A,C1=NC(=C2C(=N1)N(C=N2)C3C(C(C(O3)COP(=O)(O)OP(=O)(O)OP(=O)(O)O)O)O)N,0.2041199826559248,0.3872741758823395,-1.0066500902175903,1.7434754371643066
1026,Q00955_Q608R,C1=NC(=C2C(=N1)N(C=N2)C3C(C(C(O3)COP(=O)(O)OP(=O)(O)OP(=O)(O)O)O)O)N,1.2041199826559248,0.3858456015586853,-1.0070793628692627,1.740783929824829
1027,Q00955_R656E,C1=NC(=C2C(=N1)N(C=N2)C3C(C(C(O3)COP(=O)(O)OP(=O)(O)OP(=O)(O)O)O)O)N,0.6989700043360189,0.3858456015586853,-1.0070793628692627,1.740783929824829
1028,Q00955_wild,C1=NC(=C2C(=N1)N(C=N2)C3C(C(C(O3)COP(=O)(O)OP(=O)(O)OP(=O)(O)O)O)O)N,0.9294189257142927,0.3858456015586853,-1.0070793628692627,1.740783929824829
1029,Q13085_wild,CC(=O)SCCNC(=O)CCNC(=O)C(C(C)(C)COP(=O)(O)OP(=O)(O)OCC1C(C(C(O1)N2C=NC3=C(N=CN=C32)N)O)OP(=O)(O)O)O,1.0043213737826426,0.7518497705459595,-1.6091729402542114,2.44075870513916
1030,O00763_wild,CC(=O)SCCNC(=O)CCNC(=O)C(C(C)(C)COP(=O)(O)OP(=O)(O)OCC1C(C(C(O1)N2C=NC3=C(N=CN=C32)N)O)OP(=O)(O)O)O,1.0718820073061255,0.742347240447998,-1.2167470455169678,2.1744282245635986
1031,O00763_wild,C1=NC(=C2C(=N1)N(C=N2)C3C(C(C(O3)COP(=O)(O)OP(=O)(O)OP(=O)(O)O)O)O)N,1.0718820073061255,0.3830088675022125,-0.8578816056251526,1.5981029272079468
1032,Q9ZHX0_D78A/F142A,CC1C(C(C(C(O1)OP(=O)(O)OP(=O)(O)OCC2C(C(C(O2)N3C=NC4=C3N=C(NC4=O)N)O)O)O)O)N,-0.2676062401770315,-0.5935888886451721,-1.0168238878250122,0.9139511585235596
1033,Q9P4D8_wild,C=C(C(=O)O)OC1C=C(C=CC1O)C(=O)O,2.5646660642520893,1.3315377235412598,0.07396136224269867,1.181538701057434
1034,Q04416_H64A,CC(C)(COP(=O)(O)OP(=O)(O)OCC1C(C(C(O1)N2C=NC3=C(N=CN=C32)N)O)OP(=O)(O)O)C(C(=O)NCCC(=O)NCCSC(=O)C4=CC=C(C=C4)O)O,-0.8239087409443188,-0.30026975274086,-1.6159998178482056,1.0776705741882324
1035,Q04416_Q58D,CC(C)(COP(=O)(O)OP(=O)(O)OCC1C(C(C(O1)N2C=NC3=C(N=CN=C32)N)O)OP(=O)(O)O)C(C(=O)NCCC(=O)NCCSC(=O)C4=CC=C(C=C4)O)O,-0.8860566476931633,-0.3397105038166046,-1.6717640161514282,0.980094313621521
1036,Q04416_T77V,CC(C)(COP(=O)(O)OP(=O)(O)OCC1C(C(C(O1)N2C=NC3=C(N=CN=C32)N)O)OP(=O)(O)O)C(C(=O)NCCC(=O)NCCSC(=O)C4=CC=C(C=C4)O)O,-0.7695510786217261,-0.0699993371963501,-1.8928393125534058,1.4327939748764038
1037,Q04416_D31N,CC(C)(COP(=O)(O)OP(=O)(O)OCC1C(C(C(O1)N2C=NC3=C(N=CN=C32)N)O)OP(=O)(O)O)C(C(=O)NCCC(=O)NCCSC(=O)C4=CC=C(C=C4)O)O,0.06069784035361165,-0.0400816835463047,-1.8643568754196167,1.4313081502914429
1038,Q04416_T121A,CC(C)(COP(=O)(O)OP(=O)(O)OCC1C(C(C(O1)N2C=NC3=C(N=CN=C32)N)O)OP(=O)(O)O)C(C(=O)NCCC(=O)NCCSC(=O)C4=CC=C(C=C4)O)O,0.9867717342662449,-0.06882333755493164,-1.8377028703689575,1.3892936706542969
1039,Q04416_E73D,CC(C)(COP(=O)(O)OP(=O)(O)OCC1C(C(C(O1)N2C=NC3=C(N=CN=C32)N)O)OP(=O)(O)O)C(C(=O)NCCC(=O)NCCSC(=O)C4=CC=C(C=C4)O)O,-0.9100948885606021,-0.02925780788064003,-1.8579370975494385,1.4426467418670654
1040,Q04416_Q58A,CC(C)(COP(=O)(O)OP(=O)(O)OCC1C(C(C(O1)N2C=NC3=C(N=CN=C32)N)O)OP(=O)(O)O)C(C(=O)NCCC(=O)NCCSC(=O)C4=CC=C(C=C4)O)O,-0.8961962790440431,-0.10851386189460754,-1.908301591873169,1.3628894090652466
1041,Q04416_H64Q,CC(C)(COP(=O)(O)OP(=O)(O)OCC1C(C(C(O1)N2C=NC3=C(N=CN=C32)N)O)OP(=O)(O)O)C(C(=O)NCCC(=O)NCCSC(=O)C4=CC=C(C=C4)O)O,-0.5528419686577808,-0.23245598375797272,-1.598093867301941,1.0873421430587769
1042,Q04416_wild,CC(C)(COP(=O)(O)OP(=O)(O)OCC1C(C(C(O1)N2C=NC3=C(N=CN=C32)N)O)OP(=O)(O)O)C(C(=O)NCCC(=O)NCCSC(=O)C4=CC=C(C=C4)O)O,0.8260748027008264,-0.02256980910897255,-1.853818655014038,1.417370319366455
1043,Q04416_D31A,CC(C)(COP(=O)(O)OP(=O)(O)OCC1C(C(C(O1)N2C=NC3=C(N=CN=C32)N)O)OP(=O)(O)O)C(C(=O)NCCC(=O)NCCSC(=O)C4=CC=C(C=C4)O)O,-1.3798639450262424,-0.03572765365242958,-1.8950793743133545,1.4305140972137451
1044,Q04416_S120A,CC(C)(COP(=O)(O)OP(=O)(O)OCC1C(C(C(O1)N2C=NC3=C(N=CN=C32)N)O)OP(=O)(O)O)C(C(=O)NCCC(=O)NCCSC(=O)C4=CC=C(C=C4)O)O,1.0043213737826426,-0.03598359599709511,-1.877012848854065,1.4311376810073853
1045,Q04416_E73D/T77A,CC(C)(COP(=O)(O)OP(=O)(O)OCC1C(C(C(O1)N2C=NC3=C(N=CN=C32)N)O)OP(=O)(O)O)C(C(=O)NCCC(=O)NCCSC(=O)C4=CC=C(C=C4)O)O,0.1875207208364631,-0.03090668097138405,-1.8840075731277466,1.459545612335205
1046,Q04416_E78A,CC(C)(COP(=O)(O)OP(=O)(O)OCC1C(C(C(O1)N2C=NC3=C(N=CN=C32)N)O)OP(=O)(O)O)C(C(=O)NCCC(=O)NCCSC(=O)C4=CC=C(C=C4)O)O,0.03342375548694973,0.0029160641133785248,-1.8932104110717773,1.4635727405548096
1047,Q04416_Q58E,CC(C)(COP(=O)(O)OP(=O)(O)OCC1C(C(C(O1)N2C=NC3=C(N=CN=C32)N)O)OP(=O)(O)O)C(C(=O)NCCC(=O)NCCSC(=O)C4=CC=C(C=C4)O)O,-0.43889861635094407,-0.2968692183494568,-1.7326443195343018,1.0644944906234741
1048,Q04416_R102A,CC(C)(COP(=O)(O)OP(=O)(O)OCC1C(C(C(O1)N2C=NC3=C(N=CN=C32)N)O)OP(=O)(O)O)C(C(=O)NCCC(=O)NCCSC(=O)C4=CC=C(C=C4)O)O,1.99563519459755,0.02885494753718376,-1.7585504055023193,1.3584201335906982
1049,Q04416_R150A,CC(C)(COP(=O)(O)OP(=O)(O)OCC1C(C(C(O1)N2C=NC3=C(N=CN=C32)N)O)OP(=O)(O)O)C(C(=O)NCCC(=O)NCCSC(=O)C4=CC=C(C=C4)O)O,0.9777236052888478,0.047833140939474106,-1.797268033027649,1.4085767269134521
1050,Q04416_E73A,CC(C)(COP(=O)(O)OP(=O)(O)OCC1C(C(C(O1)N2C=NC3=C(N=CN=C32)N)O)OP(=O)(O)O)C(C(=O)NCCC(=O)NCCSC(=O)C4=CC=C(C=C4)O)O,-4.0,-0.24561557173728943,-1.8220120668411255,1.1551004648208618
1051,Q04416_T77A,CC(C)(COP(=O)(O)OP(=O)(O)OCC1C(C(C(O1)N2C=NC3=C(N=CN=C32)N)O)OP(=O)(O)O)C(C(=O)NCCC(=O)NCCSC(=O)C4=CC=C(C=C4)O)O,0.320146286111054,-0.009811822324991226,-1.8875001668930054,1.4463015794754028
1052,Q04416_E73Q,CC(C)(COP(=O)(O)OP(=O)(O)OCC1C(C(C(O1)N2C=NC3=C(N=CN=C32)N)O)OP(=O)(O)O)C(C(=O)NCCC(=O)NCCSC(=O)C4=CC=C(C=C4)O)O,-2.7695510786217263,-0.36355656385421753,-1.697978138923645,0.9633075594902039
1053,Q04416_T77S,CC(C)(COP(=O)(O)OP(=O)(O)OCC1C(C(C(O1)N2C=NC3=C(N=CN=C32)N)O)OP(=O)(O)O)C(C(=O)NCCC(=O)NCCSC(=O)C4=CC=C(C=C4)O)O,0.49968708261840383,-0.005681220442056656,-1.8628820180892944,1.4438414573669434
1054,Q04416_E73D/T77S,CC(C)(COP(=O)(O)OP(=O)(O)OCC1C(C(C(O1)N2C=NC3=C(N=CN=C32)N)O)OP(=O)(O)O)C(C(=O)NCCC(=O)NCCSC(=O)C4=CC=C(C=C4)O)O,-0.889410289700751,-0.021754179149866104,-1.8587357997894287,1.4612250328063965
1055,Q04416_T77D,CC(C)(COP(=O)(O)OP(=O)(O)OCC1C(C(C(O1)N2C=NC3=C(N=CN=C32)N)O)OP(=O)(O)O)C(C(=O)NCCC(=O)NCCSC(=O)C4=CC=C(C=C4)O)O,-1.9871627752948278,-0.11638230085372925,-1.8047479391098022,1.3613309860229492
1056,Q8ZNC4_wild,C(CCN)CC(C(=O)O)N,0.6434526764861874,0.4324115812778473,0.4914534389972687,0.7192530035972595
1057,Q8ZNC4_wild,C(CC(C(=O)O)N)CN,0.25527250510330607,0.7823394536972046,0.0752553641796112,1.266552448272705
1058,Q9FPK5_wild,C(CC(C(=O)O)N)CN,1.890979596989689,0.8187601566314697,-0.07962729036808014,0.9939659833908081
1059,Q9FPK5_wild,C(CCN)CC(C(=O)O)N,-0.619788758288394,0.4852571487426758,0.4164005219936371,0.4472430348396301
1060,Q73GL9_wild,C(CSCC(C(=O)O)N)C(C(=O)O)N,-2.958607314841775,0.4641668200492859,-0.4500981569290161,0.5395613312721252
1061,B1NF18_wild,CN1CCC2=CC(=C(C=C2C1CC3=CC(=C(C=C3)OC)O)O)OC,-1.5686362358410126,-0.6049084663391113,-1.9292625188827515,1.3100664615631104
1062,P28248_wild,C1C(C(OC1N2C=CC(=NC2=O)N)COP(=O)(O)OP(=O)(O)OP(=O)(O)O)O,0.09342168516223508,-0.34059518575668335,-0.7554139494895935,0.8617615699768066
1063,P80561_wild,CC(C(=O)NC1=CC=C(C=C1)[N+](=O)[O-])N,0.6901960800285137,0.9311803579330444,0.5161157846450806,1.0070586204528809
1064,P80561_wild,C1=CC(=CC=C1[N+](=O)[O-])OP(=O)(O)OC2=CC=C(C=C2)[N+](=O)[O-],-0.37675070960209955,0.5282446146011353,0.19633004069328308,0.8219160437583923
1065,Q75V72_wild,CC(C)CC(C(=O)N)N,2.0170333392987803,1.0267269611358643,1.0594631433486938,0.5164462327957153
1066,Q75V72_wild,C1=CC=C(C=C1)CC(C(=O)N)N,1.6414741105040995,0.9006557464599609,0.7748875021934509,0.5684894323348999
1067,P03195_wild,C1C(C(OC1N2C=CC(=O)NC2=O)COP(=O)(O)OP(=O)(O)OP(=O)(O)O)O,0.2041199826559248,0.2785813510417938,-2.3949778079986572,1.906249761581421
1068,P03195_R268A,C1C(C(OC1N2C=CC(=O)NC2=O)COP(=O)(O)OP(=O)(O)OP(=O)(O)O)O,-1.2218487496163564,0.28125837445259094,-2.3893511295318604,1.8473113775253296
1069,P03195_D131S/G78D,C1C(C(OC1N2C=CC(=O)NC2=O)COP(=O)(O)OP(=O)(O)OP(=O)(O)O)O,-0.744727494896694,0.23357173800468445,-2.365232229232788,1.8649922609329224
1070,P03195_C4S,C1C(C(OC1N2C=CC(=O)NC2=O)COP(=O)(O)OP(=O)(O)OP(=O)(O)O)O,0.23044892137827394,0.2718645930290222,-2.3915114402770996,1.8767902851104736
1071,A0A1Z3FWF0_wild,CC12CCC3C(C1CCC2O)CCC4=C3C=CC(=C4)O,0.9722028383790645,-0.17337006330490112,-1.756908893585205,2.0563602447509766
1072,O16025_wild,CCCCCC=CCC=CCC=CCC=CCCCC(=O)O,2.322219294733919,2.074641466140747,-1.7141633033752441,2.656458854675293
1073,O16025_R182A,CCCCCC=CCC=CCC=CCC=CCCCC(=O)O,2.285557309007774,2.0763728618621826,-1.7061625719070435,2.657949447631836
1074,Q07635_wild,C1C(C(OC1N2C=CC(=NC2=O)N)COP(=O)(O)OP(=O)(O)OP(=O)(O)O)O,-4.275724130399211,-0.46820688247680664,0.09652388095855713,-0.8004459142684937
1075,Q07635_wild,CC1=CN(C(=O)NC1=O)C2CC(C(O2)COP(=O)(O)OP(=O)(O)OP(=O)(O)O)O,-5.142667503568732,-0.36540675163269043,0.2856234610080719,-1.0222445726394653
1076,Q9QY93_wild,C1C(C(OC1N2C=C(C(=NC2=O)N)Cl)COP(=O)([O-])OP(=O)([O-])OP(=O)([O-])[O-])O,0.17609125905568124,-0.16210699081420898,-1.376259446144104,1.2023934125900269
1077,Q9QY93_wild,C1C(C(OC1N2C=NC3=C(N=CN=C32)N)COP(=O)(O)OP(=O)(O)OP(=O)(O)O)O,-0.27572413039921095,-0.021111909300088882,-1.0811659097671509,1.316741943359375
1078,Q9QY93_wild,C1C(C(OC1N2C=CC(=NC2=O)N)COP(=O)(O)OP(=O)(O)OP(=O)(O)O)O,0.1367205671564068,-0.2681681513786316,-1.0576972961425781,1.164473533630371
1079,Q9QY93_wild,CC1=CN(C(=O)N=C1N)C2CC(C(O2)COP(=O)(O)OP(=O)(O)OP(=O)(O)O)O,0.12385164096708581,-0.16553571820259094,-1.0193495750427246,1.244388461112976
1080,Q9QY93_wild,C1=CN(C(=O)N=C1N)C2C(C(C(O2)COP(=O)(O)OP(=O)(O)OP(=O)(O)O)O)O,-0.5086383061657274,-0.1013188362121582,-0.7746099829673767,0.9741734266281128
1081,Q9QY93_wild,C1C(C(OC1N2C=C(C(=NC2=O)N)I)COP(=O)(O)OP(=O)(O)OP(=O)(O)O)O,-0.026872146400301365,-0.25065526366233826,-1.4339126348495483,1.0188758373260498
1082,Q9QY93_wild,CC1=CN(C(=O)NC1=O)C2CC(C(O2)COP(=O)(O)OP(=O)(O)OP(=O)(O)O)O,-0.11918640771920865,-0.3104245662689209,-0.881664514541626,1.0520230531692505
1083,Q9QY93_wild,C1C(C(OC1N2C=CC(=O)NC2=O)COP(=O)(O)OP(=O)(O)OP(=O)(O)O)O,-0.11918640771920865,-0.18943750858306885,-1.0310680866241455,1.1417415142059326
1084,Q9QY93_wild,C1C(C(OC1N2C=NC3=C(NC(=O)N=C32)N)COP(=O)(O)OP(=O)(O)OP(=O)(O)O)O,0.14301480025409505,-0.08926014602184296,-1.172843337059021,1.2183972597122192
1085,Q9QY93_wild,C1C(C(OC1N2C=NC3=C(N=C(N=C32)Cl)N)COP(=O)(O)OP(=O)(O)OP(=O)(O)O)O,0.19589965240923374,-0.06952878832817078,-1.2504223585128784,1.3119568824768066
1086,Q9QY93_wild,C1C(C(OC1N2C=C(C(=NC2=O)N)Br)COP(=O)([O-])OP(=O)([O-])OP(=O)([O-])[O-])O,0.17318626841227405,-0.13038498163223267,-1.467533826828003,1.2320752143859863
1087,Q9H773_wild,C1C(C(OC1N2C=CC(=NC2=O)N)COP(=O)(O)OP(=O)(O)OP(=O)(O)O)O,0.7558748556724915,-0.10856765508651733,-0.943551778793335,1.3129611015319824
1088,Q9H773_wild,C1C(C(OC1N2C=NC3=C(N=CN=C32)N)COP(=O)(O)OP(=O)(O)OP(=O)(O)O)O,0.3010299956639812,0.041852112859487534,-0.9656309485435486,1.4459590911865234
1089,Q9H773_wild,CC1=CN(C(=O)N=C1N)C2CC(C(O2)COP(=O)(O)OP(=O)(O)OP(=O)(O)O)O,0.6812412373755872,-0.027123887091875076,-0.9363977909088135,1.3726664781570435
1090,Q9H773_wild,C1C(C(OC1N2C=C(C(=NC2=O)N)Br)COP(=O)([O-])OP(=O)([O-])OP(=O)([O-])[O-])O,0.9684829485539351,0.005738731473684311,-1.3606882095336914,1.322094440460205
1091,Q9H773_wild,CC1=CN(C(=O)NC1=O)C2CC(C(O2)COP(=O)(O)OP(=O)(O)OP(=O)(O)O)O,0.25527250510330607,-0.15652061998844147,-0.8002384901046753,1.2025996446609497
1092,Q9H773_wild,C1C(C(OC1N2C=C(C(=NC2=O)N)I)COP(=O)(O)OP(=O)(O)OP(=O)(O)O)O,0.7923916894982539,-0.10873374342918396,-1.3203539848327637,1.128347635269165
1093,Q9H773_wild,C1C(C(OC1N2C=CC(=O)NC2=O)COP(=O)(O)OP(=O)(O)OP(=O)(O)O)O,-1.0915149811213503,8.555874228477478e-05,-0.9346002340316772,1.2969436645507812
1094,Q96EK6_wild,C(C1C(C(C(C(O1)O)N)O)O)OP(=O)(O)O,1.3443922736851108,-0.10625481605529785,-0.8363350033760071,1.0827174186706543
1095,Q96EK6_E156A,C(C1C(C(C(C(O1)O)N)O)O)OP(=O)(O)O,0.9867717342662449,-0.14238081872463226,-0.820966362953186,1.0287861824035645
1096,Q96EK6_E156D,C(C1C(C(C(C(O1)O)N)O)O)OP(=O)(O)O,1.2855573090077739,-0.10084894299507141,-0.8418792486190796,1.0974607467651367
1097,Q17427_Q155W/C158G,C(C1C(C(C(C(O1)O)N)O)O)OP(=O)(O)O,2.1789769472931693,-0.5094581842422485,-0.8888767957687378,1.402044415473938
1098,Q17427_wild,C(C1C(C(C(C(O1)O)N)O)O)OP(=O)(O)O,2.1335389083702174,-0.4563428461551666,-0.9576781392097473,1.500575065612793
1099,P9WGT1_wild,CC(=O)C1CCC2C1(CCC3C2CCC4=CC(=O)CCC34C)C,1.8573324964312685,0.009226586669683456,-1.9375288486480713,1.9932793378829956
1100,P9WGT1_wild,CC(C1CCC2C1(CCC3C2CCC4=CC(=O)CCC34C)C)O,2.41161970596323,-0.33195674419403076,-2.034550666809082,1.8056659698486328
1101,P9WGT1_wild,CC12CCC(CC1CCC3C2CCC4(C3CCC4=O)C)O,2.6589648426644352,-0.015297908335924149,-1.632848858833313,1.893826961517334
1102,G7J7Q5_wild,C1=C(NC=N1)CC(COP(=O)(O)O)N,0.5563025007672873,0.24788588285446167,-1.0509958267211914,1.0234901905059814
1103,O67625_wild,CC(=CCOP(=O)(O)OP(=O)(O)O)CO,0.568201724066995,-0.0684611052274704,-0.6172833442687988,0.9356452226638794
1104,Q8G9L1_wild,CC(=CC(=O)O)C=CC(=O)O,0.505149978319906,-0.3389814496040344,-1.2789798974990845,1.0715680122375488
1105,Q8G9L1_wild,C(=CC(=O)[O-])C(=CC(=O)[O-])Cl,0.9444826721501687,-0.3332366943359375,-0.764860212802887,0.8754798173904419
1106,Q8G9L1_wild,C(=CC(=O)[O-])C=C(C(=O)[O-])Cl,0.5563025007672873,-0.34421271085739136,-0.9981005191802979,1.025390625
1107,Q8G9L1_wild,C(=CC(=O)[O-])C=CC(=O)[O-],1.391993072259713,-0.01132284477353096,-0.9434981346130371,1.2762941122055054
1108,A0A545BBS8_wild,CC(C(=O)C1=CC=CC=C1)Cl,0.5797835966168101,0.7480481266975403,-0.5668270587921143,1.1024348735809326
1109,A0A545BBS8_wild,C1C2=CC=CC=C2C(=O)C1=O,0.8162412999917831,1.7625312805175781,-0.864504873752594,2.0218424797058105
1110,A0A545BBS8_wild,CC(C(C1=CC=CC=C1)O)NC,0.5763413502057929,0.5330077409744263,-0.7380319833755493,1.056869387626648
1111,Q980A0_wild,C(C(C(=O)O)O)OP(=O)(O)O,0.47856649559384334,1.6727012395858765,-0.5812686681747437,1.6234490871429443
1112,Q980A0_wild,C(C(C(=O)O)OP(=O)(O)O)O,0.6031443726201823,1.7731409072875977,-0.8171612620353699,1.7585989236831665
1113,Q8TBC4_wild,C1=NC(=C2C(=N1)N(C=N2)C3C(C(C(O3)COP(=O)(O)OP(=O)(O)OP(=O)(O)O)O)O)N,0.5440680443502757,0.4409489035606384,-1.359890341758728,1.5175753831863403
1114,P32929_wild,C(CS)C(C(=O)O)N,0.6901960800285137,-0.062322795391082764,-0.0149184949696064,0.5827338695526123
1115,P32929_T67I,C(C(C(=O)O)N)S,-0.5228787452803376,-0.25323745608329773,-0.2575846016407013,0.39715376496315
1116,P32929_wild,C(CSCC(C(=O)O)N)C(C(=O)O)N,0.36172783601759284,0.6323025226593018,-0.34737998247146606,0.7962251901626587
1117,P32929_T67I,C(CS)C(C(=O)O)N,-0.08618614761628333,-0.09394010901451111,0.008072864264249802,0.5425226092338562
1118,P32929_T67I,C(CSCC(C(=O)O)N)C(C(=O)O)N,-0.3467874862246563,0.6064904928207397,-0.3191477656364441,0.7536337375640869
1119,P32929_Q240E,C(CSCC(C(=O)O)N)C(C(=O)O)N,-1.6989700043360187,0.5960671305656433,-0.3139612376689911,0.7468594312667847
1120,P32929_wild,C(C(C(=O)O)N)S,-0.07058107428570727,-0.2204459309577942,-0.2832368314266205,0.43808579444885254
1121,P00940_wild,C(C(C=O)O)OP(=O)(O)O,3.9190780923760737,1.8998996019363403,-0.720872700214386,2.7166595458984375
1122,Q8MPF2_wild,C(C(C=O)O)OP(=O)(O)O,3.6334684555795866,1.8986797332763672,-0.5980925559997559,2.7583494186401367
1123,Q07412_wild,C(C(C=O)O)OP(=O)(O)O,4.6266482684740105,1.508603811264038,-0.09214350581169128,2.120804786682129
1124,Q07412_C126S,C(C(C=O)O)OP(=O)(O)O,2.8750612633917,1.4602277278900146,-0.11180591583251953,2.0690486431121826
1125,P04789_R191S,C(C(C=O)O)OP(=O)(O)O,3.6020599913279625,1.8031041622161865,-0.18826434016227722,2.6706628799438477
1126,P36186_W75F/W173F/W196F,C(C(C=O)O)OP(=O)(O)O,3.636788689034375,1.5803278684616089,-0.18353769183158875,2.274212121963501
1127,P04789_wild,C(C(C=O)O)OP(=O)(O)O,3.778151250383644,1.8505733013153076,-0.25762730836868286,2.7106075286865234
1128,P52270_wild,C(C(C=O)O)OP(=O)(O)O,3.7132384615456617,1.9226574897766113,-0.13714054226875305,2.8575077056884766
1129,P04789_wild,C(C(=O)COP(=O)(O)O)O,3.0,1.1471443176269531,-0.12765340507030487,2.175255537033081
1130,P00940_V167P/W168E,C(C(C=O)O)OP(=O)(O)O,1.3010299956639813,1.5113694667816162,-0.6619250774383545,2.2543723583221436
1131,P00940_wild,C(C(=O)COP(=O)(O)O)O,3.630088748857461,1.11055326461792,-0.2954232394695282,2.157252073287964
1132,P48491_C127S/C218S,C(C(C=O)O)OP(=O)(O)O,1.1702617153949575,2.0929436683654785,-0.2620418965816498,2.8916664123535156
1133,P48491_C127S,C(C(C=O)O)OP(=O)(O)O,1.8475726591421122,2.065437078475952,-0.25148332118988037,2.8525354862213135
1134,P48491_wild,C(C(C=O)O)OP(=O)(O)O,3.532244643626582,2.12040114402771,-0.29782015085220337,2.9434428215026855
1135,P48491_C218S,C(C(C=O)O)OP(=O)(O)O,3.429752280002408,2.144660234451294,-0.30928635597229004,2.982060432434082
1136,Q07412_F96A,C(C(C=O)O)OP(=O)(O)O,0.5797835966168101,1.670008897781372,-0.0625925213098526,2.2972474098205566
1137,Q07412_E97Q,C(C(C=O)O)OP(=O)(O)O,0.0,1.2518227100372314,-0.11511620879173279,1.8143774271011353
1138,Q07412_F96Y,C(C(C=O)O)OP(=O)(O)O,0.7403626894942439,1.4928309917449951,-0.1176108717918396,2.120690107345581
1139,Q07412_Y74G,C(C(C=O)O)OP(=O)(O)O,1.8260748027008264,1.4815752506256104,-0.08508133888244629,2.0804474353790283
1140,Q07412_F96S,C(C(C=O)O)OP(=O)(O)O,2.792391689498254,1.7723615169525146,-0.12174832820892334,2.4538934230804443
1141,Q07412_F96S/L167V,C(C(C=O)O)OP(=O)(O)O,0.6020599913279624,1.8119404315948486,-0.13767695426940918,2.502089262008667
1142,Q07412_C126V,C(C(C=O)O)OP(=O)(O)O,2.204119982655925,1.5118153095245361,-0.052998993545770645,2.083047866821289
1143,Q07412_C126M,C(C(C=O)O)OP(=O)(O)O,2.278753600952829,1.4234176874160767,-0.04457396641373634,1.9887001514434814
1144,Q07412_F96S/S73A,C(C(C=O)O)OP(=O)(O)O,0.6627578316815741,1.8496005535125732,-0.13094282150268555,2.557370662689209
1145,Q07412_E165A,C(C(C=O)O)OP(=O)(O)O,0.6232492903979004,1.0990487337112427,-0.11735513806343079,1.585770845413208
1146,Q07412_T75N,C(C(C=O)O)OP(=O)(O)O,-1.8860566476931633,1.0784881114959717,-0.09828504920005798,1.550665020942688
1147,Q07412_C126T,C(C(C=O)O)OP(=O)(O)O,2.5185139398778875,1.4696193933486938,-0.09497255086898804,2.0592093467712402
1148,Q07412_C13D,C(C(C=O)O)OP(=O)(O)O,2.778151250383644,1.5364115238189697,0.002476375550031662,1.9805636405944824
1149,Q07412_C126A,C(C(C=O)O)OP(=O)(O)O,2.886490725172482,1.4886589050292969,-0.10455064475536346,2.1112945079803467
1150,Q07412_F96H,C(C(C=O)O)OP(=O)(O)O,2.2671717284030137,1.659550428390503,-0.0972011536359787,2.30121111869812
1151,Q07412_T75C,C(C(C=O)O)OP(=O)(O)O,-1.4685210829577449,1.273179292678833,-0.07482734322547913,1.8690369129180908
1152,Q07412_Y74C,C(C(C=O)O)OP(=O)(O)O,3.383815365980431,1.381303310394287,-0.10545888543128967,2.029432773590088
1153,Q07412_F96W,C(C(C=O)O)OP(=O)(O)O,3.3919930722597127,1.5566394329071045,-0.10847888886928558,2.19317626953125
1154,Q07412_C13E,C(C(C=O)O)OP(=O)(O)O,3.1357685145678222,1.5654205083847046,-0.022062260657548904,2.021042823791504
1155,P36186_F12W,C(C(C=O)O)OP(=O)(O)O,3.740362689494244,1.5203853845596313,-0.3011521100997925,2.2715678215026855
1156,P36186_W75F,C(C(C=O)O)OP(=O)(O)O,3.9030899869919438,1.594069480895996,-0.21702682971954346,2.305450201034546
1157,P36186_W162F,C(C(C=O)O)OP(=O)(O)O,3.52283531366053,1.5380407571792603,-0.2700616419315338,2.2891879081726074
1158,P36186_wild,C(C(C=O)O)OP(=O)(O)O,3.8845688149183335,1.5771784782409668,-0.24253524839878082,2.3011250495910645
1159,P36186_W162F/W173F/W196F,C(C(C=O)O)OP(=O)(O)O,3.5005109105263372,1.5205919742584229,-0.22961367666721344,2.2461538314819336
1160,P36186_W173F,C(C(C=O)O)OP(=O)(O)O,3.7900035203904894,1.5472137928009033,-0.23916588723659515,2.2690868377685547
1161,P36186_W196F,C(C(C=O)O)OP(=O)(O)O,3.619719265611727,1.5888032913208008,-0.2037934958934784,2.299978256225586
1162,P36186_W75F/W162F/W196F,C(C(C=O)O)OP(=O)(O)O,3.8552768038300917,1.5711982250213623,-0.20606540143489838,2.289905071258545
1163,P36186_W75F/W162F/W173F,C(C(C=O)O)OP(=O)(O)O,3.564192460626198,1.5244667530059814,-0.24109195172786713,2.2483084201812744
1164,P9WG43_wild,C(C(=O)COP(=O)(O)O)O,2.863322860120456,0.7047303915023804,-0.6444718837738037,1.4430898427963257
1165,P00942_K17L/Y46F/D48F/Q82F/D85L,C(C(C=O)O)OP(=O)(O)O,-0.16115090926274472,2.200472116470337,0.054070886224508286,3.0474660396575928
1166,P00942_Y208T/S211G,C(C(=O)COP(=O)(O)O)O,2.130333768495006,0.7433419227600098,0.41556110978126526,1.5388531684875488
1167,P00942_K17L/Y46F/D48Y/Q82A/D85A,C(C(C=O)O)OP(=O)(O)O,0.01703333929878037,2.232379674911499,0.06847496330738068,3.015631675720215
1168,P00942_Y208F,C(C(C=O)O)OP(=O)(O)O,1.1139433523068367,2.1665217876434326,0.1371127814054489,2.839810371398926
1169,P00942_Y208S,C(C(=O)COP(=O)(O)O)O,2.3979400086720375,0.9618372917175293,0.3350919783115387,1.8031402826309204
1170,P00942_Y208F,C(C(=O)COP(=O)(O)O)O,0.6532125137753437,1.3176313638687134,0.30866435170173645,2.2775397300720215
1171,P00942_Y208A,C(C(=O)COP(=O)(O)O)O,2.322219294733919,0.959358811378479,0.4033362567424774,1.843335509300232
1172,P00942_S211G,C(C(=O)COP(=O)(O)O)O,2.90848501887865,1.0348516702651978,0.3916277587413788,1.9475388526916504
1173,P00942_Y208T,C(C(=O)COP(=O)(O)O)O,2.7634279935629373,0.9537035822868347,0.39920294284820557,1.7998569011688232
1174,P00942_Y208T/S211G,C(C(C=O)O)OP(=O)(O)O,2.716003343634799,1.5542857646942139,0.14443984627723694,2.037482976913452
1175,P00942_Y208A,C(C(C=O)O)OP(=O)(O)O,2.8692317197309762,1.7904338836669922,0.1740688979625702,2.3680195808410645
1176,P00942_wild,C(C(=O)COP(=O)(O)O)O,2.934498451243568,1.3890328407287598,0.2531752288341522,2.360006809234619
1177,P00942_Y208S,C(C(C=O)O)OP(=O)(O)O,2.9731278535996988,1.7952492237091064,0.10842463374137878,2.3252933025360107
1178,P00942_wild,C(C(C=O)O)OP(=O)(O)O,4.221848836475244,2.2385146617889404,0.09806935489177704,2.9209697246551514
1179,P00942_Y208T,C(C(C=O)O)OP(=O)(O)O,3.568201724066995,1.7856884002685547,0.17162993550300598,2.3300461769104004
1180,P00942_S211G,C(C(C=O)O)OP(=O)(O)O,3.8750612633917,1.8923766613006592,0.15894345939159393,2.4720282554626465
1181,P00942_S211A,C(C(C=O)O)OP(=O)(O)O,3.4471580313422194,2.1105501651763916,0.15321148931980133,2.7411954402923584
1182,P00942_K17P/Y46A/D48L/Q82T/D85A,C(C(C=O)O)OP(=O)(O)O,3.6190933306267428,2.2074759006500244,0.09212055802345276,2.9002718925476074
1183,P00942_K17A/Y46A/D48F/Q82A/D85S,C(C(C=O)O)OP(=O)(O)O,3.846337112129805,2.245269536972046,0.07192268967628479,2.979602813720703
1184,P04789_A178L,C(C(=O)COP(=O)(O)O)O,2.6989700043360187,0.9708166122436523,-0.06012262776494026,2.008749485015869
1185,P04789_R191A,C(C(=O)COP(=O)(O)O)O,1.7993405494535817,1.090828537940979,-0.0654015988111496,2.173999309539795
1186,P04789_P168A,C(C(=O)COP(=O)(O)O)O,1.2787536009528289,1.0216737985610962,-0.07478038966655731,2.076568841934204
1187,P04789_D227N,C(C(=O)COP(=O)(O)O)O,2.3010299956639813,1.0876333713531494,-0.07293422520160675,2.103219747543335
1188,P04789_P168A,C(C(C=O)O)OP(=O)(O)O,1.7781512503836436,1.7214062213897705,-0.17394906282424927,2.597323417663574
1189,P04789_D227A,C(C(=O)COP(=O)(O)O)O,2.255272505103306,1.0624439716339111,-0.06935793161392212,2.083064556121826
1190,P04789_A178L,C(C(C=O)O)OP(=O)(O)O,3.724275869600789,1.6867142915725708,-0.19543388485908508,2.5118746757507324
1191,P04789_R191S,C(C(=O)COP(=O)(O)O)O,2.380211241711606,1.0932412147521973,-0.060461897403001785,2.147189140319824
1192,Q5S7Y5_wild,C(C(C=O)O)OP(=O)(O)O,3.527887565952705,2.0612099170684814,-0.26956167817115784,2.6080973148345947
1193,A2EGX9_I45F,C(C(C=O)O)OP(=O)(O)O,1.2479732663618066,2.1619246006011963,-0.10795161128044128,3.0162782669067383
1194,A2EGX9_wild,C(C(C=O)O)OP(=O)(O)O,3.123851640967086,2.151461362838745,-0.11620956659317017,2.9938242435455322
1195,A2EGX9_I45Y,C(C(C=O)O)OP(=O)(O)O,1.1958996524092338,2.1681196689605713,-0.11495612561702728,3.0074236392974854
1196,A2EGX9_I45V,C(C(C=O)O)OP(=O)(O)O,3.2174839442139063,2.161961317062378,-0.10187475383281708,2.9856374263763428
1197,A2EGX9_I45A,C(C(C=O)O)OP(=O)(O)O,1.8937617620579434,2.161478281021118,-0.10511669516563416,2.9716033935546875
1198,A2EGX9_I45L,C(C(C=O)O)OP(=O)(O)O,3.278753600952829,2.154372215270996,-0.10865232348442078,2.9948785305023193
1199,A2EGX9_I45G,C(C(C=O)O)OP(=O)(O)O,1.8621313793130372,2.1884677410125732,-0.11157570779323578,2.9865498542785645
1200,A2FT29_V45A,C(C(C=O)O)OP(=O)(O)O,1.884795363948981,2.1968910694122314,-0.1124306321144104,3.0289244651794434
1201,A2FT29_wild,C(C(C=O)O)OP(=O)(O)O,3.137670537236755,2.1983859539031982,-0.11044377088546753,3.0463411808013916
1202,P35520_wild,S,-0.10790539730951958,1.0387334823608398,-0.3181718587875366,1.307941198348999
1203,P35520_wild,C(C(C(=O)O)N)O,1.3222192947339193,0.5056297779083252,0.5034703016281128,0.6693322658538818
1204,P35520_wild,C(C(C(=O)O)N)S,1.4960989921325714,0.4094168543815613,-0.5698807835578918,1.098012924194336
1205,P35520_wild,C(CS)C(C(=O)O)N,1.4278105726759902,0.37679165601730347,-0.5364223718643188,1.1881476640701294
1206,A0A1J9VES8_E220R,C(CS)C(C(=O)O)N,0.7589118923979735,-0.18136054277420044,-0.05742110311985016,0.6487060785293579
1207,A0A1J9VES8_wild,C(CS)C(C(=O)O)N,0.9237619608287003,-0.009476564824581146,-0.09569302201271057,0.7045714855194092
1208,A0A1J9VES8_A72S,C(CS)C(C(=O)O)N,1.0378247505883418,-0.002536918967962265,-0.106244295835495,0.7137724161148071
1209,Q2HWU5_wild,C(C1C(C(C(C(O1)OCC2C(C(C(C(O2)OCC3C(C(C(C(O3)OCC4C(C(C(C(O4)OCC5C(C(C(C(O5)OCC(C(C(C(C=O)O)O)O)O)O)O)O)O)O)O)O)O)O)O)O)O)O)O)O)O,2.603144372620182,1.281811237335205,1.3043955564498901,1.088073968887329
1210,Q2HWU5_wild,C1=CC(=CC=C1[N+](=O)[O-])OC2C(C(C(C(O2)CO)O)O)O,2.3710678622717363,1.2295782566070557,0.44499608874320984,1.064035415649414
1211,Q2HWU5_wild,C(C1C(C(C(C(O1)OCC2C(C(C(C(O2)OCC3C(C(C(C(O3)O)O)O)O)O)O)O)O)O)O)O,2.7331972651065692,1.467149019241333,1.1969913244247437,1.079465389251709
1212,Q2HWU5_wild,C(C1C(C(C(C(O1)OCC2C(C(C(C(O2)O)O)O)O)O)O)O)O,2.683947130751512,1.3623093366622925,1.1262484788894653,0.990818977355957
1213,Q2HWU5_wild,C(C1C(C(C(C(O1)OCC2C(C(C(C(O2)OCC3C(C(C(C(O3)OCC4C(C(C(C(O4)O)O)O)O)O)O)O)O)O)O)O)O)O)O,2.6981005456233897,1.323073148727417,1.30960214138031,0.9930360317230225
1214,Q2HWU5_wild,C(C1C(C(C(C(O1)OCC(C(C(C(C=O)OC2C(C(C(C(O2)CO)O)O)OC3C(C(C(C(O3)CO)O)O)O)OC4C(C(C(C(O4)CO)O)O)O)OC5C(C(C(C(O5)CO)O)O)O)OC6C(C(C(C(O6)CO)O)O)O)O)O)O)O,2.6522463410033232,1.4747381210327148,1.2804564237594604,1.1019967794418335
1215,Q2HWU5_wild,C(C1C(C(C(C(O1)OCC2C(C(C(C(O2)OC(C(CO)O)C(C(C=O)O)O)O)O)O)O)O)O)O,2.7307822756663893,1.3702526092529297,0.9448946118354797,1.2710051536560059
1216,Q5FMB7_wild,C(C1C(C(C(C(O1)OCC2C(C(C(C(O2)OCC(C(C(C(C=O)O)O)O)O)O)O)O)O)O)O)O,2.584331224367531,1.5653035640716553,1.4092005491256714,1.1120063066482544
1217,Q5FMB7_wild,C(C1C(C(C(C(O1)OCC2C(C(C(C(O2)O)O)O)O)O)O)O)O,2.7134905430939424,1.4540140628814697,1.23638117313385,1.0876257419586182
1218,Q5FMB7_wild,C(C1C(C(C(C(O1)OCC2C(C(C(C(O2)OCC3C(C(C(C(O3)OCC4C(C(C(C(O4)O)O)O)O)O)O)O)O)O)O)O)O)O)O,2.699837725867246,1.3713672161102295,1.3763452768325806,1.0723979473114014
1219,Q5FMB7_wild,C(C1C(C(C(C(O1)OCC2C(C(C(C(O2)OC(C(CO)O)C(C(C=O)O)O)O)O)O)O)O)O)O,2.7867514221455614,1.5144253969192505,1.1369558572769165,1.2756098508834839
1220,Q5FMB7_wild,C1=CC(=CC=C1[N+](=O)[O-])OC2C(C(C(C(O2)CO)O)O)O,2.775974331129369,1.1019132137298584,0.4405049681663513,1.1400619745254517
1221,Q5FMB7_wild,C(C1C(C(C(C(O1)OCC2C(C(C(C(O2)OCC3C(C(C(C(O3)O)O)O)O)O)O)O)O)O)O)O,2.676693609624867,1.5660204887390137,1.3230351209640503,1.1369997262954712
1222,Q9WY06_wild,C1=NC2=C(N1C3C(C(C(O3)COP(=O)(O)OP(=O)(O)OP(=O)(O)O)O)O)NC(=O)NC2=O,1.3439990690571613,0.25377357006073,-0.35101813077926636,1.2216488122940063
1223,Q9WY06_wild,C1=NC2=C(C(=O)N1)N=CN2C3C(C(C(O3)COP(=O)(O)OP(=O)(O)OP(=O)(O)O)O)O,1.1420764610732848,0.20826327800750732,-0.14063997566699982,1.1419188976287842
1224,Q9WY06_wild,C1C(C(OC1N2C=NC3=C2N=CNC3=O)COP(=O)(O)OP(=O)(O)OP(=O)(O)O)O,1.2713768718940746,0.311358243227005,-0.3429082930088043,1.206794261932373
1225,F8J3D9_wild,CC(C=CCC1COC(C(C1O)O)CC(=CC(=O)OCCCCCCCCC(=O)O)C)C(C)O,0.505149978319906,0.34265363216400146,-1.2737728357315063,1.6214659214019775
1226,Q28943_C671S,C1=CNC(=O)NC1=O,-0.5228787452803376,0.07269349694252014,-2.3269801139831543,1.5377788543701172
1227,Q28943_wild,C1C=CN(C=C1C(=O)N)C2C(C(C(O2)COP(=O)(O)OP(=O)(O)OCC3C(C(C(O3)N4C=NC5=C(N=CN=C54)N)OP(=O)(O)O)O)O)O,-0.07058107428570727,0.8171371221542358,-1.7558265924453735,2.4284794330596924
1228,Q28943_wild,C1=CNC(=O)NC1=O,-0.10790539730951958,0.13359704613685608,-2.3505699634552,1.582411766052246
1229,Q28943_H673Q,C1=CNC(=O)NC1=O,-0.9318141382538383,0.10612079501152039,-2.345033884048462,1.5690208673477173
1230,Q28943_wild,CC1=CNC(=O)NC1=O,-0.37675070960209955,-0.1242285817861557,-2.4453814029693604,1.710209608078003
1231,Q28943_C671S,C1C=CN(C=C1C(=O)N)C2C(C(C(O2)COP(=O)(O)OP(=O)(O)OCC3C(C(C(O3)N4C=NC5=C(N=CN=C54)N)OP(=O)(O)O)O)O)O,-1.8239087409443189,0.7564418911933899,-1.7340763807296753,2.3636634349823
1232,Q28943_H673N,C1=CNC(=O)NC1=O,-1.1674910872937636,0.13479232788085938,-2.356119394302368,1.5876431465148926
1233,Q28943_C671S,CC1=CNC(=O)NC1=O,-3.619788758288394,-0.1851353645324707,-2.4290521144866943,1.6612061262130737
1234,Q28943_S670A,C1=CNC(=O)NC1=O,-0.7520267336381934,0.06984561681747437,-2.3336920738220215,1.5446362495422363
1235,Q28943_C126A,C1=CNC(=O)NC1=O,-0.5917600346881504,0.13834963738918304,-2.352975845336914,1.5881659984588623
1236,Q0P8H3_wild,C1=CN(C(=O)NC1=O)C2C(C(C(O2)COP(=O)(O)OP(=O)(O)OC3C(C(C(C(O3)CO)O)O)O)O)O,0.04139268515822508,0.1763455718755722,-0.9520925283432007,1.4016048908233643
1237,Q0P8H3_wild,C1=CC(=C[N+](=C1)C2C(C(C(O2)COP(=O)([O-])OP(=O)(O)OCC3C(C(C(O3)N4C=NC5=C(N=CN=C54)N)O)O)O)O)C(=O)N,-0.09691001300805639,0.32962238788604736,-0.5751596093177795,1.15751051902771
1238,P15291_wild,C(C1C(C(C(C(O1)OC2C(OC(C(C2O)N)OC(C(CO)O)C(C(C=O)N)O)CO)N)O)O)O,0.6821450763738317,-0.3147736191749573,-0.587773323059082,0.6791097521781921
1239,P15291_wild,CC(=O)NC1C(C(C(OC1O)CO)O)O,0.5563025007672873,0.4683651924133301,-0.3910786211490631,0.8156906366348267
1240,A8Q3I7_wild,CC1C2CCC3=C(C2(CCC1O)C)CCC4(C3(CCC4C(C)CCC(=C)C(C)C)C)C,-1.2218487496163564,-1.0559519529342651,-1.8235857486724854,0.91545569896698
1241,A8Q3I7_wild,CC(CCC=C(C)C)C1CCC2(C1(CCC3=C2CCC4C3(CCC(C4(C)C)O)C)C)C,-1.5228787452803376,-0.8198145627975464,-1.7255313396453857,0.9378927946090698
1242,A8Q3I7_wild,CC(C)C(=C)CCC(C)C1CCC2(C1(CCC3=C2CCC4C3(CCC(C4(C)C)O)C)C)C,-1.0457574905606752,-0.8849565982818604,-1.6995232105255127,0.916032075881958
1243,Q9P4W0_wild,CC(CCC=C(C)C)C1CCC2(C1(CCC3=C2CCC4C3(CCC(C4(C)C)O)C)C)C,-0.2596373105057561,-0.8802712559700012,-1.8226252794265747,1.0068998336791992
1244,Q7WTU5_wild,C1=CC=C(C(=C1)[N+](=O)[O-])OC2C(C(C(C(O2)CO)O)O)O,2.766040860381389,1.3096997737884521,-0.3947106897830963,1.6518359184265137
1245,Q7WTU5_wild,C(C1C(C(C(C(O1)OC2C(OC(C(C2O)O)O)CO)O)O)O)O,0.7160033436347992,1.4695374965667725,0.998534083366394,0.6666090488433838
1246,Q08KN3_wild,C1=CC=C(C(=C1)[N+](=O)[O-])OC2C(C(C(C(O2)CO)O)O)O,1.1038037209559568,1.2099087238311768,-0.2965521812438965,1.4575490951538086
1247,Q08KN3_wild,C(C1C(C(C(C(O1)OC2C(OC(C(C2O)O)O)CO)O)O)O)O,0.48000694295715063,1.3925786018371582,1.1908918619155884,0.49289271235466003
1248,A0A4D6J6N6_wild,C1=CC(=CC=C1C=CC(=O)O)O,-1.832682665251824,-0.13891322910785675,-0.5548635125160217,0.7504532337188721
1249,P22434_wild,C1C2C(C(C(O2)N3C=NC4=C(N=CN=C43)N)O)OP(=O)(O1)O,1.3222192947339193,0.5936866998672485,-1.220863938331604,1.4723968505859375
1250,P22434_wild,C1C2C(C(C(O2)N3C=NC4=C3N=C(NC4=O)N)O)OP(=O)(O1)O,1.1789769472931695,0.5248514413833618,-0.9479089975357056,1.1640781164169312
1251,Q9X1T1_wild,C1=NC(=C2C(=N1)N(C=N2)C3C(C(C(O3)COP(=O)([O-])[O-])OP(=O)([O-])OCC4C(C(C(O4)N5C=NC6=C5N=C(NC6=O)N)O)O)O)N,-0.585026652029182,0.16438639163970947,-0.6776100397109985,1.0056427717208862
1252,A0A1J5NX54_R31I/T32K,C1=CC(=C[N+](=C1)C2C(C(C(O2)COP(=O)([O-])OP(=O)(O)OCC3C(C(C(O3)N4C=NC5=C(N=CN=C54)N)O)O)O)O)C(=O)N,1.1119342763326816,0.45277243852615356,-0.5125064849853516,1.5443931818008423
1253,L7T8Y9_N336A,C(C(=O)O)N,-0.28399665636520083,-0.5052320957183838,0.7087550163269043,-0.17100182175636292
1254,L7T8Y9_N336K,C(C(=O)O)NCP(=O)(O)O,-0.721246399047171,-0.24106952548027039,0.9754189848899841,-0.23481246829032898
1255,L7T8Y9_wild,CC(C(=O)O)N,-0.09151498112135023,-0.19613847136497498,1.3195785284042358,0.040830403566360474
1256,L7T8Y9_wild,C(C(=O)O)NCP(=O)(O)O,-0.060480747381381476,-0.22704941034317017,1.0099111795425415,-0.2426074743270874
1257,L7T8Y9_G51R/D60G/T118A/K133R/I284L,C(C(=O)O)NCP(=O)(O)O,-1.1135092748275182,-0.30358415842056274,1.025797963142395,-0.27152904868125916
1258,L7T8Y9_D60G,C(C(=O)O)NCP(=O)(O)O,-0.9208187539523752,-0.21735817193984985,1.0075833797454834,-0.23427841067314148
1259,L7T8Y9_wild,CNCC(=O)O,-0.00877392430750515,-0.4316929280757904,0.20936155319213867,-0.04108110070228577
1260,L7T8Y9_N336G,C(C(=O)O)NCP(=O)(O)O,-0.2076083105017461,-0.2733250558376312,1.0085259675979614,-0.2597053647041321
1261,L7T8Y9_N336H,C(C(=O)O)N,-0.431798275933005,-0.48543062806129456,0.6891975998878479,-0.16113659739494324
1262,L7T8Y9_N336R,C(C(=O)O)N,-1.619788758288394,-0.49067047238349915,0.6554021239280701,-0.16145837306976318
1263,L7T8Y9_wild,C(C(=O)O)N,-0.14874165128092473,-0.4713510274887085,0.7024936079978943,-0.1604771912097931
1264,L7T8Y9_N336R,C(C(=O)O)NCP(=O)(O)O,-1.6777807052660807,-0.26067084074020386,0.9756852388381958,-0.23982301354408264
1265,L7T8Y9_N336G,C(C(=O)O)N,-0.17392519729917355,-0.5174404978752136,0.696064829826355,-0.17757725715637207
1266,L7T8Y9_N336A,C(C(=O)O)NCP(=O)(O)O,-0.17392519729917355,-0.2637995183467865,1.018520474433899,-0.2524889409542084
1267,L7T8Y9_G51R/D60G/K133R/V262I,C(C(=O)O)NCP(=O)(O)O,1.806179973983887,-0.31504321098327637,1.0357255935668945,-0.2872355282306671
1268,L7T8Y9_N336K,C(C(=O)O)N,-0.6020599913279624,-0.48070821166038513,0.6660692095756531,-0.15984955430030823
1269,L7T8Y9_G51R/D60G/T118A/K133R/I284L,C(C(=O)O)N,-1.4202164033831899,-0.539010763168335,0.7606564164161682,-0.22464054822921753
1270,L7T8Y9_G51R/D60G,C(C(=O)O)N,-2.154901959985743,-0.5501517653465271,0.7599943280220032,-0.247521311044693
1271,L7T8Y9_N336H,C(C(=O)O)NCP(=O)(O)O,-0.6382721639824072,-0.2527848482131958,1.00479257106781,-0.24353167414665222
1272,L7T8Y9_G51R/D60G/T118A/K133R,C(C(=O)O)NCP(=O)(O)O,-1.1611509092627446,-0.3168553113937378,1.020528793334961,-0.27755171060562134
1273,L7T8Y9_G51R/D60G/T118A/K133R,C(C(=O)O)N,-1.6478174818886375,-0.5490779280662537,0.7534520030021667,-0.2308456003665924
1274,L7T8Y9_D60G,C(C(=O)O)N,-1.1191864077192086,-0.4498096704483032,0.7133233547210693,-0.1645558774471283
1275,L7T8Y9_G51R/D60G,C(C(=O)O)NCP(=O)(O)O,-1.337242168318426,-0.31668204069137573,1.0311682224273682,-0.29613757133483887
1276,L7T8Y9_G51R/D60G/K133R/V262I,C(C(=O)O)N,-1.5086383061657274,-0.5479640364646912,0.7609472870826721,-0.234531432390213
1277,L7T8Y9_G51R,C(C(=O)O)N,-1.7212463990471711,-0.5680047869682312,0.7515041828155518,-0.24250435829162598
1278,L7T8Y9_G51R,C(C(=O)O)NCP(=O)(O)O,-1.3098039199714864,-0.3236997723579407,1.038915753364563,-0.3080097436904907
1279,Q9ZVJ5_K71R,C(C(COP(=O)(O)O)O)O,1.3424226808222062,0.5414716601371765,0.706187903881073,0.48721978068351746
1280,Q9ZVJ5_I68M,C(C1C(C(C(C(O1)O)O)O)O)OP(=O)(O)O,1.5185139398778875,0.67856764793396,0.4438367486000061,1.0122579336166382
1281,Q9ZVJ5_I68M,C(C(C(C(C(C=O)O)O)O)O)OP(=O)(O)O,1.414973347970818,0.40287497639656067,0.5314721465110779,0.6794686317443848
1282,Q9ZVJ5_A69M,C(C1C(C(C(C(O1)O)O)O)O)OP(=O)(O)O,1.414973347970818,0.6166661381721497,0.43366292119026184,0.9898563623428345
1283,Q9ZVJ5_K71R,C(C(C(C(C(C=O)O)O)O)O)OP(=O)(O)O,1.3802112417116061,0.36329418420791626,0.5144719481468201,0.631590723991394
1284,Q9ZVJ5_I68M,C(C(COP(=O)(O)O)O)O,1.3802112417116061,0.5503196716308594,0.7235518097877502,0.5213860273361206
1285,Q9ZVJ5_A69M,C(C(C(C(C(C=O)O)O)O)O)OP(=O)(O)O,0.8512583487190752,0.3615454137325287,0.5187461972236633,0.6630131602287292
1286,Q9ZVJ5_wild,C(C(COP(=O)(O)O)O)O,1.3617278360175928,0.5455957651138306,0.7230687141418457,0.5032470226287842
1287,Q9ZVJ5_K71R,C(C1C(C(C(C(O1)O)O)O)O)OP(=O)(O)O,1.505149978319906,0.6483619213104248,0.4329572021961212,0.9762823581695557
1288,Q9ZVJ5_A69M,C(C(COP(=O)(O)O)O)O,0.8195439355418687,0.4770444631576538,0.7255313396453857,0.49458903074264526
1289,A9KT32_wild,C1C(C(C(C(O1)CO)O)O)O,2.0791812460476247,1.3413794040679932,1.1755410432815552,0.5802163481712341
1290,A9KT32_wild,C(C1C(C(C(C(O1)O)O)O)O)O,2.041392685158225,1.3401696681976318,0.7981992959976196,0.9008427262306213
1291,A9KT32_wild,[O-]P(=O)([O-])[O-],1.8260748027008264,1.45564603805542,-0.04649590328335762,1.4785969257354736
1292,A9KT32_wild,C1C(C(C(C(O1)O)O)O)O,2.0718820073061255,1.5723899602890015,0.9079670310020447,0.892640233039856
1293,A9KSL5_wild,C(C1C(C(C(C(O1)O)O)O)O)O,1.7160033436347992,1.4676122665405273,0.8105326294898987,1.0217219591140747
1294,A9KSL5_wild,C1C(C(C(C(O1)CO)O)O)O,1.4771212547196624,1.3887994289398193,1.15643310546875,0.7120420336723328
1295,A9KSL5_wild,C1C(C(C(C(O1)O)O)O)O,1.6020599913279625,1.6596921682357788,0.9083285331726074,1.0573774576187134
1296,A9KSL5_wild,COC1C(C(C(C(O1)CO)O)O)O,0.919078092376074,1.1866321563720703,0.9852924346923828,0.7199891805648804
1297,A9KSL5_wild,C(C1C(C(C(C(O1)O)O)OC2C(C(C(C(O2)CO)O)O)O)O)O,1.4913616938342726,1.2458559274673462,0.5890456438064575,1.0493807792663574
1298,A9KSL5_wild,C(C1C(C(C(C(O1)OP(=O)([O-])[O-])O)O)O)O,1.7634279935629373,1.4093873500823975,-0.07504451274871826,1.2537055015563965
1299,B2DFG5_wild,C(C(C(=O)O)N)O,0.9385197251764918,0.4759930968284607,0.5074791312217712,0.843397855758667
1300,B2DFG5_wild,C(C(C(=O)O)O)(C(=O)O)N,0.9385197251764918,1.2810728549957275,-0.3348148763179779,1.380953311920166
1301,B2DFG5_wild,C(C(C(=O)[O-])O)(C(=O)[O-])[NH3+],1.0386201619497029,0.843380331993103,-0.6499733328819275,1.5463871955871582
1302,E1V4Y1_wild,C(C(C(C(C(C(=O)[O-])O)O)O)O)O,0.25527250510330607,1.2301123142242432,0.007041078060865402,1.7160530090332031
1303,Q94F00_wild,C1(C(C(C(C(C1O)O)OP(=O)(O)O)O)O)O,-0.22184874961635637,0.9754884243011475,-1.3266607522964478,1.6011959314346313
1304,Q94F00_wild,C(C1C(C(C(C(O1)OP(=O)(O)O)O)O)O)O,0.38021124171160603,0.7904826402664185,-0.9541159868240356,1.1800183057785034
1305,Q9CA90_wild,C1=CC=C(C=C1)CC(=O)C(=O)O,-1.4814860601221125,0.8999796509742737,0.17698749899864197,0.23427680134773254
1306,Q9CA90_wild,C1=CC(=CC=C1CC(=O)C(=O)O)O,-0.9136401693252518,0.5390182733535767,-0.1448742300271988,0.40069109201431274
1307,Q9CA90_wild,C(C(=O)C(=O)O)O,-0.03151705144606486,0.7044995427131653,0.44706231355667114,0.5332832336425781
1308,F8AEA4_wild,C(C(=O)C(=O)O)O,1.3979400086720377,2.3286736011505127,-0.21418476104736328,2.107116222381592
1309,Q8U3Y2_wild,C(C(=O)C(=O)O)O,1.0,2.261522054672241,-0.2925509214401245,2.2777600288391113
1310,Q608T2_wild,C1C=CN(C=C1C(=O)N)C2C(C(C(O2)COP(=O)(O)OP(=O)(O)OCC3C(C(C(O3)N4C=NC5=C(N=CN=C54)N)O)O)O)O,1.6232492903979006,1.095750331878662,-1.0253018140792847,2.085777997970581
1311,Q608T2_wild,C(C(=O)C(=O)[O-])O,1.6232492903979006,1.2373950481414795,0.15981116890907288,1.329789161682129
1312,Q608T2_wild,C(=O)C(=O)[O-],1.6127838567197355,1.379004955291748,0.4868171513080597,0.9590076804161072
1313,Q608T2_wild,C1C=CN(C=C1C(=O)N)C2C(C(C(O2)COP(=O)(O)OP(=O)(O)OCC3C(C(C(O3)N4C=NC5=C(N=CN=C54)N)OP(=O)(O)O)O)O)O,1.3617278360175928,0.929108202457428,-1.0374494791030884,2.139981746673584
1314,P31852_wild,CC(C)(COP(=O)(O)OP(=O)(O)OCC1C(C(C(O1)N2C=NC3=C(N=CN=C32)N)O)OP(=O)(O)O)C(C(=O)NCCC(=O)NCCSC(=O)CCC(=O)O)O,-0.6575773191777937,1.180262565612793,-0.728295087814331,1.6421668529510498
1315,Q82TA7_wild,C(C(C=O)O)OP(=O)(O)O,-1.7772835288524167,1.0117206573486328,-0.15172618627548218,1.215141773223877
1316,A0A090IMH4_wild,C=C(C(=O)O)OP(=O)(O)O,0.5740312677277188,0.20754370093345642,-0.4026060998439789,1.0121564865112305
1317,A0A090IMH4_wild,CC(=O)NC1C(C(C(OC1O)CO)O)O,0.5705429398818975,-0.06697140634059906,0.8791497349739075,0.19250184297561646
1318,D7BAR0_wild,C(C(C(=O)[O-])O)O,2.1072099696478683,0.9654264450073242,1.0124861001968384,0.6761817932128906
1319,D7BAR0_wild,C(C1C(C(C(C(O1)OC(CO)C(=O)[O-])O)O)O)O,-0.08092190762392612,0.9443991780281067,0.990389347076416,0.610610842704773
1320,D7BAR0_wild,[O-]P(=O)([O-])[O-],-0.00877392430750515,1.1563961505889893,0.9300345182418823,0.6291131973266602
1321,D7BAR0_wild,C(C1C(C(C(C(O1)OP(=O)([O-])[O-])O)O)O)O,1.9822712330395684,1.0414172410964966,0.3984682261943817,0.718352198600769
1322,P76041_wild,C(C1C(C(C(C(O1)OC(CO)C(=O)[O-])O)O)O)O,0.3222192947339193,0.35580065846443176,0.34921690821647644,0.9060084819793701
1323,P76041_wild,[O-]P(=O)([O-])[O-],0.38021124171160603,0.922034740447998,0.3891367018222809,0.7594075202941895
1324,Q9AJS0_D468V,CC(=O)O.C(C(C(C(C(C=O)O)O)O)O)O,0.11727129565576427,0.9041865468025208,0.8686109781265259,1.097308874130249
1325,Q9AJS0_wild,CC(=O)O.C(C(C(C(C(C=O)O)O)O)O)O,-0.12493873660829995,0.9136199951171875,0.8877530097961426,1.084254264831543
1326,Q9AJS0_D468E/D471V,CC(=O)O.C(C(C(C(C(C=O)O)O)O)O)O,-0.16749108729376366,0.915780782699585,0.8783816695213318,1.0947277545928955
1327,Q9AJS0_D471A,CC(=O)O.C(C(C(C(C(C=O)O)O)O)O)O,-0.14266750356873156,0.9098536968231201,0.8931302428245544,1.0862481594085693
1328,Q9AJS0_D471E,CC(=O)O.C(C(C(C(C(C=O)O)O)O)O)O,-0.036212172654444715,0.9259295463562012,0.8902263641357422,1.0873329639434814
1329,Q9AJS0_D469V,CC(=O)O.C(C(C(C(C(C=O)O)O)O)O)O,0.5289167002776547,0.8968316316604614,0.8763281106948853,1.0886176824569702
1330,Q9AJS0_D468A/D469A,CC(=O)O.C(C(C(C(C(C=O)O)O)O)O)O,0.15533603746506178,0.9026393890380859,0.873367428779602,1.0890356302261353
1331,Q9AJS0_D469E,CC(=O)O.C(C(C(C(C(C=O)O)O)O)O)O,0.6998377258672457,0.9158535003662109,0.8853350877761841,1.0809943675994873
1332,C1E5X2_wild,C1=CC(=C[N+](=C1)C2C(C(C(O2)COP(=O)(O)OP(=O)(O)OCC3C(C(C(O3)N4C=NC5=C(N=CN=C54)N)OP(=O)(O)O)O)O)O)C(=O)N,0.14612803567823798,0.6261082291603088,-0.5824439525604248,1.6397680044174194
1333,C1E5X2_wild,C1=CC(=C[N+](=C1)C2C(C(C(O2)COP(=O)([O-])OP(=O)(O)OCC3C(C(C(O3)N4C=NC5=C(N=CN=C54)N)O)O)O)O)C(=O)N,1.3521825181113625,0.6431828737258911,-0.1070413738489151,1.4489154815673828
1334,A4SBK5_wild,C1=CC(=C[N+](=C1)C2C(C(C(O2)COP(=O)(O)OP(=O)(O)OCC3C(C(C(O3)N4C=NC5=C(N=CN=C54)N)OP(=O)(O)O)O)O)O)C(=O)N,1.0,0.6517042517662048,-0.582683801651001,1.698510766029358
1335,A4SBK5_D326R/M327H,C1=CC(=C[N+](=C1)C2C(C(C(O2)COP(=O)(O)OP(=O)(O)OCC3C(C(C(O3)N4C=NC5=C(N=CN=C54)N)OP(=O)(O)O)O)O)O)C(=O)N,0.25527250510330607,0.6586064696311951,-0.6059330701828003,1.7154639959335327
1336,A4SBK5_D326R/M327H,C1=CC(=C[N+](=C1)C2C(C(C(O2)COP(=O)([O-])OP(=O)(O)OCC3C(C(C(O3)N4C=NC5=C(N=CN=C54)N)O)O)O)O)C(=O)N,1.4638929889859074,0.6805245876312256,-0.08844161033630371,1.4890944957733154
1337,A4SBK5_wild,C1=CC(=C[N+](=C1)C2C(C(C(O2)COP(=O)([O-])OP(=O)(O)OCC3C(C(C(O3)N4C=NC5=C(N=CN=C54)N)O)O)O)O)C(=O)N,1.7824726241662863,0.6690195798873901,-0.07257570326328278,1.477684736251831
1338,Q52400_wild,C(C(C(=O)O)N)O,-1.6989700043360187,0.03581157699227333,0.25083276629447937,0.15356658399105072
1339,Q52400_wild,CC(C(C(=O)O)N)O,-0.3142582613977364,0.35313498973846436,-0.19105568528175354,0.5456841588020325
1340,P32322_wild,C1C=CC(N1)C(=O)O,1.0,0.6631688475608826,0.1422346979379654,0.8620239496231079
1341,P32322_T238A,C1CC(N=C1)C(=O)O,1.146128035678238,0.49623000621795654,-0.4253779351711273,0.8518050312995911
1342,P32322_wild,C1C=CN(C=C1C(=O)N)C2C(C(C(O2)COP(=O)(O)OP(=O)(O)OCC3C(C(C(O3)N4C=NC5=C(N=CN=C54)N)OP(=O)(O)O)O)O)O,1.8692317197309762,0.8358657360076904,-0.8682599663734436,2.2773256301879883
1343,P32322_wild,C1CC(N=C1)C(=O)O,1.4913616938342726,0.5864604115486145,-0.4474828541278839,0.9487754106521606
1344,P32322_T238A,C1C=CN(C=C1C(=O)N)C2C(C(C(O2)COP(=O)(O)OP(=O)(O)OCC3C(C(C(O3)N4C=NC5=C(N=CN=C54)N)OP(=O)(O)O)O)O)O,1.3617278360175928,0.7446509599685669,-0.8612911701202393,2.1658499240875244
1345,P32322_wild,C1C=CN(C=C1C(=O)N)C2C(C(C(O2)COP(=O)(O)OP(=O)(O)OCC3C(C(C(O3)N4C=NC5=C(N=CN=C54)N)O)O)O)O,2.338456493604605,1.0117988586425781,-0.7533223032951355,2.2506444454193115
1346,Q96C36_R119C,C1C=CN(C=C1C(=O)N)C2C(C(C(O2)COP(=O)(O)OP(=O)(O)OCC3C(C(C(O3)N4C=NC5=C(N=CN=C54)N)OP(=O)(O)O)O)O)O,0.17609125905568124,0.6308020353317261,-0.8367911577224731,2.0146803855895996
1347,Q96C36_R251C,C1CC(N=C1)C(=O)O,0.505149978319906,0.2846508026123047,-0.3604297339916229,0.5851194262504578
1348,Q96C36_R119C,C1CC(N=C1)C(=O)O,-0.8860566476931633,0.3803432583808899,-0.4468971788883209,0.7561545372009277
1349,Q96C36_wild,C1CC(N=C1)C(=O)O,1.787460474518415,0.6397571563720703,-0.5230066776275635,1.052659273147583
1350,Q96C36_R251C,C1C=CN(C=C1C(=O)N)C2C(C(C(O2)COP(=O)(O)OP(=O)(O)OCC3C(C(C(O3)N4C=NC5=C(N=CN=C54)N)O)O)O)O,0.7708520116421442,0.7115801572799683,-0.6799144744873047,1.8238205909729004
1351,Q96C36_R251C,C1C=CN(C=C1C(=O)N)C2C(C(C(O2)COP(=O)(O)OP(=O)(O)OCC3C(C(C(O3)N4C=NC5=C(N=CN=C54)N)OP(=O)(O)O)O)O)O,0.25527250510330607,0.5333166122436523,-0.7905486226081848,1.8481135368347168
1352,Q96C36_wild,C1C=CN(C=C1C(=O)N)C2C(C(C(O2)COP(=O)(O)OP(=O)(O)OCC3C(C(C(O3)N4C=NC5=C(N=CN=C54)N)OP(=O)(O)O)O)O)O,1.3802112417116061,0.8912410736083984,-0.8775753974914551,2.3487374782562256
1353,Q96C36_R119C,C1C=CN(C=C1C(=O)N)C2C(C(C(O2)COP(=O)(O)OP(=O)(O)OCC3C(C(C(O3)N4C=NC5=C(N=CN=C54)N)O)O)O)O,-1.8239087409443189,0.8105912208557129,-0.7552012205123901,2.0045061111450195
1354,Q96C36_wild,C1C=CN(C=C1C(=O)N)C2C(C(C(O2)COP(=O)(O)OP(=O)(O)OCC3C(C(C(O3)N4C=NC5=C(N=CN=C54)N)O)O)O)O,1.6803355134145632,1.0647544860839844,-0.7942237854003906,2.337209939956665
1355,A1RX09_wild,C1=NC(=C2C(=N1)N(C=N2)C3C(C(C(O3)COP(=O)(O)OP(=O)(O)O)O)O)N,-0.6989700043360187,0.5806016325950623,-1.041937232017517,1.5352541208267212
1356,A1RX09_wild,C=C(C(=O)O)OP(=O)(O)O,0.0,0.8964852690696716,-0.6985142230987549,1.1899659633636475
1357,Q6GZ04_L104A,C1=CC=C(C=C1)CC(C(=O)O)N,-2.5228787452803374,-0.07896378636360168,-0.8548867702484131,0.646813154220581
1358,Q6GZ04_wild,C1=CC=C(C=C1)CC(C(=O)O)N,-1.275724130399211,-0.03418238088488579,-0.8914110660552979,0.6728260517120361
1359,Q68G84_L97G,C1=CC=C(C=C1)C(CC(=O)[O-])[NH3+],-0.9318141382538383,-0.09824655950069427,-0.7897428274154663,0.5332142114639282
1360,Q68G84_L97G/C89T,C1=CC=C(C=C1)C(CC(=O)[O-])[NH3+],-1.207608310501746,-0.09072218835353851,-0.7980668544769287,0.5325321555137634
1361,Q68G84_wild,C1=CC=C(C=C1)C(CC(=O)[O-])[NH3+],-2.036212172654445,-0.09219954907894135,-0.7801294326782227,0.5394018292427063
1362,O95363_wild,C1=CC=C(C=C1)CC(C(=O)O)N,0.04139268515822508,0.2173314094543457,-1.0819631814956665,0.5025740265846252
1363,O95363_wild,C1=NC(=C2C(=N1)N(C=N2)C3C(C(C(O3)COP(=O)(O)OP(=O)(O)OP(=O)(O)O)O)O)N,0.4623979978989561,-0.13880254328250885,-0.7334561347961426,0.6549063920974731
1364,O95363_wild,C1=CC(=CC(=C1)O)CC(C(=O)O)N,-1.2839966563652008,-0.48612725734710693,-1.1592462062835693,0.3198850154876709
1365,O95363_wild,C1=CC(=CC=C1CC(C(=O)O)N)O,-1.4814860601221125,-0.388934850692749,-1.0762859582901,0.3387282192707062
1366,O95363_wild,C1=CC(=C(C=C1CC(C(=O)O)N)O)O,-1.2441251443275085,-0.1703866869211197,-0.9790603518486023,0.43482041358947754
1367,P36924_wild,C(C1C(C(C(C(O1)OC2C(OC(C(C2O)O)OCC3C(C(C(C(O3)OC4C(OC(C(C4O)O)O)CO)O)O)OC5C(C(C(C(O5)CO)O)O)O)CO)O)O)O)O,3.4375920322539613,1.3101005554199219,-0.08650049567222595,1.978003978729248
1368,U6CL97_wild,CCCC=O,1.3031960574204888,0.7504502534866333,0.5630056858062744,0.430510014295578
1369,U6CL97_wild,CCCCC=O,1.6919651027673603,0.9238445162773132,0.022520210593938828,0.8788876533508301
1370,Q8TGC6_wild,C(C1C(C(C(C(O1)OC2C(OC(C(C2O)O)O)CO)O)O)O)O,1.4742162640762553,0.9389613270759583,0.5169405341148376,1.3874493837356567
1371,Q8TGC6_wild,C1=CC(=CC=C1C2(C(C(C(C(O2)CO)O)O)O)O)[N+](=O)[O-],2.0132586652835167,1.3050379753112793,-0.13174556195735931,1.8827224969863892
1372,Q9P8F4_wild,C1=CC(=CC=C1[N+](=O)[O-])OC2C(C(C(C(O2)CO)O)O)O,3.6020599913279625,1.2705539464950562,-0.05775142088532448,2.0896716117858887
1373,Q8TGI8_wild,C(C1C(C(C(C(O1)OC2C(OC(C(C2O)O)O)CO)O)O)O)O,1.7403626894942439,0.9506843686103821,0.616178572177887,1.3899204730987549
1374,Q8TGI8_wild,C1=CC(=C(C=C1[N+](=O)[O-])Cl)OC2C(C(C(C(O2)CO)O)O)O,1.146128035678238,1.3504968881607056,-0.07429950684309006,1.995490550994873
1375,Q8TGI8_wild,C1=CC(=CC=C1[N+](=O)[O-])OC2C(C(C(C(O2)CO)O)O)O,3.3475251599986895,1.3908731937408447,0.026279769837856293,2.157837390899658
1376,Q8TGI8_wild,C(C1C(C(C(C(O1)OC2C(OC(C(C2O)O)OC3C(OC(C(C3O)O)O)CO)CO)O)O)O)O,-0.14266750356873156,0.7551981806755066,0.1523122638463974,1.448014259338379
1377,A5A4M8_wild,C(C1C(C(C(C(O1)OC2C(OC(C(C2O)O)O)CO)O)O)O)O,1.6334684555795866,0.8188936710357666,0.6413893699645996,1.1746770143508911
1378,A0A191KCR1_wild,C1=CC(=CC=C1[N+](=O)[O-])OC2C(C(C(C(O2)CO)O)O)O,1.8637985386805003,1.1859331130981445,-0.06587421894073486,1.9823999404907227
1379,A0A191KCR2_wild,C1=CC(=CC=C1[N+](=O)[O-])OC2C(C(C(C(O2)CO)O)O)O,1.6065963091792852,1.165589690208435,-0.23622539639472961,1.9588373899459839
1380,A5A4M8_wild,C1=CC(=CC=C1[N+](=O)[O-])OC2C(C(C(C(O2)CO)O)O)O,2.0718820073061255,1.1762844324111938,-0.04073089733719826,1.9356030225753784
1381,A9KM56_wild,CC1C(C(C(C(O1)O)O)O)O,0.2041199826559248,1.0176007747650146,0.47564229369163513,0.7299003005027771
1382,A9KM56_wild,C(C1C(C(C(C(O1)OP(=O)(O)O)O)O)O)O,0.3979400086720376,0.6414700746536255,0.06984536349773407,0.5964957475662231
1383,P0A8Q3_wild,CC1=C(C(=O)C(=C(C1=O)OC)OC)CC=C(C)CCC=C(C)CCC=C(C)CCC=C(C)CCC=C(C)CCC=C(C)CCC=C(C)CCC=C(C)CCC=C(C)CCC=C(C)C,1.3961993470957363,1.8427093029022217,-2.096160888671875,2.8610191345214844
1384,P0A8Q3_wild,[C-]#N.[C-]#N.[C-]#N.[C-]#N.[C-]#N.[C-]#N.[Fe+3],1.4578818967339924,1.7535488605499268,-1.1362725496292114,1.8924951553344727
1385,P0A8Q3_wild,CC1=C(C2=CC=CC=C2C(=C1CC=C(C)CCC=C(C)C)O)O,2.346744054604849,1.0203062295913696,-2.245103120803833,2.1501729488372803
1386,Q6XQN6_wild,C(C1C(C(C(O1)OP(=O)(O)OP(=O)(O)O)O)O)OP(=O)(O)O,-0.44369749923271273,0.15511035919189453,-1.39437735080719,1.2514921426773071
1387,Q6XQN6_wild,C1=CC(=CN=C1)C(=O)[O-],-0.6020599913279624,0.0921815037727356,-1.5534592866897583,0.8592661619186401
1388,Q93QX0_R37A,C(C(C(=O)O)N)C(=O)O,2.4313637641589874,0.32070356607437134,0.9374893307685852,0.06303095817565918
1389,Q93QX0_wild,C(C(C(=O)O)N)C(=O)O,2.645422269349092,0.47054314613342285,0.8212031722068787,0.2488979697227478
1390,Q93QX0_Y441F,C(C(C(=O)O)N)C(=O)O,2.436162647040756,0.4641730785369873,0.8224765062332153,0.23904573917388916
1391,Q93QX0_Y134F,C(C(C(=O)O)N)C(=O)O,2.413299764081252,0.45913708209991455,0.8276673555374146,0.22896409034729004
1392,Q93QX0_K315A,C(C(C(=O)O)N)C(=O)O,2.4456042032735974,0.17769822478294373,0.8947427272796631,-0.08828592300415039
1393,Q93QX0_Y207F,C(C(C(=O)O)N)C(=O)O,2.4683473304121573,0.45490437746047974,0.8307647705078125,0.2225736528635025
1394,Q93QX0_K17A,C(C(C(=O)O)N)C(=O)O,2.4927603890268375,0.46725893020629883,0.8345562815666199,0.23343569040298462
1395,Q845W8_R37A,C(C(C(=O)O)N)C(=O)O,-0.15490195998574322,0.3387511670589447,0.8732799887657166,0.11776314675807953
1396,Q845W8_wild,C(C(C(=O)O)N)C(=O)O,0.6334684555795865,0.4827244281768799,0.7610644102096558,0.2854805588722229
1397,M2RF26_wild,C1=CC2=C(C=C1O)C(=CN2)CC(C(=O)O)N,-0.7695510786217261,-0.3211846351623535,0.050602834671735764,0.5088279247283936
1398,M2RF26_wild,C1=CC=C2C(=C1)C(=CN2)CC(C(=O)O)N,0.08278537031645007,-0.30352744460105896,-0.06849867105484009,0.6046946048736572
1399,Q9T0N8_wild,C1=CC(=C(C=C1C=CC(=O)O)O)O,-0.5228787452803376,-0.5623905062675476,-1.2260180711746216,1.649598240852356
1400,Q9T0N8_wild,C1=CC=C(C(=C1)C=CC(=O)O)O,-0.5228787452803376,-0.24621903896331787,-1.2961127758026123,1.9463101625442505
1401,Q9T0N8_wild,O=O,-0.22184874961635637,0.3478178083896637,-1.4767810106277466,2.469557523727417
1402,Q9T0N8_wild,C1=CC(=C(C=C1CC(C(=O)O)OC(=O)C=CC2=CC(=C(C=C2)O)O)O)O,-0.3979400086720376,-0.06662434339523315,-1.4570153951644897,2.539365530014038
1403,Q9T0N8_wild,COC1=C(C=C2C(=C1)C=C(C(=O)O2)OC3=CC4=C(C=C3)C=CC(=O)O4)O,0.0,-0.4002966284751892,-2.2464351654052734,2.7068798542022705
1404,Q9T0N8_wild,CC1=C(C(=O)C2=CC=CC=C2C1=O)CC=C(C)CCCC(C)CCCC(C)CCCC(C)C,0.36172783601759284,-0.1697583645582199,-2.379676103591919,2.9417171478271484
1405,Q9T0N8_wild,COC1=C(C=C2C(=C1)C=CC(=O)O2)O,0.14612803567823798,0.12140940129756927,-2.071986436843872,2.4416189193725586
1406,Q9T0N8_wild,CC(=CCNC1=C2C(=NC=N1)N(C=N2)C3C(C(C(O3)CO)O)O)CO,1.3222192947339193,-0.045745525509119034,-1.7168560028076172,2.3747060298919678
1407,Q9T0N8_wild,CC(=CCNC1=NC=NC2=C1NC=N2)C,2.1571544399062814,-0.07540935277938843,-2.8618056774139404,2.490408420562744
1408,Q9T0N8_wild,CC(=CCNC1=NC=NC2=C1NC=N2)CO,2.130333768495006,-0.015348542481660843,-2.2337162494659424,2.4113383293151855
1409,Q9T0N8_wild,CC(=CCNC1=C2C(=NC=N1)N(C=N2)C3C(C(C(O3)CO)O)O)C,2.1132746924643504,-0.07675418257713318,-2.0551106929779053,2.461751937866211
1410,Q9T0N8_wild,C1=CC(=O)C=CC1=NC2=CC(=C(C(=C2)Cl)O)Cl,2.444044795918076,-0.03127244487404823,-1.8557968139648438,2.3575732707977295
1411,Q9T0N8_wild,CC1=CC(=O)C2=CC=CC=C2C1=O,1.931457870689005,0.17063920199871063,-2.1650032997131348,3.0102384090423584
1412,Q9T0N8_wild,CC1=CC(=O)C(=C(C1=O)OC)OC,2.1571544399062814,0.1841738075017929,-1.1587332487106323,2.167239189147949
1413,Q9T0N8_wild,C1=CC=C2C(=O)C=CC(=O)C2=C1,2.229425847920695,0.518924355506897,-2.122828722000122,2.8170876502990723
1414,Q9T0N8_wild,CC1=C(C(=O)C(=C(C1=O)OC)OC)CC=C(C)C,2.090258052931316,0.11683076620101929,-1.4760112762451172,2.726093292236328
1415,Q9BX63_wild,C1=NC(=C2C(=N1)N(C=N2)C3C(C(C(O3)COP(=O)(O)OP(=O)(O)OP(=O)(O)O)O)O)N,1.6364878963533653,-0.9555840492248535,-0.574781060218811,0.5354520678520203
1416,Q9BX63_Q25A,C1=NC(=C2C(=N1)N(C=N2)C3C(C(C(O3)COP(=O)(O)OP(=O)(O)OP(=O)(O)O)O)O)N,0.5563025007672873,-1.0233635902404785,-0.5302369594573975,0.44429928064346313
1417,Q9BX63_K52R,C1=NC(=C2C(=N1)N(C=N2)C3C(C(C(O3)COP(=O)(O)OP(=O)(O)OP(=O)(O)O)O)O)N,-1.0705810742857071,-1.0244121551513672,-0.5434917211532593,0.44373348355293274
1418,Q9YGB0_wild,C1=CC=C2C(=C1)C=CN2,0.5390760987927766,-0.08971704542636871,-1.561173915863037,1.4043309688568115
1419,A0A0H3GFM5_R200K,C1=NC(=C2C(=N1)N(C=N2)C3C(C(C(O3)COP(=O)(O)OP(=O)(O)OP(=O)(O)O)O)O)N,-1.0,-0.2318476140499115,-1.4973381757736206,0.9349801540374756
1420,A0A0H3GFM5_K98Q,C1=NC(=C2C(=N1)N(C=N2)C3C(C(C(O3)COP(=O)(O)OP(=O)(O)OP(=O)(O)O)O)O)N,-0.7695510786217261,-0.17199793457984924,-1.5232362747192383,1.0204063653945923
1421,A0A0H3GFM5_T88V,CC1=CC2=C(C=C1C)N(C=N2)C3C(C(C(O3)CO)OP(=O)([O-])OC(C)CNC(=O)CCC4(C(C5C6(C(C(C(=N6)C(=C7C(C(C(=N7)C=C8C(C(C(=N8)C(=C4[N-]5)C)CCC(=O)N)(C)C)CCC(=O)N)(C)CC(=O)N)C)CCC(=O)N)(C)CC(=O)N)C)CC(=O)N)C)O.[Co],-0.585026652029182,-0.04373398795723915,-2.2382442951202393,1.695080280303955
1422,A0A0H3GFM5_wild,CC1=CC2=C(C=C1C)N(C=N2)C3C(C(C(O3)CO)OP(=O)([O-])OC(C)CNC(=O)CCC4(C(C5C6(C(C(C(=N6)C(=C7C(C(C(=N7)C=C8C(C(C(=N8)C(=C4[N-]5)C)CCC(=O)N)(C)C)CCC(=O)N)(C)CC(=O)N)C)CCC(=O)N)(C)CC(=O)N)C)CC(=O)N)C)O.[Co],-0.6777807052660807,0.009464915841817856,-2.219978094100952,1.716665506362915
1423,A0A0H3GFM5_wild,C1=NC(=C2C(=N1)N(C=N2)C3C(C(C(O3)COP(=O)(O)OP(=O)(O)OP(=O)(O)O)O)O)N,-0.619788758288394,-0.15753935277462006,-1.539070725440979,1.0382945537567139
1424,A0A0H3GFM5_D110N,CC1=CC2=C(C=C1C)N(C=N2)C3C(C(C(O3)CO)OP(=O)([O-])OC(C)CNC(=O)CCC4(C(C5C6(C(C(C(=N6)C(=C7C(C(C(=N7)C=C8C(C(C(=N8)C(=C4[N-]5)C)CCC(=O)N)(C)C)CCC(=O)N)(C)CC(=O)N)C)CCC(=O)N)(C)CC(=O)N)C)CC(=O)N)C)O.[Co],-1.3010299956639813,0.0034491978585720062,-2.2501518726348877,1.7327148914337158
1425,A0A0H3GFM5_R200K,CC1=CC2=C(C=C1C)N(C=N2)C3C(C(C(O3)CO)OP(=O)([O-])OC(C)CNC(=O)CCC4(C(C5C6(C(C(C(=N6)C(=C7C(C(C(=N7)C=C8C(C(C(=N8)C(=C4[N-]5)C)CCC(=O)N)(C)C)CCC(=O)N)(C)CC(=O)N)C)CCC(=O)N)(C)CC(=O)N)C)CC(=O)N)C)O.[Co],-1.2218487496163564,-0.06703998148441315,-2.166245460510254,1.6013410091400146
1426,A0A0H3GFM5_D110N,C1=NC(=C2C(=N1)N(C=N2)C3C(C(C(O3)COP(=O)(O)OP(=O)(O)OP(=O)(O)O)O)O)N,-1.154901959985743,-0.18090879917144775,-1.5656696557998657,1.0483338832855225
1427,A0A0H3GFM5_E207Q,C1=NC(=C2C(=N1)N(C=N2)C3C(C(C(O3)COP(=O)(O)OP(=O)(O)OP(=O)(O)O)O)O)N,-0.744727494896694,-0.2552734613418579,-1.4653288125991821,0.8515963554382324
1428,A0A0H3GFM5_K98Q,CC1=CC2=C(C=C1C)N(C=N2)C3C(C(C(O3)CO)OP(=O)([O-])OC(C)CNC(=O)CCC4(C(C5C6(C(C(C(=N6)C(=C7C(C(C(=N7)C=C8C(C(C(=N8)C(=C4[N-]5)C)CCC(=O)N)(C)C)CCC(=O)N)(C)CC(=O)N)C)CCC(=O)N)(C)CC(=O)N)C)CC(=O)N)C)O.[Co],-0.744727494896694,-0.00826248899102211,-2.1989221572875977,1.6915825605392456
1429,A0A0H3GFM5_E207Q,CC1=CC2=C(C=C1C)N(C=N2)C3C(C(C(O3)CO)OP(=O)([O-])OC(C)CNC(=O)CCC4(C(C5C6(C(C(C(=N6)C(=C7C(C(C(=N7)C=C8C(C(C(=N8)C(=C4[N-]5)C)CCC(=O)N)(C)C)CCC(=O)N)(C)CC(=O)N)C)CCC(=O)N)(C)CC(=O)N)C)CC(=O)N)C)O.[Co],-0.6575773191777937,-0.0793762356042862,-2.1407830715179443,1.5104643106460571
1430,A0A0H3GFM5_T88V,C1=NC(=C2C(=N1)N(C=N2)C3C(C(C(O3)COP(=O)(O)OP(=O)(O)OP(=O)(O)O)O)O)N,-0.5686362358410126,-0.20540940761566162,-1.5462957620620728,1.0084054470062256
1431,P50909_M145T/N167D,C1=CC=C2C(=C1)C=CN2,0.5185139398778875,-0.12301957607269287,-1.3746333122253418,1.2346439361572266
1432,Q8U093_wild,C(C(C(=O)O)N)O,0.0,-0.028254453092813492,0.5920542478561401,0.6421835422515869
1433,Q8U093_M144T/N166D,C1=CC=C2C(=C1)C=CN2,-0.08092190762392612,-0.1981317698955536,-1.5923155546188354,1.522232174873352
1434,Q8U093_wild,CC(C(C(=O)O)N)O,-0.21467016498923297,0.2893931269645691,0.07851985096931458,0.9881442785263062
1435,Q8U093_P12L/E17G/I68V/F274S/T292S/T321A,C1=CC=C2C(=C1)C=CN2,0.4623979978989561,-0.20488718152046204,-1.6380234956741333,1.42940354347229
1436,Q8U093_wild,C1=CC=C2C(=C1)C=CN2,-0.5086383061657274,-0.10622411966323853,-1.5931317806243896,1.5708136558532715
1437,Q8U094_wild,C1=CC=C2C(=C1)C=CN2,0.0,-0.7816767692565918,-0.9447264671325684,0.07925325632095337
1438,P0A879_wild,C1=CC=C2C(=C1)C=CN2,-0.6382721639824072,-0.24220208823680878,-1.418913722038269,0.9351903200149536
1439,P0A879_M149T/N171D,C1=CC=C2C(=C1)C=CN2,-0.46852108295774486,-0.2869425117969513,-1.4254440069198608,0.8758095502853394
1440,O28672_M156T/N178D,C1=CC=C2C(=C1)C=CN2,-0.46852108295774486,-0.26090654730796814,-1.623361349105835,1.336153268814087
1441,Q9YGA9_wild,C1=CC=C2C(=C1)C=CN2,0.5390760987927766,-0.8503103852272034,-1.0189498662948608,0.049091637134552
1442,P50909_P19G/I69V/T292S,C1=CC=C2C(=C1)C=CN2,0.9912260756924949,-0.06329095363616943,-1.378981113433838,1.287918210029602
1443,P50909_P14L/P19G/I69V/L274S/T292S,C1=CC=C2C(=C1)C=CN2,-0.958607314841775,-0.2225968837738037,-1.392699122428894,1.106659173965454
1444,P50909_T292S,C1=CC=C2C(=C1)C=CN2,0.7634279935629373,-0.010835278779268265,-1.344483733177185,1.3097904920578003
1445,P50909_wild,C1=CC=C2C(=C1)C=CN2,0.6232492903979004,-0.01621830463409424,-1.3483643531799316,1.303647518157959
1446,O28672_wild,C1=CC=C2C(=C1)C=CN2,-1.1307682802690238,-0.18747276067733765,-1.6121834516525269,1.3793238401412964
1447,Q47098_wild,C1C(C(C(OC1(C(=O)O)O)C(CO)O)O)O,-0.2596373105057561,0.21603694558143616,0.8212178349494934,0.03658485412597656
1448,Q47098_H45Q,CC(CC(=O)C(=O)O)O,-0.7695510786217261,-0.04769967123866081,0.525635838508606,0.12363289296627045
1449,B1IS70_wild,CC(CC(=O)C(=O)[O-])O,2.5483894181329183,0.5705481767654419,-0.21493808925151825,1.258327841758728
1450,Q47098_wild,CC(CC(=O)C(=O)O)O,2.5440680443502757,0.3148469626903534,0.28140130639076233,0.7416385412216187
1451,Q47098_wild,CCC(CC(=O)C(=O)[O-])O,2.360517679938428,0.3904538154602051,-0.6757986545562744,1.3413645029067993
1452,Q47098_H45A,CC(CC(=O)C(=O)O)O,0.6532125137753437,-0.16264109313488007,0.6640955209732056,-0.08252871036529541
1453,B1IS70_R70K,CC(CC(=O)C(=O)[O-])O,1.0718820073061255,0.45601147413253784,-0.1372121274471283,1.0576930046081543
1454,Q8H979_wild,[C-]#N.[C-]#N.[C-]#N.[C-]#N.[C-]#N.[C-]#N.[Fe+2],-1.0,1.8501226902008057,-0.4745733439922333,1.382454752922058
1455,Q8H979_wild,C1=CC=C(C(=C1)O)O,0.414973347970818,1.6875964403152466,-0.6000750064849854,1.781665563583374
1456,Q8H979_wild,C1=CC(=C(C=C1CCN)O)O,0.6434526764861874,1.2716612815856934,-0.42481115460395813,1.332016944885254
1457,Q8H979_wild,COC1=CC(=CC(=C1O)OC)C=NN=CC2=CC(=C(C(=C2)OC)O)OC,-0.494850021680094,1.4922624826431274,-0.949855387210846,1.7510576248168945
1458,Q8H979_wild,CCN1C2=C(C=C(C=C2)S(=O)(=O)O)SC1=NN=C3N(C4=C(S3)C=C(C=C4)S(=O)(=O)O)CC,1.0043213737826426,1.569290041923523,-0.7130653858184814,2.2823338508605957
1459,J9S5G3_wild,COC1=CC=CC=C1O,0.9030899869919435,0.5745095014572144,-0.14526011049747467,0.39981433749198914
1460,J9S5G3_wild,COC1=C(C(=CC=C1)OC)O,1.5365584425715302,0.8145179152488708,-0.15094241499900818,0.32753419876098633
1461,P00387_wild,C1C=CN(C=C1C(=O)N)C2C(C(C(O2)COP(=O)(O)OP(=O)(O)OCC3C(C(C(O3)N4C=NC5=C(N=CN=C54)N)O)O)O)O,-0.13489602535887207,1.6718904972076416,-2.050795793533325,3.8671798706054688
1462,P20070_wild,C1C=CN(C=C1C(=O)N)C2C(C(C(O2)COP(=O)(O)OP(=O)(O)OCC3C(C(C(O3)N4C=NC5=C(N=CN=C54)N)O)O)O)O,2.9030899869919438,1.6858817338943481,-1.9944700002670288,3.8800644874572754
1463,P20070_wild,C1C=CN(C=C1C(=O)N)C2C(C(C(O2)COP(=O)(O)OP(=O)(O)OCC3C(C(C(O3)N4C=NC5=C(N=CN=C54)N)OP(=O)(O)O)O)O)O,1.5185139398778875,1.5628365278244019,-2.286754846572876,4.064785003662109
1464,P20070_wild,[C-]#N.[C-]#N.[C-]#N.[C-]#N.[C-]#N.[C-]#N.[Fe+3],2.9030899869919438,1.7980561256408691,-2.1822850704193115,3.424423933029175
1465,P83686_T66V,C1C=CN(C=C1C(=O)N)C2C(C(C(O2)COP(=O)(O)OP(=O)(O)OCC3C(C(C(O3)N4C=NC5=C(N=CN=C54)N)O)O)O)O,2.0,1.3741053342819214,-2.0639841556549072,3.7793188095092773
1466,P83686_T66S,C1C=CN(C=C1C(=O)N)C2C(C(C(O2)COP(=O)(O)OP(=O)(O)OCC3C(C(C(O3)N4C=NC5=C(N=CN=C54)N)O)O)O)O,3.060697840353612,1.6783758401870728,-2.119849681854248,4.166790008544922
1467,P83686_T66V,[C-]#N.[C-]#N.[C-]#N.[C-]#N.[C-]#N.[C-]#N.[Fe+3],1.8864907251724818,1.5017569065093994,-2.243943452835083,3.3605384826660156
1468,P83686_T66A,[C-]#N.[C-]#N.[C-]#N.[C-]#N.[C-]#N.[C-]#N.[Fe+3],2.835056101720116,1.49322509765625,-2.213280439376831,3.3444652557373047
1469,P83686_wild,[C-]#N.[C-]#N.[C-]#N.[C-]#N.[C-]#N.[C-]#N.[Fe+3],2.9148718175400505,1.8187404870986938,-2.294052839279175,3.635746955871582
1470,P83686_T66S,[C-]#N.[C-]#N.[C-]#N.[C-]#N.[C-]#N.[C-]#N.[Fe+3],2.9894498176666917,1.8230047225952148,-2.2859089374542236,3.649568557739258
1471,P83686_T66A,C1C=CN(C=C1C(=O)N)C2C(C(C(O2)COP(=O)(O)OP(=O)(O)OCC3C(C(C(O3)N4C=NC5=C(N=CN=C54)N)O)O)O)O,2.9929950984313414,1.371101975440979,-2.0346853733062744,3.7676684856414795
1472,P20070_L148P,[C-]#N.[C-]#N.[C-]#N.[C-]#N.[C-]#N.[C-]#N.[Fe+3],2.4771212547196626,1.7965023517608643,-2.169269323348999,3.4226791858673096
1473,P83686_wild,C1C=CN(C=C1C(=O)N)C2C(C(C(O2)COP(=O)(O)OP(=O)(O)OCC3C(C(C(O3)N4C=NC5=C(N=CN=C54)N)O)O)O)O,3.041392685158225,1.6684755086898804,-2.118076801300049,4.149468898773193
1474,P39377_wild,C1=CC=C(C=C1)CC(C(=O)O)NC(=O)CC(C(=O)O)N,1.2278867046136734,1.8573822975158691,-0.11483524739742279,0.9505049586296082
1475,P39377_D285N,CC(C)CC(C(=O)O)NC(=O)CC(C(=O)O)N,-1.7695510786217261,1.7508807182312012,0.18905988335609436,0.39910179376602173
1476,P39377_Y137A,CC(C)CC(C(=O)O)NC(=O)CC(C(=O)O)N,-0.721246399047171,2.020221471786499,0.16907048225402832,0.63420569896698
1477,P39377_R169K/S289A,CC(C)CC(C(=O)O)NC(=O)CC(C(=O)O)N,0.9542425094393249,2.0328361988067627,0.16208162903785706,0.669428825378418
1478,P39377_wild,CC(C)CC(C(=O)O)NC(=O)CC(C(=O)O)N,2.0170333392987803,2.015881299972534,0.16239185631275177,0.6512560844421387
1479,P39377_R233K,CC(C)CC(C(=O)O)NC(=O)CC(C(=O)O)N,1.1139433523068367,2.0232808589935303,0.16876351833343506,0.6544796228408813
1480,P39377_Y137F,CC(C)CC(C(=O)O)NC(=O)CC(C(=O)O)N,-0.744727494896694,2.006416082382202,0.16740098595619202,0.6331186890602112
1481,P39377_wild,C1=C(NC=N1)CC(C(=O)O)NC(=O)CC(C(=O)O)N,1.3180633349627615,1.6710071563720703,0.292890340089798,0.7660022974014282
1482,P39377_E77Q,CC(C)CC(C(=O)O)NC(=O)CC(C(=O)O)N,-2.2518119729937998,2.0325090885162354,0.15476040542125702,0.6484912633895874
1483,P39377_wild,C(C(C(=O)O)N)C(=O)NCC(=O)O,-0.03151705144606486,1.5343601703643799,0.7178511619567871,0.4050750434398651
1484,P39377_wild,CC(C)CC(C(=O)O)NC(=O)C(CC(=O)O)N,1.1958996524092338,1.729024887084961,0.39291587471961975,0.5907720327377319
1485,P39377_E77D,CC(C)CC(C(=O)O)NC(=O)CC(C(=O)O)N,-2.2924298239020637,2.0292091369628906,0.1654473841190338,0.6652510166168213
1486,P39377_D285A,CC(C)CC(C(=O)O)NC(=O)CC(C(=O)O)N,-3.207608310501746,1.7215656042099,0.20862841606140137,0.33236590027809143
1487,Q484B6_wild,CC(C)CC(C(=O)O)NC(=O)C(CC(=O)O)N,1.9493900066449128,1.4170217514038086,0.23107358813285828,0.7490761876106262
1488,Q484B6_wild,C1=C(NC=N1)CC(C(=O)O)NC(=O)CC(C(=O)O)N,1.8692317197309762,1.2134015560150146,0.22543475031852722,0.9146965742111206
1489,Q484B6_wild,C(C(C(=O)O)N)C(=O)NCC(=O)O,2.2576785748691846,1.1412850618362427,0.5566728115081787,0.5845534205436707
1490,Q484B6_wild,C1=CC=C(C=C1)CC(C(=O)O)NC(=O)CC(C(=O)O)N,2.161368002234975,1.367584466934204,-0.19080723822116852,1.1113113164901733
1491,Q484B6_wild,CC(C)CC(C(=O)O)NC(=O)CC(C(=O)O)N,2.214843848047698,1.5348172187805176,0.06173100695014,0.846356213092804
1492,P56216_I238T,CC1=CC(=C(C=C1)O)OC,-0.7695510786217261,-0.7158979177474976,-2.5916616916656494,1.191830039024353
1493,Q0SBK1_wild,COCC1=CC=C(C=C1)O,-2.3979400086720375,-1.0875604152679443,-1.4611855745315552,0.3134538531303406
1494,P56216_Y503F,C=CCC1=CC=C(C=C1)O,0.5185139398778875,-0.973798394203186,-1.7900573015213013,0.9275734424591064
1495,P56216_F454Y,COC1=C(C=CC(=C1)CC=C)O,-0.3010299956639812,-0.479356050491333,-2.968031167984009,1.825711727142334
1496,P56216_T505S,COC1=C(C=CC(=C1)CC=C)O,-0.18708664335714442,-0.4671759307384491,-2.966073513031006,1.8371055126190186
1497,P56216_E502G,COCC1=CC=C(C=C1)O,0.07918124604762482,-0.7521696090698242,-1.3204056024551392,0.5893224477767944
1498,P56216_wild,C1CCC(C1)C2=CC=C(C=C2)O,0.568201724066995,-0.2543371319770813,-1.2399896383285522,0.9111064672470093
1499,P56216_T505S/F454Y,CC1=CC(=C(C=C1)O)OC,-1.7695510786217261,-0.7193271517753601,-2.5928900241851807,1.1989634037017822
1500,P56216_wild,CC1=CC(=C(C=C1)O)N,-1.7695510786217261,-0.6178390979766846,-1.6785119771957397,0.7061969041824341
1501,P56216_E502G,COC1=C(C=CC(=C1)CO)O,-0.5228787452803376,-0.2017841935157776,-1.6801928281784058,1.072204828262329
1502,P56216_I238T,COC1=C(C=CC(=C1)CC=C)O,-0.09691001300805639,-0.4677574038505554,-2.970316171646118,1.8295456171035767
1503,P56216_F454Y,COCC1=CC=C(C=C1)O,0.5314789170422551,-0.7562588453292847,-1.3348621129989624,0.5883601903915405
1504,P56216_Y108F,C=CCC1=CC=C(C=C1)O,0.5314789170422551,-0.9611862897872925,-1.7921382188796997,0.9436330795288086
1505,P56216_wild,CC1=CC(=C(C=C1)O)OC,-1.6989700043360187,-0.7130753397941589,-2.5912411212921143,1.1984502077102661
1506,P56216_E502G,CC1=CC(=C(C=C1)O)OC,-1.0,-0.7218600511550903,-2.5855772495269775,1.1950984001159668
1507,P56216_E502G,COC1=C(C=CC(=C1)CC=C)O,-0.7695510786217261,-0.47537511587142944,-2.956068992614746,1.822969675064087
1508,P56216_F454Y/T505S/E502G,CC1=CC(=C(C=C1)O)OC,-1.0,-0.725030779838562,-2.588926076889038,1.1972178220748901
1509,P56216_wild,COC1=C(C=CC(=C1)CO)O,0.414973347970818,-0.19206202030181885,-1.6843169927597046,1.081557273864746
1510,P56216_wild,CCC1=CC=C(C=C1)O,0.414973347970818,-1.0556565523147583,-2.1229817867279053,0.6780506372451782
1511,P56216_T457E,COCC1=CC=C(C=C1)O,0.11394335230683679,-0.7497497797012329,-1.3133114576339722,0.5836468935012817
1512,P56216_F454Y/I238T,COCC1=CC=C(C=C1)O,0.3222192947339193,-0.7632128000259399,-1.3390570878982544,0.5838693976402283
1513,P56216_T505S,COCC1=CC=C(C=C1)O,0.5563025007672873,-0.7449909448623657,-1.330529808998108,0.5990502238273621
1514,P56216_I238T,COCC1=CC=C(C=C1)O,0.47712125471966244,-0.7540128827095032,-1.3363372087478638,0.5898417830467224
1515,P56216_T505S,COC1=C(C=CC(=C1)CO)O,-0.17392519729917355,-0.18811529874801636,-1.6856123208999634,1.086430549621582
1516,P56216_wild,COCC1=CC=C(C=C1)O,0.5910646070264992,-0.7466254830360413,-1.331612229347229,0.5945728421211243
1517,P56216_H61T,COCC1=CC=C(C=C1)O,-0.619788758288394,-0.7524174451828003,-1.3309011459350586,0.5933330655097961
1518,P56216_I238T,COC1=C(C=CC(=C1)CO)O,0.14612803567823798,-0.1881072223186493,-1.6913853883743286,1.0755424499511719
1519,P56216_wild,COC1=C(C=CC(=C1)CC=C)O,1.5910646070264993,-0.47105592489242554,-2.965977907180786,1.8316541910171509
1520,P56216_T505S,CC1=CC(=C(C=C1)O)OC,-0.9208187539523752,-0.7097009420394897,-2.5921597480773926,1.2055208683013916
1521,P56216_wild,C=CCC1=CC=C(C=C1)O,0.8692317197309762,-0.9715704917907715,-1.7918435335159302,0.9350100755691528
1522,P56216_D170S/T457E,COCC1=CC=C(C=C1)O,-1.3010299956639813,-0.7320069074630737,-1.3286926746368408,0.6014251708984375
1523,P56216_F454Y,CC1=CC(=C(C=C1)O)N,-1.0861861476162833,-0.6267396211624146,-1.6805037260055542,0.6983435153961182
1524,P56216_H422T,COCC1=CC=C(C=C1)O,-0.5528419686577808,-0.7507386207580566,-1.328342318534851,0.5964585542678833
1525,P56216_H422C,COCC1=CC=C(C=C1)O,-0.494850021680094,-0.7542075514793396,-1.322326421737671,0.5937355756759644
1526,P56216_D170A/T457E,COCC1=CC=C(C=C1)O,-1.6989700043360187,-0.7315943837165833,-1.3230112791061401,0.5999748706817627
1527,P56216_E502G/I238T,CC1=CC(=C(C=C1)O)OC,-1.6989700043360187,-0.7254793643951416,-2.5857701301574707,1.1881840229034424
1528,P56216_F454Y,CC1=CC(=C(C=C1)O)OC,-0.8538719643217619,-0.7227486968040466,-2.591775417327881,1.1918702125549316
1529,P56216_Y108F/Y503F,C=CCC1=CC=C(C=C1)O,-0.8860566476931633,-0.9631439447402954,-1.7908517122268677,0.9361569881439209
1530,P56216_A429V,CC1=CC(=C(C=C1)O)OC,-1.744727494896694,-0.7118026614189148,-2.58950138092041,1.2009226083755493
1531,P56216_F454Y,COC1=C(C=CC(=C1)CO)O,-0.14874165128092473,-0.19768325984477997,-1.6862515211105347,1.077314019203186
1532,P56216_Y108F,COC1=C(C=CC(=C1)CO)O,-1.3767507096020994,-0.18386590480804443,-1.6818777322769165,1.088407278060913
1533,P56216_H422A,COCC1=CC=C(C=C1)O,-0.5686362358410126,-0.7491830587387085,-1.3272162675857544,0.6004481315612793
1534,P56216_I238T,CC1=CC(=C(C=C1)O)N,-1.0655015487564323,-0.6112289428710938,-1.6783720254898071,0.7028777003288269
1535,P56216_Y503F,COC1=C(C=CC(=C1)CO)O,-1.2596373105057561,-0.19992037117481232,-1.6821948289871216,1.0725715160369873
1536,P56216_E502G,CC1=CC(=C(C=C1)O)N,-1.00436480540245,-0.6262751817703247,-1.6790810823440552,0.7022866606712341
1537,P56216_T505S,CC1=CC(=C(C=C1)O)N,-1.0604807473813815,-0.6144872903823853,-1.6806801557540894,0.7132053971290588
1538,P56216_F93Y/P189S/I238T,CC1=CC(=C(C=C1)O)OC,-1.7212463990471711,-0.7139502763748169,-2.5986404418945312,1.1948084831237793
1539,Q0SBK1_wild,COC1=C(C=CC(=C1)CN)O,-0.585026652029182,-0.4477304518222809,-1.4747263193130493,0.8566747903823853
1540,Q0SBK1_wild,COC1=C(C=CC(=C1)CO)O,1.0791812460476249,-0.4929087460041046,-1.5452892780303955,0.841457724571228
1541,Q0SBK1_wild,CCC1=CC(=C(C=C1)O)OC,-1.585026652029182,-1.0917136669158936,-2.3464810848236084,0.6912223100662231
1542,P21890_wild,C1C=CN(C=C1C(=O)N)C2C(C(C(O2)COP(=O)(O)OP(=O)(O)OCC3C(C(C(O3)N4C=NC5=C(N=CN=C54)N)O)O)O)O,-0.7958800173440752,1.108473300933838,-0.7253557443618774,1.8024802207946777
1543,P21890_wild,C1C=CN(C=C1C(=O)N)C2C(C(C(O2)COP(=O)(O)OP(=O)(O)OCC3C(C(C(O3)N4C=NC5=C(N=CN=C54)N)OP(=O)(O)O)O)O)O,1.9111576087399766,1.1068329811096191,-1.0791341066360474,2.078616142272949
1544,P10933_wild,C1C=CN(C=C1C(=O)N)C2C(C(C(O2)COP(=O)(O)OP(=O)(O)OCC3C(C(C(O3)N4C=NC5=C(N=CN=C54)N)O)O)O)O,0.8450980400142568,1.4774633646011353,-1.682450532913208,3.074941396713257
1545,P10933_wild,C1C=CN(C=C1C(=O)N)C2C(C(C(O2)COP(=O)(O)OP(=O)(O)OCC3C(C(C(O3)N4C=NC5=C(N=CN=C54)N)OP(=O)(O)O)O)O)O,2.5732198271144218,1.391931176185608,-2.171180009841919,3.3287320137023926
1546,Q9SJ66_wild,C(C1C(C(C(O1)(CO)OC2C(C(C(C(O2)COP(=O)(O)O)O)O)O)O)O)O,1.8312296938670634,0.4971717596054077,-0.4394865930080414,0.8300766348838806
1547,Q93XN8_wild,C(C1C(C(C(O1)(CO)OC2C(C(C(C(O2)COP(=O)(O)O)O)O)O)O)O)O,0.5563025007672873,0.15839460492134094,-0.42168763279914856,0.5265962481498718
1548,G8B709_wild,C1=CC(=CC=C1C(=O)O)[O-],-0.8664610916297825,-0.19675320386886597,-1.2280317544937134,0.6276291608810425
1549,P9WJM3_wild,CC1C(C(C(O1)N2C=NC3=C(N=CN=C32)N)O)O,-0.3279021420642826,-0.03688104823231697,-1.935735821723938,1.6658103466033936
1550,P9WJM3_wild,C1=NC(=C2C(=N1)N(C=N2)C3C(C(C(O3)CSCCC(C(=O)O)N)O)O)N,-2.3979400086720375,-0.44604143500328064,-1.6334565877914429,1.2768290042877197
1551,P9WJM3_wild,CSCC1C(C(C(O1)N2C=NC3=C(N=CN=C32)N)O)O,-1.6382721639824072,-0.15414480865001678,-2.1206963062286377,1.7325105667114258
1552,Q2KIG3_wild,C1=CC=C(C=C1)C(=O)NCC(=O)NC(CCCN=C(N)N)C(=O)O,0.437750562820388,0.6992599964141846,-0.27037978172302246,0.8966518044471741
1553,A0A0U1RGY0_wild,CC(=O)NC1C(C(C(OC1OP(=O)(O)OP(=O)(O)OCC2C(C(C(O2)N3C=CC(=O)NC3=O)O)O)CO)O)O,1.7160033436347992,0.10348260402679443,-0.3496488034725189,0.8219558000564575
1554,O15294_wild,CC(=O)NC1C(C(C(OC1OP(=O)(O)OP(=O)(O)OCC2C(C(C(O2)N3C=CC(=O)NC3=O)O)O)CO)O)O,-2.3157532824360323,-0.06141049042344093,-1.3221958875656128,1.0871281623840332
1555,A0R5M8_wild,CN(C)C(CC1=CN=CN1)C(=O)O,-0.36653154442041347,-0.5242410898208618,-0.3831616938114166,-0.1136208176612854
1556,A0R5M8_wild,C1=C(NC=N1)CC(C(=O)O)N,-0.23657200643706275,-0.30986493825912476,-0.27077028155326843,-0.07441699504852295
1557,A0R5M8_wild,C[NH2+]C(CC1=CN=CN1)C(=O)[O-],-0.6382721639824072,-0.30589938163757324,-0.023900244385004044,-0.19979828596115112
1558,Q7ZA32_F454P,C(C1C(C(C(C(O1)O)O)O)O)O,-0.004364805402450088,1.8505020141601562,0.13477502763271332,0.8945502042770386
1559,Q7ZA32_L545C,C(C1C(C(C(C(O1)O)O)O)O)O,2.1522883443830567,1.8742122650146484,0.1345788538455963,0.8921579122543335
1560,Q7ZA32_F454N,C(C1C(C(C(C(O1)O)O)O)O)O,0.07918124604762482,1.8693461418151855,0.13328993320465088,0.8975247144699097
1561,Q7ZA32_F454A/Y456A,C(C1C(C(C(C(O1)O)O)O)O)O,0.8512583487190752,1.8671801090240479,0.1477278769016266,0.8932772874832153
1562,Q7ZA32_Y456W,C1=CC(=O)C=CC1=O,0.5185139398778875,1.9672996997833252,-1.015848994255066,1.967188835144043
1563,Q7ZA32_L547R,C(C1C(C(C(C(O1)O)O)O)O)O,0.04139268515822508,1.8044871091842651,0.1539691984653473,0.8863210678100586
1564,Q7ZA32_wild,C1=CC(=O)C=CC1=O,2.4313637641589874,1.9680452346801758,-1.0192312002182007,1.972856879234314
1565,Q7ZA32_Q448H,C(C1C(C(C(C(O1)O)O)O)O)O,1.4313637641589874,1.880415439605713,0.14738881587982178,0.8938755989074707
1566,Q7ZA32_F454A/S455A/Y456A,C1=CC(=O)C=CC1=O,1.1760912590556813,1.9861414432525635,-0.991399884223938,1.9587230682373047
1567,Q7ZA32_F454A/S455A/Y456A,C(C1C(C(C(C(O1)O)O)O)O)O,-0.6989700043360187,1.8753098249435425,0.1487112045288086,0.8953466415405273
1568,Q7ZA32_T169G,C(C1C(C(C(C(O1)O)O)O)O)O,-0.563837352959244,1.9039238691329956,0.12979385256767273,0.9110838770866394
1569,Q7ZA32_Y456W,C(C1C(C(C(C(O1)O)O)O)O)O,0.17609125905568124,1.8745737075805664,0.1288781762123108,0.8986533284187317
1570,Q7ZA32_V546P,C(C1C(C(C(C(O1)O)O)O)O)O,1.1986570869544226,1.8822879791259766,0.13973194360733032,0.9069457054138184
1571,Q7ZA32_H450Q,C(C1C(C(C(C(O1)O)O)O)O)O,1.2304489213782739,1.8811112642288208,0.139652281999588,0.8922034502029419
1572,Q7ZA32_F454P,C1=CC(=O)C=CC1=O,1.4771212547196624,1.9440470933914185,-1.007267713546753,1.9552758932113647
1573,Q7ZA32_F454N,C1=CC(=O)C=CC1=O,2.113943352306837,1.9671010971069336,-1.0084351301193237,1.965625286102295
1574,Q7ZA32_H450Q,C1=CC(=O)C=CC1=O,0.47712125471966244,1.9774436950683594,-0.9958875179290771,1.9577935934066772
1575,Q7ZA32_wild,C(C1C(C(C(C(O1)O)O)O)O)O,2.1818435879447726,1.8748772144317627,0.12783119082450867,0.9020664691925049
1576,Q7ZA32_L537W,C(C1C(C(C(C(O1)O)O)O)O)O,1.7708520116421442,1.8583667278289795,0.1325356811285019,0.8971545696258545
1577,Q7ZA32_F454A/Y456A,C1=CC(=O)C=CC1=O,1.7853298350107671,1.9714558124542236,-0.9897754192352295,1.9548208713531494
1578,Q7ZA32_N593C,C(C1C(C(C(C(O1)O)O)O)O)O,1.3424226808222062,1.7756625413894653,0.12128688395023346,0.8488336801528931
1579,Q7ZA32_H548R,C(C1C(C(C(C(O1)O)O)O)O)O,0.9637878273455552,1.5488184690475464,0.1737208366394043,0.7066141366958618
1580,Q7ZA32_T169G/E542K/V546C,C(C1C(C(C(C(O1)O)O)O)O)O,2.232996110392154,1.9018745422363281,0.1353711485862732,0.9005950689315796
1581,Q7ZA32_R472L,C(C1C(C(C(C(O1)O)O)O)O)O,1.4899584794248346,1.864926815032959,0.1333465874195099,0.9062559604644775
1582,Q7ZA32_N593R,C(C1C(C(C(C(O1)O)O)O)O)O,1.1931245983544616,1.7120420932769775,0.127897709608078,0.8025302886962891
1583,Q7ZA32_F454N/Q448H,C(C1C(C(C(C(O1)O)O)O)O)O,1.0791812460476249,1.883973479270935,0.15510880947113037,0.8937146663665771
1584,Q7ZA32_Y456W/L547R,C(C1C(C(C(C(O1)O)O)O)O)O,1.414973347970818,1.803648591041565,0.1544381082057953,0.8831168413162231
1585,Q7ZA32_E542K,C1=CC(=O)C=CC1=O,2.2764618041732443,1.9724960327148438,-1.024829387664795,1.9758214950561523
1586,Q7ZA32_T166R,C(C1C(C(C(C(O1)O)O)O)O)O,2.645422269349092,1.8295609951019287,0.14010199904441833,0.879279613494873
1587,Q7ZA32_L537W/E542K,C1=CC(=O)C=CC1=O,2.2576785748691846,1.957357406616211,-1.024096965789795,1.970207929611206
1588,Q7ZA32_L537W/E542R,C1=CC(=O)C=CC1=O,2.2430380486862944,1.957495093345642,-1.0275382995605469,1.971384048461914
1589,Q7ZA32_H450Q/Y456W,C1=CC(=O)C=CC1=O,2.342422680822206,1.9758713245391846,-0.9930843114852905,1.9539872407913208
1590,Q7ZA32_H450G/E542K/V546C,C(C1C(C(C(C(O1)O)O)O)O)O,0.8331471119127851,1.87907075881958,0.1403910219669342,0.8869880437850952
1591,Q7ZA32_R472G,C(C1C(C(C(C(O1)O)O)O)O)O,1.507855871695831,1.886978268623352,0.13704146444797516,0.9131125211715698
1592,Q7ZA32_L537G/E542K,C(C1C(C(C(C(O1)O)O)O)O)O,1.6424645202421213,1.880603551864624,0.11552032828330994,0.9058187007904053
1593,Q7ZA32_L537W/E542K,C(C1C(C(C(C(O1)O)O)O)O)O,1.667452952889954,1.8614351749420166,0.13085561990737915,0.8894376754760742
1594,Q7ZA32_E542R,C(C1C(C(C(C(O1)O)O)O)O)O,1.4548448600085102,1.8787715435028076,0.12119579315185547,0.8962713479995728
1595,Q7ZA32_L537G,C(C1C(C(C(C(O1)O)O)O)O)O,1.7168377232995244,1.8749549388885498,0.11424905061721802,0.9122152328491211
1596,Q7ZA32_V546G,C(C1C(C(C(C(O1)O)O)O)O)O,1.3729120029701067,1.896738052368164,0.13585516810417175,0.914878249168396
1597,Q7ZA32_L537W,C1=CC(=O)C=CC1=O,2.311753861055754,1.9531488418579102,-1.0178598165512085,1.9670753479003906
1598,Q7ZA32_Q448C,C(C1C(C(C(C(O1)O)O)O)O)O,0.17897694729316943,1.8256549835205078,0.15159326791763306,0.8719205856323242
1599,Q7ZA32_Q448N,C(C1C(C(C(C(O1)O)O)O)O)O,0.6748611407378116,1.8833489418029785,0.18056720495224,0.8793199062347412
1600,Q7ZA32_E542R,C1=CC(=O)C=CC1=O,2.103803720955957,1.9715955257415771,-1.0284086465835571,1.9763628244400024
1601,Q7ZA32_V546P/T169G,C(C1C(C(C(C(O1)O)O)O)O)O,-0.6108339156354675,1.9111883640289307,0.14059007167816162,0.915340781211853
1602,Q7ZA32_L537G/E542R,C1=CC(=O)C=CC1=O,0.6766936096248666,1.9735968112945557,-1.0346696376800537,1.9890925884246826
1603,Q7ZA32_L537G/E542R,C(C1C(C(C(C(O1)O)O)O)O)O,1.5198279937757189,1.8817007541656494,0.10864579677581787,0.9080661535263062
1604,Q7ZA32_Q448S,C(C1C(C(C(C(O1)O)O)O)O)O,0.7339992865383869,1.8617126941680908,0.17330628633499146,0.8750927448272705
1605,Q7ZA32_H548I,C(C1C(C(C(C(O1)O)O)O)O)O,1.4996870826184039,1.5315608978271484,0.21121247112751007,0.7120702862739563
1606,Q7ZA32_L537W/E542R,C(C1C(C(C(C(O1)O)O)O)O)O,1.5010592622177514,1.8630497455596924,0.12337648868560791,0.8930220603942871
1607,Q7ZA32_T169S,C(C1C(C(C(C(O1)O)O)O)O)O,1.3384564936046048,1.8798742294311523,0.12639661133289337,0.9078541994094849
1608,Q7ZA32_L537G,C1=CC(=O)C=CC1=O,2.2648178230095364,1.9686954021453857,-1.0257381200790405,1.981882095336914
1609,Q7ZA32_T169N,C(C1C(C(C(C(O1)O)O)O)O)O,0.3820170425748684,1.8960061073303223,0.12285315990447998,0.9097667932510376
1610,Q7ZA32_L537G/E542K,C1=CC(=O)C=CC1=O,0.6739419986340878,1.9735491275787354,-1.031571626663208,1.9881280660629272
1611,Q7ZA32_H167A,C(C1C(C(C(C(O1)O)O)O)O)O,0.31386722036915343,1.845992088317871,0.1307739019393921,0.8788449764251709
1612,Q7ZA32_V546C/T169N,C(C1C(C(C(C(O1)O)O)O)O)O,-0.0163737128754655,1.8919130563735962,0.12758608162403107,0.907145619392395
1613,Q7ZA32_V546G/T169G,C(C1C(C(C(C(O1)O)O)O)O)O,-0.48017200622428124,1.9257256984710693,0.13682058453559875,0.9238079786300659
1614,A0A2P1MAF4_T166A/E539K,C(C1C(C(C(C(O1)O)O)O)O)O,0.4623979978989561,1.6797964572906494,0.13942596316337585,0.787614643573761
1615,A0A2P1MAF4_K312E,C(C1C(C(C(C(O1)O)O)O)O)O,0.9294189257142927,1.7156814336776733,0.1410837471485138,0.8224574327468872
1616,A0A2P1MAF4_wild,C(C1C(C(C(C(O1)O)O)O)O)O,0.785329835010767,1.7051421403884888,0.12914004921913147,0.8036066293716431
1617,B7FWR0_wild,C(#N)[S-],-1.9913998282380825,1.5053181648254395,-0.03739975765347481,-0.24906495213508606
1618,Q82JC7_wild,CCCCCC=CCC=CCCCCCCCC(=O)OC1CCC2(C3CCC4(C(C3CC=C2C1)CCC4C(C)CCCC(C)C)C)C,1.3926969532596658,0.40024614334106445,-0.01443474367260933,1.1601390838623047
1619,Q82JC7_wild,CCCCCCCCCCCCCC(=O)OC1CCC2(C3CCC4(C(C3CC=C2C1)CCC4C(C)CCCC(C)C)C)C,1.0934216851622351,0.3726844787597656,0.12137104570865631,1.0184181928634644
1620,Q82JC7_wild,CCCCCCCCCCCCCC(=O)OC1=CC=C(C=C1)[N+](=O)[O-],0.4014005407815441,0.978049635887146,0.2717877924442291,0.4495296776294708
1621,Q82JC7_wild,CCCCCCCCCCCC(=O)OC1=CC=C(C=C1)[N+](=O)[O-],0.4082399653118496,0.9290514588356018,0.2014949470758438,0.39813995361328125
1622,Q82JC7_wild,CCCCCCCCCCCCCCCC(=O)OC1CCC2(C3CCC4(C(C3CC=C2C1)CCC4C(C)CCCC(C)C)C)C,1.1958996524092338,0.3306569755077362,0.14882543683052063,0.9664340615272522
1623,Q82JC7_wild,CCCCCCCCCCCCCCCC(=O)OC1=CC=C(C=C1)[N+](=O)[O-],0.15836249209524964,0.9931433200836182,0.3702912926673889,0.38534078001976013
1624,Q75PK6_wild,C1=CN(C(=O)NC1=O)C2C(C(C(O2)COP(=O)(O)OP(=O)(O)OC3C(C(C(C(O3)C(=O)O)O)O)O)O)O,-0.7958800173440752,0.0664324164390564,-0.8734525442123413,1.3267277479171753
1625,Q8W3J0_wild,C1=CN(C(=O)NC1=O)C2C(C(C(O2)COP(=O)(O)OP(=O)(O)OC3C(C(C(C(O3)C(=O)O)O)O)O)O)O,0.22788670461367352,0.2825622260570526,-1.0202356576919556,1.7396427392959595
1626,D3JU53_wild,C1=NC2=C(N1C3C(C(C(O3)COP(=O)(O)OP(=O)(O)OC4C(C(C(C(O4)CO)O)O)O)O)O)N=C(NC2=O)N,0.7752462597402364,0.34648397564888,-0.9364886283874512,1.6445361375808716
1627,Q51366_wild,C1=NC2=C(N1C3C(C(C(O3)COP(=O)(O)OP(=O)(O)OC4C(C(C(C(O4)CO)O)O)O)O)O)N=C(NC2=O)N,0.9454685851318197,0.31686723232269287,-1.0499576330184937,1.7613885402679443
1628,O60547_wild,C1=NC2=C(N1C3C(C(C(O3)COP(=O)(O)OP(=O)(O)OC4C(C(C(C(O4)CO)O)O)O)O)O)N=C(NC2=O)N,-0.09691001300805639,0.1515738070011139,-1.2514066696166992,1.6607917547225952
1629,B4EFL2_wild,C1=NC2=C(N1C3C(C(C(O3)COP(=O)(O)OP(=O)(O)OC4C(C(C(C(O4)CO)O)O)O)O)O)N=C(NC2=O)N,0.0,0.5853712558746338,-0.8809405565261841,1.7454978227615356
1630,P15770_wild,C1C(C(C(C=C1C(=O)O)O)O)O,2.3741371551676456,1.7165501117706299,-0.6910141706466675,1.6501295566558838
1631,O67049_wild,C1C(C(C(C=C1C(=O)O)O)O)O,1.7442929831226763,1.7665067911148071,-0.643021821975708,2.235013723373413
1632,O67049_wild,C1=CC(=C[N+](=C1)C2C(C(C(O2)COP(=O)(O)OP(=O)(O)OCC3C(C(C(O3)N4C=NC5=C(N=CN=C54)N)OP(=O)(O)O)O)O)O)C(=O)N,1.7442929831226763,1.008486270904541,-0.7862340211868286,2.506960153579712
1633,Q88RQ5_wild,C1C(C(C(C=C1C(=O)O)O)O)O,2.4252080511386565,1.9872291088104248,-0.6707127094268799,2.013633966445923
1634,Q88RQ5_wild,C1=CC(=C[N+](=C1)C2C(C(C(O2)COP(=O)([O-])OP(=O)(O)OCC3C(C(C(O3)N4C=NC5=C(N=CN=C54)N)O)O)O)O)C(=O)N,0.8273692730538252,1.4196593761444092,-0.5761643648147583,2.493093967437744
1635,Q88RQ5_wild,C1=CC(=C[N+](=C1)C2C(C(C(O2)COP(=O)(O)OP(=O)(O)OCC3C(C(C(O3)N4C=NC5=C(N=CN=C54)N)OP(=O)(O)O)O)O)O)C(=O)N,2.417471693203293,1.2644760608673096,-0.8421491384506226,2.546879529953003
1636,Q88IJ7_wild,C1=CC(=C[N+](=C1)C2C(C(C(O2)COP(=O)(O)OP(=O)(O)OCC3C(C(C(O3)N4C=NC5=C(N=CN=C54)N)OP(=O)(O)O)O)O)O)C(=O)N,2.4800069429571505,1.3636926412582397,-0.577859103679657,2.4324097633361816
1637,Q88IJ7_wild,C1C(C(C(C=C1C(=O)O)O)O)O,2.4871383754771865,2.1090521812438965,-0.3480975329875946,2.103574275970459
1638,Q88IJ7_wild,C1=CC(=C[N+](=C1)C2C(C(C(O2)COP(=O)([O-])OP(=O)(O)OCC3C(C(C(O3)N4C=NC5=C(N=CN=C54)N)O)O)O)O)C(=O)N,1.987219229908005,1.5069622993469238,-0.25679054856300354,2.3417372703552246
1639,Q88K85_wild,C1=CC(=C[N+](=C1)C2C(C(C(O2)COP(=O)([O-])OP(=O)(O)OCC3C(C(C(O3)N4C=NC5=C(N=CN=C54)N)O)O)O)O)C(=O)N,1.7860412102425542,1.5145972967147827,-0.35236918926239014,2.1751632690429688
1640,Q88K85_wild,C1C(C(C(CC1(C(=O)O)O)O)O)O,1.576341350205793,1.7060236930847168,0.13433176279067993,1.410089373588562
1641,Q88K85_wild,C1C(C(C(C=C1C(=O)O)O)O)O,1.745855195173729,2.0503947734832764,-0.3453894257545471,1.8030282258987427
1642,Q5HNV1_wild,C1=CC(=C[N+](=C1)C2C(C(C(O2)COP(=O)([O-])OP(=O)(O)OCC3C(C(C(O3)N4C=NC5=C(N=CN=C54)N)O)O)O)O)C(=O)N,1.9395192526186185,1.0022282600402832,-0.00516258180141449,1.7527592182159424
1643,Q5HNV1_Y211F,C1C(C(C(C=C1C(=O)O)O)O)O,-1.1804560644581312,1.53171706199646,-0.6409807205200195,1.689351201057434
1644,Q5HNV1_wild,C1C(C(C(C=C1C(=O)O)O)O)O,1.3579348470004537,1.5872403383255005,-0.6499372720718384,1.7839288711547852
1645,Q88IJ7_wild,C1C(C(C(CC1(C(=O)O)O)O)O)O,-0.7958800173440752,1.7758558988571167,-0.03456839546561241,1.7770963907241821
1646,Q9X5C9_wild,C1C(C(C(C=C1C(=O)O)O)O)O,2.3306166672944384,2.2026875019073486,-0.2721554934978485,1.9280351400375366
1647,Q9X5C9_wild,C1C(C(C(CC1(C(=O)O)O)O)O)O,2.020775488193558,1.8187559843063354,0.1669735312461853,1.5735299587249756
1648,O27957_wild,C1=CC(=C[N+](=C1)C2C(C(C(O2)COP(=O)(O)OP(=O)(O)OCC3C(C(C(O3)N4C=NC5=C(N=CN=C54)N)OP(=O)(O)O)O)O)O)C(=O)N,2.591064607026499,1.3912129402160645,-0.7891440391540527,2.6961026191711426
1649,A4QB65_wild,C1C(C(C(=O)C=C1C(=O)O)O)O,2.5171958979499744,1.9796955585479736,-0.2840970754623413,1.8133878707885742
1650,A4QB65_wild,C1C(C(C(C=C1C(=O)O)O)O)O,2.369215857410143,2.2232301235198975,-0.30079883337020874,1.9619901180267334
1651,A4QB65_wild,C1C(C(C(=O)CC1(C(=O)[O-])O)O)O,2.0569048513364727,1.8636603355407715,-0.30239811539649963,2.135871410369873
1652,Q5HNV1_wild,C1=CC(=C[N+](=C1)C2C(C(C(O2)COP(=O)(O)OP(=O)(O)OCC3C(C(C(O3)N4C=NC5=C(N=CN=C54)N)OP(=O)(O)O)O)O)O)C(=O)N,1.3579348470004537,0.9026886820793152,-0.47685912251472473,2.0152063369750977
1653,Q9ULC6_wild,C1=CC=C(C=C1)C(=O)C(CCCN=C(N)N)(C(=O)O)N,1.1592663310934943,0.6402541399002075,-0.07285238802433014,0.35676246881484985
1654,Q9ULC6_wild,CCOC(=O)C(CCCN=C(N)N)(C(=O)C1=CC=CC=C1)N,1.0534626049254554,0.5756967067718506,-0.20554949343204498,0.5469542145729065
1655,Q9ULW8_wild,CCOC(=O)C(CCCN=C(N)N)(C(=O)C1=CC=CC=C1)N,0.23804610312879543,0.6478890180587769,-0.012335900217294693,0.45383861660957336
1656,Q9ULW8_wild,C1=CC=C(C=C1)C(=O)C(CCCN=C(N)N)(C(=O)O)N,-0.10237290870955856,0.6848241090774536,0.10573925077915192,0.22617967426776886
1657,Q9Y2J8_wild,C1=CC=C(C=C1)C(=O)NC(CCCN=C(N)N)C(=O)O,-0.2006594505464183,0.7832355499267578,-0.008753541857004166,0.6451625227928162
1658,Q9UM07_wild,COC(=O)C(CCCN=C(N)N)NC(=O)C1=CC=CC=C1,0.7458551951737289,0.814140260219574,0.11042359471321106,0.44222936034202576
1659,Q9UM07_wild,CCOC(=O)C(CCCN=C(N)N)NC(=O)C1=CC=CC=C1,0.7737864449811935,0.8606957197189331,0.1030597984790802,0.5453319549560547
1660,Q9UM07_wild,C1=CC=C(C=C1)C(=O)NC(CCCN=C(N)N)C(=O)O,0.5250448070368452,0.7066885232925415,-0.3010002374649048,0.5587910413742065
1661,P20932_wild,CCCCCCC(C(=O)[O-])O,0.0,-0.40330320596694946,-0.4639768898487091,0.6256085634231567
1662,P20932_R277K,C1=CC=C(C=C1)C(C(=O)[O-])O,1.8195439355418688,-0.11361439526081085,0.304685115814209,0.45652496814727783
1663,P20932_G81A,C1=CC=C(C=C1)C(C(=O)[O-])O,1.2833012287035497,-0.08249987661838531,0.29135119915008545,0.5194934010505676
1664,P20932_wild,C1=CC=C(C=C1)C(C(=O)[O-])O,2.5563025007672873,-0.06947113573551178,0.28734877705574036,0.523547887802124
1665,P20932_R277G,C1=CC=C(C=C1)C(C(=O)[O-])O,-0.6382721639824072,-0.16079972684383392,0.3249017596244812,0.381808876991272
1666,P20932_G81A,CCCCCCC(C(=O)[O-])O,-0.37675070960209955,-0.4080476760864258,-0.4556489884853363,0.6144095659255981
1667,P06621_wild,CN(CC1=CN=C2C(=N1)C(=NC(=N2)N)N)C3=CC=C(C=C3)C(=O)NC(CCC(=O)O)C(=O)O,1.3949767195545644,1.5094919204711914,-1.4316827058792114,2.0109732151031494
1668,Q9M066_wild,CC(C)C(C)CC(C(C)C1CCC2C1(CCC3C2CCC4C3(CCC(C4)O)C)C)O,-1.3010299956639813,-0.5900151133537292,-2.2176854610443115,0.9723527431488037
1669,Q9M066_wild,CC(C)C(C)CC(C(C)C1CCC2C1(CCC3C2CC=C4C3(CCC(C4)O)C)C)O,-2.744727494896694,-0.7358412742614746,-2.350761651992798,0.8777906894683838
1670,Q9M066_wild,CC(C)C(C)CC(C(C)C1CCC2C1(CCC3C2CCC4=CC(=O)CCC34C)C)O,-1.6382721639824072,-0.6212935447692871,-2.5575244426727295,0.9673436880111694
1671,Q9M066_wild,CC(C)C(C)CC(C(C)C1CCC2C1(CCC3C2CCC4C3(CCC(=O)C4)C)C)O,-1.337242168318426,-0.6066469550132751,-2.2264935970306396,0.9721276164054871
1672,Q939C9_wild,C(C(=O)C(=O)O)C(=O)O,1.3424226808222062,1.1793371438980103,-0.18396274745464325,1.1466562747955322
1673,Q939C9_wild,C(CC(=O)O)C(=O)C(=O)O,1.4313637641589874,0.912960410118103,-0.0943203717470169,0.9889202117919922
1674,Q939C9_wild,C(C(C(=O)O)N)C(=O)O,1.4771212547196624,1.0924513339996338,0.5848129987716675,0.7258734703063965
1675,Q939C9_wild,C(CC(=O)O)C(C(=O)O)N,1.146128035678238,0.9584426283836365,0.6666978597640991,0.5276654958724976
1676,P0AFC0_wild,C1C(=NC2=C(N1)N=C(NC2=O)N)C(C(COP(=O)(O)OP(=O)(O)OP(=O)(O)O)O)O,1.0644579892269186,-0.22836768627166748,-1.5450483560562134,1.181479573249817
1677,P0AFC0_wild,C1C(C(OC1N2C=NC3=C(N=CN=C32)N)COP(=O)(O)OP(=O)(O)OP(=O)(O)O)O,0.6618126855372612,-0.04518174007534981,-0.5138337016105652,0.9979079961776733
1678,P52874_wild,C1=NC(=C2C(=N1)N(C=N2)C3C(C(C(O3)COP(=O)(O)OP(=O)(O)OP(=O)(O)O)O)O)N,0.4623979978989561,-0.39777904748916626,-0.9392253160476685,1.045710563659668
1679,A0A0M4UW33_wild,COC1=C(C=CC(=C1)C=CC(=O)OC)O,-1.5482135644757098,0.034471090883016586,0.5765239000320435,0.2739741802215576
1680,A0A0M4UW33_wild,CCOC(=O)C=CC1=CC(=C(C=C1)O)OC,-1.3746875490383261,-0.06574895977973938,0.44708800315856934,0.2210974544286728
1681,A0A1E1FNX1_wild,COC1=C(C=CC(=C1)C=CC(=O)OC)O,-2.3467874862246565,0.041191380470991135,0.49605444073677063,0.27100831270217896
1682,A0A1E1FNX1_wild,CCOC(=O)C=CC1=CC(=C(C=C1)O)OC,-2.5686362358410126,-0.06708723306655884,0.31442028284072876,0.21869798004627228
1683,E7DJY5_wild,COC(=O)C=CC1=CC=C(C=C1)O,0.8750612633917001,1.0861278772354126,-0.44260382652282715,1.2735798358917236
1684,E7DJY5_wild,COC1=C(C=CC(=C1)C=CC(=O)OC)O,1.2810333672477277,0.9817739725112915,-0.3275502622127533,1.2593942880630493
1685,E7DJY5_wild,COC1=CC(=CC(=C1O)OC)C=CC(=O)OC,1.209515014542631,0.9829871654510498,-0.11201916635036469,0.9212445020675659
1686,E7DJY5_wild,CC(=O)OC1=CC=C(C=C1)[N+](=O)[O-],1.8007170782823851,1.5869662761688232,-0.24335289001464844,1.6847882270812988
1687,E7DJY5_wild,CCCC(=O)OC1=CC=C(C=C1)[N+](=O)[O-],2.307923703611882,1.6738150119781494,-0.6093453168869019,2.1389667987823486
1688,A3QYW3_wild,C1=CC=C(C=C1)CCCC#N,1.1986570869544226,-0.8274474143981934,-0.8054423332214355,0.5046175718307495
1689,A3QYW3_wild,C=CCC#N,1.2966651902615312,-0.11371564865112305,-0.2031407505273819,0.2610134184360504
1690,A3QYW3_wild,C1=CC=C2C(=C1)C(=CN2)CC#N,-0.5376020021010439,-0.3261324167251587,-0.14863906800746918,0.2218538373708725
1691,A3QYW3_wild,C1=CC=C(C=C1)CCC#N,1.9014583213961125,-0.8265494704246521,-0.6630098223686218,0.33873409032821655
1692,A3QYW3_wild,CCCCCCC#N,1.61066016308988,-0.815292477607727,-0.7496301531791687,1.0244389772415161
1693,C5IIS9_wild,C1=CC=C(C=C1)C(C#N)O,2.2430380486862944,-0.1336478888988495,0.304991215467453,0.05178293585777283
1694,S5M6X9_wild,C(C#N)NCC#N,0.19589965240923374,-0.585472583770752,0.2642197608947754,-0.2911830544471741
1695,P9WJJ7_wild,C1=CC(=C(N=C1)C(=O)O)C(=O)O,-0.9208187539523752,-0.1467912197113037,-1.3645840883255005,1.0001003742218018
1696,P9WJJ7_wild,C(C1C(C(C(O1)OP(=O)(O)OP(=O)(O)O)O)O)OP(=O)(O)O,-0.8538719643217619,-0.48439913988113403,-0.8920565843582153,0.730087161064148
1697,P00693_wild,C(C1C(C(C(C(O1)OC2C(OC(C(C2O)O)OC3C(OC(C(C3O)O)O)CO)CO)O)O)O)O,2.2278867046136734,1.417160987854004,0.5071737170219421,1.2428998947143555
1698,P9WPY7_wild,C(CC(C(=O)O)N)CN=C(N)NC(CC(=O)O)C(=O)O,1.165244326125311,0.006626080721616745,-0.7668801546096802,0.979084312915802
1699,P9WPY7_C441S,C(CC(C(=O)O)N)CN=C(N)NC(CC(=O)O)C(=O)O,1.466422722433792,0.024248164147138596,-0.771019697189331,0.9842392206192017
1700,Q9BHM6_Q118A,C(CC(C(=O)O)N)CN=C(N)N,2.0791812460476247,0.07366518676280975,0.6092052459716797,1.0452830791473389
1701,Q9BHM6_Q118D,CC(=O)C(=O)[O-],1.863322860120456,0.2478361427783966,1.002411127090454,1.0082200765609741
1702,Q9BHM6_R324A,C1C=CN(C=C1C(=O)N)C2C(C(C(O2)COP(=O)(O)OP(=O)(O)OCC3C(C(C(O3)N4C=NC5=C(N=CN=C54)N)O)O)O)O,1.3979400086720377,-0.0012023188173770905,-0.7066078186035156,2.544686794281006
1703,Q9BHM6_H212A,C1C=CN(C=C1C(=O)N)C2C(C(C(O2)COP(=O)(O)OP(=O)(O)OCC3C(C(C(O3)N4C=NC5=C(N=CN=C54)N)O)O)O)O,0.8633228601204559,-0.05418535694479942,-0.7716143131256104,2.4524269104003906
1704,Q9BHM6_C148S,C(CC(C(=O)O)N)CN=C(N)N,2.649334858712142,0.05328093096613884,0.6063156127929688,1.0301287174224854
1705,Q9BHM6_D329A,C1C=CN(C=C1C(=O)N)C2C(C(C(O2)COP(=O)(O)OP(=O)(O)OCC3C(C(C(O3)N4C=NC5=C(N=CN=C54)N)O)O)O)O,0.9684829485539351,-0.13436831533908844,-0.7572108507156372,2.3952383995056152
1706,Q9BHM6_R324A,CC(=O)C(=O)[O-],1.3521825181113625,0.07246987521648407,1.0478383302688599,0.7996644377708435
1707,Q9BHM6_Q118A,CC(=O)C(=O)[O-],2.45178643552429,0.27435165643692017,0.9644362926483154,1.0606675148010254
1708,Q9BHM6_R324A,C(CC(C(=O)O)N)CN=C(N)N,1.6334684555795866,-0.07406987249851227,0.7137982845306396,0.8001847267150879
1709,Q9BHM6_H212A,CC(=O)C(=O)[O-],1.1139433523068367,-0.008009660989046097,0.9800118207931519,0.7170110940933228
1710,Q9BHM6_wild,CCCC(=O)C(=O)O,2.4345689040341987,-0.010474834591150284,0.6803990006446838,0.9957817792892456
1711,Q9BHM6_Q118D,C1C=CN(C=C1C(=O)N)C2C(C(C(O2)COP(=O)(O)OP(=O)(O)OCC3C(C(C(O3)N4C=NC5=C(N=CN=C54)N)O)O)O)O,1.6720978579357175,0.1593218594789505,-0.7525624632835388,2.750581979751587
1712,Q9BHM6_H212A,C(CC(C(=O)O)N)CN=C(N)N,0.7075701760979364,-0.11025968194007874,0.6294704079627991,0.7266714572906494
1713,Q9BHM6_wild,C(CC(C(=O)O)N)CN=C(N)N,2.806179973983887,0.06943023204803467,0.6030537486076355,1.048396110534668
1714,Q9BHM6_Q118D,C(CC(C(=O)O)N)CN=C(N)N,2.0863598306747484,0.05861445143818855,0.6628743410110474,0.9964307546615601
1715,Q9BHM6_D329A,CC(=O)C(=O)[O-],1.187520720836463,-0.06697025895118713,0.9534807205200195,0.6506554484367371
1716,Q9BHM6_Q118A,C1C=CN(C=C1C(=O)N)C2C(C(C(O2)COP(=O)(O)OP(=O)(O)OCC3C(C(C(O3)N4C=NC5=C(N=CN=C54)N)O)O)O)O,2.2380461031287955,0.1970464438199997,-0.7906721830368042,2.81343674659729
1717,Q9BHM6_C148S,C1C=CN(C=C1C(=O)N)C2C(C(C(O2)COP(=O)(O)OP(=O)(O)OCC3C(C(C(O3)N4C=NC5=C(N=CN=C54)N)O)O)O)O,2.6127838567197355,0.18097147345542908,-0.789106547832489,2.7953178882598877
1718,Q9BHM6_wild,CCC(=O)C(=O)[O-],2.7209857441537393,0.4252663850784302,0.7875954508781433,1.0161786079406738
1719,Q9BHM6_C148A,C(CC(C(=O)O)N)CN=C(N)N,2.6473829701146196,0.06327451765537262,0.6153138875961304,1.041804552078247
1720,Q9BHM6_wild,CC(=O)C(=O)[O-],2.88930170250631,0.27002009749412537,0.9587457180023193,1.065718412399292
1721,Q9BHM6_C148A,CC(=O)C(=O)[O-],2.6981005456233897,0.262593150138855,0.9607366323471069,1.0610690116882324
1722,Q9BHM6_wild,C1C=CN(C=C1C(=O)N)C2C(C(C(O2)COP(=O)(O)OP(=O)(O)OCC3C(C(C(O3)N4C=NC5=C(N=CN=C54)N)O)O)O)O,2.81424759573192,0.19531752169132233,-0.7851976752281189,2.815423011779785
1723,Q9BHM6_C148S,CC(=O)C(=O)[O-],2.708420900134713,0.25465530157089233,0.9542475938796997,1.0485210418701172
1724,Q9BHM6_C148A,C1C=CN(C=C1C(=O)N)C2C(C(C(O2)COP(=O)(O)OP(=O)(O)OCC3C(C(C(O3)N4C=NC5=C(N=CN=C54)N)O)O)O)O,2.625312450961674,0.1914551854133606,-0.7830653786659241,2.809603691101074
1725,F8WKW5_wild,C1=CN(C(=O)NC1=O)C2C(C(C(O2)COP(=O)(O)OP(=O)(O)OC3C(C(C(C(O3)CO)O)O)O)O)O,-0.7958800173440752,-0.24589410424232483,-0.31789860129356384,1.1106712818145752
1726,F8WKW5_wild,COC(=O)C1=COC(C2C1CC=C2CO)O,0.01703333929878037,0.00576309859752655,0.01835271343588829,0.6614882349967957
1727,F8WKW5_wild,CC1CCC2C1C(OC=C2C(=O)OC)O,-0.8860566476931633,-0.08574271202087402,-0.27565377950668335,0.5014069676399231
1728,Q5W9U0_wild,C1=C(OC(C(C1O)O)OC2C(C(C(OC2C(=O)[O-])OC3C(C(C(OC3C(=O)[O-])O)O)O)O)O)C(=O)[O-],0.9344984512435677,1.800224781036377,-0.6161332130432129,2.4355740547180176
1729,Q2U4P3_wild,C(C(C(=O)O)N)S,4.895422546039408,0.9311524629592896,0.023576881736516953,2.890979766845703
1730,Q2U4P3_wild,C(CC(=O)NC(CS)C(=O)NCC(=O)O)C(C(=O)O)N,4.989004615698537,1.5339547395706177,0.1136273443698883,3.0011520385742188
1731,Q2U4P3_wild,C(C(C(CS)O)O)S,5.52865964523499,1.1689358949661255,-0.12313935160636902,2.9989192485809326
1732,Q2U4P3_wild,C(CS)O,4.7435097647284294,1.2701071500778198,0.09637187421321869,2.3188960552215576
1733,Q9C5X8_wild,C(C(C(=O)O)N)S,-1.5228787452803376,-0.15440095961093903,-0.9019850492477417,0.5657749176025391
1734,Q9C5X8_wild,C(C(C(=O)O)N)[Se],-0.4473317838878068,0.18327696621418,-0.6924607753753662,0.3888622224330902
1735,Q9VMG0_wild,CC(=O)SCCNC(=O)CCNC(=O)C(C(C)(C)COP(=O)(O)OP(=O)(O)OCC1C(C(C(O1)N2C=NC3=C(N=CN=C32)N)O)OP(=O)(O)O)O,0.11394335230683679,-0.3767140805721283,-2.0249297618865967,1.357998013496399
1736,Q9VMG0_wild,CCCC(=O)SCCNC(=O)CCNC(=O)C(C(C)(C)COP(=O)(O)OP(=O)(O)OCC1C(C(C(O1)N2C=NC3=C(N=CN=C32)N)O)OP(=O)(O)O)O,-0.27572413039921095,-0.41116002202033997,-1.9166284799575806,1.3747845888137817
1737,Q9VMG0_wild,CCCCCCCCCCCCCCCC(=O)SCCNC(=O)CCNC(=O)C(C(C)(C)COP(=O)(O)OP(=O)(O)OCC1C(C(C(O1)N2C=NC3=C(N=CN=C32)N)O)OP(=O)(O)O)O,-0.7958800173440752,-0.6924256682395935,-2.4688684940338135,1.5382616519927979
1738,Q9VMG0_wild,CCCCCCCCC=CCCCCCCCC(=O)SCCNC(=O)CCNC(=O)C(C(C)(C)COP(=O)(O)OP(=O)(O)OCC1C(C(C(O1)N2C=NC3=C(N=CN=C32)N)O)OP(=O)(O)O)O,-1.1249387366083,-0.5820789337158203,-2.55830979347229,1.5629305839538574
1739,Q9VMG0_wild,CCCCCC=CCC=CCC=CCC=CCCCC(=O)SCCNC(=O)CCNC(=O)C(C(C)(C)COP(=O)(O)OP(=O)(O)OCC1C(C(C(O1)N2C=NC3=C(N=CN=C32)N)O)OP(=O)(O)O)O,-1.3665315444204136,-0.5853516459465027,-2.5463523864746094,1.6095941066741943
1740,Q9VMG0_wild,CCCCCCCCCCCCCCCCCC(=O)SCCNC(=O)CCNC(=O)C(C(C)(C)COP(=O)(O)OP(=O)(O)OCC1C(C(C(O1)N2C=NC3=C(N=CN=C32)N)O)OP(=O)(O)O)O,-1.2291479883578558,-0.7370064854621887,-2.4671170711517334,1.5246081352233887
1741,Q8CVD0_wild,C1=C(NC=N1)C=CC(=O)O,2.5563025007672873,0.9363152980804443,-0.571029543876648,1.7709767818450928
1742,Q8C0L6_wild,CC(=O)NCCCNCCCCN,1.1139433523068367,-0.37528589367866516,-1.7689608335494995,1.2192858457565308
1743,Q8C0L6_wild,CC(=O)NCCCNCCCCNCCCN,0.9030899869919435,-0.5165289640426636,-1.8999041318893433,0.9878649711608887
1744,Q8C0L6_wild,C(CCNCCCN)CNCCCN,-0.7569619513137056,-0.25169628858566284,-1.3415652513504028,0.44735094904899597
1745,Q6QHF9_wild,CC(=O)NCCCNCCCCN,1.1760912590556813,-0.33943963050842285,-1.7417758703231812,1.40602445602417
1746,Q6QHF9_wild,CC(=O)NCCCNCCCCNCCCN,1.5010592622177514,-0.4844095706939697,-1.92243230342865,1.1644505262374878
1747,Q9X5C9_wild,C1=CC(=C[N+](=C1)C2C(C(C(O2)COP(=O)([O-])OP(=O)(O)OCC3C(C(C(O3)N4C=NC5=C(N=CN=C54)N)O)O)O)O)C(=O)N,2.348499570283838,1.6006475687026978,-0.16937105357646942,2.2775182723999023
1748,Q8TZE8_T53Q/K274E,C(C(C(=O)O)N)C(=O)N,2.443888546777372,1.023444414138794,0.60591059923172,0.8694785833358765
1749,Q8TZE8_K274E,C(C(C(=O)O)N)C(=O)N,2.29928933408768,1.0196824073791504,0.6133729815483093,0.8522107005119324
1750,Q8TZE8_T53Q,C(C(C(=O)O)N)C(=O)N,2.392169149489736,0.9975941181182861,0.6035079956054688,0.8689638376235962
1751,Q8TZE8_wild,C(C(C(=O)O)N)C(=O)N,2.948706308904852,0.9916448593139648,0.6090952157974243,0.8509711027145386
1752,R4L284_wild,C(C(C(=O)O)N)C(=O)N,1.5658478186735176,1.1170724630355835,0.39586785435676575,1.0008891820907593
1753,Q8RDL1_wild,C(C1C(C(C(C(O1)OC2C(OC(C(C2O)O)O)CO)O)O)O)O,2.403977963669355,1.7412781715393066,1.2817779779434204,0.9669299721717834
1754,Q8RDL1_wild,C1=CC(=CC=C1[N+](=O)[O-])OC2C(C(C(C(O2)CO)O)O)O,1.2992893340876799,1.368880033493042,0.06355071067810059,0.8967643976211548
1755,Q8RDL1_wild,C(C1C(C(C(C(O1)OC2C(OC(C(C2O)O)OC3C(OC(C(C3O)O)O)CO)CO)O)O)O)O,2.336859820916809,1.5309171676635742,0.9230186939239502,1.090746283531189
1756,Q8RDL1_wild,C(C1C(C(C(C(O1)OC2C(OC(C(C2O)O)OC3C(OC(C(C3O)O)OC4C(OC(C(C4O)O)O)CO)CO)CO)O)O)O)O,2.5186455243303114,1.4873732328414917,0.805443286895752,1.1283764839172363
1757,Q8RDL1_L152P,C1=CC(=CC=C1[N+](=O)[O-])OC2C(C(C(C(O2)CO)O)O)O,0.6304278750250238,1.3806407451629639,0.05592282488942146,0.9066751003265381
1758,Q8RDL1_K285P,C1=CC(=CC=C1[N+](=O)[O-])OC2C(C(C(C(O2)CO)O)O)O,0.23552844690754893,1.3701698780059814,0.06871229410171509,0.8963826894760132
1759,Q8RDL1_T430P,C1=CC(=CC=C1[N+](=O)[O-])OC2C(C(C(C(O2)CO)O)O)O,0.8603380065709937,1.4066359996795654,0.0641167014837265,0.9163317680358887
1760,Q07841_wild,C(C(=O)C(=O)O)C(=O)O,2.294466226161593,1.657645344734192,-0.5363390445709229,2.4451770782470703
1761,Q8T6J6_wild,C1=C(N(C(=O)NC1=O)C2C(C(C(O2)COP(=O)(O)O)O)O)C(=O)O,2.993788813818705,0.16960492730140686,-1.9264894723892212,2.3874189853668213
1762,Q57VC7_V11S,C1=NC2=NC=NC(=C2N1)N,1.376576957056512,0.2612365782260895,-0.9594831466674805,0.3526695966720581
1763,Q57VC7_V11S,C1C(C(OC1N2C=NC3=C2N=CNC3=O)CO)O,1.6095944092252201,0.37704598903656006,0.20630282163619995,0.6801445484161377
1764,Q57VC7_V11A,C1=NC2=NC=NC(=C2N1)N,1.3692158574101427,0.2625771760940552,-0.9772819876670837,0.36491698026657104
1765,Q57VC7_wild,C1C(C(OC1N2C=NC3=C2N=CNC3=O)CO)O,0.8976270912904415,0.3800686001777649,0.18606716394424438,0.6849986910820007
1766,Q57VC7_V11A,C1C(C(OC1N2C=NC3=C2N=CNC3=O)CO)O,1.5976951859255124,0.3793525993824005,0.18170802295207977,0.6978042125701904
1767,Q57VC7_wild,C1=NC2=NC=NC(=C2N1)N,1.0086001717619175,0.255802184343338,-0.981389582157135,0.3405415117740631
1768,Q9JJS6_wild,CC1=C(C(CCC1)(C)C)C=CC(=CC=CC(=CC=CC=C(C)C=CC=C(C)C=CC2=C(CCCC2(C)C)C)C)C,-4.0,-0.9469690918922424,-1.3648247718811035,0.1106695830821991
1769,Q9HAY6_K108F,CC1=C(C(CCC1)(C)C)C=CC(=CC=CC(=CC=CC=C(C)C=CC=C(C)C=CC2=C(CCCC2(C)C)C)C)C,-1.3979400086720375,-0.962783694267273,-1.3718940019607544,0.13535887002944946
1770,Q9HAY6_wild,CC1=C(C(CCC1)(C)C)C=CC(=CC=CC(=CC=CC=C(C)C=CC=C(C)C=CC2=C(CCCC2(C)C)C)C)C,-1.337242168318426,-0.9717697501182556,-1.3686833381652832,0.13824611902236938
1771,Q9HAY6_wild,CC1=C(C(CCC1)(C)C)C=CC(=CC=CC(=CC=CC=C(C)C=CC=C(C)C=CC2=C(CC(CC2(C)C)O)C)C)C,-0.17522353752445433,-0.993576169013977,-1.3144092559814453,0.18982172012329102
1772,Q9HAY6_K108L,CC1=C(C(CCC1)(C)C)C=CC(=CC=CC(=CC=CC=C(C)C=CC=C(C)C=CC2=C(CCCC2(C)C)C)C)C,-1.4034029043735399,-0.9721131324768066,-1.372221827507019,0.1349363923072815
1773,Q4PNI0_wild,CC1=C(C(CCC1)(C)C)C=CC(=CC=CC(=CC=CC=C(C)C=CC=C(C)C=CC=C(C)C=O)C)C,-2.0,-0.022162679582834244,-1.2252165079116821,0.10502889752388
1774,Q4PNI0_wild,CC1=C(C(CCC1)(C)C)C=CC(=CC=CC(=CC=CC=C(C)C=CC=C(C)C=CC2=C(CCCC2(C)C)C)C)C,-1.431798275933005,-0.1551356315612793,-1.3417085409164429,-0.032606542110443115
1775,Q4PNI0_wild,CC1=C(C(CCC1)(C)C)C=CC(=CC=CC(=CC=CC=C(C)C=CC=C(C)C=CC2C(=CCCC2(C)C)C)C)C,-3.0,-0.13745729625225067,-1.2107945680618286,-0.06411734223365784
1776,Q4PNI0_wild,CC1=C(C(CCC1)(C)C)C=CC(=CC=CC(=CC=CC=C(C)C=CC=C(C)C=CC2=C(CC(CC2(C)C)O)C)C)C,-1.8860566476931633,-0.12958164513111115,-1.2684046030044556,0.06981819868087769
1777,Q4PNI0_wild,CC1=C(C(CCC1)(C)C)C=CC(=CC=CC(=CC=CC=C(C)C=CC=C(C)C=CC=C(C)CCC=C(C)C)C)C,-3.522878745280338,0.0026996098458766937,-1.1568251848220825,-0.12835848331451416
1778,P10746_C73R,C1=C(C(=C(N1)CC2=C(C(=C(N2)CC3=C(C(=C(N3)CC4=C(C(=C(N4)CO)CC(=O)O)CCC(=O)O)CC(=O)O)CCC(=O)O)CC(=O)O)CCC(=O)O)CC(=O)O)CCC(=O)O,1.0,0.011190351098775864,-0.7818434238433838,1.8218655586242676
1779,P10746_wild,C1=C(C(=C(N1)CC2=C(C(=C(N2)CC3=C(C(=C(N3)CC4=C(C(=C(N4)CO)CC(=O)O)CCC(=O)O)CC(=O)O)CCC(=O)O)CC(=O)O)CCC(=O)O)CC(=O)O)CCC(=O)O,2.949390006644913,-0.00618516281247139,-0.7553959488868713,1.8060208559036255
1780,P10746_C73R/A69E,C1=C(C(=C(N1)CC2=C(C(=C(N2)CC3=C(C(=C(N3)CC4=C(C(=C(N4)CO)CC(=O)O)CCC(=O)O)CC(=O)O)CCC(=O)O)CC(=O)O)CCC(=O)O)CC(=O)O)CCC(=O)O,2.230448921378274,0.009747270494699478,-0.7778757214546204,1.8151456117630005
1781,P10746_C73R/L43D,C1=C(C(=C(N1)CC2=C(C(=C(N2)CC3=C(C(=C(N3)CC4=C(C(=C(N4)CO)CC(=O)O)CCC(=O)O)CC(=O)O)CCC(=O)O)CC(=O)O)CCC(=O)O)CC(=O)O)CCC(=O)O,3.0791812460476247,0.024956580251455307,-0.7762726545333862,1.822291612625122
1782,Q16875_wild,C(C1C(C(C(O1)(CO)O)O)O)OP(=O)(O)O,-0.34969247686806354,0.5783581733703613,-0.6699916124343872,-0.5027468204498291
1783,A6T9B7_wild,C1C=CN(C=C1C(=O)N)C2C(C(C(O2)COP(=O)(O)OP(=O)(O)OCC3C(C(C(O3)N4C=NC5=C(N=CN=C54)N)OP(=O)(O)O)O)O)O,-0.5559552040819237,0.40718919038772583,-1.668594479560852,1.9929144382476807
1784,A6T9B7_wild,C1C=CN(C=C1C(=O)N)C2C(C(C(O2)COP(=O)(O)OP(=O)(O)OCC3C(C(C(O3)N4C=NC5=C(N=CN=C54)N)O)O)O)O,-0.5622494371796121,0.48268771171569824,-1.2429100275039673,1.7585779428482056
1785,P54550_wild,C1C=CN(C=C1C(=O)N)C2C(C(C(O2)COP(=O)(O)OP(=O)(O)OCC3C(C(C(O3)N4C=NC5=C(N=CN=C54)N)O)O)O)O,-1.8153085691824011,0.6377338767051697,-0.9859008193016052,1.4127306938171387
1786,P54550_wild,C1C=CN(C=C1C(=O)N)C2C(C(C(O2)COP(=O)(O)OP(=O)(O)OCC3C(C(C(O3)N4C=NC5=C(N=CN=C54)N)OP(=O)(O)O)O)O)O,-1.7746907182741372,0.567257285118103,-1.3237916231155396,1.5374401807785034
1787,Q1M0P5_wild,C(COC(=O)CCC(=O)O)C(C(=O)O)N,-0.5272435506827877,0.4397028088569641,0.12666983902454376,0.5339364409446716
1788,P77555_D141E,C1=CC(=C[N+](=C1)C2C(C(C(O2)COP(=O)([O-])OP(=O)(O)OCC3C(C(C(O3)N4C=NC5=C(N=CN=C54)N)O)O)O)O)C(=O)N,-0.060480747381381476,0.6134920120239258,-0.26660996675491333,1.2322766780853271
1789,P77555_H44A,C1=CC(=C[N+](=C1)C2C(C(C(O2)COP(=O)([O-])OP(=O)(O)OCC3C(C(C(O3)N4C=NC5=C(N=CN=C54)N)O)O)O)O)C(=O)N,0.012837224705172217,0.08341321349143982,-0.06132901459932327,0.5860506296157837
1790,P77555_S43A,C(C(=O)O)(NC(=O)N)O,0.1367205671564068,0.17483754456043243,0.04483663663268089,0.7385969161987305
1791,P77555_D141E,C(C(=O)O)(NC(=O)N)O,0.22271647114758325,0.22041431069374084,0.04232127591967583,0.7946124076843262
1792,P77555_Y52F,C1=CC(=C[N+](=C1)C2C(C(C(O2)COP(=O)([O-])OP(=O)(O)OCC3C(C(C(O3)N4C=NC5=C(N=CN=C54)N)O)O)O)O)C(=O)N,0.2787536009528289,0.6455138325691223,-0.2679985463619232,1.2292448282241821
1793,P77555_S140A,C(C(=O)O)(NC(=O)N)O,0.11058971029924898,0.219874769449234,0.038327183574438095,0.7898491621017456
1794,P77555_S140A,C1=CC(=C[N+](=C1)C2C(C(C(O2)COP(=O)([O-])OP(=O)(O)OCC3C(C(C(O3)N4C=NC5=C(N=CN=C54)N)O)O)O)O)C(=O)N,-1.6989700043360187,0.6159300804138184,-0.2707443833351135,1.224790334701538
1795,P77555_D141A,C1=CC(=C[N+](=C1)C2C(C(C(O2)COP(=O)([O-])OP(=O)(O)OCC3C(C(C(O3)N4C=NC5=C(N=CN=C54)N)O)O)O)O)C(=O)N,0.02530586526477026,0.6234626770019531,-0.2838599979877472,1.2514886856079102
1796,P77555_Y52F,C(C(=O)O)(NC(=O)N)O,0.28330122870354957,0.2358359396457672,0.04388914629817009,0.7879428863525391
1797,P77555_S43A,C1=CC(=C[N+](=C1)C2C(C(C(O2)COP(=O)([O-])OP(=O)(O)OCC3C(C(C(O3)N4C=NC5=C(N=CN=C54)N)O)O)O)O)C(=O)N,0.3996737214810381,0.5659871697425842,-0.2643188238143921,1.1738982200622559
1798,P77555_D141N,C(C(=O)O)(NC(=O)N)O,0.2944662261615929,0.254611998796463,0.03178645297884941,0.8180770874023438
1799,P77555_D141N,C1=CC(=C[N+](=C1)C2C(C(C(O2)COP(=O)([O-])OP(=O)(O)OCC3C(C(C(O3)N4C=NC5=C(N=CN=C54)N)O)O)O)O)C(=O)N,0.1673173347481761,0.6548493504524231,-0.27093562483787537,1.251767635345459
1800,P77555_H44A,C(C(=O)O)(NC(=O)N)O,0.24551266781414982,-0.2541719973087311,0.22999519109725952,0.26276952028274536
1801,P77555_D141A,C(C(=O)O)(NC(=O)N)O,0.20951501454263097,0.23060694336891174,0.01038886234164238,0.8215404748916626
1802,P77555_wild,C(C(=O)O)(NC(=O)N)O,1.7563317673210577,0.231160968542099,0.04365239664912224,0.7992939949035645
1803,P77555_wild,C1=CC(=C[N+](=C1)C2C(C(C(O2)COP(=O)([O-])OP(=O)(O)OCC3C(C(C(O3)N4C=NC5=C(N=CN=C54)N)O)O)O)O)C(=O)N,1.7951149856303632,0.6301596164703369,-0.26693230867385864,1.2348991632461548
1804,P77555_M251A,C(C(=O)O)(NC(=O)N)O,1.6625689669332602,0.2335801124572754,0.05056687816977501,0.7915453910827637
1805,P77555_M251A,C1=CC(=C[N+](=C1)C2C(C(C(O2)COP(=O)([O-])OP(=O)(O)OCC3C(C(C(O3)N4C=NC5=C(N=CN=C54)N)O)O)O)O)C(=O)N,1.4864304788544338,0.63336580991745,-0.2682980000972748,1.2533648014068604
1806,P77555_R259A,C(C(=O)O)(NC(=O)N)O,1.0784568180532925,0.24473786354064941,0.061861854046583176,0.8008771538734436
1807,P77555_R259A,C1=CC(=C[N+](=C1)C2C(C(C(O2)COP(=O)([O-])OP(=O)(O)OCC3C(C(C(O3)N4C=NC5=C(N=CN=C54)N)O)O)O)O)C(=O)N,0.9680157139936417,0.6444624662399292,-0.24175138771533966,1.2229068279266357
1808,Q8NRQ7_Y137A,CC1=C(N2C(=C(C(=O)N2C1=O)C)CSCC(C(=O)NC3C(C(C(OC3OC4C(C(C(C(C4O)O)O)O)O)CO)O)O)NC(=O)C)C,-2.3010299956639813,0.5552650690078735,1.9282989501953125,-1.054853081703186
1809,Q8NRQ7_D14A,CC1=C(N2C(=C(C(=O)N2C1=O)C)CSCC(C(=O)NC3C(C(C(OC3OC4C(C(C(C(C4O)O)O)O)O)CO)O)O)NC(=O)C)C,-1.4436974992327127,0.28514915704727173,1.8561021089553833,-1.3055109977722168
1810,Q8NRQ7_D15A,CC1=C(N2C(=C(C(=O)N2C1=O)C)CSCC(C(=O)NC3C(C(C(OC3OC4C(C(C(C(C4O)O)O)O)O)CO)O)O)NC(=O)C)C,-1.1079053973095196,0.27745866775512695,1.8417671918869019,-1.3148694038391113
1811,Q8NRQ7_D132A,CC1=C(N2C(=C(C(=O)N2C1=O)C)CSCC(C(=O)NC3C(C(C(OC3OC4C(C(C(C(C4O)O)O)O)O)CO)O)O)NC(=O)C)C,-1.1870866433571443,0.5917540192604065,1.8116987943649292,-0.9780697822570801
1812,Q8NRQ7_H10A,CC1=C(N2C(=C(C(=O)N2C1=O)C)CSCC(C(=O)NC3C(C(C(OC3OC4C(C(C(C(C4O)O)O)O)O)CO)O)O)NC(=O)C)C,-1.1674910872937636,0.5331595540046692,1.9044806957244873,-1.0689572095870972
1813,Q8NRQ7_wild,CC1=C(N2C(=C(C(=O)N2C1=O)C)CSCC(C(=O)NC3C(C(C(OC3OC4C(C(C(C(C4O)O)O)O)O)CO)O)O)NC(=O)C)C,-1.2291479883578558,0.6053375005722046,1.850048303604126,-0.9855834245681763
1814,Q8NRQ7_E16A,CC1=C(N2C(=C(C(=O)N2C1=O)C)CSCC(C(=O)NC3C(C(C(OC3OC4C(C(C(C(C4O)O)O)O)O)CO)O)O)NC(=O)C)C,-1.1611509092627446,0.5143482685089111,1.850443720817566,-1.0816707611083984
1815,Q8NRQ7_E43A,CC1=C(N2C(=C(C(=O)N2C1=O)C)CSCC(C(=O)NC3C(C(C(OC3OC4C(C(C(C(C4O)O)O)O)O)CO)O)O)NC(=O)C)C,-1.2365720064370627,0.6327992677688599,1.7878514528274536,-0.9369646310806274
1816,Q8NRQ7_D141A,CC1=C(N2C(=C(C(=O)N2C1=O)C)CSCC(C(=O)NC3C(C(C(OC3OC4C(C(C(C(C4O)O)O)O)O)CO)O)O)NC(=O)C)C,-1.337242168318426,0.5479108095169067,1.8397635221481323,-1.043813705444336
1817,Q8NRQ7_H12A,CC1=C(N2C(=C(C(=O)N2C1=O)C)CSCC(C(=O)NC3C(C(C(OC3OC4C(C(C(C(C4O)O)O)O)O)CO)O)O)NC(=O)C)C,-1.1804560644581312,0.33580827713012695,1.9256486892700195,-1.3225977420806885
1818,Q8NRQ7_H139A,CC1=C(N2C(=C(C(=O)N2C1=O)C)CSCC(C(=O)NC3C(C(C(OC3OC4C(C(C(C(C4O)O)O)O)O)CO)O)O)NC(=O)C)C,-2.318758762624413,0.4413568377494812,1.910019040107727,-1.2007708549499512
1819,Q8NRQ7_H142A,CC1=C(N2C(=C(C(=O)N2C1=O)C)CSCC(C(=O)NC3C(C(C(OC3OC4C(C(C(C(C4O)O)O)O)O)CO)O)O)NC(=O)C)C,-1.183758700008217,0.21211665868759155,1.9708828926086426,-1.3692905902862549
1820,P37981_wild,[O-]P(=O)([O-])OP(=O)([O-])[O-],3.342422680822206,1.3788812160491943,-1.5185683965682983,2.524186849594116
1821,Q8U438_wild,C1=NC2=C(C(=O)N1)N=CN2C3C(C(C(O3)COP(=O)(O)OP(=O)(O)OP(=O)(O)O)O)O,2.0644579892269186,1.0406951904296875,0.2604523003101349,2.490983009338379
1822,Q8U438_wild,C1=CN(C(=O)NC1=O)C2C(C(C(O2)COP(=O)(O)OP(=O)(O)OC3C(C(C(C(O3)CO)O)O)O)O)O,1.4727564493172123,1.4499561786651611,0.24683541059494019,2.714890718460083
1823,Q8U438_wild,[O-]P(=O)([O-])OP(=O)([O-])[O-],3.089905111439398,1.4959312677383423,-0.6902397871017456,3.01975417137146
1824,Q8U438_wild,C1=NC(=C2C(=N1)N(C=N2)C3C(C(C(O3)COP(=O)(O)OP(=O)(O)O)O)O)N,1.294466226161593,1.2068495750427246,-0.26626747846603394,2.841218948364258
1825,Q8U438_wild,C1=CN(C(=O)NC1=O)C2C(C(C(O2)COP(=O)(O)OP(=O)(O)O)O)O,1.4393326938302626,1.2693383693695068,0.2920142710208893,2.5033960342407227
1826,Q8U438_wild,C1=NC2=C(N1C3C(C(C(O3)COP(=O)(O)OP(=O)(O)O)O)O)N=C(NC2=O)N,1.6009728956867482,1.0462040901184082,-0.12079194188117981,2.6066040992736816
1827,Q8U438_wild,C1=NC2=C(C(=O)N1)N=CN2C3C(C(C(O3)COP(=O)(O)OP(=O)(O)O)O)O,1.75815462196739,1.1233432292938232,0.16333532333374023,2.5396409034729004
1828,Q8U438_wild,C1=NC(=C2C(=N1)N(C=N2)C3C(C(C(O3)COP(=O)(O)OP(=O)(O)OP(=O)(O)O)O)O)N,1.9623693356700211,1.1327497959136963,0.06148850545287132,2.6299140453338623
1829,Q8U438_wild,C1=NC2=C(N1C3C(C(C(O3)COP(=O)(O)OP(=O)(O)OP(=O)(O)O)O)O)N=C(NC2=O)N,1.9623693356700211,0.9021966457366943,0.05353629216551781,2.4658029079437256
1830,Q8U438_wild,C1=CN(C(=O)N=C1N)C2C(C(C(O2)COP(=O)(O)OP(=O)(O)O)O)O,1.7101173651118162,1.2278660535812378,0.16876742243766785,2.587131977081299
1831,Q8U438_wild,C1=CN(C(=O)NC1=O)C2C(C(C(O2)COP(=O)(O)OP(=O)(O)OP(=O)(O)O)O)O,1.9960736544852753,1.1958643198013306,0.39225906133651733,2.439056634902954
1832,Q8U438_wild,C1=CN(C(=O)N=C1N)C2C(C(C(O2)COP(=O)(O)OP(=O)(O)OP(=O)(O)O)O)O,1.9740509027928774,1.1444852352142334,0.3123815953731537,2.4865870475769043
1833,E6U5H4_S213N,[O-]P(=O)([O-])OP(=O)([O-])[O-],2.6127838567197355,1.5719592571258545,0.1656186580657959,1.3200253248214722
1834,E6U5H4_wild,[O-]P(=O)([O-])OP(=O)([O-])[O-],3.2671717284030137,1.5614259243011475,0.17659364640712738,1.2875614166259766
1835,D4GT97_wild,[O-]P(=O)([O-])OP(=O)([O-])[O-],3.0211892990699383,0.9643810987472534,-0.6047258377075195,1.969862937927246
1836,Q93V56_wild,[O-]P(=O)([O-])OP(=O)([O-])[O-],0.724275869600789,1.2015742063522339,-1.5626811981201172,2.4459805488586426
1837,I3STR7_wild,[O-]P(=O)([O-])OP(=O)([O-])[O-],1.0334237554869496,1.1589415073394775,-1.542697787284851,2.4886019229888916
1838,B6YSF3_wild,[O-]P(=O)([O-])OP(=O)([O-])[O-],-0.6575773191777937,0.16575047373771667,-0.15181726217269897,0.41630059480667114
1839,O59570_wild,[O-]P(=O)([O-])OP(=O)([O-])[O-],3.536053155159205,1.6326686143875122,-0.6193604469299316,3.011340856552124
1840,P56153_Y140F,[O-]P(=O)([O-])OP(=O)([O-])[O-],1.8943160626844384,1.8205877542495728,-1.331229329109192,2.531372308731079
1841,P56153_wild,[O-]P(=O)([O-])OP(=O)([O-])[O-],2.5364321758220134,1.834484577178955,-1.3318613767623901,2.553696393966675
1842,P56153_C16S,[O-]P(=O)([O-])OP(=O)([O-])[O-],2.238297067875394,1.939475178718567,-1.3401416540145874,2.648332118988037
1843,P80507_wild,[O-]P(=O)([O-])OP(=O)([O-])[O-],2.9618954736678504,1.6943905353546143,-1.57233726978302,2.7089760303497314
1844,P76469_wild,CC(C(CC(=O)C(=O)[O-])O)O,-0.3979400086720376,0.1800031065940857,-0.904944658279419,0.7391618490219116
1845,P76469_wild,CCC(CC(=O)C(=O)[O-])O,2.6503075231319366,0.10000064969062805,-0.7841325998306274,1.0743175745010376
1846,P76469_wild,CC(CC(=O)C(=O)[O-])O,2.597695185925512,0.2725023627281189,-0.3515424430370331,0.9833055734634399
1847,P00450_wild,[Fe+2],-0.2967086218813386,0.6826171278953552,-2.1366782188415527,1.9359149932861328
1848,Q9X839_wild,CC(=CCCC(=CCCC(=CCOP(=O)(O)OP(=O)(O)O)C)C)C,-2.207608310501746,-1.4034156799316406,-2.0057194232940674,0.9799590110778809
1849,Q82L49_wild,CC(=CCCC(=CCCC(=CCOP(=O)(O)OP(=O)(O)O)C)C)C,-2.5086383061657274,-1.2811540365219116,-1.8421992063522339,0.9720450639724731
1850,Q5LVM3_wild,CCC(=O)[O-],1.0334237554869496,0.9807531833648682,0.3988969922065735,1.448547124862671
1851,Q5LVM3_wild,C=CC(=O)[O-],1.1553360374650619,0.8683902025222778,0.4101771116256714,1.2262096405029297
1852,Q5LVM3_wild,CCCC(=O)[O-],1.1583624920952498,0.5858906507492065,0.0324607752263546,1.4231722354888916
1853,Q5LVM3_wild,CSCCC(=O)O,1.271841606536499,0.7234191298484802,-0.6221982836723328,1.5476181507110596
1854,J9XGZ5_wild,CC(=O)C(=O)[O-],-0.09691001300805639,0.35792043805122375,-0.6212013959884644,1.1664077043533325
1855,J9XGZ5_wild,C(CC(=O)O)CN,0.0,-0.0700150579214096,-0.03538242354989052,0.42578554153442383
1856,J9XGZ5_wild,C(=O)C(=O)[O-],-0.13076828026902382,0.7479382753372192,-0.8465909361839294,1.5780450105667114
1857,Q94CE5_wild,C(=O)C(=O)[O-],1.08278537031645,0.3882429301738739,-0.7934725880622864,1.4504642486572266
1858,Q94CE5_wild,C(CC(=O)[O-])C=O,1.0334237554869496,0.26650547981262207,-1.2740830183029175,1.3729593753814697
1859,Q94CE5_wild,CC(C(=O)O)N,1.187520720836463,0.28331059217453003,0.30483371019363403,0.6482648849487305
1860,Q94CE5_wild,C(CC(=O)O)CN,1.0253058652647702,-0.26768261194229126,-0.014521051198244095,0.40027081966400146
1861,Q94CE5_wild,CC(=O)C(=O)[O-],1.0253058652647702,0.030819755047559738,-0.6157938838005066,1.087713360786438
1862,A4QB65_wild,C1C(C(C(CC1(C(=O)O)O)O)O)O,1.1643528557844371,1.8331291675567627,0.15464827418327332,1.601944923400879
1863,Q9H4Y5_wild,C(C(C1C(=O)C(=O)C(=O)O1)O)O,-1.958607314841775,0.846010684967041,-0.7463684678077698,0.46205711364746094
1864,Q9H4Y5_wild,C(CC(=O)NC(CS)C(=O)NCC(=O)O)C(C(=O)O)N,-1.7569619513137056,0.18103572726249695,-0.1580791473388672,-0.02735668420791626
1865,O43175_wild,CC(=O)C1=CC=CC=N1,-1.7695510786217261,0.18713369965553284,-1.1243089437484741,0.347405344247818
1866,O43175_wild,C1=CC(=C[N+](=C1)C2C(C(C(O2)COP(=O)([O-])OP(=O)(O)OCC3C(C(C(O3)N4C=NC5=C(N=CN=C54)N)O)O)O)O)C(=O)N,-1.1249387366083,0.7508216500282288,-0.8869878649711609,1.3581700325012207
1867,O43175_wild,C1=CC(=CN=C1)C(=S)N,-2.1249387366083,0.14729973673820496,-1.435780644416809,0.6226717233657837
1868,Q1XAT9_wild,C=C(C(=O)O)OP(=O)(O)O,1.5797835966168101,0.9877928495407104,-1.1696507930755615,0.44708704948425293
1869,Q1XAT8_wild,C=C(C(=O)O)OP(=O)(O)O,1.5185139398778875,0.8999555110931396,-1.1562156677246094,0.36226412653923035
1870,Q1XAT7_wild,C=C(C(=O)O)OP(=O)(O)O,1.2041199826559248,0.9185863137245178,-1.146297812461853,0.38091394305229187
1871,P15804_wild,C=C(C(=O)O)OP(=O)(O)O,1.8195439355418688,0.8580777645111084,-1.028590202331543,0.34178265929222107
1872,P12880_K653Q,C=C(C(=O)O)OP(=O)(O)O,-2.3010299956639813,0.31469979882240295,0.1926499903202057,-0.23908638954162598
1873,P12880_K653R,C=C(C(=O)O)OP(=O)(O)O,-1.4202164033831899,0.31881383061408997,0.17944255471229553,-0.22435051202774048
1874,P12880_wild,C=C(C(=O)O)OP(=O)(O)O,-1.2596373105057561,0.320370614528656,0.1808609664440155,-0.2251240313053131
1875,C4LSN1_wild,C1=CC(=C[N+](=C1)C2C(C(C(O2)COP(=O)([O-])OP(=O)(O)OCC3C(C(C(O3)N4C=NC5=C(N=CN=C54)N)O)O)O)O)C(=O)N,0.2787536009528289,0.22346636652946472,0.025151964277029037,0.848645806312561
1876,C4LSN1_wild,C1C=CN(C=C1C(=O)N)C2C(C(C(O2)COP(=O)(O)OP(=O)(O)OCC3C(C(C(O3)N4C=NC5=C(N=CN=C54)N)O)O)O)O,0.2787536009528289,0.4135218858718872,-0.6827906370162964,1.3648772239685059
1877,C4LSN1_wild,C1=NC(=C2C(=N1)N(C=N2)C3C(C(C(O3)COP(=O)(O)OP(=O)(O)OP(=O)(O)O)O)O)N,0.42813479402878885,0.23900631070137024,-0.30718880891799927,0.7467628717422485
1878,J9XGP8_wild,C(=O)C(=O)[O-],0.414973347970818,0.6379866600036621,-0.8700605630874634,1.569734811782837
1879,J9XGP8_wild,C(CC(=O)O)CN,0.43136376415898736,-0.17015859484672546,-0.07190102338790894,0.35798630118370056
1880,J9XGP8_wild,CC(=O)C(=O)[O-],0.43136376415898736,0.25694382190704346,-0.687428891658783,1.1380444765090942
1881,B8A0E5_wild,C(CC(=O)N)C(=O)C(=O)O,1.8000293592441343,0.9926116466522217,0.1590561866760254,1.1213330030441284
1882,B8A2V8_wild,C(CC(=O)N)C(=O)C(=O)O,1.7058637122839193,0.9091726541519165,-0.07581891119480133,1.0944854021072388
1883,Q65CC7_wild,C1=CN(C(=O)NC1=O)C2C(C(C(O2)COP(=O)(O)OP(=O)(O)OC3C(C(C(C(O3)CO)O)O)O)O)O,-1.275724130399211,-0.527218222618103,-0.8072434663772583,1.347469687461853
1884,Q65CC7_wild,C1=CN(C(=O)NC1=O)C2C(C(C(O2)COP(=O)(O)OP(=O)(O)OC3C(C(C(C(O3)CO)O)N)O)O)O,-1.2518119729937995,-0.6105985045433044,-0.8565138578414917,1.3667700290679932
1885,A0A087INM7_S167A,CC(=CCCC(=CCCC(=CCOP(=O)(O)OP(=O)(O)O)C)C)C,-0.28399665636520083,-0.36478328704833984,-1.8167990446090698,1.0847690105438232
1886,A0A087INM7_wild,CC(=CCCC(=CCCC(=CCOP(=O)(O)OP(=O)(O)O)C)C)C,0.36172783601759284,-0.35749125480651855,-1.8167897462844849,1.1215211153030396
1887,A0A087INM7_S23A,CC(=CCCC(=CCCC(=CCOP(=O)(O)OP(=O)(O)O)C)C)C,0.22271647114758325,-0.594373881816864,-1.7838971614837646,0.8193597197532654
1888,C3W7B0_wild,C1C(=O)C2=C(C=C(C=C2OC1(C3=CC=C(C=C3)O)O)O)O,0.49554433754644844,-0.20187753438949585,-1.5938445329666138,1.7827353477478027
1889,C3W7B0_wild,C1=CC=C(C=C1)C(=O)C2=C(C=C(C=C2O)O)O,-0.958607314841775,0.8046733140945435,-1.5880870819091797,2.0611395835876465
1890,C3W7B0_wild,C1=CC=C(C=C1)CCC(=O)C2=C(C=C(C=C2O)O)O,-0.12493873660829995,0.474425733089447,-1.7239469289779663,2.135024309158325
1891,C3W7B0_wild,C1C(=O)C2=C(C=C(C=C2OC1(C3=CC=CC=C3)O)O)O,-0.11918640771920865,0.029280085116624832,-1.529934048652649,1.8157069683074951
1892,C3W7B0_wild,C1=CC(=CC=C1CCC(=O)C2=C(C=C(C=C2O)O)O)O,1.0350292822023681,0.5490391850471497,-2.1359074115753174,2.4425411224365234
1893,Q5JD29_wild,C1=NC(=C(N1C2C(C(C(O2)COP(=O)(O)O)O)O)NC=O)C(=O)N,-0.31875876262441283,1.068015217781067,-1.7620877027511597,2.1085007190704346
1894,A6KWY5_wild,C(C(C(C(C(C(=O)[O-])O)O)O)O)O,-0.22184874961635637,0.25264301896095276,-0.13922515511512756,0.9592194557189941
1895,A6KWY5_wild,C(C(=O)C(C(C(C(=O)[O-])O)O)O)O,1.954242509439325,0.5893139839172363,-0.329216331243515,1.1470990180969238
1896,Q1DDS6_wild,C(CC(=O)N)C(C(=O)NC(CCC(=O)O)C(=O)O)N,1.1072099696478683,0.17372722923755646,0.40763601660728455,0.470242440700531
1897,Q1DDS6_wild,C(CC(=O)N)C(C(=O)NC(CCC(=O)N)C(=O)O)N,1.5010592622177514,0.23551729321479797,0.4490307569503784,0.5596851110458374
1898,P23522_wild,C(C(CO)O)C(=O)C(=O)[O-],-0.5228787452803376,0.21028566360473633,-0.4230843484401703,1.0046875476837158
1899,P23522_wild,C(C(C(CO)O)O)C(=O)C(=O)[O-],-0.5228787452803376,0.10543790459632874,-0.4381360709667206,0.8364241719245911
1900,P23522_wild,CC(C(CC(=O)C(=O)O)O)O,-0.3979400086720376,0.31066930294036865,-0.6470140218734741,0.8761605024337769
1901,P23522_wild,C(CC(=O)[O-])C(CC(=O)C(=O)[O-])O,2.4756711883244296,0.1830749809741974,-0.53048175573349,1.1709818840026855
1902,R7B6R4_wild,CC(CCC(=O)O)C1CCC2C1(C(CC3C2CCC4C3(CCC(C4)O)C)O)C,1.7474118078864234,0.22141295671463013,-0.9383793473243713,1.243790864944458
1903,Q4WYG3_wild,C1=CC=C(C(=C1)CC(C(=O)O)N)O,-1.3467874862246563,-0.7413621544837952,-0.639695405960083,0.11852306127548218
1904,A0A0H2V660_wild,C1C(C(=O)OCC(C(=O)OCC(C(=O)O1)NC(=O)C2=C(C(=CC=C2)O)O)NC(=O)C3=C(C(=CC=C3)O)O)NC(=O)C4=C(C(=CC=C4)O)O,1.247236549506764,0.1547640562057495,-1.224915862083435,1.0844632387161255
1905,P47016_wild,C(CC(=O)NC(CS)C(=O)NCC(=O)O)C(=O)C(=O)O,0.5563025007672873,1.0037428140640259,-0.26118478178977966,2.100381374359131
1906,Q6RKB1_wild,CCCCCCCCCCCC(=O)[O-],0.41830129131974547,-0.9434576630592346,-0.6321315169334412,0.8551559448242188
1907,Q6RKB1_wild,C1=CC(=CC(=C1)[N+](=O)[O-])C(=O)[O-],-0.5228787452803376,-0.5969814658164978,0.08170002698898315,0.5909895896911621
1908,Q6RKB1_wild,COC1=CC=C(C=C1)C(=O)[O-],-0.08618614761628333,-0.620611846446991,-0.167781800031662,0.48346954584121704
1909,Q6RKB1_wild,C1=CSC(=C1)C(=O)[O-],0.004321373782642578,-0.4301133155822754,0.12725743651390076,0.6339150667190552
1910,Q6RKB1_wild,C1=CC=C(C=C1)C#CC(=O)[O-],-0.9318141382538383,-0.6306289434432983,-0.173213928937912,0.28848910331726074
1911,Q6RKB1_wild,CCCC(=O)[O-],0.6364878963533654,-0.5506267547607422,0.8056026101112366,0.24072468280792236
1912,Q6RKB1_wild,CCCCCCCCCCCCCCCCCC(=O)[O-],0.05307844348341968,-1.0988050699234009,-0.5546296238899231,0.8434218168258667
1913,Q6RKB1_wild,COC1=CC=CC(=C1)C(=O)[O-],0.1903316981702915,-0.7076587677001953,-0.11199125647544861,0.4170744717121124
1914,Q6RKB1_wild,C1=CC=C(C=C1)C(=O)[O-],0.21218760440395779,-0.46876969933509827,-0.13323521614074707,0.5297669172286987
1915,Q6RKB1_wild,C1=CC=C(C=C1)C(=O)CC(=O)[O-],-0.20901152491118416,-0.5656673908233643,-0.48338034749031067,0.6051927804946899
1916,Q6RKB1_wild,CCCCCCCC(=O)[O-],0.5888317255942073,-0.8906031847000122,-0.1759270876646042,0.6179748773574829
1917,Q6RKB1_wild,C1=CC=C(C=C1)CCC(=O)[O-],0.15533603746506178,-0.6498802900314331,-0.049473557621240616,0.33384960889816284
1918,Q6RKB1_wild,C1=CC=C(C=C1)C=CC(=O)O,-0.8927900303521317,-0.6916084289550781,-0.492235392332077,0.508421778678894
1919,Q6RKB1_wild,CC1=CC=C(C=C1)C(=O)[O-],0.19589965240923374,-0.6357083320617676,-0.346211314201355,0.9405325055122375
1920,P09546_wild,C1CC(N=C1)C(=O)O,0.7126497016272114,0.43307143449783325,-0.539905309677124,0.5833268761634827
1921,Q51405_wild,C1C(C(C(C(C1N)OC2C(C(C(C(O2)CO)O)O)N)OC3C(C(C(O3)CO)OC4C(C(C(C(O4)CN)O)O)N)O)O)N,1.5314789170422551,0.04510444030165672,-0.7617488503456116,1.7596170902252197
1922,Q51405_wild,C1C(C(C(C(C1N)OC2C(C(C(C(O2)CO)O)N)O)O)OC3C(C(C(C(O3)CN)O)O)N)N,1.7403626894942439,0.04080299660563469,-0.9855116009712219,1.601468801498413
1923,Q51405_wild,C1C(C(C(C(C1N)OC2C(C(C(C(O2)CN)O)O)N)OC3C(C(C(O3)CO)OC4C(C(C(C(O4)CN)O)O)N)O)O)N,1.0,0.04630854353308678,-0.8636878728866577,1.8343771696090698
1924,Q51405_wild,CC1(COC(C(C1NC)O)OC2C(CC(C(C2O)OC3C(CC=C(O3)CN)N)N)N)O,1.662757831681574,-0.5964869856834412,-1.3849358558654785,1.3806636333465576
1925,Q51405_wild,C1C(C(C(C(C1N)OC2C(C(C(C(O2)CN)O)O)O)O)OC3C(C(C(C(O3)CO)O)N)O)N,1.7075701760979363,0.15137979388237,-0.855149507522583,1.5588679313659668
1926,Q51405_wild,C1C(C(C(C(C1N)OC2C(C(C(C(O2)CN)O)O)N)OC3C(C(C(O3)CO)O)O)O)N,1.3802112417116061,0.012712713330984116,-0.7830435037612915,1.4238320589065552
1927,Q51405_wild,C1C(C(C(C(C1N)OC2C(C(C(C(O2)CO)O)N)O)O)OC3C(CC(C(O3)CN)O)N)N,1.6812412373755872,-0.36191192269325256,-1.024701476097107,1.441529631614685
1928,A8CF74_wild,C1=CC2=C(C(=C1)Cl)NC=C2CC(C(=O)O)N,-1.6382721639824072,-0.6392257809638977,-1.549032211303711,1.0451189279556274
1929,A8CF74_wild,C1=CC=C2C(=C1)C(=CN2)CC(C(=O)O)N,-2.886056647693163,-0.5770106315612793,-1.2002079486846924,1.114286184310913
1930,E9P162_wild,C1=CC=C2C(=C1)C(=CN2)CC(C(=O)O)N,-1.593459819566045,-0.553535521030426,-1.1184709072113037,0.871353030204773
1931,Q7A4T2_wild,C1=CN(C(=O)N=C1N)C2C(C(C(O2)COP(=O)(O)OP(=O)(O)O)O)O,-0.11747546204511952,-0.4226592183113098,-0.8828011751174927,0.6118384003639221
1932,Q7A4T2_wild,C1=NC(=C2C(=N1)N(C=N2)C3C(C(C(O3)COP(=O)(O)OP(=O)(O)O)O)O)N,-0.3819519032879073,-0.5852038264274597,-1.2895623445510864,0.7772367000579834
1933,Q7A4T2_wild,C1=NC2=C(N1C3C(C(C(O3)COP(=O)(O)OP(=O)(O)O)O)O)N=C(NC2=O)N,-0.4473317838878068,-0.428376168012619,-1.2927135229110718,0.6272197961807251
1934,Q7A4T2_wild,C1=CN(C(=O)NC1=O)C2C(C(C(O2)COP(=O)(O)OP(=O)(O)O)O)O,0.14238946611883607,-0.44775423407554626,-0.9135522842407227,0.5650105476379395
1935,P35510_wild,C1=CC=C(C=C1)CC(C(=O)O)N,2.0637085593914173,0.17548657953739166,-1.123936653137207,0.7069019079208374
1936,P35510_F144H,C1=CC(=CC=C1CC(C(=O)O)N)O,-0.12493873660829995,-0.46614113450050354,-0.4996429681777954,0.5626975893974304
1937,P35510_F144H,C1=CC=C(C=C1)CC(C(=O)O)N,1.6748611407378116,0.1729535013437271,-1.1184557676315308,0.7003483772277832
1938,P35510_wild,C1=CC(=CC=C1CC(C(=O)O)N)O,-1.0757207139381184,-0.4649001359939575,-0.5044293403625488,0.5674630403518677
1939,P45724_wild,C1=CC=C(C=C1)CC(C(=O)O)N,0.505149978319906,0.11485522985458374,-1.1283913850784302,0.6736117601394653
1940,P45724_wild,C1=CC(=CC=C1CC(C(=O)O)N)O,-1.3010299956639813,-0.5334513187408447,-0.5423346757888794,0.5164750218391418
1941,P45724_wild,C1=CC=C(C=C1)C=CC(=O)O,-0.4089353929735008,-0.10048903524875641,-1.1786304712295532,0.86533123254776
1942,P45725_wild,C1=CC=C(C=C1)CC(C(=O)O)N,-1.0,-0.021985609084367752,-1.118698000907898,0.6009057760238647
1943,Q9SS45_wild,C1=CC=C(C=C1)CC(C(=O)O)N,0.47712125471966244,0.04943137988448143,-1.1350783109664917,0.652559757232666
1944,B5U983_wild,C1=CC=C(C=C1)CC(C(=O)O)N,-0.23062267392386154,0.07968929409980774,-1.0963406562805176,0.6069419384002686
1945,Q6ST23_wild,C1=CC=C(C=C1)CC(C(=O)O)N,1.212187604403958,-0.09427288174629211,-1.1202715635299683,0.48595523834228516
1946,P45733_wild,C1=CC=C(C=C1)CC(C(=O)O)N,-0.10790539730951958,0.10190930962562561,-1.164136528968811,0.753003716468811
1947,P25872_wild,C1=CC=C(C=C1)CC(C(=O)O)N,0.04921802267018165,0.11564013361930847,-1.2049068212509155,0.7659730911254883
1948,C6ZIA5_wild,C1=CC=C(C=C1)CC(C(=O)O)N,0.1846914308175988,0.10188674926757812,-1.1983612775802612,0.7620621919631958
1949,C0LL35_wild,C1=CC=C(C=C1)CC(C(=O)O)N,1.3283796034387378,-0.04280025139451027,-1.1509603261947632,0.5490894913673401
1950,C0LL35_wild,C1=CC(=CC=C1CC(C(=O)O)N)O,-1.5228787452803376,-0.6396138072013855,-0.5647354125976562,0.3964420557022095
1951,P35513_wild,C1=CC=C(C=C1)CC(C(=O)O)N,0.13033376849500614,-0.019032705575227737,-1.1309229135513306,0.5818389654159546
1952,Q0GA81_wild,C1=CC=C(C=C1)CC(C(=O)O)N,0.23804610312879543,0.09079653024673462,-1.175880789756775,0.726894736289978
1953,Q0GA81_wild,C1=CC(=CC=C1CC(C(=O)O)N)O,-0.958607314841775,-0.5326181054115295,-0.5511136054992676,0.5513100624084473
1954,D3Y5L6_wild,C1=CC=C(C=C1)CC(C(=O)O)N,0.5263392773898441,0.05996064469218254,-1.1178339719772339,0.6718044877052307
1955,P24481_wild,C1=CC=C(C=C1)CC(C(=O)O)N,1.130333768495006,0.09545870125293732,-1.1936856508255005,0.6286420226097107
1956,P24481_wild,C1=CC=C(C=C1)C=CC(=O)O,-0.3372421683184259,-0.12476612627506256,-1.243843674659729,0.7862951755523682
1957,C5XXT9_wild,C1=CC=C(C=C1)CC(C(=O)O)N,0.3424226808222063,0.048181626945734024,-1.1189172267913818,0.5848689079284668
1958,P19531_wild,C(C1C(C(C(C(O1)OC2C(OC(C(C2O)O)OC3C(OC(C(C3O)O)O)CO)CO)O)O)O)O,2.137354111370733,1.7208696603775024,0.1554257571697235,2.0035934448242188
1959,P76015_H56A,C(C(=O)CO)O,0.2041199826559248,0.1653895229101181,-0.7418329119682312,1.2367117404937744
1960,P76015_H56N,C(C(=O)CO)O,0.5705429398818975,0.18274259567260742,-0.7294136881828308,1.2279090881347656
1961,P76015_wild,C(C(=O)CO)O,0.9268567089496923,0.45854291319847107,-0.8281891345977783,1.6696584224700928
1962,A4YDR9_wild,C(CC(=O)O)CO,-0.619788758288394,0.10531958937644958,0.4458393156528473,0.35857850313186646
1963,Q99KK2_wild,C1=CN(C(=O)N=C1N)C2C(C(C(O2)COP(=O)(O)OP(=O)(O)OP(=O)(O)O)O)O,0.5899496013257077,-0.49749794602394104,-0.6092430949211121,0.8394047617912292
1964,Q99KK2_wild,CC(=O)NC1C(CC(OC1C(C(CO)O)O)(C(=O)O)O)O,0.5514499979728752,-0.4412243962287903,-0.4057771861553192,0.7099570035934448
1965,Q5JDG9_wild,C1C(C(OC1OP(=O)(O)O)CO)O,1.863322860120456,-0.27949532866477966,-0.46317318081855774,0.7656451463699341
1966,Q5JDG9_wild,C1=NC2=C(N1C3C(C(C(O3)COP(=O)(O)OP(=O)(O)O)O)O)N=C(NC2=O)N,2.2764618041732443,-0.05709728226065636,-0.19530536234378815,0.8718609809875488
1967,Q5JDG9_wild,C1=NC(=C2C(=N1)N(C=N2)C3C(C(C(O3)COP(=O)(O)OP(=O)(O)O)O)O)N,2.9324737646771535,0.11775092780590057,-0.5206758379936218,1.0387390851974487
1968,Q5JDG9_wild,C(C1C(C(C(O1)OP(=O)(O)O)O)O)O,2.6857417386022635,0.013118084520101547,-0.34088748693466187,1.0774433612823486
1969,Q12051_M111E,CC(=C)CCOP(=O)(O)OP(=O)(O)O,-1.6989700043360187,-1.6801637411117554,-2.233780860900879,0.6576638221740723
1970,Q12051_N104A/Y105A,CC(=CCCC(=CCCC(=CCOP(=O)(O)OP(=O)(O)O)C)C)C,-1.7695510786217261,-1.9056048393249512,-2.4063870906829834,0.6800564527511597
1971,Q12051_N104A/Y105A,CC(=C)CCOP(=O)(O)OP(=O)(O)O,-1.7695510786217261,-1.717911958694458,-2.2084338665008545,0.6462340354919434
1972,Q12051_M111F,CC(=CCCC(=CCCC(=CCOP(=O)(O)OP(=O)(O)O)C)C)C,-1.4436974992327127,-1.853496789932251,-2.4515302181243896,0.7280580401420593
1973,Q12051_M111F,CC(=C)CCOP(=O)(O)OP(=O)(O)O,-1.4436974992327127,-1.668140172958374,-2.2435848712921143,0.6902472972869873
1974,Q12051_M111A,CC(=CCCC(=CCCC(=CCOP(=O)(O)OP(=O)(O)O)C)C)C,-1.3979400086720375,-1.8723201751708984,-2.4435832500457764,0.7084490656852722
1975,Q12051_M111A,CC(=C)CCOP(=O)(O)OP(=O)(O)O,-1.3979400086720375,-1.6783198118209839,-2.2370212078094482,0.6750569343566895
1976,Q12051_N104A,CC(=CCCC(=CCCC(=CCOP(=O)(O)OP(=O)(O)O)C)C)C,-0.958607314841775,-1.8981355428695679,-2.4151387214660645,0.690266489982605
1977,Q12051_N104A,CC(=C)CCOP(=O)(O)OP(=O)(O)O,-0.958607314841775,-1.7091679573059082,-2.2039225101470947,0.6561015844345093
1978,Q12051_wild,CC(=CCCC(=CCCC(=CCOP(=O)(O)OP(=O)(O)O)C)C)C,-1.431798275933005,-1.862048864364624,-2.4417779445648193,0.7089143991470337
1979,Q12051_Y105A,CC(=CCCC(=CCCC(=CCOP(=O)(O)OP(=O)(O)O)C)C)C,-1.2218487496163564,-1.8728141784667969,-2.433764696121216,0.7015047073364258
1980,Q12051_Y105A,CC(=C)CCOP(=O)(O)OP(=O)(O)O,-1.2218487496163564,-1.6828676462173462,-2.235356569290161,0.665772557258606
1981,Q12051_M111E,CC(=CCCC(=CCCC(=CCOP(=O)(O)OP(=O)(O)O)C)C)C,-1.6989700043360187,-1.8785407543182373,-2.433741807937622,0.693699836730957
1982,Q12051_E7G,CC(=CCCC(=CCCC(=CCOP(=O)(O)OP(=O)(O)O)C)C)C,-1.6777807052660807,-1.8223378658294678,-2.4664719104766846,0.7408912181854248
1983,Q12051_wild,CC(=C)CCOP(=O)(O)OP(=O)(O)O,-1.431798275933005,-1.671560287475586,-2.2316596508026123,0.6726880073547363
1984,Q12051_R140A,CC(=CCCC(=CCCC(=CCOP(=O)(O)OP(=O)(O)O)C)C)C,-1.4202164033831899,-1.8473601341247559,-2.3914124965667725,0.6925779581069946
1985,Q12051_R140A,CC(=C)CCOP(=O)(O)OP(=O)(O)O,-1.4202164033831899,-1.6657944917678833,-2.179823398590088,0.6463433504104614
1986,Q12051_H139A,CC(=CCCC(=CCCC(=CCOP(=O)(O)OP(=O)(O)O)C)C)C,-1.3767507096020994,-1.884568214416504,-2.4155118465423584,0.7102582454681396
1987,Q12051_H139A,CC(=C)CCOP(=O)(O)OP(=O)(O)O,-1.3767507096020994,-1.6910574436187744,-2.201021909713745,0.6604576110839844
1988,Q12051_N101A/N104A,CC(=CCCC(=CCCC(=CCOP(=O)(O)OP(=O)(O)O)C)C)C,-3.6989700043360187,-1.954602837562561,-2.4305927753448486,0.6659706234931946
1989,Q12051_N101A/N104A,CC(=C)CCOP(=O)(O)OP(=O)(O)O,-3.6989700043360187,-1.7670363187789917,-2.19858717918396,0.6211501359939575
1990,Q12051_N101A,CC(=CCCC(=CCCC(=CCOP(=O)(O)OP(=O)(O)O)C)C)C,-1.1739251972991736,-1.9093434810638428,-2.465461015701294,0.6917345523834229
1991,Q12051_N101A,CC(=C)CCOP(=O)(O)OP(=O)(O)O,-1.1739251972991736,-1.7204632759094238,-2.23483943939209,0.643420934677124
1992,Q12051_E7G/L8G,CC(=CCCC(=CCCC(=CCOP(=O)(O)OP(=O)(O)O)C)C)C,-3.8239087409443187,-1.8248382806777954,-2.549286127090454,0.776522159576416
1993,Q12051_L8G,CC(=CCCC(=CCCC(=CCOP(=O)(O)OP(=O)(O)O)C)C)C,-2.2924298239020637,-1.8404123783111572,-2.516624927520752,0.7485146522521973
1994,Q12051_N101A/Y105A,CC(=CCCC(=CCCC(=CCOP(=O)(O)OP(=O)(O)O)C)C)C,-3.8860566476931635,-1.9284740686416626,-2.457979202270508,0.67784583568573
1995,Q12051_N101A/Y105A,CC(=C)CCOP(=O)(O)OP(=O)(O)O,-3.8860566476931635,-1.740448236465454,-2.2418129444122314,0.6291303634643555
1996,Q12051_I9G,CC(=CCCC(=CCCC(=CCOP(=O)(O)OP(=O)(O)O)C)C)C,-3.207608310501746,-1.8179571628570557,-2.483651876449585,0.7403918504714966
1997,Q12051_L8G/I9G,CC(=CCCC(=CCCC(=CCOP(=O)(O)OP(=O)(O)O)C)C)C,-4.142667503568732,-1.8497854471206665,-2.5526912212371826,0.7692903280258179
1998,W8QG94_wild,COC1=CC(=CC(=C1O)OC)C2=[O+]C3=CC(=CC(=C3C=C2OC4C(C(C(C(O4)CO)O)O)O)O)O,-0.5543957967264024,-0.1626315414905548,-1.0143412351608276,1.3799173831939697
1999,E4PMA5_wild,C(C(CO)O)O,1.5910646070264993,0.9237381219863892,1.9554743766784668,0.03638622164726257
2000,E4PMA5_wild,[O-]P(=O)([O-])[O-],1.146128035678238,1.275381088256836,1.21242356300354,0.6557806730270386
2001,E4PMA5_wild,C(C1C(C(C(C(O1)OC(CO)CO)O)O)O)O,1.146128035678238,1.1328656673431396,1.3513394594192505,0.2740097641944885
2002,Q9HUU1_wild,C(C(=O)C(=O)O)C(=O)O,3.8750612633917,-0.08649635314941406,-0.33750227093696594,1.1949949264526367
2003,Q5P0J8_wild,C1=CC=C(C=C1)CC=O,1.9084850188786497,0.1499083936214447,-1.3820750713348389,1.8736977577209473
2004,Q5P0J8_wild,C1=CC(=C[N+](=C1)C2C(C(C(O2)COP(=O)([O-])OP(=O)(O)OCC3C(C(C(O3)N4C=NC5=C(N=CN=C54)N)O)O)O)O)C(=O)N,1.7323937598229686,0.7678433656692505,-0.8585213422775269,2.2569947242736816
2005,Q5P0J8_wild,CC=O,2.012837224705172,0.4956433176994324,-0.09827443957328796,1.4988391399383545
2006,Q5P0J8_wild,C1=CC=C(C=C1)C=O,1.9637878273455553,0.37997186183929443,-1.2368067502975464,1.7480981349945068
2007,Q84HC8_R11W,CC1=CC(=CC2=C1C=CC(=C2C(=O)O)[O-])O,-2.0,-1.0097600221633911,-0.6451729536056519,0.03959465026855469
2008,Q84HC8_Y293I,CC1=CC(=CC2=C1C=CC(=C2C(=O)O)[O-])O,-1.8860566476931633,-1.0012263059616089,-0.6496380567550659,0.035871654748916626
2009,Q84HC8_wild,CC1=CC(=CC2=C1C=CC(=C2C(=O)O)[O-])O,-1.9393021596463884,-1.0002027750015259,-0.6503081917762756,0.033667564392089844
2010,Q84HC8_wild,C1=CC=C2C(=C1)C(=CC(=C2O)C(=O)O)O,-3.876148359032914,-0.3116902709007263,-0.9474554657936096,0.2940627932548523
2011,Q12051_wild,CC(=CCCC(=CCOP(=O)(O)OP(=O)(O)O)C)C,-1.8860566476931633,-1.694319725036621,-2.2905514240264893,0.6865760087966919
2012,Q12051_S71Y,CC(=CCCC(=CCOP(=O)(O)OP(=O)(O)O)C)C,-2.468521082957745,-2.119413137435913,-2.2376351356506348,0.3105383515357971
2013,Q12051_S71Y,CC(=C)CCOP(=O)(O)OP(=O)(O)O,-2.468521082957745,-2.0908257961273193,-2.1336371898651123,0.22550076246261597
2014,Q9I168_wild,CC(=O)C(=O)[O-],0.06069784035361165,0.3069399297237396,0.02376757189631462,0.6846163272857666
2015,Q9I168_wild,C(CN)C(C(=O)O)N,0.14301480025409505,0.47576791048049927,-0.2722099721431732,0.8536536693572998
2016,Q975C8_wild,CC(C)(COP(=O)(O)OP(=O)(O)OCC1C(C(C(O1)N2C=NC3=C(N=CN=C32)N)O)OP(=O)(O)O)C(C(=O)NCCC(=O)NCCSC(=O)C=C)O,1.1139433523068367,-0.08816111087799072,-1.5825451612472534,1.7454209327697754
2017,P27249_wild,C1=CN(C(=O)NC1=O)C2C(C(C(O2)COP(=O)(O)OP(=O)(O)OP(=O)(O)O)O)O,0.3585692533721042,0.6857962012290955,-0.9316662549972534,0.6391586065292358
2018,P27249_wild,[O-]P(=O)([O-])OP(=O)([O-])[O-],0.0071787270187334655,1.5084782838821411,-1.32072913646698,1.1947622299194336
2019,P27249_wild,C1=NC2=C(N1C3C(C(C(O3)COP(=O)(O)OP(=O)(O)OP(=O)(O)O)O)O)N=C(NC2=O)N,-0.5039934473215069,0.6413935422897339,-0.8511056900024414,0.6656094789505005
2020,P27249_wild,C1=NC(=C2C(=N1)N(C=N2)C3C(C(C(O3)COP(=O)(O)OP(=O)(O)OP(=O)(O)O)O)O)N,0.031408464251624114,0.917587399482727,-1.011568307876587,0.843388020992279
2021,P27249_wild,C1=CN(C(=O)N=C1N)C2C(C(C(O2)COP(=O)(O)OP(=O)(O)OP(=O)(O)O)O)O,0.031408464251624114,0.7592506408691406,-0.7095526456832886,0.6098644137382507
2022,P84468_wild,[Fe+3],1.146128035678238,1.6352453231811523,-2.3934874534606934,2.2707502841949463
2023,P84468_wild,C1C=CN(C=C1C(=O)N)C2C(C(C(O2)COP(=O)(O)OP(=O)(O)OCC3C(C(C(O3)N4C=NC5=C(N=CN=C54)N)O)O)O)O,1.4471580313422192,2.48097562789917,-2.0082075595855713,2.162635326385498
2024,P81786_wild,CCO,0.9615002091441441,2.354681968688965,-0.7343977093696594,0.9922500848770142
2025,P81786_wild,CCCO,0.9109799646206772,1.9753074645996094,-0.8271093368530273,0.7925961017608643
2026,P81786_wild,CCCCO,0.9091101137063585,2.031841516494751,-0.7044246196746826,1.0936580896377563
2027,P81786_wild,CC(C)O,0.8047071891445142,2.099513530731201,0.060311559587717056,0.3682943284511566
2028,P81786_wild,CC(=O)C,0.8344207036815325,2.282972812652588,-0.8694528341293335,0.6084363460540771
2029,P81786_wild,C1=CC(=C[N+](=C1)C2C(C(C(O2)COP(=O)([O-])OP(=O)(O)OCC3C(C(C(O3)N4C=NC5=C(N=CN=C54)N)O)O)O)O)C(=O)N,0.22097920387075642,2.762455940246582,-0.7410227656364441,0.8775159120559692
2030,P81786_wild,C1C=CN(C=C1C(=O)N)C2C(C(C(O2)COP(=O)(O)OP(=O)(O)OCC3C(C(C(O3)N4C=NC5=C(N=CN=C54)N)O)O)O)O,-0.8590732626568551,2.9038383960723877,-1.0892696380615234,1.138073205947876
2031,P29495_wild,[O-]P(=O)([O-])OP(=O)([O-])[O-],2.4533183400470375,1.0778625011444092,-1.3461995124816895,2.0826773643493652
2032,P29495_K315A,[O-]P(=O)([O-])OP(=O)([O-])[O-],1.2304489213782739,1.048757791519165,-1.334133267402649,2.0779335498809814
2033,P29495_R326A,[O-]P(=O)([O-])OP(=O)([O-])[O-],1.5314789170422551,0.9754483699798584,-1.265433669090271,1.964206337928772
2034,P29495_R310A,[O-]P(=O)([O-])OP(=O)([O-])[O-],1.7160033436347992,1.049764633178711,-1.3391060829162598,2.078118085861206
2035,P29495_R186A,[O-]P(=O)([O-])OP(=O)([O-])[O-],1.3222192947339193,1.0842869281768799,-1.3320181369781494,2.084916591644287
2036,P29495_R78A,[O-]P(=O)([O-])OP(=O)([O-])[O-],2.1172712956557644,0.8756330013275146,-1.303731083869934,1.8623788356781006
2037,P29495_R90A,[O-]P(=O)([O-])OP(=O)([O-])[O-],2.161368002234975,1.0680029392242432,-1.340241551399231,2.0879695415496826
2038,P29495_K148M,[O-]P(=O)([O-])OP(=O)([O-])[O-],-1.2365720064370627,1.028707504272461,-1.3454703092575073,2.0125250816345215
2039,P10869_wild,C(C(C(=O)O)N)C(=O)O,1.6683859166900001,0.5119223594665527,0.684004008769989,0.4144235849380493
2040,P10869_K18A,C(C(C(=O)O)N)C(=O)O,-0.38721614328026455,0.44597452878952026,0.7021796703338623,0.3533822000026703
2041,P10869_K18R,C(C(C(=O)O)N)C(=O)O,-0.5228787452803376,0.4209060072898865,0.6974755525588989,0.3351636826992035
2042,P10869_K18Q,C(C(C(=O)O)N)C(=O)O,-0.2676062401770315,0.3824692964553833,0.7274031043052673,0.28007444739341736
2043,P10869_T22A,C(C(C(=O)O)N)C(=O)O,1.6532125137753437,0.4912598133087158,0.6943504810333252,0.40107664465904236
2044,P10869_S23A,C(C(C(=O)O)N)C(=O)O,1.252853030979893,0.5140892863273621,0.6854375600814819,0.4133972227573395
2045,P10869_H497A,C(C(C(=O)O)N)C(=O)O,0.8401060944567578,0.5005154013633728,0.6776626110076904,0.4088079333305359
2046,P10869_E279A,C(C(C(=O)O)N)C(=O)O,-0.00877392430750515,0.4590342044830322,0.687990128993988,0.3546029031276703
2047,P10869_T295V,C(C(C(=O)O)N)C(=O)O,1.255272505103306,0.5135791897773743,0.6949446201324463,0.41298043727874756
2048,P10869_H292A,C(C(C(=O)O)N)C(=O)O,0.3961993470957364,0.5162950754165649,0.6873430013656616,0.4119556248188019
2049,P10869_H292Q,C(C(C(=O)O)N)C(=O)O,1.0128372247051722,0.5032972097396851,0.6822173595428467,0.4047553539276123
2050,P10869_R419A,C(C(C(=O)O)N)C(=O)O,0.667452952889954,0.518592357635498,0.6942259669303894,0.4223068952560425
2051,P10869_E254A,C(C(C(=O)O)N)C(=O)O,0.7109631189952758,0.5041370987892151,0.6812278032302856,0.39519616961479187
2052,P10869_wild,C1=NC(=C2C(=N1)N(C=N2)C3C(C(C(O3)COP(=O)(O)OP(=O)(O)OP(=O)(O)O)O)O)N,2.6714505542124947,0.6955975294113159,-0.007045213133096695,0.8753247261047363
2053,P10869_K18A,C1=NC(=C2C(=N1)N(C=N2)C3C(C(C(O3)COP(=O)(O)OP(=O)(O)OP(=O)(O)O)O)O)N,-0.27572413039921095,0.6314387321472168,0.013295259326696396,0.7974414825439453
2054,P10869_K18R,C1=NC(=C2C(=N1)N(C=N2)C3C(C(C(O3)COP(=O)(O)OP(=O)(O)OP(=O)(O)O)O)O)N,-0.5086383061657274,0.6024962663650513,0.005948130041360855,0.788467288017273
2055,P10869_K18Q,C1=NC(=C2C(=N1)N(C=N2)C3C(C(C(O3)COP(=O)(O)OP(=O)(O)OP(=O)(O)O)O)O)N,-0.22184874961635637,0.5616768002510071,0.0326920785009861,0.7315323352813721
2056,P10869_T22A,C1=NC(=C2C(=N1)N(C=N2)C3C(C(C(O3)COP(=O)(O)OP(=O)(O)OP(=O)(O)O)O)O)N,1.7551122663950711,0.6773086786270142,-1.6551464796066284e-05,0.8606489896774292
2057,P10869_S23A,C1=NC(=C2C(=N1)N(C=N2)C3C(C(C(O3)COP(=O)(O)OP(=O)(O)OP(=O)(O)O)O)O)N,1.2810333672477277,0.6975531578063965,-0.002233888953924179,0.8737857341766357
2058,P10869_H497A,C1=NC(=C2C(=N1)N(C=N2)C3C(C(C(O3)COP(=O)(O)OP(=O)(O)OP(=O)(O)O)O)O)N,0.865103974641128,0.6882627010345459,-0.003825392574071884,0.861865222454071
2059,P10869_E279A,C1=NC(=C2C(=N1)N(C=N2)C3C(C(C(O3)COP(=O)(O)OP(=O)(O)OP(=O)(O)O)O)O)N,0.05307844348341968,0.6436839699745178,0.0009777732193470001,0.8101761341094971
2060,P10869_T295V,C1=NC(=C2C(=N1)N(C=N2)C3C(C(C(O3)COP(=O)(O)OP(=O)(O)OP(=O)(O)O)O)O)N,1.3673559210260189,0.6954535245895386,0.0031975843012332916,0.8721742630004883
2061,P10869_H292A,C1=NC(=C2C(=N1)N(C=N2)C3C(C(C(O3)COP(=O)(O)OP(=O)(O)OP(=O)(O)O)O)O)N,-0.38721614328026455,0.7113653421401978,0.002734679728746414,0.8678117394447327
2062,P10869_H292Q,C1=NC(=C2C(=N1)N(C=N2)C3C(C(C(O3)COP(=O)(O)OP(=O)(O)OP(=O)(O)O)O)O)N,0.919078092376074,0.6925811767578125,-0.001173693686723709,0.862044095993042
2063,P10869_R419A,C1=NC(=C2C(=N1)N(C=N2)C3C(C(C(O3)COP(=O)(O)OP(=O)(O)OP(=O)(O)O)O)O)N,0.7442929831226762,0.7001891136169434,-0.0019035004079341888,0.8711096048355103
2064,P10869_E254A,C1=NC(=C2C(=N1)N(C=N2)C3C(C(C(O3)COP(=O)(O)OP(=O)(O)OP(=O)(O)O)O)O)N,0.6464037262230695,0.6890634298324585,-0.004475679248571396,0.8653879761695862
2065,Q58835_wild,C1C(C(C(C=C1C(=O)O)O)O)O,1.7558748556724915,0.6779477596282959,-0.615581750869751,1.5078480243682861
2066,Q58835_wild,C1=NC(=C2C(=N1)N(C=N2)C3C(C(C(O3)COP(=O)(O)OP(=O)(O)OP(=O)(O)O)O)O)N,1.7558748556724915,0.18356947600841522,-0.4326135218143463,1.2460517883300781
2067,G5EDL5_wild,CCCCCC=CCC1C(O1)CCCCCCCC(=O)O,-2.0,0.44712114334106445,-2.0099382400512695,1.0407989025115967
2068,G5EDL5_wild,CCCCCC1C(O1)CC=CCCCCCCCC(=O)O,-2.6989700043360187,0.24906355142593384,-2.3076717853546143,1.2262930870056152
2069,P50909_wild,C(C(C(=O)O)N)O,0.6232492903979004,0.05777113512158394,0.7877882719039917,0.35356321930885315
2070,Q873Y0_wild,CC1=CC(=O)OC2=C1C=CC(=C2)OC3C(C(C(C(O3)CO)OC4C(C(C(C(O4)CO)OC5C(C(C(C(O5)CO)O)O)NC(=O)C)O)NC(=O)C)O)NC(=O)C,0.47712125471966244,-0.09282377362251282,-0.3331911861896515,1.6330147981643677
2071,Q9C1S7_wild,C(C1C(C(C(C(O1)OC2C(OC(C(C2O)O)O)CO)O)O)O)O,1.3222192947339193,1.524085283279419,0.5473155975341797,1.0704705715179443
2072,Q9C1S7_wild,C(C1C(C(C(C(O1)OC2C(OC(C(C2O)O)OC3C(OC(C(C3O)O)O)CO)CO)O)O)O)O,1.4771212547196624,1.3702549934387207,0.5090789198875427,1.0487703084945679
2073,Q9C1S7_wild,C(C1C(C(C(C(O1)OC2C(OC(C(C2O)O)OC3C(OC(C(C3O)O)OC4C(OC(C(C4O)O)O)CO)CO)CO)O)O)O)O,1.6901960800285136,1.377502679824829,0.5551729798316956,1.0444202423095703
2074,Q9C1S7_wild,C(C1C(C(C(C(O1)OCC2C(C(C(C(O2)O)O)O)O)O)O)O)O,1.3010299956639813,1.5751266479492188,0.6888732314109802,0.8422812223434448
2075,Q9C1S7_wild,C(C1C(C(C(C(O1)O)O)OC2C(C(C(C(O2)CO)O)O)O)O)O,1.3424226808222062,1.3792973756790161,0.5297554731369019,0.8906916379928589
2076,Q9C1S7_wild,C(C1C(C(C(C(O1)OC(C=O)C(C(C(CO)O)O)O)O)O)O)O,1.0413926851582251,1.5140647888183594,0.8316359519958496,0.8695018291473389
2077,Q9C1S7_wild,C(C1C(C(C(C(O1)OC2C(C(C(C(O2)CO)O)O)O)O)O)O)O,0.38021124171160603,1.3425705432891846,0.6193357110023499,0.9506070613861084
2078,Q9C1S7_wild,C1=CC(=CC=C1[N+](=O)[O-])OC2C(C(C(C(O2)CO)O)O)O,-0.21467016498923297,1.7057844400405884,0.03274913877248764,1.5476995706558228
2079,O33472_wild,C1=CC=C2C(=C1)C(=O)C(=CN2)O,3.345177616542704,0.16152752935886383,-1.3708516359329224,2.3982903957366943
2080,O33472_S95C,C1=CC=C2C(=C1)C(=O)C(=CN2)O,0.8450980400142568,0.09510201215744019,-1.3808919191360474,2.3513238430023193
2081,O33472_S95A,C1=CC=C2C(=C1)C(=O)C(=CN2)O,2.214843848047698,-0.019649360328912735,-1.3335157632827759,2.2535173892974854
2082,O33472_D120A,C1=CC=C2C(=C1)C(=O)C(=CN2)O,3.1132746924643504,-0.05926224961876869,-1.4330641031265259,2.3460512161254883
2083,O33472_D219A,C1=CC=C2C(=C1)C(=O)C(=CN2)O,2.598790506763115,0.16244688630104065,-1.4006567001342773,2.4161200523376465
2084,Q9T0N8_wild,C1=COC(=C1)CNC2=NC=NC3=C2NC=N3,-0.15490195998574322,0.08174511790275574,-1.5061061382293701,1.896376132965088
2085,Q04416_wild,CC(C)(COP(=O)(O)OP(=O)(O)OCC1C(C(C(O1)N2C=NC3=C(N=CN=C32)N)O)OP(=O)(O)O)C(C(=O)NCCC(=O)NCCSC(=O)C4=CC=CC=C4)O,0.26951294421791633,0.04303565248847008,-1.6804698705673218,1.416038990020752
2086,Q04416_wild,CC(C)(COP(=O)(O)OP(=O)(O)OCC1C(C(C(O1)N2C=NC3=C(N=CN=C32)N)O)OP(=O)(O)O)C(C(=O)NCCC(=O)NCCSC(=O)C4=CC(=CC=C4)O)O,1.1986570869544226,-0.04394629970192909,-1.782839298248291,1.3565988540649414
2087,Q04416_wild,CC(C)(COP(=O)(O)OP(=O)(O)OCC1C(C(C(O1)N2C=NC3=C(N=CN=C32)N)O)OP(=O)(O)O)C(C(=O)NCCC(=O)NCCSC(=O)C4=C(C=CC(=C4)O)O)O,-1.0969100130080565,-0.04482901468873024,-1.8592709302902222,1.4270985126495361
2088,Q04416_wild,CC(C)(COP(=O)(O)OP(=O)(O)OCC1C(C(C(O1)N2C=NC3=C(N=CN=C32)N)O)OP(=O)(O)O)C(C(=O)NCCC(=O)NCCSC(=O)C4=CC=C(C=C4)Cl)O,-0.6020599913279624,-0.009835604578256607,-1.6101754903793335,1.2527457475662231
2089,Q04416_wild,CC(C)(COP(=O)(O)OP(=O)(O)OCC1C(C(C(O1)N2C=NC3=C(N=CN=C32)N)O)OP(=O)(O)O)C(C(=O)NCCC(=O)NCCSC(=O)CC4=CC=CC=C4)O,-3.0457574905606752,0.09325578808784485,-1.6237926483154297,1.3966015577316284
2090,Q04416_wild,CC(=O)SCCNC(=O)CCNC(=O)C(C(C)(C)COP(=O)(O)OP(=O)(O)OCC1C(C(C(O1)N2C=NC3=C(N=CN=C32)N)O)OP(=O)(O)O)O,-1.9665762445130504,0.05403962358832359,-0.9117382764816284,0.8657165169715881
2091,Q04416_wild,CCC(=O)SCCNC(=O)CCNC(=O)C(C(C)(C)COP(=O)(O)OP(=O)(O)OCC1C(C(C(O1)N2C=NC3=C(N=CN=C32)N)O)OP(=O)(O)O)O,-1.585026652029182,-0.04103380814194679,-0.9008923172950745,0.8562328219413757
2092,Q04416_wild,CCCC(=O)SCCNC(=O)CCNC(=O)C(C(C)(C)COP(=O)(O)OP(=O)(O)OCC1C(C(C(O1)N2C=NC3=C(N=CN=C32)N)O)OP(=O)(O)O)O,-1.496209316942819,0.03991132602095604,-0.8323111534118652,0.8966975808143616
2093,Q04416_wild,CC=CC(=O)SCCNC(=O)CCNC(=O)C(C(C)(C)COP(=O)(O)OP(=O)(O)OCC1C(C(C(O1)N2C=NC3=C(N=CN=C32)N)O)OP(=O)(O)O)O,-1.1249387366083,0.1212523877620697,-0.9194126129150391,0.9892492890357971
2094,Q04416_wild,CCCCCCCC(=O)SCCNC(=O)CCNC(=O)C(C(C)(C)COP(=O)(O)OP(=O)(O)OCC1C(C(C(O1)N2C=NC3=C(N=CN=C32)N)O)OP(=O)(O)O)O,-3.136677139879544,-0.07781577110290527,-1.2423394918441772,1.0240451097488403
2095,Q8VXG7_wild,C1=CC=C(C=C1)CC(C(=O)O)N,1.0755469613925308,-0.17683912813663483,-1.0196599960327148,0.44765353202819824
2096,Q8VXG7_wild,C1=CC(=CC=C1CC(C(=O)O)N)O,-0.026872146400301365,-0.8009234666824341,-0.5112966299057007,0.35023701190948486
2097,Q93NG3_wild,C1=CC(=O)NC(=C1)O,-5.4089353929735005,-0.3048747181892395,-1.1393390893936157,0.9366948008537292
2098,Q08623_wild,C1=C(C(=O)NC(=O)N1)C2C(C(C(O2)COP(=O)(O)O)O)O,0.20139712432045148,-0.007229331880807877,-0.6404502391815186,1.1001243591308594
2099,Q08623_wild,C1=NC(=C2C(=N1)N(C=N2)C3C(C(C(O3)CO)OP(=O)(O)O)O)N,0.6730209071288962,0.2272462248802185,-0.37206125259399414,0.8884023427963257
2100,Q08623_wild,C(C1C(C(C(O1)(COP(=O)(O)[O-])O)O)O)OP(=O)(O)[O-],0.037426497940623665,-0.17295517027378082,-0.27030622959136963,0.5955284833908081
2101,Q08623_wild,C(C(C(C(C(=O)CO)O)O)O)OP(=O)(O)O,0.021189299069938092,0.07122093439102173,0.4086805284023285,0.37870684266090393
2102,Q08623_wild,C1=CN(C(=O)NC1=O)C2C(C(C(O2)COP(=O)(O)O)O)O,-0.38721614328026455,0.2702643871307373,-0.1964385062456131,0.9137071371078491
2103,Q08623_wild,CC1=CC2=C(C=C1C)N(C3=NC(=O)NC(=O)C3=N2)CC(C(C(COP(=O)(O)O)O)O)O,-1.3979400086720375,-0.21734441816806793,-1.3257733583450317,1.0963178873062134
2104,Q96242_wild,CCCCCC(C=CC=CCCCCCCCC(=O)O)OO,2.3541084391474008,0.37463071942329407,-1.685327172279358,1.8590638637542725
2105,Q96242_wild,CCCCCC=CC=CC(CCCCCCCC(=O)O)OO,1.0791812460476249,0.1024620532989502,-2.03117299079895,2.0746638774871826
2106,P42206_wild,C(C(C(C(=O)O)O)O)(C(C(=O)O)O)O,1.2304489213782739,0.2509623169898987,-1.1626663208007812,1.4999139308929443
2107,P42206_wild,C(C(C(C(=O)[O-])O)O)(C(C(=O)[O-])O)O,1.3222192947339193,-0.04636693373322487,-1.3499183654785156,1.5668129920959473
2108,Q46915_wild,C(C(C(C(=O)[O-])O)O)(C(C(=O)[O-])O)O,-1.8860566476931633,-0.12196585536003113,-1.275952696800232,1.436378836631775
2109,Q46915_wild,C(C(C(C(=O)O)O)O)(C(C(=O)O)O)O,-1.2518119729937995,0.1812560111284256,-1.1355739831924438,1.4069513082504272
2110,P61872_wild,CCCCCCCCC=CCCCCCCCC(=O)OCC(COC(=O)CCCCCCCC=CCCCCCCCC)OC(=O)CCCCCCCC=CCCCCCCCC,3.71281800020785,0.9017207026481628,0.2026393562555313,1.8780043125152588
2111,P61872_wild,CCCCCCCCCCCC(=O)OCCCC,2.931966114728173,1.3008235692977905,-0.36692509055137634,1.4054943323135376
2112,Q2AAT6_wild,CCCCCC=CCC=CCCCCCCCC(=O)OC1CCC2(C3CCC4(C(C3CC=C2C1)CCC4C(C)CCCC(C)C)C)C,1.4941545940184429,0.5849681496620178,0.1530114710330963,1.2612805366516113
2113,Q2AAT6_wild,CCCCCCCCCCCCCCCCCC(=O)OC1CCC2(C3CCC4(C(C3CC=C2C1)CCC4C(C)CCCC(C)C)C)C,1.8500332576897691,0.5390424728393555,0.37787044048309326,1.0217316150665283
2114,Q2AAT6_wild,CCCCCCCCCCCCCCCC(=O)OC1CCC2(C3CCC4(C(C3CC=C2C1)CCC4C(C)CCCC(C)C)C)C,1.9854264740830017,0.5512983798980713,0.33748480677604675,1.0706535577774048
2115,Q2AAT6_wild,CCCCCCCCCCCCCC(=O)OC1CCC2(C3CCC4(C(C3CC=C2C1)CCC4C(C)CCCC(C)C)C)C,1.3710678622717363,0.5843358039855957,0.3019184172153473,1.1259701251983643
2116,Q2AAT6_wild,CC(C)CCCC(C)C1CCC2C1(CCC3C2CC=C4C3(CCC(C4)OC(=O)C)C)C,2.041392685158225,0.5496457815170288,0.3434073328971863,1.054309368133545
2117,Q2AAT6_wild,CCCCCCCCCCCCCCCC(=O)OC1=CC=C(C=C1)[N+](=O)[O-],0.4623979978989561,1.2382230758666992,0.4347124993801117,0.454412579536438
2118,Q2AAT6_wild,CCCCCCCCCCCCCC(=O)OC1=CC=C(C=C1)[N+](=O)[O-],0.6532125137753437,1.1832866668701172,0.3372630774974823,0.5131514072418213
2119,Q2AAT6_wild,CCCCCCCCCCCC(=O)OC1=CC=C(C=C1)[N+](=O)[O-],0.14612803567823798,1.0960432291030884,0.2858637273311615,0.46049070358276367
2120,P0DI91_wild,C1=CC=C(C=C1)CC(C(=O)O)N,1.2350231594952235,0.8717423677444458,-0.7962974905967712,1.7669177055358887
2121,P0DI91_wild,CSCCC(C(=O)O)N,1.8212514315459412,0.5328997373580933,-0.28982749581336975,1.4235539436340332
2122,P0DI91_wild,C1=CC=C2C(=C1)C(=CN2)CC(C(=O)O)N,1.2562365332059229,0.838140606880188,-0.8513064384460449,1.8811620473861694
2123,P0DI91_wild,CC(C)CC(C(=O)O)N,1.6810602436318118,0.47512900829315186,-0.41753533482551575,1.5435529947280884
2124,Q8C0L6_wild,CCNCCCNCCCCNCCCNCC,-0.3819519032879073,-0.9996411800384521,-1.662145733833313,0.42565804719924927
2125,Q8C0L6_wild,CCNCCCNCCCNCCCNCC,0.28555730900777376,-0.6836046576499939,-1.5611013174057007,0.3570299744606018
2126,O95749_wild,CC(=C)CCOP(=O)(O)OP(=O)(O)O,-0.6903698325741012,-1.3397142887115479,-2.129195213317871,0.9733986854553223
2127,O95749_wild,CC(=CCCC(=CCCC(=CCOP(=O)(O)OP(=O)(O)O)C)C)C,-0.6903698325741012,-1.470475196838379,-2.543195962905884,1.0895507335662842
2128,Q12051_Y107A,CC(=CCCC(=CCCC(=CCOP(=O)(O)OP(=O)(O)O)C)C)C,-1.2518119729937995,-1.8651421070098877,-2.4373481273651123,0.7137061953544617
2129,Q12051_Y107A,CC(=C)CCOP(=O)(O)OP(=O)(O)O,-1.2518119729937995,-1.6690952777862549,-2.2325406074523926,0.6735966205596924
2130,Q12051_F108A,CC(=CCCC(=CCCC(=CCOP(=O)(O)OP(=O)(O)O)C)C)C,-1.3279021420642825,-1.8798580169677734,-2.440985679626465,0.7056558132171631
2131,Q12051_F108A,CC(=C)CCOP(=O)(O)OP(=O)(O)O,-1.3279021420642825,-1.6817681789398193,-2.227653980255127,0.6644251942634583
2132,Q12051_Y107A/F108A,CC(=CCCC(=CCCC(=CCOP(=O)(O)OP(=O)(O)O)C)C)C,-1.3098039199714864,-1.8779493570327759,-2.434035062789917,0.712235689163208
2133,Q12051_Y107A/F108A,CC(=C)CCOP(=O)(O)OP(=O)(O)O,-1.3098039199714864,-1.6746588945388794,-2.2247374057769775,0.6654489636421204
2134,Q12051_Y107A/F108A/H139A,CC(=CCCC(=CCCC(=CCOP(=O)(O)OP(=O)(O)O)C)C)C,-1.6020599913279623,-1.8975871801376343,-2.4141721725463867,0.7101306915283203
2135,Q12051_Y107A/F108A/H139A,CC(=C)CCOP(=O)(O)OP(=O)(O)O,-1.6020599913279623,-1.6901898384094238,-2.194913148880005,0.6468769311904907
2136,Q12051_Y107A/F108A/L135A/H139A,CC(=CCCC(=CCCC(=CCOP(=O)(O)OP(=O)(O)O)C)C)C,-2.0757207139381184,-1.884608268737793,-2.4289286136627197,0.7275350093841553
2137,Q12051_Y107A/F108A/L135A/H139A,CC(=C)CCOP(=O)(O)OP(=O)(O)O,-2.0757207139381184,-1.6771091222763062,-2.203038454055786,0.6536954641342163
2138,Q12051_L135A/H139A,CC(=CCCC(=CCCC(=CCOP(=O)(O)OP(=O)(O)O)C)C)C,-1.193820026016113,-1.8817472457885742,-2.4190833568573,0.7254916429519653
2139,Q12051_L135A/H139A,CC(=C)CCOP(=O)(O)OP(=O)(O)O,-1.193820026016113,-1.684680461883545,-2.199343204498291,0.6692743897438049
2140,Q12051_Y107A/H139A,CC(=CCCC(=CCCC(=CCOP(=O)(O)OP(=O)(O)O)C)C)C,-1.408935392973501,-1.883941650390625,-2.4136769771575928,0.7153959274291992
2141,Q12051_Y107A/H139A,CC(=C)CCOP(=O)(O)OP(=O)(O)O,-1.408935392973501,-1.6867303848266602,-2.2051570415496826,0.6605757474899292
2142,Q12051_F108A/H139A,CC(=CCCC(=CCCC(=CCOP(=O)(O)OP(=O)(O)O)C)C)C,-1.7958800173440752,-1.8996920585632324,-2.417891025543213,0.7079085111618042
2143,Q12051_F108A/H139A,CC(=C)CCOP(=O)(O)OP(=O)(O)O,-1.7958800173440752,-1.6976596117019653,-2.1946842670440674,0.6507457494735718
2144,Q12051_E7G,CC(=C)CCOP(=O)(O)OP(=O)(O)O,-1.6777807052660807,-1.6261918544769287,-2.257446050643921,0.7116286754608154
2145,Q12051_L8G,CC(=C)CCOP(=O)(O)OP(=O)(O)O,-2.2924298239020637,-1.6359459161758423,-2.3035295009613037,0.7210790514945984
2146,Q12051_I9G,CC(=C)CCOP(=O)(O)OP(=O)(O)O,-3.207608310501746,-1.6241092681884766,-2.2762861251831055,0.7162665128707886
2147,Q12051_E7G/L8G,CC(=C)CCOP(=O)(O)OP(=O)(O)O,-3.8239087409443187,-1.6214585304260254,-2.32855224609375,0.749157190322876
2148,Q12051_L8G/I9G,CC(=C)CCOP(=O)(O)OP(=O)(O)O,-4.142667503568732,-1.6385939121246338,-2.3371188640594482,0.7448124885559082
2149,P37666_wild,C(C(C(C(C(=O)C(=O)[O-])O)O)O)O,1.6095944092252201,1.4909002780914307,0.2832101881504059,1.3767845630645752
2150,A0A165SC98_wild,CCN1C2=C(C=C(C=C2)S(=O)(=O)O)SC1=NN=C3N(C4=C(S3)C=C(C=C4)S(=O)(=O)O)CC,3.146128035678238,0.45036423206329346,-0.751447319984436,2.4646739959716797
2151,A0A165SC98_wild,COC1=C(C(=CC=C1)OC)O,3.0433622780211294,0.42369821667671204,-0.9467644691467285,1.8590283393859863
2152,A0A165SC98_wild,C1=CC=C(C(=C1)O)O,3.944729360303296,0.6625251770019531,-0.5405562520027161,1.939510464668274
2153,Q9XAL8_wild,CCN1C2=C(C=C(C=C2)S(=O)(=O)O)SC1=NN=C3N(C4=C(S3)C=C(C=C4)S(=O)(=O)O)CC,1.7824726241662863,0.6478441953659058,-0.1032474935054779,1.2177339792251587
2154,Q9XAL8_wild,COC1=CC(=CC(=C1O)OC)C=NN=CC2=CC(=C(C(=C2)OC)O)OC,1.404149249209695,0.3409610688686371,-1.34623122215271,0.7369279861450195
2155,Q9XAL8_wild,COC1=C(C(=CC=C1)OC)O,1.4446692309385245,0.48193979263305664,-0.32208096981048584,0.32132160663604736
2156,B5HSR1_M195L,COC1=C(C(=CC=C1)OC)O,-1.154901959985743,0.7057135701179504,-0.2891295254230499,0.262040376663208
2157,B5HSR1_M220L,COC1=C(C(=CC=C1)OC)O,-1.4993976037156085,0.6989684104919434,-0.2836514413356781,0.2457609474658966
2158,B5HSR1_M220L/T222L,COC1=C(C(=CC=C1)OC)O,-1.1983676766244384,0.6842420101165771,-0.3118484616279602,0.2554279565811157
2159,B5HSR1_M293L,COC1=C(C(=CC=C1)OC)O,-1.2730012992071436,0.7041864395141602,-0.28334349393844604,0.25874942541122437
2160,B5HSR1_M295L,COC1=C(C(=CC=C1)OC)O,-1.632023276747479,0.7035204768180847,-0.2903929650783539,0.24477942287921906
2161,B5HSR1_wild,COC1=C(C(=CC=C1)OC)O,-0.49259389637126266,0.7097548246383667,-0.2825779616832733,0.25478047132492065
2162,B5HSR1_wild,COC1=CC(=CC(=C1O)OC)C=NN=CC2=CC(=C(C(=C2)OC)O)OC,-0.49939760371560843,0.6644529104232788,-1.3979905843734741,0.6797962188720703
2163,B5HSR1_wild,CCN1C2=C(C=C(C=C2)S(=O)(=O)O)SC1=NN=C3N(C4=C(S3)C=C(C=C4)S(=O)(=O)O)CC,0.8682524562324512,1.0105617046356201,-0.2544107139110565,1.2588897943496704
2164,F6L7B5_wild,CCN1C2=C(C=C(C=C2)S(=O)(=O)O)SC1=NN=C3N(C4=C(S3)C=C(C=C4)S(=O)(=O)O)CC,-1.2385733921130744,1.5470399856567383,-0.8623147010803223,2.1398322582244873
2165,F6L7B5_wild,COC1=C(C(=CC=C1)OC)O,-0.019996628416253676,1.1656627655029297,-0.9287356734275818,1.219720482826233
2166,F6L7B5_wild,COC1=CC=CC=C1O,-1.5543957967264024,0.6134477853775024,-0.960462212562561,1.053588628768921
2167,Q9XAL8_wild,CN(C)C1=CC=C(C=C1)N(C)C,2.4983105537896004,0.39434775710105896,-0.7666568756103516,0.6547396183013916
2168,Q9XAL8_Y108A,CN(C)C1=CC=C(C=C1)N(C)C,2.1072099696478683,0.3912922739982605,-0.7557969689369202,0.6680699586868286
2169,Q9XAL8_Y108F,CN(C)C1=CC=C(C=C1)N(C)C,2.12057393120585,0.3892470598220825,-0.7706391215324402,0.6606640815734863
2170,Q9XAL8_Y108F,O=O,1.5440680443502757,0.4354615807533264,-1.0547233819961548,1.3025081157684326
2171,Q9XAL8_Y108A,O=O,1.5314789170422551,0.4329907298088074,-1.0360935926437378,1.3106327056884766
2172,Q9XAL8_wild,O=O,1.954242509439325,0.43859928846359253,-1.0350085496902466,1.2953040599822998
2173,A0A142CYS4_wild,CCN1C2=C(C=C(C=C2)S(=O)(=O)O)SC1=NN=C3N(C4=C(S3)C=C(C=C4)S(=O)(=O)O)CC,2.315088273088317,1.2301278114318848,-1.2141813039779663,2.440647602081299
2174,A0A142CYS4_wild,COC1=C(C(=CC=C1)OC)O,1.9958544798745659,1.150052547454834,-1.067463755607605,1.9349644184112549
2175,Q9XAL8_S292A,CCN1C2=C(C=C(C=C2)S(=O)(=O)O)SC1=NN=C3N(C4=C(S3)C=C(C=C4)S(=O)(=O)O)CC,1.0453229787866574,0.6456156969070435,-0.10397322475910187,1.2259798049926758
2176,Q9XAL8_S292A,COC1=C(C(=CC=C1)OC)O,-0.03151705144606486,0.47528624534606934,-0.3247874081134796,0.32696130871772766
2177,Q9XAL8_wild,C1=CC(=C(C=C1C2=C(C(=O)C3=C(C=C(C=C3O2)O)O)O)O)O,0.8388490907372553,0.6234403848648071,-0.32006868720054626,1.0160620212554932
2178,Q9XAL8_wild,C1=CC(=C(C=C1O)O)C2=C(C(=O)C3=C(C=C(C=C3O2)O)O)O,0.724275869600789,0.5554171800613403,-0.32024791836738586,0.8827115297317505
2179,Q9XAL8_S292A,C1=CC(=C(C=C1O)O)C2=C(C(=O)C3=C(C=C(C=C3O2)O)O)O,0.6020599913279624,0.5534756183624268,-0.3237251937389374,0.8877042531967163
2180,Q9XAL8_wild,C1=C(C=C(C(=C1O)O)O)C2=C(C(=O)C3=C(C=C(C=C3O2)O)O)O,0.9084850188786497,0.6453738212585449,-0.06068095192313194,0.8579456806182861
2181,A3QVH2_wild,CCN1C2=C(C=C(C=C2)S(=O)(=O)O)SC1=NN=C3N(C4=C(S3)C=C(C=C4)S(=O)(=O)O)CC,0.9995654882259823,0.8431868553161621,-0.07129055261611938,1.2236400842666626
2182,A3QVH2_wild,COC1=C(C(=CC=C1)OC)O,0.6232492903979004,0.5649515986442566,-0.1967899352312088,0.2360762655735016
2183,Q9XAL8_M298F,COC1=C(C(=CC=C1)OC)O,0.19672872262328683,0.46837449073791504,-0.3269104063510895,0.303777813911438
2184,Q9XAL8_V290A,COC1=C(C(=CC=C1)OC)O,0.681874122128647,0.48329174518585205,-0.31322363018989563,0.3226727247238159
2185,Q9XAL8_V290N,COC1=C(C(=CC=C1)OC)O,0.6483600109809317,0.4915602207183838,-0.29686176776885986,0.31223317980766296
2186,Q9XAL8_M298F,CCN1C2=C(C=C(C=C2)S(=O)(=O)O)SC1=NN=C3N(C4=C(S3)C=C(C=C4)S(=O)(=O)O)CC,0.32118402730231416,0.6211535930633545,-0.1129176914691925,1.1891019344329834
2187,Q9XAL8_V290A,CCN1C2=C(C=C(C=C2)S(=O)(=O)O)SC1=NN=C3N(C4=C(S3)C=C(C=C4)S(=O)(=O)O)CC,1.0543448887676306,0.6459112763404846,-0.10224246978759766,1.2247573137283325
2188,Q9XAL8_V290N,CCN1C2=C(C=C(C=C2)S(=O)(=O)O)SC1=NN=C3N(C4=C(S3)C=C(C=C4)S(=O)(=O)O)CC,1.121461353545985,0.6614843010902405,-0.09132607281208038,1.2186726331710815
2189,J9S5G3_wild,CCN1C2=C(C=C(C=C2)S(=O)(=O)O)SC1=NN=C3N(C4=C(S3)C=C(C=C4)S(=O)(=O)O)CC,0.9030899869919435,1.2175441980361938,-0.1672763079404831,1.3681838512420654
2190,B5HSR1_M295A,COC1=CC(=CC(=C1O)OC)C=NN=CC2=CC(=C(C(=C2)OC)O)OC,-2.7781511635247558,0.6356874108314514,-1.398344874382019,0.6635997295379639
2191,B5HSR1_M295T,COC1=CC(=CC(=C1O)OC)C=NN=CC2=CC(=C(C(=C2)OC)O)OC,-2.3010299956639813,0.6247876882553101,-1.3834881782531738,0.641912579536438
2192,B5HSR1_M295Y,COC1=CC(=CC(=C1O)OC)C=NN=CC2=CC(=C(C(=C2)OC)O)OC,-1.209949502841272,0.6452010869979858,-1.3863871097564697,0.6547425985336304
2193,B5HSR1_M295V,COC1=CC(=CC(=C1O)OC)C=NN=CC2=CC(=C(C(=C2)OC)O)OC,-0.8973375438148458,0.633130669593811,-1.399250864982605,0.6520557999610901
2194,B5HSR1_M295F,COC1=CC(=CC(=C1O)OC)C=NN=CC2=CC(=C(C(=C2)OC)O)OC,-1.087955152628825,0.6551342010498047,-1.3976778984069824,0.6588438749313354
2195,B5HSR1_M295L,COC1=CC(=CC(=C1O)OC)C=NN=CC2=CC(=C(C(=C2)OC)O)OC,-0.6642078312622763,0.6634340286254883,-1.4024070501327515,0.6722050905227661
2196,B5HSR1_M295I,COC1=CC(=CC(=C1O)OC)C=NN=CC2=CC(=C(C(=C2)OC)O)OC,-0.9030899869919435,0.6483720541000366,-1.40241277217865,0.6615625619888306
2197,B5HSR1_M293G/M295L,COC1=CC(=CC(=C1O)OC)C=NN=CC2=CC(=C(C(=C2)OC)O)OC,-1.3309931880203911,0.667752206325531,-1.3981349468231201,0.677686333656311
2198,B5HSR1_V287N,COC1=CC(=CC(=C1O)OC)C=NN=CC2=CC(=C(C(=C2)OC)O)OC,-1.209949502841272,0.6588091850280762,-1.372829794883728,0.6669212579727173
2199,B5HSR1_M195A/M293G/M295L,COC1=CC(=CC(=C1O)OC)C=NN=CC2=CC(=C(C(=C2)OC)O)OC,-0.9089196480295703,0.6707965135574341,-1.4001637697219849,0.689515233039856
2200,B5HSR1_M195A/V287N/M293G/M295L,COC1=CC(=CC(=C1O)OC)C=NN=CC2=CC(=C(C(=C2)OC)O)OC,-4.176091237340958,0.6620376110076904,-1.3736225366592407,0.6746096611022949
2201,B5HSR1_M293G,COC1=CC(=CC(=C1O)OC)C=NN=CC2=CC(=C(C(=C2)OC)O)OC,-0.6642078312622763,0.6706740856170654,-1.3904309272766113,0.6856446266174316
2202,B5HSR1_M195A,COC1=CC(=CC(=C1O)OC)C=NN=CC2=CC(=C(C(=C2)OC)O)OC,-0.574031213440912,0.6654003858566284,-1.4007197618484497,0.6921991109848022
2203,G4XJK9_wild,C1=CC(=C(C=C1CC(C(=O)O)N)O)O,0.5403294747908738,1.5443518161773682,0.1775241643190384,0.9848694801330566
2204,G4XJK9_wild,CCN1C2=C(C=C(C=C2)S(=O)(=O)O)SC1=NN=C3N(C4=C(S3)C=C(C=C4)S(=O)(=O)O)CC,0.9268567089496923,1.8364791870117188,-0.20203474164009094,1.6550407409667969
2205,G4XJK9_wild,COC1=CC(=CC(=C1O)OC)C=NN=CC2=CC(=C(C(=C2)OC)O)OC,0.6884198220027107,1.5896079540252686,-0.5541497468948364,0.8938980102539062
2206,G4XJK9_wild,COC1=CC=CC=C1O,0.37839790094813774,1.4486831426620483,-0.00480831041932106,0.7462730407714844
2207,A0A0M4FJ81_wild,CCN1C2=C(C=C(C=C2)S(=O)(=O)O)SC1=NN=C3N(C4=C(S3)C=C(C=C4)S(=O)(=O)O)CC,0.8195439355418687,1.0108604431152344,-0.20958052575588226,1.275112509727478
2208,A0A0M4FJ81_H165A,CCN1C2=C(C=C(C=C2)S(=O)(=O)O)SC1=NN=C3N(C4=C(S3)C=C(C=C4)S(=O)(=O)O)CC,1.0334237554869496,1.0373375415802002,-0.2207023650407791,1.3052555322647095
2209,A0A0M4FJ81_H165F,CCN1C2=C(C=C(C=C2)S(=O)(=O)O)SC1=NN=C3N(C4=C(S3)C=C(C=C4)S(=O)(=O)O)CC,-0.9208187539523752,1.0363298654556274,-0.23075507581233978,1.309328556060791
2210,A0A0M4FJ81_I170A,CCN1C2=C(C=C(C=C2)S(=O)(=O)O)SC1=NN=C3N(C4=C(S3)C=C(C=C4)S(=O)(=O)O)CC,-0.15490195998574322,0.993927001953125,-0.2063051462173462,1.2680778503417969
2211,A0A0M4FJ81_I170F,CCN1C2=C(C=C(C=C2)S(=O)(=O)O)SC1=NN=C3N(C4=C(S3)C=C(C=C4)S(=O)(=O)O)CC,-1.0969100130080565,0.9998965263366699,-0.21716338396072388,1.2676547765731812
2212,A0A0M4FJ81_wild,COC1=C(C(=CC=C1)OC)O,-0.09691001300805639,0.6945232152938843,-0.13955140113830566,0.2243412435054779
2213,A0A0M4FJ81_H165A,COC1=C(C(=CC=C1)OC)O,0.04139268515822508,0.7052643299102783,-0.13878074288368225,0.2501695156097412
2214,Q47098_wild,C(C(C(C(C(CO)O)O)O)O)C(=O)C(=O)O,-0.2596373105057561,-0.1673698127269745,0.05007627233862877,0.5585414171218872
2215,Q47098_wild,C(C(=O)C(=O)O)C(=O)O,2.9379138922995214,0.48473846912384033,-0.2983895540237427,1.2574620246887207
2216,Q47098_H45A,CC(CC(=O)C(=O)[O-])O,0.6532125137753437,0.11755864322185516,0.2129051685333252,0.37207260727882385
2217,Q47098_H45Q,CC(CC(=O)C(=O)[O-])O,-0.7695510786217261,0.22735929489135742,0.054790835827589035,0.6127188205718994
2218,P13375_wild,C(C(C(C(C(C=O)O)O)O)O)OP(=O)(O)O,2.1760912590556813,1.265275239944458,-0.3390909731388092,1.1157196760177612
2219,P13375_K144A,C(C(C(C(C(C=O)O)O)O)O)OP(=O)(O)O,1.6127838567197355,1.0496594905853271,-0.1923534870147705,0.8368594646453857
2220,P13375_K294A,C(C(C(C(C(C=O)O)O)O)O)OP(=O)(O)O,0.7160033436347992,1.2585604190826416,-0.334174245595932,1.1078283786773682
2221,P13375_K356A,C(C(C(C(C(C=O)O)O)O)O)OP(=O)(O)O,2.1760912590556813,1.2474902868270874,-0.33024588227272034,1.0897108316421509
2222,P13375_K425A,C(C(C(C(C(C=O)O)O)O)O)OP(=O)(O)O,-0.3565473235138126,1.2244317531585693,-0.3086281418800354,1.07122802734375
2223,P13375_K425V,C(C(C(C(C(C=O)O)O)O)O)OP(=O)(O)O,0.04139268515822508,1.20870041847229,-0.30078279972076416,1.0548990964889526
2224,P13375_K425F,C(C(C(C(C(C=O)O)O)O)O)OP(=O)(O)O,0.0,1.1870590448379517,-0.2658083736896515,1.0286264419555664
2225,P13375_K425W,C(C(C(C(C(C=O)O)O)O)O)OP(=O)(O)O,-0.060480747381381476,1.0576252937316895,-0.21641071140766144,0.8986420035362244
2226,P13375_K425D,C(C(C(C(C(C=O)O)O)O)O)OP(=O)(O)O,-0.1804560644581313,1.096497893333435,-0.21181240677833557,0.923027753829956
2227,P13375_R207A,C(C(C(C(C(C=O)O)O)O)O)OP(=O)(O)O,-2.958607314841775,0.8907744884490967,-0.1429959535598755,0.6529651880264282
2228,P13375_R207K,C(C(C(C(C(C=O)O)O)O)O)OP(=O)(O)O,0.14612803567823798,1.1486908197402954,-0.29243576526641846,0.9743985533714294
2229,P41250_wild,C(C(=O)O)N,-0.5086383061657274,0.15735885500907898,-0.41699859499931335,0.34927499294281006
2230,Q84MD8_wild,CC1=CC2=C(C=C1C)N(C3=NC(=O)NC(=O)C3=N2)CC(C(C(CO)O)O)O,-0.23433144524098592,-0.5536006093025208,-2.7978038787841797,2.142544746398926
2231,Q84MD8_wild,C1=NC(=C2C(=N1)N(C=N2)C3C(C(C(O3)COP(=O)(O)OP(=O)(O)OP(=O)(O)O)O)O)N,-0.3535962737769304,-0.32264551520347595,-1.3750005960464478,1.6550732851028442
2232,Q8GB87_wild,C1=CC=C(C(=C1)O)O,1.0374264979406236,1.3399443626403809,-0.8024505376815796,1.7878280878067017
2233,Q8GB87_wild,C1=CC(=CC=C1O)O,0.724275869600789,0.8461330533027649,-0.9675647020339966,1.3609330654144287
2234,Q8GB87_wild,COC1=CC=CC=C1O,0.2041199826559248,0.4709516763687134,-1.0456467866897583,0.978873610496521
2235,Q9NPJ3_wild,CCCCCCCCCC(=O)SCCNC(=O)CCNC(=O)C(C(C)(C)COP(=O)(O)OP(=O)(O)OCC1C(C(C(O1)N2C=NC3=C(N=CN=C32)N)O)OP(=O)(O)O)O,-1.7958800173440752,0.32278159260749817,-1.4074702262878418,1.0194271802902222
2236,Q9NPJ3_wild,CCCC(=O)SCCNC(=O)CCNC(=O)C(C(C)(C)COP(=O)(O)OP(=O)(O)OCC1C(C(C(O1)N2C=NC3=C(N=CN=C32)N)O)OP(=O)(O)O)O,-1.3279021420642825,0.47731858491897583,-0.8402356505393982,0.8593891859054565
2237,Q9NPJ3_wild,CC=C(C)C(=O)SCCNC(=O)CCNC(=O)C(C(C)(C)COP(=O)([O-])OP(=O)([O-])OCC1C(C(C(O1)N2C=NC3=C(N=CN=C32)N)O)OP(=O)([O-])[O-])O,-1.6382721639824072,0.44791001081466675,-1.0847606658935547,1.0399041175842285
2238,Q9NPJ3_wild,CCC(=O)SCCNC(=O)CCNC(=O)C(C(C)(C)COP(=O)(O)OP(=O)(O)OCC1C(C(C(O1)N2C=NC3=C(N=CN=C32)N)O)OP(=O)(O)O)O,-1.4436974992327127,0.42966896295547485,-0.9334548711776733,0.8296883702278137
2239,Q9NPJ3_wild,CCC(C(=O)SCCNC(=O)CCNC(=O)C(C(C)(C)COP(=O)(O)OP(=O)(O)OCC1C(C(C(O1)N2C=NC3=C(N=CN=C32)N)O)OP(=O)(O)O)O)O,-0.744727494896694,0.49297034740448,-0.9294676780700684,0.8740195035934448
2240,Q9NPJ3_D65E,CC(C)(COP(=O)([O-])OP(=O)([O-])OCC1C(C(C(O1)N2C=NC3=C(N=CN=C32)N)O)OP(=O)([O-])[O-])C(C(=O)NCCC(=O)NCCSC(=O)CC4=CC(=CC=C4)O)O,-0.7958800173440752,0.053183432668447495,-1.048590064048767,0.7039778232574463
2241,Q9NPJ3_H134A,CC(C)(COP(=O)([O-])OP(=O)([O-])OCC1C(C(C(O1)N2C=NC3=C(N=CN=C32)N)O)OP(=O)([O-])[O-])C(C(=O)NCCC(=O)NCCSC(=O)CC4=CC(=CC=C4)O)O,-0.7958800173440752,0.38155776262283325,-1.0355372428894043,0.9718160629272461
2242,P00455_wild,C1C=CN(C=C1C(=O)N)C2C(C(C(O2)COP(=O)(O)OP(=O)(O)OCC3C(C(C(O3)N4C=NC5=C(N=CN=C54)N)OP(=O)(O)O)O)O)O,1.3979400086720377,1.3198480606079102,-2.1177549362182617,3.074934244155884
2243,Q9SLP6_wild,C1C=CN(C=C1C(=O)N)C2C(C(C(O2)COP(=O)(O)OP(=O)(O)OCC3C(C(C(O3)N4C=NC5=C(N=CN=C54)N)OP(=O)(O)O)O)O)O,1.6434526764861874,1.0589958429336548,-2.146552324295044,3.0945827960968018
2244,Q41736_wild,C1C=CN(C=C1C(=O)N)C2C(C(C(O2)COP(=O)(O)OP(=O)(O)OCC3C(C(C(O3)N4C=NC5=C(N=CN=C54)N)OP(=O)(O)O)O)O)O,2.716003343634799,1.2345919609069824,-1.6416014432907104,2.9698007106781006
2245,Q41736_wild,C1=CC=C(C=C1)C2=NN([N+](=N2)C3=CC=C(C=C3)[N+](=O)[O-])C4=CC=C(C=C4)I.[Cl-],2.146128035678238,1.4393385648727417,-0.8420952558517456,2.179715871810913
2246,Q41736_wild,[C-]#N.[C-]#N.[C-]#N.[C-]#N.[C-]#N.[C-]#N.[Fe+3],2.716003343634799,1.7117527723312378,-1.3700730800628662,2.4608259201049805
2247,Q41736_wild,C1C=CN(C=C1C(=O)N)C2C(C(C(O2)COP(=O)(O)OP(=O)(O)OCC3C(C(C(O3)N4C=NC5=C(N=CN=C54)N)O)O)O)O,0.0,1.3466801643371582,-1.09392511844635,2.6337807178497314
2248,P0ACA7_wild,C(C(=O)[O-])Br,1.4313637641589874,0.8502337336540222,0.3180064260959625,0.730148434638977
2249,P26827_wild,C(C1C(C(C(C(O1)OC2C(OC(C(C2O)O)O)CO)O)O)O)O,3.0791812460476247,1.7591660022735596,0.6326005458831787,1.682458519935608
2250,P26827_wild,COC1C(C(C(O1)C(CO)O)O)O,3.200303182981585,1.4579987525939941,0.9462114572525024,1.108345866203308
2251,P26827_wild,C(C1C2C(C(C(O1)OC3C(OC(C(C3O)O)OC4C(OC(C(C4O)O)OC5C(OC(C(C5O)O)OC6C(OC(C(C6O)O)OC7C(OC(O2)C(C7O)O)CO)CO)CO)CO)CO)O)O)O,3.200303182981585,1.8496378660202026,-0.06673470139503479,2.393838882446289
2252,P26827_wild,C(C1C2C(C(C(O1)OC3C(OC(C(C3O)O)OC4C(OC(C(C4O)O)OC5C(OC(C(C5O)O)OC6C(OC(C(C6O)O)OC7C(OC(C(C7O)O)OC8C(OC(O2)C(C8O)O)CO)CO)CO)CO)CO)CO)O)O)O,2.7067177823367587,1.9537779092788696,-0.0231613926589489,2.4720375537872314
2253,P26827_wild,C(C1C2C(C(C(O1)OC3C(OC(C(C3O)O)OC4C(OC(C(C4O)O)OC5C(OC(C(C5O)O)OC6C(OC(C(C6O)O)OC7C(OC(C(C7O)O)OC8C(OC(C(C8O)O)OC9C(OC(O2)C(C9O)O)CO)CO)CO)CO)CO)CO)CO)O)O)O,2.7693773260761385,1.971168041229248,0.05927834287285805,2.42982816696167
2254,P26827_wild,C(C1C(C(C(C(O1)O)O)O)O)O,3.0081741840064264,1.9137836694717407,1.3628387451171875,1.2356352806091309
2255,P26827_wild,C(C1C(C(C(C(O1)OC2C(OC(C(C2O)O)OC3C(OC(C(C3O)O)O)CO)CO)O)O)O)O,3.0472748673841794,1.6006335020065308,0.2387288510799408,1.8943803310394287
2256,P26827_wild,C(C1C(C(C(C(O1)OC2C(OC(C(C2O)O)OC3C(OC(C(C3O)O)OC4C(OC(C(C4O)O)O)CO)CO)CO)O)O)O)O,3.0538464268522527,1.6424906253814697,0.15255552530288696,2.018275737762451
2257,G5CKS2_wild,C1C(C(C(C(O1)O)O)O)O,3.2909245593827543,1.9670183658599854,0.5352109670639038,1.6780282258987427
2258,P40943_wild,C1C(C(C(C(O1)O)O)O)O,2.3146396194425636,2.2539989948272705,0.6962308883666992,1.8002886772155762
2259,P12995_wild,C[S+](CCC(=O)C(=O)O)CC1C(C(C(O1)N2C=NC3=C(N=CN=C32)N)O)O,-0.5477023800988412,-0.31800949573516846,-0.7816325426101685,0.40465062856674194
2260,P12995_R391A,C[S+](CCC(C(=O)[O-])N)CC1C(C(C(O1)N2C=NC3=C(N=CN=C32)N)O)O,-2.677780705266081,-0.7203009128570557,-0.9486720561981201,0.2541322708129883
2261,P12995_R391A,CC(C(=O)CCCCCC(=O)[O-])N,-2.677780705266081,-0.3550703823566437,-1.9885364770889282,0.862357497215271
2262,P49053_wild,[Br-],2.3010299956639813,2.389972686767578,-1.5947264432907104,2.8348958492279053
2263,P49053_S402A,[Br-],1.9122220565324155,2.3757498264312744,-1.5785170793533325,2.8161134719848633
2264,P49053_F397H,[Br-],1.9263424466256551,2.3780269622802734,-1.5877121686935425,2.8429155349731445
2265,P49053_wild,[Cl-],1.3617278360175928,2.639906883239746,-1.5596963167190552,2.337761640548706
2266,P49053_S402A,[Cl-],0.15228834438305647,2.623969316482544,-1.5463393926620483,2.3193986415863037
2267,P49053_F397H,[Cl-],0.8129133566428556,2.631011724472046,-1.5508116483688354,2.342656373977661
2268,P49053_wild,OO,2.2624510897304293,3.4594504833221436,-2.3370072841644287,3.540036201477051
2269,P49053_S402A,OO,1.8048206787211623,3.4487316608428955,-2.3199303150177,3.5197737216949463
2270,P80562_wild,[O-]P(=O)([O-])OP(=O)([O-])[O-],2.929418925714293,1.4620826244354248,-1.4347327947616577,2.4522321224212646
2271,Q949J1_wild,[O-]P(=O)([O-])OP(=O)([O-])[O-],2.5245259366263757,1.6077783107757568,-1.4551160335540771,2.7924280166625977
2272,Q9X0N9_wild,C(C1C(C(C(C(O1)O)O)O)O)OP(=O)(O)O,4.544068044350276,1.3551816940307617,-0.24789117276668549,2.5135998725891113
2273,Q9X0N9_wild,C1=CC(=C[N+](=C1)C2C(C(C(O2)COP(=O)(O)OP(=O)(O)OCC3C(C(C(O3)N4C=NC5=C(N=CN=C54)N)OP(=O)(O)O)O)O)O)C(=O)N,4.544068044350276,0.9380264282226562,-0.674884021282196,2.4904723167419434
2274,Q9X0N9_wild,C1=CC(=C[N+](=C1)C2C(C(C(O2)COP(=O)([O-])OP(=O)(O)OCC3C(C(C(O3)N4C=NC5=C(N=CN=C54)N)O)O)O)O)C(=O)N,4.041392685158225,1.0263476371765137,-0.13196153938770294,2.3017749786376953
2275,Q6F9F5_wild,C1C=CN(C=C1C(=O)N)C2C(C(C(O2)COP(=O)(O)OP(=O)(O)OCC3C(C(C(O3)N4C=NC5=C(N=CN=C54)N)O)O)O)O,1.8573324964312685,1.0896990299224854,-0.9235116839408875,2.4547226428985596
2276,P37063_wild,C1=CC(=O)C=CC1=NC2=CC(=C(C(=C2)Cl)O)Cl,1.252853030979893,0.5491954684257507,-1.0072137117385864,1.9381840229034424
2277,P37063_wild,CC(=O)C(=O)[O-],1.252853030979893,0.6543141007423401,0.4482518434524536,1.309674859046936
2278,P37063_wild,[O-]P(=O)([O-])[O-],1.252853030979893,0.38122570514678955,0.36827099323272705,1.0007669925689697
2279,P37063_wild,O=O,0.9822712330395684,0.6150873303413391,-0.8584827184677124,2.1629230976104736
2280,P32322_E221A,C1C(NCS1)C(=O)O,1.1139433523068367,0.6089202165603638,0.05829872563481331,0.8795585632324219
2281,P32322_wild,C1C(NCS1)C(=O)O,1.7403626894942439,0.625662624835968,0.054833803325891495,0.8840080499649048
2282,P32322_wild,C1=CC(=C[N+](=C1)C2C(C(C(O2)COP(=O)([O-])OP(=O)(O)OCC3C(C(C(O3)N4C=NC5=C(N=CN=C54)N)O)O)O)O)C(=O)N,1.7403626894942439,0.6556627154350281,-0.29373469948768616,1.6079497337341309
2283,P32322_wild,C1=CC(=C[N+](=C1)C2C(C(C(O2)COP(=O)(O)OP(=O)(O)OCC3C(C(C(O3)N4C=NC5=C(N=CN=C54)N)OP(=O)(O)O)O)O)O)C(=O)N,1.7403626894942439,0.510104775428772,-0.24301457405090332,1.604472041130066
2284,P32322_E221A,C1=CC(=C[N+](=C1)C2C(C(C(O2)COP(=O)(O)OP(=O)(O)OCC3C(C(C(O3)N4C=NC5=C(N=CN=C54)N)OP(=O)(O)O)O)O)O)C(=O)N,1.1139433523068367,0.4847930669784546,-0.2489231526851654,1.589364767074585
2285,P32322_E221A,C1=CC(=C[N+](=C1)C2C(C(C(O2)COP(=O)([O-])OP(=O)(O)OCC3C(C(C(O3)N4C=NC5=C(N=CN=C54)N)O)O)O)O)C(=O)N,1.1139433523068367,0.6276229023933411,-0.2968820035457611,1.5938897132873535
2286,Q9Y3C6_wild,CC(C(=O)NC(C)C(=O)N1CCCC1C(=O)NC(CC2=CC=CC=C2)C(=O)NC3=CC=C(C=C3)[N+](=O)[O-])NC(=O)CCC(=O)O,2.9822712330395684,1.0586583614349365,-1.1191612482070923,2.585310935974121
2287,P90518_wild,C(CCNCCCN)CN,0.6232492903979004,0.19941264390945435,-1.0852645635604858,0.602849006652832
2288,P90518_wild,C1=NC(=C2C(=N1)N(C=N2)C3C(C(C(O3)COP(=O)(O)OP(=O)(O)OP(=O)(O)O)O)O)N,0.6232492903979004,0.2872505187988281,-1.347684621810913,1.0060482025146484
2289,P90518_wild,C(CC(=O)NC(CS)C(=O)NCC(=O)O)C(C(=O)O)N,0.6232492903979004,0.48172760009765625,-0.8702025413513184,0.863436222076416
2290,O43175_wild,C(C(=O)C(=O)O)C(=O)O,-0.7528453031765261,0.6596512198448181,-0.3754515051841736,0.4388062357902527
2291,O43175_wild,C1C=CN(C=C1C(=O)N)C2C(C(C(O2)COP(=O)(O)OP(=O)(O)OCC3C(C(C(O3)N4C=NC5=C(N=CN=C54)N)O)O)O)O,-0.7528453031765261,0.9911991357803345,-1.55085289478302,1.9558777809143066
2292,A6Y9S5_wild,C(C(C(CO)O)O)C(=O)C(=O)[O-],1.0530784434834197,0.24583745002746582,-0.11575876176357269,0.7177998423576355
2293,A6Y9S5_wild,CC(=O)C(=O)[O-],0.5563025007672873,0.2596238851547241,-0.04476988688111305,0.9465431571006775
2294,A6Y9S5_wild,C(C(C=O)O)O,0.5563025007672873,0.35311487317085266,0.5919499397277832,0.5849940776824951
2295,P52270_S20Q/L47V/I49L/P50A/Y87F/I89V,C(C(C=O)O)OP(=O)(O)O,3.713210471469627,1.97330641746521,-0.16090023517608643,2.9031319618225098
2296,P00940_E165D,C(C(=O)COP(=O)(O)O)O,0.6127838567197355,0.9821816682815552,-0.2574673891067505,2.0217015743255615
2297,P00940_E165D,C(C(C=O)O)OP(=O)(O)O,0.6232492903979004,1.782139778137207,-0.7120143175125122,2.5742554664611816
2298,P00940_E165D/G10S,C(C(=O)COP(=O)(O)O)O,0.6720978579357175,0.7691600322723389,-0.2142913043498993,1.7817001342773438
2299,P00940_E165D/G10S,C(C(C=O)O)OP(=O)(O)O,1.146128035678238,1.578701138496399,-0.661066472530365,2.318171262741089
2300,P00940_E165D/S96P,C(C(=O)COP(=O)(O)O)O,0.5314789170422551,0.7219763398170471,-0.22272831201553345,1.7120978832244873
2301,P00940_E165D/S96P,C(C(C=O)O)OP(=O)(O)O,1.8325089127062364,1.525721788406372,-0.7075891494750977,2.2354276180267334
2302,P00940_E165D/S96T,C(C(=O)COP(=O)(O)O)O,0.9777236052888478,0.925142228603363,-0.23576423525810242,1.93864905834198
2303,P00940_E165D/S96T,C(C(C=O)O)OP(=O)(O)O,1.2304489213782739,1.724610686302185,-0.6937692165374756,2.4895284175872803
2304,P00940_E165D/E97D,C(C(=O)COP(=O)(O)O)O,0.7634279935629373,0.6650580167770386,-0.17576776444911957,1.6985774040222168
2305,P00940_E165D/E97D,C(C(C=O)O)OP(=O)(O)O,1.0,1.4779846668243408,-0.6734383702278137,2.218179941177368
2306,P00940_E165D/V167D,C(C(=O)COP(=O)(O)O)O,0.9242792860618817,0.5875228643417358,-0.14660897850990295,1.5880260467529297
2307,P00940_E165D/V167D,C(C(C=O)O)OP(=O)(O)O,1.1760912590556813,1.4004238843917847,-0.6729737520217896,2.109442710876465
2308,P00940_E165D/G233R,C(C(=O)COP(=O)(O)O)O,0.7781512503836436,0.5916577577590942,-0.2551425099372864,1.599233627319336
2309,P00940_E165D/G233R,C(C(C=O)O)OP(=O)(O)O,0.9242792860618817,1.3879295587539673,-0.7393432855606079,2.1132853031158447
2310,P00939_wild,C(C(C=O)O)OP(=O)(O)O,3.937852109954789,1.8221627473831177,-0.6503655910491943,2.5444130897521973
2311,P00939_wild,C(C(=O)COP(=O)(O)O)O,3.9208187365805958,1.0116376876831055,-0.22685888409614563,1.9720394611358643
2312,P48500_wild,C(C(=O)COP(=O)(O)O)O,3.9208187365805958,0.8898472785949707,-0.3434736132621765,1.9158203601837158
2313,P48500_wild,C(C(C=O)O)OP(=O)(O)O,3.9208187365805958,1.6976782083511353,-0.7687710523605347,2.4632279872894287
2314,O02611_wild,C(C(C=O)O)OP(=O)(O)O,3.541079767776629,2.4205472469329834,-0.21410855650901794,3.183781623840332
2315,O02611_wild,C(C(=O)COP(=O)(O)O)O,2.4668676203541096,1.6434588432312012,0.09442661702632904,2.5157315731048584
2316,A0A0M3KL18_wild,C(C(C=O)O)OP(=O)(O)O,3.115943176939055,1.8812483549118042,-0.12312021851539612,2.1610896587371826
2317,Q8XKU1_wild,C(C(C=O)O)OP(=O)(O)O,3.802636918082811,2.1606526374816895,-0.44183531403541565,2.6013033390045166
2318,P20933_wild,CC(=O)NC1C(C(C(OC1NC(=O)CC(C(=O)O)N)CO)O)O,0.7442929831226762,1.1650896072387695,-0.29010412096977234,1.4758985042572021
2319,Q9HJH3_wild,CC(=CCCC(=CCCC(=CCCC(=CCOP(=O)(O)OP(=O)(O)O)C)C)C)C,0.785329835010767,-1.0959241390228271,-1.908280849456787,0.9936037063598633
2320,P0C882_wild,CC(=CCCC(=CCCC(=CCCC(=CCOP(=O)(O)OP(=O)(O)O)C)C)C)C,-0.46852108295774486,-1.1914379596710205,-1.918379306793213,0.9768050909042358
2321,P92994_wild,C1=CC=C(C=C1)C=CC(=O)O,0.23426412437878932,0.1492474228143692,-2.2233283519744873,1.0464754104614258
2322,P92994_wild,C1=CC(=CC(=C1)O)C=CC(=O)O,0.587336771946434,-0.3167424499988556,-1.807065486907959,1.102654218673706
2323,Q46856_wild,CCCO,-3.0,0.5214008092880249,0.7152340412139893,-0.826906681060791
2324,Q46856_wild,CCCCO,-2.3631779358200946,0.9638679027557373,0.33468109369277954,-0.2960377633571625
2325,Q46856_wild,CCCCCO,-2.5228787452803374,0.6669913530349731,0.8478564023971558,-0.9058786630630493
2326,Q46856_wild,CC(C)CCO,-2.4993976037156083,0.7847319841384888,0.8123437762260437,-0.6125747561454773
2327,Q46856_wild,CCCCCCO,-2.477121298149113,0.5767492055892944,0.8639196157455444,-0.7336225509643555
2328,Q46856_wild,CCCCCCCCO,-2.8004277365252226,0.9286820292472839,0.5113644599914551,-0.16673779487609863
2329,Q46856_wild,C1=CC=C(C=C1)CO,-3.0377885450968733,0.562663197517395,0.28059056401252747,-0.4351232945919037
2330,Q46856_wild,C1=CC(=C[N+](=C1)C2C(C(C(O2)COP(=O)(O)OP(=O)(O)OCC3C(C(C(O3)N4C=NC5=C(N=CN=C54)N)OP(=O)(O)O)O)O)O)C(=O)N,-1.3010299956639813,1.2772138118743896,-0.6854555010795593,1.3997149467468262
2331,Q336V5_wild,C1=CC(=CC=C1[N+](=O)[O-])OP(=O)(O)O,-0.3010299956639812,0.305624395608902,0.824822187423706,-0.9360992908477783
2332,Q10SX6_wild,C1=CC(=CC=C1[N+](=O)[O-])OP(=O)(O)O,-0.7958800173440752,0.1583835929632187,0.4562908709049225,-0.3723805546760559
2333,P0A6L0_wild,C(C=O)C(C(CO)O)O,-0.9706162223147904,0.4599580764770508,1.577873706817627,-0.6653569936752319
2334,P0A6L0_K172E,C(C=O)C(C(CO)O)O,-1.6575773191777938,0.3106653690338135,1.6666218042373657,-0.8187580108642578
2335,P0A6L0_R207E,C(C=O)C(C(CO)O)O,-1.193820026016113,0.449712872505188,1.6771100759506226,-0.6987713575363159
2336,P0A6L0_S238D,C(C=O)C(C(CO)O)O,-0.6777807052660807,0.45457929372787476,1.6268830299377441,-0.680502712726593
2337,P0A6L0_S239E,C(C=O)C(C(CO)O)O,-0.7569619513137056,0.4463752508163452,1.626583456993103,-0.6881640553474426
2338,Q93VR3_wild,C1=NC2=C(N1C3C(C(C(O3)COP(=O)(O)OP(=O)(O)OC4C(C(C(C(O4)CO)O)O)O)O)O)N=C(NC2=O)N,-1.3872161432802645,-0.5202792882919312,-1.3024542331695557,0.7730297446250916
2339,P0ABK5_wild,S,3.307496037913213,1.5737056732177734,-1.2716732025146484,2.282979965209961
2340,P0ABK5_wild,CC(=O)OCC(C(=O)O)N,3.307496037913213,1.767681360244751,0.20270197093486786,1.5893774032592773
2341,Q93244_wild,CC(=O)OCC(C(=O)O)N,1.7084209001347128,1.3548247814178467,0.3204977810382843,1.3897325992584229
2342,Q93244_wild,C(C(C(=O)O)N)S,-0.6989700043360187,0.35354936122894287,-0.6462845802307129,1.3345885276794434
2343,Q93244_wild,S,1.7084209001347128,1.4309272766113281,-0.6968874931335449,1.857125997543335
2344,Q93244_wild,[C-]#N,0.3979400086720376,1.1252782344818115,0.4334860146045685,1.2061336040496826
2345,O59701_wild,CC(=O)OCC(C(=O)O)N,0.17609125905568124,1.3567757606506348,0.20776642858982086,1.0400680303573608
2346,P23522_wild,C(C(C(C(=O)[O-])O)O)C(=O)C(=O)[O-],1.436162647040756,0.2953726053237915,-0.8445065021514893,1.2989704608917236
2347,Q9I168_wild,C(CC(=O)O)C(=O)C(=O)O,0.14301480025409505,0.5258272886276245,-0.5295073390007019,1.0031960010528564
2348,Q01468_wild,C=CC=C(C(=O)O)O,2.1760912590556813,1.1601499319076538,-0.6807608604431152,1.37491774559021
2349,Q01468_wild,C(=CC(=O)O)C=C(C(=O)[O-])[O-],3.322219294733919,1.2162141799926758,-1.088420033454895,2.082615375518799
2350,P25114_wild,C(C1C(C(C(O1)(CO)OP(=O)(O)O)O)O)OP(=O)(O)O,-1.3767507096020994,0.5861914157867432,-2.6385536193847656,0.41448456048965454
2351,A2Z7C4_wild,O=O,1.0681858617461617,2.0767757892608643,-1.0715962648391724,2.471736431121826
2352,Q9YA47_wild,C(C1C(C(C(C(O1)O)O)O)O)O,1.3617278360175928,1.5946290493011475,-0.44123518466949463,1.8505042791366577
2353,Q9YA47_wild,C1=NC(=C2C(=N1)N(C=N2)C3C(C(C(O3)COP(=O)(O)OP(=O)(O)OP(=O)(O)O)O)O)N,1.3617278360175928,1.3712869882583618,-0.6226104497909546,1.7703220844268799
2354,Q9YA47_wild,C(C=O)C(C(C(CO)O)O)O,1.4771212547196624,1.509753704071045,-0.11409687995910645,1.611209750175476
2355,Q9YA47_wild,C(C1C(C(C(C(O1)O)N)O)O)O,1.255272505103306,1.262393593788147,-0.48633942008018494,1.5681703090667725
2356,Q9YA47_wild,C1C(C(C(C(O1)(CO)O)O)O)O,1.0,1.736975073814392,0.09303246438503265,1.4468215703964233
2357,Q75PK7_wild,C1=CN(C(=O)NC1=O)C2C(C(C(O2)COP(=O)(O)OP(=O)(O)OC3C(C(C(C(O3)C(=O)O)O)O)O)O)O,-0.7958800173440752,0.06842041015625,-0.9183892011642456,1.1632815599441528
2358,P21332_E255Q,C1=CC(=CC=C1[N+](=O)[O-])OC2C(C(C(C(O2)CO)O)O)O,-0.4089353929735008,0.7880679368972778,0.13937802612781525,0.7470850944519043
2359,P04951_wild,C1=CN(C(=O)N=C1N)C2C(C(C(O2)COP(=O)(O)OP(=O)(O)OP(=O)(O)O)O)O,1.3404441148401183,0.34981265664100647,-0.6762768030166626,0.9775384664535522
2360,P76041_wild,C(C1C(C(C(C(O1)OC(=O)C(CO)O)O)O)O)O,0.3222192947339193,0.3768483102321625,0.8492414951324463,0.5182154774665833
2361,P76041_wild,C(C1C(C(C(C(O1)OP(=O)(O)O)O)O)O)O,2.5440680443502757,0.24092018604278564,-0.0629156082868576,0.7464791536331177
2362,P76041_wild,C(C(C(=O)[O-])O)O,2.469822015978163,0.40619030594825745,0.5482495427131653,0.7989522218704224
2363,P76041_wild,C(C(C(C(=O)O)O)O)O,1.8325089127062364,-0.02739424630999565,0.7534576058387756,0.4553830027580261
2364,D7BAR0_wild,C(C1C(C(C(C(O1)OC(=O)C(CO)O)O)O)O)O,-0.08092190762392612,1.0013601779937744,1.3740345239639282,0.3491714298725128
2365,D7BAR0_wild,C(C1C(C(C(C(O1)OP(=O)(O)O)O)O)O)O,1.9822712330395684,0.8902685642242432,0.49695900082588196,0.601895809173584
2366,Q9BZQ4_wild,C1=CC(=C[N+](=C1)C2C(C(C(O2)COP(=O)(O)O)O)O)C(=O)O,0.8388490907372553,0.7975583076477051,-1.0478448867797852,1.5079903602600098
2367,Q9BZQ4_wild,C1C=CN(C=C1C(=O)N)C2C(C(C(O2)COP(=O)(O)O)O)O,0.5185139398778875,0.9938555955886841,-0.9018123149871826,1.7362085580825806
2368,P16932_wild,CC1=NC=C(C(=C1O)C=O)COP(=O)(O)O,1.0170333392987805,-0.32642459869384766,-2.183363676071167,1.4882856607437134
2369,P16932_wild,CC(C)(C(=O)O)N,1.1172712956557642,0.3808870315551758,-0.19640952348709106,0.8317561149597168
2370,P13485_wild,C(C(COP(=O)(O)OCC(COP(=O)(O)O)O)O)O,1.9395192526186185,-0.14454682171344757,-1.448493480682373,1.3312609195709229
2371,P83686_H49A,[C-]#N.[C-]#N.[C-]#N.[C-]#N.[C-]#N.[C-]#N.[Fe+3],2.6720978579357175,1.7410387992858887,-2.246859073638916,3.5705208778381348
2372,P83686_H49Y,[C-]#N.[C-]#N.[C-]#N.[C-]#N.[C-]#N.[C-]#N.[Fe+3],2.863322860120456,1.7705413103103638,-2.304597854614258,3.600459337234497
2373,P83686_H49K,[C-]#N.[C-]#N.[C-]#N.[C-]#N.[C-]#N.[C-]#N.[Fe+3],2.690196080028514,1.2828444242477417,-2.1993215084075928,3.1903419494628906
2374,P83686_H49E,[C-]#N.[C-]#N.[C-]#N.[C-]#N.[C-]#N.[C-]#N.[Fe+3],2.041392685158225,1.3467576503753662,-2.185107469558716,3.2601239681243896
2375,P83686_H49A,C1C=CN(C=C1C(=O)N)C2C(C(C(O2)COP(=O)(O)OP(=O)(O)OCC3C(C(C(O3)N4C=NC5=C(N=CN=C54)N)O)O)O)O,2.6434526764861874,1.5750751495361328,-2.078092336654663,4.07585334777832
2376,P83686_H49Y,C1C=CN(C=C1C(=O)N)C2C(C(C(O2)COP(=O)(O)OP(=O)(O)OCC3C(C(C(O3)N4C=NC5=C(N=CN=C54)N)O)O)O)O,2.8750612633917,1.6131647825241089,-2.1312448978424072,4.106058597564697
2377,P83686_H49K,C1C=CN(C=C1C(=O)N)C2C(C(C(O2)COP(=O)(O)OP(=O)(O)OCC3C(C(C(O3)N4C=NC5=C(N=CN=C54)N)O)O)O)O,2.8512583487190755,1.1577949523925781,-1.9634391069412231,3.5353503227233887
2378,P83686_H49E,C1C=CN(C=C1C(=O)N)C2C(C(C(O2)COP(=O)(O)OP(=O)(O)OCC3C(C(C(O3)N4C=NC5=C(N=CN=C54)N)O)O)O)O,1.8864907251724818,1.2245742082595825,-1.9892295598983765,3.627948760986328
2379,P83686_K97A,C1C=CN(C=C1C(=O)N)C2C(C(C(O2)COP(=O)(O)OP(=O)(O)OCC3C(C(C(O3)N4C=NC5=C(N=CN=C54)N)O)O)O)O,3.0253058652647704,1.6567974090576172,-2.1080379486083984,4.119654655456543
2380,P83686_K97R,C1C=CN(C=C1C(=O)N)C2C(C(C(O2)COP(=O)(O)OP(=O)(O)OCC3C(C(C(O3)N4C=NC5=C(N=CN=C54)N)O)O)O)O,2.9585638832219674,1.6679010391235352,-2.1077020168304443,4.140237808227539
2381,P83686_S99A,C1C=CN(C=C1C(=O)N)C2C(C(C(O2)COP(=O)(O)OP(=O)(O)OCC3C(C(C(O3)N4C=NC5=C(N=CN=C54)N)O)O)O)O,2.6384892569546374,1.5423963069915771,-2.066913366317749,3.9851722717285156
2382,P83686_S99T,C1C=CN(C=C1C(=O)N)C2C(C(C(O2)COP(=O)(O)OP(=O)(O)OCC3C(C(C(O3)N4C=NC5=C(N=CN=C54)N)O)O)O)O,2.929929560084588,1.6518352031707764,-2.110363245010376,4.127940654754639
2383,P83686_S99V,C1C=CN(C=C1C(=O)N)C2C(C(C(O2)COP(=O)(O)OP(=O)(O)OCC3C(C(C(O3)N4C=NC5=C(N=CN=C54)N)O)O)O)O,2.574031267727719,1.2623069286346436,-2.0339279174804688,3.6282477378845215
2384,P83686_R63A,C1C=CN(C=C1C(=O)N)C2C(C(C(O2)COP(=O)(O)OP(=O)(O)OCC3C(C(C(O3)N4C=NC5=C(N=CN=C54)N)O)O)O)O,2.6053050461411096,1.4549928903579712,-2.0314810276031494,3.8414411544799805
2385,P83686_R63Q,C1C=CN(C=C1C(=O)N)C2C(C(C(O2)COP(=O)(O)OP(=O)(O)OCC3C(C(C(O3)N4C=NC5=C(N=CN=C54)N)O)O)O)O,2.6148972160331345,1.269079566001892,-2.0823490619659424,3.6172714233398438
2386,P83686_R63K,C1C=CN(C=C1C(=O)N)C2C(C(C(O2)COP(=O)(O)OP(=O)(O)OCC3C(C(C(O3)N4C=NC5=C(N=CN=C54)N)O)O)O)O,2.711807229041191,1.603327751159668,-2.0925495624542236,4.084035396575928
2387,P83686_Y65A,C1C=CN(C=C1C(=O)N)C2C(C(C(O2)COP(=O)(O)OP(=O)(O)OCC3C(C(C(O3)N4C=NC5=C(N=CN=C54)N)O)O)O)O,2.255272505103306,1.200767993927002,-1.9698420763015747,3.570960760116577
2388,P83686_Y65F,C1C=CN(C=C1C(=O)N)C2C(C(C(O2)COP(=O)(O)OP(=O)(O)OCC3C(C(C(O3)N4C=NC5=C(N=CN=C54)N)O)O)O)O,2.699837725867246,1.568030834197998,-2.0614993572235107,3.9967849254608154
2389,P14900_wild,C1=NC(=C2C(=N1)N(C=N2)C3C(C(C(O3)COP(=O)(O)OP(=O)(O)OP(=O)(O)O)O)O)N,0.8271538173105413,0.6474900245666504,-1.1283644437789917,1.853193998336792
2390,P14900_wild,CC(C(=O)O)NC(=O)C(C)OC1C(C(OC(C1O)CO)OP(=O)(O)OP(=O)(O)OCC2C(C(C(O2)N3C=CC(=O)NC3=O)O)O)NC(=O)C,0.8271538173105413,0.6026803255081177,-1.341417670249939,2.09002685546875
2391,P14900_wild,C(CC(=O)O)C(C(=O)O)N,0.8271538173105413,0.7960224151611328,-0.4071027636528015,1.1179234981536865
2392,A0A0H3LKL4_wild,C1=CC(=O)NC=C1C(=O)O,0.7075701760979364,0.5674583911895752,-1.0231996774673462,1.6978434324264526
2393,A0A0H3LKL4_wild,C1C=CN(C=C1C(=O)N)C2C(C(C(O2)COP(=O)(O)OP(=O)(O)OCC3C(C(C(O3)N4C=NC5=C(N=CN=C54)N)O)O)O)O,0.7075701760979364,0.5347554683685303,-1.1515365839004517,2.037679433822632
2394,A0A0H3LKL4_wild,C1=CC(=CC=C1C(=O)O)[O-],-1.1307682802690238,0.21799960732460022,-1.2963765859603882,1.205245852470398
2395,A0A0H3LKL4_Y225F,C1=CC(=O)NC=C1C(=O)O,0.7193312869837267,0.5692980289459229,-1.013959288597107,1.6960455179214478
2396,A0A0H3LKL4_Y225F,C1C=CN(C=C1C(=O)N)C2C(C(C(O2)COP(=O)(O)OP(=O)(O)OCC3C(C(C(O3)N4C=NC5=C(N=CN=C54)N)O)O)O)O,0.7193312869837267,0.5396132469177246,-1.1518363952636719,2.031179189682007
2397,P29251_wild,C1C(=NC2=C(N1)N=C(NC2=O)N)C(C(CO)O)O,0.25527250510330607,0.11513490974903107,-2.534895896911621,2.078615188598633
2398,Q9Z4N9_wild,C(C1C(C(C(C(O1)OC2C(OC(C(C2O)O)OC3C(OC(C(C3O)O)OC4C(OC(C(C4O)O)OC5C(OC(C(C5O)O)OC6C(OC(C(C6O)O)O)CO)CO)CO)CO)CO)O)O)O)O,3.0791812460476247,1.4981191158294678,0.13098683953285217,2.1139144897460938
2399,Q9Z4N9_wild,C(C1C(C(C(C(O1)OC2C(OC(C(C2O)O)OC3C(OC(C(C3O)O)OC4C(OC(C(C4O)O)OC5C(OC(C(C5O)O)OC6C(OC(C(C6O)O)OC7C(OC(C(C7O)O)O)CO)CO)CO)CO)CO)CO)O)O)O)O,3.03342375548695,1.5935266017913818,0.2303217500448227,2.109557628631592
2400,O24578_wild,C1=NC2=C(C(=O)N1)N=CN2C3C(C(C(O3)COP(=O)(O)O)O)O,0.4913616938342727,0.8723163604736328,-1.6673716306686401,2.1550490856170654
2401,O24578_wild,C1=NC2=C(N1C3C(C(C(O3)COP(=O)(O)OP(=O)(O)OP(=O)(O)O)O)O)N=C(NC2=O)N,0.4913616938342727,0.6198028922080994,-1.3823658227920532,1.6734291315078735
2402,O24578_wild,C(C(C(=O)O)N)C(=O)O,0.4913616938342727,0.7150520086288452,-0.7744098901748657,1.2653957605361938
2403,Q06278_wild,C1=CC=C(C=C1)C=O,-0.971971140682752,0.4243053197860718,-1.7050145864486694,1.6766009330749512
2404,Q06278_wild,C1=CC=C2C=NN=CC2=C1,-1.0299632388879607,0.013260867446660995,-1.9908971786499023,1.9449621438980103
2405,Q06278_wild,C1=CC=C2C(=C1)C=NC3=CC=CC=C23,-0.6917914909047179,0.2092549204826355,-1.7044042348861694,1.7738479375839233
2406,Q06278_R802C,C1=CC=C(C=C1)C=O,-1.053875397171326,0.4243053197860718,-1.7050145864486694,1.6766009330749512
2407,Q06278_R802C,C1=CC=C2C=NN=CC2=C1,-1.0621478900452108,0.013260867446660995,-1.9908971786499023,1.9449621438980103
2408,Q06278_R802C,C1=CC=C2C(=C1)C=NC3=CC=CC=C23,-0.7695510786217261,0.2092549204826355,-1.7044042348861694,1.7738479375839233
2409,Q06278_R921H,C1=CC=C(C=C1)C=O,-1.5477023800988412,0.37804102897644043,-1.7211841344833374,1.6310688257217407
2410,Q06278_R921H,C1=CC=C2C=NN=CC2=C1,-1.3979400086720375,-0.029417861253023148,-1.9907089471817017,1.9193060398101807
2411,Q06278_N1135S,C1=CC=C(C=C1)C=O,-0.9857597009804066,0.41958335041999817,-1.703671932220459,1.6696219444274902
2412,Q06278_N1135S,C1=CC=C2C=NN=CC2=C1,-0.9208187539523752,0.007963832467794418,-1.9905446767807007,1.9412422180175781
2413,Q06278_N1135S,C1=CC=C2C(=C1)C=NC3=CC=CC=C23,-0.2649336769595387,0.2059297412633896,-1.7050342559814453,1.7689601182937622
2414,Q06278_H1297R,C1=CC=C(C=C1)C=O,-0.971971140682752,0.4306612014770508,-1.7033953666687012,1.6772515773773193
2415,Q06278_H1297R,C1=CC=C2C=NN=CC2=C1,-1.0457574905606752,0.01799207553267479,-1.989733099937439,1.9446208477020264
2416,Q06278_H1297R,C1=CC=C2C(=C1)C=NC3=CC=CC=C23,-0.2798406965940431,0.21216276288032532,-1.702187180519104,1.7730553150177002
2417,Q9FPK5_K95A,C(CC(C(=O)O)N)CN,-0.13076828026902382,0.6148214340209961,-0.01669948175549507,0.7423991560935974
2418,Q9FPK5_C96A,C(CC(C(=O)O)N)CN,1.5149460053080044,0.7904318571090698,-0.06315778195858002,0.973299503326416
2419,Q9FPK5_C338A,C(CC(C(=O)O)N)CN,1.0228406108765278,0.8145327568054199,-0.06137751415371895,0.9890376329421997
2420,Q9FPK5_C377A,C(CC(C(=O)O)N)CN,0.5276299008713387,0.5954231023788452,0.011362697929143906,0.6986513137817383
2421,Q9FPK5_K95A,C(CCN)CC(C(=O)O)N,-1.080921907623926,0.2745075821876526,0.46084317564964294,0.2156410962343216
2422,Q9FPK5_C96A,C(CCN)CC(C(=O)O)N,-0.6840296545430823,0.46162617206573486,0.4283963143825531,0.4340468943119049
2423,Q9FPK5_C338A,C(CCN)CC(C(=O)O)N,-0.6903698325741012,0.48450177907943726,0.43192508816719055,0.4471396803855896
2424,Q46FL0_wild,C1=NC(=C2C(=N1)N(C=N2)C3C(C(C(O3)COP(=O)(O)OP(=O)(O)OP(=O)(O)O)O)O)N,-1.7648926693473674,0.03613589331507683,-1.2897840738296509,0.9274763464927673
2425,B1MCE2_wild,CCCCCCCC1=CC(=O)C2=CC=CC=C2N1O,0.3010299956639812,-0.3738066554069519,-1.6029019355773926,0.619604229927063
2426,P9WKL5_wild,CCCCCCCC1=CC(=O)C2=CC=CC=C2N1O,-0.09691001300805639,-0.10772804915904999,-1.8223415613174438,0.7740987539291382
2427,P0A6X1_wild,C1C=CN(C=C1C(=O)N)C2C(C(C(O2)COP(=O)(O)OP(=O)(O)OCC3C(C(C(O3)N4C=NC5=C(N=CN=C54)N)OP(=O)(O)O)O)O)O,-0.8239087409443188,0.21565061807632446,-0.9304319620132446,1.521019697189331
2428,A1BBM5_wild,C1C(CNC1C(=O)O)O,1.2041199826559248,0.6920102834701538,0.6916464567184448,0.6181906461715698
2429,A3QFI1_wild,C1C(CNC1C(=O)O)O,1.6989700043360187,0.2775643467903137,0.7483481168746948,0.3984184265136719
2430,A9AQW9_wild,C1C(CNC1C(=O)O)O,0.7481880270062004,-0.13296175003051758,0.9220355749130249,0.18700197339057922
2431,A6WXX7_wild,C1CNC(C1O)C(=O)O,0.38021124171160603,0.9503920078277588,0.7060900926589966,0.5806746482849121
2432,A6WXX7_wild,C1C(CNC1C(=O)O)O,1.9493900066449128,0.4872710704803467,0.6953999400138855,0.49375516176223755
2433,D2AV87_wild,C1C(CNC1C(=O)O)O,1.146128035678238,-0.05505269765853882,0.6627822518348694,0.19111919403076172
2434,Q9SG80_wild,C1C(C(C(C(O1)OC2=CC=C(C=C2)[N+](=O)[O-])O)O)O,-0.060480747381381476,1.5380685329437256,0.02444392442703247,1.163109302520752
2435,Q9ATV8_wild,C1=CC(=CC=C1[N+](=O)[O-])OC2C(C(C(O2)CO)O)O,1.1760912590556813,1.3449409008026123,-0.16794762015342712,0.9753841161727905
2436,O43175_wild,C(C(C(=O)O)O)OP(=O)(O)O,-1.1249387366083,0.681330144405365,-0.6052911281585693,0.7370913624763489
2437,Q7ZA32_wild,C1C(C(C(C(O1)(CO)O)O)O)O,1.7242758696007892,1.8621973991394043,1.2068066596984863,0.5039440393447876
2438,Q7ZA32_wild,C1C(C(C(C(O1)O)O)O)O,1.4771212547196624,2.0867087841033936,0.698339581489563,0.9499826431274414
2439,Q7ZA32_wild,C(C1C(C(C(C(=O)O1)O)O)O)O,1.5314789170422551,1.8303334712982178,0.5096810460090637,0.8976192474365234
2440,Q7ZA32_wild,C(C1C(C(C(C(O1)OCC(C(C(C(C=O)O)O)O)O)O)O)O)O,1.0791812460476249,1.7600150108337402,1.2915230989456177,0.2587135136127472
2441,Q7ZA32_wild,C(C(C(C(C(C(C=O)O)O)O)O)O)O,0.6434526764861874,1.7845975160598755,1.0044825077056885,0.4345313310623169
2442,Q7ZA32_wild,C(C1C(C(C(C(O1)OCC2C(C(C(C(O2)O)O)O)O)O)O)O)O,0.6627578316815741,1.6004810333251953,1.099420428276062,0.4077315032482147
2443,Q7ZA32_wild,O=O,1.8512583487190752,1.484104871749878,-0.6865766644477844,2.2012152671813965
2444,Q7ZA32_wild,CC1=CC(=O)C=CC1=O,2.361727836017593,1.3094100952148438,-0.8092503547668457,1.535200595855713
2445,Q7ZA32_wild,CC1=CC(=O)C=C(C1=O)C,2.322219294733919,1.428863763809204,-0.6980559825897217,1.695918083190918
2446,Q7ZA32_wild,C1(=C(C(=O)C(=C(C1=O)F)F)F)F,2.806179973983887,1.3873894214630127,-0.3842840790748596,1.4344528913497925
2447,Q7ZA32_wild,C1(=C(C(=O)C(=C(C1=O)Cl)Cl)Cl)Cl,2.8750612633917,1.2097654342651367,-0.9223358631134033,1.7072579860687256
2448,Q7ZA32_wild,C1(=C(C(=O)C(=C(C1=O)Br)Br)Br)Br,2.4471580313422194,1.532362699508667,-0.7462179064750671,1.7240734100341797
2449,Q7ZA32_wild,C1=CC(=O)C=CC1=NC2=CC(=C(C(=C2)Cl)O)Cl,2.1760912590556813,1.3469462394714355,-1.2229951620101929,1.8204904794692993
2450,O25711_wild,C1=NC(=C2C(=N1)N(C=N2)C3C(C(C(O3)COP(=O)(O)OP(=O)(O)OP(=O)(O)O)O)O)N,-0.8096683018297085,-0.5445359945297241,-0.5523703098297119,0.1999417543411255
2451,O25711_wild,C1=NC2=C(N1C3C(C(C(O3)COP(=O)(O)OP(=O)(O)OP(=O)(O)O)O)O)N=C(NC2=O)N,-2.0222763947111524,-0.7618266344070435,-0.4615330100059509,0.018658697605133057
2452,Q8GAK7_wild,C1=CC(=C[N+](=C1)C2C(C(C(O2)COP(=O)([O-])OP(=O)(O)OCC3C(C(C(O3)N4C=NC5=C(N=CN=C54)N)O)O)O)O)C(=O)N,0.4913616938342727,0.9447540044784546,0.01387762650847435,1.1870681047439575
2453,P08310_wild,C(=CC(=O)[O-])C=CC(=O)[O-],2.322219294733919,0.6899291276931763,-1.199328064918518,2.003265380859375
2454,P08310_wild,C(=CC(=O)[O-])C=C(C(=O)[O-])Cl,-0.08795515262882497,0.31812095642089844,-1.248608112335205,1.529471516609192
2455,P08310_wild,C(=CC(=O)[O-])C(=CC(=O)[O-])Cl,0.02802885931724794,0.37866681814193726,-1.0482882261276245,1.4357284307479858
2456,P08310_wild,C(=C(C=C(C(=O)O)Cl)Cl)C(=O)O,-1.2596373105057561,0.3502468466758728,-1.5504319667816162,1.2568364143371582
2457,P08310_wild,C(=CC(=O)O)C(=CC(=O)O)F,2.1712386586669927,0.7433264851570129,-1.0180881023406982,1.6324427127838135
2458,P08310_wild,CC(=CC=CC(=O)[O-])C(=O)[O-],1.8129133566428557,0.24190932512283325,-1.292773723602295,1.7340344190597534
2459,P08310_wild,CC(=CC(=O)O)C=CC(=O)O,0.9927007465366535,0.34155702590942383,-1.62612783908844,1.7277119159698486
2460,P04798_wild,CC(=O)NCCC1=CNC2=C1C=C(C=C2)OC,-0.9679185979320843,-0.6124981641769409,-1.277464747428894,0.5450656414031982
2461,P05177_wild,CC(=O)NCCC1=CNC2=C1C=C(C=C2)OC,-0.7528453031765261,-0.6474795937538147,-1.1287177801132202,0.37922900915145874
2462,P05177_wild,CCOC1=CC2=C(C=C1)N=C3C=CC(=O)C=C3O2,-1.7328282715969863,-0.535936713218689,-1.9723178148269653,0.7918004989624023
2463,P05177_wild,CCOC1=CC=C(C=C1)NC(=O)C,-0.792275982805524,-0.14822594821453094,-1.5357991456985474,0.2301463484764099
2464,P05177_wild,CC1=CN=C2C=CC3=C(C2=N1)N=C(N3C)N,-1.0457574905606752,-0.8252285122871399,-1.7051842212677002,0.5979704260826111
2465,P05177_D348N,CC1=CN=C2C=CC3=C(C2=N1)N=C(N3C)N,-0.8239087409443188,-0.8438303470611572,-1.6896188259124756,0.5839188098907471
2466,P05177_I386F,CC1=CN=C2C=CC3=C(C2=N1)N=C(N3C)N,-0.5228787452803376,-0.8275746703147888,-1.6963562965393066,0.5904296636581421
2467,P05177_C406Y,CC1=CN=C2C=CC3=C(C2=N1)N=C(N3C)N,-0.8973375438148458,-0.8118486404418945,-1.7124463319778442,0.6089843511581421
2468,P05177_wild,CN1C2=C(C3=C(C=C2)N=CC=C3)N=C1N,-1.014723241845035,-0.33940941095352173,-1.4883778095245361,0.6474996209144592
2469,P05177_D348N,CN1C2=C(C3=C(C=C2)N=CC=C3)N=C1N,-0.7136933360350906,-0.3619233965873718,-1.4774705171585083,0.6326839327812195
2470,P05177_I386F,CN1C2=C(C3=C(C=C2)N=CC=C3)N=C1N,-1.315753282436032,-0.34387773275375366,-1.4792563915252686,0.6338034272193909
2471,P05177_C406Y,CN1C2=C(C3=C(C=C2)N=CC=C3)N=C1N,-0.8590732626568551,-0.33023202419281006,-1.495186448097229,0.6615753173828125
2472,P05177_wild,CN1C2=C(N=CC(=C2)C3=CC=CC=C3)N=C1N,-0.7367586441880588,0.03430985286831856,-1.4435540437698364,0.5510910749435425
2473,P05177_D348N,CN1C2=C(N=CC(=C2)C3=CC=CC=C3)N=C1N,-0.3157532824360321,0.012791883200407028,-1.4312942028045654,0.5384755730628967
2474,P05177_I386F,CN1C2=C(N=CC(=C2)C3=CC=CC=C3)N=C1N,-0.4771212981491128,0.027982380241155624,-1.4295156002044678,0.5384716391563416
2475,P05177_C406Y,CN1C2=C(N=CC(=C2)C3=CC=CC=C3)N=C1N,-0.36317793582009483,0.04755715653300285,-1.4481616020202637,0.5648944973945618
2476,P05177_wild,CC1=CC=CN2C1=NC3=C2N=C(C=C3)N,-1.0791812634194045,-0.2588810324668884,-1.5655598640441895,0.6386880278587341
2477,P05177_D348N,CC1=CC=CN2C1=NC3=C2N=C(C=C3)N,-0.6642078312622763,-0.27843740582466125,-1.556576132774353,0.6292835474014282
2478,P05177_I386F,CC1=CC=CN2C1=NC3=C2N=C(C=C3)N,-0.6320232767474789,-0.25928986072540283,-1.5551902055740356,0.6308807134628296
2479,P05177_C406Y,CC1=CC=CN2C1=NC3=C2N=C(C=C3)N,-0.6642078312622763,-0.24566707015037537,-1.5735865831375122,0.6510530710220337
2480,P05177_D348N,CCOC1=CC=C(C=C1)NC(=O)C,-1.8239087409443189,-0.17140309512615204,-1.5493210554122925,0.2347189486026764
2481,P05177_I386F,CCOC1=CC=C(C=C1)NC(=O)C,-1.3631779358200948,-0.1497763991355896,-1.5263205766677856,0.22221708297729492
2482,P05177_C406Y,CCOC1=CC=C(C=C1)NC(=O)C,-1.6989700043360187,-0.13479828834533691,-1.534570574760437,0.24210186302661896
2483,P04798_wild,CCCCCC=CCC=CCC=CCC=CCCCC(=O)O,-0.7136933360350906,-0.059292104095220566,-1.819553017616272,0.8328361511230469
2484,P05177_wild,CCCCCC=CCC=CCC=CCC=CCCCC(=O)O,-0.9089196480295703,-0.1561145931482315,-1.748563528060913,0.7792843580245972
2485,P43876_wild,C1=CC(=C[N+](=C1)C2C(C(C(O2)COP(=O)(O)OP(=O)(O)OCC3C(C(C(O3)N4C=NC5=C(N=CN=C54)N)OP(=O)(O)O)O)O)O)C(=O)N,-0.6989700043360187,1.1066505908966064,-0.6258792281150818,2.2112984657287598
2486,P43876_wild,C1C(C(C(C=C1C(=O)O)O)O)O,-0.6989700043360187,2.0038082599639893,-0.7039501070976257,2.060145378112793
2487,P15770_wild,C1=CC(=C[N+](=C1)C2C(C(C(O2)COP(=O)(O)OP(=O)(O)OCC3C(C(C(O3)N4C=NC5=C(N=CN=C54)N)OP(=O)(O)O)O)O)O)C(=O)N,2.3741371551676456,1.134573221206665,-0.7408746480941772,2.2762389183044434
2488,Q7X9T1_wild,C(C1C(C(C(C(O1)OC2C(OC(C(C2O)O)OC3C(OC(C(C3O)O)O)CO)CO)O)O)O)O,1.8561244442423004,1.213966965675354,0.5136294364929199,0.9938465356826782
2489,Q48502_wild,C(C1C(C(C(C(O1)OC2C(OC(C(C2O)O)OCC3C(C(C(C(O3)OC4C(OC(C(C4O)O)O)CO)O)O)OC5C(C(C(C(O5)CO)O)O)O)CO)O)O)O)O,3.113943352306837,2.709094762802124,-2.862164258956909,4.966454029083252
2490,Q48502_wild,C(C1C(C(C(C(O1)OC2C(OC(C(C2O)O)OC3C(OC(C(C3O)O)O)CO)CO)O)O)O)O,3.255272505103306,2.624298572540283,-2.8034658432006836,4.774115562438965
2491,O06915_wild,C(C1C(C(C(C(O1)OC2C(OC(C(C2O)O)OCC3C(C(C(C(O3)OC4C(OC(C(C4O)O)O)CO)O)O)OC5C(C(C(C(O5)CO)O)O)O)CO)O)O)O)O,2.278753600952829,2.552650213241577,-2.7874746322631836,4.64176082611084
2492,O06915_wild,C(C1C(C(C(C(O1)OC2C(OC(C(C2O)O)OC3C(OC(C(C3O)O)O)CO)CO)O)O)O)O,2.8488047010518036,2.497945547103882,-2.75710129737854,4.457874298095703
2493,Q9XCV8_wild,C(C1C(C(C(C(O1)OC2C(OC(C(C2O)O)OC3C(OC(C(C3O)O)O)CO)CO)O)O)O)O,2.3521825181113627,2.2160565853118896,-2.509326934814453,4.019585132598877
2494,P08659_wild,C1=CN(C(=O)N=C1N)C2C(C(C(O2)COP(=O)(O)OP(=O)(O)OP(=O)(O)O)O)O,-1.315753282436032,0.588246762752533,-0.6119529008865356,0.9105955362319946
2495,P37666_wild,C(C(=O)C(=O)[O-])O,1.8603380065709938,1.5476652383804321,0.1273288130760193,1.68983793258667
2496,P50440_wild,C(CC(C(=O)O)N)CN=C(N)N,-0.46852108295774486,1.0695672035217285,-0.22269120812416077,0.13337433338165283
2497,P50440_wild,C(C(=O)O)N,-0.46852108295774486,1.3507453203201294,0.3497147858142853,0.6145122051239014
2498,P50440_C410A,C(C(=O)O)N,-0.46852108295774486,1.3604862689971924,0.35880473256111145,0.6268616914749146
2499,P50440_C410A,C(CC(C(=O)O)N)CN=C(N)N,-0.46852108295774486,1.082688808441162,-0.2101147621870041,0.14372676610946655
2500,Q59931_wild,C(C(C=O)O)OP(=O)(O)O,1.8325089127062364,0.7040092945098877,-0.723821222782135,1.2078701257705688
2501,Q9Y3R4_wild,CC1=CC(=O)OC2=C1C=CC(=C2)OC3(CC(C(C(O3)C(C(CO)O)O)NC(=O)C)O)C(=O)O,1.3602146132953523,-0.8779710531234741,-0.9599151015281677,0.04701995849609375
2502,A0R2W9_wild,CC1=C(N2C(=C(C(=O)N2C1=O)C)CSCC(C(=O)NC3C(C(C(OC3OC4C(C(C(C(C4O)O)O)O)O)CO)O)O)NC(=O)C)C,0.9030899869919435,-0.0738939493894577,1.3197332620620728,-1.070828914642334
2503,Q5PSP8_wild,C(C1C(C(C(C(O1)OCC2C(C(C(C(O2)O)O)O)OC3C(C(C(C(O3)CO)O)O)O)O)O)O)O,1.7867514221455612,1.305514931678772,0.9171195030212402,1.441669225692749
2504,Q5PSP8_wild,C(C1C(C(C(C(O1)OC2C(OC(C(C2O)O)OC3C(OC(C(C3O)O)OC4C(OC(C(C4O)O)O)CO)CO)CO)O)O)O)O,1.875736326959332,1.393921136856079,0.737098217010498,1.6387288570404053
2505,Q5PSP8_wild,C(C1C(C(C(C(O1)OC2C(OC(C(C2O)O)OC3C(OC(C(C3O)O)OC4C(OC(C(C4O)O)OC5C(OC(C(C5O)O)OC6C(OC(C(C6O)O)OC7C(OC(C(C7O)O)OC8C(OC(C(C8O)O)OC9C(OC(C(C9O)O)OC1C(OC(C(C1O)O)O)CO)CO)CO)CO)CO)CO)CO)CO)CO)O)O)O)O,1.0466250820635947,1.797347068786621,0.9445570707321167,1.9303057193756104
2506,P08037_R228K,CC(=O)NC(C=O)C(C(C(CO)O)O)O,-0.017728766960431606,0.21927639842033386,-0.00027612224221229553,0.42467209696769714
2507,P08037_R228K,C1=CN(C(=O)NC1=O)C2C(C(C(O2)COP(=O)(O)OP(=O)(O)OC3C(C(C(C(O3)CO)O)O)O)O)O,-0.017728766960431606,0.13131576776504517,-1.1912599802017212,0.9440192580223083
2508,P08037_wild,C1=CN(C(=O)NC1=O)C2C(C(C(O2)COP(=O)(O)OP(=O)(O)OC3C(C(C(C(O3)CO)O)O)O)O)O,-0.6073030467403343,0.15053102374076843,-1.216333031654358,0.9464288949966431
2509,P08037_wild,CC(=O)NC(C=O)C(C(C(CO)O)O)O,-0.6073030467403343,0.23124030232429504,-0.015543777495622635,0.42682817578315735
2510,P20932_G81S,C1=CC=C(C=C1)C(C(=O)[O-])O,0.4471580313422192,-0.1067579835653305,0.306173175573349,0.4835716485977173
2511,P20932_G81V,C1=CC=C(C=C1)C(C(=O)[O-])O,-1.3010299956639813,-0.16238871216773987,0.30027836561203003,0.4451143145561218
2512,P20932_G81D,C1=CC=C(C=C1)C(C(=O)[O-])O,-0.958607314841775,-0.27661535143852234,0.3809729516506195,0.2744017541408539
2513,P20932_wild,O=O,0.07918124604762482,0.06292925775051117,-0.7643243074417114,1.157017707824707
2514,P20932_G81A,O=O,0.5314789170422551,0.04981748387217522,-0.7605076432228088,1.14937162399292
2515,P20932_G81S,O=O,-0.21467016498923297,0.023113545030355453,-0.7416936159133911,1.1200292110443115
2516,P20932_G81V,O=O,-1.154901959985743,-0.017458710819482803,-0.7635824680328369,1.097640037536621
2517,P20932_G81D,O=O,-1.3010299956639813,-0.11830411851406097,-0.6789091229438782,0.9644969701766968
2518,P20932_wild,C1=CC=C2C(=C1)C(=CN2)CC(C(=O)O)O,0.0,-0.047434065490961075,-0.123122438788414,0.7269272804260254
2519,P20932_wild,CC(C)CC(C(=O)O)O,-0.09691001300805639,0.08831113576889038,0.38541296124458313,0.25663983821868896
2520,P20932_wild,CCCCC(C(=O)O)O,-0.46852108295774486,0.09039880335330963,0.21697890758514404,0.24370083212852478
2521,P20932_wild,CCCC(C(=O)[O-])O,-0.44369749923271273,0.07991139590740204,0.4820950925350189,0.09634652733802795
2522,P20932_wild,CCC(C(=O)O)O,-1.0,0.01986701413989067,0.46494418382644653,0.05713987350463867
2523,P20932_G81A,C1=CC=C2C(=C1)C(=CN2)CC(C(=O)O)O,-0.5686362358410126,-0.06258682906627655,-0.11417597532272339,0.7232890129089355
2524,P20932_G81A,CC(C)CC(C(=O)O)O,-0.31875876262441283,0.07970599830150604,0.3980531692504883,0.2465299516916275
2525,P20932_G81A,CCCCC(C(=O)O)O,-0.721246399047171,0.08179973065853119,0.22168606519699097,0.23291394114494324
2526,P20932_G81A,CCCC(C(=O)[O-])O,-0.5686362358410126,0.08365949988365173,0.48478880524635315,0.08558139204978943
2527,P20932_G81A,CCC(C(=O)O)O,-0.431798275933005,0.010687198489904404,0.4719397723674774,0.050697654485702515
2528,P20932_R165K,C1=CC=C(C=C1)C(C(=O)[O-])O,2.0791812460476247,-0.09927362203598022,0.2889234721660614,0.5013128519058228
2529,P20932_R165G,C1=CC=C(C=C1)C(C(=O)[O-])O,1.1205739312058498,-0.1087891161441803,0.3199264109134674,0.42998743057250977
2530,P20932_R165E,C1=CC=C(C=C1)C(C(=O)[O-])O,0.6434526764861874,-0.14934873580932617,0.3376835584640503,0.37288525700569153
2531,P20932_R165M,C1=CC=C(C=C1)C(C(=O)[O-])O,1.2648178230095364,-0.1062449961900711,0.2870630919933319,0.46210718154907227
2532,P20932_R165K/R277K,C1=CC=C(C=C1)C(C(=O)[O-])O,0.04139268515822508,-0.14093025028705597,0.3063632547855377,0.4401343762874603
2533,P20932_R165G/R277K,C1=CC=C(C=C1)C(C(=O)[O-])O,-1.3979400086720375,-0.14335955679416656,0.33346354961395264,0.3773314654827118
2534,P20932_R165K/R277G,C1=CC=C(C=C1)C(C(=O)[O-])O,-0.27572413039921095,-0.18700234591960907,0.3269577920436859,0.36748555302619934
2535,P20932_wild,COC(=O)C(C1=CC=CC=C1)O,2.1789769472931693,0.2767486572265625,0.3201521635055542,0.4256288707256317
2536,P20932_R277G,COC(=O)C(C1=CC=CC=C1)O,1.0,0.19622835516929626,0.3323250710964203,0.31577032804489136
2537,P20932_R277K,COC(=O)C(C1=CC=CC=C1)O,0.36172783601759284,0.2559434175491333,0.3313234746456146,0.3651808798313141
2538,P25114_wild,C(C1C(C(C(O1)(CO)O)O)O)OP(=O)(O)O,-1.0362121726544449,1.0156937837600708,-0.9188865423202515,-0.3369099199771881
2539,P25114_wild,C1=NC(=C2C(=N1)N(C=N2)C3C(C(C(O3)COP(=O)(O)OP(=O)(O)OP(=O)(O)O)O)O)N,-1.0362121726544449,0.811316967010498,-1.1212133169174194,0.34190744161605835
2540,P25114_R79H,C(C1C(C(C(O1)(CO)O)O)O)OP(=O)(O)O,-1.9208187539523751,0.9119376540184021,-0.9084556102752686,-0.4318043291568756
2541,P25114_R79H,C1=NC(=C2C(=N1)N(C=N2)C3C(C(C(O3)COP(=O)(O)OP(=O)(O)OP(=O)(O)O)O)O)N,-1.9208187539523751,0.6842308044433594,-1.1010345220565796,0.2476266622543335
2542,P25114_R79L,C(C1C(C(C(O1)(CO)O)O)O)OP(=O)(O)O,-2.136677139879544,0.9371588230133057,-0.9178763628005981,-0.38525906205177307
2543,P25114_R79L,C1=NC(=C2C(=N1)N(C=N2)C3C(C(C(O3)COP(=O)(O)OP(=O)(O)OP(=O)(O)O)O)O)N,-2.136677139879544,0.7260388135910034,-1.1072779893875122,0.29196256399154663
2544,P25114_R193H,C(C1C(C(C(O1)(CO)O)O)O)OP(=O)(O)O,-2.744727494896694,1.0179182291030884,-0.9283570051193237,-0.33013916015625
2545,P25114_R193H,C1=NC(=C2C(=N1)N(C=N2)C3C(C(C(O3)COP(=O)(O)OP(=O)(O)OP(=O)(O)O)O)O)N,-2.744727494896694,0.8060867786407471,-1.1295047998428345,0.34616148471832275
2546,P25114_R193L,C(C1C(C(C(O1)(CO)O)O)O)OP(=O)(O)O,-2.0,1.0195099115371704,-0.9365053772926331,-0.3232184946537018
2547,P25114_R193L,C1=NC(=C2C(=N1)N(C=N2)C3C(C(C(O3)COP(=O)(O)OP(=O)(O)OP(=O)(O)O)O)O)N,-2.0,0.7965993881225586,-1.1260384321212769,0.3439047932624817
2548,Q16875_wild,C1=NC(=C2C(=N1)N(C=N2)C3C(C(C(O3)COP(=O)(O)OP(=O)(O)OP(=O)(O)O)O)O)N,-0.8538719643217619,0.3917732238769531,-0.8725475072860718,0.18543732166290283
2549,O60825_wild,C(C(C(C(C(=O)CO)O)O)O)OP(=O)(O)O,-0.7695510786217261,0.9366053342819214,-0.9398713111877441,0.03053039312362671
2550,O60825_wild,C1=NC(=C2C(=N1)N(C=N2)C3C(C(C(O3)COP(=O)(O)OP(=O)(O)OP(=O)(O)O)O)O)N,-0.7695510786217261,0.7218924760818481,-1.1857496500015259,0.523411750793457
2551,O60825_Y428A,C1=NC(=C2C(=N1)N(C=N2)C3C(C(C(O3)COP(=O)(O)OP(=O)(O)OP(=O)(O)O)O)O)N,0.17609125905568124,0.7226956486701965,-1.1637834310531616,0.5275304317474365
2552,O60825_Y428A,C(C(C(C(C(=O)CO)O)O)O)OP(=O)(O)O,0.17609125905568124,0.9287152886390686,-0.9155170917510986,0.02839013934135437
2553,P00935_wild,C(C(C(=O)O)N)S,2.0827853703164503,0.14315883815288544,-0.3197571635246277,0.3515063226222992
2554,P00935_wild,C(COC(=O)CCC(=O)O)C(C(=O)O)N,2.220108088040055,0.8404766321182251,-0.34657028317451477,0.6655594706535339
2555,P55217_wild,C(COP(=O)(O)O)C(C(=O)O)N,1.4771212547196624,0.24537789821624756,-0.6758261322975159,0.8125369548797607
2556,P55217_wild,C(C(C(=O)O)N)S,1.4771212547196624,0.17492488026618958,-0.8279736042022705,0.8744114637374878
2557,Q06174_wild,CCCCCC(=O)OC1=CC=C(C=C1)[N+](=O)[O-],1.5797835966168101,0.7449440360069275,-0.9239559173583984,1.1433029174804688
2558,P19515_wild,CC(=O)OCC(COC(=O)C)OC(=O)C,1.0,2.1495602130889893,1.8154122829437256,0.9994701147079468
2559,Q05469_wild,CCC(=O)OCC(COC(=O)CC)OC(=O)CC,0.8450980400142568,0.5191977024078369,-1.122754693031311,1.2651827335357666
2560,P19515_wild,CCC(=O)OCC(COC(=O)CC)OC(=O)CC,2.3010299956639813,2.554670810699463,1.1151360273361206,1.7187836170196533
2561,Q05469_wild,CCCC(=O)OCC(COC(=O)CCC)OC(=O)CCC,1.255272505103306,0.47606360912323,-1.6485668420791626,1.6717225313186646
2562,P19515_wild,CCCC(=O)OCC(COC(=O)CCC)OC(=O)CCC,3.03342375548695,2.66684889793396,0.44779717922210693,2.4232778549194336
2563,Q05469_wild,CC(=O)OC=C,2.146128035678238,0.6582620143890381,-0.5172966718673706,0.8931833505630493
2564,P19515_wild,CC(=O)OC=C,2.9777236052888476,2.346874952316284,1.657610297203064,1.197278618812561
2565,Q05469_wild,CCC(=O)OC=C,2.0211892990699383,0.621345043182373,-0.23972979187965393,0.8657219409942627
2566,P19515_wild,CCC(=O)OC=C,3.565257343420214,2.5322630405426025,1.8472810983657837,1.3484529256820679
2567,Q05469_wild,CCCC(=O)OC=C,2.322219294733919,0.7086139917373657,-0.44199445843696594,1.016585111618042
2568,P19515_wild,CCCC(=O)OC=C,3.7315887651867388,2.478442430496216,1.5352534055709839,1.6642155647277832
2569,Q05469_wild,CCCCCCCCCCCC(=O)OC=C,1.4913616938342726,-0.06782108545303345,-1.8082773685455322,1.5361580848693848
2570,P19515_wild,CCCCCCCCCCCC(=O)OC=C,3.7323937598229686,1.8996453285217285,0.08823956549167633,1.9896106719970703
2571,Q05469_wild,CCCC(=O)OC1=CC=C(C=C1)[N+](=O)[O-],2.278753600952829,0.23277974128723145,-1.427282452583313,1.8431928157806396
2572,P19515_wild,CCCC(=O)OC1=CC=C(C=C1)[N+](=O)[O-],2.6232492903979003,2.1162853240966797,0.21229402720928192,2.2407491207122803
2573,Q8U088_wild,C1=CC=C(C(=C1)C(=O)O)NCC(=O)C(C(COP(=O)(O)O)O)O,0.9242792860618817,-0.09385675191879272,-2.5842134952545166,1.8868768215179443
2574,P56965_wild,CN(C)C(=NCCCC(C(=O)O)N)N,-0.46852108295774486,0.3592187762260437,-0.3726535141468048,-0.2486501932144165
2575,P56965_wild,CN=C(N)NCCCC(C(=O)O)N,-0.5686362358410126,0.5764175653457642,-0.4431819021701813,-0.22977381944656372
2576,P37095_wild,C(C(C(=O)NCC(=O)O)N)S,2.25123244612502,2.0436651706695557,0.2762269377708435,1.74336838722229
2577,P37095_wild,CC(C)CC(C(=O)NCC(=O)O)N,2.0433622780211294,2.3586461544036865,0.2818249464035034,1.777707576751709
2578,E4PMA5_wild,C(C1C(C(C(C(O1)OP(=O)(O)O)O)O)O)O,1.5563025007672873,0.9105101227760315,0.7847146987915039,0.4588412940502167
2579,Q96EK6_wild,CC(=O)SCCNC(=O)CCNC(=O)C(C(C)(C)COP(=O)(O)OP(=O)(O)OCC1C(C(C(O1)N2C=NC3=C(N=CN=C32)N)O)OP(=O)(O)O)O,0.9542425094393249,0.14123857021331787,-1.215490460395813,1.867380976676941
2580,D9TT09_wild,C(C1C(C(C(C(O1)OC2(C(C(C(O2)CO)O)O)CO)O)O)O)O,1.8208579894397,1.620941400527954,1.6967177391052246,0.5765448808670044
2581,D9TT09_wild,C(C1C(C(C(O1)(CO)OC2C(C(C(C(O2)COP(=O)(O)O)O)O)O)O)O)O,1.9169800473203822,1.318558692932129,1.0490938425064087,0.7308708429336548
2582,D9TT09_wild,[O-]P(=O)([O-])[O-],1.7730546933642626,1.3403478860855103,1.1532655954360962,0.7425713539123535
2583,D9TT09_wild,C(C1C(C(C(C(O1)OP(=O)(O)O)O)O)O)O,1.1583624920952498,1.062954306602478,0.8210543394088745,0.6505515575408936
2584,D9TT09_wild,C1C(C(C(C(O1)(CO)O)O)O)O,1.2278867046136734,1.5380094051361084,1.9604977369308472,0.29089251160621643
2585,D9TT09_wild,C(C1C(C(C(O1)(CO)O)O)O)OP(=O)(O)O,1.3838153659804313,1.2215471267700195,0.8042882084846497,0.582515299320221
2586,P0A9D8_wild,C1CC(N=C(C1)C(=O)O)C(=O)O,1.6368220641799052,1.361730694770813,-1.3673394918441772,2.110602378845215
2587,P0A9D8_wild,CC(C)(COP(=O)(O)OP(=O)(O)OCC1C(C(C(O1)N2C=NC3=C(N=CN=C32)N)O)OP(=O)(O)O)C(C(=O)NCCC(=O)NCCSC(=O)CCC(=O)O)O,1.6368220641799052,1.3581123352050781,-1.0326007604599,2.268684148788452
2588,P0A6D3_wild,C1C(C(C(C=C1C(=O)O)OP(=O)(O)O)O)O,1.505149978319906,0.680090069770813,-1.0583842992782593,1.4279921054840088
2589,P0A6D3_wild,[O-]P(=O)([O-])[O-],1.505149978319906,0.6755244135856628,-0.08804169297218323,1.1447017192840576
2590,P0A6D3_K22R,C1C(C(C(C=C1C(=O)O)OP(=O)(O)O)O)O,0.47712125471966244,0.6135669946670532,-1.023377776145935,1.3455853462219238
2591,P0A6D3_D313A,C1C(C(C(C=C1C(=O)O)OP(=O)(O)O)O)O,-2.9208187539523753,0.43920519948005676,-0.9536784291267395,1.1298141479492188
2592,P0A6D3_D313N,C1C(C(C(C=C1C(=O)O)OP(=O)(O)O)O)O,-2.744727494896694,0.4378463923931122,-0.9344930648803711,1.1169936656951904
2593,P0A6D3_D313L,C=C(C(=O)O)OP(=O)(O)O,-2.958607314841775,0.5377821326255798,-0.6206924915313721,1.3831212520599365
2594,P0A6D3_D313L,C1C(C(C(C=C1C(=O)O)OP(=O)(O)O)O)O,-2.958607314841775,0.568280816078186,-1.0080664157867432,1.2915897369384766
2595,P0A6D3_D313C,C1C(C(C(C=C1C(=O)O)OP(=O)(O)O)O)O,-1.585026652029182,0.5413678288459778,-0.9973666071891785,1.2744736671447754
2596,P0A6D3_E341A,C1C(C(C(C=C1C(=O)O)OP(=O)(O)O)O)O,-3.3767507096020997,0.3382795751094818,-0.9065884351730347,0.9746589660644531
2597,P0A6D3_E341Q,C=C(C(=O)O)OP(=O)(O)O,-3.958607314841775,0.38061273097991943,-0.5415177941322327,1.2106437683105469
2598,P0A6D3_E341Q,C1C(C(C(C=C1C(=O)O)OP(=O)(O)O)O)O,-3.958607314841775,0.42943698167800903,-0.9401053190231323,1.1016180515289307
2599,P0A6D3_E341C,C1C(C(C(C=C1C(=O)O)OP(=O)(O)O)O)O,-2.4436974992327127,0.50423663854599,-0.9572793245315552,1.1879594326019287
2600,P0A6D3_E341M,C1C(C(C(C=C1C(=O)O)OP(=O)(O)O)O)O,-2.7695510786217263,0.4222501814365387,-0.9180874824523926,1.0823980569839478
2601,P0A6D3_H385A,C1C(C(C(C=C1C(=O)O)OP(=O)(O)O)O)O,-0.38721614328026455,0.4172993302345276,-0.8497302532196045,0.9902307391166687
2602,Q9WYN2_H53A,CC1=CN(C(=O)NC1=O)C2CC(C(O2)CO)O,-0.2924298239020636,0.17471227049827576,-2.7918498516082764,2.070417881011963
2603,Q9WYN2_V34W,CC1=CN(C(=O)NC1=O)C2CC(C(O2)CO)O,-0.22914798835785583,0.19454684853553772,-2.8600358963012695,2.120518207550049
2604,Q9WYN2_V51W,CC1=CN(C(=O)NC1=O)C2CC(C(O2)CO)O,-0.6020599913279624,0.1032174825668335,-2.7787091732025146,2.015777349472046
2605,Q9WYN2_G55W,CC1=CN(C(=O)NC1=O)C2CC(C(O2)CO)O,-0.2076083105017461,0.0879526436328888,-2.813734292984009,2.0302345752716064
2606,Q9WYN2_V58W,CC1=CN(C(=O)NC1=O)C2CC(C(O2)CO)O,-0.3279021420642826,0.0895412266254425,-2.8267838954925537,2.0898590087890625
2607,Q9WYN2_L129W,CC1=CN(C(=O)NC1=O)C2CC(C(O2)CO)O,0.28103336724772754,0.09813463687896729,-2.7922823429107666,2.079296827316284
2608,Q9WYN2_H53A,C1=NC(=C2C(=N1)N(C=N2)C3C(C(C(O3)COP(=O)(O)OP(=O)(O)OP(=O)(O)O)O)O)N,-0.28399665636520083,-0.11864843964576721,-1.7075666189193726,1.4000452756881714
2609,Q9WYN2_V34W,C1=NC(=C2C(=N1)N(C=N2)C3C(C(C(O3)COP(=O)(O)OP(=O)(O)OP(=O)(O)O)O)O)N,-0.45593195564972444,-0.13939864933490753,-1.7735804319381714,1.45139741897583
2610,Q9WYN2_V51W,C1=NC(=C2C(=N1)N(C=N2)C3C(C(C(O3)COP(=O)(O)OP(=O)(O)OP(=O)(O)O)O)O)N,-0.6989700043360187,-0.25946542620658875,-1.736840009689331,1.320088505744934
2611,Q9WYN2_G55W,C1=NC(=C2C(=N1)N(C=N2)C3C(C(C(O3)COP(=O)(O)OP(=O)(O)OP(=O)(O)O)O)O)N,-0.3467874862246563,-0.2749658226966858,-1.7600367069244385,1.2991869449615479
2612,Q9WYN2_V58W,C1=NC(=C2C(=N1)N(C=N2)C3C(C(C(O3)COP(=O)(O)OP(=O)(O)OP(=O)(O)O)O)O)N,-0.42021640338318983,-0.2580460011959076,-1.7436954975128174,1.3765537738800049
2613,Q9WYN2_L129W,C1=NC(=C2C(=N1)N(C=N2)C3C(C(C(O3)COP(=O)(O)OP(=O)(O)OP(=O)(O)O)O)O)N,0.17318626841227405,-0.23132607340812683,-1.7216638326644897,1.3629939556121826
2614,P96741_wild,C(C(C(C(COP(=O)(O)O)O)O)O)NC1=C(C(=O)NC(=O)N1)N,-0.18708664335714442,0.7048748731613159,-1.3128300905227661,1.6542881727218628
2615,P0C0F4_wild,C1=CN(C(=O)NC1=O)C2C(C(C(O2)COP(=O)(O)OP(=O)(O)OC3C(C(C(C(O3)CO)O)O)O)O)O,0.25527250510330607,0.023898299783468246,-0.9288212060928345,1.2145003080368042
2616,P0C0F4_wild,C1=CC(=C[N+](=C1)C2C(C(C(O2)COP(=O)([O-])OP(=O)(O)OCC3C(C(C(O3)N4C=NC5=C(N=CN=C54)N)O)O)O)O)C(=O)N,0.25527250510330607,0.277730792760849,-0.49491050839424133,0.9905740022659302
2617,P0C0F4_T118A,C1=CC(=C[N+](=C1)C2C(C(C(O2)COP(=O)([O-])OP(=O)(O)OCC3C(C(C(O3)N4C=NC5=C(N=CN=C54)N)O)O)O)O)C(=O)N,-1.958607314841775,0.05485391989350319,-0.4348430633544922,0.6971681118011475
2618,P0C0F4_T118A,C1=CN(C(=O)NC1=O)C2C(C(C(O2)COP(=O)(O)OP(=O)(O)OC3C(C(C(C(O3)CO)O)O)O)O)O,-1.958607314841775,-0.22072260081768036,-0.8780069351196289,0.920539379119873
2619,P0C0F4_E141Q,C1=CC(=C[N+](=C1)C2C(C(C(O2)COP(=O)([O-])OP(=O)(O)OCC3C(C(C(O3)N4C=NC5=C(N=CN=C54)N)O)O)O)O)C(=O)N,-0.8538719643217619,0.07266899943351746,-0.454580157995224,0.7298455834388733
2620,P0C0F4_E141Q,C1=CN(C(=O)NC1=O)C2C(C(C(O2)COP(=O)(O)OP(=O)(O)OC3C(C(C(C(O3)CO)O)O)O)O)O,-0.8538719643217619,-0.200114905834198,-0.9212592840194702,0.9659303426742554
2621,P0C0F4_E145Q,C1=CN(C(=O)NC1=O)C2C(C(C(O2)COP(=O)(O)OP(=O)(O)OC3C(C(C(C(O3)CO)O)O)O)O)O,-0.6989700043360187,-0.07385359704494476,-0.900449275970459,1.104425072669983
2622,P0C0F4_E145Q,C1=CC(=C[N+](=C1)C2C(C(C(O2)COP(=O)([O-])OP(=O)(O)OCC3C(C(C(O3)N4C=NC5=C(N=CN=C54)N)O)O)O)O)C(=O)N,-0.6989700043360187,0.18486349284648895,-0.45807820558547974,0.8702563643455505
2623,P06634_F405L,C1=NC(=C2C(=N1)N(C=N2)C3C(C(C(O3)COP(=O)(O)OP(=O)(O)OP(=O)(O)O)O)O)N,-0.9268930240010593,-0.6078354716300964,-0.07634520530700684,0.38528159260749817
2624,P06634_F405Y,C1=NC(=C2C(=N1)N(C=N2)C3C(C(C(O3)COP(=O)(O)OP(=O)(O)OP(=O)(O)O)O)O)N,-0.2596373105057561,-0.3280053734779358,-0.16679291427135468,0.7187227010726929
2625,P06634_F405L/D479N,C1=NC(=C2C(=N1)N(C=N2)C3C(C(C(O3)COP(=O)(O)OP(=O)(O)OP(=O)(O)O)O)O)N,-0.49939760371560843,-0.6055424809455872,-0.0835171788930893,0.3814372718334198
2626,P06634_F405L/A457D,C1=NC(=C2C(=N1)N(C=N2)C3C(C(C(O3)COP(=O)(O)OP(=O)(O)OP(=O)(O)O)O)O)N,-0.45593195564972444,-0.5991777777671814,-0.07608959823846817,0.38603833317756653
2627,P06634_F405L/P174S,C1=NC(=C2C(=N1)N(C=N2)C3C(C(C(O3)COP(=O)(O)OP(=O)(O)OP(=O)(O)O)O)O)N,-0.49939760371560843,-0.6167923808097839,-0.06684640049934387,0.37531664967536926
2628,P06634_F405L/I348T,C1=NC(=C2C(=N1)N(C=N2)C3C(C(C(O3)COP(=O)(O)OP(=O)(O)OP(=O)(O)O)O)O)N,-0.24667230779465504,-0.6895291805267334,-0.033679477870464325,0.2935781478881836
2629,P06634_A457D,C1=NC(=C2C(=N1)N(C=N2)C3C(C(C(O3)COP(=O)(O)OP(=O)(O)OP(=O)(O)O)O)O)N,0.11394335230683679,-0.2842423617839813,-0.18731719255447388,0.7619847059249878
2630,P06634_I348T,C1=NC(=C2C(=N1)N(C=N2)C3C(C(C(O3)COP(=O)(O)OP(=O)(O)OP(=O)(O)O)O)O)N,0.45229761990115885,-0.320456862449646,-0.16024786233901978,0.7295377850532532
2631,P24346_wild,C1C(C(OC1N2C=NC3=C(N=CN=C32)N)COP(=O)(O)OP(=O)(O)OP(=O)(O)O)O,-0.8239087409443188,-0.5880094766616821,-0.9103359580039978,1.0489482879638672
2632,P06634_F162L,C1=NC(=C2C(=N1)N(C=N2)C3C(C(C(O3)COP(=O)(O)OP(=O)(O)OP(=O)(O)O)O)O)N,0.3010299956639812,-0.38361480832099915,-0.1308598816394806,0.637687087059021
2633,P06634_T166A,C1=NC(=C2C(=N1)N(C=N2)C3C(C(C(O3)COP(=O)(O)OP(=O)(O)OP(=O)(O)O)O)O)N,0.3010299956639812,-0.344978392124176,-0.16174623370170593,0.7017601728439331
2634,P11029_wild,CC(=O)SCCNC(=O)CCNC(=O)C(C(C)(C)COP(=O)(O)OP(=O)(O)OCC1C(C(C(O1)N2C=NC3=C(N=CN=C32)N)O)OP(=O)(O)O)O,1.5658478186735176,0.7789855599403381,-1.6265649795532227,2.444685935974121
2635,P11029_wild,C(=O)(O)[O-],1.5658478186735176,0.5013954639434814,0.05413493141531944,0.9438415765762329
2636,P11029_wild,C1=NC(=C2C(=N1)N(C=N2)C3C(C(C(O3)COP(=O)(O)OP(=O)(O)OP(=O)(O)O)O)O)N,1.5658478186735176,0.3990755081176758,-1.075015902519226,1.7155393362045288
2637,O00763_wild,C(=O)(O)[O-],1.0718820073061255,0.7189432382583618,0.30533507466316223,0.9440630078315735
2638,Q13085_wild,C1=NC(=C2C(=N1)N(C=N2)C3C(C(C(O3)COP(=O)(O)OP(=O)(O)OP(=O)(O)O)O)O)N,1.0043213737826426,0.35382258892059326,-1.040600299835205,1.6928683519363403
2639,Q13085_wild,C(=O)(O)[O-],1.0043213737826426,0.45520758628845215,0.04806215688586235,0.9425363540649414
2640,Q1HEC0_wild,C1=NC(=C2C(=N1)N(C=N2)C3C(C(C(O3)COP(=O)(O)OP(=O)(O)OP(=O)(O)O)O)O)N,1.0644579892269186,0.3407103717327118,-0.9265583157539368,1.5197420120239258
2641,Q1HEC0_wild,CC(=O)SCCNC(=O)CCNC(=O)C(C(C)(C)COP(=O)(O)OP(=O)(O)OCC1C(C(C(O1)N2C=NC3=C(N=CN=C32)N)O)OP(=O)(O)O)O,1.0644579892269186,0.7172856330871582,-1.2371002435684204,2.0312435626983643
2642,Q1HEC0_wild,C(=O)(O)[O-],1.0644579892269186,0.5865241885185242,0.335073322057724,0.8473179936408997
2643,Q9BH77_wild,C1C=CN(C=C1C(=O)N)C2C(C(C(O2)COP(=O)(O)OP(=O)(O)OCC3C(C(C(O3)N4C=NC5=C(N=CN=C54)N)O)O)O)O,0.20951501454263097,0.966508150100708,-1.3705734014511108,1.6500647068023682
2644,Q9BH77_A217V,C1C=CN(C=C1C(=O)N)C2C(C(C(O2)COP(=O)(O)OP(=O)(O)OCC3C(C(C(O3)N4C=NC5=C(N=CN=C54)N)O)O)O)O,0.07918124604762482,0.9008299112319946,-1.367309808731079,1.5856989622116089
2645,Q9BH77_A217G,C1C=CN(C=C1C(=O)N)C2C(C(C(O2)COP(=O)(O)OP(=O)(O)OCC3C(C(C(O3)N4C=NC5=C(N=CN=C54)N)O)O)O)O,-0.045757490560675115,0.9702050685882568,-1.364254355430603,1.6574777364730835
2646,Q9BH77_N218D,C1C=CN(C=C1C(=O)N)C2C(C(C(O2)COP(=O)(O)OP(=O)(O)OCC3C(C(C(O3)N4C=NC5=C(N=CN=C54)N)O)O)O)O,0.17609125905568124,0.9473744630813599,-1.369943380355835,1.6155188083648682
2647,Q9BH77_M281T,C1C=CN(C=C1C(=O)N)C2C(C(C(O2)COP(=O)(O)OP(=O)(O)OCC3C(C(C(O3)N4C=NC5=C(N=CN=C54)N)O)O)O)O,0.04139268515822508,0.9283974170684814,-1.3539079427719116,1.5929501056671143
2648,Q9BH77_F368I,C1C=CN(C=C1C(=O)N)C2C(C(C(O2)COP(=O)(O)OP(=O)(O)OCC3C(C(C(O3)N4C=NC5=C(N=CN=C54)N)O)O)O)O,0.021189299069938092,0.9697965383529663,-1.3775454759597778,1.6536846160888672
2649,Q9BH77_wild,CC=CC(=O)SCCNC(=O)CCNC(=O)C(C(C)(C)COP(=O)(O)OP(=O)(O)OCC1C(C(C(O1)N2C=NC3=C(N=CN=C32)N)O)OP(=O)(O)O)O,0.20951501454263097,0.8141858577728271,-0.8548570275306702,1.3080843687057495
2650,Q9BH77_A217V,CC=CC(=O)SCCNC(=O)CCNC(=O)C(C(C)(C)COP(=O)(O)OP(=O)(O)OCC1C(C(C(O1)N2C=NC3=C(N=CN=C32)N)O)OP(=O)(O)O)O,0.07918124604762482,0.7550511360168457,-0.8555015921592712,1.2435234785079956
2651,Q9BH77_A217G,CC=CC(=O)SCCNC(=O)CCNC(=O)C(C(C)(C)COP(=O)(O)OP(=O)(O)OCC1C(C(C(O1)N2C=NC3=C(N=CN=C32)N)O)OP(=O)(O)O)O,-0.045757490560675115,0.8190152645111084,-0.8479128479957581,1.3096641302108765
2652,Q9BH77_N218D,CC=CC(=O)SCCNC(=O)CCNC(=O)C(C(C)(C)COP(=O)(O)OP(=O)(O)OCC1C(C(C(O1)N2C=NC3=C(N=CN=C32)N)O)OP(=O)(O)O)O,0.17609125905568124,0.8006489276885986,-0.8451553583145142,1.2705118656158447
2653,Q9BH77_M281T,CC=CC(=O)SCCNC(=O)CCNC(=O)C(C(C)(C)COP(=O)(O)OP(=O)(O)OCC1C(C(C(O1)N2C=NC3=C(N=CN=C32)N)O)OP(=O)(O)O)O,0.04139268515822508,0.7811363339424133,-0.8347305059432983,1.2592096328735352
2654,Q9BH77_F368I,CC=CC(=O)SCCNC(=O)CCNC(=O)C(C(C)(C)COP(=O)(O)OP(=O)(O)OCC1C(C(C(O1)N2C=NC3=C(N=CN=C32)N)O)OP(=O)(O)O)O,0.021189299069938092,0.8096030950546265,-0.8626875877380371,1.3142926692962646
2655,Q99040_wild,C(C1C(C(C(C(O1)OCC2C(C(C(C(O2)O)O)O)O)O)O)O)O,2.683947130751512,1.2672957181930542,1.1904903650283813,0.9204375743865967
2656,Q99040_W238A,C(C1C(C(C(C(O1)OCC2C(C(C(C(O2)O)O)O)O)O)O)O)O,1.5378190950732742,1.2838997840881348,1.2053970098495483,0.9234380722045898
2657,Q99040_W238P,C(C1C(C(C(C(O1)OCC2C(C(C(C(O2)O)O)O)O)O)O)O)O,1.9020028913507294,1.2378666400909424,1.2000699043273926,0.8997578620910645
2658,Q99040_W238N,C(C1C(C(C(C(O1)OCC2C(C(C(C(O2)O)O)O)O)O)O)O)O,0.9484129657786011,1.2756102085113525,1.1972596645355225,0.9096102714538574
2659,Q99040_W238N,C(C1C(C(C(C(O1)OCC2C(C(C(C(O2)OCC3C(C(C(C(O3)O)O)O)O)O)O)O)O)O)O)O,1.0863598306747482,1.3950250148773193,1.2945184707641602,0.9788193702697754
2660,Q99040_W238P,C(C1C(C(C(C(O1)OCC2C(C(C(C(O2)OCC3C(C(C(C(O3)O)O)O)O)O)O)O)O)O)O)O,1.8893017025063104,1.363072395324707,1.2898149490356445,0.9622867107391357
2661,Q99040_W238A,C(C1C(C(C(C(O1)OCC2C(C(C(C(O2)OCC3C(C(C(C(O3)O)O)O)O)O)O)O)O)O)O)O,1.5198279937757189,1.4028489589691162,1.2970120906829834,0.9899388551712036
2662,Q99040_wild,C(C1C(C(C(C(O1)OCC2C(C(C(C(O2)OCC3C(C(C(C(O3)O)O)O)O)O)O)O)O)O)O)O,2.7331972651065692,1.3944368362426758,1.277456283569336,0.9882040619850159
2663,Q99040_wild,C(C1C(C(C(C(O1)OCC2C(C(C(C(O2)OCC3C(C(C(C(O3)OCC4C(C(C(C(O4)O)O)O)O)O)O)O)O)O)O)O)O)O)O,2.6981005456233897,1.2346742153167725,1.411024808883667,0.8955408930778503
2664,Q99040_W238A,C(C1C(C(C(C(O1)OCC2C(C(C(C(O2)OCC3C(C(C(C(O3)OCC4C(C(C(C(O4)O)O)O)O)O)O)O)O)O)O)O)O)O)O,1.3483048630481607,1.2426897287368774,1.432535171508789,0.8920247554779053
2665,Q99040_W238P,C(C1C(C(C(C(O1)OCC2C(C(C(C(O2)OCC3C(C(C(C(O3)OCC4C(C(C(C(O4)O)O)O)O)O)O)O)O)O)O)O)O)O)O,1.7201593034059568,1.198559045791626,1.4244716167449951,0.8632317781448364
2666,Q99040_W238N,C(C1C(C(C(C(O1)OCC2C(C(C(C(O2)OCC3C(C(C(C(O3)OCC4C(C(C(C(O4)O)O)O)O)O)O)O)O)O)O)O)O)O)O,0.9523080096621253,1.2379473447799683,1.4265927076339722,0.8823130130767822
2667,Q99040_wild,C(C1C(C(C(C(O1)OCC2C(C(C(C(O2)OCC3C(C(C(C(O3)OCC4C(C(C(C(O4)OCC5C(C(C(C(O5)OCC(C(C(C(C=O)O)O)O)O)O)O)O)O)O)O)O)O)O)O)O)O)O)O)O)O,2.603144372620182,1.1847364902496338,1.3855547904968262,0.9681631326675415
2668,Q99040_W238A,C(C1C(C(C(C(O1)OCC2C(C(C(C(O2)OCC3C(C(C(C(O3)OCC4C(C(C(C(O4)OCC5C(C(C(C(O5)OCC(C(C(C(C=O)O)O)O)O)O)O)O)O)O)O)O)O)O)O)O)O)O)O)O)O,1.5563025007672873,1.193482756614685,1.413775086402893,0.961753785610199
2669,Q99040_W238P,C(C1C(C(C(C(O1)OCC2C(C(C(C(O2)OCC3C(C(C(C(O3)OCC4C(C(C(C(O4)OCC5C(C(C(C(O5)OCC(C(C(C(C=O)O)O)O)O)O)O)O)O)O)O)O)O)O)O)O)O)O)O)O)O,1.5976951859255124,1.1466364860534668,1.4061647653579712,0.9296240210533142
2670,Q99040_W238N,C(C1C(C(C(C(O1)OCC2C(C(C(C(O2)OCC3C(C(C(C(O3)OCC4C(C(C(C(O4)OCC5C(C(C(C(O5)OCC(C(C(C(C=O)O)O)O)O)O)O)O)O)O)O)O)O)O)O)O)O)O)O)O)O,0.8920946026904804,1.192408561706543,1.4122498035430908,0.9506886005401611
2671,Q99040_W238N,C(C1C(C(C(C(O1)OCC2C(C(C(C(O2)OC(C(CO)O)C(C(C=O)O)O)O)O)O)O)O)O)O,1.3502480183341627,1.3046233654022217,1.058848261833191,1.1661036014556885
2672,Q99040_W238P,C(C1C(C(C(C(O1)OCC2C(C(C(C(O2)OC(C(CO)O)C(C(C=O)O)O)O)O)O)O)O)O)O,2.0827853703164503,1.2658097743988037,1.0591176748275757,1.143524408340454
2673,Q99040_W238A,C(C1C(C(C(C(O1)OCC2C(C(C(C(O2)OC(C(CO)O)C(C(C=O)O)O)O)O)O)O)O)O)O,1.6242820958356683,1.310796856880188,1.0637377500534058,1.1788692474365234
2674,Q99040_wild,C(C1C(C(C(C(O1)OCC2C(C(C(C(O2)OC(C(CO)O)C(C(C=O)O)O)O)O)O)O)O)O)O,2.7307822756663893,1.3065288066864014,1.0415853261947632,1.1808174848556519
2675,Q99040_wild,C(C1C(C(C(C(O1)OCC(C(C(C(C=O)OC2C(C(C(C(O2)CO)O)O)OC3C(C(C(C(O3)CO)O)O)O)OC4C(C(C(C(O4)CO)O)O)O)OC5C(C(C(C(O5)CO)O)O)O)OC6C(C(C(C(O6)CO)O)O)O)O)O)O)O,2.6522463410033232,1.3725217580795288,1.4289288520812988,0.9917480945587158
2676,Q99040_W238A,C(C1C(C(C(C(O1)OCC(C(C(C(C=O)OC2C(C(C(C(O2)CO)O)O)OC3C(C(C(C(O3)CO)O)O)O)OC4C(C(C(C(O4)CO)O)O)O)OC5C(C(C(C(O5)CO)O)O)O)OC6C(C(C(C(O6)CO)O)O)O)O)O)O)O,1.5211380837040362,1.3787903785705566,1.4428030252456665,0.9894276857376099
2677,Q99040_W238P,C(C1C(C(C(C(O1)OCC(C(C(C(C=O)OC2C(C(C(C(O2)CO)O)O)OC3C(C(C(C(O3)CO)O)O)O)OC4C(C(C(C(O4)CO)O)O)O)OC5C(C(C(C(O5)CO)O)O)O)OC6C(C(C(C(O6)CO)O)O)O)O)O)O)O,1.7520484478194385,1.3328330516815186,1.437042474746704,0.9544148445129395
2678,Q99040_W238N,C(C1C(C(C(C(O1)OCC(C(C(C(C=O)OC2C(C(C(C(O2)CO)O)O)OC3C(C(C(C(O3)CO)O)O)O)OC4C(C(C(C(O4)CO)O)O)O)OC5C(C(C(C(O5)CO)O)O)O)OC6C(C(C(C(O6)CO)O)O)O)O)O)O)O,0.9916690073799486,1.3759901523590088,1.4455409049987793,0.9774589538574219
2679,Q99040_wild,C1=CC(=CC=C1[N+](=O)[O-])OC2C(C(C(C(O2)CO)O)O)O,2.3710678622717363,1.1249617338180542,0.5061362981796265,1.002423644065857
2680,Q99040_W238A,C1=CC(=CC=C1[N+](=O)[O-])OC2C(C(C(C(O2)CO)O)O)O,2.305351369446624,1.128781795501709,0.5316224098205566,1.0076148509979248
2681,Q99040_W238P,C1=CC(=CC=C1[N+](=O)[O-])OC2C(C(C(C(O2)CO)O)O)O,3.079904467666721,1.0776149034500122,0.5316842198371887,0.9826668500900269
2682,Q99040_W238N,C1=CC(=CC=C1[N+](=O)[O-])OC2C(C(C(C(O2)CO)O)O)O,1.7881683711411678,1.1245445013046265,0.5272473692893982,0.9959961175918579
2683,Q8GY31_wild,C1=CC(=CC=C1[N+](=O)[O-])OP(=O)(O)O,-0.8239087409443188,0.4121323823928833,0.9475122094154358,-0.8644522428512573
2684,Q45T78_wild,CC(=O)O.C(C(C(C(C(C=O)O)O)O)O)O,2.3909351071033793,0.7595634460449219,0.2645755708217621,1.2535227537155151
2685,P37666_wild,C(=O)C(=O)[O-],2.307496037913213,1.7244020700454712,0.4890643060207367,1.3762532472610474
2686,Q8GAK7_wild,C1=CC(=C[N+](=C1)C2C(C(C(O2)COP(=O)(O)OP(=O)(O)OCC3C(C(C(O3)N4C=NC5=C(N=CN=C54)N)OP(=O)(O)O)O)O)O)C(=O)N,0.00860017176191757,0.8262335062026978,-0.27482762932777405,1.3345842361450195
2687,Q8GAK7_wild,C=O,-0.42021640338318983,1.1481618881225586,0.7164211273193359,0.29480409622192383
2688,Q8GAK7_wild,CC=O,-0.12493873660829995,0.9212018251419067,0.19130921363830566,0.7270033359527588
2689,Q8GAK7_wild,CCC=O,0.07918124604762482,0.7581468820571899,-0.09802599251270294,0.5677478313446045
2690,Q8GAK7_wild,C(C(C=O)O)O,0.13033376849500614,1.0454314947128296,0.2768535912036896,0.8760461807250977
2691,Q8GAK7_wild,CCCC=O,-0.18708664335714442,0.4232511520385742,-0.6442824602127075,0.9570109248161316
2692,Q8GAK7_wild,C(CC=O)CC=O,0.5932860670204573,0.6829994916915894,-0.8274469375610352,1.3841888904571533
2693,Q8GAK7_wild,C1=CC=C(C=C1)C=O,0.6551384348113821,0.8225349187850952,-0.562157154083252,0.8955087065696716
2694,Q8GBB2_wild,C[S+](CCC(C(=O)[O-])N)CC1C(C(C(O1)N2C=NC3=C(N=CN=C32)N)O)O,-1.431798275933005,-1.1864380836486816,-2.5272045135498047,0.7690597772598267
2695,Q8GBB2_Y194A,C[S+](CCC(C(=O)[O-])N)CC1C(C(C(O1)N2C=NC3=C(N=CN=C32)N)O)O,-2.2218487496163566,-1.2841753959655762,-2.5265820026397705,0.7026721239089966
2696,Q8GBB2_Y78A,C[S+](CCC(C(=O)[O-])N)CC1C(C(C(O1)N2C=NC3=C(N=CN=C32)N)O)O,-2.853871964321762,-1.2430894374847412,-2.523033380508423,0.7059072852134705
2697,Q8GBB2_D170A,C[S+](CCC(C(=O)[O-])N)CC1C(C(C(O1)N2C=NC3=C(N=CN=C32)N)O)O,-3.8860566476931635,-1.4281079769134521,-2.347306489944458,0.422917902469635
2698,O00187_wild,CC1=CC=C(C=C1)S(=O)(=O)NC(CCCN=C(N)N)C(=O)OC,0.8512583487190752,1.124138355255127,-0.0812935084104538,1.376852035522461
2699,P24057_wild,C(CC(C(=O)O)N)CN=C(N)NC(CC(=O)O)C(=O)O,1.2304489213782739,0.0792016088962555,-0.43130603432655334,0.42594143748283386
2700,P24058_wild,C(CC(C(=O)O)N)CN=C(N)NC(CC(=O)O)C(=O)O,1.8512583487190752,0.6381334066390991,-0.7187383770942688,0.9399515390396118
2701,P24057_M9W,C(CC(C(=O)O)N)CN=C(N)NC(CC(=O)O)C(=O)O,0.588159616383092,0.20062638819217682,-0.4679562747478485,0.5158876776695251
2702,P24057_M9W/V14S,C(CC(C(=O)O)N)CN=C(N)NC(CC(=O)O)C(=O)O,0.6492374723496073,0.2095126509666443,-0.46691039204597473,0.520866870880127
2703,P24057_M9W/E115D,C(CC(C(=O)O)N)CN=C(N)NC(CC(=O)O)C(=O)O,0.5544891600038189,0.34797149896621704,-0.5090063810348511,0.6503967046737671
2704,P24057_M9Y/E115D,C(CC(C(=O)O)N)CN=C(N)NC(CC(=O)O)C(=O)O,0.39093510710337914,0.3049280643463135,-0.48458099365234375,0.6127565503120422
2705,P24057_M9F/E115D,C(CC(C(=O)O)N)CN=C(N)NC(CC(=O)O)C(=O)O,-0.2898826348881837,0.3175141215324402,-0.4943039119243622,0.6311141848564148
2706,P24058_S29A,C(CC(C(=O)O)N)CN=C(N)NC(CC(=O)O)C(=O)O,0.6180480967120927,0.6223384141921997,-0.7212960124015808,0.9247336387634277
2707,P24058_D33N,C(CC(C(=O)O)N)CN=C(N)NC(CC(=O)O)C(=O)O,0.30319605742048883,0.48304682970046997,-0.6500244736671448,0.7914696335792542
2708,P24058_N116D,C(CC(C(=O)O)N)CN=C(N)NC(CC(=O)O)C(=O)O,-0.8860566476931633,0.5556913614273071,-0.6810755133628845,0.8612350225448608
2709,P24058_T161S,C(CC(C(=O)O)N)CN=C(N)NC(CC(=O)O)C(=O)O,0.4440447959180762,0.6198571920394897,-0.7124212384223938,0.9277317523956299
2710,P24058_T281V,C(CC(C(=O)O)N)CN=C(N)NC(CC(=O)O)C(=O)O,0.4440447959180762,0.5394205451011658,-0.6708644032478333,0.844940185546875
2711,P24058_D293N,C(CC(C(=O)O)N)CN=C(N)NC(CC(=O)O)C(=O)O,-0.7958800173440752,0.413191556930542,-0.6374261975288391,0.7351000308990479
2712,P24058_K325N,C(CC(C(=O)O)N)CN=C(N)NC(CC(=O)O)C(=O)O,-0.24412514432750865,0.6165605187416077,-0.6784447431564331,0.9186649322509766
2713,P80457_wild,C1=NC2=C(N1)C(=O)NC(=O)N2,-0.16749108729376366,0.31401121616363525,-2.194514751434326,2.313300132751465
2714,P80457_wild,N(=O)[O-],0.3961993470957364,1.0766457319259644,0.00713440403342247,1.4077391624450684
2715,P80457_wild,C1C=CN(C=C1C(=O)N)C2C(C(C(O2)COP(=O)(O)OP(=O)(O)OCC3C(C(C(O3)N4C=NC5=C(N=CN=C54)N)O)O)O)O,-0.7695510786217261,1.0097453594207764,-0.7528212070465088,2.51265287399292
2716,P80457_wild,C1=CC(=C(C(=C1)O)O)C=O,-0.46852108295774486,0.4594072103500366,-1.1293853521347046,1.6005852222442627
2717,P10371_wild,C1=NC(=C(N1C2C(C(C(O2)COP(=O)(O)O)O)O)NC=NC3C(C(C(O3)COP(=O)(O)O)O)O)C(=O)N,1.1553360374650619,0.19560380280017853,-1.919941782951355,1.9943211078643799
2718,P56216_wild,CC1=CC=C(C=C1)O,-2.3010299956639813,-0.7378413677215576,-1.895158290863037,0.7737712860107422
2719,P45578_wild,C(CSCC1C(C(C(O1)O)O)O)C(C(=O)O)N,-0.42021640338318983,-0.7026623487472534,-1.5514556169509888,0.626986026763916
2720,O43175_wild,C(CC(=O)O)C(=O)C(=O)O,-1.1060534109285427,0.17591676115989685,-0.17786085605621338,0.026422202587127686
2721,P04075_wild,C(C(C(C(C(=O)COP(=O)(O)O)O)O)O)O,0.10833936198506208,0.3663873076438904,-0.5100950598716736,0.41429033875465393
2722,P05062_wild,C(C(C=O)O)OP(=O)(O)O,0.23044892137827394,0.5833022594451904,-0.6306203603744507,1.096010684967041
2723,P05062_wild,C(C(=O)COP(=O)(O)O)O,0.23044892137827394,-0.048050250858068466,-0.6399741768836975,0.6406539678573608
2724,Q38B42_wild,C(C(C(C(C(=O)COP(=O)(O)O)O)O)O)O,0.23044892137827394,0.7642003297805786,-1.0770721435546875,1.189561367034912
2725,Q38B42_wild,C(C(C=O)O)OP(=O)(O)O,1.088726681968644,1.1309788227081299,-1.0216463804244995,1.8425267934799194
2726,Q38B42_wild,C(C(=O)COP(=O)(O)O)O,1.088726681968644,0.631312906742096,-1.0344377756118774,1.3172895908355713
2727,P00883_wild,C(C(C=O)O)OP(=O)(O)O,1.0121337728734061,0.7316347360610962,-0.5929033756256104,1.0456385612487793
2728,P00883_wild,C(C(=O)COP(=O)(O)O)O,1.0121337728734061,0.029418978840112686,-0.4850429594516754,0.6489779949188232
2729,P09972_wild,C(C(C(C(C(=O)COP(=O)(O)O)O)O)O)O,0.4471580313422192,0.44697049260139465,-0.46471336483955383,0.4703892171382904
2730,P09117_wild,C(C(C(C(C(=O)COP(=O)(O)O)O)O)O)O,0.425968786559088,0.48609602451324463,-0.4591614305973053,0.5744435787200928
2731,P53445_wild,C(C(C(C(C(=O)COP(=O)(O)O)O)O)O)O,0.1903316981702915,0.3939964771270752,-0.6092519760131836,0.45393311977386475
2732,P53446_wild,C(C(C(C(C(=O)COP(=O)(O)O)O)O)O)O,0.5622928644564748,0.6781527996063232,-0.4714122712612152,0.6704883575439453
2733,P0AE18_wild,CSCCC(C(=O)NCC(=O)NC(CCSC)C(=O)NC(CCSC)C(=O)O)N,1.5910646070264993,0.7406148910522461,-0.08750005066394806,0.8530014157295227
2734,P0AE18_H178A,CSCCC(C(=O)NCC(=O)NC(CCSC)C(=O)NC(CCSC)C(=O)O)N,-0.25181197299379954,0.5749695897102356,0.06800630688667297,0.5800532698631287
2735,P9WK19_wild,CC(C(=O)NC(CO)C(=O)O)NC(=O)C(CCSC)N,1.8709888137605752,0.006376486271619797,-0.37829479575157166,0.8167102336883545
2736,P9WK19_wild,CSCCC(C(=O)NCC(=O)NC(CCSC)C(=O)NC(CCSC)C(=O)O)N,1.5954962218255742,0.45852768421173096,-0.44239696860313416,1.2925015687942505
2737,P54550_wild,C(C(CO[N+](=O)[O-])O[N+](=O)[O-])O[N+](=O)[O-],-0.08618614761628333,0.43853405117988586,-0.3662618100643158,0.8128869533538818
2738,P54550_wild,C1CC=CC(=O)C1,0.07918124604762482,0.17715372145175934,-0.7528543472290039,0.9886568188667297
2739,P54550_wild,CC1=C(C=C(C=C1[N+](=O)[O-])[N+](=O)[O-])[N+](=O)[O-],-0.27572413039921095,0.5303839445114136,-0.802253782749176,1.0255801677703857
2740,P54550_wild,CCCC=CC=O,0.06818586174616162,-0.2966921627521515,-0.2915888726711273,0.25622010231018066
2741,P54550_wild,CCN1C(=O)C=CC1=O,-0.12493873660829995,0.8613875508308411,-0.32962071895599365,1.209547758102417
2742,P24481_S203A,C1=CC=C(C=C1)CC(C(=O)O)N,-1.5086383061657274,0.08152951300144196,-1.1920524835586548,0.6222292184829712
2743,P24481_R354A,C1=CC=C(C=C1)CC(C(=O)O)N,-0.9829666607012196,-0.2820616662502289,-1.0863813161849976,0.22216780483722687
2744,P24481_Y351F,C1=CC=C(C=C1)CC(C(=O)O)N,-1.2441251443275085,0.07965844869613647,-1.1887085437774658,0.6096470355987549
2745,P24481_N260A,C1=CC=C(C=C1)CC(C(=O)O)N,-2.3010299956639813,-0.00797538086771965,-1.161263346672058,0.49996697902679443
2746,P24481_Q348A,C1=CC=C(C=C1)CC(C(=O)O)N,-2.2441251443275085,0.002726178616285324,-1.1683605909347534,0.5327393412590027
2747,P24481_F400A,C1=CC=C(C=C1)CC(C(=O)O)N,-1.408935392973501,0.038220975548028946,-1.1582539081573486,0.5692232847213745
2748,P24481_Q488A,C1=CC=C(C=C1)CC(C(=O)O)N,-1.6575773191777938,0.07542169094085693,-1.1866273880004883,0.608589768409729
2749,P24481_Q488E,C1=CC=C(C=C1)CC(C(=O)O)N,0.3222192947339193,0.0890941470861435,-1.1919840574264526,0.6254661083221436
2750,P24481_L138H/Q488E,C1=CC=C(C=C1)CC(C(=O)O)N,-1.031517051446065,0.08545711636543274,-1.190132975578308,0.6294156312942505
2751,Q9BZQ4_wild,C1=CC(=C[N+](=C1)C2C(C(C(O2)COP(=O)(O)[O-])O)O)C(=O)N,0.9444826721501687,0.7290323376655579,-0.778721034526825,1.5000803470611572
2752,P15650_wild,CCCCCCCC(=O)SCCNC(=O)CCNC(=O)C(C(C)(C)COP(=O)(O)OP(=O)(O)OCC1C(C(C(O1)N2C=NC3=C(N=CN=C32)N)O)OP(=O)(O)O)O,0.38021124171160603,0.6740591526031494,-1.719358205795288,2.2135612964630127
2753,P15650_wild,CCCCCCCCCC(=O)SCCNC(=O)CCNC(=O)C(C(C)(C)COP(=O)(O)OP(=O)(O)OCC1C(C(C(O1)N2C=NC3=C(N=CN=C32)N)O)OP(=O)(O)O)O,0.6532125137753437,0.5996125936508179,-1.8071237802505493,2.2731356620788574
2754,P15650_wild,CCCCCCCCCCCC(=O)SCCNC(=O)CCNC(=O)C(C(C)(C)COP(=O)(O)OP(=O)(O)OCC1C(C(C(O1)N2C=NC3=C(N=CN=C32)N)O)OP(=O)(O)O)O,0.7323937598229685,0.5285831093788147,-1.8450506925582886,2.3348701000213623
2755,P15650_wild,CCCCCCCCCCCCCC(=O)SCCNC(=O)CCNC(=O)C(C(C)(C)COP(=O)(O)OP(=O)(O)OCC1C(C(C(O1)N2C=NC3=C(N=CN=C32)N)O)OP(=O)(O)O)O,0.7781512503836436,0.4707523584365845,-1.889729619026184,2.3568077087402344
2756,P15650_wild,CCCCCCCCCCCCCCCC(=O)SCCNC(=O)CCNC(=O)C(C(C)(C)COP(=O)(O)OP(=O)(O)OCC1C(C(C(O1)N2C=NC3=C(N=CN=C32)N)O)OP(=O)(O)O)O,0.7323937598229685,0.3865118622779846,-1.9023836851119995,2.32914400100708
2757,P15650_wild,CCCCCCCCCCCCCCCCCC(=O)SCCNC(=O)CCNC(=O)C(C(C)(C)COP(=O)(O)OP(=O)(O)OCC1C(C(C(O1)N2C=NC3=C(N=CN=C32)N)O)OP(=O)(O)O)O,0.6532125137753437,0.3672913610935211,-1.8941302299499512,2.312758445739746
2758,P15650_wild,CCCCCCCCC=CCCCCCCCC(=O)SCCNC(=O)CCNC(=O)C(C(C)(C)COP(=O)(O)OP(=O)(O)OCC1C(C(C(O1)N2C=NC3=C(N=CN=C32)N)O)OP(=O)(O)O)O,0.6232492903979004,0.462765634059906,-1.9589754343032837,2.420180082321167
2759,P15650_wild,C[N+]1=C2C=CC=CC2=NC3=CC=CC=C31.COS(=O)(=O)[O-],0.7323937598229685,0.6074804067611694,-0.3986494839191437,1.4850289821624756
2760,Q09128_wild,CC(CCCC(C)(C)O)C1CCC2C1(CCCC2=CC=C3CC(CCC3=C)O)C,-0.2798406965940431,-0.8923826217651367,-3.250044584274292,1.450737476348877
2761,Q09128_wild,CC(CCCC(C)(C)O)C1CCC2C1(CCCC2=CC=C3CC(CC(C3=C)O)O)C,-1.0,-0.990610659122467,-3.1723499298095703,1.3653470277786255
2762,P42412_wild,CC(C=O)C(=O)[O-],0.04139268515822508,0.32096874713897705,-1.0050344467163086,1.0661847591400146
2763,P42412_wild,CC(C)(COP(=O)(O)OP(=O)(O)OCC1C(C(C(O1)N2C=NC3=C(N=CN=C32)N)O)OP(=O)(O)O)C(C(=O)NCCC(=O)NCCS)O,0.8692317197309762,0.7220479249954224,-1.129888892173767,1.7674000263214111
2764,P42412_wild,C(C=O)C(=O)[O-],0.8692317197309762,0.6910345554351807,-1.081421136856079,1.7124046087265015
2765,Q9Z6M7_wild,C(CC(C(=O)O)N)CN=C(N)N,0.8388490907372553,1.7682344913482666,0.21829301118850708,0.9388762712478638
