,fasta_id,smiles,Label,pred_log10[kcat(s^-1)],pred_log10[Km(mM)],pred_log10[kcat/Km(s^-1mM^-1)]
0,P9WIN5_wild,CCCCCCCCCCCCCCCC(=O)SCCNC(=O)CCNC(=O)C(C(C)(C)COP(=O)(O)OP(=O)(O)OCC1C(C(C(O1)N2C=NC3=C(N=CN=C32)N)O)OP(=O)(O)O)O,-0.9488474775526188,-1.8376274108886719,-2.0311930179595947,0.9059910774230957
1,P9WIN5_wild,CCCCCCCCO,-3.0969100130080562,-1.3527350425720215,-0.6335597634315491,0.7043488025665283
2,Q8Y2J8_N322S,C1=CC(=CC=C1CC(C(=O)O)N)O,0.09342168516223508,0.28548330068588257,0.6288502216339111,1.7954195737838745
3,Q8Y2J8_wild,C1=CC(=CC=C1CC(C(=O)O)N)O,-0.16993095035086284,0.2807876169681549,0.6307189464569092,1.804776906967163
4,Q8Y2J8_V153A,C1=CC(=CC=C1CC(C(=O)O)N)O,-0.8538719643217619,0.2851671874523163,0.6250807642936707,1.8054929971694946
5,Q8Y2J8_Y119F,C1=CC(=CC=C1CC(C(=O)O)N)O,-0.603766455141971,0.29944029450416565,0.6183505058288574,1.8256944417953491
6,Q8Y2J8_L330V,C1=CC(=CC=C1CC(C(=O)O)N)O,-0.7700836286356106,0.2866256535053253,0.6384352445602417,1.7888073921203613
7,Q8Y2J8_F185Y,C1=CC(=CC=C1CC(C(=O)O)N)O,-0.632873938742182,0.2757181227207184,0.6379743218421936,1.7972617149353027
8,Q8Y2J8_D317Y,C1=CC(=CC=C1CC(C(=O)O)N)O,-0.7085153222422491,0.2760330140590668,0.6589877009391785,1.7851096391677856
9,Q9I234_wild,C1=CC=C(C(=C1)C(=O)CC(C(=O)O)N)NC=O,2.0664400282173343,1.0738667249679565,-0.7615439295768738,1.4636306762695312
10,B4E9I9_wild,C1=CC=C(C(=C1)C(=O)CC(C(=O)O)N)NC=O,1.8869851969120002,1.2316343784332275,-0.9041623473167419,1.8400825262069702
11,Q81PP9_wild,C1=CC=C(C(=C1)C(=O)CC(C(=O)O)N)NC=O,2.1017470739463664,1.4928920269012451,-0.6104287505149841,1.300248622894287
12,P00326_wild,CCCCCCCCO,2.425968786559088,0.5058541893959045,-1.3874223232269287,0.9213814735412598
13,P00326_wild,CCO,1.0922148540349375,1.053144931793213,-0.23009636998176575,0.708084225654602
14,P08319_wild,CCO,0.3376440883041699,0.8926020264625549,-0.1080760508775711,0.6069889068603516
15,P00327_wild,C(CCO)CN,1.0369581696576302,0.5660442113876343,-0.2700222432613373,0.21857820451259613
16,P86884_wild,CCCCCCCCO,0.7229080118341078,0.6015670895576477,-1.5578035116195679,1.0913269519805908
17,P06525_wild,CCO,2.2782024657495454,0.7266918420791626,-0.23409925401210785,0.6070362329483032
18,P06525_C243S,CCO,2.3171640018184863,0.6990064382553101,-0.2100793719291687,0.5990352034568787
19,P39460_wild,C1=CC(=C[N+](=C1)C2C(C(C(O2)COP(=O)([O-])OP(=O)(O)OCC3C(C(C(O3)N4C=NC5=C(N=CN=C54)N)O)O)O)O)C(=O)N,0.958607314841775,0.4321248531341553,-0.751480758190155,1.430335283279419
20,O52185_wild,C1=NC(=C2C(=N1)N(C=N2)C3C(C(C(O3)COP(=O)(O)OP(=O)(O)OP(=O)(O)O)O)O)N,2.83302470193777,0.8148474097251892,-0.569772481918335,1.5510720014572144
21,P96558_wild,CC1C(C(CC(O1)OP(=O)(O)OP(=O)(O)OCC2C(CC(O2)N3C=C(C(=O)NC3=O)C)O)(C)N)O,-0.7586728969877947,-1.0560495853424072,-0.8121203780174255,-0.19574576616287231
22,P96558_wild,CC(C)CC(C(=O)NC1C(C2=CC(=C(C=C2)OC3=CC4=CC(=C3OC5C(C(C(C(O5)CO)O)O)O)OC6=C(C=C(C=C6)C(C7C(=O)NC(C8=C(C(=CC(=C8)O)O)C9=C(C=CC(=C9)C(C(=O)N7)NC(=O)C4NC(=O)C(NC1=O)CC(=O)N)O)C(=O)O)O)Cl)Cl)O)NC,-0.4496001810683995,-1.0661370754241943,-0.9593213796615601,-0.0024907290935516357
23,Q8KN40_wild,C(C(=O)C=C(C(=O)[O-])Cl)C(=O)[O-],2.291270158374825,0.6959612369537354,-0.9083110690116882,1.2538652420043945
24,Q8KN40_wild,C(C(=O)C=CC(=O)O)C(=O)O,1.1249387366083,0.8543176054954529,-0.4347400963306427,1.5083343982696533
25,Q8KN40_wild,C1C=CN(C=C1C(=O)N)C2C(C(C(O2)COP(=O)(O)OP(=O)(O)OCC3C(C(C(O3)N4C=NC5=C(N=CN=C54)N)O)O)O)O,2.5140040916480384,1.3669655323028564,-0.8608643412590027,1.85581374168396
26,Q8KN40_wild,C1C=CN(C=C1C(=O)N)C2C(C(C(O2)COP(=O)(O)OP(=O)(O)OCC3C(C(C(O3)N4C=NC5=C(N=CN=C54)N)OP(=O)(O)O)O)O)O,1.716881593644721,1.3101575374603271,-0.8133237957954407,1.9706230163574219
27,Q8KN40_wild,C(C(=O)C=CC(=O)[O-])C(=O)[O-],1.1249387366083,1.0604164600372314,-0.40275299549102783,1.5164203643798828
28,E3W202_wild,CC(=CCCC(=CCCC(=CCOP(=O)(O)OP(=O)(O)O)C)C)C,2.385350881364017,-1.991739273071289,-2.020935297012329,0.36371156573295593
29,E3W203_wild,CC(=CCCC(=CCCC(=CCOP(=O)(O)OP(=O)(O)O)C)C)C,2.8129133566428557,-2.0202672481536865,-2.0669338703155518,0.35043731331825256
30,E3W204_wild,CC(=CCCC(=CCCC(=CCOP(=O)(O)OP(=O)(O)O)C)C)C,3.26884531229258,-2.0739691257476807,-2.0239078998565674,0.2765275239944458
31,Q969S8_wild,CC(=O)NCCCCNCCCN,0.44715803134221926,-0.7751935124397278,-1.298178791999817,1.117783784866333
32,Q969S8_wild,CC(=O)NCCCCCCCCN,-0.2041199826559248,-0.7448282241821289,-1.1377915143966675,1.1663867235183716
33,Q969S8_wild,CC(=O)NCCCCN,0.3136191229720017,-0.596369206905365,-0.7807099223136902,0.9737083315849304
34,Q969S8_wild,CC(=O)NCCCNCCCCNCCCN,-1.2138798199448397,-0.6984292268753052,-1.5514909029006958,1.5391449928283691
35,Q969S8_wild,CC(=O)NCCCCCN,0.10473535052001307,-0.6312026977539062,-0.9893953204154968,1.0012093782424927
36,Q969S8_wild,CC(=O)NCCCCNCCCNC(=O)C,-0.029963223377443157,-0.8721190690994263,-1.0123142004013062,0.8056466579437256
37,F1QCV2_N93A,CC(=O)NCCCCCN,0.008600171761917475,-0.6663596630096436,-0.9594959020614624,0.6836706399917603
38,F1QCV2_E274L,CC(=O)NCCCCCN,-0.4771212547196625,-0.6266205310821533,-0.9650984406471252,0.720249354839325
39,F1QCV2_E274L,CC(=O)NCCCCN,-0.6726410656136697,-0.614621639251709,-0.7939630746841431,0.6924177408218384
40,F1QCV2_wild,CC(=O)NCCCCCCCCN,0.09177037335564528,-0.6898859739303589,-1.1940914392471313,0.8062379360198975
41,F1QCV2_wild,CC(=O)NCCCCNCCCNC(=O)C,0.4259687322725224,-0.918871283531189,-0.945468008518219,0.4553145170211792
42,F1QCV2_D94A,CC(=O)NCCCCCN,0.047424649928138135,-0.6760686635971069,-0.9740538597106934,0.6826119422912598
43,F1QCV2_wild,CC(=O)NCCCCCN,0.6139592146276702,-0.6649408340454102,-0.9676567912101746,0.6854315996170044
44,F1QCV2_D94A,CC(=O)NCCCCN,0.33881855655338095,-0.6631785035133362,-0.8014866709709167,0.6579853296279907
45,F1QCV2_wild,CCCCNC(=O)C,-1.1760912590556813,-1.1988000869750977,-0.05504944920539856,0.043628036975860596
46,F1QCV2_D94A,CC(=O)NCCCCNCCCN,0.8081144737610869,-0.8170007467269897,-1.2084826231002808,0.7668343782424927
47,F1QCV2_N93A,CC(=O)NCCCCNCCCN,-0.08618614761628328,-0.8115249872207642,-1.1933501958847046,0.765823245048523
48,F1QCV2_E274L,CC(=O)NCCCCNCCCN,-0.6667853209646175,-0.7661430835723877,-1.1999129056930542,0.80122971534729
49,F1QCV2_N93A,CC(=O)NCCCCN,-0.013572807189273771,-0.653108537197113,-0.7846918702125549,0.6562952399253845
50,P93882_wild,CC(C)C(C(C(=O)[O-])O)C(=O)[O-],3.1158481557195747,-0.4405347406864166,-2.1910879611968994,1.8067731857299805
51,P93882_Y181H,CC(C)C(C(C(=O)[O-])O)C(=O)[O-],1.9663280053054324,-0.5776532292366028,-2.146676540374756,1.7123847007751465
52,P93882_Y181A,CC(C)C(C(C(=O)[O-])O)C(=O)[O-],0.31137082900220003,-0.42870792746543884,-2.155618667602539,1.7945212125778198
53,P93882_Y181F,CC(C)C(C(C(=O)[O-])O)C(=O)[O-],1.4981242012950429,-0.4305725693702698,-2.191535711288452,1.8182920217514038
54,Q9ZAG3_N55A,C1C(O1)C2=CC=CC=C2,-2.845098040014257,-0.5136157274246216,0.18191061913967133,0.48461923003196716
55,Q9ZAG3_Y53F,C1C(O1)C2=CC=CC=C2,-1.3226890562528453,-0.42100387811660767,0.2492240071296692,0.5457010269165039
56,P0AC33_wild,C(C(C(=O)O)O)C(=O)O,4.801165613805759,0.7276085019111633,-0.4553997814655304,0.8935127258300781
57,D3JC16_wild,C(C1C(C(C(C(O1)OC2(C(C(C(O2)CO)O)O)CO)O)O)O)O,0.9545421262031252,2.13118577003479,1.6915385723114014,0.556299090385437
58,Q9SD85_wild,C1C(OC2=CC(=CC(=C2C1=O)O)O)C3=CC=C(C=C3)O,3.2430380486862944,0.5473283529281616,-2.3621153831481934,1.1524977684020996
59,Q9SD85_wild,C1=CC(=CC=C1C2=C(C(=O)C3=C(C=C(C=C3O2)O)O)O)O,3.4846743926101085,0.919221043586731,-2.6199429035186768,1.7080023288726807
60,Q9SD85_wild,C1=CC(=CC=C1C2=CC(=O)C3=C(C=C(C=C3O2)O)O)O,3.162302974570048,0.7446969747543335,-2.390015125274658,1.5803208351135254
61,Q9SD85_wild,C1=CC(=CC=C1C2C(C(C3=C(O2)C=C(C=C3)O)O)O)O,3.220673391708422,0.6084627509117126,-2.087019443511963,1.453822374343872
62,A0A0S2LLA9_wild,C1C(OC2=CC(=CC(=C2C1=O)O)O)C3=CC=C(C=C3)O,-4.319182258008437,0.32651689648628235,-2.354067802429199,1.2940789461135864
63,A0A0S2LLA9_wild,C1=CC(=CC=C1C2C(C(=O)C3=C(C=C(C=C3O2)O)O)O)O,-5.953034457250357,0.5967386364936829,-2.2379417419433594,1.7103675603866577
64,A0A0S2LLA9_wild,C1=CC(=CC=C1C2=C(C(=O)C3=C(C=C(C=C3O2)O)O)O)O,-5.276589443992504,0.6040945053100586,-2.5928359031677246,1.8137271404266357
65,C1J0N9_wild,C1C(OC2=CC(=CC(=C2C1=O)O)O)C3=CC=C(C=C3)O,3.7533276666586115,0.610893726348877,-2.3274717330932617,1.2550427913665771
66,C1J0N9_wild,C1=CC(=CC=C1C2C(C(=O)C3=C(C=C(C=C3O2)O)O)O)O,3.7958800173440754,0.8960628509521484,-2.204780101776123,1.7076659202575684
67,C1J0N9_wild,C1=CC(=CC=C1C2=C(C(=O)C3=C(C=C(C=C3O2)O)O)O)O,3.894656819455081,0.9078322649002075,-2.5566904544830322,1.7884082794189453
68,C1J0N9_wild,C1=CC(=CC=C1C2=CC(=O)C3=C(C=C(C=C3O2)O)O)O,3.611998513862142,0.7342877388000488,-2.340761184692383,1.6407030820846558
69,C1J0N9_wild,C1=CC(=CC=C1C2C(C(C3=C(O2)C=C(C=C3)O)O)O)O,3.69008387372847,0.6263622045516968,-2.0832855701446533,1.5656306743621826
70,Q9SD85_wild,C1=CC(=CC=C1C2C(C(=O)C3=C(C=C(C=C3O2)O)O)O)O,3.149561211516632,0.8846943974494934,-2.2174367904663086,1.6253740787506104
71,P50293_wild,CC1=C(C=CC(=C1)C(=O)O)N,1.8970158392799916,1.221272349357605,-0.40904754400253296,0.3580187261104584
72,P50293_wild,C1=CC(=CC=C1C(=O)O)N,4.007061854487487,1.6865746974945068,-0.5052090287208557,0.23319116234779358
73,P50293_wild,CC1=CC=CC=C1N,0.6398485522173621,1.1197203397750854,-0.22359073162078857,0.21603883802890778
74,P18440_wild,CC1=C(C=CC(=C1)C(=O)O)N,0.8834944309285628,1.1884726285934448,-0.37812814116477966,0.3832101821899414
75,P18440_wild,C1=CC(=CC=C1C(=O)O)N,3.4136076409274434,1.704493522644043,-0.4476265609264374,0.24954599142074585
76,P18440_wild,CC1=CC=CC=C1N,0.7201593034059569,1.1547690629959106,-0.14749056100845337,0.20994140207767487
77,P11245_wild,CC1=C(C=CC(=C1)C(=O)O)N,0.17871540288183013,0.9070957899093628,-0.0990305095911026,0.06035450100898743
78,P11245_wild,CC1=CC=CC=C1N,1.0377885608893997,0.9479875564575195,-0.03468051552772522,-0.11976858973503113
79,P11245_wild,C1=CC(=CC=C1C(=O)O)N,-0.8978887933061359,1.371778964996338,-0.13749666512012482,-0.06470641493797302
80,D5UNC2_wild,CC(C)(COP(=O)(O)OP(=O)(O)OCC1C(C(C(O1)N2C=NC3=C(N=CN=C32)N)O)OP(=O)(O)O)C(C(=O)NCCC(=O)NCCSC(=O)CC(=O)O)O,1.3001354650039514,-0.5972155332565308,-0.5554694533348083,-0.07935789227485657
81,D5UNC2_wild,CC(=O)SCCNC(=O)CCNC(=O)C(C(C)(C)COP(=O)(O)OP(=O)(O)OCC1C(C(C(O1)N2C=NC3=C(N=CN=C32)N)O)OP(=O)(O)O)O,0.9365571740987008,-0.5832458734512329,-0.521684467792511,-0.20619168877601624
82,A7KAK6_wild,CC(C)CCCC(C)C1CCC2C1(CCC3C2CC=C4C3(CCC(C4)O)C)C,3.9859447858920096,2.0102498531341553,-0.9633415937423706,0.3189949691295624
83,A7KAK6_wild,CC12CCC3C(C1CCC2O)CCC4=CC(=O)CCC34C,2.623227076414524,2.0030038356781006,-0.7936803102493286,0.45832762122154236
84,Q6CUV2_wild,CC(C)CCCC(C)C1CCC2C1(CCC3C2CC=C4C3(CCC(C4)O)C)C,3.8578081950308567,1.9932560920715332,-1.341882348060608,0.6176160573959351
85,A9CES3_wild,C(C(C(C(C(CO)O)O)O)O)O,0.13262556527459096,0.4715985953807831,0.9231171011924744,0.07181322574615479
86,P84142_wild,C1=CC=C(C=C1)C(=O)OP(=O)(O)O,4.920818753952375,2.446331262588501,-0.992733895778656,1.7619820833206177
87,A5F8G9_C20R,CC(=O)OP(=O)(O)O,-1.73944354739052,0.27540427446365356,0.04775086045265198,0.4872041344642639
88,Q92830_T612G,CC(=O)SCCNC(=O)CCNC(=O)C(C(C)(C)COP(=O)(O)OP(=O)(O)OCC1C(C(C(O1)N2C=NC3=C(N=CN=C32)N)O)OP(=O)(O)O)O,2.205475036740891,-0.5356571674346924,-2.168679714202881,1.0439703464508057
89,Q92830_wild,CC(=O)SCCNC(=O)CCNC(=O)C(C(C)(C)COP(=O)(O)OP(=O)(O)OCC1C(C(C(O1)N2C=NC3=C(N=CN=C32)N)O)OP(=O)(O)O)O,2.3283244934225604,-0.5264376401901245,-2.173522472381592,1.047626256942749
90,Q4JG22_wild,C1CC(=O)NC1=O,1.7089677460309618,2.0322349071502686,1.300522804260254,1.5305285453796387
91,Q4JG22_wild,C1CNC(=O)NC1=O,-0.9100426180267439,0.9063674807548523,0.5510520935058594,1.460944414138794
92,Q4JG22_wild,C1=CC(=O)NC1=O,1.0881587560186965,1.6879000663757324,0.9277549386024475,1.636986494064331
93,Q4JG22_wild,C1C(=O)NC(=O)N1,-1.2600064516090712,0.9650065898895264,1.169253945350647,1.0794739723205566
94,A0A0M3KL04_wild,CC(=O)C(=O)[O-],2.1779606570901557,1.863120675086975,0.33719584345817566,1.2135438919067383
95,O75521_wild,CCCCCCC=CCC(=O)SCCNC(=O)CCNC(=O)C(C(C)(C)COP(=O)(O)OP(=O)(O)OCC1C(C(C(O1)N2C=NC3=C(N=CN=C32)N)O)OP(=O)(O)O)O,2.8293423442136074,1.3661432266235352,-1.090671181678772,1.8365058898925781
96,Q5FAE1_Q370A,CC1C(C(C(C(O1)OP(=O)(O)OP(=O)(O)OCC2C(C(C(O2)N3C=CC(=O)NC3=O)O)O)NC(=O)C)O)N,4.522878745280337,2.735199213027954,-0.6672996878623962,1.5775011777877808
97,Q5FAE1_H210F,CC1C(C(C(C(O1)OP(=O)(O)OP(=O)(O)OCC2C(C(C(O2)N3C=CC(=O)NC3=O)O)O)NC(=O)C)O)N,3.574031267727719,2.743577718734741,-0.6558735966682434,1.599777340888977
98,Q5FAE1_D332A,CC1C(C(C(C(O1)OP(=O)(O)OP(=O)(O)OCC2C(C(C(O2)N3C=CC(=O)NC3=O)O)O)NC(=O)C)O)N,3.808114473761087,2.646653175354004,-0.6731204390525818,1.5801640748977661
99,Q5FAE1_Q369A,CC1C(C(C(C(O1)OP(=O)(O)OP(=O)(O)OCC2C(C(C(O2)N3C=CC(=O)NC3=O)O)O)NC(=O)C)O)N,4.7614162927399555,2.7683844566345215,-0.6684741973876953,1.6097019910812378
100,Q5FAE1_wild,CC1C(C(C(C(O1)OP(=O)(O)OP(=O)(O)OCC2C(C(C(O2)N3C=CC(=O)NC3=O)O)O)NC(=O)C)O)N,5.861697301833718,2.7682366371154785,-0.669857919216156,1.606506109237671
101,P0AF18_wild,CC(=O)NC1C(C(C(OC1O)COP(=O)(O)O)O)O,2.4417932923779193,0.7247664928436279,-0.11629559099674225,1.081852912902832
102,P0AF18_Q59H,CC(=O)NC1C(C(C(OC1O)COP(=O)(O)O)O)O,2.013788284485633,0.6903362274169922,-0.09209510684013367,1.058217167854309
103,P0AF18_N61H,CC(=O)NC1C(C(C(OC1O)COP(=O)(O)O)O)O,0.1845244265925441,0.6986899375915527,-0.09485200047492981,1.0572837591171265
104,P0AF18_K139M,CC(=O)NC1C(C(C(OC1O)COP(=O)(O)O)O)O,1.3891660843645326,0.7033982276916504,-0.10598864406347275,1.060095191001892
105,P0AF18_E131A,CC(=O)NC1C(C(C(OC1O)COP(=O)(O)O)O)O,1.1026623418971477,0.278580904006958,-0.015528351999819279,0.8224904537200928
106,P0AF18_Q59A,CC(=O)NC1C(C(C(OC1O)COP(=O)(O)O)O)O,2.0969100130080562,0.6215999126434326,-0.11083105206489563,1.0303541421890259
107,P0AF18_H143Q,CC(=O)NC1C(C(C(OC1O)COP(=O)(O)O)O)O,0.8616973018337185,0.7103877067565918,-0.10878679156303406,1.070042371749878
108,P0AF18_H143N,CC(=O)NC1C(C(C(OC1O)COP(=O)(O)O)O)O,-0.6887508391543328,0.7057201862335205,-0.1122947633266449,1.0717902183532715
109,P0AF18_H251N,CC(=O)NC1C(C(C(OC1O)COP(=O)(O)O)O)O,0.4011451485472489,0.6380904912948608,-0.06757214665412903,0.9964983463287354
110,P0AF18_wild,CC(=O)NC1C(C(C(OC1O)COS(=O)(=O)O)O)O,0.7647872888256622,1.2120742797851562,-0.04599659517407417,1.1988403797149658
111,P0AF18_Y223F,CC(=O)NC1C(C(C(OC1O)COP(=O)(O)O)O)O,2.341902878866792,0.7432265281677246,-0.13060714304447174,1.0967991352081299
112,P0AF18_E131Q,CC(=O)NC1C(C(C(OC1O)COP(=O)(O)O)O)O,-0.7112044607530305,0.4050353467464447,-0.061301134526729584,0.8873151540756226
113,A0A3E2N0G4_wild,CC(=O)NC1C(C(C(OC1O)COP(=O)(O)O)O)O,1.0887265639538553,0.8493313193321228,-0.613475501537323,1.0448530912399292
114,O81413_wild,CC1=C(C2=CC3=NC(=CC4=C(C(=C([N-]4)C=C5C(=C(C(=N5)C=C1[N-]2)C=C)C)C=C)C)C(=C3CCC(=O)C)C)CCC(=O)C.[Fe+5],1.7417219847569687,0.9094405174255371,-1.9624035358428955,2.379473924636841
115,O81413_wild,C1C=CN(C=C1C(=O)N)C2C(C(C(O2)COP(=O)(O)OP(=O)(O)OCC3C(C(C(O3)N4C=NC5=C(N=CN=C54)N)O)O)O)O,3.3732925735934693,1.8125715255737305,-1.2193143367767334,2.5423526763916016
116,O81413_wild,C1CSSC1CCCCC(=O)N,2.0643693667428153,1.9297914505004883,0.3161752223968506,1.338663101196289
117,Q9Y2T3_wild,C1=NC2=C(N1)C(=O)NC(=N2)N,3.262825642993752,0.5218873023986816,-1.4868866205215454,1.8820242881774902
118,P76641_F210A,C1=NC2=C(N1)C(=O)NC(=N2)N,-0.1760912590556813,-0.5440748929977417,-1.152895450592041,1.178818702697754
119,P76641_wild,C12=NNN=C1N=C(NC2=O)N,0.8450980400142568,0.06399309635162354,-0.5401018261909485,1.29591703414917
120,P76641_A386S,C1=NC2=C(N1)C(=O)NC(=N2)N,0.44493657134826126,-0.4117679297924042,-1.264350414276123,1.2820390462875366
121,P76641_wild,C1(=NC(=NC(=O)N1)N)N,-0.0791812460476248,-0.08825601637363434,-0.04677844047546387,0.9955692291259766
122,P76641_W101H,C1=NC2=C(N1)C(=O)NC(=N2)N,0.21085336531489318,-0.7026660442352295,-1.0758068561553955,1.0391875505447388
123,P76641_wild,CN1C(=O)C2=C(N=CN2)N=C1N,-1.0653929615619915,-0.21133022010326385,-0.5468348860740662,1.3113970756530762
124,Q96DE0_wild,C1=NC(=C2C(=N1)N(C=N2)C3C(C(C(O3)COP(=O)(O)OP(=O)(O)O)O)O)N,-0.28490049536344536,-1.4033918380737305,-1.0463231801986694,1.076190710067749
125,Q96DE0_wild,C1=NC2=C(C(=O)N1)N=CN2C3C(C(C(O3)COP(=O)(O)OP(=O)(O)OP(=O)(O)O)O)O,0.7921703408856665,-1.58778715133667,-0.8950095772743225,0.804645299911499
126,Q96DE0_wild,C1=NC2=C(N1C3C(C(C(O3)COP(=O)(O)OP(=O)(O)O)O)O)NC(=O)NC2=O,0.8396780708887678,-1.468182921409607,-1.0482006072998047,0.9117908477783203
127,A0A0A7I435_wild,C(CC(=O)O)C(=O)C(=O)O,0.31292921896368897,0.3009240925312042,0.02334180474281311,0.6453807950019836
128,A0A0A7I435_wild,C(CS(=O)(=O)O)N,0.52680903890877,-0.08561407029628754,0.37803006172180176,-0.20592084527015686
129,Q9RLT9_wild,CC1C=CC=C(C(=O)NC2=C(C(=C3C(=C2O)C(=C(C4=C3C(=O)C(O4)(OC=CC(C(C(C(C(C(C1O)C)O)C)OC(=O)C)C)OC)C)C)O)O)C=NN5CCN(CC5)C)C,3.5963076624388712,0.5433510541915894,-2.275625228881836,1.146854043006897
130,Q9RLT9_wild,C1=NC(=C2C(=N1)N(C=N2)C3C(C(C(O3)COP(=O)(O)OP(=O)(O)OP(=O)(O)O)O)O)N,2.534637878103716,0.9492699503898621,-1.6683632135391235,1.3377176523208618
131,D3J0Z1_wild,C1=CC(=C[N+](=C1)C2C(C(C(O2)COP(=O)([O-])OP(=O)(O)OCC3C(C(C(O3)N4C=NC5=C(N=CN=C54)N)O)O)O)O)C(=O)N,-0.46160908854141497,0.4038369357585907,-0.592954695224762,1.3503236770629883
132,D3J0Z1_wild,CC(=CC1C(CC2=CNC3=CC=CC1=C23)NC)CO,0.14841983245782286,-0.32771822810173035,-1.8296668529510498,1.6594079732894897
133,D4AK45_wild,CC(=CC1C(CC2=CNC3=CC=CC1=C23)NC)CO,0.9265710828414665,-0.07163000106811523,-2.033568859100342,1.3563932180404663
134,Q59470_T172S,CC(CO)O,2.3273589343863303,1.4250028133392334,-0.2636451721191406,-0.2896016538143158
135,Q59470_wild,CC(CO)O,3.484946592231619,1.424560785293579,-0.26367396116256714,-0.28475433588027954
136,Q59470_S224A,CC(CO)O,2.630088714928206,1.4132245779037476,-0.2641030251979828,-0.29095616936683655
137,Q59470_S224N,CC(CO)O,0.951695320425445,1.4148722887039185,-0.2653937339782715,-0.2886849343776703
138,Q59470_T172A,CC(CO)O,1.207608310501746,1.4180717468261719,-0.2580980062484741,-0.2961963713169098
139,Q59470_S224C,CC(CO)O,1.3716110699496884,1.4084737300872803,-0.2689856290817261,-0.2919151782989502
140,Q6F936_wild,CC1=CC2=C(C=C1C)N(C3=NC(=O)NC(=O)C3=N2)CC(C(C(CO)O)O)O,3.280826609575694,1.5890014171600342,-2.341275930404663,3.0513486862182617
141,Q6F936_wild,CC1=CC2=C(C=C1C)N(C3=NC(=O)NC(=O)C3=N2)CC(C(C(COP(=O)(O)O)O)O)O,3.1517319131962367,1.488395094871521,-2.715149402618408,3.045961856842041
142,Q6F936_wild,C1C=CN(C=C1C(=O)N)C2C(C(C(O2)COP(=O)(O)OP(=O)(O)OCC3C(C(C(O3)N4C=NC5=C(N=CN=C54)N)O)O)O)O,3.425968732272281,1.9131605625152588,-1.6809085607528687,2.880403757095337
143,Q6F936_wild,CC1=CC2=C(C=C1C)N(C3=NC(=O)NC(=O)C3=N2)CC(C(C(COP(=O)(O)OP(=O)(O)OCC4C(C(C(O4)N5C=NC6=C(N=CN=C65)N)O)O)O)O)O,4.104735350520013,1.4063210487365723,-2.5448877811431885,2.8187692165374756
144,A2R1N3_wild,C1=CC(=CC=C1CC(C(=O)O)N)O,0.38321675185133125,-0.8331297636032104,-0.5862350463867188,0.2754284143447876
145,Q7WSJ4_wild,C1=CC2=C(C=C1[N+](=O)[O-])C=NO2,1.0902101394330062,0.3236594796180725,-0.45095762610435486,0.6614069938659668
146,Q76K71_wild,C1=CC2=C(C=C1[N+](=O)[O-])C=NO2,1.4830266209564007,0.3007507920265198,-0.2923033535480499,0.6983528137207031
147,Q96XN9_wild,C(C(C(C(C(=O)C(=O)O)O)O)O)O,1.306012396182921,0.8946971297264099,0.13102933764457703,0.6365038156509399
148,Q96XN9_wild,C(C(C(CO)O)O)C(=O)C(=O)[O-],2.485616283161395,0.7768839597702026,-0.2848488390445709,0.648764431476593
149,Q9AR73_wild,C1=CC(=CC=C1O)O,-3.0536848589627765,-0.4670121371746063,-0.663276731967926,0.3863390386104584
150,Q9AR73_wild,COC1=C(C=CC(=C1)C=O)O,0.7698470875950644,-0.15953104197978973,-0.554943323135376,0.759284496307373
151,Q9AR73_E368A,COC1=C(C=CC(=C1)C=O)O,-0.6967930850817443,-0.2595199942588806,-0.534064769744873,0.7091217041015625
152,Q9AR73_E368D,COC1=C(C=CC(=C1)C=O)O,-0.5346605758283387,-0.19552503526210785,-0.5382775664329529,0.7282361388206482
153,Q9AR73_L86I,COC1=C(C=CC(=C1)C=O)O,0.6096793881981545,-0.1547098010778427,-0.5643849968910217,0.7640559673309326
154,Q9AR73_A204V,COC1=C(C=CC(=C1)C=O)O,0.26513865125509456,-0.1460442990064621,-0.5614160895347595,0.755791187286377
155,O81086_wild,CC(=CCCC(=CCCC(=CCOP(=O)(O)OP(=O)(O)O)C)C)C,-1.3935752032695874,-1.3241324424743652,-1.9803603887557983,0.6947628855705261
156,A0A097SRT3_wild,CC(=CCCC(=CCCC(=CCOP(=O)(O)OP(=O)(O)O)C)C)C,-0.8888531669829363,-1.572890281677246,-2.0245697498321533,0.600941002368927
157,F1CGX0_wild,C(C1C(C(C(C(O1)OC2(C(C(C(O2)CO)O)O)CO)O)O)O)O,1.910348559552234,1.374416470527649,0.989995539188385,0.4359283745288849
158,I4DST8_wild,C=C(CCO)C(=O)OCC1C(C(C(C(O1)O)O)O)O,3.113943352306837,3.186760663986206,0.9432960152626038,1.5645101070404053
159,I4DST8_wild,C=C(C(CO)O)C(=O)OCC1C(C(C(C(O1)O)O)O)O,2.468521082957745,2.9546282291412354,1.0387414693832397,1.5188971757888794
160,M1F2U2_wild,CC(CCO)(CC(=O)[O-])O,2.63675163363826,0.9477025270462036,-0.7208996415138245,0.4118742346763611
161,M1F2U2_wild,C1=NC(=C2C(=N1)N(C=N2)C3C(C(C(O3)COP(=O)(O)OP(=O)(O)OP(=O)(O)O)O)O)N,3.0101917562525573,0.5276271104812622,-0.7779281139373779,0.7053622007369995
162,Q9C5C4_wild,CC(=O)NC(CCCN)C(=O)O,3.0074523284003867,1.724618673324585,0.37440621852874756,0.7225190997123718
163,Q38710_N451A,CC(=CCOP(=O)(O)OP(=O)(O)O)CCC1C(=C)CCC2C1(CCCC2(C)C)C,3.132625565274591,-0.3325621485710144,-2.513634204864502,0.8501858711242676
164,Q38710_wild,CC(=CCOP(=O)(O)OP(=O)(O)O)CCC1C(=C)CCC2C1(CCCC2(C)C)C,3.113943352306837,-0.3304024934768677,-2.51483416557312,0.852152943611145
165,Q38710_R356A,CC(=CCOP(=O)(O)OP(=O)(O)O)CCC1C(=C)CCC2C1(CCCC2(C)C)C,3.1962946451439684,-0.328529417514801,-2.510214328765869,0.8544784784317017
166,O28294_wild,C1C=CN(C=C1C(=O)N)C2C(C(C(O2)COP(=O)(O)OP(=O)(O)OCC3C(C(C(O3)N4C=NC5=C(N=CN=C54)N)O)O)O)O,1.3010299956639813,-0.35697564482688904,-1.395602822303772,1.665696382522583
167,A8BT09_wild,C(C1C(C(C(C(O1)O)O)O)O)O,0.1935151509724214,1.1664891242980957,1.5016456842422485,0.35374563932418823
168,A0A024SMV2_wild,C1C(C(C(C(O1)O)O)O)O,-0.2950119619749817,1.1291184425354004,1.5789505243301392,0.5085137486457825
169,Q8GW43_wild,CC(C(=O)O)N,-1.1047353505200128,-0.3744073510169983,0.3361731469631195,0.2956039011478424
170,Q8GW43_wild,CC(C)(COP(=O)(O)OP(=O)(O)OCC1C(C(C(O1)N2C=NC3=C(N=CN=C32)N)O)OP(=O)(O)O)C(C(=O)NCCC(=O)NCCSC(=O)CCCCCC(=O)O)O,1.7958800173440752,-0.2287445068359375,-1.5377529859542847,1.2787272930145264
171,G2IPX5_wild,C(C(=O)C=CC(=O)[O-])C(=O)C(=O)[O-],-0.42129046999451053,0.20252858102321625,-1.198763132095337,2.0039217472076416
172,Q58933_wild,C1=NC(=C2C(=N1)N(C=N2)C3C(C(C(O3)COP(=O)(O)OP(=O)(O)OP(=O)(O)O)O)O)N,-1.5761242572335628,0.3096958100795746,-0.2833046019077301,1.4352459907531738
173,O68903_wild,C=C(C(=O)O)OP(=O)(O)O,-0.4490925311194189,1.080394983291626,-0.8959400057792664,1.2473074197769165
174,O68903_wild,C(C(C(C=O)O)O)OP(=O)(O)O,-1.156347200859924,0.962824821472168,-0.3365955054759979,1.124714970588684
175,A9KN57_wild,CCCCC=O,0.39317621887597365,0.8297527432441711,-0.07999743521213531,1.4368826150894165
176,A9KN57_wild,CCC=O,0.6240052426895575,0.5547880530357361,0.3490729331970215,0.781379222869873
177,A9KN57_wild,CCCCCC=O,0.2865648633572054,0.8024502992630005,-0.20760586857795715,1.5294361114501953
178,A9KN57_wild,CCCC=O,0.2960091942889304,0.7552717924118042,0.2722475528717041,1.0624582767486572
179,A9KN57_wild,CC=O,-0.5031346870845803,0.8720583915710449,0.3234299123287201,0.676376461982727
180,O67636_wild,C1=CC(=C[N+](=C1)C2C(C(C(O2)COP(=O)([O-])OP(=O)(O)OCC3C(C(C(O3)N4C=NC5=C(N=CN=C54)N)O)O)O)O)C(=O)N,2.2094394916345363,-0.022662878036499023,-1.3088544607162476,1.1324539184570312
181,O67636_wild,C1=CC(C=CC1O)(CC(=O)C(=O)O)C(=O)O,1.9836095838118306,0.04839576780796051,-0.6053898334503174,1.3744769096374512
182,O67636_R250Q,C1=CC(=C[N+](=C1)C2C(C(C(O2)COP(=O)([O-])OP(=O)(O)OCC3C(C(C(O3)N4C=NC5=C(N=CN=C54)N)O)O)O)O)C(=O)N,2.115067982582006,-0.3246341645717621,-1.2438372373580933,0.9070279598236084
183,O67636_H217N,C1=CC(=C[N+](=C1)C2C(C(C(O2)COP(=O)([O-])OP(=O)(O)OCC3C(C(C(O3)N4C=NC5=C(N=CN=C54)N)O)O)O)O)C(=O)N,1.3979400086720377,-0.15164324641227722,-1.2321146726608276,1.016082763671875
184,O67636_H217A,C1=CC(=C[N+](=C1)C2C(C(C(O2)COP(=O)([O-])OP(=O)(O)OCC3C(C(C(O3)N4C=NC5=C(N=CN=C54)N)O)O)O)O)C(=O)N,1.7781512503836436,-0.1791905164718628,-1.2500170469284058,1.0468451976776123
185,O67636_H147N,C1=CC(C=CC1O)(CC(=O)C(=O)O)C(=O)O,-1.4855544222565251,-0.1975000947713852,-0.4405691623687744,1.1510120630264282
186,O67636_S126A,C1=CC(=C[N+](=C1)C2C(C(C(O2)COP(=O)([O-])OP(=O)(O)OCC3C(C(C(O3)N4C=NC5=C(N=CN=C54)N)O)O)O)O)C(=O)N,0.9074547923943937,-0.1629149466753006,-1.2840299606323242,1.0554906129837036
187,O67636_H217N,C1=CC(C=CC1O)(CC(=O)C(=O)O)C(=O)O,-0.8079407212154993,-0.059076741337776184,-0.5158758759498596,1.2564882040023804
188,O67636_R250Q,C1=CC(C=CC1O)(CC(=O)C(=O)O)C(=O)O,0.9219168442514273,-0.15585751831531525,-0.47208964824676514,1.1603968143463135
189,E1R5M5_wild,C1=CC(C=CC1O)(CC(C(=O)[O-])[NH3+])C(=O)[O-],0.5823159331322052,0.22281236946582794,-0.6025893092155457,0.710313081741333
190,E1R5M5_D208N,C1=CC(C=CC1O)(CC(C(=O)[O-])[NH3+])C(=O)[O-],-0.27620641193894907,0.2196359783411026,-0.6444379091262817,0.7349805235862732
191,P13721_K355A,CC(=O)NC1C(CC(OC1C(C(CO)O)O)(C(=O)O)OP(=O)(O)OCC2C(C(C(O2)N3C=CC(=NC3=O)N)O)O)O,0.8611254854484075,-0.3961125314235687,-0.834053099155426,0.5457065105438232
192,P13721_Q232A,CC(=O)NC1C(CC(OC1C(C(CO)O)O)(C(=O)O)OP(=O)(O)OCC2C(C(C(O2)N3C=CC(=NC3=O)N)O)O)O,-0.12385164096708581,-0.3996722996234894,-0.8495180010795593,0.5578777194023132
193,P13721_Y119F,CC(=O)NC1C(CC(OC1C(C(CO)O)O)(C(=O)O)OP(=O)(O)OCC2C(C(C(O2)N3C=CC(=NC3=O)N)O)O)O,0.6989700043360189,-0.3880312144756317,-0.8398447632789612,0.5550076961517334
194,P13721_F208A,CC(=O)NC1C(CC(OC1C(C(CO)O)O)(C(=O)O)OP(=O)(O)OCC2C(C(C(O2)N3C=CC(=NC3=O)N)O)O)O,-0.3233063903751335,-0.4497256577014923,-0.8466381430625916,0.5303490161895752
195,P13721_wild,CC(=O)NC1C(CC(OC1C(C(CO)O)O)(C(=O)O)OP(=O)(O)OCC2C(C(C(O2)N3C=CC(=NC3=O)N)O)O)O,0.9383430989359078,-0.39541345834732056,-0.8365597128868103,0.5411812663078308
196,P13721_Q354A,CC(=O)NC1C(CC(OC1C(C(CO)O)O)(C(=O)O)OP(=O)(O)OCC2C(C(C(O2)N3C=CC(=NC3=O)N)O)O)O,0.6232492903979004,-0.39820507168769836,-0.8353613018989563,0.5447736978530884
197,P15907_wild,CC(=O)NC1C(CC(OC1C(C(CO)O)O)(C(=O)O)OP(=O)(O)OCC2C(C(C(O2)N3C=CC(=NC3=O)N)O)O)O,0.846974026293422,-0.23792849481105804,-0.8658096790313721,0.5974884629249573
198,P15907_wild,CC(=O)NC1C(CC(OC1C(C(CO)O)O)(C(=O)[O-])OP(=O)([O-])OCC2C(C(C(O2)N3C=CC(=NC3=O)N)O)O)O,0.18690412833826364,-0.18549974262714386,-0.9769145250320435,0.6316102743148804
199,I3R9M8_wild,[O-]Cl(=O)=O,1.2825465899699682,1.3022956848144531,-0.2197340428829193,1.3229237794876099
200,D3PT81_wild,C1C=CN(C=C1C(=O)N)C2C(C(C(O2)COP(=O)(O)OP(=O)(O)OCC3C(C(C(O3)N4C=NC5=C(N=CN=C54)N)OP(=O)(O)O)O)O)O,1.6901960800285136,-0.43642058968544006,-1.6871174573898315,1.9214292764663696
201,A6UW80_G50D/S52D,C1C=CN(C=C1C(=O)N)C2C(C(C(O2)COP(=O)(O)OP(=O)(O)OCC3C(C(C(O3)N4C=NC5=C(N=CN=C54)N)OP(=O)(O)O)O)O)O,-1.3010299956639813,-0.9223389625549316,-1.1971615552902222,1.9133126735687256
202,C8WR67_wild,C1C=CN(C=C1C(=O)N)C2C(C(C(O2)COP(=O)(O)OP(=O)(O)OCC3C(C(C(O3)N4C=NC5=C(N=CN=C54)N)OP(=O)(O)O)O)O)O,1.5642714304385625,-0.6976665258407593,-1.6160732507705688,1.9523372650146484
203,C8WR67_R48P/S51L/S52D/R84A,C1C=CN(C=C1C(=O)N)C2C(C(C(O2)COP(=O)(O)OP(=O)(O)OCC3C(C(C(O3)N4C=NC5=C(N=CN=C54)N)O)O)O)O,0.04575749056067514,-0.6396507620811462,-1.2067627906799316,1.55526864528656
204,C8WR67_wild,C1C=CN(C=C1C(=O)N)C2C(C(C(O2)COP(=O)(O)OP(=O)(O)OCC3C(C(C(O3)N4C=NC5=C(N=CN=C54)N)O)O)O)O,0.9678153166285988,-0.5303651094436646,-1.2909131050109863,1.6135663986206055
205,C8WR67_R48P/S51L/S52D,C1C=CN(C=C1C(=O)N)C2C(C(C(O2)COP(=O)(O)OP(=O)(O)OCC3C(C(C(O3)N4C=NC5=C(N=CN=C54)N)O)O)O)O,-0.12831847725968057,-0.664850115776062,-1.2331823110580444,1.5441280603408813
206,D3PT81_T84S,CC(=O)C(C)(C(=O)O)O,1.404833716619938,-0.3138640522956848,-0.2575047016143799,1.2320818901062012
207,D3PT81_wild,CC(=O)C(C)(C(=O)O)O,0.6572152562290177,-0.3229285478591919,-0.26080814003944397,1.2430230379104614
208,P9WKJ7_wild,CC(=O)C(C)(C(=O)O)O,1.104735350520013,-0.5190095901489258,0.08501304686069489,0.8996162414550781
209,P9WKJ7_wild,C(C(=O)C(=O)O)O,-0.16136800223497486,-0.182559534907341,0.4781337082386017,1.0169568061828613
210,P9WKJ7_wild,C(C(=O)C(=O)[O-])O,0.7746907182741372,0.2024131566286087,0.5315516591072083,1.1699137687683105
211,P9WKJ7_wild,CC(=O)C(C)(C(=O)[O-])O,-0.2099495263166486,-0.45029518008232117,0.28184035420417786,0.8408157825469971
212,A6UW80_G50D/S52D,C1C=CN(C=C1C(=O)N)C2C(C(C(O2)COP(=O)(O)OP(=O)(O)OCC3C(C(C(O3)N4C=NC5=C(N=CN=C54)N)O)O)O)O,0.7611179110848633,-0.8050470352172852,-1.0808078050613403,1.633031964302063
213,A6UW80_wild,C1C=CN(C=C1C(=O)N)C2C(C(C(O2)COP(=O)(O)OP(=O)(O)OCC3C(C(C(O3)N4C=NC5=C(N=CN=C54)N)O)O)O)O,0.7062692430775183,-0.694288432598114,-1.1319421529769897,1.7238636016845703
214,A6UW80_wild,C1C=CN(C=C1C(=O)N)C2C(C(C(O2)COP(=O)(O)OP(=O)(O)OCC3C(C(C(O3)N4C=NC5=C(N=CN=C54)N)OP(=O)(O)O)O)O)O,1.6070519368854614,-0.8176451921463013,-1.2574793100357056,2.031045913696289
215,Q9Z565_wild,CC(C)(C(=O)C(=O)[O-])O,-0.02996322337744326,0.050100892782211304,0.7425512671470642,1.3137238025665283
216,Q9Z565_wild,CC(=O)C(C)(C(=O)[O-])O,-0.16272729749769974,-0.3624432384967804,0.6728959679603577,0.7696932554244995
217,Q9Z565_wild,CC(=O)C(=O)[O-],-2.151648802588021,0.25579097867012024,1.5375264883041382,0.7217186689376831
218,Q9FBT8_wild,CC(C)(C(=O)C(=O)[O-])O,-1.5228787452803376,0.13810209929943085,0.6805310845375061,1.3597097396850586
219,Q9FBT8_wild,CC(C(=O)C)C(=O)[O-],-2.0,-0.04862094670534134,1.1793490648269653,0.8457915782928467
220,Q9FBT8_wild,CC(=O)C(=O)[O-],-2.0969100130080567,0.29150524735450745,1.4495431184768677,0.7762401700019836
221,D6ERQ9_wild,CC(C(=O)C)C(=O)[O-],-1.6532125137753437,-0.11021146923303604,1.2531899213790894,0.7722048759460449
222,D6EC76_wild,CC(=O)C(C)(C(=O)[O-])O,-1.5213249172117158,-0.30133870244026184,0.580011785030365,0.821064829826355
223,A0A0K2AZ61_wild,CC(=O)C(C)(C(=O)[O-])O,-0.5016894462103995,-0.3951232135295868,0.6502519845962524,0.6884016990661621
224,A0A0K2AZ61_wild,CC(=O)C(=O)[O-],-2.2218487496163566,0.21089930832386017,1.5184564590454102,0.6237262487411499
225,Q59818_wild,CC(C)(C(=O)C(=O)[O-])O,-1.034762106259212,0.10225415229797363,0.756982684135437,1.2451069355010986
226,Q59818_wild,CC(C(=O)C)C(=O)[O-],-1.2218487496163564,-0.05071735382080078,1.2305668592453003,0.7019976377487183
227,Q59818_wild,CC(=O)C(=O)[O-],-2.5228787452803374,0.2783718705177307,1.5331239700317383,0.6373194456100464
228,Q2FWK4_wild,CC(=O)C(C)(C(=O)O)O,-3.093117023990917,-0.8684757947921753,-0.254781574010849,1.0946452617645264
229,Q2FWK4_wild,CC(=O)C(C)(C(=O)[O-])O,-3.093117023990917,-0.8205838203430176,0.08058197796344757,1.001391053199768
230,Q57179_wild,C1C=CN(C=C1C(=O)N)C2C(C(C(O2)COP(=O)(O)OP(=O)(O)OCC3C(C(C(O3)N4C=NC5=C(N=CN=C54)N)O)O)O)O,-1.2676062401770316,-0.4118160903453827,-0.7976075410842896,1.6745994091033936
231,Q57179_wild,C1C=CN(C=C1C(=O)N)C2C(C(C(O2)COP(=O)(O)OP(=O)(O)OCC3C(C(C(O3)N4C=NC5=C(N=CN=C54)N)OP(=O)(O)O)O)O)O,1.0155121661782476,-0.5628544092178345,-0.9422101378440857,1.8164113759994507
232,Q57179_wild,CC(=O)C(C)(C(=O)[O-])O,-0.9633858888791947,-0.26541364192962646,0.5088515877723694,0.9092293977737427
233,Q04M32_wild,C1C=CN(C=C1C(=O)N)C2C(C(C(O2)COP(=O)(O)OP(=O)(O)OCC3C(C(C(O3)N4C=NC5=C(N=CN=C54)N)OP(=O)(O)O)O)O)O,0.1549019599857432,-0.8131593465805054,-0.6581769585609436,1.8490194082260132
234,Q04M32_D83G,C1C=CN(C=C1C(=O)N)C2C(C(C(O2)COP(=O)(O)OP(=O)(O)OCC3C(C(C(O3)N4C=NC5=C(N=CN=C54)N)OP(=O)(O)O)O)O)O,-0.40457058757105074,-1.1637516021728516,-0.6100354790687561,1.6073096990585327
235,Q04M32_D191G,C1C=CN(C=C1C(=O)N)C2C(C(C(O2)COP(=O)(O)OP(=O)(O)OCC3C(C(C(O3)N4C=NC5=C(N=CN=C54)N)OP(=O)(O)O)O)O)O,-0.37413709399941286,-1.3736374378204346,-0.5735106468200684,1.4928358793258667
236,Q04M32_S53T,C1C=CN(C=C1C(=O)N)C2C(C(C(O2)COP(=O)(O)OP(=O)(O)OCC3C(C(C(O3)N4C=NC5=C(N=CN=C54)N)OP(=O)(O)O)O)O)O,-0.4586378490256493,-0.8149033188819885,-0.6532973647117615,1.8501074314117432
237,Q04M32_S53A,C1C=CN(C=C1C(=O)N)C2C(C(C(O2)COP(=O)(O)OP(=O)(O)OCC3C(C(C(O3)N4C=NC5=C(N=CN=C54)N)OP(=O)(O)O)O)O)O,-0.6001397473068704,-0.8036739826202393,-0.6491355299949646,1.8594162464141846
238,Q04M32_R49G,C1C=CN(C=C1C(=O)N)C2C(C(C(O2)COP(=O)(O)OP(=O)(O)OCC3C(C(C(O3)N4C=NC5=C(N=CN=C54)N)OP(=O)(O)O)O)O)O,-0.39247711297053545,-0.8078919649124146,-0.6099638342857361,1.823732852935791
239,Q04M32_S53G,C1C=CN(C=C1C(=O)N)C2C(C(C(O2)COP(=O)(O)OP(=O)(O)OCC3C(C(C(O3)N4C=NC5=C(N=CN=C54)N)OP(=O)(O)O)O)O)O,-0.2574603912514817,-0.8081420660018921,-0.6605837941169739,1.8528342247009277
240,Q04M32_E195S,C1C=CN(C=C1C(=O)N)C2C(C(C(O2)COP(=O)(O)OP(=O)(O)OCC3C(C(C(O3)N4C=NC5=C(N=CN=C54)N)OP(=O)(O)O)O)O)O,-0.7684901051712452,-0.9514346122741699,-0.645618200302124,1.7653028964996338
241,Q4J8K9_wild,CC(=O)C(C)(C(=O)O)O,0.30973909506185293,-0.2304549366235733,-0.35449203848838806,1.3868417739868164
242,Q4J8K9_wild,C1C=CN(C=C1C(=O)N)C2C(C(C(O2)COP(=O)(O)OP(=O)(O)OCC3C(C(C(O3)N4C=NC5=C(N=CN=C54)N)OP(=O)(O)O)O)O)O,2.204119982655925,-0.3371333181858063,-2.0385327339172363,1.9608515501022339
243,Q4J8K9_wild,C1C=CN(C=C1C(=O)N)C2C(C(C(O2)COP(=O)(O)OP(=O)(O)OCC3C(C(C(O3)N4C=NC5=C(N=CN=C54)N)O)O)O)O,0.9700367766225568,-0.22409950196743011,-1.5516802072525024,1.5806176662445068
244,A8CIU9_wild,CCCC(CO)O,2.9208187539523753,1.4242360591888428,-0.018353164196014404,-0.8035881519317627
245,O08528_wild,C(C1C(C(C(C(O1)O)O)O)O)O,2.7942091163464964,1.8889267444610596,-0.9157313108444214,1.6066149473190308
246,P35557_wild,C1=NC(=C2C(=N1)N(C=N2)C3C(C(C(O3)COP(=O)(O)OP(=O)(O)OP(=O)(O)O)O)O)N,5.0955180423231505,1.2039239406585693,-0.19398313760757446,1.079559087753296
247,P04806_wild,C(C1C(C(C(C(O1)O)O)O)O)O,1.9294189257142926,1.4031774997711182,-0.5095677971839905,1.6395641565322876
248,P35557_S64R/E67D/S69T,C(C1C(C(C(C(O1)O)O)O)O)O,1.229674087128313,1.3130629062652588,0.3441861569881439,1.0339207649230957
249,P35557_V62M,C1=NC(=C2C(=N1)N(C=N2)C3C(C(C(O3)COP(=O)(O)OP(=O)(O)OP(=O)(O)O)O)O)N,2.066406958011196,1.2019604444503784,-0.19890490174293518,1.0748041868209839
250,P35557_wild,C(C1C(C(C(C(O1)O)O)O)O)O,3.606381365110605,1.3219949007034302,0.35508647561073303,1.044262409210205
251,P35557_Y214C,C1=NC(=C2C(=N1)N(C=N2)C3C(C(C(O3)COP(=O)(O)OP(=O)(O)OP(=O)(O)O)O)O)N,2.2293367710089065,1.1985926628112793,-0.17531552910804749,1.0834152698516846
252,Q8YBL1_wild,C1=NC(=C2C(=N1)N(C=N2)C3C(C(C(O3)CSCCC(C(=O)O)N)O)O)N,3.249198357391113,-0.10511396825313568,-2.114116668701172,1.5610237121582031
253,Q8YBL1_R85A,C1=NC(=C2C(=N1)N(C=N2)C3C(C(C(O3)CSCCC(C(=O)O)N)O)O)N,2.1359740358476986,-0.09629395604133606,-2.094630718231201,1.5654256343841553
254,Q8YBL1_R164A,CSCC1C(C(C(O1)N2C=NC3=C(N=CN=C32)N)O)O,3.0,0.01580892503261566,-2.1659350395202637,1.4280407428741455
255,Q8YBL1_A15M,CSCC1C(C(C(O1)N2C=NC3=C(N=CN=C32)N)O)O,2.7639108112690334,0.245160773396492,-2.303783893585205,1.591829538345337
256,Q8YBL1_V34I,CSCC1C(C(C(O1)N2C=NC3=C(N=CN=C32)N)O)O,2.744727494896694,0.23881709575653076,-2.2867519855499268,1.5985056161880493
257,Q8YBL1_Y134A,CSCC1C(C(C(O1)N2C=NC3=C(N=CN=C32)N)O)O,1.4449365713482611,0.27209070324897766,-2.3081955909729004,1.6639076471328735
258,Q8YBL1_V34I,C1=NC(=C2C(=N1)N(C=N2)C3C(C(C(O3)CSCCC(C(=O)O)N)O)O)N,2.5982998424546557,-0.10448931157588959,-2.112359046936035,1.5563137531280518
259,Q8YBL1_V34A,C1=NC(=C2C(=N1)N(C=N2)C3C(C(C(O3)CSCCC(C(=O)O)N)O)O)N,2.5298276052356656,-0.08111785352230072,-2.107734203338623,1.5851398706436157
260,Q8YBL1_V34A,CSCC1C(C(C(O1)N2C=NC3=C(N=CN=C32)N)O)O,2.707087894558198,0.2525661587715149,-2.277378559112549,1.6130973100662231
261,Q8YBL1_wild,CSCC1C(C(C(O1)N2C=NC3=C(N=CN=C32)N)O)O,3.6020599913279625,0.23624330759048462,-2.286355495452881,1.5991849899291992
262,Q8YBL1_R85H,CSCC1C(C(C(O1)N2C=NC3=C(N=CN=C32)N)O)O,2.4327021149312498,0.2322513312101364,-2.2639365196228027,1.6048601865768433
263,Q8YBL1_S167A,C1=NC(=C2C(=N1)N(C=N2)C3C(C(C(O3)CSCCC(C(=O)O)N)O)O)N,1.9921746624880434,-0.12685947120189667,-2.110541343688965,1.562361717224121
264,Q8YBL1_W179A,C1=NC(=C2C(=N1)N(C=N2)C3C(C(C(O3)CSCCC(C(=O)O)N)O)O)N,2.0536848589627765,-0.3965197503566742,-2.0508053302764893,1.4501972198486328
265,Q8YBL1_R164A,C1=NC(=C2C(=N1)N(C=N2)C3C(C(C(O3)CSCCC(C(=O)O)N)O)O)N,2.5482462169686317,-0.3354618549346924,-1.9280951023101807,1.39198637008667
266,Q8YBL1_R85H,C1=NC(=C2C(=N1)N(C=N2)C3C(C(C(O3)CSCCC(C(=O)O)N)O)O)N,2.178457992334788,-0.09097909927368164,-2.1035306453704834,1.5580177307128906
267,Q8YBL1_A15M,C1=NC(=C2C(=N1)N(C=N2)C3C(C(C(O3)CSCCC(C(=O)O)N)O)O)N,2.4286088284384895,-0.09344694018363953,-2.1260406970977783,1.5388103723526
268,Q8YBL1_W179F,C1=NC(=C2C(=N1)N(C=N2)C3C(C(C(O3)CSCCC(C(=O)O)N)O)O)N,1.5769756483745,-0.14690428972244263,-2.114447593688965,1.5289450883865356
269,Q8YBL1_Y134F,CSCC1C(C(C(O1)N2C=NC3=C(N=CN=C32)N)O)O,1.372691853125232,0.28444966673851013,-2.2925634384155273,1.6448699235916138
270,Q8YBL1_M144A,CSCC1C(C(C(O1)N2C=NC3=C(N=CN=C32)N)O)O,1.1622630596321124,-0.14381082355976105,-2.070000648498535,1.2921265363693237
271,Q8YBL1_Y134F,C1=NC(=C2C(=N1)N(C=N2)C3C(C(C(O3)CSCCC(C(=O)O)N)O)O)N,0.8889296095388934,-0.048525676131248474,-2.1181554794311523,1.5997837781906128
272,Q8YBL1_Y134A,C1=NC(=C2C(=N1)N(C=N2)C3C(C(C(O3)CSCCC(C(=O)O)N)O)O)N,1.01013963135088,-0.036419883370399475,-2.1046500205993652,1.6348130702972412
273,Q8YBL1_M144A,C1=NC(=C2C(=N1)N(C=N2)C3C(C(C(O3)CSCCC(C(=O)O)N)O)O)N,0.19791074211826737,-0.5203544497489929,-1.8120757341384888,1.237464427947998
274,C5MR71_wild,C1=CC(=C(C=C1C2=C(C(=O)C3=C(C=C(C=C3O2)O)O)O)O)O,1.1938718789780158,0.45098406076431274,-1.9511462450027466,1.4636152982711792
275,C5MR71_wild,C1=C(C=C(C(=C1O)O)O)C2=C(C(=O)C3=C(C=C(C=C3O2)O)O)O,1.2775050294692618,0.40300390124320984,-1.6992961168289185,1.1170865297317505
276,C5MR71_wild,C1=CN(C(=O)NC1=O)C2C(C(C(O2)COP(=O)(O)OP(=O)(O)OC3C(C(C(C(O3)CO)O)O)O)O)O,0.33353914261558704,0.1323065608739853,-0.48392197489738464,0.5484750270843506
277,A6N928_wild,C1=CN(C(=O)NC1=O)C2C(C(C(O2)COP(=O)(O)OP(=O)(O)OC3C(C(C(C(O3)CO)O)O)O)O)O,-3.568249242474166,0.34741345047950745,-0.5920436382293701,0.6296294927597046
278,A6N928_wild,C1=CC(=C(C=C1C2=[O+]C3=CC(=CC(=C3C=C2O)O)O)O)O,-0.832762854272451,-0.07224065065383911,-1.6021455526351929,0.9841641187667847
279,A6N928_wild,C1=CC(=C(C=C1C2=C(C(=O)C3=C(C=C(C=C3O2)O)O)O)O)O,-1.2813753076675112,0.5215240120887756,-2.043179750442505,1.476023554801941
280,D3Y5N8_wild,C1=CC(=CC=C1C2=C(C(=O)C3=C(C=C(C=C3O2)O)O)O)O,0.8563607647254567,0.8275516033172607,-2.0057220458984375,1.620009183883667
281,A0A109P632_wild,C1=CC(=C(C=C1C2=C(C(=O)C3=C(C=C(C=C3O2)O)O)O)O)O,2.4455911223115057,0.98533034324646,-1.9421721696853638,1.4411066770553589
282,A0A109P632_wild,C1=CC(=CC=C1C2=C(C(=O)C3=C(C=C(C=C3O2)O)O)O)O,2.3393452934061902,1.0725492238998413,-1.936708688735962,1.642680287361145
283,A0A109P632_wild,C1=CN(C(=O)NC1=O)C2C(C(C(O2)COP(=O)(O)OP(=O)(O)OC3C(C(C(C(O3)CO)O)O)O)O)O,2.408288089250278,0.7411521673202515,-0.5124056935310364,0.6746845841407776
284,A0A109P632_wild,C1=C(C=C(C(=C1O)O)O)C2=C(C(=O)C3=C(C=C(C=C3O2)O)O)O,2.1161834319703257,0.9730676412582397,-1.6356489658355713,1.120423436164856
285,Q9BYF1_wild,CCC(C)C(C(=O)NC(CC1=CN=CN1)C(=O)N2CCCC2C(=O)NC(CC3=CC=CC=C3)C(=O)O)NC(=O)C(CC4=CC=C(C=C4)O)NC(=O)C(C(C)C)NC(=O)C(CCCN=C(N)N)NC(=O)C(CC(=O)O)N,5.744292983122676,1.0897173881530762,-1.8279772996902466,1.619840145111084
286,Q9BYF1_wild,CCC(C)C(C(=O)NC(CC1=CN=CN1)C(=O)N2CCCC2C(=O)NC(CC3=CC=CC=C3)C(=O)NC(CC4=CN=CN4)C(=O)NC(CC(C)C)C(=O)O)NC(=O)C(CC5=CC=C(C=C5)O)NC(=O)C(C(C)C)NC(=O)C(CCCN=C(N)N)NC(=O)C(CC(=O)O)N,2.462180904926726,1.0657849311828613,-1.9232995510101318,1.6802186965942383
287,Q1NEI6_wild,C(C(C(CO)O)O)C(=O)C(=O)[O-],-2.199572354905204,0.1278958022594452,0.31372541189193726,0.29930397868156433
288,Q1NEI6_wild,CC(C(CC(=O)C(=O)[O-])O)O,0.12426593324848365,0.5015966892242432,-0.29966041445732117,0.8651547431945801
289,Q5EEK1_Y100A,C1=CN(C(=O)NC1=O)C2C(C(C(O2)COP(=O)(O)OP(=O)(O)OC3C(C(C(O3)C(CO)O)O)O)O)O,-0.02802872360024354,-0.7563045024871826,-0.4458830654621124,0.5560746788978577
290,Q5EEK1_wild,C1=CN(C(=O)NC1=O)C2C(C(C(O2)COP(=O)(O)OP(=O)(O)OC3C(C(C(O3)C(CO)O)O)O)O)O,1.9809767626865697,-0.5896885991096497,-0.48622119426727295,0.6880922317504883
291,Q5EEK1_Y317A,C1=CN(C(=O)NC1=O)C2C(C(C(O2)COP(=O)(O)OP(=O)(O)OC3C(C(C(O3)C(CO)O)O)O)O)O,-0.046625212091902,-0.8755542039871216,-0.39329108595848083,0.46994611620903015
292,Q5EEK1_Q103A,C1=CN(C(=O)NC1=O)C2C(C(C(O2)COP(=O)(O)OP(=O)(O)OC3C(C(C(O3)C(CO)O)O)O)O)O,-0.53329986093379,-0.5880483388900757,-0.4820704758167267,0.6924732327461243
293,Q48485_wild,C1=CN(C(=O)NC1=O)C2C(C(C(O2)COP(=O)(O)OP(=O)(O)OC3C(C(C(C(O3)CO)O)O)O)O)O,2.1068942339146575,-0.32835280895233154,-0.34259358048439026,0.09490242600440979
294,Q48485_Y314F,C1=CN(C(=O)NC1=O)C2C(C(C(O2)COP(=O)(O)OP(=O)(O)OC3C(C(C(C(O3)CO)O)O)O)O)O,0.8027194418743807,-0.5073740482330322,-0.29811403155326843,-0.02125433087348938
295,Q48485_Y155F,C1=CN(C(=O)NC1=O)C2C(C(C(O2)COP(=O)(O)OP(=O)(O)OC3C(C(C(C(O3)CO)O)O)O)O)O,0.7646118517471693,-0.46303650736808777,-0.2898160517215729,-0.0023981332778930664
296,Q48485_Y185F,C1=CN(C(=O)NC1=O)C2C(C(C(O2)COP(=O)(O)OP(=O)(O)OC3C(C(C(C(O3)CO)O)O)O)O)O,0.5273560476350818,-0.32277974486351013,-0.3362541198730469,0.10126626491546631
297,Q48485_E301A,C1=CN(C(=O)NC1=O)C2C(C(C(O2)COP(=O)(O)OP(=O)(O)OC3C(C(C(C(O3)CO)O)O)O)O)O,0.16536739366390812,-0.5984958410263062,-0.2677362859249115,-0.060780882835388184
298,Q48485_Y349F,C1=CN(C(=O)NC1=O)C2C(C(C(O2)COP(=O)(O)OP(=O)(O)OC3C(C(C(C(O3)CO)O)O)O)O)O,0.36180448298344825,-0.33043691515922546,-0.3281639516353607,0.09157434105873108
299,Q48485_D351A,C1=CN(C(=O)NC1=O)C2C(C(C(O2)COP(=O)(O)OP(=O)(O)OC3C(C(C(C(O3)CO)O)O)O)O)O,-0.8869243692243901,-0.30260756611824036,-0.34462448954582214,0.1262865960597992
300,Q9HY13_wild,C(C(C(C(=O)CO)O)O)OP(=O)(O)O,2.5765058868555744,1.0289185047149658,-0.8815464973449707,1.4564087390899658
301,O06961_wild,CCC(=O)[O-],1.6660678344609308,2.4070372581481934,0.7456321716308594,1.2521146535873413
302,O06961_wild,C1=NC2=C(N1C3C(C(C(O3)COP(=O)(O)OP(=O)(O)OP(=O)(O)O)O)O)N=C(NC2=O)N,-0.007619396870191966,2.0319104194641113,-0.37763741612434387,1.679194450378418
303,O06961_wild,CC(=O)[O-],0.6937894918322385,2.595484733581543,0.713248074054718,1.296245813369751
304,O06961_wild,C1=NC(=C2C(=N1)N(C=N2)C3C(C(C(O3)COP(=O)(O)OP(=O)(O)OP(=O)(O)O)O)O)N,3.029963223377443,2.176051378250122,-0.3214782476425171,1.809308409690857
305,O06961_wild,CCCC(=O)[O-],0.23160858690551256,2.0298564434051514,0.6669691801071167,0.814399242401123
306,O06961_wild,C1=CN(C(=O)N=C1N)C2C(C(C(O2)COP(=O)(O)OP(=O)(O)OP(=O)(O)O)O)O,-0.49078557902694503,1.6989428997039795,-0.17122399806976318,1.5147624015808105
307,Q7SIG4_wild,CC(C)OP(=O)(OC(C)C)F,4.094039311929382,1.8012797832489014,-0.07093194127082825,0.5637876987457275
308,Q7SIG4_E37A/Y144A/R146A/T195M,CC(C)OP(=O)(OC(C)C)F,2.1375571280571557,1.8270268440246582,-0.11864909529685974,0.5674777626991272
309,Q4KPK2_wild,C(=CC(=O)[O-])C(=CC(=O)[O-])Cl,2.466397389327889,1.3093005418777466,-0.6237813830375671,1.6108534336090088
310,Q4KPK2_wild,CC(=CC(=O)O)C=CC(=O)O,3.915440425378373,1.5989677906036377,-1.3172857761383057,1.4525580406188965
311,Q4KPK2_wild,C(=CC(=O)[O-])C=CC(=O)[O-],1.858863909879261,1.8987104892730713,-0.9620510339736938,1.8264379501342773
312,Q5LT18_wild,C[S+](C)CCC(=O)[O-],-1.4878830845751079,0.2116061896085739,0.45863965153694153,0.9525282382965088
313,Q5LT18_wild,CC[S+](CC)C(C)C(=O)[O-],-1.1505766736225762,0.023566588759422302,0.6681718230247498,1.2266604900360107
314,D0MEP1_wild,C1(C(C(OC(C1O)OC2C(C(C(OC2C(=O)O)O)O)O)C(=O)O)O)O,2.9890046156985366,0.821590781211853,-1.3661731481552124,2.2350642681121826
315,K4L7X3_wild,CC(C)(COP(=O)([O-])OP(=O)([O-])OCC1C(C(C(O1)N2C=NC3=C(N=CN=C32)N)O)OP(=O)([O-])[O-])C(C(=O)NCCC(=O)NCCSC(=O)CCS(=O)[O-])O,2.381600985239612,0.7972075939178467,-1.6405168771743774,1.615324854850769
316,K4L7X3_Q246E,CC(C)(COP(=O)([O-])OP(=O)([O-])OCC1C(C(C(O1)N2C=NC3=C(N=CN=C32)N)O)OP(=O)([O-])[O-])C(C(=O)NCCC(=O)NCCSC(=O)CCS(=O)[O-])O,2.3156389494225977,0.7942686080932617,-1.659103274345398,1.59760320186615
317,Q97U29_wild,C(C(C(CO)O)O)C(=O)C(=O)[O-],1.2276010785054476,1.2169438600540161,-0.1607416570186615,0.9646800756454468
318,Q97U29_wild,C1=NC(=C2C(=N1)N(C=N2)C3C(C(C(O3)COP(=O)(O)OP(=O)(O)OP(=O)(O)O)O)O)N,0.13262556527459096,1.0688490867614746,-0.4365306496620178,1.3320058584213257
319,E4N096_S119A,C1C=CN(C=C1C(=O)N)C2C(C(C(O2)COP(=O)(O)OP(=O)(O)OCC3C(C(C(O3)N4C=NC5=C(N=CN=C54)N)OP(=O)(O)O)O)O)O,1.6901960800285136,0.5815707445144653,-1.530452847480774,1.0628106594085693
320,E4N096_T82D,C(=O)=O,0.7533276666586115,0.8945951461791992,-0.5950989127159119,0.4851694107055664
321,E4N096_E171A,CC=CC(=O)SCCNC(=O)CCNC(=O)C(C(C)(C)COP(=O)(O)OP(=O)(O)OCC1C(C(C(O1)N2C=NC3=C(N=CN=C32)N)O)OP(=O)(O)O)O,1.0086001717619175,0.1553194224834442,-1.168962836265564,0.44831913709640503
322,E4N096_H365N,C1C=CN(C=C1C(=O)N)C2C(C(C(O2)COP(=O)(O)OP(=O)(O)OCC3C(C(C(O3)N4C=NC5=C(N=CN=C54)N)OP(=O)(O)O)O)O)O,2.5660623380564433,0.6103736162185669,-1.531565546989441,1.0658750534057617
323,E4N096_wild,C(=O)=O,2.9378520932511556,0.8908541202545166,-0.6005486845970154,0.4864077866077423
324,E4N096_wild,CC=CC(=O)SCCNC(=O)CCNC(=O)C(C(C)(C)COP(=O)(O)OP(=O)(O)OCC1C(C(C(O1)N2C=NC3=C(N=CN=C32)N)O)OP(=O)(O)O)O,3.690617929971253,0.1666959524154663,-1.1646584272384644,0.44305866956710815
325,E4N096_F170Y,CC=CC(=O)SCCNC(=O)CCNC(=O)C(C(C)(C)COP(=O)(O)OP(=O)(O)OCC1C(C(C(O1)N2C=NC3=C(N=CN=C32)N)O)OP(=O)(O)O)O,3.9190780923760737,0.16520032286643982,-1.165107011795044,0.4468320906162262
326,E4N096_F170Y,C(=O)=O,2.5720967679505193,0.893839955329895,-0.6005838513374329,0.48519840836524963
327,E4N096_F170A,C1C=CN(C=C1C(=O)N)C2C(C(C(O2)COP(=O)(O)OP(=O)(O)OCC3C(C(C(O3)N4C=NC5=C(N=CN=C54)N)OP(=O)(O)O)O)O)O,3.0,0.5802410840988159,-1.5102206468582153,1.0495691299438477
328,E4N096_S119A,C(=O)=O,1.2174839442139063,0.8704380989074707,-0.5989265441894531,0.4832088351249695
329,E4N096_wild,C1C=CN(C=C1C(=O)N)C2C(C(C(O2)COP(=O)(O)OP(=O)(O)OCC3C(C(C(O3)N4C=NC5=C(N=CN=C54)N)OP(=O)(O)O)O)O)O,3.366296727176573,0.5971555709838867,-1.5336635112762451,1.0595041513442993
330,E4N096_F170A,CC=CC(=O)SCCNC(=O)CCNC(=O)C(C(C)(C)COP(=O)(O)OP(=O)(O)OCC1C(C(C(O1)N2C=NC3=C(N=CN=C32)N)O)OP(=O)(O)O)O,2.427716398541801,0.14403806626796722,-1.1451706886291504,0.4267323315143585
331,E4N096_F170Y,C1C=CN(C=C1C(=O)N)C2C(C(C(O2)COP(=O)(O)OP(=O)(O)OCC3C(C(C(O3)N4C=NC5=C(N=CN=C54)N)OP(=O)(O)O)O)O)O,3.191885526238913,0.5956419706344604,-1.5322669744491577,1.0600099563598633
332,E4N096_S119A,CC=CC(=O)SCCNC(=O)CCNC(=O)C(C(C)(C)COP(=O)(O)OP(=O)(O)OCC1C(C(C(O1)N2C=NC3=C(N=CN=C32)N)O)OP(=O)(O)O)O,1.6965505302126058,0.1494830846786499,-1.158389925956726,0.4476128816604614
333,E4N096_E171A,C(=O)=O,1.5172384779276449,0.865976870059967,-0.621513307094574,0.4862712621688843
334,E4N096_T82D,C1C=CN(C=C1C(=O)N)C2C(C(C(O2)COP(=O)(O)OP(=O)(O)OCC3C(C(C(O3)N4C=NC5=C(N=CN=C54)N)OP(=O)(O)O)O)O)O,0.47989630877443457,0.576285719871521,-1.5372345447540283,1.045323371887207
335,E4N096_E171A,C1C=CN(C=C1C(=O)N)C2C(C(C(O2)COP(=O)(O)OP(=O)(O)OCC3C(C(C(O3)N4C=NC5=C(N=CN=C54)N)OP(=O)(O)O)O)O)O,1.728933227713462,0.5809492468833923,-1.5352586507797241,1.0711095333099365
336,E4N096_T82D,CC=CC(=O)SCCNC(=O)CCNC(=O)C(C(C)(C)COP(=O)(O)OP(=O)(O)OCC1C(C(C(O1)N2C=NC3=C(N=CN=C32)N)O)OP(=O)(O)O)O,1.1084236485427412,0.13578194379806519,-1.1601759195327759,0.4315266013145447
337,E4N096_H365N,C(=O)=O,0.7519604240752119,0.9036295413970947,-0.6022082567214966,0.4939884841442108
338,E4N096_H365N,CC=CC(=O)SCCNC(=O)CCNC(=O)C(C(C)(C)COP(=O)(O)OP(=O)(O)OCC1C(C(C(O1)N2C=NC3=C(N=CN=C32)N)O)OP(=O)(O)O)O,2.2247537402597635,0.1797814816236496,-1.1664341688156128,0.4488413631916046
339,D6N7U5_wild,CC1=C2C3=C(C=C(C=C3OS(=O)(=O)O2)O)OC1=O,0.6382721639824072,-0.13320854306221008,-1.7062689065933228,1.7023084163665771
340,D6N7U5_wild,C1=CC(=CC=C1[N+](=O)[O-])OS(=O)(=O)O,0.46398295930440636,-0.4159916639328003,-1.157833218574524,1.0932167768478394
341,P97687_wild,C1=NC2=C(N1C3C(C(C(O3)COP(=O)(O)OP(=O)(O)OP(=O)(O)O)O)O)N=C(NC2=O)N,3.9537060121729475,1.6361074447631836,-1.6355066299438477,1.2240409851074219
342,P97687_wild,C1=NC(=C2C(=N1)N(C=N2)C3C(C(C(O3)COP(=O)(O)OP(=O)(O)O)O)O)N,4.216081635982608,1.5752755403518677,-1.8014227151870728,1.660691499710083
343,P97687_Y409F,C1=NC(=C2C(=N1)N(C=N2)C3C(C(C(O3)COP(=O)(O)OP(=O)(O)O)O)O)N,3.7851902129289012,1.5819928646087646,-1.7966946363449097,1.6621923446655273
344,P97687_wild,C1=NC2=C(N1C3C(C(C(O3)COP(=O)(O)OP(=O)(O)O)O)O)N=C(NC2=O)N,2.842592487976767,1.6306655406951904,-1.6443445682525635,1.500077486038208
345,P97687_wild,C1=NC2=C(C(=O)N1)N=CN2C3C(C(C(O3)COP(=O)(O)OP(=O)(O)O)O)O,3.8813574802440534,1.5489087104797363,-1.676367163658142,1.5414316654205322
346,P97687_wild,C1=NC2=C(C(=O)N1)N=CN2C3C(C(C(O3)COP(=O)(O)OP(=O)(O)OP(=O)(O)O)O)O,3.9890046156985366,1.6081241369247437,-1.6689157485961914,1.3528261184692383
347,P97687_wild,C1=CN(C(=O)NC1=O)C2C(C(C(O2)COP(=O)(O)OP(=O)(O)O)O)O,3.8548700781288527,1.3750404119491577,-1.4302407503128052,1.3020179271697998
348,P49961_wild,C1=NC(=C2C(=N1)N(C=N2)C3C(C(C(O3)COP(=O)(O)OP(=O)(O)OP(=O)(O)O)O)O)N,0.9164539485499251,1.5120823383331299,-1.644893765449524,1.3898155689239502
349,A0A060IGN1_wild,C(CC(=O)N)C(C(=O)O)N,-2.2662678894047694,-0.16902394592761993,0.22488261759281158,0.2590511441230774
350,A0A060IGN1_wild,C=C(C(=O)O)OC1C=C(C=CC1O)C(=O)O,-0.8377369403678877,-0.24189527332782745,-1.0616647005081177,1.1830856800079346
351,Q8A947_wild,C(C(C(C(COP(=O)(O)O)O)O)O)NC1=C(C(=O)NC(=O)N1)N,-0.7958800173440752,-1.040671944618225,-1.3694170713424683,1.2177380323410034
352,Q8A947_wild,C(C(C(C(COP(=O)(O)O)O)O)O)O,0.24243528039813383,-0.63914555311203,-0.059807807207107544,0.1938263177871704
353,A0A223K4L6_wild,CC(C(=O)O)N,1.187520720836463,0.8095356225967407,1.308571219444275,-0.16326865553855896
354,P32960_wild,C(CCN)CC(C(=O)O)N,-3.877402479206601,-0.7903532385826111,0.5820648074150085,-0.058395057916641235
355,Q11201_V315A,CC(=O)NC1C(CC(OC1C(C(CO)O)O)(C(=O)[O-])OP(=O)([O-])OCC2C(C(C(O2)N3C=CC(=NC3=O)N)O)O)O,0.7659167939668734,0.16266094148159027,-0.8566130995750427,0.8560454249382019
356,Q11201_Y230F,CC(=O)NC1C(CC(OC1C(C(CO)O)O)(C(=O)[O-])OP(=O)([O-])OCC2C(C(C(O2)N3C=CC(=NC3=O)N)O)O)O,1.1858510963448377,0.1856280267238617,-0.8545127511024475,0.8713025450706482
357,Q11201_C59S/C64S,CC(=O)NC1C(CC(OC1C(C(CO)O)O)(C(=O)[O-])OP(=O)([O-])OCC2C(C(C(O2)N3C=CC(=NC3=O)N)O)O)O,1.2693971477949124,0.1589728146791458,-0.8344509601593018,0.8812079429626465
358,Q11201_wild,CC(=O)NC1C(CC(OC1C(C(CO)O)O)(C(=O)[O-])OP(=O)([O-])OCC2C(C(C(O2)N3C=CC(=NC3=O)N)O)O)O,2.202825512302926,0.1746247261762619,-0.8527339100837708,0.8579020500183105
359,Q11201_V315Y,CC(=O)NC1C(CC(OC1C(C(CO)O)O)(C(=O)[O-])OP(=O)([O-])OCC2C(C(C(O2)N3C=CC(=NC3=O)N)O)O)O,-0.3190259385675689,0.17498572170734406,-0.8544436693191528,0.844868540763855
360,Q11201_N170A,CC(=O)NC1C(CC(OC1C(C(CO)O)O)(C(=O)[O-])OP(=O)([O-])OCC2C(C(C(O2)N3C=CC(=NC3=O)N)O)O)O,0.5275738664887174,-0.12159928679466248,-0.7319278120994568,0.6398256421089172
361,Q11201_Y230A,CC(=O)NC1C(CC(OC1C(C(CO)O)O)(C(=O)[O-])OP(=O)([O-])OCC2C(C(C(O2)N3C=CC(=NC3=O)N)O)O)O,1.0861861476162833,0.17008136212825775,-0.8577856421470642,0.8781339526176453
362,Q11201_Y191A,CC(=O)NC1C(CC(OC1C(C(CO)O)O)(C(=O)[O-])OP(=O)([O-])OCC2C(C(C(O2)N3C=CC(=NC3=O)N)O)O)O,-0.14316355671449904,0.14893202483654022,-0.8393346667289734,0.8463240265846252
363,Q11201_N147S,CC(=O)NC1C(CC(OC1C(C(CO)O)O)(C(=O)[O-])OP(=O)([O-])OCC2C(C(C(O2)N3C=CC(=NC3=O)N)O)O)O,0.25800890784090447,0.1444239467382431,-0.7922094464302063,0.7965400815010071
364,Q11201_S148A,CC(=O)NC1C(CC(OC1C(C(CO)O)O)(C(=O)[O-])OP(=O)([O-])OCC2C(C(C(O2)N3C=CC(=NC3=O)N)O)O)O,0.8801477880826429,0.1779782623052597,-0.8672653436660767,0.8821684718132019
365,Q58LW6_wild,C(C(C(C(CO)O)O)O)O,1.3147096929551738,1.7082178592681885,1.7152098417282104,0.10274425148963928
366,Q58LW6_wild,C(C(C(C(=O)CO)O)O)O,0.8943160626844384,2.227886438369751,0.7064926028251648,1.1533533334732056
367,Q58LW6_wild,C(C(C(C(C(CO)O)O)O)O)O,1.1184345451952984,1.608710527420044,1.8379613161087036,-0.2636474668979645
368,Q58LW6_wild,C1C(C(C(C(O1)(CO)O)O)O)O,0.6781501603984453,1.8327370882034302,1.919296145439148,0.2638357877731323
369,Q58LW6_wild,C(C(CO)O)O,-2.460479583400445,1.4645323753356934,1.9975534677505493,0.16891998052597046
370,Q58LW6_wild,C(C(C(CO)O)O)O,-2.3176716669831987,1.523449420928955,2.0290651321411133,0.29588964581489563
371,Q308C1_wild,C(C(C(C(CO)O)O)O)O,2.289291592392737,1.6975198984146118,1.778473138809204,0.06903594732284546
372,Q308C1_wild,C(C(C(C(C(CO)O)O)O)O)O,-0.34709495135743,1.5409259796142578,1.8726667165756226,-0.31039005517959595
373,Q308C1_wild,C(C(CO)O)O,-0.9136188537355691,1.4535201787948608,1.8871912956237793,0.14795009791851044
374,Q0KB75_wild,C(C(C(=O)O)N)S,-1.0569048513364727,-0.07320643961429596,-0.22679656744003296,0.5050414204597473
375,Q1W5Y8_wild,C1(C(C(C(C(C1OP(=O)(O)O)OP(=O)(O)O)OP(=O)(O)O)OP(=O)(O)O)OP(=O)(O)O)OP(=O)(O)O,1.3874745749938726,1.9553406238555908,-0.8148755431175232,2.3924689292907715
376,Q00511_wild,OO,2.0653929615619915,1.443723440170288,-0.8812039494514465,2.2189583778381348
377,Q00511_wild,C12=C(NC(=O)N1)NC(=O)NC2=O,2.583736576235097,1.1102790832519531,-1.7941222190856934,2.3701868057250977
378,Q8A8X4_wild,C(C1C(C(C(C(O1)OP(=O)(O)O)O)O)O)O,0.9829666607012196,0.7626684308052063,-1.0101182460784912,1.1061307191848755
379,Q8A8X4_wild,CC(=O)NC1C(C(C(OC1O)CO)O)O,0.9884181274501849,1.0543345212936401,-0.14095821976661682,1.039663553237915
380,A0A1C3HPM0_wild,C(=O)=O,1.873706209306734,0.712943434715271,-1.623181939125061,1.8084895610809326
381,A0A1C3HPT1_wild,C(=O)=O,2.342422680822206,0.653206467628479,-1.5560048818588257,1.6907267570495605
382,A0A1C3HPT9_wild,C(=O)=O,2.382700042115301,0.7125308513641357,-1.5709893703460693,1.6988424062728882
383,A0A1C3HPQ4_wild,C(=O)=O,2.1249387366083,0.7827458381652832,-1.5726763010025024,1.7713549137115479
384,A0A1C3HPP5_wild,C(=O)=O,2.177541325450914,0.6146561503410339,-1.5490847826004028,1.679366946220398
385,A0A1C3HPN9_wild,C(=O)=O,2.1848651833631862,0.7400825619697571,-1.5751312971115112,1.7527174949645996
386,A0A1C3HPP9_wild,C(=O)=O,2.1989394701521445,0.6477252244949341,-1.6233880519866943,1.772794246673584
387,A0A1C3HPR4_wild,C(=O)=O,2.317116815557436,0.7000376582145691,-1.5741345882415771,1.7404630184173584
388,A0A1C3HPQ1_wild,C(=O)=O,2.223298816011589,0.7842574119567871,-1.472960114479065,1.819663166999817
389,A0A1C3HPM8_wild,C(=O)=O,2.2824807927602517,0.7349043488502502,-1.6071256399154663,1.8204448223114014
390,A0A1C3HPT5_wild,C(=O)=O,2.113854729822721,0.9175293445587158,-1.6596132516860962,2.0645604133605957
391,A0A1C3HPM3_wild,C(=O)=O,1.961283198118704,0.7674623131752014,-1.5707372426986694,1.8133506774902344
392,A0A1C3HPR8_wild,C(=O)=O,2.2483787971554055,0.6523111462593079,-1.5644774436950684,1.7264068126678467
393,A0A1C3HPS0_wild,C(=O)=O,1.9248587317541153,0.6454469561576843,-1.6079787015914917,1.6986671686172485
394,A0A1C3HPL8_wild,C(=O)=O,2.0022917967795846,1.044248342514038,-1.4965497255325317,1.9590997695922852
395,A0A1C3HPL6_wild,C(=O)=O,2.0170333392987803,0.6884176135063171,-1.54915452003479,1.72627592086792
396,A0A1C3HPQ7_wild,C(=O)=O,2.253447735688059,0.6714022755622864,-1.6121704578399658,1.7158725261688232
397,A0A1C3HPR1_wild,C(=O)=O,2.1647058634797878,0.4805664122104645,-1.644269347190857,1.6461989879608154
398,A0A1C3HPM5_wild,C(=O)=O,2.162411561764489,0.6182826161384583,-1.551376223564148,1.6811625957489014
399,A0A1C3HPQ5_wild,C(=O)=O,2.241232247823032,0.6785769462585449,-1.552810549736023,1.709733009338379
400,A0A1C3HPS3_wild,C(=O)=O,2.0,0.6892452836036682,-1.5889567136764526,1.7821377515792847
401,A0A1C3HPL7_wild,C(=O)=O,2.023623045346424,0.9390239715576172,-1.5292422771453857,1.8855128288269043
402,A0A1C3HPM1_wild,C(=O)=O,1.955892965494084,0.6596598029136658,-1.5744918584823608,1.6860613822937012
403,A0A1C3HPQ6_wild,C(=O)=O,2.265314443397447,0.649880051612854,-1.6274300813674927,1.8114631175994873
404,A0A1C3HPR7_wild,C(=O)=O,2.2323141832945215,0.6431419849395752,-1.600804328918457,1.709076166152954
405,A0A1C3HPP4_wild,C(=O)=O,2.345877968652651,0.6715685129165649,-1.5989285707473755,1.798217535018921
406,A0A1C3HPQ8_wild,C(=O)=O,2.166801183285451,0.6825966835021973,-1.5736583471298218,1.7329089641571045
407,A0A1C3HPP3_wild,C(=O)=O,2.1346985738974564,0.7059687376022339,-1.586665391921997,1.7917029857635498
408,A0A1C3HPU0_wild,C(=O)=O,2.2235755689168624,0.7025660872459412,-1.6253448724746704,1.806501030921936
409,A0A1C3HPT2_wild,C(=O)=O,2.130488901371063,0.6528551578521729,-1.6025968790054321,1.7608870267868042
410,A0A1C3HPT3_wild,C(=O)=O,2.001242617391096,0.6616569757461548,-1.5852457284927368,1.7729066610336304
411,A0A1C3HPM7_wild,C(=O)=O,2.204947999078155,0.6382880806922913,-1.5457769632339478,1.6953625679016113
412,A0A1C3HPL9_wild,C(=O)=O,2.1588802578677786,0.6560907959938049,-1.5479058027267456,1.6945269107818604
413,A0A1C3HPN3_wild,C(=O)=O,2.1830315767173274,1.0307852029800415,-1.4986201524734497,1.901426076889038
414,A0A1C3HPT0_wild,C(=O)=O,2.234083206033368,0.7033302783966064,-1.54396390914917,1.685276985168457
415,A0A1C3HPU2_wild,C(=O)=O,2.1823402083326826,0.7441803216934204,-1.5666089057922363,1.7472782135009766
416,A0A1C3HPQ9_wild,C(=O)=O,2.287724528884444,0.7968178987503052,-1.6169003248214722,1.8472332954406738
417,A0A1C3HPU3_wild,C(=O)=O,2.191624767010483,0.7157912254333496,-1.594685435295105,1.769506573677063
418,A0A1C3HPT4_wild,C(=O)=O,2.186230890406561,0.6428583860397339,-1.5920928716659546,1.7615903615951538
419,A0A1C3HPS7_wild,C(=O)=O,2.253281668074575,0.711377739906311,-1.5478109121322632,1.688313364982605
420,A0A1C3HPP8_wild,C(=O)=O,2.290080815360849,0.6249670386314392,-1.5948796272277832,1.7472622394561768
421,A0A1C3HPR2_wild,C(=O)=O,2.073597020308263,0.6618788242340088,-1.5769267082214355,1.7943439483642578
422,A0A1C3HPS9_wild,C(=O)=O,2.1833904977971805,0.6826918125152588,-1.5393096208572388,1.688772439956665
423,A0A1C3HPN0_wild,C(=O)=O,2.2476560132226417,0.6275498867034912,-1.5436619520187378,1.6721951961517334
424,A0A1C3HPS4_wild,C(=O)=O,2.1051825389740464,0.673138439655304,-1.5873695611953735,1.784986972808838
425,A0A1C3HPS5_wild,C(=O)=O,2.1582686007357004,0.6212695837020874,-1.5938950777053833,1.7309234142303467
426,A0A1C3HPS6_wild,C(=O)=O,2.1068942339146575,0.7139291763305664,-1.5508471727371216,1.7433565855026245
427,A0A1C3HPR0_wild,C(=O)=O,2.140494773131744,0.7388519644737244,-1.6151658296585083,1.8531477451324463
428,A0A1C3HPM6_wild,C(=O)=O,1.9544273549334554,0.7904942035675049,-1.541934847831726,1.772268295288086
429,A0A1C3HPP6_wild,C(=O)=O,2.277619236600085,0.6663482189178467,-1.5988847017288208,1.7727516889572144
430,A0A1C3HPM4_wild,C(=O)=O,2.161368002234975,0.6465069055557251,-1.5573325157165527,1.6955251693725586
431,A0A1C3HPP0_wild,C(=O)=O,2.076871163569551,1.066343903541565,-1.793467402458191,2.3488118648529053
432,A0A1C3HPS2_wild,C(=O)=O,2.251519420283577,0.6589435338973999,-1.593652606010437,1.7713842391967773
433,A0A1C3HPM2_wild,C(=O)=O,1.8958654720086985,0.7987550497055054,-1.5590910911560059,1.8056108951568604
434,A0A1C3HPR5_wild,C(=O)=O,2.014086461278605,0.6755147576332092,-1.5498028993606567,1.7046010494232178
435,A0A1C3HPN1_wild,C(=O)=O,2.1191864077192086,0.6142058372497559,-1.5676277875900269,1.6559810638427734
436,A0A1C3HPT8_wild,C(=O)=O,2.316752779926814,0.7391895055770874,-1.5968888998031616,1.8020403385162354
437,A0A1C3HPN5_wild,C(=O)=O,2.1249387366083,0.8743192553520203,-1.4894351959228516,1.7988789081573486
438,A0A1C3HPN6_wild,C(=O)=O,2.1233332098928814,0.625701367855072,-1.590450406074524,1.7374744415283203
439,A0A1C3HPQ2_wild,C(=O)=O,2.1977418691025026,0.7288088798522949,-1.5731635093688965,1.7676608562469482
440,A0A1C3HPM9_wild,C(=O)=O,1.956816407223894,0.8446502685546875,-1.5641835927963257,1.8113102912902832
441,A0A1C3HPP1_wild,C(=O)=O,2.035164417063251,0.6982018351554871,-1.5514739751815796,1.7793502807617188
442,A0A1C3HPP2_wild,C(=O)=O,2.257056057843723,0.770553708076477,-1.5435453653335571,1.7652292251586914
443,A0A1C3HPQ3_wild,C(=O)=O,2.1564178235906923,0.7154799699783325,-1.604171633720398,1.8107545375823975
444,A0A1C3HPN7_wild,C(=O)=O,2.0635902676956914,0.678282618522644,-1.5996075868606567,1.8086798191070557
445,Q72V44_wild,C1C2C(C(C(O2)N3C=NC4=C(N=CN=C43)N)O)OP(=O)(O1)O,2.4323089103033,0.5756114721298218,-0.9201792478561401,1.0174477100372314
446,Q9HTR2_wild,C1=CC(=CC=C1[N+](=O)[O-])OP(=O)(O)O,1.477620157108707,0.9093058705329895,0.15077969431877136,0.5778573751449585
447,A0A0U3EA38_wild,C(C(=O)C(=O)O)S(=O)(=O)O,2.50570357238072,0.7657725811004639,-0.6160838007926941,0.6278103590011597
448,A0A0U3EA38_wild,C1C=CN(C=C1C(=O)N)C2C(C(C(O2)COP(=O)(O)OP(=O)(O)OCC3C(C(C(O3)N4C=NC5=C(N=CN=C54)N)O)O)O)O,2.9481572602718353,1.2920351028442383,-1.0255497694015503,1.5500332117080688
449,Q2I2N5_wild,C(C1C(C(C(C(O1)OC2(C(C(C(O2)CO)O)O)CO)O)O)O)O,1.28936146039039,2.279360294342041,0.9758657813072205,0.8609243631362915
450,X4QKX0_wild,C(C1C(C(C(C(O1)OC2(C(C(C(O2)CO)O)O)CO)O)O)O)O,0.12493873660829999,2.2646329402923584,1.3297383785247803,0.6607992649078369
451,Q2UA33_wild,C(C(C(=O)O)N)S,4.528169990696983,3.870473861694336,-0.0811782032251358,1.473034143447876
452,Q2UA33_wild,C(C(C(CS)O)O)S,5.107941436849966,4.320367336273193,0.35988369584083557,1.5789042711257935
453,Q2UA33_wild,C(CC(=O)NC(CS)C(=O)NCC(=O)O)C(C(=O)O)N,6.1122577048492115,4.288941860198975,0.5164247751235962,1.610776424407959
454,Q9QZX7_wild,C(C(C(=O)O)N)OS(=O)(=O)O,0.0,-0.07629837095737457,-0.06666445732116699,0.17426206171512604
455,Q9QZX7_wild,C(C(C(=O)O)N)O,-0.7136932611567252,0.16993530094623566,0.9414122700691223,-0.07641202211380005
456,Q99042_wild,CC(C(=O)O)N,1.132625565274591,1.1208338737487793,0.6034877896308899,1.215509057044983
457,Q6R4Q9_F54S,CC(=O)OCC1=C(N2C(C(C2=O)NC(=O)CCCC(C(=O)O)N)SC1)C(=O)O,1.2676930903886805,0.8445866107940674,0.5179703831672668,1.5663925409317017
458,Q6R4Q9_F54A,CC(=O)OCC1=C(N2C(C(C2=O)NC(=O)CCCC(C(=O)O)N)SC1)C(=O)O,1.1839812189145917,0.8283289074897766,0.5165086388587952,1.566630244255066
459,Q6R4Q9_F54Y,CC(=O)OCC1=C(N2C(C(C2=O)NC(=O)CCCC(C(=O)O)N)SC1)C(=O)O,0.8830696725850156,0.8181920647621155,0.5036828517913818,1.5602940320968628
460,Q6R4Q9_wild,CC(=O)OCC1=C(N2C(C(C2=O)NC(=O)CCCC(C(=O)O)N)SC1)C(=O)O,0.58595396577038,0.8171366453170776,0.4983891546726227,1.5656325817108154
461,Q9HGY3_wild,CC(C(=O)O)N,1.2696215314123571,0.9236859083175659,0.4121878147125244,1.0677595138549805
462,A0A499UB99_wild,CSCCC(C(=O)O)N,2.7569619513137056,1.9079889059066772,0.31541773676872253,1.2767846584320068
463,A0A499UB99_wild,CC(C)C(C(=O)O)N,2.552841968657781,1.4951400756835938,0.4360883831977844,1.095797061920166
464,A0A499UB99_wild,CC(C(=O)O)N,1.845098040014257,1.4466456174850464,0.4050406813621521,1.2420936822891235
465,A0A499UB99_wild,C(CC(=O)O)C(C(=O)O)N,0.8748219167436452,1.5139272212982178,0.9978106617927551,0.8184903860092163
466,A0A499UB99_wild,C(CC(C(=O)O)N)CN=C(N)N,0.3756636139608854,0.8599705696105957,0.7278684973716736,1.016589879989624
467,Q12068_F132A,CC(C)CC=O,2.5399120845793592,1.4575674533843994,-0.26401597261428833,1.376230001449585
468,Q12068_V162A,CC(C)CC=O,2.419955748489758,1.4661823511123657,-0.2610706686973572,1.3805880546569824
469,Q12068_Y198F,CC(C)CC=O,2.1111504521226667,1.482316017150879,-0.29080215096473694,1.4124767780303955
470,Q12068_wild,CC(C)CC=O,2.2193599492126617,1.4685488939285278,-0.2670280933380127,1.3798986673355103
471,Q12068_Y128A,CC(C)CC=O,0.32005323297741156,1.4805816411972046,-0.26149341464042664,1.3929195404052734
472,Q12068_Y128F,CC(C)CC=O,2.2282217653081147,1.4759762287139893,-0.2867196202278137,1.4021685123443604
473,Q12068_Y198A,CC(C)CC=O,0.3556990918342102,1.4810714721679688,-0.27707239985466003,1.400317907333374
474,Q12068_F85A,CC(C)CC=O,-0.27447096714451324,1.430076241493225,-0.2612917423248291,1.344893217086792
475,O06401_wild,[O-]P(=O)([O-])[O-],9.64327466553287e-17,0.1677016168832779,0.014866544865071774,0.323066383600235
476,O06401_wild,CSCC1C(C(C(O1)N2C=NC3=C(N=CN=C32)N)O)O,1.6478174818886375,-0.22929491102695465,-2.0341603755950928,1.3573373556137085
477,P11766_wild,C(CC(=O)NC(CSN=O)C(=O)NCC(=O)O)C(C(=O)O)N,3.5489815478445426,1.2227556705474854,-1.0839709043502808,1.3528987169265747
478,Q9U8D3_wild,C1=NC2=C(C(=O)N1)N=CN2C3C(C(C(O3)COP(=O)(O)O)O)O,1.8466086310394954,-0.3954465687274933,-1.348116159439087,1.6127381324768066
479,Q9U8D3_C328D,C1=NC2=C(C(=O)N1)N=CN2C3C(C(C(O3)COP(=O)(O)O)O)O,1.7895398393130562,-0.3913145363330841,-1.3499293327331543,1.6115940809249878
480,Q9U8D3_K62L,C1=NC2=C(C(=O)N1)N=CN2C3C(C(C(O3)COP(=O)(O)O)O)O,1.7029727467896927,-0.45448699593544006,-1.3489010334014893,1.5792590379714966
481,Q9U8D3_T307V,C1=NC2=C(C(=O)N1)N=CN2C3C(C(C(O3)COP(=O)(O)O)O)O,1.7806835868990387,-0.40985479950904846,-1.3426569700241089,1.6146706342697144
482,Q9U8D3_C368S,C1=NC2=C(C(=O)N1)N=CN2C3C(C(C(O3)COP(=O)(O)O)O)O,1.6055483191737838,-0.38435056805610657,-1.3626012802124023,1.6087578535079956
483,Q9U8D3_C328S,C1=NC2=C(C(=O)N1)N=CN2C3C(C(C(O3)COP(=O)(O)O)O)O,1.7424356981171092,-0.34751102328300476,-1.3674486875534058,1.6384823322296143
484,Q9U8D3_C328S/C368S,C1=NC2=C(C(=O)N1)N=CN2C3C(C(C(O3)COP(=O)(O)O)O)O,1.4957264992367227,-0.33352145552635193,-1.3789972066879272,1.636891484260559
485,Q9U8D3_R155K,C1=NC2=C(C(=O)N1)N=CN2C3C(C(C(O3)COP(=O)(O)O)O)O,-0.6966371725035472,-0.39564111828804016,-1.3557424545288086,1.6042912006378174
486,Q9U8D3_N429V,C1=NC2=C(C(=O)N1)N=CN2C3C(C(C(O3)COP(=O)(O)O)O)O,0.8087935895865739,-0.41335564851760864,-1.3497740030288696,1.5990744829177856
487,Q9U8D3_R155L,C1=NC2=C(C(=O)N1)N=CN2C3C(C(C(O3)COP(=O)(O)O)O)O,-2.4072208929273966,-0.41017499566078186,-1.3388525247573853,1.599554181098938
488,P0A7D4_wild,C(C(C(=O)O)N)C(=O)O,0.9253663817030958,0.3578358590602875,-0.274193674325943,0.8088865280151367
489,P0A7D4_T129A,C1=NC2=C(N1C3C(C(C(O3)COP(=O)(O)OP(=O)(O)OP(=O)(O)O)O)O)N=C(NC2=O)N,-0.6071996309803734,0.10290191322565079,-0.829117476940155,0.9531821012496948
490,P0A7D4_wild,C1=NC2=C(N1C3C(C(C(O3)COP(=O)(O)OP(=O)(O)OP(=O)(O)O)O)O)N=C(NC2=O)N,2.1693578763967127,0.2895338237285614,-0.8662596344947815,1.0820748805999756
491,P0A7D4_wild,C1=NC2=C(C(=O)N1)N=CN2C3C(C(C(O3)COP(=O)(O)O)O)O,2.1660299330477852,0.3081500828266144,-1.1580649614334106,1.657670259475708
492,P0A7D4_wild,NO,-2.6627578316815743,0.1915561556816101,1.128221035003662,0.49301788210868835
493,P0A7D4_T301A,NO,-2.5788301506094875,0.18455307185649872,1.1271954774856567,0.48206090927124023
494,P28650_wild,C(C(C(=O)O)N)C(=O)O,3.1383026981662816,0.742996335029602,-0.5639497637748718,1.4649914503097534
495,Q57981_wild,C1=NC2=C(N1C3C(C(C(O3)COP(=O)(O)OP(=O)(O)OP(=O)(O)O)O)O)N=C(NC2=O)N,1.9938396912951817,0.3429397642612457,-0.9028939604759216,1.2115603685379028
496,Q57981_wild,C1=NC2=C(C(=O)N1)N=CN2C3C(C(C(O3)COP(=O)(O)O)O)O,1.745302338768712,0.12826065719127655,-1.2600442171096802,1.534497618675232
497,Q57981_wild,C(C(C(=O)O)N)C(=O)O,0.5902278457150301,0.2888002395629883,-0.13225795328617096,0.618013858795166
498,P28650_wild,C1=NC2=C(N1C3C(C(C(O3)COP(=O)(O)OP(=O)(O)OP(=O)(O)O)O)O)N=C(NC2=O)N,2.5642714304385628,0.5859211087226868,-1.0791776180267334,1.689063310623169
499,Q9C5I1_wild,C1(C(C(OC(C1O)OP(=O)(O)O)C(=O)O)O)O,2.8529469491011277,1.4991120100021362,-0.5749005079269409,2.012991189956665
500,Q9C5I1_wild,[O-]P(=O)([O-])OP(=O)([O-])[O-],2.935759103745312,2.0660207271575928,-0.8170530200004578,2.3221216201782227
501,Q9C5I1_wild,C1=CN(C(=O)NC1=O)C2C(C(C(O2)COP(=O)(O)OP(=O)(O)OC3C(C(C(C(O3)CO)O)O)O)O)O,2.676693609624867,1.5258069038391113,-0.7412160038948059,1.8510278463363647
502,Q9C5I1_wild,C1C(C(C(C(O1)OP(=O)(O)O)O)O)O,1.9637878273455553,1.3082048892974854,-0.1410199999809265,1.518776774406433
503,Q9C5I1_wild,C(C1C(C(C(C(O1)OP(=O)(O)O)O)O)O)O,2.7621238049494927,1.3012053966522217,-0.16678486764431,1.2833187580108643
504,Q9C5I1_wild,C1=CN(C(=O)NC1=O)C2C(C(C(O2)COP(=O)(O)OP(=O)(O)OP(=O)(O)O)O)O,3.146933030314468,1.0547597408294678,-0.8707425594329834,1.745833396911621
505,Q54HH2_wild,C(C(C(=O)O)N)O,1.1362197470179891,-0.046975985169410706,0.8207607865333557,0.22088581323623657
506,D1CCW1_wild,CC(C1=CC=CC=C1)N,-1.711807229041191,-0.3183291256427765,0.443438857793808,0.8062876462936401
507,D0LR31_wild,CCCC(C(=O)O)N,-0.22639637736707702,0.10867815464735031,0.16723504662513733,1.2232869863510132
508,D0LR31_wild,CC(C)CC(C(=O)O)N,0.16481024864599217,0.4093826115131378,-0.13261857628822327,1.3850449323654175
509,D0LR31_wild,CCC(C)C(C(=O)O)N,-0.38321675185133125,-0.07032474875450134,0.02643488347530365,1.1538935899734497
510,D0LR31_wild,CC(C)C(C(=O)O)N,-1.3505153587438996,0.2362159937620163,0.24598285555839539,1.167582392692566
511,Q65YW7_wild,CC(C(=O)O)N,2.0,1.2140065431594849,0.3710996210575104,0.8871173858642578
512,A0R6M0_wild,C1C2CN(CN2C3=C(N1)N=C(NC3=O)N)C4=CC=C(C=C4)C(=O)NC(CCC(=O)O)C(=O)O,1.8078089552948091,-0.12115643918514252,-1.4557029008865356,1.2342970371246338
513,A0R6M0_wild,C1C=CN(C=C1C(=O)N)C2C(C(C(O2)COP(=O)(O)OP(=O)(O)OCC3C(C(C(O3)N4C=NC5=C(N=CN=C54)N)O)O)O)O,2.2734464740318927,0.12884977459907532,-1.364376187324524,1.489538311958313
514,A0R6S0_wild,C1C2CN(CN2C3=C(N1)N=C(NC3=O)N)C4=CC=C(C=C4)C(=O)NC(CCC(=O)O)C(=O)O,0.6774810885022804,-0.38213732838630676,-1.2820851802825928,1.0112959146499634
515,A0R6S0_wild,C1C=CN(C=C1C(=O)N)C2C(C(C(O2)COP(=O)(O)OP(=O)(O)OCC3C(C(C(O3)N4C=NC5=C(N=CN=C54)N)O)O)O)O,1.0871501757189002,-0.14870521426200867,-1.232042670249939,1.2421194314956665
516,Q5JFV8_S80A,CC(C)C(C(C(=O)O)O)C(=O)O,1.662757831681574,0.8250142335891724,-0.9795300960540771,1.8680992126464844
517,Q5JFV8_L83R,C(CC(=O)O)C(C(C(=O)O)O)C(=O)O,2.4030195342013125,0.780892550945282,-0.5616072416305542,1.5667059421539307
518,Q5JFV8_S80A,C(C(C(C(=O)O)O)C(=O)O)C(=O)O,0.37413709399941286,0.7492098808288574,-0.6184270977973938,2.1133880615234375
519,Q5JFV8_wild,CC(C)C(C(C(=O)O)O)C(=O)O,1.1898795435413145,0.8310276865959167,-0.963322639465332,1.8730311393737793
520,Q5JFV8_T71V,C(C(C(C(=O)O)O)C(=O)O)C(=O)O,-0.3565473235138126,0.7756763696670532,-0.5759472250938416,2.10797381401062
521,Q5JFV8_I82N,C(C(C(C(=O)O)O)C(=O)O)C(=O)O,-0.3424226808222063,0.7445139288902283,-0.6024177074432373,2.11592698097229
522,Q5JFV8_wild,C(C(C(C(=O)O)O)C(=O)O)C(=O)O,2.5528419686577806,0.7497889399528503,-0.6029796004295349,2.1198172569274902
523,Q5JFV8_L81P,C(CC(=O)O)C(C(C(=O)O)O)C(=O)O,2.4906940619089366,0.7657275795936584,-0.5538326501846313,1.586662769317627
524,Q5JFV8_L81P,C(C(C(C(=O)O)O)C(=O)O)C(=O)O,-0.037788560889399754,0.735869288444519,-0.5796388387680054,2.157715320587158
525,Q5JFV8_S80A,C(CC(=O)O)C(C(C(=O)O)O)C(=O)O,2.2706473666702602,0.7510873079299927,-0.5873802304267883,1.5388879776000977
526,Q5JFV8_T71V,CC(C)C(C(C(=O)O)O)C(=O)O,1.1218695048806235,0.8514596819877625,-0.936712920665741,1.8568083047866821
527,Q5JFV8_L83R,C(C(C(C(=O)O)O)C(=O)O)C(=O)O,1.0561159419789314,0.7669947743415833,-0.5862264633178711,2.144540309906006
528,Q5JFV8_wild,C(CC(=O)O)C(C(C(=O)O)O)C(=O)O,3.367126061257818,0.7593792676925659,-0.5793249011039734,1.5430011749267578
529,Q5JFV8_T71V,C(CC(=O)O)C(C(C(=O)O)O)C(=O)O,0.7081133837758886,0.7830796241760254,-0.5441753268241882,1.5293612480163574
530,Q5JFV8_L81P,CC(C)C(C(C(=O)O)O)C(=O)O,0.34358234634944484,0.8751672506332397,-0.9250858426094055,1.9138259887695312
531,Q5JFV8_I82N,C(CC(=O)O)C(C(C(=O)O)O)C(=O)O,1.9904546820937696,0.7493326663970947,-0.5760147571563721,1.5351066589355469
532,P31570_wild,C1=NC(=C2C(=N1)N(C=N2)C3C(C(C(O3)COP(=O)(O)OP(=O)(O)OP(=O)(O)O)O)O)N,-0.5787589139191117,-1.0923916101455688,-1.2004283666610718,0.5937739014625549
533,P31570_wild,CC1=C2C(C(C([N-]2)C3(C(C(C(=N3)C(=C4C(C(C(=N4)C=C5C(C(C1=N5)CCC(=O)N)(C)C)CCC(=O)N)(C)CC(=O)N)C)CCC(=O)N)(C)CC(=O)N)C)CC(=O)N)(C)CCC(=O)NCC(C)O.[Co],-0.3256968792314759,-1.333451509475708,-1.612406849861145,0.8962606191635132
534,O00748_wild,CN1C2CCC1C(C(C2)OC(=O)C3=CC=CC=C3)C(=O)OC,4.216208482263664,0.36302757263183594,-1.7878353595733643,2.0927863121032715
535,O00748_wild,CC(=O)OC1C=CC2C3CC4=C5C2(C1OC5=C(C=C4)OC(=O)C)CCN3C,0.7213741139376381,-0.031923845410346985,-0.3125979006290436,1.0004363059997559
536,O00748_wild,CC(=O)OC1C=CC2C3CC4=C5C2(C1OC5=C(C=C4)O)CCN3C,-1.8971811273814232,-0.48090970516204834,-0.14178477227687836,0.8557915091514587
537,Q9XFS9_wild,C1C=CN(C=C1C(=O)N)C2C(C(C(O2)COP(=O)(O)OP(=O)(O)OCC3C(C(C(O3)N4C=NC5=C(N=CN=C54)N)OP(=O)(O)O)O)O)O,2.166331421766525,0.7283315658569336,-1.5253535509109497,2.0033771991729736
538,Q9XFS9_wild,CC(=O)C(C(COP(=O)(O)O)O)O,1.5228787452803376,0.6503933668136597,-0.42555752396583557,0.7345032095909119
539,Q9XFS9_wild,CC(CO)(C(COP(=O)(O)O)O)O,0.21645371772965022,0.3791908323764801,-0.17195358872413635,0.46318814158439636
540,P45568_wild,CC(=O)C(C(COP(=O)(O)O)O)O,5.33948823276131,1.5761816501617432,-0.5313683152198792,0.9142981767654419
541,P45568_wild,C1C=CN(C=C1C(=O)N)C2C(C(C(O2)COP(=O)(O)OP(=O)(O)OCC3C(C(C(O3)N4C=NC5=C(N=CN=C54)N)OP(=O)(O)O)O)O)O,6.123469026805678,1.6659858226776123,-1.7988922595977783,1.7707412242889404
542,Q8ZH62_wild,CC(=O)C(C(COP(=O)(O)O)O)O,0.8840959469276353,1.3188176155090332,-0.5100405216217041,0.9307726621627808
543,Q8ZH62_wild,C1C=CN(C=C1C(=O)N)C2C(C(C(O2)COP(=O)(O)OP(=O)(O)OCC3C(C(C(O3)N4C=NC5=C(N=CN=C54)N)OP(=O)(O)O)O)O)O,1.8961962790440432,1.525738000869751,-1.6679941415786743,1.738581895828247
544,C4R4L0_wild,C1C=CN(C=C1C(=O)N)C2C(C(C(O2)COP(=O)(O)OP(=O)(O)OCC3C(C(C(O3)N4C=NC5=C(N=CN=C54)N)OP(=O)(O)O)O)O)O,3.5595869710805497,1.4565600156784058,-1.6722338199615479,2.5950469970703125
545,C4R4L0_wild,C1=CC=C(C=C1)C=O,1.0195955560633807,1.4097965955734253,-0.06642992794513702,1.2174527645111084
546,O53585_W399S,C1=CN(C(=O)NC1=O)C2C(C(C(O2)COP(=O)(O)OP(=O)(O)OC3C(C(C(O3)C(CO)O)O)O)O)O,-1.8346326063360918,-0.455715537071228,-0.24485984444618225,0.886138916015625
547,O53585_H413S,C1=CN(C(=O)NC1=O)C2C(C(C(O2)COP(=O)(O)OP(=O)(O)OC3C(C(C(O3)C(CO)O)O)O)O)O,-2.031408464251624,-0.4302140176296234,-0.24415668845176697,0.8973386287689209
548,O53585_wild,C1=CN(C(=O)NC1=O)C2C(C(C(O2)COP(=O)(O)OP(=O)(O)OC3C(C(C(O3)C(CO)O)O)O)O)O,1.2775488998144582,-0.4401344358921051,-0.24888496100902557,0.8982319235801697
549,O53585_E300S,C1=CN(C(=O)NC1=O)C2C(C(C(O2)COP(=O)(O)OP(=O)(O)OC3C(C(C(O3)C(CO)O)O)O)O)O,-1.9242792860618816,-0.4404323101043701,-0.2510387599468231,0.9031288623809814
550,Q6XFB6_wild,C1=CN(C(=O)NC1=O)C2C(C(C(O2)COP(=O)(O)OP(=O)(O)OC3C(C(C(C(O3)CO)O)O)O)O)O,2.1931245983544616,0.6442998647689819,-1.178466796875,1.4927539825439453
551,Q988B8_wild,CC(=O)C(=O)[O-],1.930919080856701,0.3526262640953064,0.5483291745185852,0.7403663396835327
552,Q988B8_wild,CC1=NC=C(C(=C1O)CN)CO,2.803705354856032,0.053222090005874634,-0.42343512177467346,0.831684947013855
553,Q988B8_R336A,CC1=NC=C(C(=C1O)CN)CO,2.4471580313422194,0.07621195167303085,-0.4031003415584564,0.8225926160812378
554,Q988B8_E68A,CC1=NC=C(C(=C1O)CN)CO,-0.22184874961635637,0.04823970049619675,-0.44743770360946655,0.8472939729690552
555,Q988B8_E68G,CC1=NC=C(C(=C1O)CN)CO,-0.5114492834995558,0.05307505279779434,-0.45432138442993164,0.8543252348899841
556,Q988B8_Y35H/V70R/F247C,C(CC(=O)O)C(=O)C(=O)O,-0.03599765327151895,0.25603291392326355,1.0658944845199585,1.0239577293395996
557,Q988B8_E68A,CC1=NC=C(C(=C1O)CN)COP(=O)(O)O,-1.189056236220049,-0.18836288154125214,-0.5323337912559509,1.139615774154663
558,Q988B8_M2T/Y35H/V70K/E212G,C(CC(=O)O)C(C(=O)O)N,-1.2304489213782739,0.2079693078994751,1.6049729585647583,0.6808905005455017
559,Q988B8_V70K,C(CC(=O)O)C(C(=O)O)N,-1.7209245802240691,0.19286753237247467,1.6224453449249268,0.6501272916793823
560,Q988B8_Y35H/V70K,C(CC(=O)O)C(=O)C(=O)O,-0.3843672014827637,0.2805689871311188,1.0463687181472778,1.0570101737976074
561,Q988B8_Y35H/V70R/F247C,C(CC(=O)O)C(C(=O)O)N,-0.8211858826088454,0.19357699155807495,1.6203665733337402,0.6452992558479309
562,Q988B8_M2T/Y35H/V70K,C(CC(=O)O)C(=O)C(=O)O,-0.7802144109474171,0.2989099621772766,1.0425351858139038,1.0614210367202759
563,Q988B8_M2T/Y35H/V70K/E212G,C(CC(=O)O)C(=O)C(=O)O,-0.6334684555795865,0.25556549429893494,1.009811520576477,1.0811325311660767
564,Q988B8_Y35H/V70K,C(CC(=O)O)C(C(=O)O)N,-1.0044696224551535,0.23201771080493927,1.6159203052520752,0.6772168278694153
565,Q988B8_M2T/V70K,C(CC(=O)O)C(=O)C(=O)O,-1.2971148868918256,0.26495978236198425,1.0499470233917236,1.0374945402145386
566,Q988B8_wild,C(CC(=O)O)C(=O)C(=O)O,-1.6248789151314083,0.23316805064678192,1.060647964477539,1.046534538269043
567,Q988B8_V70K,C(CC(=O)O)C(=O)C(=O)O,-1.398363504056062,0.24538494646549225,1.0532044172286987,1.0315663814544678
568,Q988B8_V70R/F247C,C(CC(=O)O)C(=O)C(=O)O,-0.8284190821973214,0.22444942593574524,1.0688122510910034,1.0042083263397217
569,Q988B8_wild,C(CC(=O)O)C(C(=O)O)N,-1.9152239006415417,0.21395792067050934,1.623715877532959,0.6624728441238403
570,Q988B8_M2T/Y35H/V70K,C(CC(=O)O)C(C(=O)O)N,-1.1540605755148192,0.2530437111854553,1.6197508573532104,0.6827272176742554
571,Q988B8_V70R/F247C,C(CC(=O)O)C(C(=O)O)N,-1.4820285892144067,0.162517249584198,1.6231272220611572,0.6270174980163574
572,A4F1Q6_wild,C1=CN(C(=O)NC1=O)C2C(C(C(O2)COP(=O)(O)OP(=O)(O)OC3C(C(C(C(O3)CO)O)O)O)O)O,-0.08341829899087949,0.6178966760635376,-0.4278317093849182,0.6016627550125122
573,A4F1Q6_wild,C1=C(C=C(C(=C1O)O)O)C2=[O+]C3=CC(=CC(=C3C=C2OC4C(C(C(C(O4)COC(=O)CC(=O)O)O)O)O)O)O,2.0535030751604797,0.5273900032043457,-1.1616274118423462,0.5535501837730408
574,P46883_wild,C1=CC=C(C=C1)CCN,4.0142404391146105,1.472939133644104,-1.5326623916625977,1.6450453996658325
575,I6NC69_wild,C(CCN)CCN,0.5228787452803376,0.8889054656028748,-0.16298812627792358,0.882279098033905
576,I6NC69_wild,C1=CC=C(C=C1)CN,0.4471580313422192,2.1332309246063232,-0.725031316280365,1.4953787326812744
577,I6NC69_wild,C1=CC=NC(=C1)CCN,0.23194907652068214,1.1912332773208618,-0.3260582387447357,1.6903256177902222
578,I6NC69_wild,C(CCNCCCN)CN,0.4586378490256492,1.0069191455841064,-0.38482728600502014,1.3322420120239258
579,I6NC69_wild,C(CCN)CN,0.1995723549052041,1.7028002738952637,-0.2633802592754364,1.251143217086792
580,I6NC69_wild,C1=CC(=CN=C1)CN,0.1995723549052041,2.1609339714050293,0.09983496367931366,1.8781918287277222
581,I6NC69_wild,C1=CN=CC=C1CN,0.21260809288144378,1.8522648811340332,-0.06491728872060776,1.4371092319488525
582,I6NC69_wild,C1=C(NC=N1)CCN,0.4101744650890493,1.4042041301727295,-0.276616632938385,1.2500269412994385
583,Q2FZP6_wild,C(CCN)CC(C(=O)O)N,0.9438541056446367,-0.3220655620098114,0.3337310552597046,0.28363457322120667
584,Q2FZP6_P408A,C(CCN)CC(C(=O)O)N,-1.0395752583099824,-0.3860444128513336,0.35509392619132996,0.23070359230041504
585,Q2FZP6_D406A,C(CCN)CC(C(=O)O)N,-3.447158031342219,-0.3907046318054199,0.35744354128837585,0.23513063788414001
586,P60785_wild,C1=NC2=C(N1C3C(C(C(O3)COP(=O)(O)OP(=O)(O)OP(=O)(O)O)O)O)N=C(NC2=O)N,0.9303640718586055,0.9152339696884155,-1.1079859733581543,1.0981720685958862
587,Q1J2J0_wild,C1=CC(=C[N+](=C1)C2C(C(C(O2)COP(=O)(O)OP(=O)(O)OCC3C(C(C(O3)N4C=NC5=C(N=CN=C54)N)OP(=O)(O)O)O)O)O)C(=O)N,0.539504487663321,0.9927380681037903,-0.7044562697410583,1.4015097618103027
588,Q1J2J0_wild,C1=CC(=C[N+](=C1)C2C(C(C(O2)COP(=O)([O-])OP(=O)(O)OCC3C(C(C(O3)N4C=NC5=C(N=CN=C54)N)O)O)O)O)C(=O)N,0.7879110876727999,1.2092750072479248,-0.4942382276058197,1.3494247198104858
589,P0C062_wild,C1=CC=C(C=C1)CC(C(=O)O)N,1.7873919071185564,-0.9228269457817078,-1.7088820934295654,0.508141279220581
590,P04968_T344A,CC(C(C(=O)O)N)O,1.5765454058948587,2.4917097091674805,1.1343703269958496,0.39041006565093994
591,P04968_G323D/F510L/T344A,CC(C(C(=O)O)N)O,1.6986383552310103,2.4788177013397217,1.1442843675613403,0.3708404302597046
592,P04968_wild,CC(C(C(=O)O)N)O,1.9890814072259058,2.481769323348999,1.1376866102218628,0.38666263222694397
593,P04968_A14T,CC(C(C(=O)O)N)O,1.5888317255942073,2.475839853286743,1.1390272378921509,0.3828413784503937
594,P04968_G323D/F510L/T344A/R449C,CC(C(C(=O)O)N)O,1.6845250165591783,2.4321467876434326,1.1518405675888062,0.3438347280025482
595,P04968_R449C,CC(C(C(=O)O)N)O,1.5889545599419777,2.4319183826446533,1.1453338861465454,0.35584986209869385
596,P04968_F510L,CC(C(C(=O)O)N)O,1.6381186759151078,2.4923079013824463,1.1375311613082886,0.39004477858543396
597,P04968_G323D/T344A,CC(C(C(=O)O)N)O,1.616632872890652,2.4698047637939453,1.1439905166625977,0.36802172660827637
598,P04968_G323D/F510L,CC(C(C(=O)O)N)O,1.6866227295050975,2.4677698612213135,1.1510703563690186,0.3663983643054962
599,P04968_G323D/F510L/R449C,CC(C(C(=O)O)N)O,1.6803054015899448,2.4195783138275146,1.1565293073654175,0.3385999798774719
600,P04968_G323D,CC(C(C(=O)O)N)O,1.6191678940198186,2.457662343978882,1.1504961252212524,0.363429993391037
601,P04968_A14T/G323D,CC(C(C(=O)O)N)O,1.6578369525401466,2.4510786533355713,1.1520006656646729,0.3596504330635071
602,Q9GZT4_wild,C(C(C(=O)O)N)O,-0.370433587578407,0.1166083887219429,1.0624423027038574,-0.07593035697937012
603,Q9GZT4_D318N,C(C(C(=O)O)N)O,-1.4156687756324693,0.09921189397573471,1.0551178455352783,-0.06453967094421387
604,Q9GZT4_C113S,C(C(C(=O)O)N)O,-1.8029748341086758,0.11441861093044281,1.079542875289917,-0.07631438970565796
605,F7ZG00_wild,C(C(C(=O)O)N)O,-1.219494844222879,0.33229073882102966,1.0489639043807983,0.37141215801239014
606,A0A0U5AKI6_P150S/P151S/Y152S,C(C(C(=O)O)N)O,-3.4153838989532463,-0.7217632532119751,1.2037721872329712,-0.0007848739624023438
607,A0A0U5AKI6_wild,C(C(C(=O)O)N)O,-4.008156004617913,-0.2380598932504654,1.114571452140808,0.3382183611392975
608,A0A0U4MRI4_wild,C(C(C(=O)O)N)O,-4.135528806384867,-0.14681608974933624,1.161804437637329,0.2968323230743408
609,A0A0H3JPC6_wild,CC(=O)NC1C(C(C(OC1OP(=O)(O)OP(=O)(O)OCC2C(C(C(O2)N3C=CC(=O)NC3=O)O)O)CO)O)O,0.1391791757229101,-0.572464644908905,-1.2725673913955688,0.7464321851730347
610,Q04760_wild,C(CC(=O)NC(CS)C(=O)NCC(=O)O)C(C(=O)O)N,4.443342828341704,2.3229293823242188,-1.0032812356948853,1.7598165273666382
611,Q04760_wild,CCOC(=O)CNC(=O)C(CS)NC(=O)CCC(C(=O)O)N,3.5915945576497976,2.129650831222534,-1.1884771585464478,1.648077130317688
612,Q04760_wild,C1CCNC(=O)CNC(=O)C(CSSCC(C(=O)NCC(=O)NCCCNC1)NC(=O)CCC(C(=O)O)N)NC(=O)CCC(C(=O)O)N,2.9030899869919438,2.210223436355591,-1.529931664466858,2.359527111053467
613,Q04760_wild,CC(C)OC(=O)CNC(=O)C(CS)NC(=O)CCC(C(=O)O)N,3.6220771048498497,2.3757214546203613,-1.110671043395996,1.827172875404358
614,O30463_D31Q,C1C(=NC2=C(N1)N=C(NC2=O)N)CNC3=CC=C(C=C3)C(=O)NC(CCC(=O)O)C(=O)O,2.8143634230380883,0.5269476771354675,-2.9489336013793945,1.9493272304534912
615,O30463_D31N,C1C(=NC2=C(N1)N=C(NC2=O)N)CNC3=CC=C(C=C3)C(=O)NC(CCC(=O)O)C(=O)O,3.3793486903220082,0.562459409236908,-2.9176125526428223,1.9609906673431396
616,O30463_wild,C1C(=NC2=C(N1)N=C(NC2=O)N)CNC3=CC=C(C=C3)C(=O)NC(CCC(=O)O)C(=O)O,4.466655821041497,0.8513506054878235,-3.051269292831421,2.1179323196411133
617,O30463_D31E,C1C(=NC2=C(N1)N=C(NC2=O)N)CNC3=CC=C(C=C3)C(=O)NC(CCC(=O)O)C(=O)O,3.2751294256910453,0.7788310050964355,-2.985241413116455,2.047898769378662
618,P00374_wild,C1C=CN(C=C1C(=O)N)C2C(C(C(O2)COP(=O)(O)OP(=O)(O)OCC3C(C(C(O3)N4C=NC5=C(N=CN=C54)N)OP(=O)(O)O)O)O)O,5.503450193442012,1.0995656251907349,-2.018982410430908,2.935299873352051
619,O30463_L32D,C1C(=NC2=C(N1)N=C(NC2=O)N)CNC3=CC=C(C=C3)C(=O)NC(CCC(=O)O)C(=O)O,3.1497623203333323,0.7615116238594055,-3.0171823501586914,2.020697593688965
620,P00374_wild,C1C(=NC2=C(N1)N=C(NC2=O)N)CNC3=CC=C(C=C3)C(=O)NC(CCC(=O)O)C(=O)O,6.20242019777803,0.9017316102981567,-2.201981782913208,2.58807373046875
621,O30463_L32D,C1C=CN(C=C1C(=O)N)C2C(C(C(O2)COP(=O)(O)OP(=O)(O)OCC3C(C(C(O3)N4C=NC5=C(N=CN=C54)N)OP(=O)(O)O)O)O)O,4.075720713938118,0.62142413854599,-3.0594587326049805,1.7726937532424927
622,O30463_D31E,C1C=CN(C=C1C(=O)N)C2C(C(C(O2)COP(=O)(O)OP(=O)(O)OCC3C(C(C(O3)N4C=NC5=C(N=CN=C54)N)OP(=O)(O)O)O)O)O,3.010723865391773,0.6660891771316528,-3.004648208618164,1.808323621749878
623,O30463_D31A,C1C=CN(C=C1C(=O)N)C2C(C(C(O2)COP(=O)(O)OP(=O)(O)OCC3C(C(C(O3)N4C=NC5=C(N=CN=C54)N)OP(=O)(O)O)O)O)O,2.938343098935908,0.39609548449516296,-2.924219846725464,1.653011441230774
624,O30463_L32F,C1C(=NC2=C(N1)N=C(NC2=O)N)CNC3=CC=C(C=C3)C(=O)NC(CCC(=O)O)C(=O)O,4.489710382027683,0.7788432240486145,-3.033583879470825,2.0818560123443604
625,O30463_L32A,C1C(=NC2=C(N1)N=C(NC2=O)N)CNC3=CC=C(C=C3)C(=O)NC(CCC(=O)O)C(=O)O,4.227243781503063,0.7964924573898315,-3.0666284561157227,2.0556845664978027
626,O30463_D31Q,C1C=CN(C=C1C(=O)N)C2C(C(C(O2)COP(=O)(O)OP(=O)(O)OCC3C(C(C(O3)N4C=NC5=C(N=CN=C54)N)OP(=O)(O)O)O)O)O,3.5255431369617494,0.44465258717536926,-2.9772696495056152,1.6908267736434937
627,O30463_V76A,C1C(=NC2=C(N1)N=C(NC2=O)N)CNC3=CC=C(C=C3)C(=O)NC(CCC(=O)O)C(=O)O,4.379747003846019,0.8378020524978638,-3.0007646083831787,2.084347724914551
628,O30463_L32F,C1C=CN(C=C1C(=O)N)C2C(C(C(O2)COP(=O)(O)OP(=O)(O)OCC3C(C(C(O3)N4C=NC5=C(N=CN=C54)N)OP(=O)(O)O)O)O)O,4.251544632584063,0.6783707737922668,-2.997105121612549,1.8414820432662964
629,O30463_D31A,C1C(=NC2=C(N1)N=C(NC2=O)N)CNC3=CC=C(C=C3)C(=O)NC(CCC(=O)O)C(=O)O,1.3662967271765727,0.48318037390708923,-2.905184268951416,1.9240485429763794
630,O30463_D31N,C1C=CN(C=C1C(=O)N)C2C(C(C(O2)COP(=O)(O)OP(=O)(O)OCC3C(C(C(O3)N4C=NC5=C(N=CN=C54)N)OP(=O)(O)O)O)O)O,4.042928200541811,0.5039195418357849,-2.931290626525879,1.7082840204238892
631,O30463_D31L,C1C(=NC2=C(N1)N=C(NC2=O)N)CNC3=CC=C(C=C3)C(=O)NC(CCC(=O)O)C(=O)O,-0.8987251815894934,0.37003687024116516,-2.8854432106018066,1.8813915252685547
632,D9RZ53_wild,C1C(C(C(C(O1)(CO)O)O)O)O,-0.20063420013320712,1.2444660663604736,1.7383770942687988,0.20963087677955627
633,D9RZ53_wild,C(C1C(C(C(C(O1)O)O)O)O)O,0.4609344936263885,1.5660253763198853,1.684629201889038,0.30555105209350586
634,D9RZ53_wild,C1C(C(C(C(O1)O)O)O)O,0.5239980615749416,1.7205564975738525,1.6410988569259644,0.47729769349098206
635,P25576_wild,C1=CC(=C[N+](=C1)C2C(C(C(O2)COP(=O)(O)[O-])O)O)C(=O)N,1.1940351982874446,0.3297475576400757,-0.7633921504020691,1.0369545221328735
636,A0A0S2UQQ5_wild,C1C(C(C(C(O1)OC2COC(C(C2O)O)OC3COC(C(C3O)O)O)O)O)O,1.8599725925974768,0.7643668055534363,0.3824857771396637,0.45151418447494507
637,P00727_wild,CSCCC(C(=O)NCC(=O)O)N,2.880960076026413,2.2465054988861084,0.26479214429855347,1.7497509717941284
638,P00727_wild,CC(C)CC(C(=O)NCC(=O)O)N,2.6532125137753435,2.2136495113372803,0.2600615918636322,1.744436264038086
639,P00727_wild,C(C(C(=O)NCC(=O)O)N)S,2.44985768560104,2.1533167362213135,0.18015779554843903,1.8751919269561768
640,P00727_wild,C(C(C(=O)NCC(=O)O)N)O,0.9242792860618817,1.9039039611816406,0.4346614181995392,1.675856590270996
641,A4CYJ9_wild,C(C(C(C(=O)O)O)C(=O)O)C(=O)O,2.9554178673472595,1.0087180137634277,-0.9991638660430908,2.0056562423706055
642,A4CYJ9_wild,C(CC(=O)O)C(C(C(=O)O)O)C(=O)O,2.8742694774259774,0.9001290202140808,-0.8848733305931091,1.3935296535491943
643,A0A346XR64_wild,C1=CC(=C(C=C1C2=[O+]C3=CC(=CC(=C3C=C2O)O)O)O)O,2.82579288481887,0.11643955111503601,-1.3928784132003784,0.8581174612045288
644,O86938_wild,C(C(=O)C(=O)[O-])P(=O)(O)[O-],2.566732028986219,0.21828025579452515,-1.0421239137649536,1.0967615842819214
645,O86938_H111A,C(C(=O)C(=O)[O-])P(=O)(O)[O-],1.9794783328553984,0.23307904601097107,-1.0441256761550903,1.1060441732406616
646,O86938_D297E,C(C(=O)C(=O)[O-])P(=O)(O)[O-],1.2787536009528289,0.22008027136325836,-1.0378355979919434,1.100451946258545
647,O86938_S25N,C(C(=O)C(=O)[O-])P(=O)(O)[O-],0.4941545940184428,0.1734524518251419,-1.0232166051864624,1.066863775253296
648,O86938_S25D,C(C(=O)C(=O)[O-])P(=O)(O)[O-],-0.6759556409139034,0.1975060999393463,-1.0291390419006348,1.0834290981292725
649,O86938_D297N,C(C(=O)C(=O)[O-])P(=O)(O)[O-],-0.7396442534629067,0.22504441440105438,-1.0427552461624146,1.1083956956863403
650,O94760_L271G,CSC(=NCCCC(C(=O)O)N)N,0.8406436985880068,-1.2192914485931396,-1.583800196647644,1.2105576992034912
651,O94760_wild,CN(C)C(=NCCCC(C(=O)O)N)N,-0.895264649479987,-1.696152925491333,-0.30974382162094116,0.7733885645866394
652,O94760_L30A,CN(C)C(=NCCCC(C(=O)O)N)N,-1.9339404312742803,-1.7294938564300537,-0.3359844982624054,0.7542608976364136
653,O94760_L30A,CSC(=NCCCC(C(=O)O)N)N,1.0669467896306133,-1.2944365739822388,-1.5790013074874878,1.1553616523742676
654,O94760_L271G,CN(C)C(=NCCCC(C(=O)O)N)N,-1.9355420107730816,-1.6684091091156006,-0.3309752345085144,0.8109911680221558
655,O94760_E78A,CN(C)C(=NCCCC(C(=O)O)N)N,-3.9606293081007258,-1.8510768413543701,-0.25166264176368713,0.5614776611328125
656,A0A3G1ICG7_wild,CCCCCCCCCC(=O)SCCNC(=O)CCNC(=O)C(C(C)(C)COP(=O)(O)OP(=O)(O)OCC1C(C(C(O1)N2C=NC3=C(N=CN=C32)N)O)OP(=O)(O)O)O,1.973589623427257,-0.7991257905960083,-1.3736988306045532,1.4712690114974976
657,A0A3G1ICG7_wild,CCCCCCCCCCCCCC(=O)SCCNC(=O)CCNC(=O)C(C(C)(C)COP(=O)(O)OP(=O)(O)OCC1C(C(C(O1)N2C=NC3=C(N=CN=C32)N)O)OP(=O)(O)O)O,1.252656265372705,-0.828809380531311,-1.5212117433547974,1.5312210321426392
658,A0A3G1ICG7_wild,CCCCCCCC(=O)SCCNC(=O)CCNC(=O)C(C(C)(C)COP(=O)(O)OP(=O)(O)OCC1C(C(C(O1)N2C=NC3=C(N=CN=C32)N)O)OP(=O)(O)O)O,0.9186950603225196,-0.8097903728485107,-1.3118771314620972,1.4387962818145752
659,A0A3G1ICG7_wild,CCCCCCCCCCCCCCCC(=O)SCCNC(=O)CCNC(=O)C(C(C)(C)COP(=O)(O)OP(=O)(O)OCC1C(C(C(O1)N2C=NC3=C(N=CN=C32)N)O)OP(=O)(O)O)O,1.1383026981662816,-0.8717159032821655,-1.5592180490493774,1.5275992155075073
660,A0A3G1ICG7_wild,CCCCCCCCCCCC(=O)SCCNC(=O)CCNC(=O)C(C(C)(C)COP(=O)(O)OP(=O)(O)OCC1C(C(C(O1)N2C=NC3=C(N=CN=C32)N)O)OP(=O)(O)O)O,0.9718037568289607,-0.806788444519043,-1.4542526006698608,1.5173147916793823
661,A0A3G1ICG7_wild,CCCCCCCCCCCCCCCCCC(=O)SCCNC(=O)CCNC(=O)C(C(C)(C)COP(=O)(O)OP(=O)(O)OCC1C(C(C(O1)N2C=NC3=C(N=CN=C32)N)O)OP(=O)(O)O)O,0.9007951627256515,-0.8676853179931641,-1.558966040611267,1.5302850008010864
662,A0A3G1ICG7_wild,CCCCCC=CCC=CCC=CCC=CCCCC(=O)SCCNC(=O)CCNC(=O)C(C(C)(C)COP(=O)(O)OP(=O)(O)OCC1C(C(C(O1)N2C=NC3=C(N=CN=C32)N)O)OP(=O)(O)O)O,-0.1373924783023275,-0.8639941215515137,-1.6025844812393188,1.5672463178634644
663,A0A3G1ICG7_wild,CCC=CCC=CCC=CCC=CCC=CCCCC(=O)SCCNC(=O)CCNC(=O)C(C(C)(C)COP(=O)([O-])OP(=O)([O-])OCC1C(C(C(O1)N2C=NC3=C(N=CN=C32)N)O)OP(=O)([O-])[O-])O,0.6711048260142672,-0.6580884456634521,-1.5471793413162231,1.385384440422058
664,Q03034_wild,C1=CC(=CC=C1C=CC(=O)O)O,0.7651307403911326,0.5080163478851318,-0.4744004011154175,1.336461067199707
665,Q03034_wild,C1=CC=C(C=C1)C=CC(=O)O,1.3245110915137452,0.9489976763725281,-0.8488166928291321,1.4159533977508545
666,Q03034_wild,COC1=C(C=CC(=C1)C=CC(=O)O)O,0.21230343171012594,0.5223104953765869,-0.5682855248451233,1.3155889511108398
667,Q70DV6_wild,C1C=CN(C=C1C(=O)N)C2C(C(C(O2)COP(=O)(O)OP(=O)(O)OCC3C(C(C(O3)N4C=NC5=C(N=CN=C54)N)O)O)O)O,1.255272505103306,0.40196943283081055,-1.6150990724563599,2.335519313812256
668,P23141_wild,CC1(C(C1C(=O)OC(C#N)C2=CC(=CC=C2)OC3=CC=CC=C3)C=C(Cl)Cl)C,0.37675077641663013,-1.2853018045425415,-2.290505886077881,1.8307645320892334
669,P23141_wild,CC(=O)OC1=CC=C(C=C1)[N+](=O)[O-],3.4137342758552696,0.9181787967681885,-0.9822766184806824,1.4014521837234497
670,P23141_wild,CCC1=C2CN3C(=CC4=C(C3=O)COC(=O)C4(CC)O)C2=NC5=C1C=C(C=C5)OC(=O)N6CCC(CC6)N7CCCCC7,-1.917217403555397,-2.747680425643921,-2.188011646270752,1.3165194988250732
671,P06617_K365M,C1=CC=C2C(=C1)C(=CN2)CC(C(=O)O)N,-3.7367585652254185,-0.9288979768753052,-0.26572185754776,0.8361632823944092
672,P06617_W466F,C1=CC=C2C(=C1)C(=CN2)CC(C(=O)O)N,1.8498444750387186,-0.12549330294132233,-0.5411147475242615,1.3043756484985352
673,P06617_wild,O=O,2.166331421766525,0.5123313069343567,-0.5399721264839172,1.8391815423965454
674,Q6E7F1_wild,CC1C(C(C(C(O1)OP(=O)(O)OP(=O)(O)OCC2C(CC(O2)N3C=C(C(=O)NC3=O)C)O)O)O)O,-1.78710609303657,-1.011064052581787,-0.6508432626724243,-0.04726284742355347
675,Q2UII1_wild,C1C(C(OC2=CC(=CC(=C21)O)O)C3=CC(=C(C(=C3)O)O)O)OC(=O)C4=CC(=C(C(=C4)O)O)O,1.5492076840026867,1.009690761566162,-0.5458402633666992,1.5775830745697021
676,Q2UII1_wild,C1C(C(OC2=CC(=CC(=C21)O)O)C3=CC(=C(C=C3)O)O)OC(=O)C4=CC(=C(C(=C4)O)O)O,1.4214211045216811,1.149537205696106,-0.6686891317367554,1.763742446899414
677,Q2UII1_wild,CCOC(=O)C1=CC(=C(C=C1)O)O,-0.3727232203190561,1.141796588897705,0.0491132028400898,1.5434197187423706
678,Q2UII1_wild,COC(=O)C1=CC(=C(C(=C1)O)O)O,1.397156790277791,1.4157277345657349,0.02437492460012436,1.638858437538147
679,B7VF77_wild,C1=CC=C2C=C(C=CC2=C1)C=O,3.0230653040686937,2.3219285011291504,-0.5676272511482239,1.6701908111572266
680,B7VF77_wild,COC1=CC=C(C=C1)C=O,2.220854940299613,2.0142972469329834,0.23488520085811615,1.124853253364563
681,B7VF77_wild,C1OC2=C(O1)C=C(C=C2)C=O,2.1087731188407464,2.1087143421173096,0.4162961542606354,1.1842257976531982
682,B7VF77_wild,C1=CC=C(C=C1)C(C#N)O,2.5413621509743507,1.709233045578003,-0.35719701647758484,1.4275567531585693
683,B7VF77_wild,C1=CC=C(C=C1)C=O,2.1697510810246623,2.048441171646118,0.40573498606681824,0.9744731187820435
684,B7VF77_wild,CC(C)C=O,0.4202164033831899,2.0571672916412354,1.0707805156707764,0.7551926374435425
685,B7VF77_wild,CC(C)(C)C=O,0.6204512976722724,2.2931272983551025,0.6601559519767761,1.2970645427703857
686,B7VF77_wild,CCC=O,0.3487393748221783,1.880316972732544,1.5098265409469604,0.6767500638961792
687,A4F2M4_wild,C1=NC(=C2C(=N1)N(C=N2)C3C(C(C(O3)COP(=O)(O)OP(=O)(O)OC4C(C(C(C(O4)CO)O)O)O)O)O)N,3.017294255186414,1.4687223434448242,-0.5261576771736145,0.5425376296043396
688,Q5VT66_wild,N(=O)[O-],-1.9777236052888478,0.4689027965068817,0.13572904467582703,1.0693633556365967
689,Q9BRA2_wild,C(C(C(=O)O)N)SSCC(C(=O)O)N,4.578352641510361,1.398188591003418,-1.6151655912399292,1.5502164363861084
690,P40881_wild,C(=O)=O,3.0876875264499932,2.416154146194458,1.0705269575119019,1.8976936340332031
691,A0A1B1Y7V0_wild,C1(C(C(OC(C1OC2C(C(C(C(O2)C(=O)O)P)O)O)C(=O)O)OP)O)O,3.0714780557680594,1.0333088636398315,-1.023066520690918,1.4788522720336914
692,B9J8U1_wild,C(C(C(C(=O)O)O)O)O,0.6232492903979004,1.1771788597106934,0.13650116324424744,1.2755489349365234
693,B9J8U1_wild,C(C(C(C(C(C(=O)[O-])O)O)O)O)O,1.5578563288359089,1.4009380340576172,0.15001624822616577,1.0534979104995728
694,B9J8U1_wild,C(C(C(C(C(=O)[O-])O)O)O)O,0.533483576963841,1.5437202453613281,0.11313445121049881,1.17417573928833
695,A0A0H2YQI3_wild,CC1C(C(C(C(O1)OC2C(OC(C(C2OC3C(C(C(C(O3)CO)O)O)O)NC(=O)C)O)CO)O)O)O,0.9383905861681352,1.0487841367721558,0.15781378746032715,0.9459390044212341
696,A0A0H2YQI3_wild,CC1C(C(C(C(O1)OC2C(C(OC(C2OC3C(C(C(C(O3)CO)O)O)O)CO)O)NC(=O)C)O)O)O,0.9819768958667274,0.977704644203186,0.1452617347240448,0.9184609055519104
697,A0NP48_Y216F,C(C(C(C(C(=O)O)O)O)O)O,1.0,0.1231783777475357,0.4230581223964691,0.27876025438308716
698,A0NP48_wild,C(C(C(C(C(C(=O)O)O)O)O)O)O,0.47712125471966244,0.19831448793411255,0.42279958724975586,0.1065153181552887
699,Q97V40_wild,CC(=O)C(=O)[O-],-0.05115252244738131,-0.6856014728546143,-0.4612813889980316,0.4555355906486511
700,Q97V40_wild,C1=NC(=C2C(=N1)N(C=N2)C3C(C(C(O3)COP(=O)(O)OP(=O)(O)OP(=O)(O)O)O)O)N,-0.27211223494282805,-0.68548583984375,-0.754347026348114,0.7176147699356079
701,G0ZDQ5_wild,CC(C)(COP(=O)(O)OP(=O)(O)OCC1C(C(C(O1)N2C=NC3=C(N=CN=C32)N)O)OP(=O)(O)O)C(C(=O)NCCC(=O)NCCSC(=O)C=CC4=CC(=C(C=C4)O)O)O,0.15299715657300536,0.2695033848285675,-1.1857198476791382,1.8697996139526367
702,G0ZDQ5_wild,C1C(C(C(CC1(C(=O)O)O)O)O)O,1.1318366559170496,0.30382871627807617,-0.07410931587219238,1.0123789310455322
703,G0ZDQ5_wild,CC(C)(COP(=O)(O)OP(=O)(O)OCC1C(C(C(O1)N2C=NC3=C(N=CN=C32)N)O)OP(=O)(O)O)C(C(=O)NCCC(=O)NCCSC(=O)C=CC4=CC=C(C=C4)O)O,0.558990491415222,0.2056197077035904,-1.2019212245941162,1.7967839241027832
704,G0ZDQ5_wild,C1C(C(C(C=C1C(=O)O)O)O)O,-1.5704651023546878,0.286070317029953,0.18628549575805664,1.2188235521316528
705,C3W4Y2_wild,C1=CC(=CC=C1[N+](=O)[O-])OC2C(C(C(O2)CO)O)O,0.6232492903979004,0.32885780930519104,0.20481476187705994,0.7401997447013855
706,A3DEX4_wild,C1=CC(=CC=C1[N+](=O)[O-])OC2C(C(C(O2)CO)O)O,1.9804578922761,-0.13300424814224243,-0.22377340495586395,0.8592115640640259
707,A3DEX4_wild,C1C(C(C(C(O1)OC2=CC=C(C=C2)[N+](=O)[O-])O)O)O,1.5610029711215776,0.32601121068000793,-0.04368576407432556,0.7186356782913208
708,C0BWQ2_wild,CC(CCC(=O)O)C1CCC2C1(C(=O)CC3C2CCC4C3(CCC(C4)O)C)C,3.1395324826462847,1.4344441890716553,-1.1208945512771606,0.9401927590370178
709,C0BWQ2_wild,C1C=CN(C=C1C(=O)N)C2C(C(C(O2)COP(=O)(O)OP(=O)(O)OCC3C(C(C(O3)N4C=NC5=C(N=CN=C54)N)OP(=O)(O)O)O)O)O,2.964518118176151,1.459795355796814,-1.6549314260482788,2.244790554046631
710,C0BWQ2_wild,CC(CCC(=O)O)C1CCC2C1(C(CC3C2CCC4C3(CCC(C4)O)C)O)C,2.690783361364664,1.2688863277435303,-1.1176522970199585,0.8106111288070679
711,C0BWQ2_wild,C1=CC(=C[N+](=C1)C2C(C(C(O2)COP(=O)(O)OP(=O)(O)OCC3C(C(C(O3)N4C=NC5=C(N=CN=C54)N)OP(=O)(O)O)O)O)O)C(=O)N,2.7807758676071312,1.3615913391113281,-1.1153312921524048,1.6101796627044678
712,R7AM69_wild,CC(CCC(=O)O)C1CCC2C1(C(CC3C2CCC4C3(CCC(C4)O)C)O)C,1.8548035938861291,1.5063822269439697,-0.870169460773468,1.1615519523620605
713,B6FYX7_wild,CC(CCC(=O)O)C1CCC2C1(C(=O)CC3C2CCC4C3(CCC(C4)O)C)C,3.322707540408618,1.496301293373108,-1.1989331245422363,1.2350120544433594
714,B6FYX7_wild,C1C=CN(C=C1C(=O)N)C2C(C(C(O2)COP(=O)(O)OP(=O)(O)OCC3C(C(C(O3)N4C=NC5=C(N=CN=C54)N)OP(=O)(O)O)O)O)O,3.2761241382199557,1.5577490329742432,-1.5482739210128784,2.496917486190796
715,B6FYX7_wild,CC(CCC(=O)O)C1CCC2C1(C(CC3C2CCC4C3(CCC(C4)O)C)O)C,2.8718810607552716,1.344703197479248,-1.1811984777450562,1.0711538791656494
716,B6FYX7_wild,C1=CC(=C[N+](=C1)C2C(C(C(O2)COP(=O)(O)OP(=O)(O)OCC3C(C(C(O3)N4C=NC5=C(N=CN=C54)N)OP(=O)(O)O)O)O)O)C(=O)N,3.0061010201389515,1.4588805437088013,-1.0265980958938599,1.8668904304504395
717,Q27564_wild,CC1=CN(C(=O)NC1=O)C2CC(C(O2)CO)O,3.167491087293764,-0.1812819391489029,-2.2464723587036133,1.5970829725265503
718,P26997_D256R,C1C(C(C(C(O1)O)O)O)O,-0.5600954897844264,1.510280728340149,1.5897424221038818,0.6544533967971802
719,P26997_N91D/D375G/V385A,C1C(C(C(C(O1)O)O)O)O,0.4656506256340577,1.38312828540802,1.6267350912094116,0.5342553853988647
720,P26997_N91D/D375G,C1C(C(C(C(O1)O)O)O)O,0.7668067419868683,1.3820586204528809,1.6234865188598633,0.5416721105575562
721,P26997_N91D,C1C(C(C(C(O1)O)O)O)O,0.5231643713885634,1.4700679779052734,1.6065356731414795,0.5918155312538147
722,P26997_N91D/K355A,C1C(C(C(C(O1)O)O)O)O,0.9925759819207931,1.451495885848999,1.6039668321609497,0.5840737819671631
723,P26997_N91D/V144A,C1C(C(C(C(O1)O)O)O)O,0.7725057458664852,1.4361705780029297,1.6113897562026978,0.575969398021698
724,P26997_wild,C1C(C(C(C(O1)O)O)O)O,1.1318274741184702,1.5702787637710571,1.58151376247406,0.6624361276626587
725,P26997_wild,C(C1C(C(C(C(O1)O)O)O)O)O,-0.9114535504767457,1.1548941135406494,1.9680538177490234,0.27734991908073425
726,P24300_wild,C(C(C=O)O)O,-4.477121254719663,-0.6510852575302124,1.060879111289978,0.16157984733581543
727,P24300_wild,C1C(C(C(C(O1)O)O)O)O,-0.3099848383169076,0.23515059053897858,1.8824485540390015,-0.4139042794704437
728,P12851_wild,C(C1C(C(C(C(O1)O)O)O)O)O,-1.4331337813621077,0.290361225605011,2.3107151985168457,-0.4135820269584656
729,P12851_V135N,C(C1C(C(C(C(O1)O)O)O)O)O,-1.8470603515478556,0.23723913729190826,2.357067108154297,-0.45154324173927307
730,P12851_wild,C(C(C(C(C=O)O)O)O)O,-4.716533294258097,-0.1314421445131302,2.1026225090026855,0.09646403789520264
731,P12851_V135N,C(C(C(C(C=O)O)O)O)O,-4.2873656713566985,-0.19753573834896088,2.1455445289611816,0.05502590537071228
732,A0A0E4AY21_wild,C1C=CN(C=C1C(=O)N)C2C(C(C(O2)COP(=O)(O)OP(=O)(O)OCC3C(C(C(O3)N4C=NC5=C(N=CN=C54)N)OP(=O)(O)O)O)O)O,2.033187147209834,1.3186012506484985,-1.5589112043380737,2.735816717147827
733,A0A0E4AY21_wild,CC(=O)C=O,0.3979400086720376,1.3291951417922974,0.06814242899417877,0.9709155559539795
734,A0A0E4AX59_wild,CC(=O)C=O,0.7644715530924511,1.1096646785736084,0.18271631002426147,0.7553743720054626
735,A0A0E4AX59_wild,C1C=CN(C=C1C(=O)N)C2C(C(C(O2)COP(=O)(O)OP(=O)(O)OCC3C(C(C(O3)N4C=NC5=C(N=CN=C54)N)OP(=O)(O)O)O)O)O,1.979353230022356,1.0165085792541504,-1.5085121393203735,2.385586738586426
736,Q5JFG9_wild,C(CCN=C(N)N)CN,1.3679767852945943,-1.4332412481307983,-0.9072057604789734,1.3853330612182617
737,Q5JFG9_wild,C(CCN)CN,-0.5453071164658241,-0.4227130711078644,-0.9281770586967468,1.0081963539123535
738,Q5JFG9_wild,C(CCN)CCN,-0.6058435390580892,-0.9480754137039185,-0.6075907945632935,0.4442318081855774
739,P34884_wild,C1=CC=C(C=C1)C=C(C(=O)O)O,3.121422162885463,1.7382190227508545,0.029578357934951782,1.5290663242340088
740,P34884_wild,C1=CC=C(C=C1)CC(=O)C(=O)[O-],1.7646487799799966,1.7252459526062012,0.2503925561904907,1.646550178527832
741,P06762_wild,CC1=C(C(=CC2=C(C(=C(N2)C=C3C(=C(C(=O)N3)C)C=C)C)CCC(=O)O)NC1=CC4=NC(=O)C(=C4C)C=C)CCC(=O)O,4.177975402930232,-0.28078386187553406,-2.3835999965667725,0.6888585686683655
742,P06762_Y97F,CC1=C(C(=CC2=C(C(=C(N2)C=C3C(=C(C(=O)N3)C)C=C)C)CCC(=O)O)NC1=CC4=NC(=O)C(=C4C)C=C)CCC(=O)O,3.0653530466240557,-0.28259894251823425,-2.378974676132202,0.6872274279594421
743,P07813_wild,CC(C)CC(C(=O)O)N,3.56643749219507,1.1938055753707886,-1.6399973630905151,1.679439902305603
744,R4X244_wild,C=C(CCO)C(=O)OCC1C(C(C(C(O1)O)O)O)O,2.066946789630613,2.7911059856414795,0.9826125502586365,1.2979049682617188
745,R4X244_wild,C=C(C(CO)O)C(=O)OCC1C(C(C(C(O1)O)O)O)O,0.8030586019711986,2.592601776123047,1.061220407485962,1.2398247718811035
746,G4VQJ4_wild,C1=NC2=NC=NC(=C2N1)N,1.6764626633381674,-0.1719544231891632,-2.396674871444702,1.3648593425750732
747,G4VQJ4_wild,C(C1C(C(C(O1)OP(=O)(O)OP(=O)(O)O)O)O)OP(=O)(O)O,1.1908145158763876,0.05814073979854584,-1.304585576057434,0.958789587020874
748,B8Y3Y0_wild,C(C1C(C(C(C(O1)OC2(C(C(C(O2)CO)O)O)CO)O)O)O)O,0.16932146089536912,1.3288252353668213,0.944206714630127,0.5553359985351562
749,A0A1Y3Q6Q6_wild,C(C1C(C(C(C(O1)OC2(C(C(C(O2)CO)O)O)CO)O)O)O)O,-0.03702996771503398,1.0469434261322021,1.2847200632095337,0.3277055621147156
750,Q8GTM3_wild,CCC1=C(C2=NC1=CC3=C(C4=C([N-]3)C(=C5C(C(C(=N5)C=C6C(=C(C(=C2)[N-]6)C=C)C)C)CCC(=O)OCC=C(C)CCCC(C)CCCC(C)CCCC(C)C)C(C4=O)C(=O)OC)C)C.[Mg+2],-2.1083394747888384,0.24963997304439545,-1.205870270729065,1.568213701248169
751,Q8GTM3_wild,CCC1=C(C2=NC1=CC3=C(C4=C([N-]3)C(=C5C(C(C(=N5)C=C6C(=C(C(=C2)[N-]6)C=C)C)C)CCC(=O)OCC=C(C)CCCC(C)CCCC(C)CCCC(C)C)C(C4=O)C(=O)OC)C)C=O.[Mg+2],-1.9245586649598425,0.22098293900489807,-1.2970986366271973,1.5768413543701172
752,Q8GTM4_wild,CCC1=C(C2=NC1=CC3=C(C4=C([N-]3)C(=C5C(C(C(=N5)C=C6C(=C(C(=C2)[N-]6)C=C)C)C)CCC(=O)OCC=C(C)CCCC(C)CCCC(C)CCCC(C)C)C(C4=O)C(=O)OC)C)C.[Mg+2],-0.8110534202587317,0.71631920337677,-1.0356415510177612,1.976407766342163
753,Q8GTM4_wild,CCC1=C(C2=NC1=CC3=C(C4=C([N-]3)C(=C5C(C(C(=N5)C=C6C(=C(C(=C2)[N-]6)C=C)C)C)CCC(=O)OCC=C(C)CCCC(C)CCCC(C)CCCC(C)C)C(C4=O)C(=O)OC)C)C=O.[Mg+2],-0.9569150993006518,0.702949047088623,-1.1266461610794067,1.981627345085144
754,Q9HZK1_wild,C1=NC2=C(C(=O)N1)N=CN2C3C(C(C(O3)CO)O)O,0.8016323462331665,0.5502927899360657,-0.9211668372154236,1.4049091339111328
755,Q9HZK1_wild,C1=NC(=C2C(=N1)N(C=N2)C3C(C(C(O3)CO)O)O)N,0.377844508432499,0.5262058973312378,-1.4346963167190552,1.8447237014770508
756,Q9HZK1_wild,C1=NC2=NC=NC(=C2N1)N,0.377844508432499,0.1797613948583603,-1.9557864665985107,1.6028814315795898
757,Q9HZK1_wild,CSCC1C(C(C(O1)N2C=NC3=C2N=CNC3=O)O)O,3.2662678894047694,0.16746768355369568,-1.446818470954895,1.2401947975158691
758,F8GNE5_A26V/A31V/A169V,CCCCO,1.6766936096248666,0.8471612930297852,-1.1424213647842407,0.48015591502189636
759,F8GNE5_wild,CO,0.2218487496163563,-0.8191575407981873,-0.15516050159931183,1.1742658615112305
760,F8GNE5_wild,CCCCO,2.955580860211587,0.8487606048583984,-1.1178048849105835,0.4892593324184418
761,F8GNE5_A169V,CCCCO,1.6956922945747828,0.8407137989997864,-1.137227177619934,0.4821452796459198
762,F8GNE5_wild,C1=CC(=C[N+](=C1)C2C(C(C(O2)COP(=O)([O-])OP(=O)(O)OCC3C(C(C(O3)N4C=NC5=C(N=CN=C54)N)O)O)O)O)C(=O)N,0.4117282931576709,1.388468861579895,-0.9499553442001343,1.843225121498108
763,F8GNE5_A26V/A31V/A169V,CO,0.9665762445130502,-0.8303470611572266,-0.1943078488111496,1.1635631322860718
764,F8GNE5_A31V,CO,0.28735029837278864,-0.8146835565567017,-0.1631750613451004,1.1712937355041504
765,F8GNE5_A26V/A169V,CO,0.8350809192567328,-0.8344491720199585,-0.18504293262958527,1.1651133298873901
766,F8GNE5_A31V,CCCCO,2.8042540529478486,0.853466272354126,-1.1279994249343872,0.49024251103401184
767,F8GNE5_A169V,CO,0.6841910723044288,-0.8344977498054504,-0.190498486161232,1.1743773221969604
768,F8GNE5_A26V/A169V,CCCCO,1.8187282284405386,0.8424423933029175,-1.1316090822219849,0.4760240912437439
769,Q9P9M8_wild,CC(C(=O)O)N,1.822354912875697,1.1186619997024536,0.8029808402061462,0.9242631196975708
770,Q9P9M8_wild,C(CC(=O)O)C(C(=O)O)N,1.7009852955713445,1.4949393272399902,0.6468616724014282,1.0822900533676147
771,P9WNH5_wild,C1=CC=C(C=C1)C(=CC=CC(=O)C(=O)O)O,0.9164539485499251,0.9221327900886536,-2.2937259674072266,1.6984695196151733
772,B5SU85_M148P,C1=CC=C(C=C1)C(=CC=CC(=O)C(=O)O)O,1.6368220975871743,0.9490172266960144,-2.97751522064209,1.5174652338027954
773,B5SU85_M148G,C1=CC=C(C=C1)C(=CC=CC(=O)C(=O)O)O,3.282931773571185,0.9689810276031494,-2.965332508087158,1.5310125350952148
774,B5SU85_M148D,C1=CC=C(C=C1)C(=CC=CC(=O)C(=O)O)O,4.2060544824331245,0.9303274154663086,-2.93021297454834,1.5273265838623047
775,B5SU85_M148F,C1=CC=C(C=C1)C(=CC=CC(=O)C(=O)O)O,3.279840696594043,0.9734852313995361,-2.951888084411621,1.5147773027420044
776,B5SU85_M148R,C1=CC=C(C=C1)C(=CC=CC(=O)C(=O)O)O,3.1710704576806306,0.9577000141143799,-2.9607691764831543,1.4988598823547363
777,B5SU85_M148I,C1=CC=C(C=C1)C(=CC=CC(=O)C(=O)O)O,4.085629002598368,0.9728667736053467,-2.9422645568847656,1.5191102027893066
778,B5SU85_M148Q,C1=CC=C(C=C1)C(=CC=CC(=O)C(=O)O)O,3.810335933755045,0.9681270718574524,-2.96563458442688,1.523755669593811
779,B5SU85_M148A,C1=CC=C(C=C1)C(=CC=CC(=O)C(=O)O)O,3.2880650184996134,0.9730461835861206,-2.959907293319702,1.526865005493164
780,B5SU85_M148T,C1=CC=C(C=C1)C(=CC=CC(=O)C(=O)O)O,3.9152862653524143,0.9638229012489319,-2.952646255493164,1.518281102180481
781,B5SU85_M148H,C1=CC=C(C=C1)C(=CC=CC(=O)C(=O)O)O,3.545741628239842,0.9717953205108643,-2.950958728790283,1.5206726789474487
782,B5SU85_wild,C1=CC=C(C=C1)C(=CC=CC(=O)C(=O)O)O,4.107209969647869,0.991508960723877,-2.957014560699463,1.5199458599090576
783,B5SU85_M148C,C1=CC=C(C=C1)C(=CC=CC(=O)C(=O)O)O,3.4111682744057927,0.9519896507263184,-2.9289841651916504,1.5051809549331665
784,B5SU85_M148W,C1=CC=C(C=C1)C(=CC=CC(=O)C(=O)O)O,4.083776997736774,0.9710016250610352,-2.952968120574951,1.5379729270935059
785,Q9LJB4_wild,CC(C)(COP(=O)(O)OP(=O)(O)OCC1C(C(C(O1)N2C=NC3=C(N=CN=C32)N)O)OP(=O)(O)O)C(C(=O)NCCC(=O)NCCSC(=O)CC(=O)O)O,1.1163385648463824,0.2578190267086029,-1.7851171493530273,1.3333327770233154
786,Q9LJB4_wild,C1=CC(=C(C=C1C2=C(C=C3C(=CC(=CC3=[O+]2)O)OC4C(C(C(C(O4)CO)O)O)O)OC5C(C(C(C(O5)CO)O)O)O)O)O,-0.921686475483602,0.23792137205600739,-1.226607322692871,1.0474822521209717
787,Q9LJB4_wild,COC1=CC(=CC(=C1O)OC)C2=C(C=C3C(=CC(=CC3=[O+]2)O)OC4C(C(C(C(O4)CO)O)O)O)OC5C(C(C(C(O5)CO)O)O)O.[Cl-],-0.1012554081675077,0.25473904609680176,-0.7560903429985046,1.019602656364441
788,A0A223K4L6_wild,C(C(C(=O)O)N)S,1.9077851082003234,0.6349647045135498,0.40873458981513977,0.014357775449752808
789,Q8L164_N657R,C(C1C(C(C(C(O1)O)O)O)O)O,1.469255421661786,1.2517507076263428,1.0611541271209717,0.6140425205230713
790,Q8L164_N657L,C(C1C(C(C(C(O1)O)O)O)O)O,1.2940652155311592,1.269799828529358,1.0603207349777222,0.61640465259552
791,Q8L164_N657D,C(C1C(C(C(C(O1)O)O)O)O)O,1.4539974558725248,1.275439739227295,1.081994652748108,0.6194348335266113
792,Q8L164_N657G,C(C1C(C(C(C(O1)O)O)O)O)O,1.2324878663529863,1.301992654800415,1.065720558166504,0.647437334060669
793,Q8L164_N657Y,C(C1C(C(C(C(O1)O)O)O)O)O,1.2544675104670762,1.2876946926116943,1.0623126029968262,0.6265224814414978
794,Q8L164_A440V/R448S,C(C1C(C(C(C(O1)O)O)O)O)O,1.7448515613114508,1.2827696800231934,1.061733603477478,0.6171625852584839
795,Q8L164_R448S/N657Y,C(C1C(C(C(C(O1)O)O)O)O)O,-0.43365556093857216,1.3020973205566406,1.060279369354248,0.632262110710144
796,Q8L164_R448V,C(C1C(C(C(C(O1)O)O)O)O)O,-0.08297423506476391,1.3090789318084717,1.048545479774475,0.6397709846496582
797,Q8L164_wild,C(C1C(C(C(C(O1)O)O)O)O)O,1.025049719883176,1.2908031940460205,1.068560242652893,0.6363828182220459
798,Q8L164_P588H,C(C1C(C(C(C(O1)O)O)O)O)O,-0.24747140345072152,1.3029147386550903,1.0628372430801392,0.6327337026596069
799,Q8L164_A440V/N657Y,C(C1C(C(C(C(O1)O)O)O)O)O,-0.1723951134957175,1.266599178314209,1.0587751865386963,0.6030675172805786
800,Q8L164_R448D,C(C1C(C(C(C(O1)O)O)O)O)O,-0.3524111543271739,1.303410530090332,1.067828893661499,0.6456365585327148
801,Q8L164_R448N,C(C1C(C(C(C(O1)O)O)O)O)O,-0.2186197794861579,1.3010441064834595,1.070933222770691,0.6437339782714844
802,Q8L164_A440V,C(C1C(C(C(C(O1)O)O)O)O)O,-0.03666690967194971,1.2699607610702515,1.0652657747268677,0.6122893691062927
803,Q8L164_A440M,C(C1C(C(C(C(O1)O)O)O)O)O,-0.20372354768371154,1.2773666381835938,1.0745772123336792,0.6093350052833557
804,Q8L164_R448F,C(C1C(C(C(C(O1)O)O)O)O)O,-0.3010299956639811,1.3056738376617432,1.0544180870056152,0.6435468792915344
805,Q8L164_A440K,C(C1C(C(C(C(O1)O)O)O)O)O,-0.13945111967788346,1.2104358673095703,1.090477466583252,0.5466501712799072
806,Q8L164_N657I,C(C1C(C(C(C(O1)O)O)O)O)O,-0.0571809393061452,1.2672202587127686,1.0601061582565308,0.6134747862815857
807,Q8L164_A431T,C(C1C(C(C(C(O1)O)O)O)O)O,0.25697382662958695,1.2881956100463867,1.066677451133728,0.6302407383918762
808,Q8L164_A440E,C(C1C(C(C(C(O1)O)O)O)O)O,-0.31923662199619285,1.2315056324005127,1.0878636837005615,0.579983651638031
809,D6XSD4_wild,C(C1C(C(C(C(O1)OP(=O)(O)O)O)O)O)O,1.5314789170422551,1.3062264919281006,-0.13403266668319702,0.9646809101104736
810,D6XSD4_wild,C(C1C(C(C(C(O1)OC2C(C(C(C(O2)CO)O)O)O)O)O)O)O,2.3877208434903516,1.2027528285980225,0.5389003157615662,0.47478991746902466
811,D6XSD4_wild,C(C1C(C(C(C(O1)O)O)O)O)O,1.0377885608893997,1.485784888267517,0.6779742240905762,0.7013652920722961
812,G4T4R6_wild,C(C1C(C(C(C(O1)OC2(C(C(C(O2)COP(=O)(O)O)O)O)CO)O)O)O)O,2.638782798352702,1.6344668865203857,0.7368733286857605,0.8129333853721619
813,A0A6C7EEG6_wild,[O-]P(=O)([O-])[O-],1.1492980824677446,1.888453483581543,0.4910683333873749,0.8153890371322632
814,A0A6C7EEG6_wild,C(C1C(C(C(C(O1)OC2(C(C(C(O2)COP(=O)(O)O)O)O)CO)O)O)O)O,1.0472921016341432,1.3523682355880737,0.7523729205131531,0.44396883249282837
815,A0A6C7EEG6_wild,C(C1C(C(C(C(O1)OP(=O)(O)O)O)O)O)O,0.3790546645116638,1.2397431135177612,0.6455469131469727,0.47330617904663086
816,O95394_wild,CC(=O)NC1C(C(C(OC1O)CO)O)O,1.8055894987305832,-0.4188949763774872,-0.49070096015930176,0.9917681217193604
817,Q9BPX1_wild,CC12CCC3C(C1CCC2O)CCC4=C3C=CC(=C4)O,-0.15726440179619755,-0.7111973166465759,-1.9915934801101685,0.661942720413208
818,Q9BPX1_wild,CC12CCC3C(C1CCC2O)CC=C4C3(CCC(C4)O)C,-1.3869446243705743,-0.4724148213863373,-1.495686411857605,0.7862027287483215
819,A0A1Z3FWF0_wild,CC12CCC3C(C1CCC2O)CCC4=C3C=CC(=C4)O,2.6957410342058203,0.7770674228668213,-1.4812341928482056,0.7624267339706421
820,P26811_wild,CC1=CN(C(=O)NC1=O)C2CC(C(O2)COP(=O)(O)OP(=O)(O)OP(=O)(O)O)O,-1.5090904607947042,-1.774183750152588,-0.7571610808372498,0.23530475795269012
821,P26811_wild,C1C(C(OC1N2C=NC3=C2N=C(NC3=O)N)COP(=O)(O)OP(=O)(O)OP(=O)(O)O)O,-2.5654310959658013,-1.974653720855713,-1.1100913286209106,0.41016721725463867
822,P26811_wild,C1C(C(OC1N2C=NC3=C(N=CN=C32)N)COP(=O)(O)OP(=O)(O)OP(=O)(O)O)O,-3.066946789630613,-1.873496174812317,-0.9746446013450623,0.4621140658855438
823,P26811_wild,C1C(C(OC1N2C=CC(=NC2=O)N)COP(=O)(O)OP(=O)(O)OP(=O)(O)O)O,1.4374485499557113,-1.7486072778701782,-1.2501167058944702,0.5179622173309326
824,D4GWR6_wild,CC(=O)SCCNC(=O)CCNC(=O)C(C(C)(C)COP(=O)(O)OP(=O)(O)OCC1C(C(C(O1)N2C=NC3=C(N=CN=C32)N)O)OP(=O)(O)O)O,1.9637878273455551,-0.21324215829372406,-1.3884563446044922,0.8403238654136658
825,Q8VWZ7_wild,CC(=CCCC(=CCO)C)C,2.2485009443877964,0.11975421011447906,-1.3924775123596191,0.7206465005874634
826,Q2XNL6_wild,CC(C)(COP(=O)(O)OP(=O)(O)OCC1C(C(C(O1)N2C=NC3=C(N=CN=C32)N)O)OP(=O)(O)O)C(C(=O)NCCC(=O)NCCS)O,2.632936557801032,0.6520966291427612,-1.204903244972229,1.6976511478424072
827,Q2I0L7_wild,CC(C)(COP(=O)(O)OP(=O)(O)OCC1C(C(C(O1)N2C=NC3=C(N=CN=C32)N)O)OP(=O)(O)O)C(C(=O)NCCC(=O)NCCS)O,2.544720628217472,0.3559347987174988,-1.1292777061462402,1.5301265716552734
828,Q2XNL6_wild,C1=NC(=C2C(=N1)N(C=N2)C3C(C(C(O3)COP(=O)(O)OP(=O)(O)OP(=O)(O)O)O)O)N,-0.6734158998636306,0.5154342651367188,-0.6157273054122925,1.5536144971847534
829,Q2I0L7_wild,CC(=O)[O-],1.2794061848200255,0.21237093210220337,0.2412509322166443,1.0437440872192383
830,Q2I0L7_Y498A,CC(C)(COP(=O)(O)OP(=O)(O)OCC1C(C(C(O1)N2C=NC3=C(N=CN=C32)N)O)OP(=O)(O)O)C(C(=O)NCCC(=O)NCCS)O,1.2041199826559248,0.33776381611824036,-1.116135835647583,1.5167020559310913
831,Q2I0L7_G501A,CC(=O)[O-],-0.6690067809585756,0.20716841518878937,0.2400982677936554,1.0441884994506836
832,Q2I0L7_T499A,CC(=O)[O-],-0.5740312677277188,0.20467300713062286,0.24075090885162354,1.0390936136245728
833,Q2I0L7_G501A,CC(C)(COP(=O)(O)OP(=O)(O)OCC1C(C(C(O1)N2C=NC3=C(N=CN=C32)N)O)OP(=O)(O)O)C(C(=O)NCCC(=O)NCCS)O,0.5740312677277188,0.34732046723365784,-1.1332451105117798,1.528000831604004
834,Q2I0L7_A500T,CC(=O)[O-],-0.146128035678238,0.23343028128147125,0.23624305427074432,1.053850531578064
835,Q2I0L7_T499A,CC(C)(COP(=O)(O)OP(=O)(O)OCC1C(C(C(O1)N2C=NC3=C(N=CN=C32)N)O)OP(=O)(O)O)C(C(=O)NCCC(=O)NCCS)O,0.5228787452803375,0.344536155462265,-1.1276789903640747,1.5254327058792114
836,Q2I0L7_Y498A,CC(=O)[O-],-0.6709412807357753,0.1922837346792221,0.2557024359703064,1.029083251953125
837,Q2I0L7_A500T,C1=NC(=C2C(=N1)N(C=N2)C3C(C(C(O3)COP(=O)(O)OP(=O)(O)OP(=O)(O)O)O)O)N,-0.3802112417116061,0.2557479441165924,-0.5181248784065247,1.3924570083618164
838,A0A1B2F298_wild,C1=CC(=C[N+](=C1)C2C(C(C(O2)COP(=O)(O)OP(=O)(O)OCC3C(C(C(O3)N4C=NC5=C(N=CN=C54)N)OP(=O)(O)O)O)O)O)C(=O)N,3.8624721360836793,2.0367679595947266,-1.2550535202026367,2.011490821838379
839,A0A1B2F298_wild,C1=CC(=C[N+](=C1)C2C(C(C(O2)COP(=O)([O-])OP(=O)(O)OCC3C(C(C(O3)N4C=NC5=C(N=CN=C54)N)O)O)O)O)C(=O)N,3.338676048108492,2.102186918258667,-0.8819199204444885,1.7990319728851318
840,Q8G9L1_wild,C(=CC(=O)[O-])C(=CC(=O)[O-])Cl,0.8510609869879336,0.5031053423881531,-0.4643650949001312,0.6927734613418579
841,Q8G9L1_wild,CC(=CC(=O)O)C=CC(=O)O,1.8176210171052718,0.7354453802108765,-1.0809983015060425,0.6985244750976562
842,Q8G9L1_wild,C(=CC(=O)[O-])C=C(C(=O)[O-])Cl,1.8088906928808641,0.2560569941997528,-0.8707308769226074,0.8646657466888428
843,Q8G9L1_wild,C(=CC(=O)[O-])C=CC(=O)[O-],2.4819025266656447,1.0067323446273804,-0.687699019908905,0.8689705729484558
844,P90518_wild,C(CCNCCCN)CN,1.4273496379886668,0.1095733493566513,-0.9447640776634216,0.9998507499694824
845,P90518_wild,C1=NC(=C2C(=N1)N(C=N2)C3C(C(C(O3)COP(=O)(O)OP(=O)(O)OP(=O)(O)O)O)O)N,1.9072459467631013,0.28304216265678406,-1.1979389190673828,1.3693538904190063
846,P90518_wild,C(CC(=O)NC(CS)C(=O)NCC(=O)O)C(C(=O)O)N,0.8386319977650252,0.47911563515663147,-0.5739216208457947,1.4547972679138184
847,A0A545BBS8_wild,C1C2=CC=CC=C2C(=O)C1=O,0.847758351437848,1.6138601303100586,-0.8247540593147278,1.7878644466400146
848,A0A545BBS8_wild,CC(C(=O)C1=CC=CC=C1)Cl,-0.3617278360175929,0.884707510471344,-0.6171982884407043,1.3764384984970093
849,A0A545BBS8_wild,CC(C(C1=CC=CC=C1)O)NC,1.161368002234975,0.563782811164856,-0.5681220889091492,1.155696988105774
850,P23919_wild,C1C(C(OC1N2C=CC(=O)NC2=O)COP(=O)(O)O)O,1.4507923159973133,0.10354317724704742,-1.2348767518997192,1.4699780941009521
851,P23919_wild,CC1=CN(C(=O)NC1=O)C2CC(C(O2)COP(=O)(O)O)N=[N+]=[N-],0.0,-0.5712100863456726,-1.6691054105758667,1.6817514896392822
852,P23919_wild,CC1=CN(C(=O)NC1=O)C2CC(C(O2)COP(=O)(O)O)F,0.5740312677277188,-0.16073550283908844,-1.6885772943496704,1.6815072298049927
853,P23919_wild,CC1=CN(C(=O)NC1=O)C2CC(C(O2)COP(=O)(O)O)O,2.1760912590556813,-0.3352096676826477,-1.6969619989395142,1.6082682609558105
854,P23919_wild,CC1=CN(C(=O)NC1=O)CC=CCP(=O)(O)OP(=O)(O)O,1.5440680443502757,-0.5178710222244263,-1.7176839113235474,1.6837749481201172
855,P23919_F105Y,CC1=CN(C(=O)NC1=O)C2CC(C(O2)COP(=O)(O)O)N=[N+]=[N-],1.8181564120552274,-0.5655484199523926,-1.6836341619491577,1.6906466484069824
856,Q59TV7_wild,CC1=CN(C(=O)NC1=O)C2CC(C(O2)COP(=O)(O)O)N=[N+]=[N-],2.0457574905606752,-0.703981876373291,-2.020686149597168,1.620511770248413
857,Q59TV7_wild,C1C(C(OC1N2C=NC3=C2N=C(NC3=O)N)COP(=O)(O)O)O,0.8737062093067339,-0.757912814617157,-1.9051549434661865,1.5422656536102295
858,A8Y9I2_wild,CC1=C(C(CCC1)(C)C)C=CC(=CC=CC(=CC=CC=C(C)C=CC=C(C)C=CC2=C(CCCC2(C)C)C)C)C,-0.07751408668016181,-1.4595173597335815,-1.561191201210022,0.6536062359809875
859,A8Y9I2_wild,CC1=C(C(CCC1)(C)C)C=CC(=CC=CC(=CC=CC=C(C)C=CC=C(C)C=CC2C(=CCCC2(C)C)C)C)C,-0.4305784213013939,-1.5223448276519775,-1.4894133806228638,0.6992067098617554
860,Q05603_G257A,C1=CC(=C[N+](=C1)C2C(C(C(O2)COP(=O)(O)O)O)O)C(=O)O,1.6690067809585756,0.43492391705513,-0.3954836428165436,0.5884647369384766
861,Q05603_G171D,C1=CC(=C[N+](=C1)C2C(C(C(O2)COP(=O)(O)O)O)O)C(=O)O,-0.1760912590556813,0.14545832574367523,-0.34488293528556824,0.46043652296066284
862,Q05603_C160A,C1=CC(=C[N+](=C1)C2C(C(C(O2)COP(=O)(O)O)O)O)C(=O)O,1.412180447786648,0.5236311554908752,-0.3927474319934845,0.6026424765586853
863,Q93WY5_F162A,C(CC(=O)NC(CS)C(=O)NCC(=O)O)C(C(=O)O)N,0.06797959506850162,-0.12481068074703217,-0.5449787974357605,1.2076396942138672
864,D2WL48_wild,C1=CC(=C(C=C1[N+](=O)[O-])[N+](=O)[O-])Cl,0.23301113814290006,0.43787118792533875,-0.17945505678653717,0.6073556542396545
865,Q9ZRW8_wild,C=CC=O,1.7675464187001402,0.019900932908058167,-0.869682252407074,0.6792110204696655
866,Q93WY5_F116A,C(CC(=O)NC(CS)C(=O)NCC(=O)O)C(C(=O)O)N,0.2877477836557758,-0.15711243450641632,-0.5415578484535217,1.1981909275054932
867,Q93WY5_wild,C(CC(=O)NC(CS)C(=O)NCC(=O)O)C(C(=O)O)N,0.6581759333068937,-0.11740605533123016,-0.5432464480400085,1.1979701519012451
868,Q93WY5_wild,C1=C(C2=NON=C2C(=C1)Cl)[N+](=O)[O-],-0.10061188687531762,-0.3959687054157257,-0.010926906950771809,0.7160511016845703
869,Q93WY5_N109A,C(CC(=O)NC(CS)C(=O)NCC(=O)O)C(C(=O)O)N,0.008954842652926412,-0.13696157932281494,-0.5358064770698547,1.186402678489685
870,Q93WY5_L112A,C(CC(=O)NC(CS)C(=O)NCC(=O)O)C(C(=O)O)N,0.4887527609246063,-0.17117014527320862,-0.5521987676620483,1.1874456405639648
871,Q93WY5_W161A,C(CC(=O)NC(CS)C(=O)NCC(=O)O)C(C(=O)O)N,0.4137623482822792,-0.1315736323595047,-0.5139932632446289,1.1975209712982178
872,Q93WY5_N109A,C1=C(C2=NON=C2C(=C1)Cl)[N+](=O)[O-],-0.46776939724623334,-0.41631054878234863,-0.0036352751776576042,0.7046196460723877
873,Q93WY5_F116A,C1=C(C2=NON=C2C(=C1)Cl)[N+](=O)[O-],-0.23619862415598897,-0.4226381480693817,-0.0009805979207158089,0.7151771187782288
874,Q93WY5_M17A,C(CC(=O)NC(CS)C(=O)NCC(=O)O)C(C(=O)O)N,-0.28327784874166384,-0.13546735048294067,-0.5398988723754883,1.1940468549728394
875,Q93WY5_L112A,C1=C(C2=NON=C2C(=C1)Cl)[N+](=O)[O-],0.07072708016434023,-0.44223764538764954,-0.019604865461587906,0.699052095413208
876,Q93WY5_W161A,C1=C(C2=NON=C2C(=C1)Cl)[N+](=O)[O-],-0.048487684889626737,-0.40633463859558105,0.01638755202293396,0.7049933671951294
877,Q93WY5_M17A,C1=C(C2=NON=C2C(=C1)Cl)[N+](=O)[O-],-0.6556512072692587,-0.40625670552253723,-0.008586888201534748,0.7163447141647339
878,Q93WY5_F162A,C1=C(C2=NON=C2C(=C1)Cl)[N+](=O)[O-],-0.39053312706924737,-0.3896711766719818,-0.014195441268384457,0.7317354679107666
879,O49235_S13A,C1=CC(=C(C=C1[N+](=O)[O-])[N+](=O)[O-])Cl,-0.7193054148916254,0.44603851437568665,-0.513380765914917,0.7147825956344604
880,O49235_wild,C1=CC(=C(C=C1[N+](=O)[O-])[N+](=O)[O-])Cl,1.1957945938717938,0.5047982931137085,-0.522639811038971,0.7412762641906738
881,Q9FQE8_wild,C(CC(=O)NC(CS)C(=O)NCC(=O)O)C(C(=O)O)N,1.4837266213181894,0.3414357900619507,-0.6415701508522034,1.0454157590866089
882,D2WL57_wild,C1=CC(=C(C=C1[N+](=O)[O-])[N+](=O)[O-])Cl,1.261877871701833,0.8043826222419739,-0.27420714497566223,1.0108424425125122
883,D2WL57_wild,C1=CC=C(C=C1)CCN=C=S,0.5898255349109508,0.011709607206285,-1.4847153425216675,1.4097745418548584
884,D2WL57_wild,C=CCN=C=S,-0.11260500153457453,-0.3417873680591583,-0.7184084057807922,1.1703635454177856
885,D2WL57_wild,CS(=O)CCCCN=C=S,0.4550828948086063,-0.14558832347393036,-0.7257875204086304,1.2594127655029297
886,D2WL57_wild,CC(C)(C1=CC=CC=C1)OO,-1.254646527156298,-0.3747211992740631,-0.5603835582733154,1.0171177387237549
887,D2WL48_wild,CC(C)(C1=CC=CC=C1)OO,1.183644396946127,-0.5089668035507202,-0.699264407157898,0.734697699546814
888,D2WL48_wild,C1=CC=C(C=C1)CCN=C=S,3.9857372888024134,-0.03209805488586426,-1.5977836847305298,1.045302152633667
889,D2WL48_wild,C=CCN=C=S,0.6760607248718069,-0.5902798175811768,-0.8379611968994141,0.7039742469787598
890,D2WL48_wild,CS(=O)CCCCN=C=S,-0.3809147806341373,-0.288810133934021,-0.7898759841918945,0.8297908306121826
891,A0A4Y5QZX9_wild,C(CC(=O)NC(CS)C(=O)NCC(=O)O)C(C(=O)O)N,1.39815223924243,0.6759835481643677,-0.3934324085712433,1.3669439554214478
892,A0A4Y5QZX9_wild,C1=CC(=C(C=C1[N+](=O)[O-])[N+](=O)[O-])Cl,0.9910890271142465,0.8175997734069824,-0.14015182852745056,1.1957494020462036
893,A0A4Y5R0K8_wild,C1=CC(=C(C=C1[N+](=O)[O-])[N+](=O)[O-])Cl,1.4583779739913247,0.6572664976119995,-0.25429821014404297,0.8367784023284912
894,A0A4Y5QZX2_wild,C(CC(=O)NC(CS)C(=O)NCC(=O)O)C(C(=O)O)N,1.307378795695614,0.7037674188613892,-0.4681887626647949,1.418351650238037
895,A0A4Y5QZX2_wild,C1=CC(=C(C=C1[N+](=O)[O-])[N+](=O)[O-])Cl,0.6794921177651146,0.912501335144043,-0.21218754351139069,1.2108956575393677
896,A0A4Y5R032_wild,C(CC(=O)NC(CS)C(=O)NCC(=O)O)C(C(=O)O)N,2.0678171459725547,0.8575764298439026,-0.5784105658531189,1.47443687915802
897,A0A4Y5R032_wild,C1=CC(=C(C=C1[N+](=O)[O-])[N+](=O)[O-])Cl,1.6977685719998494,1.0464649200439453,-0.23880591988563538,1.165952444076538
898,A0A4Y5R087_wild,C(CC(=O)NC(CS)C(=O)NCC(=O)O)C(C(=O)O)N,-0.16772869587947908,0.6671144962310791,-0.27695968747138977,1.49237060546875
899,A0A4Y5R087_wild,C1=CC(=C(C=C1[N+](=O)[O-])[N+](=O)[O-])Cl,-0.16605231219271308,0.8261050581932068,-0.1191527470946312,1.2826145887374878
900,A0A4Y5QZX0_wild,C(CC(=O)NC(CS)C(=O)NCC(=O)O)C(C(=O)O)N,0.12724269151786424,0.7468796372413635,-0.3666398823261261,1.3311065435409546
901,A0A4Y5QZX0_wild,C1=CC(=C(C=C1[N+](=O)[O-])[N+](=O)[O-])Cl,-0.10554736910853035,0.9457932114601135,0.02752561867237091,1.1291768550872803
902,A0A4Y5QZZ8_wild,C(CC(=O)NC(CS)C(=O)NCC(=O)O)C(C(=O)O)N,1.5606881852102406,0.8476384878158569,-0.6172522902488708,1.254069447517395
903,A0A4Y5QZZ8_wild,C1=CC(=C(C=C1[N+](=O)[O-])[N+](=O)[O-])Cl,0.87863316733972,0.912882387638092,-0.09923334419727325,1.0285420417785645
904,A0A4Y5QZX3_wild,C(CC(=O)NC(CS)C(=O)NCC(=O)O)C(C(=O)O)N,1.4153848622316518,0.44780218601226807,-0.7191952466964722,1.0953425168991089
905,A0A4Y5QZX3_wild,C1=CC(=C(C=C1[N+](=O)[O-])[N+](=O)[O-])Cl,2.015934435774336,0.6359289288520813,-0.3544211983680725,0.8054622411727905
906,A0A4Y5R2N2_wild,C(CC(=O)NC(CS)C(=O)NCC(=O)O)C(C(=O)O)N,1.3477298077431425,0.3372935950756073,-0.4800662398338318,1.0006663799285889
907,A0A4Y5R2N2_wild,C1=CC(=C(C=C1[N+](=O)[O-])[N+](=O)[O-])Cl,0.823754160240817,0.5880500674247742,0.0018222620710730553,0.7764426469802856
908,A0A4Y5R0C1_wild,C(CC(=O)NC(CS)C(=O)NCC(=O)O)C(C(=O)O)N,0.5961511317174422,0.42660361528396606,-0.5897074341773987,1.2855807542800903
909,A0A4Y5R0C1_wild,C1=CC(=C(C=C1[N+](=O)[O-])[N+](=O)[O-])Cl,-0.04476831127374958,0.6347531080245972,-0.19931262731552124,1.0682669878005981
910,A0A4Y5R0L5_wild,C(CC(=O)NC(CS)C(=O)NCC(=O)O)C(C(=O)O)N,1.638603560016727,0.812502384185791,-0.7137853503227234,1.4409973621368408
911,A0A4Y5R0L5_wild,C1=CC(=C(C=C1[N+](=O)[O-])[N+](=O)[O-])Cl,1.0697546855239446,1.0016820430755615,-0.1712394654750824,1.2153842449188232
912,A0A4Y5R0K8_wild,C(CC(=O)NC(CS)C(=O)NCC(=O)O)C(C(=O)O)N,2.076952362152917,0.5037078857421875,-0.5732974410057068,1.094634771347046
913,Q93WY5_Y113A,C(CC(=O)NC(CS)C(=O)NCC(=O)O)C(C(=O)O)N,0.2632414347745814,-0.13403566181659698,-0.5324569344520569,1.1956512928009033
914,O49235_P49A,C1=CC(=C(C=C1[N+](=O)[O-])[N+](=O)[O-])Cl,1.6247239759639063,0.43414637446403503,-0.5402739644050598,0.6897937655448914
915,Q8TZW4_wild,C(CCN)CC(C(=O)NCC(=O)NCC(=O)O)N,2.909080350681131,2.250499963760376,0.18666237592697144,1.5644704103469849
916,Q9AFC7_wild,CC1C(C(CC(O1)OP(=O)(O)OP(=O)(O)OCC2C(CC(O2)N3C=C(C(=O)NC3=O)C)O)N)O,1.7485960068219275,-0.859237551689148,-0.9642147421836853,0.16878148913383484
917,Q9AFC7_wild,CC(C)CC(C(=O)NC1C(C2=CC(=C(C=C2)OC3=CC4=CC(=C3OC5C(C(C(C(O5)CO)O)O)O)OC6=C(C=C(C=C6)C(C7C(=O)NC(C8=C(C(=CC(=C8)O)O)C9=C(C=CC(=C9)C(C(=O)N7)NC(=O)C4NC(=O)C(NC1=O)CC(=O)N)O)C(=O)O)O)Cl)Cl)O)NC,1.845098040014257,-0.8867422342300415,-1.1433476209640503,0.2423163801431656
918,Q9S5E2_wild,C(C(C(C(C(C=O)O)O)O)O)OP(=O)(O)O,0.6777807052660807,-1.2156579494476318,-0.2937287390232086,0.6544202566146851
919,Q9S5E2_E243Q,C(C(C(C(C(C=O)O)O)O)O)OP(=O)(O)O,-0.810943763779951,-1.2377287149429321,-0.2688436806201935,0.6172775030136108
920,Q9S5E2_K141Q,C(C(C(C(C(C=O)O)O)O)O)OP(=O)(O)O,-3.4559319556497243,-1.2847872972488403,-0.2618544399738312,0.5780714750289917
921,C7ASJ5_wild,C1=CC=C(C(=C1)[N+](=O)[O-])OC2C(C(C(C(O2)CO)O)O)O,1.567486667719801,1.499106764793396,0.4012652635574341,1.2949013710021973
922,C7ASJ5_wild,C(C1C(C(C(C(O1)OC2C(OC(C(C2O)O)O)CO)O)O)O)O,-1.0456703740480302,1.7219204902648926,1.7598940134048462,0.7383648753166199
923,P00722_wild,C1=CC=C(C(=C1)[N+](=O)[O-])OC2C(C(C(C(O2)CO)O)O)O,4.273001272063738,1.2724735736846924,-0.790166437625885,0.7954987287521362
924,P00722_wild,C1=CC(=CC=C1[N+](=O)[O-])OC2C(C(C(C(O2)CO)O)O)O,4.260912772455999,1.0911870002746582,-0.517866313457489,0.748897910118103
925,A4YEH9_wild,CC(=O)CC(=O)SCCNC(=O)CCNC(=O)C(C(C)(C)COP(=O)(O)OP(=O)(O)OCC1C(C(C(O1)N2C=NC3=C(N=CN=C32)N)O)OP(=O)(O)O)O,3.744727494896935,1.7592260837554932,-1.3144668340682983,1.8072867393493652
926,V9N2L5_wild,CC(=CCCC(=CCCC(=CCOP(=O)(O)OP(=O)(O)O)C)C)C,0.48811663902112573,-0.8747243881225586,-2.72263240814209,0.9962731003761292
927,Q8TZP8_wild,C(C1C2C(C(C(O1)OC3C(OC(C(C3O)O)OC4C(OC(C(C4O)O)OC5C(OC(C(C5O)O)OC6C(OC(C(C6O)O)OC7C(OC(C(C7O)O)OC8C(OC(O2)C(C8O)O)CO)CO)CO)CO)CO)CO)O)O)O,1.6385688470056061,1.2295998334884644,0.4620095491409302,1.259964942932129
928,Q8TZP8_G415E,C(C1C2C(C(C(O1)OC3C(OC(C(C3O)O)OC4C(OC(C(C4O)O)OC5C(OC(C(C5O)O)OC6C(OC(C(C6O)O)OC7C(OC(C(C7O)O)OC8C(OC(O2)C(C8O)O)CO)CO)CO)CO)CO)CO)O)O)O,0.11133235557324357,1.2612764835357666,0.4610820710659027,1.2786774635314941
929,Q8TZP8_G415E,C(C1C(C(C(C(O1)OC2C(OC(C(C2O)O)OC3C(OC(C(C3O)O)OC4C(OC(C(C4O)O)OC5C(OC(C(C5O)O)OC6C(OC(C(C6O)O)OC7C(OC(C(C7O)O)O)CO)CO)CO)CO)CO)CO)O)O)O)O,-0.7777069593148153,1.1855075359344482,0.7137861251831055,1.1479402780532837
930,Q8TZP8_wild,C(C1C(C(C(C(O1)OC2C(OC(C(C2O)O)OC3C(OC(C(C3O)O)OC4C(OC(C(C4O)O)OC5C(OC(C(C5O)O)OC6C(OC(C(C6O)O)OC7C(OC(C(C7O)O)O)CO)CO)CO)CO)CO)CO)O)O)O)O,1.0122743566864048,1.1522998809814453,0.7135705351829529,1.130182147026062
931,P96559_wild,C1=CN(C(=O)NC1=O)C2C(C(C(O2)COP(=O)(O)OP(=O)(O)OC3C(C(C(C(O3)CO)O)O)O)O)O,-0.37358066281259295,-0.8537442684173584,-0.16783590614795685,0.12196052074432373
932,P96559_H125A,C1=CN(C(=O)NC1=O)C2C(C(C(O2)COP(=O)(O)OP(=O)(O)OC3C(C(C(C(O3)CO)O)O)O)O)O,0.20411998265592474,-0.8382166624069214,-0.15907758474349976,0.12170431017875671
933,P96559_wild,CC(C)CC(C(=O)NC1C(C2=CC(=C(C=C2)OC3=CC4=CC(=C3O)OC5=C(C=C(C=C5)C(C6C(=O)NC(C7=C(C(=CC(=C7)O)O)C8=C(C=CC(=C8)C(C(=O)N6)NC(=O)C4NC(=O)C(NC1=O)CC(=O)N)O)C(=O)O)O)Cl)Cl)O)NC,0.053846426852252584,-1.1194581985473633,-1.0729889869689941,0.44542327523231506
934,P96559_D332A,C1=CN(C(=O)NC1=O)C2C(C(C(O2)COP(=O)(O)OP(=O)(O)OC3C(C(C(C(O3)CO)O)O)O)O)O,-3.1760912590556813,-1.1007652282714844,-0.20914636552333832,-0.020250678062438965
935,P96559_D13A,C1=CN(C(=O)NC1=O)C2C(C(C(O2)COP(=O)(O)OP(=O)(O)OC3C(C(C(C(O3)CO)O)O)O)O)O,-1.4079242295786385,-1.1456210613250732,-0.16723409295082092,-0.06213870644569397
936,Q608T2_wild,C1C=CN(C=C1C(=O)N)C2C(C(C(O2)COP(=O)(O)OP(=O)(O)OCC3C(C(C(O3)N4C=NC5=C(N=CN=C54)N)O)O)O)O,3.146128035678238,1.203270673751831,-1.2600079774856567,1.823289394378662
937,Q9CA90_wild,C1=CC(=CC=C1CC(=O)C(=O)O)O,-0.8167301563171954,-0.04995892941951752,-0.006824241019785404,0.5767639875411987
938,Q9CA90_wild,C1=CC=C(C=C1)CC(=O)C(=O)O,-2.0496877841891075,0.12576018273830414,0.2046516239643097,0.4433295428752899
939,Q9CA90_wild,C(C(=O)C(=O)O)O,-0.052706350516002975,0.37446358799934387,0.650051474571228,0.29644131660461426
940,F8AEA4_wild,C(C(=O)C(=O)O)O,1.785156151952302,1.4092252254486084,0.09902814030647278,2.086758852005005
941,Q8U3Y2_wild,C(C(=O)C(=O)O)O,1.853871964321762,1.681555151939392,-0.2532368302345276,2.267566442489624
942,Q608T2_wild,C(C(=O)C(=O)[O-])O,1.9242792860618816,1.2066624164581299,-0.02126319706439972,0.9184451103210449
943,Q608T2_wild,C1C=CN(C=C1C(=O)N)C2C(C(C(O2)COP(=O)(O)OP(=O)(O)OCC3C(C(C(O3)N4C=NC5=C(N=CN=C54)N)OP(=O)(O)O)O)O)O,2.157607853361668,1.0929570198059082,-1.531770944595337,1.8855985403060913
944,Q608T2_wild,C(=O)C(=O)[O-],1.0217192496932364,1.3348575830459595,0.432679146528244,0.7035287022590637
945,Q9RFM8_wild,C(C(C(=O)O)N)S,0.7579478642953567,-0.3989277184009552,-1.1094285249710083,0.3527981638908386
946,Q9RFM7_wild,C(C(C(=O)O)N)S,1.1088748050376998,0.29353952407836914,-1.1335835456848145,0.9247020483016968
947,A0A0H2WZY4_wild,C1=NC(=C2C(=N1)N(C=N2)C3C(C(C(O3)COP(=O)(O)OP(=O)(O)OP(=O)(O)O)O)O)N,1.0111328270057893,1.2978203296661377,-0.43805667757987976,1.4352846145629883
948,Q9H477_wild,C1=NC(=C2C(=N1)N(C=N2)C3C(C(C(O3)COP(=O)(O)OP(=O)(O)OP(=O)(O)O)O)O)N,2.146128035678238,0.06485916674137115,-0.6887466311454773,1.4900407791137695
949,Q9H477_N199L,C1C(C(C(C(O1)O)O)O)O,-1.0791812460476249,-0.18065014481544495,-0.21305188536643982,0.8946266174316406
950,Q9H477_E202L,C1C(C(C(C(O1)O)O)O)O,-0.3010299956639812,-0.23964934051036835,-0.18064913153648376,0.8368370532989502
951,Q9H477_N199L,C1=NC(=C2C(=N1)N(C=N2)C3C(C(C(O3)COP(=O)(O)OP(=O)(O)OP(=O)(O)O)O)O)N,-2.8739015978644615,-0.27028706669807434,-0.6213347315788269,1.216264009475708
952,Q9H477_E202L,C1=NC(=C2C(=N1)N(C=N2)C3C(C(C(O3)COP(=O)(O)OP(=O)(O)OP(=O)(O)O)O)O)N,-2.1560946306394277,-0.2982233762741089,-0.5983304977416992,1.1767812967300415
953,E9BIX7_wild,C1=NC(=C2C(=N1)N(C=N2)C3C(C(C(O3)COP(=O)(O)OP(=O)(O)OP(=O)(O)O)O)O)N,1.2679804706886868,0.7309128046035767,-0.7970916628837585,1.7080241441726685
954,E9BIX7_wild,C1C(C(C(C(O1)O)O)O)O,0.8866431359415152,1.050041675567627,-0.09929460287094116,1.4693702459335327
955,B8RCD3_wild,CC=CC1=CC(=C(C=C1)O)OC,-0.10946604995209258,-2.0095489025115967,-1.4942986965179443,-0.16836366057395935
956,D7BAR0_wild,[O-]P(=O)([O-])[O-],-0.4067139329795427,1.219902515411377,0.41596201062202454,0.7532361745834351
957,D7BAR0_wild,C(C1C(C(C(C(O1)OC(CO)C(=O)[O-])O)O)O)O,-0.6249899519742018,0.769408643245697,0.7699980139732361,0.5738011002540588
958,D7BAR0_wild,C(C(C(=O)[O-])O)O,1.6922366216770504,1.0713214874267578,0.6221383810043335,0.5303590297698975
959,D7BAR0_wild,C(C1C(C(C(C(O1)OP(=O)([O-])[O-])O)O)O)O,1.0737862141609187,1.0608779191970825,0.41821739077568054,0.9294958114624023
960,P76041_wild,C(C1C(C(C(C(O1)OC(CO)C(=O)[O-])O)O)O)O,1.4833702039966639,0.9363416433334351,-0.05269426107406616,0.5077129602432251
961,P76041_wild,[O-]P(=O)([O-])[O-],0.037788560889399754,1.1306544542312622,-0.0348990261554718,0.7052197456359863
962,Q9SBL1_wild,C1=CN(C(=O)NC1=O)C2C(C(C(O2)COP(=O)(O)OP(=O)(O)OC3C(C(C(C(O3)CO)O)O)O)O)O,1.0463000196529693,-0.0508556067943573,-0.8485450744628906,0.8409011363983154
963,A3E7Z6_wild,C(C1C(C(C(C(O1)O)O)O)O)O,0.13222200834739303,1.407860279083252,1.609208583831787,0.414336234331131
964,A3E7Z6_wild,C1C(C(C(C(O1)O)O)O)O,1.9289624942672323,1.619027853012085,1.540513038635254,0.6300652623176575
965,A3E7Z6_wild,C(C(C(C(C=O)O)O)O)O,-0.663686651360234,1.2068790197372437,1.5720502138137817,0.5733882188796997
966,Q65N98_wild,C(C1C(C(C(C(O1)O)O)O)O)O,0.21849510760876856,1.6796553134918213,1.6185117959976196,0.28139057755470276
967,Q65N98_wild,C1C(C(C(C(O1)O)O)O)O,0.5083524920837411,1.8164432048797607,1.5711668729782104,0.4564468562602997
968,B8DZQ9_wild,C(C(C(C(=O)CO)O)O)O,1.1417632302757879,1.376416563987732,0.7623745799064636,1.1024174690246582
969,B8DZQ9_wild,C1C(C(C(C(O1)O)O)O)O,0.18345235870205034,1.6945408582687378,1.4643112421035767,0.7161633372306824
970,E7D6C4_wild,C(C1C(C(C(C(O1)OC2C(OC(C(C2O)O)O)CO)O)O)O)O,2.07490244806835,0.8001598715782166,-0.15445399284362793,1.1834385395050049
971,G2RB43_wild,C(C1C(C(C(C(O1)OC2C(OC(C(C2O)O)O)CO)O)O)O)O,2.5550634286517386,0.6909511089324951,-0.5808072686195374,1.087148666381836
972,G2RB43_wild,C(C1C(C(C(C(O1)OC2C(OC(C(C2O)O)OC3C(OC(C(C3O)O)O)CO)CO)O)O)O)O,2.1830961606243395,0.3105827867984772,-1.0124846696853638,1.2916209697723389
973,G2RB43_wild,C(C1C(C(C(C(O1)OC2C(OC(C(C2O)O)OC3C(OC(C(C3O)O)OC4C(OC(C(C4O)O)OC5C(OC(C(C5O)O)O)CO)CO)CO)CO)O)O)O)O,2.214843848047698,0.23389051854610443,-1.067089557647705,1.4065908193588257
974,G2RB43_wild,C(C1C(C(C(C(O1)OC2C(OC(C(C2O)O)OC3C(OC(C(C3O)O)OC4C(OC(C(C4O)O)O)CO)CO)CO)O)O)O)O,2.3417170844331974,0.2282131016254425,-1.0936740636825562,1.323434591293335
975,Q9P8H5_wild,C(C1C(C(C(C(O1)OC2C(OC(C(C2O)O)O)CO)O)O)O)O,1.4771212547196626,0.3220815360546112,-0.13160663843154907,0.927514910697937
976,Q9P8H5_wild,C(C1C(C(C(C(O1)O)O)O)O)O,-2.082316959900483,0.7058087587356567,1.28432035446167,0.5347145795822144
977,E7D6C4_wild,C(C1C(C(C(C(O1)O)O)O)O)O,-2.8466335553978426,1.0146386623382568,1.4855679273605347,0.6644534468650818
978,A9XK88_wild,C1=CC(=O)C=CC1=O,3.2910457747573805,1.2597341537475586,-1.023743748664856,2.345196008682251
979,A9XK88_wild,O=O,0.05504756633090553,0.402430921792984,-0.7935868501663208,1.7779721021652222
980,A9XK88_wild,C1=CC(=O)C=CC1=NC2=CC(=C(C(=C2)Cl)O)Cl,-0.8993298381186369,1.012209415435791,-1.075503945350647,2.2170262336730957
981,E7D6C0_wild,C(C1C(C(C(C(O1)OC2C(OC(C(C2O)O)O)CO)O)O)O)O,2.67029740444007,0.6673254370689392,-0.34390202164649963,1.109572172164917
982,E7D6C0_wild,C(C1C(C(C(C(O1)O)O)O)O)O,-0.7142099708927556,0.8343682289123535,1.2798961400985718,0.5977358818054199
983,E7D6C1_wild,C(C1C(C(C(C(O1)OC2C(OC(C(C2O)O)O)CO)O)O)O)O,2.3639878297484915,0.8811503052711487,-0.19065779447555542,1.0743424892425537
984,E7D6C1_wild,C(C1C(C(C(C(O1)O)O)O)O)O,-0.5247150883203348,1.132136583328247,1.443278431892395,0.5652199983596802
985,E7D6B9_wild,C(C1C(C(C(C(O1)OC2C(OC(C(C2O)O)O)CO)O)O)O)O,2.4696332333271123,0.4848979413509369,-0.2426092028617859,0.9948861598968506
986,E7D6B9_wild,C(C1C(C(C(C(O1)O)O)O)O)O,-1.6030459043096135,0.8052780628204346,1.266883134841919,0.5286495089530945
987,A0A077EWA5_wild,CN(CCC1=CC=C(C=C1)O)CC2=CC(=C(C=C2)O)O,1.3547148546267576,-1.7169146537780762,-1.385342001914978,0.6636648178100586
988,A0A077EWA5_wild,C1=CC(=CC=C1CCNCC2=CC(=C(C=C2)O)O)O,1.1383026981662814,-1.816549301147461,-1.215394377708435,0.3470047116279602
989,A0A077EWA5_wild,C1=CC(=C(C=C1CCN)O)O,0.9148283902631877,-1.2228620052337646,-0.48581063747406006,-0.006348401308059692
990,A0A077EWA5_wild,C[S+](CCC(C(=O)[O-])N)CC1C(C(C(O1)N2C=NC3=C(N=CN=C32)N)O)O,0.4202164033831898,-1.2184123992919922,-1.1250264644622803,0.8866411447525024
991,A0A5C2H154_wild,C1=CC(=C(C=C1C=CC(=O)O)O)O,-1.8470325397914564,-1.7817118167877197,-0.7674844264984131,0.10109695792198181
992,A0A5C2H154_wild,C1=CC(=CC=C1CCNCC2=CC(=C(C=C2)O)O)O,-1.6734158998636306,-1.937988519668579,-1.3682397603988647,0.4227140545845032
993,A0A5C2H154_wild,C1=CC(=C(C=C1C=O)O)O,-1.173658230384682,-1.5482431650161743,-0.7110458016395569,0.17957134544849396
994,Q12039_wild,C1=NC(=C2C(=N1)N(C=N2)C3C(C(C(O3)COP(=O)(O)OP(=O)(O)OP(=O)(O)O)O)O)N,0.9030899869919435,0.45112618803977966,-1.2793505191802979,1.4133174419403076
995,P51979_wild,C1=NC(=C2C(=N1)N(C=N2)C3C(C(C(O3)COP(=O)(O)OP(=O)(O)OP(=O)(O)O)O)O)N,1.200359833782618,0.5306191444396973,-1.0933855772018433,1.0764752626419067
996,P17888_K328A,C1=NC(=C2C(=N1)N(C=N2)C3C(C(C(O3)COP(=O)(O)OP(=O)(O)OP(=O)(O)O)O)O)N,3.5351132016973494,-0.6383440494537354,-2.368516206741333,0.6495097875595093
997,P17888_wild,C1=NC(=C2C(=N1)N(C=N2)C3C(C(C(O3)COP(=O)(O)OP(=O)(O)OP(=O)(O)O)O)O)N,4.336459733848529,-0.6116423606872559,-2.387788772583008,0.6665640473365784
998,Q8EQR8_wild,C1=CC(=C[N+](=C1)C2C(C(C(O2)COP(=O)(O)[O-])O)O)C(=O)N,0.32451109151374535,0.47469884157180786,-0.4185693562030792,0.8570966720581055
999,P0A8Y8_wild,CC(C)(COP(=O)(O)OP(=O)(O)OCC1C(C(C(O1)N2C=NC3=C(N=CN=C32)N)O)OP(=O)(O)O)C(C(=O)NCCC(=O)NCCSC(=O)C4=C(C5=CC=CC=C5C(=C4)O)O)O,0.5954294124289493,-0.15691284835338593,-1.573530912399292,0.9644045829772949
1000,P77781_wild,CC(C)(COP(=O)(O)OP(=O)(O)OCC1C(C(C(O1)N2C=NC3=C(N=CN=C32)N)O)OP(=O)(O)O)C(C(=O)NCCC(=O)NCCSC(=O)C4=C(C5=CC=CC=C5C=C4)O)O,3.2671717284030137,0.8815705180168152,-2.0981838703155518,1.902759313583374
1001,P77781_wild,CC(C)(COP(=O)(O)OP(=O)(O)OCC1C(C(C(O1)N2C=NC3=C(N=CN=C32)N)O)OP(=O)(O)O)C(C(=O)NCCC(=O)NCCSC(=O)C4=C(C5=CC=CC=C5C(=C4)O)O)O,3.3944516808262164,0.9002944231033325,-2.076087474822998,1.8862249851226807
1002,P77781_wild,CC(C)(COP(=O)([O-])OP(=O)([O-])OCC1C(C(C(O1)N2C=NC3=C(N=CN=C32)N)O)OP(=O)([O-])[O-])C(C(=O)NCCC(=O)NCCSC(=O)C4=CC(=CC(=C4)O)O)O,2.677124671180755,1.0582127571105957,-1.7968370914459229,1.6188807487487793
1003,A4YGR1_wild,C1=NC(=C2C(=N1)N(C=N2)C3C(C(C(O3)COP(=O)(O)OP(=O)(O)OP(=O)(O)O)O)O)N,2.708515322242249,0.756904125213623,-0.6306915879249573,1.4262088537216187
1004,A4YGR1_wild,C(CO)C(=O)[O-],2.106455330914528,0.9360795021057129,-0.5567724108695984,1.1303478479385376
1005,A4YGR1_wild,CCC(=O)[O-],1.6690067809585756,0.9535982608795166,0.06589870154857635,0.9252846837043762
1006,A4YGR1_wild,C=CC(=O)[O-],0.580105415439912,0.6810489892959595,0.07317439466714859,0.8020130395889282
1007,Q7WRJ3_wild,C1C=CN(C=C1C(=O)N)C2C(C(C(O2)COP(=O)(O)OP(=O)(O)OCC3C(C(C(O3)N4C=NC5=C(N=CN=C54)N)O)O)O)O,3.78122863779966,1.5421494245529175,-1.237905740737915,2.1300129890441895
1008,Q7WRJ3_wild,C1=CC(=C[N+](=C1)C2C(C(C(O2)COP(=O)([O-])OP(=O)(O)OCC3C(C(C(O3)N4C=NC5=C(N=CN=C54)N)O)O)O)O)C(=O)N,2.414889821769598,1.2477742433547974,-0.7263961434364319,1.5239887237548828
1009,Q7WRJ3_D41G,C1C=CN(C=C1C(=O)N)C2C(C(C(O2)COP(=O)(O)OP(=O)(O)OCC3C(C(C(O3)N4C=NC5=C(N=CN=C54)N)OP(=O)(O)O)O)O)O,3.1266415508735217,1.3913382291793823,-1.165906548500061,2.275463581085205
1010,Q7WRJ3_D41G,C1=CC(=C[N+](=C1)C2C(C(C(O2)COP(=O)(O)OP(=O)(O)OCC3C(C(C(O3)N4C=NC5=C(N=CN=C54)N)OP(=O)(O)O)O)O)O)C(=O)N,1.0862130103617305,1.1007118225097656,-0.5968132615089417,1.5581088066101074
1011,Q7WRJ3_D41G,C1=CC(=C[N+](=C1)C2C(C(C(O2)COP(=O)([O-])OP(=O)(O)OCC3C(C(C(O3)N4C=NC5=C(N=CN=C54)N)O)O)O)O)C(=O)N,2.234316878035933,1.2615387439727783,-0.7285163998603821,1.4960224628448486
1012,Q7WRJ3_D41G,C1C=CN(C=C1C(=O)N)C2C(C(C(O2)COP(=O)(O)OP(=O)(O)OCC3C(C(C(O3)N4C=NC5=C(N=CN=C54)N)O)O)O)O,2.9332341287148083,1.531416893005371,-1.2073019742965698,2.0961976051330566
1013,Q59477_wild,C1C=CN(C=C1C(=O)N)C2C(C(C(O2)COP(=O)(O)OP(=O)(O)OCC3C(C(C(O3)N4C=NC5=C(N=CN=C54)N)O)O)O)O,3.297395711008887,1.5599732398986816,-1.2221335172653198,2.1551308631896973
1014,Q59477_wild,C1=CC(=C[N+](=C1)C2C(C(C(O2)COP(=O)([O-])OP(=O)(O)OCC3C(C(C(O3)N4C=NC5=C(N=CN=C54)N)O)O)O)O)C(=O)N,1.625043898248652,1.2524303197860718,-0.7034305334091187,1.5429071187973022
1015,Q59477_wild,C(CO)C=O,1.8872957198087117,1.4143052101135254,0.4831121265888214,0.6240805387496948
1016,Q59477_wild,CCCC=O,0.316269962220718,0.7304109334945679,0.10255006700754166,1.0293822288513184
1017,Q59477_wild,CCC=O,0.06826483155852647,0.463893324136734,0.4180397093296051,0.8816248178482056
1018,Q59477_wild,C=O,-1.002705893375925,1.0511913299560547,0.9473018050193787,0.3613989055156708
1019,Q59477_wild,CC=O,0.08761441358448765,1.33061683177948,0.5683425068855286,0.8466075658798218
1020,Q59477_wild,CCCCC=O,-0.33445375115093096,0.7283226847648621,-0.2454683780670166,1.4224807024002075
1021,Q59477_wild,C(CO)CO,0.12755760574149239,0.20291657745838165,1.0814255475997925,-0.5124782919883728
1022,A6T923_wild,C12=C(NC(=O)N1)NC(=O)NC2=O,3.0,0.8712698221206665,-1.4622071981430054,2.0310473442077637
1023,A6T923_wild,C1C=CN(C=C1C(=O)N)C2C(C(C(O2)COP(=O)(O)OP(=O)(O)OCC3C(C(C(O3)N4C=NC5=C(N=CN=C54)N)O)O)O)O,1.9242792860618816,0.8712863326072693,-1.0115504264831543,1.7477607727050781
1024,P10538_wild,C(C1C(C(C(C(O1)OC2C(OC(C(C2O)O)OCC3C(C(C(C(O3)OC4C(OC(C(C4O)O)O)CO)O)O)OC5C(C(C(C(O5)CO)O)O)O)CO)O)O)O)O,2.819408239717665,1.803153395652771,-0.27690356969833374,0.7786635160446167
1025,D0WGK0_S61D/S63D/I95V,C1C=CN(C=C1C(=O)N)C2C(C(C(O2)COP(=O)(O)OP(=O)(O)OCC3C(C(C(O3)N4C=NC5=C(N=CN=C54)N)OP(=O)(O)O)O)O)O,-0.6020599913279624,-1.0619096755981445,-0.8498392701148987,1.776235580444336
1026,Q02138_V48L/R49P/K52L/S53D,C1C=CN(C=C1C(=O)N)C2C(C(C(O2)COP(=O)(O)OP(=O)(O)OCC3C(C(C(O3)N4C=NC5=C(N=CN=C54)N)OP(=O)(O)O)O)O)O,-1.0969100130080565,-1.0742236375808716,-0.5776932239532471,1.6769044399261475
1027,D0WGK0_wild,C1C=CN(C=C1C(=O)N)C2C(C(C(O2)COP(=O)(O)OP(=O)(O)OCC3C(C(C(O3)N4C=NC5=C(N=CN=C54)N)O)O)O)O,0.9595713429443917,-0.7606950998306274,-0.8850653767585754,1.6066381931304932
1028,D0WGK0_S61D/S63D/I95V,C1C=CN(C=C1C(=O)N)C2C(C(C(O2)COP(=O)(O)OP(=O)(O)OCC3C(C(C(O3)N4C=NC5=C(N=CN=C54)N)O)O)O)O,1.332223515846925,-0.8927233219146729,-0.8232214450836182,1.5009112358093262
1029,D0WGK0_S61D/S63D,C1C=CN(C=C1C(=O)N)C2C(C(C(O2)COP(=O)(O)OP(=O)(O)OCC3C(C(C(O3)N4C=NC5=C(N=CN=C54)N)OP(=O)(O)O)O)O)O,-0.9444826721501686,-1.061035394668579,-0.8594098687171936,1.7827174663543701
1030,D0WGK0_S61D/S63D,C1C=CN(C=C1C(=O)N)C2C(C(C(O2)COP(=O)(O)OP(=O)(O)OCC3C(C(C(O3)N4C=NC5=C(N=CN=C54)N)O)O)O)O,0.9336932907828253,-0.8897348046302795,-0.8307722210884094,1.5064849853515625
1031,Q02138_V48L/R49P/K52L/S53D/E59K/T182S/E320K,C1C=CN(C=C1C(=O)N)C2C(C(C(O2)COP(=O)(O)OP(=O)(O)OCC3C(C(C(O3)N4C=NC5=C(N=CN=C54)N)O)O)O)O,1.8532925186295284,-0.8571145534515381,-0.6388905644416809,1.5204660892486572
1032,Q02138_V48L/R49P/K52L/S53D/E59K/T182S/E320K,C1C=CN(C=C1C(=O)N)C2C(C(C(O2)COP(=O)(O)OP(=O)(O)OCC3C(C(C(O3)N4C=NC5=C(N=CN=C54)N)OP(=O)(O)O)O)O)O,-0.3309932190414245,-1.0117928981781006,-0.6839556097984314,1.7738149166107178
1033,Q02138_V48L/R49P/K52L/S53D,C1C=CN(C=C1C(=O)N)C2C(C(C(O2)COP(=O)(O)OP(=O)(O)OCC3C(C(C(O3)N4C=NC5=C(N=CN=C54)N)O)O)O)O,0.5686362358410127,-0.9217431545257568,-0.539233922958374,1.4437135457992554
1034,Q02138_V48L/R49P/K52E/S53D,C1C=CN(C=C1C(=O)N)C2C(C(C(O2)COP(=O)(O)OP(=O)(O)OCC3C(C(C(O3)N4C=NC5=C(N=CN=C54)N)O)O)O)O,0.43685807470240723,-0.9522837400436401,-0.5363064408302307,1.420772671699524
1035,Q02138_V48L/R49P/K52E/S53D,C1C=CN(C=C1C(=O)N)C2C(C(C(O2)COP(=O)(O)OP(=O)(O)OCC3C(C(C(O3)N4C=NC5=C(N=CN=C54)N)OP(=O)(O)O)O)O)O,-1.2937307569224819,-1.0979071855545044,-0.5766516327857971,1.6534643173217773
1036,Q02138_wild,C1C=CN(C=C1C(=O)N)C2C(C(C(O2)COP(=O)(O)OP(=O)(O)OCC3C(C(C(O3)N4C=NC5=C(N=CN=C54)N)O)O)O)O,-0.45484486000851015,-0.6667399406433105,-0.6626294255256653,1.6399052143096924
1037,U3LXJ8_wild,C1=CC(=CC=C1C2=C(C(=O)C3=C(C=C(C=C3O2)O)O)O)O,4.230448921378274,0.7991728782653809,-2.6651363372802734,1.7635185718536377
1038,U3LXJ8_wild,C1C(OC2=CC(=CC(=C2C1=O)O)O)C3=CC=C(C=C3)O,4.02530586526477,0.4551093876361847,-2.4229414463043213,1.2025275230407715
1039,U3LXJ8_wild,C1=CC(=CC=C1C2C(C(=O)C3=C(C=C(C=C3O2)O)O)O)O,3.9563818954498764,0.7492755651473999,-2.2962758541107178,1.6869304180145264
1040,U3LXJ8_wild,C1=CC(=CC=C1C2=CC(=O)C3=C(C=C(C=C3O2)O)O)O,3.3636768048018704,0.622866153717041,-2.440467357635498,1.6043922901153564
1041,C1IWT4_wild,C1C=CN(C=C1C(=O)N)C2C(C(C(O2)COP(=O)(O)OP(=O)(O)OCC3C(C(C(O3)N4C=NC5=C(N=CN=C54)N)OP(=O)(O)O)O)O)O,3.535113201697349,0.7614891529083252,-1.2670618295669556,1.9291681051254272
1042,C1IWT4_wild,CCO,0.9072459467631013,0.7521260380744934,0.34836527705192566,0.8180359601974487
1043,C1IWT4_wild,CC=O,1.3729120029701067,0.8512136936187744,0.17962811887264252,0.78548264503479
1044,C1IWT4_wild,C1=CC(=C[N+](=C1)C2C(C(C(O2)COP(=O)(O)OP(=O)(O)OCC3C(C(C(O3)N4C=NC5=C(N=CN=C54)N)OP(=O)(O)O)O)O)O)C(=O)N,0.9072459467631013,0.6017899513244629,-0.6757661700248718,1.443748116493225
1045,I6TNE2_wild,C1=CC(=CC=C1[N+](=O)[O-])OC2C(C(C(C(O2)CO)O)O)O,0.8797656316959677,0.987655520439148,0.2221391201019287,0.6354904770851135
1046,A0A0S2SWE4_wild,CCCCCCC=CCCCCCCCC(=O)[O-],2.645094623553164,1.328467607498169,-1.2653402090072632,1.6098048686981201
1047,A0A0S2SWE4_wild,CCC=CCC=CCC=CCCCCCCCC(=O)[O-],3.0530956777333835,1.6758793592453003,-1.26982843875885,1.8095651865005493
1048,A0A0S2SWE4_wild,CCCCCCCCC=CCCCCCCCC(=O)O,2.8702527197533456,1.2139301300048828,-1.3064055442810059,1.7192139625549316
1049,A0A0S2SWE4_wild,CCCCCC=CCC=CC(CCCCCCC(=O)O)OO,3.258510735342502,1.870248794555664,-1.4831448793411255,2.0729832649230957
1050,Q1MLL4_wild,C(C(C(C(C(CO)O)O)O)O)O,0.19884445784187776,0.5959658622741699,1.4929970502853394,-0.48089364171028137
1051,Q9ZGH1_wild,CC1C(C(C(C(O1)OP(=O)(O)OP(=O)(O)OCC2C(CC(O2)N3C=C(C(=O)NC3=O)C)O)O)O)N,-0.46852108295774486,-0.8270130753517151,-1.566396951675415,0.86649489402771
1052,Q9F1Y5_wild,CC(=CCCC(=C(C)COP(=O)(O)OP(=O)(O)O)C)C,0.17609125905568124,-1.4713358879089355,-1.8619107007980347,0.8114921450614929
1053,Q9F1Y5_wild,C[S+](CCC(C(=O)[O-])N)CC1C(C(C(O1)N2C=NC3=C(N=CN=C32)N)O)O,0.2415928078121135,-1.4174120426177979,-1.7346612215042114,0.9264919757843018
1054,Q9F1Y5_wild,CC(=CCCC(=CCOP(=O)(O)OP(=O)(O)O)C)C,-0.15348346831020904,-1.4888874292373657,-1.8323086500167847,0.807704746723175
1055,A0A2Z5VC92_wild,C1=CC(=C(C=C1C(=O)O)O)O,1.873354799577683,0.5228271484375,-0.5717061161994934,0.643100380897522
1056,A0A2Z5VC92_wild,C1=C(C=C(C(=C1O)O)O)C(=O)O,1.9050244867691433,0.37773850560188293,-0.7986541390419006,0.7972698211669922
1057,A0A2Z5VC92_wild,COC1=C(C=CC(=C1)C(=O)O)[O-],2.087533320412391,0.3992636501789093,-0.6947413682937622,0.7961152791976929
1058,A0A2Z5V6P3_wild,COC1=C(C=CC(=C1)C(=O)O)[O-],1.971710360512123,0.441959410905838,-0.7696755528450012,0.8445547819137573
1059,A0A2Z5V6P3_wild,C1=C(C=C(C(=C1O)O)O)C(=O)O,1.7506301767323806,0.37629735469818115,-0.8735328316688538,0.8359392881393433
1060,A0A2Z5V6P3_wild,C1=CC(=C(C=C1C(=O)O)O)O,1.8311351053703686,0.5446439385414124,-0.6207854747772217,0.6912194490432739
1061,P77454_Q162A,C(CC(=O)N)C(C(=O)O)N,0.9731278535996987,1.3086315393447876,0.8710095286369324,0.884480357170105
1062,P77454_wild,C(CC(=O)N)C(C(=O)O)N,1.0976233356133756,1.2723639011383057,0.8682681918144226,0.8490383625030518
1063,Q9WYP5_wild,C1(C(C(C(C(C1O)O)O)O)O)O,-0.4623979978989561,0.7490859031677246,0.9411231279373169,0.702323317527771
1064,Q56841_wild,CC(CSCCS(=O)(=O)O)O,2.7079248469889454,1.1075881719589233,-0.1759485900402069,0.8708349466323853
1065,Q56841_wild,CC(=O)CSCCS(=O)(=O)O,2.6298890851927195,1.2081573009490967,-0.043720513582229614,0.9595721960067749
1066,A0R5M7_wild,C[N+](C)(C)C(CC1=CN=C(N1)S(=O)CC(C(=O)O)N)C(=O)O,2.3203351508593677,0.4817356467247009,-0.4063381850719452,0.4534270167350769
1067,P16250_wild,C1=CC=C(C(=C1)C(=O)O)NC2C(C(C(O2)COP(=O)(O)O)O)O,3.4771212547196626,0.7966145277023315,-1.6550240516662598,1.1356240510940552
1068,P16250_R19A,C1=CC=C(C(=C1)C(=O)O)NC2C(C(C(O2)COP(=O)(O)O)O)O,2.227049943302164,0.4678798019886017,-1.5549038648605347,0.9254457354545593
1069,Q12WB9_wild,C1=NC(=C2C(=N1)N(C=N2)C3C(C(C(O3)COP(=O)(O)OP(=O)(O)O)O)O)N,0.1480625354554377,-0.14358653128147125,-0.8220701217651367,0.8583204746246338
1070,D7E8P3_wild,C1=NC(=C2C(=N1)N(C=N2)C3C(C(C(O3)COP(=O)(O)OP(=O)(O)O)O)O)N,1.0280287236002434,0.07801374793052673,-0.7171673774719238,0.9934021234512329
1071,Q8PZL9_wild,C1=NC(=C2C(=N1)N(C=N2)C3C(C(C(O3)COP(=O)(O)OP(=O)(O)O)O)O)N,1.9279973385794986,-0.037857942283153534,-0.7631921768188477,0.9866433143615723
1072,Q96DE0_wild,C1=NC2=C(C(=O)N1)N=CN2C3C(C(C(O3)COP(=O)(O)OP(=O)(O)O)O)O,-0.5882717068423291,-1.636529564857483,-0.9185359477996826,0.9839349985122681
1073,Q96DE0_wild,C1C(C(OC1N2C=NC3=C2N=C(NC3=O)N)COP(=O)(O)OP(=O)(O)O)O,-1.6020599913279623,-1.7004045248031616,-0.8344540596008301,0.7773599028587341
1074,Q96DE0_wild,C1=NC2=C(N1C3C(C(C(O3)COP(=O)(O)OP(=O)(O)O)O)O)N=C(NC2=O)N,-1.5642714304385628,-1.5761494636535645,-0.9412451386451721,0.9821944236755371
1075,Q96DE0_wild,C1C(C(OC1N2C=NC3=C2N=CNC3=O)COP(=O)(O)OP(=O)(O)O)O,-0.7403626894942439,-1.7737054824829102,-0.716869592666626,0.6561659574508667
1076,Q96DE0_wild,C1C(C(OC1N2C=NC3=C2N=CNC3=O)COP(=O)(O)OP(=O)(O)OP(=O)(O)O)O,-2.6577411729740796,-1.5948858261108398,-0.678943395614624,0.6325681209564209
1077,C6KT68_wild,C1C=CN(C=C1C(=O)N)C2C(C(C(O2)COP(=O)(O)OP(=O)(O)OCC3C(C(C(O3)N4C=NC5=C(N=CN=C54)N)OP(=O)(O)O)O)O)O,3.8416375079047502,1.6189255714416504,-1.5214966535568237,2.6841232776641846
1078,Q9L6V3_wild,C1C=CN(C=C1C(=O)N)C2C(C(C(O2)COP(=O)(O)OP(=O)(O)OCC3C(C(C(O3)N4C=NC5=C(N=CN=C54)N)OP(=O)(O)O)O)O)O,3.3778700258967036,0.9116694927215576,-1.4032189846038818,2.342437267303467
1079,C6KT68_wild,C1=CC=C(C=C1)C2=NN([N+](=N2)C3=CC=C(C=C3)[N+](=O)[O-])C4=CC=C(C=C4)I.[Cl-],3.2775488998144584,2.1266276836395264,-0.833438515663147,2.16105580329895
1080,C6KT68_wild,C1C=CN(C=C1C(=O)N)C2C(C(C(O2)COP(=O)(O)OP(=O)(O)OCC3C(C(C(O3)N4C=NC5=C(N=CN=C54)N)O)O)O)O,2.1249387366083603,1.7464520931243896,-1.0743296146392822,2.4086408615112305
1081,Q8PMH0_wild,C1C=CN(C=C1C(=O)N)C2C(C(C(O2)COP(=O)(O)OP(=O)(O)OCC3C(C(C(O3)N4C=NC5=C(N=CN=C54)N)O)O)O)O,-0.013363961557981441,0.7629139423370361,-1.2157294750213623,2.191556930541992
1082,Q8PMH0_wild,C1C=CN(C=C1C(=O)N)C2C(C(C(O2)COP(=O)(O)OP(=O)(O)OCC3C(C(C(O3)N4C=NC5=C(N=CN=C54)N)OP(=O)(O)O)O)O)O,4.052579950131432,0.7458451390266418,-1.5150197744369507,2.473548650741577
1083,Q9XI55_wild,C1C=CN(C=C1C(=O)N)C2C(C(C(O2)COP(=O)(O)OP(=O)(O)OCC3C(C(C(O3)N4C=NC5=C(N=CN=C54)N)OP(=O)(O)O)O)O)O,3.3010299956639813,0.8799303770065308,-2.2609877586364746,2.652601718902588
1084,Q8A712_T34A,C1C(C(C(OC1(C(=O)[O-])O)C(C(COP(=O)([O-])[O-])O)O)O)O,-0.30102999566373995,-0.46547767519950867,-0.6655086278915405,0.7159660458564758
1085,Q8A712_E56A,C1C(C(C(OC1(C(=O)[O-])O)C(C(COP(=O)([O-])[O-])O)O)O)O,-1.1978105087489175,-0.3680897653102875,-0.6413383483886719,0.8315110206604004
1086,Q8A712_S37A,C1C(C(C(OC1(C(=O)[O-])O)C(C(COP(=O)([O-])[O-])O)O)O)O,0.7781512503836436,-0.46273159980773926,-0.681247889995575,0.7339720726013184
1087,Q8A712_wild,CC(=O)NC1C(CC(OC1C(C(COP(=O)(O)O)O)O)(C(=O)O)O)O,0.784141614072831,-0.24180081486701965,-1.0102375745773315,1.1959351301193237
1088,P44801_H277N,C(C=O)C(C(=O)O)N,0.8061799739838872,1.2052061557769775,0.008516757749021053,1.1099984645843506
1089,P44801_H277N,C1=CC(=C[N+](=C1)C2C(C(C(O2)COP(=O)(O)OP(=O)(O)OCC3C(C(C(O3)N4C=NC5=C(N=CN=C54)N)OP(=O)(O)O)O)O)O)C(=O)N,0.4637572931616809,1.3341552019119263,-0.43147382140159607,1.774362325668335
1090,P44801_H277N,[O-]P(=O)([O-])[O-],0.07378621416091864,1.8961246013641357,0.5467897653579712,1.292457103729248
1091,P0A9Q9_Q350N/H171A,C1=CC(=C[N+](=C1)C2C(C(C(O2)COP(=O)([O-])OP(=O)(O)OCC3C(C(C(O3)N4C=NC5=C(N=CN=C54)N)O)O)O)O)C(=O)N,1.719029798264987,1.6302883625030518,0.004277884028851986,1.685533881187439
1092,P0A9Q9_Q350N/H171A,C1=CC(=C[N+](=C1)C2C(C(C(O2)COP(=O)(O)OP(=O)(O)OCC3C(C(C(O3)N4C=NC5=C(N=CN=C54)N)OP(=O)(O)O)O)O)O)C(=O)N,3.71213145039399,1.5166189670562744,-0.5077747106552124,1.8434133529663086
1093,P0A9Q9_Q350N,C1=CC(=C[N+](=C1)C2C(C(C(O2)COP(=O)([O-])OP(=O)(O)OCC3C(C(C(O3)N4C=NC5=C(N=CN=C54)N)O)O)O)O)C(=O)N,1.5375672571526753,1.5907033681869507,0.030277669429779053,1.654342532157898
1094,P0A9Q9_Q350N,C1=CC(=C[N+](=C1)C2C(C(C(O2)COP(=O)(O)OP(=O)(O)OCC3C(C(C(O3)N4C=NC5=C(N=CN=C54)N)OP(=O)(O)O)O)O)O)C(=O)N,3.971666401356065,1.4891396760940552,-0.4784034490585327,1.827143907546997
1095,P0A9Q9_wild,C1=CC(=C[N+](=C1)C2C(C(C(O2)COP(=O)([O-])OP(=O)(O)OCC3C(C(C(O3)N4C=NC5=C(N=CN=C54)N)O)O)O)O)C(=O)N,-0.07918124604762487,1.5591325759887695,0.03718525171279907,1.628903865814209
1096,Q51344_wild,C(C=O)C(C(=O)[O-])[NH3+],3.1249387366083,1.8402643203735352,-0.3340679407119751,1.2261707782745361
1097,Q51344_wild,C1=CC(=C[N+](=C1)C2C(C(C(O2)COP(=O)(O)OP(=O)(O)OCC3C(C(C(O3)N4C=NC5=C(N=CN=C54)N)OP(=O)(O)O)O)O)O)C(=O)N,3.090176630349088,1.2301833629608154,-0.47826018929481506,1.608521580696106
1098,P44801_wild,C(C=O)C(C(=O)O)N,3.2174839442139063,1.37717866897583,-0.06075632572174072,1.222873330116272
1099,P44801_wild,[O-]P(=O)([O-])[O-],2.3143939572219625,2.05895733833313,0.5013539791107178,1.413784384727478
1100,P44801_wild,C1=CC(=C[N+](=C1)C2C(C(C(O2)COP(=O)(O)OP(=O)(O)OCC3C(C(C(O3)N4C=NC5=C(N=CN=C54)N)OP(=O)(O)O)O)O)O)C(=O)N,3.342422680822206,1.5020062923431396,-0.5026628375053406,1.9007946252822876
1101,P0A9Q9_wild,C1=CC(=C[N+](=C1)C2C(C(C(O2)COP(=O)(O)OP(=O)(O)OCC3C(C(C(O3)N4C=NC5=C(N=CN=C54)N)OP(=O)(O)O)O)O)O)C(=O)N,3.5537553117534073,1.4598956108093262,-0.47351089119911194,1.8051056861877441
1102,F2JXJ3_wild,C(CCN)CC(C(=O)O)N,1.940414310015756,-0.22406034171581268,-1.196862816810608,2.18017315864563
1103,F2JXJ3_C448A,C(CCN)CC(C(=O)O)N,0.909823369650912,-0.21285058557987213,-1.2207809686660767,2.20534348487854
1104,F2JXJ3_K530A,C(CCN)CC(C(=O)O)N,1.3631779024128257,-0.23256109654903412,-1.1966075897216797,2.1739540100097656
1105,F2JXJ3_K530R,C(CCN)CC(C(=O)O)N,0.7794304692228167,-0.21245720982551575,-1.1967443227767944,2.1799681186676025
1106,F2JXJ3_Y211F,C(CCN)CC(C(=O)O)N,0.16816389065357998,-0.21714268624782562,-1.2102059125900269,2.1873579025268555
1107,F2JXJ3_C448D,C(CCN)CC(C(=O)O)N,0.3101096535162055,-0.23012514412403107,-1.1766287088394165,2.1720528602600098
1108,A0A2I6SUQ9_wild,C(C1C(C(C(C(O1)O)O)O)O)O,0.2932046581520247,0.39636823534965515,0.7905771732330322,0.42947500944137573
1109,A0A2I6SUQ9_wild,C(C1C(C(C(C(O1)O)O)OC2C(C(C(C(O2)CO)O)OC3C(C(C(C(O3)CO)O)OC4C(C(C(C(O4)CO)O)O)O)O)O)O)O,-0.10000108998519822,0.4160764217376709,0.11367130279541016,0.9685784578323364
1110,A0A2I6SUQ9_wild,C(C1C(C(C(C(O1)O)O)OC2C(C(C(C(O2)CO)O)OC3C(C(C(C(O3)CO)O)O)O)O)O)O,-0.05115252244738126,0.3723183572292328,0.24603009223937988,0.8542147874832153
1111,A0A2I6SUQ9_wild,C(C1C(C(C(C(O1)O)O)OC2C(C(C(C(O2)CO)O)OC3C(C(C(C(O3)CO)O)OC4C(C(C(C(O4)CO)O)OC5C(C(C(C(O5)CO)O)O)O)O)O)O)O)O,-0.3067570388564683,0.4320783019065857,0.07578298449516296,0.9058563709259033
1112,A0A2I6SUQ9_wild,C(C1C(C(C(C(O1)OC2C(C(OC(C2O)OC3C(C(OC(C3O)OC4C(C(OC(C4O)OC5C(C(OC(C5O)OC(C(C=O)O)C(C(CO)O)O)CO)O)CO)O)CO)O)CO)O)O)O)O)O,-0.4179998026009907,0.465672105550766,0.24858874082565308,1.2339266538619995
1113,O33835_D327G,C1=CC(=CC=C1[N+](=O)[O-])OC2C(C(C(C(O2)CO)O)O)O,1.3968922530808439,0.23531968891620636,-0.9577640891075134,0.7888067960739136
1114,G4FEF4_wild,C1=CC(=CC=C1[N+](=O)[O-])OC2C(C(C(C(O2)CO)O)O)O,3.210853365314893,0.4709324240684509,-1.0156842470169067,0.9348520636558533
1115,G4FEF4_P402D,C1=CC(=CC=C1[N+](=O)[O-])OC2C(C(C(C(O2)CO)O)O)O,1.3971312663863646,0.4745069742202759,-0.9993777275085449,0.9328081607818604
1116,G4FEF4_L195C,C1=CC(=CC=C1[N+](=O)[O-])OC2C(C(C(C(O2)CO)O)O)O,1.5812098523548423,0.47657880187034607,-0.9991218447685242,0.9342043995857239
1117,A4YGC7_wild,CC(C)(COP(=O)(O)OP(=O)(O)OCC1C(C(C(O1)N2C=NC3=C(N=CN=C32)N)O)OP(=O)(O)O)C(C(=O)NCCC(=O)NCCSC(=O)CCCO)O,1.1461280356782382,0.5296014547348022,-1.2888962030410767,1.0112794637680054
1118,A0A0U5A554_wild,C(C(C(=O)O)N)C(=O)O,0.5246370249366807,0.013147867284715176,1.0246151685714722,0.2887022793292999
1119,K1QH67_S150P/S151P/S152Y,C(C(C(=O)O)N)C(=O)O,-3.1787803975664626,0.3524549901485443,0.8365660309791565,0.6895641088485718
1120,K1QH67_wild,C(C(C(=O)O)N)C(=O)O,0.4405776860308977,0.13238172233104706,0.8355379700660706,0.471535861492157
1121,P09622_wild,C1CSSC1CCCCC(=O)N,3.108661651718972,1.786757469177246,0.3075779974460602,1.5264374017715454
1122,P09622_wild,C1=CC(=C[N+](=C1)C2C(C(C(O2)COP(=O)([O-])OP(=O)(O)OCC3C(C(C(O3)N4C=NC5=C(N=CN=C54)N)O)O)O)O)C(=O)N,3.4913616938342726,1.5203737020492554,-0.7610148191452026,2.0538980960845947
1123,P09622_wild,C(CCC(=O)N)CC(CCS)S,3.538786343762411,1.8274990320205688,-0.39830851554870605,1.2863116264343262
1124,P09622_wild,C1C=CN(C=C1C(=O)N)C2C(C(C(O2)COP(=O)(O)OP(=O)(O)OCC3C(C(C(O3)N4C=NC5=C(N=CN=C54)N)O)O)O)O,3.620656479819621,1.7608449459075928,-1.4651991128921509,2.7160725593566895
1125,Q9CA40_wild,C1C(=NC2=C(N1)N=C(NC2=O)N)C(C(COP(=O)(O)OP(=O)(O)OP(=O)(O)O)O)O,-2.3891660843645326,-0.8993926048278809,-1.5388729572296143,1.1102516651153564
1126,Q9WZC2_wild,C(CCN)CN,3.0772722562402937,-0.13308624923229218,-0.973021924495697,1.0793712139129639
1127,Q9WZC2_wild,C[S+](CCCN)CC1C(C(C(O1)N2C=NC3=C(N=CN=C32)N)O)O,4.480964593801422,-0.5001898407936096,-1.612061619758606,1.704514980316162
1128,P09158_T160A,C[S+](CCCN)CC1C(C(C(O1)N2C=NC3=C(N=CN=C32)N)O)O,0.43136376415898736,-0.6892887353897095,-1.7650209665298462,1.6576677560806274
1129,P09158_wild,C[S+](CCCN)CC1C(C(C(O1)N2C=NC3=C(N=CN=C32)N)O)O,0.640978057358332,-0.6865537166595459,-1.7753537893295288,1.6681272983551025
1130,P09158_C159A,C[S+](CCCN)CC1C(C(C(O1)N2C=NC3=C(N=CN=C32)N)O)O,0.5274263730310582,-0.7525305151939392,-1.763008952140808,1.613053560256958
1131,P09158_I163A,C[S+](CCCN)CC1C(C(C(O1)N2C=NC3=C(N=CN=C32)N)O)O,0.6774810885022804,-0.6894015669822693,-1.7724229097366333,1.6743104457855225
1132,P09158_C159S,C[S+](CCCN)CC1C(C(C(O1)N2C=NC3=C(N=CN=C32)N)O)O,0.6428540623570874,-0.7224400639533997,-1.7690247297286987,1.6333298683166504
1133,P09158_P162A,C[S+](CCCN)CC1C(C(C(O1)N2C=NC3=C(N=CN=C32)N)O)O,0.6490565540041859,-0.8321428298950195,-1.7350066900253296,1.5672430992126465
1134,P09158_P165A,C[S+](CCCN)CC1C(C(C(O1)N2C=NC3=C(N=CN=C32)N)O)O,0.405239247413537,-0.7009257078170776,-1.7780383825302124,1.6596163511276245
1135,Q5NUF4_wild,C1=CC(=CC=C1C2C(OC3=C(C2=O)C=CC(=C3)O)O)O,-0.24303804868629447,0.9479315280914307,-1.207348108291626,1.7807650566101074
1136,Q5NUF4_wild,COC1=CC=C(C=C1)C2C(OC3=C(C2=O)C=CC(=C3)O)O,2.2277980821295578,0.8816269636154175,-1.2122944593429565,1.7621805667877197
1137,Q5NUF4_wild,C1=CC(=CC=C1C2C(OC3=CC(=CC(=C3C2=O)O)O)O)O,-0.2041199826559248,0.9999231100082397,-1.1456226110458374,1.702475666999817
1138,Q5NUF3_wild,C1=CC(=CC=C1C2C(OC3=CC(=CC(=C3C2=O)O)O)O)O,2.0272296534909104,0.6418359875679016,-1.0612280368804932,1.2644634246826172
1139,Q5NUF3_wild,COC1=CC=C(C=C1)C2C(OC3=C(C2=O)C=CC(=C3)O)O,1.7417219847569687,0.5678024291992188,-1.0985945463180542,1.3377037048339844
1140,Q5NUF3_wild,C1=CC(=CC=C1C2C(OC3=C(C2=O)C=CC(=C3)O)O)O,1.6673710182643164,0.6204467415809631,-1.1575452089309692,1.3921585083007812
1141,Q3L181_wild,C1=CC(=CC=C1C=O)[N+](=O)[O-],1.469822015978163,-0.00956007931381464,-0.9807341694831848,1.0595554113388062
1142,Q3L181_wild,CC1C(C2CC3N1C4C2C(C5(C4)C3=NC6=CC=CC=C56)OC(=O)C)C=O,-1.7729500566978358,-0.6960242986679077,-1.340070128440857,0.9774360656738281
1143,Q0P8J7_wild,C1=CN(C(=O)N=C1N)C2C(C(C(O2)COP(=O)([O-])OP(=O)(NC(=O)CCC(C(=O)[O-])[NH3+])[O-])O)O,1.2932046581520247,-0.003089592792093754,-1.258362889289856,0.46556589007377625
1144,Q08ET4_wild,CC(=CCOP(=O)(O)OP(=O)(O)O)C,-0.028803557850204494,-2.033043146133423,-1.637839674949646,0.8028401136398315
1145,Q08ET4_wild,C1=NC(=C2C(=N1)N(C=N2)C3C(C(C(O3)COP(=O)(O)OP(=O)(O)O)O)O)N,-0.45357313294487295,-1.4406695365905762,-1.2077823877334595,0.9852066040039062
1146,Q5GHF7_wild,C1=NC(=C2C(=N1)N(C=N2)C3C(C(C(O3)COP(=O)(O)OP(=O)(O)O)O)O)N,0.09465393270383225,-1.6530321836471558,-1.2328320741653442,0.9852535724639893
1147,Q5GHF7_wild,C1=NC(=C2C(=N1)N(C=N2)C3C(C(C(O3)COP(=O)(O)OP(=O)(O)OP(=O)(O)O)O)O)N,0.1329076662795753,-1.6289781332015991,-1.320646047592163,0.7631078362464905
1148,Q5GHF7_wild,CC(=CCOP(=O)(O)OP(=O)(O)O)C,0.14400179594545942,-2.193880796432495,-1.600999355316162,0.9083181023597717
1149,Q5GHF7_wild,C1=NC(=C2C(=N1)N(C=N2)C3C(C(C(O3)COP(=O)(O)O)O)O)N,-1.9620366550224313,-1.5918036699295044,-1.048592209815979,1.058980941772461
1150,P58758_Y211T,CC(=CCOP(=O)([O-])OP(=O)([O-])[O-])CO,-4.8216373327664354e-17,-2.089017868041992,-1.9212077856063843,0.7308841347694397
1151,P58758_wild,CC(=CCOP(=O)([O-])OP(=O)([O-])[O-])CO,0.48412615628832095,-2.0696065425872803,-1.9544177055358887,0.692128598690033
1152,P58758_E213Q,CC(=CCOP(=O)(O)OP(=O)(O)O)C,0.6434526764861874,-2.0033109188079834,-1.901289939880371,0.58202064037323
1153,P58758_Y211T,CC(=CCOP(=O)(O)OP(=O)(O)O)C,-1.2479732663618066,-2.0171878337860107,-1.8739854097366333,0.6160496473312378
1154,P58758_H214L,CC(=CCOP(=O)(O)OP(=O)(O)O)C,0.920818753952375,-1.9892544746398926,-1.8977760076522827,0.5358702540397644
1155,P58758_wild,CC(=CCOP(=O)(O)OP(=O)(O)O)C,0.8266487783103476,-1.9859840869903564,-1.9131146669387817,0.5767402648925781
1156,P58758_E213Q,CC(=CCOP(=O)([O-])OP(=O)([O-])[O-])CO,-0.16331697101925238,-2.0741803646087646,-1.9375096559524536,0.6952763795852661
1157,P58758_D173G,CC(=CCOP(=O)([O-])OP(=O)([O-])[O-])CO,-1.354108439147401,-2.0397160053253174,-1.949379801750183,0.7234361171722412
1158,P58758_E210N,CC(=CCOP(=O)([O-])OP(=O)([O-])[O-])CO,-0.416640507338281,-2.075969934463501,-1.9488322734832764,0.7184712886810303
1159,P58758_H214L,CC(=CCOP(=O)([O-])OP(=O)([O-])[O-])CO,-2.1423678868049314,-2.0762436389923096,-1.9421876668930054,0.6566760540008545
1160,A3MUJ4_wild,C1=CN(C(=O)NC1=O)C2C(C(C(O2)COP(=O)(O)OP(=O)(O)OC3C(C(C(C(O3)CO)O)O)O)O)O,-0.6667853209646176,0.40750372409820557,-0.10888466238975525,1.4602948427200317
1161,O73960_wild,C1=CN(C(=O)NC1=O)C2C(C(C(O2)COP(=O)(O)OP(=O)(O)OC3C(C(C(C(O3)CO)O)O)O)O)O,0.6796648491406322,-0.028786703944206238,-0.0013225683942437172,0.9691745042800903
1162,C5IIS9_wild,C1=CC=C(C=C1)C(C#N)O,0.9045815550816896,0.1582850068807602,0.7503493428230286,0.43036121129989624
1163,P0DKY4_wild,C(C1C(C(C(C(O1)OC2C(OC(C(C2O)O)O)CO)O)O)O)O,1.3616846247860859,1.2392377853393555,1.7577706575393677,0.05609545111656189
1164,D9TH31_wild,C(C1C(C(C(C(O1)OC2C(OC(C(C2O)O)O)CO)O)O)O)O,0.1524928101062338,1.3369873762130737,1.9669123888015747,-0.37783199548721313
1165,I3VXT6_wild,C(C1C(C(C(C(O1)OC2C(OC(C(C2O)O)O)CO)O)O)O)O,-0.09413274066954207,0.9708995819091797,1.8521279096603394,-0.5089191198348999
1166,B8DZK4_wild,C(C1C(C(C(C(O1)OC(C(CO)O)C(C(C=O)O)O)O)O)O)O,-0.4840149626675629,0.7789332866668701,1.9092806577682495,-0.5614302158355713
1167,B8DZK4_wild,C(C1C(C(C(C(O1)OC2C(OC(C2O)(CO)O)CO)O)O)O)O,-2.7978059383801135,0.4549916088581085,2.003422498703003,-0.47165799140930176
1168,B8DZK4_wild,C(C1C(C(C(C(O1)OC2C(OC(C(C2O)O)O)CO)O)O)O)O,0.4950791403780509,1.065337896347046,1.9314446449279785,-0.3857901692390442
1169,A0A0A1HAT7_wild,C(C1C(C(C(C(O1)OC2C(OC(C(C2O)O)O)CO)O)O)O)O,1.6268220210195978,1.5654891729354858,1.7661988735198975,-0.025660842657089233
1170,D2QDA5_wild,C(C1C(C(C(C(O1)OC2C(OC(C(C2O)O)O)CO)O)O)O)O,0.32931963515185825,1.3455250263214111,1.4050837755203247,-0.14215824007987976
1171,A0A0A1H8D7_wild,C(C1C(C(C(C(O1)OC2C(OC(C(C2O)O)O)CO)O)O)O)O,1.103296811669457,1.2499501705169678,1.6402900218963623,-0.12017494440078735
1172,P0DKY4_M212T,C(C1C(C(C(C(O1)OC2C(OC(C(C2O)O)O)CO)O)O)O)O,0.1972805581256193,1.2175414562225342,1.7454334497451782,0.0559830367565155
1173,P0DKY4_M380T,C(C1C(C(C(C(O1)OC2C(OC(C(C2O)O)O)CO)O)O)O)O,0.07058107428570728,1.2469971179962158,1.746529459953308,0.0833863914012909
1174,P0DKY4_M270T,C(C1C(C(C(C(O1)OC2C(OC(C(C2O)O)O)CO)O)O)O)O,-0.09691001300805639,1.215306043624878,1.7390564680099487,0.0818977952003479
1175,P0DKY4_R377A,C(C1C(C(C(C(O1)OC2C(OC(C(C2O)O)O)CO)O)O)O)O,-0.14332008743592803,1.2243525981903076,1.7570644617080688,0.05186787247657776
1176,P0DKY4_W303F,C(C1C(C(C(C(O1)OC2C(OC(C(C2O)O)O)CO)O)O)O)O,-0.36690577493206883,1.2202534675598145,1.7563502788543701,0.05697202682495117
1177,P0DKY4_M378T,C(C1C(C(C(C(O1)OC2C(OC(C(C2O)O)O)CO)O)O)O)O,-1.2116295844346703,1.22632896900177,1.7505545616149902,0.054482072591781616
1178,P0DKY4_M62T,C(C1C(C(C(C(O1)OC2C(OC(C(C2O)O)O)CO)O)O)O)O,-0.2509511313206635,1.2294228076934814,1.7349261045455933,0.06787481904029846
1179,P0DKY4_F114A,C(C1C(C(C(C(O1)OC2C(OC(C(C2O)O)O)CO)O)O)O)O,-1.311205624733967,1.1649351119995117,1.7927024364471436,0.025029808282852173
1180,P0DKY4_W55F,C(C1C(C(C(C(O1)OC2C(OC(C(C2O)O)O)CO)O)O)O)O,0.47510596348433687,1.2159937620162964,1.7672617435455322,0.0313381552696228
1181,P0DKY4_M96T,C(C1C(C(C(C(O1)OC2C(OC(C(C2O)O)O)CO)O)O)O)O,-0.44131125981235064,1.2343757152557373,1.7615035772323608,0.06474447250366211
1182,P0DKY4_M106T,C(C1C(C(C(C(O1)OC2C(OC(C(C2O)O)O)CO)O)O)O)O,-0.634453520330656,1.23008131980896,1.7507482767105103,0.05803537368774414
1183,P0DKY4_M179T,C(C1C(C(C(C(O1)OC2C(OC(C(C2O)O)O)CO)O)O)O)O,-0.5973264896253767,1.2351963520050049,1.7509676218032837,0.054026782512664795
1184,B3XZI5_wild,C(C1C(C(C(C(O1)OC2C(OC(C(C2O)O)O)CO)O)O)O)O,0.4588049174954547,1.269605278968811,1.355371356010437,0.06263467669487
1185,A4XGA6_wild,C(C1C(C(C(C(O1)OC2C(OC(C2O)(CO)O)CO)O)O)O)O,-2.465450451181126,0.8508074879646301,1.9523582458496094,-0.3806416392326355
1186,A4XGA6_wild,C(C1C(C(C(C(O1)OC2C(OC(C(C2O)O)O)CO)O)O)O)O,-0.30640025349630656,1.4474608898162842,1.8582314252853394,-0.26947635412216187
1187,A4XGA6_wild,C(C1C(C(C(C(O1)OC(C(CO)O)C(C(C=O)O)O)O)O)O)O,-0.4365877082825751,1.2339978218078613,1.8919947147369385,-0.4049188494682312
1188,B0VHH0_E143Q,CC(=O)SCCNC(=O)CCNC(=O)C(C(C)(C)COP(=O)(O)OP(=O)(O)OCC1C(C(C(O1)N2C=NC3=C(N=CN=C32)N)O)OP(=O)(O)O)O,1.4259687322722812,-0.20226483047008514,-1.1208146810531616,1.1258578300476074
1189,B0VHH0_S82G,CC(=O)SCCNC(=O)CCNC(=O)C(C(C)(C)COP(=O)(O)OP(=O)(O)OCC1C(C(C(O1)N2C=NC3=C(N=CN=C32)N)O)OP(=O)(O)O)O,0.45118552062526274,-0.19162596762180328,-1.1118032932281494,1.1449216604232788
1190,B0VHH0_E143G,CC(=O)SCCNC(=O)CCNC(=O)C(C(C)(C)COP(=O)(O)OP(=O)(O)OCC1C(C(C(O1)N2C=NC3=C(N=CN=C32)N)O)OP(=O)(O)O)O,1.187990482355389,-0.3710003197193146,-1.0826119184494019,1.0269354581832886
1191,B0VHH0_wild,CC(CC(=O)CC(=O)[O-])[NH3+],1.1116889450396465,-0.07394590228796005,-0.2636500597000122,0.46691662073135376
1192,B0VHH0_E143Q,CC(CC(=O)CC(=O)[O-])[NH3+],-0.14027229102918592,-0.2631140649318695,-0.14407256245613098,0.3676644563674927
1193,B0VHH0_S82G,CC(CC(=O)CC(=O)[O-])[NH3+],-0.958306545306678,-0.19110144674777985,-0.14982041716575623,0.36654484272003174
1194,B0VHH0_E143G,CC(CC(=O)CC(=O)[O-])[NH3+],-0.396057906129854,-0.4149819314479828,-0.09106706082820892,0.2979452610015869
1195,P9WPY7_C441S,C(CC(C(=O)O)N)CN=C(N)NC(CC(=O)O)C(=O)O,2.961272744113886,0.8202078342437744,-0.4874545633792877,0.8736585378646851
1196,P9WPY7_wild,C(CC(C(=O)O)N)CN=C(N)NC(CC(=O)O)C(=O)O,2.116026303455129,0.8013169765472412,-0.4928484857082367,0.8622856140136719
1197,P80702_wild,C1CCC2CC(CCC2C1)O,0.4030195342013126,0.8094786405563354,-0.5976058840751648,1.3338814973831177
1198,P80702_wild,CC12CCC3C(C1CC=C2)CCC4C3(CCC(C4)O)C,5.282546589969968,1.0441101789474487,-0.7109584808349609,1.1669225692749023
1199,P80702_wild,CC12CCC(CC1CCC3C2CCC4(C3CCC4=O)C)O,5.318758762624413,1.0223623514175415,-1.1500449180603027,1.292512059211731
1200,P80702_wild,C1CCC(CC1)O,-1.2833012287035497,0.4837416708469391,-0.13915975391864777,0.5888699889183044
1201,Q9ZSK5_wild,CC(=CCNC1=NC=NC2=C1NC=N2)CO,1.2060544824331245,-0.4393511712551117,-1.4487515687942505,0.8793412446975708
1202,Q9ZSK5_wild,C1=CC(=CC(=C1)O)CNC2=NC=NC3=C2NC=N3,-0.2430380486862944,-0.5917420983314514,-1.234533429145813,0.9039685726165771
1203,Q8N9F0_wild,C(C(C(=O)O)N)C(=O)O,-1.3528616339368496,-0.9890943169593811,-0.4643358290195465,0.7681741714477539
1204,Q8N9F0_wild,CC(=O)SCCNC(=O)CCNC(=O)C(C(C)(C)COP(=O)(O)OP(=O)(O)OCC1C(C(C(O1)N2C=NC3=C(N=CN=C32)N)O)OP(=O)(O)O)O,0.35989665488480266,-1.2778055667877197,-1.5353542566299438,1.001023292541504
1205,Q8N9F0_wild,C(CC(=O)O)C(C(=O)O)N,-2.572770615225975,-1.0066969394683838,-0.2109302282333374,0.5394885540008545
1206,F8WLS6_wild,CC1CCC2C1C(OC=C2C(=O)OC)O,-0.7551230163915298,-0.9732571840286255,-0.3382778763771057,0.34574803709983826
1207,F8WLS6_wild,C1=CN(C(=O)NC1=O)C2C(C(C(O2)COP(=O)(O)OP(=O)(O)OC3C(C(C(C(O3)CO)O)O)O)O)O,-0.5630358834262557,-0.5849300026893616,-1.020480751991272,0.39238113164901733
1208,D0UD38_wild,C(C(C(=O)O)N)O,1.2430380486862944,-0.2964023947715759,-0.029478520154953003,-0.15330034494400024
1209,P26236_wild,CC1=C(C2=CC3=NC(=CC4=C(C(=C([N-]4)C=C5C(=C(C(=N5)C=C1[N-]2)C)C=C)C)C=C)C(=C3CCC(=O)O)C)CCC(=O)O.[Zn+2],1.3521825181113625,-1.5348820686340332,-2.4532506465911865,0.8251240849494934
1210,Q2U4P3_wild,C(C(C(=O)O)N)S,4.941180036600083,3.8428146839141846,-0.040906451642513275,1.5412428379058838
1211,Q2U4P3_wild,C(CC(=O)NC(CS)C(=O)NCC(=O)O)C(C(=O)O)N,4.420802891631542,4.306552886962891,0.4989336431026459,1.6179077625274658
1212,Q2U4P3_wild,C(CS)O,3.8458826734379885,4.333723068237305,0.8791248798370361,0.885235071182251
1213,Q2U4P3_wild,C(C(C(CS)O)O)S,4.838463565206476,4.309633731842041,0.3896292746067047,1.6862514019012451
1214,Q7XU03_wild,CC(=CCNC1=NC=NC2=C1NC=N2)CO,0.20576192972290153,-0.5215868949890137,-1.2578645944595337,1.1576142311096191
1215,Q7XU02_wild,CC(=CCNC1=NC=NC2=C1NC=N2)CO,0.1106982974936897,-0.32648518681526184,-1.2640559673309326,1.2197902202606201
1216,Q0JB48_wild,CC(=CCNC1=NC=NC2=C1NC=N2)CO,0.6619864380828487,-0.264535516500473,-1.42946457862854,1.2663993835449219
1217,Q9RA02_wild,CC(=O)C1CCC2C1(CCC3C2CCC4=CC(=O)CCC34C)C,3.149561211516632,1.757697343826294,-1.2530957460403442,1.3545150756835938
1218,Q9RA02_wild,CC12CCC(=O)C=C1CCC3C2CCC4(C3CCC4=O)C,2.816113772614005,1.5535099506378174,-1.0161839723587036,1.235280990600586
1219,Q9RA02_wild,CC12CCC(=O)C=C1CCC3C2=CCC4(C3CCC4(C(=O)CCl)O)C,2.8216526606400945,1.3360971212387085,-1.0849937200546265,0.8775131702423096
1220,Q9RA02_wild,CC12CCC3(C(C1CCC2=O)CCC4=CC(=O)CCC43C)O,2.254866811957025,1.532545804977417,-1.007381796836853,1.05155611038208
1221,Q9RA02_Y487F,CC12CCC(=O)C=C1CCC3C2CCC4(C3CCC4=O)C,0.9448916123705001,1.5040826797485352,-1.0084394216537476,1.2147982120513916
1222,Q9RA02_Y119F,CC12CCC(=O)C=C1CCC3C2CCC4(C3CCC4=O)C,-0.968742306269558,1.5584752559661865,-1.0168062448501587,1.2366623878479004
1223,Q9RA02_wild,CC(=O)C1(CCC2C1(CCC3C2CCC4=CC(=O)CCC34C)C)O,3.0703423853641163,1.6304118633270264,-1.2629975080490112,1.0955806970596313
1224,Q9RA02_wild,CC12CCC(=O)C=C1CCC3C2CCC4(C3CCC4(C(=O)CO)O)C,3.2239621089297557,1.6036964654922485,-1.0538750886917114,1.1840708255767822
1225,Q9RA02_wild,CC12CCC(=O)C=C1CCC3C2C(=O)CC4(C3CCC4(C(=O)CO)O)C,2.9563662030691806,1.5527160167694092,-1.1012142896652222,1.2147067785263062
1226,Q9RA02_wild,CC12CCC(=O)C=C1CCC3C2C(CC4(C3CCC4(C(=O)CO)O)C)O,3.0351227261270664,1.5168992280960083,-0.9066600203514099,0.9658541679382324
1227,Q9RA02_wild,CC12CCC3C(C1CCC2O)CCC4=CC(=O)CCC34C,3.0575112668158293,1.5630345344543457,-0.9109578132629395,1.0986778736114502
1228,Q9RA02_wild,CC12CCC3C(C1CCC2C(=O)O)CCC4=CC(=O)CCC34C,2.2193721144945826,1.6638805866241455,-0.9697239995002747,1.1525696516036987
1229,A0A2P1IUZ5_wild,CC(=O)C1(CCC2C1(CCC3C2CCC4=CC(=O)CCC34C)C)O,5.672644924848435,2.065861940383911,-1.1789385080337524,0.9401752948760986
1230,A0A2P1IUZ5_wild,CC12CCC(=O)C=C1C=CC3C2CCC4(C3CCC45CCC(=O)O5)C,4.60616850634341,2.1464545726776123,-0.9226561784744263,0.8902994394302368
1231,A0A2P1IUZ5_wild,CC12CCC(=O)C=C1CCC3C2=CCC4(C3CCC4=O)C,4.572461331325303,2.2267274856567383,-0.9696759581565857,1.1431187391281128
1232,A0A2P1IUZ5_wild,CC12CCC(=O)C=C1CCC3C2CCC4(C3CCC4=O)C,4.826867830286647,2.133131504058838,-0.9705320000648499,1.1134979724884033
1233,A0A2P1IUZ5_wild,CC12CCC3(C(C1CCC2=O)CCC4=CC(=O)CCC43C)O,3.3497009780458833,1.9190915822982788,-0.9117591977119446,0.8562133312225342
1234,A0A2P1IUZ5_wild,CC12CCC(=O)C=C1CCC3C2C(CC4(C3CCC4(C(=O)CO)O)C)O,3.491875387704521,2.008932113647461,-0.8752775192260742,0.8461810350418091
1235,A0QW99_wild,CC(=O)C1=CCC2C1(CC=C3C2CCC4=CC(=O)CCC43C)C,2.2833012287035497,1.7527353763580322,-0.9524373412132263,1.332794427871704
1236,A0QW99_wild,CC(=O)C1CCC2C1(CCC3C2CCC4=CC(=O)CCC34C)C,3.2824050199058323,1.8440773487091064,-1.1681461334228516,1.3505609035491943
1237,A0QW99_wild,CC12CCC(=O)C=C1CCC3C2C(CC4(C3CCC4(C(=O)CO)O)C)O,3.177172939519969,1.5608285665512085,-0.8359851241111755,0.926508903503418
1238,A0QW99_wild,CC12CCC3C(C1CCC2O)CCC4=CC(=O)CCC34C,3.039882288709411,1.6710147857666016,-0.8810258507728577,1.0899137258529663
1239,A0QW99_wild,CC12CCC(=O)C=C1CCC3C2C(=O)CC4(C3CCC4(C(=O)CO)O)C,2.7867214718347393,1.6038668155670166,-1.0277270078659058,1.176387071609497
1240,A0QW99_wild,CC12CCC3(C(C1CCC2=O)CCC4=CC(=O)CCC43C)O,3.2016117350885542,1.5552810430526733,-0.9501399397850037,1.007496953010559
1241,A0QW99_wild,CC12CCC(=O)C=C1CCC3C2=CCC4(C3CCC4(C(=O)CCl)O)C,2.809337494794364,1.4298920631408691,-0.9930780529975891,0.8521363735198975
1242,A0QW99_wild,CC12CCC(=O)C=C1CCC3C2CCC4(C3CCC4=O)C,2.570357455640724,1.6552797555923462,-0.9839188456535339,1.2776875495910645
1243,A0QW99_wild,CC12CCC(=O)C=C1CCC3C2CCC4(C3CCC4(C(=O)CO)O)C,3.0041692590463773,1.6845989227294922,-0.9875606894493103,1.186197280883789
1244,A0QW99_wild,CC12CCC3C(C1CCC2C(=O)O)CCC4=CC(=O)CCC34C,2.6509569117350336,1.746108055114746,-0.9642457365989685,1.1587837934494019
1245,A0QW99_wild,CC(=O)C1(CCC2C1(CCC3C2CCC4=CC(=O)CCC34C)C)O,3.080599737723159,1.6947805881500244,-1.145285964012146,1.0867429971694946
1246,Q9C0Y4_wild,C(C1C(C(C(C(O1)O)O)OC2C(C(C(C(O2)CO)O)O)O)O)O,0.8981265674603935,1.3753998279571533,1.153260588645935,0.8318679928779602
1247,Q9C0Y4_wild,C(C1C(C(C(C(O1)OC2C(OC(C(C2O)O)OC3C(OC(C(C3O)O)OC4C(OC(C(C4O)O)O)CO)CO)CO)O)O)O)O,1.1940646300675883,1.452854871749878,0.8165794014930725,1.2472680807113647
1248,Q9C0Y4_wild,C(C1C(C(C(C(O1)OCC2C(C(C(C(O2)OC(C(CO)O)C(C(C=O)O)O)O)O)O)O)O)O)O,1.0551809696438583,1.6314270496368408,1.3141638040542603,1.015386939048767
1249,Q9C0Y4_wild,C(C1C(C(C(C(O1)OC2C(OC(C(C2O)O)OC3C(OC(C(C3O)O)O)CO)CO)O)O)O)O,2.1713115816964867,1.536428451538086,0.8691090941429138,1.2409379482269287
1250,Q9C0Y4_wild,C(C1C(C(C(C(O1)OC2C(OC(C(C2O)O)O)CO)O)O)O)O,2.051305685729485,1.7901266813278198,1.0993248224258423,1.0023322105407715
1251,Q9C0Y4_wild,C(C1C(C(C(C(O1)OC(C=O)C(C(C(CO)O)O)O)O)O)O)O,1.3577342954005365,1.5477862358093262,1.4733597040176392,0.7855460047721863
1252,Q9C0Y4_wild,C(C1C(C(C(C(O1)OC2C(OC(C(C2O)O)OC3C(OC(C(C3O)O)OC4C(OC(C(C4O)O)OC5C(OC(C(C5O)O)OC6C(OC(C(C6O)O)O)CO)CO)CO)CO)CO)O)O)O)O,1.3080429770548165,1.645534873008728,1.0317424535751343,1.4070911407470703
1253,Q9C0Y4_wild,C(C1C(C(C(C(O1)OC2C(OC(C(C2O)O)OC3C(OC(C(C3O)O)OC4C(OC(C(C4O)O)OC5C(OC(C(C5O)O)OC6C(OC(C(C6O)O)OC7C(OC(C(C7O)O)O)CO)CO)CO)CO)CO)CO)O)O)O)O,1.1277865794811262,1.8132603168487549,1.1640373468399048,1.4476666450500488
1254,Q5K3Q3_wild,C(C1C(C(C(C(O1)OC2(C(C(C(O2)CO)O)O)CO)O)O)O)O,2.4679778752797925,2.7830164432525635,0.18147960305213928,0.8737822771072388
1255,Q5K3Q3_wild,C1=CC(=CC=C1[N+](=O)[O-])OC2C(C(C(C(O2)CO)O)O)O,0.6532125137753437,2.3411293029785156,0.33177074790000916,0.9874128103256226
1256,Q5K3Q3_wild,C(C1C(C(C(C(O1)OC2C(OC(C(C2O)O)OC3C(OC(C(C3O)O)OC4C(OC(C(C4O)O)O)CO)CO)CO)O)O)O)O,-0.5213249172117159,2.186750888824463,-0.16499873995780945,1.2340911626815796
1257,Q5K3Q3_wild,C(C1C(C(C(C(O1)OC2C(OC(C(C2O)O)O)CO)O)O)O)O,2.294190571133676,2.667454957962036,0.174699604511261,1.05327570438385
1258,Q9HLD0_wild,C(C1C(C(C(C(O1)OC2C(OC(C(C2O)O)OC3C(OC(C(C3O)O)OC4C(OC(C(C4O)O)O)CO)CO)CO)O)O)O)O,2.1058913120273464,1.6459922790527344,0.06896072626113892,0.3608427047729492
1259,Q9HLD0_wild,C(C1C(C(C(C(O1)OC2C(OC(C(C2O)O)OC3C(OC(C(C3O)O)O)CO)CO)O)O)O)O,2.2831086796062245,1.5967586040496826,0.1978984773159027,0.4144948124885559
1260,Q9HLD0_wild,C(C1C(C(C(C(O1)OC2C(OC(C(C2O)O)O)CO)O)O)O)O,2.342422680822206,1.6885669231414795,0.25005295872688293,0.36075136065483093
1261,Q9HLD0_wild,C(C1C(C(C(C(O1)OC(C=O)C(C(C(CO)O)O)O)O)O)O)O,2.0103820357937217,1.5226386785507202,0.10779710859060287,0.1358945071697235
1262,Q9HLD0_wild,C(C1C(C(C(C(O1)OCC2C(C(C(C(O2)O)O)O)O)O)O)O)O,0.7314465522895764,1.3940205574035645,0.22745811939239502,0.14712433516979218
1263,Q9HLD0_wild,C(C1C(C(C(C(O1)OCC2C(C(C(C(O2)OC(C(CO)O)C(C(C=O)O)O)O)O)O)O)O)O)O,0.7355505130364505,1.5837080478668213,0.05445661395788193,0.2547916769981384
1264,Q9HLD0_wild,C1=CC(=CC=C1[N+](=O)[O-])OC2C(C(C(C(O2)CO)O)O)O,1.5280010647675626,1.0827550888061523,-0.4469107687473297,0.6637541055679321
1265,Q9FCA7_wild,CC(C)(COP(=O)(O)OP(=O)(O)OCC1C(C(C(O1)N2C=NC3=C(N=CN=C32)N)O)OP(=O)(O)O)C(C(=O)NCCC(=O)NCCSC(=O)CC(=O)O)O,0.3492069603480693,-1.3205187320709229,-1.8652234077453613,0.6728851795196533
1266,O26232_wild,C1=C(N(C(=O)NC1=O)C2C(C(C(O2)COP(=O)(O)O)O)O)C(=O)O,4.111850362800993,0.1625729203224182,-1.4077504873275757,1.899308443069458
1267,O26232_R160A,C1=C(N(C(=O)NC1=O)C2C(C(C(O2)COP(=O)(O)O)O)O)C(=O)O,1.8239087409443187,0.18548287451267242,-1.3965524435043335,1.911811113357544
1268,O26232_R160A/V182A,C1=C(N(C(=O)NC1=O)C2C(C(C(O2)COP(=O)(O)O)O)O)C(=O)O,0.2218487496163564,0.16000764071941376,-1.3880971670150757,1.8830273151397705
1269,O26232_T159V/V182A/Y206F,C1=C(N(C(=O)NC1=O)C2C(C(C(O2)COP(=O)(O)O)O)O)C(=O)O,-0.8985423592412229,0.12936054170131683,-1.3943403959274292,1.893317461013794
1270,O26232_T159V,C1=C(N(C(=O)NC1=O)C2C(C(C(O2)COP(=O)(O)O)O)O)C(=O)O,1.8432138961397053,0.16141510009765625,-1.3999911546707153,1.909501552581787
1271,O26232_T159V/V182A,C1=C(N(C(=O)NC1=O)C2C(C(C(O2)COP(=O)(O)O)O)O)C(=O)O,-0.09691001300805634,0.13891661167144775,-1.3937064409255981,1.8861186504364014
1272,O26232_Y206F,C1=C(N(C(=O)NC1=O)C2C(C(C(O2)COP(=O)(O)O)O)O)C(=O)O,2.872421167225492,0.15410156548023224,-1.4087237119674683,1.9080734252929688
1273,O26232_V182A,C1=C(N(C(=O)NC1=O)C2C(C(C(O2)COP(=O)(O)O)O)O)C(=O)O,2.0969100130080562,0.13776911795139313,-1.4023094177246094,1.8749184608459473
1274,O26232_V155D,C1=C(N(C(=O)NC1=O)C2C(C(C(O2)COP(=O)(O)O)O)O)C(=O)O,-0.9637878273455552,0.011743797920644283,-1.5055428743362427,1.859876275062561
1275,O26232_I96T,C1=C(N(C(=O)NC1=O)C2C(C(C(O2)COP(=O)(O)O)O)O)C(=O)O,2.4771212547196626,0.11475873738527298,-1.4370619058609009,1.855560541152954
1276,O26232_L123N,C1=C(N(C(=O)NC1=O)C2C(C(C(O2)COP(=O)(O)O)O)O)C(=O)O,2.2621119296336114,0.08269136399030685,-1.360101580619812,1.8078289031982422
1277,O26232_L123S,C1=C(N(C(=O)NC1=O)C2C(C(C(O2)COP(=O)(O)O)O)O)C(=O)O,2.0791812460476247,0.09178584069013596,-1.3740819692611694,1.8196221590042114
1278,Q8NRR8_wild,OP(=O)(O)OP(=O)(O)OP(=O)(O)OP(=O)(O)O,0.9128498242810998,1.0872684717178345,-0.9121785759925842,0.8742097020149231
1279,Q57Z14_wild,C1=NC(=C2C(=N1)N(C=N2)C3C(C(C(O3)COP(=O)(O)OP(=O)(O)OP(=O)(O)O)O)O)N,2.462397997898956,-0.020265653729438782,-0.8545166850090027,1.232419490814209
1280,Q57Z14_wild,C1=NC(=C2C(=N1)N(C=N2)C3C(C(C(O3)COP(=O)(O)OP(=O)(O)O)O)O)N,2.4313637641589874,-0.017355144023895264,-1.0946555137634277,1.458624243736267
1281,Q986N2_wild,C(C(C(C(CO)O)O)O)NC1=C(C(=O)NC(=O)N1)N,1.2041199826559248,-0.8210514783859253,-1.662537932395935,1.6095499992370605
1282,P07445_wild,CC12CCC3C(C1CCC2=O)CC=C4C3(CCC(=O)C4)C,5.624118749110529,2.1043782234191895,-0.9866838455200195,1.949082612991333
1283,Q9SBQ8_wild,C1=CC(=C(C=C1C2=C(C(=O)C3=C(C=C(C=C3O2)O)O)O)O)O,4.794429950948842,0.9079955816268921,-1.985981822013855,1.343095302581787
1284,Q9SBQ8_wild,C1=CN(C(=O)NC1=O)C2C(C(C(O2)COP(=O)(O)OP(=O)(O)O)O)O,3.1327640741202565,0.32729727029800415,-0.5124587416648865,0.4723505675792694
1285,Q9SBQ8_wild,C1=CC(=C(C=C1C2=C(C(=O)C3=C(C=C(C=C3O2)O)O)OC4C(C(C(C(O4)CO)O)O)O)O)O,4.492153961275462,0.9767934679985046,-1.594195008277893,0.8445959091186523
1286,Q9SBQ8_wild,C1=CN(C(=O)NC1=O)C2C(C(C(O2)COP(=O)(O)OP(=O)(O)OC3C(C(C(C(O3)CO)O)O)O)O)O,2.19904045712665,0.6083948612213135,-0.49673834443092346,0.4125897288322449
1287,Q9SBQ8_wild,C1=CC(=CC=C1C2=C(C(=O)C3=C(C=C(C=C3O2)O)O)OC4C(C(C(C(O4)CO)O)O)O)O,3.8495434120586047,1.032151699066162,-1.500771164894104,0.9638171195983887
1288,O08355_N191D/N300D,C1C(C(C(C(O1)(CO)O)O)O)O,-2.1249387366083,-0.3155377507209778,0.9862075448036194,-0.08779206871986389
1289,Q9WYD4_wild,C1C(C(C(C(O1)(CO)O)O)O)O,-1.6466167932350964,0.7569034099578857,1.5007250308990479,0.2659987211227417
1290,Q4WQY4_wild,C1C(C(C(C(O1)(CO)O)O)O)O,0.1563472008599241,0.7502504587173462,1.079621434211731,0.01577422022819519
1291,Q4WQY4_wild,C(C(C(C(=O)CO)O)O)O,1.5757310526056132,1.1276025772094727,0.2549164593219757,0.8829533457756042
1292,Q4WQY4_wild,C1C=CN(C=C1C(=O)N)C2C(C(C(O2)COP(=O)(O)OP(=O)(O)OCC3C(C(C(O3)N4C=NC5=C(N=CN=C54)N)O)O)O)O,3.6557448502907386,0.7201619744300842,-1.3197121620178223,1.4324874877929688
1293,Q4WQY4_wild,C1=CC(=C[N+](=C1)C2C(C(C(O2)COP(=O)([O-])OP(=O)(O)OCC3C(C(C(O3)N4C=NC5=C(N=CN=C54)N)O)O)O)O)C(=O)N,3.1502446018730703,0.5885835289955139,-0.8265044689178467,0.8748854994773865
1294,Q4WQY4_wild,C(C(C(C(C(CO)O)O)O)O)O,1.2123925086219147,0.6470392346382141,1.438912034034729,-0.13697993755340576
1295,Q4WQY4_wild,C(C(C(C(CO)O)O)O)O,-0.002672589861326848,0.6322839260101318,1.6227940320968628,0.25490623712539673
1296,O08355_N300D,C(C(C(C(C(CO)O)O)O)O)O,-4.792391689498254,-0.5150689482688904,1.5623539686203003,-0.18402215838432312
1297,O08355_N191A,C1=CC(=C[N+](=C1)C2C(C(C(O2)COP(=O)([O-])OP(=O)(O)OCC3C(C(C(O3)N4C=NC5=C(N=CN=C54)N)O)O)O)O)C(=O)N,0.9526831020838036,0.14745138585567474,-0.7882293462753296,1.2934123277664185
1298,O08355_N191L,C1C=CN(C=C1C(=O)N)C2C(C(C(O2)COP(=O)(O)OP(=O)(O)OCC3C(C(C(O3)N4C=NC5=C(N=CN=C54)N)O)O)O)O,2.2218487496163566,0.4685468375682831,-1.5356947183609009,1.9659628868103027
1299,O08355_N191A/N300A,C1C=CN(C=C1C(=O)N)C2C(C(C(O2)COP(=O)(O)OP(=O)(O)OCC3C(C(C(O3)N4C=NC5=C(N=CN=C54)N)O)O)O)O,-1.7085153222422493,0.04831035062670708,-1.4577428102493286,1.697556495666504
1300,O08355_wild,C1C=CN(C=C1C(=O)N)C2C(C(C(O2)COP(=O)(O)OP(=O)(O)OCC3C(C(C(O3)N4C=NC5=C(N=CN=C54)N)O)O)O)O,2.9592550323099407,0.4848657250404358,-1.5298173427581787,1.9671976566314697
1301,O08355_N191D,C(C(C(C(C(CO)O)O)O)O)O,-3.9128498242811,-0.7781575918197632,1.6208854913711548,-0.38387975096702576
1302,O08355_N191D,C1C(C(C(C(O1)(CO)O)O)O)O,0.135662602000073,-0.2800346910953522,0.9721894860267639,-0.06478431820869446
1303,O08355_N191L,C1=CC(=C[N+](=C1)C2C(C(C(O2)COP(=O)([O-])OP(=O)(O)OCC3C(C(C(O3)N4C=NC5=C(N=CN=C54)N)O)O)O)O)C(=O)N,1.0,0.3403402864933014,-0.8270972967147827,1.436859369277954
1304,O08355_N191A,C1C=CN(C=C1C(=O)N)C2C(C(C(O2)COP(=O)(O)OP(=O)(O)OCC3C(C(C(O3)N4C=NC5=C(N=CN=C54)N)O)O)O)O,1.5177391056279264,0.27414336800575256,-1.4943381547927856,1.832777500152588
1305,O08355_N300D,C1C(C(C(C(O1)(CO)O)O)O)O,-1.3881801713828814,-0.04576520621776581,0.8961519002914429,0.15472528338432312
1306,O08355_wild,C1C(C(C(C(O1)(CO)O)O)O)O,2.4051185932991612,-0.0035379910841584206,0.8809949159622192,0.1785115748643875
1307,O08355_N191A,C(C(C(C(C(CO)O)O)O)O)O,-1.6193729665075645,-0.6272838115692139,1.5611114501953125,-0.24653762578964233
1308,O08355_wild,C(C(C(C(C(CO)O)O)O)O)O,-0.1208221704134678,-0.46806010603904724,1.549193263053894,-0.1625252366065979
1309,O08355_N191A/N300A,C1=CC(=C[N+](=C1)C2C(C(C(O2)COP(=O)([O-])OP(=O)(O)OCC3C(C(C(O3)N4C=NC5=C(N=CN=C54)N)O)O)O)O)C(=O)N,-0.8948696567452525,-0.07979899644851685,-0.7729046940803528,1.152301549911499
1310,O08355_H303A/R73A/K381A,C(C(C(C(C(CO)O)O)O)O)O,-3.9111576087399764,-1.1659878492355347,1.6883572340011597,-0.6957665085792542
1311,O08355_wild,C1=CC(=C[N+](=C1)C2C(C(C(O2)COP(=O)([O-])OP(=O)(O)OCC3C(C(C(O3)N4C=NC5=C(N=CN=C54)N)O)O)O)O)C(=O)N,1.7127582888216522,0.35798734426498413,-0.8191044926643372,1.4346871376037598
1312,O08355_N300A,C(C(C(C(CO)O)O)O)O,-3.157114990268972,-0.8205957412719727,1.7580101490020752,0.1457698941230774
1313,O08355_R373A,C(C(C(C(CO)O)O)O)O,-3.6283889300503116,-0.7434027194976807,1.761562705039978,0.19236837327480316
1314,O08355_E133A,C(C(C(C(C(CO)O)O)O)O)O,-0.6593370501081718,-0.790955662727356,1.6020945310592651,-0.37767666578292847
1315,O08355_E133Q,C(C(C(C(C(CO)O)O)O)O)O,-0.6670757218326115,-0.6919795870780945,1.5924142599105835,-0.34611594676971436
1316,O08355_D230A,C(C(C(C(C(CO)O)O)O)O)O,-2.0397699108015512,-0.7516164779663086,1.5843241214752197,-0.34062138199806213
1317,O08355_N300A,C(C(C(C(C(CO)O)O)O)O)O,-2.5162519843380093,-0.6231432557106018,1.5700703859329224,-0.2572854459285736
1318,O08355_N300S,C(C(C(C(C(CO)O)O)O)O)O,-2.7162642595224327,-0.5993703603744507,1.5719622373580933,-0.2442781627178192
1319,O08355_H303A,C(C(C(C(C(CO)O)O)O)O)O,-2.2822381969288514,-0.8603598475456238,1.6458004713058472,-0.42648836970329285
1320,O08355_R373A,C(C(C(C(C(CO)O)O)O)O)O,-2.9875173043753707,-0.5505895614624023,1.5759930610656738,-0.21095779538154602
1321,O08355_K381A,C(C(C(C(C(CO)O)O)O)O)O,-2.099462548797049,-0.6801268458366394,1.6016994714736938,-0.3272113502025604
1322,O08355_wild,C(C(C(C(CO)O)O)O)O,-0.928137762857618,-0.655264675617218,1.7295114994049072,0.23812049627304077
1323,O08355_E133A,C(C(C(C(CO)O)O)O)O,-1.2641059177311431,-0.9953269958496094,1.8025301694869995,0.02033647894859314
1324,O08355_E133Q,C(C(C(C(CO)O)O)O)O,-1.363098932600461,-0.8889068961143494,1.7906166315078735,0.054210275411605835
1325,O08355_N191A,C(C(C(C(CO)O)O)O)O,-3.4551910493308697,-0.8263540267944336,1.7465524673461914,0.15147604048252106
1326,O08355_D230A,C(C(C(C(CO)O)O)O)O,-3.846379775765765,-0.9581601619720459,1.7820273637771606,0.05396229028701782
1327,O08355_N300D,C(C(C(C(CO)O)O)O)O,-4.862956598676101,-0.706059455871582,1.7474983930587769,0.21881452202796936
1328,O08355_N300S,C(C(C(C(CO)O)O)O)O,-3.3239392751281933,-0.7944799661636353,1.7555516958236694,0.15811726450920105
1329,O08355_H303A,C(C(C(C(CO)O)O)O)O,-2.69926941453878,-1.0582798719406128,1.845216989517212,-0.03069201111793518
1330,O08355_K381A,C(C(C(C(CO)O)O)O)O,-2.6795261088427282,-0.8774654865264893,1.8011752367019653,0.07563716173171997
1331,O08355_H303A/R73A/K381A,C(C(C(C(CO)O)O)O)O,-4.290034611362518,-1.3687697649002075,1.8752995729446411,-0.31937745213508606
1332,Q3IYF1_wild,C1=NC(=C2C(=N1)N(C=N2)C3C(C(C(O3)COP(=O)(O)OP(=O)(O)OP(=O)(O)O)O)O)N,1.9065783148377649,1.1484825611114502,-0.4624100625514984,0.8050169944763184
1333,Q3IYF1_wild,CCC(=O)[O-],0.8239087409443188,1.7081661224365234,0.8939215540885925,-0.0167006254196167
1334,Q3IYF1_wild,CCCC(=O)[O-],0.6827159229415929,1.4465794563293457,0.8060017228126526,-0.2069789469242096
1335,Q3IYF1_wild,CC(=O)[O-],0.5163845011750687,1.546607255935669,1.008010983467102,-0.1350567638874054
1336,Q3IYF1_wild,CC(C)C(=O)O,-0.2218487496163563,1.2443251609802246,0.5114879012107849,0.10517725348472595
1337,Q4K418_wild,CC(C)(COP(=O)(O)OP(=O)(O)OCC1C(C(C(O1)N2C=NC3=C(N=CN=C32)N)O)OP(=O)(O)O)C(C(=O)NCCC(=O)NCCSC(=O)CC(=O)O)O,1.484788695672198,-1.1951440572738647,-1.915082335472107,0.7227423191070557
1338,Q4K418_Y256R,CC(C)(COP(=O)(O)OP(=O)(O)OCC1C(C(C(O1)N2C=NC3=C(N=CN=C32)N)O)OP(=O)(O)O)C(C(=O)NCCC(=O)NCCSC(=O)CC(=O)O)O,1.2518119729937995,-1.1104841232299805,-1.93948233127594,0.7765578031539917
1339,Q4K418_K210L,CC(C)(COP(=O)(O)OP(=O)(O)OCC1C(C(C(O1)N2C=NC3=C(N=CN=C32)N)O)OP(=O)(O)O)C(C(=O)NCCC(=O)NCCSC(=O)CC(=O)O)O,1.2466723333413885,-1.223574161529541,-1.899251103401184,0.6672502756118774
1340,Q4K418_Y256R/A289R,CC(C)(COP(=O)(O)OP(=O)(O)OCC1C(C(C(O1)N2C=NC3=C(N=CN=C32)N)O)OP(=O)(O)O)C(C(=O)NCCC(=O)NCCSC(=O)CC(=O)O)O,0.8902527622867714,-1.1351368427276611,-1.969091534614563,0.7533696889877319
1341,Q4K418_K210L/Y256R,CC(C)(COP(=O)(O)OP(=O)(O)OCC1C(C(C(O1)N2C=NC3=C(N=CN=C32)N)O)OP(=O)(O)O)C(C(=O)NCCC(=O)NCCSC(=O)CC(=O)O)O,0.9110589166632189,-1.1298747062683105,-1.9207203388214111,0.7307605743408203
1342,Q4K418_A289R,CC(C)(COP(=O)(O)OP(=O)(O)OCC1C(C(C(O1)N2C=NC3=C(N=CN=C32)N)O)OP(=O)(O)O)C(C(=O)NCCC(=O)NCCSC(=O)CC(=O)O)O,1.1096219785241943,-1.2149755954742432,-1.9401942491531372,0.6985085606575012
1343,Q4PNI0_wild,CC1=C(C(CCC1)(C)C)C=CC(=CC=CC(=CC=CC=C(C)C=CC=C(C)C=CC=C(C)C=O)C)C,-1.167317334748176,-1.7582547664642334,-1.2534081935882568,2.387197256088257
1344,Q4PNI0_wild,CC1=C(C(CCC1)(C)C)C=CC(=CC=CC(=CC=CC=C(C)C=CC=C(C)C=CC2=C(CC(CC2(C)C)O)C)C)C,-0.3484546455921194,-1.7185777425765991,-1.4789988994598389,2.0749897956848145
1345,Q4PNI0_wild,CC1=C(C(CCC1)(C)C)C=CC(=CC=CC(=CC=CC=C(C)C=CC=C(C)C=CC2=C(CCCC2(C)C)C)C)C,0.0,-1.783618688583374,-1.4698786735534668,2.17535662651062
1346,Q4PNI0_wild,CC1=C(C(CCC1)(C)C)C=CC(=CC=CC(=CC=CC=C(C)C=CC=C(C)C=CC2C(=CCCC2(C)C)C)C)C,-2.2278867046136734,-1.8747851848602295,-1.454129934310913,2.2305147647857666
1347,Q4PNI0_wild,CC1=C(C(CCC1)(C)C)C=CC(=CC=CC(=CC=CC=C(C)C=CC=C(C)C=CC=C(C)CCC=C(C)C)C)C,-3.1049421081920463,-1.993138313293457,-1.0702519416809082,2.176107883453369
1348,Q5SLC4_wild,C1=CC=C2C(=C1)C(=O)C(=O)N2,4.912797544946959,1.1400779485702515,-0.7680308222770691,2.1804866790771484
1349,Q5SLC4_wild,CC(=O)C(=O)C1=CC=CC=C1,0.9250541203118426,0.7493693232536316,-0.47358134388923645,1.7776633501052856
1350,Q5SLC4_wild,C1CC2=CC=CC=C2C(=O)C1,0.3123110060736703,0.7240602970123291,-0.2885183095932007,1.453691840171814
1351,A0A140DCH5_wild,CNC(=O)OC1=CC=CC2=CC=CC=C21,2.8891754724569103,1.052922010421753,-0.8127237558364868,1.9383409023284912
1352,A0A1S6TLL2_wild,CNC(=O)OC1=CC=CC2=CC=CC=C21,1.436082555774217,1.0482121706008911,-0.8213201761245728,1.94659423828125
1353,F5BFC8_wild,CC1CNC2=C(N1)C(=O)NC(=N2)N,-0.09275405323689863,-0.6879469156265259,-1.0222535133361816,0.8743798136711121
1354,F5BFC8_wild,C1=CC=C(C=C1)CC(C(=O)O)N,-1.698970004336019,-0.9770983457565308,-0.5344066023826599,0.2184831202030182
1355,Q9X0F2_wild,C1=CC(=CC=C1[N+](=O)[O-])OC2C(C(C(C(O2)C(=O)O)O)O)O,2.650665324761464,0.49109211564064026,-1.0423874855041504,1.872827172279358
1356,Q9X0F2_E383Q,C1=CC(=CC=C1[N+](=O)[O-])OC2C(C(C(C(O2)C(=O)O)O)O)O,2.328468244010921,0.2757221758365631,-1.016610026359558,1.7370723485946655
1357,Q9X0F2_wild,C1=CC(=CC=C1[N+](=O)[O-])OC2C(C(C(C(O2)CO)O)O)O,-1.20712549279565,0.4760056734085083,-0.6063119769096375,1.6155664920806885
1358,Q9X0F2_E383A,C1=CC(=CC=C1[N+](=O)[O-])OC2C(C(C(C(O2)C(=O)O)O)O)O,1.705600583235032,0.2558111250400543,-1.0011463165283203,1.7219350337982178
1359,I3V5V6_wild,CC1=CC(=O)N(C1=O)C2=CC=CC=C2,3.624723975963906,0.611974835395813,-1.693757176399231,1.7859081029891968
1360,I3V5V6_wild,C1C=CN(C=C1C(=O)N)C2C(C(C(O2)COP(=O)(O)OP(=O)(O)OCC3C(C(C(O3)N4C=NC5=C(N=CN=C54)N)O)O)O)O,3.3055539374240275,0.6649713516235352,-1.1751495599746704,1.3936200141906738
1361,I3V5V6_wild,C1C=CN(C=C1C(=O)N)C2C(C(C(O2)COP(=O)(O)OP(=O)(O)OCC3C(C(C(O3)N4C=NC5=C(N=CN=C54)N)OP(=O)(O)O)O)O)O,2.3518433580145444,0.5254311561584473,-1.5551633834838867,1.5626680850982666
1362,Q48230_K386A,C(C(C(C(=O)CO)O)O)OP(=O)(O)O,0.226396377367077,0.22616685926914215,-0.7575023770332336,1.065285086631775
1363,Q48230_wild,C(C(C(C(C=O)O)O)O)OP(=O)(O)O,-0.1153934187020696,0.4851178824901581,-0.27810782194137573,1.2005411386489868
1364,Q48230_R18A,C1C=CN(C=C1C(=O)N)C2C(C(C(O2)COP(=O)(O)OP(=O)(O)OCC3C(C(C(O3)N4C=NC5=C(N=CN=C54)N)OP(=O)(O)O)O)O)O,2.6020599913279625,0.8534108400344849,-1.4974678754806519,2.228527307510376
1365,Q48230_wild,C(C(C(C(=O)CO)O)O)OP(=O)(O)O,2.7917240575729174,0.5520583391189575,-0.8482727408409119,1.3296418190002441
1366,Q48230_wild,C(C(C(C(=O)CO)O)O)O,0.5149098156090622,0.7236992120742798,-0.11727768182754517,1.0891131162643433
1367,Q48230_R18A,C(C(C(C(=O)CO)O)O)OP(=O)(O)O,1.401145148547249,0.5071982741355896,-0.7923750281333923,1.2367039918899536
1368,Q48230_K386A,C1C=CN(C=C1C(=O)N)C2C(C(C(O2)COP(=O)(O)OP(=O)(O)OCC3C(C(C(O3)N4C=NC5=C(N=CN=C54)N)OP(=O)(O)O)O)O)O,0.9140853712934068,0.5115237832069397,-1.4539235830307007,2.076751947402954
1369,Q48230_wild,C1C=CN(C=C1C(=O)N)C2C(C(C(O2)COP(=O)(O)OP(=O)(O)OCC3C(C(C(O3)N4C=NC5=C(N=CN=C54)N)OP(=O)(O)O)O)O)O,3.414973347970818,0.9114843606948853,-1.5576328039169312,2.303849458694458
1370,V9P0A9_wild,C1=CC(=CC=C1C=CC(=O)C2=C(C=C(C=C2)O)O)O,3.4282027817892904,2.01143217086792,-1.7012733221054077,1.1968728303909302
1371,V9P0A9_wild,C1=CC(=C(C=C1C=CC(=O)C2=C(C=C(C=C2)O)O)O)O,3.8091555317471806,1.7476065158843994,-1.725453495979309,0.9433246850967407
1372,V9P0A9_wild,C1=CC(=CC=C1C=CC(=O)C2=C(C=C(C=C2O)O)O)O,3.812724573991805,2.604407787322998,-1.6287325620651245,1.4675058126449585
1373,Q6UQ31_wild,[O-]P(=O)([O-])OP(=O)([O-])[O-],3.999177583583984,2.5553696155548096,-1.1789400577545166,3.2094128131866455
1374,P00450_wild,[Fe+2],1.7842132857425874,-0.05210008844733238,-1.818854570388794,1.3883001804351807
1375,P38993_wild,[Fe+2],2.7283537820212285,-0.07258591055870056,-1.697541356086731,1.529472827911377
1376,P80702_wild,C1C=CN(C=C1C(=O)N)C2C(C(C(O2)COP(=O)(O)OP(=O)(O)OCC3C(C(C(O3)N4C=NC5=C(N=CN=C54)N)O)O)O)O,4.19728055812562,1.0058414936065674,-0.9672961831092834,2.2645864486694336
1377,P80702_K159A,CC12CCC(CC1CCC3C2CCC4(C3CCC4=O)C)O,2.7579478642953568,0.22703103721141815,-0.8752269744873047,0.759087085723877
1378,Q59718_wild,CC(CCC(=O)O)C1CCC2C1(C(CC3C2C(CC4C3(CCC(C4)O)C)O)O)C,-0.38646019098860757,0.3713700473308563,-0.3983636200428009,0.5640947818756104
1379,Q59718_wild,CC(CCC(=O)O)C1CCC2C1(C(=O)CC3C2C(=O)CC4C3(CCC(=O)C4)C)C,-0.026328938722349156,0.4934457242488861,-0.4546431005001068,0.8487581610679626
1380,Q59718_S114A/Y153F,CC(CCC(=O)O)C1CCC2C1(C(CC3C2C(CC4C3(CCC(C4)O)C)O)O)C,-2.8129133566428557,-0.14050959050655365,-0.3617294132709503,0.27332183718681335
1381,Q59718_K157A,CC(CCC(=O)O)C1CCC2C1(C(CC3C2C(CC4C3(CCC(C4)O)C)O)O)C,-3.329058719264225,-0.48941943049430847,-0.21552631258964539,0.026147544384002686
1382,Q59718_S114A,CC(CCC(=O)O)C1CCC2C1(C(=O)CC3C2C(=O)CC4C3(CCC(=O)C4)C)C,-2.4290078943032247,0.3825312554836273,-0.45653510093688965,0.7943772673606873
1383,Q59718_S114A,CC(CCC(=O)O)C1CCC2C1(C(CC3C2C(CC4C3(CCC(C4)O)C)O)O)C,-2.864807629026147,0.24875138700008392,-0.4018787741661072,0.5084612965583801
1384,Q59718_Y153F,CC(CCC(=O)O)C1CCC2C1(C(CC3C2C(CC4C3(CCC(C4)O)C)O)O)C,-2.8778541635758703,-0.016681089997291565,-0.35046058893203735,0.3279862105846405
1385,Q59718_Y153F,CC(CCC(=O)O)C1CCC2C1(C(=O)CC3C2C(=O)CC4C3(CCC(=O)C4)C)C,-3.3546322114503684,0.14601896703243256,-0.40893450379371643,0.6053408980369568
1386,P04070_wild,CC(=O)O.CC(=O)O.C1CC(N(C1)C(=O)C(CCCCNC(=O)OCC2=CC=CC=C2)N)C(=O)NC(CCCN=C(N)N)C(=O)NC3=CC=C(C=C3)[N+](=O)[O-],2.395479410124381,1.3366913795471191,-0.868014931678772,1.6378843784332275
1387,Q0VJU2_wild,CC(=O)OCC1=C(N2C(C(C2=O)NC(=O)CC3=CC=CS3)SC1)C(=O)O,2.837851976443259,0.8534258604049683,-1.7634843587875366,2.466003894805908
1388,Q0VJU2_wild,CC1(C(N2C(S1)C(C2=O)NC(=O)C(C3=CC=CC=C3)N)C(=O)O)C,1.278625886062362,-0.04460350424051285,-2.22563099861145,2.263645887374878
1389,B2BSN6_wild,CC(=O)OCC1=C(N2C(C(C2=O)NC(=O)CC3=CC=CS3)SC1)C(=O)O,4.018885344160374,1.0571904182434082,-1.9264817237854004,2.709270477294922
1390,P00811_wild,CC(=O)OCC1=C(N2C(C(C2=O)NC(=O)C(=NOC)C3=CSC(=N3)N)SC1)C(=O)O,2.3615107430453626,0.08743686228990555,-2.1712231636047363,2.9953348636627197
1391,P00811_wild,COC1(C2N(C1=O)C(=C(CS2)COC(=O)N)C(=O)O)NC(=O)CC3=CC=CS3,2.789146634685107,-0.34750112891197205,-2.610100269317627,2.8259663581848145
1392,P00811_wild,CC(C1C2CC(=C(N2C1=O)C(=O)O)SCCN=CN)O,-2.505149978319906,-0.7019214034080505,-1.6811243295669556,2.384612560272217
1393,P00811_wild,CC(C)(C(=O)O)ON=C(C1=CSC(=N1)N)C(=O)NC2C3N(C2=O)C(=C(CS3)C[N+]4=CC=CC=C4)C(=O)[O-],-2.7323937598229686,-0.17919747531414032,-1.6578264236450195,2.666602849960327
1394,P00811_wild,CC(=O)OCC1=C(N2C(C(C2=O)NC(=O)CC3=CC=CS3)SC1)C(=O)O,4.109144469425068,1.5923676490783691,-1.617377519607544,3.3108301162719727
1395,P00811_wild,C1C(=C(N2C(S1)C(C2=O)NC(=O)CC3=CC=CS3)C(=O)[O-])C[N+]4=CC=CC=C4,3.1497623203333323,1.8037954568862915,-1.1437143087387085,3.202310562133789
1396,B2BSN6_wild,CCN1CCN(C(=O)C1=O)C(=O)NC(C2=CC=CC=C2)C(=O)NC3C4N(C3=O)C(C(S4)(C)C)C(=O)O,3.4313637641589874,-0.07539628446102142,-2.957003116607666,2.747587203979492
1397,B2BSN6_wild,CC1(C(N2C(S1)C(C2=O)NC(=O)CC3=CC=CC=C3)C(=O)O)C,4.1303337684950066,0.33818772435188293,-2.4549663066864014,2.8007686138153076
1398,B2BSN6_wild,CC1=NN=C(S1)SCC2=C(N3C(C(C3=O)NC(=O)CN4C=NN=N4)SC2)C(=O)O,0.661181443446619,0.7156708240509033,-1.407833218574524,2.4543004035949707
1399,B2BSN6_wild,CC(C)(C(=O)O)ON=C(C1=CSC(=N1)N)C(=O)NC2C3N(C2=O)C(=C(CS3)C[N+]4=CC=CC=C4)C(=O)[O-],2.9622114391106003,-0.6482899188995361,-2.0322494506835938,2.075587034225464
1400,B2BSN6_wild,CON=C(C1=CSC(=N1)N)C(=O)NC2C3N(C2=O)C(=C(CS3)C[N+]4=CC=CC5=C4CCC5)C(=O)[O-],2.4323089103033,-0.14781983196735382,-2.205012321472168,2.3565115928649902
1401,B2BSN6_wild,CC1=C(N2C(C(C2=O)NC(=O)C(C3=CC=CC=C3)N)SC1)C(=O)O,3.973671061277651,0.8766924738883972,-2.1370906829833984,2.3836941719055176
1402,B2BSN6_wild,CN1C(=NC(=O)C(=O)N1)SCC2=C(N3C(C(C3=O)NC(=O)C(=NOC)C4=CSC(=N4)N)SC2)C(=O)O,0.8450980400142568,-0.4344950020313263,-2.3338370323181152,2.415623188018799
1403,B2BSN6_wild,C[N+]1(CCCC1)CC2=C(N3C(C(C3=O)NC(=O)C(=NOC)C4=CSC(=N4)N)SC2)C(=O)[O-],-1.583174647167468,-0.633712649345398,-1.8750382661819458,2.1649346351623535
1404,B2BSN6_wild,CC1(C(N2C(S1)C(C2=O)NC(=O)C(C3=CC=CC=C3)N)C(=O)O)C,2.942008053022313,-0.12494191527366638,-2.5220742225646973,2.5763702392578125
1405,B2BSN6_wild,COC1(C2N(C1=O)C(=C(CS2)COC(=O)N)C(=O)O)NC(=O)CC3=CC=CS3,4.546542663478131,-0.8352763056755066,-3.083102226257324,2.356038808822632
1406,B2BSN6_wild,CC(=O)OCC1=C(N2C(C(C2=O)NC(=O)C(=NOC)C3=CSC(=N3)N)SC1)C(=O)O,4.221848749616356,-0.5535886287689209,-2.4098215103149414,2.3290903568267822
1407,B2BSN6_wild,CON=C(C1=CC=CO1)C(=O)NC2C3N(C2=O)C(=C(CS3)COC(=O)N)C(=O)O,4.581856605239675,-0.7547682523727417,-3.082881212234497,2.318211555480957
1408,P85302_wild,CC1=C(N2C(C(C2=O)NC(=O)C(C3=CC=CC=C3)N)SC1)C(=O)O,2.792391689498254,1.4878947734832764,-2.015010356903076,2.7093424797058105
1409,P85302_wild,CC1(C(N2C(S1)C(C2=O)NC(=O)CC3=CC=CC=C3)C(=O)O)C,4.173566284025178,0.7846009731292725,-2.577483654022217,3.102290153503418
1410,P85302_wild,CC1=NN=C(S1)SCC2=C(N3C(C(C3=O)NC(=O)CN4C=NN=N4)SC2)C(=O)O,2.609238575955086,1.3555757999420166,-1.2953170537948608,2.7324936389923096
1411,P85302_wild,CC1(C(N2C(S1)C(C2=O)NC(=O)C(C3=CC=CC=C3)C(=O)O)C(=O)O)C,2.147801619567804,0.11582823097705841,-2.894252061843872,3.0049281120300293
1412,P85302_wild,CC1(C(N2C(S1)C(C2=O)NC(=O)C(C3=CC=CC=C3)N)C(=O)O)C,2.1053431805449194,0.3605627715587616,-2.613081932067871,2.9236907958984375
1413,P85302_wild,C1C(=C(N2C(S1)C(C2=O)NC(=O)CC3=CC=CS3)C(=O)O)C=CC4=C(C=C(C=C4)[N+](=O)[O-])[N+](=O)[O-],3.6759047002673255,2.2450063228607178,-2.036594867706299,3.02685546875
1414,P85302_wild,CC1=C(C(=NO1)C2=CC=CC=C2Cl)C(=O)NC3C4N(C3=O)C(C(S4)(C)C)C(=O)O,3.4191293077419758,-0.019030727446079254,-2.6873860359191895,2.678004741668701
1415,P85302_wild,CC1=C(C(=NO1)C2=CC=CC=C2)C(=O)NC3C4N(C3=O)C(C(S4)(C)C)C(=O)O,3.250337287427794,0.08426389843225479,-2.895289421081543,2.856438159942627
1416,Q704Z0_wild,CC(C1C2CC(=C(N2C1=O)C(=O)O)SCCN=CN)O,1.5440680443502757,-0.9243718385696411,-1.8889037370681763,2.361302614212036
1417,Q704Z0_wild,C1C(=C(N2C(S1)C(C2=O)NC(=O)CC3=CC=CS3)C(=O)O)C=CC4=C(C=C(C=C4)[N+](=O)[O-])[N+](=O)[O-],3.5705429398818977,1.7431039810180664,-1.8986165523529053,3.083801031112671
1418,Q705J0_wild,CC(=O)OCC1=C(N2C(C(C2=O)NC(=O)CC3=CC=CS3)SC1)C(=O)O,2.483370203996664,1.1511343717575073,-1.54534912109375,3.097473382949829
1419,Q704Y9_wild,CC1(C(N2C(S1)C(C2=O)NC(=O)C(C3=CC=CC=C3)N)C(=O)O)C,-4.8216373327664354e-17,-0.20026545226573944,-2.5200929641723633,3.0608596801757812
1420,Q76DI4_wild,C1C(=C(N2C(S1)C(C2=O)NC(=O)CC3=CC=CS3)C(=O)[O-])C[N+]4=CC=CC=C4,2.806179973983887,1.6433911323547363,-1.1495941877365112,3.0818538665771484
1421,Q76DI4_wild,C[N+]1(CCCC1)CC2=C(N3C(C(C3=O)NC(=O)C(=NOC)C4=CSC(=N4)N)SC2)C(=O)[O-],1.3098039199714864,-0.25528308749198914,-1.655138611793518,2.6366934776306152
1422,Q76DI4_wild,CON=C(C1=CSC(=N1)N)C(=O)NC2C3N(C2=O)C(=C(CS3)C[N+]4=CC=CC5=C4CCC5)C(=O)[O-],1.853871964321762,0.19941195845603943,-1.895187258720398,2.7107834815979004
1423,Q76DI4_wild,COC1(C2N(C1=O)C(=C(CS2)COC(=O)N)C(=O)O)NC(=O)CC3=CC=CS3,1.5542872095319618,-0.5314424633979797,-2.6200814247131348,2.683407783508301
1424,Q76DI4_wild,CC(C)(C(=O)O)ON=C(C1=CSC(=N1)N)C(=O)NC2C3N(C2=O)C(=C(CS3)C[N+]4=CC=CC=C4)C(=O)[O-],1.1684044303893903,-0.36210644245147705,-1.6366549730300903,2.534287452697754
1425,Q76DI4_wild,CC1(C(N2C(S1)C(C2=O)NC(=O)C(C3=CC=CC=C3)N)C(=O)O)C,1.8410767660813327,0.19178584218025208,-2.387205123901367,3.0054030418395996
1426,Q76DI4_wild,CC(=O)OCC1=C(N2C(C(C2=O)NC(=O)C(=NOC)C3=CSC(=N3)N)SC1)C(=O)O,1.0768400302327223,-0.08161573857069016,-2.1577720642089844,2.8675730228424072
1427,Q705J0_wild,CC(C1C2CC(=C(N2C1=O)C(=O)O)SCCN=CN)O,1.4393326938302626,-0.9370390176773071,-1.8560940027236938,2.3641879558563232
1428,Q705J0_wild,CC(=O)OCC1=C(N2C(C(C2=O)NC(=O)C(=NOC)C3=CSC(=N3)N)SC1)C(=O)O,2.146128035678238,-0.4585532248020172,-2.2088162899017334,2.8375768661499023
1429,Q705J0_wild,CC1(C(N2C(S1)C(C2=O)NC(=O)C(C3=CC=CC=C3)N)C(=O)O)C,2.8750612633917,-0.15172328054904938,-2.5122556686401367,3.028832197189331
1430,Q704Z0_wild,C[N+]1(CCCC1)CC2=C(N3C(C(C3=O)NC(=O)C(=NOC)C4=CSC(=N4)N)SC2)C(=O)[O-],-1.0746336182969043,-0.5462920665740967,-1.7396278381347656,2.563857078552246
1431,Q704Z0_wild,CC1(C(N2C(S1)C(C2=O)NC(=O)CC3=CC=CC=C3)C(=O)O)C,1.4712917110589385,0.2857944369316101,-2.471604347229004,3.2103383541107178
1432,Q704Z0_wild,CC(C)(C(=O)O)ON=C(C1=CSC(=N1)N)C(=O)NC2C3N(C2=O)C(=C(CS3)C[N+]4=CC=CC=C4)C(=O)[O-],1.6478174818886375,-0.6314120888710022,-1.8507276773452759,2.4298157691955566
1433,Q704Z0_wild,CC1(C(N2C(S1)C(C2=O)NC(=O)C(C3=CC=CC=C3)N)C(=O)O)C,2.6989700043360187,-0.16420947015285492,-2.5401155948638916,3.0190374851226807
1434,Q704Z0_wild,CCN1CCN(C(=O)C1=O)C(=O)NC(C2=CC=CC=C2)C(=O)NC3C4N(C3=O)C(C(S4)(C)C)C(=O)O,3.9456423376774072,-0.04992141202092171,-2.8901772499084473,3.086092948913574
1435,Q704Z0_wild,CC(=O)OCC1=C(N2C(C(C2=O)NC(=O)C(=NOC)C3=CSC(=N3)N)SC1)C(=O)O,3.204119982655925,-0.48044484853744507,-2.2409284114837646,2.8123855590820312
1436,Q704Z0_wild,COC1(C2N(C1=O)C(=C(CS2)COC(=O)N)C(=O)O)NC(=O)CC3=CC=CS3,3.324511091513504,-0.7977654933929443,-2.8686254024505615,2.7635610103607178
1437,Q704Z0_wild,CC(=O)OCC1=C(N2C(C(C2=O)NC(=O)CC3=CC=CS3)SC1)C(=O)O,2.9758663202832807,1.1311743259429932,-1.5751615762710571,3.076263427734375
1438,Q704Z0_wild,CC1=C(C(=NO1)C2=CC=CC=C2)C(=O)NC3C4N(C3=O)C(C(S4)(C)C)C(=O)O,3.865301426102544,-0.4562512934207916,-2.8108532428741455,2.951727867126465
1439,Q704Y9_wild,CC(C1C2CC(=C(N2C1=O)C(=O)O)SCCN=CN)O,-1.154901959985743,-0.9337937831878662,-1.8891321420669556,2.4014217853546143
1440,Q704Y9_wild,CC(=O)OCC1=C(N2C(C(C2=O)NC(=O)C(=NOC)C3=CSC(=N3)N)SC1)C(=O)O,0.0,-0.5151410698890686,-2.2385268211364746,2.8543648719787598
1441,Q704Y9_wild,CC(=O)OCC1=C(N2C(C(C2=O)NC(=O)CC3=CC=CS3)SC1)C(=O)O,-1.2471546148811266,1.1200374364852905,-1.583375334739685,3.114487648010254
1442,Q20I87_wild,CC(=O)OCC1=C(N2C(C(C2=O)NC(=O)CC3=CC=CS3)SC1)C(=O)O,3.9030899869919438,1.7387840747833252,-1.429983377456665,3.4493541717529297
1443,Q20I87_wild,CC(=O)OCC1=C(N2C(C(C2=O)NC(=O)C(=NOC)C3=CSC(=N3)N)SC1)C(=O)O,2.4771212547196626,0.12788383662700653,-2.0732712745666504,3.149223804473877
1444,Q20I87_wild,C1C(=C(N2C(S1)C(C2=O)NC(=O)CC3=CC=CS3)C(=O)[O-])C[N+]4=CC=CC=C4,2.4457127904680385,1.9713032245635986,-1.0282915830612183,3.3637232780456543
1445,Q8U1K9_wild,C1C=CN(C=C1C(=O)N)C2C(C(C(O2)COP(=O)(O)OP(=O)(O)OCC3C(C(C(O3)N4C=NC5=C(N=CN=C54)N)O)O)O)O,3.4419568376566527,0.9232165813446045,-1.4274476766586304,1.7821650505065918
1446,Q8U1K9_wild,C1C=CN(C=C1C(=O)N)C2C(C(C(O2)COP(=O)(O)OP(=O)(O)OCC3C(C(C(O3)N4C=NC5=C(N=CN=C54)N)OP(=O)(O)O)O)O)O,3.730378468587643,0.7701215744018555,-1.8809775114059448,2.0329580307006836
1447,D7E8P3_wild,C(C1C(C(C(C(O1)O)O)O)O)O,0.1666934847153011,0.663598895072937,0.5024715662002563,0.41374799609184265
1448,Q12WB9_wild,C(C1C(C(C(C(O1)O)O)O)O)O,1.845098040014257,0.3475916087627411,0.317452609539032,0.26341167092323303
1449,Q8PZL9_wild,C(C1C(C(C(C(O1)O)O)O)O)O,-0.9330532103693868,0.44704532623291016,0.42085593938827515,0.33585435152053833
1450,P12530_F353L,CCCCCC=CCC=CCC=CCC=CCCCC(=O)O,2.840077238639206,0.7995271682739258,-1.4630788564682007,2.132246494293213
1451,P12530_wild,CCCCCC=CCC=CCC=CCC=CCCCC(=O)O,3.4331236631600177,0.8035635352134705,-1.4633218050003052,2.1312942504882812
1452,A0A2U9N624_wild,C1=CN(C(=O)NC1=O)C2C(C(C(O2)COP(=O)(O)OP(=O)(O)OC3C(C(C(C(O3)CO)O)O)O)O)O,0.8399955608377736,0.5137613415718079,-0.4242705702781677,0.5168477296829224
1453,A0A2U9N624_wild,C1=C(C=C(C(=C1O)O)O)C(=O)O,0.6759047002673254,0.37558379769325256,-0.7976195216178894,0.6646777391433716
1454,A0A2U9N6D2_wild,C1=C(C=C(C(=C1O)O)O)C(=O)O,1.3010299956639813,0.3085792362689972,-0.7610350251197815,0.6416953802108765
1455,A0A2U9N6D2_wild,C1=CN(C(=O)NC1=O)C2C(C(C(O2)COP(=O)(O)OP(=O)(O)OC3C(C(C(C(O3)CO)O)O)O)O)O,1.1994078805681112,0.45299604535102844,-0.39865538477897644,0.535142719745636
1456,Q66PF4_wild,COC1=C(C=CC(=C1)C(=O)O)[O-],0.7611179110848634,0.3762800097465515,-0.6856265664100647,0.5917031764984131
1457,Q66PF4_wild,C1=C(C=C(C(=C1O)O)O)C(=O)O,0.9208187539523752,0.39712685346603394,-0.795542299747467,0.7101578712463379
1458,Q66PF4_wild,COC1=CC(=CC(=C1O)OC)C=CC(=O)O,1.5351132016973492,-0.1272559016942978,-0.7310274243354797,0.3759392499923706
1459,Q66PF4_wild,C1=CC(=CC=C1C(=O)O)[O-],0.8027194418743807,-0.25866588950157166,-0.6271681189537048,0.3590736389160156
1460,Q66PF4_wild,C1=CN(C(=O)NC1=O)C2C(C(C(O2)COP(=O)(O)OP(=O)(O)OC3C(C(C(C(O3)CO)O)O)O)O)O,1.0022917967795848,0.5285525321960449,-0.43776533007621765,0.576178789138794
1461,Q2V6K1_wild,COC1=CC(=CC(=C1O)OC)C=CC(=O)O,1.1918855262389132,-0.2997346818447113,-0.6353461146354675,0.3283826410770416
1462,Q2V6K1_wild,COC1=C(C=CC(=C1)C(=O)O)[O-],0.9811146558396262,0.3368166983127594,-0.670710563659668,0.6965851783752441
1463,Q2V6K1_wild,C1=CN(C(=O)NC1=O)C2C(C(C(O2)COP(=O)(O)OP(=O)(O)OC3C(C(C(C(O3)CO)O)O)O)O)O,0.929756841740158,0.40029969811439514,-0.6220669150352478,0.5705252885818481
1464,Q2V6K1_wild,C1=CC(=CC=C1C(=O)O)[O-],-0.0128372247051722,-0.3084461987018585,-0.7072286009788513,0.373358815908432
1465,P35731_wild,C1C=CN(C=C1C(=O)N)C2C(C(C(O2)COP(=O)(O)OP(=O)(O)OCC3C(C(C(O3)N4C=NC5=C(N=CN=C54)N)OP(=O)(O)O)O)O)O,3.758284005552001,1.6514623165130615,-2.758394956588745,1.3668642044067383
1466,P35731_S36A,C1C=CN(C=C1C(=O)N)C2C(C(C(O2)COP(=O)(O)OP(=O)(O)OCC3C(C(C(O3)N4C=NC5=C(N=CN=C54)N)OP(=O)(O)O)O)O)O,3.6126233339007197,1.6377155780792236,-2.7732021808624268,1.3643324375152588
1467,P35731_S40A,C1C=CN(C=C1C(=O)N)C2C(C(C(O2)COP(=O)(O)OP(=O)(O)OCC3C(C(C(O3)N4C=NC5=C(N=CN=C54)N)OP(=O)(O)O)O)O)O,3.2043100874879835,1.6487507820129395,-2.7613704204559326,1.3754606246948242
1468,P35731_wild,CC(=O)CC(=O)SCCNC(=O)CCNC(=O)C(C(C)(C)COP(=O)(O)OP(=O)(O)OCC1C(C(C(O1)N2C=NC3=C(N=CN=C32)N)O)OP(=O)(O)O)O,2.1584541656266794,1.5251960754394531,-2.280261993408203,0.8540267944335938
1469,P35731_S36A,CC(=O)CC(=O)SCCNC(=O)CCNC(=O)C(C(C)(C)COP(=O)(O)OP(=O)(O)OCC1C(C(C(O1)N2C=NC3=C(N=CN=C32)N)O)OP(=O)(O)O)O,2.0862546815247707,1.5201301574707031,-2.29726505279541,0.8535021543502808
1470,P35731_S40A,CC(=O)CC(=O)SCCNC(=O)CCNC(=O)C(C(C)(C)COP(=O)(O)OP(=O)(O)OCC1C(C(C(O1)N2C=NC3=C(N=CN=C32)N)O)OP(=O)(O)O)O,1.964741089555507,1.5238239765167236,-2.2893857955932617,0.8577404618263245
1471,P60932_wild,CC(=CCCC(=CCCC(=CCOP(=O)(O)OP(=O)(O)O)C)C)C,2.2887955392469697,0.5831316709518433,-1.7876759767532349,1.810464859008789
1472,H9BIH8_I43S/D390R,CC(=O)OC=C,-0.24280208319181618,-1.2674802541732788,-0.865915834903717,0.33849480748176575
1473,H9BIH8_I43S,CC(=O)OC=C,-0.43215410920313924,-1.2410712242126465,-0.8510147929191589,0.34514859318733215
1474,H9BIH8_wild,CC1=C2C(C(=O)C3(C(CC4C(C3C(C(C2(C)C)(CC1O)O)OC(=O)C5=CC=CC=C5)(CO4)OC(=O)C)O)C)O,2.2919605323985563,-1.5291578769683838,-1.0049911737442017,0.941968560218811
1475,H9BIH8_wild,CC(=O)SCCNC(=O)CCNC(=O)C(C(C)(C)COP(=O)(O)OP(=O)(O)OCC1C(C(C(O1)N2C=NC3=C(N=CN=C32)N)O)OP(=O)(O)O)O,2.344042177348616,-0.41108617186546326,-1.4266778230667114,1.137826681137085
1476,H9BIH8_D390H,CC(=O)OC=C,-0.776856780030645,-1.27867591381073,-0.8817271590232849,0.35299423336982727
1477,Q9M6E2_G38R/F301V,CC1=C2C(C(=O)C3(C(CC4C(C3C(C(C2(C)C)(CC1OC(=O)C(C(C5=CC=CC=C5)NC(=O)C6=CC=CC=C6)O)O)OC(=O)C7=CC=CC=C7)(CO4)OC(=O)C)O)C)O,-2.451564223744453,-2.1891109943389893,-0.9199913740158081,1.1100103855133057
1478,Q9M6E2_F301V,CC1=C2C(C(=O)C3(C(CC4C(C3C(C(C2(C)C)(CC1OC(=O)C(C(C5=CC=CC=C5)NC(=O)C6=CC=CC=C6)O)O)OC(=O)C7=CC=CC=C7)(CO4)OC(=O)C)O)C)O,-2.652724816383382,-2.1586077213287354,-0.9076219797134399,1.1356580257415771
1479,Q9M6E2_G38R,CC1=C2C(C(=O)C3(C(CC4C(C3C(C(C2(C)C)(CC1OC(=O)C(C(C5=CC=CC=C5)NC(=O)C6=CC=CC=C6)O)O)OC(=O)C7=CC=CC=C7)(CO4)OC(=O)C)O)C)O,-2.654690209933541,-2.18672776222229,-0.9200488328933716,1.1013504266738892
1480,Q9M6E2_wild,CC1=C2C(C(=O)C3(C(CC4C(C3C(C(C2(C)C)(CC1OC(=O)C(C(C5=CC=CC=C5)NC(=O)C6=CC=CC=C6)O)O)OC(=O)C7=CC=CC=C7)(CO4)OC(=O)C)O)C)O,-3.2134461758931727,-2.1578705310821533,-0.9077232480049133,1.1272571086883545
1481,A0A0E0UUX4_wild,CC(=O)SCCNC(=O)CCNC(=O)C(C(C)(C)COP(=O)(O)OP(=O)(O)OCC1C(C(C(O1)N2C=NC3=C(N=CN=C32)N)O)OP(=O)(O)O)O,2.087618923181463,0.7862794399261475,-1.146695852279663,1.8308732509613037
1482,A0A0E0UUX4_wild,CCCC(=O)SCCNC(=O)CCNC(=O)C(C(C)(C)COP(=O)(O)OP(=O)(O)OCC1C(C(C(O1)N2C=NC3=C(N=CN=C32)N)O)OP(=O)(O)O)O,2.2233000274310486,0.782488226890564,-1.06035578250885,1.821804404258728
1483,Q9VRQ9_wild,C(CC(=O)N)C(C(=O)NCC(=O)O)N,0.10298416072025571,1.3954569101333618,0.7315449714660645,1.638283133506775
1484,Q9VRQ9_wild,C(CC(=O)N)C(C(=O)NC(CCC(=O)N)C(=O)O)N,0.6690067809585756,1.205926775932312,0.5536391139030457,1.7345635890960693
1485,Q9VRQ9_wild,CC(C(=O)O)NC(=O)C(CCC(=O)N)N,0.5314789170422551,1.4490151405334473,0.5725007653236389,1.7659797668457031
1486,Q9VRQ9_wild,C(CC(=O)N)C(C(=O)NC(CCC(=O)O)C(=O)O)N,0.10996158063864714,1.207369327545166,0.5621058940887451,1.6106969118118286
1487,Q16769_wild,C(CC(=O)N)C(C(=O)NC(CCC(=O)N)C(=O)O)N,0.6830820281262278,1.094804286956787,0.2762010395526886,1.5212500095367432
1488,Q16769_F146A,C(CC(=O)N)C(C(=O)NC(CCC(=O)N)C(=O)O)N,0.9843626311139599,1.0830144882202148,0.2929186522960663,1.5146669149398804
1489,Q16769_W207F,C(CC(=O)N)C(C(=O)NC(CCC(=O)N)C(=O)O)N,0.5946359732487554,1.0691642761230469,0.2672407627105713,1.5164176225662231
1490,Q16769_R54W,C(CC(=O)N)C(C(=O)NC(CCC(=O)N)C(=O)O)N,0.9854737468034036,1.0951565504074097,0.2671021521091461,1.5191690921783447
1491,Q16769_K144A,C(CC(=O)N)C(C(=O)NC(CCC(=O)N)C(=O)O)N,0.8997535212971941,0.8321128487586975,0.3494535982608795,1.3738161325454712
1492,Q16769_Q304L,C(CC(=O)N)C(C(=O)NC(CCC(=O)N)C(=O)O)N,0.9082076030391925,1.0734782218933105,0.2964675724506378,1.5114728212356567
1493,Q16769_W207L,C(CC(=O)N)C(C(=O)NC(CCC(=O)N)C(=O)O)N,-0.6145048107822202,1.0422227382659912,0.27520236372947693,1.499391794204712
1494,Q16769_F325A,C(CC(=O)N)C(C(=O)NC(CCC(=O)N)C(=O)O)N,0.4416093617003082,1.064712405204773,0.27239730954170227,1.5106569528579712
1495,Q16769_E201D,C(CC(=O)N)C(C(=O)NC(CCC(=O)N)C(=O)O)N,-1.1615401022894971,0.657206654548645,0.4504569172859192,1.2534464597702026
1496,Q16769_W329A,C(CC(=O)N)C(C(=O)NC(CCC(=O)N)C(=O)O)N,-1.3399296784700723,0.7799112200737,0.3542643189430237,1.2902007102966309
1497,Q9CYK2_wild,C(CC(=O)N)C(C(=O)NCC(=O)O)N,1.4806378284424997,1.5277073383331299,0.38744398951530457,1.393678903579712
1498,Q9CYK2_wild,CC(C(=O)O)NC(=O)C(CCC(=O)N)N,2.0211892990699383,1.5205721855163574,0.23661969602108002,1.4033687114715576
1499,Q9CYK2_wild,C(CC(=O)N)C(C(=O)NC(CCC(=O)O)C(=O)O)N,1.5593080109070125,1.2888686656951904,0.1841808259487152,1.340001106262207
1500,Q9CYK2_wild,C(CC(=O)N)C(C(=O)NC(CCC(=O)N)C(=O)O)N,2.329058719264225,1.2702616453170776,0.18445882201194763,1.4828078746795654
1501,Q0SE24_N246A,OO,2.5563025007672873,1.204003095626831,-0.9314433336257935,1.3522928953170776
1502,Q0SE24_wild,OO,2.073786214160919,1.3050496578216553,-0.9373411536216736,1.4202553033828735
1503,Q0SE24_D153A/N246A,OO,0.5797835966168101,0.8164235949516296,-0.8961477875709534,1.097306251525879
1504,Q0SE24_D153H,OO,1.3157532524846876,0.9209359884262085,-0.9141649603843689,1.1813734769821167
1505,Q0SE24_D153A,OO,2.0448123444163624,0.9663154482841492,-0.9139466881752014,1.198429822921753
1506,P0A776_wild,C1=NC(=C2C(=N1)N(C=N2)C3C(C(C(O3)COP(=O)(O)OP(=O)(O)OP(=O)(O)OP(=O)(O)OCC4C(C(C(O4)N5C=NC6=C(N=CN=C65)N)O)O)O)O)N,0.1549019599857432,-0.2628090977668762,-1.059545874595642,0.8356262445449829
1507,P0A776_wild,C1=NC(=C2C(=N1)N(C=N2)C3C(C(C(O3)COP(=O)(O)OP(=O)(O)OP(=O)(O)OP(=O)(O)OP(=O)(O)OCC4C(C(C(O4)N5C=NC6=C(N=CN=C65)N)O)O)O)O)N,0.4436974992328334,-0.23032818734645844,-1.220226526260376,0.9294936656951904
1508,A2R1N3_wild,C1=CC=C2C(=C1)C(=CN2)CC(C(=O)O)N,-1.55447773135204,-0.7745766639709473,-0.8861867785453796,0.44373196363449097
1509,P0A955_K133Q/T161K,CC(=O)C(=O)[O-],-6.337242168318426,-0.2173800766468048,0.7953721880912781,0.0760955810546875
1510,P0A955_K133Q/T161K,C1=CC=C(C=C1)C=O,-7.419955748489758,-0.0376739427447319,0.587454617023468,-0.3705235421657562
1511,A9S190_wild,C1=CC(=C[N+](=C1)C2C(C(C(O2)COP(=O)([O-])OP(=O)(O)OCC3C(C(C(O3)N4C=NC5=C(N=CN=C54)N)O)O)O)O)C(=O)N,-0.1255769358148487,-0.06601524353027344,-0.5381568074226379,1.2217674255371094
1512,A9S190_wild,C(CC(C(=O)O)N)C=O,0.2855178294857336,-0.040664948523044586,-0.28625544905662537,1.0285406112670898
1513,A9S190_wild,C1=CC(=C[N+](=C1)C2C(C(C(O2)COP(=O)(O)OP(=O)(O)OCC3C(C(C(O3)N4C=NC5=C(N=CN=C54)N)OP(=O)(O)O)O)O)O)C(=O)N,-1.7876021461823233,-0.12141492962837219,-0.6405970454216003,1.336920976638794
1514,A0A2H4PMI3_F505A,C(CC(C(=O)O)N)C=O,-0.7533276666586115,-0.22800001502037048,-0.4412907361984253,1.097672462463379
1515,A0A2H4PMI3_E205A,C(CC(C(=O)O)N)C=O,0.2430380486862944,-0.23010988533496857,-0.40109437704086304,1.088496208190918
1516,A0A2H4PMI3_D226A,C1=CC(=C[N+](=C1)C2C(C(C(O2)COP(=O)(O)OP(=O)(O)OCC3C(C(C(O3)N4C=NC5=C(N=CN=C54)N)OP(=O)(O)O)O)O)O)C(=O)N,1.324832910336606,-0.09773498773574829,-0.7216606736183167,1.4051259756088257
1517,A0A2H4PMI3_wild,C1=CC(=C[N+](=C1)C2C(C(C(O2)COP(=O)([O-])OP(=O)(O)OCC3C(C(C(O3)N4C=NC5=C(N=CN=C54)N)O)O)O)O)C(=O)N,1.224189965431259,-0.09223324060440063,-0.5957831740379333,1.312976598739624
1518,A0A2H4PMI3_D226A,C1=CC(=C[N+](=C1)C2C(C(C(O2)COP(=O)([O-])OP(=O)(O)OCC3C(C(C(O3)N4C=NC5=C(N=CN=C54)N)O)O)O)O)C(=O)N,1.1549019599861081,-0.08473880589008331,-0.5966469049453735,1.3224416971206665
1519,A0A2H4PMI3_wild,C(C(C=O)O)OP(=O)(O)O,-0.6674529528899539,-0.3614811599254608,-0.8696249127388,1.0065500736236572
1520,A0A2H4PMI3_D226A,C(CC(C(=O)O)N)C=O,1.1314208641362202,-0.21960249543190002,-0.43078795075416565,1.1200577020645142
1521,A0A2H4PMI3_wild,C(CC(C(=O)O)N)C=O,1.5358437224447052,-0.2127162218093872,-0.4242929518222809,1.107988953590393
1522,A0A2H4PMI3_K329A,C(CC(C(=O)O)N)C=O,-0.5663921611077265,-0.2372976392507553,-0.410104364156723,1.1010113954544067
1523,A0A2H4PMI3_F202A,C(CC(C(=O)O)N)C=O,-0.810232517995084,-0.33991286158561707,-0.365414023399353,1.0097206830978394
1524,A0A2H4PMI3_S331A,C(CC(C(=O)O)N)C=O,0.4672665000480055,-0.22881267964839935,-0.41938522458076477,1.1034892797470093
1525,A0A2H4PMI3_wild,C1=CC(=C[N+](=C1)C2C(C(C(O2)COP(=O)(O)OP(=O)(O)OCC3C(C(C(O3)N4C=NC5=C(N=CN=C54)N)OP(=O)(O)O)O)O)O)C(=O)N,-0.5550944485783191,-0.10557405650615692,-0.715897798538208,1.3926950693130493
1526,A7A7R9_wild,CC12CCC(=O)C=C1CCC3C2C(CC4(C3CCC4(C(=O)CO)O)C)O,2.6638468885116273,1.294694185256958,-0.8862154483795166,1.2227139472961426
1527,Q98I56_wild,C(C(C1C(C(C(C(O1)OP(=O)(O)O)O)O)O)O)OP(=O)(O)O,3.1413291527964695,1.148565411567688,-1.5535112619400024,1.7095757722854614
1528,A0A0H3W535_wild,C1C(C(C(C(O1)OC2=CC=C(C=C2)[N+](=O)[O-])O)O)O,3.1119737594439325,1.279822587966919,-0.26677075028419495,1.3104896545410156
1529,A0A0H3W535_wild,C1C(C(C(C(O1)OC2COC(C(C2O)O)OC3COC(C(C3O)O)OC4COC(C(C4O)O)O)O)O)O,2.4082399653118496,-0.4097406566143036,-0.6852237582206726,1.1407091617584229
1530,A0A0H3W535_wild,C1C(C(C(C(O1)OC2COC(C(C2O)O)OC3COC(C(C3O)O)OC4COC(C(C4O)O)OC(CO)C(C(C=O)O)O)O)O)O,2.292256071356476,-0.2177918702363968,-0.5144174695014954,1.1976406574249268
1531,A0A0H3W535_wild,C1C(C(C(C(O1)OC2COC(C(C2O)O)OC3COC(C(C3O)O)O)O)O)O,2.477778778663434,-0.1839025765657425,-0.5181616544723511,1.1359829902648926
1532,A0A0H3W535_wild,C1C(C(C(C(O1)OC2COC(C(C2O)O)OC3COC(C(C3O)O)OC4COC(C(C4O)O)OC5COC(C(C5O)O)OC6COC(C(C6O)O)O)O)O)O,2.1627272974976997,-0.5643997192382812,-0.7367144823074341,1.2052059173583984
1533,A0A0H3W535_wild,C1=CC(=CC=C1[N+](=O)[O-])OC2C(C(C(O2)CO)O)O,1.3919080439021245,1.4507756233215332,-0.11485973000526428,1.5101850032806396
1534,A0A0H3W535_wild,C1C(C(C(C(O1)OC2COC(C(C2O)O)O)O)O)O,2.581209852354842,0.2735618054866791,0.11727502942085266,0.7415043115615845
1535,C3W4Y2_wild,C1C(C(C(C(O1)OC2=CC=C(C=C2)[N+](=O)[O-])O)O)O,2.5907218331476924,0.8663687705993652,0.41528841853141785,0.6183639168739319
1536,A0A023J5W7_wild,C1C(C(C(C(O1)OC2=CC(=C(C=C2)[N+](=O)[O-])[N+](=O)[O-])O)O)O,2.381138231352565,1.2839246988296509,-0.4067250192165375,1.252021312713623
1537,A0A023J5W7_wild,C1C(C(C(C(O1)OC2=CC=C(C=C2)[N+](=O)[O-])O)O)O,2.704202531269696,1.1498994827270508,-0.2944605052471161,1.172043800354004
1538,A0A023J5W7_wild,C1C(C(C(C(O1)OC2COC(C(C2O)O)O)O)O)O,0.3426789773666191,0.11617183685302734,0.25082308053970337,0.640711784362793
1539,A0A023J5W7_wild,C1=CC(=CC=C1[N+](=O)[O-])OC2C(C(C(O2)CO)O)O,1.3960225906263157,1.3304924964904785,-0.15688733756542206,1.3751347064971924
1540,A0A023J5W7_wild,C1=CC(=CC=C1[N+](=O)[O-])OC2C(C(C(C(O2)CO)O)O)O,0.5271893958748238,1.1527676582336426,-0.1853255033493042,1.3180978298187256
1541,Q8I2B1_wild,C1=NC(=C2C(=N1)N(C=N2)C3C(C(C(O3)COP(=O)(O)OP(=O)(O)OP(=O)(O)O)O)O)N,1.6247239759639063,0.7552375793457031,-0.9539681077003479,1.3524885177612305
1542,A4YGF9_W424G,C(CC(=O)O)CO,0.34486156518861794,0.5061912536621094,-0.13411745429039001,1.3473708629608154
1543,Q9AFG9_wild,C1C(C(C(OC1(C(=O)O)O)C(C(CO)O)O)O)O,-0.9663168867974274,-0.25564783811569214,0.2841469347476959,0.6084572076797485
1544,Q9AFG9_wild,C1C(C(C(OC1(C(=O)O)O)C(C(CO)O)O)NC(=O)CO)O,0.2884408683559607,-0.08542121946811676,0.025552839040756226,0.9951381683349609
1545,Q9AFG9_wild,CC(=O)NC1C(CC(OC1C(C(CO)O)O)(C(=O)O)O)O,0.4559319556497244,0.4773781895637512,-0.12660986185073853,1.1872446537017822
1546,Q9AFG9_wild,C1=CN(C(=O)N=C1N)C2C(C(C(O2)COP(=O)(O)OP(=O)(O)OP(=O)(O)O)O)O,1.1638568026386695,0.6709998846054077,-0.7801056504249573,1.1793861389160156
1547,F2YP45_wild,C1=C(C=C(C(=C1O)O)O)C2=CC(=O)C3=C(C=C(C=C3O2)O)O,-1.1572644017961977,-1.301241159439087,-1.613909363746643,0.7237565517425537
1548,Q9C5D7_wild,C1C(OC2=CC(=CC(=C2C1=O)O)O)C3=CC(=C(C=C3)O)O,0.10374943753836187,-1.4246876239776611,-1.6663652658462524,0.45626771450042725
1549,Q9C5D7_G46Y,C1C(OC2=CC(=CC(=C2C1=O)O)O)C3=CC(=C(C=C3)O)O,-0.03621217265444476,-1.4238969087600708,-1.674601435661316,0.45555442571640015
1550,Q9C5D7_G46Y/W193F/R194M/I195K,C1C(OC2=CC(=CC(=C2C1=O)O)O)C3=CC(=C(C=C3)O)O,-0.984760033443263,-1.3456158638000488,-1.65956449508667,0.48202982544898987
1551,Q6YI95_D228A,C1=CC(=C(C=C1C2=C(C(=O)C3=C(O2)C=C(C(=C3O)O)O)O)O)O,0.9183299535486804,-1.273826003074646,-1.8204808235168457,0.6794826984405518
1552,Q6YI95_wild,C1C(OC2=CC(=CC(=C2C1=O)O)O)C3=CC(=C(C=C3)O)O,1.5228787452803376,-1.1541197299957275,-1.669823169708252,0.5262908339500427
1553,Q6YI95_D228A,C1C(OC2=CC(=CC(=C2C1=O)O)O)C3=CC(=C(C=C3)O)O,-0.9050244867691434,-1.3216179609298706,-1.6867802143096924,0.47759076952934265
1554,Q6YI95_K157A,C1=CC(=C(C=C1C2=C(C(=O)C3=C(O2)C=C(C(=C3O)O)O)O)O)O,-0.3708934818309661,-1.3628225326538086,-1.7473076581954956,0.6104757785797119
1555,Q6YI95_wild,C1=CC(=C(C=C1C2=C(C(=O)C3=C(O2)C=C(C(=C3O)O)O)O)O)O,2.373580662812593,-1.1357113122940063,-1.8067893981933594,0.758807897567749
1556,Q6YI95_K157A,C1C(OC2=CC(=CC(=C2C1=O)O)O)C3=CC(=C(C=C3)O)O,-2.060697840353612,-1.40853750705719,-1.6558513641357422,0.4058336913585663
1557,Q6YI95_N181A,C1=CC(=C(C=C1C2=C(C(=O)C3=C(O2)C=C(C(=C3O)O)O)O)O)O,-0.6690067809585756,-1.3253350257873535,-1.827475905418396,0.6645814776420593
1558,Q43237_wild,C1=CC(=C(C=C1C2=[O+]C3=CC(=CC(=C3C=C2OC4C(C(C(C(O4)CO)O)O)O)O)O)O)O.[Cl-],-0.9308029748589761,-0.2802276909351349,-1.2655028104782104,0.5941213965415955
1559,Q43237_wild,CC(C)(COP(=O)(O)OP(=O)(O)OCC1C(C(C(O1)N2C=NC3=C(N=CN=C32)N)O)OP(=O)(O)O)C(C(=O)NCCC(=O)NCCSC(=O)C=CC4=CC(=C(C=C4)O)O)O,-1.0684573806558517,-0.8035575747489929,-1.812541127204895,1.6483993530273438
1560,A0A4Y5R9F4_wild,CC(C)(COP(=O)(O)OP(=O)(O)OCC1C(C(C(O1)N2C=NC3=C(N=CN=C32)N)O)OP(=O)(O)O)C(C(=O)NCCC(=O)NCCSC(=O)C=CC4=CC(=C(C=C4)O)O)O,-0.10670073236235429,-0.8585274815559387,-1.682307481765747,1.4719738960266113
1561,A0A4Y5R9F4_wild,C1=CC(=C(C=C1C2=C(C(=O)C3=C(C=C(C=C3O2)O)O)O)O)O,0.18427997665991386,-0.5133229494094849,-1.7150853872299194,0.958864152431488
1562,A0A4Y5R9F4_wild,C1C(OC2=CC(=CC(=C2C1=O)O)O)C3=CC(=C(C=C3)O)O,0.13004656098053105,-0.848402202129364,-1.5121830701828003,0.6595588326454163
1563,A0A0U2YR01_wild,C1=CC(=C(C=C1C2=C(C(=O)C3=C(C=C(C=C3O2)O)O)O)O)O,0.550857979451788,-0.526840090751648,-1.5994595289230347,0.6865344047546387
1564,A0A0U2YR01_wild,C1C(OC2=CC(=CC(=C2C1=O)O)O)C3=CC(=C(C=C3)O)O,-0.09727285379699913,-0.748065710067749,-1.467941164970398,0.3574151396751404
1565,Q3SPU6_wild,[O-]Cl=O,3.324511091513504,2.9282448291778564,-1.112073540687561,2.8323779106140137
1566,B8HNS6_wild,[O-]Cl=O,3.8489110099143744,2.6947903633117676,-1.0774580240249634,2.8531906604766846
1567,Q9UUS2_wild,CCCCCC=CCC=CCCCCCCCC(=O)O,3.2730012720637376,1.5169122219085693,-1.6286755800247192,2.0690841674804688
1568,Q6RET3_wild,CCCCCCC=CCCCCCCCC(=O)[O-],2.845098040014257,1.0179038047790527,-1.2633334398269653,1.6999677419662476
1569,Q6RET3_wild,CCCCCC=CCC=CCCCCCCCC(=O)O,2.5368894597231524,1.257369875907898,-1.4988948106765747,2.0498552322387695
1570,Q6RET3_wild,CCCCCCCCC=CCCCCCCCC(=O)O,2.867882678764577,0.9564543962478638,-1.3561170101165771,1.8272308111190796
1571,Q6RET3_wild,CCCCCCCCC=CCCCCCCCCCC(=O)O,2.4167435724947435,0.9847923517227173,-1.182993769645691,1.8191325664520264
1572,A0A0S2SWE4_wild,CCCCCC=CCC=CCCCCCCCC(=O)O,3.2016453635280695,1.49526846408844,-1.4598971605300903,1.9267714023590088
1573,A0A0S2SWE4_wild,CCCCCC=CCC=CCCCCCCCCCC(=O)O,2.7441825833046254,1.512239694595337,-1.4392342567443848,1.9754005670547485
1574,A0A0S2SWE4_wild,CCCCCCCCC=CCCCCCCCCCC(=O)O,2.831877670615594,1.2329118251800537,-1.1490354537963867,1.7062807083129883
1575,A0A0S2SWE4_wild,CCCCCC=CCC=CCC=CCC=CCCCC(=O)O,2.7061883613412006,1.4352104663848877,-1.4408129453659058,1.9280109405517578
1576,A0A0S2SWE4_wild,CCCCCC=CCC=CCC=CCCCCCCC(=O)O,2.669680628234031,1.6091828346252441,-1.2941681146621704,1.941988229751587
1577,Q12051_H139A,CC(=C)CCOP(=O)(O)OP(=O)(O)O,0.9156791142999641,-1.8668482303619385,-1.72184419631958,0.9908252358436584
1578,Q12051_L8G,CC(=C)CCOP(=O)(O)OP(=O)(O)O,1.0086001717619175,-1.8289623260498047,-1.7886754274368286,1.0612642765045166
1579,Q12051_E7G/L8G,CC(=C)CCOP(=O)(O)OP(=O)(O)O,-0.3010299956639812,-1.7749414443969727,-1.824733853340149,1.0737395286560059
1580,Q12051_E7G,CC(=C)CCOP(=O)(O)OP(=O)(O)O,1.720159303405957,-1.8055475950241089,-1.7573269605636597,1.0637093782424927
1581,Q12051_L8G/I9G,CC(=C)CCOP(=O)(O)OP(=O)(O)O,-0.9208187539523751,-1.7819020748138428,-1.8346655368804932,1.0478277206420898
1582,Q12051_M111E,CC(=CCCC(=CCCC(=CCOP(=O)(O)OP(=O)(O)O)C)C)C,0.34678748622465627,-1.7847774028778076,-1.9312931299209595,0.8766270875930786
1583,Q12051_H139A,CC(=CCCC(=CCCC(=CCOP(=O)(O)OP(=O)(O)O)C)C)C,1.2253092817258628,-1.7679318189620972,-1.9102914333343506,0.8593320846557617
1584,Q12051_M111A,CC(=C)CCOP(=O)(O)OP(=O)(O)O,1.2041199826559248,-1.8728058338165283,-1.739902377128601,1.0264842510223389
1585,Q12051_Y105A,CC(=C)CCOP(=O)(O)OP(=O)(O)O,1.3631779024128257,-1.8371143341064453,-1.7476226091384888,1.022822380065918
1586,Q12051_L8G/I9G,CC(=CCCC(=CCCC(=CCOP(=O)(O)OP(=O)(O)O)C)C)C,-1.6340291974030041,-1.657680869102478,-2.07543683052063,0.9099122881889343
1587,Q12051_R140A,CC(=C)CCOP(=O)(O)OP(=O)(O)O,0.9265710828414664,-1.8802822828292847,-1.6873506307601929,0.9630091190338135
1588,Q12051_wild,CC(=C)CCOP(=O)(O)OP(=O)(O)O,1.6651117370750514,-1.8490591049194336,-1.7348145246505737,1.00800621509552
1589,Q12051_I9G,CC(=C)CCOP(=O)(O)OP(=O)(O)O,-0.052706350516002975,-1.8159191608428955,-1.7558482885360718,1.0515161752700806
1590,Q12051_I9G,CC(=CCCC(=CCCC(=CCOP(=O)(O)OP(=O)(O)O)C)C)C,-0.7639108112690334,-1.7063918113708496,-1.9563628435134888,0.9043799042701721
1591,Q12051_wild,CC(=CCCC(=CCCC(=CCOP(=O)(O)OP(=O)(O)O)C)C)C,1.063051745747089,-1.756912112236023,-1.9347413778305054,0.875367283821106
1592,Q12051_N104A,CC(=CCCC(=CCCC(=CCOP(=O)(O)OP(=O)(O)O)C)C)C,1.3010299956639813,-1.8015105724334717,-1.9212545156478882,0.860702633857727
1593,Q12051_N104A,CC(=C)CCOP(=O)(O)OP(=O)(O)O,1.3010299956639813,-1.8935999870300293,-1.7248947620391846,0.9923396110534668
1594,Q12051_N101A/N104A,CC(=CCCC(=CCCC(=CCOP(=O)(O)OP(=O)(O)O)C)C)C,-1.8836614351536176,-1.8579108715057373,-1.933173656463623,0.8327372074127197
1595,Q12051_L8G,CC(=CCCC(=CCCC(=CCOP(=O)(O)OP(=O)(O)O)C)C)C,0.32735893438633046,-1.726089596748352,-2.0018646717071533,0.9207770824432373
1596,Q12051_M111A,CC(=CCCC(=CCCC(=CCOP(=O)(O)OP(=O)(O)O)C)C)C,1.0338582672609673,-1.7841954231262207,-1.9431324005126953,0.8878440856933594
1597,Q12051_N101A,CC(=C)CCOP(=O)(O)OP(=O)(O)O,0.14483356532523925,-1.9026416540145874,-1.7463456392288208,0.9723618030548096
1598,Q12051_N101A,CC(=CCCC(=CCCC(=CCOP(=O)(O)OP(=O)(O)O)C)C)C,1.0267342532472448,-1.8081775903701782,-1.9487136602401733,0.8563205003738403
1599,Q12051_R140A,CC(=CCCC(=CCCC(=CCOP(=O)(O)OP(=O)(O)O)C)C)C,0.6303935899718973,-1.7850370407104492,-1.8908849954605103,0.8378833532333374
1600,Q12051_N104A/Y105A,CC(=C)CCOP(=O)(O)OP(=O)(O)O,0.32196390249962425,-1.8798835277557373,-1.7329679727554321,1.0058661699295044
1601,Q12051_E7G,CC(=CCCC(=CCCC(=CCOP(=O)(O)OP(=O)(O)O)C)C)C,0.6787666182477319,-1.7035279273986816,-1.9416677951812744,0.9123656153678894
1602,Q12051_Y105A,CC(=CCCC(=CCCC(=CCOP(=O)(O)OP(=O)(O)O)C)C)C,0.8916605252111617,-1.7395806312561035,-1.9423632621765137,0.8895989060401917
1603,Q12051_M111E,CC(=C)CCOP(=O)(O)OP(=O)(O)O,0.48148606012211254,-1.864490270614624,-1.7282978296279907,1.0215562582015991
1604,Q12051_E7G/L8G,CC(=CCCC(=CCCC(=CCOP(=O)(O)OP(=O)(O)O)C)C)C,-1.271066772286538,-1.6529566049575806,-2.0469298362731934,0.9338386654853821
1605,Q12051_N101A/Y105A,CC(=CCCC(=CCCC(=CCOP(=O)(O)OP(=O)(O)O)C)C)C,-0.6713864827039303,-1.7966551780700684,-1.956566572189331,0.8684661388397217
1606,Q12051_N101A/Y105A,CC(=C)CCOP(=O)(O)OP(=O)(O)O,-0.6713864827039303,-1.8957103490829468,-1.7589905261993408,0.9828474521636963
1607,Q12051_M111F,CC(=CCCC(=CCCC(=CCOP(=O)(O)OP(=O)(O)O)C)C)C,0.3919496449828501,-1.7480278015136719,-1.9505013227462769,0.8992407321929932
1608,Q12051_N101A/N104A,CC(=C)CCOP(=O)(O)OP(=O)(O)O,-2.164352855784437,-1.9576467275619507,-1.7326558828353882,0.9504887461662292
1609,Q12051_M111F,CC(=C)CCOP(=O)(O)OP(=O)(O)O,0.5032240572838675,-1.839989423751831,-1.7400048971176147,1.0324472188949585
1610,Q12051_N104A/Y105A,CC(=CCCC(=CCCC(=CCOP(=O)(O)OP(=O)(O)O)C)C)C,-0.4388679591878382,-1.7831590175628662,-1.9227303266525269,0.8746600151062012
1611,P04181_wild,C(CC(C(=O)O)N)CN,1.4349374017763812,0.9794360399246216,0.38514426350593567,0.5483092069625854
1612,P04181_wild,C(CC(=O)O)C(=O)C(=O)O,2.1547282074401557,0.5171718597412109,-0.1627063900232315,0.9050918221473694
1613,P04181_R217A,C(CC(C(=O)O)N)CN,0.7454821336302755,1.020607829093933,0.38150516152381897,0.5695223808288574
1614,P04181_R217A,C(CC(=O)O)C(=O)C(=O)O,0.9374722991894319,0.5484030842781067,-0.15411880612373352,0.9299405813217163
1615,P04181_R180T,C(CC(=O)O)C(=O)C(=O)O,-1.4402945867636843,0.43887951970100403,-0.0676889717578888,0.8181573152542114
1616,S8EY38_wild,C(CC(C(=O)O)N)CN,-0.3010299956639812,0.3520791828632355,0.6703061461448669,0.12074616551399231
1617,S8EY38_wild,C(CC(=O)O)C(=O)C(=O)O,0.9083120276467654,0.05265370011329651,0.22554907202720642,0.4258308410644531
1618,S8EY38_V79Y,C(CC(=O)O)C(=O)C(=O)O,0.8645958297135351,0.16240514814853668,0.21301570534706116,0.488417387008667
1619,S8EY38_wild,CC(=O)NC(CCC[NH3+])C(=O)[O-],-0.2064738880494022,0.27452215552330017,0.8979573249816895,-0.04951256513595581
1620,S8EY38_V79Y,CC(=O)NC(CCC[NH3+])C(=O)[O-],-2.2975416678181597,0.37620535492897034,0.893408477306366,0.012207269668579102
1621,Q30W70_Y506F,C[N+](C)(C)CCO,1.4353665066126613,-0.09871456027030945,-0.45060035586357117,0.5953832268714905
1622,Q30W70_Y208F,C[N+](C)(C)CCO,0.5209001792982496,-0.09615252912044525,-0.45257097482681274,0.6022422313690186
1623,Q30W70_wild,C[N+](C)(C)CCO,3.081956300102397,-0.09933993220329285,-0.4484749138355255,0.5939439535140991
1624,Q30W70_Y208F/Y506F,C[N+](C)(C)CCO,-1.0086001717619175,-0.09549443423748016,-0.4546769857406616,0.6036595702171326
1625,A0A1S5T4Z0_wild,CC(=O)OC1=CC2=CC=CC=C2C=C1,5.838603795908988,2.2361605167388916,-1.4346437454223633,2.1203229427337646
1626,Q9ZAG3_wild,C1C(O1)C2=CC=CC=C2,-0.47403017774252054,-0.4332819879055023,0.23754261434078217,0.5485444068908691
1627,Q12051_wild,CC(=CCCC(=CCOP(=O)(O)OP(=O)(O)O)C)C,1.159700842867512,-1.813057780265808,-1.905739188194275,0.9655279517173767
1628,Q12051_S71Y,CC(=CCCC(=CCOP(=O)(O)OP(=O)(O)O)C)C,0.30102999566398114,-2.5378544330596924,-1.7729581594467163,0.6054414510726929
1629,Q12051_S71Y,CC(=C)CCOP(=O)(O)OP(=O)(O)O,-1.6964077875714185,-2.5357825756073,-1.6573907136917114,0.6150299310684204
1630,O35543_K112E,C(CC(=O)NC(CS)C(=O)NCC(=O)O)C(C(=O)O)N,1.2787536009528289,0.06489109992980957,-0.566905677318573,1.0911424160003662
1631,O35543_K112E,CCCCCC(C=CC1C2CC(C1CC=CCCCC(=O)O)OO2)O,0.9432723755510728,0.25457391142845154,-0.6263455748558044,0.8102426528930664
1632,P9WPA9_wild,C1=CN(C(=O)N=C1N)C2C(C(C(O2)COP(=O)(O)O)O)O,2.6368220975871743,0.9879149794578552,-0.4612937867641449,0.9042714834213257
1633,P9WPA9_wild,C1C(C(OC1N2C=CC(=NC2=O)N)COP(=O)(O)O)O,2.2596373105057563,0.6528953313827515,-0.5936282277107239,0.7415157556533813
1634,P9WPA9_wild,C1=CN(C(=O)NC1=O)C2C(C(C(O2)COP(=O)(O)O)O)O,-0.05521535262607174,0.903271496295929,-0.21780219674110413,0.781613826751709
1635,A0QZY0_wild,C(C1C(C(C(C(O1)OC2C(C(C(C(C2O)O)O)O)O)[NH3+])O)O)O,1.2941905711336759,0.6911547780036926,-0.8422001600265503,0.6934195756912231
1636,A0QZY0_wild,C(C(C(=O)O)N)S,1.4983105537896004,-0.04502098262310028,-1.1214486360549927,0.6642399430274963
1637,A0QZY0_wild,C1=NC(=C2C(=N1)N(C=N2)C3C(C(C(O3)COP(=O)(O)OP(=O)(O)OP(=O)(O)O)O)O)N,0.23349273078006405,0.4856257438659668,-0.9323632121086121,1.137573003768921
1638,P10341_wild,C1=CC(C=CC1O)(CC(=O)C(=O)O)C(=O)O,-1.5440680443502757,-1.8719379901885986,-0.3629973232746124,0.9342072010040283
1639,P10341_E64D,C1=CC(C=CC1O)(CC(=O)C(=O)O)C(=O)O,-1.9183299535486804,-1.9677152633666992,-0.35044044256210327,0.8581830263137817
1640,P10341_T183S,C1=CC(C=CC1O)(CC(=O)C(=O)O)C(=O)O,-3.44090899520633,-1.905433177947998,-0.3584441840648651,0.9119868278503418
1641,P10341_R184L,C1=CC(C=CC1O)(CC(=O)C(=O)O)C(=O)O,-2.4495376662730433,-1.9812774658203125,-0.3382907509803772,0.8850250840187073
1642,P10341_F185Y,C1=CC(C=CC1O)(CC(=O)C(=O)O)C(=O)O,-4.016197266653552,-1.8943092823028564,-0.3539912700653076,0.9228106737136841
1643,P84469_wild,[Fe+3],0.8893017025063102,0.49090778827667236,-1.4824148416519165,3.3734421730041504
1644,P84469_wild,C1C=CN(C=C1C(=O)N)C2C(C(C(O2)COP(=O)(O)OP(=O)(O)OCC3C(C(C(O3)N4C=NC5=C(N=CN=C54)N)O)O)O)O,3.076388345863455,0.7592846751213074,-1.835801362991333,3.440354824066162
1645,P11766_wild,CCCCCCCCO,1.1663314020258662,0.5529017448425293,-1.44225013256073,1.0962483882904053
1646,P11766_wild,CCCCCO,-0.3010299956639812,0.07461842894554138,-0.8340883851051331,0.37725576758384705
1647,P11766_wild,C(CCCCCC(=O)O)CCCCCO,2.0418624701525276,0.8020292520523071,-1.174230694770813,0.8514987826347351
1648,P06757_wild,CCO,-0.734442299397468,1.0016003847122192,-0.21644125878810883,0.6887117624282837
1649,P06757_wild,CCCCO,0.4582674189475163,0.5427552461624146,-0.7028243541717529,0.24757352471351624
1650,P06757_wild,CCCCCCCCO,2.7841415902758726,0.4397391974925995,-1.3793253898620605,0.9345787763595581
1651,P06757_wild,CCCC=O,1.7160033436347992,0.8633339405059814,-0.7054820656776428,0.9411562085151672
1652,P06757_wild,CCCCCCCC=O,3.113943352306837,0.6522355079650879,-1.6582070589065552,1.6235195398330688
1653,P06757_wild,C1=CC(=CC(=C1)[N+](=O)[O-])C=O,2.845098040014257,0.2943449318408966,-1.3907487392425537,0.8879554271697998
1654,P12711_wild,CCCCCCCCO,1.9700367145804836,0.5988683700561523,-1.4691816568374634,1.1293319463729858
1655,P12711_wild,CCCCCCCC=O,2.1663314020258664,0.9610308408737183,-1.9734420776367188,2.0225305557250977
1656,P12711_wild,CCO,-0.146128035678238,1.2341177463531494,-0.32169967889785767,0.9564861059188843
1657,P12711_wild,CC=O,1.221848698522885,1.6110812425613403,-0.4988710582256317,1.1837241649627686
1658,P12711_wild,CCCC=O,1.9110588969225601,1.1837098598480225,-0.8471149802207947,1.3054322004318237
1659,P12711_wild,C1=CC(=CC(=C1)[N+](=O)[O-])C=O,1.8586708137962615,0.6859598159790039,-1.60849130153656,1.253293514251709
1660,P06757_wild,CCCCCO,1.1973546464915175,0.0386115163564682,-0.6936301589012146,0.24127192795276642
1661,P06757_wild,C(CCCCCC(=O)O)CCCCCO,1.1549019599857433,0.5700898170471191,-0.9360355734825134,0.7109663486480713
1662,P06757_wild,CC=CCO,1.1549019599857433,1.0503486394882202,-0.7616574168205261,0.7327817678451538
1663,P06757_wild,C1CCC(CC1)O,-2.0993846321359118,0.07318739593029022,-0.40741297602653503,0.3430752754211426
1664,P06757_wild,C1=CC=C(C=C1)CO,1.8065030057492835,0.30520448088645935,-1.0627797842025757,0.4574406147003174
1665,P12711_wild,CCCCCO,1.6450945825819847,0.12449026107788086,-0.8663490414619446,0.42525285482406616
1666,P12711_wild,C(CCCCCC(=O)O)CCCCCO,2.4696331955623734,0.8322662115097046,-1.2285906076431274,0.8731845617294312
1667,P12711_wild,CC=CCO,1.221848724799528,1.2536722421646118,-0.8982871174812317,0.9717048406600952
1668,P12711_wild,C1CCC(CC1)O,-0.16633142176652504,0.35508352518081665,-0.5662081241607666,0.5680629014968872
1669,P12711_wild,CO,-3.278753600952829,-0.5923536419868469,-0.06485874950885773,0.5590883493423462
1670,P12711_wild,CCCCO,0.6903698152023217,0.657196044921875,-0.9153398871421814,0.3992054760456085
1671,P12711_wild,C1=CC=C(C=C1)CO,1.3010299956639813,0.5816642045974731,-1.1457451581954956,0.7149991989135742
1672,P19631_wild,CCO,0.2089479431464648,1.1890486478805542,-0.40802764892578125,0.8163526058197021
1673,P19631_wild,C1CCC(CC1)O,0.10307032171287485,0.27877354621887207,-0.5237582325935364,0.46183478832244873
1674,P19631_wild,C1=CC(=C[N+](=C1)C2C(C(C(O2)COP(=O)([O-])OP(=O)(O)OCC3C(C(C(O3)N4C=NC5=C(N=CN=C54)N)O)O)O)O)C(=O)N,1.5124690348664713,0.97994065284729,-0.743324339389801,1.0090713500976562
1675,P19631_wild,CCCCO,0.5573066703655315,0.7314905524253845,-0.874691903591156,0.3384190797805786
1676,P19631_wild,CCCCCO,1.1638568522723218,0.20662817358970642,-0.8593640923500061,0.31294775009155273
1677,P19631_wild,CCCCCCCCO,2.225779043244789,0.6090867519378662,-1.5757142305374146,1.041468620300293
1678,P19631_wild,C(CCCCCC(=O)O)CCCCCO,1.5593080109070125,0.7439270615577698,-1.1011971235275269,0.8242907524108887
1679,P19631_wild,C1=CC=C(C=C1)CO,2.286882402125133,0.4772171676158905,-1.1903218030929565,0.5812112092971802
1680,P19631_wild,CCCCCCCC=O,2.5969804657986875,0.7787070274353027,-1.8063749074935913,1.7688156366348267
1681,P19631_wild,C1C=CN(C=C1C(=O)N)C2C(C(C(O2)COP(=O)(O)OP(=O)(O)OCC3C(C(C(O3)N4C=NC5=C(N=CN=C54)N)O)O)O)O,3.241005766248764,1.3139622211456299,-1.2117670774459839,1.7170567512512207
1682,P00329_wild,CCO,0.9638534189545178,1.022984266281128,-0.24403533339500427,0.7523719072341919
1683,P00329_wild,CCCCCCO,2.8054252974855665,0.10575376451015472,-1.0569087266921997,0.3604699969291687
1684,Q9QYY9_wild,CCO,-0.07410172051834985,0.579176664352417,-0.015142166055738926,0.5729445815086365
1685,Q9QYY9_wild,CCCCCCO,2.1376755580112325,-0.21008791029453278,-0.9039762020111084,0.35874778032302856
1686,P00325_wild,CC1=C(C(CCC1)(C)C)C=CC(=CC=CC(=CCO)C)C,3.066946789630613,0.06477995216846466,-2.009338140487671,1.3009312152862549
1687,P00329_wild,CC1=C(C(CCC1)(C)C)C=CC(=CC=CC(=CCO)C)C,2.059121467911183,-0.0008460292592644691,-1.91094172000885,1.2809802293777466
1688,Q9QYY9_wild,CC1=C(C(CCC1)(C)C)C=CC(=CC=CC(=CCO)C)C,2.4311083974714256,-0.5024428367614746,-1.8410953283309937,1.037757158279419
1689,P08319_wild,CC1=C(C(CCC1)(C)C)C=CC(=CC=CC(=CCO)C)C,4.023481141564729,-0.18640583753585815,-1.840599775314331,1.1624218225479126
1690,P00325_wild,CC1=C(C(CCC1)(C)C)C=CC(=CC=CC(=CC=O)C)C,3.1383026981662816,0.22940212488174438,-1.8203378915786743,1.2855020761489868
1691,P00329_wild,CC1=C(C(CCC1)(C)C)C=CC(=CC=CC(=CC=O)C)C,1.5321194477304565,0.13699951767921448,-1.761386752128601,1.2842907905578613
1692,Q9QYY9_wild,CC1=C(C(CCC1)(C)C)C=CC(=CC=CC(=CC=O)C)C,2.4592097111261664,-0.27979451417922974,-1.6444967985153198,1.0228896141052246
1693,P08319_wild,CC1=C(C(CCC1)(C)C)C=CC(=CC=CC(=CC=O)C)C,3.7958800173440754,0.019706472754478455,-1.619010090827942,1.164701223373413
1694,P00325_wild,CCO,1.4234940883275977,1.0452935695648193,-0.3323638141155243,0.7517508268356323
1695,P00325_wild,CCCCCCCCO,1.6655462835926262,0.4893457591533661,-1.4456539154052734,0.9662471413612366
1696,P00325_wild,C(CCCCCC(=O)O)CCCCCO,0.876615122481355,0.5969945192337036,-0.9833124279975891,0.7564187049865723
1697,P00325_wild,C1=CC(=C[N+](=C1)C2C(C(C(O2)COP(=O)([O-])OP(=O)(O)OCC3C(C(C(O3)N4C=NC5=C(N=CN=C54)N)O)O)O)O)C(=O)N,1.8966850494188277,0.8021386861801147,-0.7880670428276062,0.8962275981903076
1698,P00325_wild,CC1=C(C(CCC1O)(C)C)C=CC(=CC=CC(=CCO)C)C,2.8502376285731965,-0.20946004986763,-1.8879581689834595,0.8742319345474243
1699,P08319_wild,CC1=C(C(CCC1O)(C)C)C=CC(=CC=CC(=CCO)C)C,3.357511393986621,-0.4044484794139862,-1.7013322114944458,0.7589959502220154
1700,P00325_wild,CC1=C(C(CC=C1)(C)C)C=CC(=CC=CC(=CCO)C)C,0.565913361117068,0.17267687618732452,-2.0694408416748047,1.509981632232666
1701,P08319_wild,CC1=C(C(CC=C1)(C)C)C=CC(=CC=CC(=CCO)C)C,1.9507819773298183,-0.08329921960830688,-1.8909193277359009,1.3805615901947021
1702,P00325_wild,CC1=C(C(CCC1=O)(C)C)C=CC(=CC=CC(=CC=O)C)C,2.4960065803994196,0.23084744811058044,-1.9839116334915161,1.487497329711914
1703,P08319_wild,CC1=C(C(CCC1=O)(C)C)C=CC(=CC=CC(=CC=O)C)C,3.070581074285707,-0.009526506997644901,-1.7749252319335938,1.360929250717163
1704,P00325_wild,CC1=C(C(CC=C1)(C)C)C=CC(=CC=CC(=CC=O)C)C,0.9378521600656861,0.33676305413246155,-1.898494839668274,1.440903663635254
1705,P08319_wild,CC1=C(C(CC=C1)(C)C)C=CC(=CC=CC(=CC=O)C)C,1.6701983807507677,0.10564430058002472,-1.6298531293869019,1.3129286766052246
1706,P08319_wild,CCCCCO,1.9488474775526186,-0.11383303999900818,-0.5857582092285156,0.24454949796199799
1707,P08319_wild,CCCCCCCCO,3.075720696566339,0.29942333698272705,-1.2022396326065063,0.8456048965454102
1708,P08319_wild,C1=CC=C(C=C1)CO,3.1171134148888697,0.23078282177448273,-0.9008925557136536,0.37689080834388733
1709,P08319_wild,C1=CC=C(C=C1)CCCO,2.3699112850717943,-0.10099990665912628,-0.7471954226493835,0.3279545307159424
1710,P08319_wild,COC1=C(C=CC(=C1)CO)O,2.406373192912534,0.17884862422943115,-0.8189460039138794,0.7281811237335205
1711,P08319_wild,C1=CC=C2C(=C1)C(=CN2)CCO,0.9622113601479599,0.032449863851070404,-0.9454408288002014,0.512235701084137
1712,P08319_wild,C(CCCCCC(=O)O)CCCCCO,1.2403321553103694,0.3989913761615753,-0.719618022441864,0.5933452844619751
1713,P08319_wild,C(CCCCCCCC(=O)O)CCCCCCCO,2.0118992467750845,0.5110276937484741,-0.7611138820648193,0.6267778873443604
1714,P08319_wild,CC(C)O,-2.8731267636145006,-0.24565838277339935,-0.1790880560874939,-0.03978034853935242
1715,P08319_wild,C1CCC(CC1)O,-2.5563025255841154,0.09099334478378296,-0.35330185294151306,0.2868214249610901
1716,P08319_wild,C(CO)O,-2.587336734507256,0.13254322111606598,1.2487221956253052,-0.41667991876602173
1717,P08319_wild,C(C=O)C(C(CO)O)O,-2.0390640739331136,0.48608922958374023,0.5726591944694519,0.034745633602142334
1718,P00327_wild,C1=CC(=C[N+](=C1)C2C(C(C(O2)COP(=O)([O-])OP(=O)(O)OCC3C(C(C(O3)N4C=NC5=C(N=CN=C54)N)O)O)O)O)C(=O)N,2.1965428669798066,0.8033947944641113,-0.7516113519668579,0.8977580070495605
1719,P00327_wild,CCO,1.017728749588652,1.0439096689224243,-0.2759256362915039,0.7464244365692139
1720,P00326_wild,C1=CC(=C[N+](=C1)C2C(C(C(O2)COP(=O)([O-])OP(=O)(O)OCC3C(C(C(O3)N4C=NC5=C(N=CN=C54)N)O)O)O)O)C(=O)N,1.7659167319245588,0.8267775774002075,-0.7659645676612854,0.888342022895813
1721,P00326_wild,CCCO,1.0407940410777803,0.09188704192638397,-0.7837721109390259,-0.021367043256759644
1722,P00325_wild,CCCO,-0.055700173055706924,0.09114246070384979,-0.8576673269271851,0.03883969783782959
1723,P00327_wild,CCCO,1.3467875029282899,0.15363387763500214,-0.8683834671974182,0.09983578324317932
1724,P00327_wild,CCCCO,1.2846395794758119,0.6284734010696411,-0.7661513686180115,0.3139148950576782
1725,P00325_wild,CCCCO,0.4181433947603246,0.6410974264144897,-0.8123634457588196,0.2768084406852722
1726,P00326_wild,CCCCO,1.561796786493879,0.635947048664093,-0.7239916920661926,0.23792341351509094
1727,P00327_wild,CCCCCO,1.6255410643198804,0.1120888888835907,-0.8113729953765869,0.3028940260410309
1728,P00325_wild,CCCCCO,0.6255410643198804,0.07621903717517853,-0.8148239850997925,0.24894355237483978
1729,P00326_wild,CCCCCO,1.5859305145028033,0.05103421211242676,-0.7210337519645691,0.1995641589164734
1730,P11766_wild,CCCCCCO,-0.578021683645993,0.19455896317958832,-1.0740470886230469,0.49378418922424316
1731,P00325_wild,CCCCCCO,1.0222763947111522,0.08915038406848907,-1.1599676609039307,0.324260950088501
1732,P00326_wild,CCCCCCO,2.0142404671336083,0.10381630063056946,-1.0892572402954102,0.278017520904541
1733,P00327_wild,CCCCCCO,1.8595490972134525,0.09810055792331696,-1.1628177165985107,0.38195720314979553
1734,P00327_wild,CCCCCCCCO,2.205458300020918,0.47368302941322327,-1.426247000694275,0.9680532217025757
1735,P00326_wild,C1CCC(CC1)O,2.43270218174578,0.17138300836086273,-0.46360763907432556,0.34763649106025696
1736,P00325_wild,C1CCC(CC1)O,-1.6694497746881025,0.16449247300624847,-0.5181816220283508,0.40693822503089905
1737,P00327_wild,C1CCC(CC1)O,1.0942700227673186,0.23898573219776154,-0.4843766391277313,0.4578075706958771
1738,P00327_wild,C(CCCCCC(=O)O)CCCCCO,0.8318775916529538,0.6648773550987244,-0.9551377892494202,0.7955675721168518
1739,P00326_wild,C(CCCCCC(=O)O)CCCCCO,1.6064248510172194,0.6219509243965149,-0.9411457180976868,0.715440034866333
1740,P00327_wild,C(CCCCCCCC(=O)O)CCCCCCCO,1.966576331371938,0.7430547475814819,-0.9974988698959351,0.8070038557052612
1741,P00325_wild,C(CCCCCCCC(=O)O)CCCCCCCO,1.3979400086720377,0.6450597643852234,-1.012973427772522,0.7764685750007629
1742,P11766_wild,C1=CC(=C[N+](=C1)C2C(C(C(O2)COP(=O)([O-])OP(=O)(O)OCC3C(C(C(O3)N4C=NC5=C(N=CN=C54)N)O)O)O)O)C(=O)N,2.9565342833613046,1.1826834678649902,-0.8547614216804504,1.3509337902069092
1743,P00326_wild,CO,-1.9128497847997852,-0.8562088012695312,-0.15494373440742493,0.4738621711730957
1744,P00325_wild,CO,-1.6424885424581002,-0.8632051944732666,-0.2301355004310608,0.5034281015396118
1745,P00325_wild,C(CO)O,-2.0469964385921036,0.3249972462654114,1.1075094938278198,-0.35709694027900696
1746,P00326_wild,C(CO)O,-1.3538822008023321,0.333642840385437,1.1442235708236694,-0.38914045691490173
1747,P00326_wild,C1=CC=C(C=C1)CO,2.480554498950883,0.3804875612258911,-1.0808488130569458,0.4401930570602417
1748,P00325_wild,C1=CC=C(C=C1)CO,0.6130554299162324,0.3796158730983734,-1.1395741701126099,0.4759823679924011
1749,P00326_wild,C(CCCCCCCC(=O)O)CCCCCCCO,2.1249387783673828,0.6599075198173523,-0.9690687656402588,0.7364267110824585
1750,P00325_wild,CC(CCCC(C)C1CCC2C1(C(CC3C2C(CC4C3(CCC(C4)O)C)O)O)C)CO,1.5740312677277188,0.3904045820236206,-1.4451931715011597,0.6473877429962158
1751,P00325_wild,C1C=CN(C=C1C(=O)N)C2C(C(C(O2)COP(=O)(O)OP(=O)(O)OCC3C(C(C(O3)N4C=NC5=C(N=CN=C54)N)O)O)O)O,2.536242706838319,1.1584036350250244,-1.2367876768112183,1.6340497732162476
1752,P00325_wild,CC(CCCC(C)C1CCC2C1(C(CC3C2C(CC4C3(CCC(C4)O)C)O)O)C)C=O,2.304996182881583,0.41131845116615295,-1.4972878694534302,0.7846417427062988
1753,P00325_wild,CCCC=O,0.28399665636520083,0.9104983806610107,-0.8257254958152771,1.0133633613586426
1754,P00328_wild,CC12CCC(=O)CC1CCC3C2CCC4(C3CCC4O)C,2.0377885608893997,0.5577847361564636,-1.8648854494094849,1.2020471096038818
1755,P00328_wild,CC(CCC(=O)[O-])C1CCC2C1(CCC3C2CCC4C3(CCC(=O)C4)C)C,2.005395031886706,0.4905221164226532,-1.7000502347946167,1.4417269229888916
1756,P00326_wild,CC12CCC(=O)CC1CCC3C2CCC4(C3CCC4O)C,0.45118552062526274,0.5022323727607727,-1.8946820497512817,1.1785986423492432
1757,P00326_wild,CC(CCC(=O)[O-])C1CCC2C1(CCC3C2CCC4C3(CCC(=O)C4)C)C,-0.31875876262441283,0.4303627908229828,-1.6991801261901855,1.4120662212371826
1758,P00326_wild,CC(=O)C1CCC2C1(CCC3C2CCC4C3(CCC(C4)O)C)C,1.550907468880581,0.4752810597419739,-1.8829385042190552,1.4317048788070679
1759,P00326_wild,CC(=O)C1CCC2C1(CCC3C2CCC4C3(CCC(=O)C4)C)C,0.7861201800549189,0.7144244313240051,-2.0979185104370117,1.776702642440796
1760,P80468_wild,CCO,-0.07310709833543166,0.8439022302627563,-0.30481788516044617,0.6472228765487671
1761,P80468_wild,CCCCCO,1.1663314612478397,-0.15401014685630798,-0.8517425656318665,0.21167001128196716
1762,P80468_wild,CCCCCCCCO,1.9488475318394256,0.26371705532073975,-1.5371713638305664,0.8662958145141602
1763,P80468_wild,C1CCC(CC1)O,-1.1956867483045315,0.037567541003227234,-0.5206429362297058,0.31842339038848877
1764,P11766_wild,C1C=CN(C=C1C(=O)N)C2C(C(C(O2)COP(=O)(O)OP(=O)(O)OCC3C(C(C(O3)N4C=NC5=C(N=CN=C54)N)O)O)O)O,4.2552725051033065,1.424471139907837,-1.3989232778549194,2.008901357650757
1765,P11766_wild,COC1=C(C=CC(=C1)CO)O,-1.372385873178616,0.5871939063072205,-1.098090648651123,1.0072687864303589
1766,P11766_wild,CCCCCCCC=O,0.14266746013928117,0.9351118803024292,-1.9310129880905151,1.9770244359970093
1767,Q9NJC3_wild,C1=CC(=C[N+](=C1)C2C(C(C(O2)COP(=O)([O-])OP(=O)(O)OCC3C(C(C(O3)N4C=NC5=C(N=CN=C54)N)O)O)O)O)C(=O)N,3.012964849430678,1.357639193534851,-0.7446438670158386,1.329188346862793
1768,Q9NJC3_wild,C(CC(=O)NC(CSCO)C(=O)NCC(=O)O)C(C(=O)O)N,3.4109048581027155,1.4951213598251343,-0.6497049927711487,1.4254696369171143
1769,Q9NJC3_wild,CCCCCCCCO,1.4008842719419161,0.7754666805267334,-1.3192545175552368,1.1222883462905884
1770,Q9NJC3_wild,C(CCCCCC(=O)O)CCCCCO,2.1001150251495777,1.057673692703247,-1.0531768798828125,0.9850395917892456
1771,P46415_wild,C(CCCCCC(=O)O)CCCCCO,2.5440680443502757,0.9902390241622925,-0.906711757183075,0.8220939636230469
1772,P28469_wild,CO,-4.728525247897735,-1.1443852186203003,-0.1550106704235077,0.2986960709095001
1773,P28469_wild,CCO,-1.1047353505200128,0.7697858214378357,-0.22200626134872437,0.5540395379066467
1774,P28469_wild,CCCO,-0.15490195998574322,-0.0970086008310318,-0.8294129967689514,-0.03125464916229248
1775,P28469_wild,CCCCO,1.0636690798693773,0.4299170672893524,-0.7157784104347229,0.1811983585357666
1776,P28469_wild,CCCCCO,1.0636690798693773,-0.08551862835884094,-0.7453064918518066,0.17732185125350952
1777,P28469_wild,CCCCCCO,1.6989700043360187,-0.15303446352481842,-1.0814720392227173,0.2817454934120178
1778,P28469_wild,C1=CC=C(C=C1)CO,1.3187587626244128,0.2077191323041916,-1.1234707832336426,0.3283413052558899
1779,P28469_wild,CC(C)CO,-0.2867895565493709,0.18962885439395905,-0.7591188549995422,0.40781649947166443
1780,P28469_wild,CCC(C)CO,0.6483600109809317,0.10597597807645798,-0.983917772769928,0.4841155707836151
1781,P28469_wild,CC(C)CCO,1.3222192947339193,-0.008040294982492924,-0.026289120316505432,0.08392348885536194
1782,P28469_wild,CC(C)O,-0.3399480616943508,-0.34570619463920593,-0.26596733927726746,-0.11478355526924133
1783,P28469_wild,CCC(C)O,0.6555043105549284,-0.09135182201862335,-0.4258323311805725,0.3628966212272644
1784,P28469_wild,CCC(CC)O,0.33881855655338095,-0.3668755292892456,-1.3339755535125732,0.3018571138381958
1785,P28469_wild,C1CCC(CC1)O,2.0969100130080562,-0.07476891577243805,-0.43300411105155945,0.25848835706710815
1786,P00327_wild,CO,-3.287241711178348,-0.8884772062301636,-0.26110053062438965,0.4911796450614929
1787,P28469_wild,C1CCC(=O)CC1,2.0122344564170116,0.6797276735305786,-1.04353666305542,1.1616703271865845
1788,P28469_wild,C1C=CN(C=C1C(=O)N)C2C(C(C(O2)COP(=O)(O)OP(=O)(O)OCC3C(C(C(O3)N4C=NC5=C(N=CN=C54)N)O)O)O)O,3.9661417327390325,0.886254072189331,-1.1770159006118774,1.3582823276519775
1789,P28469_wild,C1=CC(=C[N+](=C1)C2C(C(C(O2)COP(=O)([O-])OP(=O)(O)OCC3C(C(C(O3)N4C=NC5=C(N=CN=C54)N)O)O)O)O)C(=O)N,1.0413926851582251,0.5000413656234741,-0.6752141714096069,0.6691504120826721
1790,P28469_wild,CC=O,0.3129292189636889,1.149383306503296,-0.4187829792499542,0.728029191493988
1791,P11766_Y93F,CCCCCO,-1.5351132265141774,0.08099029213190079,-0.8296712636947632,0.3726722300052643
1792,P11766_Y93F,CCCCCCCCO,0.066946764813785,0.559491753578186,-1.4367398023605347,1.091421365737915
1793,P11766_Y93F,C(CCCCCC(=O)O)CCCCCO,1.0969100130080565,0.8081684112548828,-1.1678184270858765,0.8456588983535767
1794,P11766_R115S,C(CC(=O)NC(CSN=O)C(=O)NCC(=O)O)C(C(=O)O)N,1.816083371847308,1.0447118282318115,-1.0498144626617432,1.1813182830810547
1795,P11766_R115K,C(CC(=O)NC(CSN=O)C(=O)NCC(=O)O)C(C(=O)O)N,2.607199656527107,1.2090122699737549,-1.0877189636230469,1.3365757465362549
1796,P11766_wild,C(CC(=O)NC(CSCO)C(=O)NCC(=O)O)C(C(=O)O)N,3.2430380486862944,1.1896941661834717,-0.8044459819793701,1.369149088859558
1797,P11766_R115S,C(CC(=O)NC(CSCO)C(=O)NCC(=O)O)C(C(=O)O)N,0.9208187539523751,1.0053588151931763,-0.7599291205406189,1.1933047771453857
1798,P11766_R115K,C(CC(=O)NC(CSCO)C(=O)NCC(=O)O)C(C(=O)O)N,1.2218487496163564,1.1731575727462769,-0.8102406859397888,1.3519232273101807
1799,P11766_R115S,C1C=CN(C=C1C(=O)N)C2C(C(C(O2)COP(=O)(O)OP(=O)(O)OCC3C(C(C(O3)N4C=NC5=C(N=CN=C54)N)O)O)O)O,3.4771212547196626,1.196518898010254,-1.3638266324996948,1.807876467704773
1800,P11766_R115K,C1C=CN(C=C1C(=O)N)C2C(C(C(O2)COP(=O)(O)OP(=O)(O)OCC3C(C(C(O3)N4C=NC5=C(N=CN=C54)N)O)O)O)O,3.597512409292448,1.414747714996338,-1.4011188745498657,1.9896492958068848
1801,P11766_R115S,C1=CC(=C[N+](=C1)C2C(C(C(O2)COP(=O)([O-])OP(=O)(O)OCC3C(C(C(O3)N4C=NC5=C(N=CN=C54)N)O)O)O)O)C(=O)N,2.083545942876441,0.9448018074035645,-0.8312482237815857,1.1618287563323975
1802,P11766_R115K,C1=CC(=C[N+](=C1)C2C(C(C(O2)COP(=O)([O-])OP(=O)(O)OCC3C(C(C(O3)N4C=NC5=C(N=CN=C54)N)O)O)O)O)C(=O)N,2.221848670653716,1.170008659362793,-0.8591665625572205,1.328526496887207
1803,P11766_wild,C1=CC(=C[N+](=C1)C2C(C(C(O2)COP(=O)(O)OP(=O)(O)OCC3C(C(C(O3)N4C=NC5=C(N=CN=C54)N)OP(=O)(O)O)O)O)O)C(=O)N,-0.2930611449553461,1.112987756729126,-1.1416407823562622,1.5631685256958008
1804,P11766_wild,CCCCCCCCCO,0.5147608386696868,0.4910145103931427,-1.370672583580017,1.1692503690719604
1805,P11766_wild,CCCCCCCCCCO,0.5686362575557362,0.5150392651557922,-1.5552512407302856,1.0688364505767822
1806,P11766_wild,CCCCCCCCCCCCO,0.7781512503836436,0.23301957547664642,-1.385043740272522,0.9754561185836792
1807,P11766_wild,CCCCCCCCCCCCCCO,0.4436975860916005,-0.03275226801633835,-1.2475031614303589,1.0820088386535645
1808,P11766_wild,CCCC=CCO,0.6549961021136679,0.8989646434783936,-1.2780596017837524,0.9614648222923279
1809,P11766_wild,CC(=CCO)C,-0.4373541549915807,1.0424530506134033,-0.6501483917236328,0.6973243951797485
1810,P11766_wild,CC(=CCCC(=CCCC(=CCO)C)C)C,1.7861202195362338,0.2951677143573761,-1.9733184576034546,1.471693754196167
1811,P11766_wild,C(C=CCO)O,-1.079181283812364,0.7374081611633301,-0.38376370072364807,0.8160676956176758
1812,P11766_wild,C(CCCO)CCO,-0.6698117191929284,0.3109074532985687,-0.39584535360336304,-0.07257315516471863
1813,P11766_wild,C(CCCCO)CCCO,-0.21531788245739858,-0.008287147618830204,-0.6143055558204651,-0.09440001845359802
1814,P11766_wild,C1=CC=C(C=C1)CO,-1.510289617972317,0.5517528057098389,-1.0907697677612305,0.6900055408477783
1815,P11766_wild,C1=CC=C(C=C1)C=CCO,0.79058373082179,0.5460463166236877,-1.5365818738937378,1.1920746564865112
1816,P11766_wild,CC(CCCO)C1CCC2C1(C(CC3C2C(CC4C3(CCC(C4)O)C)O)O)C,0.6611814592391453,0.5404214262962341,-1.3873796463012695,0.7277488112449646
1817,Q96533_wild,CC(=CCCC(=CCCC(=CCO)C)C)C,2.845098040014257,0.2940281331539154,-1.981172800064087,1.4200186729431152
1818,Q96533_wild,C1=CC=C(C=C1)C=CCO,0.7641404647450064,0.6352959275245667,-1.5739370584487915,1.240360140800476
1819,Q96533_wild,CC(=CCCC(=CCO)C)C,1.3979400086720377,0.4049122929573059,-1.5902386903762817,1.1134169101715088
1820,Q96533_wild,C(CCCCCC(=O)O)CCCCCO,0.07479567278945459,0.7037699222564697,-1.158734679222107,0.8610585331916809
1821,P09871_wild,CC1=CC=C(C=C1)S(=O)(=O)NC(CCCN=C(N)N)C(=O)OC,0.996365715344906,0.7805944681167603,-0.6103270649909973,1.5364022254943848
1822,P10869_wild,C(C(C(=O)O)N)C(=O)O,1.006573231152739,0.43297645449638367,0.8349301815032959,0.27565598487854004
1823,P10869_K18A,C(C(C(=O)O)N)C(=O)O,-0.8937211756851366,0.3296383321285248,0.8528270125389099,0.22734908759593964
1824,P10869_K18R,C(C(C(=O)O)N)C(=O)O,-0.7350663496842954,0.3179267644882202,0.8386069536209106,0.21489642560482025
1825,P10869_K18Q,C(C(C(=O)O)N)C(=O)O,-0.895995170227343,0.2174033373594284,0.8738500475883484,0.14634943008422852
1826,P10869_T22A,C(C(C(=O)O)N)C(=O)O,0.8031792560855746,0.39680346846580505,0.8392775654792786,0.26140880584716797
1827,P10869_S23A,C(C(C(=O)O)N)C(=O)O,0.40837585523421177,0.42128241062164307,0.8393380045890808,0.27096015214920044
1828,P10869_H497A,C(C(C(=O)O)N)C(=O)O,-0.09741179756058886,0.40239012241363525,0.8284541368484497,0.26970329880714417
1829,P10869_E279A,C(C(C(=O)O)N)C(=O)O,-0.3761298453335241,0.3113373816013336,0.8135524392127991,0.23834261298179626
1830,P10869_T295V,C(C(C(=O)O)N)C(=O)O,0.751481822046125,0.4305315315723419,0.8378434777259827,0.27522504329681396
1831,P10869_H292A,C(C(C(=O)O)N)C(=O)O,-0.4369477648170488,0.4207567870616913,0.8389925360679626,0.2713773846626282
1832,P10869_H292Q,C(C(C(=O)O)N)C(=O)O,-0.06270973668735853,0.416704922914505,0.8377224802970886,0.2621365189552307
1833,P10869_R419A,C(C(C(=O)O)N)C(=O)O,0.15556959191107955,0.43279311060905457,0.8447665572166443,0.27303433418273926
1834,P10869_E254A,C(C(C(=O)O)N)C(=O)O,-0.27893144472349735,0.3827537000179291,0.8294448256492615,0.2705904543399811
1835,P10869_wild,C1=NC(=C2C(=N1)N(C=N2)C3C(C(C(O3)COP(=O)(O)OP(=O)(O)OP(=O)(O)O)O)O)N,2.8022188344815184,0.6177952289581299,-0.0067354897037148476,0.9340083599090576
1836,P10869_K18A,C1=NC(=C2C(=N1)N(C=N2)C3C(C(C(O3)COP(=O)(O)OP(=O)(O)OP(=O)(O)O)O)O)N,-0.22511413704412364,0.512570858001709,0.006542264483869076,0.8686903715133667
1837,P10869_K18R,C1=NC(=C2C(=N1)N(C=N2)C3C(C(C(O3)COP(=O)(O)OP(=O)(O)OP(=O)(O)O)O)O)N,0.07638834586345479,0.5093867182731628,-0.010864377953112125,0.8656203746795654
1838,P10869_K18Q,C1=NC(=C2C(=N1)N(C=N2)C3C(C(C(O3)COP(=O)(O)OP(=O)(O)OP(=O)(O)O)O)O)N,-0.007178584627123409,0.41578271985054016,0.0026277294382452965,0.7970939874649048
1839,P10869_T22A,C1=NC(=C2C(=N1)N(C=N2)C3C(C(C(O3)COP(=O)(O)OP(=O)(O)OP(=O)(O)O)O)O)N,1.2637505725607985,0.5828295946121216,-0.006908894516527653,0.9179137945175171
1840,P10869_S23A,C1=NC(=C2C(=N1)N(C=N2)C3C(C(C(O3)COP(=O)(O)OP(=O)(O)OP(=O)(O)O)O)O)N,1.2598440681777894,0.6068443655967712,-0.0026396969333291054,0.927680253982544
1841,P10869_H497A,C1=NC(=C2C(=N1)N(C=N2)C3C(C(C(O3)COP(=O)(O)OP(=O)(O)OP(=O)(O)O)O)O)N,0.764733429523565,0.5986405611038208,-0.004956425167620182,0.92047119140625
1842,P10869_E279A,C1=NC(=C2C(=N1)N(C=N2)C3C(C(C(O3)COP(=O)(O)OP(=O)(O)OP(=O)(O)O)O)O)N,-0.007619396870191966,0.5180974006652832,-0.014294625259935856,0.8912026882171631
1843,P10869_T295V,C1=NC(=C2C(=N1)N(C=N2)C3C(C(C(O3)COP(=O)(O)OP(=O)(O)OP(=O)(O)O)O)O)N,0.9962880587542827,0.6089853048324585,-0.006990552879869938,0.9336951971054077
1844,P10869_H292A,C1=NC(=C2C(=N1)N(C=N2)C3C(C(C(O3)COP(=O)(O)OP(=O)(O)OP(=O)(O)O)O)O)N,-0.9135554206701086,0.6153953075408936,-0.0013490328565239906,0.9311922788619995
1845,P10869_H292Q,C1=NC(=C2C(=N1)N(C=N2)C3C(C(C(O3)COP(=O)(O)OP(=O)(O)OP(=O)(O)O)O)O)N,0.757710090141099,0.6079707145690918,-0.0021134326234459877,0.9183629751205444
1846,P10869_R419A,C1=NC(=C2C(=N1)N(C=N2)C3C(C(C(O3)COP(=O)(O)OP(=O)(O)OP(=O)(O)O)O)O)N,0.3640817414110702,0.611504077911377,0.0013375720009207726,0.9288819432258606
1847,P10869_E254A,C1=NC(=C2C(=N1)N(C=N2)C3C(C(C(O3)COP(=O)(O)OP(=O)(O)OP(=O)(O)O)O)O)N,0.8013056862088127,0.5780143737792969,-0.004200921393930912,0.9231784343719482
1848,P00326_wild,CCCC=O,1.2566109226900988,0.8979171514511108,-0.7348877787590027,0.9756832122802734
1849,P08319_wild,CCCC=O,-1.1139433523068367,0.6337233185768127,-0.6205193996429443,0.8387366533279419
1850,Q1LCS4_wild,C1=CC(=C(C(=C1)O)N)C(=O)O,3.0476919903378747,-0.10790076851844788,-1.3809096813201904,1.048431396484375
1851,Q1LCS4_R47A,C1=CC(=C(C(=C1)O)N)C(=O)O,-0.8248946539259698,-0.14056427776813507,-1.3680814504623413,1.0448659658432007
1852,Q1LCS4_R99A,C1=CC(=C(C(=C1)O)N)C(=O)O,-2.2777586532509932,-0.09337037801742554,-1.3449747562408447,1.0840383768081665
1853,Q1LCS4_E110A,C1=CC(=C(C(=C1)O)N)C(=O)O,0.07058107428570728,-0.21420393884181976,-1.4313243627548218,1.0237982273101807
1854,Q9H477_wild,C1C(C(C(C(O1)O)O)O)O,0.6805736054502509,0.10216034948825836,-0.27411606907844543,1.1330549716949463
1855,P47229_wild,C1=CC=C(C=C1)C(=CC=CC(=O)C(=O)O)[O-],4.511883360978874,0.9404733180999756,-2.9155631065368652,1.5676369667053223
1856,Q2VLB9_wild,C1=CC=C(C=C1)C(=CC=CC(=O)C(=O)O)[O-],4.342422680822207,0.9193363189697266,-3.016575336456299,1.6402322053909302
1857,Q2VLB9_wild,C1=CC(=CC=C1C(=CC=CC(=O)C(=O)O)O)Cl,4.381600985239611,0.8053376078605652,-2.8105967044830322,1.713506817817688
1858,P47229_S112C,C1=CC=C(C=C1)C(=CC=CC(=O)C(=O)O)[O-],1.9842057328167682,0.5795040726661682,-2.829718589782715,1.3529791831970215
1859,P9WNH5_wild,C1=CC=C(C=C1)C(=CC=CC(=O)C(=O)O)[O-],0.9164539485499251,0.7674375772476196,-2.3052992820739746,1.7385761737823486
1860,Q9S5E2_wild,C1=CC(=C[N+](=C1)C2C(C(C(O2)COP(=O)([O-])OP(=O)(O)OCC3C(C(C(O3)N4C=NC5=C(N=CN=C54)N)O)O)O)O)C(=O)N,-0.3671260612578181,-0.8562084436416626,-0.9312052726745605,0.969702422618866
1861,P50908_wild,C1=CC=C2C(=C1)C(=CN2)C(C(COP(=O)(O)O)O)O,-0.9689657662600313,-0.8149676322937012,-1.0729418992996216,1.0377538204193115
1862,P0A9P0_wild,C1=CC(=C[N+](=C1)C2C(C(C(O2)COP(=O)([O-])OP(=O)(O)OCC3C(C(C(O3)N4C=NC5=C(N=CN=C54)N)O)O)O)O)C(=O)N,3.096663884080016,1.8599046468734741,-0.8517310619354248,2.0574254989624023
1863,P85207_wild,[Cr+6],1.5344606178301528,0.4803728759288788,-1.6806988716125488,2.03863525390625
1864,P09622_wild,C1CSSC1CCCCC(=O)[O-],1.489454989793388,1.3232767581939697,0.0972660630941391,1.5666823387145996
1865,P31023_wild,C(CCC(=O)N)CC(CCS)S,2.57978359661681,1.8936419486999512,-0.2936753034591675,1.256352424621582
1866,P09622_wild,C1CSSC1CCCCC(=O)O,1.2624958646654558,1.4125694036483765,0.16905148327350616,1.4054677486419678
1867,P09622_wild,C1C[Se][Se]C1CCCCC(=O)O,0.8208395092166423,0.9836553335189819,-0.36936914920806885,1.2939479351043701
1868,P45568_E231K,CC(=O)C(C(COP(=O)(O)O)O)O,1.9366129590935337,1.0927315950393677,-0.4247782528400421,0.6150138974189758
1869,P45568_E231K,C1C=CN(C=C1C(=O)N)C2C(C(C(O2)COP(=O)(O)OP(=O)(O)OCC3C(C(C(O3)N4C=NC5=C(N=CN=C54)N)OP(=O)(O)O)O)O)O,3.112704218149215,1.1655269861221313,-1.7050583362579346,1.4675532579421997
1870,P45568_H153Q,C1C=CN(C=C1C(=O)N)C2C(C(C(O2)COP(=O)(O)OP(=O)(O)OCC3C(C(C(O3)N4C=NC5=C(N=CN=C54)N)OP(=O)(O)O)O)O)O,5.147602706522397,1.48538076877594,-1.7309473752975464,1.6300909519195557
1871,P45568_H153Q,CC(=O)C(C(COP(=O)(O)O)O)O,3.048218074386485,1.3916279077529907,-0.46212509274482727,0.7818056344985962
1872,P45568_H209Q,C1C=CN(C=C1C(=O)N)C2C(C(C(O2)COP(=O)(O)OP(=O)(O)OCC3C(C(C(O3)N4C=NC5=C(N=CN=C54)N)OP(=O)(O)O)O)O)O,2.9010745947578895,1.2288479804992676,-1.6669729948043823,1.4621821641921997
1873,P45568_H209Q,CC(=O)C(C(COP(=O)(O)O)O)O,0.8775934989083667,1.1476633548736572,-0.3955325782299042,0.6240401268005371
1874,P45568_H257Q,CC(=O)C(C(COP(=O)(O)O)O)O,0.1938200260161128,1.1710624694824219,-0.41095688939094543,0.625017523765564
1875,P45568_H257Q,C1C=CN(C=C1C(=O)N)C2C(C(C(O2)COP(=O)(O)OP(=O)(O)OCC3C(C(C(O3)N4C=NC5=C(N=CN=C54)N)OP(=O)(O)O)O)O)O,1.6709412807357753,1.250741720199585,-1.6749128103256226,1.4653501510620117
1876,Q4Q0B9_wild,C1C=CN(C=C1C(=O)N)C2C(C(C(O2)COP(=O)(O)OP(=O)(O)OCC3C(C(C(O3)N4C=NC5=C(N=CN=C54)N)O)O)O)O,3.2152433830178295,1.0230759382247925,-1.4715701341629028,2.350937604904175
1877,Q4Q0B9_wild,C1C=CN(C=C1C(=O)N)C2C(C(C(O2)COP(=O)(O)OP(=O)(O)OCC3C(C(C(O3)N4C=NC5=C(N=CN=C54)N)OP(=O)(O)O)O)O)O,3.191885526238913,1.0030133724212646,-1.6177922487258911,2.551818609237671
1878,Q41594_wild,CC(=CCCC(=CCCC(=CCCC(=CCOP(=O)(O)OP(=O)(O)O)C)C)C)C,1.7417219847569687,-1.1972298622131348,-1.8141299486160278,0.7036070823669434
1879,Q72LF2_wild,C(C1C(C(C(C(O1)OC2C(C(C(C(O2)CO)O)O)O)O)O)O)O,1.845098040014257,1.6294493675231934,0.962629497051239,0.7712365388870239
1880,Q72LF2_wild,C(C1C(C(C(C(O1)OCC2C(C(C(C(O2)O)O)O)O)O)O)O)O,1.4704138707126762,1.6643292903900146,0.9327744841575623,0.7683170437812805
1881,Q72LF2_wild,C(C1C(C(C(C(O1)OC2C(OC(C(C2O)O)O)CO)O)O)O)O,-0.3565473235138126,1.3910794258117676,1.2040622234344482,0.8886735439300537
1882,P08870_wild,C1=C(NC(=O)NC1=O)C(=O)[O-],3.116505569071437,0.63749098777771,-1.6851726770401,2.134699821472168
1883,P08870_wild,C1=C(N(C(=O)NC1=O)C2C(C(C(O2)COP(=O)(O)O)O)O)C(=O)O,3.5563025007672873,0.41005322337150574,-1.9539377689361572,1.8720805644989014
1884,P08870_wild,C(C1C(C(C(O1)OP(=O)(O)OP(=O)(O)O)O)O)OP(=O)(O)O,2.8412828370137415,0.5586029291152954,-1.2170377969741821,1.4917110204696655
1885,P08870_wild,[O-]P(=O)([O-])OP(=O)([O-])[O-],2.7367585652254185,0.9915797114372253,-1.2731716632843018,2.0780811309814453
1886,P08870_K19Q,C(C1C(C(C(O1)OP(=O)(O)OP(=O)(O)O)O)O)OP(=O)(O)O,2.509090460794704,0.5240519642829895,-1.1697953939437866,1.4298092126846313
1887,P08870_K26Q,C(C1C(C(C(O1)OP(=O)(O)OP(=O)(O)O)O)O)OP(=O)(O)O,1.750999004340029,0.5581029653549194,-1.1664575338363647,1.4638937711715698
1888,P08870_K26Q,C1=C(NC(=O)NC1=O)C(=O)[O-],1.6784483371914172,0.6505488157272339,-1.6390496492385864,2.107084274291992
1889,P08870_K19Q,C1=C(NC(=O)NC1=O)C(=O)[O-],2.5992670911437923,0.6201677322387695,-1.6365666389465332,2.07619047164917
1890,P08870_K26A,C1=C(NC(=O)NC1=O)C(=O)[O-],2.0944212126043618,0.5832676887512207,-1.644870400428772,2.1073997020721436
1891,P08870_K26A,C(C1C(C(C(O1)OP(=O)(O)OP(=O)(O)O)O)O)OP(=O)(O)O,2.2405492482825995,0.5013267993927002,-1.143239140510559,1.4409987926483154
1892,P08870_K73Q,C(C1C(C(C(O1)OP(=O)(O)OP(=O)(O)O)O)O)OP(=O)(O)O,0.017728766960431526,-0.05802588909864426,-1.0375357866287231,0.9793061017990112
1893,P08870_K73Q,C1=C(NC(=O)NC1=O)C(=O)[O-],1.286789556549371,0.0036211153492331505,-1.5656148195266724,1.6123056411743164
1894,P08870_K73A,C1=C(NC(=O)NC1=O)C(=O)[O-],1.0147232568207063,0.4155421853065491,-1.6302204132080078,1.985830307006836
1895,P08870_K73A,C(C1C(C(C(O1)OP(=O)(O)OP(=O)(O)O)O)O)OP(=O)(O)O,-0.11837496710591165,0.3455280363559723,-1.0501606464385986,1.3108826875686646
1896,P08870_K100A,C(C1C(C(C(O1)OP(=O)(O)OP(=O)(O)O)O)O)OP(=O)(O)O,1.8263282150677316,0.5168098211288452,-1.1472026109695435,1.4391722679138184
1897,P08870_K100A,C1=C(NC(=O)NC1=O)C(=O)[O-],2.221848749616356,0.6056233644485474,-1.6423267126083374,2.0992255210876465
1898,P08870_K103Q,C1=C(NC(=O)NC1=O)C(=O)[O-],0.5824644352645816,0.33833032846450806,-1.5907666683197021,1.8714942932128906
1899,P08870_K103Q,C(C1C(C(C(O1)OP(=O)(O)OP(=O)(O)O)O)O)OP(=O)(O)O,0.03476210625921191,0.2601730525493622,-1.1122353076934814,1.2373889684677124
1900,P08870_K103A,C(C1C(C(C(O1)OP(=O)(O)OP(=O)(O)O)O)O)OP(=O)(O)O,-0.7558748556724914,0.2450426071882248,-1.0938098430633545,1.240189552307129
1901,P08870_K103A,C1=C(NC(=O)NC1=O)C(=O)[O-],0.07572071393811843,0.30392131209373474,-1.6103471517562866,1.874909520149231
1902,P08870_K103A,C1=C(N(C(=O)NC1=O)C2C(C(C(O2)COP(=O)(O)O)O)O)C(=O)O,0.3979400086720376,0.0504286028444767,-1.8928325176239014,1.64857816696167
1903,P08870_K103Q,C1=C(N(C(=O)NC1=O)C2C(C(C(O2)COP(=O)(O)O)O)O)C(=O)O,1.1674910872937636,0.09864463657140732,-1.8804069757461548,1.631425142288208
1904,P08870_K100A,C1=C(N(C(=O)NC1=O)C2C(C(C(O2)COP(=O)(O)O)O)O)C(=O)O,2.965237893740788,0.36561521887779236,-1.8996131420135498,1.8567118644714355
1905,P08870_K73A,C1=C(N(C(=O)NC1=O)C2C(C(C(O2)COP(=O)(O)O)O)O)C(=O)O,1.4357285695614375,0.17005635797977448,-1.90642511844635,1.7641421556472778
1906,P08870_K73Q,C1=C(N(C(=O)NC1=O)C2C(C(C(O2)COP(=O)(O)O)O)O)C(=O)O,1.3631779024128257,-0.25497138500213623,-1.8543035984039307,1.3806045055389404
1907,P08870_K26A,C1=C(N(C(=O)NC1=O)C2C(C(C(O2)COP(=O)(O)O)O)O)C(=O)O,2.7035176320867396,0.3439355194568634,-1.9109209775924683,1.8673838376998901
1908,P08870_K26Q,C1=C(N(C(=O)NC1=O)C2C(C(C(O2)COP(=O)(O)O)O)O)C(=O)O,1.5457416282398417,0.4128871262073517,-1.9191824197769165,1.872277855873108
1909,P08870_K19Q,C1=C(N(C(=O)NC1=O)C2C(C(C(O2)COP(=O)(O)O)O)O)C(=O)O,2.8239087409443187,0.37628135085105896,-1.909482479095459,1.842769742012024
1910,P08870_wild,C(C(=O)O)P(=O)(O)O,-1.6651117370750514,-0.5008924007415771,-0.16192349791526794,1.39788818359375
1911,P08870_K26Q,C(C(=O)O)P(=O)(O)O,-1.4423591484604505,-0.5147599577903748,-0.11962153762578964,1.3732273578643799
1912,P08870_K100A,C(C(=O)O)P(=O)(O)O,-1.3010299956639813,-0.546180784702301,-0.09574580192565918,1.3599878549575806
1913,P08870_wild,C1=CNC(=O)NC1=O,-0.5454445731790789,0.01480851974338293,-0.682319164276123,1.9915467500686646
1914,P08870_K26Q,C1=CNC(=O)NC1=O,-0.41258053485492774,0.008761986158788204,-0.6467204689979553,1.9714291095733643
1915,P08870_K26A,C1=CNC(=O)NC1=O,-0.7242758696007892,-0.05417416989803314,-0.6340981721878052,1.9720773696899414
1916,P08870_K19Q,[O-]P(=O)([O-])OP(=O)([O-])[O-],2.380211241711606,0.9635225534439087,-1.233129858970642,2.020397901535034
1917,P08870_K103A,[O-]P(=O)([O-])OP(=O)([O-])[O-],-0.4653828514484183,0.6957657337188721,-1.1878138780593872,1.8393045663833618
1918,P08870_K103Q,[O-]P(=O)([O-])OP(=O)([O-])[O-],-0.4593924877592309,0.7136995792388916,-1.1996049880981445,1.8349969387054443
1919,P08870_K100A,[O-]P(=O)([O-])OP(=O)([O-])[O-],1.0978157369690804,0.9489428997039795,-1.2269707918167114,2.033339262008667
1920,P08870_K73A,[O-]P(=O)([O-])OP(=O)([O-])[O-],0.21704986673458762,0.7814152240753174,-1.1728570461273193,1.910090684890747
1921,P08870_K73Q,[O-]P(=O)([O-])OP(=O)([O-])[O-],0.4685210829577449,0.38198110461235046,-1.1583696603775024,1.5665342807769775
1922,P08870_K26A,[O-]P(=O)([O-])OP(=O)([O-])[O-],2.113039513308592,0.9483211636543274,-1.2124732732772827,2.040616273880005
1923,P08870_K26Q,[O-]P(=O)([O-])OP(=O)([O-])[O-],1.0686203735201794,1.0054576396942139,-1.2351499795913696,2.0515615940093994
1924,O25080_wild,CC(=O)OC1=CC=C(C=C1)[N+](=O)[O-],2.0490025453738223,0.5662520527839661,-0.005186171270906925,0.858218789100647
1925,Q50EJ2_wild,C1=NC(=C2C(=N1)N(C=N2)C3C(C(C(O3)COP(=O)(O)OP(=O)(O)OP(=O)(O)O)O)O)N,1.11997531707675,-1.8108856678009033,-1.6646935939788818,1.3615299463272095
1926,Q50EJ2_F112H,C1=NC(=C2C(=N1)N(C=N2)C3C(C(C(O3)COP(=O)(O)OP(=O)(O)OP(=O)(O)O)O)O)N,-0.6441213363286737,-2.194530963897705,-1.5633209943771362,1.1440396308898926
1927,Q50EJ2_F112Y,C1=NC(=C2C(=N1)N(C=N2)C3C(C(C(O3)COP(=O)(O)OP(=O)(O)OP(=O)(O)O)O)O)N,0.28254658996996806,-1.9075287580490112,-1.6410983800888062,1.3075833320617676
1928,Q50EJ2_F112W,C1=NC(=C2C(=N1)N(C=N2)C3C(C(C(O3)COP(=O)(O)OP(=O)(O)OP(=O)(O)O)O)O)N,0.14612803567823798,-1.8851346969604492,-1.6202991008758545,1.3133717775344849
1929,Q50EJ2_F163A,C1=NC(=C2C(=N1)N(C=N2)C3C(C(C(O3)COP(=O)(O)OP(=O)(O)OP(=O)(O)O)O)O)N,-0.025305865264770286,-1.9541597366333008,-1.6365433931350708,1.2699702978134155
1930,Q50EJ2_F187A,C1=NC(=C2C(=N1)N(C=N2)C3C(C(C(O3)COP(=O)(O)OP(=O)(O)OP(=O)(O)O)O)O)N,1.2430380486862946,-1.8185638189315796,-1.687111735343933,1.3168818950653076
1931,Q50EJ2_wild,CC1=CC2=C(C=C1C)N(C=N2)C3C(C(C(O3)CO)OP(=O)([O-])OC(C)CNC(=O)CCC4(C(C5C6(C(C(C(=N6)C(=C7C(C(C(=N7)C=C8C(C(C(=N8)C(=C4[N-]5)C)CCC(=O)N)(C)C)CCC(=O)N)(C)CC(=O)N)C)CCC(=O)N)(C)CC(=O)N)C)CC(=O)N)C)O.[Co],2.4658402443099736,-1.5299386978149414,-3.1024856567382812,1.8786835670471191
1932,Q50EJ2_F112H,CC1=CC2=C(C=C1C)N(C=N2)C3C(C(C(O3)CO)OP(=O)([O-])OC(C)CNC(=O)CCC4(C(C5C6(C(C(C(=N6)C(=C7C(C(C(=N7)C=C8C(C(C(=N8)C(=C4[N-]5)C)CCC(=O)N)(C)C)CCC(=O)N)(C)CC(=O)N)C)CCC(=O)N)(C)CC(=O)N)C)CC(=O)N)C)O.[Co],-0.6210832286413928,-1.9902679920196533,-2.9707589149475098,1.6453320980072021
1933,Q50EJ2_F112Y,CC1=CC2=C(C=C1C)N(C=N2)C3C(C(C(O3)CO)OP(=O)([O-])OC(C)CNC(=O)CCC4(C(C5C6(C(C(C(=N6)C(=C7C(C(C(=N7)C=C8C(C(C(=N8)C(=C4[N-]5)C)CCC(=O)N)(C)C)CCC(=O)N)(C)CC(=O)N)C)CCC(=O)N)(C)CC(=O)N)C)CC(=O)N)C)O.[Co],0.6910010746647435,-1.6438188552856445,-3.061460018157959,1.80781888961792
1934,Q50EJ2_F112W,CC1=CC2=C(C=C1C)N(C=N2)C3C(C(C(O3)CO)OP(=O)([O-])OC(C)CNC(=O)CCC4(C(C5C6(C(C(C(=N6)C(=C7C(C(C(=N7)C=C8C(C(C(=N8)C(=C4[N-]5)C)CCC(=O)N)(C)C)CCC(=O)N)(C)CC(=O)N)C)CCC(=O)N)(C)CC(=O)N)C)CC(=O)N)C)O.[Co],0.6186592531474241,-1.6381545066833496,-3.0568017959594727,1.8180468082427979
1935,Q50EJ2_F163A,CC1=CC2=C(C=C1C)N(C=N2)C3C(C(C(O3)CO)OP(=O)([O-])OC(C)CNC(=O)CCC4(C(C5C6(C(C(C(=N6)C(=C7C(C(C(=N7)C=C8C(C(C(=N8)C(=C4[N-]5)C)CCC(=O)N)(C)C)CCC(=O)N)(C)CC(=O)N)C)CCC(=O)N)(C)CC(=O)N)C)CC(=O)N)C)O.[Co],2.1526101632061585,-1.6939733028411865,-3.0599417686462402,1.773512840270996
1936,Q50EJ2_F187A,CC1=CC2=C(C=C1C)N(C=N2)C3C(C(C(O3)CO)OP(=O)([O-])OC(C)CNC(=O)CCC4(C(C5C6(C(C(C(=N6)C(=C7C(C(C(=N7)C=C8C(C(C(=N8)C(=C4[N-]5)C)CCC(=O)N)(C)C)CCC(=O)N)(C)CC(=O)N)C)CCC(=O)N)(C)CC(=O)N)C)CC(=O)N)C)O.[Co],2.213879819945081,-1.5485548973083496,-3.125913381576538,1.8471734523773193
1937,Q50EJ2_F112A,C1=NC(=C2C(=N1)N(C=N2)C3C(C(C(O3)COP(=O)(O)OP(=O)(O)OP(=O)(O)O)O)O)N,-0.7908880717865762,-2.1022424697875977,-1.5746780633926392,1.1661392450332642
1938,Q50EJ2_F112A,CC1=CC2=C(C=C1C)N(C=N2)C3C(C(C(O3)CO)OP(=O)([O-])OC(C)CNC(=O)CCC4(C(C5C6(C(C(C(=N6)C(=C7C(C(C(=N7)C=C8C(C(C(=N8)C(=C4[N-]5)C)CCC(=O)N)(C)C)CCC(=O)N)(C)CC(=O)N)C)CCC(=O)N)(C)CC(=O)N)C)CC(=O)N)C)O.[Co],0.5407903345890397,-1.8793511390686035,-2.993546485900879,1.6585203409194946
1939,Q50EJ2_D35N,C1=NC(=C2C(=N1)N(C=N2)C3C(C(C(O3)COP(=O)(O)OP(=O)(O)OP(=O)(O)O)O)O)N,-1.2865521722953583,-2.303792715072632,-1.5051058530807495,0.9550066590309143
1940,Q50EJ2_D35N,CC1=CC2=C(C=C1C)N(C=N2)C3C(C(C(O3)CO)OP(=O)([O-])OC(C)CNC(=O)CCC4(C(C5C6(C(C(C(=N6)C(=C7C(C(C(=N7)C=C8C(C(C(=N8)C(=C4[N-]5)C)CCC(=O)N)(C)C)CCC(=O)N)(C)CC(=O)N)C)CCC(=O)N)(C)CC(=O)N)C)CC(=O)N)C)O.[Co],0.40511859329916106,-2.0976340770721436,-2.931471824645996,1.4773573875427246
1941,Q50EJ2_R128K,C1=NC(=C2C(=N1)N(C=N2)C3C(C(C(O3)COP(=O)(O)OP(=O)(O)OP(=O)(O)O)O)O)N,0.24900099565997116,-2.0244386196136475,-1.5815719366073608,1.1828603744506836
1942,Q50EJ2_R128K,CC1=CC2=C(C=C1C)N(C=N2)C3C(C(C(O3)CO)OP(=O)([O-])OC(C)CNC(=O)CCC4(C(C5C6(C(C(C(=N6)C(=C7C(C(C(=N7)C=C8C(C(C(=N8)C(=C4[N-]5)C)CCC(=O)N)(C)C)CCC(=O)N)(C)CC(=O)N)C)CCC(=O)N)(C)CC(=O)N)C)CC(=O)N)C)O.[Co],1.0823512928371315,-1.7602360248565674,-2.988668441772461,1.6863796710968018
1943,Q50EJ2_R132K,CC1=CC2=C(C=C1C)N(C=N2)C3C(C(C(O3)CO)OP(=O)([O-])OC(C)CNC(=O)CCC4(C(C5C6(C(C(C(=N6)C(=C7C(C(C(=N7)C=C8C(C(C(=N8)C(=C4[N-]5)C)CCC(=O)N)(C)C)CCC(=O)N)(C)CC(=O)N)C)CCC(=O)N)(C)CC(=O)N)C)CC(=O)N)C)O.[Co],-1.3565473235138126,-1.845005750656128,-2.9661195278167725,1.60548996925354
1944,Q50EJ2_R132K,C1=NC(=C2C(=N1)N(C=N2)C3C(C(C(O3)COP(=O)(O)OP(=O)(O)OP(=O)(O)O)O)O)N,-1.4057653461839943,-2.115323543548584,-1.5635603666305542,1.0927140712738037
1945,Q50EJ2_S159A,CC1=CC2=C(C=C1C)N(C=N2)C3C(C(C(O3)CO)OP(=O)([O-])OC(C)CNC(=O)CCC4(C(C5C6(C(C(C(=N6)C(=C7C(C(C(=N7)C=C8C(C(C(=N8)C(=C4[N-]5)C)CCC(=O)N)(C)C)CCC(=O)N)(C)CC(=O)N)C)CCC(=O)N)(C)CC(=O)N)C)CC(=O)N)C)O.[Co],1.8143634230380883,-1.6417567729949951,-3.093743085861206,1.8132944107055664
1946,Q50EJ2_S159A,C1=NC(=C2C(=N1)N(C=N2)C3C(C(C(O3)COP(=O)(O)OP(=O)(O)OP(=O)(O)O)O)O)N,0.5963076624388711,-1.9065704345703125,-1.6629513502120972,1.2923274040222168
1947,Q50EJ2_D35N/R128K,CC1=CC2=C(C=C1C)N(C=N2)C3C(C(C(O3)CO)OP(=O)([O-])OC(C)CNC(=O)CCC4(C(C5C6(C(C(C(=N6)C(=C7C(C(C(=N7)C=C8C(C(C(=N8)C(=C4[N-]5)C)CCC(=O)N)(C)C)CCC(=O)N)(C)CC(=O)N)C)CCC(=O)N)(C)CC(=O)N)C)CC(=O)N)C)O.[Co],0.5457416282398417,-2.103013515472412,-2.879732847213745,1.4505410194396973
1948,Q50EJ2_D35N/R128K,C1=NC(=C2C(=N1)N(C=N2)C3C(C(C(O3)COP(=O)(O)OP(=O)(O)OP(=O)(O)O)O)O)N,-1.4988405044128987,-2.3026156425476074,-1.4583158493041992,0.9411572217941284
1949,Q50EJ2_D35E/R128K,C1=NC(=C2C(=N1)N(C=N2)C3C(C(C(O3)COP(=O)(O)OP(=O)(O)OP(=O)(O)O)O)O)N,-1.6398485522173623,-2.202510118484497,-1.5083738565444946,1.0536655187606812
1950,Q50EJ2_D35E/R128K,CC1=CC2=C(C=C1C)N(C=N2)C3C(C(C(O3)CO)OP(=O)([O-])OC(C)CNC(=O)CCC4(C(C5C6(C(C(C(=N6)C(=C7C(C(C(=N7)C=C8C(C(C(=N8)C(=C4[N-]5)C)CCC(=O)N)(C)C)CCC(=O)N)(C)CC(=O)N)C)CCC(=O)N)(C)CC(=O)N)C)CC(=O)N)C)O.[Co],-0.08894108333678111,-1.9533815383911133,-2.9256575107574463,1.566129446029663
1951,Q50EJ2_D35R/R128D,C1=NC(=C2C(=N1)N(C=N2)C3C(C(C(O3)COP(=O)(O)OP(=O)(O)OP(=O)(O)O)O)O)N,-4.840299157132488,-2.6574432849884033,-1.2298179864883423,0.6548018455505371
1952,Q50EJ2_D35R/R128D,CC1=CC2=C(C=C1C)N(C=N2)C3C(C(C(O3)CO)OP(=O)([O-])OC(C)CNC(=O)CCC4(C(C5C6(C(C(C(=N6)C(=C7C(C(C(=N7)C=C8C(C(C(=N8)C(=C4[N-]5)C)CCC(=O)N)(C)C)CCC(=O)N)(C)CC(=O)N)C)CCC(=O)N)(C)CC(=O)N)C)CC(=O)N)C)O.[Co],-2.965237893740788,-2.5119049549102783,-2.6223347187042236,1.2183585166931152
1953,Q50EJ2_wild,C1=NC2=C(N1C3C(C(C(O3)COP(=O)(O)OP(=O)(O)OP(=O)(O)O)O)O)N=C(NC2=O)N,-1.7422386944929993,-1.9919630289077759,-1.2956080436706543,1.1561460494995117
1954,Q50EJ2_wild,C1=NC2=C(C(=O)N1)N=CN2C3C(C(C(O3)COP(=O)(O)OP(=O)(O)OP(=O)(O)O)O)O,-3.183644396946127,-1.8483772277832031,-1.1181081533432007,1.3490937948226929
1955,Q50EJ2_wild,C1C(C(OC1N2C=NC3=C(N=CN=C32)N)COP(=O)(O)OP(=O)(O)OP(=O)(O)O)O,0.5034501934420117,-1.7436506748199463,-1.6517972946166992,1.3316750526428223
1956,Q50EJ2_wild,C1=CN(C(=O)N=C1N)C2C(C(C(O2)COP(=O)(O)OP(=O)(O)OP(=O)(O)O)O)O,-3.4079242295786387,-1.8376083374023438,-1.095948576927185,1.2804338932037354
1957,Q50EJ2_wild,C1=CN(C(=O)NC1=O)C2C(C(C(O2)COP(=O)(O)OP(=O)(O)OP(=O)(O)O)O)O,-4.312025379965444,-1.8141196966171265,-0.8599792122840881,1.228731393814087
1958,P38993_wild,O=O,1.542183862710985,0.4430725872516632,-1.1782621145248413,1.6028316020965576
1959,O67206_wild,[Fe+2],2.102662319039543,-0.4545266330242157,-1.5403441190719604,1.1421223878860474
1960,Q4Q0B9_wild,C1C2CN(CN2C3=C(N1)N=C(NC3=O)N)C4=CC=C(C=C4)C(=O)NC(CCC(=O)O)C(=O)O,2.8692317197309762,0.4787416160106659,-1.403931975364685,2.0540237426757812
1961,O95749_wild,CC(=CCCC(=CCCC(=CCOP(=O)(O)OP(=O)(O)O)C)C)C,2.4583718187068233,-0.5782361030578613,-2.1175312995910645,0.8237662315368652
1962,O95749_wild,CC(=C)CCOP(=O)(O)OP(=O)(O)O,1.8325089127062364,-0.7244613170623779,-1.8859761953353882,0.8040151596069336
1963,Q12051_Y107A,CC(=CCCC(=CCCC(=CCOP(=O)(O)OP(=O)(O)O)C)C)C,1.5177391056279264,-1.758506417274475,-1.9266194105148315,0.894227147102356
1964,Q12051_Y107A,CC(=C)CCOP(=O)(O)OP(=O)(O)O,1.076090169070483,-1.8493705987930298,-1.732077956199646,1.0275274515151978
1965,Q12051_F108A,CC(=CCCC(=CCCC(=CCOP(=O)(O)OP(=O)(O)O)C)C)C,1.3498785632017982,-1.7748507261276245,-1.936203956604004,0.8719817996025085
1966,Q12051_F108A,CC(=C)CCOP(=O)(O)OP(=O)(O)O,1.2407340937767302,-1.8709672689437866,-1.7339924573898315,0.9986419677734375
1967,Q12051_Y107A/F108A,CC(=CCCC(=CCCC(=CCOP(=O)(O)OP(=O)(O)O)C)C)C,1.2752227320576957,-1.7669658660888672,-1.9291207790374756,0.8941716551780701
1968,Q12051_Y107A/F108A,CC(=C)CCOP(=O)(O)OP(=O)(O)O,1.1716821401506263,-1.8630121946334839,-1.7345726490020752,1.019646167755127
1969,Q12051_Y107A/F108A/H139A,CC(=CCCC(=CCCC(=CCOP(=O)(O)OP(=O)(O)O)C)C)C,1.7958800173440752,-1.7772194147109985,-1.8968364000320435,0.8777639269828796
1970,Q12051_Y107A/F108A/H139A,CC(=C)CCOP(=O)(O)OP(=O)(O)O,-0.5888317255942072,-1.8839207887649536,-1.7190735340118408,0.9960505962371826
1971,Q12051_Y107A/F108A/L135A/H139A,CC(=CCCC(=CCCC(=CCOP(=O)(O)OP(=O)(O)O)C)C)C,0.9242792860618816,-1.7697768211364746,-1.9093471765518188,0.8947303295135498
1972,Q12051_Y107A/F108A/L135A/H139A,CC(=C)CCOP(=O)(O)OP(=O)(O)O,-0.7832908900360547,-1.8840487003326416,-1.7328813076019287,1.0168513059616089
1973,Q12051_L135A/H139A,CC(=CCCC(=CCCC(=CCOP(=O)(O)OP(=O)(O)O)C)C)C,1.3748162098249,-1.7680999040603638,-1.9226945638656616,0.8723684549331665
1974,Q12051_L135A/H139A,CC(=C)CCOP(=O)(O)OP(=O)(O)O,0.5757310526056132,-1.8759803771972656,-1.7299693822860718,1.0103034973144531
1975,Q12051_Y107A/H139A,CC(=CCCC(=CCCC(=CCOP(=O)(O)OP(=O)(O)O)C)C)C,1.5496719218682742,-1.7710895538330078,-1.9018210172653198,0.8806630969047546
1976,Q12051_Y107A/H139A,CC(=C)CCOP(=O)(O)OP(=O)(O)O,-0.835446654338076,-1.8671278953552246,-1.7209633588790894,1.0100510120391846
1977,Q12051_F108A/H139A,CC(=CCCC(=CCCC(=CCOP(=O)(O)OP(=O)(O)O)C)C)C,0.4965498065579884,-1.7805907726287842,-1.907153844833374,0.8580363988876343
1978,Q12051_F108A/H139A,CC(=C)CCOP(=O)(O)OP(=O)(O)O,-0.9294189257142927,-1.8808832168579102,-1.718207836151123,0.9792411923408508
1979,P37666_wild,C(C(C(C(C(=O)C(=O)[O-])O)O)O)O,1.4335031501695388,1.4694461822509766,0.13356080651283264,0.8389981985092163
1980,A0A0D4CYE3_wild,COC1=CC(=CC(=C1O)OC)C=NN=CC2=CC(=C(C(=C2)OC)O)OC,2.7704644217173526,1.0320985317230225,-1.9595638513565063,2.972223997116089
1981,A0A0D4CYE3_wild,COC1=C(C(=CC=C1)OC)O,2.153502855158499,1.0145119428634644,-0.7713876962661743,2.117842674255371
1982,A0A0D4CYE3_wild,CCN1C2=C(C=C(C=C2)S(=O)(=O)O)SC1=NN=C3N(C4=C(S3)C=C(C=C4)S(=O)(=O)O)CC,1.594593426642608,1.544771432876587,-1.099707007408142,2.5854198932647705
1983,A0A0D4CYE3_wild,COC1=CC=CC=C1O,1.0122838951423088,1.2394723892211914,-0.720318615436554,1.881244421005249
1984,D2KMW3_wild,CCN1C2=C(C=C(C=C2)S(=O)(=O)O)SC1=NN=C3N(C4=C(S3)C=C(C=C4)S(=O)(=O)O)CC,0.4800656353664437,0.09879432618618011,-1.1126905679702759,2.4738199710845947
1985,D2KMW3_wild,COC1=CC(=CC(=C1O)OC)C=NN=CC2=CC(=C(C(=C2)OC)O)OC,0.9420080530223133,0.3549772799015045,-2.078374147415161,2.7326159477233887
1986,D2KMW3_wild,COC1=C(C(=CC=C1)OC)O,1.4254749351958844,0.16754214465618134,-1.0717731714248657,2.097644567489624
1987,D2KMW3_wild,COC1=CC=CC=C1O,0.710708407607263,0.4599321782588959,-0.8390677571296692,1.543257474899292
1988,D2KMW3_wild,C1=CC=C(C(=C1)O)O,0.5666433341055062,0.618568480014801,-0.7104183435440063,2.2023532390594482
1989,D2KMW3_wild,CC1=CC(=C(C=C1)O)O,0.18799048235538895,0.1701175719499588,-0.5379316210746765,1.73084557056427
1990,D2KMW3_wild,C1=CC(=C(C(=C1)O)O)O,-0.22502459178980583,0.5153017044067383,-0.5805893540382385,2.224363327026367
1991,Q47QW5_R49K,COC1=C(C(=CC=C1)OC)O,0.6989700043360189,0.814419150352478,-0.5800055265426636,1.5506176948547363
1992,F6L7B5_wild,CCN1C2=C(C=C(C=C2)S(=O)(=O)O)SC1=NN=C3N(C4=C(S3)C=C(C=C4)S(=O)(=O)O)CC,0.23638180085008026,0.5737085342407227,-0.9621348977088928,1.9688516855239868
1993,F6L7B5_wild,COC1=C(C(=CC=C1)OC)O,0.6755128438102587,-0.007840321399271488,-0.7743728160858154,1.4664156436920166
1994,F6L7B5_wild,COC1=CC=CC=C1O,0.7132104434506291,0.18623733520507812,-1.0486301183700562,1.2895203828811646
1995,A0A142CZ78_wild,CCN1C2=C(C=C(C=C2)S(=O)(=O)O)SC1=NN=C3N(C4=C(S3)C=C(C=C4)S(=O)(=O)O)CC,-1.1238516409670858,1.323391318321228,-0.6648863554000854,2.8075523376464844
1996,A0A142CZ78_wild,COC1=C(C(=CC=C1)OC)O,1.0285097231863518,1.3286148309707642,-0.5425266623497009,2.356515407562256
1997,A0A142CZ78_wild,COC1=CC=CC=C1O,1.0411689373521924,1.4449151754379272,-0.03388984501361847,1.9928398132324219
1998,S7U0W6_wild,CCN1C2=C(C=C(C=C2)S(=O)(=O)O)SC1=NN=C3N(C4=C(S3)C=C(C=C4)S(=O)(=O)O)CC,3.851425900604604,1.3631348609924316,-0.73002690076828,2.8460640907287598
1999,O67206_wild,CCN1C2=C(C=C(C=C2)S(=O)(=O)O)SC1=NN=C3N(C4=C(S3)C=C(C=C4)S(=O)(=O)O)CC,1.5444184931839386,0.17315223813056946,-1.0512338876724243,1.5549354553222656
2000,O67206_wild,COC1=CC(=CC(=C1O)OC)C=NN=CC2=CC(=C(C(=C2)OC)O)OC,1.4393326938302626,-0.32813528180122375,-2.02231502532959,1.9212416410446167
2001,C4TGC2_wild,CC(C(=O)NC1=CC=C(C=C1)[N+](=O)[O-])N,2.5918592906551927,1.612427830696106,-0.30680760741233826,1.5928453207015991
2002,C4TGC2_wild,C1=CC(=CC=C1NC(=O)CN)[N+](=O)[O-],2.730378468587643,1.4802029132843018,-0.3033725321292877,1.1562590599060059
2003,P0AB65_wild,C1=CC=C(C=C1)C(=O)OP(=O)(O)O,2.24073409377673,0.8725524544715881,-0.34629425406455994,0.6427230834960938
2004,Q97ZL0_wild,C1=CC=C(C=C1)C(=O)OP(=O)(O)O,2.7403626894942437,1.2529774904251099,-0.6409274339675903,0.9459773302078247
2005,Q973W5_wild,C(CO)C(=O)[O-],1.6243363860391147,0.9677003622055054,-0.6031786799430847,1.3810880184173584
2006,Q973W5_wild,C1=NC(=C2C(=N1)N(C=N2)C3C(C(C(O3)COP(=O)(O)OP(=O)(O)OP(=O)(O)O)O)O)N,1.8616973018337186,0.7734255790710449,-0.7267941236495972,1.6907161474227905
2007,B5AK91_wild,C1C(C(C(C(O1)OC2=CC=CC(=C2)[N+](=O)[O-])O)O)O,1.957071799458189,0.9719191789627075,-0.4188184440135956,1.2743550539016724
2008,B5AK91_wild,C1C(C(C(C(O1)OC2=CC=C(C=C2)[N+](=O)[O-])O)O)O,2.100370545117563,1.0042667388916016,-0.2907528877258301,1.1429290771484375
2009,B5AK91_wild,CC1=CC(=O)OC2=C1C=CC(=C2)OC3C(C(C(CO3)O)O)O,2.1018452306835687,0.4525865316390991,-0.7041139006614685,1.3340528011322021
2010,B5AK91_wild,C1=CC(=CC=C1[N+](=O)[O-])OC2C(C(C(C(O2)CO)O)O)O,-2.3601514477826377,1.000861406326294,-0.14125898480415344,1.2659685611724854
2011,O00089_wild,C1C(C(C(C(O1)OC2=CC=C(C=C2)[N+](=O)[O-])O)O)O,2.1510671052065913,1.0649476051330566,-0.2965867221355438,1.1602469682693481
2012,Q8X212_wild,C1C(C(C(C(O1)OC2=CC=C(C=C2)[N+](=O)[O-])O)O)O,-0.5477023290053697,0.9242235422134399,-0.35336950421333313,1.2679082155227661
2013,Q8X212_wild,C1C(C(C(C(O1)OC2COC(C(C2O)O)O)O)O)O,-1.9777236052888478,-0.1027134507894516,0.09215107560157776,0.6668161153793335
2014,Q8X212_wild,C1C(C(C(C(O1)OC2COC(C(C2O)O)OC3COC(C(C3O)O)O)O)O)O,-1.662247197311279,-0.5798497796058655,-0.5440135598182678,1.047797441482544
2015,Q8X212_wild,C1C(C(C(C(O1)OC2COC(C(C2O)O)OC3COC(C(C3O)O)OC4COC(C(C4O)O)O)O)O)O,-1.619788758288394,-0.7929368019104004,-0.7169880270957947,1.0562050342559814
2016,Q8X212_wild,C1C(C(C(C(O1)OC2COC(C(C2O)O)OC3COC(C(C3O)O)OC4COC(C(C4O)O)OC(CO)C(C(C=O)O)O)O)O)O,-1.5824644352645816,-0.5842046737670898,-0.551537275314331,1.1080241203308105
2017,Q8X212_wild,C1C(C(C(C(O1)OC2COC(C(C2O)O)OC3COC(C(C3O)O)OC4COC(C(C4O)O)OC5COC(C(C5O)O)OC6COC(C(C6O)O)O)O)O)O,-1.491844511540369,-0.9329006671905518,-0.7375406622886658,1.1083687543869019
2018,Q92458_wild,C1C(C(C(C(O1)OC2=CC=C(C=C2)[N+](=O)[O-])O)O)O,-1.7357726522437675,0.69227135181427,-0.4058578908443451,1.1191939115524292
2019,Q92458_wild,C1C(C(C(C(O1)OC2COC(C(C2O)O)O)O)O)O,-1.958607314841775,-0.2683959901332855,0.11021983623504639,0.5173861980438232
2020,Q92458_wild,C1C(C(C(C(O1)OC2COC(C(C2O)O)OC3COC(C(C3O)O)O)O)O)O,-1.8386319977650252,-0.7600256204605103,-0.5371181964874268,0.89391028881073
2021,Q92458_wild,C1C(C(C(C(O1)OC2COC(C(C2O)O)OC3COC(C(C3O)O)OC4COC(C(C4O)O)O)O)O)O,-1.7727562184969374,-0.940479040145874,-0.6716684699058533,0.9035572409629822
2022,Q92458_wild,C1C(C(C(C(O1)OC2COC(C(C2O)O)OC3COC(C(C3O)O)OC4COC(C(C4O)O)OC(CO)C(C(C=O)O)O)O)O)O,-1.5228787452803376,-0.7016515731811523,-0.523590087890625,0.9533489942550659
2023,Q92458_wild,C1C(C(C(C(O1)OC2COC(C(C2O)O)OC3COC(C(C3O)O)OC4COC(C(C4O)O)OC5COC(C(C5O)O)OC6COC(C(C6O)O)O)O)O)O,-1.6020599913279623,-1.0131044387817383,-0.7492746710777283,0.9557703733444214
2024,Q9UHD2_wild,CC1=C(C(=NC(=N1)N)N)OCCCOC2=CC(=C(C=C2Cl)Cl)Cl,1.6601728269181313,-0.5551958084106445,-2.0913264751434326,0.9483239650726318
2025,P25373_wild,OO,1.7285382349787275,1.4147236347198486,-0.679217517375946,2.2004055976867676
2026,P25373_wild,CC(C)(C)OO,0.8941962738319611,0.6652954816818237,-0.3787156045436859,0.9557201862335205
2027,P25373_wild,CC(C)(C1=CC=CC=C1)OO,1.4393326938302629,0.6201685070991516,-0.697700560092926,1.0254828929901123
2028,P17695_wild,OO,1.4224256763712047,1.429887294769287,-1.0918048620224,2.4412341117858887
2029,P17695_wild,CC(C)(C)OO,1.2158167848464434,1.1461215019226074,-0.4862806797027588,0.972227931022644
2030,P17695_wild,CC(C)(C1=CC=CC=C1)OO,1.6192280164649764,0.8572969436645508,-1.049189567565918,1.2885239124298096
2031,O08355_K295A,C(C(C(C(C(CO)O)O)O)O)O,0.2717406195619937,-0.7787129878997803,1.6141279935836792,-0.3870801031589508
2032,O95476_wild,C1=CC(=CC=C1[N+](=O)[O-])OP(=O)(O)O,-1.255272505103306,-0.4546763300895691,-0.06822523474693298,0.5465644001960754
2033,O33832_wild,C1(C(C(C(C(C1O)O)OP(=O)(O)O)O)O)O,3.2020269931500813,1.5538663864135742,-0.6749451160430908,1.7424707412719727
2034,Q8ZKF6_wild,CCC(=O)[O-],1.4429124486502536,2.1751091480255127,-0.2904283106327057,1.7992216348648071
2035,Q8ZKF6_R194A,C1=NC(=C2C(=N1)N(C=N2)C3C(C(C(O3)COP(=O)(O)OP(=O)(O)OP(=O)(O)O)O)O)N,3.143090998952756,1.9867851734161377,-1.0614768266677856,2.181730031967163
2036,Q8ZKF6_wild,C(C(=O)O)N,1.4385381632387984,1.658965826034546,0.12424248456954956,1.46678626537323
2037,Q8ZKF6_wild,C1=NC(=C2C(=N1)N(C=N2)C3C(C(C(O3)COP(=O)(O)OP(=O)(O)OP(=O)(O)O)O)O)N,3.115543602668952,1.9755682945251465,-1.079619288444519,2.1652445793151855
2038,Q8ZKF6_R194E,C1=NC(=C2C(=N1)N(C=N2)C3C(C(C(O3)COP(=O)(O)OP(=O)(O)OP(=O)(O)O)O)O)N,3.0484272231650698,1.9619505405426025,-1.05897057056427,2.170959234237671
2039,Q8ZKF6_R584A,C1=NC(=C2C(=N1)N(C=N2)C3C(C(C(O3)COP(=O)(O)OP(=O)(O)OP(=O)(O)O)O)O)N,3.088391904890493,1.976660966873169,-1.078950047492981,2.179816722869873
2040,Q8ZKF6_R584E,C1=NC(=C2C(=N1)N(C=N2)C3C(C(C(O3)COP(=O)(O)OP(=O)(O)OP(=O)(O)O)O)O)N,3.137855509712248,1.8800501823425293,-1.0711989402770996,2.121852397918701
2041,Q8ZKF6_R526A,C1=NC(=C2C(=N1)N(C=N2)C3C(C(C(O3)COP(=O)(O)OP(=O)(O)OP(=O)(O)O)O)O)N,3.2226235838663175,1.9027981758117676,-1.0292612314224243,2.1462645530700684
2042,Q8ZKF6_A357V,C1=NC(=C2C(=N1)N(C=N2)C3C(C(C(O3)COP(=O)(O)OP(=O)(O)OP(=O)(O)O)O)O)N,3.213372644269196,1.9380940198898315,-1.0701289176940918,2.139345645904541
2043,Q8ZKF6_G524S,C1=NC(=C2C(=N1)N(C=N2)C3C(C(C(O3)COP(=O)(O)OP(=O)(O)OP(=O)(O)O)O)O)N,2.8924086640385553,1.853126049041748,-1.046802282333374,2.0702834129333496
2044,Q8ZKF6_D517P,C1=NC(=C2C(=N1)N(C=N2)C3C(C(C(O3)COP(=O)(O)OP(=O)(O)OP(=O)(O)O)O)O)N,2.9682706315211544,1.7749905586242676,-1.052996039390564,2.0470383167266846
2045,Q8ZKF6_D517G,C1=NC(=C2C(=N1)N(C=N2)C3C(C(C(O3)COP(=O)(O)OP(=O)(O)OP(=O)(O)O)O)O)N,2.2458374954148597,1.7708117961883545,-1.0516316890716553,2.0447142124176025
2046,Q8ZKF6_wild,CC(C)(COP(=O)(O)OP(=O)(O)OCC1C(C(C(O1)N2C=NC3=C(N=CN=C32)N)O)OP(=O)(O)O)C(C(=O)NCCC(=O)NCCS)O,3.279210512601395,1.7483270168304443,-1.3148881196975708,2.4803948402404785
2047,Q8ZKF6_R194A,CC(C)(COP(=O)(O)OP(=O)(O)OCC1C(C(C(O1)N2C=NC3=C(N=CN=C32)N)O)OP(=O)(O)O)C(C(=O)NCCC(=O)NCCS)O,2.462471971628609,1.755584955215454,-1.296992540359497,2.4926140308380127
2048,Q8ZKF6_R194E,CC(C)(COP(=O)(O)OP(=O)(O)OCC1C(C(C(O1)N2C=NC3=C(N=CN=C32)N)O)OP(=O)(O)O)C(C(=O)NCCC(=O)NCCS)O,2.571865205971211,1.7459772825241089,-1.2843672037124634,2.48087215423584
2049,Q8ZKF6_R584E,CC(C)(COP(=O)(O)OP(=O)(O)OCC1C(C(C(O1)N2C=NC3=C(N=CN=C32)N)O)OP(=O)(O)O)C(C(=O)NCCC(=O)NCCS)O,1.981250563987161,1.6680271625518799,-1.2937551736831665,2.431506633758545
2050,Q8ZKF6_R584A,CC(C)(COP(=O)(O)OP(=O)(O)OCC1C(C(C(O1)N2C=NC3=C(N=CN=C32)N)O)OP(=O)(O)O)C(C(=O)NCCC(=O)NCCS)O,2.063801288545982,1.7502861022949219,-1.3095176219940186,2.4926369190216064
2051,Q8ZKF6_R526A,CC(C)(COP(=O)(O)OP(=O)(O)OCC1C(C(C(O1)N2C=NC3=C(N=CN=C32)N)O)OP(=O)(O)O)C(C(=O)NCCC(=O)NCCS)O,2.295701162158914,1.6606427431106567,-1.2834088802337646,2.4543874263763428
2052,Q8ZKF6_A357V,CC(C)(COP(=O)(O)OP(=O)(O)OCC1C(C(C(O1)N2C=NC3=C(N=CN=C32)N)O)OP(=O)(O)O)C(C(=O)NCCC(=O)NCCS)O,2.42021640338319,1.713114619255066,-1.3058828115463257,2.4550118446350098
2053,Q8ZKF6_G524S,CC(C)(COP(=O)(O)OP(=O)(O)OCC1C(C(C(O1)N2C=NC3=C(N=CN=C32)N)O)OP(=O)(O)O)C(C(=O)NCCC(=O)NCCS)O,1.9831992561625875,1.6272051334381104,-1.2789808511734009,2.383897304534912
2054,Q8ZKF6_D517P,CC(C)(COP(=O)(O)OP(=O)(O)OCC1C(C(C(O1)N2C=NC3=C(N=CN=C32)N)O)OP(=O)(O)O)C(C(=O)NCCC(=O)NCCS)O,1.9190047246200685,1.547964096069336,-1.2840458154678345,2.360053777694702
2055,Q8ZKF6_D517G,CC(C)(COP(=O)(O)OP(=O)(O)OCC1C(C(C(O1)N2C=NC3=C(N=CN=C32)N)O)OP(=O)(O)O)C(C(=O)NCCC(=O)NCCS)O,2.269431009592279,1.5400118827819824,-1.2831910848617554,2.359558582305908
2056,Q8ZKF6_V386A,CCC(=O)[O-],1.7831082563986147,2.114900827407837,-0.27644461393356323,1.7545888423919678
2057,Q8ZKF6_V310D,C(C(=O)O)N,1.2962282291260254,1.4675943851470947,0.19642341136932373,1.2983944416046143
2058,Q8ZKF6_wild,CC(=O)[O-],1.6606261171787784,2.2211973667144775,-0.27354076504707336,1.8111757040023804
2059,Q8ZKF6_V386A,CC(=O)[O-],1.4572525667639407,2.161078453063965,-0.2581554651260376,1.764504075050354
2060,Q8ZKF6_V310D,CC(=O)[O-],1.9738472813985117,2.0390446186065674,-0.18123386800289154,1.6248952150344849
2061,Q8GB87_wild,C1=CC=C(C(=C1)O)O,2.403958042361037,0.8656599521636963,-0.9686679244041443,1.688049077987671
2062,Q8GB87_wild,C1=CC(=CC=C1O)O,2.1332112625742896,0.29845499992370605,-1.0868724584579468,1.5210107564926147
2063,Q8GB87_wild,COC1=CC=CC=C1O,1.4406919890929875,0.14748217165470123,-1.0813392400741577,1.3380513191223145
2064,Q9BYF1_wild,CC(C)CC(C(=O)NC(CO)C(=O)NC(CC1=CN=CN1)C(=O)NC(CCCCN)C(=O)NCC(=O)N2CCCC2C(=O)NC(CCSC)C(=O)N3CCCC3C(=O)NC(CC4=CC=CC=C4)C(=O)O)NC(=O)C(CCCN=C(N)N)NC(=O)C5CCCN5C(=O)C(CCCN=C(N)N)NC(=O)C(CCC(=O)N)N,3.2814344396006003,1.0277327299118042,-1.857711672782898,1.7615180015563965
2065,Q9BYF1_wild,C1CC(N(C1)C(=O)C(CC2=CC=C(C=C2)O)N)C(=O)NC(CC3=CC=CC=C3)C(=O)N4CCCC4C(=O)N,2.3411472188719635,1.2100064754486084,-0.998106837272644,1.5838234424591064
2066,Q9BYF1_wild,CCC(C)C(C(=O)NC(CCCN=C(N)N)C(=O)N1CCCC1C(=O)NC(CCCCN)C(=O)NC(CC(C)C)C(=O)NC(CCCCN)C(=O)O)NC(=O)C(CCCN=C(N)N)NC(=O)C(CCCN=C(N)N)NC(=O)C(CC(C)C)NC(=O)C(CC2=CC=CC=C2)NC(=O)CNC(=O)CNC(=O)C(CC3=CC=C(C=C3)O)N,3.463757293161681,1.396164894104004,-1.7371673583984375,1.9152469635009766
2067,Q9BYF1_wild,CC(C)CC(C(=O)NC(CC1=CC=C(C=C1)O)C(=O)NC(CCC(=O)O)C(=O)NC(CC(=O)N)C(=O)NC(CCCCN)C(=O)N2CCCC2C(=O)NC(CCCN=C(N)N)C(=O)O)NC(=O)C3CCC(=O)N3,2.278753600952829,1.0517820119857788,-1.559006929397583,1.7088662385940552
2068,Q48230_wild,C(C(C(C=O)O)O)OP(=O)(O)O,1.1191864077192086,0.5463942885398865,-0.6088084578514099,1.3185772895812988
2069,P25373_wild,C1=CC(=C(C=C1[N+](=O)[O-])[N+](=O)[O-])Cl,0.49402200525786377,0.5383724570274353,-0.12983191013336182,1.1142300367355347
2070,P25373_wild,C1=CC(=C(C=C1[N+](=O)[O-])Cl)Cl,-0.7715206714846305,0.12083975970745087,-0.28747156262397766,0.9176175594329834
2071,P17695_wild,C1=CC(=C(C=C1[N+](=O)[O-])[N+](=O)[O-])Cl,0.765186273219276,0.5030463933944702,-0.5145599842071533,1.1187946796417236
2072,P17695_wild,C1=CC(=C(C=C1[N+](=O)[O-])Cl)Cl,0.6100289209992378,0.2135828584432602,-0.6782177090644836,1.0191352367401123
2073,O35543_K112E,C1=CC(=C(C=C1[N+](=O)[O-])[N+](=O)[O-])Cl,-0.7853298350107671,0.17594605684280396,0.0922391414642334,0.5343307852745056
2074,O80852_wild,C(CC(=O)NC(CS)C(=O)NCC(=O)O)C(C(=O)O)N,1.0781605769952174,0.2496708184480667,-0.23690959811210632,1.1353962421417236
2075,O80852_wild,C1=CC(=C(C=C1[N+](=O)[O-])[N+](=O)[O-])Cl,-0.12271727661434191,0.197884663939476,-0.10270287096500397,0.7754474878311157
2076,P07813_wild,C1=NC(=C2C(=N1)N(C=N2)C3C(C(C(O3)COP(=O)(O)OP(=O)(O)OP(=O)(O)O)O)O)N,1.3187587626244128,0.8077198266983032,-1.2092114686965942,1.6430234909057617
2077,P07813_T252E,C1=NC(=C2C(=N1)N(C=N2)C3C(C(C(O3)COP(=O)(O)OP(=O)(O)OP(=O)(O)O)O)O)N,1.3477733992063075,0.516393780708313,-1.1469744443893433,1.4555078744888306
2078,P07813_T252D,C1=NC(=C2C(=N1)N(C=N2)C3C(C(C(O3)COP(=O)(O)OP(=O)(O)OP(=O)(O)O)O)O)N,1.3195134013579943,0.5375017523765564,-1.143857717514038,1.440474271774292
2079,P07813_T252E,CC(C)CC(C(=O)O)N,2.4114424790756845,0.912561297416687,-1.5506950616836548,1.4777836799621582
2080,P07813_T252D,CC(C)CC(C(=O)O)N,2.384004230728745,0.9284645318984985,-1.5497307777404785,1.4765520095825195
2081,P0AC53_wild,C1=CC(=C[N+](=C1)C2C(C(C(O2)COP(=O)(O)OP(=O)(O)OCC3C(C(C(O3)N4C=NC5=C(N=CN=C54)N)OP(=O)(O)O)O)O)O)C(=O)N,4.5972074885335505,2.768859624862671,-1.247001051902771,2.3496205806732178
2082,P0AC53_wild,C(C(C(C(C(C=O)O)O)O)O)OP(=O)(O)O,3.247204883355273,2.5018868446350098,-0.3275470435619354,1.8905978202819824
2083,P0AC53_wild,C1=CC(=C[N+](=C1)C2C(C(C(O2)COP(=O)([O-])OP(=O)(O)OCC3C(C(C(O3)N4C=NC5=C(N=CN=C54)N)O)O)O)O)C(=O)N,1.9293209189218525,2.8051578998565674,-0.7461742162704468,2.213299036026001
2084,P06617_wild,C1=CC=C2C(=C1)C(=CN2)CC(C(=O)O)N,2.5185139398778875,-0.14918984472751617,-0.545694887638092,1.2822777032852173
2085,P06617_R98K,O=O,0.8750612633917001,0.4209740161895752,-0.5114346742630005,1.7549703121185303
2086,P06617_R98K,C1=CC=C2C(=C1)C(=CN2)CC(C(=O)O)N,0.5440680443502757,-0.28136226534843445,-0.5134151577949524,1.1963114738464355
2087,P06617_R98A,O=O,0.4961444920330928,0.29839810729026794,-0.44595322012901306,1.6686322689056396
2088,P06617_R98A,C1=CC=C2C(=C1)C(=CN2)CC(C(=O)O)N,-1.1962946451439682,-0.44833067059516907,-0.4210822284221649,1.0855919122695923
2089,P06617_wild,C1=CC=C(C=C1)CC(C(=O)O)N,0.6611814434466191,0.5157216787338257,-0.3142664432525635,1.5463533401489258
2090,P06617_wild,CSCCC(C(=O)O)N,-0.5942346538160058,0.37841472029685974,0.2270209789276123,1.3200972080230713
2091,Q9NV35_wild,C1C(C(OC1N2C=NC3=C2N=C(NC3=O)N)COP(=O)(O)OP(=O)(O)OP(=O)(O)O)O,1.5228787452803376,-0.1428833156824112,-0.9626099467277527,1.2116310596466064
2092,Q9NV35_wild,C1C(C(OC1N2C3=C(C(=O)NC(=N3)N)NC2=O)COP(=O)(O)OP(=O)(O)OP(=O)(O)O)O,0.5509074688805812,-0.03226024657487869,-1.5991262197494507,1.4522069692611694
2093,Q9BSD7_wild,C1=NC(=C2C(=N1)N(C=N2)C3C(C(C(O3)COP(=O)(O)OP(=O)(O)OP(=O)(O)O)O)O)N,0.23552844690754893,-1.2357194423675537,-1.8742786645889282,1.9177483320236206
2094,Q9BSD7_wild,C1=NC(=C2C(=N1)N(C=N2)C3C(C(C(O3)COP(=O)(O)OP(=O)(O)O)O)O)N,-0.9551876555836377,-1.0827456712722778,-2.0074431896209717,2.342081069946289
2095,Q9BSD7_wild,C1=NC2=C(N1C3C(C(C(O3)COP(=O)(O)OP(=O)(O)OP(=O)(O)O)O)O)N=C(NC2=O)N,0.2787536009528289,-1.4298624992370605,-1.8282251358032227,1.7106037139892578
2096,Q9BSD7_wild,C1=CN(C(=O)N=C1N)C2C(C(C(O2)COP(=O)(O)OP(=O)(O)OP(=O)(O)O)O)O,0.08517160973681223,-1.7601350545883179,-1.8388017416000366,1.5858535766601562
2097,Q9BSD7_wild,CC1=CN(C(=O)NC1=O)C2CC(C(O2)COP(=O)(O)OP(=O)(O)OP(=O)(O)O)O,0.02413367971671937,-1.963209629058838,-1.9803340435028076,1.5915831327438354
2098,Q9BSD7_wild,C1=CN(C(=O)NC1=O)C2C(C(C(O2)COP(=O)(O)OP(=O)(O)OP(=O)(O)O)O)O,0.14612803567823798,-1.8901288509368896,-1.785992980003357,1.5477179288864136
2099,P14791_wild,CC1=C(C2=CC3=C(C(=C([N-]3)C=C4C(=C(C(=N4)C=C5C(=C(C(=N5)C=C1[N-]2)C)C=C)C)C=C)C)CCC(=O)O)CCC(=O)O.[Fe+2],1.925366381703096,-0.7814450263977051,-2.952779769897461,0.6405447721481323
2100,Q5E9F2_wild,CC1=C(C2=CC3=C(C(=C([N-]3)C=C4C(=C(C(=N4)C=C5C(=C(C(=N5)C=C1[N-]2)C)C=C)C)C=C)C)CCC(=O)O)CCC(=O)O.[Fe+2],1.811674259710479,-0.8175519108772278,-2.9215104579925537,0.5661909580230713
2101,Q5E9F2_wild,C1C=CN(C=C1C(=O)N)C2C(C(C(O2)COP(=O)(O)OP(=O)(O)OCC3C(C(C(O3)N4C=NC5=C(N=CN=C54)N)OP(=O)(O)O)O)O)O,0.40418893313221094,-0.5258625745773315,-1.5018855333328247,1.1637835502624512
2102,Q944B6_wild,C1=CC(=C[N+](=C1)C2C(C(C(O2)COP(=O)(O)OP(=O)(O)OCC3C(C(C(O3)N4C=NC5=C(N=CN=C54)N)OP(=O)(O)O)O)O)O)C(=O)N,3.323252100171687,0.9132465124130249,-1.2942756414413452,1.1434786319732666
2103,Q944B6_wild,C1=CC(C=CC1O)(CC(C(=O)[O-])[NH3+])C(=O)[O-],3.2720995777243056,1.1342182159423828,-0.8879398107528687,0.6443065404891968
2104,O43001_wild,C1(C(C(C(C(C1OP(=O)(O)O)O)OP(=O)(O)O)OP(=O)(O)O)O)O,3.577470718092511,0.6662442684173584,-1.6350103616714478,1.8858156204223633
2105,O43001_wild,[Mg+2],1.2598011643020417,0.5931552648544312,-1.0204211473464966,1.2255409955978394
2106,O43001_wild,[Mn+2],2.7947203518168364,0.640576183795929,-1.9537575244903564,1.5950500965118408
2107,O43001_wild,[Ni+2],2.933279700325969,0.4812561571598053,-2.265618324279785,1.3716115951538086
2108,O43001_wild,[Co+2],2.7007633770780624,0.3112877309322357,-2.057964324951172,1.7259042263031006
2109,O43001_E597Q,[Mg+2],1.7781512503836436,0.4071906507015228,-0.9634316563606262,1.095227837562561
2110,O43001_wild,C1=CC(=CC=C1[N+](=O)[O-])OP(=O)(O)O,-3.1615162509074857,-0.2673455774784088,-0.28309378027915955,1.1369115114212036
2111,O43001_wild,COC1=CC2=C(C=C1)C3(C4=C(O2)C=C(C=C4)OP(=O)(O)O)C5=CC=CC=C5C(=O)O3,-2.527677628162106,-0.6428090333938599,-1.4316766262054443,1.7875328063964844
2112,O43001_wild,C1(C(C(C(C(C1O)OP(=O)(O)O)OP(=O)(O)O)O)O)O,2.1409475231744577,0.8896700143814087,-1.4258726835250854,1.828216314315796
2113,P44801_wild,C(C=O)C(C(=O)[O-])[NH3+],3.1383026981662816,1.944696068763733,-0.44494321942329407,1.5609756708145142
2114,Q51344_wild,[O-]P(=O)([O-])[O-],2.0280287236002437,1.853216290473938,0.5980883240699768,1.1124660968780518
2115,Q9KQG2_wild,C(C=O)C(C(=O)[O-])[NH3+],2.800427645094796,1.8444783687591553,-0.3852081894874573,1.3198431730270386
2116,Q9KQG2_wild,C1=CC(=C[N+](=C1)C2C(C(C(O2)COP(=O)(O)OP(=O)(O)OCC3C(C(C(O3)N4C=NC5=C(N=CN=C54)N)OP(=O)(O)O)O)O)O)C(=O)N,2.574031267727719,1.3671454191207886,-0.3925718665122986,1.6890733242034912
2117,Q9KQG2_wild,[O-]P(=O)([O-])[O-],2.0377885608893997,1.9243879318237305,0.6096012592315674,1.1381397247314453
2118,P0A9Q9_wild,[O-]P(=O)([O-])[O-],2.10408859763518,2.095738172531128,0.5882106423377991,1.2052001953125
2119,P0A9Q9_wild,C(C=O)C(C(=O)[O-])[NH3+],3.554880913632493,2.0629379749298096,-0.4096590578556061,1.4141204357147217
2120,P0A9Q9_Q162N,[O-]P(=O)([O-])[O-],1.0093400262541434,2.036885976791382,0.5964750051498413,1.1672821044921875
2121,P0A9Q9_Q162N,C(C=O)C(C(=O)[O-])[NH3+],2.496006598880036,1.9969146251678467,-0.4050247371196747,1.3769001960754395
2122,P0A9Q9_Q162H,C(C=O)C(C(=O)[O-])[NH3+],2.850033257689769,1.9808073043823242,-0.4021776020526886,1.3749229907989502
2123,P0A9Q9_Q162H,[O-]P(=O)([O-])[O-],1.575875408426089,2.021071434020996,0.5922349095344543,1.160073161125183
2124,P0A9Q9_Q39D,C(C=O)C(C(=O)[O-])[NH3+],3.3484546455921196,2.03865122795105,-0.3781898319721222,1.386552333831787
2125,P0A9Q9_Q39D,[O-]P(=O)([O-])[O-],1.7903001399632386,2.0928878784179688,0.5970668792724609,1.1961846351623535
2126,P0A9Q9_R267L,[O-]P(=O)([O-])[O-],0.48467439261010836,1.7356195449829102,0.6774713397026062,0.9712609648704529
2127,P0A9Q9_R267L,C(C=O)C(C(=O)[O-])[NH3+],1.0391521239621482,1.7032490968704224,-0.31954121589660645,1.1959292888641357
2128,P0A9Q9_Q162N,C1=CC(=C[N+](=C1)C2C(C(C(O2)COP(=O)(O)OP(=O)(O)OCC3C(C(C(O3)N4C=NC5=C(N=CN=C54)N)OP(=O)(O)O)O)O)O)C(=O)N,2.4181433947603246,1.4031670093536377,-0.461419016122818,1.765034794807434
2129,P0A9Q9_R31L,C1=CC(=C[N+](=C1)C2C(C(C(O2)COP(=O)(O)OP(=O)(O)OCC3C(C(C(O3)N4C=NC5=C(N=CN=C54)N)OP(=O)(O)O)O)O)O)C(=O)N,3.5876621706273197,1.4552226066589355,-0.4565105438232422,1.790940761566162
2130,P0A9Q9_Q39D,C1=CC(=C[N+](=C1)C2C(C(C(O2)COP(=O)(O)OP(=O)(O)OCC3C(C(C(O3)N4C=NC5=C(N=CN=C54)N)OP(=O)(O)O)O)O)O)C(=O)N,2.2009148427807133,1.459299087524414,-0.4410878121852875,1.7834203243255615
2131,P0A9Q9_R31D/Q39D,C1=CC(=C[N+](=C1)C2C(C(C(O2)COP(=O)(O)OP(=O)(O)OCC3C(C(C(O3)N4C=NC5=C(N=CN=C54)N)OP(=O)(O)O)O)O)O)C(=O)N,2.285235728480749,1.4631383419036865,-0.3979841470718384,1.768968105316162
2132,P0A9Q9_Q162N,C1=CC(=C[N+](=C1)C2C(C(C(O2)COP(=O)([O-])OP(=O)(O)OCC3C(C(C(O3)N4C=NC5=C(N=CN=C54)N)O)O)O)O)C(=O)N,-1.421852166077449,1.5069074630737305,0.04464203119277954,1.584822416305542
2133,P0A9Q9_R31L,C1=CC(=C[N+](=C1)C2C(C(C(O2)COP(=O)([O-])OP(=O)(O)OCC3C(C(C(O3)N4C=NC5=C(N=CN=C54)N)O)O)O)O)C(=O)N,0.16840443038939024,1.5402389764785767,0.0576113760471344,1.6208446025848389
2134,P0A9Q9_Q39D,C1=CC(=C[N+](=C1)C2C(C(C(O2)COP(=O)([O-])OP(=O)(O)OCC3C(C(C(O3)N4C=NC5=C(N=CN=C54)N)O)O)O)O)C(=O)N,-0.11918640771920865,1.5415592193603516,0.055822551250457764,1.614580512046814
2135,P0A9Q9_R31D/Q39D,C1=CC(=C[N+](=C1)C2C(C(C(O2)COP(=O)([O-])OP(=O)(O)OCC3C(C(C(O3)N4C=NC5=C(N=CN=C54)N)O)O)O)O)C(=O)N,0.10914446942506809,1.5229761600494385,0.09309671819210052,1.6090459823608398
2136,P18539_wild,C1C(=C(N2C(S1)C(C2=O)NC(=O)CC3=CC=CS3)C(=O)[O-])C[N+]4=CC=CC=C4,3.7596678446896306,1.742674708366394,-1.2134525775909424,2.745203733444214
2137,P18539_wild,CC1=NN=C(S1)SCC2=C(N3C(C(C3=O)NC(=O)CN4C=NN=N4)SC2)C(=O)O,3.3815495924838683,1.1029657125473022,-1.1566442251205444,2.6147890090942383
2138,P18539_wild,C1C(=C(N2C(S1)C(C2=O)NC(=O)CC3=CC=CS3)C(=O)O)C=CC4=C(C=C(C=C4)[N+](=O)[O-])[N+](=O)[O-],4.491361693834273,1.970668911933899,-1.9023008346557617,2.824571132659912
2139,P18539_wild,CC(=O)OCC1=C(N2C(C(C2=O)NC(=O)C(=NOC)C3=CSC(=N3)N)SC1)C(=O)O,2.151267675330649,-0.18484346568584442,-2.23161244392395,2.6002449989318848
2140,P18539_wild,CON=C(C1=CC=CO1)C(=O)NC2C3N(C2=O)C(=C(CS3)COC(=O)N)C(=O)O,3.1249387366083,-0.44100120663642883,-2.790640354156494,2.461524724960327
2141,P18539_wild,COC1(C2N(C1=O)C(=C(CS2)COC(=O)N)C(=O)O)NC(=O)CC3=CC=CS3,1.6690067809585756,-0.5072795152664185,-2.8242149353027344,2.5274386405944824
2142,P18539_wild,CC1(C(N2C(S1)C(C2=O)NC(=O)CC3=CC=CC=C3)C(=O)O)C,4.644612342013426,0.7408759593963623,-2.4284474849700928,3.037935256958008
2143,P18539_wild,CC(=O)OCC1=C(N2C(C(C2=O)NC(=O)CC3=CC=CS3)SC1)C(=O)O,4.2153178824573985,1.4412882328033447,-1.62820565700531,2.905158042907715
2144,P18539_wild,CN1C(=NN=N1)SCC2=C(N3C(C(C3=O)(NC(=O)C(C4=CC=C(C=C4)O)C(=O)O)OC)OC2)C(=O)O,0.30102999566398114,-0.32770130038261414,-1.9537276029586792,2.2828221321105957
2145,P24735_wild,C1C(=C(N2C(S1)C(C2=O)NC(=O)CC3=CC=CS3)C(=O)O)C=CC4=C(C=C(C=C4)[N+](=O)[O-])[N+](=O)[O-],4.4390401411200395,1.720245361328125,-2.152493715286255,2.595506191253662
2146,P24735_wild,C1C(=C(N2C(S1)C(C2=O)NC(=O)CC3=CC=CS3)C(=O)[O-])C[N+]4=CC=CC=C4,3.740362689494244,1.450418472290039,-1.430129051208496,2.4634203910827637
2147,P00811_wild,CC1=NN=C(S1)SCC2=C(N3C(C(C3=O)NC(=O)CN4C=NN=N4)SC2)C(=O)O,3.0764583877121514,1.4189560413360596,-1.1041088104248047,2.994328260421753
2148,P24735_wild,CC(=O)OCC1=C(N2C(C(C2=O)NC(=O)CC3=CC=CS3)SC1)C(=O)O,4.403019534201313,1.2273350954055786,-1.998453140258789,2.5875697135925293
2149,P00811_wild,CC1=C(N2C(C(C2=O)NC(=O)C(C3=CC=CC=C3)N)SC1)C(=O)O,3.9777236052888476,1.3796712160110474,-1.840460181236267,3.0059118270874023
2150,P18539_wild,CC1=C(N2C(C(C2=O)NC(=O)C(C3=CC=CC=C3)N)SC1)C(=O)O,3.425968732272281,1.3090136051177979,-1.9673100709915161,2.5997543334960938
2151,P24735_wild,CC1=C(N2C(C(C2=O)NC(=O)C(C3=CC=CC=C3)N)SC1)C(=O)O,3.9542425094393248,1.0494015216827393,-2.2272181510925293,2.28713059425354
2152,P00811_wild,CON=C(C1=CC=CO1)C(=O)NC2C3N(C2=O)C(=C(CS3)COC(=O)N)C(=O)O,3.2365720064370627,-0.14648868143558502,-2.6069135665893555,2.878943920135498
2153,P24735_wild,CON=C(C1=CC=CO1)C(=O)NC2C3N(C2=O)C(=C(CS3)COC(=O)N)C(=O)O,3.3979400086720375,-0.5852208137512207,-3.0497074127197266,2.1428732872009277
2154,P24735_wild,CC(=O)OCC1=C(N2C(C(C2=O)NC(=O)C(=NOC)C3=CSC(=N3)N)SC1)C(=O)O,2.8750612633917,-0.3500550091266632,-2.3583858013153076,2.145750045776367
2155,P24735_wild,COC1(C2N(C1=O)C(=C(CS2)COC(=O)N)C(=O)O)NC(=O)CC3=CC=CS3,3.380211241711606,-0.771030604839325,-3.074855089187622,2.1292481422424316
2156,P00811_wild,C1C(=C(N2C(S1)C(C2=O)NC(=O)CCCC(C(=O)O)N)C(=O)O)CO,3.862131379313037,1.219980001449585,-1.5085943937301636,3.067643642425537
2157,P00811_wild,CC(=O)OCC1=C(N2C(C(C2=O)NC(=O)CCCC(C(=O)O)N)SC1)C(=O)O,3.8631620400919924,1.1947323083877563,-1.3874856233596802,3.086298942565918
2158,P00811_wild,C1C(=C(N2C(S1)C(C2=O)NC(=O)CC3=CC=CS3)C(=O)O)C=CC4=C(C=C(C=C4)[N+](=O)[O-])[N+](=O)[O-],3.1100714590660274,1.9295742511749268,-1.8001481294631958,3.1698951721191406
2159,P00811_wild,CC1(C(N2C(S1)C(C2=O)NC(=O)C(C3=CC=CC=C3)C(=O)O)C(=O)O)C,2.1663314217665253,0.0339239239692688,-2.6884706020355225,3.212249279022217
2160,P00811_wild,CC1(C(N2C(S1)C(C2=O)NC(=O)C(C3=CC=CC=C3)N)C(=O)O)C,2.989982879242476,0.34485310316085815,-2.371699333190918,3.136599540710449
2161,P00811_wild,CC1(C(N2C(S1)C(C2=O)NC(=O)COC3=CC=CC=C3)C(=O)O)C,3.7946193648423314,0.44773855805397034,-2.265289306640625,2.9882311820983887
2162,P00811_wild,CC1(C(N2C(S1)C(C2=O)NC(=O)CC3=CC=CC=C3)C(=O)O)C,4.281285937468224,0.7567347884178162,-2.3607356548309326,3.3761954307556152
2163,P80702_Y155F,CC12CCC(CC1CCC3C2CCC4(C3CCC4=O)C)O,3.532638582569494,0.709374725818634,-1.0899237394332886,1.0664067268371582
2164,P80702_Y155F/K159A,CC12CCC(CC1CCC3C2CCC4(C3CCC4=O)C)O,-1.5228787452803376,0.030896320939064026,-0.8526797890663147,0.6162825226783752
2165,P9WNH5_wild,CC(=CC=C(C(=O)O)O)C(=O)CCC1C2CCC(=O)C2(CCC1=O)C,2.1383026981662816,0.8679957985877991,-2.112760543823242,1.7851250171661377
2166,P22823_wild,C1=CC=C(C=C1)CC(C(=O)O)N,2.6118198286171186,0.38492920994758606,-0.2040993571281433,1.074852705001831
2167,P22823_wild,C1=CC(=C[N+](=C1)C2C(C(C(O2)COP(=O)([O-])OP(=O)(O)OCC3C(C(C(O3)N4C=NC5=C(N=CN=C54)N)O)O)O)O)C(=O)N,2.42276359239707,0.5641525983810425,-0.35447943210601807,0.8342830538749695
2168,P22823_F124M/V125D/H126I/A127I/A128Y/R129Q,C1=CC(=C[N+](=C1)C2C(C(C(O2)COP(=O)([O-])OP(=O)(O)OCC3C(C(C(O3)N4C=NC5=C(N=CN=C54)N)O)O)O)O)C(=O)N,0.728933227713462,0.5680726766586304,-0.3435995876789093,0.8558145761489868
2169,P22823_F124M/V125D/H126I/A127I/A128Y/R129Q,C1=CC=C(C=C1)CC(C(=O)O)N,-1.486666572625893,0.41370826959609985,-0.1465284675359726,1.0886774063110352
2170,P22823_wild,CC(C)CC(C(=O)O)N,1.6020599913279623,-0.24029149115085602,-0.22466248273849487,0.8241819739341736
2171,P22823_F124M/V125D/H126I/A127I/A128Y/R129Q,CC(C)CC(C(=O)O)N,-1.3498785632017982,-0.1926579624414444,-0.16625668108463287,0.7868861556053162
2172,P22823_wild,CCC(C)C(C(=O)O)N,0.42596873227228105,-0.6544561386108398,-0.1851440966129303,0.6225734949111938
2173,P22823_F124M/V125D/H126I/A127I/A128Y/R129Q,CCC(C)C(C(=O)O)N,-1.5528419686577808,-0.6250076293945312,-0.11195659637451172,0.6004068851470947
2174,P22823_wild,CCCC(C(=O)O)N,0.046576142041355136,-0.4755243957042694,0.24283334612846375,0.7357049584388733
2175,P22823_F124M/V125D/H126I/A127I/A128Y/R129Q,CCCC(C(=O)O)N,-1.8239087409443189,-0.4600302278995514,0.27240023016929626,0.7042077779769897
2176,P22823_wild,CCCCC(C(=O)O)N,0.9363309201306227,-0.2146698534488678,-0.046745359897613525,0.9917336702346802
2177,P22823_F124M/V125D/H126I/A127I/A128Y/R129Q,CCCCC(C(=O)O)N,-1.0917703733556454,-0.22255553305149078,0.025696605443954468,0.9662763476371765
2178,P22823_wild,CSCCC(C(=O)O)N,0.39280036901962645,-0.09176735579967499,0.113827645778656,0.722518265247345
2179,P22823_F124M/V125D/H126I/A127I/A128Y/R129Q,CSCCC(C(=O)O)N,-1.6709412807357753,-0.11052517592906952,0.19131776690483093,0.7095978260040283
2180,P22823_wild,CCSCCC(C(=O)O)N,0.6100289209992378,-0.4062976837158203,-0.02249641716480255,0.7812854051589966
2181,P22823_F124M/V125D/H126I/A127I/A128Y/R129Q,CCSCCC(C(=O)O)N,-1.6020599913279623,-0.4247763752937317,0.02228066325187683,0.7657161951065063
2182,P22823_wild,C1=CC=C(C=C1)CC(=O)C(=O)O,3.18089014193745,0.7785783410072327,0.05381077527999878,1.163673996925354
2183,P22823_wild,C1C=CN(C=C1C(=O)N)C2C(C(C(O2)COP(=O)(O)OP(=O)(O)OCC3C(C(C(O3)N4C=NC5=C(N=CN=C54)N)O)O)O)O,3.0399632999450197,0.8420975208282471,-0.7959163784980774,1.4684717655181885
2184,P22823_F124M/V125D/H126I/A127I/A128Y/R129Q,C1=CC=C(C=C1)CC(=O)C(=O)O,-0.28254658996996806,0.8053711652755737,0.110002800822258,1.1657739877700806
2185,P22823_F124M/V125D/H126I/A127I/A128Y/R129Q,C1C=CN(C=C1C(=O)N)C2C(C(C(O2)COP(=O)(O)OP(=O)(O)OCC3C(C(C(O3)N4C=NC5=C(N=CN=C54)N)O)O)O)O,2.681241237375587,0.8581265211105347,-0.7886056900024414,1.4983985424041748
2186,P22823_wild,CC(C)CC(=O)C(=O)O,0.7968334633513978,0.6890197992324829,0.3650342524051666,0.8490397930145264
2187,P22823_F124M/V125D/H126I/A127I/A128Y/R129Q,CC(C)CC(=O)C(=O)O,-0.8789563072752242,0.7039377689361572,0.4033447206020355,0.8618685007095337
2188,P22823_wild,CCC(C)C(=O)C(=O)[O-],0.3010299956639812,0.2066268026828766,0.776077926158905,0.39939194917678833
2189,P22823_F124M/V125D/H126I/A127I/A128Y/R129Q,CCC(C)C(=O)C(=O)[O-],-1.3010299956639813,0.2291121929883957,0.8209894895553589,0.3984205424785614
2190,P22823_wild,CCCC(=O)C(=O)[O-],0.3697458080334411,0.6984918117523193,0.8918132781982422,0.4948180913925171
2191,P22823_F124M/V125D/H126I/A127I/A128Y/R129Q,CCCC(=O)C(=O)[O-],-1.3481425403096226,0.7250731587409973,0.8980315327644348,0.49802911281585693
2192,P22823_wild,CCCCC(=O)C(=O)O,1.4996870826184039,0.962100088596344,0.642815887928009,1.029773473739624
2193,P22823_F124M/V125D/H126I/A127I/A128Y/R129Q,CCCCC(=O)C(=O)O,-0.32967517711351124,0.9766349792480469,0.6846533417701721,1.040366768836975
2194,P22823_wild,CSCCC(=O)C(=O)O,1.1210436927247758,0.9228183031082153,0.6972317099571228,1.0009593963623047
2195,P22823_F124M/V125D/H126I/A127I/A128Y/R129Q,CSCCC(=O)C(=O)O,-0.6842467475153124,0.9591973423957825,0.758504331111908,1.0155819654464722
2196,P42390_wild,C1=CC=C2C(=C1)C(=CN2)C(C(COP(=O)(O)O)O)O,2.3332146790353825,-1.0199339389801025,-1.0015136003494263,0.007088690996170044
2197,Q6FEQ3_R323L,CC(=O)SCCNC(=O)CCNC(=O)C(C(C)(C)COP(=O)(O)OP(=O)(O)OCC1C(C(C(O1)N2C=NC3=C(N=CN=C32)N)O)OP(=O)(O)O)O,0.23537124174076446,0.45247238874435425,-0.4901351034641266,1.0706968307495117
2198,Q6FEQ3_R323L,C(CO)C(C(=O)O)N,0.7958800173440753,0.3908669650554657,0.4729290306568146,0.33168986439704895
2199,P45131_wild,C(CO)C(C(=O)O)N,0.9430951486635274,0.6073587536811829,0.564725399017334,0.12464752793312073
2200,P45131_wild,CC(=O)SCCNC(=O)CCNC(=O)C(C(C)(C)COP(=O)(O)OP(=O)(O)OCC1C(C(C(O1)N2C=NC3=C(N=CN=C32)N)O)OP(=O)(O)O)O,0.931072388317928,0.5291497707366943,-0.607536256313324,1.0164508819580078
2201,P00934_wild,C(COP(=O)(O)O)C(C(=O)O)N,1.1663314020258662,0.4651314914226532,-0.37704378366470337,1.0100703239440918
2202,P00934_wild,C(C(C(=O)O)N)O,-3.282144669984224,0.030020147562026978,0.9699707627296448,0.24591301381587982
2203,P28839_wild,CC(C)CC(C(=O)NCC(=O)O)N,1.4074852888135287,2.151526927947998,0.21422933042049408,1.6846799850463867
2204,P70994_wild,C(=CC(=O)O)C=C(C(=O)[O-])[O-],2.534159755690027,1.3513740301132202,-0.9273857474327087,1.842317819595337
2205,P70994_wild,C1=CC(=CC=C1C=C(C(=O)O)O)O,1.4086638740638107,0.7883284091949463,-0.9388014674186707,1.712841272354126
2206,P70994_wild,C=CC=C(C(=O)O)[O-],2.6636117490718694,0.7976366877555847,-0.8591680526733398,1.5813939571380615
2207,P70994_wild,C1=CC=C(C=C1)C=C(C(=O)O)O,2.619788758288394,0.9867318272590637,-0.5834150314331055,1.3803939819335938
2208,P70994_wild,C(C=CC=C(C(=O)O)O)C(=O)O,0.9520764476828172,1.059524655342102,-0.633794903755188,1.7674387693405151
2209,Q988B8_wild,CC1=NC=C(C(=C1O)C=O)CO,2.8419318450775912,0.27650246024131775,-0.7645553946495056,1.0109671354293823
2210,Q988B8_wild,CCC(=O)C(=O)O,0.5289528929925307,0.34715351462364197,0.9201226234436035,0.5047311186790466
2211,Q988B8_wild,CC(C(=O)O)N,0.5713911715615104,0.5131269693374634,1.3710500001907349,0.5533124208450317
2212,Q988B8_wild,CCC(C(=O)O)N,-0.3467874862246563,0.24457691609859467,1.1179184913635254,0.6221232414245605
2213,P35557_wild,C(C1C(C(C(C(O1)O)N)O)O)O,-0.4842998393467859,0.6224488019943237,0.8664696216583252,1.2629183530807495
2214,P35557_V62A,C1=NC(=C2C(=N1)N(C=N2)C3C(C(C(O3)COP(=O)(O)OP(=O)(O)OP(=O)(O)O)O)O)N,2.387389826338729,1.1833258867263794,-0.19154036045074463,1.0682764053344727
2215,P35557_V62E,C1=NC(=C2C(=N1)N(C=N2)C3C(C(C(O3)COP(=O)(O)OP(=O)(O)OP(=O)(O)O)O)O)N,2.0187004986662433,1.0713648796081543,-0.1499842405319214,0.9664291143417358
2216,P35557_V62F,C1=NC(=C2C(=N1)N(C=N2)C3C(C(C(O3)COP(=O)(O)OP(=O)(O)OP(=O)(O)O)O)O)N,1.7503981818113172,1.217376470565796,-0.1996215134859085,1.083817720413208
2217,P35557_V62K,C1=NC(=C2C(=N1)N(C=N2)C3C(C(C(O3)COP(=O)(O)OP(=O)(O)OP(=O)(O)O)O)O)N,1.7254448998676408,1.1645524501800537,-0.1883118450641632,1.0402061939239502
2218,P35557_V62L,C1=NC(=C2C(=N1)N(C=N2)C3C(C(C(O3)COP(=O)(O)OP(=O)(O)OP(=O)(O)O)O)O)N,2.0440611696329296,1.2152864933013916,-0.19512487947940826,1.0875986814498901
2219,P35557_V62Q,C1=NC(=C2C(=N1)N(C=N2)C3C(C(C(O3)COP(=O)(O)OP(=O)(O)OP(=O)(O)O)O)O)N,2.173186268412274,1.1824421882629395,-0.18638154864311218,1.0611058473587036
2220,P35557_V62T,C1=NC(=C2C(=N1)N(C=N2)C3C(C(C(O3)COP(=O)(O)OP(=O)(O)OP(=O)(O)O)O)O)N,2.3109382843242305,1.1993539333343506,-0.1976873278617859,1.0740904808044434
2221,P35557_N204S,C(C1C(C(C(C(O1)O)N)O)O)O,-1.2596373105057561,-0.017431549727916718,0.9815429449081421,0.8680564165115356
2222,P35557_N204Q,C(C1C(C(C(C(O1)O)N)O)O)O,-3.657577319177794,0.10534634441137314,0.9823641180992126,0.9610402584075928
2223,P35557_N204A,C(C1C(C(C(C(O1)O)N)O)O)O,-3.192690520875143,-0.049878500401973724,0.9850894808769226,0.8763390779495239
2224,P35557_N204D,C(C1C(C(C(C(O1)O)N)O)O)O,-2.8916605252111616,0.20045365393161774,0.9567196369171143,1.0050040483474731
2225,P35557_K56A,C(C1C(C(C(C(O1)O)O)O)O)O,0.5921826342215817,1.2963670492172241,0.349225252866745,1.0368008613586426
2226,P35557_E256A,C(C1C(C(C(C(O1)O)O)O)O)O,-2.422334447617187,1.0089536905288696,0.40019407868385315,0.8157658576965332
2227,P35557_E290A,C(C1C(C(C(C(O1)O)O)O)O)O,-1.1486026548060935,1.0110665559768677,0.3882305920124054,0.8224685192108154
2228,P35557_N204S,C(C1C(C(C(C(O1)O)O)O)O)O,0.6145685370452696,0.742548406124115,0.4875974953174591,0.6277900338172913
2229,P35557_N204Q,C(C1C(C(C(C(O1)O)O)O)O)O,-1.0569048513364727,0.865250825881958,0.47942522168159485,0.731376051902771
2230,P35557_N204A,C(C1C(C(C(C(O1)O)O)O)O)O,-1.4336555609385722,0.6987636685371399,0.48736557364463806,0.6312885880470276
2231,P52792_wild,C1=NC(=C2C(=N1)N(C=N2)C3C(C(C(O3)COP(=O)(O)OP(=O)(O)OP(=O)(O)O)O)O)N,2.134847025268549,1.3062139749526978,-0.2303546965122223,1.170114517211914
2232,P52792_A456V,C1=NC(=C2C(=N1)N(C=N2)C3C(C(C(O3)COP(=O)(O)OP(=O)(O)OP(=O)(O)O)O)O)N,2.4665096923449967,1.306086540222168,-0.23655715584754944,1.1655510663986206
2233,P52792_K414E,C1=NC(=C2C(=N1)N(C=N2)C3C(C(C(O3)COP(=O)(O)OP(=O)(O)OP(=O)(O)O)O)O)N,0.8033465820294297,1.2432913780212402,-0.2100098580121994,1.1091806888580322
2234,P76041_wild,C(C1C(C(C(C(O1)OC(=O)C(CO)O)O)O)O)O,1.483370203996664,0.5872927308082581,0.34921833872795105,0.17906290292739868
2235,P76041_wild,C(C1C(C(C(C(O1)OP(=O)(O)O)O)O)O)O,1.570940190750577,0.9952702522277832,-0.30244842171669006,0.6144641637802124
2236,P76041_wild,C(C(C(=O)[O-])O)O,1.9383430989359078,1.0939851999282837,0.08887088298797607,0.574609637260437
2237,P76041_wild,C(C(C(C(=O)O)O)O)O,0.9294189257142927,0.5270023941993713,0.5562999844551086,0.25224509835243225
2238,D7BAR0_wild,C(C1C(C(C(C(O1)OC(=O)C(CO)O)O)O)O)O,-0.6249899519742018,0.480512410402298,1.1254431009292603,0.2973829209804535
2239,D7BAR0_wild,C(C1C(C(C(C(O1)OP(=O)(O)O)O)O)O)O,1.0737862141609187,0.8278952240943909,0.5668669939041138,0.6748853921890259
2240,P95442_wild,CCNC1=NC(=O)NC(=N1)NC(C)C,2.204119982655925,-0.30039945244789124,-1.2724980115890503,0.8956839442253113
2241,Q9D9V3_wild,CCC(C(=O)O)C(=O)SCCNC(=O)CCNC(=O)C(C(C)(C)COP(=O)(O)OP(=O)(O)OCC1C(C(C(O1)N2C=NC3=C(N=CN=C32)N)O)OP(=O)(O)O)O,4.017728766960432,1.2568870782852173,-0.8046534061431885,1.3394200801849365
2242,Q9D9V3_wild,CC(C(=O)O)C(=O)SCCNC(=O)CCNC(=O)C(C(C)(C)COP(=O)(O)OP(=O)(O)OCC1C(C(C(O1)N2C=NC3=C(N=CN=C32)N)O)OP(=O)(O)O)O,2.73394758789159,1.2084639072418213,-0.7930756211280823,1.2936122417449951
2243,Q58502_wild,C1C(C(OC1N2C=CC(=O)NC2=O)COP(=O)(O)OP(=O)(O)OP(=O)(O)O)O,3.3979400086720375,0.16540999710559845,-2.013474464416504,1.0897176265716553
2244,P16861_wild,C1=NC(=C2C(=N1)N(C=N2)C3C(C(C(O3)COP(=O)(O)OP(=O)(O)OP(=O)(O)O)O)O)N,2.5842335687468645,1.4663505554199219,-0.9685555100440979,1.654629111289978
2245,Q2FZ08_wild,C1=CC(=CC=C1[N+](=O)[O-])OP(=O)(O)OC2=CC=C(C=C2)[N+](=O)[O-],-1.6137983945992065,0.6608016490936279,0.9035825133323669,0.6920152902603149
2246,Q2FZ08_wild,C1=NC(=C2C(=N1)N(C=N2)C3C4C(C(O3)CO)OP(=O)(O4)O)N,-1.2714075290571802,0.6707054376602173,0.5164111256599426,1.0537407398223877
2247,Q2FZ08_wild,C1=NC2=C(N1C3C4C(C(O3)CO)OP(=O)(O4)O)N=C(NC2=O)N,-1.6078895349886864,0.3847658932209015,0.656282901763916,0.9160797595977783
2248,P50107_wild,CC(=O)C=O,3.782154072524371,2.5783817768096924,-0.8003982305526733,0.9798126220703125
2249,P50107_wild,C1=CC=C(C=C1)C(=O)C=O,4.525044807036846,2.52820086479187,-1.0267659425735474,1.2565714120864868
2250,Q6P7Q4_wild,CC(=O)C=O,4.118864466559616,2.773946523666382,-1.1830798387527466,1.0570950508117676
2251,Q6P7Q4_wild,C1=CC=C(C=C1)C(=O)C=O,4.439332693830263,2.4901182651519775,-1.4974769353866577,1.284069538116455
2252,Q04760_wild,C1=CC=C(C=C1)C(=O)C=O,4.483960814966973,2.4263951778411865,-1.622766375541687,1.3265986442565918
2253,Q04760_wild,CC(=O)C=O,4.203099185869828,2.731302499771118,-1.2831882238388062,1.0864942073822021
2254,Q09751_wild,C(CC(=O)NC(CS)C(=O)NCC(=O)O)C(C(=O)O)N,3.1563473271083016,2.588402509689331,-0.5702857375144958,1.5932896137237549
2255,Q09751_wild,CC(=O)C=O,2.8553173314443203,2.633066177368164,-0.6546457409858704,1.0461480617523193
2256,Q09751_wild,C1=CC=C(C=C1)C(=O)C=O,2.6664138403519884,2.4270193576812744,-0.9172066450119019,1.224709153175354
2257,Q9SBQ8_wild,C1=CC(=CC=C1C2=C(C(=O)C3=C(C=C(C=C3O2)O)O)O)O,4.7446485250843295,0.9697242975234985,-1.956058144569397,1.5509718656539917
2258,O24578_wild,C1=NC2=C(C(=O)N1)N=CN2C3C(C(C(O3)COP(=O)(O)O)O)O,2.1691423991003536,0.7361901998519897,-1.3996540307998657,2.181734323501587
2259,O24578_wild,C1=NC2=C(N1C3C(C(C(O3)COP(=O)(O)OP(=O)(O)OP(=O)(O)O)O)O)N=C(NC2=O)N,2.287241711178348,0.795045793056488,-0.999786913394928,1.6609984636306763
2260,O24578_wild,C(C(C(=O)O)N)C(=O)O,0.9663168867974274,0.8294622898101807,-0.36386844515800476,1.3233590126037598
2261,C7AE94_wild,C1=CC(=C(C=C1C2=[O+]C3=CC(=CC(=C3C=C2OC4C(C(C(C(O4)CO)O)O)O)O)O)O)O.[Cl-],2.496219317029573,-0.5587383508682251,-1.1590856313705444,0.28169870376586914
2262,C7AE94_wild,C1=C(C=C(C(=C1O)O)O)C2=[O+]C3=CC(=CC(=C3C=C2OC4C(C(C(C(O4)CO)O)O)O)O)O,0.42842933081993795,-1.1745595932006836,-1.3227280378341675,0.20530161261558533
2263,C7AE94_wild,C1=CC(=C(C=C1C2=C(C(=O)C3=C(C=C(C=C3O2)O)O)OC4C(C(C(C(O4)CO)O)O)O)O)O,2.521719079753099,-1.000382661819458,-1.5614656209945679,0.34472230076789856
2264,C7AE94_wild,C1=CC(=C(C=C1C2=[O+]C3=CC(=CC(=C3C=C2O)O)O)O)O,0.05504756633090553,-1.245308518409729,-1.6231247186660767,0.4867632985115051
2265,C7AE94_wild,C1=CC(=C(C=C1C2=C(C(=O)C3=C(C=C(C=C3O2)O)O)O)O)O,0.5307040827922942,-0.9012383818626404,-1.9462592601776123,0.9001082181930542
2266,C7AE94_wild,C1=C(C=C(C(=C1O)O)O)C2=C(C(=O)C3=C(C=C(C=C3O2)O)O)O,0.8284563686950395,-1.0338677167892456,-1.7766441106796265,0.6239528656005859
2267,Q22993_wild,C[S+](CCC(C(=O)[O-])N)CC1C(C(C(O1)N2C=NC3=C(N=CN=C32)N)O)O,1.484211916798243,0.005118771456182003,-1.2204524278640747,1.3541648387908936
2268,Q22993_wild,CN(C)CCOP(=O)(O)O,0.9149398746743536,0.008109941147267818,-0.29594388604164124,0.48962247371673584
2269,Q9CA40_wild,C1C=CN(C=C1C(=O)N)C2C(C(C(O2)COP(=O)(O)OP(=O)(O)OCC3C(C(C(O3)N4C=NC5=C(N=CN=C54)N)O)O)O)O,1.03698356625317,0.24183394014835358,-1.063066840171814,1.5860133171081543
2270,Q9CA40_wild,C1=CC(=C[N+](=C1)C2C(C(C(O2)COP(=O)([O-])OP(=O)(O)OCC3C(C(C(O3)N4C=NC5=C(N=CN=C54)N)O)O)O)O)C(=O)N,-0.4024876364227583,0.10000692307949066,-0.6478835940361023,1.1782492399215698
2271,P08203_wild,[Zn+2],4.992267549769309,0.6962389349937439,-2.8524694442749023,1.506085991859436
2272,P08203_wild,[Co+2],4.9232082756993565,0.7123135328292847,-2.409092903137207,1.44656503200531
2273,P08203_wild,[Mn+2],4.838149180058929,0.8338230848312378,-1.8483682870864868,1.4860713481903076
2274,P08203_wild,[Mg+2],-0.1983676537668335,0.9610693454742432,-0.3997668921947479,0.9474172592163086
2275,P08203_H97N,[Zn+2],3.5236973967610177,0.4374702274799347,-2.6937901973724365,1.3075634241104126
2276,P08203_H97N,[Co+2],3.1076973022016077,0.45755425095558167,-2.230475902557373,1.2284221649169922
2277,P08203_H97N,[Mn+2],0.8674674878590515,0.5641674995422363,-1.6806899309158325,1.273115873336792
2278,P08203_H95N,[Zn+2],1.9734022315062052,0.04222835600376129,-2.4655961990356445,1.005620002746582
2279,P08203_H95N,[Co+2],0.9715850651854175,0.04488946497440338,-1.967846393585205,0.9079243540763855
2280,P08203_H95N,[Mn+2],-0.9212756656009413,0.18804685771465302,-1.4341496229171753,0.9814338684082031
2281,P08203_wild,C(C(C(C(=O)CO)O)O)OP(=O)(O)O,2.8892719573275785,0.503747820854187,-0.8668673634529114,1.0881249904632568
2282,P08203_Y229F,C(C(C(C(=O)CO)O)O)OP(=O)(O)O,-1.0387077029931235,0.5453604459762573,-0.8665913939476013,1.0969356298446655
2283,P08203_H97N,C(C(C(C(=O)CO)O)O)OP(=O)(O)O,1.182622126214639,0.21649684011936188,-0.7224555611610413,0.8464817404747009
2284,P08203_H95N,C(C(C(C(=O)CO)O)O)OP(=O)(O)O,0.3034096974093359,-0.15534837543964386,-0.5079540014266968,0.5424191951751709
2285,P00800_wild,CC(C)CC(C(=O)NC(C)C(=O)O)NC(=O)C(CC1=CC=CC=C1)NC(=O)OCC2=CC=CC=C2,3.11572934995166,1.7122530937194824,0.14148849248886108,1.669179916381836
2286,P00800_wild,CC(C)CC(C(=O)NCC(=O)O)NC(=O)C1CCCN1C(=O)CNC(=O)OCC2=CC=CC=C2,-0.05799194697768681,1.337624430656433,0.6152927875518799,1.6538512706756592
2287,P00800_wild,CC(C)CC(C(=O)NCC(=O)N1CCCC1C(=O)O)NC(=O)C2CCCN2C(=O)CNC(=O)OCC3=CC=CC=C3,0.495241689659657,1.583418369293213,0.2403562068939209,1.9954639673233032
2288,E0SRA9_wild,CC(=O)C(C)(C(=O)O)O,0.027152246043614773,0.005643134005367756,-0.020795464515686035,1.4664071798324585
2289,Q81RQ4_wild,C1C(C(C(=O)C=C1C(=O)O)O)O,0.6635925176354095,0.27071067690849304,-0.3943712115287781,0.9626320004463196
2290,Q81RQ4_K200R,C1C(C(C(=O)C=C1C(=O)O)O)O,0.14936336986897328,0.2536925971508026,-0.3729102909564972,0.9278618097305298
2291,Q81RQ4_Y70A/Y217A,C1C(C(C(=O)C=C1C(=O)O)O)O,-0.49360150264215746,0.27832505106925964,-0.37555184960365295,0.9781606197357178
2292,Q2T3J4_wild,C1C(CNC1C(=O)O)O,1.4559319556497243,1.212787389755249,0.43953737616539,0.3732336461544037
2293,Q7NU77_wild,C1CNC(C1O)C(=O)O,-0.278753600952829,0.648043155670166,1.0286587476730347,0.46647530794143677
2294,Q7NU77_wild,C1C(CNC1C(=O)O)O,1.0125891273080205,0.8184636831283569,0.8071575164794922,0.16892077028751373
2295,A5VZY6_wild,C1CNC(C1O)C(=O)O,-0.5975123635772417,0.597234308719635,0.929914653301239,0.48298490047454834
2296,A5VZY6_wild,C1C(CNC1C(=O)O)O,1.6825795881478494,0.7384107112884521,0.6644848585128784,0.2031818926334381
2297,A5VZY6_wild,C1CC(NC1)C(=O)O,-1.853871964321762,1.0637171268463135,0.9697880148887634,0.6375055313110352
2298,Q8P833_wild,C1C(CNC1C(=O)O)O,1.6210832286413928,0.9063846468925476,0.46599987149238586,0.2702285945415497
2299,Q8P833_wild,C1CNC(C1O)C(=O)O,-1.0621479067488444,0.7962372899055481,0.8197292685508728,0.6183275580406189
2300,A0NXQ7_wild,C1C(CNC1C(=O)O)O,1.2352127111743378,0.7827695608139038,0.5721695423126221,0.17625387012958527
2301,B9R4E3_wild,C1C(CNC1C(=O)O)O,1.213290945981091,0.30601581931114197,0.5778144001960754,0.003048121929168701
2302,P08310_wild,C(=CC(=O)[O-])C=CC(=O)[O-],3.720159303405957,1.7813304662704468,-1.1168855428695679,1.7740899324417114
2303,P08310_wild,C(=CC(=O)[O-])C=C(C(=O)[O-])Cl,1.1411928357290309,0.7984848022460938,-1.2786951065063477,1.7546151876449585
2304,P08310_wild,C(=CC(=O)[O-])C(=CC(=O)[O-])Cl,0.5228788809973419,1.1746227741241455,-0.8013399243354797,1.5249958038330078
2305,P08310_wild,C(=C(C=C(C(=O)O)Cl)Cl)C(=O)O,0.3253893415234259,0.28583553433418274,-1.4900850057601929,1.8002426624298096
2306,P08310_wild,C(=CC(=O)O)C(=CC(=O)O)F,3.184466924400748,1.4799989461898804,-0.8124629855155945,1.5779873132705688
2307,P08310_wild,CC(=CC=CC(=O)[O-])C(=O)[O-],3.210853365314893,1.3619273900985718,-1.0181795358657837,1.33469557762146
2308,P08310_wild,CC(=CC(=O)O)C=CC(=O)O,3.2145494961530097,1.4562861919403076,-1.387067198753357,1.3812013864517212
2309,P11509_wild,C1=CC=C2C(=C1)C=CC(=O)O2,2.0241336797167193,0.1773068755865097,-2.062584161758423,1.5250656604766846
2310,P11509_wild,COC1=CC2=C(C=C1)C=CC(=O)O2,0.6020599913279624,-0.4494592249393463,-1.9622117280960083,1.0893285274505615
2311,P11509_wild,CCOC1=CC2=C(C=C1)C=CC(=O)O2,1.2227164711475833,-0.3689251244068146,-1.9708271026611328,1.1547049283981323
2312,P11509_wild,CC1(C2CCC1(C(=O)C2)C)C,0.5503170113535821,-0.13562175631523132,-1.8631707429885864,1.5591692924499512
2313,P20813_wild,CCOC1=CC2=C(C=C1)C(=CC(=O)O2)C(F)(F)F,1.2295811487535755,-0.670922040939331,-1.5829498767852783,1.0042245388031006
2314,P11509_wild,C1=CC=C2C(=C1)C=CN2,-0.7436020325080749,-0.48291444778442383,-1.1167198419570923,1.1453816890716553
2315,P11509_L240C/N297Q,C1=CC=C2C(=C1)C=CN2,0.3068595393247051,-0.5120525360107422,-1.11854088306427,1.1152410507202148
2316,P11509_V140M/L240C/N297Q/I300V/I366V,C1=CC=C2C(=C1)C=CN2,0.11918640771920867,-0.4999360144138336,-1.1257039308547974,1.1283682584762573
2317,P11509_L240C/N297Q/I300V/I366V,C1=CC=C2C(=C1)C=CN2,0.017145429758017423,-0.5069340467453003,-1.12124502658844,1.1243976354599
2318,P11509_V140M/N297Q/I300V/I366V,C1=CC=C2C(=C1)C=CN2,-0.2635450143656624,-0.5048173069953918,-1.1250437498092651,1.138411283493042
2319,P11509_V140M/L240C/I300V/I366V,C1=CC=C2C(=C1)C=CN2,-0.2060544514120911,-0.46465325355529785,-1.1244975328445435,1.1501585245132446
2320,P11509_V140M/L240C/N297Q/I366V,C1=CC=C2C(=C1)C=CN2,0.09139214605789144,-0.5039921402931213,-1.1242897510528564,1.1228206157684326
2321,P11509_V140M/L240C/N297Q/I300V,C1=CC=C2C(=C1)C=CN2,0.18406028743023672,-0.5011586546897888,-1.1236006021499634,1.1247165203094482
2322,P11509_N297Q/I300V/I366V,C1=CC=C2C(=C1)C=CN2,-0.05347584581272304,-0.5120077133178711,-1.1210664510726929,1.134594440460205
2323,P11509_L240C/N297Q/I300V,C1=CC=C2C(=C1)C=CN2,0.5050039485199579,-0.5076324939727783,-1.1193538904190063,1.1208049058914185
2324,P11509_L240C/N297Q/I366V,C1=CC=C2C(=C1)C=CN2,-0.0626660283419417,-0.5106061100959778,-1.1198829412460327,1.118795394897461
2325,P11509_V140M/L240C/N297Q,C1=CC=C2C(=C1)C=CN2,0.17677051059817261,-0.5056613087654114,-1.1227247714996338,1.1192269325256348
2326,P11509_V140M/N297Q/I300V,C1=CC=C2C(=C1)C=CN2,0.2865739456239196,-0.5055310726165771,-1.123111367225647,1.1345908641815186
2327,P11509_N297Q/I300V,C1=CC=C2C(=C1)C=CN2,0.18486518336318636,-0.512171745300293,-1.1195555925369263,1.1308910846710205
2328,P11509_I300V,C1=CC=C2C(=C1)C=CN2,-0.6607656059505833,-0.4781956374645233,-1.11806058883667,1.1508933305740356
2329,P11509_N297Q,C1=CC=C2C(=C1)C=CN2,-0.1113658626044955,-0.5165638327598572,-1.1186763048171997,1.1254359483718872
2330,P11509_wild,C1=CC2=C(C=CN2)C(=C1)Cl,-0.43933269383026263,-0.31443241238594055,-0.7869565486907959,0.9557597637176514
2331,P11509_L240C/N297Q,C1=CC2=C(C=CN2)C(=C1)Cl,0.0655015487564323,-0.3446514904499054,-0.8063680529594421,0.9317171573638916
2332,P11509_V140M/L240C/N297Q/I300V/I366V,C1=CC2=C(C=CN2)C(=C1)Cl,0.09846377903460479,-0.33103427290916443,-0.8153725862503052,0.9419842958450317
2333,P11509_L240C/N297Q/I300V/I366V,C1=CC2=C(C=CN2)C(=C1)Cl,0.14786882133865922,-0.333838552236557,-0.8080024123191833,0.9394669532775879
2334,P11509_V140M/N297Q/I300V/I366V,C1=CC2=C(C=CN2)C(=C1)Cl,-0.16136800223497486,-0.33379364013671875,-0.806067705154419,0.9516637325286865
2335,P11509_V140M/L240C/I300V/I366V,C1=CC2=C(C=CN2)C(=C1)Cl,-0.4197197829952796,-0.29604628682136536,-0.8059113621711731,0.956963300704956
2336,P11509_V140M/L240C/N297Q/I366V,C1=CC2=C(C=CN2)C(=C1)Cl,-0.15408369411597467,-0.33696597814559937,-0.8152316212654114,0.937274694442749
2337,P11509_V140M/L240C/N297Q/I300V,C1=CC2=C(C=CN2)C(=C1)Cl,-0.1159040275256312,-0.3352101445198059,-0.8132507801055908,0.9390549063682556
2338,P11509_N297Q/I300V/I366V,C1=CC2=C(C=CN2)C(=C1)Cl,-0.528488190640618,-0.33616533875465393,-0.7986294627189636,0.9490351676940918
2339,P11509_L240C/N297Q/I300V,C1=CC2=C(C=CN2)C(=C1)Cl,-0.35419778914694516,-0.33834654092788696,-0.8061277866363525,0.9364501237869263
2340,P11509_L240C/N297Q/I366V,C1=CC2=C(C=CN2)C(=C1)Cl,-0.11489686035623264,-0.34030529856681824,-0.8081762194633484,0.934666633605957
2341,P11509_V140M/L240C/N297Q,C1=CC2=C(C=CN2)C(=C1)Cl,0.024568082917102965,-0.3412569463253021,-0.8133448362350464,0.93440842628479
2342,P11509_N297Q/I300V,C1=CC2=C(C=CN2)C(=C1)Cl,-0.4462708724793991,-0.3410302400588989,-0.7963864207267761,0.9461655616760254
2343,P11509_V140M/N297Q/I300V,C1=CC2=C(C=CN2)C(=C1)Cl,-0.4119601153016302,-0.33807435631752014,-0.8037271499633789,0.948747992515564
2344,P11509_I300V,C1=CC2=C(C=CN2)C(=C1)Cl,-0.7399468519982082,-0.30685678124427795,-0.7868853211402893,0.9604107737541199
2345,P11509_N297Q,C1=CC2=C(C=CN2)C(=C1)Cl,-0.27404661062767305,-0.3470264673233032,-0.796600878238678,0.9413007497787476
2346,P11509_V140M/L240C/N297Q/I300V/I366V,C1=CC=C(C=C1)COC2=CC3=C(C=C2)NC=C3,-1.0385633641183274,-1.344696044921875,-1.1866726875305176,0.8652670383453369
2347,P11509_L240C/N297Q/I300V/I366V,C1=CC=C(C=C1)COC2=CC3=C(C=C2)NC=C3,-0.831836132204025,-1.342996597290039,-1.1782569885253906,0.8598785996437073
2348,P11509_V140M/N297Q/I300V/I366V,C1=CC=C(C=C1)COC2=CC3=C(C=C2)NC=C3,-0.8195439529136483,-1.3442347049713135,-1.1889264583587646,0.8784983158111572
2349,P11509_V140M/L240C/N297Q/I300V,C1=CC=C(C=C1)COC2=CC3=C(C=C2)NC=C3,-0.7323937598229685,-1.3465652465820312,-1.1845468282699585,0.8633427023887634
2350,P11509_N297Q/I300V/I366V,C1=CC=C(C=C1)COC2=CC3=C(C=C2)NC=C3,-1.0025472401073514,-1.3427209854125977,-1.1808875799179077,0.873215913772583
2351,P11509_L240C/N297Q/I300V,C1=CC=C(C=C1)COC2=CC3=C(C=C2)NC=C3,-0.9222062774390164,-1.3449223041534424,-1.176275610923767,0.8579700589179993
2352,P11509_V140M/N297Q/I300V,C1=CC=C(C=C1)COC2=CC3=C(C=C2)NC=C3,-1.0334237012001428,-1.3459585905075073,-1.1866192817687988,0.8767411708831787
2353,P11509_N297Q/I300V,C1=CC=C(C=C1)COC2=CC3=C(C=C2)NC=C3,-0.85089843751933,-1.34458327293396,-1.1788369417190552,0.8715466260910034
2354,P11509_V140M/L240C/N297Q/I300V/I366V,C1=CC=C(C=C1)COC2=CC=CC3=C2C=CN3,-0.7970365945440174,-1.1171624660491943,-1.0672296285629272,1.040282964706421
2355,P11509_L240C/N297Q/I300V/I366V,C1=CC=C(C=C1)COC2=CC=CC3=C2C=CN3,-0.7201593034059568,-1.1141726970672607,-1.0591611862182617,1.0374634265899658
2356,P11509_V140M/N297Q/I300V/I366V,C1=CC=C(C=C1)COC2=CC=CC3=C2C=CN3,-0.8525335181001735,-1.115032434463501,-1.0673778057098389,1.0534924268722534
2357,P11509_V140M/L240C/N297Q/I300V,C1=CC=C(C=C1)COC2=CC=CC3=C2C=CN3,-0.7450747915820575,-1.1210757493972778,-1.0657836198806763,1.0371098518371582
2358,P11509_N297Q/I300V/I366V,C1=CC=C(C=C1)COC2=CC=CC3=C2C=CN3,-0.785329835010767,-1.1118489503860474,-1.0595046281814575,1.0501080751419067
2359,P11509_L240C/N297Q/I300V,C1=CC=C(C=C1)COC2=CC=CC3=C2C=CN3,-0.7835462822703498,-1.118030309677124,-1.0577887296676636,1.034374713897705
2360,P11509_V140M/N297Q/I300V,C1=CC=C(C=C1)COC2=CC=CC3=C2C=CN3,-0.9903891396502192,-1.1190052032470703,-1.066015362739563,1.0501189231872559
2361,P11509_N297Q/I300V,C1=CC=C(C=C1)COC2=CC=CC3=C2C=CN3,-0.8506140176277617,-1.1160837411880493,-1.0582066774368286,1.0466785430908203
2362,P11509_L240C/N297Q,C1=CC=C2C(=C1)C=CC(=O)O2,1.596307662438871,0.13599132001399994,-2.0721800327301025,1.4898614883422852
2363,P11509_N297Q/I300V,C1=CC=C2C(=C1)C=CC(=O)O2,1.4980551871020389,0.13703469932079315,-2.068955659866333,1.50651216506958
2364,P08683_wild,CC1(C(C1C(=O)OC(C#N)C2=CC(=CC=C2)OC3=CC=CC=C3)C=C(Br)Br)C,2.0315034369855893,0.16919712722301483,-2.2412967681884766,1.2522554397583008
2365,P10632_wild,CC1(C(C1C(=O)OC(C#N)C2=CC(=CC=C2)OC3=CC=CC=C3)C=C(Br)Br)C,1.8436764732211242,0.059611693024635315,-2.2005615234375,1.1456871032714844
2366,P08683_wild,CC(C)C(C1=CC=C(C=C1)Cl)C(=O)OC(C#N)C2=CC(=CC=C2)OC3=CC=CC=C3,2.038040605407489,0.5486055612564087,-1.9166815280914307,1.2441400289535522
2367,P10632_wild,CC(C)C(C1=CC=C(C=C1)Cl)C(=O)OC(C#N)C2=CC(=CC=C2)OC3=CC=CC=C3,1.7131371037636594,0.49535295367240906,-1.8953005075454712,1.1485838890075684
2368,Q16696_wild,CCOC1=CC=C(C=C1)NC(=O)C,0.7745283575807858,-0.5984529256820679,-1.434981346130371,1.0269219875335693
2369,P24903_wild,CC1=CNC2=CC=CC=C12,0.08051966363441754,-0.6454659700393677,-1.5728150606155396,0.8392390012741089
2370,P24460_wild,C1CNP(=O)(OC1)N(CCCl)CCCl,1.6611814592391454,-0.4824681282043457,-1.1841638088226318,0.5636761784553528
2371,P20813_wild,C1CNP(=O)(OC1)N(CCCl)CCCl,-0.8271537957574657,-0.5477197170257568,-1.1571680307388306,0.5953391790390015
2372,P24460_wild,CCOC1=CC2=C(C=C1)C(=CC(=O)O2)C(F)(F)F,-0.9279136218104471,-0.6163016557693481,-1.5414973497390747,1.0348069667816162
2373,P22734_wild,CNCC(C1=CC(=C(C=C1)O)O)O,-0.07918124604762487,-1.3529226779937744,-1.6330558061599731,0.2402839958667755
2374,Q6FEQ3_wild,CC(C)(COP(=O)(O)OP(=O)(O)OCC1C(C(C(O1)N2C=NC3=C(N=CN=C32)N)O)OP(=O)(O)O)C(C(=O)NCCC(=O)NCCSC(=O)CCC(=O)O)O,0.7381460887120598,0.18624846637248993,-0.7220109105110168,1.1875427961349487
2375,Q6FEQ3_wild,C(CO)C(C(=O)O)N,0.8491807444117225,0.40907353162765503,0.46659988164901733,0.3369533121585846
2376,P45131_L306R,C(CO)C(C(=O)O)N,-0.19000828163661357,0.5546556711196899,0.5799110531806946,0.09509053826332092
2377,P45131_L306R,CC(C)(COP(=O)(O)OP(=O)(O)OCC1C(C(C(O1)N2C=NC3=C(N=CN=C32)N)O)OP(=O)(O)O)C(C(=O)NCCC(=O)NCCSC(=O)CCC(=O)O)O,0.2795226486253042,0.27495214343070984,-0.6330251097679138,1.0143753290176392
2378,P37666_wild,C(C(=O)C(=O)[O-])O,2.015239966556737,1.7645814418792725,0.05719780921936035,1.2367534637451172
2379,P42535_wild,C1(=C(C(=C(C(=C1Cl)Cl)Cl)Cl)Cl)O,4.041392685158225,0.07693253457546234,-0.9122741222381592,0.9776312112808228
2380,P42535_Y216F,C1(=C(C(=C(C(=C1Cl)Cl)Cl)Cl)Cl)O,-0.0404286570556082,0.08736493438482285,-0.9187189936637878,0.9871387481689453
2381,P42535_R235K,C1(=C(C(=C(C(=C1Cl)Cl)Cl)Cl)Cl)O,1.2787536009528289,0.03605108708143234,-0.9270615577697754,0.9564183950424194
2382,P42535_Y397F,C1(=C(C(=C(C(=C1Cl)Cl)Cl)Cl)Cl)O,0.7417219847569687,0.06386633217334747,-0.9151878952980042,0.9873679876327515
2383,P42535_F85A,C1(=C(C(=C(C(=C1Cl)Cl)Cl)Cl)Cl)O,2.4357285695614372,0.07554043084383011,-0.9089338183403015,0.9827646017074585
2384,P49789_wild,C1=NC(=C2C(=N1)N(C=N2)C3C(C(C(O3)COP(=O)(O)OP(=O)(O)OP(=O)(O)OCC4C(C(C(O4)N5C=NC6=C(N=CN=C65)N)O)O)O)O)N,3.0816700464513196,-0.08755355328321457,-1.348932147026062,1.4708566665649414
2385,P49789_H96G,C1=NC(=C2C(=N1)N(C=N2)C3C(C(C(O3)COP(=O)(O)OP(=O)(O)OP(=O)(O)OCC4C(C(C(O4)N5C=NC6=C(N=CN=C65)N)O)O)O)O)N,-2.215599800339355,-1.03751540184021,-1.0311256647109985,0.8386093974113464
2386,Q8WTQ7_wild,C1=NC(=C2C(=N1)N(C=N2)C3C(C(C(O3)COP(=O)(O)OP(=O)(O)OP(=O)(O)O)O)O)N,1.6695862266508092,-0.2991831302642822,-1.8986293077468872,1.272972822189331
2387,Q8WTQ7_wild,CC1=C(C(CCC1)(C)C)C=CC(=CC=CC(=CC=O)C)C,2.721246399047171,-0.4304393231868744,-2.7434918880462646,1.5367779731750488
2388,Q15835_wild,C1=NC(=C2C(=N1)N(C=N2)C3C(C(C(O3)COP(=O)(O)OP(=O)(O)OP(=O)(O)O)O)O)N,2.0538753807828547,0.07460939884185791,-1.6961359977722168,1.3797703981399536
2389,Q15835_wild,CC1=C(C(CCC1)(C)C)C=CC(=CC=CC(=CC=O)C)C,2.535113201697349,-0.03710688650608063,-2.610942840576172,1.6456692218780518
2390,Q1XHM0_wild,CC1=C(C(CCC1)(C)C)C=CC(=CC=CC(=CC=O)C)C,1.8502376285731965,-0.21982385218143463,-2.6398348808288574,1.5931806564331055
2391,Q49HM9_wild,CC1=C(C(CCC1)(C)C)C=CC(=CC=CC(=CC=O)C)C,3.031408464251624,-0.3475955128669739,-2.8124616146087646,1.7504830360412598
2392,P16303_wild,CCCCCCCCCCCCCCCC(=O)OCC=C(C)C=CC=C(C)C=CC1=C(CCCC1(C)C)C,-1.3324384599156054,-1.4782705307006836,-2.0020594596862793,2.5266926288604736
2393,O00748_wild,CC(=O)OC1=CC=C(C=C1)[N+](=O)[O-],3.3537363461799843,1.101374864578247,-0.8134820461273193,1.3490772247314453
2394,O00748_wild,CC1(C(C1C(=O)OC(C#N)C2=CC(=CC=C2)OC3=CC=CC=C3)C=C(Cl)Cl)C,0.8648673703379487,-1.1812918186187744,-2.1603822708129883,1.6838687658309937
2395,P23141_wild,CC(=CC1C(C1(C)C)C(=O)OCC2=COC(=C2)CC3=CC=CC=C3)C,0.7041096439884299,-1.2906421422958374,-1.655502438545227,1.2684788703918457
2396,P12337_wild,CC(=CC1C(C1(C)C)C(=O)OCC2=COC(=C2)CC3=CC=CC=C3)C,0.6294662326663257,-1.13435959815979,-1.5501803159713745,1.238451361656189
2397,P23141_wild,COC(=O)C(C1CCCCN1)C2=CC=CC=C2,-0.8249931222365386,-0.9602242708206177,-0.7396584749221802,1.0002697706222534
2398,Q29550_wild,CCCC(=O)OC1=CC=C(C=C1)[N+](=O)[O-],2.5349510121897847,1.143749475479126,-0.9767083525657654,1.7159216403961182
2399,Q29550_wild,CC(=O)OC1=CC=C(C=C1)[N+](=O)[O-],1.588271706842329,1.2494604587554932,-0.7965323328971863,1.51563560962677
2400,Q29550_wild,CCOC(=O)C(CC1=CC=CC=C1)N,1.7317343887254757,0.30824539065361023,-0.38478896021842957,1.449544906616211
2401,Q29550_wild,C1=CC=C(C=C1)CC(C(=O)OCC2=CC=CC=C2)N,-0.009143397920486367,0.1378931850194931,-1.0741921663284302,1.6826395988464355
2402,Q29550_wild,CCOC(=O)C(CC1=CC=CC=C1)NC(=O)C,0.04630001965296922,0.05208135396242142,-0.37714681029319763,1.4128587245941162
2403,Q29550_wild,CCC1=C2CN3C(=CC4=C(C3=O)COC(=O)C4(CC)O)C2=NC5=C1C=C(C=C5)OC(=O)N6CCC(CC6)N7CCCCC7,-2.6620706409325416,-2.4812064170837402,-2.072481393814087,1.4379537105560303
2404,Q29550_wild,CC(C)C(C(=O)OCCOCN1C=NC2=C1N=C(NC2=O)N)N,-1.490131048403538,-0.20969955623149872,-0.9103856682777405,1.6561990976333618
2405,O00748_wild,CCC1=C2CN3C(=CC4=C(C3=O)COC(=O)C4(CC)O)C2=NC5=C1C=C(C=C5)OC(=O)N6CCC(CC6)N7CCCCC7,-0.10551013048316711,-2.671005964279175,-2.0350210666656494,1.1783695220947266
2406,O00748_wild,CCCCCOC(=O)NC1=NC(=O)N(C=C1F)C2C(C(C(O2)C)O)O,-0.6478174818886375,-0.7172423601150513,-1.020198941230774,1.4585204124450684
2407,Q4G0E9_wild,CCC1=C2CN3C(=CC4=C(C3=O)COC(=O)C4(CC)O)C2=NC5=C1C=C(C=C5)OC(=O)N6CCC(CC6)N7CCCCC7,-0.7056005164205014,-2.7237484455108643,-2.1568455696105957,1.1965560913085938
2408,Q6UWW8_wild,CCC1=C2CN3C(=CC4=C(C3=O)COC(=O)C4(CC)O)C2=NC5=C1C=C(C=C5)OC(=O)N6CCC(CC6)N7CCCCC7,-3.9606293081007253,-2.887539863586426,-1.7757940292358398,0.9495630860328674
2409,Q4G0E9_wild,CCC1=C2C(=C(C=C1)OC(=O)NN3CCCCC3)C=C4CN5C(=CC6=C(C5=O)COC(=O)C6(CC)O)C4=N2,-1.079181191760818,-2.8188865184783936,-1.71455717086792,1.2778229713439941
2410,Q6UWW8_wild,CCC1=C2C(=C(C=C1)OC(=O)NN3CCCCC3)C=C4CN5C(=CC6=C(C5=O)COC(=O)C6(CC)O)C4=N2,-5.025935767501669,-2.9745094776153564,-1.2862071990966797,1.0252374410629272
2411,Q29550_wild,CC(=O)OCC(COC(=O)C)OC(=O)C,1.3010299956639813,0.9406545162200928,0.5501547455787659,1.1291024684906006
2412,Q29550_wild,CCC(=O)OCC(COC(=O)CC)OC(=O)CC,2.2218487496163566,1.2909858226776123,-0.07597194612026215,1.6281208992004395
2413,O59952_wild,CCC(=O)OCC(COC(=O)CC)OC(=O)CC,1.2060544824331245,2.4955556392669678,1.040621042251587,2.0885281562805176
2414,Q29550_wild,CCCC(=O)OCC(COC(=O)CCC)OC(=O)CCC,3.146128035678238,1.2307236194610596,-0.5900337100028992,1.9140197038650513
2415,O59952_wild,CCCC(=O)OCC(COC(=O)CCC)OC(=O)CCC,3.6532125137753435,2.6582183837890625,0.246291846036911,2.4679908752441406
2416,Q29550_wild,CC(=O)OC=C,1.8962505624616381,1.2608305215835571,0.35488244891166687,1.1358717679977417
2417,O59952_wild,CC(=O)OC=C,0.21085336531489318,2.4747159481048584,1.7172491550445557,1.5992047786712646
2418,Q29550_wild,CCC(=O)OC=C,1.7708520116421442,1.6903971433639526,0.6365777850151062,1.2144410610198975
2419,O59952_wild,CCC(=O)OC=C,1.290034611362518,3.0579674243927,1.7320581674575806,1.5837101936340332
2420,Q29550_wild,CCCC(=O)OC=C,2.361727836017593,1.406147837638855,0.3761346638202667,1.2484893798828125
2421,O59952_wild,CCCC(=O)OC=C,2.113943352306837,3.0164668560028076,1.4711087942123413,1.79290771484375
2422,O59952_wild,CCCCCCCCCCCC(=O)OC=C,3.4771212547196626,2.826953172683716,0.36133530735969543,2.4949703216552734
2423,O59952_wild,CCCC(=O)OC1=CC=C(C=C1)[N+](=O)[O-],2.3654879848909,1.9323511123657227,0.1913929283618927,2.114107847213745
2424,Q9SPB1_wild,CC1=C(C2=CC3=NC(=CC4=C(C(=C([N-]4)C=C5C(=C(C(=N5)C=C1[N-]2)C=C)C)C=C)C)C(=C3CCC(=O)C)C)CCC(=O)C.[Fe+5],2.4743283545354924,0.994646430015564,-2.0720276832580566,2.410271167755127
2425,P9WFX7_wild,C1=CC=C(C(=C1)C(=O)O)NCC(=O)C(C(COP(=O)(O)O)O)O,0.4637572931616809,-0.06100119650363922,-1.7513377666473389,1.5787451267242432
2426,P56965_wild,CN(C)C(=NCCCC(C(=O)O)N)N,-0.37700610183639455,-1.6962997913360596,-0.31906911730766296,0.7288221120834351
2427,P56965_wild,CN=C(N)NCCCC(C(=O)O)N,-0.685907531496777,-1.3557422161102295,-0.3491103947162628,0.5944566130638123
2428,P26997_E372G/V379A,C1C(C(C(C(O1)O)O)O)O,1.0111035118961715,1.5727183818817139,1.5880663394927979,0.6624510288238525
2429,P26997_E372G/F163L,C1C(C(C(C(O1)O)O)O)O,0.6302708472361399,1.580162525177002,1.5814911127090454,0.6673428416252136
2430,P26997_E372G,C1C(C(C(C(O1)O)O)O)O,1.1574367598774866,1.577974796295166,1.5826765298843384,0.6648428440093994
2431,P26997_E372G/V379A,C(C1C(C(C(C(O1)O)O)O)O)O,-0.11503044794805097,1.161582350730896,1.9716535806655884,0.2798965573310852
2432,P26997_E372G/F163L,C(C1C(C(C(C(O1)O)O)O)O)O,-0.29118162622042537,1.1616426706314087,1.9639943838119507,0.28727734088897705
2433,P26997_E372G,C(C1C(C(C(C(O1)O)O)O)O)O,-0.28709953966349716,1.167039155960083,1.9687272310256958,0.28034085035324097
2434,P12851_wild,C1C(C(C(C(O1)O)O)O)O,-4.176091259055681,0.34499838948249817,2.09267258644104,-0.15004923939704895
2435,P12851_F26W,C1C(C(C(C(O1)O)O)O)O,-3.955796337507947,0.32074400782585144,2.1020150184631348,-0.16948851943016052
2436,P12851_Q256D,C1C(C(C(C(O1)O)O)O)O,-3.754670245964548,0.32451871037483215,2.0933637619018555,-0.1674499213695526
2437,P12851_F26W,C(C1C(C(C(C(O1)O)O)O)O)O,-1.8923661216001706,0.26096460223197937,2.312535524368286,-0.44120022654533386
2438,P12070_wild,C1C(C(C(C(O1)O)O)O)O,0.43006200246881265,0.6809194087982178,1.9243255853652954,-0.002122938632965088
2439,P12070_wild,C(C1C(C(C(C(O1)O)O)O)O)O,-1.0240942168451497,0.5498931407928467,2.2152934074401855,-0.2646351754665375
2440,P12070_wild,C1C(C(C(C(O1)(CO)O)O)O)O,-0.9197556090349134,0.31209394335746765,2.039024829864502,-0.2890758216381073
2441,O69056_wild,CC(C)C(C(=O)O)N,1.4359002613928507,0.5615164041519165,0.5203371644020081,0.3451511561870575
2442,O69056_C29S,CC(C)C(C(=O)O)N,0.8836614351536176,0.6097485423088074,0.509722888469696,0.36697453260421753
2443,O69056_C251S,CC(C)C(C(=O)O)N,0.5804973099769506,0.5873661041259766,0.5145595669746399,0.35572898387908936
2444,O69056_V305L,CC(C)C(C(=O)O)N,-3.3205721033878812,0.5023490190505981,0.5337819457054138,0.30694177746772766
2445,O69056_wild,C1=CC(=C[N+](=C1)C2C(C(C(O2)COP(=O)([O-])OP(=O)(O)OCC3C(C(C(O3)N4C=NC5=C(N=CN=C54)N)O)O)O)O)C(=O)N,2.486666572625893,1.0424752235412598,-0.44566890597343445,0.9893967509269714
2446,O69056_C29S,C1=CC(=C[N+](=C1)C2C(C(C(O2)COP(=O)([O-])OP(=O)(O)OCC3C(C(C(O3)N4C=NC5=C(N=CN=C54)N)O)O)O)O)C(=O)N,1.8277100298244677,1.098013997077942,-0.4387059509754181,1.0098600387573242
2447,O69056_C251S,C1=CC(=C[N+](=C1)C2C(C(C(O2)COP(=O)([O-])OP(=O)(O)OCC3C(C(C(O3)N4C=NC5=C(N=CN=C54)N)O)O)O)O)C(=O)N,1.5832201683124238,1.0779364109039307,-0.44791969656944275,1.0008516311645508
2448,O69056_V305L,C1=CC(=C[N+](=C1)C2C(C(C(O2)COP(=O)([O-])OP(=O)(O)OCC3C(C(C(O3)N4C=NC5=C(N=CN=C54)N)O)O)O)O)C(=O)N,-0.8887738274548761,0.980492353439331,-0.4387976825237274,0.9472808837890625
2449,Q3I4V7_wild,C(=O)=O,4.878266403266911,5.2744669914245605,0.563530683517456,2.914121150970459
2450,O53512_wild,C=C(C(=O)O)OP(=O)(O)O,1.9231599697672777,1.1274199485778809,-0.9890651702880859,1.3885629177093506
2451,O53512_wild,C(C(C(C=O)O)O)OP(=O)(O)O,2.093421685162235,0.9933439493179321,-0.4061663746833801,1.2139772176742554
2452,P04802_wild,C1=NC(=C2C(=N1)N(C=N2)C3C(C(C(O3)COP(=O)(O)OP(=O)(O)OP(=O)(O)O)O)O)N,1.5968587976421547,0.4259587526321411,-1.2700048685073853,1.7694209814071655
2453,P04802_wild,C(C(C(=O)O)N)C(=O)O,1.7323937598229686,0.6848692297935486,-0.8075652718544006,1.3235877752304077
2454,P04802_E327Q,C1=NC(=C2C(=N1)N(C=N2)C3C(C(C(O3)COP(=O)(O)OP(=O)(O)OP(=O)(O)O)O)O)N,-0.5145836462494551,0.1815498322248459,-1.2190176248550415,1.6141772270202637
2455,P0C8P4_wild,C1=CC=C(C(=C1)C(=O)CC(C(=O)O)N)NC=O,1.011429461780782,1.023036003112793,-1.0489885807037354,1.814851999282837
2456,Q7WSJ4_wild,CCCC=NO,-0.44369749923271273,-1.1966912746429443,-0.14059725403785706,0.24725577235221863
2457,Q7WSJ4_wild,CC=NO,-2.071355924046186,-0.9592307806015015,0.9524888396263123,0.35347768664360046
2458,Q7WSJ4_wild,C1=CC=NC(=C1)C=NO,-3.355387657986574,-1.1961857080459595,0.2902546226978302,0.6174021363258362
2459,Q48230_wild,C(C(C(C(COP(=O)(O)O)O)O)O)O,2.545741628239842,0.18654577434062958,-0.4720964729785919,0.6643432378768921
2460,Q48230_wild,C1=CN(C(=O)N=C1N)C2C(C(C(O2)COP(=O)(O)OP(=O)(O)OP(=O)(O)O)O)O,2.2447116325758607,0.5655754804611206,-0.7488388419151306,1.3451039791107178
2461,Q48230_R18A,C(C(C(C(COP(=O)(O)O)O)O)O)O,-0.8538719643217619,0.15638060867786407,-0.4201076924800873,0.5871772170066833
2462,Q48230_R18A,C1=CN(C(=O)N=C1N)C2C(C(C(O2)COP(=O)(O)OP(=O)(O)OP(=O)(O)O)O)O,-0.4449365713482612,0.5206019282341003,-0.6903643012046814,1.257738709449768
2463,Q48230_K386A,C(C(C(C(COP(=O)(O)O)O)O)O)O,1.9075904882186199,-0.07926060259342194,-0.38896703720092773,0.4459497928619385
2464,Q48230_K386A,C1=CN(C(=O)N=C1N)C2C(C(C(O2)COP(=O)(O)OP(=O)(O)OP(=O)(O)O)O)O,2.0229839069206896,0.25550761818885803,-0.6283639073371887,1.0696396827697754
2465,Q9SBL1_wild,CC(=CCCC(=CCO)C)C,-0.14612803567823796,-0.8358570337295532,-0.7110497355461121,0.49230465292930603
2466,Q9SBL1_wild,CC(CCC=C(C)C)CCO,-0.15970084286751185,-0.8230168223381042,-0.9164199829101562,0.6532586812973022
2467,Q9SBL1_wild,CCCCCCO,-1.0413926851582251,-0.7742415070533752,-0.38038626313209534,-0.07007813453674316
2468,Q9SBL1_wild,CCC=CCCO,-1.3862016054007935,-1.0465762615203857,-0.7394281029701233,0.6054238677024841
2469,Q9SBL1_wild,C1=CC=C(C=C1)C(C#N)O,1.1010265792028886,-0.1610768586397171,-0.8280327320098877,0.8747224807739258
2470,Q9SBL1_wild,COC1=CC=CC(=C1O)CO,-1.210339102990856,-0.35465940833091736,-0.9401642084121704,0.41927871108055115
2471,Q9SBL1_wild,CC(=C)CCO,-0.9937510507229984,-0.8883357644081116,-0.1401951014995575,0.12307730317115784
2472,Q9SBL1_wild,CC(=CCO)C,-1.0537958323840786,-0.21074403822422028,0.05573941022157669,0.038154929876327515
2473,P04806_wild,C1=NC(=C2C(=N1)N(C=N2)C3C(C(C(O3)COP(=O)(O)OP(=O)(O)OP(=O)(O)O)O)O)N,1.8182684735916261,1.360548734664917,-0.7285637259483337,1.8860578536987305
2474,P04807_wild,C1=NC(=C2C(=N1)N(C=N2)C3C(C(C(O3)COP(=O)(O)OP(=O)(O)OP(=O)(O)O)O)O)N,3.402089350572097,1.3148000240325928,-0.7774551510810852,1.8181920051574707
2475,P04807_wild,C(C1C(C(C(C(O1)O)O)O)O)O,2.8457868498048096,1.3269072771072388,-0.47451135516166687,1.585665225982666
2476,P04807_wild,C1=NC(=C2C(=N1)N(C=N2)C3C(C(C(O3)COP(=O)(O)OP(=O)(O)O)O)O)N,3.8000293592441343,1.1780545711517334,-1.083000898361206,2.103670358657837
2477,P04807_wild,C(C(C(C(C(C=O)O)O)O)O)OP(=O)(O)O,1.322908104524472,0.7811669111251831,0.14641568064689636,1.377312421798706
2478,P52789_wild,C1=NC(=C2C(=N1)N(C=N2)C3C(C(C(O3)COP(=O)(O)OP(=O)(O)OP(=O)(O)O)O)O)N,2.445292769425972,1.8728444576263428,-0.5586663484573364,1.6475796699523926
2479,P52789_wild,C(C1C(C(C(C(O1)O)O)O)O)O,2.6788799223135724,1.867740273475647,-0.9338010549545288,1.596347451210022
2480,P04806_wild,C1=NC(=C2C(=N1)N(C=N2)C3C(C(C(O3)COP(=O)(O)OP(=O)(O)O)O)O)N,1.6468723357443247,1.1862608194351196,-1.0178619623184204,2.1644439697265625
2481,P04806_wild,C(C(C(C(C(C=O)O)O)O)O)OP(=O)(O)O,-0.4685210829577449,0.8235178589820862,0.11182543635368347,1.4255409240722656
2482,P52789_D209A,C(C1C(C(C(C(O1)O)O)O)O)O,2.609238575955086,1.6471648216247559,-0.8900150656700134,1.4369053840637207
2483,P52789_D209A,C1=NC(=C2C(=N1)N(C=N2)C3C(C(C(O3)COP(=O)(O)OP(=O)(O)OP(=O)(O)O)O)O)N,2.231042625478805,1.6431102752685547,-0.50049889087677,1.480385422706604
2484,P52789_D657A,C1=NC(=C2C(=N1)N(C=N2)C3C(C(C(O3)COP(=O)(O)OP(=O)(O)OP(=O)(O)O)O)O)N,2.1721609654272487,1.6307722330093384,-0.5175402760505676,1.47664475440979
2485,P52789_D657A,C(C1C(C(C(C(O1)O)O)O)O)O,2.536242706838319,1.6388583183288574,-0.9079355597496033,1.4352751970291138
2486,P25779_wild,C1CC(N(C1)C(=O)C2=CC=CC=C2)C(=O)NC(CC3=CC=CC=C3)C(=O)NC(=O)C(CCCN=C(N)N)NC4=CC=C(C=C4)[N+](=O)[O-],1.5598125156861902,1.2606384754180908,-0.8406002521514893,1.545781135559082
2487,Q53FA7_wild,C1=CC=C2C(=C1)C=CC(=O)C2=O,0.08530999743411903,0.27091795206069946,-1.5903986692428589,1.5494706630706787
2488,Q53FA7_Y51F,C1=CC=C2C(=C1)C=CC(=O)C2=O,1.3290587192642247,0.18053551018238068,-1.5493720769882202,1.4820973873138428
2489,P16689_wild,CP(=O)(O)OC1C(C(C(O1)COP(=O)(O)OP(=O)(O)OP(=O)(O)O)O)O,2.057991946977687,0.3656599223613739,-1.0097005367279053,0.7853893041610718
2490,P16689_wild,C(C(C(C(COP(=O)(O)OP(=O)(O)O)O)O)O)O,-0.39794000867203766,-0.05063198506832123,-0.6059872508049011,0.703997015953064
2491,Q9MYU4_wild,C1=NC(=C2C(=N1)N(C=N2)C3C(C(C(O3)COP(=O)(O)OP(=O)(O)OP(=O)(O)O)O)O)N,5.443136757409295,1.6880042552947998,-1.7080813646316528,1.4842984676361084
2492,Q2T3J4_wild,C1CNC(C1O)C(=O)O,-0.18452442659254403,1.0950936079025269,0.7435184121131897,0.7104673385620117
2493,P00722_wild,C1=CC=C(C(=C1)[N+](=O)[O-])OC2C(C(C(C(O2)COP(=O)(O)O)O)O)O,3.7132104434506292,1.1708741188049316,-1.0923386812210083,0.8890331983566284
2494,P00722_wild,C1C(C(C(C(O1)OC2=CC=C(C=C2)[N+](=O)[O-])O)O)O,1.2598244660707743,1.1409103870391846,-0.19436177611351013,0.5752070546150208
2495,Q5XIC0_wild,CCC=CCC(=O)SCCNC(=O)CCNC(=O)C(C(C)(C)COP(=O)(O)OP(=O)(O)OCC1C(C(C(O1)N2C=NC3=C(N=CN=C32)N)O)OP(=O)(O)O)O,1.9208187539523753,1.4897499084472656,-0.6661621928215027,1.6823365688323975
2496,Q5XIC0_wild,CCCCC=CCC(=O)SCCNC(=O)CCNC(=O)C(C(C)(C)COP(=O)(O)OP(=O)(O)OCC1C(C(C(O1)N2C=NC3=C(N=CN=C32)N)O)OP(=O)(O)O)O,3.322219294733919,1.5695725679397583,-0.7262820601463318,1.7310914993286133
2497,Q5XIC0_wild,CCCCCCCCCCC=CCC(=O)SCCNC(=O)CCNC(=O)C(C(C)(C)COP(=O)(O)OP(=O)(O)OCC1C(C(C(O1)N2C=NC3=C(N=CN=C32)N)O)OP(=O)(O)O)O,4.2699957619240125,1.4652843475341797,-0.9649134278297424,1.8870034217834473
2498,Q5XIC0_wild,CCC=CCC=CC(=O)SCCNC(=O)CCNC(=O)C(C(C)(C)COP(=O)(O)OP(=O)(O)OCC1C(C(C(O1)N2C=NC3=C(N=CN=C32)N)O)OP(=O)(O)O)O,-1.7891927760225939,1.5086143016815186,-0.7111889719963074,1.713426947593689
2499,Q5XIC0_wild,CCCCCCCCC=CCC=CC(=O)SCCNC(=O)CCNC(=O)C(C(C)(C)COP(=O)(O)OP(=O)(O)OCC1C(C(C(O1)N2C=NC3=C(N=CN=C32)N)O)OP(=O)(O)O)O,2.7136932611567253,1.5241637229919434,-1.0128458738327026,1.9322590827941895
2500,P29952_wild,C(C1C(C(C(C(O1)O)O)O)O)OP(=O)(O)O,2.218244625347531,1.4269061088562012,-0.22290489077568054,1.594538688659668
2501,P46415_wild,CCCCCO,0.4137342758552695,0.32271504402160645,-0.6303240656852722,0.4418559968471527
2502,P46415_wild,CCCCCCCCO,1.6282219926397874,0.7248687148094177,-1.1806280612945557,1.0083585977554321
2503,P46415_wild,C1=CC(=C[N+](=C1)C2C(C(C(O2)COP(=O)([O-])OP(=O)(O)OCC3C(C(C(O3)N4C=NC5=C(N=CN=C54)N)O)O)O)O)C(=O)N,2.221848816430887,1.3581777811050415,-0.6312284469604492,1.2831010818481445
2504,P46415_wild,C(CC(=O)NC(CSCO)C(=O)NCC(=O)O)C(C(=O)O)N,3.425968732272281,1.4454468488693237,-0.5234479308128357,1.2392997741699219
2505,P11766_R115A,CCCCCCCCO,0.31875876262441283,0.4209231734275818,-1.3978601694107056,0.9906668663024902
2506,P11766_R115A,C(CCCCCC(=O)O)CCCCCO,0.4756995963890457,0.6333767771720886,-1.1211386919021606,0.7469003200531006
2507,P11766_R115A,C(CC(=O)NC(CSCO)C(=O)NCC(=O)O)C(C(=O)O)N,0.7614625420856268,1.0268304347991943,-0.7463544607162476,1.1912908554077148
2508,P11766_R115D,CCCCCCCCO,0.2596373105057561,0.28314200043678284,-1.3781746625900269,0.9006925821304321
2509,P11766_R115D,C(CCCCCC(=O)O)CCCCCO,0.09467722112100921,0.5092766880989075,-1.0872604846954346,0.6792874336242676
2510,P11766_R115D,C(CC(=O)NC(CSCO)C(=O)NCC(=O)O)C(C(=O)O)N,-0.18089014193744998,0.8979987502098083,-0.705819308757782,1.124511957168579
2511,Q3ZC42_wild,C(CC(=O)NC(CSCO)C(=O)NCC(=O)O)C(C(=O)O)N,2.2481777905256304,1.267822265625,-0.8509252071380615,1.4141113758087158
2512,P11766_Y93F,C(CC(=O)NC(CSCO)C(=O)NCC(=O)O)C(C(=O)O)N,2.22184877133108,1.1937682628631592,-0.7994772791862488,1.3572911024093628
2513,Q96533_wild,C(CC(=O)NC(CSCO)C(=O)NCC(=O)O)C(C(=O)O)N,3.5074061229164246,1.2883901596069336,-0.7786957621574402,1.370751142501831
2514,Q7BC51_wild,C=C(C(=O)O)OP(=O)(O)O,-1.3426209904467086,-0.4295099377632141,-0.4628225862979889,1.099303960800171
2515,Q7BC51_wild,CC(=O)NC1C(C(C(OC1O)CO)O)O,-1.7248107981404024,-0.603024959564209,1.2122143507003784,0.13887879252433777
2516,Q7BC51_wild,CCC(=O)NC1C(C(C(OC1O)CO)O)O,-1.4466318589625342,-0.8255294561386108,0.8599007725715637,0.3284676969051361
2517,Q7BC51_wild,CCCC(=O)NC1C(C(C(OC1O)CO)O)O,-2.4101744899058777,-1.1430604457855225,0.7724827527999878,0.18626047670841217
2518,Q7BC51_wild,CCCCC(=O)NC1C(C(C(OC1O)CO)O)O,-3.3678217609921717,-1.140957236289978,0.4688490927219391,0.47587135434150696
2519,P37666_wild,C(=O)C(=O)[O-],1.4879521023713442,1.7502493858337402,0.49926576018333435,1.0360959768295288
2520,B7VF77_wild,C1=CSC(=C1)C=O,1.7121496068973432,2.307147264480591,0.9727165102958679,1.165992259979248
2521,P0AB74_wild,C(C1C(C(C(O1)(COP(=O)(O)O)O)O)O)OP(=O)(O)O,1.2540334640087911,0.05162874609231949,-1.1013661623001099,0.6413205862045288
2522,P24057_wild,C(CC(C(=O)O)N)CN=C(N)NC(CC(=O)O)C(=O)O,3.026328938722349,-0.05466093122959137,-0.06840178370475769,0.7513754367828369
2523,P24058_wild,C(CC(C(=O)O)N)CN=C(N)NC(CC(=O)O)C(=O)O,3.6471383660631504,0.6747549772262573,-0.4667274057865143,1.389299988746643
2524,P24057_M9W,C(CC(C(=O)O)N)CN=C(N)NC(CC(=O)O)C(=O)O,0.15295251314234448,0.08524543046951294,-0.13982990384101868,0.884140133857727
2525,P24057_M9W/V14S,C(CC(C(=O)O)N)CN=C(N)NC(CC(=O)O)C(=O)O,0.14968784644445826,0.08807724714279175,-0.1353144645690918,0.8844048976898193
2526,P24057_M9W/E115D,C(CC(C(=O)O)N)CN=C(N)NC(CC(=O)O)C(=O)O,1.0861418295916616,0.3037622272968292,-0.2020409107208252,1.0133190155029297
2527,P24057_M9Y/E115D,C(CC(C(=O)O)N)CN=C(N)NC(CC(=O)O)C(=O)O,0.6056052720926121,0.24697120487689972,-0.168300062417984,0.9553486108779907
2528,P24057_M9F/E115D,C(CC(C(=O)O)N)CN=C(N)NC(CC(=O)O)C(=O)O,0.3837815041830649,0.2565668821334839,-0.17706114053726196,0.9707992076873779
2529,P24058_S29A,C(CC(C(=O)O)N)CN=C(N)NC(CC(=O)O)C(=O)O,1.772950056697836,0.6512236595153809,-0.4664055407047272,1.3749521970748901
2530,P24058_D33N,C(CC(C(=O)O)N)CN=C(N)NC(CC(=O)O)C(=O)O,-0.23462303765278528,0.4401845932006836,-0.4028553366661072,1.2391326427459717
2531,P24058_N116D,C(CC(C(=O)O)N)CN=C(N)NC(CC(=O)O)C(=O)O,-1.0290714479472582,0.5709393620491028,-0.4224037528038025,1.302284598350525
2532,P24058_T161S,C(CC(C(=O)O)N)CN=C(N)NC(CC(=O)O)C(=O)O,1.6658935455344326,0.659052848815918,-0.4564264118671417,1.3776439428329468
2533,P24058_T281V,C(CC(C(=O)O)N)CN=C(N)NC(CC(=O)O)C(=O)O,1.2979167602398383,0.5563468933105469,-0.4080447852611542,1.2975789308547974
2534,P24058_D293N,C(CC(C(=O)O)N)CN=C(N)NC(CC(=O)O)C(=O)O,-0.1576078533616681,0.31867948174476624,-0.3801756799221039,1.1809332370758057
2535,P24058_K325N,C(CC(C(=O)O)N)CN=C(N)NC(CC(=O)O)C(=O)O,-0.8004276450947959,0.6655036807060242,-0.42421743273735046,1.3499476909637451
2536,Q9CA40_wild,C1C(C(OC1N2C3=C(C(=O)NC(=N3)N)NC2=O)COP(=O)(O)OP(=O)(O)OP(=O)(O)O)O,1.5654310959658013,-0.4251045286655426,-1.5901931524276733,1.0355157852172852
2537,Q9CA40_wild,C1C(C(OC1N2C=NC3=C2N=C(NC3=O)N)COP(=O)(O)OP(=O)(O)OP(=O)(O)O)O,1.1534095376170599,-0.4120929539203644,-0.8620114922523499,0.8694536685943604
2538,Q9CA40_wild,C1C(C(OC1N2C=NC3=C(N=CN=C32)N)COP(=O)(O)OP(=O)(O)OP(=O)(O)O)O,1.0236230453464243,-0.2657114267349243,-0.7244716286659241,1.0081007480621338
2539,Q9CA40_wild,CC1=CN(C(=O)NC1=O)C2CC(C(O2)COP(=O)(O)OP(=O)(O)OP(=O)(O)O)O,1.204815410317576,-0.683355987071991,-0.8596550822257996,0.7722330093383789
2540,Q9CA40_wild,C(C1C(C(C(O1)N2C3=C(C(=O)NC(=N3)N)NC2=O)O)O)OP(=O)(O)OP(=O)(O)OP(=O)(O)O,1.2836874399178886,-0.31699109077453613,-1.6478617191314697,1.102766752243042
2541,O95394_wild,CC(=O)NC1C(C(C(OC1O)COP(=O)(O)O)O)O,1.5873675285954953,-1.247344970703125,-1.0891220569610596,1.2196807861328125
2542,O95394_G58A,CC(=O)NC1C(C(C(OC1O)COP(=O)(O)O)O)O,0.89913248012638,-1.2574453353881836,-1.0885887145996094,1.2006876468658447
2543,O95394_T62A,CC(=O)NC1C(C(C(OC1O)COP(=O)(O)O)O)O,1.7420754804220038,-1.3876632452011108,-1.0737342834472656,1.1444745063781738
2544,O95394_H65R,CC(=O)NC1C(C(C(OC1O)COP(=O)(O)O)O)O,-3.7471820979760273,-1.5333644151687622,-0.9915435910224915,1.0437467098236084
2545,O95394_N66A,CC(=O)NC1C(C(C(OC1O)COP(=O)(O)O)O)O,-0.5815061583251868,-1.6631743907928467,-1.0258561372756958,0.987099826335907
2546,O95394_P67A,CC(=O)NC1C(C(C(OC1O)COP(=O)(O)O)O)O,1.2678992308788968,-1.2666816711425781,-1.1014060974121094,1.2271225452423096
2547,O95394_D70A,CC(=O)NC1C(C(C(OC1O)COP(=O)(O)O)O)O,1.4131625820827254,-1.2573882341384888,-1.09769868850708,1.222650408744812
2548,O95394_G72A,CC(=O)NC1C(C(C(OC1O)COP(=O)(O)O)O)O,0.3287566827965863,-1.300848126411438,-1.0866200923919678,1.1917102336883545
2549,O95394_K74A,CC(=O)NC1C(C(C(OC1O)COP(=O)(O)O)O)O,-0.7388597803574767,-1.6226098537445068,-1.041610836982727,0.9971668720245361
2550,O95394_D276E,CC(=O)NC1C(C(C(OC1O)COP(=O)(O)O)O)O,-3.111694619177932,-1.373622179031372,-1.0612605810165405,1.1681504249572754
2551,O95394_G277A,CC(=O)NC1C(C(C(OC1O)COP(=O)(O)O)O)O,1.1020556472959373,-1.334717035293579,-1.067029595375061,1.1702070236206055
2552,O95394_D280A,CC(=O)NC1C(C(C(OC1O)COP(=O)(O)O)O)O,-2.379668077463104,-1.6051485538482666,-1.0418111085891724,1.0460569858551025
2553,O95394_R496A,CC(=O)NC1C(C(C(OC1O)COP(=O)(O)O)O)O,-3.4160511078497593,-1.4514801502227783,-1.0617798566818237,1.125549554824829
2554,O95394_G499A,CC(=O)NC1C(C(C(OC1O)COP(=O)(O)O)O)O,-0.8162412999917832,-1.440577745437622,-1.080878734588623,1.1201387643814087
2555,O95394_T500A,CC(=O)NC1C(C(C(OC1O)COP(=O)(O)O)O)O,-1.9306308120263238,-1.6431241035461426,-1.0198311805725098,0.9573421478271484
2556,P16250_wild,C1=NC(=C(N1C2C(C(C(O2)COP(=O)(O)O)O)O)NC=NC3C(C(C(O3)COP(=O)(O)O)O)O)C(=O)N,1.5070844780971058,0.17139549553394318,-1.492302656173706,1.0151500701904297
2557,Q14164_wild,CC1=C(C(=NC(=N1)N)N)OCCCOC2=CC(=C(C=C2Cl)Cl)Cl,1.2485181935130143,-0.9969096779823303,-2.0283706188201904,0.9810875654220581
2558,P0A991_wild,C(C(C(C(C(=O)COP(=O)(O)O)O)O)O)O,-2.451567026163154,-0.13906626403331757,0.20936253666877747,0.804043173789978
2559,P0A991_K239A,C(C(C(C(C(=O)COP(=O)(O)O)O)O)O)O,-2.380211241711606,-0.24276776611804962,0.23472613096237183,0.7145035862922668
2560,P00374_wild,C1C=CN(C=C1C(=O)N)C2C(C(C(O2)COP(=O)(O)OP(=O)(O)OCC3C(C(C(O3)N4C=NC5=C(N=CN=C54)N)O)O)O)O,1.8239087409443187,1.195556402206421,-1.6798696517944336,2.6959269046783447
2561,Q8S3J3_wild,C12=NC(=O)NC1(C(=O)NC(=O)N2)O,3.2041199826559246,0.7435950040817261,-1.4241362810134888,1.6913747787475586
2562,P15650_wild,C[N+]1=C2C=CC=CC2=NC3=CC=CC=C31.COS(=O)(=O)[O-],0.7323937598229685,1.399008870124817,-0.5967937111854553,1.4928464889526367
2563,P15650_wild,CCCCCCCC(=O)SCCNC(=O)CCNC(=O)C(C(C)(C)COP(=O)(O)OP(=O)(O)OCC1C(C(C(O1)N2C=NC3=C(N=CN=C32)N)O)OP(=O)(O)O)O,1.290306130272208,1.079258918762207,-2.026113748550415,2.1900417804718018
2564,P15650_wild,CCCCCCCCCC(=O)SCCNC(=O)CCNC(=O)C(C(C)(C)COP(=O)(O)OP(=O)(O)OCC1C(C(C(O1)N2C=NC3=C(N=CN=C32)N)O)OP(=O)(O)O)O,2.2676062401770314,1.0436737537384033,-2.146069049835205,2.223034381866455
2565,P15650_wild,CCCCCCCCCCCC(=O)SCCNC(=O)CCNC(=O)C(C(C)(C)COP(=O)(O)OP(=O)(O)OCC1C(C(C(O1)N2C=NC3=C(N=CN=C32)N)O)OP(=O)(O)O)O,2.778151250383644,1.0232124328613281,-2.228626012802124,2.258453369140625
2566,P15650_wild,CCCCCCCCCCCCCC(=O)SCCNC(=O)CCNC(=O)C(C(C)(C)COP(=O)(O)OP(=O)(O)OCC1C(C(C(O1)N2C=NC3=C(N=CN=C32)N)O)OP(=O)(O)O)O,2.9089195306526676,0.9997807741165161,-2.304516315460205,2.275404214859009
2567,P15650_wild,CCCCCCCCCCCCCCCC(=O)SCCNC(=O)CCNC(=O)C(C(C)(C)COP(=O)(O)OP(=O)(O)OCC1C(C(C(O1)N2C=NC3=C(N=CN=C32)N)O)OP(=O)(O)O)O,3.334453751150931,0.9474648833274841,-2.3310461044311523,2.286287546157837
2568,P15650_wild,CCCCCCCCCCCCCCCCCC(=O)SCCNC(=O)CCNC(=O)C(C(C)(C)COP(=O)(O)OP(=O)(O)OCC1C(C(C(O1)N2C=NC3=C(N=CN=C32)N)O)OP(=O)(O)O)O,2.9208187539523753,0.9274736046791077,-2.308218479156494,2.3060660362243652
2569,P15650_wild,CCCCCCCCC=CCCCCCCCC(=O)SCCNC(=O)CCNC(=O)C(C(C)(C)COP(=O)(O)OP(=O)(O)OCC1C(C(C(O1)N2C=NC3=C(N=CN=C32)N)O)OP(=O)(O)O)O,2.810335933755045,1.1061022281646729,-2.332697868347168,2.371309518814087
2570,Q9S7R8_wild,COC1=C(C=CC(=C1)C=CC=O)O,0.6549960665157609,0.1650232970714569,-1.0241000652313232,1.0936224460601807
2571,Q9S7R8_wild,COC1=CC(=CC(=C1O)OC)C=CC=O,0.49257820578348765,0.29208245873451233,-1.0557273626327515,1.0246058702468872
2572,Q9LVR1_wild,COC1=C(C=CC(=C1)C=CC=O)O,1.8356905714924256,-0.00887312088161707,-1.0054655075073242,1.0008569955825806
2573,Q9LVR1_wild,COC1=CC(=CC(=C1O)OC)C=CC=O,1.7323937598229686,0.13994580507278442,-1.1115318536758423,0.9970531463623047
2574,Q9LVR1_wild,COC1=C(C=CC(=C1)C=CCO)O,1.7229080118341078,0.1726142317056656,-1.0721405744552612,0.9844921827316284
2575,Q9LVR1_wild,COC1=CC(=CC(=C1O)OC)C=CCO,1.4790471757557009,0.18640820682048798,-0.7683045268058777,0.9525048732757568
2576,A5JTM5_wild,CC(C)(COP(=O)(O)OP(=O)(O)OCC1C(C(C(O1)N2C=NC3=C(N=CN=C32)N)O)OP(=O)(O)O)C(C(=O)NCCC(=O)NCCSC(=O)C4=CC=C(C=C4)Cl)O,2.793526111950598,-0.6433231234550476,-1.686503291130066,0.8320833444595337
2577,A5JTM5_Y65D,CC(C)(COP(=O)(O)OP(=O)(O)OCC1C(C(C(O1)N2C=NC3=C(N=CN=C32)N)O)OP(=O)(O)O)C(C(=O)NCCC(=O)NCCSC(=O)C4=CC=C(C=C4)Cl)O,1.6020599913279625,-0.46544143557548523,-1.708644986152649,0.9485667943954468
2578,A5JTM5_A112V,CC(C)(COP(=O)(O)OP(=O)(O)OCC1C(C(C(O1)N2C=NC3=C(N=CN=C32)N)O)OP(=O)(O)O)C(C(=O)NCCC(=O)NCCSC(=O)C4=CC=C(C=C4)Cl)O,1.2943994167649682,-0.6515293717384338,-1.6748179197311401,0.817407488822937
2579,A5JTM5_G113A,CC(C)(COP(=O)(O)OP(=O)(O)OCC1C(C(C(O1)N2C=NC3=C(N=CN=C32)N)O)OP(=O)(O)O)C(C(=O)NCCC(=O)NCCSC(=O)C4=CC=C(C=C4)Cl)O,-0.5118833609788743,-0.6453385353088379,-1.7025808095932007,0.8261055946350098
2580,A5JTM5_G113S,CC(C)(COP(=O)(O)OP(=O)(O)OCC1C(C(C(O1)N2C=NC3=C(N=CN=C32)N)O)OP(=O)(O)O)C(C(=O)NCCC(=O)NCCSC(=O)C4=CC=C(C=C4)Cl)O,1.8608208242770898,-0.7356201410293579,-1.6064473390579224,0.7143176794052124
2581,Q9N1U7_wild,C(CC(C(=O)O)N)CN,3.2941180012476514,1.6468702554702759,-0.2533993422985077,0.8861734867095947
2582,Q9N1U7_wild,C(=O)(N)OP(=O)(O)O,4.960087745480744,1.729982614517212,-1.3507388830184937,1.2070703506469727
