,fasta_id,smiles,Label,pred_log10[kcat(s^-1)],pred_log10[Km(mM)],pred_log10[kcat/Km(s^-1mM^-1)]
0,D7UT17_wild,C(C1C(C(C(C(O1)OP(=O)(O)O)O)O)O)O,0.5341597556900266,1.6421548128128052,-0.20384445786476135,1.7094435691833496
1,D7UT17_wild,C(C1C(C(C(C(O1)O)O)O)O)O,0.4064837822153312,1.493375301361084,0.6884535551071167,1.0426075458526611
2,L7NCQ3_wild,CC(C)(COP(=O)(O)OP(=O)(O)OCC1C(C(C(O1)N2C=NC3=C(N=CN=C32)N)O)OP(=O)(O)O)C(C(=O)NCCC(=O)NCCSC(=O)C4=CC=CC=C4)O,0.7109789118090343,-1.5099302530288696,-2.21262788772583,0.9495863914489746
3,L7NCQ3_wild,CC(C)(COP(=O)(O)OP(=O)(O)OCC1C(C(C(O1)N2C=NC3=C(N=CN=C32)N)O)OP(=O)(O)O)C(C(=O)NCCC(=O)NCCSC(=O)CC(=O)O)O,0.5506090872254888,-1.604430913925171,-1.9376096725463867,1.0457401275634766
4,P61615_wild,CC(=C)CCOP(=O)(O)OP(=O)(O)O,0.5016894462103996,-1.62580406665802,-2.001875400543213,1.1949405670166016
5,P61615_Q160L,CC(=C)CCOP(=O)(O)OP(=O)(O)O,-0.833668578233475,-1.6228368282318115,-2.001420021057129,1.1877321004867554
6,P61615_Q160N,CC(=C)CCOP(=O)(O)OP(=O)(O)O,-1.2106837521583131,-1.6125528812408447,-1.9976632595062256,1.1954638957977295
7,P61615_Q160E,CC(=C)CCOP(=O)(O)OP(=O)(O)O,-0.44195683765641147,-1.6022964715957642,-1.9951367378234863,1.168764352798462
8,P61615_Q160H,CC(=C)CCOP(=O)(O)OP(=O)(O)O,-0.8512583487190752,-1.6188781261444092,-1.9951567649841309,1.190539002418518
9,B2ILS5_wild,CC(=C)CCOP(=O)(O)OP(=O)(O)O,0.5471591213274174,-0.3278905153274536,-2.0161290168762207,0.9934141039848328
10,Q9SCL7_wild,CC(=O)NC(CCC(=O)O)C(=O)O,1.4229680143739687,1.3333286046981812,0.5522956252098083,0.6913185715675354
11,M1EY73_wild,CN1C=NC2=C1C(=O)NC(=O)N2,1.019428551838326,-0.8334301114082336,-1.2694461345672607,0.6876700520515442
12,E6ENP9_wild,C(C1C(C(C(C(O1)O)O)O)OC2C(C(C(C(O2)COP(=O)(O)O)O)O)O)O,1.4944261129281435,1.9740792512893677,-6.143935024738312e-05,1.1288999319076538
13,M1V9Q0_wild,CC(=CCCC(=CCCC(=CCCC(=CCOP(=O)(O)OP(=O)(O)O)C)C)C)C,-0.29964173295206087,-2.6607143878936768,-2.3997573852539062,0.09699594974517822
14,P37484_wild,C1C2C(C(C(O2)N3C=NC4=C(N=CN=C43)N)O)OP(=O)(OCC5C(C(C(O5)N6C=NC7=C(N=CN=C76)N)O)OP(=O)(O1)O)O,2.626419337187407,-0.27321234345436096,-1.5248792171478271,1.0685946941375732
15,P37484_wild,C1C2C(C(C(O2)N3C=NC4=C3N=C(NC4=O)N)O)OP(=O)(OCC5C(C(C(O5)N6C=NC7=C6N=C(NC7=O)N)O)OP(=O)(O1)O)O,-0.18109759094146255,-0.7628755569458008,-1.5143051147460938,0.49588245153427124
16,Q2I828_wild,C1C=CN(C=C1C(=O)N)C2C(C(C(O2)COP(=O)(O)OP(=O)(O)OCC3C(C(C(O3)N4C=NC5=C(N=CN=C54)N)O)O)O)O,4.18345235870205,1.6388083696365356,-1.217286229133606,2.424060344696045
17,Q2I827_wild,C1C=CN(C=C1C(=O)N)C2C(C(C(O2)COP(=O)(O)OP(=O)(O)OCC3C(C(C(O3)N4C=NC5=C(N=CN=C54)N)O)O)O)O,4.248177688338705,1.5899081230163574,-1.1551836729049683,2.431666374206543
18,Q2I826_wild,C1C=CN(C=C1C(=O)N)C2C(C(C(O2)COP(=O)(O)OP(=O)(O)OCC3C(C(C(O3)N4C=NC5=C(N=CN=C54)N)O)O)O)O,3.8567899673389743,1.70090913772583,-1.228757619857788,2.319408655166626
19,P77788_wild,CC1=CN(C(=O)N=C1N)C2CC(C(O2)COP(=O)(O)OP(=O)(O)OP(=O)(O)O)O,2.477962096186646,1.4077849388122559,-0.42623603343963623,1.0380370616912842
20,P77788_wild,C1C(C(OC1N2C=CC(=NC2=O)N)COP(=O)(O)OP(=O)(O)OP(=O)(O)O)O,1.3557538843336188,1.338138222694397,-0.5725802779197693,1.058336615562439
21,P77788_wild,C1=CN(C(=O)N=C1N)C2C(C(C(O2)COP(=O)(O)OP(=O)(O)OP(=O)(O)O)O)O,1.670468107111445,1.7012019157409668,-0.40265360474586487,0.9220970869064331
22,P77788_wild,C1=C(C(=NC(=O)N1C2C(C(C(O2)COP(=O)([O-])OP(=O)([O-])OP(=O)([O-])[O-])O)O)N)O,2.7994519212920954,1.656604528427124,-0.989702045917511,1.2183482646942139
23,Q5XA29_H169A,C1=CN(C(=O)NC1=O)C2C(C(C(O2)CO)O)O,0.99745281098612,0.6819648742675781,-0.3608737289905548,1.5503828525543213
24,Q5XA29_wild,C1=CN(C(=O)NC1=O)C2C(C(C(O2)CO)O)O,1.9774341721012587,0.6647402048110962,-0.3723219335079193,1.5282869338989258
25,P67603_H70A,CC(=O)NC1=NC(=O)N(C=C1)C2C(C(C(O2)CO)O)O,2.6627578316815743,0.5913214087486267,-0.3327298164367676,0.14833109080791473
26,P67603_wild,CC(=O)NC1=NC(=O)N(C=C1)C2C(C(C(O2)CO)O)O,3.447158031342219,0.5365534424781799,-0.370627224445343,0.12798485159873962
27,P67603_E74A,CC(=O)NC1=CC=NC(=O)N1,-0.13469857389745618,0.014740440994501114,-0.17640255391597748,-0.27366647124290466
28,P67603_wild,C1C(C(OC1N2C=CC(=NC2=O)NC(=O)C3=CC=CC=C3)CO)O,-0.6320232147054056,0.6070072054862976,-0.5483207106590271,0.6414811611175537
29,P67603_E74A,CC(=O)NC1=NC(=O)N(C=C1)C2C(C(C(O2)CO)O)O,1.5440680443502757,0.416081964969635,-0.3453676700592041,0.03412514925003052
30,P67603_wild,CC(=O)NC1=CC=NC(=O)N1,3.0,0.1475004255771637,-0.2298581451177597,-0.17281553149223328
31,P67603_wild,CC(=O)NC1=NC(=O)N(C=C1)C2CC(C(O2)CO)O,2.40226138245468,0.5665136575698853,-0.46322497725486755,0.32957857847213745
32,P67603_Y89A,CC(=O)NC1=NC(=O)N(C=C1)C2C(C(C(O2)CO)O)O,1.2596373105057561,0.5329663753509521,-0.35033494234085083,0.22548437118530273
33,P67603_D27A,CC(=O)NC1=NC(=O)N(C=C1)C2C(C(C(O2)CO)O)O,3.0147232568207065,0.47212928533554077,-0.3774604797363281,0.1473083347082138
34,P67603_wild,CC(C)C(=O)NC1=NC(=O)N(C=C1)C2CC(C(O2)CO)O,1.596307662438871,0.6655161380767822,-0.4200449585914612,0.3518354296684265
35,P67603_wild,CCCCCOC(=O)NC1=NC(=O)N(C=C1F)C2C(C(C(O2)C)O)O,-1.640978057358332,0.1478882133960724,-0.7493553161621094,0.06058359146118164
36,P67603_wild,CC(=O)NC1=C(C=NC(=O)N1)F,1.6320232147054057,0.272134006023407,-0.3176911473274231,-0.020686209201812744
37,P67603_wild,C1=CC=C(C=C1)C(=O)NC2=NC(=O)N(C=C2)C3C(C(C(O3)CO)O)O,-0.4522976709946218,0.6860359907150269,-0.7184504270553589,0.4835284948348999
38,Q602L6_wild,C(C(=O)COP(=O)(O)O)O,-1.6766936096248666,-0.6725974082946777,-0.8552548885345459,0.7437901496887207
39,Q602L6_wild,C(C(C(C(C(C(=O)COP(=O)(O)O)O)O)O)O)OP(=O)(O)O,-1.8016323462331665,-0.4598965048789978,-1.5646588802337646,1.164980173110962
40,Q602L6_wild,C(C(C=O)O)OP(=O)(O)O,-2.7671558660821804,-0.14571288228034973,-0.856363832950592,1.3713927268981934
41,E5LLI1_wild,CC(=CCCC(=CCCC(=CCOP(=O)(O)OP(=O)(O)O)C)C)C,1.6989700043360187,-1.3297396898269653,-2.205953359603882,0.47766149044036865
42,C4M5H3_wild,C1=NC(=C2C(=N1)N(C=N2)C3C(C(C(O3)COP(=O)(O)OP(=O)(O)OP(=O)(O)O)O)O)N,2.795880017344075,-0.22839507460594177,-1.188946008682251,1.463866114616394
43,P76524_wild,CC(C(=O)NC(C)C(=O)O)NC(=O)C(CCSC)N,0.8143634230380883,1.2199980020523071,-0.1962665468454361,0.845579981803894
44,P76524_wild,CSCCC(C(=O)N1CCCC1C(=O)O)N,0.620886848587446,2.1861908435821533,0.20631365478038788,1.3854844570159912
45,Q9RUY4_wild,CC(C(=O)NC(C)C(=O)O)NC(=O)C(CCSC)N,1.845098040014257,0.8969138860702515,0.1414216160774231,0.8860236406326294
46,Q9RUY4_wild,CC(C(=O)O)NC(=O)C1CCCN1C(=O)C(CCSC)N,2.1050617650276022,2.0971181392669678,0.4595053195953369,1.383162498474121
47,Q9RUY4_D53A,CC(C(=O)O)NC(=O)C1CCCN1C(=O)C(CCSC)N,0.9420080530223133,1.859970211982727,0.5279474854469299,1.108408808708191
48,Q9RUY4_wild,CC(C(=O)O)NC(=O)C1CCCN1C(=O)C(CCCN=C(N)N)N,2.057991946977687,2.159222364425659,0.5373392105102539,1.3702034950256348
49,Q9RUY4_R55A,CC(C(=O)O)NC(=O)C1CCCN1C(=O)C(CCCN=C(N)N)N,1.460253329432367,1.9331201314926147,0.643307089805603,1.1998189687728882
50,Q9RUY4_Y56A,CC(C(=O)O)NC(=O)C1CCCN1C(=O)C(CCSC)N,1.5550634286517389,1.8774241209030151,0.5264732241630554,1.1898106336593628
51,Q9RUY4_D53A,CC(C(=O)O)NC(=O)C1CCCN1C(=O)C(CCCN=C(N)N)N,0.6842467475153124,1.8792132139205933,0.6104691028594971,1.1112802028656006
52,Q9RUY4_wild,CSCCC(C(=O)N1CCCC1C(=O)O)N,0.9112247728737141,1.8750717639923096,0.6567049026489258,1.5508325099945068
53,Q9RUY4_R55A,CC(C(=O)O)NC(=O)C1CCCN1C(=O)C(CCSC)N,1.3730326570844897,1.8958088159561157,0.541812002658844,1.2066285610198975
54,Q9RUY4_Y56A,CC(C(=O)O)NC(=O)C1CCCN1C(=O)C(CCCN=C(N)N)N,1.2575643018828908,1.906765103340149,0.6238269209861755,1.1840898990631104
55,P9WPR5_wild,CC1=C(C(CCC1)(C)C)C=CC(=CC=CC(=CC=CC=C(C)C=CC=O)C)C,4.281157093463985,0.551706850528717,-1.6165595054626465,0.04915812611579895
56,P9WPR5_wild,CC1=C(C(CC(C1)O)(C)C)C=CC(=CC=CC(=CC=CC=C(C)C=CC=C(C)C=O)C)C,4.77616362914813,0.8510907888412476,-1.4829230308532715,0.5620393753051758
57,P9WPR5_wild,CC1=C(C(CCC1)(C)C)C=CC(=CC=CC(=CC=CC=C(C)C=CC=C(C)C=O)C)C,4.981277044550683,0.5626856088638306,-1.6644065380096436,0.22217267751693726
58,P40288_Q252L,C(C1C(C(C(C(O1)O)O)O)O)O,1.597969275225808,1.887567400932312,1.3175601959228516,-0.4166996479034424
59,P40288_wild,C(C1C(C(C(C(O1)O)O)O)O)O,1.4504690599482222,1.8900302648544312,1.3489327430725098,-0.43948137760162354
60,P40288_Q252L/E170K/S100P/K166R,C(C1C(C(C(C(O1)O)O)O)O)O,0.7481880270062004,1.9032782316207886,1.2547857761383057,-0.30145758390426636
61,P40288_Q252L/E170K/S100P/K166R/V72I/K137R,C(C1C(C(C(C(O1)O)O)O)O)O,0.8375008582637353,1.8397400379180908,1.2253189086914062,-0.29464390873908997
62,P40288_E170K,C(C1C(C(C(C(O1)O)O)O)O)O,1.6714814000864309,1.880172610282898,1.2921953201293945,-0.3858315348625183
63,P40288_Q252L/E170K,C(C1C(C(C(C(O1)O)O)O)O)O,1.2831972185289648,1.872631549835205,1.2673356533050537,-0.3661733567714691
64,P40288_Q252L/E170K/S100P,C(C1C(C(C(C(O1)O)O)O)O)O,0.7467183319254248,1.8797334432601929,1.2564787864685059,-0.33630669116973877
65,P40288_Q252L/E170K/S100P/K166R/K137R,C(C1C(C(C(C(O1)O)O)O)O)O,0.6728891630108214,1.8472598791122437,1.2402509450912476,-0.3003983795642853
66,P40288_Q252L/E170K/S100P/K166R/V72I,C(C1C(C(C(C(O1)O)O)O)O)O,0.8136895757626327,1.8963561058044434,1.2388442754745483,-0.2945724427700043
67,P40288_Q252L/E170K/K166R,C(C1C(C(C(C(O1)O)O)O)O)O,0.6984400537127233,1.90047287940979,1.2671642303466797,-0.33169591426849365
68,C5IFU0_wild,C1=CC(=C[N+](=C1)C2C(C(C(O2)COP(=O)([O-])OP(=O)(O)OCC3C(C(C(O3)N4C=NC5=C(N=CN=C54)N)O)O)O)O)C(=O)N,3.087569986753913,1.8889827728271484,-0.5104763507843018,0.569822371006012
69,C5IFU0_wild,C1=CC(=C[N+](=C1)C2C(C(C(O2)COP(=O)(O)OP(=O)(O)OCC3C(C(C(O3)N4C=NC5=C(N=CN=C54)N)OP(=O)(O)O)O)O)O)C(=O)N,3.1111504521226667,1.8353163003921509,-0.7909418940544128,0.6693503260612488
70,P39485_wild,C(C1C(C(C(C(O1)O)O)O)O)O,2.0114294617807817,1.6866480112075806,1.356593132019043,-0.46603527665138245
71,K9JTB0_wild,C(C(COP(=O)(O)O)O)O,-1.7774927294357847,0.9226570129394531,-0.2516959607601166,0.1794711947441101
72,Q72EF0_wild,C1=NC(=C2C(=N1)N(C=N2)C3C(C(C(O3)COP(=O)(O)OP(=O)(O)OP(=O)(O)O)O)O)N,0.41559156086083665,1.2161592245101929,-0.2647002339363098,1.4316107034683228
73,Q72EF0_wild,CC(C)CC(=O)[O-],-0.7029361915536202,0.5105238556861877,0.6947134733200073,0.6953346729278564
74,Q72EF0_wild,CCCC(=O)[O-],-0.03185888104410564,0.558163583278656,1.0740207433700562,0.6238473653793335
75,Q72EF0_wild,CC(C)C(=O)O,-0.3577274722886692,0.5951452255249023,0.5407386422157288,0.7822086811065674
76,Q72EF0_wild,CCC(C)C(=O)[O-],-0.9539389131446103,0.37184202671051025,0.6786391735076904,0.6679033041000366
77,Q72EF0_wild,CCC(=O)[O-],-0.6020599913279624,0.8875847458839417,1.0454823970794678,0.727330207824707
78,P9WG59_wild,C(COP(=O)(O)O)C(C(=O)O)N,0.784141614072831,0.4426727890968323,-0.4613999128341675,0.6624858379364014
79,Q97BK3_G114A,C(C(C(=O)O)N)O,-1.141329152796228,-1.3752987384796143,-0.3323315978050232,-0.12028321623802185
80,Q97BK3_I113A,C(C(C(=O)O)N)O,-1.840299157132488,-1.461840033531189,-0.3268375098705292,-0.17973196506500244
81,Q97BK3_G114A,CC(C(C(=O)O)N)O,3.4482451269834336,-0.7845335006713867,-0.46634259819984436,0.22257867455482483
82,Q97BK3_G114A,CC(CN)O,-1.6268835750528738,-1.4018751382827759,-0.20911385118961334,0.5747785568237305
83,Q97BK3_T178A,C(C(C(=O)O)N)O,-2.057991946977687,-1.3941227197647095,-0.33652862906455994,-0.11748790740966797
84,Q97BK3_D180A,CC(C(C(=O)O)N)O,0.9347332684874085,-0.9195715188980103,-0.47028037905693054,0.1908678114414215
85,Q97BK3_I113A,CC(C(C(=O)O)N)O,1.9188401879702872,-0.8728209137916565,-0.4432334303855896,0.15817074477672577
86,Q9Y6W6_wild,CC1=CC(=O)OC2=C(C(=C(C=C12)F)OP(=O)(O)O)F,0.2757241303992109,-1.4752840995788574,-1.8072757720947266,0.9296629428863525
87,Q66GM9_wild,CCC(C)C(C(=O)O)N,-0.18787340893808335,-0.16998493671417236,0.39267677068710327,-0.09494569897651672
88,Q9AR04_T296S,CC(=CCCC(=CCCC(=CCOP(=O)(O)OP(=O)(O)O)C)C)C,-0.6434526764861874,-1.3973735570907593,-2.194385528564453,0.43914011120796204
89,Q9AR04_wild,CC(=CCCC(=CCCC(=CCOP(=O)(O)OP(=O)(O)O)C)C)C,0.027496173586359,-1.3695253133773804,-2.2099761962890625,0.4448607861995697
90,Q9AR04_T296A,CC(=CCCC(=CCCC(=CCOP(=O)(O)OP(=O)(O)O)C)C)C,-0.26257174384480564,-1.3946812152862549,-2.2185373306274414,0.4436643719673157
91,Q9AR04_T296I,CC(=CCCC(=CCCC(=CCOP(=O)(O)OP(=O)(O)O)C)C)C,-1.1827218379546944,-1.3806289434432983,-2.220632314682007,0.4806394875049591
92,Q9AR04_T296V,CC(=CCCC(=CCCC(=CCOP(=O)(O)OP(=O)(O)O)C)C)C,-1.2741578492636798,-1.3949743509292603,-2.2270925045013428,0.47684088349342346
93,U6A566_wild,C1=CC(=CC=C1[N+](=O)[O-])OP(=O)(O)O,0.7328282715969862,1.7126911878585815,-0.5497821569442749,1.2791404724121094
94,E9RK37_wild,CSCC(C(=O)O)N,-0.6384892569546373,-0.6702806353569031,0.4857833683490753,0.3588002920150757
95,E9RK37_wild,C1=CC=C2C(=C1)C(=CN2)CC(C(=O)O)N,0.29148467775775083,-0.4452977180480957,-0.1696123629808426,0.6978702545166016
96,E9RK37_wild,CCSCC(C(=O)O)N,-0.26566090889799426,-0.42909032106399536,0.1616525501012802,0.3710630536079407
97,A5EYI0_wild,CSCC(C(=O)O)N,0.0,-0.17397639155387878,0.5273467302322388,0.3208535611629486
98,A5EYI0_wild,C1=CC=C(C=C1)CSCC(C(=O)O)N,-4.8216373327664354e-17,-0.24073398113250732,-0.11408723890781403,0.5389918088912964
99,A5EYI0_wild,C1=CC=C2C(=C1)C(=CN2)CC(C(=O)O)N,0.0,-0.1380351483821869,-0.2651626169681549,0.4728779196739197
100,M5AJW4_wild,C1=CC=C(C=C1)C=CCO,1.8340090678486445,-0.23480504751205444,-0.2687927782535553,0.6039827466011047
101,M5AJW4_wild,C1=CC(=C[N+](=C1)C2C(C(C(O2)COP(=O)([O-])OP(=O)(O)OCC3C(C(C(O3)N4C=NC5=C(N=CN=C54)N)O)O)O)O)C(=O)N,2.1279142943715934,0.6492811441421509,-0.4032793939113617,1.4704256057739258
102,M5AJW4_wild,COC1=C(C=CC(=C1)C=CCO)O,2.39607474675579,0.16958141326904297,-1.0290095806121826,1.0888904333114624
103,M5AJW4_wild,COC1=C(C=CC(=C1)C=CC=O)O,1.84143308592786,0.03186830133199692,-1.2380025386810303,1.3710906505584717
104,Q8REE6_wild,C(CC(=O)O)C(C(=O)O)N,1.3979400086720377,0.2435322403907776,0.292994886636734,0.3458109498023987
105,Q8REE6_wild,C(CC(C(=O)O)N)CC(=O)O,-1.034762106259212,0.23969683051109314,-0.009476752951741219,0.42068445682525635
106,Q5SH52_wild,C1=NC2=C(N1C3C(C(C(O3)COP(=O)(O)OP(=O)(O)O)O)O)N=C(NC2=O)N,-0.924887116086788,-1.926056146621704,-2.0171666145324707,0.5970839262008667
107,Q5SH52_wild,C1=NC2=C(N1C3C(C(C(O3)COP(=O)(O)OP(=O)(O)OP(=O)(O)O)O)O)N=C(NC2=O)N,-0.0791812460476248,-2.024600028991699,-1.919201135635376,0.3710636794567108
108,P83772_wild,CN1CC(=O)N=C1N,1.7121314503939897,2.0953991413116455,1.9140167236328125,0.7957087755203247
109,P83772_E122Q,CN1CC(=O)N=C1N,-1.3010299956639813,2.098052978515625,1.929349660873413,0.8205685615539551
110,P83772_Y121A,CN1CC(=O)N=C1N,-0.26962153141235706,2.0894861221313477,1.891053557395935,0.7979156970977783
111,P83772_W174F,CN1CC(=O)N=C1N,0.8833459287961865,2.079017400741577,1.9192004203796387,0.7956786155700684
112,P83772_W154F,CN1CC(=O)N=C1N,-1.2887955392469697,2.087667226791382,1.9337959289550781,0.8033279180526733
113,A0L8G5_wild,CC(C)(COP(=O)(O)OP(=O)(O)OCC1C(C(C(O1)N2C=NC3=C(N=CN=C32)N)O)OP(=O)(O)O)C(C(=O)NCCC(=O)NCCS)O,0.3926969532596657,0.6227931976318359,-1.0427525043487549,2.012226104736328
114,A0L8G5_wild,CC(C)(COP(=O)(O)OP(=O)(O)OCC1C(C(C(O1)N2C=NC3=C(N=CN=C32)N)O)OP(=O)(O)O)C(C(=O)NCCC(=O)NCCSC(=O)CCC(=O)O)O,-1.8519374645445623,0.7312149405479431,-0.947291910648346,2.1856529712677
115,A0L8G5_wild,C(CC(=O)O)C(=O)C(=O)O,0.7912465484737914,0.8720803260803223,-0.007384331896901131,1.3610674142837524
116,Q8RJQ9_wild,C(CC(=O)O)C(=O)C(=O)O,2.1890562362200487,0.3976441025733948,-0.23003099858760834,0.9813575148582458
117,D3WZ85_wild,C1=CC(=C(C=C1[N+](=O)[O-])C(=O)[O-])N,0.23275211262668105,0.07149758189916611,0.014025701209902763,0.7705397009849548
118,Q58783_wild,C1=NC2=C(C(=O)N1)N=CN2C3C(C(C(O3)CSCCC(C(=O)O)N)O)O,0.2808266095756942,-0.32181838154792786,-1.006669521331787,1.527470588684082
119,Q58783_wild,C(CS)C(C(=O)O)N,2.186684332553105,-0.23016393184661865,-0.8908210396766663,1.0944137573242188
120,Q58783_wild,C1=NC2=C(C(=O)N1)N=CN2C3C(C(C(O3)CO)O)O,0.11289811839218673,0.04247470945119858,-0.8385235071182251,1.5979650020599365
121,Q6FFQ2_wild,C(C(C(C(=O)O)O)O)(C(C(=O)O)O)O,1.8011794843757576,-0.6361663341522217,-0.7990695238113403,0.9865082502365112
122,Q0DBF4_wild,CC1(CCCC2(C1CC=C3C2CCC(C3)(C)C=C)C)C,1.7147642715192506,-0.9894399642944336,-1.966963529586792,1.1519601345062256
123,A5F5Y4_wild,CC1=C(C(=O)C(=C(C1=O)OC)OC)CC=C(C)CCC=C(C)CCC=C(C)CCC=C(C)CCC=C(C)CCC=C(C)CCC=C(C)CCC=C(C)CCC=C(C)CCC=C(C)C,5.3222192947339195,1.9286466836929321,-2.3525915145874023,2.961045503616333
124,A5F5Y4_wild,CC1=C(C(=O)C(=C(C1=O)OC)OC)CC=C(C)C,5.325104982971408,1.9181158542633057,-1.7743220329284668,2.7777531147003174
125,F9USS9_wild,CC(C(=O)O)O,2.6348435316050867,1.6251219511032104,0.03627311438322067,0.539107084274292
126,Q9XDM4_T101A,CC(C(C(=O)O)N)O,-0.7742209567552112,-1.4359378814697266,-0.38381269574165344,0.20955045521259308
127,Q9XDM4_S253A,C1=NC(=C2C(=N1)N(C=N2)C3C(C(C(O3)COP(=O)(O)OP(=O)(O)OP(=O)(O)O)O)O)N,-0.4658402443099734,-1.3758741617202759,-0.8272668123245239,0.5523436069488525
128,Q9XDM4_wild,CC(C(C(=O)O)N)O,-0.473375845930933,-1.4463304281234741,-0.3974947929382324,0.20188891887664795
129,Q9XDM4_S255A,C1=NC(=C2C(=N1)N(C=N2)C3C(C(C(O3)COP(=O)(O)OP(=O)(O)OP(=O)(O)O)O)O)N,-0.5132058625378534,-1.388264775276184,-0.8384118676185608,0.566864013671875
130,Q9XDM4_D103A,C1=NC(=C2C(=N1)N(C=N2)C3C(C(C(O3)COP(=O)(O)OP(=O)(O)OP(=O)(O)O)O)O)N,-0.7166432668575093,-1.4641793966293335,-0.7954174280166626,0.5092861652374268
131,Q9XDM4_T134A,C1=NC(=C2C(=N1)N(C=N2)C3C(C(C(O3)COP(=O)(O)OP(=O)(O)OP(=O)(O)O)O)O)N,-0.4054931465624834,-1.3404148817062378,-0.835832953453064,0.5815438032150269
132,Q9XDM4_E132Q,CC(C(C(=O)O)N)O,-0.7467427861320196,-1.4382907152175903,-0.3595082759857178,0.20353612303733826
133,Q9XDM4_D135N,C1=NC(=C2C(=N1)N(C=N2)C3C(C(C(O3)COP(=O)(O)OP(=O)(O)OP(=O)(O)O)O)O)N,-0.594462809577441,-1.3693658113479614,-0.8137617111206055,0.5534214973449707
134,Q9XDM4_S99A,CC(C(C(=O)O)N)O,-0.7336293068352754,-1.4416786432266235,-0.38206946849823,0.2040117383003235
135,Q9XDM4_T101A,C1=NC(=C2C(=N1)N(C=N2)C3C(C(C(O3)COP(=O)(O)OP(=O)(O)OP(=O)(O)O)O)O)N,-0.44099772263740084,-1.3526605367660522,-0.8291816115379333,0.5685026049613953
136,Q9XDM4_wild,C1=NC(=C2C(=N1)N(C=N2)C3C(C(C(O3)COP(=O)(O)OP(=O)(O)OP(=O)(O)O)O)O)N,0.8726728367564491,-1.356765627861023,-0.8373242616653442,0.5690857172012329
137,Q9XDM4_D135N,CC(C(C(=O)O)N)O,-1.2320426643848312,-1.4573743343353271,-0.3719743490219116,0.1974727213382721
138,Q9XDM4_E24Q,C1=NC(=C2C(=N1)N(C=N2)C3C(C(C(O3)COP(=O)(O)OP(=O)(O)OP(=O)(O)O)O)O)N,-0.7963442552096627,-1.3906208276748657,-0.8140302300453186,0.5581680536270142
139,Q9XDM4_D103N,CC(C(C(=O)O)N)O,-0.7109347963656621,-1.4648975133895874,-0.3818293809890747,0.18523027002811432
140,Q9XDM4_T134A,CC(C(C(=O)O)N)O,-0.604513638994928,-1.4299565553665161,-0.3952239751815796,0.21809610724449158
141,Q9XDM4_D103A,CC(C(C(=O)O)N)O,-0.9037638342673993,-1.5615135431289673,-0.3568595051765442,0.11959375441074371
142,Q9XDM4_E132A,CC(C(C(=O)O)N)O,-1.0111078812537573,-1.5406955480575562,-0.3122168779373169,0.1409783959388733
143,Q9XDM4_E24Q,CC(C(C(=O)O)N)O,-1.392360131291201,-1.4831684827804565,-0.3800550103187561,0.1854896992444992
144,Q9XDM4_E132Q,C1=NC(=C2C(=N1)N(C=N2)C3C(C(C(O3)COP(=O)(O)OP(=O)(O)OP(=O)(O)O)O)O)N,-1.6671781699121675,-1.3371949195861816,-0.7949527502059937,0.5582561492919922
145,Q9XDM4_E132A,C1=NC(=C2C(=N1)N(C=N2)C3C(C(C(O3)COP(=O)(O)OP(=O)(O)OP(=O)(O)O)O)O)N,-1.9846919331506419,-1.4623513221740723,-0.7707747220993042,0.5104321837425232
146,Q9XDM4_S253A,CC(C(C(=O)O)N)O,-2.2140311157075945,-1.4551030397415161,-0.3878161311149597,0.1809779554605484
147,Q9XDM4_S255A,CC(C(C(=O)O)N)O,-2.1925627684159474,-1.4658417701721191,-0.3936934769153595,0.19959476590156555
148,Q15JG1_wild,C1C(C(C(C(C1N)O)O)O)COP(=O)(O)O,1.3565473235138126,0.27102935314178467,-0.15893688797950745,0.3797290623188019
149,Q15JG1_wild,C1=C(C(C(C(C1OP(=O)(O)OP(=O)(O)OCC2C(C(C(O2)N3C=NC4=C3N=C(NC4=O)N)O)O)O)O)O)CO,2.069123708884888,0.32828187942504883,-0.6091355085372925,0.4753630459308624
150,P29991_wild,C1=NC2=C(N1C3C(C(C(O3)COP(=O)(O)OP(=O)(O)OP(=O)(O)O)O)O)N=C(NC2=O)N,-0.8405788058748636,-0.2953324615955353,-1.2964224815368652,0.3673568665981293
151,P42527_K722N,C1=NC(=C2C(=N1)N(C=N2)C3C(C(C(O3)COP(=O)(O)OP(=O)(O)OP(=O)(O)O)O)O)N,-0.5688916280753077,-1.344018816947937,-1.1931965351104736,0.6092578172683716
152,P42527_wild,C1=NC(=C2C(=N1)N(C=N2)C3C(C(C(O3)COP(=O)(O)OP(=O)(O)OP(=O)(O)O)O)O)N,-0.3617278360175929,-1.335007667541504,-1.1827377080917358,0.6173129081726074
153,P42527_R592L,C1=NC(=C2C(=N1)N(C=N2)C3C(C(C(O3)COP(=O)(O)OP(=O)(O)OP(=O)(O)O)O)O)N,-0.2863067388432749,-1.335007667541504,-1.1827377080917358,0.6173129081726074
154,Q3J5L6_wild,CC(=O)SCCNC(=O)CCNC(=O)C(C(C)(C)COP(=O)(O)OP(=O)(O)OCC1C(C(C(O1)N2C=NC3=C(N=CN=C32)N)O)OP(=O)(O)O)O,1.9344984512435677,0.9146019220352173,-1.172420859336853,1.7346031665802002
155,Q3J5L6_wild,CCC(=O)SCCNC(=O)CCNC(=O)C(C(C)(C)COP(=O)(O)OP(=O)(O)OCC1C(C(C(O1)N2C=NC3=C(N=CN=C32)N)O)OP(=O)(O)O)O,1.7781512503836436,0.7806203365325928,-1.237701654434204,1.6327779293060303
156,Q3J5L6_wild,C(=O)C(=O)[O-],0.5878195522133521,0.9163944125175476,-0.03568422794342041,1.3786081075668335
157,Q3J5L6_wild,CC(C(C(=O)O)O)C(=O)SCCNC(=O)CCNC(=O)C(C(C)(C)COP(=O)(O)OP(=O)(O)OCC1C(C(C(O1)N2C=NC3=C(N=CN=C32)N)O)OP(=O)(O)O)O,2.4471580313422194,0.7826988697052002,-1.33266282081604,1.7697824239730835
158,A0A1X9JQM7_wild,C1=CC(=CC=C1C2=COC3=CC(=CC(=C3C2=O)O)OC4C(C(C(C(O4)CO)O)O)O)O,3.3895512679657496,0.7588661909103394,-1.8024685382843018,1.0913639068603516
159,A0A1X9JQM7_wild,COC1=C(C=C2C(=C1)C(=O)C(=CO2)C3=CC=C(C=C3)O)OC4C(C(C(C(O4)CO)O)O)O,3.717784806064352,0.8444827795028687,-1.6701040267944336,1.0440244674682617
160,A0A1X9JQM7_wild,CC(C)(COP(=O)(O)OP(=O)(O)OCC1C(C(C(O1)N2C=NC3=C(N=CN=C32)N)O)OP(=O)(O)O)C(C(=O)NCCC(=O)NCCSC(=O)CC(=O)O)O,2.64603392914822,0.314851313829422,-1.8030874729156494,1.2526521682739258
161,A0A1X9JQM7_wild,C1=CC(=CC=C1C2=COC3=C(C2=O)C=CC(=C3)OC4C(C(C(C(O4)CO)O)O)O)O,2.9113850860228263,0.7712531089782715,-1.8308427333831787,0.9913163185119629
162,A0A1Y9TFD9_wild,CC(C)(COP(=O)(O)OP(=O)(O)OCC1C(C(C(O1)N2C=NC3=C(N=CN=C32)N)O)OP(=O)(O)O)C(C(=O)NCCC(=O)NCCSC(=O)CC(=O)O)O,2.875287399549844,0.7360983490943909,-1.588149070739746,1.548922061920166
163,A0A1Y9TFD9_wild,C1=CC(=CC=C1C2=COC3=CC(=CC(=C3C2=O)O)OC4C(C(C(C(O4)CO)O)O)O)O,3.185742644731862,0.9948765635490417,-1.5412824153900146,1.3887394666671753
164,A0A1Y9TFD9_wild,C1=CC(=CC=C1C2=COC3=C(C2=O)C=CC(=C3)OC4C(C(C(C(O4)CO)O)O)O)O,3.0559672604112724,1.0464781522750854,-1.6019396781921387,1.2916078567504883
165,A0A1Y9TFD9_wild,COC1=C(C=C2C(=C1)C(=O)C(=CO2)C3=CC=C(C=C3)O)OC4C(C(C(C(O4)CO)O)O)O,3.7132104434506292,1.1664851903915405,-1.380868673324585,1.3437652587890625
166,P08037_wild,C1=CN(C(=O)NC1=O)C2C(C(C(O2)COP(=O)(O)OP(=O)(O)OC3C(C(C(C(O3)CO)O)O)O)O)O,0.901335259425393,-0.20536351203918457,-1.2303197383880615,0.6192503571510315
167,D2Z030_wild,C(C(C(=O)O)N)ONC(=O)N,2.342422680822206,1.9684630632400513,0.41201531887054443,0.47812506556510925
168,D2Z030_wild,C(CS)C(C(=O)O)N,1.6557448502907388,1.2903164625167847,0.2510737180709839,0.40120571851730347
169,Q9WXT2_wild,CC(=O)OC1=CC=C(C=C1)[N+](=O)[O-],2.102361479757022,1.1927543878555298,-0.21994096040725708,0.5608916282653809
170,Q9WXT2_wild,CC1=CC(=O)OC2=C1C=CC(=C2)OC(=O)C,2.504874323291989,0.6988025903701782,-0.39523249864578247,0.034856051206588745
171,Q9WXT2_wild,CC(=O)OCC1=C(N2C(C(C2=O)N)SC1)C(=O)O,0.07638834586345472,0.9082321524620056,0.2326938360929489,1.03536057472229
172,Q9WXT2_wild,CC(=O)OCC(C(C(C=O)OC(=O)C)OC(=O)C)OC(=O)C,3.2367557958946946,1.3366347551345825,0.05686545372009277,0.6316846609115601
173,W6JQJ6_D238A,C(CCN)CC(C(=O)O)N,1.0163904161881694,0.07985315471887589,-0.8066613078117371,0.03214713931083679
174,W6JQJ6_D238A,C(CC(C(=O)O)N)CN,0.07684003023272235,0.25172024965286255,-0.9480209350585938,0.32139644026756287
175,W6JQJ6_D238F,C(CC(C(=O)O)N)CN=C(N)N,1.1760912590556813,0.25193655490875244,-0.9965423941612244,0.42566773295402527
176,W6JQJ6_wild,C(CC(C(=O)O)N)CN=C(N)N,1.5228787452803376,0.28430065512657166,-1.0211844444274902,0.44291895627975464
177,W6JQJ6_wild,C(CC(C(=O)O)N)CN,2.4836521218786203,0.27234429121017456,-0.9345472455024719,0.33008211851119995
178,W6JQJ6_wild,C(CCN)CC(C(=O)O)N,2.221848749616356,0.09009496122598648,-0.7952896356582642,0.037035614252090454
179,W6JQJ6_D238E,C(CC(C(=O)O)N)CN,1.7489439792978574,0.26326510310173035,-0.9264695644378662,0.3384433686733246
180,W6JQJ6_D238A,C(CC(C(=O)O)N)CN=C(N)N,0.8343741746224838,0.2652232050895691,-1.0373080968856812,0.4439712464809418
181,W6JQJ6_D238E,C(CCN)CC(C(=O)O)N,2.6532125137753435,0.0846390500664711,-0.7885040044784546,0.04513370990753174
182,W6JQJ6_D238F,C(CCN)CC(C(=O)O)N,1.1322379753497995,0.059926293790340424,-0.7678325772285461,0.023247629404067993
183,A0ZXY5_wild,OO,2.755792921046854,1.5154556035995483,-1.1310575008392334,2.0910589694976807
184,P53350_wild,C1=NC(=C2C(=N1)N(C=N2)C3C(C(C(O3)COP(=O)(O)OP(=O)(O)OP(=O)(O)O)O)O)N,0.10763387839982952,0.0854717567563057,-2.0008368492126465,0.9437035918235779
185,Q6DRK7_wild,C1=NC(=C2C(=N1)N(C=N2)C3C(C(C(O3)COP(=O)(O)OP(=O)(O)OP(=O)(O)O)O)O)N,0.23678909940929294,0.11928605288267136,-2.0019683837890625,0.9653340578079224
186,P53350_T210V,C1=NC(=C2C(=N1)N(C=N2)C3C(C(C(O3)COP(=O)(O)OP(=O)(O)OP(=O)(O)O)O)O)N,-0.1983676537668335,0.058196939527988434,-2.0037529468536377,0.925122857093811
187,P53350_T210D,C1=NC(=C2C(=N1)N(C=N2)C3C(C(C(O3)COP(=O)(O)OP(=O)(O)OP(=O)(O)O)O)O)N,0.6766936096248666,0.06272201985120773,-1.9969260692596436,0.9299600124359131
188,P00950_wild,C(C(C(=O)O)O)OP(=O)(O)O,2.976087842594589,1.7826273441314697,-0.46635138988494873,1.5769927501678467
189,E4QP00_wild,C1=C(OC(=C1)C=O)C=O,-0.6283889300503115,-0.06728080660104752,0.2983025908470154,1.078449010848999
190,E4QP00_wild,C1=C(OC(=C1)C=O)CO,0.17767917483531318,0.28794601559638977,0.41949784755706787,0.7515206336975098
191,E3Q9X3_wild,C1=CC(=CC=C1CO)O,0.6499835436451452,1.3796237707138062,0.1864842176437378,0.9308524131774902
192,E3Q9X3_wild,C1=C(OC(=C1)C=O)CO,1.2874571884747072,1.1583420038223267,0.8935948014259338,0.34517061710357666
193,E3Q9X3_wild,C1=CC=C(C=C1)CO,0.30503273811765513,1.1608552932739258,0.7502203583717346,0.37180376052856445
194,E3Q9X3_wild,COC1=CC=CC(=C1)CO,0.8239087409443188,1.745470404624939,0.4350476861000061,0.9797459840774536
195,E3Q9X3_wild,C1=C(OC(=C1)C(=O)O)CO,0.022034155521882322,1.0452568531036377,0.758222758769989,0.5579366683959961
196,Q9ZFE7_wild,O=O,4.026872146400302,2.2001824378967285,-1.005845546722412,1.669341802597046
197,A0A3G4RHV5_wild,C(C1C(C(C(C(O1)O)O)O)O)O,-1.833668578233475,0.6863654851913452,-0.5067756772041321,1.365351915359497
198,A0A160PRJ4_wild,C1=NC2=C(C(=O)N1)N=CN2C3C(C(C(O3)COP(=O)(O)OP(=O)(O)OP(=O)(O)O)O)O,0.6154239528859438,0.6455491781234741,-0.16753585636615753,1.8609477281570435
199,A0A160PRJ4_wild,C1=CN(C(=O)NC1=O)C2C(C(C(O2)COP(=O)(O)OP(=O)(O)OP(=O)(O)O)O)O,-0.6989700043360189,0.36206328868865967,-0.010773161426186562,1.6442492008209229
200,A0A160PRJ4_wild,C1=NC2=C(N1C3C(C(C(O3)COP(=O)(O)OP(=O)(O)OP(=O)(O)O)O)O)N=C(NC2=O)N,-0.43012469204343884,0.6267725825309753,-0.24453048408031464,1.8634305000305176
201,A0A160PRJ4_wild,C1=CN(C(=O)N=C1N)C2C(C(C(O2)COP(=O)(O)OP(=O)(O)OP(=O)(O)O)O)O,-1.591064607026499,0.32677990198135376,-0.05961218476295471,1.6245273351669312
202,A0A160PRJ4_wild,C1=NC(=C2C(=N1)N(C=N2)C3C(C(C(O3)COP(=O)(O)OP(=O)(O)OP(=O)(O)O)O)O)N,-1.1760912590556813,0.7461636066436768,-0.24745741486549377,1.8793973922729492
203,Q9ADE8_wild,C(C1C(C(C(C(O1)O)O)O)O)O,1.3979400086720377,0.7886664867401123,-0.4839053153991699,1.019543170928955
204,O26153_wild,CC(=CCCC(=CCOP(=O)(O)O)C)C,-1.7169433753479197,-0.12284372001886368,-1.6901168823242188,0.7526850700378418
205,O26153_wild,CC(=C)CCOP(=O)(O)OP(=O)(O)O,2.772398921494552,0.6087836623191833,-1.7369990348815918,1.0834757089614868
206,O26153_wild,CCCCOP(=O)(OCCCC)OCCCC,3.082471371494675,1.0325491428375244,-0.9008272886276245,0.850710928440094
207,O26153_wild,CC(=C)CCOP(=O)(O)O,3.3355289728743056,0.8049494028091431,-1.7500064373016357,1.0158448219299316
208,O26153_wild,CC(=CCOP(=O)(O)O)C,2.895995170227343,0.738113522529602,-1.0339123010635376,0.552564263343811
209,D4GWT7_wild,C1=NC(=C2C(=N1)N(C=N2)C3C(C(C(O3)COP(=O)(O)OP(=O)(O)OP(=O)(O)O)O)O)N,1.7497896065050018,1.4239460229873657,-0.6463931798934937,1.524592638015747
210,D4GWT7_wild,CC(=C)CCOP(=O)(O)O,2.325696879231476,1.3920758962631226,-1.2537806034088135,1.5023133754730225
211,P04951_wild,C(C(C(C(C(CO)O)O)O)O)C(=O)C(=O)O,1.8932860834978993,0.14690250158309937,-0.7113823890686035,0.3660542368888855
212,Q63WL5_wild,C(C(C(C(C(CO)O)O)O)O)C(=O)C(=O)O,0.17363066050802445,-0.1738770604133606,-0.6967917680740356,0.7164912223815918
213,Q63WL5_wild,C1=CN(C(=O)N=C1N)C2C(C(C(O2)COP(=O)(O)OP(=O)(O)OP(=O)(O)O)O)O,0.17700241220671564,0.011255912482738495,-1.119275689125061,0.9897667169570923
214,A0A0C7D0B2_wild,C(C(C(C(C(CO)O)O)O)O)C(=O)C(=O)O,0.09548375727002434,-0.22496813535690308,-0.732751727104187,0.5907615423202515
215,A0A0C7D0B2_wild,C1=CN(C(=O)N=C1N)C2C(C(C(O2)COP(=O)(O)OP(=O)(O)OP(=O)(O)O)O)O,0.12802041337371428,0.20251736044883728,-0.9785110950469971,0.8783908486366272
216,O68641_wild,C(C1C(C(C(C(O1)O)O)OC2C(C(C(C(O2)CO)O)OC3C(C(C(C(O3)CO)O)O)O)O)O)O,1.9423105918585837,1.1610302925109863,0.08371596783399582,0.8491743206977844
217,Q81P63_wild,C1=CC(C=CC1O)(CC(=O)C(=O)O)C(=O)O,2.9343212243560224,0.8113799095153809,-0.9472413659095764,1.1569527387619019
218,Q94FV7_wild,CC(C)(COP(=O)(O)OP(=O)(O)OCC1C(C(C(O1)N2C=NC3=C(N=CN=C32)N)O)OP(=O)(O)O)C(C(=O)NCCC(=O)NCCSC(=O)C=CC4=CC=C(C=C4)O)O,0.4742162640762553,-2.096356153488159,-2.282729387283325,0.7918746471405029
219,Q94FV7_wild,CC(C)(COP(=O)(O)OP(=O)(O)OCC1C(C(C(O1)N2C=NC3=C(N=CN=C32)N)O)OP(=O)(O)O)C(C(=O)NCCC(=O)NCCSC(=O)C4=CC=CC=C4NC)O,0.017948607249561835,-1.6689854860305786,-2.282985210418701,1.0728405714035034
220,Q94FV7_wild,CC(C)(COP(=O)(O)OP(=O)(O)OCC1C(C(C(O1)N2C=NC3=C(N=CN=C32)N)O)OP(=O)(O)O)C(C(=O)NCCC(=O)NCCSC(=O)CC(=O)O)O,0.10393579003291958,-1.9431065320968628,-1.977143406867981,0.934065580368042
221,Q9AU11_wild,CC(C)(COP(=O)(O)OP(=O)(O)OCC1C(C(C(O1)N2C=NC3=C(N=CN=C32)N)O)OP(=O)(O)O)C(C(=O)NCCC(=O)NCCSC(=O)C=CC4=CC=C(C=C4)O)O,0.5392691614685069,-1.9493149518966675,-2.2796220779418945,1.2284201383590698
222,Q9AU11_wild,CC(C)(COP(=O)(O)OP(=O)(O)OCC1C(C(C(O1)N2C=NC3=C(N=CN=C32)N)O)OP(=O)(O)O)C(C(=O)NCCC(=O)NCCSC(=O)CC(=O)O)O,0.23667748172158923,-1.7668360471725464,-2.0355427265167236,1.3286993503570557
223,Q65J10_wild,C1C(C(C(C(O1)O)O)O)O,-0.24979901698264012,1.422690987586975,1.6293349266052246,0.6526503562927246
224,Q6W9D4_wild,C1C(C(C(C(O1)O)O)O)O,-0.09691001300805646,1.2334002256393433,1.6442193984985352,0.32496964931488037
225,Q6W9D4_C450S/N475K,C(C1C(C(C(C(O1)O)O)O)O)O,-1.2896504499204826,0.6231439113616943,1.7809126377105713,0.21999827027320862
226,Q6W9D4_C450S/N475K,C1C(C(C(C(O1)O)O)O)O,0.35598975773905567,1.2148069143295288,1.6297978162765503,0.33433201909065247
227,Q6W9D4_wild,C(C1C(C(C(C(O1)O)O)O)O)O,-2.877439103804525,0.6257662177085876,1.806958794593811,0.20894014835357666
228,Q6W9D4_F280N/C450S/N475K,C1C(C(C(C(O1)O)O)O)O,-1.4165364971636962,1.103145718574524,1.697211742401123,0.2255891114473343
229,Q6W9D4_F280N/C450S/N475K,C(C1C(C(C(C(O1)O)O)O)O)O,1.8942526544785374,0.4998272955417633,1.8534631729125977,0.1185215562582016
230,J9E728_D478R,C1C(C(C(C(O1)O)O)O)O,0.11453950131177422,1.265358328819275,1.5926311016082764,0.40396565198898315
231,Q2VMT2_wild,C1C(C(C(C(O1)O)O)O)O,-0.14415844281533355,1.2700408697128296,1.6612060070037842,0.36483442783355713
232,Q2VMT2_K269E,C1C(C(C(C(O1)O)O)O)O,-0.14961636352405935,1.272039771080017,1.6605651378631592,0.3490920662879944
233,Q9S467_wild,C1C(C(C(C(O1)O)O)O)O,0.5793973710914597,1.284913420677185,1.6965529918670654,0.36660411953926086
234,Q9S467_wild,C(C1C(C(C(C(O1)O)O)O)O)O,-0.030943941480093533,0.6603919267654419,1.8431265354156494,0.2449217438697815
235,Q9S467_D308A,C1C(C(C(C(O1)O)O)O)O,-1.0352358023057149,1.2810295820236206,1.6818937063217163,0.3693053424358368
236,Q9S467_H446A,C1C(C(C(C(O1)O)O)O)O,-0.3276894239147461,1.2334774732589722,1.683186650276184,0.36106523871421814
237,Q9S467_E351A,C1C(C(C(C(O1)O)O)O)O,-1.0154203588674937,1.2862589359283447,1.6864306926727295,0.36807382106781006
238,Q9S467_F329A,C1C(C(C(C(O1)O)O)O)O,-0.4582360464461941,1.248029351234436,1.7049434185028076,0.3691220283508301
239,Q9S467_F279Q,C1C(C(C(C(O1)O)O)O)O,-0.4024359704121409,1.1661708354949951,1.7636728286743164,0.26899731159210205
240,Q9S467_F279Q,CC1C(C(C(C(O1)O)O)O)O,-1.041488685855874,0.711241602897644,1.6347538232803345,0.17085103690624237
241,A9J246_wild,C1C(C(C(C(O1)O)O)O)O,-0.5876257866099435,1.4510711431503296,1.728407859802246,0.8487454652786255
242,Q65J10_Y333I,C1C(C(C(C(O1)O)O)O)O,-1.1734932783357728,1.4126464128494263,1.6244349479675293,0.6568142175674438
243,Q65J10_Y333F,C1C(C(C(C(O1)O)O)O)O,-0.41734548367612223,1.416774034500122,1.6291735172271729,0.6592891216278076
244,Q65J10_Y333W,C1C(C(C(C(O1)O)O)O)O,-0.619788758288394,1.391096591949463,1.6256756782531738,0.6565794944763184
245,F6KRI7_wild,C1C(C(C(C(O1)O)O)O)O,-1.9406271473059276,1.2790567874908447,1.6955795288085938,0.3780883550643921
246,F6KRI7_wild,C(C1C(C(C(C(O1)O)O)O)O)O,0.46657284276237293,0.6579034924507141,1.850011944770813,0.2519915699958801
247,J9E728_D478N,C(C1C(C(C(C(O1)O)O)O)O)O,-1.6020599913279625,0.5658353567123413,1.7378809452056885,0.2760726809501648
248,C0C0X3_wild,C(C1C(C(C(C(O1)O)O)O)O)O,0.5668276148745558,0.9940952062606812,1.7062640190124512,0.5105512142181396
249,J9E728_D478K,C(C1C(C(C(C(O1)O)O)O)O)O,-1.7438324374995564,0.5560422539710999,1.7143536806106567,0.2928963005542755
250,J9E728_wild,C1C(C(C(C(O1)O)O)O)O,-0.16589129557541993,1.2825833559036255,1.629667043685913,0.3856835961341858
251,J9E728_wild,C(C1C(C(C(C(O1)O)O)O)O)O,-1.6849088828500112,0.5633328557014465,1.7627124786376953,0.2733874022960663
252,J9E728_D478A,C1C(C(C(C(O1)O)O)O)O,0.39539281965815765,1.2687326669692993,1.6038334369659424,0.40635189414024353
253,J9E728_D478Q,C(C1C(C(C(C(O1)O)O)O)O)O,-1.625774265428404,0.5562417507171631,1.7222768068313599,0.29773491621017456
254,J9E728_D478N,C1C(C(C(C(O1)O)O)O)O,0.2908842903068796,1.2785338163375854,1.613693356513977,0.3873996138572693
255,J9E728_D478R,C(C1C(C(C(C(O1)O)O)O)O)O,-1.6828181459576945,0.5565337538719177,1.7102471590042114,0.2912923991680145
256,J9E728_D478A,C(C1C(C(C(C(O1)O)O)O)O)O,-1.7214662393363014,0.554940938949585,1.7247951030731201,0.2926376461982727
257,J9E728_D478Q,C1C(C(C(C(O1)O)O)O)O,0.04713839627706069,1.271032691001892,1.603646993637085,0.41189128160476685
258,F5Z5S7_V153A,C1=CC=C(C(=C1)C=O)O,4.208384774524357,1.2188526391983032,-1.4160308837890625,1.4302451610565186
259,F5Z5S7_wild,C1=CC=C(C(=C1)C=O)O,4.512234874135987,1.2222949266433716,-1.429220199584961,1.4280705451965332
260,F5Z5S7_N149A,C1=CC(=C[N+](=C1)C2C(C(C(O2)COP(=O)([O-])OP(=O)(O)OCC3C(C(C(O3)N4C=NC5=C(N=CN=C54)N)O)O)O)O)C(=O)N,3.6871860978055033,0.9706346988677979,-0.760800838470459,0.9893009662628174
261,F5Z5S7_E175A,C1=CC=C(C(=C1)C=O)O,3.735894870246881,1.2156418561935425,-1.4352203607559204,1.4294817447662354
262,F5Z5S7_wild,C1=CC(=C[N+](=C1)C2C(C(C(O2)COP(=O)([O-])OP(=O)(O)OCC3C(C(C(O3)N4C=NC5=C(N=CN=C54)N)O)O)O)O)C(=O)N,3.7731751929705024,1.2338252067565918,-0.8336645364761353,1.2064175605773926
263,F5Z5S7_E175A,C1=CC(=C[N+](=C1)C2C(C(C(O2)COP(=O)([O-])OP(=O)(O)OCC3C(C(C(O3)N4C=NC5=C(N=CN=C54)N)O)O)O)O)C(=O)N,3.173892294955743,1.2409006357192993,-0.8279761075973511,1.1885672807693481
264,E6UBR9_wild,C(C1C(C(C(C(O1)OC2C(OC(C(C2O)O)O)CO)O)O)O)O,0.307823567427322,1.0975593328475952,0.48871368169784546,0.10840167105197906
265,E6UBR9_wild,C(C(C(C(C(C=O)O)F)O)O)O,-0.8357580137601135,0.30652400851249695,0.8135173320770264,0.007154405117034912
266,E6UBR9_wild,CC(=O)NC1C(C(C(OC1O)CO)O)O,-0.8307266907307871,1.046173095703125,0.7161259055137634,0.05547681450843811
267,E6UBR9_wild,C(C1C(C(C(C(O1)O)O)O)O)O,0.7496507239321064,1.3121545314788818,0.9142121076583862,-0.013834565877914429
268,E6UBR9_wild,COC1C(C(C(C(O1)CO)O)O)O,-0.38389693128856905,0.899492621421814,0.9593750238418579,-0.09582942724227905
269,E6UBR9_wild,C(C(C(C(C(C=O)F)O)O)O)O,-0.9308928529687863,0.5051485300064087,0.7907731533050537,0.11142052710056305
270,E6UBR9_wild,CC(=O)NC1C(C(C(OC1O)CO)OC2C(C(C(C(O2)CO)O)O)NC(=O)C)O,-0.8960112877416572,0.8372286558151245,0.01937238685786724,0.4214974045753479
271,E6UBR9_wild,COC(C(C=O)O)C(C(CO)O)O,-1.0106822151049675,0.4472435712814331,0.7757077217102051,-0.14687266945838928
272,E6UBR9_wild,C(C=O)C(C(C(CO)O)O)O,-0.8894214253139336,0.6909950971603394,0.8629748821258545,-0.17675182223320007
273,E6UBR9_wild,C1C(C(C(C(O1)CO)O)O)O,-0.5827548361325757,0.8912767171859741,1.0187697410583496,-0.12762388586997986
274,P05089_wild,C(CC(C(=O)O)N)CN=C(N)N,2.8497264441963277,2.0477676391601562,0.13518188893795013,0.6051353812217712
275,P05089_S230T,C(CC(C(=O)O)N)CN=C(N)N,3.294190571133676,2.020651340484619,0.1382918506860733,0.5728110074996948
276,P05089_D181N/S230G,C(CC(C(=O)O)N)CN=C(N)N,2.2663325117517235,1.8774555921554565,0.20139692723751068,0.4841933250427246
277,P05089_D181S,C(CC(C(=O)O)N)CN=C(N)N,3.1416736942519883,2.058358669281006,0.11199559271335602,0.6389871835708618
278,P05089_S230G,C(CC(C(=O)O)N)CN=C(N)N,2.5217916496391233,1.8703216314315796,0.2107388973236084,0.4694545269012451
279,P05089_D181N,C(CC(C(=O)O)N)CN=C(N)N,2.110589710299249,2.052168846130371,0.12660643458366394,0.6205011606216431
280,P05089_S230C,C(CC(C(=O)O)N)CN=C(N)N,2.192328457926367,1.8543941974639893,0.19392815232276917,0.4477224349975586
281,P05089_D181E,C(CC(C(=O)O)N)CN=C(N)N,3.1051946784125426,2.0343968868255615,0.13747932016849518,0.5888012051582336
282,P07824_wild,C(CC(C(=O)O)N)CN=C(N)N,2.3979400086720375,1.6776999235153198,0.2578122019767761,0.5776668190956116
283,P07824_N130A,C(CC(C(=O)O)N)CN=C(N)N,0.6434526764861874,1.4649831056594849,0.365366667509079,0.5067473649978638
284,P07824_D183A,C(CC(C(=O)O)N)CN=C(N)N,0.02430253449408105,1.5896881818771362,0.2886608839035034,0.5516887307167053
285,P07824_N130Y,C(CC(C(=O)O)N)CN=C(N)N,-0.09996485197091687,1.4063374996185303,0.3251723349094391,0.40558910369873047
286,P07824_N130F,C(CC(C(=O)O)N)CN=C(N)N,-0.6043160716321866,1.3959951400756836,0.36073917150497437,0.41526150703430176
287,P07824_T135A,C(CC(C(=O)O)N)CN=C(N)N,1.3010299956639813,1.6792165040969849,0.2516106963157654,0.5756725072860718
288,P78540_wild,C(CC(C(=O)O)N)CN=C(N)N,2.872250286057872,1.7152091264724731,0.3845304250717163,0.795575737953186
289,A4IJM8_wild,C(CC(C(=O)O)N)CN=C(N)N,0.5822894928727284,2.154242515563965,0.8460570573806763,0.9116847515106201
290,P07824_T135S,C(CC(C(=O)O)N)CN=C(N)N,2.146128035678238,1.6890020370483398,0.24915523827075958,0.5861408710479736
291,O31665_wild,CSCCC(=O)C(=O)[O-],0.08445461764317212,0.5207424759864807,-0.05935598164796829,1.0861037969589233
292,Q9CFH4_wild,C(C(C(C(=O)CO)O)O)OP(=O)(O)O,2.28635599812784,1.539267659187317,-0.42232441902160645,1.6004546880722046
293,Q9NYA1_wild,C1=NC(=C2C(=N1)N(C=N2)C3C(C(C(O3)COP(=O)(O)OP(=O)(O)OP(=O)(O)O)O)O)N,2.5440680443502757,0.9445200562477112,-1.103501558303833,1.8319683074951172
294,Q9NYA1_wild,CCCCCCCCCCCCCCCC(C(CO)N)O,3.6020599913279625,1.1703871488571167,-2.3114829063415527,1.4267992973327637
295,Q9NYA1_wild,CCCCCCCCCCCCCC=CC(C(CO)N)O,4.230448921378274,1.006523847579956,-2.2746517658233643,1.5222781896591187
296,Q9NYA1_D81N,C1=NC(=C2C(=N1)N(C=N2)C3C(C(C(O3)COP(=O)(O)OP(=O)(O)OP(=O)(O)O)O)O)N,-0.5936268237910997,0.6511728763580322,-0.9944536089897156,1.4602822065353394
297,Q9NRA0_wild,C1=NC(=C2C(=N1)N(C=N2)C3C(C(C(O3)COP(=O)(O)OP(=O)(O)OP(=O)(O)O)O)O)N,0.7999965835389073,0.6845148801803589,-1.2974921464920044,1.8511579036712646
298,P11935_wild,CC1(C(N2C(S1)C(C2=O)NC(=O)CC3=CC=CC=C3)C(=O)O)C,-1.9162736311373616,-1.249998688697815,0.22359994053840637,0.9037659168243408
299,P11935_N305L/M306I,CC1(C(N2C(S1)C(C2=O)NC(=O)CC3=CC=CC=C3)C(=O)O)C,-1.4559319556497243,-1.2626928091049194,0.24293573200702667,0.8394114971160889
300,P18548_V275I/I305M,CC1(C(N2C(S1)C(C2=O)NC(=O)CC3=CC=CC=C3)C(=O)O)C,-0.23418248469008174,-1.2931605577468872,0.1642100065946579,0.8971492648124695
301,P18548_wild,CC1(C(N2C(S1)C(C2=O)NC(=O)CCCC(C(=O)O)N)C(=O)O)C,1.8037053548560318,-0.9767230749130249,-0.6224403977394104,0.7627843618392944
302,P18548_N304K,CC1(C(N2C(S1)C(C2=O)NC(=O)CC3=CC=CC=C3)C(=O)O)C,-0.591143576838864,-1.2834995985031128,0.15817531943321228,0.8687624931335449
303,P18548_I305L,CC1(C(N2C(S1)C(C2=O)NC(=O)CC3=CC=CC=C3)C(=O)O)C,-0.9393021596463884,-1.3307522535324097,0.15063755214214325,0.88372802734375
304,P18548_wild,CC1(C(N2C(S1)C(C2=O)NC(=O)CC3=CC=CC=C3)C(=O)O)C,-1.0517629153544714,-1.3110437393188477,0.15923823416233063,0.884929895401001
305,P18548_R258F,CC1(C(N2C(S1)C(C2=O)NC(=O)CC3=CC=CC=C3)C(=O)O)C,-1.526339277389844,-1.464564323425293,0.2130296230316162,0.7755438685417175
306,P18548_I305M,CC1(C(N2C(S1)C(C2=O)NC(=O)CC3=CC=CC=C3)C(=O)O)C,-0.7130946470276252,-1.313529372215271,0.15610085427761078,0.904649019241333
307,P18548_R258L,CC1(C(N2C(S1)C(C2=O)NC(=O)C(C3=CC=CC=C3)N)C(=O)O)C,-2.034762106259212,-1.5807663202285767,0.20016588270664215,0.7211989164352417
308,P18548_C281Y,CC1(C(N2C(S1)C(C2=O)NC(=O)CC3=CC=CC=C3)C(=O)O)C,-0.9609359771603577,-1.2868493795394897,0.1486232429742813,0.8703950643539429
309,P18548_V275I,CC1(C(N2C(S1)C(C2=O)NC(=O)CC3=CC=CC=C3)C(=O)O)C,-1.5246055645808436,-1.2889573574066162,0.16484743356704712,0.8782724738121033
310,P18548_C281Y/I305M,CC1(C(N2C(S1)C(C2=O)NC(=O)C(C3=CC=CC=C3)N)C(=O)O)C,-0.23585946405917108,-1.431214690208435,0.1569620817899704,0.8063629865646362
311,P18548_R258L,CC1(C(N2C(S1)C(C2=O)NC(=O)CC3=CC=CC=C3)C(=O)O)C,-1.7781512503836436,-1.4663983583450317,0.19199717044830322,0.7908105254173279
312,P18548_R258K,CC1(C(N2C(S1)C(C2=O)NC(=O)CC3=CC=CC=C3)C(=O)O)C,-2.3710678622717363,-1.3845514059066772,0.1844790130853653,0.8594962358474731
313,P18548_V275I/N304R,CC1(C(N2C(S1)C(C2=O)NC(=O)C(C3=CC=CC=C3)N)C(=O)O)C,-0.4503280781317258,-1.4277437925338745,0.18273591995239258,0.7636820077896118
314,P18548_N304A/R306L,CC1(C(N2C(S1)C(C2=O)NC(=O)C(C3=CC=CC=C3)N)C(=O)O)C,-0.7695510786217261,-1.4995890855789185,0.21648326516151428,0.7435096502304077
315,P18548_N304L/R306L,CC1(C(N2C(S1)C(C2=O)NC(=O)C(C3=CC=CC=C3)N)C(=O)O)C,-1.1396619934290064,-1.4663656949996948,0.2623731791973114,0.6895239353179932
316,P18548_I305M,CC1(C(N2C(S1)C(C2=O)NC(=O)C(C3=CC=CC=C3)N)C(=O)O)C,-0.9829666607012196,-1.431350588798523,0.17363062500953674,0.8357425332069397
317,P18548_N304K/R306L,CC1(C(N2C(S1)C(C2=O)NC(=O)C(C3=CC=CC=C3)N)C(=O)O)C,-0.5606673061697374,-1.4232083559036255,0.1896725445985794,0.7958470582962036
318,P18548_R258K,CC1(C(N2C(S1)C(C2=O)NC(=O)C(C3=CC=CC=C3)N)C(=O)O)C,-3.0,-1.4936916828155518,0.19984595477581024,0.7928022146224976
319,P18548_N304R/R306L,CC1(C(N2C(S1)C(C2=O)NC(=O)C(C3=CC=CC=C3)N)C(=O)O)C,-0.8016323462331666,-1.4633705615997314,0.190159872174263,0.7618008255958557
320,P18548_C281Y/N304M,CC1(C(N2C(S1)C(C2=O)NC(=O)C(C3=CC=CC=C3)N)C(=O)O)C,-1.2309921290562262,-1.4762057065963745,0.20377092063426971,0.7325969934463501
321,P18548_R258A,CC1(C(N2C(S1)C(C2=O)NC(=O)CC3=CC=CC=C3)C(=O)O)C,-1.5965970956264603,-1.4595366716384888,0.1784742921590805,0.821739912033081
322,P18548_N304K,CC1(C(N2C(S1)C(C2=O)NC(=O)C(C3=CC=CC=C3)N)C(=O)O)C,-1.1526101632061585,-1.4070953130722046,0.17880743741989136,0.8024773597717285
323,P18548_R258F,CC1(C(N2C(S1)C(C2=O)NC(=O)C(C3=CC=CC=C3)N)C(=O)O)C,-1.8184458452428167,-1.5777679681777954,0.2222580909729004,0.7061466574668884
324,P18548_R258H,CC1(C(N2C(S1)C(C2=O)NC(=O)CC3=CC=CC=C3)C(=O)O)C,-2.029963223377443,-1.4644886255264282,0.19208379089832306,0.7993906736373901
325,P18548_R258Q,CC1(C(N2C(S1)C(C2=O)NC(=O)C(C3=CC=CC=C3)N)C(=O)O)C,-2.2880650184996134,-1.595295786857605,0.20371396839618683,0.7320249080657959
326,P18548_V275I/I305M,CC1(C(N2C(S1)C(C2=O)NC(=O)C(C3=CC=CC=C3)N)C(=O)O)C,-0.8239087409443188,-1.4185460805892944,0.18238763511180878,0.8307915925979614
327,P18548_N304M/R306L,CC1(C(N2C(S1)C(C2=O)NC(=O)C(C3=CC=CC=C3)N)C(=O)O)C,-1.1413291527963487,-1.4877315759658813,0.2620927095413208,0.7104871273040771
328,P18548_R258A,CC1(C(N2C(S1)C(C2=O)NC(=O)C(C3=CC=CC=C3)N)C(=O)O)C,-2.5818566052396754,-1.575364589691162,0.19049648940563202,0.7541990280151367
329,P18548_N304A,CC1(C(N2C(S1)C(C2=O)NC(=O)C(C3=CC=CC=C3)N)C(=O)O)C,-1.4353665066126613,-1.4763765335083008,0.1794484704732895,0.7720123529434204
330,P18548_R258H,CC1(C(N2C(S1)C(C2=O)NC(=O)C(C3=CC=CC=C3)N)C(=O)O)C,-2.7676858167054683,-1.5744068622589111,0.19763612747192383,0.7309499979019165
331,P18548_V275I/N304M,CC1(C(N2C(S1)C(C2=O)NC(=O)C(C3=CC=CC=C3)N)C(=O)O)C,-1.8750612633917,-1.451621413230896,0.23323611915111542,0.7566003799438477
332,P18548_N304L,CC1(C(N2C(S1)C(C2=O)NC(=O)C(C3=CC=CC=C3)N)C(=O)O)C,-1.6047000874941708,-1.4810518026351929,0.22482435405254364,0.7359306812286377
333,P18548_wild,CC1(C(N2C(S1)C(C2=O)NC(=O)C(C3=CC=CC=C3)N)C(=O)O)C,-1.335792101923193,-1.4333888292312622,0.1742158681154251,0.815649151802063
334,P18548_V275I/R307L,CC1(C(N2C(S1)C(C2=O)NC(=O)C(C3=CC=CC=C3)N)C(=O)O)C,-1.9402317949965,-1.3432880640029907,0.21967414021492004,0.8412460684776306
335,P18548_V275L,CC1(C(N2C(S1)C(C2=O)NC(=O)C(C3=CC=CC=C3)N)C(=O)O)C,-2.124259620782813,-1.4188776016235352,0.18043042719364166,0.8180719017982483
336,P18548_N304M,CC1(C(N2C(S1)C(C2=O)NC(=O)C(C3=CC=CC=C3)N)C(=O)O)C,-1.9768762011528622,-1.4699792861938477,0.22339490056037903,0.7609630823135376
337,P32021_H335Q,C(CC(=O)O)C(=O)C(=O)O,1.5740312677277188,-1.5321131944656372,-1.6069834232330322,0.25677943229675293
338,P32021_wild,C(CC(=O)O)C(=O)C(=O)O,2.0365868756744594,-1.5332140922546387,-1.6080330610275269,0.25809162855148315
339,P32021_H116Q,C(CC(=O)O)C(=O)C(=O)O,-0.09691001300805646,-1.523590326309204,-1.6081697940826416,0.2652796506881714
340,P32021_H309Q,C(CC(=O)O)C(=O)C(=O)O,0.230448921378274,-1.525220513343811,-1.5719282627105713,0.2542768120765686
341,P32021_H169Q,C(CC(=O)O)C(=O)C(=O)O,0.6307051727774925,-1.5258737802505493,-1.587849736213684,0.2596711218357086
342,P32021_H268Q,C(CC(=O)O)C(=O)C(=O)O,-0.5642714304385626,-1.7901486158370972,-1.4975687265396118,0.0031280815601348877
343,P32021_H305Q,C(CC(=O)O)C(=O)C(=O)O,1.5228787452803376,-1.5433019399642944,-1.610207200050354,0.264912486076355
344,Q9XCW3_wild,CC1C(C(C(C(O1)OP(=O)(O)OP(=O)(O)OCC2C(CC(O2)N3C=C(C(=O)NC3=O)C)O)O)O)N,3.038883111345808,1.7336846590042114,-0.38936474919319153,2.0674026012420654
345,Q9XCW3_wild,CC(=O)SCCNC(=O)CCNC(=O)C(C(C)(C)COP(=O)(O)OP(=O)(O)OCC1C(C(C(O1)N2C=NC3=C(N=CN=C32)N)O)OP(=O)(O)O)O,1.5909439864225012,1.3228644132614136,-0.3186185359954834,2.2310056686401367
346,p37564_wild,CC(C)(CO)C(C(=O)NCCC(=O)O)O,1.3220144871461088,0.5486920475959778,-1.1887855529785156,1.5254335403442383
347,P37564_wild,C1=NC(=C2C(=N1)N(C=N2)C3C(C(C(O3)COP(=O)(O)OP(=O)(O)OP(=O)(O)O)O)O)N,-0.1579639784180344,0.7543928027153015,-0.30098390579223633,1.502407193183899
348,Q8CST1_wild,C1=NC(=C2C(=N1)N(C=N2)C3C(C(C(O3)COP(=O)(O)OP(=O)(O)O)O)O)N,1.3571950409819782,0.41979676485061646,-1.2002239227294922,1.5242942571640015
349,Q8G907_wild,C[S+](CCC(C(=O)[O-])N)CC1C(C(C(O1)N2C=NC3=C(N=CN=C32)N)O)O,-1.3405385369476548,-2.0855939388275146,-1.3485795259475708,0.3498321771621704
350,Q8G907_wild,C1C(C(C(C(C1O)O)O)O)N,0.1760912590556813,-1.6174978017807007,-0.4153859615325928,0.27391213178634644
351,Q9F0Q9_wild,CCCC(=O)OC1=CC=C(C=C1)[N+](=O)[O-],-0.8481386205688195,1.5498801469802856,-0.198568657040596,1.742363691329956
352,Q2TPV1_G311D,CCCC(=O)OCC(COC(=O)CCC)OC(=O)CCC,1.2075713476963361,2.1546802520751953,0.6888812780380249,1.593180537223816
353,Q2TPV1_G311L,CCCC(=O)OCC(COC(=O)CCC)OC(=O)CCC,1.1214782044987934,2.13761830329895,0.6776776313781738,1.5957047939300537
354,Q2TPV1_G311K,CCCC(=O)OCC(COC(=O)CCC)OC(=O)CCC,0.3341064544655674,2.052624225616455,0.6830024719238281,1.5266448259353638
355,Q2TPV1_wild,CCCC(=O)OCC(COC(=O)CCC)OC(=O)CCC,1.8664610916297846,2.134512186050415,0.6710978746414185,1.5991290807724
356,Q700B8_wild,CC1=CC(=O)OC2=C1C=CC(=C2)OC3C(C(C(C(O3)CO)OC4C(C(C(C(O4)CO)OC5C(C(C(C(O5)CO)O)O)NC(=O)C)O)NC(=O)C)O)NC(=O)C,2.9266570051845906,1.182494878768921,-1.1624913215637207,1.2216100692749023
357,A0A146FAZ1_wild,CC(=O)NC1C(C(C(OC1OC2C(OC(C(C2O)NC(=O)C)OC3=CC=C(C=C3)[N+](=O)[O-])CO)CO)O)O,1.7614776294368872,1.2660077810287476,-0.15651482343673706,1.0875988006591797
358,P42962_wild,C(C(C(C(COP(=O)(O)O)O)O)O)NC1=C(C(=O)NC(=O)N1)N,2.0132014826106093,0.1751791536808014,-1.1608211994171143,1.1346538066864014
359,P0CS93_wild,C(C1C(C(C(C(O1)O)O)O)O)O,2.1534518935905105,2.1439173221588135,1.4457615613937378,0.3384418785572052
360,P0CS93_wild,C=C(CO)CO,0.9893884376253341,1.6086581945419312,0.6795433759689331,0.5803993940353394
361,A0A0U1YLU5_wild,C(C1C(C(C(C(O1)O)O)O)O)O,1.9653443254241791,2.105681896209717,1.4145034551620483,0.32195162773132324
362,B8RCD2_wild,CC(=O)OCC=CC1=CC(=C(C=C1)O)OC,0.6468723357443247,-1.3013319969177246,-0.7662904858589172,0.46130019426345825
363,A0A166G7A0_wild,C1C=CN(C=C1C(=O)N)C2C(C(C(O2)COP(=O)(O)OP(=O)(O)OCC3C(C(C(O3)N4C=NC5=C(N=CN=C54)N)OP(=O)(O)O)O)O)O,0.7497235423897863,-0.008542083203792572,-1.2825716733932495,1.12714421749115
364,A0A166G7A0_wild,CC(=O)OCC=CC1=CC(=C(C=C1)O)OC,0.26830615085535786,-1.4841452836990356,-0.6964929103851318,0.2540925145149231
365,P9WMZ1_wild,C1=NC(=C2C(=N1)N(C=N2)C3C(C(C(O3)COP(=O)([O-])OP(=O)([O-])OC4C(C(C(C(O4)CO)O)O)O)O)O)N,2.3040148492134436,0.5091276168823242,-0.13273115456104279,0.1473328322172165
366,P9WMZ1_wild,C(C1C(C(C(C(O1)OP(=O)(O)O)O)O)O)O,2.079092533049277,0.28895971179008484,-0.21728821098804474,-0.27475008368492126
367,Q47396_wild,C1=NC(=C2C(=N1)N(C=N2)C3C(C(C(O3)COP(=O)(O)OP(=O)(O)OP(=O)(O)O)O)O)N,2.1760912590556813,0.7498867511749268,-0.9486657381057739,1.3902877569198608
368,Q0K029_wild,C(CS)C(=O)[O-],-0.8420610032887748,-0.32097116112709045,0.22410370409488678,0.7585731148719788
369,Q0K029_wild,C(C(C(=O)O)N)S,-2.8260748027008264,-0.5599713325500488,-0.2928871512413025,0.6312554478645325
370,Q9I0N5_wild,C(CS)C(=O)[O-],-0.3010299956639812,-0.5094455480575562,0.15354691445827484,0.7604031562805176
371,Q9I0N5_G95C,C(CS)C(=O)[O-],-3.4973246408079492,-0.5039663314819336,0.14503632485866547,0.758389413356781
372,P29401_wild,C(C(C(C(=O)CO)O)O)OP(=O)(O)O,1.6232492903979006,0.3270951509475708,-1.282618761062622,1.3889425992965698
373,Q8YS18_wild,[O-]P(=O)([O-])OP(=O)([O-])[O-],1.2275858803643145,0.7207111716270447,-0.837841272354126,1.1458396911621094
374,Q8YS18_wild,C1=CN(C(=O)NC1=O)C2C(C(C(O2)COP(=O)(O)OP(=O)(O)OP(=O)(O)O)O)O,1.150785393790911,0.40439021587371826,-0.5668338537216187,1.0403764247894287
375,Q8TDX5_wild,C(=CC=O)C=C(C(=O)O)N,3.1627272974976997,0.4853164553642273,-1.1883280277252197,0.8154004812240601
376,Q5FZI9_wild,C12=C(NC(=O)N1)NC(=O)NC2=O,3.2041199826559246,1.1377767324447632,-1.7466013431549072,1.7247977256774902
377,Q5FZI9_H245L/E252A/M253I/R291K/A296V/A301S/K303R,C12=C(NC(=O)N1)NC(=O)NC2=O,3.377418341527436,1.2112480401992798,-1.8331420421600342,1.8156805038452148
378,Q8A8Y4_wild,C(C1C(C(C(C(O1)OP(=O)(O)O)O)O)O)O,0.9829666607012196,1.2083876132965088,0.02207559160888195,0.453016996383667
379,Q8A8Y4_wild,CC(=O)NC1C(C(C(OC1O)CO)O)O,0.9884181274501849,1.0593376159667969,0.830734372138977,0.1169455349445343
380,Q8A8Y4_wild,[O-]P(=O)([O-])[O-],2.6020599913279625,1.5415600538253784,0.4264778196811676,0.5740863084793091
381,Q8A8Y4_wild,CC(=O)NC1C(C(C(OC1O)CO)OC2C(C(C(C(O2)CO)O)O)O)O,2.057991946977687,0.9961192607879639,0.5097517967224121,0.18423786759376526
382,Q8A8Y4_wild,CC(=O)NC1C(C(C(OC1O)CO)OC2C(C(C(C(O2)CO)O)O)NC(=O)C)O,-0.08894108333678111,0.845267653465271,0.13304150104522705,0.45145857334136963
383,A0A9I9_wild,C1=CC(=C[N+](=C1)C2C(C(C(O2)COP(=O)([O-])OP(=O)(O)OCC3C(C(C(O3)N4C=NC5=C(N=CN=C54)N)O)O)O)O)C(=O)N,0.6581759333068938,1.3604105710983276,-0.5319129824638367,1.0596489906311035
384,A0A9I9_wild,C1C=CN(C=C1C(=O)N)C2C(C(C(O2)COP(=O)(O)OP(=O)(O)OCC3C(C(C(O3)N4C=NC5=C(N=CN=C54)N)O)O)O)O,2.8052094831176797,1.6743746995925903,-1.0272281169891357,1.6119838953018188
385,A0A9I9_wild,CC(=O)C(=O)[O-],1.692474411147659,1.504286527633667,0.8062858581542969,0.653060257434845
386,A0A9I9_wild,C(C(=O)C(=O)O)C(=O)O,0.6373131032719309,1.219611406326294,0.17665168642997742,0.9565069079399109
387,A0A9I9_wild,CC(C(=O)O)N,0.11360747102025578,1.5758990049362183,1.1632187366485596,0.3458053767681122
388,A0A9I9_wild,CC(C(=O)O)NCC(=O)O,-0.2642687900466312,1.0915871858596802,0.8348179459571838,0.5840327739715576
389,A0A9I9_wild,C(C(=O)O)N,0.09651994758219098,1.4657272100448608,1.0332345962524414,0.2364833950996399
390,A0A9I9_wild,C(C(C(=O)O)N)O,-1.2085295654791912,0.7802554368972778,0.8278329372406006,0.06788301467895508
391,A0A9I9_wild,CCC(=O)C(=O)[O-],0.2592970876274844,1.5322924852371216,0.6383434534072876,0.48115870356559753
392,B5D5P2_wild,CC(C(=O)O)N,1.8650078847044789,1.9433399438858032,1.215319037437439,0.47739893198013306
393,B5D5P2_wild,C(C(=O)O)N,-0.5698090186361389,1.7470896244049072,1.1388987302780151,0.3065492808818817
394,P20132_wild,CC(C(C(=O)O)N)O,0.35989665488480266,1.0299378633499146,1.272253394126892,0.30973392724990845
395,P20132_wild,C(C(C(=O)O)N)O,0.5358992552728485,1.0259582996368408,1.3394200801849365,-0.037791043519973755
396,P10868_wild,C(C(=O)O)N=C(N)N,0.8515801675421772,-0.5261164903640747,-0.7988235354423523,0.0571405291557312
397,P10868_wild,C[S+](CCC(C(=O)[O-])N)CC1C(C(C(O1)N2C=NC3=C(N=CN=C32)N)O)O,3.278753600952829,-0.4734160900115967,-2.0503110885620117,0.7031257152557373
398,Q9RHV9_wild,C(CCN)CC(C(=O)O)N,2.2325726150081295,0.5470427870750427,-0.8548128008842468,0.8435177803039551
399,P00371_wild,CC(C(=O)O)N,1.217312995783475,0.8966647386550903,0.8460778594017029,0.6253480911254883
400,P14920_R120L,CC(C(=O)O)N,0.9370161074648142,0.8772108554840088,0.8881241083145142,0.6378016471862793
401,P14920_wild,CC(C(=O)O)N,1.1338935792612264,0.9060554504394531,0.8709838390350342,0.6648591160774231
402,P14920_wild,C1=CC(=C(C=C1CC(C(=O)O)N)O)O,1.4313637641589874,0.7870427370071411,-0.07659873366355896,0.8463504910469055
403,P00371_wild,O=O,3.155336037465062,1.4456106424331665,-0.9087620973587036,1.0859850645065308
404,P14920_R120E,CC(C(=O)O)N,0.9542425094393249,0.9108600616455078,0.8913870453834534,0.6729161739349365
405,Q6TGN2_wild,CC(C(=O)O)N,2.9777236052888476,1.3543628454208374,0.689728856086731,0.6956811547279358
406,Q6TGN2_wild,C1CC(NC1)C(=O)O,2.0992099008996368,1.5858795642852783,0.8669226169586182,0.5063167810440063
407,Q6TGN2_wild,CCC(C)C(C(=O)O)N,1.8594894986842108,0.8996602296829224,-0.0347653329372406,0.748511552810669
408,Q6TGN2_wild,CC(C)CC(C(=O)O)N,1.251544632584063,1.33980131149292,-0.11164094507694244,0.8191896677017212
409,Q6TGN2_wild,C1=CC(=CC=C1CC(C(=O)O)N)O,2.714077422598761,1.0958465337753296,-0.012171709910035133,0.6433917284011841
410,Q6TGN2_wild,C(C(C(=O)O)N)O,1.5792552118513066,0.8984050154685974,0.5854325890541077,0.19177848100662231
411,Q6TGN2_wild,CC(C)C(C(=O)O)N,2.810493172888516,1.1226943731307983,0.24937306344509125,0.7574845552444458
412,Q6TGN2_wild,C1=CC=C(C=C1)CC(C(=O)O)N,2.522878745280338,1.5893352031707764,0.19543339312076569,0.8544333577156067
413,Q6TGN2_wild,C(CCN)CC(C(=O)O)N,1.997951437324731,0.9757322072982788,0.5506303906440735,0.3722730875015259
414,P00371_I230C/R283G,C1=CC=C(C=C1)C(C2=CC=CC=C2)N,0.153814864344529,-0.28821074962615967,0.010347886011004448,1.0582247972488403
415,P00371_I230F/R283G,CC(C1=CC=CC=C1)N,-2.123782159408358,-0.5163875818252563,0.8477774262428284,0.28250086307525635
416,P00371_Y228L/R283G,CC(C1=CC=CC=C1)N,1.4820846742512126,-0.6561466455459595,0.8822793960571289,0.1679156869649887
417,P00371_I230F/R283G,C1=CC=C(C=C1)C(C2=CC=CC=C2)N,-0.8564746630953473,-0.2703392207622528,0.034182772040367126,1.0529632568359375
418,P00371_I230C/R283G,CC(C1=CC=CC=C1)N,-1.7935261119505979,-0.5556905269622803,0.8366450667381287,0.27681589126586914
419,P00371_I230A/R283G,C1=CC=C(C=C1)C(C2=CC=CC=C2)N,-0.1999877489893868,-0.27508634328842163,0.033246904611587524,1.0591999292373657
420,P00371_R283G,CC(C1=CC=CC=C1)N,-0.679502566838724,-0.5113011598587036,0.8422256708145142,0.28883063793182373
421,P00371_wild,C1=CC=C(C=C1)CC(C(=O)O)N,1.6012837722081854,1.1023480892181396,0.3353045582771301,0.8187400698661804
422,P00371_Y228L,C1=CC=C(C=C1)CC(C(=O)O)N,-0.6892675488903632,0.8577405214309692,0.38110101222991943,0.6401616334915161
423,P00371_I230A/R283G,CC(C1=CC=CC=C1)N,-1.3193059523538573,-0.5379371047019958,0.8477473855018616,0.27944043278694153
424,P14920_R120E,C(C(C(=O)O)N)O,1.2174839442139063,0.5540226697921753,0.7456604242324829,0.16496290266513824
425,P14920_wild,C(C(C(=O)O)N)S,0.0594371878518677,0.6082632541656494,0.1480630487203598,0.5110804438591003
426,P14920_wild,C(C(C(=O)O)N)O,0.3434338442170686,0.5324655175209045,0.7140969038009644,0.129415363073349
427,P14920_wild,C1=CC=C(C=C1)CC(C(=O)O)N,1.1111504521226667,1.1064146757125854,0.3596644699573517,0.8355225324630737
428,P14920_R120L,C(C(C(=O)O)N)O,1.348026558340205,0.5183132886886597,0.7261181473731995,0.12712278962135315
429,P14920_wild,C1=CC=C(C(=C1)C(=O)CC(C(=O)O)N)N,-0.8908555305749319,0.26784005761146545,-0.19105321168899536,1.17588210105896
430,P14920_P219L,CC(C(=O)O)N,1.2469802344403564,0.8977270126342773,0.8661203384399414,0.6520590782165527
431,P14920_wild,C1=CC(=CC=C1CC(C(=O)O)N)O,1.1298459735087676,0.5612379908561707,0.08028626441955566,0.6455748081207275
432,P14920_P219L,C1CC(NC1)C(=O)O,1.6069405868446225,1.2369868755340576,0.8407450318336487,0.4524259567260742
433,P14920_wild,C1CC(NC1)C(=O)O,1.3344864429708796,1.2525280714035034,0.8500885963439941,0.4654805064201355
434,P14920_P219L,C(C(C(=O)O)N)O,0.6503646709025175,0.5254786014556885,0.705811083316803,0.11872905492782593
435,P14920_R120E,C(C(C(=O)O)N)S,-0.31609374209985713,0.6253166794776917,0.17579008638858795,0.5444976091384888
436,P14920_R120L,C(C(C(=O)O)N)S,-0.3734328178811555,0.5917589068412781,0.16339664161205292,0.511889636516571
437,P14920_wild,C1C(C(=O)NO1)N,-2.03519575031112,0.5086166262626648,0.8459459543228149,0.6578295230865479
438,A0A1C9HA64_wild,C1C=CN(C=C1C(=O)N)C2C(C(C(O2)COP(=O)(O)OP(=O)(O)OCC3C(C(C(O3)N4C=NC5=C(N=CN=C54)N)O)O)O)O,2.9463151410372235,1.822177529335022,-1.21834397315979,2.1357295513153076
439,A0A1C9HA64_wild,CC=CC(=O)SCCNC(=O)CCNC(=O)C(C(C)(C)COP(=O)(O)OP(=O)(O)OCC1C(C(C(O1)N2C=NC3=C(N=CN=C32)N)O)OP(=O)(O)O)O,1.899629454882437,1.5844260454177856,-1.2996551990509033,1.812448501586914
440,A0A0N9HMN6_wild,COC1=C(C=CC(=C1)CC2C(COC2=O)CC3=CC4=C(C=C3)OCO4)O,2.7112044607530303,-0.8091884851455688,-1.7054535150527954,0.405641108751297
441,P51069_wild,CC(C)(COP(=O)(O)OP(=O)(O)OCC1C(C(C(O1)N2C=NC3=C(N=CN=C32)N)O)OP(=O)(O)O)C(C(=O)NCCC(=O)NCCSC(=O)C=CC4=CC=C(C=C4)O)O,0.2596373105057562,-1.7531009912490845,-2.1648292541503906,1.0768418312072754
442,P81535_wild,CSCCC(C(=O)N1CCCC1C(=O)O)N,3.3834373899061783,3.3187735080718994,0.47425907850265503,2.1756601333618164
443,P81535_R19G/G39E/K71E/S229T,CSCCC(C(=O)N1CCCC1C(=O)O)N,2.828636675956696,3.2940919399261475,0.5458102822303772,2.1828927993774414
444,P81535_G39E,CSCCC(C(=O)N1CCCC1C(=O)O)N,1.1087731188407466,3.3410842418670654,0.49306297302246094,2.168675422668457
445,P81535_R19G/K71E/S229T,CSCCC(C(=O)N1CCCC1C(=O)O)N,2.6691878879177904,3.2724008560180664,0.5279524326324463,2.194284439086914
446,P81535_wild,CC(C(=O)O)NC(=O)C1CCCN1C(=O)C(CCSC)N,2.0280287236002437,3.109029531478882,0.2965087294578552,1.9846527576446533
447,P81535_wild,CC(C(=O)NC(C)C(=O)O)NC(=O)C(CCSC)N,1.4723223718378937,2.036627769470215,-0.050232939422130585,1.603873610496521
448,Q9WYS1_wild,C(C1(C(C(C(O1)C(=O)O)O)O)O)O,0.9804044439366193,0.6948378086090088,-0.09098054468631744,0.5926172733306885
449,Q9I0N5_Q62R,C(C(C(=O)O)S)C(=O)O,-1.3979400086720375,-0.3237537741661072,-0.08447663486003876,0.9500155448913574
450,F2L0W0_wild,CC(C)CC(C(=O)O)N,0.795052000921845,-0.017733246088027954,-0.1446533352136612,1.023329257965088
451,P0AB80_wild,CCCC(=O)C(=O)O,1.6351485136976083,1.0088019371032715,-0.20639121532440186,0.914128839969635
452,P0AB80_wild,CCC(C)C(=O)C(=O)[O-],2.516629796003336,0.5434714555740356,-0.3026391565799713,1.014200210571289
453,P0AB80_wild,CC(C)C(=O)C(=O)O,1.7201593034059568,0.9268112778663635,-0.1553967148065567,1.0201103687286377
454,P0AB80_wild,CCCCC(=O)C(=O)O,2.0211892990699383,0.9531528949737549,-0.18610654771327972,0.9884867668151855
455,P0AB80_wild,CC(C)CC(=O)C(=O)O,2.489606966267722,1.0100200176239014,-0.2206164002418518,0.9109545946121216
456,P0AB80_wild,CC(C)(C)CC(=O)C(=O)[O-],2.1903316981702914,0.8002288937568665,-0.44722190499305725,0.9923754930496216
457,P0AB80_wild,CC(C)CC(C(=O)O)N,2.057991946977687,0.9729230403900146,-0.028093421831727028,0.7686994075775146
458,F2L0W0_wild,CC(C)CC(=O)C(=O)O,1.3010299956639813,0.4163544178009033,-0.2627142071723938,1.2221810817718506
459,F2L0W0_wild,CC(=O)C(=O)[O-],-0.9536999803470309,0.28447771072387695,0.4231107234954834,0.9712968468666077
460,F2L0W0_wild,CC(C(=O)O)N,-1.3610279253392665,0.2632933557033539,0.8950348496437073,0.6878297924995422
461,F0QW25_wild,CCCC(C(=O)O)N,0.391691059395036,-0.04110979288816452,-0.02314959652721882,1.352790355682373
462,F0QW25_wild,CC(C)C(C(=O)O)N,0.2540334329877577,-0.0021469220519065857,0.07829822599887848,1.4666578769683838
463,F0QW25_wild,C(CC(C(=O)O)N)CN,-0.5129773023177409,0.354848712682724,0.26930785179138184,1.3758894205093384
464,A3E7Z7_wild,CC(C)(COP(=O)(O)OP(=O)(O)OCC1C(C(C(O1)N2C=NC3=C(N=CN=C32)N)O)OP(=O)(O)O)C(C(=O)NCCC(=O)NCCSC(=O)C=CC4=CC=C(C=C4)O)O,-2.762987309119338,-1.6965781450271606,-2.1276967525482178,1.221739649772644
465,U3KRF0_wild,CC(C)(COP(=O)(O)OP(=O)(O)OCC1C(C(C(O1)N2C=NC3=C(N=CN=C32)N)O)OP(=O)(O)O)C(C(=O)NCCC(=O)NCCSC(=O)C4=CC=CC=C4NC)O,0.2532032005003463,-1.937328577041626,-2.183292865753174,0.9285755157470703
466,U3KRF0_wild,CC(C)(COP(=O)(O)OP(=O)(O)OCC1C(C(C(O1)N2C=NC3=C(N=CN=C32)N)O)OP(=O)(O)O)C(C(=O)NCCC(=O)NCCSC(=O)C=CC4=CC=C(C=C4)O)O,0.9195395351132022,-2.3844761848449707,-2.1813273429870605,0.6859802007675171
467,Q6WUC2_wild,COC1=C(C=C(C=C1)C(=O)O)O,0.1549019599857432,-1.5049482583999634,-1.2620923519134521,0.3417518436908722
468,Q6WUC2_wild,COC1=CC=CC=C1O,0.769551078621726,-1.761968731880188,-1.0492998361587524,-0.06334730982780457
469,Q6WUC2_wild,CN1CCC2=CC(=C(C=C2C1CC3=CC(=C(C=C3)OC)O)O)OC,0.640978057358332,-1.4568567276000977,-1.67905855178833,0.5926498174667358
470,Q40577_wild,CC(=CCCC(=CCCC(=CCOP(=O)(O)OP(=O)(O)O)C)C)C,1.3195134013579943,-1.4370216131210327,-2.287816047668457,0.3690451979637146
471,Q40577_Y520F,CC(=CCCC(=CCCC(=CCOP(=O)(O)OP(=O)(O)O)C)C)C,-0.20951501454263088,-1.4338245391845703,-2.2843446731567383,0.37343278527259827
472,P0AGJ9_wild,C1=NC(=C2C(=N1)N(C=N2)C3C(C(C(O3)COP(=O)(O)OP(=O)(O)OP(=O)(O)O)O)O)N,4.51881988880347,1.3158602714538574,-1.1081433296203613,1.4137959480285645
473,P0AGJ9_wild,C1=CC(=CC=C1CC(C(=O)O)N)O,3.633774404505169,0.7406156659126282,-1.3109214305877686,0.9318493604660034
474,Q8I273_wild,CC(CO)(C(COP(=O)(O)O)O)O,2.8016323462331667,0.5959876179695129,-1.592184066772461,0.5432409644126892
475,Q8I273_wild,C1=CN(C(=O)N=C1N)C2C(C(C(O2)COP(=O)(O)OP(=O)(O)OP(=O)(O)O)O)O,3.0997029131922265,0.7658745050430298,-1.815220832824707,0.9413613080978394
476,Q9FDB2_wild,C1=CC(=C(C(=C1)O)[O-])C(=O)O,3.6989700043360187,-0.4095168113708496,-1.4198005199432373,1.0391381978988647
477,Q9FDB2_wild,C1=CC=C(C(=C1)C(=O)O)[O-],1.4860760973725888,-0.17913401126861572,-1.390757441520691,1.1639028787612915
478,P10378_V339L,C1=CC(=C(C(=C1)O)[O-])C(=O)O,0.707743928643524,-0.9647916555404663,-1.6253366470336914,1.0217788219451904
479,P10378_V339L,C1=CC=C(C(=C1)C(=O)O)[O-],1.2872417111783478,-0.7821599245071411,-1.6669721603393555,1.0558232069015503
480,P10378_wild,C1=CC(=C(C(=C1)O)[O-])C(=O)O,3.0492180226701815,-0.9649122953414917,-1.6240354776382446,1.0170981884002686
481,P10378_wild,C1=CC=C(C(=C1)C(=O)O)[O-],1.4873404199013485,-0.7800636291503906,-1.6673479080200195,1.0520641803741455
482,P10378_wild,C1=CC(=CC(=C1)[O-])C(=O)O,0.6320232147054056,-0.46752917766571045,-1.136340856552124,0.822016179561615
483,P10378_S240C,C1=CC(=C(C(=C1)O)[O-])C(=O)O,-0.3383849125014727,-0.9672728776931763,-1.621201515197754,1.010270595550537
484,P10378_wild,C1=NC(=C2C(=N1)N(C=N2)C3C(C(C(O3)COP(=O)(O)OP(=O)(O)OP(=O)(O)O)O)O)N,0.8136895757626327,0.42519041895866394,-0.8095957636833191,1.1954479217529297
485,P10378_wild,C1=CC(=C(C=C1N)O)C(=O)O,0.15209098265191476,-0.3540969789028168,-1.074456810951233,0.8629058003425598
486,P10378_N235A,C1=CC=C(C(=C1)C(=O)O)[O-],-0.3348882629249486,-0.7963376045227051,-1.6501591205596924,1.030653476715088
487,P10378_V339I,C1=CC=C(C(=C1)C(=O)O)[O-],1.4298990259007136,-0.7836276888847351,-1.6741321086883545,1.050426959991455
488,P10378_N235A,C1=CC(=C(C(=C1)O)[O-])C(=O)O,0.5144455777434749,-0.9787980318069458,-1.5981464385986328,1.0004286766052246
489,P10378_Y236F/S240C/V339I/N340C,C1=CC=C(C(=C1)C(=O)O)[O-],0.6879746200345557,-0.8128387331962585,-1.656002163887024,1.0186169147491455
490,P10378_Y236F/S240C/N340C,C1=CC=C(C(=C1)C(=O)O)[O-],0.4724261335112826,-0.8148730397224426,-1.6488041877746582,1.0172390937805176
491,P10378_N340C,C1=CC=C(C(=C1)C(=O)O)[O-],1.164553345661924,-0.8070700764656067,-1.6605403423309326,1.0259149074554443
492,P10378_N340C,C1=CC(=C(C(=C1)O)[O-])C(=O)O,0.7727562184969374,-0.9961675405502319,-1.6189854145050049,0.9960347414016724
493,P10378_S240C,C1=CC=C(C(=C1)C(=O)O)[O-],0.5686362358410127,-0.780588686466217,-1.6637330055236816,1.0425827503204346
494,P10378_Y236F/S240C,C1=CC=C(C(=C1)C(=O)O)[O-],0.5488144793747374,-0.7862237691879272,-1.6561355590820312,1.0441280603408813
495,P10378_Y236F,C1=CC(=C(C(=C1)O)[O-])C(=O)O,0.580105415439912,-0.9751800298690796,-1.6225143671035767,1.0167170763015747
496,P10378_Y236F/S240C,C1=CC(=C(C(=C1)O)[O-])C(=O)O,-0.6968463107061632,-0.9752135276794434,-1.6194701194763184,1.0114368200302124
497,P10378_Y236F,C1=CC=C(C(=C1)C(=O)O)[O-],1.2753680053428447,-0.7887686491012573,-1.6604595184326172,1.0519036054611206
498,P10378_V339I,C1=CC(=C(C(=C1)O)[O-])C(=O)O,0.6917914197088953,-0.9675552845001221,-1.6311595439910889,1.015051245689392
499,P10378_Y236F/S240C/N340C,C1=CC(=C(C(=C1)O)[O-])C(=O)O,-0.3785754790173469,-1.007170557975769,-1.6139838695526123,0.9896247982978821
500,P10378_Y236F/S240C/V339L/N340C,C1=CC=C(C(=C1)C(=O)O)[O-],-0.7181270372646548,-0.8162738084793091,-1.649457335472107,1.0215628147125244
501,P10378_Y236F/S240C/V339I/N340C,C1=CC(=C(C(=C1)O)[O-])C(=O)O,-0.45281872022558145,-1.00480318069458,-1.6212959289550781,0.9904552102088928
502,A0A1B1WA14_wild,C1C(C(C(CC1(C(=O)O)O)OC(=O)C=CC2=CC(=C(C=C2)O)O)O)O,0.6352706484387507,0.6697047352790833,-0.44177964329719543,1.05889093875885
503,P0A759_W15Y/W224Y/Y254W,C(C1C(C(C(C(O1)O)N)O)O)OP(=O)(O)O,2.011537913393757,1.95391047000885,-0.4882740080356598,1.0828691720962524
504,P0A759_W224Y,C(C1C(C(C(C(O1)O)N)O)O)OP(=O)(O)O,2.4409090820652177,1.9881093502044678,-0.4777703285217285,1.067905068397522
505,P0A759_W15Y/F174W/W224Y,C(C1C(C(C(C(O1)O)N)O)O)OP(=O)(O)O,2.21289390696343,1.959774136543274,-0.47605302929878235,1.0881197452545166
506,P0A759_wild,C(C1C(C(C(C(O1)O)N)O)O)OP(=O)(O)O,2.6434526764861874,1.9933339357376099,-0.47278428077697754,1.059452772140503
507,P0A759_W15Y,C(C1C(C(C(C(O1)O)N)O)O)OP(=O)(O)O,2.334713108866554,1.9860539436340332,-0.45135289430618286,1.0972307920455933
508,P0A759_R172A/K208E,C(C1C(C(C(C(O1)O)N)O)O)OP(=O)(O)O,1.2668158951328796,0.8945461511611938,-0.3620455861091614,0.4788596034049988
509,P0A759_K208V,C(C1C(C(C(C(O1)O)N)O)O)OP(=O)(O)O,1.0532455119532251,1.2693735361099243,-0.4122149348258972,0.6725424528121948
510,P0A759_K208E,C(C1C(C(C(C(O1)O)N)O)O)OP(=O)(O)O,-1.1418771585245797,1.0931745767593384,-0.38196229934692383,0.5630601048469543
511,P0A759_C118S/C228S/C239S,C(C1C(C(C(C(O1)O)N)O)O)OP(=O)(O)O,2.3195134013579946,2.0814759731292725,-0.5212690234184265,1.1582082509994507
512,P0A759_R172A,C(C1C(C(C(C(O1)O)N)O)O)OP(=O)(O)O,0.8491655361585422,1.8776150941848755,-0.43244826793670654,1.0193274021148682
513,P46926_wild,C(C1C(C(C(C(O1)O)N)O)O)OP(=O)(O)O,3.0170333392987803,1.6499651670455933,-0.7811247706413269,1.0539835691452026
514,O35000_wild,C(C1C(C(C(C(O1)O)N)O)O)OP(=O)(O)O,2.9274493328513884,1.8364983797073364,-0.4505489468574524,0.9362518191337585
515,P0A759_W15Y/W224Y,C(C1C(C(C(C(O1)O)N)O)O)OP(=O)(O)O,2.345449135452394,1.9809244871139526,-0.4618381857872009,1.1105680465698242
516,Q11PP7_wild,C1=CC=C(C(=C1)C(=O)CC(C(=O)O)N)N,1.506363657214779,0.01888178288936615,-1.2556042671203613,1.6247262954711914
517,Q8DRL6_wild,CC(=O)NC1C(C(C(OC1OC2=CC=C(C=C2)[N+](=O)[O-])CO)O)O,1.1119737594439323,-0.17056894302368164,-0.08642690628767014,1.6602733135223389
518,Q8DRL6_W876A,CC(=O)NC1C(C(C(OC1OC2=CC=C(C=C2)[N+](=O)[O-])CO)O)O,-0.2924298239020636,-0.17207184433937073,-0.080730140209198,1.6656872034072876
519,Q8DRL6_Y482A,CC(=O)NC1C(C(C(OC1OC2=CC=C(C=C2)[N+](=O)[O-])CO)O)O,-0.592514673421732,-0.15995728969573975,-0.08703753352165222,1.6741046905517578
520,Q8DRL6_Y482F,CC(=O)NC1C(C(C(OC1OC2=CC=C(C=C2)[N+](=O)[O-])CO)O)O,-0.3565473235138126,-0.1641380786895752,-0.08644720166921616,1.6660449504852295
521,Q8DRL6_C469Y,CC(=O)NC1C(C(C(OC1OC2=CC=C(C=C2)[N+](=O)[O-])CO)O)O,0.8946568194550807,-0.1683749258518219,-0.08062680810689926,1.662231206893921
522,Q8DRL6_W443F,CC(=O)NC1C(C(C(OC1OC2=CC=C(C=C2)[N+](=O)[O-])CO)O)O,-1.0078253375119566,-0.17610958218574524,-0.0857994332909584,1.664311408996582
523,Q8DRL6_Y914F,CC(=O)NC1C(C(C(OC1OC2=CC=C(C=C2)[N+](=O)[O-])CO)O)O,0.6943742526468697,-0.16491606831550598,-0.08656123280525208,1.6623096466064453
524,Q8DRL6_Y914A,CC(=O)NC1C(C(C(OC1OC2=CC=C(C=C2)[N+](=O)[O-])CO)O)O,-1.674610658476574,-0.16094237565994263,-0.08779476583003998,1.6698803901672363
525,Q8DRL6_W876F,CC(=O)NC1C(C(C(OC1OC2=CC=C(C=C2)[N+](=O)[O-])CO)O)O,-0.11936363460675403,-0.16796782612800598,-0.08452773094177246,1.6666555404663086
526,Q8DRL6_W443A,CC(=O)NC1C(C(C(OC1OC2=CC=C(C=C2)[N+](=O)[O-])CO)O)O,-0.756889562867517,-0.18259242177009583,-0.0829688310623169,1.66095769405365
527,Q93UV0_N100C,CCCCCCCCCCCCCCCC(=O)SCCNC(=O)CCNC(=O)C(C(C)(C)COP(=O)(O)OP(=O)(O)OCC1C(C(C(O1)N2C=NC3=C(N=CN=C32)N)O)OP(=O)(O)O)O,0.619788758288394,-0.7525218725204468,-1.3376970291137695,1.1597152948379517
528,Q93UV0_N100C,C(C(C(=O)O)N)O,-1.4471580313422192,-0.8299294710159302,0.4821346700191498,0.09862960875034332
529,Q93UV0_wild,CCCCCCCCCCCCCCCC(=O)SCCNC(=O)CCNC(=O)C(C(C)(C)COP(=O)(O)OP(=O)(O)OCC1C(C(C(O1)N2C=NC3=C(N=CN=C32)N)O)OP(=O)(O)O)O,0.06069784035361165,-0.7233107089996338,-1.3346796035766602,1.1626683473587036
530,Q93UV0_wild,CCCCCCCCCCCC(=O)SCCNC(=O)CCNC(=O)C(C(C)(C)COP(=O)(O)OP(=O)(O)OCC1C(C(C(O1)N2C=NC3=C(N=CN=C32)N)O)OP(=O)(O)O)O,-0.3565473235138126,-0.6386935710906982,-1.2648420333862305,1.1881823539733887
531,Q93UV0_R378K,CCCCCC(=O)SCCNC(=O)CCNC(=O)C(C(C)(C)COP(=O)(O)OP(=O)(O)OCC1C(C(C(O1)N2C=NC3=C(N=CN=C32)N)O)OP(=O)(O)O)O,-0.840299157132488,-0.5763779878616333,-1.1024975776672363,1.0655962228775024
532,Q93UV0_R378N,C(C(C(=O)O)N)O,-1.8616973018337184,-0.82001793384552,0.49768972396850586,0.1117757111787796
533,Q93UV0_G385F,C(C(C(=O)O)N)O,-0.8643373979999269,-0.8553094863891602,0.47029832005500793,0.09784483909606934
534,Q93UV0_wild,CCCCCCCCCCCCCC(=O)SCCNC(=O)CCNC(=O)C(C(C)(C)COP(=O)(O)OP(=O)(O)OCC1C(C(C(O1)N2C=NC3=C(N=CN=C32)N)O)OP(=O)(O)O)O,0.9777236052888478,-0.6713083386421204,-1.307881474494934,1.1886399984359741
535,Q93UV0_R378K,CCCCCCCCCCCC(=O)SCCNC(=O)CCNC(=O)C(C(C)(C)COP(=O)(O)OP(=O)(O)OCC1C(C(C(O1)N2C=NC3=C(N=CN=C32)N)O)OP(=O)(O)O)O,-0.2041199826559248,-0.6473995447158813,-1.2654343843460083,1.190974235534668
536,Q93UV0_N100W,C(C(C(=O)O)N)O,-2.2498774732166,-0.9621807336807251,0.46854498982429504,0.05348894000053406
537,Q93UV0_R378K,CCCCCCCCCCCCCC(=O)SCCNC(=O)CCNC(=O)C(C(C)(C)COP(=O)(O)OP(=O)(O)OCC1C(C(C(O1)N2C=NC3=C(N=CN=C32)N)O)OP(=O)(O)O)O,0.2919818666865841,-0.6798505783081055,-1.3083100318908691,1.1923497915267944
538,Q93UV0_N100W,CCCCCCCCCCCCCCCC(=O)SCCNC(=O)CCNC(=O)C(C(C)(C)COP(=O)(O)OP(=O)(O)OCC1C(C(C(O1)N2C=NC3=C(N=CN=C32)N)O)OP(=O)(O)O)O,-0.3245110915135041,-0.8505628705024719,-1.3738089799880981,1.0982024669647217
539,Q93UV0_R378A,CCCCCCCCCCCCCCCC(=O)SCCNC(=O)CCNC(=O)C(C(C)(C)COP(=O)(O)OP(=O)(O)OCC1C(C(C(O1)N2C=NC3=C(N=CN=C32)N)O)OP(=O)(O)O)O,0.3010299956639812,-0.7000031471252441,-1.3344378471374512,1.1925534009933472
540,Q93UV0_R378A,C(C(C(=O)O)N)O,-1.6876889939263298,-0.8096671104431152,0.49628472328186035,0.11784252524375916
541,Q93UV0_wild,CCCCCC(=O)SCCNC(=O)CCNC(=O)C(C(C)(C)COP(=O)(O)OP(=O)(O)OCC1C(C(C(O1)N2C=NC3=C(N=CN=C32)N)O)OP(=O)(O)O)O,-1.3010299956639813,-0.5684413313865662,-1.1025949716567993,1.0638519525527954
542,Q93UV0_V246M,CCCCCCCCCCCCCCCC(=O)SCCNC(=O)CCNC(=O)C(C(C)(C)COP(=O)(O)OP(=O)(O)OCC1C(C(C(O1)N2C=NC3=C(N=CN=C32)N)O)OP(=O)(O)O)O,0.5362427068383191,-0.7282482981681824,-1.3324675559997559,1.1637120246887207
543,Q93UV0_wild,C(C(C(=O)O)N)O,-0.6698117755948054,-0.8309147357940674,0.4962243437767029,0.09999740123748779
544,Q93UV0_G385F,CCCCCCCCCCCCCCCC(=O)SCCNC(=O)CCNC(=O)C(C(C)(C)COP(=O)(O)OP(=O)(O)OCC1C(C(C(O1)N2C=NC3=C(N=CN=C32)N)O)OP(=O)(O)O)O,0.8951133537174732,-0.7164534330368042,-1.3605270385742188,1.1737453937530518
545,A7BFV7_wild,CCCCCCCCCCCCCCCC(=O)SCCNC(=O)CCNC(=O)C(C(C)(C)COP(=O)(O)OP(=O)(O)OCC1C(C(C(O1)N2C=NC3=C(N=CN=C32)N)O)OP(=O)(O)O)O,-0.414973347970818,-0.27241232991218567,-1.282036304473877,1.2101291418075562
546,P19265_wild,C(CO)N,2.856338774574719,0.9604148268699646,-0.3045709729194641,0.5199771523475647
547,P00518_wild,C1=NC(=C2C(=N1)N(C=N2)C3C(C(C(O3)COP(=O)(O)OP(=O)(O)OP(=O)(O)O)O)O)N,3.3635224438683444,0.08529514819383621,-2.0677855014801025,0.7861948609352112
548,Q9P2T1_wild,C1=NC2=C(N1C3C(C(C(O3)COP(=O)(O)O)O)O)N=C(NC2=O)N,1.1728258716279139,-0.46742725372314453,-1.7422209978103638,1.3835666179656982
549,P36959_wild,C1=NC2=C(N1C3C(C(C(O3)COP(=O)(O)O)O)O)N=C(NC2=O)N,1.108926066361927,-0.6831021308898926,-1.5648943185806274,1.220409870147705
550,P51687_wild,[O-]S(=O)[O-],4.399955299907363,1.1242703199386597,-0.5236471891403198,1.8512647151947021
551,P07850_wild,[O-]S(=O)[O-],3.960232873128512,0.9747119545936584,-0.6362446546554565,1.6101090908050537
552,P07850_Y322N/R450M,[O-]S(=O)[O-],-0.38535088136401713,0.7550680637359619,-0.5516321063041687,1.391075611114502
553,Q9H974_wild,C1=CC(C(C1NCC2=CNC3=C2C(=O)NC(=N3)N)O)O,1.4998984695692326,-1.7624961137771606,-2.190420150756836,0.4461718797683716
554,Q9H974_wild,C1=C(C2=C(N1)N=C(NC2=O)N)CN,-1.2051740959935802,-1.7228721380233765,-1.8208673000335693,0.8914929628372192
555,B8ZXI1_wild,C1=CC(C(C1NCC2=CNC3=C2C(=O)NC(=N3)N)O)O,0.6989700043360189,-1.5377246141433716,-2.1963205337524414,0.5293750762939453
556,Q8L5L2_wild,CC(C)(COP(=O)(O)OP(=O)(O)OCC1C(C(C(O1)N2C=NC3=C(N=CN=C32)N)O)OP(=O)(O)O)C(C(=O)NCCC(=O)NCCSC(=O)C=CC4=CC=C(C=C4)O)O,0.43783936099192167,-1.944287896156311,-2.2903292179107666,1.2360403537750244
557,Q8L5L2_wild,CC(C)(COP(=O)(O)OP(=O)(O)OCC1C(C(C(O1)N2C=NC3=C(N=CN=C32)N)O)OP(=O)(O)O)C(C(=O)NCCC(=O)NCCSC(=O)CC(=O)O)O,0.49275243722884,-1.7690720558166504,-2.049931287765503,1.331268310546875
558,K9MUA0_wild,CC(C)(COP(=O)(O)OP(=O)(O)OCC1C(C(C(O1)N2C=NC3=C(N=CN=C32)N)O)OP(=O)(O)O)C(C(=O)NCCC(=O)NCCSC(=O)C=CC4=CC=C(C=C4)O)O,0.05249833846673061,-1.8554540872573853,-2.271231174468994,1.2771189212799072
559,H9DV62_Q82P,CC(C)(COP(=O)(O)OP(=O)(O)OCC1C(C(C(O1)N2C=NC3=C(N=CN=C32)N)O)OP(=O)(O)O)C(C(=O)NCCC(=O)NCCSC(=O)C=CC4=CC=C(C=C4)O)O,0.3705904008972811,-1.6140916347503662,-2.2564797401428223,1.4035813808441162
560,H9DV62_wild,CC(C)(COP(=O)(O)OP(=O)(O)OCC1C(C(C(O1)N2C=NC3=C(N=CN=C32)N)O)OP(=O)(O)O)C(C(=O)NCCC(=O)NCCSC(=O)CC(=O)O)O,0.42526313588327236,-1.444940209388733,-2.01381516456604,1.5039458274841309
561,H9DV62_R105Q,CC(C)(COP(=O)(O)OP(=O)(O)OCC1C(C(C(O1)N2C=NC3=C(N=CN=C32)N)O)OP(=O)(O)O)C(C(=O)NCCC(=O)NCCSC(=O)C=CC4=CC=C(C=C4)O)O,1.0981316579258376,-1.6459574699401855,-2.2689380645751953,1.419832468032837
562,H9DV62_wild,CC(C)(COP(=O)(O)OP(=O)(O)OCC1C(C(C(O1)N2C=NC3=C(N=CN=C32)N)O)OP(=O)(O)O)C(C(=O)NCCC(=O)NCCSC(=O)C=CC4=CC=C(C=C4)O)O,0.9078537767880075,-1.6408838033676147,-2.2710278034210205,1.411421298980713
563,H9DV62_Q82P/C198F,CC(C)(COP(=O)(O)OP(=O)(O)OCC1C(C(C(O1)N2C=NC3=C(N=CN=C32)N)O)OP(=O)(O)O)C(C(=O)NCCC(=O)NCCSC(=O)C=CC4=CC=C(C=C4)O)O,0.6327537354527616,-1.6365503072738647,-2.272491931915283,1.3902510404586792
564,H9DV62_Q82P,CC(C)(COP(=O)(O)OP(=O)(O)OCC1C(C(C(O1)N2C=NC3=C(N=CN=C32)N)O)OP(=O)(O)O)C(C(=O)NCCC(=O)NCCSC(=O)CC(=O)O)O,-0.18289496711062603,-1.4162530899047852,-1.9982013702392578,1.4978950023651123
565,H9DV62_Q82P/C198F,CC(C)(COP(=O)(O)OP(=O)(O)OCC1C(C(C(O1)N2C=NC3=C(N=CN=C32)N)O)OP(=O)(O)O)C(C(=O)NCCC(=O)NCCSC(=O)CC(=O)O)O,0.14157218273112873,-1.431216835975647,-2.0109243392944336,1.4870338439941406
566,H9DV62_R105Q,CC(C)(COP(=O)(O)OP(=O)(O)OCC1C(C(C(O1)N2C=NC3=C(N=CN=C32)N)O)OP(=O)(O)O)C(C(=O)NCCC(=O)NCCSC(=O)CC(=O)O)O,0.22646894725310152,-1.4450892210006714,-2.01090931892395,1.5123145580291748
567,P0AFG8_wild,CC(=O)C(=O)[O-],3.010437485901077,0.8106003403663635,-0.6048648953437805,1.3395936489105225
568,P0AFG8_wild,CC1=C(SC=[N+]1CC2=CN=C(N=C2N)C)CCOP(=O)(O)OP(=O)(O)O,4.2620904548897744,0.6965432167053223,-2.5887999534606934,1.8423610925674438
569,Q06892_R293H,C1=CC(=C[N+](=C1)C2C(C(C(O2)COP(=O)([O-])OP(=O)(O)OCC3C(C(C(O3)N4C=NC5=C(N=CN=C54)N)O)O)O)O)C(=O)N,0.6784483371914172,0.6517672538757324,-0.35822224617004395,1.2482571601867676
570,Q06892_R293H,C1C=CN(C=C1C(=O)N)C2C(C(C(O2)COP(=O)(O)OP(=O)(O)OCC3C(C(C(O3)N4C=NC5=C(N=CN=C54)N)O)O)O)O,2.381340746852576,0.8314839601516724,-0.8683092594146729,1.918853759765625
571,Q06892_wild,C1C=CN(C=C1C(=O)N)C2C(C(C(O2)COP(=O)(O)OP(=O)(O)OCC3C(C(C(O3)N4C=NC5=C(N=CN=C54)N)O)O)O)O,1.9280722750790207,0.8110299706459045,-0.8794549703598022,1.9332950115203857
572,Q06892_wild,C1=CC(=C[N+](=C1)C2C(C(C(O2)COP(=O)([O-])OP(=O)(O)OCC3C(C(C(O3)N4C=NC5=C(N=CN=C54)N)O)O)O)O)C(=O)N,0.21601920595563256,0.6448847055435181,-0.374775767326355,1.2713959217071533
573,O43314_wild,C1(C(C(C(C(C1OP(=O)(O)O)OP(=O)(O)O)OP(=O)(O)O)OP(=O)(O)O)OP(=O)(O)O)OP(=O)(O)O,2.3631779024128257,-0.9451106786727905,-2.331681251525879,1.656245231628418
574,C0LA90_wild,CC1=C(C=CC=C1C2=CC=CC=C2)COC(=O)C3C(C3(C)C)C=C(C(F)(F)F)Cl,2.4431494935046025,0.01767689734697342,-2.338860034942627,1.7566289901733398
575,C0LA90_wild,CC1(C(C1C(=O)OC(C#N)C2=CC(=CC=C2)OC3=CC=CC=C3)C=C(Cl)Cl)C,4.376509367844345,-0.3077704906463623,-2.72945237159729,1.8209550380706787
576,C0LA90_wild,CC1(C(C1C(=O)OCC2=CC(=CC=C2)OC3=CC=CC=C3)C=C(Cl)Cl)C,4.689050939004051,-0.23354002833366394,-2.3321022987365723,1.5640326738357544
577,C0LA90_wild,CC1(C(C1C(=O)OC(C#N)C2=CC(=CC=C2)OC3=CC=CC=C3)C=C(Br)Br)C,3.001100873800886,-0.1514412760734558,-2.821782112121582,2.134284257888794
578,C0LA90_wild,CC1(C(C1C(=O)OC(C#N)C2=CC(=CC=C2)OC3=CC=CC=C3)C=C(C(F)(F)F)Cl)C,3.5656307257012876,-0.3697923421859741,-2.819301128387451,1.789125680923462
579,A0A290U7B6_wild,CCCC(=O)OC1=CC=C(C=C1)[N+](=O)[O-],4.721567066330348,2.230147361755371,-0.6611522436141968,2.3799943923950195
580,P9WJA1_wild,O=O,-0.5086383061657274,0.5582019090652466,-0.9682925343513489,1.4967730045318604
581,P9WJA1_wild,CC1=C(C=C(C=C1)O)CCC2C3CCC(C3(CCC2=O)C)O,-0.1638568026386696,-0.5415574908256531,-0.3961927890777588,0.9763355255126953
582,P9WJA1_wild,C1=CC=C(C=C1)C2=CC(=CC=C2)O,-1.1169698069369944,-0.03177172690629959,-1.090332269668579,1.695982575416565
583,O95237_wild,CC1=C(C(CCC1)(C)C)C=CC(=CC=CC(=CCO)C)C,2.866018675616361,0.5880963802337646,-1.052079439163208,-0.07521727681159973
584,Q9KQ59_wild,C1=CC=C2C(=C1)C(=O)C3=C(C2=O)C(=C(C=C3NC4=CC(=CC=C4)S(=O)(=O)CCOS(=O)(=O)[O-])S(=O)(=O)[O-])N.[Na+].[Na+],1.414973347970818,1.1836270093917847,-1.5040251016616821,2.7310523986816406
585,Q9KQ59_wild,CCN1C2=C(C=C(C=C2)S(=O)(=O)O)SC1=NN=C3N(C4=C(S3)C=C(C=C4)S(=O)(=O)O)CC,3.443697499232954,1.7607333660125732,-1.2390525341033936,2.799663543701172
586,Q9KQ59_wild,COC1=CC=CC=C1O,0.43136376415898725,0.02300848811864853,-0.8131024837493896,1.489919900894165
587,P31013_wild,C1=CC(=C(C=C1CC(C(=O)O)N)F)O,1.146128035678238,-1.0612367391586304,-0.6156219244003296,0.3803236782550812
588,P31013_S51A,C1=CC(=CC=C1CC(C(=O)O)N)O,-1.6368220975871743,-1.293046474456787,-0.11816328763961792,0.25305601954460144
589,P31013_S51A,C1=CC(=C(C=C1CC(C(=O)O)N)F)O,-2.034762106259212,-1.1431318521499634,-0.5960644483566284,0.34591037034988403
590,P31013_wild,C1=CC=C(C(=C1)[N+](=O)[O-])SCC(C(=O)O)N,1.6645524395323255,0.2086256742477417,-0.08756302297115326,0.39501839876174927
591,P31013_wild,C1=CC(=CC=C1CC(C(=O)O)N)O,1.2430380486862944,-1.2089680433273315,-0.13194261491298676,0.2896214723587036
592,P31013_wild,C1=CC=C(C=C1)CSCC(C(=O)O)N,0.7201593034059569,-0.4838052988052368,-0.1164935976266861,0.5226234197616577
593,P31013_S51A,C1=CC=C(C(=C1)[N+](=O)[O-])SCC(C(=O)O)N,0.5970965717964122,0.1511564403772354,-0.07985647767782211,0.35378745198249817
594,P31013_S51A,C(C(C(=O)O)N)Cl,-0.7269987279362624,-0.19064375758171082,-0.01689472235739231,0.3250618875026703
595,P31013_S51A,CSCC(C(=O)O)N,-2.377736622583751,-0.5655852556228638,0.5065012574195862,0.2203218638896942
596,P31013_S51A,CCSCC(C(=O)O)N,-1.8133156674468947,-0.3007161021232605,0.16406433284282684,0.35295140743255615
597,P31013_S51A,C1=CC=C(C=C1)CSCC(C(=O)O)N,-2.436692597664044,-0.5815791487693787,-0.10662877559661865,0.4875631332397461
598,P31013_wild,CCSCC(C(=O)O)N,0.5364941074137348,-0.23043406009674072,0.13986912369728088,0.395063579082489
599,P31013_wild,C(C(C(=O)O)N)Cl,0.4518153894548922,-0.12437287718057632,-0.0392700731754303,0.3656536340713501
600,P31013_wild,CSCC(C(=O)O)N,-0.31240954140747995,-0.4886218309402466,0.48963966965675354,0.2611192464828491
601,Q8RHM6_wild,C1=CC(=CC=C1CC(C(=O)O)N)O,0.9802559418044842,-1.0134788751602173,-0.21670888364315033,0.3265041410923004
602,Q8RHM6_wild,C1=CC=C(C=C1)O,-0.9128498242810998,-0.6455342769622803,-0.5253615379333496,0.38777443766593933
603,Q8RHM6_wild,C1=CC(=C(C=C1CC(C(=O)O)N)O)O,-1.0655658839142277,-0.5413580536842346,-0.39172860980033875,0.5367112755775452
604,Q8RHM6_wild,C1=CC=C(C(=C1)O)O,-0.7655462355124927,-0.019725002348423004,-0.738422155380249,0.9087847471237183
605,P13981_wild,C(CC(C(=O)O)N)CN=C(N)N,2.197280558125619,-0.9455840587615967,0.31330448389053345,0.7613559365272522
606,P13981_E224A,C(CC(C(=O)O)N)CN=C(N)N,-2.719173390424306,-1.1391255855560303,0.32827597856521606,0.6308139562606812
607,P13981_N160A,C(CC(C(=O)O)N)CN=C(N)N,-2.1091444694250683,-1.1579476594924927,0.34664857387542725,0.6624270081520081
608,P13981_R185L,C(CC(C(=O)O)N)CN=C(N)N,-2.7569619513137056,-1.113779902458191,0.35327160358428955,0.6363215446472168
609,P13981_E224D,C(CC(C(=O)O)N)CN=C(N)N,-3.0550475663309054,-0.9761834144592285,0.3138465881347656,0.7322644591331482
610,P13981_R243A,C(CC(C(=O)O)N)CN=C(N)N,-3.4655833413259054,-1.1057208776474,0.34469953179359436,0.6547037959098816
611,P13981_R185A,C(CC(C(=O)O)N)CN=C(N)N,-2.2267012524107686,-1.1031266450881958,0.3621518909931183,0.6426734924316406
612,P13981_R243L,C(CC(C(=O)O)N)CN=C(N)N,-3.6255410871774854,-1.193743348121643,0.36408257484436035,0.5804795622825623
613,P13981_R401A,C(CC(C(=O)O)N)CN=C(N)N,-3.08218675618735,-0.942987322807312,0.32535725831985474,0.7667281627655029
614,P13981_R243K,C(CC(C(=O)O)N)CN=C(N)N,-3.5356530333167666,-0.9866080284118652,0.3222179412841797,0.7484258413314819
615,A7LKB0_A128T/I410L,C(CC(C(=O)O)N)CN=C(N)N,1.6216555473913432,-0.6761780977249146,0.3123389482498169,0.7610844373703003
616,A0A1J5NX54_A30D/R31I/T32I,C1=CC(=C[N+](=C1)C2C(C(C(O2)COP(=O)([O-])OP(=O)(O)OCC3C(C(C(O3)N4C=NC5=C(N=CN=C54)N)O)O)O)O)C(=O)N,2.6852171257350395,0.8211523294448853,-0.55433189868927,1.4214122295379639
617,A0A1J5NX54_A30E/R31I/T32D,C1=CC(=C[N+](=C1)C2C(C(C(O2)COP(=O)(O)OP(=O)(O)OCC3C(C(C(O3)N4C=NC5=C(N=CN=C54)N)OP(=O)(O)O)O)O)O)C(=O)N,0.6718177582924041,0.7627307772636414,-0.8284456729888916,1.5268404483795166
618,Q2RIZ2_A30E/R31I/T32D,C1=CC(=C[N+](=C1)C2C(C(C(O2)COP(=O)(O)OP(=O)(O)OCC3C(C(C(O3)N4C=NC5=C(N=CN=C54)N)OP(=O)(O)O)O)O)O)C(=O)N,0.6718177582924041,0.9460970759391785,-0.7184286117553711,1.7063794136047363
619,A0A1J5NX54_R31I,C1=CC(=C[N+](=C1)C2C(C(C(O2)COP(=O)(O)OP(=O)(O)OCC3C(C(C(O3)N4C=NC5=C(N=CN=C54)N)OP(=O)(O)O)O)O)O)C(=O)N,2.638583433357891,0.5905389785766602,-0.888651967048645,1.3998769521713257
620,Q2RIZ2_R31I,C1=CC(=C[N+](=C1)C2C(C(C(O2)COP(=O)(O)OP(=O)(O)OCC3C(C(C(O3)N4C=NC5=C(N=CN=C54)N)OP(=O)(O)O)O)O)O)C(=O)N,2.638583433357891,0.847554624080658,-0.7845685482025146,1.6359384059906006
621,A0A1J5NX54_A30E/R31I/T32D,C1=CC(=C[N+](=C1)C2C(C(C(O2)COP(=O)([O-])OP(=O)(O)OCC3C(C(C(O3)N4C=NC5=C(N=CN=C54)N)O)O)O)O)C(=O)N,1.9296200345309928,0.7939677834510803,-0.4551401436328888,1.3677849769592285
622,Q2RIZ2_A30E/R31I/T32D,C1=CC(=C[N+](=C1)C2C(C(C(O2)COP(=O)([O-])OP(=O)(O)OCC3C(C(C(O3)N4C=NC5=C(N=CN=C54)N)O)O)O)O)C(=O)N,1.9296200345309928,0.9267860651016235,-0.4004277288913727,1.566009521484375
623,A0A1J5NX54_R31T,C1=CC(=C[N+](=C1)C2C(C(C(O2)COP(=O)([O-])OP(=O)(O)OCC3C(C(C(O3)N4C=NC5=C(N=CN=C54)N)O)O)O)O)C(=O)N,1.1782394636759472,0.7450825572013855,-0.49982815980911255,1.2970850467681885
624,Q2RIZ2_R31T,C1=CC(=C[N+](=C1)C2C(C(C(O2)COP(=O)([O-])OP(=O)(O)OCC3C(C(C(O3)N4C=NC5=C(N=CN=C54)N)O)O)O)O)C(=O)N,1.1782394636759472,0.9171522855758667,-0.43874335289001465,1.533326506614685
625,A0A1J5NX54_R31T,C1=CC(=C[N+](=C1)C2C(C(C(O2)COP(=O)(O)OP(=O)(O)OCC3C(C(C(O3)N4C=NC5=C(N=CN=C54)N)OP(=O)(O)O)O)O)O)C(=O)N,2.484400103570226,0.7070949077606201,-0.8676470518112183,1.4747123718261719
626,Q2RIZ2_R31T,C1=CC(=C[N+](=C1)C2C(C(C(O2)COP(=O)(O)OP(=O)(O)OCC3C(C(C(O3)N4C=NC5=C(N=CN=C54)N)OP(=O)(O)O)O)O)O)C(=O)N,2.484400103570226,0.9335176348686218,-0.7552843689918518,1.676926851272583
627,A0A1J5NX54_wild,C1=CC(=C[N+](=C1)C2C(C(C(O2)COP(=O)(O)OP(=O)(O)OCC3C(C(C(O3)N4C=NC5=C(N=CN=C54)N)OP(=O)(O)O)O)O)O)C(=O)N,2.7979994434514746,0.7137514352798462,-0.9213711023330688,1.5355634689331055
628,Q2RIZ2_wild,C1=CC(=C[N+](=C1)C2C(C(C(O2)COP(=O)(O)OP(=O)(O)OCC3C(C(C(O3)N4C=NC5=C(N=CN=C54)N)OP(=O)(O)O)O)O)O)C(=O)N,2.7979994434514746,0.940601646900177,-0.8081641793251038,1.722224235534668
629,A0A1J5NX54_R31I/T32G,C1=CC(=C[N+](=C1)C2C(C(C(O2)COP(=O)([O-])OP(=O)(O)OCC3C(C(C(O3)N4C=NC5=C(N=CN=C54)N)O)O)O)O)C(=O)N,1.5532257057995158,0.640874981880188,-0.5332264304161072,1.2144982814788818
630,Q2RIZ2_R31I/T32G,C1=CC(=C[N+](=C1)C2C(C(C(O2)COP(=O)([O-])OP(=O)(O)OCC3C(C(C(O3)N4C=NC5=C(N=CN=C54)N)O)O)O)O)C(=O)N,1.5532257057995158,0.8244804739952087,-0.4748692214488983,1.4748075008392334
631,A0A1J5NX54_A30C/R31I/T32K,C1=CC(=C[N+](=C1)C2C(C(C(O2)COP(=O)(O)OP(=O)(O)OCC3C(C(C(O3)N4C=NC5=C(N=CN=C54)N)OP(=O)(O)O)O)O)O)C(=O)N,0.9506326240360707,0.6351286172866821,-0.9196699857711792,1.4254035949707031
632,Q2RIZ2_A30C/R31I/T32K,C1=CC(=C[N+](=C1)C2C(C(C(O2)COP(=O)(O)OP(=O)(O)OCC3C(C(C(O3)N4C=NC5=C(N=CN=C54)N)OP(=O)(O)O)O)O)O)C(=O)N,0.9506326240360707,0.8866971731185913,-0.8212133646011353,1.6590783596038818
633,A0A1J5NX54_A30D/R31I/T32I,C1=CC(=C[N+](=C1)C2C(C(C(O2)COP(=O)(O)OP(=O)(O)OCC3C(C(C(O3)N4C=NC5=C(N=CN=C54)N)OP(=O)(O)O)O)O)O)C(=O)N,0.8997437278687307,0.8121204972267151,-0.937330424785614,1.5952699184417725
634,Q2RIZ2_A30D/R31I/T32I,C1=CC(=C[N+](=C1)C2C(C(C(O2)COP(=O)(O)OP(=O)(O)OCC3C(C(C(O3)N4C=NC5=C(N=CN=C54)N)OP(=O)(O)O)O)O)O)C(=O)N,0.8997437278687307,0.9942545294761658,-0.836442232131958,1.7675261497497559
635,A0A1J5NX54_R31I,C1=CC(=C[N+](=C1)C2C(C(C(O2)COP(=O)([O-])OP(=O)(O)OCC3C(C(C(O3)N4C=NC5=C(N=CN=C54)N)O)O)O)O)C(=O)N,1.6273774302174826,0.6297668218612671,-0.522926926612854,1.1964545249938965
636,Q2RIZ2_R31I,C1=CC(=C[N+](=C1)C2C(C(C(O2)COP(=O)([O-])OP(=O)(O)OCC3C(C(C(O3)N4C=NC5=C(N=CN=C54)N)O)O)O)O)C(=O)N,1.6273774302174826,0.8282407522201538,-0.47965484857559204,1.4835443496704102
637,A0A1J5NX54_A30C/R31I/T32K,C1=CC(=C[N+](=C1)C2C(C(C(O2)COP(=O)([O-])OP(=O)(O)OCC3C(C(C(O3)N4C=NC5=C(N=CN=C54)N)O)O)O)O)C(=O)N,2.1717698852730387,0.668876588344574,-0.552129328250885,1.2259962558746338
638,Q2RIZ2_A30C/R31I/T32K,C1=CC(=C[N+](=C1)C2C(C(C(O2)COP(=O)([O-])OP(=O)(O)OCC3C(C(C(O3)N4C=NC5=C(N=CN=C54)N)O)O)O)O)C(=O)N,1.1717698852730387,0.8772210478782654,-0.49707698822021484,1.5135692358016968
639,A0A1J5NX54_R31I/T32G,C1=CC(=C[N+](=C1)C2C(C(C(O2)COP(=O)(O)OP(=O)(O)OCC3C(C(C(O3)N4C=NC5=C(N=CN=C54)N)OP(=O)(O)O)O)O)O)C(=O)N,2.0568464627262872,0.5983853340148926,-0.8980691432952881,1.408850908279419
640,Q2RIZ2_R31I/T32G,C1=CC(=C[N+](=C1)C2C(C(C(O2)COP(=O)(O)OP(=O)(O)OCC3C(C(C(O3)N4C=NC5=C(N=CN=C54)N)OP(=O)(O)O)O)O)O)C(=O)N,2.0568464627262872,0.8377100229263306,-0.784313440322876,1.6266520023345947
641,A0A1J5NX54_wild,C1=CC(=C[N+](=C1)C2C(C(C(O2)COP(=O)([O-])OP(=O)(O)OCC3C(C(C(O3)N4C=NC5=C(N=CN=C54)N)O)O)O)O)C(=O)N,0.955174139003381,0.7550985813140869,-0.5487444996833801,1.347569465637207
642,Q2RIZ2_wild,C1=CC(=C[N+](=C1)C2C(C(C(O2)COP(=O)([O-])OP(=O)(O)OCC3C(C(C(O3)N4C=NC5=C(N=CN=C54)N)O)O)O)O)C(=O)N,0.955174139003381,0.9357765316963196,-0.47897428274154663,1.56961989402771
643,Q2RIZ2_A30D/R31I/T32I,C1=CC(=C[N+](=C1)C2C(C(C(O2)COP(=O)([O-])OP(=O)(O)OCC3C(C(C(O3)N4C=NC5=C(N=CN=C54)N)O)O)O)O)C(=O)N,2.6841208832971,0.9566656351089478,-0.5094780325889587,1.6137709617614746
644,Q67PI3_wild,C(CC(C(=O)O)N)CC(C(=O)O)N,4.8250501200031275,1.883753776550293,0.07854491472244263,0.7077338695526123
645,Q67PI3_wild,CC(=O)C(=O)[O-],2.6824156957049796,1.087622046470642,1.2070754766464233,0.26072216033935547
646,Q67PI3_R71S,C(CC(C(=O)O)N)CC(C(=O)O)N,1.939867384486481,1.896958351135254,0.11693696677684784,0.7163537740707397
647,Q67PI3_T70S,C(CC(C(=O)O)N)CC(C(=O)O)N,2.1223979342312584,1.8790547847747803,0.0922611802816391,0.6995907425880432
648,Q67PI3_wild,C1=CC=C(C=C1)CC(=O)C(=O)O,-2.0555173278498313,0.4465519189834595,0.9423332810401917,0.43390268087387085
649,Q67PI3_R71I,C(CC(C(=O)O)N)CC(C(=O)O)N,1.9590413923210936,1.890682578086853,0.0925297737121582,0.7222998142242432
650,Q67PI3_R71K,C(CC(C(=O)O)N)CC(C(=O)O)N,2.44293128769316,1.8842413425445557,0.08039489388465881,0.7112950682640076
651,Q67PI3_S90T,C(CC(C(=O)O)N)CC(C(=O)O)N,1.5136121442530606,1.893868327140808,0.06876294314861298,0.7118775248527527
652,Q67PI3_R71Q,C(CC(C(=O)O)N)CC(C(=O)O)N,1.861240362973718,1.9002209901809692,0.0970829576253891,0.7187951803207397
653,Q67PI3_T171S/R181F/H227V,C1=CC=C(C=C1)CC(=O)C(=O)O,-0.7212463990471711,0.19927632808685303,1.0267114639282227,0.24461165070533752
654,Q67PI3_R181F,C1=CC=C(C=C1)CC(=O)C(=O)O,-1.0159392011014476,0.2250312864780426,1.0464482307434082,0.22928327322006226
655,Q67PI3_S90T,CC(=O)C(=O)[O-],-0.12925456918888434,1.1047543287277222,1.2020164728164673,0.26194697618484497
656,Q67PI3_V68M,C(CC(C(=O)O)N)CC(C(=O)O)N,1.8409019254206487,1.8831387758255005,0.08798553049564362,0.6997722387313843
657,Q67PI3_wild,[NH4+],1.7888190669295103,2.229030132293701,1.2422388792037964,0.8156436085700989
658,Q67PI3_F146W/M152Q,C(CC(C(=O)O)N)CC(C(=O)O)N,2.63533004145783,1.878512978553772,0.06399331986904144,0.7137871384620667
659,Q67PI3_R181F/H227V,C1=CC=C(C=C1)CC(=O)C(=O)O,-0.7827692149199911,0.2238140106201172,1.018060326576233,0.25894343852996826
660,Q67PI3_M152Q,C(CC(C(=O)O)N)CC(C(=O)O)N,3.32995174496461,1.8778504133224487,0.0706963986158371,0.7039927840232849
661,Q67PI3_W121L/H227I,C1=CC=C(C=C1)CC(=O)C(=O)[O-],-0.2939681411764907,0.5705692768096924,0.7572607398033142,0.3706863224506378
662,Q67PI3_V14L,C(CC(C(=O)O)N)CC(C(=O)O)N,1.5509473838185168,1.853360891342163,0.09320588409900665,0.6982921361923218
663,Q67PI3_T171S,C1=CC=C(C=C1)CC(=O)C(=O)O,-1.3477733992063075,0.43831658363342285,0.9456067085266113,0.4292741119861603
664,Q67PI3_W121L/H227I,CC(C)C(=O)C(=O)O,-0.9502103822957056,0.2401168942451477,1.2068986892700195,-0.41405850648880005
665,Q67PI3_W121L/H227I,CCCC(=O)C(=O)[O-],0.21664310274717513,1.0358344316482544,1.1756114959716797,0.08499550819396973
666,Q67PI3_M152Q,CC(=O)C(=O)[O-],1.6098696929564262,1.072560429573059,1.2087116241455078,0.25362998247146606
667,Q67PI3_K159R,CC(=O)C(=O)[O-],0.027204329090016865,1.0801142454147339,1.1945524215698242,0.25912606716156006
668,Q67PI3_H227C,C1=CC=C(C=C1)CC(=O)C(=O)O,-0.7958800173440752,0.43495768308639526,0.9464168548583984,0.40732091665267944
669,Q67PI3_H227V,C1=CC=C(C=C1)CC(=O)C(=O)O,-0.7857232015246243,0.4166630506515503,0.9251143932342529,0.45180565118789673
670,Q67PI3_V68M,CC(=O)C(=O)[O-],-0.0630147167593953,1.1094247102737427,1.2022868394851685,0.2620389461517334
671,Q67PI3_F146W/M152Q,CC(=O)C(=O)[O-],1.449256076397911,1.0613359212875366,1.2005133628845215,0.25749561190605164
672,Q67PI3_V14L,CC(=O)C(=O)[O-],-0.7912729277055487,1.0552042722702026,1.2138142585754395,0.24876709282398224
673,Q67PI3_P69G,CC(=O)C(=O)[O-],-0.752208206103467,1.0583208799362183,1.1850581169128418,0.2459394931793213
674,Q67PI3_T70S,CC(=O)C(=O)[O-],-0.11071137845578172,1.0710753202438354,1.2191112041473389,0.24964532256126404
675,Q67PI3_W121L/H227I,CC(=O)C(=O)[O-],-0.0300528517921465,0.8410683870315552,1.2455577850341797,0.10726571083068848
676,Q67PI3_W121L/H227I,CCC(=O)C(=O)[O-],0.003203321339639393,0.95308518409729,1.1762878894805908,-0.05413666367530823
677,Q67PI3_W121L/H227I,CC(C)CC(=O)C(=O)O,-0.11845176787912767,0.4400297999382019,0.9970495700836182,-0.28496623039245605
678,Q67PI3_W121L/H227I,C1=CC=C(C=C1)CCC(=O)C(=O)O,-0.42893145267041766,0.6761797070503235,0.5788543820381165,0.5134686231613159
679,Q67PI3_R71E,CC(=O)C(=O)[O-],-1.175746444045981,1.0530747175216675,1.2680840492248535,0.23780661821365356
680,Q67PI3_R71K,CC(=O)C(=O)[O-],-0.2282650359530741,1.088692545890808,1.2162611484527588,0.2647745907306671
681,Q67PI3_R71Q,CC(=O)C(=O)[O-],-0.4937469971026458,1.0776835680007935,1.220570683479309,0.26327723264694214
682,Q67PI3_R71S,CC(=O)C(=O)[O-],-0.29127015837482495,1.0673447847366333,1.2335776090621948,0.25218644738197327
683,Q67PI3_R71I,CC(=O)C(=O)[O-],-0.7942465882769595,1.1114736795425415,1.1900981664657593,0.2879117727279663
684,Q67PI3_K159R,C(CC(C(=O)O)N)CC(C(=O)O)N,2.066946789630613,1.8820010423660278,0.07487423717975616,0.7097525596618652
685,A0A1M5M5H3_wild,C1=CC(=C[N+](=C1)C2C(C(C(O2)COP(=O)([O-])OP(=O)(O)OCC3C(C(C(O3)N4C=NC5=C(N=CN=C54)N)O)O)O)O)C(=O)N,1.7190399871113529,1.2369259595870972,-0.22108188271522522,1.1497870683670044
686,A0A1M5M5H3_wild,C1=CC(=C[N+](=C1)C2C(C(C(O2)COP(=O)(O)OP(=O)(O)OCC3C(C(C(O3)N4C=NC5=C(N=CN=C54)N)OP(=O)(O)O)O)O)O)C(=O)N,3.001047755591194,1.268696665763855,-0.4129246473312378,1.2495396137237549
687,A0A1M5M5H3_wild,C(CC(C(=O)O)N)CC(C(=O)O)N,2.1131191521480326,1.8685853481292725,0.137135848402977,0.7872596383094788
688,F7YTT4_wild,C1C=CN(C=C1C(=O)N)C2C(C(C(O2)COP(=O)(O)OP(=O)(O)OCC3C(C(C(O3)N4C=NC5=C(N=CN=C54)N)O)O)O)O,1.5207018260263043,1.047567367553711,-0.7156279683113098,1.545572280883789
689,F7YTT4_wild,C1C=CN(C=C1C(=O)N)C2C(C(C(O2)COP(=O)(O)OP(=O)(O)OCC3C(C(C(O3)N4C=NC5=C(N=CN=C54)N)OP(=O)(O)O)O)O)O,0.25053900340072044,1.0387206077575684,-0.8784244656562805,1.6923210620880127
690,Q64PZ8_wild,C(CC(C(=O)O)N)CC(C(=O)O)N,1.845098040014257,1.853545069694519,-0.06826691329479218,0.8384921550750732
691,Q64PZ8_wild,[NH4+],1.583036754014532,2.5591769218444824,1.1362591981887817,1.1625518798828125
692,P32021_wild,C(CC(C(=O)O)N)CN=C(N)N,-0.17001711134348801,-0.9589802026748657,-0.943251371383667,0.022842705249786377
693,P32021_wild,C(CC(=O)C(=O)O)CC(=O)O,-0.8681124034363723,-1.5121102333068848,-1.5077824592590332,0.18053977191448212
694,Q86D27_wild,C(C(C(=O)O)N)S,-0.3273589343863303,-0.4488140344619751,-0.41255074739456177,0.8901653289794922
695,Q86D27_Y111F,C(CSC(F)(F)F)C(C(=O)O)N,1.3010299956639813,-0.29723256826400757,-0.17558635771274567,0.9645345211029053
696,Q86D27_wild,CSCCC(C(=O)O)N,-0.2334306221661715,-0.17994093894958496,0.3804602026939392,0.7736507654190063
697,Q86D27_wild,C(CS)C(C(=O)O)N,0.7518223116612945,0.1653842180967331,0.03015429712831974,0.9457686543464661
698,Q86D27_wild,C(CSC(F)(F)F)C(C(=O)O)N,1.2782564120239956,-0.24416953325271606,-0.1795196533203125,0.988356351852417
699,Q86D27_R58A,C(CSC(F)(F)F)C(C(=O)O)N,-0.13396805315010016,-0.3845106363296509,-0.11151929944753647,0.8915892839431763
700,Q86D27_C113S,C(CSC(F)(F)F)C(C(=O)O)N,-1.3561852605650364,-0.2440146803855896,-0.13685818016529083,1.010007381439209
701,Q86D27_wild,CC(=O)OCC(C(=O)O)N,0.844400378045906,-0.012494124472141266,0.4941692054271698,0.7177642583847046
702,Q86D27_C113S,CSCCC(C(=O)O)N,-1.5074539332294703,-0.22004202008247375,0.3976045846939087,0.7957181334495544
703,Q86D28_R55A,C(CSC(F)(F)F)C(C(=O)O)N,0.181292452741489,-0.6254652738571167,-0.130569189786911,0.6848189830780029
704,Q86D28_Y108F,C(C(C(=O)O)N)S,-0.17824657108181613,-0.7598879337310791,-0.4138871431350708,0.6718182563781738
705,Q86D28_Y108F,C(CSC(F)(F)F)C(C(=O)O)N,0.5904781187781473,-0.476587176322937,-0.2586508095264435,0.8518568277359009
706,P00813_M155A,C1=NC(=C2C(=N1)N(C=N2)C3C(C(C(O3)CO)O)O)N,2.8695709318629063,0.629997730255127,-1.242201566696167,1.629958987236023
707,P00813_wild,C1=NC(=C2C(=N1)N(C=N2)C3C(C(C(O3)CO)O)O)N,3.6657633418212994,0.6696318984031677,-1.2582898139953613,1.6472687721252441
708,Q2TDY4_wild,CC1=NCCC(N1)C(=O)O,0.11563871353033771,0.27665969729423523,0.6377227902412415,1.3014230728149414
709,E1VA04_wild,CC1=NCCC(N1)C(=O)O,-0.3087168243302722,0.4181123673915863,0.6226060390472412,1.0730351209640503
710,A0A1R1AUM9_wild,CC1=NCCC(N1)C(=O)O,-0.773603622632923,0.06795569509267807,0.6941595077514648,1.143702507019043
711,Q9NRX4_wild,C1=CC(=CC=C1[N+](=O)[O-])OP(=O)(O)O,-1.3251636753807006,-0.23442190885543823,0.41185009479522705,0.5361641049385071
712,A0A222AKA3_wild,C1=CC=C(C=C1)CC(=O)C(=O)O,-2.312715753989176,0.0488276407122612,-0.18069444596767426,0.13239941000938416
713,Q9BZX2_wild,C1=CN(C(=O)N=C1N)C2C(C(C(O2)CO)O)O,1.6989700043360187,0.3340873718261719,-0.8523272275924683,0.9121570587158203
714,Q9BZX2_wild,C1=CN(C(=O)NC1=O)C2C(C(C(O2)CO)O)O,2.0170333392987803,0.3403301537036896,-0.8300455808639526,1.1011086702346802
715,Q5SKR5_Y93F,C1=CN(C(=O)N=C1N)C2C(C(C(O2)CO)O)O,1.7708520116421442,0.02275211364030838,-0.6241440773010254,1.1510258913040161
716,Q5SKR5_Y93H,C1=CN(C(=O)N=C1N)C2C(C(C(O2)CO)O)O,1.5818566052396754,0.0895359143614769,-0.6253657341003418,1.1790543794631958
717,Q5SKR5_Y93A,C1=CN(C(=O)N=C1N)C2C(C(C(O2)CO)O)O,1.0700137398067209,-0.007165230810642242,-0.6122905015945435,1.1403311491012573
718,Q5SKR5_Y59F,C1=CN(C(=O)N=C1N)C2C(C(C(O2)CO)O)O,-1.494850021680094,-0.0018460378050804138,-0.6448835134506226,1.145825982093811
719,Q5SKR5_Y93N,C1=CN(C(=O)N=C1N)C2C(C(C(O2)CO)O)O,0.940685998784018,0.07990819960832596,-0.6119326949119568,1.1563911437988281
720,Q5SKR5_Y93W,C1=CN(C(=O)N=C1N)C2C(C(C(O2)CO)O)O,0.7508016426088872,-0.02993985265493393,-0.6570444107055664,1.1167185306549072
721,Q5SKR5_Y93D,C1=CN(C(=O)N=C1N)C2C(C(C(O2)CO)O)O,0.7732160327081314,-0.004456378519535065,-0.5542794466018677,1.0640926361083984
722,Q5SKR5_Y93E,C1=CN(C(=O)N=C1N)C2C(C(C(O2)CO)O)O,0.906578314837765,-0.01690099388360977,-0.5571562647819519,1.1027714014053345
723,Q5SKR5_Y93M,C1=CN(C(=O)N=C1N)C2C(C(C(O2)CO)O)O,0.8796088911424207,0.038235463201999664,-0.6288316249847412,1.1775312423706055
724,Q5SKR5_Y93S,C1=CN(C(=O)N=C1N)C2C(C(C(O2)CO)O)O,1.4990758306077128,0.010605596005916595,-0.6045916080474854,1.1410313844680786
725,Q5SKR5_wild,C1=CN(C(=O)N=C1N)C2C(C(C(O2)CO)O)O,-1.244548639711533,0.016570262610912323,-0.6233978271484375,1.1328821182250977
726,Q5SKR5_Y93C,C1=CN(C(=O)N=C1N)C2C(C(C(O2)CO)O)O,0.9463151410372236,-0.041611187160015106,-0.6272866129875183,1.0860676765441895
727,Q5SKR5_Y93P,C1=CN(C(=O)N=C1N)C2C(C(C(O2)CO)O)O,0.9184648485588978,-0.07963692396879196,-0.6323037147521973,1.074656367301941
728,Q5SKR5_Y93T,C1=CN(C(=O)N=C1N)C2C(C(C(O2)CO)O)O,0.7227235925866582,0.014281608164310455,-0.616674542427063,1.1543052196502686
729,Q5SKR5_Y93V,C1=CN(C(=O)N=C1N)C2C(C(C(O2)CO)O)O,0.8321527146285257,-0.004535473883152008,-0.6424859166145325,1.1340625286102295
730,Q5SKR5_Y93Q,C1=CN(C(=O)NC1=O)C2C(C(C(O2)CO)O)O,-0.16272729749769974,0.10893847048282623,-0.5747297406196594,1.3271510601043701
731,Q976W8_wild,CCCCCC(=O)OC1=CC=C(C=C1)[N+](=O)[O-],9.64327466553287e-17,2.0477304458618164,-0.7604920864105225,2.500030517578125
732,Q976W8_wild,CCCCCCCC(=O)OC1=CC=C(C=C1)[N+](=O)[O-],0.0,2.1132562160491943,-0.8851392269134521,2.5605080127716064
733,Q976W8_wild,CCCC(=O)OC1=CC=C(C=C1)[N+](=O)[O-],2.3795278513551676,2.2016546726226807,-0.4843820333480835,2.4416513442993164
734,Q9YBQ2_wild,CCCCCCCC(=O)OC1=CC=C(C=C1)[N+](=O)[O-],2.5725311125853105,1.0237066745758057,-1.0658605098724365,0.9461921453475952
735,Q9YBQ2_R526V,CCCCCCCCCCCC(=O)OC1=CC=C(C=C1)[N+](=O)[O-],2.6661053190273054,0.9713878631591797,-1.6339209079742432,0.9300200939178467
736,Q9YBQ2_W474A/R526V/T560W,CCCCCCCCCCCC(=O)OC1=CC=C(C=C1)[N+](=O)[O-],3.838263996842652,0.9466593265533447,-1.6086747646331787,0.8862699866294861
737,Q9YBQ2_F488Y/R526V/T560W,CCCCCCCCCCCC(=O)OC1=CC=C(C=C1)[N+](=O)[O-],3.430940268774963,0.9337334632873535,-1.6415157318115234,0.8962926864624023
738,Q9YBQ2_D524N,CCCCCCCC(=O)OC1=CC=C(C=C1)[N+](=O)[O-],0.43696411657374434,0.8838384747505188,-1.0233983993530273,0.8382617235183716
739,Q9YBQ2_W474Q/R526V/T560W,CCCCCCCCCCCC(=O)OC1=CC=C(C=C1)[N+](=O)[O-],3.8483944086434856,0.9368297457695007,-1.6178300380706787,0.8831162452697754
740,Q9YBQ2_F488W/R526V/T560W,CCCCCCCCCCCC(=O)OC1=CC=C(C=C1)[N+](=O)[O-],3.233724729346153,0.9312072396278381,-1.637826919555664,0.906052827835083
741,Q9YBQ2_D524A,CCCCCCCC(=O)OC1=CC=C(C=C1)[N+](=O)[O-],0.07066270091538153,0.873884379863739,-1.0157756805419922,0.8211817741394043
742,Q9YBQ2_F488G/R526V/T560W,CCCCCCCCCCCC(=O)OC1=CC=C(C=C1)[N+](=O)[O-],3.313604244523178,0.9195061326026917,-1.6492013931274414,0.8982532024383545
743,Q9YBQ2_R526V/T560W,CCCCCCCCCCCC(=O)OC1=CC=C(C=C1)[N+](=O)[O-],3.814553237062921,0.9269623756408691,-1.639704704284668,0.890288233757019
744,Q9YBQ2_W474V/F488G/R526V/T560W,CCCCCCCCCCCC(=O)OC1=CC=C(C=C1)[N+](=O)[O-],4.049913450331833,0.955579936504364,-1.6184864044189453,0.910609245300293
745,Q9YBQ2_W474V/R526V/T560W,CCCCCCCCCCCC(=O)OC1=CC=C(C=C1)[N+](=O)[O-],3.985461588673424,0.957904577255249,-1.6091272830963135,0.897742509841919
746,Q9YBQ2_F488P/R526V/T560W,CCCCCCCCCCCC(=O)OC1=CC=C(C=C1)[N+](=O)[O-],3.3233903309382082,0.9088738560676575,-1.6688350439071655,0.9111855030059814
747,Q9YBQ2_F488S/R526V/T560W,CCCCCCCCCCCC(=O)OC1=CC=C(C=C1)[N+](=O)[O-],3.2564377267196365,0.9285616278648376,-1.6445286273956299,0.895734429359436
748,Q9YBQ2_wild,CCCCCCCCCCCC(=O)OC1=CC=C(C=C1)[N+](=O)[O-],2.1948265026702933,0.9738677144050598,-1.6461706161499023,0.9563250541687012
749,Q9YBQ2_F488A/R526V/T560W,CCCCCCCCCCCC(=O)OC1=CC=C(C=C1)[N+](=O)[O-],3.2145994464260617,0.9314640760421753,-1.637446403503418,0.8862382769584656
750,Q840T2_wild,CCCC(=O)OC1=CC=C(C=C1)[N+](=O)[O-],0.008863460331305034,1.8520488739013672,-0.7991609573364258,1.8836660385131836
751,Q840T2_wild,CCCCCCCC(=O)OC1=CC=C(C=C1)[N+](=O)[O-],0.9507819773298184,1.790742039680481,-1.2771836519241333,1.9366486072540283
752,Q840T2_wild,CCCCCC(=O)OC1=CC=C(C=C1)[N+](=O)[O-],0.7967933604397017,1.6920312643051147,-1.1140379905700684,1.9239203929901123
753,Q840T2_wild,CCCCCCCCCCCC(=O)OC1=CC=C(C=C1)[N+](=O)[O-],-0.8893017025063104,1.7112661600112915,-1.5096155405044556,1.8882286548614502
754,Q840T2_wild,CCCCCCCCCC(=O)OC1=CC=C(C=C1)[N+](=O)[O-],0.3159215510653262,1.720528244972229,-1.4303014278411865,1.942461371421814
755,Q840T2_wild,CC(=O)OC1=CC=C(C=C1)[N+](=O)[O-],-0.6219548200449017,1.7589360475540161,-0.6617346405982971,1.5889157056808472
756,A0A077YGC3_wild,C1=C(C=C(C(=C1O)O)O)C(=O)OC2=CC(=CC(=C2O)O)C(=O)OCC3C(C(C(C(O3)OC(=O)C4=CC(=C(C(=C4)OC(=O)C5=CC(=C(C(=C5)O)O)O)O)O)OC(=O)C6=CC(=C(C(=C6)OC(=O)C7=CC(=C(C(=C7)O)O)O)O)O)OC(=O)C8=CC(=C(C(=C8)OC(=O)C9=CC(=C(C(=C9)O)O)O)O)O)OC(=O)C1=CC(=C(C(=C1)OC(=O)C1=CC(=C(C(=C1)O)O)O)O)O,2.488684985934781,1.6306062936782837,-0.5895203948020935,1.4585232734680176
757,A0A077YGC3_wild,COC(=O)C1=CC(=C(C(=C1)O)O)O,1.325963235867794,1.2289272546768188,-0.12312416732311249,0.9658282995223999
758,P53184_H94A,C1=CC(=CN=C1)C(=O)N,0.8696662315049938,-1.4030765295028687,-1.70198655128479,0.958207368850708
759,P53184_wild,C1=CC(=CN=C1)C(=O)N,0.5166297960033359,-1.0405807495117188,-1.7249096632003784,1.0896328687667847
760,P53184_wild,C1=CC=C(C=C1)C(=O)N,-0.45345733652186904,-0.5994466543197632,-1.0773751735687256,1.1944239139556885
761,P53184_D51N,C1=CC(=CN=C1)C(=O)N,1.550907468880581,-1.6795930862426758,-1.631540060043335,0.8443268537521362
762,P53184_D51A,C1=CC(=CN=C1)C(=O)N,0.46488679830265084,-1.6422059535980225,-1.645066499710083,0.8656338453292847
763,P53184_wild,CC1=CC(=CN=C1)C(=O)N,1.4577082136755275,-0.7251507043838501,-1.4064176082611084,0.9115428328514099
764,P53184_wild,C1=CN=C(C=N1)C(=O)N,1.2123403129026158,-0.7217804193496704,-1.289206862449646,0.8335676789283752
765,E8WYN5_wild,C1=CC=C(C=C1)C(C#N)O,-2.53571596998551,-0.08058417588472366,-0.10155178606510162,2.070594310760498
766,P33174_wild,C1=NC(=C2C(=N1)N(C=N2)C3C(C(C(O3)COP(=O)(O)OP(=O)(O)OP(=O)(O)O)O)O)N,3.822192837953936,0.18188825249671936,-1.066982626914978,0.546658992767334
767,O58237_wild,C1=CC(=CC=C1[N+](=O)[O-])OC2C(C(C(C(O2)CO)O)O)O,1.8931057660853428,1.9867985248565674,0.08468855917453766,0.43442022800445557
768,Q9YGB8_D206N,C1=CC(=CC=C1[N+](=O)[O-])OC2C(C(C(C(O2)CO)O)O)O,2.9415362771458313,2.071017026901245,-0.06218339502811432,0.5147995948791504
769,Q9YGB8_wild,C1=CC(=CC=C1[N+](=O)[O-])OC2C(C(C(C(O2)CO)O)O)O,2.3238248214493376,1.7045613527297974,-0.017123403027653694,0.2761373519897461
770,Q9YGB8_wild,CC1C(C(C(C(O1)OC2=CC=C(C=C2)[N+](=O)[O-])O)O)O,2.535065072425742,1.9824491739273071,-0.13228954374790192,0.6735884547233582
771,Q9YGB8_D206N,CC1C(C(C(C(O1)OC2=CC=C(C=C2)[N+](=O)[O-])O)O)O,2.3991637340827454,2.288546323776245,-0.1436089426279068,0.9528272151947021
772,P51981_wild,CC(C(=O)NC(CC(=O)[O-])C(=O)[O-])[NH3+],1.951695320425445,0.993151068687439,-0.6522490978240967,1.5991891622543335
773,P51981_wild,CC(C(=O)NC(CCC(=O)[O-])C(=O)N)[NH3+],0.2632414347745814,0.9811233282089233,-0.646522045135498,1.4055187702178955
774,P51981_wild,CC(C(=O)NC(CCC(=O)O)C(=O)O)N,1.8860566476931633,0.9964984655380249,-0.24170254170894623,1.2477630376815796
775,P51981_wild,CC(C(=O)NC(CCSC)C(=O)[O-])[NH3+],0.43990451021557364,0.6999243497848511,-0.12132728099822998,0.8780347108840942
776,E7F742_wild,C(=O)(O)O,5.1364766500020576,3.090130567550659,0.8044635057449341,1.1600663661956787
777,Q81BW8_wild,C1C=CN(C=C1C(=O)N)C2C(C(C(O2)COP(=O)(O)OP(=O)(O)OCC3C(C(C(O3)N4C=NC5=C(N=CN=C54)N)OP(=O)(O)O)O)O)O,0.8750612633917001,1.034826397895813,-1.9905295372009277,2.915210008621216
778,P42850_wild,C1=NC(=C2C(=N1)N(C=N2)C3C(C(C(O3)COP(=O)(O)OP(=O)(O)OP(=O)(O)O)O)O)N,4.277445484054497,1.9030234813690186,-0.952412486076355,2.0482754707336426
779,Q70WQ8_wild,CC(=O)C(=O)[O-],0.2323607123535702,0.8878017663955688,-0.1872199922800064,1.343534231185913
780,J7LP58_wild,CC(=CCCC(=CCCC(=CCOP(=O)(O)OP(=O)(O)O)C)C)C,0.9208187539523752,-1.284764289855957,-2.2846412658691406,0.5010018348693848
781,P06802_wild,C1=CN(C(=O)N=C1N)C2C(C(C(O2)COP(=O)(O)OP(=O)(O)OP(=O)(O)O)O)O,0.8603380065709937,1.2680633068084717,-0.4931906461715698,0.8400945663452148
782,P06802_wild,C1=CN(C(=O)NC1=O)C2C(C(C(O2)COP(=O)(O)OP(=O)(O)OP(=O)(O)O)O)O,1.6675615400843946,1.2453469038009644,-0.47953876852989197,0.8651448488235474
783,P06802_wild,C1=NC(=C2C(=N1)N(C=N2)C3C(C(C(O3)COP(=O)(O)OP(=O)(O)OP(=O)(O)O)O)O)N,2.5413621509743507,1.2179979085922241,-0.6828111410140991,0.7758299708366394
784,P06802_wild,C1=NC2=C(N1C3C(C(C(O3)COP(=O)(O)OP(=O)(O)OP(=O)(O)O)O)O)N=C(NC2=O)N,2.2905645619858164,1.2939172983169556,-0.5899524688720703,0.9022465944290161
785,P22413_wild,C1=NC(=C2C(=N1)N(C=N2)C3C(C(C(O3)COP(=O)([O-])OP(=O)([O-])OP(=O)([O-])OP(=O)([O-])OCC4C(C(C(O4)N5C=NC6=C(N=CN=C65)N)O)O)O)O)N,2.4402945867636845,0.710167407989502,-1.2414577007293701,1.0605374574661255
786,P22413_wild,C1C2C(C(C(O2)N3C=NC4=C(N=CN=C43)N)O)OP(=O)(O1)O,1.2775488998144584,0.7474498748779297,-1.1951582431793213,1.1954264640808105
787,P22413_wild,C1=CN(C(=O)NC1=O)C2C(C(C(O2)COP(=O)(O)OP(=O)(O)OP(=O)(O)O)O)O,1.5394396401682047,1.011175513267517,-0.5113327503204346,0.7934896945953369
788,P22413_wild,C1=NC(=C2C(=N1)N(C=N2)C3C(C(C(O3)COP(=O)(O)OP(=O)(O)OP(=O)(O)O)O)O)N,2.8289295423193694,0.983851432800293,-0.7103333473205566,0.7932238578796387
789,Q08210_wild,CCCCCCCCCCC1=C(C(=O)C(=C(C1=O)OC)OC)C,1.7501225267834002,-0.2800264358520508,-1.0516748428344727,1.0839650630950928
790,Q08210_wild,CC1=C(C(=O)C(=C(C1=O)OC)OC)CC=C(C)CCC=C(C)CCC=C(C)CCC=C(C)CCC=C(C)CCC=C(C)C,1.5086383061657274,-0.08477891236543655,-0.8458627462387085,1.4352498054504395
791,Q08210_R265K,C1C(NC(=O)NC1=O)C(=O)O,3.092882523725013,0.4177253544330597,-1.2423961162567139,1.0053825378417969
792,Q08210_wild,C1C(NC(=O)NC1=O)C(=O)O,2.14175223561795,0.42481762170791626,-1.2455065250396729,1.0117716789245605
793,Q08210_Y528F,CC1=C(C(=O)C(=C(C1=O)OC)OC)CC=C(C)C,-1.0222763947111522,0.17852124571800232,0.5227048397064209,1.4135618209838867
794,Q08210_F188A,C1C(NC(=O)NC1=O)C(=O)O,2.859456190061124,0.4313053786754608,-1.237384557723999,1.007069706916809
795,Q08210_wild,CC1=C(C(=O)C(=C(C1=O)OC)OC)CC=C(C)CCC=C(C)CCC=C(C)CCC=C(C)C,1.7112044607530303,-0.15475648641586304,-0.549403727054596,1.461198329925537
796,Q08210_wild,CC1=C(C(=O)C(=C(C1=O)OC)OC)CC=C(C)C,-0.14929808246774465,0.19546842575073242,0.5249415040016174,1.4265246391296387
797,Q08210_H185A,C1C(NC(=O)NC1=O)C(=O)O,1.867374434725409,0.41176801919937134,-1.2234470844268799,1.007797360420227
798,Q08210_R265A,CC1=C(C(=O)C(=C(C1=O)OC)OC)CC=C(C)C,-1.0884219027825375,0.1962059736251831,0.5226417779922485,1.430042028427124
799,Q08210_H185A,CC1=C(C(=O)C(=C(C1=O)OC)OC)CC=C(C)C,-0.4790998207017504,0.17064234614372253,0.5332927703857422,1.423534870147705
800,Q08210_I272A,CC1=C(C(=O)C(=C(C1=O)OC)OC)CC=C(C)C,-0.7160033436347991,0.21784546971321106,0.5453217625617981,1.4432835578918457
801,P32746_wild,C1C(NC(=O)NC1=O)C(=O)O,2.311753861055754,1.1065336465835571,-1.7357121706008911,1.3888691663742065
802,Q874I4_wild,C1C(NC(=O)NC1=O)C(=O)O,1.3089989253352565,0.10152754932641983,-1.1667895317077637,1.1696350574493408
803,Q02127_wild,C1C(NC(=O)NC1=O)C(=O)O,2.290034611362518,0.7851736545562744,-1.7631072998046875,1.519036889076233
804,I7EMP0_wild,C1C(NC(=O)NC1=O)C(=O)O,3.1191864077192086,0.7676383256912231,-1.451272964477539,1.5507997274398804
805,M1BCR0_wild,C1C(NC(=O)NC1=O)C(=O)O,3.1760912590556813,0.9357150197029114,-1.7445710897445679,1.1709413528442383
806,Q03Z32_wild,C1=C(NC=N1)CC(C(=O)O)N,1.357485324919277,0.9581365585327148,0.6004760265350342,0.6148074865341187
807,Q47RA9_R55A,C1C=CN(C=C1C(=O)N)C2C(C(C(O2)COP(=O)(O)OP(=O)(O)OCC3C(C(C(O3)N4C=NC5=C(N=CN=C54)N)OP(=O)(O)O)O)O)O,-0.5179153257487874,0.7528071403503418,0.6322749853134155,2.0724122524261475
808,Q47RA9_S50E/R55A,C1C=CN(C=C1C(=O)N)C2C(C(C(O2)COP(=O)(O)OP(=O)(O)OCC3C(C(C(O3)N4C=NC5=C(N=CN=C54)N)OP(=O)(O)O)O)O)O,-0.9393021596463884,0.567920446395874,0.6270358562469482,1.9333126544952393
809,Q47RA9_T28A/R55A,C1C=CN(C=C1C(=O)N)C2C(C(C(O2)COP(=O)(O)OP(=O)(O)OCC3C(C(C(O3)N4C=NC5=C(N=CN=C54)N)OP(=O)(O)O)O)O)O,-1.5705429398818975,0.7552151679992676,0.612703800201416,2.085623264312744
810,Q47RA9_R51E/R55S,C1C=CN(C=C1C(=O)N)C2C(C(C(O2)COP(=O)(O)OP(=O)(O)OCC3C(C(C(O3)N4C=NC5=C(N=CN=C54)N)OP(=O)(O)O)O)O)O,-0.8149538982913923,0.704696774482727,0.6990110874176025,1.9613306522369385
811,Q47RA9_T28A,C1C=CN(C=C1C(=O)N)C2C(C(C(O2)COP(=O)(O)OP(=O)(O)OCC3C(C(C(O3)N4C=NC5=C(N=CN=C54)N)OP(=O)(O)O)O)O)O,-0.13262556527459096,0.7569208741188049,0.5572562217712402,2.090923309326172
812,Q47RA9_wild,C1C=CN(C=C1C(=O)N)C2C(C(C(O2)COP(=O)(O)OP(=O)(O)OCC3C(C(C(O3)N4C=NC5=C(N=CN=C54)N)OP(=O)(O)O)O)O)O,-0.8037053548560318,0.7576073408126831,0.5785574913024902,2.082791805267334
813,Q47RA9_R55S,C1C=CN(C=C1C(=O)N)C2C(C(C(O2)COP(=O)(O)OP(=O)(O)OCC3C(C(C(O3)N4C=NC5=C(N=CN=C54)N)OP(=O)(O)O)O)O)O,-1.3915998306410187,0.7581346035003662,0.6446826457977295,2.0543673038482666
814,Q47RA9_S50Q,C1C=CN(C=C1C(=O)N)C2C(C(C(O2)COP(=O)(O)OP(=O)(O)OCC3C(C(C(O3)N4C=NC5=C(N=CN=C54)N)OP(=O)(O)O)O)O)O,-0.29056456198581093,0.7062532305717468,0.5832502841949463,2.0394628047943115
815,Q47RA9_S50E/R55V,C1C=CN(C=C1C(=O)N)C2C(C(C(O2)COP(=O)(O)OP(=O)(O)OCC3C(C(C(O3)N4C=NC5=C(N=CN=C54)N)OP(=O)(O)O)O)O)O,-0.7359535705891886,0.5708963871002197,0.5835778713226318,1.954440712928772
816,Q47RA9_R51V,C1C=CN(C=C1C(=O)N)C2C(C(C(O2)COP(=O)(O)OP(=O)(O)OCC3C(C(C(O3)N4C=NC5=C(N=CN=C54)N)OP(=O)(O)O)O)O)O,-0.4080403355763634,0.7646942138671875,0.578345537185669,2.0880093574523926
817,P72782_Y102F,CC1=C(C(=CC2=C(C(=C(N2)C=C3C(=C(C(=O)N3)C)C=C)C)CCC(=O)O)NC1=CC4=NC(=O)C(=C4C)C=C)CCC(=O)O,2.829303772831025,0.38228464126586914,-2.1860833168029785,1.8407670259475708
818,P72782_R188A,CC1=C(C(=CC2=C(C(=C(N2)C=C3C(=C(C(=O)N3)C)C=C)C)CCC(=O)O)NC1=CC4=NC(=O)C(=C4C)C=C)CCC(=O)O,3.60859085848692,0.38879215717315674,-2.1616549491882324,1.8765342235565186
819,P72782_wild,CC1=C(C(=CC2=C(C(=C(N2)C=C3C(=C(C(=O)N3)C)C=C)C)CCC(=O)O)NC1=CC4=NC(=O)C(=C4C)C=C)CCC(=O)O,3.5959858436157695,0.3926669955253601,-2.1813063621520996,1.8622525930404663
820,P72782_S184A,CC1=C(C(=CC2=C(C(=C(N2)C=C3C(=C(C(=O)N3)C)C=C)C)CCC(=O)O)NC1=CC4=NC(=O)C(=C4C)C=C)CCC(=O)O,3.7743248425305906,0.3380553126335144,-2.193573236465454,1.8416571617126465
821,P72782_R246A,CC1=C(C(=CC2=C(C(=C(N2)C=C3C(=C(C(=O)N3)C)C=C)C)CCC(=O)O)NC1=CC4=NC(=O)C(=C4C)C=C)CCC(=O)O,3.3338225090602887,0.43406951427459717,-2.1994714736938477,1.8988696336746216
822,P72782_R185K,CC1=C(C(=CC2=C(C(=C(N2)C=C3C(=C(C(=O)N3)C)C=C)C)CCC(=O)O)NC1=CC4=NC(=O)C(=C4C)C=C)CCC(=O)O,1.853871964321762,0.41943836212158203,-2.1596407890319824,1.8580985069274902
823,P72782_T169A,CC1=C(C(=CC2=C(C(=C(N2)C=C3C(=C(C(=O)N3)C)C=C)C)CCC(=O)O)NC1=CC4=NC(=O)C(=C4C)C=C)CCC(=O)O,3.585792378613509,0.386049747467041,-2.1917946338653564,1.8710904121398926
824,P72782_R185A,CC1=C(C(=CC2=C(C(=C(N2)C=C3C(=C(C(=O)N3)C)C=C)C)CCC(=O)O)NC1=CC4=NC(=O)C(=C4C)C=C)CCC(=O)O,2.0062489492770013,0.41624385118484497,-2.188648223876953,1.8886587619781494
825,Q93L51_wild,C1C=CN(C=C1C(=O)N)C2C(C(C(O2)COP(=O)(O)OP(=O)(O)OCC3C(C(C(O3)N4C=NC5=C(N=CN=C54)N)OP(=O)(O)O)O)O)O,0.9214713378195716,0.39484134316444397,-1.110573649406433,2.299744129180908
826,Q93L51_wild,CC1(C2CC3C(C(=O)C(=C(C3(C(=O)C2=C(C4=C(C=CC(=C41)Cl)O)O)O)O)C(=O)N)N(C)C)O,0.43572856956143735,0.24759981036186218,-0.7568145394325256,2.1456174850463867
827,Q93L51_wild,CC1(C2CC3C(C(=O)C(=C(C3(C(=O)C2=C(C4=C1C=CC=C4O)O)O)O)C(=O)N)N(C)C)O,0.7727562184969375,0.42076337337493896,-0.938185453414917,2.3660573959350586
828,Q93L51_wild,CN(C)C1C2CC3C(C4=C(C=CC(=C4C(=C3C(=O)C2(C(=C(C1=O)C(=O)N)O)O)O)O)Cl)O,1.0,-0.024172864854335785,-0.9015373587608337,1.8038138151168823
829,Q93L51_wild,CN(C)C1C2CC3CC4=C(C=CC(=C4C(=C3C(=O)C2(C(=C(C1=O)C(=O)N)O)O)O)O)N(C)C,0.6320232147054056,0.07593370229005814,-0.8387178182601929,1.8736389875411987
830,Q93L51_wild,CC1C2C(C3C(C(=O)C(=C(C3(C(=O)C2=C(C4=C1C=CC=C4O)O)O)O)C(=O)N)N(C)C)O,1.2331297600260454,0.3327058255672455,-0.8044598698616028,2.3174567222595215
831,Q59495_wild,C(C1C(C(C(C(O1)OC2(C(C(C(O2)CO)O)O)CO)O)O)O)O,1.4616090885414148,1.4359923601150513,1.077268123626709,0.5430189967155457
832,Q14EH6_wild,C(C1C(C(C(C(O1)OC2(C(C(C(O2)CO)O)O)CO)O)O)O)O,-0.5979434251331301,1.4893580675125122,1.151936411857605,0.5235867500305176
833,A0A1B3EB36_wild,CC1(C2CCC1(C(C2)O)C)C,2.151267675330649,0.3683968484401703,-0.6638995409011841,1.122387409210205
834,P19080_R90G,C=C(C(=O)O)OC1C=C(C=CC1O)C(=O)O,-2.6989700043360187,-0.32893916964530945,-0.25481855869293213,1.502500057220459
835,P19080_wild,C=C(C(=O)O)OC1C=C(C=CC1O)C(=O)O,2.8728952016351923,0.39856088161468506,-0.47335535287857056,1.9938950538635254
836,P19080_C88K/R90S,C=C(C(=O)O)OC1C=C(C=CC1O)C(=O)O,-0.7736036226329229,-0.2148844599723816,-0.2619563043117523,1.6847200393676758
837,P19080_C88S/R90K,C=C(C(=O)O)OC1C=C(C=CC1O)C(=O)O,-1.1710704576806306,0.2558027505874634,-0.4088146984577179,1.9325858354568481
838,Q84FH6_wild,C=C(C(=O)O)OC1C=C(C=CC1O)C(=O)O,2.253605345735843,1.3338268995285034,-0.8790953159332275,2.4888534545898438
839,Q9NRN7_H111A,CC(=O)SCCNC(=O)CCNC(=O)C(C(C)(C)COP(=O)(O)OP(=O)(O)OCC1C(C(C(O1)N2C=NC3=C(N=CN=C32)N)O)OP(=O)(O)O)O,0.030876566473069796,-1.3628166913986206,-1.0173285007476807,1.3536503314971924
840,Q9NRN7_D129A,[Mg+2],-3.8176597916673174,-1.861050009727478,0.6498546600341797,1.1020829677581787
841,Q9NRN7_R47A,[Mg+2],-0.6154239528859439,-1.5081946849822998,0.573984682559967,1.3694206476211548
842,Q9NRN7_R47A,CC(=O)SCCNC(=O)CCNC(=O)C(C(C)(C)COP(=O)(O)OP(=O)(O)OCC1C(C(C(O1)N2C=NC3=C(N=CN=C32)N)O)OP(=O)(O)O)O,0.8750612633917,-1.117850661277771,-1.0981992483139038,1.577451467514038
843,Q9NRN7_K185A,[Mg+2],-3.5642714304385628,-1.8871403932571411,0.6169911623001099,1.1274361610412598
844,Q9NRN7_Q112E,[Mg+2],-1.532638582569494,-1.5256401300430298,0.6302796006202698,1.3384276628494263
845,Q9NRN7_Q112E,CC(=O)SCCNC(=O)CCNC(=O)C(C(C)(C)COP(=O)(O)OP(=O)(O)OCC1C(C(C(O1)N2C=NC3=C(N=CN=C32)N)O)OP(=O)(O)O)O,-0.10389613386872253,-1.106043815612793,-1.0432655811309814,1.5463826656341553
846,Q9NRN7_E181Q,CC(=O)SCCNC(=O)CCNC(=O)C(C(C)(C)COP(=O)(O)OP(=O)(O)OCC1C(C(C(O1)N2C=NC3=C(N=CN=C32)N)O)OP(=O)(O)O)O,-2.043183612516765,-1.628827691078186,-0.9978615045547485,1.1781847476959229
847,Q9NRN7_E181Q/Q112E,CC(=O)SCCNC(=O)CCNC(=O)C(C(C)(C)COP(=O)(O)OP(=O)(O)OCC1C(C(C(O1)N2C=NC3=C(N=CN=C32)N)O)OP(=O)(O)O)O,-2.3664229572259727,-1.708243727684021,-0.9001147747039795,1.0590260028839111
848,Q9NRN7_R86A,[Mg+2],-1.0969100130080565,-1.508668065071106,0.5640290975570679,1.3807382583618164
849,Q9NRN7_wild,[Mg+2],-0.26324143477458145,-1.4898391962051392,0.5811774730682373,1.4001566171646118
850,Q9NRN7_E181Q,[Mg+2],-4.067900235637936,-2.050609827041626,0.6766895055770874,0.9561312198638916
851,Q9NRN7_H111A,[Mg+2],-2.451459264398526,-1.8247036933898926,0.6870900392532349,1.1417274475097656
852,Q9NRN7_D129A,CC(=O)SCCNC(=O)CCNC(=O)C(C(C)(C)COP(=O)(O)OP(=O)(O)OCC1C(C(C(O1)N2C=NC3=C(N=CN=C32)N)O)OP(=O)(O)O)O,-3.159587597846097,-1.478441834449768,-1.041512370109558,1.3071074485778809
853,Q9NRN7_E181A,[Mg+2],-4.678874541861219,-1.8587329387664795,0.6285445690155029,1.1165167093276978
854,Q9NRN7_wild,CC(=O)SCCNC(=O)CCNC(=O)C(C(C)(C)COP(=O)(O)OP(=O)(O)OCC1C(C(C(O1)N2C=NC3=C(N=CN=C32)N)O)OP(=O)(O)O)O,0.9840118946158697,-1.0933856964111328,-1.1100200414657593,1.6043999195098877
855,Q9NRN7_K185A,CC(=O)SCCNC(=O)CCNC(=O)C(C(C)(C)COP(=O)(O)OP(=O)(O)OCC1C(C(C(O1)N2C=NC3=C(N=CN=C32)N)O)OP(=O)(O)O)O,-1.994756944587628,-1.4636868238449097,-1.06387197971344,1.3296165466308594
856,Q9NRN7_E181A,CC(=O)SCCNC(=O)CCNC(=O)C(C(C)(C)COP(=O)(O)OP(=O)(O)OCC1C(C(C(O1)N2C=NC3=C(N=CN=C32)N)O)OP(=O)(O)O)O,-1.7997233564258355,-1.4638746976852417,-1.0373197793960571,1.3163080215454102
857,Q9NRN7_R86A,CC(=O)SCCNC(=O)CCNC(=O)C(C(C)(C)COP(=O)(O)OP(=O)(O)OCC1C(C(C(O1)N2C=NC3=C(N=CN=C32)N)O)OP(=O)(O)O)O,0.38728868616890866,-1.1186693906784058,-1.101656436920166,1.5908405780792236
858,Q9NRN7_E181Q/Q112E,[Mg+2],-5.51230075119063,-2.134423017501831,0.7359006404876709,0.8324591517448425
859,P43099_wild,C(CC(C(=O)O)N)CN,0.989894563718773,0.6992670297622681,0.35398030281066895,0.6596212983131409
860,P43099_wild,C(CCN)CC(C(=O)O)N,-1.6148972160331345,0.026539884507656097,0.6740608215332031,0.21837842464447021
861,Q5ZH57_wild,C(CCN)CC(C(=O)O)N,-1.744727494896694,-0.20739811658859253,0.5462322235107422,0.3439858555793762
862,Q5ZH57_wild,C(CN)C(C(=O)O)N,-1.9912260756924949,-0.23178523778915405,0.2238350361585617,0.8326679468154907
863,Q5ZH57_wild,C(CC(C(=O)O)N)CN,0.9937510507229985,0.5209953784942627,0.20295998454093933,0.773393988609314
864,P21169_E165T,C(CC(C(=O)O)N)CN,1.5493536408119595,1.1799710988998413,-0.26560789346694946,0.5475381016731262
865,H8ZI01_wild,C(CCN)CC(C(=O)O)N,-1.101457640758777,0.009500212967395782,0.5641930103302002,0.3755093812942505
866,A0A1V3Y1D0_wild,C(CC(C(=O)O)N)CN,-1.7112044607530303,-0.3115876317024231,0.29326173663139343,0.45359283685684204
867,P21169_I163V,C(CC(C(=O)O)N)CN,0.5295093241793507,1.179521918296814,-0.27076131105422974,0.5504478812217712
868,P21169_I163G,C(CC(C(=O)O)N)CN,0.39280036901962656,1.1741394996643066,-0.2748282551765442,0.549656331539154
869,P21169_E165V,C(CC(C(=O)O)N)CN,0.8912984622623856,1.1902966499328613,-0.27027028799057007,0.5570592284202576
870,P21169_E165A,C(CC(C(=O)O)N)CN,0.3010299956639812,1.181328535079956,-0.2720850110054016,0.5508426427841187
871,P21169_E165G,C(CC(C(=O)O)N)CN,0.2710667722865379,1.1803722381591797,-0.2702069580554962,0.5491663217544556
872,P21169_wild,C(CC(C(=O)O)N)CN,0.012964977164367635,1.1790963411331177,-0.2714594006538391,0.5512139201164246
873,P21169_I163V/E165V,C(CC(C(=O)O)N)CN,1.3685404381730695,1.1897056102752686,-0.27051419019699097,0.5552719831466675
874,H8ZI01_wild,C(CC(C(=O)O)N)CN,0.6812412373755872,0.7260450124740601,0.20596885681152344,0.8098637461662292
875,Q9YA34_wild,CC1=CN(C(=O)NC1=O)C2C(C(C(O2)CO)O)O,2.3537363461799843,1.402501106262207,-0.39039111137390137,1.620610237121582
876,Q9YA34_wild,C1=CN(C(=O)NC1=O)C2C(C(C(O2)CO)O)O,2.3872161432802645,1.644648551940918,-0.2552618682384491,1.6171784400939941
877,P28607_wild,C1=CC(=CC=C1[N+](=O)[O-])OS(=O)(=O)O,2.4603740976214334,1.6698426008224487,-0.22370655834674835,1.873626470565796
878,P03195_C4S,C1C(C(OC1N2C=CC(=O)NC2=O)COP(=O)(O)OP(=O)(O)OP(=O)(O)O)O,3.4522976709946303,-0.3516027629375458,-2.4434823989868164,2.4684581756591797
879,P03195_D131S/G78D,C1C(C(OC1N2C=CC(=O)NC2=O)COP(=O)(O)OP(=O)(O)OP(=O)(O)O)O,1.301029995663981,-0.3872814476490021,-2.4870245456695557,2.5208756923675537
880,P03195_wild,C1C(C(OC1N2C=CC(=O)NC2=O)COP(=O)(O)OP(=O)(O)OP(=O)(O)O)O,3.3010299956639813,-0.34760451316833496,-2.462949752807617,2.476393938064575
881,Q97W02_wild,C1C(C(OC1N2C=NC3=C(N=CN=C32)N)COP(=O)(O)OP(=O)(O)OP(=O)(O)O)O,-0.7626390842053962,0.10737944394350052,-0.629655122756958,0.6720111966133118
882,Q97W02_wild,C1C(C(OC1N2C=CC(=NC2=O)N)COP(=O)(O)OP(=O)(O)OP(=O)(O)O)O,1.1910017521293,0.03643735498189926,-0.8313338756561279,0.5887259840965271
883,Q97W02_wild,C1C(C(OC1N2C=NC3=C2N=C(NC3=O)N)COP(=O)(O)OP(=O)(O)OP(=O)(O)O)O,-0.6020599913279624,-0.12498707324266434,-0.6435765027999878,0.5745737552642822
884,Q97W02_wild,CC1=CN(C(=O)NC1=O)C2CC(C(O2)COP(=O)(O)OP(=O)(O)OP(=O)(O)O)O,-1.2681487692693256,-0.052410393953323364,-0.5731955766677856,0.40685945749282837
885,Q97W02_T239W,C1C(C(OC1N2C=CC(=NC2=O)N)COP(=O)(O)OP(=O)(O)OP(=O)(O)O)O,1.4522976709946303,0.0552874356508255,-0.8345961570739746,0.5824569463729858
886,Q97W02_wild,CC1=CN(C(=O)N=C1N)C2CC(C(O2)COP(=O)(O)OP(=O)(O)OP(=O)(O)O)O,-0.5678458907968608,-0.13895180821418762,-0.5907394886016846,0.5305516719818115
887,Q97W02_N188W,C1C(C(OC1N2C=CC(=NC2=O)N)COP(=O)(O)OP(=O)(O)OP(=O)(O)O)O,1.5259698222574793,0.01909283548593521,-0.822435736656189,0.5415540337562561
888,Q97W02_wild,CN1C=NC2=C(C1=N)N=CN2C3CC(C(O3)COP(=O)([O-])OP(=O)([O-])OP(=O)([O-])[O-])O,-0.4292137870854282,-0.4468357563018799,-0.7415574789047241,0.6632107496261597
889,Q8NS80_wild,C1=C(NC=N1)CC(COP(=O)(O)O)N,1.6441213363286737,0.6369086503982544,-0.8897364735603333,0.8551238775253296
890,P95189_wild,C1=C(NC=N1)CC(COP(=O)(O)O)N,1.490756735187334,0.26762375235557556,-1.0904834270477295,0.8982778787612915
891,O67625_wild,CC(=CCOP(=O)(O)OP(=O)(O)O)CO,0.7973497124248508,0.5074304342269897,-0.7183965444564819,1.081852912902832
892,F4ZE01_wild,C(C(C(=O)O)O)OP(=O)(O)O,2.3571459376429127,1.8244985342025757,-0.5617057085037231,1.9532331228256226
893,F4ZE02_wild,C(C(C(=O)O)O)OP(=O)(O)O,2.268237482267674,1.608730673789978,-0.5494321584701538,1.7194527387619019
894,Q4VWF8_wild,C(C(C(=O)O)O)OP(=O)(O)O,2.4936179797704026,1.9329711198806763,-0.5997711420059204,2.069836139678955
895,P62002_wild,C(C(C=O)O)OP(=O)(O)O,7.6804865986420054,3.2555813789367676,-0.31825459003448486,2.431722640991211
896,B6YUE5_wild,C(C(C=O)O)OP(=O)(O)O,7.175223537524454,3.270684003829956,-0.3017704486846924,2.358205556869507
897,Q980R9_T105A,CC(=O)SCCNC(=O)CCNC(=O)C(C(C)(C)COP(=O)(O)OP(=O)(O)OCC1C(C(C(O1)N2C=NC3=C(N=CN=C32)N)O)OP(=O)(O)O)O,0.47117192220646115,0.20227780938148499,-0.7779778242111206,1.077406644821167
898,Q980R9_R100A,CC(=O)SCCNC(=O)CCNC(=O)C(C(C)(C)COP(=O)(O)OP(=O)(O)OCC1C(C(C(O1)N2C=NC3=C(N=CN=C32)N)O)OP(=O)(O)O)O,0.01192435680947505,0.172861248254776,-0.7464920878410339,1.0595910549163818
899,P16930_wild,C(C(=O)CC(=O)O)C(=O)C=CC(=O)O,0.5985994592184559,0.4883115887641907,-1.5359870195388794,2.590249538421631
900,B0CN28_wild,C1=CC(=CC=C1CC(C(=O)O)N)O,-0.6882461389442457,-0.8470369577407837,-0.32787877321243286,-0.6985716819763184
901,B0CN28_wild,CC1=C(C=CC(=C1)CC(C(=O)O)N)O,-0.12173359673308856,-1.0750774145126343,-0.7538539171218872,-0.48807278275489807
902,F6MZ56_wild,C1=CC=C(C=C1)O,0.9030899869919435,-1.0187499523162842,-1.144137978553772,-0.886260449886322
903,F6MZ56_wild,CC1=CC2=C(C=C1C)N=CN2,0.5860718859438321,-0.7454165816307068,-0.9300974011421204,-0.6187897324562073
904,A3D2G6_wild,CC(=O)NC1C(C(C(OC1O)CO)OC2C(C(C(C(O2)CO)O)O)NC(=O)C)O,1.3113708290022001,1.8609164953231812,-0.33591020107269287,1.636722207069397
905,C0SVZ6_wild,CC(C)(COP(=O)([O-])OP(=O)([O-])OCC1C(C(C(O1)N2C=NC3=C(N=CN=C32)N)O)OP(=O)([O-])[O-])C(C(=O)NCCC(=O)NCCSC(=O)C=CC4=CC(=C(C=C4)O)OC)O,0.007178584627123377,-1.996315598487854,-2.3959708213806152,0.7608013153076172
906,C6L7V8_wild,CC(C)(COP(=O)([O-])OP(=O)([O-])OCC1C(C(C(O1)N2C=NC3=C(N=CN=C32)N)O)OP(=O)([O-])[O-])C(C(=O)NCCC(=O)NCCSC(=O)C=CC4=CC(=C(C=C4)O)OC)O,0.19904045712664975,-1.8515416383743286,-2.253141403198242,0.8509188890457153
907,C6L7V9_wild,CC(C)(COP(=O)([O-])OP(=O)([O-])OCC1C(C(C(O1)N2C=NC3=C(N=CN=C32)N)O)OP(=O)([O-])[O-])C(C(=O)NCCC(=O)NCCSC(=O)C=CC4=CC(=C(C=C4)O)OC)O,0.16272729749769974,-1.9392695426940918,-2.333142042160034,0.8137013912200928
908,Q9YBQ2_R526V,CCCCCCCC(=O)OC1=CC=C(C=C1)[N+](=O)[O-],-0.06270973668735859,1.017080545425415,-1.052253246307373,0.9179143905639648
909,Q9YBQ2_R526A,CCCCCCCC(=O)OC1=CC=C(C=C1)[N+](=O)[O-],-0.6368220975871743,0.9961950778961182,-1.0472261905670166,0.8996387124061584
910,Q9YBQ2_R526I,CCCCCCCC(=O)OC1=CC=C(C=C1)[N+](=O)[O-],-0.28508103765742066,1.0092817544937134,-1.0450332164764404,0.9066028594970703
911,Q9YBQ2_R526E,CCCCCCCC(=O)OC1=CC=C(C=C1)[N+](=O)[O-],-1.1506995987527213,0.9989899396896362,-1.071389079093933,0.9055494070053101
912,E4QP00_V367R/W466F,C1=C(OC(=C1)C(=O)[O-])C=O,0.3405385369476548,-0.4228630065917969,0.08623577654361725,1.0682809352874756
913,E4QP00_W466F,COC1=C(C=CC(=C1)CO)O,0.9294189257142927,0.207849383354187,-0.38860026001930237,1.3108376264572144
914,E4QP00_W466A,COC1=C(C=CC(=C1)CO)O,-0.12493873660829995,0.182431161403656,-0.37514686584472656,1.311860203742981
915,E4QP00_N511A,COC1=C(C=CC(=C1)CO)O,-0.3010299956639812,0.18796610832214355,-0.38280078768730164,1.3044224977493286
916,E4QP00_V367R,COC1=C(C=CC(=C1)CO)O,1.3309932190414244,0.22590088844299316,-0.3705342710018158,1.3118141889572144
917,E4QP00_V367K,COC1=C(C=CC(=C1)CO)O,1.2451721781989802,0.2244340181350708,-0.36347824335098267,1.3104749917984009
918,E4QP00_V367R,C1=C(OC(=C1)C(=O)[O-])C=O,-1.3979400086720375,-0.4145861566066742,0.08806882798671722,1.078575611114502
919,E4QP00_W466A,CC(C1=CC=CC=C1)O,-3.2596373105057563,-1.2890775203704834,0.4187434911727905,0.9326897859573364
920,E4QP00_M103A,COC1=C(C=CC(=C1)CO)O,0.2632414347745814,0.19455620646476746,-0.3917917311191559,1.3164315223693848
921,E4QP00_wild,C1=CC(=CC=C1CO)C=O,1.7584071921878865,0.5625370740890503,-0.2661838233470917,1.2514407634735107
922,E4QP00_F434A,COC1=C(C=CC(=C1)CO)O,1.0969100130080565,0.2202027142047882,-0.38336068391799927,1.3317166566848755
923,E4QP00_W466F,C1=C(OC(=C1)C(=O)[O-])C=O,-1.579494163429221,-0.420072078704834,0.08667789399623871,1.0835036039352417
924,E4QP00_wild,C1=CC(=CC=C1C=O)C=O,1.184524426592544,0.27279698848724365,-0.22364507615566254,1.5715477466583252
925,E4QP00_H467A,COC1=C(C=CC(=C1)CO)O,-2.241715994447999,-0.015797190368175507,-0.3579924702644348,1.1588459014892578
926,E4QP00_W369A,COC1=C(C=CC(=C1)CO)O,0.5920757704213615,0.23028060793876648,-0.3969189524650574,1.3200278282165527
927,E4QP00_I73V/H74Y/G356H/V367L/T414K/A419Y/A435E,C1=C(OC(=C1)C=O)CO,1.2725414578525438,0.26098138093948364,0.4481756091117859,0.7376129031181335
928,E4QP00_V465A,COC1=C(C=CC(=C1)CO)O,0.21230343171012594,0.21524515748023987,-0.38349005579948425,1.318301796913147
929,E4QP00_W466F,CC(C1=CC=CC=C1)O,-3.991226075692495,-1.2676341533660889,0.4134591519832611,0.9446591138839722
930,E4QP00_wild,COC1=C(C=CC(=C1)CO)O,1.6232492903979006,0.21999689936637878,-0.3889135718345642,1.3203988075256348
931,Q3ZJN3_wild,C1=CC(=C(C=C1[N+](=O)[O-])[N+](=O)[O-])Cl,1.3210471091858684,1.2245482206344604,-0.21507500112056732,1.2234290838241577
932,P51781_wild,C1=CC(=C(C=C1[N+](=O)[O-])[N+](=O)[O-])Cl,2.6232492903979003,0.9823904037475586,-0.10879415273666382,0.7358416318893433
933,P51781_wild,CCCCCCC=CC=O,-0.013788284485633297,-0.5430012941360474,-1.2904555797576904,1.2300331592559814
934,P51781_wild,CC(=O)C1CCC2C1(CCC3C2CC=C4C3(CCC(=O)C4)C)C,-1.8450980400142567,0.247613787651062,-1.2626352310180664,1.830441951751709
935,P51781_wild,C1=CC=C(C=C1)CCN=C=S,1.8949382349723978,0.7229065299034119,-1.4169774055480957,1.2955303192138672
936,P51781_wild,CC12CCC3C(C1CCC2=O)CC=C4C3(CCC(=O)C4)C,1.3064928913654834,0.8605483174324036,-1.0820932388305664,1.737795352935791
937,Q9XYL9_wild,C1=CC(=C(C=C1[N+](=O)[O-])[N+](=O)[O-])Cl,2.339614573316791,1.349051594734192,-0.12531331181526184,1.101554036140442
938,Q9XYL9_F136A,C1=CC(=C(C=C1[N+](=O)[O-])[N+](=O)[O-])Cl,2.516784541945434,1.3369110822677612,-0.12631294131278992,1.0863441228866577
939,M2QJS8_wild,CC(C)(C1=CC=CC=C1)OO,0.2808266095756942,-1.2335056066513062,-0.9944809079170227,0.7602884769439697
940,M2QJS8_N22A,CC(=O)OC1=CC2=C(C=C1)C3(C4=C(C=C(C=C4)CCl)C(=O)O3)C5=C(O2)C=C(C=C5)OC(=O)C,0.4386142577989256,-2.780517578125,-2.3473329544067383,0.6433425545692444
941,M2QJS8_wild,C1=CC(=C(C=C1[N+](=O)[O-])[N+](=O)[O-])Cl,-0.5243239861545185,-0.5946646928787231,-0.49023815989494324,0.43857091665267944
942,M2QJS8_N24A,CC(=O)OC1=CC2=C(C=C1)C3(C4=C(C=C(C=C4)CCl)C(=O)O3)C5=C(O2)C=C(C=C5)OC(=O)C,0.16408235158266582,-2.824751615524292,-2.3322865962982178,0.6135718822479248
943,M2QJS8_N24A,CC1=CC(=O)OC2=C1C=CC(=C2)OC(=O)C,-1.2649336503157047,-1.952224850654602,-1.7942864894866943,0.6082254648208618
944,M2QJS8_Y46A,CC(=O)OC1=CC2=C(C=C1)C3(C4=C(C=C(C=C4)CCl)C(=O)O3)C5=C(O2)C=C(C=C5)OC(=O)C,-0.5258432242440765,-2.8283846378326416,-2.3136274814605713,0.576018750667572
945,M2QJS8_wild,CC1=CC(=O)OC2=C1C=CC(=C2)OC(=O)C,0.5493163799066213,-1.96613609790802,-1.7942177057266235,0.569798469543457
946,M2QJS8_N22A,C1=CC(=C(C=C1[N+](=O)[O-])[N+](=O)[O-])Cl,-0.7836675221660712,-0.5562093257904053,-0.5121614933013916,0.4991949796676636
947,M2QJS8_wild,CC(=O)OC1=CC2=C(C=C1)C3(C4=C(C=C(C=C4)CCl)C(=O)O3)C5=C(O2)C=C(C=C5)OC(=O)C,-1.2115079162781375,-2.834235429763794,-2.3319506645202637,0.5798317790031433
948,Q5ISV1_wild,C1=CC(=C(C=C1[N+](=O)[O-])[N+](=O)[O-])Cl,2.8383992776655544,0.9178410768508911,-0.34115129709243774,1.1609731912612915
949,B5GS26_wild,CC(=CCCC(=CCCC(=CCOP(=O)(O)OP(=O)(O)O)C)C)C,-0.08922318434176545,-2.7628681659698486,-2.5894293785095215,0.028097689151763916
950,O60701_A136M,C1=CC(=C[N+](=C1)C2C(C(C(O2)COP(=O)([O-])OP(=O)(O)OCC3C(C(C(O3)N4C=NC5=C(N=CN=C54)N)O)O)O)O)C(=O)N,0.964835582936749,0.7577987313270569,-0.8121296167373657,1.6735353469848633
951,O60701_wild,C1=CN(C(=O)NC1=O)C2C(C(C(O2)COP(=O)(O)OP(=O)(O)OC3C(C(C(C(O3)CO)O)O)O)O)O,4.057401471724383,0.4056944251060486,-1.0799167156219482,1.5801658630371094
952,O60701_wild,C1=CC(=C[N+](=C1)C2C(C(C(O2)COP(=O)([O-])OP(=O)(O)OCC3C(C(C(O3)N4C=NC5=C(N=CN=C54)N)O)O)O)O)C(=O)N,2.8973376581028525,0.7949798107147217,-0.8112038969993591,1.7079663276672363
953,O60701_A104L,C1=CN(C(=O)NC1=O)C2C(C(C(O2)COP(=O)(O)OP(=O)(O)OC3C(C(C(C(O3)CO)O)O)O)O)O,1.940685998784018,0.1126236841082573,-1.0117888450622559,1.3872499465942383
954,O60701_A104L,C1=CC(=C[N+](=C1)C2C(C(C(O2)COP(=O)([O-])OP(=O)(O)OCC3C(C(C(O3)N4C=NC5=C(N=CN=C54)N)O)O)O)O)C(=O)N,1.2163858539148542,0.46550488471984863,-0.7392522096633911,1.5173776149749756
955,O60701_K94E,C1=CN(C(=O)NC1=O)C2C(C(C(O2)COP(=O)(O)OP(=O)(O)OC3C(C(C(C(O3)CO)O)O)O)O)O,-2.0433622780211294,0.29266640543937683,-1.046567678451538,1.5016777515411377
956,O60701_K94E,C1=CC(=C[N+](=C1)C2C(C(C(O2)COP(=O)([O-])OP(=O)(O)OCC3C(C(C(O3)N4C=NC5=C(N=CN=C54)N)O)O)O)O)C(=O)N,-2.058977859959338,0.6369715332984924,-0.7790931463241577,1.6267915964126587
957,O60701_A136M,C1=CN(C(=O)NC1=O)C2C(C(C(O2)COP(=O)(O)OP(=O)(O)OC3C(C(C(C(O3)CO)O)O)O)O)O,2.002386239420362,0.3712823987007141,-1.0835498571395874,1.5453163385391235
958,O60701_E161Q,C1=CN(C(=O)NC1=O)C2C(C(C(O2)COP(=O)(O)OP(=O)(O)OC3C(C(C(C(O3)CO)O)O)O)O)O,-1.594234653816006,-0.10292727500200272,-1.0336544513702393,1.197985291481018
959,Q19905_wild,C1=CN(C(=O)NC1=O)C2C(C(C(O2)COP(=O)(O)OP(=O)(O)OC3C(C(C(C(O3)CO)O)O)O)O)O,1.3495424219451542,0.2806415855884552,-1.045762300491333,1.7253202199935913
960,Q19905_wild,C1=CC(=C[N+](=C1)C2C(C(C(O2)COP(=O)([O-])OP(=O)(O)OCC3C(C(C(O3)N4C=NC5=C(N=CN=C54)N)O)O)O)O)C(=O)N,0.708004687871954,0.45112037658691406,-0.8946043848991394,1.7316694259643555
961,Q0P8H3_wild,C1=CN(C(=O)NC1=O)C2C(C(C(O2)COP(=O)(O)OP(=O)(O)OC3C(C(C(C(O3)CO)O)O)O)O)O,0.7626390842053961,-0.2897547483444214,-1.1360913515090942,1.5667834281921387
962,P15291_wild,CC(=O)NC1C(C(C(OC1O)CO)O)O,2.5563025007672873,0.2265092134475708,-0.37640342116355896,0.3125430643558502
963,P15291_wild,C(C1C(C(C(C(O1)OC2C(OC(C(C2O)N)OC(C(CO)O)C(C(C=O)N)O)CO)N)O)O)O,0.6998738433342633,-0.2125115990638733,-0.7198598384857178,0.8161842226982117
964,Q45515_wild,C1C(=O)NC(=O)N1,-0.12124259104833622,1.3242765665054321,0.898104190826416,1.3963184356689453
965,Q45515_M63I/F159S,C1C(=O)NC(=O)N1,-1.6789733759197651,1.137654185295105,0.9420704245567322,1.296711802482605
966,Q45515_M63H/F159N,C1C(=O)NC(=O)N1,-0.8632184749542513,1.1097005605697632,0.9442005753517151,1.2894668579101562
967,S5MPT0_wild,C(C1C(C(C(C(O1)OCC2C(C(C(C(O2)OC(C(CO)O)C(C(C=O)O)O)O)O)O)O)O)O)O,0.9941860646873848,1.2512460947036743,0.3531561493873596,0.5182980895042419
968,S5MPT0_wild,CC(C)CN1CC(=O)NC1=O,1.9467544880467749,1.9161373376846313,0.22579501569271088,1.155300259590149
969,S5MPT0_wild,CC(C)N1CC(=O)NC1=O,1.0056549559634445,2.0136301517486572,0.5583875179290771,1.1875827312469482
970,A3MUZ0_wild,C(C1C(C(C(C(O1)O)O)O)O)O,2.641353907214679,1.5509308576583862,-0.2812775671482086,1.551647663116455
971,Q7WTU5_wild,C1=CC=C(C(=C1)[N+](=O)[O-])OC2C(C(C(C(O2)CO)O)O)O,3.2889196056617265,1.9023104906082153,-0.3046433925628662,1.2411421537399292
972,Q7WTU5_wild,C(C1C(C(C(C(O1)OC2C(OC(C(C2O)O)O)CO)O)O)O)O,-0.3446944967188125,1.3336256742477417,0.5577836036682129,0.7615041732788086
973,Q08KN3_wild,C(C1C(C(C(C(O1)OC2C(OC(C(C2O)O)O)CO)O)O)O)O,-1.1442751528785178,1.231714129447937,0.7167811989784241,0.6111178994178772
974,P22498_F441Y,C(C1C(C(C(C(O1)OC2C(OC(C(C2O)O)O)CO)O)O)O)O,0.74170351946298,1.5931447744369507,0.945780873298645,0.5008952617645264
975,P22498_F359Q,C(C1C(C(C(C(O1)OC2C(OC(C(C2O)O)O)CO)O)O)O)O,0.7215876913884314,1.5907126665115356,0.9513565897941589,0.5000673532485962
976,Q9X0C6_V12A,C(CC(=O)N)C(C(=O)O)N,-0.34073936676945477,-0.04276758432388306,0.11231554299592972,0.7050358653068542
977,Q9X0C6_K19A,C(CC(=O)N)C(C(=O)O)N,-0.7768795233200063,-0.0961705818772316,0.13909515738487244,0.6340399980545044
978,Q9X0C6_V48A,C(CC(=O)N)C(C(=O)O)N,-1.1949766032160551,-0.047333016991615295,0.10949927568435669,0.700465202331543
979,Q9X0C6_D98A,C(CC(=O)N)C(C(=O)O)N,-1.2374878839235315,-0.040544576942920685,0.06364104151725769,0.6794814467430115
980,Q9X0C6_wild,C(CC(=O)N)C(C(=O)O)N,-0.13237292158980274,0.0338052436709404,0.07675965130329132,0.7376174330711365
981,G5EBD7_wild,C(C(C(C(C(C(=O)O)O)O)O)O)OP(=O)(O)O,1.7182751595314054,1.2750486135482788,-0.6584411859512329,1.8234940767288208
982,A0A1J5NX54_R31I/T32K,C1=CC(=C[N+](=C1)C2C(C(C(O2)COP(=O)([O-])OP(=O)(O)OCC3C(C(C(O3)N4C=NC5=C(N=CN=C54)N)O)O)O)O)C(=O)N,1.5532257057995158,0.6046735644340515,-0.5394076108932495,1.1597764492034912
983,A9H324_wild,C1=CC(=C[N+](=C1)C2C(C(C(O2)COP(=O)([O-])OP(=O)(O)OCC3C(C(C(O3)N4C=NC5=C(N=CN=C54)N)O)O)O)O)C(=O)N,1.769635399461114,1.2990981340408325,-0.18945302069187164,1.5829358100891113
984,A9H324_wild,C(C(C(C(C(C(=O)O)O)O)O)O)OP(=O)(O)O,0.5895597488060191,1.453110694885254,-0.7268985509872437,1.9312005043029785
985,A9H324_wild,C1=CC(=C[N+](=C1)C2C(C(C(O2)COP(=O)(O)OP(=O)(O)OCC3C(C(C(O3)N4C=NC5=C(N=CN=C54)N)OP(=O)(O)O)O)O)O)C(=O)N,0.06821533272880002,1.3225709199905396,-0.5583392977714539,1.7938270568847656
986,Q5JCX3_wild,[O-]P(=O)([O-])[O-],0.728933227713462,0.9810156226158142,0.22767263650894165,0.7753393054008484
987,Q5JCX3_wild,C1=CN(C(=O)NC1=O)C2C(C(C(O2)COP(=O)(O)O)O)O,0.3777366225837506,0.9592013359069824,-0.08022211492061615,0.7957319617271423
988,Q5JCX3_wild,C1=CN(C(=O)N=C1N)C2C(C(C(O2)COP(=O)(O)O)O)O,0.799785067897613,1.0327578783035278,-0.20524267852306366,0.9097431898117065
989,Q5JCX3_wild,C1=NC2=C(N1C3C(C(C(O3)COP(=O)(O)O)O)O)N=C(NC2=O)N,-0.8358079642440265,0.8549852967262268,-0.4437060058116913,1.128859519958496
990,Q936X2_wild,C(C(=O)N)C(=O)O,-1.724275869600789,0.8560749292373657,-0.127041757106781,1.2948777675628662
991,Q936X2_wild,C(=O)(N)NC(=O)O,1.0387525889920166,0.8703569769859314,-0.2934964895248413,1.019150733947754
992,Q9ALV2_wild,C(=O)(N)NC(=O)O,0.9456423376774072,0.8791571259498596,-0.41156262159347534,1.0455663204193115
993,A9KT32_wild,[O-]P(=O)([O-])[O-],2.525044807036845,1.4421230554580688,-0.24510158598423004,1.5065778493881226
994,A9KT32_wild,C(C1C(C(C(C(O1)O)O)O)O)O,1.5228787452803376,1.3432151079177856,0.6145317554473877,0.6896729469299316
995,A9KT32_wild,C1C(C(C(C(O1)O)O)O)O,0.13738355606255767,1.4291716814041138,0.8068488836288452,0.7998954653739929
996,A9KT32_wild,C1C(C(C(C(O1)CO)O)O)O,0.18155415475718345,1.1448606252670288,1.0209742784500122,0.6119749546051025
997,A9KSL5_wild,C(C1C(C(C(C(O1)O)O)O)O)O,1.39378404890088,1.4041343927383423,0.7480721473693848,0.9442136287689209
998,A9KSL5_wild,C(C1C(C(C(C(O1)OP(=O)([O-])[O-])O)O)O)O,1.6842467475153124,1.4851874113082886,-0.1375523805618286,1.4997912645339966
999,A9KSL5_wild,COC1C(C(C(C(O1)CO)O)O)O,-0.9785489989143675,1.013090968132019,0.7890543341636658,1.0508534908294678
1000,Q0P8J6_wild,C(CC(=O)N)C(C(=O)O)N,0.5917600346881504,0.625076949596405,0.24385280907154083,0.30660364031791687
1001,P31852_wild,CC(C)(COP(=O)(O)OP(=O)(O)OCC1C(C(C(O1)N2C=NC3=C(N=CN=C32)N)O)OP(=O)(O)O)C(C(=O)NCCC(=O)NCCSC(=O)CCC(=O)O)O,0.3010299956639812,0.48521196842193604,-0.9521378874778748,1.9809355735778809
1002,O93623_K271E,C1=NC(=C2C(=N1)N(C=N2)C3C(C(C(O3)COP(=O)(O)OP(=O)(O)OP(=O)(O)O)O)O)N,1.0064918171673023,1.2898924350738525,-0.547461748123169,1.872829556465149
1003,O93623_wild,C1=NC(=C2C(=N1)N(C=N2)C3C(C(C(O3)COP(=O)(O)OP(=O)(O)OP(=O)(O)O)O)O)N,1.8282517219551009,1.3167341947555542,-0.5443183779716492,1.9124665260314941
1004,D0VZG4_T386I/F388Y,C(C(CO)O)O,4.724777267942304,2.69376540184021,-0.3957878649234772,0.28130218386650085
1005,D0VZG4_wild,C(C(CO)O)O,5.133893579261226,2.7220122814178467,-0.3879137933254242,0.30216920375823975
1006,D0VZG4_A344V/T386I/F388Y,C(C(CO)O)O,4.458420756053419,2.683932065963745,-0.39543455839157104,0.2691442668437958
1007,A0A2P2GY60_wild,C1C=CN(C=C1C(=O)N)C2C(C(C(O2)COP(=O)(O)OP(=O)(O)OCC3C(C(C(O3)N4C=NC5=C(N=CN=C54)N)OP(=O)(O)O)O)O)O,0.5910646070264992,0.04991040378808975,-1.6769628524780273,1.3801250457763672
1008,A0A2P2GY60_wild,CC(=CCCC(=CCCC(=CCOP(=O)(O)OP(=O)(O)O)C)C)C,-0.3539660708517797,-0.8760660886764526,-2.4078965187072754,0.8261563777923584
1009,E2IKQ9_wild,CC1=NC2=C(C=C1)C(=O)C=C(N2)C3=CC=CO3,2.1253333704218265,0.6168640851974487,-1.238041639328003,2.1711015701293945
1010,P0AEP7_wild,C(=O)C(=O)[O-],1.322219294733919,-0.266550213098526,-0.22790901362895966,0.6995757818222046
1011,P0AEP7_V51E,C(=O)C(=O)[O-],0.7300042380759876,-0.25760161876678467,-0.19865530729293823,0.6949701309204102
1012,P0AEP7_E52Q,C(=O)C(=O)[O-],1.2152849801139682,-0.26070550084114075,-0.22733727097511292,0.6971495151519775
1013,P0AEP7_V51S,C(=O)C(=O)[O-],1.2257790432447888,-0.27426013350486755,-0.20275090634822845,0.6882551908493042
1014,A0A1B2U6S7_wild,CC(=O)OCC=CC1=CC(=C(C=C1)O)OC,-1.6575773191777938,-1.389161467552185,-0.8071696162223816,0.5555718541145325
1015,A0A1B2U6S6_wild,CC(=O)OCC=CC1=CC(=C(C=C1)O)OC,-1.6210278304039425,-1.5530441999435425,-0.8433868288993835,0.4977347254753113
1016,A0A1B2U6T4_wild,CC(=O)OCC=CC1=CC(=C(C=C1)O)OC,-2.135662602000073,-1.6279646158218384,-0.7253255248069763,0.3577714264392853
1017,A0A1B2U6R8_wild,CC(=O)OCC=CC1=CC(=C(C=C1)O)OC,-2.2430380486862944,-1.591261863708496,-0.7858666777610779,0.4604315161705017
1018,Q04432_wild,CC(=O)C=O,-0.0791812460476248,0.261928915977478,0.7628827095031738,0.5453582406044006
1019,A9CJ26_C32A,C1=CC(=C[N+](=C1)C2C(C(C(O2)COP(=O)(O)[O-])O)O)C(=O)N,2.416164828778237,0.9473358988761902,-0.8522967100143433,1.2513846158981323
1020,A9CJ26_Y58F,C1=CC(=C[N+](=C1)C2C(C(C(O2)COP(=O)(O)[O-])O)O)C(=O)N,-0.10946604995209253,0.9286233186721802,-0.8336024284362793,1.2343403100967407
1021,A9CJ26_S48A,C1=CC(=C[N+](=C1)C2C(C(C(O2)COP(=O)(O)[O-])O)O)C(=O)N,2.231949076520682,1.0345239639282227,-0.8466075658798218,1.2882949113845825
1022,A9CJ26_T105A,C1=CC(=C[N+](=C1)C2C(C(C(O2)COP(=O)(O)[O-])O)O)C(=O)N,1.345410957395853,0.729574978351593,-0.7853028774261475,1.0600082874298096
1023,P0A884_wild,C1C(C(OC1N2C=CC(=O)NC2=O)COP(=O)(O)O)O,2.6989700043360187,0.3218511641025543,-1.997820258140564,1.5737823247909546
1024,P0A884_K48Q,C1C(C(OC1N2C=CC(=O)NC2=O)COP(=O)(O)O)O,-0.494850021680094,0.18811139464378357,-1.8987958431243896,1.3989063501358032
1025,P0A884_wild,C1C2CN(CN2C3=C(N1)N=C(NC3=O)N)C4=CC=C(C=C4)C(=O)NC(CCC(=O)O)C(=O)O,1.7518223116612943,0.5241405367851257,-1.2784600257873535,1.991933822631836
1026,A8CEF6_wild,C(C(C(C(C(C=O)O)O)O)O)O,0.28453581780242293,0.2582295835018158,0.6661304235458374,0.18059122562408447
1027,A8CEF6_wild,CC1C(C(C(C(O1)O)O)O)O,1.143200053582625,0.5936762094497681,0.4844920039176941,0.38332951068878174
1028,A8CEF6_wild,C(C(C(C(C=O)O)O)O)O,0.4244633772749641,0.3441796600818634,0.6493258476257324,0.28977659344673157
1029,A8CEF6_wild,C(C1C(C(C(C(O1)O)O)O)O)O,-0.46888793739197876,0.784382700920105,0.7930518984794617,0.18949401378631592
1030,A8CEF6_wild,C1C(C(C(C(O1)O)O)O)O,-0.0050063318859057656,1.1091364622116089,0.6960426568984985,0.3373704254627228
1031,D5LNE5_wild,C1C(C(C(C(O1)O)O)O)O,0.7846637545277951,0.869015634059906,1.1401886940002441,-0.19826045632362366
1032,D5LNE5_wild,CC1C(C(C(C(O1)O)O)O)O,1.7074977997154959,0.3250965476036072,0.8507804870605469,-0.21247217059135437
1033,D5LNE5_wild,C(C1C(C(C(C(O1)O)O)O)O)O,-0.552585672113368,0.47449907660484314,1.3513033390045166,-0.4269872009754181
1034,D5LNE5_wild,C(C(C(C(C=O)O)O)O)O,0.7250728069002239,-0.006017871201038361,1.051298975944519,-0.2503995895385742
1035,D5LNE5_wild,C(C(C(C(C(C=O)O)O)O)O)O,-0.2929940400674392,-0.04168320447206497,1.192272663116455,-0.39453867077827454
1036,A4XHV7_wild,CC1C(C(C(C(O1)O)O)O)O,1.9867282635208101,0.4482017159461975,0.7403136491775513,-0.0397702157497406
1037,A4XHV7_wild,C(C1C(C(C(C(O1)O)O)O)O)O,0.6778110744477233,0.5804312825202942,1.2583510875701904,-0.21506676077842712
1038,A4XHV7_wild,C(C(C(C(C=O)O)O)O)O,1.7072200797614416,-0.026649676263332367,0.9289559125900269,-0.07416507601737976
1039,A4XHV7_wild,C(C(C(C(C(C=O)O)O)O)O)O,1.3348733487100086,-0.0806942954659462,1.0512820482254028,-0.22342607378959656
1040,O05264_wild,CC1C(C(C(C(O1)O)O)O)O,1.1962946451439682,0.26119497418403625,0.8181646466255188,-0.3864539563655853
1041,O05264_wild,C(C(C(C(C(C=O)O)O)O)O)O,0.11809931207799448,-0.25099197030067444,1.1261510848999023,-0.6279106140136719
1042,O05264_wild,C(C1C(C(C(C(O1)O)O)O)O)O,-0.9074694642574347,0.38968631625175476,1.2458007335662842,-0.49460482597351074
1043,O05264_wild,C1C(C(C(C(O1)O)O)O)O,0.5506246329982931,0.7862130403518677,1.0416250228881836,-0.257180392742157
1044,A3KCL7_wild,O=O,2.4995776678715083,1.5760654211044312,-0.7441960573196411,1.279534935951233
1045,Q99489_wild,C(C(C(=O)O)N)C(=O)N,-0.9069967103247525,0.9883615970611572,0.8826019763946533,0.65909743309021
1046,Q99489_wild,C(C(C(=O)O)N)C(=O)O,1.8889012465241302,1.0139790773391724,0.7671504020690918,0.45469167828559875
1047,Q99489_wild,C1=C(NC=N1)CC(C(=O)O)N,-1.9030899869919438,0.37700098752975464,0.669721245765686,0.3355248272418976
1048,Q99489_wild,CNC(CC(=O)O)C(=O)O,1.4259687322722812,1.3533893823623657,0.4003908038139343,0.5853515863418579
1049,Q99489_wild,C(CC(=O)O)C(C(=O)O)N,-0.4452321103061808,1.0062214136123657,0.9304904937744141,0.6329703330993652
1050,Q99489_wild,C1CC(NC1)C(=O)O,-2.4510184521554574,0.9370319247245789,1.0737406015396118,0.20094847679138184
1051,K9MS05_wild,CC(C)(COP(=O)(O)OP(=O)(O)OCC1C(C(C(O1)N2C=NC3=C(N=CN=C32)N)O)OP(=O)(O)O)C(C(=O)NCCC(=O)NCCSC(=O)C4=CC=CC=C4)O,2.5486964485323464,-1.6205254793167114,-2.2538225650787354,0.870815634727478
1052,K9MST3_wild,CC(C)(COP(=O)(O)OP(=O)(O)OCC1C(C(C(O1)N2C=NC3=C(N=CN=C32)N)O)OP(=O)(O)O)C(C(=O)NCCC(=O)NCCSC(=O)C4=CC=CC=C4)O,2.4313637641589874,-1.5217113494873047,-2.250300645828247,0.8147569894790649
1053,A0A1B1PJB7_wild,CC(C)(COP(=O)(O)OP(=O)(O)OCC1C(C(C(O1)N2C=NC3=C(N=CN=C32)N)O)OP(=O)(O)O)C(C(=O)NCCC(=O)NCCSC(=O)C4=CC=CC=C4)O,1.6989700043360187,-1.5087881088256836,-2.2353272438049316,0.8438601493835449
1054,A0A1B1PJB7_wild,CC(C)(COP(=O)(O)OP(=O)(O)OCC1C(C(C(O1)N2C=NC3=C(N=CN=C32)N)O)OP(=O)(O)O)C(C(=O)NCCC(=O)NCCSC(=O)C4=CC=CC=C4O)O,0.9921746624880434,-1.6285749673843384,-2.280630350112915,0.7941378355026245
1055,A0A1B1PJB0_wild,CC(C)(COP(=O)(O)OP(=O)(O)OCC1C(C(C(O1)N2C=NC3=C(N=CN=C32)N)O)OP(=O)(O)O)C(C(=O)NCCC(=O)NCCSC(=O)C4=CC=CC=C4)O,1.589825534910951,-1.4955651760101318,-2.2627501487731934,0.8721134662628174
1056,A0A1B1PJB0_wild,CC(C)(COP(=O)(O)OP(=O)(O)OCC1C(C(C(O1)N2C=NC3=C(N=CN=C32)N)O)OP(=O)(O)O)C(C(=O)NCCC(=O)NCCSC(=O)C4=CC=CC=C4O)O,0.9707530582604385,-1.6130609512329102,-2.3063466548919678,0.8257785439491272
1057,Q27Z07_wild,CC(C)(COP(=O)(O)OP(=O)(O)OCC1C(C(C(O1)N2C=NC3=C(N=CN=C32)N)O)OP(=O)(O)O)C(C(=O)NCCC(=O)NCCSC(=O)C4=CC=CC=C4)O,1.0122344564170116,-1.5458358526229858,-2.258911371231079,0.8871041536331177
1058,Q27Z07_wild,CC(C)(COP(=O)(O)OP(=O)(O)OCC1C(C(C(O1)N2C=NC3=C(N=CN=C32)N)O)OP(=O)(O)O)C(C(=O)NCCC(=O)NCCSC(=O)C4=CC=CC=C4O)O,0.7501225267834001,-1.6703999042510986,-2.2990238666534424,0.8294368982315063
1059,Q27Z07_wild,CC(C)(COP(=O)(O)OP(=O)(O)OCC1C(C(C(O1)N2C=NC3=C(N=CN=C32)N)O)OP(=O)(O)O)C(C(=O)NCCC(=O)NCCSC(=O)CC(=O)O)O,0.06292553589743191,-1.6660279035568237,-1.9644553661346436,0.9661227464675903
1060,Q52400_wild,CC(C(C(=O)O)N)O,-0.8056199552320091,-0.8645740151405334,-0.011733753606677055,0.668297529220581
1061,Q52400_wild,C(C(C(=O)O)N)O,-2.5854607295085006,-1.1843231916427612,0.119944266974926,0.43541789054870605
1062,P0AFG8_K411A,CC(=O)C(=O)[O-],2.177205311351664,0.8104581832885742,-0.6029748916625977,1.3386584520339966
1063,P0AFG8_K411E,CC(=O)C(=O)[O-],2.0963916586814846,0.78859543800354,-0.580565333366394,1.326692819595337
1064,O33468_wild,CC(=O)C(=O)[O-],-0.46834733041215726,-0.1732408106327057,-0.8225229978561401,1.3206820487976074
1065,O33468_wild,CCC(=O)C(=O)[O-],1.026328938722349,-0.023533768951892853,-0.7816300988197327,1.3170011043548584
1066,O33468_wild,CCCC(=O)C(=O)O,-0.06597629876440562,-0.11568561941385269,-0.977076530456543,1.3624732494354248
1067,D3JV05_wild,CC(C)(COP(=O)([O-])OP(=O)([O-])OCC1C(C(C(O1)N2C=NC3=C(N=CN=C32)N)O)OP(=O)([O-])[O-])C(C(=O)NCCC(=O)NCCSC(=O)CC(C(=O)[O-])O)O,3.0871501757189,1.4182709455490112,-1.1130273342132568,1.921940803527832
1068,Q05514_Q329A,CC(=CC(=O)O)C(=O)O,-0.8325089127062363,0.6483699679374695,0.3827422261238098,0.9944562315940857
1069,Q05514_Q329A,CC(C(C(=O)O)N)C(=O)O,-2.0,0.2823549509048462,0.3580840826034546,0.8667478561401367
1070,Q05514_F170A,CC(=CC(=O)O)C(=O)O,1.045757490560675,0.690064549446106,0.3934396803379059,1.0260586738586426
1071,Q05514_T360S,CC(=CC(=O)O)C(=O)O,1.3979400086720377,0.7067512273788452,0.3771921694278717,1.0429301261901855
1072,Q05514_H194A,CC(C(C(=O)O)N)C(=O)O,-0.5149098156090622,0.3348700702190399,0.34710443019866943,0.9162293672561646
1073,Q05514_wild,CC(=CC(=O)O)C(=O)O,1.9402317949965102,0.7076830267906189,0.37471914291381836,1.0399878025054932
1074,Q05514_H194A,CC(=CC(=O)O)C(=O)O,-0.22184874961635637,0.7171229124069214,0.37570250034332275,1.054993987083435
1075,Q05514_C361A,CC(=CC(=O)O)C(=O)O,0.9769346959313066,0.6908737421035767,0.363545298576355,1.0317621231079102
1076,Q05514_T360A,CC(=CC(=O)O)C(=O)O,-1.3979400086720375,0.6986262798309326,0.38012248277664185,1.0417834520339966
1077,Q3AEU2_wild,CCC(C(C(=O)O)N)C(=O)O,0.6879746200345557,0.4246766269207001,0.07714255899190903,0.8086808919906616
1078,Q70EZ7_wild,CC(=CCCC(=CCCC(=CCOP(=O)(O)OP(=O)(O)O)C)C)C,0.8239087409443188,-1.5768169164657593,-2.341592311859131,0.38027945160865784
1079,Q70EZ6_wild,CC(=CCCC(=CCCC(=CCOP(=O)(O)OP(=O)(O)O)C)C)C,1.1396619934290062,-1.6162956953048706,-2.373779535293579,0.3574031591415405
1080,Q32W37_wild,CC(=CCCC(=CCCC(=CCOP(=O)(O)OP(=O)(O)O)C)C)C,0.8325089127062364,-1.6112511157989502,-2.251295566558838,0.22273820638656616
1081,P05793_wild,C1C=CN(C=C1C(=O)N)C2C(C(C(O2)COP(=O)(O)OP(=O)(O)OCC3C(C(C(O3)N4C=NC5=C(N=CN=C54)N)OP(=O)(O)O)O)O)O,4.1650812028911774,-0.4595072865486145,-1.6111445426940918,1.4005796909332275
1082,P05793_A71S/R76D/S78D/Q110A,C1C=CN(C=C1C(=O)N)C2C(C(C(O2)COP(=O)(O)OP(=O)(O)OCC3C(C(C(O3)N4C=NC5=C(N=CN=C54)N)O)O)O)O,1.8129133566428557,-0.2519145607948303,-1.098055124282837,1.0466125011444092
1083,P05793_S78D/Q110V,C1C=CN(C=C1C(=O)N)C2C(C(C(O2)COP(=O)(O)OP(=O)(O)OCC3C(C(C(O3)N4C=NC5=C(N=CN=C54)N)OP(=O)(O)O)O)O)O,1.5295093241793507,-0.4566460847854614,-1.5962271690368652,1.3908445835113525
1084,P05793_S78D/Q110V,C1C=CN(C=C1C(=O)N)C2C(C(C(O2)COP(=O)(O)OP(=O)(O)OCC3C(C(C(O3)N4C=NC5=C(N=CN=C54)N)O)O)O)O,1.4881166390211258,-0.28315824270248413,-1.1217612028121948,1.0392125844955444
1085,P05793_Q110A,C1C=CN(C=C1C(=O)N)C2C(C(C(O2)COP(=O)(O)OP(=O)(O)OCC3C(C(C(O3)N4C=NC5=C(N=CN=C54)N)O)O)O)O,1.0442036624920534,-0.28692376613616943,-1.1353516578674316,1.0520811080932617
1086,P05793_Q110V,C1C=CN(C=C1C(=O)N)C2C(C(C(O2)COP(=O)(O)OP(=O)(O)OCC3C(C(C(O3)N4C=NC5=C(N=CN=C54)N)O)O)O)O,1.3723859041996496,-0.2843293845653534,-1.1435128450393677,1.047866702079773
1087,P05793_A71S/R76D/S78D/Q110V/D146G/G185R/K433E,C1C=CN(C=C1C(=O)N)C2C(C(C(O2)COP(=O)(O)OP(=O)(O)OCC3C(C(C(O3)N4C=NC5=C(N=CN=C54)N)OP(=O)(O)O)O)O)O,-0.41373427585526945,-0.49818503856658936,-1.6203839778900146,1.3661694526672363
1088,P05793_S78D,C1C=CN(C=C1C(=O)N)C2C(C(C(O2)COP(=O)(O)OP(=O)(O)OCC3C(C(C(O3)N4C=NC5=C(N=CN=C54)N)O)O)O)O,1.4423591484604505,-0.2921940088272095,-1.108809471130371,1.0391132831573486
1089,P05793_Q110A,C1C=CN(C=C1C(=O)N)C2C(C(C(O2)COP(=O)(O)OP(=O)(O)OCC3C(C(C(O3)N4C=NC5=C(N=CN=C54)N)OP(=O)(O)O)O)O)O,2.4771212547196626,-0.4558359384536743,-1.6113579273223877,1.4047977924346924
1090,P05793_A71S/R76D/S78D/Q110V/D146G/G185R/K433E,C1C=CN(C=C1C(=O)N)C2C(C(C(O2)COP(=O)(O)OP(=O)(O)OCC3C(C(C(O3)N4C=NC5=C(N=CN=C54)N)O)O)O)O,2.2184951076087684,-0.3140176832675934,-1.1458967924118042,1.0117859840393066
1091,P05793_S78D,C1C=CN(C=C1C(=O)N)C2C(C(C(O2)COP(=O)(O)OP(=O)(O)OCC3C(C(C(O3)N4C=NC5=C(N=CN=C54)N)OP(=O)(O)O)O)O)O,0.5783960731301689,-0.463129460811615,-1.5883049964904785,1.3895885944366455
1092,P05793_A71S/R76D/S78D/Q110A,C1C=CN(C=C1C(=O)N)C2C(C(C(O2)COP(=O)(O)OP(=O)(O)OCC3C(C(C(O3)N4C=NC5=C(N=CN=C54)N)OP(=O)(O)O)O)O)O,0.022276394711152208,-0.42304521799087524,-1.5656208992004395,1.397254228591919
1093,P05793_wild,C1C=CN(C=C1C(=O)N)C2C(C(C(O2)COP(=O)(O)OP(=O)(O)OCC3C(C(C(O3)N4C=NC5=C(N=CN=C54)N)O)O)O)O,0.16325403435050903,-0.2946382164955139,-1.1303989887237549,1.0483815670013428
1094,P05793_Q110V,C1C=CN(C=C1C(=O)N)C2C(C(C(O2)COP(=O)(O)OP(=O)(O)OCC3C(C(C(O3)N4C=NC5=C(N=CN=C54)N)OP(=O)(O)O)O)O)O,2.7433891441244316,-0.4526938199996948,-1.6192686557769775,1.4019246101379395
1095,A0KS29_wild,C1C=CN(C=C1C(=O)N)C2C(C(C(O2)COP(=O)(O)OP(=O)(O)OCC3C(C(C(O3)N4C=NC5=C(N=CN=C54)N)O)O)O)O,0.42334458844613243,0.10369931906461716,-1.2015047073364258,1.245748519897461
1096,C6A190_wild,C1=CC(=C[N+](=C1)C2C(C(C(O2)COP(=O)(O)OP(=O)(O)OCC3C(C(C(O3)N4C=NC5=C(N=CN=C54)N)OP(=O)(O)O)O)O)O)C(=O)N,1.9629286886244175,0.19924181699752808,-0.8263766169548035,0.8331335783004761
1097,C6A190_wild,C1C=CN(C=C1C(=O)N)C2C(C(C(O2)COP(=O)(O)OP(=O)(O)OCC3C(C(C(O3)N4C=NC5=C(N=CN=C54)N)OP(=O)(O)O)O)O)O,1.8779469516291882,0.11524500697851181,-1.31365966796875,1.425351858139038
1098,C6A190_wild,CC(C)O,-2.5010334121250737,-0.7967177629470825,1.0302817821502686,-0.29084599018096924
1099,C6A190_wild,CC(=O)C=O,-0.9395681899652141,-0.5902022123336792,0.21581611037254333,0.04723593592643738
1100,C6A190_wild,C1C(C(C(C(O1)O)O)O)O,-1.890500859683923,0.3263818025588989,0.948693037033081,0.25246769189834595
1101,Q9HIL6_wild,C1=CC(=CC=C1[N+](=O)[O-])OC2C(C(C(C(O2)CO)O)O)O,2.035275760348543,1.501741647720337,0.10701008141040802,0.48101484775543213
1102,Q9HIL6_wild,CC1C(C(C(C(O1)OC2=CC=C(C=C2)[N+](=O)[O-])O)O)O,2.9590413923210934,1.8890141248703003,-0.1445527821779251,1.1785205602645874
1103,Q51723_wild,C1=CC=C(C(=C1)[N+](=O)[O-])OC2C(C(C(C(O2)CO)O)O)O,3.864595829713535,1.8862510919570923,-0.3402550220489502,0.8429861068725586
1104,E7FHY4_wild,C(C1C(C(C(C(O1)OC2C(OC(C(C2O)O)O)CO)O)O)O)O,1.4662904070679807,1.6456609964370728,0.844175398349762,0.4929502010345459
1105,Q9YGA8_wild,C1=CC=C(C(=C1)[N+](=O)[O-])OC2C(C(C(C(O2)CO)O)O)O,3.0634716284079615,2.0560805797576904,0.01268802396953106,0.7575253248214722
1106,Q9YGA8_N62Y/Q63K/L231F/V303A/E386G/A412V,C1=CC=C(C(=C1)[N+](=O)[O-])OC2C(C(C(C(O2)CO)O)O)O,2.167227798724376,1.8027032613754272,0.04724524915218353,0.5046938061714172
1107,Q92AS9_wild,C1=CC(=CC=C1[N+](=O)[O-])OC2C(C(C(C(O2)CO)O)O)O,1.1898795435413145,1.0646179914474487,-0.21862156689167023,1.1747761964797974
1108,Q92AS9_wild,C(C1C(C(C(C(O1)O)O)OC2C(C(C(C(O2)CO)O)OC3C(C(C(C(O3)CO)O)O)O)O)O)O,0.47319096109123004,0.7355708479881287,0.36695596575737,0.7422661781311035
1109,Q92AS9_wild,C(C1C(C(C(C(O1)O)O)OC2C(C(C(C(O2)CO)O)OC3C(C(C(C(O3)CO)O)OC4C(C(C(C(O4)CO)O)O)O)O)O)O)O,0.4137342758552695,0.8496116399765015,0.36888930201530457,0.7261070013046265
1110,Q92AS9_wild,C(C1C(C(C(C(O1)O)OC2C(C(C(C(O2)CO)O)O)OC3C(C(C(C(O3)CO)O)O)O)O)O)O,0.5720967679505192,0.6898304224014282,0.4166342318058014,0.7151103615760803
1111,Q92AS9_wild,C(C1C(C(C(C(O1)O)O)OC2C(C(C(C(O2)CO)O)OC3C(C(C(C(O3)CO)O)OC4C(C(C(C(O4)CO)O)OC5C(C(C(C(O5)CO)O)O)O)O)O)O)O)O,0.33881855655338095,0.7649849653244019,0.407656729221344,0.6047151684761047
1112,Q93ZC9_wild,C1(C(C(OC(C1O)O)C(=O)O)O)O,1.0758453142781268,0.7980728149414062,-0.6734808683395386,1.5410031080245972
1113,Q93ZC9_wild,C1=NC(=C2C(=N1)N(C=N2)C3C(C(C(O3)COP(=O)(O)OP(=O)(O)OP(=O)(O)O)O)O)N,1.1812308987080924,0.7921028137207031,-0.42438220977783203,1.2029746770858765
1114,A6QDA0_S185G,C(C(C(=O)O)N)OP(=O)(O)O,0.8616973018337186,0.3197355270385742,-0.4374930262565613,0.8322420120239258
1115,A6QDA0_S185G,C(CC(=O)O)C(C(=O)O)N,-0.550228353055088,0.35867640376091003,0.522042989730835,0.46424922347068787
1116,A6QDA0_wild,C(CC(=O)O)C(C(=O)O)N,0.05115252244738129,0.3632919192314148,0.5545529127120972,0.45137089490890503
1117,A6QDA0_wild,C(C(C(=O)O)N)OP(=O)(O)O,1.5043953395863243,0.32722756266593933,-0.4040185511112213,0.8190748691558838
1118,P04391_wild,C(=O)(N)OP(=O)(O)O,4.6127838567197355,2.1136982440948486,-1.143493413925171,1.6276559829711914
1119,O07565_wild,C(C1C(C(C(C(O1)O)O)N)O)OP(=O)(O)O,2.5008286045372636,0.5395786762237549,-0.6928948163986206,1.075302243232727
1120,A2TBB4_wild,C1(C(C(C(C(C1OP(=O)(O)O)OP(=O)(O)O)OP(=O)(O)O)OP(=O)(O)O)OP(=O)(O)O)OP(=O)(O)O,2.0464100744278717,2.461454391479492,-1.1470855474472046,2.7400312423706055
1121,Q845W8_wild,C(C(C(=O)O)N)C(=O)O,-0.009984220906600946,1.5868386030197144,0.5903169512748718,0.6189684867858887
1122,Q845W8_R37A,C(C(C(=O)O)N)C(=O)O,-1.3827886645994167,1.3834551572799683,0.6970599889755249,0.4293544888496399
1123,Q9BX63_Q25A,C1=NC(=C2C(=N1)N(C=N2)C3C(C(C(O3)COP(=O)(O)OP(=O)(O)OP(=O)(O)O)O)O)N,0.3010299956639812,0.499229371547699,-0.2398442029953003,0.7996864318847656
1124,Q9BX63_wild,C1=NC(=C2C(=N1)N(C=N2)C3C(C(C(O3)COP(=O)(O)OP(=O)(O)OP(=O)(O)O)O)O)N,1.4323679136974405,0.6096134185791016,-0.2904351055622101,0.8942687511444092
1125,P9WFX2_wild,C=C(C(=O)O)OC1C=C(C=CC1O)C(=O)O,1.2388820889151366,-0.6497125625610352,-1.4224287271499634,0.5819103121757507
1126,O60199_wild,COC1=CC(=CC(=C1O)OC)C=NN=CC2=CC(=C(C(=C2)OC)O)OC,4.066946820651647,1.5035995244979858,-1.2945300340652466,1.757784128189087
1127,C1JCL7_wild,COC1=CC=CC=C1O,0.9124551904675732,0.6371591091156006,-0.2138509750366211,0.9187460541725159
1128,C1JCL7_wild,COC1=CC(=CC(=C1O)OC)C=NN=CC2=CC(=C(C(=C2)OC)O)OC,2.625101295259494,1.256271243095398,-1.2601450681686401,1.5455228090286255
1129,X5JA14_wild,COC1=CC=CC=C1O,-0.4257089090626749,0.3966331481933594,-0.27944642305374146,0.9386252164840698
1130,Q9UVQ2_wild,COC1=CC(=CC(=C1O)OC)C=CC(=O)O,2.7932149968195197,1.2115172147750854,-0.6216894388198853,1.0629305839538574
1131,Q9UVQ2_wild,COC1=C(C(=CC=C1)OC)O,1.911058916663219,0.914730966091156,-0.6893619298934937,1.1818878650665283
1132,Q9UVQ2_wild,CCN1C2=C(C=C(C=C2)S(=O)(=O)O)SC1=NN=C3N(C4=C(S3)C=C(C=C4)S(=O)(=O)O)CC,3.6161002486082365,2.120539665222168,-0.8539618253707886,2.3360702991485596
1133,Q96UT7_wild,COC1=C(C(=CC=C1)OC)O,0.4288165751451074,1.057053804397583,-0.6455696821212769,1.2534809112548828
1134,B0JDP9_P530A,CCN1C2=C(C=C(C=C2)S(=O)(=O)O)SC1=NN=C3N(C4=C(S3)C=C(C=C4)S(=O)(=O)O)CC,1.2802509890023612,2.146531820297241,-0.6238574981689453,2.4414420127868652
1135,B0JDP9_K532A,CCN1C2=C(C=C(C=C2)S(=O)(=O)O)SC1=NN=C3N(C4=C(S3)C=C(C=C4)S(=O)(=O)O)CC,1.6657699308033422,2.14642596244812,-0.638929545879364,2.417811632156372
1136,B0JDP9_K532E,CCN1C2=C(C=C(C=C2)S(=O)(=O)O)SC1=NN=C3N(C4=C(S3)C=C(C=C4)S(=O)(=O)O)CC,1.5948850447240839,2.1497180461883545,-0.6443532109260559,2.4296977519989014
1137,E7BLR0_wild,CCN1C2=C(C=C(C=C2)S(=O)(=O)O)SC1=NN=C3N(C4=C(S3)C=C(C=C4)S(=O)(=O)O)CC,5.452111836810407,2.4092414379119873,-0.8727996349334717,2.405552864074707
1138,E7BLR0_wild,COC1=C(C(=CC=C1)OC)O,2.443830087993292,1.1698046922683716,-0.6553792953491211,1.2722768783569336
1139,E7BLR0_wild,COC1=CC=CC=C1O,2.24106048375294,1.1632057428359985,-0.33327189087867737,0.9880504608154297
1140,E7BLR0_wild,C1=CC=C(C(=C1)O)O,2.1176060758161155,2.2050797939300537,-0.6848340034484863,1.7473353147506714
1141,A8N3P5_wild,CCN1C2=C(C=C(C=C2)S(=O)(=O)O)SC1=NN=C3N(C4=C(S3)C=C(C=C4)S(=O)(=O)O)CC,1.6908139997181062,1.5892022848129272,-0.6950041651725769,2.220939874649048
1142,A8N3P5_wild,COC1=CC=CC=C1O,-1.9212302125164573,0.5371789932250977,-0.13746042549610138,0.8910994529724121
1143,H9C4A3_wild,CCN1C2=C(C=C(C=C2)S(=O)(=O)O)SC1=NN=C3N(C4=C(S3)C=C(C=C4)S(=O)(=O)O)CC,0.3207740538597384,2.084437608718872,-0.916438102722168,2.266820192337036
1144,B5G555_wild,CCN1C2=C(C=C(C=C2)S(=O)(=O)O)SC1=NN=C3N(C4=C(S3)C=C(C=C4)S(=O)(=O)O)CC,2.7998705000768798,2.1021037101745605,-0.7496721744537354,2.418347120285034
1145,B5G555_wild,COC1=C(C(=CC=C1)OC)O,2.142980960444052,0.8803752660751343,-0.6104570627212524,1.2518813610076904
1146,B5G555_wild,COC1=CC=CC=C1O,0.5975666537806881,0.8097778558731079,-0.32443445920944214,0.9824909567832947
1147,Q02497_wild,C1=CC=C(C(=C1)O)O,3.101231386790699,2.1834146976470947,-0.5945420265197754,1.667724370956421
1148,Q02497_wild,C1=CC(=C(C=C1CCN)O)O,2.8024198251105803,1.7865766286849976,-0.5214822292327881,1.26320481300354
1149,Q02497_wild,[C-]#N.[C-]#N.[C-]#N.[C-]#N.[C-]#N.[C-]#N.[Fe+2],2.5282737771670436,1.5429223775863647,-0.3166184723377228,1.2941356897354126
1150,Q02497_wild,COC1=CC(=CC(=C1O)OC)C=NN=CC2=CC(=C(C(=C2)OC)O)OC,3.554880913632493,1.773999810218811,-1.430526614189148,1.6818311214447021
1151,Q02497_wild,CCN1C2=C(C=C(C=C2)S(=O)(=O)O)SC1=NN=C3N(C4=C(S3)C=C(C=C4)S(=O)(=O)O)CC,3.6794722146367405,2.271959066390991,-0.8508197069168091,2.3843209743499756
1152,A0A0A0Q5C7_wild,COC1=CC=CC=C1O,2.630427875025024,1.162783145904541,-0.21192070841789246,0.8925963640213013
1153,Q6TH77_wild,COC1=CC(=CC(=C1O)OC)C=NN=CC2=CC(=C(C(=C2)OC)O)OC,4.729254808240486,1.8987442255020142,-1.5859689712524414,1.7767359018325806
1154,A0A0A0Q5C7_wild,C1=CC=C(C(=C1)O)O,3.073118661175244,2.2358365058898926,-0.5245487093925476,1.7152409553527832
1155,X5JA14_wild,CC1=C(C(=CC=C1)C)O,-0.6508483572463452,0.05712050199508667,-0.6123569011688232,1.4011811017990112
1156,X5JA14_wild,COC1=CC(=CC(=C1O)OC)C=NN=CC2=CC(=C(C(=C2)OC)O)OC,2.5650875180233355,1.0762712955474854,-1.411409616470337,1.6159077882766724
1157,A0A140CWW4_wild,COC1=C(C(=CC=C1)OC)O,2.19601187064766,0.8068196773529053,-0.5503688454627991,1.2495267391204834
1158,X5JAK9_wild,COC1=CC(=CC(=C1O)OC)C=NN=CC2=CC(=C(C(=C2)OC)O)OC,2.340774502442133,0.7987518906593323,-1.24696946144104,1.4405958652496338
1159,X5JAK9_wild,COC1=CC=CC=C1O,-0.3657553253006363,0.130970299243927,-0.18510831892490387,0.7913143038749695
1160,X5JAK9_wild,CC1=C(C(=CC=C1)C)O,-0.686424380867791,-0.18853124976158142,-0.4936292767524719,1.2047117948532104
1161,Q9KJB8_wild,COC1=C(C(=CC=C1)OC)O,2.228943566380957,0.6882489919662476,-1.1445913314819336,1.3217461109161377
1162,Q9KJB8_wild,C1=CC=C(C(=C1)O)O,3.659829799098332,1.1673932075500488,-0.9171608686447144,1.6364901065826416
1163,A0A0A0Q5C7_wild,COC1=C(C(=CC=C1)OC)O,3.5463575553634143,1.2090986967086792,-0.5984453558921814,1.2133073806762695
1164,O60199_wild,COC1=C(C(=CC=C1)OC)O,0.8639139373594599,0.9423209428787231,-0.5310418605804443,1.2858672142028809
1165,P00183_wild,CC1(C2CCC1(C(=O)C2)C)C,1.8382192219076259,0.546829342842102,-1.2608304023742676,1.5249639749526978
1166,Q05016_wild,CC(C(C(=O)O)N)O,1.2455126678141497,0.6564867496490479,0.6541404724121094,0.5094514489173889
1167,Q05016_wild,C(C(C(=O)O)N)O,-0.8098656635608503,0.42307180166244507,0.6505129337310791,0.13716834783554077
1168,P23524_wild,C1=NC(=C2C(=N1)N(C=N2)C3C(C(C(O3)COP(=O)(O)OP(=O)(O)OP(=O)(O)O)O)O)N,1.6126101736612706,0.9474114179611206,-1.0773577690124512,1.3888022899627686
1169,O66990_C181A,C(C(C(=O)O)NC(=O)N)C(=O)O,0.6003820968445838,0.8591729998588562,-0.12575997412204742,1.282965898513794
1170,O66990_wild,C(C(C(=O)O)NC(=O)N)C(=O)O,1.4179110896026759,0.8504872918128967,-0.12348192930221558,1.2655785083770752
1171,Q81WF0_wild,C(C(C(=O)O)NC(=O)N)C(=O)O,1.2730012720637376,0.202814519405365,0.09950345009565353,1.0413376092910767
1172,Q81WF0_wild,C1C(NC(=O)NC1=O)C(=O)O,1.2218487496163564,0.23244807124137878,-0.5472769737243652,0.9798000454902649
1173,Q81WF0_N93A,C(C(C(=O)O)NC(=O)N)C(=O)O,0.0731432910503076,0.0614326074719429,0.1717125028371811,0.9242393970489502
1174,P65907_wild,C1C(NC(=O)NC1=O)C(=O)O,1.0491251353889157,0.34230005741119385,-0.44189149141311646,1.0880073308944702
1175,P65907_wild,C(C(C(=O)O)NC(=O)N)C(=O)O,0.8528724368796354,0.2811465561389923,0.14739994704723358,1.1693443059921265
1176,F1CYZ6_wild,CC(C)(COP(=O)(O)OP(=O)(O)OCC1C(C(C(O1)N2C=NC3=C(N=CN=C32)N)O)OP(=O)(O)O)C(C(=O)NCCC(=O)NCCS)O,1.0413926851582251,0.17788872122764587,-0.9720076322555542,0.6424945592880249
1177,A0A2I9_V81L/F240S/I250S/D266L,C(C(C(=O)O)N)S(=O)O,0.12769367232879772,-0.11075309664011002,-0.5833054780960083,1.2839689254760742
1178,D3JU53_wild,C1=NC2=C(N1C3C(C(C(O3)COP(=O)(O)OP(=O)(O)OC4C(C(C(C(O4)CO)O)O)O)O)O)N=C(NC2=O)N,0.8887555345677546,0.3567790985107422,-1.3963971138000488,1.7927477359771729
1179,Q51366_wild,C1=NC2=C(N1C3C(C(C(O3)COP(=O)(O)OP(=O)(O)OC4C(C(C(C(O4)CO)O)O)O)O)O)N=C(NC2=O)N,2.79872057150118,0.38165467977523804,-1.246830701828003,1.7145463228225708
1180,O60547_wild,C1=NC2=C(N1C3C(C(C(O3)COP(=O)(O)OP(=O)(O)OC4C(C(C(C(O4)CO)O)O)O)O)O)N=C(NC2=O)N,2.425968732272281,0.11833367496728897,-1.6965065002441406,1.784251093864441
1181,B4EFL2_wild,C1=NC2=C(N1C3C(C(C(O3)COP(=O)(O)OP(=O)(O)OC4C(C(C(C(O4)CO)O)O)O)O)O)N=C(NC2=O)N,-0.010299956639811952,0.6022844910621643,-1.0678184032440186,2.022706985473633
1182,O50657_A44V/G45T/V46P/P54D,C(CCN)CC(C(=O)O)N,0.08813608870055131,0.4342963695526123,0.8605166673660278,-0.28997802734375
1183,O50657_A52C/P54D,C(CCN)CC(C(=O)O)N,0.4522976709946303,0.4643096327781677,0.8482381105422974,-0.2505579888820648
1184,O50657_A52C,C(CCN)CC(C(=O)O)N,0.721246399047171,0.44898244738578796,0.8338176608085632,-0.26553797721862793
1185,O50657_A44V/G45T/V46P,C(CCN)CC(C(=O)O)N,0.6368220975871743,0.41782861948013306,0.8512312769889832,-0.3005332052707672
1186,O50657_G319W,C(CCN)CC(C(=O)O)N,0.14612803567823798,0.33697840571403503,0.8593578934669495,-0.3593393564224243
1187,O50657_P54D,C(CCN)CC(C(=O)O)N,0.44824512698343333,0.39841756224632263,0.8560888767242432,-0.29441991448402405
1188,O50657_S322T/I326L,C(CCN)CC(C(=O)O)N,0.09177037335564536,0.3882124423980713,0.8465797901153564,-0.29533445835113525
1189,O50657_wild,C(CCN)CC(C(=O)O)N,3.004116566194832,0.3749721348285675,0.8489293456077576,-0.31157007813453674
1190,O50657_S322A,C(CCN)CC(C(=O)O)N,-0.14483356532523925,0.31316933035850525,0.880457878112793,-0.37503546476364136
1191,O50657_A44V/G45T/V46P/P54D/S322T/I326L,C(CCN)CC(C(=O)O)N,-0.06366907986937727,0.4497758746147156,0.8597464561462402,-0.27532511949539185
1192,O50657_M50V/A52C/P54D/T55S,C(CCN)CC(C(=O)O)N,-0.14132915279646932,0.43683499097824097,0.8579197525978088,-0.2627066969871521
1193,O50657_A44V/G45T/V46P/P54D/S322A,C(CCN)CC(C(=O)O)N,-1.6910010746647435,0.36969953775405884,0.8932991027832031,-0.3543451428413391
1194,P53144_wild,C1C(C(OC1N2C=NC3=C2N=C(NC3=O)N)COP(=O)(O)O)O,0.82390874094456,0.30273494124412537,-0.8081071972846985,0.6050043702125549
1195,P53144_wild,CC1=CN(C(=O)NC1=O)C2CC(C(O2)COP(=O)(O)O)O,0.6796648491406322,0.28185829520225525,-1.1370079517364502,0.5918146371841431
1196,P53144_wild,C1C(C(OC1N2C=NC3=C(N=CN=C32)N)COP(=O)(O)O)O,0.494850021680094,0.42885443568229675,-0.737957239151001,0.7788068056106567
1197,P53144_wild,C1=CC(=CC=C1[N+](=O)[O-])OP(=O)(O)O,-0.19401965575159902,0.7785206437110901,-0.02265280671417713,-0.1257208287715912
1198,C0SVZ6_wild,CC(C)(COP(=O)(O)OP(=O)(O)OCC1C(C(C(O1)N2C=NC3=C(N=CN=C32)N)O)OP(=O)(O)O)C(C(=O)NCCC(=O)NCCSC(=O)C=CC4=CC=C(C=C4)O)O,-1.1241734597901876,-2.3063108921051025,-2.4021449089050293,0.44162991642951965
1199,C6L7V8_wild,CC(C)(COP(=O)(O)OP(=O)(O)OCC1C(C(C(O1)N2C=NC3=C(N=CN=C32)N)O)OP(=O)(O)O)C(C(=O)NCCC(=O)NCCSC(=O)C=CC4=CC=C(C=C4)O)O,-0.7534903542356791,-2.1432747840881348,-2.289119243621826,0.5626163482666016
1200,C6L7V9_wild,CC(C)(COP(=O)(O)OP(=O)(O)OCC1C(C(C(O1)N2C=NC3=C(N=CN=C32)N)O)OP(=O)(O)O)C(C(=O)NCCC(=O)NCCSC(=O)C=CC4=CC=C(C=C4)O)O,0.2466723333413885,-2.2083544731140137,-2.3337676525115967,0.5134749412536621
1201,P09099_wild,C(C(C(C(=O)CO)O)O)O,2.944142182534999,2.031738042831421,-0.6861588954925537,1.486345648765564
1202,P09099_D233A,C1=NC(=C2C(=N1)N(C=N2)C3C(C(C(O3)COP(=O)(O)OP(=O)(O)OP(=O)(O)O)O)O)N,-1.7998705000768747,1.6981815099716187,-0.6553938388824463,1.709854245185852
1203,P09099_wild,C(C(C(C(CO)O)O)O)O,0.270944625054147,1.2981582880020142,0.2093489021062851,0.6562271118164062
1204,P9WIK7_wild,C(C1C(C(C(C(O1)OC2C(C(C(C(O2)CO)O)O)OS(=O)(=O)[O-])O)O)O)O,-2.571865205971211,-1.4217352867126465,-0.467944860458374,0.2693803012371063
1205,P9WIK7_wild,CCCCCCCCCCCCCCCC(=O)SCCNC(=O)CCNC(=O)C(C(C)(C)COP(=O)(O)OP(=O)(O)OCC1C(C(C(O1)N2C=NC3=C(N=CN=C32)N)O)OP(=O)(O)O)O,-0.27009628142033043,-1.446900486946106,-1.3179612159729004,0.6450844407081604
1206,Q97W27_wild,C1C=CN(C=C1C(=O)N)C2C(C(C(O2)COP(=O)(O)OP(=O)(O)OCC3C(C(C(O3)N4C=NC5=C(N=CN=C54)N)OP(=O)(O)O)O)O)O,2.554880913632493,0.9032166004180908,-1.1379411220550537,2.777865409851074
1207,Q8BTW3_wild,C1=CC(=C(C=C1SSC2=CC(=C(C=C2)[N+](=O)[O-])C(=O)O)C(=O)O)[N+](=O)[O-],1.6465914120120284,0.8065734505653381,-1.7220144271850586,0.7850873470306396
1208,G2IQS7_wild,COC1=C(C=CC(=C1)C(=O)O)[O-],1.8683278807327317,0.8654442429542542,-0.6031349897384644,1.7589823007583618
1209,Q60FX1_wild,C1C(NC2=C(N1)N=C(NC2=O)N)CNC3=CC=C(C=C3)C(=O)NC(CCC(=O)O)C(=O)O,0.9030899869920039,0.913153350353241,-0.6479000449180603,2.114773750305176
1210,Q9EQQ9_D177N,CC(=O)NC1C(C(C(OC1OC2=CC=C(C=C2)[N+](=O)[O-])CO)O)O,0.946754488046775,1.1019538640975952,-0.49275222420692444,1.064201831817627
1211,Q9EQQ9_wild,CC(=O)NC1C(C(C(OC1OC2=CC=C(C=C2)[N+](=O)[O-])CO)O)O,2.0493762644215785,1.100423812866211,-0.4924253225326538,1.0634334087371826
1212,Q9EQQ9_D174N,CC(=O)NC1C(C(C(OC1OC2=CC=C(C=C2)[N+](=O)[O-])CO)O)O,1.2827412099517164,1.0109881162643433,-0.47019249200820923,1.0109386444091797
1213,Q9EQQ9_D175A,CC(=O)NC1C(C(C(OC1OC2=CC=C(C=C2)[N+](=O)[O-])CO)O)O,0.6600519383056492,0.9803592562675476,-0.47056740522384644,0.9948988556861877
1214,Q9EQQ9_C166S,CC(=O)NC1C(C(C(OC1OC2=CC=C(C=C2)[N+](=O)[O-])CO)O)O,1.6737019021669555,1.1012877225875854,-0.4921843409538269,1.063637137413025
1215,O60502_wild,CC(=O)NC1C(C(C(OC1OC2=CC=C(C=C2)[N+](=O)[O-])CO)O)O,-0.3467874862246563,1.1141278743743896,-0.48307591676712036,1.0560276508331299
1216,P9WNW9_wild,C1=CC(=C[N+](=C1)C2C(C(C(O2)COP(=O)([O-])OP(=O)(O)OCC3C(C(C(O3)N4C=NC5=C(N=CN=C54)N)O)O)O)O)C(=O)N,-0.012269910474903311,0.7926977872848511,-0.45039132237434387,1.060870885848999
1217,P9WNW9_wild,C1=C(NC=N1)CC(CO)N,1.8189453214127687,0.2896273136138916,-0.5570751428604126,0.9941679239273071
1218,A0A1B1WA14_wild,CCOC(=O)C=CC1=CC(=C(C=C1)O)OC,0.7389991264214955,0.46125051379203796,-0.4760758876800537,0.8586850762367249
1219,A0A1B1WA14_wild,COC1=C(C=CC(=C1)C=CC(=O)OC)O,0.6356453748338611,0.5399702191352844,-0.5845513939857483,0.8868991136550903
1220,A0A1B1WA14_wild,COC(=O)C=CC1=CC=C(C=C1)O,1.489978274519617,0.9430618286132812,-0.5957826375961304,1.0916653871536255
1221,P10378_wild,C1=CC=C(C(=C1)C(=O)O)O,1.0579919469776868,-0.44042932987213135,-1.5531346797943115,1.015096664428711
1222,Q44467_wild,C1=CC=C(C=C1)C(C(=O)O)O,-1.9586073148417749,0.6103660464286804,0.04817291349172592,1.113948106765747
1223,Q44467_wild,CC(C(=O)[O-])O,2.4786585819245914,1.3711098432540894,0.5710367560386658,0.7005663514137268
1224,Q44467_wild,CC(C(=O)O)O,2.7481880270062002,1.0183122158050537,0.2029775083065033,0.695091962814331
1225,Q44467_A95G,C1=CC=C(C=C1)C(C(=O)O)O,-0.10237290870955856,0.5994930267333984,0.0615641251206398,1.1046072244644165
1226,Q44467_A95G,CCCC(C(=O)[O-])O,0.7134905430939426,0.46168053150177,0.4915013313293457,0.4353969693183899
1227,Q44467_Y191L,CC(C(=O)O)O,0.6989700043360189,1.0002347230911255,0.19010810554027557,0.7012691497802734
1228,Q44467_wild,C(C(C(=O)O)O)O,-0.7594507517174003,0.4415401816368103,0.5599896311759949,0.6936663389205933
1229,Q44467_wild,CCC(C(=O)[O-])O,-0.21387981994508098,0.9937599897384644,0.630935788154602,0.8774842619895935
1230,Q44467_A95G,C(C(C(=O)O)O)O,-0.22873153205434057,0.4241563081741333,0.5701195001602173,0.6834742426872253
1231,Q44467_A95G,CCC(C(=O)[O-])O,1.2762064119389491,0.9855358600616455,0.648444414138794,0.8709635734558105
1232,Q44467_wild,CCCC(C(=O)[O-])O,-0.6434526764861874,0.4726511240005493,0.4755065441131592,0.4466571807861328
1233,Q44467_A95G,CC(C(=O)[O-])O,1.5686362358410126,1.3659709692001343,0.5931329727172852,0.6899952292442322
1234,Q5XBL7_wild,C1=CC(=C(N=C1)C(=O)O)C(=O)O,2.778151250383644,0.1623166799545288,-1.477257490158081,0.9057435989379883
1235,A3MTW6_wild,CC1=C(SC=[N+]1CC2=CN=C(N=C2N)C)CCOP(=O)(O)O,2.4983105537896004,-1.0035659074783325,-2.765343189239502,1.1263701915740967
1236,A3MTW6_R136M,CC1=C(SC=[N+]1CC2=CN=C(N=C2N)C)CCOP(=O)(O)O,1.8498444750387186,-1.0332971811294556,-2.7651960849761963,1.1164015531539917
1237,A3MTW6_S196A,CC1=C(SC=[N+]1CC2=CN=C(N=C2N)C)CCOP(=O)(O)O,2.144682794804057,-1.0452243089675903,-2.709092140197754,1.058039903640747
1238,B5ARZ9_wild,C1=CC(=CC=C1[N+](=O)[O-])OC2C(C(C(C(O2)CO)OC3C(C(C(C(O3)CO)OC4C(C(C(C(O4)CO)OC5C(C(C(C(O5)CO)OC6C(C(C(C(O6)CO)OC7C(C(C(C(O7)CO)O)O)O)O)O)O)O)O)O)O)O)O)O,1.140543809938876,1.1393200159072876,0.41075971722602844,0.03805580735206604
1239,B5ARZ9_wild,C(C1C(C(C(C(O1)OC2C(OC(C(C2O)O)OC3C(OC(C(C3O)O)OC4C(OC(C(C4O)O)OC5C(OC(C(C5O)O)OC6C(OC(C(C6O)O)OC7C(OC(C(C7O)O)O)CO)CO)CO)CO)CO)CO)O)O)O)O,0.870310107800699,1.2381510734558105,0.6314860582351685,0.47816702723503113
1240,B5ARZ9_wild,C(C1C(C(C(C(O1)OC2C(OC(C(C2O)O)OC3C(OC(C(C3O)O)O)CO)CO)O)O)O)O,2.8075779764947093,1.2394447326660156,0.6591326594352722,0.3665034770965576
1241,E3QHV8_wild,CCCCCCCCCCO,2.8628268069746885,1.1516867876052856,-0.6205556392669678,0.5528841018676758
1242,E3QHV8_wild,CCCCCCCCO,2.7802144109474174,1.5199470520019531,-0.5013512969017029,0.445320725440979
1243,E3QHV8_wild,CCCCCCCO,2.6547336868958764,1.4168566465377808,-0.5070527195930481,0.43000680208206177
1244,Q9BHM6_wild,CC(=O)C(=O)[O-],2.986211715514367,1.9021514654159546,1.039407730102539,0.5921652913093567
1245,Q9BHM6_C148A,C1C=CN(C=C1C(=O)N)C2C(C(C(O2)COP(=O)(O)OP(=O)(O)OCC3C(C(C(O3)N4C=NC5=C(N=CN=C54)N)O)O)O)O,4.023252459633712,2.059908151626587,-0.8789883255958557,1.6533169746398926
1246,Q9BHM6_wild,C(CC(C(=O)O)N)CN=C(N)N,3.1072099696478683,1.9962900876998901,0.4923931956291199,0.6375434398651123
1247,Q9BHM6_C148S,C(CC(C(=O)O)N)CN=C(N)N,2.418885937333868,1.9773807525634766,0.48815470933914185,0.6249058246612549
1248,Q9BHM6_C148A,CC(=O)C(=O)[O-],2.3001605369513523,1.904678463935852,1.0441253185272217,0.5849602818489075
1249,Q9BHM6_Q118A,C(CC(C(=O)O)N)CN=C(N)N,1.3157532524846876,2.0068609714508057,0.49700284004211426,0.6370980739593506
1250,Q9BHM6_Q118A,C1C=CN(C=C1C(=O)N)C2C(C(C(O2)COP(=O)(O)OP(=O)(O)OCC3C(C(C(O3)N4C=NC5=C(N=CN=C54)N)O)O)O)O,3.2210127638300152,2.07637619972229,-0.8871231079101562,1.660800814628601
1251,Q9BHM6_C148A,C(CC(C(=O)O)N)CN=C(N)N,2.443262987458695,1.9905545711517334,0.4904555380344391,0.6293587684631348
1252,Q9BHM6_H212A,C(CC(C(=O)O)N)CN=C(N)N,0.1635021317476607,1.4813071489334106,0.5550633072853088,0.39467567205429077
1253,Q9BHM6_C148S,CC(=O)C(=O)[O-],2.2934475521638946,1.8914241790771484,1.0447649955749512,0.5747803449630737
1254,Q9BHM6_D329A,CC(=O)C(=O)[O-],-0.3309932190414244,1.3309674263000488,1.1052786111831665,0.2429601550102234
1255,Q9BHM6_Q118A,CC(=O)C(=O)[O-],1.0204226713653028,1.9114261865615845,1.035987138748169,0.5964055061340332
1256,Q9BHM6_Q118D,C1C=CN(C=C1C(=O)N)C2C(C(C(O2)COP(=O)(O)OP(=O)(O)OCC3C(C(C(O3)N4C=NC5=C(N=CN=C54)N)O)O)O)O,2.429059809249423,2.0162737369537354,-0.8545422554016113,1.6206204891204834
1257,Q9BHM6_C148S,C1C=CN(C=C1C(=O)N)C2C(C(C(O2)COP(=O)(O)OP(=O)(O)OCC3C(C(C(O3)N4C=NC5=C(N=CN=C54)N)O)O)O)O,4.022834255394028,2.0452394485473633,-0.8805164098739624,1.6434977054595947
1258,Q9BHM6_D329A,C1C=CN(C=C1C(=O)N)C2C(C(C(O2)COP(=O)(O)OP(=O)(O)OCC3C(C(C(O3)N4C=NC5=C(N=CN=C54)N)O)O)O)O,2.6380691752047443,1.5082274675369263,-0.8132565021514893,1.30177640914917
1259,Q9BHM6_wild,C1C=CN(C=C1C(=O)N)C2C(C(C(O2)COP(=O)(O)OP(=O)(O)OCC3C(C(C(O3)N4C=NC5=C(N=CN=C54)N)O)O)O)O,4.517582405470389,2.0653817653656006,-0.8806074857711792,1.6555285453796387
1260,Q9BHM6_R324A,CC(=O)C(=O)[O-],-0.6116053092341928,1.5810657739639282,1.1477625370025635,0.38440507650375366
1261,Q9BHM6_H212A,CC(=O)C(=O)[O-],-0.6569086593353074,1.3901349306106567,1.0773303508758545,0.2718847990036011
1262,Q9BHM6_wild,CCCC(=O)C(=O)O,0.7373395612744812,1.8201864957809448,0.7811349630355835,0.5324707627296448
1263,Q9BHM6_Q118D,C(CC(C(=O)O)N)CN=C(N)N,0.1778748117960985,1.9792612791061401,0.5290220975875854,0.6073392033576965
1264,Q9BHM6_Q118D,CC(=O)C(=O)[O-],-0.34619215442217505,1.8771623373031616,1.077283263206482,0.5479453206062317
1265,Q9BHM6_R324A,C(CC(C(=O)O)N)CN=C(N)N,-0.567928668740865,1.6656339168548584,0.6078128218650818,0.47281256318092346
1266,Q9BHM6_R324A,C1C=CN(C=C1C(=O)N)C2C(C(C(O2)COP(=O)(O)OP(=O)(O)OCC3C(C(C(O3)N4C=NC5=C(N=CN=C54)N)O)O)O)O,2.4417715781966742,1.7414820194244385,-0.8054915070533752,1.4479739665985107
1267,Q9BHM6_H212A,C1C=CN(C=C1C(=O)N)C2C(C(C(O2)COP(=O)(O)OP(=O)(O)OCC3C(C(C(O3)N4C=NC5=C(N=CN=C54)N)O)O)O)O,2.0510781633200867,1.5968924760818481,-0.8315783143043518,1.333461046218872
1268,P9WPQ7_wild,CC1C(NC(=O)N1)CCCCCC(=O)O,-0.24458633724915507,-1.2929545640945435,-1.4291350841522217,0.5499941110610962
1269,Q9ZN18_D198A,C(CCN=C(N)N)CN,-1.5583510634425566,-1.084306001663208,-1.1285152435302734,0.3854859471321106
1270,Q9ZN18_wild,C(CCN=C(N)N)CN,0.3952999125058292,-1.0244333744049072,-1.1546167135238647,0.4313907027244568
1271,Q0P9V0_wild,C(CCN=C(N)N)CN,-1.1183708309876845,-1.0773786306381226,-1.077101469039917,0.5965418815612793
1272,Q9YEA1_wild,C(C(C(=O)O)O)C(=O)O,1.335792101923193,1.2697392702102661,-0.3249177932739258,1.5369747877120972
1273,Q9YEA1_wild,C(C(C(=O)[O-])O)(C(=O)[O-])O,0.5336026106721107,1.1337034702301025,-0.33058521151542664,1.7766685485839844
1274,Q29495_wild,C1=CC=C2C(=C1)C(=CN2)CCN,2.4414808984505285,0.3167596161365509,0.10396629571914673,-0.14053189754486084
1275,Q9VMG0_wild,CCCC(=O)SCCNC(=O)CCNC(=O)C(C(C)(C)COP(=O)(O)OP(=O)(O)OCC1C(C(C(O1)N2C=NC3=C(N=CN=C32)N)O)OP(=O)(O)O)O,2.469003364497483,-0.5903278589248657,-1.91368567943573,0.951878547668457
1276,Q9VMG0_wild,CCCCCC=CCC=CCC=CCC=CCCCC(=O)SCCNC(=O)CCNC(=O)C(C(C)(C)COP(=O)(O)OP(=O)(O)OCC1C(C(C(O1)N2C=NC3=C(N=CN=C32)N)O)OP(=O)(O)O)O,1.3547148546267576,-0.8467553853988647,-2.57833194732666,1.303873062133789
1277,Q9VMG0_wild,CCCCCCCCC=CCCCCCCCC(=O)SCCNC(=O)CCNC(=O)C(C(C)(C)COP(=O)(O)OP(=O)(O)OCC1C(C(C(O1)N2C=NC3=C(N=CN=C32)N)O)OP(=O)(O)O)O,1.3187587626244128,-0.8850632309913635,-2.5223238468170166,1.2831650972366333
1278,Q9VMG0_wild,CCCCCCCCCCCCCCCCCC(=O)SCCNC(=O)CCNC(=O)C(C(C)(C)COP(=O)(O)OP(=O)(O)OCC1C(C(C(O1)N2C=NC3=C(N=CN=C32)N)O)OP(=O)(O)O)O,0.9927007612585005,-0.9767113924026489,-2.458852529525757,1.203964114189148
1279,Q9VMG0_wild,CCCCCCCCCCCCCCCC(=O)SCCNC(=O)CCNC(=O)C(C(C)(C)COP(=O)(O)OP(=O)(O)OCC1C(C(C(O1)N2C=NC3=C(N=CN=C32)N)O)OP(=O)(O)O)O,1.208484788058375,-0.9289660453796387,-2.4524502754211426,1.2002999782562256
1280,Q9VMG0_wild,CC(=O)SCCNC(=O)CCNC(=O)C(C(C)(C)COP(=O)(O)OP(=O)(O)OCC1C(C(C(O1)N2C=NC3=C(N=CN=C32)N)O)OP(=O)(O)O)O,2.32861351729607,-0.552101731300354,-1.9817471504211426,1.0333296060562134
1281,A0A0J9X283_A181L,C1C=CN(C=C1C(=O)N)C2C(C(C(O2)COP(=O)(O)OP(=O)(O)OCC3C(C(C(O3)N4C=NC5=C(N=CN=C54)N)OP(=O)(O)O)O)O)O,3.4589689923752065,1.1065655946731567,-1.7458736896514893,2.053295135498047
1282,A0A0J9X283_wild,C1C=CN(C=C1C(=O)N)C2C(C(C(O2)COP(=O)(O)OP(=O)(O)OCC3C(C(C(O3)N4C=NC5=C(N=CN=C54)N)OP(=O)(O)O)O)O)O,3.3679767852945943,1.1371980905532837,-1.7239367961883545,2.069615364074707
1283,A0A0J9X283_wild,CC(C)(C=O)C(C(=O)O)O,3.237836855000487,0.8760474920272827,-0.5569431781768799,0.23840317130088806
1284,A0A0J9X283_A181L,CC(C)(C=O)C(C(=O)O)O,0.3515863691064251,0.8364542126655579,-0.5848531126976013,0.2413196563720703
1285,O51933_wild,C1=NC(=C2C(=N1)N(C=N2)C3C(C(C(O3)CSCCC(C(=O)O)N)O)O)N,1.1249387366083,0.36514216661453247,-1.3376131057739258,2.26149320602417
1286,A9XWD7_wild,CC12CCC(=O)C=C1CCC3C2CCC4(C3CCC4=O)C,1.9400810898741847,1.3746373653411865,-0.8751914501190186,2.9053754806518555
1287,D0EFL2_wild,C1C=CN(C=C1C(=O)N)C2C(C(C(O2)COP(=O)(O)OP(=O)(O)OCC3C(C(C(O3)N4C=NC5=C(N=CN=C54)N)O)O)O)O,1.7659891824128207,1.462996244430542,-0.8158886432647705,2.0185279846191406
1288,A0A1W6VPA7_wild,CCCCCCCC(=O)OC1=CC=C(C=C1)[N+](=O)[O-],2.3944516808262164,0.717900812625885,-0.8884713649749756,1.211307168006897
1289,A0A1W6VPA7_wild,CC(=O)OC1=CC=C(C=C1)[N+](=O)[O-],0.8457371784400363,0.7397266030311584,-0.27468249201774597,0.9785803556442261
1290,A0A1W6VPA7_wild,CCCC(=O)OC1=CC=C(C=C1)[N+](=O)[O-],0.6752626545184178,0.8409125804901123,-0.4382283091545105,1.0349030494689941
1291,P16435_wild,C1C=CN(C=C1C(=O)N)C2C(C(C(O2)COP(=O)(O)OP(=O)(O)OCC3C(C(C(O3)N4C=NC5=C(N=CN=C54)N)OP(=O)(O)O)O)O)O,5.018483405694013,1.6860120296478271,-2.205033779144287,2.6281704902648926
1292,Q6PFW1_wild,C1(C(C(C(C(C1OP(=O)(O)O)OP(=O)(O)O)OP(=O)(O)OP(=O)(O)O)OP(=O)(O)O)OP(=O)(O)O)OP(=O)(O)O,4.6020599913279625,-0.4237246513366699,-1.880612850189209,1.0083118677139282
1293,O43314_wild,C1(C(C(C(C(C1OP(=O)(O)O)OP(=O)(O)O)OP(=O)(O)OP(=O)(O)O)OP(=O)(O)O)OP(=O)(O)O)OP(=O)(O)O,5.538390911458585,-0.8238485455513,-2.3463454246520996,1.638584852218628
1294,O43314_wild,C1(C(C(C(C(C1OP(=O)([O-])[O-])OP(=O)([O-])[O-])OP(=O)([O-])OP(=O)([O-])[O-])OP(=O)([O-])[O-])OP(=O)([O-])[O-])OP(=O)([O-])[O-],3.335792101923193,-0.49872875213623047,-1.8352303504943848,1.4750332832336426
1295,A3MWU9_wild,C(C(=O)C(=O)O)C(=O)O,2.5247628891548892,1.9195712804794312,-0.9313943982124329,2.308258533477783
1296,P15559_wild,CC1=CC(=O)C2=CC=CC=C2C1=O,5.831087325571442,2.025665283203125,-2.168936252593994,1.9408881664276123
1297,P15559_R139W,C1C=CN(C=C1C(=O)N)C2C(C(C(O2)COP(=O)(O)OP(=O)(O)OCC3C(C(C(O3)N4C=NC5=C(N=CN=C54)N)O)O)O)O,2.6788290931787038,1.6716139316558838,-1.2170275449752808,1.5594072341918945
1298,P15559_wild,C1C=CN(C=C1C(=O)N)C2C(C(C(O2)COP(=O)(O)OP(=O)(O)OCC3C(C(C(O3)N4C=NC5=C(N=CN=C54)N)O)O)O)O,4.356299084306195,1.6628936529159546,-1.208587884902954,1.5384613275527954
1299,P15559_R139W,CC1=CC(=O)C2=CC=CC=C2C1=O,5.2127402378640255,2.055234432220459,-2.1761887073516846,1.9669618606567383
1300,Q93WU2_wild,COC1=C(C=CC(=C1)CC=C)O,0.014240439114610193,-2.246591091156006,-1.9381420612335205,0.25022614002227783
1301,Q93WU2_wild,C[S+](CCC(C(=O)[O-])N)CC1C(C(C(O1)N2C=NC3=C(N=CN=C32)N)O)O,-0.2076083105017461,-1.3833709955215454,-1.2497462034225464,0.46165648102760315
1302,Q93WU2_wild,CC=CC1=CC(=C(C=C1)O)OC,-0.8860566476931633,-2.8813211917877197,-1.7931466102600098,-0.2069067358970642
1303,Q93WU2_wild,C=CCC1=CC=C(C=C1)O,-0.9055787873956384,-2.727295160293579,-1.7905282974243164,0.19968900084495544
1304,Q57VC7_wild,C1C(C(OC1N2C=NC3=C2N=CNC3=O)CO)O,1.0525290512761847,1.2289963960647583,0.34497684240341187,0.22549498081207275
1305,Q57VC7_V11S,C1C(C(OC1N2C=NC3=C2N=CNC3=O)CO)O,0.7770854965189837,1.2501784563064575,0.354178786277771,0.251283198595047
1306,Q57VC7_wild,C1=NC2=NC=NC(=C2N1)N,0.7533276666586115,0.6398316621780396,-0.5201153755187988,0.2687512934207916
1307,Q57VC7_V11A,C1C(C(OC1N2C=NC3=C2N=CNC3=O)CO)O,0.8901250098275845,1.2364351749420166,0.3404337167739868,0.25290268659591675
1308,Q88DT2_wild,CC(C(=O)O)O,3.323306390375133,1.2042590379714966,-0.5826997756958008,0.4454929828643799
1309,Q88DT2_wild,CCC(C(=O)[O-])O,2.8195439355418688,1.2111684083938599,-0.46514466404914856,1.0623875856399536
1310,Q88DT2_wild,CC1=C(SC(=N1)[N+]2=NC(=NN2C3=CC=CC=C3)C4=CC=CC=C4)C.[Br-],3.425968732272281,1.5149147510528564,-1.293534755706787,1.6746731996536255
1311,Q88DT2_wild,C(C(C(=O)[O-])O)O,0.7632109005907072,0.8919551372528076,-0.6379328966140747,0.9635539650917053
1312,Q88DT2_wild,CC1=C(C(=O)C(=C(C1=O)OC)OC)CC=C(C)CCC=C(C)CCC=C(C)CCC=C(C)CCC=C(C)CCC=C(C)CCC=C(C)CCC=C(C)CCC=C(C)CCC=C(C)C,2.7674273849918705,0.9837509393692017,-1.766751766204834,1.9657692909240723
1313,Q88DT2_wild,CC(C(=O)[O-])O,0.9606902659900676,1.2244603633880615,-0.39452487230300903,0.782202959060669
1314,Q88JH0_F412V/W561A,C1=C(OC(=C1)C=O)C=O,0.2510560207021426,1.5889661312103271,-0.7958974838256836,2.233060598373413
1315,Q88JH0_wild,CCO,2.494850021680094,1.9427661895751953,-1.3019273281097412,1.8828866481781006
1316,Q88JH0_F412V/W561A,CCO,-0.21670910996394532,1.9537266492843628,-1.282577395439148,1.9109411239624023
1317,Q88JH0_F412V/W561A,C1=C(OC(=C1)C=O)CO,-0.41628146486914946,1.7580279111862183,-0.6828098297119141,1.64445960521698
1318,Q93R93_wild,CC(=O)NC(CCCN)C(=O)O,0.09691001300805642,0.260726660490036,-0.008911969140172005,1.53932523727417
1319,Q93R93_wild,CC(=O)NC(CCCCN)C(=O)O,-1.0969100130080565,0.020082034170627594,0.005088513717055321,1.570644497871399
1320,Q93YN9_N239A,C1(C(C(C(C(C1OP(=O)(O)O)OP(=O)(O)O)OP(=O)(O)O)OP(=O)(O)O)OP(=O)(O)O)O,0.5026008725300203,-0.20602834224700928,-1.499804973602295,1.5258444547653198
1321,Q93YN9_R45A,C1(C(C(C(C(C1OP(=O)(O)O)OP(=O)(O)O)OP(=O)(O)O)OP(=O)(O)O)OP(=O)(O)O)O,0.9173176435284628,-0.16130104660987854,-1.4835624694824219,1.5614187717437744
1322,Q93YN9_wild,C1(C(C(C(C(C1OP(=O)(O)O)OP(=O)(O)O)O)OP(=O)(O)O)OP(=O)(O)O)O,0.836118820022383,-0.25193819403648376,-1.4083380699157715,1.4672266244888306
1323,Q93YN9_wild,C1(C(C(C(C(C1OP(=O)(O)O)OP(=O)(O)O)OP(=O)(O)O)OP(=O)(O)O)O)O,0.29328221766324125,-0.20991003513336182,-1.4035528898239136,1.5646562576293945
1324,Q93YN9_R192A,C1(C(C(C(C(C1OP(=O)(O)O)OP(=O)(O)O)OP(=O)(O)O)OP(=O)(O)O)OP(=O)(O)O)O,0.7912453409614794,-0.19581294059753418,-1.473120927810669,1.5221973657608032
1325,Q93YN9_H196A,C1(C(C(C(C(C1OP(=O)(O)O)OP(=O)(O)O)OP(=O)(O)O)OP(=O)(O)O)OP(=O)(O)O)O,1.1168227309808143,-0.18810513615608215,-1.4863321781158447,1.5375537872314453
1326,Q93YN9_K200A,C1(C(C(C(C(C1OP(=O)(O)O)OP(=O)(O)O)OP(=O)(O)O)OP(=O)(O)O)OP(=O)(O)O)O,0.8458302641272093,-0.17727062106132507,-1.4864237308502197,1.5423977375030518
1327,Q93YN9_N238A,C1(C(C(C(C(C1OP(=O)(O)O)OP(=O)(O)O)OP(=O)(O)O)OP(=O)(O)O)OP(=O)(O)O)O,0.8630475411506744,-0.191826730966568,-1.4971868991851807,1.5339863300323486
1328,Q93YN9_R415A,C1(C(C(C(C(C1OP(=O)(O)O)OP(=O)(O)O)OP(=O)(O)O)OP(=O)(O)O)OP(=O)(O)O)O,1.0152808489138678,-0.1755339503288269,-1.4850587844848633,1.547694444656372
1329,Q93YN9_Y419A,C1(C(C(C(C(C1OP(=O)(O)O)OP(=O)(O)O)OP(=O)(O)O)OP(=O)(O)O)OP(=O)(O)O)O,0.9556590903265249,-0.18646517395973206,-1.493800163269043,1.549877405166626
1330,J7EIR8_wild,C(C(C1C(=C(C(=O)O1)O)O)O)O,2.252246050473118,1.4964789152145386,-0.542443573474884,1.48970365524292
1331,Q5S1V5_wild,C(C(C1C(=C(C(=O)O1)O)O)O)O,0.5162733786818107,1.0557533502578735,-0.5685123801231384,1.498624563217163
1332,A7KIX5_wild,C(C(C1C(=C(C(=O)O1)O)O)O)O,2.7815048923912316,1.6152981519699097,-0.48045045137405396,1.4310810565948486
1333,J7EIR8_wild,OO,2.8854640237914673,1.5881024599075317,-0.6066260933876038,2.3476967811584473
1334,U5RZT9_wild,C(C(C1C(=C(C(=O)O1)O)O)O)O,1.9965116721541787,1.511033535003662,-0.376567542552948,1.3744171857833862
1335,U5RZT9_wild,OO,0.937462329274442,1.6508067846298218,-0.44716015458106995,2.1515653133392334
1336,A6T9B7_wild,C1C=CN(C=C1C(=O)N)C2C(C(C(O2)COP(=O)(O)OP(=O)(O)OCC3C(C(C(O3)N4C=NC5=C(N=CN=C54)N)OP(=O)(O)O)O)O)O,2.0307450318368243,0.1706099510192871,-1.8260202407836914,1.8928853273391724
1337,A6T9B7_wild,C1C=CN(C=C1C(=O)N)C2C(C(C(O2)COP(=O)(O)OP(=O)(O)OCC3C(C(C(O3)N4C=NC5=C(N=CN=C54)N)O)O)O)O,1.3744172038686384,0.08439277857542038,-1.3952003717422485,1.6347123384475708
1338,P54550_wild,C1C=CN(C=C1C(=O)N)C2C(C(C(O2)COP(=O)(O)OP(=O)(O)OCC3C(C(C(O3)N4C=NC5=C(N=CN=C54)N)OP(=O)(O)O)O)O)O,-0.36575532530063637,-0.4431823492050171,-1.5462160110473633,1.8102513551712036
1339,P54550_wild,C1C=CN(C=C1C(=O)N)C2C(C(C(O2)COP(=O)(O)OP(=O)(O)OCC3C(C(C(O3)N4C=NC5=C(N=CN=C54)N)O)O)O)O,-0.5839466704300156,-0.5017145872116089,-1.2285523414611816,1.588270664215088
1340,Q5FSN8_wild,C1CN1C2=C(C=C(C(=C2)C(=O)N)[N+](=O)[O-])[N+](=O)[O-],1.2929121054418018,-0.2973079979419708,-1.2108807563781738,1.1980618238449097
1341,Q5FSN8_wild,C1=CC(=CC(=C1)[N+](=O)[O-])[N+](=O)[O-],0.27300127206373764,-0.3965410590171814,-1.3608341217041016,0.9545036554336548
1342,Q5FSN8_wild,C1C=CN(C=C1C(=O)N)C2C(C(C(O2)COP(=O)(O)OP(=O)(O)OCC3C(C(C(O3)N4C=NC5=C(N=CN=C54)N)OP(=O)(O)O)O)O)O,0.8364978682523393,0.12022506445646286,-1.7492644786834717,1.5961487293243408
1343,Q5FSN8_wild,CC1=CC=C(C=C1)[N+](=O)[O-],-0.33630575601237034,-0.4919334053993225,-1.1854326725006104,0.9776066541671753
1344,Q5FSN8_wild,C1=CC(=CC=C1[N+](=O)[O-])Cl,-0.41077723337720984,-0.8891252279281616,-1.0553460121154785,0.5505761504173279
1345,Q5FSN8_wild,CC1=CC(=CC=C1)[N+](=O)[O-],-0.16633142176652504,-0.6520037651062012,-1.0474331378936768,0.7266981601715088
1346,Q5FSN8_wild,C1=CC=C(C=C1)[N+](=O)[O-],-0.4811239971733364,-0.5666158199310303,-1.099672794342041,0.7565916180610657
1347,Q5FSN8_wild,C1=CC=C(C(=C1)[N+](=O)[O-])Cl,-0.49415459401844275,-0.8451265096664429,-1.4519473314285278,0.7361491322517395
1348,Q72IR2_wild,C1=NC2=C(N1C3C(C(C(O3)CO)O)O)N=C(NC2=O)N,2.7470158414581496,1.7147186994552612,-0.557084321975708,2.001791477203369
1349,Q72IR2_wild,C1C(C(OC1N2C=NC3=C2N=C(NC3=O)N)CO)O,2.9147567185934316,1.8709107637405396,-0.33707886934280396,1.7544050216674805
1350,Q72IR2_wild,C1C(C(OC1N2C=NC3=C2N=CNC3=O)CO)O,2.483400320461563,2.1444642543792725,-0.04747167229652405,1.5464707612991333
1351,Q72IR2_wild,C1=NC2=C(C(=O)N1)N=CN2C3C(C(C(O3)CO)O)O,1.919982768166034,1.8844587802886963,-0.3728783130645752,2.050449848175049
1352,C0ZPW5_wild,CC(C)CCCC(C)C1CCC2C1(CCC3C2CC=C4C3(CCC(C4)O)C)C,2.4784004735588354,0.678255558013916,-1.4897527694702148,1.872680425643921
1353,C0ZNA9_wild,CC(C)CCCC(C)C1CCC2C1(CCC3C2CC=C4C3(CCC(C4)O)C)C,1.4409375613256563,0.3480910658836365,-1.3519326448440552,1.5946669578552246
1354,Q8NRQ7_D141A,CC1=C(N2C(=C(C(=O)N2C1=O)C)CSCC(C(=O)NC3C(C(C(OC3OC4C(C(C(C(C4O)O)O)O)O)CO)O)O)NC(=O)C)C,-3.4771212547196626,-1.282539963722229,1.5324673652648926,0.41744464635849
1355,Q8NRQ7_wild,CC1=C(N2C(=C(C(=O)N2C1=O)C)CSCC(C(=O)NC3C(C(C(OC3OC4C(C(C(C(C4O)O)O)O)O)CO)O)O)NC(=O)C)C,-3.1945378585729785,-1.2108639478683472,1.5592670440673828,0.5092172622680664
1356,Q8NRQ7_H10A,CC1=C(N2C(=C(C(=O)N2C1=O)C)CSCC(C(=O)NC3C(C(C(OC3OC4C(C(C(C(C4O)O)O)O)O)CO)O)O)NC(=O)C)C,-3.2025203694961317,-1.3048241138458252,1.5627655982971191,0.4753558933734894
1357,Q8NRQ7_H12A,CC1=C(N2C(=C(C(=O)N2C1=O)C)CSCC(C(=O)NC3C(C(C(OC3OC4C(C(C(C(C4O)O)O)O)O)CO)O)O)NC(=O)C)C,-3.2281202590596907,-1.5973098278045654,1.6229500770568848,0.15371163189411163
1358,Q8NRQ7_D14A,CC1=C(N2C(=C(C(=O)N2C1=O)C)CSCC(C(=O)NC3C(C(C(OC3OC4C(C(C(C(C4O)O)O)O)O)CO)O)O)NC(=O)C)C,-3.565257343420214,-1.5924218893051147,1.603738784790039,0.15128450095653534
1359,Q8NRQ7_D15A,CC1=C(N2C(=C(C(=O)N2C1=O)C)CSCC(C(=O)NC3C(C(C(OC3OC4C(C(C(C(C4O)O)O)O)O)CO)O)O)NC(=O)C)C,-3.217821260333313,-1.596518635749817,1.6137865781784058,0.1553124636411667
1360,Q8NRQ7_E16A,CC1=C(N2C(=C(C(=O)N2C1=O)C)CSCC(C(=O)NC3C(C(C(OC3OC4C(C(C(C(C4O)O)O)O)O)CO)O)O)NC(=O)C)C,-3.192559373514369,-1.2936331033706665,1.5695583820343018,0.41510581970214844
1361,Q8NRQ7_E43A,CC1=C(N2C(=C(C(=O)N2C1=O)C)CSCC(C(=O)NC3C(C(C(OC3OC4C(C(C(C(C4O)O)O)O)O)CO)O)O)NC(=O)C)C,-3.2067793652439174,-1.158217191696167,1.5228191614151,0.528226375579834
1362,Q8NRQ7_D132A,CC1=C(N2C(=C(C(=O)N2C1=O)C)CSCC(C(=O)NC3C(C(C(OC3OC4C(C(C(C(C4O)O)O)O)O)CO)O)O)NC(=O)C)C,-3.1867390687232238,-1.1877987384796143,1.5176427364349365,0.4960618019104004
1363,Q8NRQ7_Y137A,CC1=C(N2C(=C(C(=O)N2C1=O)C)CSCC(C(=O)NC3C(C(C(OC3OC4C(C(C(C(C4O)O)O)O)O)CO)O)O)NC(=O)C)C,-5.035349676522988,-1.3043404817581177,1.603185772895813,0.49613848328590393
1364,Q8NRQ7_H139A,CC1=C(N2C(=C(C(=O)N2C1=O)C)CSCC(C(=O)NC3C(C(C(OC3OC4C(C(C(C(C4O)O)O)O)O)CO)O)O)NC(=O)C)C,-4.990486850863971,-1.384469985961914,1.5888315439224243,0.3008577227592468
1365,Q8NRQ7_H142A,CC1=C(N2C(=C(C(=O)N2C1=O)C)CSCC(C(=O)NC3C(C(C(OC3OC4C(C(C(C(C4O)O)O)O)O)CO)O)O)NC(=O)C)C,-3.245588007302916,-1.6537693738937378,1.680565357208252,0.07103893160820007
1366,E6UBR9_wild,C(C1C(C(C(C(O1)OC2C(OC(C(C2O)O)OC3C(OC(C(C3O)O)O)CO)CO)O)O)O)O,0.4152244578256909,1.1295579671859741,0.16356195509433746,0.35000577569007874
1367,J9XGZ5_wild,C(CC(=O)O)CN,1.00436480540245,0.05871684104204178,0.15265749394893646,0.047747671604156494
1368,J9XGZ5_wild,C(=O)C(=O)[O-],1.65174777551707,0.7046573162078857,-0.726146399974823,1.1784580945968628
1369,J9XGZ5_wild,CC(=O)C(=O)[O-],1.6289321377282637,0.3192800283432007,-0.6025878190994263,0.7568885087966919
1370,Q94CE5_wild,C(CC(=O)O)CN,1.493826948222515,-0.18906620144844055,0.15533970296382904,-0.15859544277191162
1371,Q94CE5_wild,C(=O)C(=O)[O-],2.041392685158225,0.4205332398414612,-0.7602524161338806,0.8692294955253601
1372,Q94CE5_wild,CC(C(=O)O)N,0.8073094791248571,0.7886379361152649,0.38047993183135986,0.3459112048149109
1373,Q94CE5_wild,C(CC(=O)[O-])C=O,2.8872957198087117,0.2790897786617279,-1.1102772951126099,0.7239733338356018
1374,Q94CE5_wild,CC(=O)C(=O)[O-],1.8791778295865322,0.07970582693815231,-0.6449142694473267,0.4908311069011688
1375,Q6VCW0_wild,CC1(C(N2C(S1)C(C2=O)NC(=O)C(C3=CC=CC=C3)N)C(=O)O)C,1.2041199826559248,0.4541782736778259,-0.5540700554847717,1.50064218044281
1376,P52700_wild,C1C(=C(N2C(S1)C(C2=O)NC(=O)CC3=CC=CS3)C(=O)O)C=CC4=C(C=C(C=C4)[N+](=O)[O-])[N+](=O)[O-],4.19728055812562,1.3660486936569214,-1.6821510791778564,2.8552744388580322
1377,P52700_wild,CC(C1C2CC(=C(N2C1=O)C(=O)O)SCCN=CN)O,3.8123268683945035,1.8704217672348022,-1.3160699605941772,2.6526262760162354
1378,P52700_wild,COC1(C2N(C1=O)C(=C(CS2)COC(=O)N)C(=O)O)NC(=O)CC3=CC=CS3,3.3010299956639813,0.5991669297218323,-1.8787641525268555,2.4848077297210693
1379,P52700_wild,C1C(=C(N2C(S1)C(C2=O)NC(=O)C(C3=CC=CC=C3)N)C(=O)O)Cl,3.509305938091064,1.4754637479782104,-1.1241705417633057,2.4081428050994873
1380,P52700_wild,CC1C2C(C(=O)N2C(=C1SC3CC(NC3)C(=O)N(C)C)C(=O)O)C(C)O,4.195899652409234,1.6023765802383423,-1.492530345916748,2.7587897777557373
1381,P52700_wild,CC1C2C(C(=O)N2C(=C1SC3CN4C=NC=[N+]4C3)C(=O)[O-])C(C)O,3.621954820044902,1.3709220886230469,-1.3406226634979248,2.3134512901306152
1382,P52700_wild,CC1(C(N2C(S1)C(C2=O)NC(=O)CC3=CC=CC=C3)C(=O)O)C,4.706795341847975,2.120650053024292,-1.013569712638855,2.457221746444702
1383,P52700_wild,CC1(C(N2C(S1)C(C2=O)NC(=O)C(C3=CC=CC=C3)N)C(=O)O)C,4.023065304068694,2.1857967376708984,-0.9498636722564697,2.5979368686676025
1384,P52700_wild,CC(=O)OCC1=C(N2C(C(C2=O)NC(=O)CC3=CC=CS3)SC1)C(=O)O,3.964423845738804,1.382294774055481,-1.5520050525665283,2.757188320159912
1385,Q6D395_wild,CON=C(C1=CC=CO1)C(=O)NC2C3N(C2=O)C(=C(CS3)COC(=O)N)C(=O)O,3.5606673061697376,1.420112133026123,-0.8622457385063171,2.603233814239502
1386,Q6D395_wild,CC1(C(N2C(S1)C(C2=O)NC(=O)CC3=CC=CC=C3)C(=O)O)C,1.0,1.5651917457580566,-0.1860072761774063,2.407214641571045
1387,Q6D395_wild,CC(=O)OCC1=C(N2C(C(C2=O)NC(=O)CC3=CC=CS3)SC1)C(=O)O,3.0791812460476247,1.427034854888916,-0.8290375471115112,2.757746458053589
1388,Q6D395_wild,CC(C1C2N(C1=O)C(=C(S2)C3CCCO3)C(=O)O)O,1.619788758288394,0.9516663551330566,-0.5190919637680054,2.163766622543335
1389,Q6D395_wild,CN1C(=NC(=O)C(=O)N1)SCC2=C(N3C(C(C3=O)NC(=O)C(=NOC)C4=CSC(=N4)N)SC2)C(=O)O,2.0,1.1965802907943726,-0.8828542828559875,2.428838014602661
1390,Q6D395_wild,CC1(C(N2C(S1)C(C2=O)NC(=O)C(C3=CSC=C3)C(=O)O)C(=O)O)C,1.1480625354554377,1.30298912525177,-0.3527590036392212,2.474949598312378
1391,Q6D395_wild,CC1C2C(C(=O)N2C(=C1SC3CC(NC3)C(=O)N(C)C)C(=O)O)C(C)O,0.0043648054024501125,1.0034215450286865,-0.8061954975128174,2.4971494674682617
1392,Q6D395_wild,COC1(C2N(C1=O)C(=C(CS2)COC(=O)N)C(=O)O)NC(=O)CC3=CC=CS3,0.6491983876050231,0.648296594619751,-0.9343941807746887,2.3342747688293457
1393,Q6D395_wild,CC(C)(C(=O)O)ON=C(C1=CSC(=N1)N)C(=O)NC2C3N(C2=O)C(=C(CS3)C[N+]4=CC=CC=C4)C(=O)[O-],2.4551571213997634,0.9220613837242126,-0.5926811695098877,2.147993803024292
1394,Q6XEC0_wild,CC1(C(N2C(S1)C(C2=O)(NC(=O)C(C3=CSC=C3)C(=O)O)OC)C(=O)O)C,0.8239087409443188,0.3081524074077606,-0.76973956823349,1.3469178676605225
1395,Q6XEC0_wild,CC1=C(C(=NO1)C2=CC=CC=C2)C(=O)NC3C4N(C3=O)C(C(S4)(C)C)C(=O)O,3.136219747017989,0.5090996026992798,-0.6553856134414673,1.2893052101135254
1396,Q6XEC0_wild,CC1C2C(C(=O)N2C(=C1SC3CC(NC3)C(=O)NC4=CC=CC(=C4)C(=O)O)C(=O)O)C(C)O,0.11394335230683679,-0.8492763042449951,-0.9663089513778687,0.9397329092025757
1397,Q6XEC0_wild,CC(C1C2N(C1=O)C(=C(S2)C3CCCO3)C(=O)O)O,0.4658402443099734,-0.4640634059906006,-0.8356043100357056,0.9046832323074341
1398,Q6XEC0_wild,C1C(=C(N2C(S1)C(C2=O)NC(=O)CC3=CC=CS3)C(=O)O)C=CC4=C(C=C(C=C4)[N+](=O)[O-])[N+](=O)[O-],3.8939466075520737,1.713997483253479,-0.7892531156539917,1.9354586601257324
1399,Q6XEC0_wild,CC(C1C2CC(=C(N2C1=O)C(=O)O)SC3CCN(C3)C(=N)C)O,2.0,-0.44100916385650635,-1.1167263984680176,0.6590867042541504
1400,Q6XEC0_wild,CC1C2C(C(=O)N2C(=C1SC3CC(NC3)C(=O)N(C)C)C(=O)O)C(C)O,0.8037053548560318,-1.0534518957138062,-1.2697007656097412,1.0970675945281982
1401,Q6XEC0_wild,CC(=O)OCC1=C(N2C(C(C2=O)NC(=O)CC3=CC=CS3)SC1)C(=O)O,2.3534180651236696,0.7171071767807007,-0.5588667392730713,1.5045195817947388
1402,Q6XEC0_wild,CC1(C(N2C(S1)C(C2=O)NC(=O)C(C3=CC=CC=C3)N)C(=O)O)C,3.3834062759572863,0.8064155578613281,-0.6583130359649658,1.3344299793243408
1403,E6Y3G9_wild,CC(=O)OCC1=C(N2C(C(C2=O)NC(=O)CC3=CC=CS3)SC1)C(=O)O,3.933053210369387,1.2367233037948608,-1.3023440837860107,2.554506540298462
1404,E6Y3G9_wild,CC1C2C(C(=O)N2C(=C1SC3CC(NC3)C(=O)NC4=CC=CC(=C4)C(=O)O)C(=O)O)C(C)O,4.236789099409293,1.1546002626419067,-1.4234689474105835,2.203939437866211
1405,E6Y3G9_wild,CC1(C(N2C(S1)C(C2=O)NC(=O)C(C3=CSC=C3)C(=O)O)C(=O)O)C,2.57978359661681,1.823013186454773,-0.8719506859779358,2.35636043548584
1406,E6Y3G9_wild,CC1C2C(C(=O)N2C(=C1SC3CC(NC3)CNS(=O)(=O)N)C(=O)O)C(C)O,3.8624721360836793,1.5895460844039917,-1.4748018980026245,2.4592504501342773
1407,E6Y3G9_wild,CC(C1C2CC(=C(N2C1=O)C(=O)O)SC3CCN(C3)C(=N)C)O,3.6903698325741012,1.906219244003296,-1.2211263179779053,2.355318069458008
1408,E6Y3G9_wild,CC(C1C2CC(=C(N2C1=O)C(=O)O)SCCN=CN)O,3.778151250383644,2.0908045768737793,-1.1116074323654175,2.4133665561676025
1409,Q6XEC0_wild,CC(C1C2CC(=C(N2C1=O)C(=O)O)SCCN=CN)O,2.5672978850687507,-0.46151095628738403,-0.9456542730331421,0.6543154716491699
1410,Q6VCW0_wild,CC1C2C(C(=O)N2C(=C1SC3CC(NC3)C(=O)N(C)C)C(=O)O)C(C)O,-1.0,-1.3511766195297241,-1.08864426612854,1.0374032258987427
1411,Q6VCW0_wild,CC1(C(N2C(S1)C(C2=O)NC(=O)C(C3=CSC=C3)C(=O)O)C(=O)O)C,1.6989700043360187,-0.12051863223314285,-0.7319166660308838,1.4358001947402954
1412,Q6VCW0_wild,CC(=O)OCC1=C(N2C(C(C2=O)NC(=O)CC3=CC=CS3)SC1)C(=O)O,0.9330532103693868,0.22639411687850952,-0.4496866762638092,1.6563193798065186
1413,Q6VCW0_wild,CCN1CCN(C(=O)C1=O)C(=O)NC(C2=CC=CC=C2)C(=O)NC3C4N(C3=O)C(C(S4)(C)C)C(=O)O,1.4357285695614375,0.15198443830013275,-0.7706676721572876,1.421560525894165
1414,Q6VCW0_wild,CC1=C(C(=NO1)C2=CC=CC=C2Cl)C(=O)NC3C4N(C3=O)C(C(S4)(C)C)C(=O)O,0.4202164033831899,-0.17024067044258118,-0.5399926900863647,1.3183071613311768
1415,Q6VCW0_wild,CON=C(C1=CSC(=N1)N)C(=O)NC2C3N(C2=O)C(=C(CS3)C[N+]4=CC=CC5=C4CCC5)C(=O)[O-],-0.8260748027008264,-0.020842023193836212,-0.7447643280029297,1.6797614097595215
1416,Q6VCW0_wild,CC1=C(C(=NO1)C2=CC=CC=C2)C(=O)NC3C4N(C3=O)C(C(S4)(C)C)C(=O)O,1.1079053973095196,0.08328404277563095,-0.5264320373535156,1.4053370952606201
1417,Q6VCW0_wild,CC(C)(C(=O)O)ON=C(C1=CSC(=N1)N)C(=O)NC2C3N(C2=O)C(=C(CS3)C[N+]4=CC=CC=C4)C(=O)[O-],-0.37106786227173627,-0.3137705326080322,-0.2685438394546509,1.0538551807403564
1418,Q6VCW0_wild,C1C(=C(N2C(S1)C(C2=O)NC(=O)CC3=CC=CS3)C(=O)[O-])C[N+]4=CC=CC=C4,1.1249387366083,0.8425512313842773,-0.22791661322116852,1.7919950485229492
1419,Q6VCW0_wild,CC(C1C2CC(=C(N2C1=O)C(=O)O)SCCN=CN)O,0.6989700043360189,-0.8526803255081177,-0.8255410194396973,0.7233233451843262
1420,Q6PL88_wild,CC(C1C2CC(=C(N2C1=O)C(=O)O)SCCN=CN)O,0.6989700043360189,-0.5457382202148438,-1.0185819864273071,1.0685241222381592
1421,Q6PL88_wild,C1C(=C(N2C(S1)C(C2=O)NC(=O)CC3=CC=CS3)C(=O)O)C=CC4=C(C=C(C=C4)[N+](=O)[O-])[N+](=O)[O-],2.6989700043360187,1.4589811563491821,-0.98255455493927,2.159876823425293
1422,Q6PL88_wild,CC(=O)OCC1=C(N2C(C(C2=O)NC(=O)CC3=CC=CS3)SC1)C(=O)O,-0.6532125137753436,0.689844012260437,-0.799767017364502,1.990103006362915
1423,Q6PL88_wild,CC1(C(N2C(S1)C(C2=O)NC(=O)CC3=CC=CC=C3)C(=O)O)C,2.1383026981662816,0.7817832231521606,-0.9088162779808044,1.8166675567626953
1424,G1EFQ3_wild,CC(=O)SCCNC(=O)CCNC(=O)C(C(C)(C)COP(=O)(O)OP(=O)(O)OCC1C(C(C(O1)N2C=NC3=C(N=CN=C32)N)O)OP(=O)(O)O)O,4.703458876153226,1.4597886800765991,-0.916190505027771,0.8149118423461914
1425,G1EFQ3_wild,CCCO,0.8628268069746885,0.7937066555023193,0.15691882371902466,-0.4530624747276306
1426,G1EFQ3_wild,CCCCCCCCO,2.3200810536418395,1.3666325807571411,-0.18454554677009583,0.12393137812614441
1427,G1EFQ3_wild,C1=CC=C(C=C1)CO,0.7111516622018861,1.0581974983215332,-0.34071624279022217,0.0845973789691925
1428,G1EFQ3_wild,CCO,0.23657200643706275,0.6573193073272705,0.7103873491287231,-0.2564716637134552
1429,G1EFQ3_wild,CC(=CCCC(=CCO)C)C,1.5385589495654999,0.7695196270942688,-0.35532382130622864,0.2046329826116562
1430,G1EFQ3_wild,CO,0.6597167051883452,-0.7549083232879639,0.24550892412662506,-1.2107064723968506
1431,G1EFQ3_wild,CCCCCCO,2.4992556999339133,1.1186062097549438,-0.035567507147789,-0.2155284285545349
1432,G1EFQ3_wild,C1=CC=C(C=C1)C=CCO,2.862765677481766,1.432200312614441,-0.27418774366378784,0.31083938479423523
1433,G1EFQ3_wild,C1=CC=C(C=C1)CCO,1.0599979296752853,1.5664912462234497,-0.25785428285598755,0.41625088453292847
1434,G1EFQ3_wild,CCCCO,0.9632226025054625,1.0139033794403076,0.13073115050792694,-0.08224612474441528
1435,G1EFQ3_wild,CCCCCCCO,1.7974796305038683,1.4414743185043335,-0.05605839192867279,0.038844138383865356
1436,G1EFQ3_wild,CCCCCO,1.847666570804691,1.0554816722869873,0.4006503224372864,-0.2281562089920044
1437,G1EFQ3_wild,COC1=C(C=CC(=C1)CC=C)O,2.1616848320735045,0.7276380658149719,-1.0714099407196045,0.8015698790550232
1438,B2ZHM6_wild,C(CC(=O)NC(CS)C(=O)NCC(=O)O)C(C(=O)O)N,1.5949393790365207,1.9148776531219482,-0.15792913734912872,0.6345207095146179
1439,D2CGD4_wild,C(C(C1C(=O)C(=O)C(=O)O1)O)O,3.287330183215167,2.576493263244629,-0.6577857732772827,1.0129977464675903
1440,D2CGD4_wild,C(CC(=O)NC(CS)C(=O)NCC(=O)O)C(C(=O)O)N,1.626021023663415,2.5037496089935303,-0.04873177409172058,0.7080261707305908
1441,J9WN12_wild,C(C(C1C(=O)C(=O)C(=O)O1)O)O,4.886980899583325,2.826484441757202,-0.6298466920852661,1.0456750392913818
1442,J9WN12_S73A,C(C(C1C(=O)C(=O)C(=O)O1)O)O,3.7556571096253615,2.663224458694458,-0.5720075964927673,0.9183833599090576
1443,J9WN12_D72A,C(C(C1C(=O)C(=O)C(=O)O1)O)O,4.6447414975756045,2.803051471710205,-0.6279436349868774,0.9704794883728027
1444,J9WN12_K8A,C(C(C1C(=O)C(=O)C(=O)O1)O)O,2.7691031214062916,2.82878041267395,-0.6134070158004761,1.0490750074386597
1445,J9WN12_D72A,C(CC(=O)NC(CS)C(=O)NCC(=O)O)C(C(=O)O)N,3.970036776622557,2.719149589538574,0.03633188456296921,0.6741896271705627
1446,J9WN12_wild,C(CC(=O)NC(CS)C(=O)NCC(=O)O)C(C(=O)O)N,4.373492740050494,2.720804214477539,0.012131290510296822,0.7490873336791992
1447,J9WN12_K8A,C(CC(=O)NC(CS)C(=O)NCC(=O)O)C(C(=O)O)N,2.393589777154464,2.722830057144165,0.03859587758779526,0.7530453205108643
1448,J9WN12_S73A,C(CC(=O)NC(CS)C(=O)NCC(=O)O)C(C(=O)O)N,3.3131811821196786,2.589891195297241,0.0704834908246994,0.6003202199935913
1449,J9WNR5_wild,C(C(C1C(=O)C(=O)C(=O)O1)O)O,4.644069134335474,2.7181835174560547,-0.6434078812599182,0.9987978935241699
1450,J9WNR5_wild,C(CC(=O)NC(CS)C(=O)NCC(=O)O)C(C(=O)O)N,4.218495107608769,2.634676456451416,-0.012750821188092232,0.7292152643203735
1451,J9WQY6_wild,C(C(C1C(=O)C(=O)C(=O)O1)O)O,5.273166686075222,3.113823890686035,-0.510229766368866,1.5528589487075806
1452,B2ZHM6_wild,C(C(C1C(=O)C(=O)C(=O)O1)O)O,2.103376055257288,1.9461880922317505,-0.6886023283004761,0.8981151580810547
1453,C4LSN1_wild,C1=NC(=C2C(=N1)N(C=N2)C3C(C(C(O3)COP(=O)(O)OP(=O)(O)OP(=O)(O)O)O)O)N,0.18758554574618913,0.3704434931278229,-0.4609862267971039,0.9837541580200195
1454,C4LSN1_wild,C1C=CN(C=C1C(=O)N)C2C(C(C(O2)COP(=O)(O)OP(=O)(O)OCC3C(C(C(O3)N4C=NC5=C(N=CN=C54)N)O)O)O)O,1.5797835966168101,0.5668699741363525,-0.9103236794471741,1.5857741832733154
1455,C4LSN1_wild,C1=CC(=C[N+](=C1)C2C(C(C(O2)COP(=O)([O-])OP(=O)(O)OCC3C(C(C(O3)N4C=NC5=C(N=CN=C54)N)O)O)O)O)C(=O)N,0.07735647663237746,0.3457605242729187,-0.4608924388885498,0.9473450779914856
1456,P17109_R395K/R413K,C(CC(=O)O)C(=O)C(=O)O,-1.804164682748309,-1.202572226524353,-1.2840054035186768,0.46190300583839417
1457,P17109_R413K,C=C(C(=O)O)OC1C=CC=C(C1O)C(=O)O,2.0357155522665344,-1.151864767074585,-2.594271183013916,1.7620809078216553
1458,P17109_R395A,C(CC(=O)O)C(=O)C(=O)O,-0.20712549279565015,-1.1657655239105225,-1.2938023805618286,0.4902130365371704
1459,P17109_R395K,C(CC(=O)O)C(=O)C(=O)O,0.3292612347642353,-1.157914161682129,-1.3155267238616943,0.49915510416030884
1460,P17109_wild,C=C(C(=O)O)OC1C=CC=C(C1O)C(=O)O,3.6245399138793952,-1.1054037809371948,-2.616941452026367,1.8097341060638428
1461,P17109_R395A,C=C(C(=O)O)OC1C=CC=C(C1O)C(=O)O,0.6087933739869308,-1.129618763923645,-2.589028835296631,1.7745084762573242
1462,P17109_R395K,C=C(C(=O)O)OC1C=CC=C(C1O)C(=O)O,1.7879110876728,-1.116052508354187,-2.6055312156677246,1.7853941917419434
1463,P17109_wild,C(CC(=O)O)C(=O)C(=O)O,1.995483898835036,-1.1525477170944214,-1.3365116119384766,0.518242359161377
1464,P17109_R413K,C(CC(=O)O)C(=O)C(=O)O,-0.4272293847740252,-1.1954485177993774,-1.3069515228271484,0.4820463955402374
1465,P17109_R395K/R413K,C=C(C(=O)O)OC1C=CC=C(C1O)C(=O)O,0.48412615628832095,-1.162889838218689,-2.581008195877075,1.7359111309051514
1466,P81383_wild,CC(C)CC(C(=O)O)N,2.682145076373832,1.059875249862671,-0.07540490478277206,0.7463598251342773
1467,P81383_wild,CSCCC(C(=O)O)N,2.0175632899220783,1.2703911066055298,0.2189020812511444,0.698135495185852
1468,P81383_wild,C1=C(NC=N1)CC(C(=O)O)N,1.6724994247529579,0.895037829875946,0.10055659711360931,0.5778505802154541
1469,P81383_wild,CCC(C)C(C(=O)O)N,1.0163904161881694,0.6898213624954224,0.0028935950249433517,0.7370054721832275
1470,P81383_wild,C(CCN)CC(C(=O)O)N,2.8959507388515915,0.5201153755187988,0.2630162537097931,0.3809683322906494
1471,B5U982_wild,C(CCN)CC(C(=O)O)N,1.4679778752797927,0.3778432309627533,0.23907358944416046,0.6310285329818726
1472,D2KWB6_wild,C(CCN)CC(C(=O)O)N,-3.3505817257279937,0.009882189333438873,0.21434614062309265,0.21802231669425964
1473,C0HJE7_wild,C1=CC=C(C=C1)CC(C(=O)O)N,4.395825438779998,1.405470848083496,-0.48368215560913086,0.649683952331543
1474,C0HJE7_wild,CC(C)CC(C(=O)O)N,4.0121824544434235,1.2142237424850464,-0.19689668715000153,0.4895908832550049
1475,C0HJE7_wild,CSCCC(C(=O)O)N,3.875598202856682,1.4375249147415161,0.14710097014904022,0.4277675449848175
1476,C0HJE7_wild,CCC(C)C(C(=O)O)N,2.9430884671585633,0.9028666615486145,-0.055693164467811584,0.48927178978919983
1477,C0HJE7_wild,C1=CC=C2C(=C1)C(=CN2)CC(C(=O)O)N,3.88930170250631,0.6209750175476074,-0.6702380180358887,0.3309002220630646
1478,P14697_wild,CC(=O)CC(=O)SCCNC(=O)CCNC(=O)C(C(C)(C)COP(=O)(O)OP(=O)(O)OCC1C(C(C(O1)N2C=NC3=C(N=CN=C32)N)O)OP(=O)(O)O)O,4.2527253160894265,1.5216525793075562,-0.9358496069908142,1.0805243253707886
1479,P14697_wild,C1C=CN(C=C1C(=O)N)C2C(C(C(O2)COP(=O)(O)OP(=O)(O)OCC3C(C(C(O3)N4C=NC5=C(N=CN=C54)N)OP(=O)(O)O)O)O)O,2.8354139033496435,1.3484901189804077,-1.5541201829910278,1.591179609298706
1480,P14697_Q47L,C1C=CN(C=C1C(=O)N)C2C(C(C(O2)COP(=O)(O)OP(=O)(O)OCC3C(C(C(O3)N4C=NC5=C(N=CN=C54)N)OP(=O)(O)O)O)O)O,2.767222037872416,1.3290854692459106,-1.5778988599777222,1.6267824172973633
1481,P14697_Q47L,CC(=O)CC(=O)SCCNC(=O)CCNC(=O)C(C(C)(C)COP(=O)(O)OP(=O)(O)OCC1C(C(C(O1)N2C=NC3=C(N=CN=C32)N)O)OP(=O)(O)O)O,4.356110077585207,1.5005537271499634,-0.9579939246177673,1.0907981395721436
1482,Q39760_wild,CC(=CCCC(=CCCC(=CCOP(=O)(O)OP(=O)(O)O)C)C)C,1.2880650184996136,-1.457656741142273,-2.304349660873413,0.44430088996887207
1483,Q39761_D452A,CC(=CCCC(=CCCC(=CCOP(=O)([O-])OP(=O)([O-])[O-])C)C)C,0.6547663418439654,-1.4778289794921875,-2.0542654991149902,0.4580245614051819
1484,Q39761_wild,CC(=CCCC(=CCCC(=CCOP(=O)(O)OP(=O)(O)O)C)C)C,0.494850021680094,-1.5166587829589844,-2.2983012199401855,0.41135138273239136
1485,Q39761_wild,CC(=CCCC(=CCCC(=CCOP(=O)([O-])OP(=O)([O-])[O-])C)C)C,0.494850021680094,-1.271302342414856,-2.081688642501831,0.5618380308151245
1486,Q39761_D451A,CC(=CCCC(=CCCC(=CCOP(=O)([O-])OP(=O)([O-])[O-])C)C)C,1.2532572138679805,-1.3972883224487305,-2.0672731399536133,0.5154486894607544
1487,Q39761_W279A,CC(=CCCC(=CCCC(=CCOP(=O)(O)OP(=O)(O)O)C)C)C,0.14584973097028212,-1.4917138814926147,-2.2660012245178223,0.43015769124031067
1488,Q39761_D308A,CC(=CCCC(=CCCC(=CCOP(=O)([O-])OP(=O)([O-])[O-])C)C)C,-0.5542872095319618,-1.4669979810714722,-2.0421500205993652,0.4645150899887085
1489,J9XGP8_wild,CC(=O)C(=O)[O-],2.0696359281413943,0.13420268893241882,-0.6569472551345825,0.6691529750823975
1490,J9XGP8_wild,C(=O)C(=O)[O-],1.8239087409443189,0.5266835689544678,-0.7555637359619141,1.1471714973449707
1491,J9XGP8_wild,C(CC(=O)O)CN,1.213879819945081,-0.1569485366344452,0.1562688797712326,-0.0018036067485809326
1492,Q6E593_wild,C1=CC=C(C=C1)CO,1.9196433960444406,0.5583572387695312,-0.5880374312400818,0.15180864930152893
1493,Q6E593_wild,CC(C)(COP(=O)(O)OP(=O)(O)OCC1C(C(C(O1)N2C=NC3=C(N=CN=C32)N)O)OP(=O)(O)O)C(C(=O)NCCC(=O)NCCSC(=O)C4=CC=CC=C4)O,1.7169659472396066,0.6314598917961121,-1.386600136756897,1.008538007736206
1494,Q6E593_wild,CC(=O)SCCNC(=O)CCNC(=O)C(C(C)(C)COP(=O)(O)OP(=O)(O)OCC1C(C(C(O1)N2C=NC3=C(N=CN=C32)N)O)OP(=O)(O)O)O,0.8096683018297086,0.7718900442123413,-1.1323539018630981,0.9881677627563477
1495,Q6E593_wild,C1=CC=C(C=C1)CCO,1.7175589109371228,0.9434834718704224,-0.5071045756340027,0.4689371883869171
1496,Q8GT21_wild,C1=CC=C(C=C1)CO,3.260193741692576,0.4093429744243622,-0.6636179089546204,0.09657672047615051
1497,Q8GT21_wild,CC(C)(COP(=O)(O)OP(=O)(O)OCC1C(C(C(O1)N2C=NC3=C(N=CN=C32)N)O)OP(=O)(O)O)C(C(=O)NCCC(=O)NCCSC(=O)C4=CC=CC=C4)O,3.781667824106481,0.49304547905921936,-1.4323352575302124,0.9497913122177124
1498,Q8GT21_wild,CC(=O)SCCNC(=O)CCNC(=O)C(C(C)(C)COP(=O)(O)OP(=O)(O)OCC1C(C(C(O1)N2C=NC3=C(N=CN=C32)N)O)OP(=O)(O)O)O,1.4196851562443356,0.6044719219207764,-1.1887339353561401,0.8950831890106201
1499,Q8GT21_wild,C1=CC=C(C=C1)C=CCO,2.6836031438464865,0.6602458357810974,-0.6969138979911804,0.3485374450683594
1500,Q8GT21_wild,CC(C)(COP(=O)(O)OP(=O)(O)OCC1C(C(C(O1)N2C=NC3=C(N=CN=C32)N)O)OP(=O)(O)O)C(C(=O)NCCC(=O)NCCSC(=O)C=CC4=CC=CC=C4)O,0.287724528884444,0.4582187533378601,-1.5187631845474243,1.015717625617981
1501,Q3ZPN4_wild,CC(C)(COP(=O)(O)OP(=O)(O)OCC1C(C(C(O1)N2C=NC3=C(N=CN=C32)N)O)OP(=O)(O)O)C(C(=O)NCCC(=O)NCCSC(=O)C4=CC=CC=C4)O,0.7279004222756942,0.037730731070041656,-1.5332622528076172,0.7960419654846191
1502,A0A0B4VSM7_wild,C1=CC(=CC(=C1)O)CO,1.4683914234607665,0.2184719741344452,-0.766889214515686,0.4231950342655182
1503,A0A0B4VSM7_wild,C1=CC=C(C=C1)CO,0.656255935353433,0.4454381465911865,-0.5444729328155518,0.20179465413093567
1504,A0A0B4VSM7_wild,CC(C)(COP(=O)(O)OP(=O)(O)OCC1C(C(C(O1)N2C=NC3=C(N=CN=C32)N)O)OP(=O)(O)O)C(C(=O)NCCC(=O)NCCSC(=O)C4=CC=CC=C4)O,1.6361791744765635,0.4989551305770874,-1.4380407333374023,1.0493744611740112
1505,A0A0B4VSM7_wild,CC(=O)SCCNC(=O)CCNC(=O)C(C(C)(C)COP(=O)(O)OP(=O)(O)OCC1C(C(C(O1)N2C=NC3=C(N=CN=C32)N)O)OP(=O)(O)O)O,-0.0571428861365687,0.6112072467803955,-1.1706079244613647,1.0444186925888062
1506,B9I6S9_wild,C1=CC(=CC(=C1)O)CO,1.396413488710565,0.2120215892791748,-0.8151276111602783,0.4289572238922119
1507,B9I6S9_wild,CC(C)(COP(=O)(O)OP(=O)(O)OCC1C(C(C(O1)N2C=NC3=C(N=CN=C32)N)O)OP(=O)(O)O)C(C(=O)NCCC(=O)NCCSC(=O)C4=CC=CC=C4)O,1.6511093886875794,0.48066508769989014,-1.4626675844192505,1.0414211750030518
1508,B9I6S9_wild,C1=CC=C(C(=C1)CO)O,0.7836675221660713,0.08459674566984177,-0.5309839248657227,0.4449200928211212
1509,B9I6S9_wild,CC(=O)SCCNC(=O)CCNC(=O)C(C(C)(C)COP(=O)(O)OP(=O)(O)OCC1C(C(C(O1)N2C=NC3=C(N=CN=C32)N)O)OP(=O)(O)O)O,0.24253334847620736,0.588962733745575,-1.2097489833831787,1.0258128643035889
1510,A0A087INM7_wild,CC(=CCCC(=CCCC(=CCOP(=O)(O)OP(=O)(O)O)C)C)C,2.3364219707528227,-0.05179968476295471,-1.8526802062988281,0.9390072822570801
1511,A0A087INM7_S167A,CC(=CCCC(=CCCC(=CCOP(=O)(O)OP(=O)(O)O)C)C)C,1.7886329805957757,-0.08675975352525711,-1.8426134586334229,0.8900357484817505
1512,A0A087INM7_S23A,CC(=CCCC(=CCCC(=CCOP(=O)(O)OP(=O)(O)O)C)C)C,2.170792555101477,-0.3970969617366791,-1.7949535846710205,0.621575117111206
1513,A0A0F7VP60_wild,C1(C(C(C(C(C1OP(=O)(O)O)OP(=O)(O)O)OP(=O)(O)O)OP(=O)(O)O)OP(=O)(O)O)OP(=O)(O)O,0.4465215327537113,1.7811144590377808,-0.5464229583740234,2.1069812774658203
1514,Q5Z1T5_wild,C1C=CN(C=C1C(=O)N)C2C(C(C(O2)COP(=O)(O)OP(=O)(O)OCC3C(C(C(O3)N4C=NC5=C(N=CN=C54)N)OP(=O)(O)O)O)O)O,0.964461674621011,-0.027757443487644196,-1.2020628452301025,1.943632960319519
1515,Q5Z1T5_M239R,C1C=CN(C=C1C(=O)N)C2C(C(C(O2)COP(=O)(O)OP(=O)(O)OCC3C(C(C(O3)N4C=NC5=C(N=CN=C54)N)OP(=O)(O)O)O)O)O,1.03698356625317,-0.019467703998088837,-1.2071093320846558,1.9477431774139404
1516,Q5Z1T5_E216Q,C1C=CN(C=C1C(=O)N)C2C(C(C(O2)COP(=O)(O)OP(=O)(O)OCC3C(C(C(O3)N4C=NC5=C(N=CN=C54)N)OP(=O)(O)O)O)O)O,-0.03476210625921197,-0.07697630673646927,-1.1892303228378296,1.8807258605957031
1517,Q5Z1T5_R301A,C1C=CN(C=C1C(=O)N)C2C(C(C(O2)COP(=O)(O)OP(=O)(O)OCC3C(C(C(O3)N4C=NC5=C(N=CN=C54)N)OP(=O)(O)O)O)O)O,-0.27300127206373764,-0.006675459444522858,-1.1997931003570557,1.9547408819198608
1518,O28464_wild,C1=NC(=C(N1C2C(C(C(O2)COP(=O)(O)O)O)O)NC=O)C(=O)N,2.2284793285153697,0.017109818756580353,-1.3230003118515015,0.6595171689987183
1519,C6A190_wild,CCC(=O)C(=O)C,-0.02996322337744326,0.01185564324259758,-0.06224122643470764,0.5500287413597107
1520,C6A190_wild,CC(CCC(C)O)O,-0.774848614833558,-0.18963181972503662,0.14786921441555023,0.31338247656822205
1521,F1N9C1_wild,CCCCCC(C=CC1C(CC(=O)C1CC=CCCCC(=O)O)O)O,1.355387657986574,0.8168164491653442,-1.46669340133667,1.9380345344543457
1522,F1N9C1_wild,CC(=O)C,0.5563025007672873,-0.48630011081695557,-1.0825287103652954,0.08117091655731201
1523,F1N9C1_wild,CC1=CC(=O)C=CC1=O,1.2606013386086143,0.3134411871433258,-1.4695031642913818,1.771220326423645
1524,F1N9C1_wild,CC12CCC3C(C1CCC2=O)CCC4=C3C=CC(=C4)O,2.6532125137753435,-0.3582560122013092,-1.8913133144378662,1.171204686164856
1525,F1N9C1_wild,CC1=CC(=O)C2=CC=CC=C2C1=O,0.829303772831025,0.33593297004699707,-1.7587357759475708,2.011867046356201
1526,F1N9C1_wild,CC12CCC3C(C1CCC2O)CCC4=CC(=O)CCC34C,1.1760912590556813,-0.24320411682128906,-1.691550612449646,1.1177455186843872
1527,F1N9C1_wild,C1=CC=C2C(=C1)C(=O)C(=O)N2,1.8044801891059927,0.3410024046897888,-1.391866683959961,1.5625859498977661
1528,F1N9C1_wild,C1=CC(=CC=C1C=O)[N+](=O)[O-],0.8981265674603935,0.16741454601287842,-0.7146530747413635,0.9565412402153015
1529,F1N9C1_wild,C1=CC=C2C(=C1)C3=CC=CC=C3C(=O)C2=O,3.0663259253620376,0.2836098372936249,-1.9359323978424072,1.7222998142242432
1530,Q206L4_wild,CC(=CCCC(=CCCC(=CC(=O)[O-])C)C)C,-1.011845129199631,-2.0282881259918213,-2.5367891788482666,0.8947193026542664
1531,Q3ZPN4_wild,CO,-0.4117938067801151,-1.8034390211105347,0.04470182955265045,-1.3699864149093628
1532,Q3ZPN4_wild,CC(C)(COP(=O)(O)OP(=O)(O)OCC1C(C(C(O1)N2C=NC3=C(N=CN=C32)N)O)OP(=O)(O)O)C(C(=O)NCCC(=O)NCCSC(=O)C4=CC=CC=C4N)O,0.9427489593411681,0.08136861771345139,-1.637732982635498,0.8818319439888
1533,Q1DDS6_wild,C(CC(=O)N)C(C(=O)NC(CCC(=O)O)C(=O)O)N,0.7269987279362624,0.44163551926612854,0.3012787103652954,0.5491296052932739
1534,Q1DDS6_wild,C(CC(=O)N)C(C(=O)NC(CCC(=O)N)C(=O)O)N,0.6881459055748959,0.5966964960098267,0.2574882507324219,0.6984811425209045
1535,Q9X6R4_wild,C1CC(N(C1)C(=O)CNC(=O)OCC2=CC=CC=C2)C(=O)NC3=CC=C(C=C3)[N+](=O)[O-],2.794806359240012,2.2624194622039795,-0.7885106205940247,2.0513134002685547
1536,Q6I7B6_wild,C1C(C(OC1OP(=O)(O)O)CO)O,1.8401060944567578,1.1720446348190308,-0.31586799025535583,0.9050185680389404
1537,P39411_wild,C1=NC2=C(C(=O)N1)N=CN2C3C(C(C(O3)COP(=O)(O)OP(=O)(O)OP(=O)(O)O)O)O,3.0594119374386564,2.1135413646698,-0.6330242156982422,0.7773503065109253
1538,P39411_wild,C1C(C(OC1N2C=NC3=C2N=CNC3=O)COP(=O)(O)OP(=O)(O)OP(=O)(O)O)O,1.2548831778859255,1.9564975500106812,-0.45596033334732056,0.782343327999115
1539,P39411_wild,C1=NC2=C(N1C3C(C(C(O3)COP(=O)(O)OP(=O)(O)OP(=O)(O)O)O)O)NC(=O)NC2=O,3.350943445995814,2.322166919708252,-0.7401758432388306,0.698908805847168
1540,P39411_wild,C1=NC2=C(N1C3C(C(C(O3)COP(=O)(O)OP(=O)(O)OP(=O)(O)O)O)O)N=C(NC2=O)N,2.13575653905379,2.069890022277832,-0.7546026110649109,0.6521761417388916
1541,Q99K82_wild,C(CCNCCCN)CNCCCN,1.297425871395156,-0.11213529855012894,-1.3529131412506104,1.3447129726409912
1542,Q99K82_K367M,C(CCNCCCN)CNCCCN,0.6777807052660808,-0.29131850600242615,-1.309706687927246,1.1513700485229492
1543,Q99K82_H82Q,C(CCNCCCN)CNCCCN,-1.344064627889183,-0.18818920850753784,-1.340428352355957,1.2758448123931885
1544,Q9NWM0_wild,C(CCNCCCN)CNCCCN,2.2374878839235315,-0.16574424505233765,-1.321871042251587,1.3563464879989624
1545,Q9NWM0_wild,CC(=O)NCCCNCCCCNCCCN,0.7395878552442829,-0.054036207497119904,-1.2479711771011353,1.6164113283157349
1546,Q9FXY7_wild,CC(=CCCC(=CCCC(=CCOP(=O)(O)OP(=O)(O)O)C)C)C,0.6555043105549285,-1.197165846824646,-2.406628131866455,0.5409250259399414
1547,A4I213_wild,N,0.5719582591048537,0.39074015617370605,0.7168751358985901,-0.035883039236068726
1548,A4I213_wild,C1=NC(=C2C(=N1)N(C=N2)C3C(C(C(O3)COP(=O)(O)OP(=O)(O)OP(=O)(O)O)O)O)N,0.7054214927244927,0.7928165793418884,-0.5645961761474609,0.729192852973938
1549,A4I213_wild,C(CC(=O)N)C(C(=O)O)N,0.4211804314858067,0.5067110061645508,-0.08375179022550583,-0.09382200241088867
1550,A4I213_wild,C(C(C(=O)O)N)C(=O)O,0.17022391120953104,0.439401239156723,-0.02404574491083622,0.22103843092918396
1551,Q5T6J7_wild,C(C(C(C(C(C(=O)[O-])O)O)O)O)O,1.9431770832891648,1.0590139627456665,-0.19635771214962006,1.3200829029083252
1552,Q5T6J7_wild,C1=NC(=C2C(=N1)N(C=N2)C3C(C(C(O3)COP(=O)(O)OP(=O)(O)OP(=O)(O)O)O)O)N,1.441165162717444,1.4052664041519165,-1.010292887687683,1.7929402589797974
1553,Q2HNZ1_wild,C1=CC(OC1=O)(CC(=O)O)C(=O)O,3.645606461540403,2.2091009616851807,-0.33765655755996704,0.7433522939682007
1554,K4LMW2_wild,CC(=CCCC(=CCCC(=CCOP(=O)(O)OP(=O)(O)O)C)C)C,2.7220353084047124,-1.3477877378463745,-2.3124895095825195,0.6067867279052734
1555,Q8SAS8_wild,CC(C)(COP(=O)(O)OP(=O)(O)OCC1C(C(C(O1)N2C=NC3=C(N=CN=C32)N)O)OP(=O)(O)O)C(C(=O)NCCC(=O)NCCSC(=O)C4=CC=CC=C4)O,1.1485077374235928,-1.3683148622512817,-2.1874067783355713,1.0492045879364014
1556,A0A399G7U0_wild,C1C(C(C(C(O1)OC2=CC=C(C=C2)[N+](=O)[O-])O)O)O,1.8068754016455384,0.9029446840286255,-0.5439963340759277,0.1513901948928833
1557,Q9FLG1_wild,C1C(C(C(C(O1)OC2=CC=C(C=C2)[N+](=O)[O-])O)O)O,0.37238590419964945,0.6186619997024536,-0.03992071747779846,1.0059235095977783
1558,Q9FGY1_wild,C1C(C(C(C(O1)OC2=CC=C(C=C2)[N+](=O)[O-])O)O)O,0.051152522447381374,0.5404481291770935,-0.019156428053975105,1.0741735696792603
1559,V5J3M5_wild,C1C(C(C(C(O1)OC2COC(C(C2O)O)OC3COC(C(C3O)O)OC4COC(C(C4O)O)OC5COC(C(C5O)O)OC6COC(C(C6O)O)O)O)O)O,-0.24744716759134952,0.7293610572814941,-0.11546304821968079,0.4312626123428345
1560,V5J3M5_wild,C1C(C(C(C(O1)OC2COC(C(C2O)O)OC3COC(C(C3O)O)OC4COC(C(C4O)O)OC(CO)C(C(C=O)O)O)O)O)O,-0.3264771178764607,0.9812443852424622,-0.02789718098938465,0.6944945454597473
1561,V5J3M5_wild,C1C(C(C(C(O1)OC2COC(C(C2O)O)OC3COC(C(C3O)O)OC4COC(C(C4O)O)O)O)O)O,-0.48666657262589286,0.7995303869247437,-0.012424597516655922,0.655972957611084
1562,V5J3M5_wild,C1C(C(C(C(O1)OC2COC(C(C2O)O)OC3COC(C(C3O)O)O)O)O)O,-0.7923916894982538,0.7159239053726196,-0.03248608857393265,0.6980383992195129
1563,V5J3M5_wild,C1C(C(C(C(O1)OC2COC(C(C2O)O)O)O)O)O,-1.0475822599759226,0.8520200848579407,0.4562506675720215,0.40760964155197144
1564,P21889_wild,C(C(C(=O)O)N)C(=O)O,2.49008623188403,0.9106318354606628,-0.8234673738479614,1.4348642826080322
1565,A3DM60_wild,C(C1C2C(C(C(O1)OC3C(OC(C(C3O)O)OC4C(OC(C(C4O)O)OC5C(OC(C(C5O)O)OC6C(OC(C(C6O)O)OC7C(OC(O2)C(C7O)O)CO)CO)CO)CO)CO)O)O)O,0.5278995466553883,0.27067404985427856,0.17603977024555206,0.6956861019134521
1566,A3DM60_wild,C(C1C2C(C(C(O1)OC3C(OC(C(C3O)O)OC4C(OC(C(C4O)O)OC5C(OC(C(C5O)O)OC6C(OC(C(C6O)O)OC7C(OC(C(C7O)O)OC8C(OC(O2)C(C8O)O)CO)CO)CO)CO)CO)CO)O)O)O,0.5589030742978127,0.3850633502006531,0.16033048927783966,0.7341263294219971
1567,A3DM60_wild,C(C1C2C(C(C(O1)OC3C(OC(C(C3O)O)OC4C(OC(C(C4O)O)OC5C(OC(C(C5O)O)OC6C(OC(C(C6O)O)OC7C(OC(C(C7O)O)OC8C(OC(C(C8O)O)OC9C(OC(O2)C(C9O)O)CO)CO)CO)CO)CO)CO)CO)O)O)O,1.0357581949571184,0.40748316049575806,0.18320919573307037,0.6820976734161377
1568,E5GAF4_wild,CC(=CCCC(=CCCC(=CCOP(=O)(O)OP(=O)(O)O)C)C)C,0.7818239528796141,-1.3653422594070435,-2.2632269859313965,0.3434358537197113
1569,Q40577_wild,CC(=CCOP(=O)(O)OP(=O)(O)O)CCC=C(C)CNC1=CC=CC=C1,-1.8346326063360918,-1.7154960632324219,-2.034633159637451,0.40353262424468994
1570,Q56839_wild,CC(=O)CSCCS(=O)(=O)O,-0.2808266095756943,-0.5669929385185242,-0.5727847814559937,1.663070797920227
1571,Q56839_M140A,CC(=O)CSCCS(=O)(=O)O,-1.946806935904082,-0.5546850562095642,-0.5727330446243286,1.6597520112991333
1572,O23736_wild,C(C(C(=O)O)N)S,4.928992937958801,0.786495566368103,-0.7260154485702515,0.7515645027160645
1573,O23736_wild,C(CC(=O)O)C(C(=O)O)N,3.0787552582921336,1.0392382144927979,0.28050267696380615,0.7122899293899536
1574,Q9SRQ2_wild,CC(=O)SCCNC(=O)CCNC(=O)C(C(C)(C)COP(=O)(O)OP(=O)(O)OCC1C(C(C(O1)N2C=NC3=C(N=CN=C32)N)O)OP(=O)(O)O)O,3.340538536947655,0.5476850867271423,-1.2221705913543701,0.8782563805580139
1575,Q9SRQ2_wild,CCCCCCCCO,-0.14363923527454328,0.5119401216506958,-0.47709059715270996,0.08632442355155945
1576,Q1GNW6_wild,CC(=O)NCCC(C(=O)O)N,0.1671364164027549,0.9310023784637451,0.2893337309360504,1.1589887142181396
1577,Q5P0J8_wild,C1=CC(=C[N+](=C1)C2C(C(C(O2)COP(=O)([O-])OP(=O)(O)OCC3C(C(C(O3)N4C=NC5=C(N=CN=C54)N)O)O)O)O)C(=O)N,2.933053210369387,1.4029344320297241,-1.243812084197998,1.6192331314086914
1578,Q5P0J8_wild,C1=CC=C(C=C1)C=O,3.1377130246447287,1.1321214437484741,-1.1032376289367676,1.7136061191558838
1579,Q5P0J8_wild,C1=CC=C(C=C1)CC=O,2.9946711664949333,1.4137426614761353,-1.4554270505905151,1.9020416736602783
1580,Q5P0J8_wild,CC=O,2.8225055265348806,1.4807440042495728,-0.29959794878959656,1.3269603252410889
1581,Q97VU2_wild,CCCCCC(=O)OC1=CC=C(C=C1)[N+](=O)[O-],2.805425335250306,2.5661497116088867,-0.7908588647842407,2.634742498397827
1582,Q9KAN9_wild,CCCCCCCCCCCCCCCC(=O)OC1=CC=C(C=C1)[N+](=O)[O-],4.6083666886912,2.302180528640747,-0.8135808706283569,2.470956802368164
1583,Q9KAN9_wild,CCCCCCCCCCCCCCCC(=O)OCC(COC(=O)CCCCCCCCCCCCCCC)OC(=O)CCCCCCCCCCCCCCC,1.8307347279374737,1.9259248971939087,0.2307492345571518,2.2783713340759277
1584,Q8GR64_wild,[C-]#N.[C-]#N.[C-]#N.[C-]#N.[C-]#N.[C-]#N.[Fe+3],2.7407780835784266,1.819865345954895,-1.3330215215682983,2.673097848892212
1585,Q9ZFE7_wild,CCCC(=O)C(=CO)O,4.0,2.1323163509368896,-0.19425415992736816,1.3798069953918457
1586,P42850_wild,CC(=O)C(=O)[O-],4.155336037465061,1.8259168863296509,-0.5680975317955017,1.8226244449615479
1587,P42850_wild,C=C(C(=O)O)OP(=O)(O)O,1.4983105537896004,2.0104849338531494,-0.8111302852630615,2.6080782413482666
1588,P42850_wild,[O-]P(=O)([O-])[O-],-0.46852108295774486,1.5005437135696411,-0.2708779275417328,1.9349230527877808
1589,P42850_wild,C1=NC(=C2C(=N1)N(C=N2)C3C(C(C(O3)COP(=O)(O)O)O)O)N,1.9395192526186185,1.5403157472610474,-1.4280076026916504,2.383559226989746
1590,B4G072_wild,COC1=CC2=C(C=C1)N(C(=O)C(O2)O)O,2.213199640507843,0.9868763089179993,-0.7646410465240479,0.9466543197631836
1591,B4G072_wild,C1=CN(C(=O)NC1=O)C2C(C(C(O2)COP(=O)(O)OP(=O)(O)OC3C(C(C(C(O3)CO)O)O)O)O)O,2.3718372061078328,0.44392573833465576,-0.7601491808891296,0.8455286026000977
1592,B4G072_wild,C1=CC=C2C(=C1)N(C(=O)C(O2)O)O,1.292089334286894,1.0534642934799194,-0.408153772354126,0.9423806667327881
1593,Q8W2B7_wild,COC1=CC2=C(C=C1)N(C(=O)C(O2)O)O,2.447540838314473,0.8835361003875732,-0.9242545962333679,0.9216040968894958
1594,Q8W2B7_wild,C1=CC=C2C(=C1)N(C(=O)C(O2)O)O,2.3115801779972895,0.9441834688186646,-0.6108747720718384,0.9161888360977173
1595,Q8W2B7_wild,C1=CN(C(=O)NC1=O)C2C(C(C(O2)COP(=O)(O)OP(=O)(O)OC3C(C(C(C(O3)CO)O)O)O)O)O,2.4456234202687512,0.40050095319747925,-0.9979730248451233,0.8280988931655884
1596,P00371_wild,C1CC(NC1)C(=O)O,2.4220025450546796,1.210166573524475,0.8680873513221741,0.4560476839542389
1597,P00371_wild,CSCCC(C(=O)O)N,3.0092080017868237,1.213309645652771,0.4622949957847595,0.6083548069000244
1598,P00371_Y224F,C1=CC=C(C=C1)CC(C(=O)O)N,0.8133585586110106,1.1114367246627808,0.3343923091888428,0.8243647813796997
1599,P00371_Y224F,O=O,2.8846065812979305,1.4635547399520874,-0.9094688892364502,1.0999462604522705
1600,P00371_Y224F,CSCCC(C(=O)O)N,0.7706632289910937,1.2271146774291992,0.46178513765335083,0.6152650713920593
1601,P00371_Y224F,C1CC(NC1)C(=O)O,0.9636840656721665,1.2188373804092407,0.8619875311851501,0.4598996043205261
1602,P00371_Y228F,CC(C(=O)O)N,-0.7323937598229685,0.8500982522964478,0.8569737672805786,0.5817242860794067
1603,P00371_Y228F,O=O,2.9777236052888476,1.3927069902420044,-0.906174898147583,1.0482417345046997
1604,P00371_Y224F,CC(C(=O)O)N,0.6172999578846993,0.905866265296936,0.8472797870635986,0.6325985193252563
1605,P00371_Y228F,C1CC(NC1)C(=O)O,-0.018173968928586658,1.1759614944458008,0.8846127986907959,0.4167030453681946
1606,P00371_Y228F,CSCCC(C(=O)O)N,0.9777236052888478,1.154544472694397,0.4824206233024597,0.5625602602958679
1607,P00371_Y228F,C1=CC=C(C=C1)CC(C(=O)O)N,-0.41119274101135417,1.0492488145828247,0.3385698199272156,0.7797633409500122
1608,P00371_wild,C(CC(C(=O)O)N)CN=C(N)N,-0.524117817395886,0.6106387376785278,0.39239269495010376,0.6561709642410278
1609,P00371_wild,C(CCN)CC(C(=O)O)N,-1.0969100130080565,0.5666785836219788,0.6599006056785583,0.3383408486843109
1610,P00371_wild,CC(C)C(C(=O)O)N,0.5985994592184559,0.6332502365112305,0.40504205226898193,0.7095016241073608
1611,P00371_wild,C(C(C(=O)O)N)O,-0.027152246043614776,0.5050690770149231,0.7027734518051147,0.13094490766525269
1612,P00371_wild,CCC(C)C(C(=O)O)N,0.5672978850687505,0.442100465297699,0.1477397233247757,0.7936602830886841
1613,P00371_G313A,CC(C(=O)O)N,-1.7077439286435239,0.8594069480895996,0.8640505075454712,0.5914410948753357
1614,P00371_G313A,C1CC(NC1)C(=O)O,-0.4246426412208882,1.179879069328308,0.8771418333053589,0.4239930212497711
1615,P00371_G313A,C(CC(C(=O)O)N)CN=C(N)N,-0.5755524408482516,0.5712625980377197,0.39844295382499695,0.6268538236618042
1616,P00371_G313A,C(C(C(=O)O)N)O,-1.4809645938014229,0.47214964032173157,0.7162252068519592,0.09631641209125519
1617,P00371_G313A,CCC(C)C(C(=O)O)N,-1.1197375429224923,0.39222368597984314,0.161723330616951,0.7631322145462036
1618,P00371_G313A,CSCCC(C(=O)O)N,0.3374592612906561,1.1725188493728638,0.4828948676586151,0.5723787546157837
1619,P00371_Y228L/R283G,O=O,2.712509402972493,0.8572964668273926,-0.7945051193237305,0.6758990287780762
1620,P14920_wild,C(CC(C(=O)O)N)CN=C(N)N,-1.1820116260516873,0.6310405731201172,0.34898537397384644,0.6801950931549072
1621,P14920_wild,C1=C(NC=N1)CC(C(=O)O)N,-0.7886673690687989,0.49681735038757324,0.5512404441833496,0.5615931153297424
1622,Q9BUT1_wild,CC(CC(=O)O)O,-2.3569814009931314,0.6592990159988403,0.5437313914299011,-0.2649315297603607
1623,G5EDL5_wild,CCCCCC=CCC1C(O1)CCCCCCCC(=O)O,0.07572071393811834,-1.417543649673462,-1.9251019954681396,1.7613383531570435
1624,G5EDL5_wild,CCCCCC1C(O1)CC=CCCCCCCCC(=O)O,0.022276394711152208,-1.4513943195343018,-2.033872365951538,1.8075610399246216
1625,P15559_wild,C1=CC(=O)C=CC1=NC2=CC(=C(C(=C2)Cl)O)Cl,4.522878745280337,1.3231877088546753,-1.873155117034912,1.4513063430786133
1626,P15559_wild,CN(C)C1=CC=C(C=C1)N=NC2=CC=CC=C2C(=O)O,1.075720670508668,0.6334129571914673,-1.8587298393249512,1.6141691207885742
1627,P15559_wild,C1CN1C2=C(C=C(C(=C2)C(=O)N)[N+](=O)[O-])[N+](=O)[O-],-2.1367205671564067,0.48546135425567627,-0.8502453565597534,1.4351727962493896
1628,Q5P5I4_wild,CC(C1=CC=CC=C1)O,3.0969100130080562,-0.1763560175895691,-0.377780556678772,0.27516889572143555
1629,Q5P5I4_wild,C1=CC(=C[N+](=C1)C2C(C(C(O2)COP(=O)([O-])OP(=O)(O)OCC3C(C(C(O3)N4C=NC5=C(N=CN=C54)N)O)O)O)O)C(=O)N,1.593459819566045,0.8577365279197693,-0.9639099836349487,1.0547219514846802
1630,Q5P5I4_wild,C1C=CN(C=C1C(=O)N)C2C(C(C(O2)COP(=O)(O)OP(=O)(O)OCC3C(C(C(O3)N4C=NC5=C(N=CN=C54)N)O)O)O)O,2.6856060427780375,0.8842777609825134,-1.4703325033187866,1.5786985158920288
1631,Q5P5I4_wild,CC(=O)C1=CC=CC=C1,3.204119982655925,0.2231585681438446,-0.8511094450950623,0.5039550065994263
1632,Q7CWR3_wild,CC(C(=O)O)N,0.9815165943059868,-0.11139491945505142,0.6404333114624023,0.17995241284370422
1633,Q7CWR3_wild,C(C(=O)O)N,-0.43365556093857216,0.026335813105106354,0.6339962482452393,0.3975943326950073
1634,Q7CWR3_wild,C(C(C(=O)O)N)O,-0.6874901866525888,-0.40189501643180847,0.4902026653289795,0.23413598537445068
1635,Q7CWR3_wild,C1CC(NC1)C(=O)O,-2.621365146523349,0.14134715497493744,0.23260357975959778,0.6600199937820435
1636,Q7CWR3_wild,C(CC(=O)O)C(C(=O)O)N,-2.7323937598229686,-0.24997934699058533,0.7919595241546631,0.3543418347835541
1637,Q89VT8_wild,C(C(=O)O)N,0.2076083105017461,0.00788484513759613,0.3322068750858307,0.2516551911830902
1638,Q89VT8_wild,CC(C(=O)O)N,-2.2518119729937993,-0.26425257325172424,0.3534106910228729,0.1357143223285675
1639,Q89GR3_wild,CC(C(=O)O)N,-2.271066772286538,-0.2412583827972412,0.2682012915611267,0.2036770135164261
1640,Q89GR3_wild,C(C(=O)O)N,0.2408933802197053,0.01653175801038742,0.2837672531604767,0.3207387626171112
1641,Q08623_wild,C1=C(C(=O)NC(=O)N1)C2C(C(C(O2)COP(=O)(O)O)O)O,3.724275869600789,0.17008179426193237,-0.6172283291816711,1.2684165239334106
1642,Q08623_wild,C1=NC(=C2C(=N1)N(C=N2)C3C(C(C(O3)CO)OP(=O)(O)O)O)N,0.49692964807321494,0.36961829662323,-0.6476744413375854,1.622913122177124
1643,Q08623_wild,C(C1C(C(C(O1)(COP(=O)(O)[O-])O)O)O)OP(=O)(O)[O-],-0.7334255137015205,0.6387717127799988,-0.8599941730499268,1.2213966846466064
1644,Q08623_wild,C(C(C(C(C(=O)CO)O)O)O)OP(=O)(O)O,-0.8176597916673172,0.4551776051521301,-0.0672236904501915,0.9224063158035278
1645,Q08623_wild,C1=CN(C(=O)NC1=O)C2C(C(C(O2)COP(=O)(O)O)O)O,-1.3603439968799633,0.37624794244766235,-0.31316077709198,1.3958778381347656
1646,Q08623_wild,CC1=CC2=C(C=C1C)N(C3=NC(=O)NC(=O)C3=N2)CC(C(C(COP(=O)(O)O)O)O)O,-0.8750612633917001,-0.0853731706738472,-1.244221806526184,1.4380635023117065
1647,P48534_S160M,C(C(C1C(=C(C(=O)O1)O)O)O)O,3.184524426592544,1.649728775024414,-0.45068538188934326,1.457086443901062
1648,P48534_wild,C(C(C1C(=C(C(=O)O1)O)O)O)O,2.6511687712653575,1.743428111076355,-0.48336970806121826,1.526202917098999
1649,A0A0H3PBA4_wild,[Fe+2],1.2762064374856825,-0.803229808807373,-0.9932762384414673,1.454960823059082
1650,P42206_wild,C(C(C(C(=O)O)O)O)(C(C(=O)O)O)O,5.404374118677447,-0.5682078003883362,-0.8617246150970459,0.9514606595039368
1651,P42206_wild,C(C(C(C(=O)[O-])O)O)(C(C(=O)[O-])O)O,5.066946789630613,-0.36586084961891174,-1.0686838626861572,1.3158438205718994
1652,P0AES2_wild,C(C(C(C(=O)O)O)O)(C(C(=O)O)O)O,2.765916793966632,-0.9164177179336548,-0.8594468832015991,0.900603175163269
1653,P0AES2_wild,C(C(C(C(=O)[O-])O)O)(C(C(=O)[O-])O)O,3.339948061694351,-0.6519370079040527,-1.0194671154022217,1.2632101774215698
1654,Q46915_wild,C(C(C(C(=O)[O-])O)O)(C(C(=O)[O-])O)O,-1.1165055690714372,-0.6541677117347717,-1.1628570556640625,1.3316714763641357
1655,Q46915_wild,C(C(C(C(=O)O)O)O)(C(C(=O)O)O)O,-0.7569619513137056,-0.9539366960525513,-0.9736825227737427,1.0065181255340576
1656,P77718_wild,C1=NC(=C2C(=N1)N(C=N2)C3C(C(C(O3)COP(=O)(O)OP(=O)(O)OP(=O)(O)O)O)O)N,-0.21884323947663115,-0.09238923341035843,-1.256843090057373,0.46843016147613525
1657,P77718_wild,C1=NC2=C(N1C3C(C(C(O3)COP(=O)(O)OP(=O)(O)OP(=O)(O)O)O)O)N=C(NC2=O)N,-0.946555680773034,-0.21908098459243774,-1.261013388633728,0.32407253980636597
1658,Q5XIE6_wild,CC(C)(COP(=O)(O)OP(=O)(O)OCC1C(C(C(O1)N2C=NC3=C(N=CN=C32)N)O)OP(=O)(O)O)C(C(=O)NCCC(=O)NCCSC(=O)CCO)O,3.778151250383644,1.1384304761886597,-1.7007246017456055,1.4143837690353394
1659,Q5XIE6_wild,CC(CO)C(=O)SCCNC(=O)CCNC(=O)C(C(C)(C)COP(=O)(O)OP(=O)(O)OCC1C(C(C(O1)N2C=NC3=C(N=CN=C32)N)O)OP(=O)(O)O)O,4.646730386247423,1.3755079507827759,-1.63063383102417,1.3699246644973755
1660,P81382_wild,CC(C(=O)O)N,-1.5171264163912463,0.9458889961242676,0.8615118265151978,0.5388505458831787
1661,P81382_wild,C(CC(C(=O)O)N)CN,-0.7474824306171917,0.7204951047897339,-0.006589086726307869,0.5741133689880371
1662,P81382_wild,C(C(C(=O)O)N)C(=O)N,-0.27736607746618774,0.9625122547149658,0.2438424974679947,0.8993568420410156
1663,P81382_wild,C(CCN)CC(C(=O)O)N,-0.7825160557860937,0.4145079255104065,0.22751320898532867,0.2544611692428589
1664,P81382_wild,C(CC(=O)N)C(C(=O)O)N,-1.3233063903751334,0.8700982332229614,0.3872491717338562,0.5936194658279419
1665,P81382_wild,CCC(C)C(C(=O)O)N,0.1613680022349748,0.623031497001648,-0.004548976197838783,0.6649976968765259
1666,P81382_wild,CCC(C(=O)O)N,-0.5346171485515817,0.6383990049362183,0.35401779413223267,0.5980856418609619
1667,P81382_wild,C1=C(NC=N1)CC(C(=O)O)N,-0.484126156288321,0.7873122692108154,0.054101184010505676,0.43716493248939514
1668,P81382_wild,CCCC(C(=O)O)N,0.6138302098793866,0.7487035989761353,0.009405029937624931,0.8026633858680725
1669,P81382_wild,C(CC(C(=O)O)N)CN=C(N)N,-0.1804560644581313,0.779463529586792,-0.13086511194705963,0.7898339033126831
1670,P81382_wild,CCCCC(C(=O)O)N,0.9688420180096133,0.7935692667961121,-0.15716342628002167,0.8715592622756958
1671,P81382_wild,CC(C)CC(C(=O)O)N,0.7191733904243058,0.962333083152771,-0.17004983127117157,0.6480170488357544
1672,P81382_wild,CSCCC(C(=O)O)N,0.8372727025023002,1.190803050994873,0.14969049394130707,0.6262294054031372
1673,P81382_wild,C1=CC=C2C(=C1)C(=CN2)CC(C(=O)O)N,1.0413926851582251,0.4101758599281311,-0.6310678124427795,0.4727014899253845
1674,P81382_wild,C1=CC=C(C=C1)CC(C(=O)O)N,1.1583624920952496,1.1053956747055054,-0.5046543478965759,0.8023414611816406
1675,P81383_wild,C(C(=O)O)N,-3.412180447786648,0.5037474632263184,0.7842108607292175,0.42195114493370056
1676,P81383_wild,C1CC(NC1)C(=O)O,-1.6989700043360187,0.31120651960372925,0.584863543510437,0.29260578751564026
1677,P81383_wild,C(C(C(=O)O)N)O,-1.6112679931147862,0.2502060532569885,0.5133025646209717,0.2781100273132324
1678,P81383_wild,CC(C)CC(C(=O)O)NC(=O)C,-1.3463529744506386,0.9655008316040039,0.3482860326766968,1.0508413314819336
1679,P81383_wild,C(CC(=O)O)C(C(=O)O)N,-0.9378520932511555,0.638117790222168,0.5350968241691589,0.8229347467422485
1680,P81383_wild,CC(C)C(C(=O)O)N,-0.08783035515613806,0.7026564478874207,0.40896931290626526,0.7089722752571106
1681,P81383_wild,C1C=CC(N1)C(=O)O,0.07572071393811834,0.5465812683105469,0.04414760321378708,0.9374175071716309
1682,P81383_wild,CC(C(=O)O)N,0.10720996964786839,1.0275644063949585,0.8999313116073608,0.6464920043945312
1683,P81383_wild,C(C(C(=O)O)N)C(=O)N,0.2379782499168922,1.025151014328003,0.36188772320747375,1.0407627820968628
1684,P81383_wild,C(CC(=O)N)C(C(=O)O)N,0.3569814009931312,0.8896059989929199,0.4681379795074463,0.7201317548751831
1685,P81383_wild,C(CN)C(C(=O)O)N,0.3906407699305382,0.4713882803916931,0.3458622097969055,0.787365734577179
1686,P81383_wild,CCC(C(=O)O)N,1.146128035678238,0.7809076309204102,0.3375706076622009,0.601784884929657
1687,P81383_wild,C(C(C(=O)O)N)SSCC(C(=O)O)N,1.1564688690164568,0.9225216507911682,-0.2793580889701843,1.6258702278137207
1688,P81383_wild,CC(C)CC(C(=O)OC)N,1.202604706710088,1.176388144493103,0.0750143975019455,1.2094836235046387
1689,P81383_wild,CCCC(C(=O)O)N,1.948442163027723,0.831132173538208,0.09511232376098633,0.812781572341919
1690,P81383_wild,CCCCC(C(=O)O)N,2.1335389083702174,0.8825921416282654,-0.05190594494342804,0.9004354476928711
1691,P81383_wild,C(CC(C(=O)O)N)CN=C(N)N,2.419404962769893,0.8200865983963013,-0.026649536564946175,0.7794281244277954
1692,P81383_wild,C(CC(C(=O)O)N)CN,2.474559037955062,0.838015079498291,0.10600413382053375,0.6955991983413696
1693,P81383_wild,C1=CC=C2C(=C1)C(=CN2)CC(C(=O)O)N,2.5065050324048723,0.532061755657196,-0.5602030158042908,0.6460573673248291
1694,P81383_wild,C1=CC(=CC=C1CC(C(=O)O)N)O,2.681241237375587,0.3708747625350952,-0.6115672588348389,0.5881376266479492
1695,P81383_wild,C1=CC=C(C=C1)CC(C(=O)O)N,2.7331972651065692,1.1822346448898315,-0.4988974332809448,0.9200605154037476
1696,K9N7B7_wild,CC(C)CC(C(=O)O)N,2.290070804077394,0.9101935625076294,-0.3771984577178955,0.37634530663490295
1697,A0A024BTN9_wild,CC(C)CC(C(=O)O)N,1.9065252517939084,0.8095454573631287,-0.3636617064476013,0.6158726215362549
1698,A8QL52_wild,C(C(C(=O)O)N)C(=O)N,0.6443420099741801,1.3363940715789795,0.17624366283416748,0.8197938203811646
1699,A8QL52_wild,CC(C(=O)O)N,1.0153585695429053,1.3362864255905151,0.8513067960739136,0.46289506554603577
1700,A8QL52_wild,C(CC(C(=O)O)N)CN=C(N)N,1.0863598306747482,1.2120414972305298,-0.1817023605108261,0.6743615865707397
1701,A8QL52_wild,C(CCN)CC(C(=O)O)N,1.171431722054206,0.8267288208007812,0.2222372144460678,0.13034357130527496
1702,A8QL52_wild,CC(C)CC(C(=O)O)N,1.2276279124812914,1.4106565713882446,-0.17378537356853485,0.5594701170921326
1703,A8QL52_wild,CSCCC(C(=O)O)N,1.5933995689467841,1.6241257190704346,0.16030707955360413,0.49928855895996094
1704,A8QL52_wild,CCC(C)C(C(=O)O)N,1.6092819858688512,1.0804405212402344,-0.057145699858665466,0.59538733959198
1705,A8QL52_wild,C(CC(=O)N)C(C(=O)O)N,1.8644949365821943,1.3383790254592896,0.35065314173698425,0.5097867846488953
1706,A8QL52_wild,C1=C(NC=N1)CC(C(=O)O)N,1.999218644233611,1.2213870286941528,0.00107581727206707,0.33505478501319885
1707,A8QL52_wild,C1=CC=C2C(=C1)C(=CN2)CC(C(=O)O)N,2.5634810853944106,0.810429573059082,-0.7291324734687805,0.3593504726886749
1708,A8QL52_wild,C(CC(=O)O)C(C(=O)O)N,2.739555863624258,1.1039177179336548,0.4380732476711273,0.584692120552063
1709,A8QL52_wild,C1=CC=C(C=C1)CC(C(=O)O)N,3.0402370798049874,1.5893882513046265,-0.5253136157989502,0.6861186027526855
1710,A8QL52_wild,C(C(C(=O)O)N)C(=O)O,3.074542178254056,0.9360368251800537,0.07708112895488739,0.49526259303092957
1711,A8QL52_wild,C1=CC(=CC=C1CC(C(=O)O)N)O,3.3035848038124636,0.668777346611023,-0.6654437780380249,0.20137330889701843
1712,P07639_wild,C(C(C(C(COP(=O)(O)O)O)O)O)C(=O)C(=O)O,4.425968732272281,0.8509344458580017,-1.84061861038208,1.3229570388793945
1713,U3KRF2_wild,C(C(C(C(COP(=O)(O)O)O)O)O)C(=O)C(=O)O,2.193820026016113,0.6369394659996033,-1.552518606185913,1.187962532043457
1714,P19080_C75A,C=C(C(=O)O)OC1C=C(C=CC1O)C(=O)O,1.745546146377374,0.39908814430236816,-0.43816497921943665,1.9769947528839111
1715,P19080_C75S,C=C(C(=O)O)OC1C=C(C=CC1O)C(=O)O,2.132625565274591,0.4313446283340454,-0.42354291677474976,1.953345537185669
1716,P53144_wild,C1C(C(OC1N2C=CC(=NC2=O)N)COP(=O)(O)O)O,-0.10914446942506803,0.4630192816257477,-1.0132124423980713,0.678439736366272
1717,Q0DBF4_wild,CC1C2CCC3C(CCCC3(C2CC=C1C=C)C)(C)C,0.9294189257142927,-1.256609559059143,-1.6898443698883057,0.7011638283729553
1718,Q0DBF4_wild,CC1(CCCC2(C1CCC3=CC(CCC32)(C)C=C)C)C,0.7522155162892439,-1.243101954460144,-2.057504653930664,1.073188304901123
1719,Q0DBF4_wild,CC1(CCCC2(C1CCC34C2CCC(C3)C(=C)C4)C)C,0.4973246408079494,-1.1423511505126953,-1.8480896949768066,1.007348895072937
1720,Q9KJB8_wild,CCN1C2=C(C=C(C=C2)S(=O)(=O)O)SC1=NN=C3N(C4=C(S3)C=C(C=C4)S(=O)(=O)O)CC,1.392755911263499,1.1328272819519043,-0.9921822547912598,2.5579288005828857
1721,Q12718_wild,COC1=CC(=CC(=C1O)OC)C(=O)OC,1.7085153222422491,1.4975978136062622,0.047770529985427856,0.9037106037139893
1722,Q12718_wild,CC(=O)C1=CC(=C(C(=C1)OC)O)OC,1.853871964321762,1.540913462638855,-0.13833171129226685,0.9930810928344727
1723,Q12718_wild,COC1=CC(=CC(=C1O)OC)C=O,1.6232492903979006,1.5594253540039062,-0.5118590593338013,1.136050820350647
1724,O60199_wild,CCN1C2=C(C=C(C=C2)S(=O)(=O)O)SC1=NN=C3N(C4=C(S3)C=C(C=C4)S(=O)(=O)O)CC,4.811674259710479,2.179447889328003,-0.6243417263031006,2.4076650142669678
1725,Q12739_wild,CCN1C2=C(C=C(C=C2)S(=O)(=O)O)SC1=NN=C3N(C4=C(S3)C=C(C=C4)S(=O)(=O)O)CC,2.9788107552168688,2.271130323410034,-0.9228557348251343,2.435793399810791
1726,Q12739_wild,COC1=CC=CC=C1O,0.31875876262441283,0.9834755659103394,-0.3609308898448944,0.9991117715835571
1727,Q12739_wild,COC1=C(C(=CC=C1)OC)O,0.8601210004576512,1.006034016609192,-0.7432931661605835,1.3335299491882324
1728,Q12739_wild,COC1=CC(=CC(=C1O)OC)C=NN=CC2=CC(=C(C(=C2)OC)O)OC,4.282546552205229,1.760064959526062,-1.5487821102142334,1.7699718475341797
1729,Q6TH77_wild,CCN1C2=C(C=C(C=C2)S(=O)(=O)O)SC1=NN=C3N(C4=C(S3)C=C(C=C4)S(=O)(=O)O)CC,2.881035146880453,2.5560359954833984,-0.9589862823486328,2.4772324562072754
1730,B2L9C1_wild,C1=CC=C(C(=C1)O)O,3.4424668470306004,2.127765417098999,-0.645493745803833,1.6672555208206177
1731,B2L9C1_wild,COC1=CC=CC=C1O,3.828202769221457,0.9752509593963623,-0.3227669298648834,0.913408100605011
1732,B2L9C1_wild,C1=CC(=CC=C1O)O,3.87235181603657,1.9201983213424683,-0.9091814160346985,1.5265122652053833
1733,B2L9C1_wild,COC1=C(C=CC(=C1)CC=C)O,3.978994439232186,1.910741925239563,-1.2233384847640991,1.8323074579238892
1734,B2L9C1_wild,COC1=CC(=CC(=C1O)OC)C=CC(=O)O,4.381566295796572,1.3775359392166138,-0.6093101501464844,1.1124656200408936
1735,A0A0H3PBA4_wild,CCN1C2=C(C=C(C=C2)S(=O)(=O)O)SC1=NN=C3N(C4=C(S3)C=C(C=C4)S(=O)(=O)O)CC,0.9920582014479278,0.1319999098777771,-0.7980392575263977,2.1692795753479004
1736,A0A0H3PBA4_wild,COC1=CC(=CC(=C1O)OC)C=NN=CC2=CC(=C(C(=C2)OC)O)OC,0.6777807921249684,-0.8601399660110474,-1.769277572631836,1.7407679557800293
1737,A0A0H3PBA4_wild,COC1=C(C(=CC=C1)OC)O,-1.2890789434783896,-1.0461161136627197,-1.0075781345367432,1.3925095796585083
1738,A0A0H3PBA4_wild,O=O,2.123184044207293,0.01379586011171341,-1.273342251777649,1.5192407369613647
1739,Q9UVQ5_wild,COC1=CC(=CC(=C1O)OC)C=NN=CC2=CC(=C(C(=C2)OC)O)OC,4.522878745280337,1.6011377573013306,-1.4297648668289185,1.625399112701416
1740,Q8NID5_wild,COC1=CC(=CC(=C1O)OC)C=NN=CC2=CC(=C(C(=C2)OC)O)OC,5.206243543878906,1.739915132522583,-1.4551753997802734,1.6978555917739868
1741,Q9UVQ5_wild,COC1=CC=CC=C1O,2.732318199150135,0.8946265578269958,-0.27524328231811523,0.859449028968811
1742,Q8NID5_wild,COC1=CC=CC=C1O,3.0982317775189,0.9871749877929688,-0.26991236209869385,0.9360719919204712
1743,Q9UVQ5_wild,CCN1C2=C(C=C(C=C2)S(=O)(=O)O)SC1=NN=C3N(C4=C(S3)C=C(C=C4)S(=O)(=O)O)CC,4.284495532826216,2.1337480545043945,-0.8424786329269409,2.3326172828674316
1744,Q8NID5_wild,CCN1C2=C(C=C(C=C2)S(=O)(=O)O)SC1=NN=C3N(C4=C(S3)C=C(C=C4)S(=O)(=O)O)CC,3.1054677954582246,2.375401496887207,-0.8255040645599365,2.4058926105499268
1745,L7SV51_wild,CCN1C2=C(C=C(C=C2)S(=O)(=O)O)SC1=NN=C3N(C4=C(S3)C=C(C=C4)S(=O)(=O)O)CC,1.6914495656498878,1.0366551876068115,-1.1049540042877197,2.800039768218994
1746,D3JV05_wild,CC(C)(COP(=O)(O)OP(=O)(O)OCC1C(C(C(O1)N2C=NC3=C(N=CN=C32)N)O)OP(=O)(O)O)C(C(=O)NCCC(=O)NCCSC(=O)CC(C(=O)O)O)O,3.0871501757189,1.221079707145691,-1.1696391105651855,1.9420114755630493
1747,B5XRB0_wild,C1C=CN(C=C1C(=O)N)C2C(C(C(O2)COP(=O)(O)OP(=O)(O)OCC3C(C(C(O3)N4C=NC5=C(N=CN=C54)N)O)O)O)O,2.1249387366083,1.136074423789978,-1.343134880065918,1.969429612159729
1748,Q09LZ0_wild,C1C(C(C(C(O1)OC2=CC=C(C=C2)[N+](=O)[O-])O)O)O,2.1413291527964695,0.8969334363937378,-0.7123731374740601,1.1960099935531616
1749,Q09LZ0_D495G,C1C(C(C(C(O1)OC2=CC=C(C=C2)[N+](=O)[O-])O)O)O,2.0,0.8974778652191162,-0.7125182151794434,1.2088252305984497
1750,Q09LZ0_wild,C1C(C(C(C(O1)OC2=CC(=C(C=C2)[N+](=O)[O-])[N+](=O)[O-])O)O)O,2.522878745280338,1.1906319856643677,-0.9999673366546631,1.2716319561004639
1751,Q09LZ0_D495G,C1C(C(C(C(O1)OC2=CC(=C(C=C2)[N+](=O)[O-])[N+](=O)[O-])O)O)O,4.954242509439325,1.189273715019226,-1.000309705734253,1.2868776321411133
1752,Q09LZ0_wild,C1C(C(C(C(O1)OC2=CC=CC=C2[N+](=O)[O-])O)O)O,2.200565028438882,1.2057384252548218,-0.8973581194877625,1.3768038749694824
1753,Q09LZ0_D495G,C1C(C(C(C(O1)OC2=CC=CC=C2[N+](=O)[O-])O)O)O,2.8109437637799513,1.2075635194778442,-0.8961024284362793,1.3895304203033447
1754,Q09LZ0_wild,CC1=CC(=O)OC2=C1C=CC(=C2)OC3C(C(C(CO3)O)O)O,2.359021942641668,0.7078680992126465,-0.9205361604690552,1.2233601808547974
1755,Q09LZ0_D495G,CC1=CC(=O)OC2=C1C=CC(=C2)OC3C(C(C(CO3)O)O)O,0.7958800173440752,0.7051401734352112,-0.9184697270393372,1.2366764545440674
1756,Q09LZ0_wild,C1C(C(C(C(O1)OC2=CC=CC(=C2)[N+](=O)[O-])O)O)O,1.673264604101117,0.8637799024581909,-0.9193010330200195,1.184333324432373
1757,Q09LZ0_D495G,C1C(C(C(C(O1)OC2=CC=CC(=C2)[N+](=O)[O-])O)O)O,-0.3703564870399491,0.8653081059455872,-0.9186193943023682,1.1971626281738281
1758,V5N4G7_wild,C1C(C(C(C(O1)OC2=CC=C(C=C2)[N+](=O)[O-])O)O)O,1.9711432599775263,0.8388597965240479,-0.6779698133468628,1.2174701690673828
1759,A5JTQ2_wild,C1C(C(C(C(O1)OC2=CC=C(C=C2)[N+](=O)[O-])O)O)O,0.4721860370441502,0.7224575877189636,-0.08169403672218323,1.0888646841049194
1760,Q09LZ0_E335A,C1C(C(C(C(O1)OC2=CC=C(C=C2)[N+](=O)[O-])O)O)O,-2.2624005933078504,0.8845385313034058,-0.7156241536140442,1.2030878067016602
1761,Q09LZ0_E427A,C1C(C(C(C(O1)OC2=CC=C(C=C2)[N+](=O)[O-])O)O)O,-1.1779198701020894,0.8234200477600098,-0.7097985744476318,1.2097450494766235
1762,Q09LZ0_E522A,C1C(C(C(C(O1)OC2=CC=C(C=C2)[N+](=O)[O-])O)O)O,1.893946607552074,0.8837314248085022,-0.7153048515319824,1.1882696151733398
1763,O52575_wild,C1C(C(C(C(O1)OC2=CC=C(C=C2)[N+](=O)[O-])O)O)O,1.6630354248402122,1.649213194847107,-0.02873195894062519,0.516406774520874
1764,O52575_C101V,C1C(C(C(C(O1)OC2=CC=C(C=C2)[N+](=O)[O-])O)O)O,1.5961256342283556,1.6678377389907837,-0.03296525776386261,0.5175078511238098
1765,O52575_C246V,C1C(C(C(C(O1)OC2=CC=C(C=C2)[N+](=O)[O-])O)O)O,1.4131927202943475,1.6557042598724365,-0.049876272678375244,0.5277726650238037
1766,O52575_C286V,C1C(C(C(C(O1)OC2=CC=C(C=C2)[N+](=O)[O-])O)O)O,1.6097468199942533,1.6639856100082397,-0.02318793721497059,0.5154015421867371
1767,O52575_C413V,C1C(C(C(C(O1)OC2=CC=C(C=C2)[N+](=O)[O-])O)O)O,1.5831681261804653,1.6507664918899536,-0.03569312393665314,0.5258472561836243
1768,P37610_wild,C(CS(=O)(=O)O)N,2.333482019445119,0.9217739105224609,-0.953411340713501,0.14463090896606445
1769,P37610_Y73I,C(CS(=O)(=O)O)N,1.4777165865221438,0.8862760663032532,-0.9412969350814819,0.13292160630226135
1770,P37610_Y73S,C(CS(=O)(=O)O)N,1.2420521357046432,0.8644446730613708,-0.922836422920227,0.13643884658813477
1771,P37610_D94A,C(CS(=O)(=O)O)N,2.1035405919070693,0.9516518115997314,-0.9400805234909058,0.1629161536693573
1772,P37610_N95A,C(CS(=O)(=O)O)N,-0.25701316667960733,0.8840717077255249,-0.9081876277923584,0.10968109965324402
1773,P37610_N95D,C(CS(=O)(=O)O)N,0.06694678963061323,0.8373294472694397,-0.9157978296279907,0.09543955326080322
1774,P37610_N97A,C(CS(=O)(=O)O)N,1.9363309201306227,0.8872150182723999,-0.9519908428192139,0.13797694444656372
1775,P37610_W98I,C(CS(=O)(=O)O)N,2.3039156839014696,0.6767771244049072,-0.8905217051506042,0.010700225830078125
1776,P37610_S158A,C(CS(=O)(=O)O)N,1.8573324964312685,0.9137219786643982,-0.9400959014892578,0.1333765983581543
1777,P37610_W248F,C(CS(=O)(=O)O)N,1.6580113966571124,0.8116787672042847,-0.9308809041976929,0.09671559929847717
1778,P37610_Y256F,C(CS(=O)(=O)O)N,1.7060318588235057,0.929633617401123,-0.9537227749824524,0.15146133303642273
1779,P37610_wild,CCCCCS(=O)(=O)[O-],0.3136191229720018,0.5599334239959717,-0.7870081067085266,0.7284951210021973
1780,P37610_N97A,CCCCCS(=O)(=O)[O-],0.6524458860707085,0.530377984046936,-0.7831804752349854,0.725963830947876
1781,P37610_S158A,CCCCCS(=O)(=O)[O-],0.8191940155052906,0.5511147975921631,-0.778846263885498,0.7194428443908691
1782,P37610_wild,C1COCCN1CCCS(=O)(=O)O,0.7853298350107671,0.6458344459533691,-0.4648992419242859,1.1769099235534668
1783,P37610_N97A,C1COCCN1CCCS(=O)(=O)O,0.3979400086720376,0.6109299659729004,-0.46076953411102295,1.1668603420257568
1784,P37610_S158A,C1COCCN1CCCS(=O)(=O)O,0.7042130597483907,0.6337300539016724,-0.4524795413017273,1.162285327911377
1785,P13375_wild,C(C(C(C(C(C=O)O)O)O)O)OP(=O)(O)O,2.7136932611567253,0.7339534759521484,-0.6531409025192261,1.3186227083206177
1786,P13375_K144A,C(C(C(C(C(C=O)O)O)O)O)OP(=O)(O)O,1.4366925976640543,0.38439249992370605,-0.5592300295829773,1.0236176252365112
1787,P13375_K294A,C(C(C(C(C(C=O)O)O)O)O)OP(=O)(O)O,0.9917274740340101,0.7353051900863647,-0.6461806297302246,1.3140920400619507
1788,P13375_K356A,C(C(C(C(C(C=O)O)O)O)O)OP(=O)(O)O,2.6989700043360187,0.7191532254219055,-0.6471022367477417,1.299651861190796
1789,P13375_K425A,C(C(C(C(C(C=O)O)O)O)O)OP(=O)(O)O,0.12493873660829992,0.6858682036399841,-0.6376936435699463,1.2645697593688965
1790,P13375_K425V,C(C(C(C(C(C=O)O)O)O)O)OP(=O)(O)O,0.8952646494799871,0.6669539213180542,-0.6237398386001587,1.2413746118545532
1791,P13375_K425F,C(C(C(C(C(C=O)O)O)O)O)OP(=O)(O)O,0.4436974992327126,0.6357264518737793,-0.5973639488220215,1.1842408180236816
1792,P13375_K425W,C(C(C(C(C(C=O)O)O)O)O)OP(=O)(O)O,0.28630673884327484,0.415652871131897,-0.5859432220458984,1.0404378175735474
1793,P13375_K425D,C(C(C(C(C(C=O)O)O)O)O)OP(=O)(O)O,0.3143939572219627,0.4835035800933838,-0.5689184665679932,1.0954233407974243
1794,P13375_R207A,C(C(C(C(C(C=O)O)O)O)O)OP(=O)(O)O,-2.52680903890877,0.18455597758293152,-0.5229294300079346,0.8283261060714722
1795,P13375_R207K,C(C(C(C(C(C=O)O)O)O)O)OP(=O)(O)O,1.4385578595803017,0.5548422336578369,-0.6082823276519775,1.1551477909088135
1796,Q11PP7_wild,C1C=CN(C=C1C(=O)N)C2C(C(C(O2)COP(=O)(O)OP(=O)(O)OCC3C(C(C(O3)N4C=NC5=C(N=CN=C54)N)OP(=O)(O)O)O)O)O,1.3830484532706926,0.3561587333679199,-1.4221208095550537,1.7835849523544312
1797,O25511_wild,CC(=O)NC1C(C(C(OC1OP(=O)(O)OP(=O)(O)OCC2C(C(C(O2)N3C=CC(=O)NC3=O)O)O)CO)O)O,-0.22367351903160373,-1.1080948114395142,-1.3046376705169678,0.7741643190383911
1798,O25511_wild,C1C=CN(C=C1C(=O)N)C2C(C(C(O2)COP(=O)(O)OP(=O)(O)OCC3C(C(C(O3)N4C=NC5=C(N=CN=C54)N)O)O)O)O,-1.260601338608373,-0.9750674962997437,-1.505645513534546,1.5410243272781372
1799,P76395_wild,C1=CC(=CC=C1[N+](=O)[O-])OP(=O)(O)O,-0.3576480081568595,-0.25723573565483093,0.13595786690711975,-0.29600760340690613
1800,Q9KBQ2_wild,C1C(C(C(C(O1)O)O)O)O,-3.090234983298203,1.2462273836135864,1.6142655611038208,0.41370537877082825
1801,Q9KBQ2_E268K,C1C(C(C(C(O1)O)O)O)O,-3.12284579105939,1.2475930452346802,1.6190321445465088,0.4092329442501068
1802,A9J246_wild,C(C1C(C(C(C(O1)O)O)O)O)O,-1.5531981667354915,0.8584325313568115,1.7420992851257324,0.6061112880706787
1803,Q38UH2_wild,C1C(C(C(C(O1)O)O)O)O,0.03603698663793439,1.3622044324874878,1.6102299690246582,0.7230724692344666
1804,Q9KJB8_wild,COC1=CC(=CC(=C1O)OC)C=NN=CC2=CC(=C(C(=C2)OC)O)OC,4.1056237109716145,0.4392537474632263,-2.0998106002807617,1.90835702419281
1805,Q9KJB8_wild,C1=CC(=C(C=C1CCN)O)O,1.7732987475892314,0.7499716877937317,-1.025653600692749,1.3558225631713867
1806,Q9KJB8_wild,C1=CC(=C(C=C1CC(C(=O)O)N)O)O,2.0151501032294714,1.0571393966674805,-0.8265624642372131,1.3491770029067993
1807,P11935_N305I,CC1(C(N2C(S1)C(C2=O)NC(=O)CC3=CC=CC=C3)C(=O)O)C,-1.484389951284427,-1.241715431213379,0.23252765834331512,0.861687958240509
1808,P11935_M306I,CC1(C(N2C(S1)C(C2=O)NC(=O)CC3=CC=CC=C3)C(=O)O)C,-1.7212941210934696,-1.2688082456588745,0.23568600416183472,0.8736028075218201
1809,P18548_R258Q,CC1(C(N2C(S1)C(C2=O)NC(=O)CC3=CC=CC=C3)C(=O)O)C,-1.5754077965565223,-1.489829659461975,0.19474910199642181,0.7976930141448975
1810,A0A1W6GW32_wild,CC(=CCCC(=CCCC(=CCOP(=O)(O)OP(=O)(O)O)C)C)C,1.9161683224416992,-1.3718055486679077,-2.3542537689208984,0.3482082188129425
1811,A0A1W6GW06_wild,CC(=CCCC(=CCCC(=CCOP(=O)(O)OP(=O)(O)O)C)C)C,1.9321549794764865,-1.3601768016815186,-2.333860158920288,0.3729599714279175
1812,A0A1W6GW18_wild,CC(=CCCC(=CCCC(=CCOP(=O)(O)OP(=O)(O)O)C)C)C,2.1659909321513555,-1.357869267463684,-2.3459885120391846,0.37656018137931824
1813,P37689_wild,C(C(C(=O)O)O)OP(=O)(O)O,2.020203386088287,1.83915376663208,-0.5570825934410095,2.265631914138794
1814,P37689_wild,C(C(C(=O)O)OP(=O)(O)O)O,2.0132282657337552,1.9725427627563477,-0.7636364698410034,2.255366325378418
1815,P08263_wild,C1=CC2=C3C(=C1)C=CC4=C3C(=CC5=C4C6C(O6)C(C5O)O)C=C2,0.0362121726544448,-0.8071683645248413,-1.3614909648895264,1.137196660041809
1816,P09210_wild,C1=CC2=C3C(=C1)C=CC4=C3C(=CC5=C4C6C(O6)C(C5O)O)C=C2,-0.6690067809585756,-1.1768332719802856,-1.326789379119873,0.8482502698898315
1817,P08263_wild,C1=CC(=C(C=C1[N+](=O)[O-])[N+](=O)[O-])Cl,2.1856365769619117,1.0280296802520752,-0.2507227659225464,0.7342612743377686
1818,P09210_wild,C1=CC(=C(C=C1[N+](=O)[O-])[N+](=O)[O-])Cl,1.4771212547196624,0.7477976679801941,-0.257332980632782,0.4508213996887207
1819,P08263_wild,CC12CCC3C(C1CCC2=O)CC=C4C3(CCC(=O)C4)C,2.9524470061369565,0.8917151689529419,-1.2494597434997559,1.6909399032592773
1820,Q16772_A208M,CC12CCC3C(C1CCC2=O)CC=C4C3(CCC(=O)C4)C,3.1491077693700875,1.0155017375946045,-1.2206238508224487,1.828748345375061
1821,Q16772_wild,CC12CCC3C(C1CCC2=O)CC=C4C3(CCC(=O)C4)C,3.557350256358481,1.0371243953704834,-1.2234234809875488,1.836714267730713
1822,Q16772_G12A,CC12CCC3C(C1CCC2=O)CC=C4C3(CCC(=O)C4)C,1.9565343062189098,1.0511468648910522,-1.2268998622894287,1.8473939895629883
1823,P26697_wild,C1=CC(=C(C=C1[N+](=O)[O-])[N+](=O)[O-])Cl,0.19694139802880137,0.9286145567893982,-0.06633590161800385,0.9090896248817444
1824,P26697_F111A,C1=CC(=C(C=C1[N+](=O)[O-])[N+](=O)[O-])Cl,0.10390978255842342,0.8780061602592468,-0.04024045914411545,0.8529979586601257
1825,P26697_F111A/S208M,C1=CC(=C(C=C1[N+](=O)[O-])[N+](=O)[O-])Cl,0.0718392919168245,0.880124568939209,-0.03679948300123215,0.8621188402175903
1826,P26697_F111A/K15L,C1=CC(=C(C=C1[N+](=O)[O-])[N+](=O)[O-])Cl,-0.24224044610783194,0.7801773548126221,-0.02828986383974552,0.7316771149635315
1827,Q08392_wild,C1=CC(=C(C=C1[N+](=O)[O-])[N+](=O)[O-])Cl,0.9833004838765554,0.7171226143836975,0.00020446442067623138,0.541034996509552
1828,Q08392_R15K/E104G,C1=CC(=C(C=C1[N+](=O)[O-])[N+](=O)[O-])Cl,0.11287422520691932,0.7256921529769897,-0.015557723119854927,0.5956177711486816
1829,Q08392_E104G/L208S,C1=CC(=C(C=C1[N+](=O)[O-])[N+](=O)[O-])Cl,0.818544001980019,0.733991265296936,-0.021894345059990883,0.6225466132164001
1830,P26697_wild,CCC(=C)C(=O)C1=C(C(=C(C=C1)OCC(=O)O)Cl)Cl,1.0969100130080565,-0.04235047101974487,-1.451724648475647,1.0247875452041626
1831,P26697_F111A,CCC(=C)C(=O)C1=C(C(=C(C=C1)OCC(=O)O)Cl)Cl,1.7518139494720035,-0.09744394570589066,-1.4269274473190308,0.9663560390472412
1832,P26697_F111A/S208M,CCC(=C)C(=O)C1=C(C(=C(C=C1)OCC(=O)O)Cl)Cl,1.0935989844020535,-0.09698586910963058,-1.420137882232666,0.969275712966919
1833,P26697_F111A/K15L,CCC(=C)C(=O)C1=C(C(=C(C=C1)OCC(=O)O)Cl)Cl,0.7963738144204721,-0.23359298706054688,-1.393943428993225,0.8319149613380432
1834,Q08392_wild,CCC(=C)C(=O)C1=C(C(=C(C=C1)OCC(=O)O)Cl)Cl,0.6228152129185819,-0.5187646150588989,-1.3944567441940308,0.7366211414337158
1835,Q08392_R15K/E104G,CCC(=C)C(=O)C1=C(C(=C(C=C1)OCC(=O)O)Cl)Cl,1.0435696044124996,-0.46766871213912964,-1.4270062446594238,0.7879879474639893
1836,Q08392_E104G/L208S,CCC(=C)C(=O)C1=C(C(=C(C=C1)OCC(=O)O)Cl)Cl,1.3878786826641416,-0.45809006690979004,-1.4142687320709229,0.8012694120407104
1837,P28161_wild,C1=CC(=C(C=C1[N+](=O)[O-])[N+](=O)[O-])Cl,2.5358781109177286,1.0882405042648315,-0.4345603585243225,0.7990983724594116
1838,P28161_wild,C(CC(=O)NC(CS)C(=O)NCC(=O)O)C(C(=O)O)N,3.9094587737303215,0.8736797571182251,-0.7890624403953552,0.9266238212585449
1839,P09488_wild,C1=CC(=C(C=C1[N+](=O)[O-])[N+](=O)[O-])Cl,2.2426375927041144,0.8935847282409668,-0.4998077154159546,0.7585397362709045
1840,P09488_wild,C(CC(=O)NC(CS)C(=O)NCC(=O)O)C(C(=O)O)N,2.587871250860149,0.7040534615516663,-0.8454279899597168,0.8566004037857056
1841,Q03013_wild,C1=CC(=C(C=C1[N+](=O)[O-])[N+](=O)[O-])Cl,0.1549019599857431,0.7532585263252258,-0.44003912806510925,0.6062182188034058
1842,Q03013_wild,C(CC(=O)NC(CS)C(=O)NCC(=O)O)C(C(=O)O)N,0.4771212547196624,0.45268476009368896,-0.7229233980178833,0.6621984243392944
1843,P28161_wild,C1=C(C=C(C(=C1[N+](=O)[O-])Cl)[N+](=O)[O-])C(=O)O,0.05551732784983141,0.4240639805793762,-0.9398534297943115,0.9930301904678345
1844,P09488_wild,C1=C(C=C(C(=C1[N+](=O)[O-])Cl)[N+](=O)[O-])C(=O)O,1.0,0.20558783411979675,-1.041218876838684,0.9730358719825745
1845,Q03013_wild,C1=C(C=C(C(=C1[N+](=O)[O-])Cl)[N+](=O)[O-])C(=O)O,-1.3010299956639813,0.03197615593671799,-0.9635710120201111,0.7878689169883728
1846,Q8MU52_wild,C(CC(=O)NC(CS)C(=O)NCC(=O)O)C(C(=O)O)N,-0.012234456417011635,-1.1057546138763428,-0.7572225332260132,0.8823222517967224
1847,Q8MU52_Y9F,C(CC(=O)NC(CS)C(=O)NCC(=O)O)C(C(=O)O)N,-1.4814426719317555,-1.2309116125106812,-0.7500848174095154,0.7660108804702759
1848,Q8MU52_K15E,C(CC(=O)NC(CS)C(=O)NCC(=O)O)C(C(=O)O)N,-2.7755375479220694,-1.4282876253128052,-0.6645833253860474,0.5628795623779297
1849,Q8MU52_Q71E,C(CC(=O)NC(CS)C(=O)NCC(=O)O)C(C(=O)O)N,-0.6953786276997349,-1.2822648286819458,-0.7325922846794128,0.735991895198822
1850,Q8MU52_C86A,C(CC(=O)NC(CS)C(=O)NCC(=O)O)C(C(=O)O)N,-0.11986835032735864,-1.0616053342819214,-0.763403058052063,0.8893803358078003
1851,Q8MU52_C101A,C(CC(=O)NC(CS)C(=O)NCC(=O)O)C(C(=O)O)N,-0.5158738437116792,-1.0725700855255127,-0.7542942762374878,0.8758512735366821
1852,Q8MU52_Y211F,C(CC(=O)NC(CS)C(=O)NCC(=O)O)C(C(=O)O)N,-0.00454751346271416,-1.0813307762145996,-0.7565833330154419,0.8935800194740295
1853,P08263_wild,C(CC(=O)NC(CS)C(=O)NCC(=O)O)C(C(=O)O)N,2.03698356625317,0.759509265422821,-0.4969533085823059,0.7624244689941406
1854,P08263_M208A,C(CC(=O)NC(CS)C(=O)NCC(=O)O)C(C(=O)O)N,1.1850461017086078,0.7672942280769348,-0.4959583580493927,0.7693208456039429
1855,P08263_R15K,C(CC(=O)NC(CS)C(=O)NCC(=O)O)C(C(=O)O)N,1.3103700219181247,0.7364453077316284,-0.49890515208244324,0.7306441068649292
1856,Q8MU52_wild,C1=C(C2=NON=C2C(=C1)Cl)[N+](=O)[O-],0.7781512503836436,-0.27002766728401184,-0.3094671070575714,0.4859631657600403
1857,P21266_wild,C(CC(=O)NC(CS)C(=O)NCC(=O)O)C(C(=O)O)N,1.8105205435269653,0.7776974439620972,-0.8056755661964417,0.845833420753479
1858,P21266_wild,C1=CC(=C(C=C1[N+](=O)[O-])[N+](=O)[O-])Cl,0.6934071444306218,0.9695459008216858,-0.4775537848472595,0.7741789817810059
1859,P21266_N213G,C(CC(=O)NC(CS)C(=O)NCC(=O)O)C(C(=O)O)N,2.070037866607755,0.7976369857788086,-0.786431610584259,0.8465830087661743
1860,P21266_N213G,C1=CC(=C(C=C1[N+](=O)[O-])[N+](=O)[O-])Cl,1.5364352559356445,0.9941214323043823,-0.4661155939102173,0.7777354717254639
1861,P46439_wild,C(CC(=O)NC(CS)C(=O)NCC(=O)O)C(C(=O)O)N,2.18490972410287,0.7744543552398682,-0.7078366875648499,0.7642844915390015
1862,P46439_wild,C1=CC(=C(C=C1[N+](=O)[O-])[N+](=O)[O-])Cl,2.775974331129369,1.0194118022918701,-0.29444923996925354,0.6442130208015442
1863,Q7JYX0_wild,C1=CC(=C(C=C1[N+](=O)[O-])[N+](=O)[O-])Cl,2.3251636753807006,0.859921932220459,-0.24080120027065277,1.2942485809326172
1864,Q7JYX0_wild,C(CC(=O)NC(CS)C(=O)NCC(=O)O)C(C(=O)O)N,1.187990482355389,0.7948004603385925,-0.018119217827916145,1.1276553869247437
1865,Q9Z1B2_wild,C(CC(=O)NC(CS)C(=O)NCC(=O)O)C(C(=O)O)N,1.7112044607530306,0.6518746018409729,-0.8340415954589844,0.9138295650482178
1866,Q9Z1B2_wild,C1=CC(=C(C=C1[N+](=O)[O-])[N+](=O)[O-])Cl,0.8239087409443188,0.8452896475791931,-0.41354137659072876,0.8052067756652832
1867,P48774_wild,C(CC(=O)NC(CS)C(=O)NCC(=O)O)C(C(=O)O)N,1.6927210550590173,0.6422203183174133,-0.8551740646362305,0.9644203186035156
1868,P48774_wild,C1=CC(=C(C=C1[N+](=O)[O-])[N+](=O)[O-])Cl,0.7974564055790303,0.8671339750289917,-0.4023841619491577,0.870728075504303
1869,O51933_wild,C1=NC2=C(C(=O)N1)N=CN2C3C(C(C(O3)CSCCC(C(=O)O)N)O)O,9.64327466553287e-17,0.4223199188709259,-0.7201090455055237,2.0949862003326416
1870,Q3ZBF6_wild,CCCC(=O)SCCNC(=O)CCNC(=O)C(C(C)(C)COP(=O)(O)OP(=O)(O)OCC1C(C(C(O1)N2C=NC3=C(N=CN=C32)N)O)OP(=O)(O)O)O,2.96657624451305,0.8227354288101196,-1.7099037170410156,1.6717746257781982
1871,Q3ZBF6_wild,CCCCCC(=O)SCCNC(=O)CCNC(=O)C(C(C)(C)COP(=O)(O)OP(=O)(O)OCC1C(C(C(O1)N2C=NC3=C(N=CN=C32)N)O)OP(=O)(O)O)O,1.8293037728310249,0.6490870714187622,-1.8957266807556152,1.8359127044677734
1872,Q3ZBF6_wild,CCCCCCCC(=O)SCCNC(=O)CCNC(=O)C(C(C)(C)COP(=O)(O)OP(=O)(O)OCC1C(C(C(O1)N2C=NC3=C(N=CN=C32)N)O)OP(=O)(O)O)O,0.494850021680094,0.6394084692001343,-1.9350268840789795,1.875876784324646
1873,Q3ZBF6_wild,CCC(=O)SCCNC(=O)CCNC(=O)C(C(C)(C)COP(=O)(O)OP(=O)(O)OCC1C(C(C(O1)N2C=NC3=C(N=CN=C32)N)O)OP(=O)(O)O)O,-0.7075701760979364,0.643102765083313,-1.774287462234497,1.671952486038208
1874,P15651_wild,C[N+]1=C2C=CC=CC2=NC3=CC=CC=C31.COS(=O)(=O)[O-],1.9819359999222645,1.3111566305160522,-0.8007701635360718,2.098090648651123
1875,P15651_wild,CCCC(=O)SCCNC(=O)CCNC(=O)C(C(C)(C)COP(=O)(O)OP(=O)(O)OCC1C(C(C(O1)N2C=NC3=C(N=CN=C32)N)O)OP(=O)(O)O)O,3.4224026578390805,1.3758245706558228,-1.8252294063568115,2.0499234199523926
1876,P15651_wild,CCCCC(=O)SCCNC(=O)CCNC(=O)C(C(C)(C)COP(=O)(O)OP(=O)(O)OCC1C(C(C(O1)N2C=NC3=C(N=CN=C32)N)O)OP(=O)(O)O)O,2.868410375648338,1.3842228651046753,-1.9011167287826538,2.163273811340332
1877,P15651_wild,CCCCCC(=O)SCCNC(=O)CCNC(=O)C(C(C)(C)COP(=O)(O)OP(=O)(O)OCC1C(C(C(O1)N2C=NC3=C(N=CN=C32)N)O)OP(=O)(O)O)O,1.4745740657057826,1.204853892326355,-2.005354404449463,2.2170674800872803
1878,P16219_wild,CCCC(=O)SCCNC(=O)CCNC(=O)C(C(C)(C)COP(=O)(O)OP(=O)(O)OCC1C(C(C(O1)N2C=NC3=C(N=CN=C32)N)O)OP(=O)(O)O)O,3.2053806351576686,1.1246739625930786,-1.740541934967041,1.7707796096801758
1879,P16219_wild,CCCCC(=O)SCCNC(=O)CCNC(=O)C(C(C)(C)COP(=O)(O)OP(=O)(O)OCC1C(C(C(O1)N2C=NC3=C(N=CN=C32)N)O)OP(=O)(O)O)O,3.0796157578216423,1.1288502216339111,-1.8269028663635254,1.8873522281646729
1880,P16219_wild,CCCCCC(=O)SCCNC(=O)CCNC(=O)C(C(C)(C)COP(=O)(O)OP(=O)(O)OCC1C(C(C(O1)N2C=NC3=C(N=CN=C32)N)O)OP(=O)(O)O)O,2.687284246010824,0.9422898888587952,-1.9250385761260986,1.9569768905639648
1881,B1MK49_wild,C1=CC(=CC=C1CCC(=O)C2=C(C=C(C=C2O)O)O)O,1.0198628964731176,0.43472665548324585,-1.3697311878204346,1.211359977722168
1882,B1MK49_wild,CC(=O)C1=C(C=C(C=C1O)O)O,1.2821819124089457,0.633832573890686,-0.7047606110572815,0.1950845867395401
1883,B6VJS4_wild,C1=CC(=CC=C1C=CC2=CC(=CC(=C2)O)O)O,0.7132104434506291,-1.9071251153945923,-1.9041235446929932,0.16153162717819214
1884,Q9X0N9_wild,C(C1C(C(C(C(O1)O)O)O)O)OP(=O)(O)O,5.243038048686294,3.0493252277374268,-0.5737228989601135,1.9506758451461792
1885,Q9X0N9_wild,C1=CC(=C[N+](=C1)C2C(C(C(O2)COP(=O)(O)OP(=O)(O)OCC3C(C(C(O3)N4C=NC5=C(N=CN=C54)N)OP(=O)(O)O)O)O)O)C(=O)N,5.942008053022313,2.470731496810913,-1.0364259481430054,2.1612548828125
1886,Q9X0N9_wild,C1=CC(=C[N+](=C1)C2C(C(C(O2)COP(=O)([O-])OP(=O)(O)OCC3C(C(C(O3)N4C=NC5=C(N=CN=C54)N)O)O)O)O)C(=O)N,2.9622114391106003,2.2984750270843506,-0.5670763254165649,1.9631898403167725
1887,Q2RQ36_wild,CC=CC(=O)SCCNC(=O)CCNC(=O)C(C(C)(C)COP(=O)(O)OP(=O)(O)OCC1C(C(C(O1)N2C=NC3=C(N=CN=C32)N)O)OP(=O)(O)O)O,4.531717605963847,1.7976903915405273,-1.284171223640442,1.9456334114074707
1888,Q2RQ36_wild,CCCC=CC(=O)SCCNC(=O)CCNC(=O)C(C(C)(C)COP(=O)(O)OP(=O)(O)OCC1C(C(C(O1)N2C=NC3=C(N=CN=C32)N)O)OP(=O)(O)O)O,4.442359148460451,1.7130699157714844,-1.391798973083496,1.9694926738739014
1889,A0KYQ6_wild,CC(=O)NC1C(C(C(OC1O)CO)O)O,-0.7192845911628222,1.0697747468948364,-0.01949501223862171,0.9688222408294678
1890,Q9UJ70_wild,CC(=O)NC1C(C(C(OC1O)CO)O)O,2.4190828317954494,1.3755775690078735,-0.42640262842178345,1.2341301441192627
1891,Q9LMR3_wild,C1=CC(=C[N+](=C1)C2C(C(C(O2)COP(=O)(O)OP(=O)(O)OCC3C(C(C(O3)N4C=NC5=C(N=CN=C54)N)OP(=O)(O)O)O)O)O)C(=O)N,3.4043914970605114,1.0472731590270996,-1.3519847393035889,1.3884559869766235
1892,Q9LMR3_wild,C1=CC(C=CC1O)(CC(C(=O)[O-])[NH3+])C(=O)[O-],2.918496318033344,1.240322470664978,-0.8078674077987671,1.051113486289978
1893,Q9LMR3_wild,C1=CC(C=CC1O)(CC(=O)C(=O)O)C(=O)O,0.3010299956639812,0.9574345350265503,-0.6905950307846069,0.7771893739700317
1894,Q8TR16_wild,C1C=CN(C=C1C(=O)N)C2C(C(C(O2)COP(=O)(O)OP(=O)(O)OCC3C(C(C(O3)N4C=NC5=C(N=CN=C54)N)O)O)O)O,0.045167033033676154,0.5729718804359436,-0.8730933666229248,2.316267251968384
1895,Q8TR16_wild,C1C=CN(C=C1C(=O)N)C2C(C(C(O2)COP(=O)(O)OP(=O)(O)OCC3C(C(C(O3)N4C=NC5=C(N=CN=C54)N)OP(=O)(O)O)O)O)O,2.013572807189274,0.3814131021499634,-1.1563588380813599,2.517484188079834
1896,O51899_wild,CC1(C(N2C(S1)C(C2=O)NC(=O)C(C3=CC=CC=C3)N)C(=O)O)C,3.640978057358332,2.114237070083618,-0.8692169785499573,2.515625476837158
1897,O51899_wild,CC1(C(N2C(S1)C(C2=O)NC(=O)C(C3=CC=CC=C3)C(=O)O)C(=O)O)C,3.1546780391342226,1.88982355594635,-1.1784210205078125,2.640345335006714
1898,O51899_wild,CC1(C(N2C(S1)C(C2=O)NC(=O)CC3=CC=CC=C3)C(=O)O)C,4.342422680822207,2.063095808029175,-0.9270171523094177,2.3799376487731934
1899,O51899_wild,CC1=C(C(=NO1)C2=CC=CC=C2)C(=O)NC3C4N(C3=O)C(C(S4)(C)C)C(=O)O,4.023481095849523,1.9339998960494995,-1.21861732006073,2.671052932739258
1900,O51899_wild,C1C(=C(N2C(S1)C(C2=O)NC(=O)CC3=CC=CS3)C(=O)[O-])C[N+]4=CC=CC=C4,1.9700367766225568,1.1319748163223267,-1.1959786415100098,2.501727342605591
1901,O51899_wild,CC1=C(N2C(C(C2=O)NC(=O)C(C3=CC=CC=C3)N)SC1)C(=O)O,2.568201724066995,1.1500178575515747,-1.1245043277740479,2.511854648590088
1902,O51899_wild,CC(=O)OCC1=C(N2C(C(C2=O)NC(=O)C(C3=CC=CC=C3)N)SC1)C(=O)O,2.7224511001855416,1.2852612733840942,-1.224804401397705,2.614098072052002
1903,O51899_wild,C1C(=C(N2C(S1)C(C2=O)NC(=O)CC3=CC=CS3)C(=O)O)C=CC4=C(C=C(C=C4)[N+](=O)[O-])[N+](=O)[O-],3.4559319556497243,1.227486491203308,-1.6753637790679932,2.728050470352173
1904,O51899_wild,CON=C(C1=CC=CO1)C(=O)NC2C3N(C2=O)C(=C(CS3)COC(=O)N)C(=O)O,3.425968732272281,1.3134979009628296,-1.58009672164917,2.5634713172912598
1905,O51899_wild,CC(=O)OCC1=C(N2C(C(C2=O)NC(=O)C(=NOC)C3=CSC(=N3)N)SC1)C(=O)O,3.4045705875710506,1.1941643953323364,-1.4281885623931885,2.4643361568450928
1906,O51899_wild,CC(C1C2CC(=C(N2C1=O)C(=O)O)SCCN=CN)O,2.8586708472035305,1.9156335592269897,-1.2837597131729126,2.5400497913360596
1907,O51899_wild,CC1(C(N2C(S1)C(C2=O)I)C(=O)[O-])C,3.005395031886706,1.898437738418579,-0.5186528563499451,1.6869304180145264
1908,O51899_wild,CC1(C(N2C(S1(=O)=O)CC2=O)C(=O)O)C,3.441405702453128,1.519675850868225,-0.8609055280685425,1.961881160736084
1909,O51899_wild,COC1(C2N(C1=O)C(=C(CS2)COC(=O)N)C(=O)O)NC(=O)CC3=CC=CS3,2.7403626894942437,0.5390699505805969,-1.8207006454467773,2.364750862121582
1910,O51899_wild,CN1C(=NN=N1)SCC2=C(N3C(C(C3=O)(NC(=O)C(C4=CC=C(C=C4)O)C(=O)O)OC)OC2)C(=O)O,2.462397997898956,0.2628802955150604,-1.4804850816726685,2.246884346008301
1911,P52700_wild,CC(C1C2N(C1=O)C(=C(S2)OC3=CC=C(C=C3)C(=O)N)C(=O)O)O,1.8750612633917,1.3741779327392578,-1.5753977298736572,2.97312593460083
1912,P52700_wild,C1C(=C(N2C(S1)C(C2=O)NC(=O)C(C3=CSC(=N3)N)NC=O)C(=O)O)CSC4=CN=NS4,3.1484198324578228,1.2852925062179565,-1.3783910274505615,2.348175048828125
1913,P52700_wild,CCN1CCN(C(=O)C1=O)C(=O)NC(C2=CC=CC=C2)C(=O)NC3C4N(C3=O)C(C(S4)(C)C)C(=O)O,4.342422680822207,1.9630593061447144,-1.27178955078125,2.8166112899780273
1914,P52700_wild,CC1(C(N2C(S1)C(C2=O)NC(=O)C(C3=CCC=CC3)N)C(=O)O)C,3.724275869600789,2.1459901332855225,-1.0174682140350342,2.744694232940674
1915,P52700_wild,CC1(C(N2C(S1)C(C2=O)NC(=O)C(C3=CC=CC=C3)NC(=O)N4CCNC4=O)C(=O)O)C,4.096910013008056,1.7536001205444336,-1.298669457435608,2.3950581550598145
1916,P52700_wild,C1C(=C(N2C(S1)C(C2=O)NC(=O)C(C3=CC=CC=C3)S(=O)(=O)O)C(=O)[O-])C[N+]4=CC=C(C=C4)C(=O)N,3.1760912590556813,0.8267005085945129,-1.498236894607544,2.7399792671203613
1917,P52700_wild,CON=C(C1=CSC(=N1)N)C(=O)NC2C3N(C2=O)C(=C(CS3)C[N+]4=CC=CC5=C4CCC5)C(=O)[O-],2.4242689473943866,1.3539087772369385,-1.5865644216537476,2.757542610168457
1918,P52700_wild,CC1=C(N2C(C(C2=O)NC(=O)C(C3=CCC=CC3)N)SC1)C(=O)O,2.505149978319906,1.2374359369277954,-1.1708369255065918,2.5624964237213135
1919,P52700_wild,CC1(C(N2C(S1)C(C2=O)NC(=O)C(C3=CSC=C3)C(=O)O)C(=O)O)C,3.4973246408079497,1.951952576637268,-1.1945477724075317,2.6257715225219727
1920,P52700_wild,CC1(C(N2C(S1)C(C2=O)(NC(=O)C(C3=CSC=C3)C(=O)O)OC)C(=O)O)C,2.9400020703247147,1.993320345878601,-1.1112922430038452,2.793238639831543
1921,P52700_wild,CC1(C(N2C(S1)C(C2=O)NC(=O)C(C3=CC=CC=C3)N)C(=O)OC4C5=CC=CC=C5C(=O)O4)C,3.1383026981662816,1.508542537689209,-1.3199503421783447,2.757124662399292
1922,P52700_wild,CC1(C(N2C(S1)C(C2=O)NC(=O)C(C3=CC=CC=C3)S(=O)(=O)O)C(=O)O)C,3.0734289171585334,1.9465655088424683,-1.302634358406067,2.9264097213745117
1923,P52700_wild,CC(=C1C2CC(=C(N2C1=O)C(=O)O)S(=O)C=CNC(=O)C)CO,3.845098040014257,1.7058521509170532,-1.7700183391571045,3.1089515686035156
1924,P52700_wild,CC1(C(N2C(S1(=O)=O)CC2=O)C(=O)O)CN3C=CN=N3,3.1526101632061585,1.4373586177825928,-1.0988831520080566,2.2230064868927
1925,P52700_wild,CON=C(C1=CC=CO1)C(=O)NC2C3N(C2=O)C(=C(CS3)COC(=O)N)C(=O)O,2.610332517293952,1.4007266759872437,-1.6166067123413086,2.6913435459136963
1926,P52700_wild,CN1C=C(N=N1)C=C2C3N(C2=O)C(=CS3)C(=O)[O-].[Na+],2.942008053022313,1.6713861227035522,-0.8096960783004761,2.492931365966797
1927,P52700_wild,CC=CC1=C(N2C(C(C2=O)NC(=O)C(C3=CC=C(C=C3)O)N)SC1)C(=O)O,2.1760912590556813,0.9596140384674072,-1.4865391254425049,2.818432331085205
1928,P52700_wild,CC(=O)OCC1=C(N2C(C(C2=O)NC(=O)C(=NOC)C3=CSC(=N3)N)SC1)C(=O)O,2.942008053022313,1.2855030298233032,-1.478674292564392,2.5878961086273193
1929,P52700_wild,C1C(=C(N2C(S1)C(C2=O)NC(=O)CC3=CC=CS3)C(=O)[O-])C[N+]4=CC=CC=C4,2.5956258813225523,1.252275824546814,-1.2424168586730957,2.6387386322021484
1930,P52700_wild,CON=C(C1=CSC(=N1)N)C(=O)NC2C3N(C2=O)C(=CCS3)C(=O)O,2.533736672868546,1.2197049856185913,-1.638244867324829,2.5712358951568604
1931,P52700_wild,CN1C(=NN=N1)SCC2=C(N3C(C(C3=O)(NC(=O)CSCC#N)OC)SC2)C(=O)O,3.059314001215982,0.6802291870117188,-1.2293450832366943,2.1958720684051514
1932,P52700_wild,CC(=O)OCC1=C(N2C(C(C2=O)NC(=O)CCCC(C(=O)O)N)SC1)C(=O)O,3.191885526238913,1.3797482252120972,-1.150050401687622,2.606424331665039
1933,P52700_wild,C1C2N(C1=O)C(C(=CCO)O2)C(=O)O,2.6989700043360187,1.591874361038208,-1.0131134986877441,2.2849996089935303
1934,P52700_wild,CN1C(=NN=N1)SCC2=C(N3C(C(C3=O)(NC(=O)C(C4=CC=C(C=C4)O)C(=O)O)OC)OC2)C(=O)O,1.4771212547196624,0.31723013520240784,-1.507580280303955,2.3719496726989746
1935,P52700_wild,CC1=C(N2C(C(C2=O)NC(=O)C(C3=CC=C(C=C3)O)N)SC1)C(=O)O,1.9637878273455553,1.0437695980072021,-1.2703717947006226,2.653290271759033
1936,P52700_wild,C[N+]1(CCCC1)CC2=C(N3C(C(C3=O)NC(=O)C(=NOC)C4=CSC(=N4)N)SC2)C(=O)[O-],0.40457058757105085,0.8425495028495789,-1.332524299621582,2.4995479583740234
1937,Q6VCW0_wild,CC1(C(N2C(S1)C(C2=O)NC(=O)CC3=CC=CC=C3)C(=O)O)C,2.204119982655925,0.4623109698295593,-0.573565661907196,1.591633915901184
1938,Q96GA7_wild,CC(C(C(=O)O)N)O,-0.3774183415274359,0.5900726318359375,1.184767723083496,0.2940959334373474
1939,P20132_A65G,CC(C(C(=O)O)N)O,-1.0314084642516241,1.0496203899383545,1.26348876953125,0.337245374917984
1940,Q96GA7_G72A,CC(C(C(=O)O)N)O,0.5740312677277188,0.5533525943756104,1.1927591562271118,0.26120832562446594
1941,P20132_S166A,CC(C(C(=O)O)N)O,0.21484384804769785,1.0128200054168701,1.2582576274871826,0.3025412857532501
1942,Q96GA7_A172S,CC(C(C(=O)O)N)O,-0.7891466346851068,0.6098681688308716,1.1917940378189087,0.29560384154319763
1943,P20132_A222S,CC(C(C(=O)O)N)O,0.42360199899317413,1.035709261894226,1.2769819498062134,0.3158266246318817
1944,Q96GA7_S228A,CC(C(C(=O)O)N)O,-1.8016323462331665,0.5811474323272705,1.1795227527618408,0.286737859249115
1945,P20132_A65G/A222S,CC(C(C(=O)O)N)O,-0.3424226808222063,1.0547341108322144,1.2686655521392822,0.3439681828022003
1946,Q96GA7_G72A/S228A,CC(C(C(=O)O)N)O,0.12493873660829992,0.5433348417282104,1.1889293193817139,0.2539485692977905
1947,P20132_C303A,CC(C(C(=O)O)N)O,-1.8029748341086758,1.0411823987960815,1.29519784450531,0.3211028575897217
1948,Q96GA7_C309A,CC(C(C(=O)O)N)O,-3.0969100130080562,0.5931930541992188,1.178814172744751,0.2929896116256714
1949,Q9FSC0_wild,CC(C)(COP(=O)(O)OP(=O)(O)OCC1C(C(C(O1)N2C=NC3=C(N=CN=C32)N)O)OP(=O)(O)O)C(C(=O)NCCC(=O)NCCSC(=O)C4=CC=CC=C4NC)O,-0.4139897958232545,-1.9416488409042358,-2.271775245666504,1.1202797889709473
1950,Q9FSC0_wild,CC(C)(COP(=O)(O)OP(=O)(O)OCC1C(C(C(O1)N2C=NC3=C(N=CN=C32)N)O)OP(=O)(O)O)C(C(=O)NCCC(=O)NCCSC(=O)CC4=CC=CC=C4)O,0.30250466650813984,-2.130720376968384,-2.1628196239471436,0.9416615962982178
1951,Q9FSC0_wild,CC(C)(COP(=O)(O)OP(=O)(O)OCC1C(C(C(O1)N2C=NC3=C(N=CN=C32)N)O)OP(=O)(O)O)C(C(=O)NCCC(=O)NCCSC(=O)C4=CC=CC=C4)O,-0.230913143451335,-2.1452324390411377,-2.1874961853027344,0.9275788068771362
1952,Q9FSC0_wild,CCCCC(=O)SCCNC(=O)CCNC(=O)C(C(C)(C)COP(=O)([O-])OP(=O)([O-])OCC1C(C(C(O1)N2C=NC3=C(N=CN=C32)N)O)OP(=O)([O-])[O-])O,-0.7323938387856088,-2.0517876148223877,-2.059535503387451,1.039669394493103
1953,Q9FSC0_wild,CCCCCC(=O)SCCNC(=O)CCNC(=O)C(C(C)(C)COP(=O)(O)OP(=O)(O)OCC1C(C(C(O1)N2C=NC3=C(N=CN=C32)N)O)OP(=O)(O)O)O,0.8434622773199977,-2.137155771255493,-2.1904354095458984,0.9486474394798279
1954,Q9FSC0_wild,CCCCCCC(=O)SCCNC(=O)CCNC(=O)C(C(C)(C)COP(=O)(O)OP(=O)(O)OCC1C(C(C(O1)N2C=NC3=C(N=CN=C32)N)O)OP(=O)(O)O)O,0.6037020203372865,-2.172614812850952,-2.1817922592163086,0.9599012136459351
1955,Q9FSC0_wild,CCCCCCCC(=O)SCCNC(=O)CCNC(=O)C(C(C)(C)COP(=O)(O)OP(=O)(O)OCC1C(C(C(O1)N2C=NC3=C(N=CN=C32)N)O)OP(=O)(O)O)O,0.5228787452803376,-2.16355299949646,-2.2221431732177734,0.9682832360267639
1956,Q9FSC0_wild,CC(C)(COP(=O)(O)OP(=O)(O)OCC1C(C(C(O1)N2C=NC3=C(N=CN=C32)N)O)OP(=O)(O)O)C(C(=O)NCCC(=O)NCCSC(=O)C=CC4=CC=C(C=C4)O)O,-1.6893089025530705,-2.3944461345672607,-2.252906322479248,0.861696720123291
1957,Q9FSC0_wild,CC(C)(COP(=O)(O)OP(=O)(O)OCC1C(C(C(O1)N2C=NC3=C(N=CN=C32)N)O)OP(=O)(O)O)C(C(=O)NCCC(=O)NCCSC(=O)CCC4=CC=CC=C4)O,-0.04575749056067517,-2.056313991546631,-2.142853260040283,0.9850749969482422
1958,Q9FSC0_wild,CC(C)(COP(=O)(O)OP(=O)(O)OCC1C(C(C(O1)N2C=NC3=C(N=CN=C32)N)O)OP(=O)(O)O)C(C(=O)NCCC(=O)NCCSC(=O)C=CC4=CC=CC=C4)O,-0.9416532580471845,-2.2238519191741943,-2.277280330657959,0.9937039017677307
1959,Q9FSC0_wild,CC(C)(COP(=O)([O-])OP(=O)([O-])OCC1C(C(C(O1)N2C=NC3=C(N=CN=C32)N)O)OP(=O)([O-])[O-])C(C(=O)NCCC(=O)NCCSC(=O)C=CC4=CC(=C(C=C4)O)OC)O,-2.000867634672339,-2.0825836658477783,-2.2520909309387207,1.1803194284439087
1960,P0A6L0_wild,C(C=O)C(C(CO)O)O,-2.7264910779872817,-0.6550296545028687,1.2357704639434814,-0.10154300928115845
1961,P0A6L0_K172E,C(C=O)C(C(CO)O)O,-3.4569178686313755,-0.8829324245452881,1.3262580633163452,-0.26312530040740967
1962,P0A6L0_R207E,C(C=O)C(C(CO)O)O,-2.7123339658940004,-0.6340112686157227,1.3145785331726074,-0.13981163501739502
1963,P0A6L0_S238D,C(C=O)C(C(CO)O)O,-2.26884531229258,-0.6652684211730957,1.2762792110443115,-0.11019852757453918
1964,P0A6L0_S239E,C(C=O)C(C(CO)O)O,-2.583036754014532,-0.666782021522522,1.2741820812225342,-0.11637243628501892
1965,P51025_wild,CC(=O)OC1=CC=C(C=C1)[N+](=O)[O-],0.01472325682070638,-0.2029743194580078,-0.10748757421970367,0.4862799644470215
1966,P51025_wild,CCC(=O)OC1=CC=C(C=C1)[N+](=O)[O-],-0.7729500566978358,-0.2733752727508545,-0.07578542828559875,0.622114896774292
1967,P51025_wild,C(CC(=O)NC(CSC=O)C(=O)NCC(=O)O)C(C(=O)O)N,1.8420610032887748,0.15579020977020264,-0.09072130173444748,0.720927357673645
1968,P51025_wild,CC(C(=O)SCC(C(=O)NCC(=O)O)NC(=O)CCC(C(=O)O)N)O,-1.0791812460476249,0.26787659525871277,-0.06272605061531067,1.0254127979278564
1969,I0JWN7_wild,CO,2.3979400086720375,0.917646050453186,-1.180485486984253,0.42405596375465393
1970,Q8KQ56_wild,[O-]P(=O)([O-])[O-],0.8395889452294811,1.356714129447937,0.2841930687427521,1.588233232498169
1971,Q8KQ56_wild,C(C1C(C(C(C(O1)OP(=O)(O)O)O)O)O)O,1.7865844179205064,1.3006330728530884,-0.10574926435947418,1.4870291948318481
1972,P00490_wild,C(C1C(C(C(C(O1)OC2C(OC(C(C2O)O)OC3C(OC(C(C3O)O)OC4C(OC(C(C4O)O)OC5C(OC(C(C5O)O)OC6C(OC(C(C6O)O)OC7C(OC(C(C7O)O)O)CO)CO)CO)CO)CO)CO)O)O)O)O,1.7481880270062005,1.4820359945297241,-0.6365838050842285,1.2396726608276367
1973,P00490_wild,C(C1C(C(C(C(O1)OP(=O)(O)O)O)O)O)O,1.5797835966168101,1.4025799036026,-0.7689478397369385,1.1731451749801636
1974,P00490_wild,C(C1C(C(C(C(O1)OC2C(OC(C(C2O)O)OC3C(OC(C(C3O)O)OC4C(OC(C(C4O)O)O)CO)CO)CO)O)O)O)O,1.1026623418971477,1.501922845840454,-0.6160790920257568,1.129088044166565
1975,P9WIK7_wild,C(C1C(C(C(C(O1)OC2C(C(C(C(O2)CO)O)O)OS(=O)(=O)O)O)O)O)O,-2.5740312460129955,-1.5736922025680542,-0.37048280239105225,0.13732117414474487
1976,P9WHG9_wild,C1=NC2=C(N1C3C(C(C(O3)COP(=O)(O)OP(=O)(O)OP(=O)(O)O)OP(=O)(O)OP(=O)(O)O)O)N=C(NC2=O)N,0.7826517516103201,0.4621356725692749,-0.9875959753990173,0.37911924719810486
1977,P9WHG9_wild,C1=NC2=C(N1C3C(C(C(O3)COP(=O)(O)OP(=O)(O)O)OP(=O)(O)OP(=O)(O)O)O)N=C(NC2=O)N,0.8614324073565197,0.5036646127700806,-0.8795589208602905,0.3054417669773102
1978,P16083_wild,CC1=CC(=O)C2=CC=CC=C2C1=O,5.571759451831112,1.7603434324264526,-1.9572031497955322,1.8302228450775146
1979,P16083_wild,C1=CC(=O)C=CC1=NC2=CC(=C(C(=C2)Cl)O)Cl,3.823908771965352,1.0318496227264404,-1.7211790084838867,1.5007554292678833
1980,P16083_wild,C1C=CN(C=C1C(=O)N)C2C(C(C(O2)CO)O)O,3.22184878063739,1.4344297647476196,-0.7775716781616211,0.9602013826370239
1981,P16083_wild,C1C=CN(C=C1C(=O)N)C2C(C(C(O2)COP(=O)(O)OP(=O)(O)OCC3C(C(C(O3)N4C=NC5=C(N=CN=C54)N)O)O)O)O,1.013572807189274,1.273255467414856,-1.2384281158447266,1.4135313034057617
1982,P16083_wild,CN(C)C1=CC=C(C=C1)N=NC2=CC=CC=C2C(=O)O,2.911478689933493,0.4014356732368469,-1.7613009214401245,1.5867844820022583
1983,P16083_wild,C1CN1C2=C(C=C(C(=C2)C(=O)N)[N+](=O)[O-])[N+](=O)[O-],1.3631779024128257,0.48436814546585083,-0.7745112180709839,1.2118303775787354
1984,P16083_wild,CC1=C(SC(=N1)[N+]2=NC(=NN2C3=CC=CC=C3)C4=CC=CC=C4)C.[Br-],2.9622114391106003,1.111068844795227,-1.381673812866211,1.6776306629180908
1985,P46309_wild,C(C(C(=O)O)N)S,-1.329058719264225,0.7804639339447021,-0.7384105324745178,0.8250563144683838
1986,P46309_wild,C(CC(=O)O)C(C(=O)O)N,-1.95186266530236,1.066245436668396,0.290793240070343,0.7725662589073181
1987,P46309_wild,C1=NC(=C2C(=N1)N(C=N2)C3C(C(C(O3)COP(=O)(O)OP(=O)(O)OP(=O)(O)O)O)O)N,-1.3770062295700847,0.8798395395278931,-0.6090187430381775,1.098930835723877
1988,A5U654_wild,C1=NC(=C2C(=N1)N(C=N2)C3C(C(C(O3)COP(=O)(O)OP(=O)(O)OP(=O)(O)O)O)O)N,5.11997531707675,1.6648541688919067,-0.642280101776123,1.5818389654159546
1989,A5U654_wild,C1=NC2=C(N1C3C(C(C(O3)COP(=O)(O)OP(=O)(O)OP(=O)(O)O)O)O)N=C(NC2=O)N,2.3145451761010403,1.6352721452713013,-0.5375962257385254,1.4562716484069824
1990,A5U654_wild,C1C(C(OC1N2C=NC3=C(N=CN=C32)N)COP(=O)(O)OP(=O)(O)OP(=O)(O)O)O,1.633539078310355,1.4973795413970947,-0.4751589894294739,1.410583257675171
1991,A5U654_wild,C1=CN(C(=O)NC1=O)C2C(C(C(O2)COP(=O)(O)OP(=O)(O)OP(=O)(O)O)O)O,1.225796869158679,1.3221125602722168,-0.39378079771995544,1.3748925924301147
1992,A5U654_wild,C1=CN(C(=O)N=C1N)C2C(C(C(O2)COP(=O)(O)OP(=O)(O)OP(=O)(O)O)O)O,0.35094352354839325,1.2826703786849976,-0.36636170744895935,1.3071033954620361
1993,A5U654_wild,C(C1C(C(C(C(O1)O)O)O)O)O,3.539912084579118,1.550441026687622,-0.5671603679656982,0.7952236533164978
1994,C0LA90_wild,CC1(C(C1(C)C)C(=O)OC(C#N)C2=CC(=CC=C2)OC3=CC=CC=C3)C,4.39133464207351,0.31107306480407715,-2.5482523441314697,2.088563919067383
1995,C0LA90_wild,CC(C)C(C1=CC=C(C=C1)Cl)C(=O)OC(C#N)C2=CC(=CC=C2)OC3=CC=CC=C3,3.1918855262389134,0.33810263872146606,-2.3650360107421875,1.8584187030792236
1996,C0LA90_wild,CC(=O)OC1=CC=C(C=C1)[N+](=O)[O-],3.1690294045681946,1.7988322973251343,-1.056386947631836,1.9009920358657837
1997,C0LA90_wild,CCCC(=O)OC1=CC=C(C=C1)[N+](=O)[O-],2.8263693394919756,1.8493672609329224,-1.2776892185211182,1.962477445602417
1998,C0LA90_wild,CCCCCC(=O)OC1=CC=C(C=C1)[N+](=O)[O-],2.1783127190496394,1.7060980796813965,-1.5937769412994385,2.0442392826080322
1999,P04951_wild,C1=CN(C(=O)N=C1N)C2C(C(C(O2)COP(=O)(O)OP(=O)(O)OP(=O)(O)O)O)O,1.8219301749622308,0.452467143535614,-0.8276751637458801,0.6015816926956177
2000,Q2KJ64_wild,C(CC(C(=O)O)N)CN=C(N)N,3.6585414532058813,1.7694103717803955,0.24984140694141388,0.43485382199287415
2001,P07824_wild,C1=CC(=CC(=C1)[N+](=O)[O-])N=C(N)N,-3.0280287236002437,0.2996378540992737,-0.26332947611808777,0.7816285490989685
2002,P07824_D232A,C(CC(C(=O)O)N)CN=C(N)N,-2.1249387366083,1.4267069101333618,0.2985447943210602,0.424142450094223
2003,P07824_D232C,C(CC(C(=O)O)N)CN=C(N)N,0.17609125905568124,1.4150115251541138,0.3039654493331909,0.4090680778026581
2004,P07824_D128E,C(CC(C(=O)O)N)CN=C(N)N,-1.301029995663981,1.190011978149414,0.348296582698822,0.3234803378582001
2005,P07824_D128N,C(CC(C(=O)O)N)CN=C(N)N,-2.5642714304385628,1.0090802907943726,0.3578471839427948,0.19720691442489624
2006,P07824_D128A,C(CC(C(=O)O)N)CN=C(N)N,-2.5228787452803374,1.0776845216751099,0.3514721989631653,0.26087498664855957
2007,P07824_D234E,C(CC(C(=O)O)N)CN=C(N)N,0.421603926869831,1.0248911380767822,0.3570837378501892,0.20878776907920837
2008,P07824_D234A,C(CC(C(=O)O)N)CN=C(N)N,-0.7958800173440752,1.0512323379516602,0.3610825538635254,0.23487713932991028
2009,P07824_D234H,C(CC(C(=O)O)N)CN=C(N)N,-1.0969100130080565,0.9533288478851318,0.37204310297966003,0.1538320779800415
2010,P07824_H101E,C(CC(C(=O)O)N)CN=C(N)N,0.4240927272735258,0.8343719244003296,0.4429517090320587,0.1206657886505127
2011,P07824_H101N,C(CC(C(=O)O)N)CN=C(N)N,2.0718820073061255,0.9428306221961975,0.39731961488723755,0.16521988809108734
2012,P07824_H141A,C(CC(C(=O)O)N)CN=C(N)N,-0.25527250510330607,1.2929613590240479,0.38768476247787476,0.3629150986671448
2013,P07824_H141D,C(CC(C(=O)O)N)CN=C(N)N,-1.360151447782638,1.3030894994735718,0.3624666929244995,0.3603162169456482
2014,P07824_G235A,C(CC(C(=O)O)N)CN=C(N)N,1.9030899869919435,1.645501971244812,0.25247514247894287,0.5627145767211914
2015,B8AU84_wild,C(CC(C(=O)O)N)CN=C(N)N,0.8641212773276873,1.1973732709884644,0.6219021081924438,0.5837996006011963
2016,O15826_wild,C1C(C(OC1N2C=CC(=O)NC2=O)COP(=O)(O)OP(=O)(O)OP(=O)(O)O)O,4.365913624730821,1.6139808893203735,-1.0415713787078857,0.6233993172645569
2017,O15826_wild,C1C(C(OC1N2C=CC(=O)NC2=O)COP(=O)(O)OP(=O)(O)O)O,3.0156458158121393,1.5768003463745117,-1.2440719604492188,0.6352462768554688
2018,O15826_wild,C1C(C(OC1N2C=NC3=C(N=CN=C32)N)COP(=O)(O)OP(=O)(O)OP(=O)(O)O)O,0.7178732210650449,1.3492249250411987,-0.9177278876304626,0.5648736357688904
2019,O15826_wild,CC1=CN(C(=O)NC1=O)C2CC(C(O2)COP(=O)(O)OP(=O)(O)OP(=O)(O)O)O,0.7543725760795138,1.4353011846542358,-0.7847685217857361,0.5034127831459045
2020,O15826_wild,C1C(C(OC1N2C=NC3=C2N=C(NC3=O)N)COP(=O)(O)OP(=O)(O)OP(=O)(O)O)O,0.505149978319906,1.179866075515747,-0.9563173055648804,0.5457580089569092
2021,Q9FVE4_wild,C(C(C1C(=O)C(=O)C(=O)O1)O)O,3.7132104434506292,3.192897319793701,-0.6570996046066284,1.6094545125961304
2022,Q9FVE4_wild,C(CC(=O)NC(CS)C(=O)NCC(=O)O)C(C(=O)O)N,2.4499690086760477,2.797307014465332,-0.06713292002677917,1.2599022388458252
2023,P23946_wild,CCC(C)C(C(=O)NC(CC1=CN=CN1)C(=O)N2CCCC2C(=O)NC(CC3=CC=CC=C3)C(=O)NC(CC4=CN=CN4)C(=O)NC(CC(C)C)C(=O)O)NC(=O)C(CC5=CC=C(C=C5)O)NC(=O)C(C(C)C)NC(=O)C(CCCN=C(N)N)NC(=O)C(CC(=O)O)N,4.712758288821652,1.307698130607605,-1.5348702669143677,1.8510892391204834
2024,P23946_wild,CCC(C)C(C(=O)NC(CC(C)C)C(=O)O)NC(=O)C(CC1=CC=C(C=C1)O)NC(=O)C2CCCN2C(=O)C(CCCN=C(N)N)NC(=O)C(CCCN=C(N)N)NC(=O)C3CCCN3C(=O)C(CCCCN)NC(=O)C(CC(=O)N)NC(=O)C(CCC(=O)O)NC(=O)C(CC4=CC=C(C=C4)O)NC(=O)C(CC(C)C)NC(=O)C5CCC(=O)N5,2.3679767852945943,1.3976434469223022,-1.2178516387939453,1.4990272521972656
2025,Q6ZQY3_wild,C(C(C(=O)O)N)S(=O)O,0.2218487496163564,-0.030523113906383514,-0.6554436087608337,0.24150094389915466
2026,Q9UBP0_wild,C1=NC(=C2C(=N1)N(C=N2)C3C(C(C(O3)COP(=O)(O)OP(=O)(O)OP(=O)(O)O)O)O)N,0.6879746200345557,-0.6322004795074463,-0.9301272034645081,0.528834342956543
2027,Q9HU77_wild,C(CC(=O)O)C(C(=O)O)N=CN,2.1489390130120665,-0.005842350423336029,-0.20594394207000732,1.2273633480072021
2028,Q9HU77_E235A,C(CC(=O)O)C(C(=O)O)N=CN,-1.3424226808222062,-0.2477458119392395,-0.1274627447128296,1.0237445831298828
2029,Q9HU77_E235D,C(CC(=O)O)C(C(=O)O)N=CN,-2.12057393120585,-0.25200924277305603,-0.11897773295640945,1.0161945819854736
2030,Q9HU77_E235Q,C(CC(=O)O)C(C(=O)O)N=CN,-2.199572354905204,-0.07709950953722,-0.19022922217845917,1.1763869524002075
2031,A4IET9_wild,C1C(C(OC1N2C=CC(=O)NC2=O)COP(=O)(O)O)O,2.0462646952835555,-0.9389743804931641,-1.5315992832183838,0.26811689138412476
2032,A4IET9_wild,C1C2CN(CN2C3=C(N1)N=C(NC3=O)N)C4=CC=C(C=C4)C(=O)NC(CCC(=O)O)C(=O)O,1.4684316121454888,-0.6562268137931824,-1.1403682231903076,0.7152531147003174
2033,A4IET9_wild,C1C=CN(C=C1C(=O)N)C2C(C(C(O2)COP(=O)(O)OP(=O)(O)OCC3C(C(C(O3)N4C=NC5=C(N=CN=C54)N)OP(=O)(O)O)O)O)O,1.039787938400132,-0.591103196144104,-1.5215730667114258,0.6213420629501343
2034,Q9A196_wild,C1=NC(=C2C(=N1)N(C=N2)C3C(C(C(O3)COP(=O)(O)OP(=O)(O)OP(=O)(O)O)O)O)N,1.8573324964312685,0.7516452670097351,-0.6763672828674316,1.2739171981811523
2035,Q9A196_wild,C(CCN)CC(C(=O)O)N,1.8678826787645766,0.4298567771911621,0.2188883125782013,0.3103865385055542
2036,Q9A196_wild,CC(C(=O)NC(CCC(=O)O)C(=O)O)NC(=O)C(C)OC1C(C(OC(C1O)CO)OP(=O)(O)OP(=O)(O)OCC2C(C(C(O2)N3C=CC(=O)NC3=O)O)O)NC(=O)C,2.6424886483835706,0.6796841025352478,-1.2148120403289795,1.400635838508606
2037,Q6PFW1_wild,C1(C(C(C(C(C1OP(=O)(O)O)OP(=O)(O)O)OP(=O)(O)O)OP(=O)(O)O)OP(=O)(O)O)OP(=O)(O)O,0.619788758288394,-0.532970130443573,-1.899245023727417,1.0051894187927246
2038,Q6ZQB6_wild,C1(C(C(C(C(C1OP(=O)(O)O)OP(=O)(O)O)OP(=O)(O)O)OP(=O)(O)O)OP(=O)(O)O)OP(=O)(O)O,1.362548033583196,-0.8977773189544678,-2.526609420776367,1.7929143905639648
2039,Q6ZQB6_wild,C1(C(C(C(C(C1OP(=O)(O)O)OP(=O)(O)O)OP(=O)(O)OP(=O)(O)O)OP(=O)(O)O)OP(=O)(O)O)OP(=O)(O)O,1.4797938445809893,-0.7779929637908936,-2.5334105491638184,1.7741920948028564
2040,Q3J5L6_wild,CC(C)(COP(=O)(O)OP(=O)(O)OCC1C(C(C(O1)N2C=NC3=C(N=CN=C32)N)O)OP(=O)(O)O)C(C(=O)NCCC(=O)NCCSC(=O)CC(C(=O)O)O)O,2.0969100130080562,0.7485525012016296,-1.1683954000473022,1.9041082859039307
2041,D2DRC4_wild,CC(C)(COP(=O)(O)OP(=O)(O)OCC1C(C(C(O1)N2C=NC3=C(N=CN=C32)N)O)OP(=O)(O)O)C(C(=O)NCCC(=O)NCCSC(=O)C4=CC=CC=C4)O,1.0251106229887545,-1.5232347249984741,-2.272782802581787,0.8544988632202148
2042,D2DRC4_wild,CC(C)(COP(=O)(O)OP(=O)(O)OCC1C(C(C(O1)N2C=NC3=C(N=CN=C32)N)O)OP(=O)(O)O)C(C(=O)NCCC(=O)NCCSC(=O)CC(=O)O)O,0.1712386586669926,-1.617324709892273,-1.980931282043457,0.9252435564994812
2043,D2DRC5_wild,CC(C)(COP(=O)(O)OP(=O)(O)OCC1C(C(C(O1)N2C=NC3=C(N=CN=C32)N)O)OP(=O)(O)O)C(C(=O)NCCC(=O)NCCSC(=O)C4=CC=CC=C4)O,1.0263289387223493,-1.4868701696395874,-2.234010934829712,0.8917893171310425
2044,D2DRC5_wild,CC(C)(COP(=O)(O)OP(=O)(O)OCC1C(C(C(O1)N2C=NC3=C(N=CN=C32)N)O)OP(=O)(O)O)C(C(=O)NCCC(=O)NCCSC(=O)CC(=O)O)O,0.22612754759563142,-1.592799425125122,-1.941165566444397,0.9676580429077148
2045,P08311_wild,CC(C(=O)NC(C)C(=O)N1CCCC1C(=O)NC(CC2=CC=CC=C2)C(=O)NC3=CC=C(C=C3)[N+](=O)[O-])NC(=O)CCC(=O)O,1.4385578595803017,0.9308497905731201,-0.8795679807662964,1.6172726154327393
2046,W6AYH3_wild,OO,1.8459543121146118,2.1153335571289062,0.8672720789909363,1.144653558731079
2047,P32321_wild,C1C(C(OC1N2C=CC(=NC2=O)N)COP(=O)(O)O)O,4.218843239476631,1.3794865608215332,-1.1350229978561401,1.1372307538986206
2048,O50657_wild,C(CC(C(=O)O)N)CN,0.6047658847038874,0.8057761192321777,0.4282599091529846,0.17551222443580627
2049,Q8PS97_wild,C(CC(C(=O)O)N)CN,1.7269987279362624,0.29189613461494446,0.04728926718235016,0.33716702461242676
2050,Q9HVQ3_wild,C(CC(C(=O)O)N)CN,1.8239087409443187,0.8256475925445557,-0.06606956571340561,0.6476742029190063
2051,P0ABZ4_wild,C(C(C(C(C(COP(=O)(O)O)O)O)O)O)C(=O)C(=O)O,1.7781512503836436,0.8845510482788086,-1.0448771715164185,0.864890456199646
2052,A0A140N5J7_wild,C(C(C(C(C(COP(=O)(O)O)O)O)O)O)C(=O)C(=O)O,3.479610055123357,0.8645852208137512,-1.0401346683502197,0.8526954650878906
2053,P08684_wild,CC12CCC3C(C1CCC2O)CCC4=CC(=O)CCC34C,2.2274526271343547,-1.0214537382125854,-2.3265295028686523,1.0870475769042969
2054,P08684_wild,C1=CC=C(C=C1)COC2=CC3=C(C=CC=N3)C=C2,0.5808706651146183,-1.3255723714828491,-2.067084789276123,0.5298232436180115
2055,A5JTQ2_wild,C1=CC(=CC=C1[N+](=O)[O-])OC2C(C(C(O2)CO)O)O,0.6989700043360189,0.9748417735099792,-0.40493446588516235,1.1116079092025757
2056,P0AGJ9_F130S,C1=CC(=CC=C1CC(C(=O)O)N)O,1.3259265761925978,0.7414121627807617,-1.3057199716567993,0.9303748607635498
2057,P00952_wild,C1=NC(=C2C(=N1)N(C=N2)C3C(C(C(O3)COP(=O)(O)OP(=O)(O)OP(=O)(O)O)O)O)N,0.7727562184969374,1.0612541437149048,-1.1918647289276123,1.4630200862884521
2058,P00952_wild,C1=CC(=CC=C1CC(C(=O)O)N)O,3.4850901843909377,0.5639151930809021,-1.4271466732025146,1.1094545125961304
2059,P0A759_H164C/C118S/C228S/C239S,C(C1C(C(C(C(O1)O)N)O)O)OP(=O)(O)O,2.147342846209919,1.9590084552764893,-0.4867149293422699,1.090515375137329
2060,P0A759_S206C/C118S/C228S/C239S,C(C1C(C(C(C(O1)O)N)O)O)OP(=O)(O)O,2.1604501551545527,1.9858311414718628,-0.5005659461021423,1.1056106090545654
2061,Q6WUC1_wild,C[S+](CCC(C(=O)[O-])N)CC1C(C(C(O1)N2C=NC3=C(N=CN=C32)N)O)O,-0.09691001300805646,-0.6459375023841858,-1.183391809463501,0.9961303472518921
2062,Q6WUC1_wild,C1CNC(C2=CC(=C(C=C21)O)O)CC3=CC=C(C=C3)O,0.9030899869919435,-1.2399181127548218,-1.7340470552444458,1.053239345550537
2063,Q6WUC1_wild,COC1=C(C=C2C([NH2+]CCC2=C1)CC3=CC(=C(C=C3)O)OC)O,0.6020599913279624,-1.6526488065719604,-1.273184061050415,0.6877431869506836
2064,Q6WUC1_wild,COC1=C(C=C(C=C1)CC2C3=CC(=C(C=C3CC[NH2+]2)O)OC)O,0.6020599913279624,-1.7033454179763794,-1.3521193265914917,0.588966965675354
2065,P13981_wild,CN=C(N)NCCCC(C(=O)O)N,-3.322219294733919,-1.3196758031845093,0.1873045414686203,0.5070270299911499
2066,Q81UT5_wild,C1C=CN(C=C1C(=O)N)C2C(C(C(O2)COP(=O)(O)OP(=O)(O)OCC3C(C(C(O3)N4C=NC5=C(N=CN=C54)N)O)O)O)O,4.431363764158988,1.4130266904830933,-1.2924153804779053,2.4183785915374756
2067,Q81UT5_wild,CC(C)(COP(=O)(O)OP(=O)(O)OCC1C(C(C(O1)N2C=NC3=C(N=CN=C32)N)O)OP(=O)(O)O)C(C(=O)NCCC(=O)NCCSSCCNC(=O)CCNC(=O)C(C(C)(C)COP(=O)(O)OP(=O)(O)OCC4C(C(C(O4)N5C=NC6=C(N=CN=C65)N)O)OP(=O)(O)O)O)O,4.146128035678238,1.4600121974945068,-1.7460439205169678,2.580853223800659
2068,Q81UT5_wild,C1C=CN(C=C1C(=O)N)C2C(C(C(O2)COP(=O)(O)OP(=O)(O)OCC3C(C(C(O3)N4C=NC5=C(N=CN=C54)N)OP(=O)(O)O)O)O)O,3.970036776622557,1.4590840339660645,-1.5776830911636353,2.6600184440612793
2069,P05183_wild,CC1(C(C1C(=O)OC(C#N)C2=CC(=CC=C2)OC3=CC=CC=C3)C=C(Br)Br)C,1.8289685732499732,-0.9683598279953003,-2.0930349826812744,1.6543614864349365
2070,P05183_wild,CC(C)C(C1=CC=C(C=C1)Cl)C(=O)OC(C#N)C2=CC(=CC=C2)OC3=CC=CC=C3,2.1849773676736355,-0.5709466338157654,-1.8692266941070557,1.607161521911621
2071,P08684_wild,CCCCC1=NC(=C(C(=O)N1CC2=CC=C(C=C2)C3=CC=CC=C3C4=NNN=N4)CC(=S)N(C)C)C,0.7512978846913347,-0.7877212762832642,-1.844959020614624,1.535277009010315
2072,P20815_wild,CCCCC1=NC(=C(C(=O)N1CC2=CC=C(C=C2)C3=CC=CC=C3C4=NNN=N4)CC(=S)N(C)C)C,0.49264617447154746,-0.8085843324661255,-1.7351182699203491,1.5178698301315308
2073,C0CMQ8_wild,C(C(=O)C(=O)[O-])O,2.639201799332529,1.7269974946975708,0.34291762113571167,1.3545435667037964
2074,Q96GA7_wild,C(C(C(=O)O)N)O,-0.4771212547196625,0.5522077679634094,1.2349780797958374,-0.0688505470752716
2075,P20132_A65G,C(C(C(=O)O)N)O,-0.6488033948702886,1.0411683320999146,1.3369967937469482,-0.015542566776275635
2076,Q96GA7_G72A,C(C(C(=O)O)N)O,-0.8750612633917001,0.5174244046211243,1.2481331825256348,-0.10079550743103027
2077,P20132_S166A,C(C(C(=O)O)N)O,0.27300127206373764,1.0082478523254395,1.3341314792633057,-0.044316649436950684
2078,Q96GA7_A172S,C(C(C(=O)O)N)O,-0.7569619513137056,0.5725917220115662,1.2353441715240479,-0.06524884700775146
2079,P20132_A222S,C(C(C(=O)O)N)O,0.44996900867604767,1.0324103832244873,1.3389337062835693,-0.03235313296318054
2080,Q96GA7_S228A,C(C(C(=O)O)N)O,-1.3424226808222062,0.5454915761947632,1.2348225116729736,-0.07454913854598999
2081,P20132_A65G/A222S,C(C(C(=O)O)N)O,0.037788560889399754,1.046812891960144,1.334736704826355,-0.01016893982887268
2082,Q96GA7_G72A/S228A,C(C(C(=O)O)N)O,-0.43012469204343884,0.5100237727165222,1.2477774620056152,-0.1058323085308075
2083,P20132_C303A,C(C(C(=O)O)N)O,-1.278753600952829,1.0335220098495483,1.354335069656372,-0.02789589762687683
2084,Q96GA7_C309A,C(C(C(=O)O)N)O,-3.0211892990699383,0.551639974117279,1.2274048328399658,-0.07274216413497925
2085,P22806_wild,CC(C)(COP(=O)(O)OP(=O)(O)OCC1C(C(C(O1)N2C=NC3=C(N=CN=C32)N)O)OP(=O)(O)O)C(C(=O)NCCC(=O)NCCSC(=O)CCCCCC(=O)O)O,2.6989700043360187,-0.3051624894142151,-1.0158898830413818,1.1103360652923584
2086,P22806_wild,CC(C(=O)O)N,2.1760912590556813,-0.6153922080993652,0.39415955543518066,-0.32004621624946594
2087,Q81EJ6_wild,CC(=O)NC1C(C(C(OC1OC2C(OC(C(C2O)NC(=O)C)OC3C(OC(C(C3O)NC(=O)C)OC4C(OC(C(C4O)NC(=O)C)OC(C(CO)O)C(C(C=O)NC(=O)C)O)CO)CO)CO)CO)O)O,5.795880017344075,1.7019189596176147,-0.5940640568733215,1.693688988685608
2088,A0R2W9_wild,CC1=C(N2C(=C(C(=O)N2C1=O)C)CSCC(C(=O)NC3C(C(C(OC3OC4C(C(C(C(C4O)O)O)O)O)CO)O)O)NC(=O)C)C,1.925366381703096,-1.4696323871612549,1.2602968215942383,-0.1429343819618225
2089,Q8KRU5_wild,C1=CC(=CC=C1[N+](=O)[O-])OP(=O)(O)O,-0.5528419686577808,0.9551836252212524,-0.09029605984687805,0.903050422668457
2090,Q8KRU5_wild,C1=CC(=CC=C1[N+](=O)[O-])OP(=O)(O)OC2=CC=C(C=C2)[N+](=O)[O-],0.5956258813225525,0.8620873093605042,-0.2864128053188324,1.1613314151763916
2091,P08684_wild,C1=CC(=CC=C1C=CC2=CC(=CC(=C2)O)O)O,-0.11021547978759366,-1.0123029947280884,-2.023242950439453,0.8517025709152222
2092,P08684_wild,C1=CC(=CC=C1C=CC2=CC(=CC(=C2)OC3C(C(C(C(O3)CO)O)O)O)O)O,-0.070931170622202,-0.6436464786529541,-1.8146923780441284,0.847854495048523
2093,P08684_wild,C1=CC(=CC=C1C=CC2=CC(=CC(=C2)O)O)OC3C(C(C(C(O3)CO)O)O)O,-0.16385680263866956,-0.5687129497528076,-1.7461596727371216,0.9408658742904663
2094,P49058_wild,C1=CC(=C[N+](=C1)C2C(C(C(O2)COP(=O)([O-])OP(=O)(O)OCC3C(C(C(O3)N4C=NC5=C(N=CN=C54)N)O)O)O)O)C(=O)N,0.3735806628125929,0.2668319344520569,-0.4870039224624634,1.342573881149292
2095,P08037_R228K,CC(=O)NC(C=O)C(C(C(CO)O)O)O,0.13717319302531158,-0.1312101185321808,-0.010804848745465279,0.4929666519165039
2096,P08037_R228K,C1=CN(C(=O)NC1=O)C2C(C(C(O2)COP(=O)(O)OP(=O)(O)OC3C(C(C(C(O3)CO)O)O)O)O)O,1.9610819339696304,-0.22832953929901123,-1.2204675674438477,0.6086836457252502
2097,P08037_wild,CC(=O)NC(C=O)C(C(C(CO)O)O)O,-1.005243055412372,-0.10723527520895004,-0.020879941061139107,0.5097315311431885
2098,Q8WTS6_H293A,C[S+](CCC(C(=O)[O-])N)CC1C(C(C(O1)N2C=NC3=C(N=CN=C32)N)O)O,-0.49415459401844275,-1.6514731645584106,-2.039669990539551,0.1624670773744583
2099,Q8WTS6_wild,C[S+](CCC(C(=O)[O-])N)CC1C(C(C(O1)N2C=NC3=C(N=CN=C32)N)O)O,-0.1760912590556813,-1.626587986946106,-2.0535335540771484,0.1569925844669342
2100,P05793_wild,C(C(=O)C(=O)[O-])O,0.25916754898683025,0.00886506587266922,0.1075880378484726,0.6257659196853638
2101,P05793_wild,CC(=O)C(C)(C(=O)O)O,2.765916793966632,-0.5068191289901733,-0.2980976104736328,-0.03869783878326416
2102,P05793_wild,CC(C)(C(=O)C(=O)[O-])O,2.2325726150081295,-0.1264117956161499,-0.13901935517787933,0.3565184772014618
2103,P05793_wild,CC(C)(CO)C(=O)C(=O)O,0.05735280855195209,-0.5400209426879883,-0.5690683126449585,0.45449721813201904
2104,P05793_wild,CC(C)C(=O)C(=O)O,-1.5794066593891236,-0.5808108448982239,0.014127714559435844,0.2340652048587799
2105,P05793_wild,CCCC(=O)C(=O)[O-],-1.7993405494535817,-0.4418458342552185,0.0065675657242536545,0.31376948952674866
2106,P05793_wild,CCC(=O)C(=O)O,-1.4362483715168517,-0.5849412679672241,0.27669695019721985,0.004586935043334961
2107,P05793_wild,CC(=O)C(=O)[O-],-1.8653014261025438,-0.3985130190849304,0.06013570725917816,0.14507214725017548
2108,P05793_wild,CC(C(=O)C(=O)[O-])O,0.45156715024727423,0.10878250002861023,-0.08558662235736847,0.4685506522655487
2109,P05793_A71S/R76D/S78D/Q110V,C1C=CN(C=C1C(=O)N)C2C(C(C(O2)COP(=O)(O)OP(=O)(O)OCC3C(C(C(O3)N4C=NC5=C(N=CN=C54)N)O)O)O)O,1.8846065812979305,-0.2502472400665283,-1.1060513257980347,1.0428211688995361
2110,P05793_A71S/R76D/S78D/Q110V,C1C=CN(C=C1C(=O)N)C2C(C(C(O2)COP(=O)(O)OP(=O)(O)OCC3C(C(C(O3)N4C=NC5=C(N=CN=C54)N)OP(=O)(O)O)O)O)O,-0.5118833609788743,-0.4221196472644806,-1.5728394985198975,1.3931827545166016
2111,P05793_wild,C1=CC(=C[N+](=C1)C2C(C(C(O2)COP(=O)(O)OP(=O)(O)OCC3C(C(C(O3)N4C=NC5=C(N=CN=C54)N)OP(=O)(O)O)O)O)O)C(=O)N,2.084320885700036,-0.8007977604866028,-1.0819393396377563,0.7562680244445801
2112,P05793_K75Q,C1=CC(=C[N+](=C1)C2C(C(C(O2)COP(=O)(O)OP(=O)(O)OCC3C(C(C(O3)N4C=NC5=C(N=CN=C54)N)OP(=O)(O)O)O)O)O)C(=O)N,-1.2253092600111393,-0.793510913848877,-1.0769100189208984,0.7382742166519165
2113,P05793_K69L,C1=CC(=C[N+](=C1)C2C(C(C(O2)COP(=O)(O)OP(=O)(O)OCC3C(C(C(O3)N4C=NC5=C(N=CN=C54)N)OP(=O)(O)O)O)O)O)C(=O)N,-1.4487876103605213,-0.8066548109054565,-1.0934207439422607,0.7350413203239441
2114,P05793_R68Q,C1=CC(=C[N+](=C1)C2C(C(C(O2)COP(=O)(O)OP(=O)(O)OCC3C(C(C(O3)N4C=NC5=C(N=CN=C54)N)OP(=O)(O)O)O)O)O)C(=O)N,-2.286306738843275,-0.7913191318511963,-1.0800858736038208,0.7452908158302307
2115,P05793_R76Q,C1=CC(=C[N+](=C1)C2C(C(C(O2)COP(=O)(O)OP(=O)(O)OCC3C(C(C(O3)N4C=NC5=C(N=CN=C54)N)OP(=O)(O)O)O)O)O)C(=O)N,-2.5563025007672873,-0.7895108461380005,-1.0779929161071777,0.749382495880127
2116,P05793_K75Q,C1C=CN(C=C1C(=O)N)C2C(C(C(O2)COP(=O)(O)OP(=O)(O)OCC3C(C(C(O3)N4C=NC5=C(N=CN=C54)N)OP(=O)(O)O)O)O)O,0.5720967524400017,-0.4565731883049011,-1.6021227836608887,1.3852384090423584
2117,P05793_K69L,C1C=CN(C=C1C(=O)N)C2C(C(C(O2)COP(=O)(O)OP(=O)(O)OCC3C(C(C(O3)N4C=NC5=C(N=CN=C54)N)OP(=O)(O)O)O)O)O,1.4448389466843483,-0.4726431369781494,-1.6141843795776367,1.3813905715942383
2118,P05793_R76Q,C1C=CN(C=C1C(=O)N)C2C(C(C(O2)COP(=O)(O)OP(=O)(O)OCC3C(C(C(O3)N4C=NC5=C(N=CN=C54)N)OP(=O)(O)O)O)O)O,-0.7722423672977465,-0.4517054557800293,-1.6024408340454102,1.399282455444336
2119,P05793_R76D,C1C=CN(C=C1C(=O)N)C2C(C(C(O2)COP(=O)(O)OP(=O)(O)OCC3C(C(C(O3)N4C=NC5=C(N=CN=C54)N)OP(=O)(O)O)O)O)O,-1.1260231179005198,-0.42397579550743103,-1.5825923681259155,1.402578592300415
2120,P05793_R76Q/R68A,C1C=CN(C=C1C(=O)N)C2C(C(C(O2)COP(=O)(O)OP(=O)(O)OCC3C(C(C(O3)N4C=NC5=C(N=CN=C54)N)OP(=O)(O)O)O)O)O,-1.5672979184760196,-0.46002352237701416,-1.594383955001831,1.3872923851013184
2121,P05793_R68D/K69L/K75V/R76D,C1C=CN(C=C1C(=O)N)C2C(C(C(O2)COP(=O)(O)OP(=O)(O)OCC3C(C(C(O3)N4C=NC5=C(N=CN=C54)N)OP(=O)(O)O)O)O)O,-0.8300380427635019,-0.40543490648269653,-1.541916847229004,1.3694374561309814
2122,P05793_R76D,C1C=CN(C=C1C(=O)N)C2C(C(C(O2)COP(=O)(O)OP(=O)(O)OCC3C(C(C(O3)N4C=NC5=C(N=CN=C54)N)O)O)O)O,0.03231075044495742,-0.2578902542591095,-1.1065691709518433,1.0529859066009521
2123,P05793_R76Q/R68A,C1C=CN(C=C1C(=O)N)C2C(C(C(O2)COP(=O)(O)OP(=O)(O)OCC3C(C(C(O3)N4C=NC5=C(N=CN=C54)N)O)O)O)O,-0.7212858390878965,-0.29810193181037903,-1.1219580173492432,1.0406665802001953
2124,P05793_R68D/K69L/K75V/R76D,C1C=CN(C=C1C(=O)N)C2C(C(C(O2)COP(=O)(O)OP(=O)(O)OCC3C(C(C(O3)N4C=NC5=C(N=CN=C54)N)O)O)O)O,0.6673710018758452,-0.24546951055526733,-1.0874414443969727,1.0245721340179443
2125,P05793_R68Q,C1C=CN(C=C1C(=O)N)C2C(C(C(O2)COP(=O)(O)OP(=O)(O)OCC3C(C(C(O3)N4C=NC5=C(N=CN=C54)N)OP(=O)(O)O)O)O)O,-0.5652573217054901,-0.4559691548347473,-1.6047954559326172,1.3973863124847412
2126,P05793_wild,CC(C)(C(C(=O)[O-])O)O,1.8946568194550808,-0.09379187971353531,-0.014418395236134529,0.07009196281433105
2127,P05793_wild,[Mn+2],3.5713911715615105,0.6552513837814331,-1.5370078086853027,1.5613696575164795
2128,P39482_wild,C1=CC(=C[N+](=C1)C2C(C(C(O2)COP(=O)([O-])OP(=O)(O)OCC3C(C(C(O3)N4C=NC5=C(N=CN=C54)N)O)O)O)O)C(=O)N,3.3702685820741793,1.9266151189804077,-0.4773925542831421,0.584350049495697
2129,P39482_wild,C(C1C(C(C(C(O1)O)O)O)O)O,1.615995769271255,1.8529983758926392,1.322697401046753,-0.43865230679512024
2130,P39483_wild,C1=CC(=C[N+](=C1)C2C(C(C(O2)COP(=O)([O-])OP(=O)(O)OCC3C(C(C(O3)N4C=NC5=C(N=CN=C54)N)O)O)O)O)C(=O)N,2.283118406355279,1.956722378730774,-0.3255422115325928,0.4902644753456116
2131,P39483_wild,C(C1C(C(C(C(O1)O)O)O)O)O,1.3149657736072737,1.7804652452468872,1.3795924186706543,-0.40619584918022156
2132,P39484_wild,C1=CC(=C[N+](=C1)C2C(C(C(O2)COP(=O)([O-])OP(=O)(O)OCC3C(C(C(O3)N4C=NC5=C(N=CN=C54)N)O)O)O)O)C(=O)N,3.4293484729236616,1.8860604763031006,-0.3040046989917755,0.45350098609924316
2133,P39484_wild,C(C1C(C(C(C(O1)O)O)O)O)O,1.260721691797976,1.654721736907959,1.3922532796859741,-0.4879474341869354
2134,P39485_wild,C1=CC(=C[N+](=C1)C2C(C(C(O2)COP(=O)([O-])OP(=O)(O)OCC3C(C(C(O3)N4C=NC5=C(N=CN=C54)N)O)O)O)O)C(=O)N,3.678766618247732,1.9126571416854858,-0.36086612939834595,0.45768284797668457
2135,P39482_wild,C1=CC(=C[N+](=C1)C2C(C(C(O2)COP(=O)(O)OP(=O)(O)OCC3C(C(C(O3)N4C=NC5=C(N=CN=C54)N)OP(=O)(O)O)O)O)O)C(=O)N,3.778151250383644,1.8720790147781372,-0.810554027557373,0.6837388277053833
2136,P39483_wild,C1=CC(=C[N+](=C1)C2C(C(C(O2)COP(=O)(O)OP(=O)(O)OCC3C(C(C(O3)N4C=NC5=C(N=CN=C54)N)OP(=O)(O)O)O)O)O)C(=O)N,3.8908555305749317,1.9338527917861938,-0.6740086674690247,0.5943925976753235
2137,P39484_wild,C1=CC(=C[N+](=C1)C2C(C(C(O2)COP(=O)(O)OP(=O)(O)OCC3C(C(C(O3)N4C=NC5=C(N=CN=C54)N)OP(=O)(O)O)O)O)O)C(=O)N,1.6277125641109194,1.8338056802749634,-0.6133267879486084,0.5429692268371582
2138,P39485_wild,C1=CC(=C[N+](=C1)C2C(C(C(O2)COP(=O)(O)OP(=O)(O)OCC3C(C(C(O3)N4C=NC5=C(N=CN=C54)N)OP(=O)(O)O)O)O)O)C(=O)N,2.3858883746032964,1.8564882278442383,-0.6673179864883423,0.5490472316741943
2139,Q7M0L6_wild,CCCCCCCCCCCC(=O)OC1=CC=C(C=C1)[N+](=O)[O-],5.084320885700036,2.7499637603759766,-3.203242301940918,1.0998848676681519
2140,P16233_wild,CC(=O)OCC(COC(=O)C)OC(=O)C,-1.3756636139608853,1.7944139242172241,1.2130765914916992,0.6410438418388367
2141,P81139_wild,CC(=O)OCC(COC(=O)C)OC(=O)C,0.6651117370750514,2.1095683574676514,1.2009495496749878,0.9061442017555237
2142,P16233_wild,CCC(=O)OCC(COC(=O)CC)OC(=O)CC,2.618048096712093,2.3540961742401123,0.852873682975769,0.9005112648010254
2143,P81139_wild,CCC(=O)OCC(COC(=O)CC)OC(=O)CC,1.853871964321762,2.5193300247192383,0.8123490810394287,1.0956833362579346
2144,P16233_wild,CCCC(=O)OCC(COC(=O)CCC)OC(=O)CCC,4.29474170633696,2.6275370121002197,0.17975901067256927,1.216113567352295
2145,P81139_wild,CCCC(=O)OCC(COC(=O)CCC)OC(=O)CCC,3.5228787452803374,2.796811819076538,0.1864720582962036,1.3910772800445557
2146,P16233_wild,CC(=O)OC=C,-0.2678616324113266,1.722432017326355,1.639008641242981,0.8018275499343872
2147,P81139_wild,CC(=O)OC=C,-0.6247239759639062,1.7909623384475708,1.644606590270996,1.0453670024871826
2148,P16233_wild,CCC(=O)OC=C,1.0280287236002434,2.296696662902832,1.5113091468811035,0.8847777843475342
2149,P81139_wild,CCC(=O)OC=C,0.7323937598229685,2.401135206222534,1.4947006702423096,1.0937150716781616
2150,P16233_wild,CCCC(=O)OC=C,1.3979400086720377,2.2601940631866455,1.3256504535675049,0.8906340599060059
2151,P81139_wild,CCCC(=O)OC=C,1.0,2.363560914993286,1.2989338636398315,1.107863187789917
2152,P16233_wild,CCCCCCCCCCCC(=O)OC=C,1.9719712763997566,2.043555736541748,-0.09818205237388611,1.3044815063476562
2153,P81139_wild,CCCCCCCCCCCC(=O)OC=C,2.0,2.1595706939697266,-0.08185777813196182,1.5337228775024414
2154,P81139_wild,CCCC(=O)OC1=CC=C(C=C1)[N+](=O)[O-],1.6989700043360187,1.8180856704711914,0.06865336745977402,1.1850190162658691
2155,Q8U088_wild,C1=CC=C(C(=C1)C(=O)O)NCC(=O)C(C(COP(=O)(O)O)O)O,1.7781512503836436,0.3276737928390503,-2.515219211578369,1.9812390804290771
2156,Q89FH0_wild,C(C(C(=O)[O-])O)(C(=O)[O-])O,1.9288244088768882,-0.9427769184112549,-0.7603630423545837,1.0498147010803223
2157,Q89FH0_K184R,C(C(C(=O)[O-])O)(C(=O)[O-])O,-0.7806400507873383,-1.0541354417800903,-0.7101104259490967,0.9360838532447815
2158,Q89FH0_H322N,C(C(C(=O)[O-])O)(C(=O)[O-])O,-0.842392146638332,-1.1407667398452759,-0.6657072901725769,0.8163831233978271
2159,Q89FH0_H322Q,C(C(C(=O)[O-])O)(C(=O)[O-])O,-3.607737124219653,-1.1330292224884033,-0.6929875016212463,0.8521562814712524
2160,Q89FH0_H322A,C(C(C(=O)[O-])O)(C(=O)[O-])O,-3.3610279253392665,-1.1980949640274048,-0.662108838558197,0.7802001237869263
2161,Q0P8J6_wild,C1=NC(=C2C(=N1)N(C=N2)C3C(C(C(O3)COP(=O)(O)OP(=O)(O)OP(=O)(O)O)O)O)N,0.8664610916297825,0.8200716972351074,-0.763516366481781,1.0512783527374268
2162,Q874I4_wild,CCCCCCCCCCC1=C(C(=O)C(=C(C1=O)OC)OC)C,1.698970004336019,-0.42855075001716614,-1.4958767890930176,1.1883903741836548
2163,Q874I4_wild,C1=CC(=O)C=CC1=NC2=CC(=C(C(=C2)Cl)O)Cl,1.2358594640591711,-0.3370843231678009,-1.4966799020767212,1.2627108097076416
2164,Q5E9W3_wild,C1C(NC(=O)NC1=O)C(=O)O,3.73864270909997,0.7591134309768677,-1.736732840538025,1.5253398418426514
2165,Q5E9W3_wild,CC1=C(C(=O)C(=C(C1=O)OC)OC)CC=C(C)CCC=C(C)CCC=C(C)CCC=C(C)CCC=C(C)CCC=C(C)CCC=C(C)CCC=C(C)CCC=C(C)CCC=C(C)C,3.6690067809585756,0.793784499168396,-2.0565991401672363,2.1240499019622803
2166,Q5E9W3_wild,CC1=CC(=O)C2=CC=CC=C2C1=O,1.9969257545113557,0.5464544892311096,-2.031514883041382,2.114630699157715
2167,Q6V3W9_wild,C1C(NC(=O)NC1=O)C(=O)O,1.7077439286435239,0.34843385219573975,-1.0250861644744873,1.4075446128845215
2168,P32747_wild,C1C(NC(=O)NC1=O)C(=O)O,0.5900668766687055,0.37938836216926575,-1.126205563545227,1.4103379249572754
2169,Q6V3W9_wild,CCCCCCCCCCC1=C(C(=O)C(=C(C1=O)OC)OC)C,0.8753807150294233,-0.052905090153217316,-1.3162157535552979,1.418851375579834
2170,P32747_wild,CCCCCCCCCCC1=C(C(=O)C(=C(C1=O)OC)OC)C,1.1930224234376503,-0.24866491556167603,-1.3275978565216064,1.497663974761963
2171,B1Q2B6_wild,CCCCCC(=O)SCCNC(=O)CCNC(=O)C(C(C)(C)COP(=O)(O)OP(=O)(O)OCC1C(C(C(O1)N2C=NC3=C(N=CN=C32)N)O)OP(=O)(O)O)O,0.005812607117788351,-1.775086760520935,-2.0014889240264893,0.8708691596984863
2172,B1Q2B6_wild,CCCC(=O)SCCNC(=O)CCNC(=O)C(C(C)(C)COP(=O)(O)OP(=O)(O)OCC1C(C(C(O1)N2C=NC3=C(N=CN=C32)N)O)OP(=O)(O)O)O,-0.8564256322595737,-1.7462396621704102,-1.7555088996887207,0.7812471389770508
2173,B1Q2B6_wild,CC(C)CC(=O)SCCNC(=O)CCNC(=O)C(C(C)(C)COP(=O)(O)OP(=O)(O)OCC1C(C(C(O1)N2C=NC3=C(N=CN=C32)N)O)OP(=O)(O)O)O,-1.0070690387867385,-1.7828261852264404,-1.8315460681915283,0.7656350135803223
2174,B1Q2B6_wild,CCCCCCCC(=O)SCCNC(=O)CCNC(=O)C(C(C)(C)COP(=O)(O)OP(=O)(O)OCC1C(C(C(O1)N2C=NC3=C(N=CN=C32)N)O)OP(=O)(O)O)O,-0.9702140035101022,-1.793887734413147,-2.013998031616211,0.8930498361587524
2175,P03958_wild,C1=NC(=C2C(=N1)N(C=N2)C3C(C(C(O3)CO)O)O)N,4.119186407719209,0.6965277194976807,-1.2941113710403442,1.675355315208435
2176,P03958_E217D,C1=NC(=C2C(=N1)N(C=N2)C3C(C(C(O3)CO)O)O)N,1.2739146151593643,0.27927908301353455,-1.187192678451538,1.4267323017120361
2177,P03958_E217G,C1=NC(=C2C(=N1)N(C=N2)C3C(C(C(O3)CO)O)O)N,0.5740312677277188,0.18681710958480835,-1.2056699991226196,1.3572674989700317
2178,P03958_E217Q,C1=NC(=C2C(=N1)N(C=N2)C3C(C(C(O3)CO)O)O)N,0.4380572318800201,0.37967872619628906,-1.212709903717041,1.4764258861541748
2179,P00813_M155D,C1=NC(=C2C(=N1)N(C=N2)C3C(C(C(O3)CO)O)O)N,1.9769976822958348,0.6298859119415283,-1.2584922313690186,1.6551761627197266
2180,D9TT09_wild,C(C1C(C(C(C(O1)OC2(C(C(C(O2)CO)O)O)CO)O)O)O)O,-0.06280344571391766,1.3006936311721802,1.1686159372329712,0.4637377858161926
2181,D9TT09_wild,C(C1C(C(C(O1)(CO)OC2C(C(C(C(O2)COP(=O)(O)O)O)O)O)O)O)O,0.8131763263644254,1.5375622510910034,0.3352779448032379,0.5311064720153809
2182,D9TT09_wild,[O-]P(=O)([O-])[O-],0.9342056026270072,1.4538793563842773,0.6764286756515503,0.775712251663208
2183,D9TT09_wild,C(C1C(C(C(C(O1)OP(=O)(O)O)O)O)O)O,-0.03476210625921192,1.415776252746582,0.4232827425003052,0.71294105052948
2184,D9TT09_wild,C1C(C(C(C(O1)(CO)O)O)O)O,-0.39120662601306927,1.2125699520111084,1.4409759044647217,0.04119288921356201
2185,D9TT09_wild,C(C1C(C(C(O1)(CO)O)O)O)OP(=O)(O)O,0.20483841868726177,1.4648491144180298,0.3102342188358307,0.6654716730117798
2186,P9WHG9_wild,C1=NC(=C2C(=N1)N(C=N2)C3C(C(C(O3)COP(=O)(O)OP(=O)(O)OP(=O)(O)O)O)O)N,1.7391326415858603,0.7515637874603271,-0.5176166296005249,0.5721627473831177
2187,P9WHG9_wild,C1=NC2=C(N1C3C(C(C(O3)COP(=O)(O)OP(=O)(O)OP(=O)(O)O)O)O)N=C(NC2=O)N,1.9009834615269314,0.5970070958137512,-0.6684852838516235,0.2795310616493225
2188,P0A9D8_wild,C1CC(N=C(C1)C(=O)O)C(=O)O,3.2943993833576988,1.3064504861831665,-1.4573286771774292,1.840527057647705
2189,P0A9D8_wild,CC(C)(COP(=O)(O)OP(=O)(O)OCC1C(C(C(O1)N2C=NC3=C(N=CN=C32)N)O)OP(=O)(O)O)C(C(=O)NCCC(=O)NCCSC(=O)CCC(=O)O)O,3.460730805124224,1.5274943113327026,-1.130133867263794,2.281101942062378
2190,P51981_D297G,C1=CC(C(C(=C1)C(=O)CCC(=O)O)C(=O)O)O,-2.1413291527964695,0.7355910539627075,-0.4411410689353943,1.543807029724121
2191,P51981_I19F/D297G,C1=CC(C(C(=C1)C(=O)CCC(=O)O)C(=O)O)O,-1.0401172232079825,0.6520775556564331,-0.4093421697616577,1.4651548862457275
2192,P51981_I19T/D297G,C1=CC(C(C(=C1)C(=O)CCC(=O)O)C(=O)O)O,-0.9777236052888478,0.7052558660507202,-0.4157298505306244,1.5342355966567993
2193,P51981_I19S/D297G,C1=CC(C(C(=C1)C(=O)CCC(=O)O)C(=O)O)O,-1.214670164989233,0.7009374499320984,-0.41401445865631104,1.5405449867248535
2194,P51981_I19N/D297G,C1=CC(C(C(=C1)C(=O)CCC(=O)O)C(=O)O)O,-1.5274263730310582,0.686712920665741,-0.4215354919433594,1.5413155555725098
2195,P51981_I19V/D297G,C1=CC(C(C(=C1)C(=O)CCC(=O)O)C(=O)O)O,-2.16840443038939,0.7371695637702942,-0.4240952730178833,1.5379092693328857
2196,P51981_I19L/D297G,C1=CC(C(C(=C1)C(=O)CCC(=O)O)C(=O)O)O,-2.773603622632923,0.7456467151641846,-0.42607343196868896,1.562739610671997
2197,P51981_I19Y/D297G,C1=CC(C(C(=C1)C(=O)CCC(=O)O)C(=O)O)O,-0.8519374645445623,0.6024436354637146,-0.3751770853996277,1.4275891780853271
2198,P51981_I19A/D297G,C1=CC(C(C(=C1)C(=O)CCC(=O)O)C(=O)O)O,-1.6271707119109935,0.6927280426025391,-0.4083995819091797,1.5328917503356934
2199,P51981_I19H/D297G,C1=CC(C(C(=C1)C(=O)CCC(=O)O)C(=O)O)O,-2.0,0.6616708636283875,-0.3812348246574402,1.4837329387664795
2200,P51981_I19W/D297G,C1=CC(C(C(=C1)C(=O)CCC(=O)O)C(=O)O)O,-0.47129171105893863,0.4947335422039032,-0.371370792388916,1.349381923675537
2201,P09417_wild,CC(C(C1CNC2=C(N1)C(=O)NC(=N2)N)O)O,4.070581074285707,0.931058943271637,-1.7317800521850586,1.5365864038467407
2202,P11348_wild,C1C=CN(C=C1C(=O)N)C2C(C(C(O2)COP(=O)(O)OP(=O)(O)OCC3C(C(C(O3)N4C=NC5=C(N=CN=C54)N)OP(=O)(O)O)O)O)O,2.3921104650113136,1.3545507192611694,-1.7180038690567017,1.9979922771453857
2203,P11348_wild,C1C=CN(C=C1C(=O)N)C2C(C(C(O2)COP(=O)(O)OP(=O)(O)OCC3C(C(C(O3)N4C=NC5=C(N=CN=C54)N)O)O)O)O,4.067900235637936,1.5050286054611206,-1.3766186237335205,1.8046369552612305
2204,Q5ZLN1_wild,C(C(C(=O)OP(=O)(O)O)O)OP(=O)(O)O,1.6020599913279625,1.0021744966506958,-2.2396109104156494,0.997844934463501
2205,P0CS93_wild,COC1C(C(C(C(O1)CO)O)O)O,1.249635053739525,1.6899700164794922,1.4597711563110352,0.25113457441329956
2206,P0C0F4_wild,C1=CN(C(=O)NC1=O)C2C(C(C(O2)COP(=O)(O)OP(=O)(O)OC3C(C(C(C(O3)CO)O)O)O)O)O,1.954242509439325,-0.43483203649520874,-1.1145693063735962,1.4019242525100708
2207,P0C0F4_wild,C1=CC(=C[N+](=C1)C2C(C(C(O2)COP(=O)([O-])OP(=O)(O)OCC3C(C(C(O3)N4C=NC5=C(N=CN=C54)N)O)O)O)O)C(=O)N,1.4771212547196624,-0.37411990761756897,-0.920742392539978,1.2255885601043701
2208,P0C0F4_T118A,C1=CC(=C[N+](=C1)C2C(C(C(O2)COP(=O)([O-])OP(=O)(O)OCC3C(C(C(O3)N4C=NC5=C(N=CN=C54)N)O)O)O)O)C(=O)N,-1.5606673061697374,-0.7793329954147339,-0.8403681516647339,0.9134986996650696
2209,P0C0F4_T118A,C1=CN(C(=O)NC1=O)C2C(C(C(O2)COP(=O)(O)OP(=O)(O)OC3C(C(C(C(O3)CO)O)O)O)O)O,-0.7294593264839191,-0.8317990303039551,-1.0337308645248413,1.0946190357208252
2210,P0C0F4_E141Q,C1=CC(=C[N+](=C1)C2C(C(C(O2)COP(=O)([O-])OP(=O)(O)OCC3C(C(C(O3)N4C=NC5=C(N=CN=C54)N)O)O)O)O)C(=O)N,0.015794267183231885,-0.7930841445922852,-0.8565742373466492,0.9463487863540649
2211,P0C0F4_E141Q,C1=CN(C(=O)NC1=O)C2C(C(C(O2)COP(=O)(O)OP(=O)(O)OC3C(C(C(C(O3)CO)O)O)O)O)O,0.36797678529459443,-0.823514461517334,-1.0522205829620361,1.1407393217086792
2212,P0C0F4_E145Q,C1=CN(C(=O)NC1=O)C2C(C(C(O2)COP(=O)(O)OP(=O)(O)OC3C(C(C(C(O3)CO)O)O)O)O)O,0.2041199826559248,-0.6009926199913025,-1.0745038986206055,1.2840837240219116
2213,P0C0F4_E145Q,C1=CC(=C[N+](=C1)C2C(C(C(O2)COP(=O)([O-])OP(=O)(O)OCC3C(C(C(O3)N4C=NC5=C(N=CN=C54)N)O)O)O)O)C(=O)N,0.029188389127482246,-0.5732009410858154,-0.8848868012428284,1.0951749086380005
2214,O60701_A222Q/S233G,C1=CN(C(=O)NC1=O)C2C(C(C(O2)COP(=O)(O)OP(=O)(O)OC3C(C(C(C(O3)CO)O)O)O)O)O,1.99554565857375,0.3507230877876282,-1.0683958530426025,1.5342044830322266
2215,O60701_A222Q/S233G,C1=CC(=C[N+](=C1)C2C(C(C(O2)COP(=O)([O-])OP(=O)(O)OCC3C(C(C(O3)N4C=NC5=C(N=CN=C54)N)O)O)O)O)C(=O)N,2.3836273616460626,0.7292528748512268,-0.7720434665679932,1.6480802297592163
2216,Q9LIA8_wild,C1=CN(C(=O)NC1=O)C2C(C(C(O2)COP(=O)(O)OP(=O)(O)OC3C(C(C(C(O3)CO)O)O)O)O)O,1.1933961172641516,0.5177380442619324,-1.2416621446609497,1.7572734355926514
2217,Q9LF33_wild,C1=CN(C(=O)NC1=O)C2C(C(C(O2)COP(=O)(O)OP(=O)(O)OC3C(C(C(C(O3)CO)O)O)O)O)O,0.8763557337446989,0.5347096920013428,-1.235366702079773,1.7579425573349
2218,Q9FM01_wild,C1=CN(C(=O)NC1=O)C2C(C(C(O2)COP(=O)(O)OP(=O)(O)OC3C(C(C(C(O3)CO)O)O)O)O)O,0.8351897513540077,0.5101231336593628,-1.2946776151657104,1.7700929641723633
2219,Q9FM01_wild,C1=CC(=C[N+](=C1)C2C(C(C(O2)COP(=O)([O-])OP(=O)(O)OCC3C(C(C(O3)N4C=NC5=C(N=CN=C54)N)O)O)O)O)C(=O)N,1.4247331852599743,0.7832580208778381,-1.0898433923721313,1.9199113845825195
2220,Q9LF33_wild,C1=CC(=C[N+](=C1)C2C(C(C(O2)COP(=O)([O-])OP(=O)(O)OCC3C(C(C(O3)N4C=NC5=C(N=CN=C54)N)O)O)O)O)C(=O)N,1.7781512503836436,0.8392698168754578,-1.0481159687042236,1.9188034534454346
2221,Q9LIA8_wild,C1=CC(=C[N+](=C1)C2C(C(C(O2)COP(=O)([O-])OP(=O)(O)OCC3C(C(C(O3)N4C=NC5=C(N=CN=C54)N)O)O)O)O)C(=O)N,1.649832773123963,0.8130190372467041,-1.0348660945892334,1.9097228050231934
2222,P23524_wild,C(C(C(=O)[O-])O)O,1.6903698325741012,0.7547198534011841,-0.7481722831726074,0.7963646054267883
2223,P22498_wild,C1=CC=C(C(=C1)[N+](=O)[O-])OC2C(C(C(C(O2)CO)O)O)O,2.6255410871774854,1.8114551305770874,-0.08654798567295074,0.9500294923782349
2224,P22498_wild,C(C1C(C(C(C(O1)OC2C(OC(C(C2O)O)O)CO)O)O)O)O,0.9745471178755595,1.593887448310852,0.9433682560920715,0.49935421347618103
2225,P22498_wild,COC1C(C(C(C(O1)CO)O)O)O,-0.7560637563129127,1.1540050506591797,1.0505646467208862,0.4179380536079407
2226,P22498_wild,C1=CC=C(C=C1)OC2C(C(C(C(O2)CO)O)O)O,0.026983542010226666,1.0630028247833252,0.4344697892665863,0.4042118787765503
2227,W6AYH3_wild,COC1=CC(=CC(=C1O)OC)C=CC(=O)O,0.7955450427945697,0.0432804599404335,-0.14907288551330566,0.507788360118866
2228,W6AYH3_wild,C[N+](C)(C)CCOC(=O)C=CC1=CC(=C(C(=C1)OC)O)OC,0.5593080109070124,0.5032078623771667,-0.11338460445404053,0.8999382257461548
2229,O37174_wild,C1=NC(=C2C(=N1)N(C=N2)C3C(C(C(O3)COP(=O)(O)OP(=O)(O)OP(=O)(O)O)O)O)N,2.649983543645145,1.134354591369629,-1.5242571830749512,1.4689419269561768
2230,O37174_wild,C1=NC2=C(N1C3C(C(C(O3)COP(=O)(O)OP(=O)(O)OP(=O)(O)O)O)O)N=C(NC2=O)N,2.221848749616356,1.0857895612716675,-1.5044127702713013,1.338022232055664
2231,O37174_wild,C1=CN(C(=O)NC1=O)C2C(C(C(O2)COP(=O)(O)OP(=O)(O)OP(=O)(O)O)O)O,2.0377885608893997,1.490003228187561,-1.275857925415039,1.4787629842758179
2232,O37174_wild,C1=CN(C(=O)N=C1N)C2C(C(C(O2)COP(=O)(O)OP(=O)(O)OP(=O)(O)O)O)O,1.958607314841775,1.3851274251937866,-1.3744792938232422,1.4167062044143677
2233,O37174_L543A,C1=NC(=C2C(=N1)N(C=N2)C3C(C(C(O3)COP(=O)(O)OP(=O)(O)OP(=O)(O)O)O)O)N,1.4866665726258927,1.134354591369629,-1.5242571830749512,1.4689419269561768
2234,O37174_Q826A,C1=NC(=C2C(=N1)N(C=N2)C3C(C(C(O3)COP(=O)(O)OP(=O)(O)OP(=O)(O)O)O)O)N,1.9238036075018374,1.134354591369629,-1.5242571830749512,1.4689419269561768
2235,O37174_D858A,C1=NC(=C2C(=N1)N(C=N2)C3C(C(C(O3)COP(=O)(O)OP(=O)(O)OP(=O)(O)O)O)O)N,1.929068829377798,1.134354591369629,-1.5242571830749512,1.4689419269561768
2236,P00469_wild,C1C(C(OC1N2C=CC(=O)NC2=O)COP(=O)(O)O)O,4.057991946977687,0.7224559783935547,-1.864302396774292,1.741974115371704
2237,P00469_wild,C1C2CN(CN2C3=C(N1)N=C(NC3=O)N)C4=CC=C(C=C4)C(=O)NC(CCC(=O)O)C(=O)O,2.9030899869919438,0.7419350147247314,-0.9400579929351807,1.8976037502288818
2238,P00469_R23A,C1C2CN(CN2C3=C(N1)N=C(NC3=O)N)C4=CC=C(C=C4)C(=O)NC(CCC(=O)O)C(=O)O,-0.42441490420365957,0.6771037578582764,-0.9505383968353271,1.8476245403289795
2239,P00469_R23A,C1C(C(OC1N2C=CC(=O)NC2=O)COP(=O)(O)O)O,0.6062159510991201,0.6645146608352661,-1.859986424446106,1.703431487083435
2240,P00469_R23D,C1C(C(OC1N2C=CC(=O)NC2=O)COP(=O)(O)O)O,1.1249387366083,0.6383873820304871,-1.8554916381835938,1.6916815042495728
2241,P00469_R23D,C1C2CN(CN2C3=C(N1)N=C(NC3=O)N)C4=CC=C(C=C4)C(=O)NC(CCC(=O)O)C(=O)O,-0.41218044778664786,0.6620455384254456,-0.9553377032279968,1.8345003128051758
2242,P00469_R23E,C1C(C(OC1N2C=CC(=O)NC2=O)COP(=O)(O)O)O,0.6903698325741012,0.6167032122612,-1.850673794746399,1.673731803894043
2243,P00469_R23E,C1C2CN(CN2C3=C(N1)N=C(NC3=O)N)C4=CC=C(C=C4)C(=O)NC(CCC(=O)O)C(=O)O,0.2160964207272651,0.6445730328559875,-0.9511605501174927,1.8134264945983887
2244,P00469_R23F,C1C2CN(CN2C3=C(N1)N=C(NC3=O)N)C4=CC=C(C=C4)C(=O)NC(CCC(=O)O)C(=O)O,-0.5682017240669951,0.6524726152420044,-0.9390289783477783,1.8176493644714355
2245,P00469_R23F,C1C(C(OC1N2C=CC(=O)NC2=O)COP(=O)(O)O)O,0.6167832481486687,0.6421022415161133,-1.8610427379608154,1.6691757440567017
2246,P00469_R23G,C1C2CN(CN2C3=C(N1)N=C(NC3=O)N)C4=CC=C(C=C4)C(=O)NC(CCC(=O)O)C(=O)O,-0.5956798946901868,0.6685800552368164,-0.9681483507156372,1.8527305126190186
2247,P00469_R23G,C1C(C(OC1N2C=CC(=O)NC2=O)COP(=O)(O)O)O,0.6478174818886375,0.6549634337425232,-1.8822176456451416,1.698502779006958
2248,P00469_R23K,C1C(C(OC1N2C=CC(=O)NC2=O)COP(=O)(O)O)O,0.9030899869919435,0.7059903740882874,-1.864648699760437,1.7294787168502808
2249,P00469_R23K,C1C2CN(CN2C3=C(N1)N=C(NC3=O)N)C4=CC=C(C=C4)C(=O)NC(CCC(=O)O)C(=O)O,-0.34976304398794955,0.715559720993042,-0.9392768144607544,1.8791978359222412
2250,P00469_R23L,C1C2CN(CN2C3=C(N1)N=C(NC3=O)N)C4=CC=C(C=C4)C(=O)NC(CCC(=O)O)C(=O)O,-0.8540298608811828,0.6746216416358948,-0.9367398619651794,1.8372313976287842
2251,P00469_R23L,C1C(C(OC1N2C=CC(=O)NC2=O)COP(=O)(O)O)O,0.6100289209992378,0.6557229161262512,-1.8527300357818604,1.687206506729126
2252,P00469_R23N,C1C2CN(CN2C3=C(N1)N=C(NC3=O)N)C4=CC=C(C=C4)C(=O)NC(CCC(=O)O)C(=O)O,-0.8095597146352677,0.6761770248413086,-0.9500113129615784,1.8561630249023438
2253,P00469_R23N,C1C(C(OC1N2C=CC(=O)NC2=O)COP(=O)(O)O)O,0.47712125471966244,0.6638494729995728,-1.8649168014526367,1.7127338647842407
2254,P00469_R23P,C1C(C(OC1N2C=CC(=O)NC2=O)COP(=O)(O)O)O,0.057991946977686816,0.5795301795005798,-1.8596787452697754,1.654313325881958
2255,P00469_R23P,C1C2CN(CN2C3=C(N1)N=C(NC3=O)N)C4=CC=C(C=C4)C(=O)NC(CCC(=O)O)C(=O)O,-1.295567099962479,0.6015268564224243,-0.9544976353645325,1.7875783443450928
2256,P00469_R23Q,C1C(C(OC1N2C=CC(=O)NC2=O)COP(=O)(O)O)O,1.381853188778583,0.6364136934280396,-1.8347041606903076,1.675520896911621
2257,P00469_R23Q,C1C2CN(CN2C3=C(N1)N=C(NC3=O)N)C4=CC=C(C=C4)C(=O)NC(CCC(=O)O)C(=O)O,0.37988359591567833,0.6580886840820312,-0.9257286190986633,1.8200215101242065
2258,P00469_R23S,C1C2CN(CN2C3=C(N1)N=C(NC3=O)N)C4=CC=C(C=C4)C(=O)NC(CCC(=O)O)C(=O)O,-0.15228834438305652,0.665496826171875,-0.9408391118049622,1.8339638710021973
2259,P00469_R23S,C1C(C(OC1N2C=CC(=O)NC2=O)COP(=O)(O)O)O,1.0222763947111522,0.6376553177833557,-1.8507819175720215,1.6892316341400146
2260,P00469_R23V,C1C2CN(CN2C3=C(N1)N=C(NC3=O)N)C4=CC=C(C=C4)C(=O)NC(CCC(=O)O)C(=O)O,-0.1939486868026865,0.6950476169586182,-0.9547234773635864,1.8555192947387695
2261,P00469_R23V,C1C(C(OC1N2C=CC(=O)NC2=O)COP(=O)(O)O)O,0.9262137858390813,0.6899898052215576,-1.8650044202804565,1.7085180282592773
2262,P00469_R23Y,C1C(C(OC1N2C=CC(=O)NC2=O)COP(=O)(O)O)O,1.4771212547196624,0.5879485607147217,-1.8461158275604248,1.6352694034576416
2263,P00469_R23Y,C1C2CN(CN2C3=C(N1)N=C(NC3=O)N)C4=CC=C(C=C4)C(=O)NC(CCC(=O)O)C(=O)O,-0.4502491083193611,0.5976523160934448,-0.923591136932373,1.7789947986602783
2264,P00469_R178A,C1C(C(OC1N2C=CC(=O)NC2=O)COP(=O)(O)O)O,-0.36015144778263786,0.5759981870651245,-1.807507038116455,1.6332541704177856
2265,P00469_R178A,C1C2CN(CN2C3=C(N1)N=C(NC3=O)N)C4=CC=C(C=C4)C(=O)NC(CCC(=O)O)C(=O)O,0.7674273849918705,0.6122794151306152,-0.9135989546775818,1.7819232940673828
2266,P00469_R178C,C1C(C(OC1N2C=CC(=O)NC2=O)COP(=O)(O)O)O,-0.0997029131922265,0.41254857182502747,-1.8057613372802734,1.5094709396362305
2267,P00469_R178C,C1C2CN(CN2C3=C(N1)N=C(NC3=O)N)C4=CC=C(C=C4)C(=O)NC(CCC(=O)O)C(=O)O,1.1489390130120665,0.4696810841560364,-0.9016314744949341,1.6408308744430542
2268,P00469_R178K,C1C(C(OC1N2C=CC(=O)NC2=O)COP(=O)(O)O)O,1.7891466346851068,0.6308817267417908,-1.8252472877502441,1.6801601648330688
2269,P00469_R178K,C1C2CN(CN2C3=C(N1)N=C(NC3=O)N)C4=CC=C(C=C4)C(=O)NC(CCC(=O)O)C(=O)O,2.1249387366083,0.6472215056419373,-0.9108976125717163,1.8194775581359863
2270,P00469_R178S,C1C2CN(CN2C3=C(N1)N=C(NC3=O)N)C4=CC=C(C=C4)C(=O)NC(CCC(=O)O)C(=O)O,0.8510609869879336,0.48649856448173523,-0.8708875775337219,1.6565284729003906
2271,P00469_R178S,C1C(C(OC1N2C=CC(=O)NC2=O)COP(=O)(O)O)O,-0.3107898329531374,0.4319339096546173,-1.7519068717956543,1.5234918594360352
2272,P00469_R179A,C1C(C(OC1N2C=CC(=O)NC2=O)COP(=O)(O)O)O,2.965237893740788,0.6460438966751099,-1.846629023551941,1.688012957572937
2273,P00469_R179A,C1C2CN(CN2C3=C(N1)N=C(NC3=O)N)C4=CC=C(C=C4)C(=O)NC(CCC(=O)O)C(=O)O,2.681241237375587,0.6766266226768494,-0.9436548352241516,1.8374545574188232
2274,P00469_R179C,C1C(C(OC1N2C=CC(=O)NC2=O)COP(=O)(O)O)O,2.674610658476574,0.5058501362800598,-1.8299764394760132,1.5753575563430786
2275,P00469_R179C,C1C2CN(CN2C3=C(N1)N=C(NC3=O)N)C4=CC=C(C=C4)C(=O)NC(CCC(=O)O)C(=O)O,2.0,0.5641656517982483,-0.9172332882881165,1.7130815982818604
2276,P00469_R179D,C1C2CN(CN2C3=C(N1)N=C(NC3=O)N)C4=CC=C(C=C4)C(=O)NC(CCC(=O)O)C(=O)O,1.710551876885834,0.5047340393066406,-0.9507524967193604,1.6542887687683105
2277,P00469_R179D,C1C(C(OC1N2C=CC(=O)NC2=O)COP(=O)(O)O)O,2.83159556961061,0.4370051622390747,-1.8080151081085205,1.5513968467712402
2278,P00469_R179E,C1C(C(OC1N2C=CC(=O)NC2=O)COP(=O)(O)O)O,2.167491087293764,0.394900918006897,-1.8163923025131226,1.5258474349975586
2279,P00469_R179E,C1C2CN(CN2C3=C(N1)N=C(NC3=O)N)C4=CC=C(C=C4)C(=O)NC(CCC(=O)O)C(=O)O,2.283996656365201,0.46567171812057495,-0.949989914894104,1.6274185180664062
2280,P00469_R179F,C1C2CN(CN2C3=C(N1)N=C(NC3=O)N)C4=CC=C(C=C4)C(=O)NC(CCC(=O)O)C(=O)O,1.6547663418439653,0.46392256021499634,-0.9073610305786133,1.5961270332336426
2281,P00469_R179F,C1C(C(OC1N2C=CC(=O)NC2=O)COP(=O)(O)O)O,2.714764271519251,0.40276867151260376,-1.8280601501464844,1.4698097705841064
2282,P00469_R179G,C1C(C(OC1N2C=CC(=O)NC2=O)COP(=O)(O)O)O,2.8819006879220055,0.6110270023345947,-1.8340468406677246,1.6662511825561523
2283,P00469_R179G,C1C2CN(CN2C3=C(N1)N=C(NC3=O)N)C4=CC=C(C=C4)C(=O)NC(CCC(=O)O)C(=O)O,2.057991946977687,0.6344302296638489,-0.9396651983261108,1.8081333637237549
2284,P00469_R179H,C1C(C(OC1N2C=CC(=O)NC2=O)COP(=O)(O)O)O,2.4559319556497243,0.3878222703933716,-1.8197853565216064,1.546626091003418
2285,P00469_R179H,C1C2CN(CN2C3=C(N1)N=C(NC3=O)N)C4=CC=C(C=C4)C(=O)NC(CCC(=O)O)C(=O)O,1.7337321105952308,0.44656240940093994,-0.9322382211685181,1.6549322605133057
2286,P00469_R179K,C1C(C(OC1N2C=CC(=O)NC2=O)COP(=O)(O)O)O,2.6020599913279625,0.6730577349662781,-1.8494999408721924,1.7057610750198364
2287,P00469_R179K,C1C2CN(CN2C3=C(N1)N=C(NC3=O)N)C4=CC=C(C=C4)C(=O)NC(CCC(=O)O)C(=O)O,2.1829306835859867,0.6898570656776428,-0.9279265403747559,1.8485212326049805
2288,P00469_R179L,C1C2CN(CN2C3=C(N1)N=C(NC3=O)N)C4=CC=C(C=C4)C(=O)NC(CCC(=O)O)C(=O)O,1.6541576599196566,0.38513824343681335,-0.9016225337982178,1.5393626689910889
2289,P00469_R179L,C1C(C(OC1N2C=CC(=O)NC2=O)COP(=O)(O)O)O,2.5982998424546557,0.32605862617492676,-1.8157782554626465,1.4343559741973877
2290,P00469_R179M,C1C(C(OC1N2C=CC(=O)NC2=O)COP(=O)(O)O)O,2.578396073130169,0.4756237268447876,-1.8153692483901978,1.5521879196166992
2291,P00469_R179M,C1C2CN(CN2C3=C(N1)N=C(NC3=O)N)C4=CC=C(C=C4)C(=O)NC(CCC(=O)O)C(=O)O,1.853871964321762,0.5240703821182251,-0.904535174369812,1.6730766296386719
2292,P00469_R179P,C1C(C(OC1N2C=CC(=O)NC2=O)COP(=O)(O)O)O,-1.78710609303657,0.323414146900177,-1.8056085109710693,1.4791723489761353
2293,P00469_R179P,C1C2CN(CN2C3=C(N1)N=C(NC3=O)N)C4=CC=C(C=C4)C(=O)NC(CCC(=O)O)C(=O)O,-2.3064250275506875,0.37965381145477295,-0.9153306484222412,1.5815764665603638
2294,P00469_R179Q,C1C2CN(CN2C3=C(N1)N=C(NC3=O)N)C4=CC=C(C=C4)C(=O)NC(CCC(=O)O)C(=O)O,1.9303640718586055,0.6058071255683899,-0.9234663248062134,1.7598555088043213
2295,P00469_R179Q,C1C(C(OC1N2C=CC(=O)NC2=O)COP(=O)(O)O)O,2.680486598642006,0.5647906064987183,-1.8188425302505493,1.6210296154022217
2296,P00469_R179S,C1C2CN(CN2C3=C(N1)N=C(NC3=O)N)C4=CC=C(C=C4)C(=O)NC(CCC(=O)O)C(=O)O,2.0829742350647638,0.6993041038513184,-0.9440801739692688,1.8581511974334717
2297,P00469_R179S,C1C(C(OC1N2C=CC(=O)NC2=O)COP(=O)(O)O)O,2.492496116286617,0.6598687767982483,-1.843701720237732,1.7001687288284302
2298,P00469_R179V,C1C(C(OC1N2C=CC(=O)NC2=O)COP(=O)(O)O)O,2.479413051499247,0.4163393974304199,-1.8235386610031128,1.5090618133544922
2299,P00469_R179V,C1C2CN(CN2C3=C(N1)N=C(NC3=O)N)C4=CC=C(C=C4)C(=O)NC(CCC(=O)O)C(=O)O,1.6555043105549285,0.4664570987224579,-0.9152729511260986,1.6240440607070923
2300,P00469_R179W,C1C(C(OC1N2C=CC(=O)NC2=O)COP(=O)(O)O)O,2.674610658476574,0.33515113592147827,-1.872429370880127,1.4607266187667847
2301,P00469_R179W,C1C2CN(CN2C3=C(N1)N=C(NC3=O)N)C4=CC=C(C=C4)C(=O)NC(CCC(=O)O)C(=O)O,1.6515453544078806,0.38828521966934204,-0.948142409324646,1.559100866317749
2302,P00469_R218K,C1C(C(OC1N2C=CC(=O)NC2=O)COP(=O)(O)O)O,-0.22184874961635637,0.45171770453453064,-1.7957581281661987,1.5244102478027344
2303,P00469_R218K,C1C2CN(CN2C3=C(N1)N=C(NC3=O)N)C4=CC=C(C=C4)C(=O)NC(CCC(=O)O)C(=O)O,0.27300127206373764,0.49903354048728943,-0.8771064281463623,1.6363718509674072
2304,P00469_H199G/N229D,C1C(C(OC1N2C=CC(=NC2=O)N)COP(=O)(O)O)O,2.3256524705723134,0.23259639739990234,-1.5767199993133545,1.324918508529663
2305,P00469_H199G/N229D,C1C2CN(CN2C3=C(N1)N=C(NC3=O)N)C4=CC=C(C=C4)C(=O)NC(CCC(=O)O)C(=O)O,1.9134720227856654,0.4242757558822632,-0.9016045331954956,1.5889523029327393
2306,P00469_H199A/N229D,C1C(C(OC1N2C=CC(=NC2=O)N)COP(=O)(O)O)O,2.467361417430506,0.2648804783821106,-1.5802335739135742,1.3471709489822388
2307,P00469_H199A/N229D,C1C2CN(CN2C3=C(N1)N=C(NC3=O)N)C4=CC=C(C=C4)C(=O)NC(CCC(=O)O)C(=O)O,1.7831146699151939,0.4598124325275421,-0.9060072302818298,1.6141645908355713
2308,P00469_H199V/N229D,C1C(C(OC1N2C=CC(=NC2=O)N)COP(=O)(O)O)O,2.171613956700937,0.2329237163066864,-1.5568032264709473,1.3120064735412598
2309,P00469_H199V/N229D,C1C2CN(CN2C3=C(N1)N=C(NC3=O)N)C4=CC=C(C=C4)C(=O)NC(CCC(=O)O)C(=O)O,2.171613956700937,0.42798376083374023,-0.8934187889099121,1.5706150531768799
2310,P00469_H199N/N229D,C1C(C(OC1N2C=CC(=NC2=O)N)COP(=O)(O)O)O,1.615423952885944,0.2836506962776184,-1.5677260160446167,1.3411719799041748
2311,P00469_H199N/N229D,C1C2CN(CN2C3=C(N1)N=C(NC3=O)N)C4=CC=C(C=C4)C(=O)NC(CCC(=O)O)C(=O)O,0.5317422056116426,0.4831072688102722,-0.896221935749054,1.6102328300476074
2312,P00469_H199A/N229D,C1C(C(OC1N2C=CC(=O)NC2=O)COP(=O)(O)O)O,-2.16840443038939,0.4570276439189911,-1.7918646335601807,1.5370488166809082
2313,P00469_H199V/N229D,C1C(C(OC1N2C=CC(=O)NC2=O)COP(=O)(O)O)O,-2.8269998179214606,0.4325026571750641,-1.7780649662017822,1.4981577396392822
2314,P00469_W82F,C1C2CN(CN2C3=C(N1)N=C(NC3=O)N)C4=CC=C(C=C4)C(=O)NC(CCC(=O)O)C(=O)O,1.2155998003393549,0.6278767585754395,-0.9042929410934448,1.8003194332122803
2315,P00469_W82H,C1C2CN(CN2C3=C(N1)N=C(NC3=O)N)C4=CC=C(C=C4)C(=O)NC(CCC(=O)O)C(=O)O,0.7844001996606452,0.4901631474494934,-0.8698201179504395,1.685814619064331
2316,P00469_W82Y,C1C2CN(CN2C3=C(N1)N=C(NC3=O)N)C4=CC=C(C=C4)C(=O)NC(CCC(=O)O)C(=O)O,-0.11197375944393226,0.5943671464920044,-0.890420138835907,1.7891662120819092
2317,P00469_W82S,C1C2CN(CN2C3=C(N1)N=C(NC3=O)N)C4=CC=C(C=C4)C(=O)NC(CCC(=O)O)C(=O)O,-0.3380135619171512,0.2779504656791687,-0.828903079032898,1.50686776638031
2318,P00469_W82N,C1C2CN(CN2C3=C(N1)N=C(NC3=O)N)C4=CC=C(C=C4)C(=O)NC(CCC(=O)O)C(=O)O,-0.838149180058929,0.507014274597168,-0.8691949248313904,1.710738182067871
2319,P00469_W82M,C1C2CN(CN2C3=C(N1)N=C(NC3=O)N)C4=CC=C(C=C4)C(=O)NC(CCC(=O)O)C(=O)O,-0.41110145473000853,0.5056869983673096,-0.8617060780525208,1.6954070329666138
2320,P00469_W82L,C1C2CN(CN2C3=C(N1)N=C(NC3=O)N)C4=CC=C(C=C4)C(=O)NC(CCC(=O)O)C(=O)O,-1.122519262484887,0.3559606373310089,-0.820264458656311,1.5350825786590576
2321,P00469_W82A,C1C2CN(CN2C3=C(N1)N=C(NC3=O)N)C4=CC=C(C=C4)C(=O)NC(CCC(=O)O)C(=O)O,-1.1418771585245797,0.355333149433136,-0.8464689254760742,1.5886985063552856
2322,P00469_W82F,C1C(C(OC1N2C=CC(=O)NC2=O)COP(=O)(O)O)O,1.3010299956639813,0.6086392402648926,-1.828199028968811,1.6561871767044067
2323,P00469_W82H,C1C(C(OC1N2C=CC(=O)NC2=O)COP(=O)(O)O)O,1.104735350520013,0.45212894678115845,-1.796733021736145,1.5634779930114746
2324,P00469_W82Y,C1C(C(OC1N2C=CC(=O)NC2=O)COP(=O)(O)O)O,0.5314789170422551,0.5775410532951355,-1.8178787231445312,1.6406290531158447
2325,P00469_W82S,C1C(C(OC1N2C=CC(=O)NC2=O)COP(=O)(O)O)O,0.6532125137753437,0.2295381724834442,-1.7255545854568481,1.4221525192260742
2326,P00469_W82M,C1C(C(OC1N2C=CC(=O)NC2=O)COP(=O)(O)O)O,0.42969660479152433,0.4885426163673401,-1.7765247821807861,1.5935595035552979
2327,P00469_W82A,C1C(C(OC1N2C=CC(=O)NC2=O)COP(=O)(O)O)O,0.5642714304385625,0.3226676881313324,-1.73964524269104,1.5061460733413696
2328,P00469_V316G,C1C2CN(CN2C3=C(N1)N=C(NC3=O)N)C4=CC=C(C=C4)C(=O)NC(CCC(=O)O)C(=O)O,-0.3862016054007934,0.7375758290290833,-0.941331148147583,1.9067686796188354
2329,P00469_V316R,C1C2CN(CN2C3=C(N1)N=C(NC3=O)N)C4=CC=C(C=C4)C(=O)NC(CCC(=O)O)C(=O)O,-0.43136376415898725,0.759719729423523,-0.9296295046806335,1.9165236949920654
2330,P00469_V316A,C1C2CN(CN2C3=C(N1)N=C(NC3=O)N)C4=CC=C(C=C4)C(=O)NC(CCC(=O)O)C(=O)O,0.696297414474692,0.7481560707092285,-0.9507036209106445,1.9115740060806274
2331,P0A884_I264A,C1C2CN(CN2C3=C(N1)N=C(NC3=O)N)C4=CC=C(C=C4)C(=O)NC(CCC(=O)O)C(=O)O,-0.11997531707674987,0.5311646461486816,-1.300463080406189,1.9973676204681396
2332,P00469_N229D,C1C(C(OC1N2C=CC(=O)NC2=O)COP(=O)(O)O)O,-1.0861861476162833,0.5219882130622864,-1.8163344860076904,1.5817300081253052
2333,P00469_N229D,C1C2CN(CN2C3=C(N1)N=C(NC3=O)N)C4=CC=C(C=C4)C(=O)NC(CCC(=O)O)C(=O)O,1.109144469425068,0.5427941679954529,-0.9135457277297974,1.67087721824646
2334,P00469_N229D,C1C(C(OC1N2C=CC(=NC2=O)N)COP(=O)(O)O)O,0.47712125471966244,0.32142558693885803,-1.5890352725982666,1.3841832876205444
2335,P00469_N229W,C1C(C(OC1N2C=CC(=O)NC2=O)COP(=O)(O)O)O,0.49485002168009395,0.2164613902568817,-1.8177573680877686,1.3336405754089355
2336,P00469_N229W,C1C2CN(CN2C3=C(N1)N=C(NC3=O)N)C4=CC=C(C=C4)C(=O)NC(CCC(=O)O)C(=O)O,1.0172264019745105,0.2720632553100586,-0.8817930817604065,1.4228181838989258
2337,P00469_N229L,C1C2CN(CN2C3=C(N1)N=C(NC3=O)N)C4=CC=C(C=C4)C(=O)NC(CCC(=O)O)C(=O)O,1.1918855262389132,0.37462130188941956,-0.859768271446228,1.4996237754821777
2338,P00469_N229L,C1C(C(OC1N2C=CC(=O)NC2=O)COP(=O)(O)O)O,0.7978231726300773,0.32447946071624756,-1.7795206308364868,1.4213428497314453
2339,P00469_N229I,C1C(C(OC1N2C=CC(=O)NC2=O)COP(=O)(O)O)O,0.9407570838945627,0.3032897412776947,-1.801251769065857,1.4009634256362915
2340,P00469_N229I,C1C2CN(CN2C3=C(N1)N=C(NC3=O)N)C4=CC=C(C=C4)C(=O)NC(CCC(=O)O)C(=O)O,1.164553345661924,0.3542677164077759,-0.8729381561279297,1.4634389877319336
2341,P00469_N229V,C1C(C(OC1N2C=CC(=O)NC2=O)COP(=O)(O)O)O,1.0186822129677542,0.41471365094184875,-1.8009637594223022,1.494570255279541
2342,P00469_N229V,C1C2CN(CN2C3=C(N1)N=C(NC3=O)N)C4=CC=C(C=C4)C(=O)NC(CCC(=O)O)C(=O)O,1.2218487496163564,0.4414665102958679,-0.8815973997116089,1.5721940994262695
2343,P00469_N229M,C1C2CN(CN2C3=C(N1)N=C(NC3=O)N)C4=CC=C(C=C4)C(=O)NC(CCC(=O)O)C(=O)O,0.9269790626571937,0.5319693088531494,-0.8780266046524048,1.6522287130355835
2344,P00469_N229M,C1C(C(OC1N2C=CC(=O)NC2=O)COP(=O)(O)O)O,0.6637376278826123,0.507754921913147,-1.8053088188171387,1.5574175119400024
2345,P00469_N229C,C1C2CN(CN2C3=C(N1)N=C(NC3=O)N)C4=CC=C(C=C4)C(=O)NC(CCC(=O)O)C(=O)O,0.3979400086720376,0.5921471118927002,-0.9312803149223328,1.7801008224487305
2346,P00469_N229C,C1C(C(OC1N2C=CC(=O)NC2=O)COP(=O)(O)O)O,1.131278914639319,0.5709530115127563,-1.8690682649612427,1.6466259956359863
2347,P00469_N229T,C1C2CN(CN2C3=C(N1)N=C(NC3=O)N)C4=CC=C(C=C4)C(=O)NC(CCC(=O)O)C(=O)O,0.10473535052001298,0.48361736536026,-0.8635398149490356,1.6126785278320312
2348,P00469_N229T,C1C(C(OC1N2C=CC(=O)NC2=O)COP(=O)(O)O)O,-0.09275405323689863,0.46450474858283997,-1.774057388305664,1.52028226852417
2349,P00469_N229G,C1C2CN(CN2C3=C(N1)N=C(NC3=O)N)C4=CC=C(C=C4)C(=O)NC(CCC(=O)O)C(=O)O,-0.5141048209728325,0.5110154151916504,-0.9034015536308289,1.682580828666687
2350,P00469_N229G,C1C(C(OC1N2C=CC(=O)NC2=O)COP(=O)(O)O)O,0.30102999566398114,0.5018517971038818,-1.8210103511810303,1.5713962316513062
2351,P00469_N229Q,C1C2CN(CN2C3=C(N1)N=C(NC3=O)N)C4=CC=C(C=C4)C(=O)NC(CCC(=O)O)C(=O)O,-0.3245110915135041,0.6043700575828552,-0.8854241967201233,1.716569185256958
2352,P00469_N229Q,C1C(C(OC1N2C=CC(=O)NC2=O)COP(=O)(O)O)O,0.21387981994508098,0.5976149439811707,-1.813173770904541,1.5961029529571533
2353,P00469_N229S,C1C(C(OC1N2C=CC(=O)NC2=O)COP(=O)(O)O)O,-0.5496719218682742,0.440621018409729,-1.7744792699813843,1.5095765590667725
2354,P00469_N229S,C1C2CN(CN2C3=C(N1)N=C(NC3=O)N)C4=CC=C(C=C4)C(=O)NC(CCC(=O)O)C(=O)O,-0.13469857389745624,0.47339555621147156,-0.8711258769035339,1.6138437986373901
2355,P00469_N229Y,C1C(C(OC1N2C=CC(=O)NC2=O)COP(=O)(O)O)O,-0.17764508712430294,0.14885884523391724,-1.770838737487793,1.2536522150039673
2356,P00469_N229Y,C1C2CN(CN2C3=C(N1)N=C(NC3=O)N)C4=CC=C(C=C4)C(=O)NC(CCC(=O)O)C(=O)O,0.014240439114610193,0.21336105465888977,-0.8366371393203735,1.3062396049499512
2357,P00469_N229K,C1C2CN(CN2C3=C(N1)N=C(NC3=O)N)C4=CC=C(C=C4)C(=O)NC(CCC(=O)O)C(=O)O,-0.38665899826234856,0.2795049250125885,-0.8629233837127686,1.4113452434539795
2358,P00469_N229K,C1C(C(OC1N2C=CC(=O)NC2=O)COP(=O)(O)O)O,0.05958568998424405,0.23034262657165527,-1.7737770080566406,1.3545302152633667
2359,P00469_N229E,C1C2CN(CN2C3=C(N1)N=C(NC3=O)N)C4=CC=C(C=C4)C(=O)NC(CCC(=O)O)C(=O)O,-1.2498774732166,0.4258965253829956,-0.8944326639175415,1.5530071258544922
2360,P00469_N229E,C1C(C(OC1N2C=CC(=O)NC2=O)COP(=O)(O)O)O,-1.166331421766525,0.4029402732849121,-1.7913246154785156,1.4890056848526
2361,P00469_F87D,C1C2CN(CN2C3=C(N1)N=C(NC3=O)N)C4=CC=C(C=C4)C(=O)NC(CCC(=O)O)C(=O)O,-0.7232644445512991,0.7401713132858276,-0.9690381288528442,1.9055960178375244
2362,P00469_F87D,C1C(C(OC1N2C=CC(=O)NC2=O)COP(=O)(O)O)O,1.2149628491395243,0.7261521816253662,-1.8819555044174194,1.758204460144043
2363,P00469_R179T,C1C(C(OC1N2C=CC(=O)NC2=O)COP(=O)(O)O)O,2.4399045102155736,0.5772349834442139,-1.8233259916305542,1.6356804370880127
2364,P00469_R179T,C1C2CN(CN2C3=C(N1)N=C(NC3=O)N)C4=CC=C(C=C4)C(=O)NC(CCC(=O)O)C(=O)O,1.9777236052888478,0.6167023181915283,-0.9253622889518738,1.7732211351394653
2365,P00469_V316I,C1C(C(OC1N2C=CC(=O)NC2=O)COP(=O)(O)O)O,3.237360915794604,0.7214364409446716,-1.8596606254577637,1.7397338151931763
2366,P00469_V316I,C1C2CN(CN2C3=C(N1)N=C(NC3=O)N)C4=CC=C(C=C4)C(=O)NC(CCC(=O)O)C(=O)O,2.0357155522665344,0.743558406829834,-0.9330481290817261,1.895237684249878
2367,P00469_V316L,C1C2CN(CN2C3=C(N1)N=C(NC3=O)N)C4=CC=C(C=C4)C(=O)NC(CCC(=O)O)C(=O)O,1.1896640662449551,0.7377572059631348,-0.9344611167907715,1.891960859298706
2368,P00469_V316L,C1C(C(OC1N2C=CC(=O)NC2=O)COP(=O)(O)O)O,2.883494430928563,0.7144763469696045,-1.8644222021102905,1.7328053712844849
2369,P00469_V316F,C1C(C(OC1N2C=CC(=O)NC2=O)COP(=O)(O)O)O,2.7715206714846303,0.714412271976471,-1.8609387874603271,1.719024896621704
2370,P00469_V316F,C1C2CN(CN2C3=C(N1)N=C(NC3=O)N)C4=CC=C(C=C4)C(=O)NC(CCC(=O)O)C(=O)O,1.3010299956639813,0.731147050857544,-0.9313546419143677,1.877419114112854
2371,P00469_V316T,C1C(C(OC1N2C=CC(=O)NC2=O)COP(=O)(O)O)O,2.535113201697349,0.6722195744514465,-1.8342217206954956,1.710540533065796
2372,P00469_V316T,C1C2CN(CN2C3=C(N1)N=C(NC3=O)N)C4=CC=C(C=C4)C(=O)NC(CCC(=O)O)C(=O)O,0.9330532103693868,0.707827091217041,-0.9072014093399048,1.8650178909301758
2373,P00469_V316C,C1C2CN(CN2C3=C(N1)N=C(NC3=O)N)C4=CC=C(C=C4)C(=O)NC(CCC(=O)O)C(=O)O,1.1549019599857433,0.7281204462051392,-0.9314824342727661,1.9082388877868652
2374,P00469_V316C,C1C(C(OC1N2C=CC(=O)NC2=O)COP(=O)(O)O)O,2.8372727025023003,0.7011191844940186,-1.8714410066604614,1.7392632961273193
2375,P00469_V316A,C1C(C(OC1N2C=CC(=O)NC2=O)COP(=O)(O)O)O,2.829303772831025,0.7263733148574829,-1.8754158020019531,1.7514326572418213
2376,P00469_V316M,C1C2CN(CN2C3=C(N1)N=C(NC3=O)N)C4=CC=C(C=C4)C(=O)NC(CCC(=O)O)C(=O)O,0.7337321105952307,0.7572722434997559,-0.9371261596679688,1.9165875911712646
2377,P00469_V316M,C1C(C(OC1N2C=CC(=O)NC2=O)COP(=O)(O)O)O,2.414973347970818,0.7413257360458374,-1.8672540187835693,1.7595820426940918
2378,P00469_V316P,C1C(C(OC1N2C=CC(=O)NC2=O)COP(=O)(O)O)O,2.154901959985743,0.6784319877624512,-1.850682258605957,1.7140426635742188
2379,P00469_V316P,C1C2CN(CN2C3=C(N1)N=C(NC3=O)N)C4=CC=C(C=C4)C(=O)NC(CCC(=O)O)C(=O)O,0.022276394711152208,0.7165668606758118,-0.9173657894134521,1.8795926570892334
2380,P00469_V316H,C1C2CN(CN2C3=C(N1)N=C(NC3=O)N)C4=CC=C(C=C4)C(=O)NC(CCC(=O)O)C(=O)O,1.0413926851582251,0.7477805018424988,-0.9242353439331055,1.9087693691253662
2381,P00469_V316H,C1C(C(OC1N2C=CC(=O)NC2=O)COP(=O)(O)O)O,2.536242706838319,0.7431269288063049,-1.8613264560699463,1.7651169300079346
2382,P00469_V316S,C1C(C(OC1N2C=CC(=O)NC2=O)COP(=O)(O)O)O,2.5019448384446945,0.7060445547103882,-1.8519339561462402,1.733516812324524
2383,P00469_V316S,C1C2CN(CN2C3=C(N1)N=C(NC3=O)N)C4=CC=C(C=C4)C(=O)NC(CCC(=O)O)C(=O)O,0.47712125471966244,0.7402795553207397,-0.9257246255874634,1.8930740356445312
2384,P00469_V316N,C1C2CN(CN2C3=C(N1)N=C(NC3=O)N)C4=CC=C(C=C4)C(=O)NC(CCC(=O)O)C(=O)O,0.36061568564822527,0.7411806583404541,-0.9177663326263428,1.882317066192627
2385,P00469_V316N,C1C(C(OC1N2C=CC(=O)NC2=O)COP(=O)(O)O)O,2.4449365713482614,0.7279732823371887,-1.840226650238037,1.7439939975738525
2386,P00469_V316Q,C1C(C(OC1N2C=CC(=O)NC2=O)COP(=O)(O)O)O,2.013788284485633,0.733005166053772,-1.8536596298217773,1.7485519647598267
2387,P00469_V316Q,C1C2CN(CN2C3=C(N1)N=C(NC3=O)N)C4=CC=C(C=C4)C(=O)NC(CCC(=O)O)C(=O)O,0.057991946977686816,0.7495694160461426,-0.9281878471374512,1.9011037349700928
2388,P00469_V316Y,C1C(C(OC1N2C=CC(=O)NC2=O)COP(=O)(O)O)O,2.08218675618735,0.7152969837188721,-1.8515701293945312,1.7236850261688232
2389,P00469_V316Y,C1C2CN(CN2C3=C(N1)N=C(NC3=O)N)C4=CC=C(C=C4)C(=O)NC(CCC(=O)O)C(=O)O,0.23194907652068208,0.7293993234634399,-0.9209432005882263,1.8769853115081787
2390,P00469_V316E,C1C(C(OC1N2C=CC(=O)NC2=O)COP(=O)(O)O)O,1.7781512503836436,0.7004284262657166,-1.8310418128967285,1.7258802652359009
2391,P00469_V316E,C1C2CN(CN2C3=C(N1)N=C(NC3=O)N)C4=CC=C(C=C4)C(=O)NC(CCC(=O)O)C(=O)O,-0.7429868333203926,0.7284414768218994,-0.9234497547149658,1.8723878860473633
2392,P00469_V316K,C1C(C(OC1N2C=CC(=O)NC2=O)COP(=O)(O)O)O,2.0,0.7702203989028931,-1.852105975151062,1.78133225440979
2393,P00469_V316K,C1C2CN(CN2C3=C(N1)N=C(NC3=O)N)C4=CC=C(C=C4)C(=O)NC(CCC(=O)O)C(=O)O,0.14976232033333206,0.7681251168251038,-0.9220715165138245,1.9203927516937256
2394,P00469_V316W,C1C2CN(CN2C3=C(N1)N=C(NC3=O)N)C4=CC=C(C=C4)C(=O)NC(CCC(=O)O)C(=O)O,-0.7781512503836436,0.7177773714065552,-0.9373871088027954,1.8669452667236328
2395,P00469_V316W,C1C(C(OC1N2C=CC(=O)NC2=O)COP(=O)(O)O)O,1.5228787452803376,0.6997426748275757,-1.8703174591064453,1.7052597999572754
2396,P00469_V316R,C1C(C(OC1N2C=CC(=O)NC2=O)COP(=O)(O)O)O,1.1249387366083,0.7442731261253357,-1.8630337715148926,1.7641533613204956
2397,P00469_V316G,C1C(C(OC1N2C=CC(=O)NC2=O)COP(=O)(O)O)O,0.728933227713462,0.7201088070869446,-1.8653671741485596,1.7436096668243408
2398,P07382_wild,C1C(C(OC1N2C=CC(=O)NC2=O)COP(=O)(O)O)O,2.9183299535486804,0.620442271232605,-1.9711651802062988,1.8618136644363403
2399,P07382_wild,C1C2CN(CN2C3=C(N1)N=C(NC3=O)N)C4=CC=C(C=C4)C(=O)NC(CCC(=O)O)C(=O)O,1.8658009022724957,0.9176217317581177,-1.532719612121582,2.477937698364258
2400,P07382_M53R,C1C(C(OC1N2C=CC(=O)NC2=O)COP(=O)(O)O)O,2.9274493328513884,0.5770153403282166,-1.9746661186218262,1.8454787731170654
2401,P07382_M53R,C1C2CN(CN2C3=C(N1)N=C(NC3=O)N)C4=CC=C(C=C4)C(=O)NC(CCC(=O)O)C(=O)O,1.7580914564546755,0.8881071209907532,-1.5300476551055908,2.44345760345459
2402,Q27793_wild,C1C2CN(CN2C3=C(N1)N=C(NC3=O)N)C4=CC=C(C=C4)C(=O)NC(CCC(=O)O)C(=O)O,1.7680509234793178,0.739316463470459,-1.5511276721954346,2.2425925731658936
2403,Q27793_wild,C1C(C(OC1N2C=CC(=O)NC2=O)COP(=O)(O)O)O,3.5228787452803374,0.4153900742530823,-1.9906501770019531,1.737281322479248
2404,P0A886_G257K,C1C(C(OC1N2C=CC(=O)NC2=O)COP(=O)(O)O)O,0.8325089127062363,0.35484740138053894,-1.9859424829483032,1.6193101406097412
2405,P0A886_G257K,C1C2CN(CN2C3=C(N1)N=C(NC3=O)N)C4=CC=C(C=C4)C(=O)NC(CCC(=O)O)C(=O)O,0.5201558869448643,0.5492616295814514,-1.2561367750167847,2.013207197189331
2406,P0A886_E86K,C1C(C(OC1N2C=CC(=O)NC2=O)COP(=O)(O)O)O,0.9678153166285988,0.33243364095687866,-1.9769432544708252,1.5883439779281616
2407,P0A886_E86K,C1C2CN(CN2C3=C(N1)N=C(NC3=O)N)C4=CC=C(C=C4)C(=O)NC(CCC(=O)O)C(=O)O,0.7269987279362624,0.5348615646362305,-1.2559596300125122,2.025110960006714
2408,P0A886_G23K/E86K,C1C(C(OC1N2C=CC(=O)NC2=O)COP(=O)(O)O)O,1.0079689296712755,0.3580842614173889,-1.9080166816711426,1.604465365409851
2409,P0A886_G23K/E86K,C1C2CN(CN2C3=C(N1)N=C(NC3=O)N)C4=CC=C(C=C4)C(=O)NC(CCC(=O)O)C(=O)O,0.8081144737610869,0.565070629119873,-1.1777777671813965,2.0416390895843506
2410,P28796_wild,C1=CC=C2C(=C1)C(=CN2)CC(C(=O)O)N,1.5433781403419629,-0.3870064616203308,-0.16018308699131012,0.6542300581932068
2411,P28796_H458A,C1=CC=C2C(=C1)C(=CN2)CC(C(=O)O)N,-0.8394209071225663,-0.38362106680870056,-0.15705253183841705,0.6569526791572571
2412,P28796_wild,C1=CC=C(C(=C1)[N+](=O)[O-])SCC(C(=O)O)N,2.267823333149262,0.6055532693862915,-0.11917845159769058,0.4557303190231323
2413,P28796_H458A,C1=CC=C(C(=C1)[N+](=O)[O-])SCC(C(=O)O)N,2.5024271199844326,0.6095967292785645,-0.12169568240642548,0.4580722451210022
2414,P28796_D133A,C1=CC=C(C(=C1)[N+](=O)[O-])SCC(C(=O)O)N,2.146128035678238,0.5846773982048035,-0.1213764101266861,0.4640570282936096
2415,P28796_wild,C(C(C(=O)O)N)O,-1.4442666926063292,-0.2807491421699524,0.5553464889526367,0.21730618178844452
2416,P28796_wild,CSCC(C(=O)O)N,-0.6125254250061274,-0.3291884958744049,0.47958630323410034,0.48315736651420593
2417,P28796_wild,CCSCC(C(=O)O)N,0.05403518636056768,-0.12210644036531448,0.17729580402374268,0.5461564660072327
2418,P28796_wild,C1=CC=C(C=C1)CSCC(C(=O)O)N,0.3869446243705744,-0.35296767950057983,-0.15225939452648163,0.6972981095314026
2419,P28796_wild,C(C(C(=O)O)N)Cl,-0.046479852940193044,0.1239442303776741,-0.0375450998544693,0.568263053894043
2420,P28796_H458A,C(C(C(=O)O)N)Cl,0.6191678940198186,0.1286257803440094,-0.03865046799182892,0.5790531635284424
2421,P28796_D133A,C(C(C(=O)O)N)Cl,0.37066592380537566,0.09934969991445541,-0.03984224796295166,0.5635886788368225
2422,P28796_D133A,C1=CC=C(C=C1)CSCC(C(=O)O)N,1.9395192526186185,-0.36864015460014343,-0.16095148026943207,0.7073737382888794
2423,P28796_H458A,C1=CC=C(C=C1)CSCC(C(=O)O)N,2.0551552649010554,-0.35282617807388306,-0.1531105488538742,0.7007039785385132
2424,P28796_H458A,CCSCC(C(=O)O)N,1.183608739120917,-0.1248088851571083,0.1793263852596283,0.5503430366516113
2425,P28796_D133A,CCSCC(C(=O)O)N,0.8450980400142568,-0.1340409815311432,0.1836826652288437,0.5436884164810181
2426,P28796_D133A,CSCC(C(=O)O)N,0.26531444339744664,-0.3463342785835266,0.4825896918773651,0.48617637157440186
2427,P28796_H458A,CSCC(C(=O)O)N,0.4148293272492517,-0.32540184259414673,0.480363667011261,0.49122464656829834
2428,P28796_H458A,C(C(C(=O)O)N)O,-0.7809263044384157,-0.27582845091819763,0.5558497905731201,0.22445060312747955
2429,P28796_Y72F,C1=CC=C2C(=C1)C(=CN2)CC(C(=O)O)N,-3.4771212547196626,-0.3963610529899597,-0.15615253150463104,0.6488232612609863
2430,P28796_Y72F,C1=CC=C(C(=C1)[N+](=O)[O-])SCC(C(=O)O)N,0.3710678622717362,0.5949070453643799,-0.11877084523439407,0.4499427378177643
2431,P28796_Y72F,C(C(C(=O)O)N)Cl,-1.8194592034214354,0.11541373282670975,-0.03862734138965607,0.564585268497467
2432,P28796_Y72F,CSCC(C(=O)O)N,-1.5477023290053697,-0.33524075150489807,0.4832856357097626,0.4798003137111664
2433,P28796_Y72F,CCSCC(C(=O)O)N,-1.364416974528374,-0.1269550919532776,0.18170613050460815,0.5438445806503296
2434,P28796_Y72F,C1=CC=C(C=C1)CSCC(C(=O)O)N,-2.513333427374107,-0.36083468794822693,-0.15349386632442474,0.692678689956665
2435,P28796_Y72F,C(C(C(=O)O)N)O,-2.185075352052576,-0.2886645197868347,0.5563898086547852,0.21100696921348572
2436,P13743_wild,CC(=O)C(=O)[O-],3.9802558408055146,2.5126121044158936,-0.4572356045246124,1.6463264226913452
2437,P00341_wild,CC(=O)C(=O)[O-],3.7407613873661463,2.1798219680786133,-0.5967592000961304,1.3126078844070435
2438,P00340_wild,CC(=O)C(=O)[O-],3.6870457405232107,2.3032772541046143,-0.5494686365127563,1.490211009979248
2439,P19858_wild,CC(=O)C(=O)[O-],3.410019882568571,2.319350481033325,-0.6492643356323242,1.5677872896194458
2440,P13490_wild,CC(=O)C(=O)[O-],3.885654357818978,2.5075230598449707,-0.5499359369277954,1.8108842372894287
2441,Q5E9B1_wild,CC(=O)C(=O)[O-],3.7694476452789925,2.414304494857788,-0.5846432447433472,1.5578186511993408
2442,P00337_wild,CC(=O)C(=O)[O-],3.9767701401916575,2.549065351486206,-0.4964512586593628,1.655202865600586
2443,P07195_wild,CC(=O)C(=O)[O-],3.5954294792434798,2.3432462215423584,-0.562926173210144,1.4954595565795898
2444,P00338_wild,CC(=O)C(=O)[O-],3.2466723333413885,2.353945255279541,-0.6195547580718994,1.5893340110778809
2445,P00338_wild,CC(C(=O)[O-])O,0.8706521622129499,1.9501523971557617,0.6492624878883362,1.0500165224075317
2446,P00338_wild,C(C(=O)C(=O)[O-])O,2.3767506661726494,2.2441554069519043,-0.5258029699325562,1.8125561475753784
2447,P00338_wild,CCC(=O)C(=O)O,2.407485232166414,2.0441081523895264,-0.2187013179063797,1.3721559047698975
2448,P07195_wild,CC(C(=O)[O-])O,0.585026652029182,1.9177154302597046,0.704800546169281,0.9594689607620239
2449,P07195_wild,C(C(=O)C(=O)[O-])O,2.920818808239182,2.1750497817993164,-0.3979301452636719,1.7163047790527344
2450,P07195_wild,CCC(=O)C(=O)O,2.2218488364752442,2.0018210411071777,-0.11193569004535675,1.230231761932373
2451,P00338_wild,C1C=CN(C=C1C(=O)N)C2C(C(C(O2)COP(=O)(O)OP(=O)(O)OCC3C(C(C(O3)N4C=NC5=C(N=CN=C54)N)O)O)O)O,4.778151250383644,2.378777027130127,-1.6300220489501953,2.9065732955932617
2452,P00338_wild,C1=CC(=C[N+](=C1)C2C(C(C(O2)COP(=O)([O-])OP(=O)(O)OCC3C(C(C(O3)N4C=NC5=C(N=CN=C54)N)O)O)O)O)C(=O)N,2.94356189881724,2.000613212585449,-1.0560930967330933,2.3066258430480957
2453,P00338_wild,CC(=O)C1=C[N+](=CC=C1)C2C(C(C(O2)COP(=O)([O-])OP(=O)(O)OCC3C(C(C(O3)N4C=NC5=C(N=CN=C54)N)O)O)O)O,1.853871964321762,1.991148829460144,-1.1847710609436035,2.3962244987487793
2454,P07195_wild,C1C=CN(C=C1C(=O)N)C2C(C(C(O2)COP(=O)(O)OP(=O)(O)OCC3C(C(C(O3)N4C=NC5=C(N=CN=C54)N)O)O)O)O,4.43270218174578,2.2532804012298584,-1.5315196514129639,2.773634433746338
2455,P07195_wild,C1=CC(=C[N+](=C1)C2C(C(C(O2)COP(=O)([O-])OP(=O)(O)OCC3C(C(C(O3)N4C=NC5=C(N=CN=C54)N)O)O)O)O)C(=O)N,3.1307682802690238,1.8300689458847046,-0.9694792032241821,2.1544103622436523
2456,P07195_wild,CC(=O)C1=C[N+](=CC=C1)C2C(C(C(O2)COP(=O)([O-])OP(=O)(O)OCC3C(C(C(O3)N4C=NC5=C(N=CN=C54)N)O)O)O)O,1.884095895834164,1.809118390083313,-1.090651273727417,2.2437541484832764
2457,Q27Z06_wild,CC(C)(COP(=O)(O)OP(=O)(O)OCC1C(C(C(O1)N2C=NC3=C(N=CN=C32)N)O)OP(=O)(O)O)C(C(=O)NCCC(=O)NCCSC(=O)C=CC4=CC=C(C=C4)O)O,0.2676063270359192,-1.8604503870010376,-2.2353732585906982,1.2688149213790894
2458,P30074_wild,CC(C)(COP(=O)(O)OP(=O)(O)OCC1C(C(C(O1)N2C=NC3=C(N=CN=C32)N)O)OP(=O)(O)O)C(C(=O)NCCC(=O)NCCSC(=O)C=CC4=CC=C(C=C4)O)O,1.2795993717349061,-1.9972542524337769,-2.273536205291748,1.2062186002731323
2459,P30074_F215S,CC(C)(COP(=O)(O)OP(=O)(O)OCC1C(C(C(O1)N2C=NC3=C(N=CN=C32)N)O)OP(=O)(O)O)C(C(=O)NCCC(=O)NCCSC(=O)C=CC4=CC=C(C=C4)O)O,-0.9759177683845511,-2.546114683151245,-2.255418539047241,0.9318019151687622
2460,P30074_F215Y,CC(C)(COP(=O)(O)OP(=O)(O)OCC1C(C(C(O1)N2C=NC3=C(N=CN=C32)N)O)OP(=O)(O)O)C(C(=O)NCCC(=O)NCCSC(=O)C=CC4=CC=C(C=C4)O)O,-1.451770592133553,-2.0597083568573,-2.2734038829803467,1.1835298538208008
2461,P30074_F215W,CC(C)(COP(=O)(O)OP(=O)(O)OCC1C(C(C(O1)N2C=NC3=C(N=CN=C32)N)O)OP(=O)(O)O)C(C(=O)NCCC(=O)NCCSC(=O)C=CC4=CC=C(C=C4)O)O,-1.9513946665664985,-2.0781657695770264,-2.2881879806518555,1.176137089729309
2462,P30074_H303Q,CC(C)(COP(=O)(O)OP(=O)(O)OCC1C(C(C(O1)N2C=NC3=C(N=CN=C32)N)O)OP(=O)(O)O)C(C(=O)NCCC(=O)NCCSC(=O)C=CC4=CC=C(C=C4)O)O,-0.19806696985290667,-2.5811350345611572,-2.216897964477539,0.8625086545944214
2463,P30074_N336A,CC(C)(COP(=O)(O)OP(=O)(O)OCC1C(C(C(O1)N2C=NC3=C(N=CN=C32)N)O)OP(=O)(O)O)C(C(=O)NCCC(=O)NCCSC(=O)C=CC4=CC=C(C=C4)O)O,-1.0405200091291131,-2.328026533126831,-2.232710123062134,0.9934730529785156
2464,P30074_N336D,CC(C)(COP(=O)(O)OP(=O)(O)OCC1C(C(C(O1)N2C=NC3=C(N=CN=C32)N)O)OP(=O)(O)O)C(C(=O)NCCC(=O)NCCSC(=O)C=CC4=CC=C(C=C4)O)O,-2.926658920992706,-2.5051944255828857,-2.2426095008850098,0.9236142039299011
2465,P30074_N336K,CC(C)(COP(=O)(O)OP(=O)(O)OCC1C(C(C(O1)N2C=NC3=C(N=CN=C32)N)O)OP(=O)(O)O)C(C(=O)NCCC(=O)NCCSC(=O)C=CC4=CC=C(C=C4)O)O,-3.381759406190347,-2.549384832382202,-2.2454073429107666,0.9043228626251221
2466,P30074_wild,CC(C)(COP(=O)(O)OP(=O)(O)OCC1C(C(C(O1)N2C=NC3=C(N=CN=C32)N)O)OP(=O)(O)O)C(C(=O)NCCC(=O)NCCSC(=O)CC(=O)O)O,1.2207882221408561,-1.8382583856582642,-2.032747983932495,1.3127720355987549
2467,P30074_F215S,CC(C)(COP(=O)(O)OP(=O)(O)OCC1C(C(C(O1)N2C=NC3=C(N=CN=C32)N)O)OP(=O)(O)O)C(C(=O)NCCC(=O)NCCSC(=O)CC(=O)O)O,-1.6414421791024159,-2.3684427738189697,-1.999374270439148,1.051322340965271
2468,P30074_F215Y,CC(C)(COP(=O)(O)OP(=O)(O)OCC1C(C(C(O1)N2C=NC3=C(N=CN=C32)N)O)OP(=O)(O)O)C(C(=O)NCCC(=O)NCCSC(=O)CC(=O)O)O,-1.3486122556399036,-1.8973463773727417,-2.031550884246826,1.2907905578613281
2469,P30074_F215W,CC(C)(COP(=O)(O)OP(=O)(O)OCC1C(C(C(O1)N2C=NC3=C(N=CN=C32)N)O)OP(=O)(O)O)C(C(=O)NCCC(=O)NCCSC(=O)CC(=O)O)O,-2.114688091173186,-1.9137340784072876,-2.0434861183166504,1.2818145751953125
2470,P30074_H303Q,CC(C)(COP(=O)(O)OP(=O)(O)OCC1C(C(C(O1)N2C=NC3=C(N=CN=C32)N)O)OP(=O)(O)O)C(C(=O)NCCC(=O)NCCSC(=O)CC(=O)O)O,0.1262609228509769,-2.4011876583099365,-1.9673869609832764,0.9830471277236938
2471,P30074_N336A,CC(C)(COP(=O)(O)OP(=O)(O)OCC1C(C(C(O1)N2C=NC3=C(N=CN=C32)N)O)OP(=O)(O)O)C(C(=O)NCCC(=O)NCCSC(=O)CC(=O)O)O,-1.9394674005384107,-2.1527364253997803,-1.9741343259811401,1.1250665187835693
2472,P30074_N336D,CC(C)(COP(=O)(O)OP(=O)(O)OCC1C(C(C(O1)N2C=NC3=C(N=CN=C32)N)O)OP(=O)(O)O)C(C(=O)NCCC(=O)NCCSC(=O)CC(=O)O)O,-2.1562744713451747,-2.3301148414611816,-1.9893040657043457,1.0440483093261719
2473,P30074_N336K,CC(C)(COP(=O)(O)OP(=O)(O)OCC1C(C(C(O1)N2C=NC3=C(N=CN=C32)N)O)OP(=O)(O)O)C(C(=O)NCCC(=O)NCCSC(=O)CC(=O)O)O,-2.7516212028445945,-2.376795530319214,-1.9981799125671387,1.0249181985855103
2474,P30074_C164A,CC(C)(COP(=O)(O)OP(=O)(O)OCC1C(C(C(O1)N2C=NC3=C(N=CN=C32)N)O)OP(=O)(O)O)C(C(=O)NCCC(=O)NCCSC(=O)CC(=O)O)O,-0.4272748611447107,-2.3574440479278564,-1.9965765476226807,1.0361125469207764
2475,P30074_C164S,CC(C)(COP(=O)(O)OP(=O)(O)OCC1C(C(C(O1)N2C=NC3=C(N=CN=C32)N)O)OP(=O)(O)O)C(C(=O)NCCC(=O)NCCSC(=O)CC(=O)O)O,-0.5345740187070516,-2.3212523460388184,-1.9971890449523926,1.0723681449890137
2476,P30074_wild,CC(C)(COP(=O)(O)OP(=O)(O)OCC1C(C(C(O1)N2C=NC3=C(N=CN=C32)N)O)OP(=O)(O)O)C(C(=O)NCCC(=O)NCCSC(=O)C=CC4=CC=CC=C4)O,1.200485679753163,-1.791419506072998,-2.327491283416748,1.3310009241104126
2477,P30074_wild,CC(C)(COP(=O)(O)OP(=O)(O)OCC1C(C(C(O1)N2C=NC3=C(N=CN=C32)N)O)OP(=O)(O)O)C(C(=O)NCCC(=O)NCCSC(=O)CCC4=CC=CC=C4)O,1.2262578685214114,-1.6485258340835571,-2.187467098236084,1.3047099113464355
2478,P30074_wild,CC(C)(COP(=O)([O-])OP(=O)([O-])OCC1C(C(C(O1)N2C=NC3=C(N=CN=C32)N)O)OP(=O)([O-])[O-])C(C(=O)NCCC(=O)NCCSC(=O)C=CC4=CC(=C(C=C4)O)OC)O,0.5228786617621599,-1.6150344610214233,-2.2685036659240723,1.5108500719070435
2479,P30074_wild,CC(C)(COP(=O)(O)OP(=O)(O)OCC1C(C(C(O1)N2C=NC3=C(N=CN=C32)N)O)OP(=O)(O)O)C(C(=O)NCCC(=O)NCCSC(=O)CC4=CC=CC=C4)O,0.8507383473940888,-1.7258111238479614,-2.2131123542785645,1.2574169635772705
2480,P30074_wild,CC(C)(COP(=O)(O)OP(=O)(O)OCC1C(C(C(O1)N2C=NC3=C(N=CN=C32)N)O)OP(=O)(O)O)C(C(=O)NCCC(=O)NCCSC(=O)C4=CC=CC=C4)O,1.1174721217154882,-1.7779852151870728,-2.221207618713379,1.2397994995117188
2481,P30074_wild,CC(=O)SCCNC(=O)CCNC(=O)C(C(C)(C)COP(=O)(O)OP(=O)(O)OCC1C(C(C(O1)N2C=NC3=C(N=CN=C32)N)O)OP(=O)(O)O)O,-0.4236768897774901,-1.6208064556121826,-2.1528453826904297,1.175527811050415
2482,P30074_wild,CCCC(=O)SCCNC(=O)CCNC(=O)C(C(C)(C)COP(=O)(O)OP(=O)(O)OCC1C(C(C(O1)N2C=NC3=C(N=CN=C32)N)O)OP(=O)(O)O)O,0.5576409469888758,-1.5780764818191528,-2.0807089805603027,1.1919028759002686
2483,P30074_wild,CCCCC(=O)SCCNC(=O)CCNC(=O)C(C(C)(C)COP(=O)([O-])OP(=O)([O-])OCC1C(C(C(O1)N2C=NC3=C(N=CN=C32)N)O)OP(=O)([O-])[O-])O,0.838149180058929,-1.5839399099349976,-2.155005931854248,1.3146982192993164
2484,P30074_wild,CCCCCC(=O)SCCNC(=O)CCNC(=O)C(C(C)(C)COP(=O)(O)OP(=O)(O)OCC1C(C(C(O1)N2C=NC3=C(N=CN=C32)N)O)OP(=O)(O)O)O,1.010465433678165,-1.700032353401184,-2.2464170455932617,1.2991108894348145
2485,P30074_wild,CCCCCCC(=O)SCCNC(=O)CCNC(=O)C(C(C)(C)COP(=O)(O)OP(=O)(O)OCC1C(C(C(O1)N2C=NC3=C(N=CN=C32)N)O)OP(=O)(O)O)O,1.101231386790699,-1.7107884883880615,-2.2623209953308105,1.3066058158874512
2486,P30074_wild,CCCCCCCC(=O)SCCNC(=O)CCNC(=O)C(C(C)(C)COP(=O)(O)OP(=O)(O)OCC1C(C(C(O1)N2C=NC3=C(N=CN=C32)N)O)OP(=O)(O)O)O,1.07981574752026,-1.7127784490585327,-2.295654058456421,1.312199592590332
2487,P30074_F265V,CC(C)(COP(=O)(O)OP(=O)(O)OCC1C(C(C(O1)N2C=NC3=C(N=CN=C32)N)O)OP(=O)(O)O)C(C(=O)NCCC(=O)NCCSC(=O)C=CC4=CC=C(C=C4)O)O,0.8260748027008264,-2.034895420074463,-2.2660727500915527,1.187160849571228
2488,P30074_F265V,CC(C)(COP(=O)(O)OP(=O)(O)OCC1C(C(C(O1)N2C=NC3=C(N=CN=C32)N)O)OP(=O)(O)O)C(C(=O)NCCC(=O)NCCSC(=O)C=CC4=CC=CC=C4)O,0.21156905836046747,-1.8309630155563354,-2.3198659420013428,1.3119432926177979
2489,P30074_F265V,CC(C)(COP(=O)(O)OP(=O)(O)OCC1C(C(C(O1)N2C=NC3=C(N=CN=C32)N)O)OP(=O)(O)O)C(C(=O)NCCC(=O)NCCSC(=O)CCC4=CC=CC=C4)O,0.7254223199606485,-1.6855560541152954,-2.179917335510254,1.2862893342971802
2490,P30074_F265V,CC(C)(COP(=O)([O-])OP(=O)([O-])OCC1C(C(C(O1)N2C=NC3=C(N=CN=C32)N)O)OP(=O)([O-])[O-])C(C(=O)NCCC(=O)NCCSC(=O)C=CC4=CC(=C(C=C4)O)OC)O,0.6532125137753437,-1.645431637763977,-2.2575488090515137,1.4946918487548828
2491,P30074_F265V,CC(C)(COP(=O)(O)OP(=O)(O)OCC1C(C(C(O1)N2C=NC3=C(N=CN=C32)N)O)OP(=O)(O)O)C(C(=O)NCCC(=O)NCCSC(=O)CC4=CC=CC=C4)O,1.1064553110381088,-1.7661975622177124,-2.205024480819702,1.2392544746398926
2492,P30074_F265V,CC(C)(COP(=O)(O)OP(=O)(O)OCC1C(C(C(O1)N2C=NC3=C(N=CN=C32)N)O)OP(=O)(O)O)C(C(=O)NCCC(=O)NCCSC(=O)C4=CC=CC=C4)O,0.6569607934699891,-1.8173872232437134,-2.2145230770111084,1.2208747863769531
2493,P30074_F265V,CC(=O)SCCNC(=O)CCNC(=O)C(C(C)(C)COP(=O)(O)OP(=O)(O)OCC1C(C(C(O1)N2C=NC3=C(N=CN=C32)N)O)OP(=O)(O)O)O,-0.12158509460071214,-1.6645272970199585,-2.148820400238037,1.156191349029541
2494,P30074_F265V,CCCC(=O)SCCNC(=O)CCNC(=O)C(C(C)(C)COP(=O)(O)OP(=O)(O)OCC1C(C(C(O1)N2C=NC3=C(N=CN=C32)N)O)OP(=O)(O)O)O,0.2540334174772401,-1.622412085533142,-2.078038215637207,1.1735340356826782
2495,P30074_F265V,CCCCC(=O)SCCNC(=O)CCNC(=O)C(C(C)(C)COP(=O)([O-])OP(=O)([O-])OCC1C(C(C(O1)N2C=NC3=C(N=CN=C32)N)O)OP(=O)([O-])[O-])O,0.560370620880111,-1.6187880039215088,-2.1478049755096436,1.2976258993148804
2496,P30074_F265V,CCCCCC(=O)SCCNC(=O)CCNC(=O)C(C(C)(C)COP(=O)(O)OP(=O)(O)OCC1C(C(C(O1)N2C=NC3=C(N=CN=C32)N)O)OP(=O)(O)O)O,1.0743287188546455,-1.7414027452468872,-2.2406129837036133,1.2778184413909912
2497,P30074_F265V,CCCCCCC(=O)SCCNC(=O)CCNC(=O)C(C(C)(C)COP(=O)(O)OP(=O)(O)OCC1C(C(C(O1)N2C=NC3=C(N=CN=C32)N)O)OP(=O)(O)O)O,1.1479801725442134,-1.7540210485458374,-2.256021738052368,1.2848117351531982
2498,P30074_F265V,CCCCCCCC(=O)SCCNC(=O)CCNC(=O)C(C(C)(C)COP(=O)(O)OP(=O)(O)OCC1C(C(C(O1)N2C=NC3=C(N=CN=C32)N)O)OP(=O)(O)O)O,1.4657722988481112,-1.7558207511901855,-2.2888455390930176,1.2904800176620483
2499,P30074_F215S,CC(C)(COP(=O)(O)OP(=O)(O)OCC1C(C(C(O1)N2C=NC3=C(N=CN=C32)N)O)OP(=O)(O)O)C(C(=O)NCCC(=O)NCCSC(=O)CC4=CC=CC=C4)O,-0.8293037511163014,-2.2537286281585693,-2.1983535289764404,1.0002031326293945
2500,P30074_F215S,CC(C)(COP(=O)(O)OP(=O)(O)OCC1C(C(C(O1)N2C=NC3=C(N=CN=C32)N)O)OP(=O)(O)O)C(C(=O)NCCC(=O)NCCSC(=O)C4=CC=CC=C4NC)O,-0.3010299956639812,-2.101404905319214,-2.3065919876098633,1.1777536869049072
2501,P30074_F215S,CC(C)(COP(=O)(O)OP(=O)(O)OCC1C(C(C(O1)N2C=NC3=C(N=CN=C32)N)O)OP(=O)(O)O)C(C(=O)NCCC(=O)NCCSC(=O)C4=CC=CC=C4)O,-0.7558748339577679,-2.297590494155884,-2.2059266567230225,0.9856884479522705
2502,P30074_F215S,CCCCC(=O)SCCNC(=O)CCNC(=O)C(C(C)(C)COP(=O)([O-])OP(=O)([O-])OCC1C(C(C(O1)N2C=NC3=C(N=CN=C32)N)O)OP(=O)([O-])[O-])O,-0.8293037511163014,-2.1437036991119385,-2.1350791454315186,1.061760663986206
2503,P30074_F215S,CCCCCC(=O)SCCNC(=O)CCNC(=O)C(C(C)(C)COP(=O)(O)OP(=O)(O)OCC1C(C(C(O1)N2C=NC3=C(N=CN=C32)N)O)OP(=O)(O)O)O,-0.5862656000606106,-2.2240912914276123,-2.2384586334228516,1.030615210533142
2504,P30074_F215S,CCCCCCC(=O)SCCNC(=O)CCNC(=O)C(C(C)(C)COP(=O)(O)OP(=O)(O)OCC1C(C(C(O1)N2C=NC3=C(N=CN=C32)N)O)OP(=O)(O)O)O,-0.8115750232423731,-2.254424810409546,-2.2524919509887695,1.0423712730407715
2505,P30074_F215S,CCCCCCCC(=O)SCCNC(=O)CCNC(=O)C(C(C)(C)COP(=O)(O)OP(=O)(O)OCC1C(C(C(O1)N2C=NC3=C(N=CN=C32)N)O)OP(=O)(O)O)O,-0.8573324747165448,-2.2414050102233887,-2.281735420227051,1.0464963912963867
2506,Q9FEY5_wild,CC(C)(COP(=O)(O)OP(=O)(O)OCC1C(C(C(O1)N2C=NC3=C(N=CN=C32)N)O)OP(=O)(O)O)C(C(=O)NCCC(=O)NCCSC(=O)C=CC4=CC=C(C=C4)O)O,-1.3608277435049303,-1.9809702634811401,-2.1967623233795166,1.1001062393188477
2507,Q9FEY5_wild,CC(C)(COP(=O)(O)OP(=O)(O)OCC1C(C(C(O1)N2C=NC3=C(N=CN=C32)N)O)OP(=O)(O)O)C(C(=O)NCCC(=O)NCCSC(=O)CC(=O)O)O,-1.6223867390083024,-1.806646704673767,-1.9578059911727905,1.2099179029464722
2508,B3TPQ6_wild,CC(=CCCC(=CCCC(=CCOP(=O)(O)OP(=O)(O)O)C)C)C,-0.48531573333493405,-1.438278079032898,-2.149043560028076,0.3580261766910553
2509,Q93WU3_wild,C[S+](CCC(C(=O)[O-])N)CC1C(C(C(O1)N2C=NC3=C(N=CN=C32)N)O)O,-0.7958800173440752,-1.3724991083145142,-1.2455551624298096,0.48502403497695923
2510,Q93WU3_wild,C=CCC1=CC=C(C=C1)O,-0.8750612633917001,-2.6705238819122314,-1.7694019079208374,0.22048155963420868
2511,Q6ZQY3_wild,C(C(C(=O)O)N)C(=O)O,-0.32062555172736196,0.0642426386475563,-0.2752186059951782,0.43110424280166626
2512,P11931_wild,CC(C)C(C(=O)O)N,2.4868265632270403,0.5518784523010254,-0.9066989421844482,1.5857019424438477
2513,P11931_P47A,CC(C)C(C(=O)O)N,2.150049457191331,0.4480079114437103,-0.8977192640304565,1.5035037994384766
2514,P11931_P47G,CC(C)C(C(=O)O)N,1.6634316789570298,0.46108514070510864,-0.8946762681007385,1.509171962738037
2515,P11931_G85R,CC(C)C(C(=O)O)N,0.694274883127639,0.3802609145641327,-0.8907434344291687,1.4484490156173706
2516,P11931_P47I,CC(C)C(C(=O)O)N,-3.661181443446619,0.3475305438041687,-0.9035101532936096,1.4354699850082397
2517,P11931_D87A,CC(C)C(C(=O)O)N,-1.9801051712830606,0.4605634808540344,-0.8988208770751953,1.5278000831604004
2518,P11931_wild,CC(C(C(=O)O)N)O,2.9030899869919438,0.41000422835350037,-1.173596739768982,1.1052231788635254
2519,P11931_P47A,CC(C(C(=O)O)N)O,2.6470739736719135,0.31248989701271057,-1.164959192276001,1.0242360830307007
2520,P11931_P47G,CC(C(C(=O)O)N)O,1.185884958142204,0.3226207196712494,-1.1682982444763184,1.0224988460540771
2521,P11931_G85R,CC(C(C(=O)O)N)O,0.8230727551579774,0.24350014328956604,-1.1603641510009766,0.958764910697937
2522,P34125_wild,CCCCCCCCC=CCCCCCCCC(=O)OCC(CO)OC(=O)CCCCCCCC=CCCCCCCCC,-1.3010299956639813,-1.9825631380081177,-1.5209074020385742,1.3177170753479004
2523,P34125_wild,CCCCCCCC(=O)OCC(CO)OC(=O)CCCCCCC,-0.2253092817258628,-1.4812339544296265,-1.1447656154632568,1.1930277347564697
2524,D2DRC4_wild,CC(C)(COP(=O)(O)OP(=O)(O)OCC1C(C(C(O1)N2C=NC3=C(N=CN=C32)N)O)OP(=O)(O)O)C(C(=O)NCCC(=O)NCCSC(=O)C4=CC=CC=C4O)O,1.105633532061265,-1.6227792501449585,-2.3182504177093506,0.8053807020187378
2525,D2DRC5_wild,CC(C)(COP(=O)(O)OP(=O)(O)OCC1C(C(C(O1)N2C=NC3=C(N=CN=C32)N)O)OP(=O)(O)O)C(C(=O)NCCC(=O)NCCSC(=O)C4=CC=CC=C4O)O,1.063051745747089,-1.6152194738388062,-2.2780344486236572,0.8360432386398315
2526,P07382_wild,C1C=CN(C=C1C(=O)N)C2C(C(C(O2)COP(=O)(O)OP(=O)(O)OCC3C(C(C(O3)N4C=NC5=C(N=CN=C54)N)OP(=O)(O)O)O)O)O,4.508155488459631,1.2752658128738403,-2.247267961502075,2.7146780490875244
2527,P07382_wild,C1C(=NC2=C(N1)N=C(NC2=O)N)CNC3=CC=C(C=C3)C(=O)NC(CCC(=O)O)C(=O)O,4.34845464559212,0.9466645121574402,-2.2135136127471924,2.7436716556549072
2528,P07382_M53R,C1C=CN(C=C1C(=O)N)C2C(C(C(O2)COP(=O)(O)OP(=O)(O)OCC3C(C(C(O3)N4C=NC5=C(N=CN=C54)N)OP(=O)(O)O)O)O)O,3.8016323462331667,1.221720576286316,-2.252902030944824,2.6837594509124756
2529,P07382_M53R,C1C(=NC2=C(N1)N=C(NC2=O)N)CNC3=CC=C(C=C3)C(=O)NC(CCC(=O)O)C(=O)O,3.676693609624867,0.9166625738143921,-2.210529327392578,2.705777645111084
2530,Q27783_wild,C1C(=NC2=C(N1)N=C(NC2=O)N)CNC3=CC=C(C=C3)C(=O)NC(CCC(=O)O)C(=O)O,3.9208187539523753,1.1441571712493896,-2.3964474201202393,3.0225956439971924
2531,Q27783_wild,C1C=CN(C=C1C(=O)N)C2C(C(C(O2)COP(=O)(O)OP(=O)(O)OCC3C(C(C(O3)N4C=NC5=C(N=CN=C54)N)OP(=O)(O)O)O)O)O,3.744727494896694,1.4995285272598267,-2.364257574081421,2.952927589416504
2532,Q27793_wild,C1C(=NC2=C(N1)N=C(NC2=O)N)CNC3=CC=C(C=C3)C(=O)NC(CCC(=O)O)C(=O)O,4.778151250383644,0.7573412656784058,-2.207181692123413,2.4878029823303223
2533,Q27793_wild,C1C=CN(C=C1C(=O)N)C2C(C(C(O2)COP(=O)(O)OP(=O)(O)OCC3C(C(C(O3)N4C=NC5=C(N=CN=C54)N)OP(=O)(O)O)O)O)O,3.6268835750529944,1.1433383226394653,-2.243480682373047,2.502722978591919
2534,P37879_wild,C(CCN)CC(C(=O)O)N,1.746394654264157,0.29996591806411743,-1.042327880859375,0.6280065774917603
2535,P37879_wild,C1=NC(=C2C(=N1)N(C=N2)C3C(C(C(O3)COP(=O)(O)OP(=O)(O)OP(=O)(O)O)O)O)N,1.3010299956639813,0.9207973480224609,-1.4176805019378662,1.0922951698303223
2536,P54550_wild,C(C(CO[N+](=O)[O-])O[N+](=O)[O-])O[N+](=O)[O-],1.2567579995266127,-0.2000834047794342,-0.7051072120666504,0.9109570980072021
2537,P54550_wild,C1CC=CC(=O)C1,0.8096683018297085,-0.37206727266311646,-0.6383561491966248,1.2532761096954346
2538,P54550_wild,CC1=C(C=C(C=C1[N+](=O)[O-])[N+](=O)[O-])[N+](=O)[O-],0.6343707581613911,-0.8756853342056274,-1.220432162284851,0.8182752728462219
2539,P54550_wild,CCCC=CC=O,-0.19968955757273596,-0.9422922134399414,-0.4586508572101593,0.6120108962059021
2540,O26253_wild,C1=NC(=C2C(=N1)N(C=N2)C3C(C(C(O3)COP(=O)(O)OP(=O)(O)OP(=O)(O)O)O)O)N,1.7958800173440752,0.6685216426849365,-0.6620925664901733,0.8205918073654175
2541,O26253_H16A,C1=NC(=C2C(=N1)N(C=N2)C3C(C(C(O3)COP(=O)(O)OP(=O)(O)OP(=O)(O)O)O)O)N,-0.26324143477458145,0.08613669127225876,-0.4140993356704712,0.3515225946903229
2542,O26253_wild,C1=CC(=C[N+](=C1)C2C(C(C(O2)COP(=O)(O)[O-])O)O)C(=O)N,2.0969100130080562,0.7476668357849121,-0.5135628581047058,0.8789461851119995
2543,O26253_H16A,C1=CC(=C[N+](=C1)C2C(C(C(O2)COP(=O)(O)[O-])O)O)C(=O)N,0.4771212547196624,0.15219980478286743,-0.2822650969028473,0.4640580415725708
2544,Q8PS97_wild,C(CCN)CC(C(=O)O)N,-1.5788301506094875,-0.4546840786933899,0.6121756434440613,-0.19706174731254578
2545,Q9HVQ3_wild,C(CCN)CC(C(=O)O)N,-1.6071996309803736,0.12265538424253464,0.5727829933166504,0.06794470548629761
2546,Q29495_wild,C1=CC2=C(C=C1O)C(=CN2)CCN,2.6020599913279625,1.1864871978759766,0.041199520230293274,0.1957854926586151
2547,Q29495_wild,CC(=O)SCCNC(=O)CCNC(=O)C(C(C)(C)COP(=O)(O)OP(=O)(O)OCC1C(C(C(O1)N2C=NC3=C(N=CN=C32)N)O)OP(=O)(O)O)O,2.5907789809182735,0.7819396257400513,-0.47256767749786377,1.095643162727356
2548,Q29495_wild,C1=CC=C2C(=C1)C(=CN2)CCNC(=O)CBr,-0.12493873660829995,0.18662765622138977,-0.014764325693249702,0.3209262490272522
2549,Q29495_wild,CC(C)(COP(=O)(O)OP(=O)(O)OCC1C(C(C(O1)N2C=NC3=C(N=CN=C32)N)O)OP(=O)(O)O)C(C(=O)NCCC(=O)NCCS)O,1.2552725051033062,0.4736289381980896,-0.7812638878822327,1.0963292121887207
2550,Q29495_Y168F,CC(=O)SCCNC(=O)CCNC(=O)C(C(C)(C)COP(=O)(O)OP(=O)(O)OCC1C(C(C(O1)N2C=NC3=C(N=CN=C32)N)O)OP(=O)(O)O)O,1.3979400086720375,-0.14229607582092285,-0.28384023904800415,0.532749593257904
2551,Q29495_Y168F,C1=CC=C2C(=C1)C(=CN2)CCN,-0.48666657262589286,-0.44959449768066406,0.306229829788208,-0.6978330612182617
2552,Q29495_H120Q,CC(=O)SCCNC(=O)CCNC(=O)C(C(C)(C)COP(=O)(O)OP(=O)(O)OCC1C(C(C(O1)N2C=NC3=C(N=CN=C32)N)O)OP(=O)(O)O)O,1.563091281663706,0.7950143814086914,-0.4593799114227295,1.0962070226669312
2553,Q29495_H120Q,C1=CC=C2C(=C1)C(=CN2)CCN,1.3099848383169077,0.3228451609611511,0.10372962057590485,-0.16209536790847778
2554,Q29495_H122Q,CC(=O)SCCNC(=O)CCNC(=O)C(C(C)(C)COP(=O)(O)OP(=O)(O)OCC1C(C(C(O1)N2C=NC3=C(N=CN=C32)N)O)OP(=O)(O)O)O,1.359502091371508,0.5109027028083801,-0.3383743166923523,0.8713281154632568
2555,Q29495_H122Q,C1=CC=C2C(=C1)C(=CN2)CCN,0.5782506782570657,0.13600298762321472,0.25844481587409973,-0.27818527817726135
2556,Q29495_H120Q/H122Q,CC(=O)SCCNC(=O)CCNC(=O)C(C(C)(C)COP(=O)(O)OP(=O)(O)OCC1C(C(C(O1)N2C=NC3=C(N=CN=C32)N)O)OP(=O)(O)O)O,0.4460387150476152,0.5086587071418762,-0.31489098072052,0.8527907133102417
2557,Q29495_H120Q/H122Q,C1=CC=C2C(=C1)C(=CN2)CCN,-0.5460648041063509,0.1238698810338974,0.26970911026000977,-0.31374114751815796
2558,Q29495_H120A,CC(=O)SCCNC(=O)CCNC(=O)C(C(C)(C)COP(=O)(O)OP(=O)(O)OCC1C(C(C(O1)N2C=NC3=C(N=CN=C32)N)O)OP(=O)(O)O)O,0.6342446746993636,0.8049907684326172,-0.45701226592063904,1.105398178100586
2559,Q29495_H120A,C1=CC=C2C(=C1)C(=CN2)CCN,-0.14390657568428,0.3232578933238983,0.1041615754365921,-0.15517371892929077
2560,Q29495_H122A,CC(=O)SCCNC(=O)CCNC(=O)C(C(C)(C)COP(=O)(O)OP(=O)(O)OCC1C(C(C(O1)N2C=NC3=C(N=CN=C32)N)O)OP(=O)(O)O)O,1.0148915554013451,0.4498988389968872,-0.3553372919559479,0.8462154865264893
2561,Q29495_H122A,C1=CC=C2C(=C1)C(=CN2)CCN,0.5022319753026936,0.09754497557878494,0.252824604511261,-0.2790326178073883
2562,Q29495_H120A/H122A,CC(=O)SCCNC(=O)CCNC(=O)C(C(C)(C)COP(=O)(O)OP(=O)(O)OCC1C(C(C(O1)N2C=NC3=C(N=CN=C32)N)O)OP(=O)(O)O)O,-1.9076857386810928,0.45680901408195496,-0.35321688652038574,0.8550163507461548
2563,Q29495_H120A/H122A,C1=CC=C2C(=C1)C(=CN2)CCN,-1.6896299780818753,0.09363610297441483,0.2478032261133194,-0.28403568267822266
2564,Q29495_H122E,CC(=O)SCCNC(=O)CCNC(=O)C(C(C)(C)COP(=O)(O)OP(=O)(O)OCC1C(C(C(O1)N2C=NC3=C(N=CN=C32)N)O)OP(=O)(O)O)O,0.14612803567823807,0.5457063913345337,-0.3688926696777344,0.9321062564849854
2565,Q29495_H122E,C1=CC=C2C(=C1)C(=CN2)CCN,-0.15490195998574313,0.13943755626678467,0.18690936267375946,-0.24569055438041687
2566,Q29495_Y168F,C1=CC=C2C(=C1)C(=CN2)CCNC(=O)CBr,-0.5228787452803376,-0.6922652721405029,0.17459778487682343,-0.20688602328300476
2567,Q29495_Y168F,CC(C)(COP(=O)(O)OP(=O)(O)OCC1C(C(C(O1)N2C=NC3=C(N=CN=C32)N)O)OP(=O)(O)O)C(C(=O)NCCC(=O)NCCS)O,-0.5228787452803376,-0.41056379675865173,-0.5735425353050232,0.5478183031082153
2568,Q29495_Y168F,CC(CC1=CNC2=CC=CC=C21)N,-2.509305938091064,-0.8808315992355347,-0.2952142655849457,0.05232328176498413
2569,Q09128_wild,CC(CCCC(C)(C)O)C1CCC2C1(CCCC2=CC=C3CC(CCC3=C)O)C,3.146128035678238,-0.7035410404205322,-2.799746036529541,0.9327682852745056
2570,P04391_wild,C(CC(C(=O)O)N)CN,1.9444826721501687,1.886854648590088,0.009149445220828056,1.0757263898849487
2571,O66990_wild,C1C(NC(=O)NC1=O)C(=O)O,0.6584364578989315,0.8159492611885071,-0.7314496040344238,1.220385193824768
2572,Q5ZLN1_wild,C(C(C(=O)O)OP(=O)(O)O)OP(=O)(O)O,7.630936119064192,1.360282063484192,-2.297178030014038,1.0849847793579102
2573,Q5ZLN1_wild,C(C(=O)[O-])OP(=O)([O-])[O-],0.763709282503513,1.2390612363815308,-1.5195679664611816,1.2973259687423706
2574,Q5ZLN1_wild,C(C(C(=O)O)OP(=O)(O)O)O,4.931966114728173,1.8588194847106934,-1.2289483547210693,0.8551793098449707
2575,Q5ZLN1_wild,C(C(C(=O)O)O)OP(=O)(O)O,3.8995208676879964,1.5542774200439453,-1.0705713033676147,0.828432023525238
2576,P62707_wild,C(C(C(=O)O)O)OP(=O)(O)O,3.2174839442139063,2.023224115371704,-0.5913631319999695,1.5729050636291504
2577,P62707_wild,C(C(C(=O)O)OP(=O)(O)O)O,3.0636690798693773,2.27148175239563,-0.7558056116104126,1.5864500999450684
2578,P00950_wild,C(C(C(=O)O)OP(=O)(O)O)O,2.4528408786725824,2.0642151832580566,-0.7156501412391663,1.6058621406555176
2579,P00950_wild,C(C(C(=O)O)OP(=O)(O)O)OP(=O)(O)O,0.5593080109070125,1.6830793619155884,-1.6768133640289307,1.8825502395629883
2580,Q57764_wild,C(CC(C(=O)O)N)CN=C(N)N,-0.14841983245782278,0.7875899076461792,0.16885791718959808,0.9011566042900085
2581,Q2U3U2_wild,C1=CC=C2C(=C1)C(=CN2)CC(C(=O)O)N,0.7367585652254185,0.17837756872177124,-0.5273904204368591,0.49668511748313904
2582,Q2UJE7_wild,C1=CC=C2C(=C1)C(=CN2)CC(C(=O)O)N,1.357481131537842,-0.06346411257982254,-0.20348595082759857,0.22036661207675934
