,fasta_id,smiles,Label,pred_log10[kcat(s^-1)],pred_log10[Km(mM)],pred_log10[kcat/Km(s^-1mM^-1)]
0,Q0KEG0_wild,CC(=O)CC(=O)SCCNC(=O)CCNC(=O)C(C(C)(C)COP(=O)(O)OP(=O)(O)OCC1C(C(C(O1)N2C=NC3=C(N=CN=C32)N)O)OP(=O)(O)O)O,-1.1191864077192086,0.9784419536590576,-0.7707352042198181,2.760239601135254
1,Q96G61_wild,C1=NC(=C2C(=N1)N(C=N2)C3C(C(C(O3)COP(=O)(O)OP(=O)(O)OP(=O)(O)OP(=O)(O)OP(=O)(O)OCC4C(C(C(O4)N5C=NC6=C(N=CN=C65)N)O)O)O)O)N,-1.3010299956639813,-0.49191802740097046,-1.5672985315322876,1.7121210098266602
2,Q8NFP7_wild,C1=NC(=C2C(=N1)N(C=N2)C3C(C(C(O3)COP(=O)(O)OP(=O)(O)OP(=O)(O)OP(=O)(O)OP(=O)(O)OCC4C(C(C(O4)N5C=NC6=C(N=CN=C65)N)O)O)O)O)N,-1.3010299956639813,-0.4704483449459076,-1.5351449251174927,1.735234260559082
3,Q8NFP7_wild,C1=NC(=C2C(=N1)N(C=N2)C3C(C(C(O3)COP(=O)(O)OP(=O)(O)OP(=O)(O)OP(=O)(O)OP(=O)(O)OP(=O)(O)OCC4C(C(C(O4)N5C=NC6=C(N=CN=C65)N)O)O)O)O)N,-1.7212463990471711,-0.4961560368537903,-1.6410000324249268,1.7823489904403687
4,O95989_wild,C1=NC(=C2C(=N1)N(C=N2)C3C(C(C(O3)COP(=O)(O)OP(=O)(O)OP(=O)(O)OP(=O)(O)OP(=O)(O)OP(=O)(O)OCC4C(C(C(O4)N5C=NC6=C(N=CN=C65)N)O)O)O)O)N,-2.2291479883578558,-0.5284746885299683,-1.6876529455184937,1.8842315673828125
5,O95989_wild,C1=NC(=C2C(=N1)N(C=N2)C3C(C(C(O3)COP(=O)(O)OP(=O)(O)OP(=O)(O)OP(=O)(O)OP(=O)(O)OCC4C(C(C(O4)N5C=NC6=C(N=CN=C65)N)O)O)O)O)N,-2.113509274827518,-0.5108030438423157,-1.6194227933883667,1.8367259502410889
6,Q45NF5_wild,C1C(C(C(CC1(C(=O)O)O)OC(=O)C=CC2=CC(=C(C=C2)O)O)O)O,0.0755469613924942,3.1985740661621094,0.4894269108772278,1.6868131160736084
7,P14679_wild,CC(C)(C)C1=CC(=C(C=C1)O)O,-0.22184874961635637,2.2390618324279785,-0.4640117883682251,1.306914210319519
8,P14679_wild,C1=CC(=CC=C1CC(C(=O)O)N)O,-0.6575773191777937,1.392386794090271,-0.22140653431415558,1.0964089632034302
9,P14679_wild,COC(=O)C(CC1=CC(=C(C=C1)O)O)N,0.2787536009528289,1.7341866493225098,-0.31179213523864746,1.2338457107543945
10,P14679_wild,C1=CC(=C(C=C1CC(C(=O)O)N)O)O,-0.46852108295774486,1.843862771987915,-0.3473125398159027,1.1029887199401855
11,P14679_wild,C1=CC=C(C(=C1)O)O,1.505149978319906,2.466970205307007,-0.5149710178375244,1.2847931385040283
12,P14679_wild,C1=CC(=C(C=C1CCN)O)O,1.2041199826559248,1.6738371849060059,-0.46791160106658936,1.1279890537261963
13,P14679_wild,C1=CC(=C(C=C1CC(=O)O)O)O,1.2787536009528289,1.9040253162384033,-0.13973203301429749,0.9320470094680786
14,P14679_wild,CC(C)NCC(C1=CC(=C(C=C1)O)O)O,1.7634279935629373,1.5631301403045654,0.06384718418121338,0.6583932638168335
15,Q68NI4_wild,C1C(C(OC2=CC(=CC(=C21)O)O)C3=CC(=C(C(=C3)O)O)O)OC(=O)C4=CC(=C(C(=C4)O)O)O,1.505149978319906,1.9250868558883667,-0.28123271465301514,1.261821985244751
16,Q68NI4_wild,COC1=CC=CC=C1O,1.5797835966168101,1.9005074501037598,0.26363885402679443,0.7333251237869263
17,Q68NI4_wild,C1=CC(=CC=C1CC(C(=O)O)N)O,1.954242509439325,2.1720499992370605,0.2615564465522766,0.6949272155761719
18,Q68NI4_wild,C1C(C(OC2=CC(=CC(=C21)O)O)C3=CC(=C(C(=C3)O)O)O)O,1.3222192947339193,1.9721968173980713,-0.4844103455543518,1.2682435512542725
19,C0L3S4_wild,C1=CC=C(C(=C1)O)O,1.2041199826559248,3.025534152984619,0.15763700008392334,0.8591107130050659
20,C0L3S4_wild,C1C(C(OC2=CC(=CC(=C21)O)O)C3=CC(=C(C(=C3)O)O)O)O,1.4471580313422192,1.7827985286712646,-0.4111337661743164,1.0946812629699707
21,C0L3S4_wild,C1=CC(=CC=C1CC(C(=O)O)N)O,2.161368002234975,1.9763456583023071,0.2794390022754669,0.5061197876930237
22,C0L3S4_wild,C1C(C(OC2=CC(=CC(=C21)O)O)C3=CC(=C(C=C3)O)O)O,-0.5030703519267851,1.8035085201263428,-0.4435262084007263,1.2637660503387451
23,C0L3S4_wild,C1C(C(OC2=CC(=CC(=C21)O)O)C3=CC(=C(C(=C3)O)O)O)OC(=O)C4=CC(=C(C(=C4)O)O)O,0.8388490907372553,1.7295409440994263,-0.23657797276973724,1.0792596340179443
24,A0A1U7Z3Y9_wild,C1=CC=C(C(=C1)O)O,-0.21896306137886812,3.2145862579345703,0.0508694089949131,0.8884913921356201
25,P14060_wild,CC12CCC3C(C1CCC2=O)CC=C4C3(CCC(C4)O)C,-2.431798275933005,-0.995302677154541,-2.318345785140991,1.3616052865982056
26,P14060_wild,C1=CC(=C[N+](=C1)C2C(C(C(O2)COP(=O)([O-])OP(=O)(O)OCC3C(C(C(O3)N4C=NC5=C(N=CN=C54)N)O)O)O)O)C(=O)N,-1.4672456210075022,-0.36502087116241455,-0.9023763537406921,1.2413610219955444
27,Q93HX6_wild,C1C=CN(C=C1C(=O)N)C2C(C(C(O2)COP(=O)(O)OP(=O)(O)OCC3C(C(C(O3)N4C=NC5=C(N=CN=C54)N)OP(=O)(O)O)O)O)O,-1.9469215565165803,0.5811806321144104,-1.2831097841262817,2.586071491241455
28,Q93HX6_wild,CC1=NC=C(C(=C1O)C=O)COP(=O)(O)O,-1.9469215565165803,0.15985402464866638,-2.041229486465454,1.7424850463867188
29,Q93HX6_wild,C(C(C(C(C(C(=O)O)N)O)O)O)O,-1.9469215565165803,0.35290950536727905,0.075343057513237,0.8388047218322754
30,Q9S7E9_wild,C(=O)C(=O)[O-],-0.853871964321762,1.6892057657241821,-0.1909511834383011,1.3676462173461914
31,Q9S7E9_wild,C(CC(=O)O)C(C(=O)O)N,0.5211380837040362,1.667513370513916,0.520001232624054,0.9089905023574829
32,Q9S7E9_wild,CC(C(=O)O)N,0.5514499979728751,1.7114766836166382,0.8476963639259338,0.7190158367156982
33,A4IP64_wild,C1=CC(=C[N+](=C1)C2C(C(C(O2)COP(=O)(O)OP(=O)(O)OCC3C(C(C(O3)N4C=NC5=C(N=CN=C54)N)OP(=O)(O)O)O)O)O)C(=O)N,-0.5528419686577808,0.9532236456871033,-0.5026145577430725,1.980189323425293
34,A4IP64_wild,C1C=CN(C=C1C(=O)N)C2C(C(C(O2)COP(=O)(O)OP(=O)(O)OCC3C(C(C(O3)N4C=NC5=C(N=CN=C54)N)O)O)O)O,0.14612803567823798,1.3271698951721191,-0.8203047513961792,2.4700639247894287
35,A4IP64_wild,CC=O,0.6730209071288962,1.4242002964019775,0.7135075330734253,1.167627215385437
36,A4IP64_wild,C1=CC(=C[N+](=C1)C2C(C(C(O2)COP(=O)([O-])OP(=O)(O)OCC3C(C(C(O3)N4C=NC5=C(N=CN=C54)N)O)O)O)O)C(=O)N,0.17897694729316943,1.0284676551818848,-0.5245822668075562,1.7213172912597656
37,A4IP64_wild,CCO,0.8779469516291883,1.887850284576416,0.2779587507247925,1.2455646991729736
38,Q4J702_wild,CC1CCCC(=O)C1,1.8195439355418688,0.562684178352356,-0.10780209302902222,0.4745135009288788
39,Q4J702_wild,CCOC(=O)C(=O)C1=CC=CC=C1,0.724275869600789,0.47544094920158386,0.0019548870623111725,0.7443805932998657
40,Q4J702_wild,C1CCC2C(C1)CCCC2O,0.6232492903979004,-0.019698642194271088,0.4705032706260681,0.20329812169075012
41,Q4J702_wild,CC(=O)C(=O)C1=CC=CC=C1,1.08278537031645,0.5927737355232239,-0.3372616469860077,0.8807636499404907
42,Q4J702_wild,COC(=O)C(=O)C1=CC=CC=C1,0.8129133566428556,0.60072922706604,-0.3764043152332306,0.6698363423347473
43,Q4J702_wild,CC1CCCC(C1)O,0.9956351945975499,0.05716712027788162,-0.21943216025829315,0.46182650327682495
44,Q4J702_wild,C1=CC=C(C=C1)C(=O)C(F)(F)F,1.3710678622717363,-0.04478108137845993,-0.04982839152216911,0.769317626953125
45,Q4J702_wild,C1C=CN(C=C1C(=O)N)C2C(C(C(O2)COP(=O)(O)OP(=O)(O)OCC3C(C(C(O3)N4C=NC5=C(N=CN=C54)N)O)O)O)O,-0.7958800173440752,0.4700256288051605,-0.7745261788368225,1.5047190189361572
46,Q4J702_wild,C1CC2=CC=CC=C2C1O,0.38021124171160603,0.6633618474006653,0.1421585977077484,0.6065163612365723
47,Q4J702_wild,C1=CC=C2C(=C1)C(=O)C(=O)N2,-0.14874165128092473,1.2000410556793213,-0.9339536428451538,1.3740795850753784
48,Q4J702_wild,COC(=O)C(=O)C1=CC=CC=C1Cl,0.4471580313422192,0.669642448425293,-0.48771822452545166,1.0345264673233032
49,Q4J702_wild,C1CC(C2=CC=CC=C2C1)O,0.021189299069938092,0.3282695710659027,-0.30879902839660645,0.7296432256698608
50,Q4J702_wild,C1=CC(=C[N+](=C1)C2C(C(C(O2)COP(=O)([O-])OP(=O)(O)OCC3C(C(C(O3)N4C=NC5=C(N=CN=C54)N)O)O)O)O)C(=O)N,-0.3565473235138126,0.4211128056049347,-0.30237895250320435,1.0176362991333008
51,Q4J702_wild,C1CCCC(CC1)O,0.968482948553935,0.2625664174556732,0.7567664980888367,0.0280800461769104
52,G2IMC6_wild,COC1=C(C=CC(=C1)C=O)O,-3.4685210829577446,0.20563682913780212,-1.9316636323928833,1.8911513090133667
53,G2IMC6_wild,COC1=CC(=CC(=C1O)OC)C=O,-0.3851027839668654,0.2311442345380783,-1.6641721725463867,1.6886042356491089
54,G2IKV5_wild,COC1=CC(=CC(=C1O)OC)C=O,-3.318758762624413,0.041768915951251984,-1.502673625946045,1.783846139907837
55,G2IKV5_wild,COC1=C(C=CC(=C1)C=O)O,-3.3279021420642825,0.08102526515722275,-1.837131381034851,1.9599330425262451
56,P27833_wild,CC1C(=O)C(C(C(O1)OP(=O)(O)OP(=O)(O)OCC2C(CC(O2)N3C=C(C(=O)NC3=O)C)O)O)O,-0.958607314841775,-0.8056038022041321,-0.9975904822349548,0.5997278690338135
57,P96558_wild,CC1C(C(CC(O1)OP(=O)(O)OP(=O)(O)OCC2C(CC(O2)N3C=C(C(=O)NC3=O)C)O)(C)N)O,-0.6615435063953952,-1.0952656269073486,-0.6669341921806335,-0.2562442421913147
58,P96558_wild,CC(C)CC(C(=O)NC1C(C2=CC(=C(C=C2)OC3=CC4=CC(=C3OC5C(C(C(C(O5)CO)O)O)O)OC6=C(C=C(C=C6)C(C7C(=O)NC(C8=C(C(=CC(=C8)O)O)C9=C(C=CC(=C9)C(C(=O)N7)NC(=O)C4NC(=O)C(NC1=O)CC(=O)N)O)C(=O)O)O)Cl)Cl)O)NC,-0.9706162223147904,-1.3268276453018188,-1.1739987134933472,0.26385313272476196
59,M1VDX3_wild,CC(=CCCC(=CCCC(=CCCC(=CCOP(=O)(O)OP(=O)(O)O)C)C)C)C,-1.3757179041643317,-2.2115097045898438,-2.843127965927124,-0.09901556372642517
60,P30041_wild,OO,-0.7447274948969352,1.9488263130187988,-1.0437610149383545,2.3724026679992676
61,P30041_wild,CC(C)(C1=CC=CC=C1)OO,-0.9208187539523751,0.6340017914772034,-0.8199058175086975,1.3666201829910278
62,P30041_wild,CC(C)(C)OO,-0.8477116556172494,1.0797829627990723,-0.6229955554008484,1.5332403182983398
63,Q9FD73_W19F,C1=NC(=C2C(=N1)N(C=N2)C3C(C(C(O3)COP(=O)(O)OP(=O)(O)OP(=O)(O)O)O)O)N,-0.5228787452803376,0.7568979263305664,-0.4881945252418518,1.0085885524749756
64,Q9FD73_W19F,CC(CCOP(=O)(O)OP(=O)(O)O)(CC(=O)O)O,0.11394335230683679,0.7961930632591248,-0.7544099688529968,1.1984739303588867
65,Q9FD73_R193T,C1=NC(=C2C(=N1)N(C=N2)C3C(C(C(O3)COP(=O)(O)OP(=O)(O)OP(=O)(O)O)O)O)N,-1.8239087409443187,0.7538194060325623,-0.46285519003868103,1.0030263662338257
66,Q9FD73_wild,C1=NC(=C2C(=N1)N(C=N2)C3C(C(C(O3)COP(=O)(O)OP(=O)(O)OP(=O)(O)O)O)O)N,-1.5686362358410126,0.7542843818664551,-0.48429328203201294,0.9943634271621704
67,Q9FD73_W153F,CC(CCOP(=O)(O)OP(=O)(O)O)(CC(=O)O)O,-1.5686362358410126,0.8102940320968628,-0.7460042834281921,1.190491795539856
68,Q9FD73_R193T,CC(CCOP(=O)(O)OP(=O)(O)O)(CC(=O)O)O,-1.4202164033831899,0.7929897308349609,-0.7433568835258484,1.189453125
69,Q9FD73_S192A,C1=NC(=C2C(=N1)N(C=N2)C3C(C(C(O3)COP(=O)(O)OP(=O)(O)OP(=O)(O)O)O)O)N,-1.154901959985743,0.6158264875411987,-0.4246354401111603,0.8310433626174927
70,Q9FD73_W153F,C1=NC(=C2C(=N1)N(C=N2)C3C(C(C(O3)COP(=O)(O)OP(=O)(O)OP(=O)(O)O)O)O)N,-1.3565473235138126,0.7743023633956909,-0.4731511175632477,1.0023796558380127
71,Q9FD73_wild,CC(CCOP(=O)(O)OP(=O)(O)O)(CC(=O)O)O,-2.0315170514460648,0.784146785736084,-0.7614448666572571,1.1857308149337769
72,P05030_M795A,C1=NC(=C2C(=N1)N(C=N2)C3C(C(C(O3)COP(=O)(O)OP(=O)(O)OP(=O)(O)O)O)O)N,-0.3979400086720376,0.12193269282579422,-1.1735279560089111,1.1140209436416626
73,P05030_F808A/G793E,C1=NC(=C2C(=N1)N(C=N2)C3C(C(C(O3)COP(=O)(O)OP(=O)(O)OP(=O)(O)O)O)O)N,-0.09691001300805639,0.09808310121297836,-1.1691157817840576,1.1057038307189941
74,P05030_N792D,C1=NC(=C2C(=N1)N(C=N2)C3C(C(C(O3)COP(=O)(O)OP(=O)(O)OP(=O)(O)O)O)O)N,0.11394335230683679,0.11741945892572403,-1.1727317571640015,1.1199078559875488
75,P05030_W805A,C1=NC(=C2C(=N1)N(C=N2)C3C(C(C(O3)COP(=O)(O)OP(=O)(O)OP(=O)(O)O)O)O)N,-0.045757490560675115,0.11551452428102493,-1.1717164516448975,1.1086140871047974
76,P05030_wild,C1=NC(=C2C(=N1)N(C=N2)C3C(C(C(O3)COP(=O)(O)OP(=O)(O)OP(=O)(O)O)O)O)N,0.14612803567823798,0.11395781487226486,-1.1780946254730225,1.1070034503936768
77,P05030_N792Q,C1=NC(=C2C(=N1)N(C=N2)C3C(C(C(O3)COP(=O)(O)OP(=O)(O)OP(=O)(O)O)O)O)N,0.07918124604762482,0.10199761390686035,-1.176533579826355,1.0970408916473389
78,P05030_L797A,C1=NC(=C2C(=N1)N(C=N2)C3C(C(C(O3)COP(=O)(O)OP(=O)(O)OP(=O)(O)O)O)O)N,-0.15490195998574322,0.12238084524869919,-1.1803261041641235,1.1199052333831787
79,P05030_T810A,C1=NC(=C2C(=N1)N(C=N2)C3C(C(C(O3)COP(=O)(O)OP(=O)(O)OP(=O)(O)O)O)O)N,0.04139268515822508,0.11197251826524734,-1.1779122352600098,1.1092867851257324
80,P05030_N804A,C1=NC(=C2C(=N1)N(C=N2)C3C(C(C(O3)COP(=O)(O)OP(=O)(O)OP(=O)(O)O)O)O)N,0.2041199826559248,0.0977223739027977,-1.1682137250900269,1.1036186218261719
81,P40051_wild,CC(C(=O)O)NC(=O)C1CCCN1C(=O)C(CCSC)N,0.3010299956639812,1.7049517631530762,0.2850932776927948,1.707040548324585
82,P40051_wild,CC(C(=O)O)NC(=O)C1CCCN1C(=O)C(CC2=CC=C(C=C2)O)N,0.25527250510330607,1.5720511674880981,-0.10343125462532043,1.6566357612609863
83,P40051_wild,CC(C(=O)NC(C)C(=O)O)NC(=O)C(CC1=CC=C(C=C1)O)N,-0.1426675035687919,0.774314284324646,-0.15910789370536804,1.1235431432724
84,Q6M0B9_wild,C1=CC(=C[N+](=C1)C2C(C(C(O2)COP(=O)([O-])OP(=O)(O)OCC3C(C(C(O3)N4C=NC5=C(N=CN=C54)N)O)O)O)O)C(=O)N,-0.7447274948969352,1.1065860986709595,-0.5533215403556824,1.807995080947876
85,Q6M0B9_wild,CC(=O)NC1C(C(C(OC1OP(=O)(O)OP(=O)(O)OCC2C(C(C(O2)N3C=CC(=O)NC3=O)O)O)CO)O)O,-0.7447274948969352,1.1415925025939941,-0.3531162142753601,1.6208418607711792
86,Q969S8_wild,CC(=O)NCCCCNCCCN,-1.0,-0.42446276545524597,-0.7959703207015991,0.3809252381324768
87,Q969S8_wild,CC(=O)NCCCCCCCCN,-0.7958800173440752,-0.3106885552406311,-0.46192532777786255,0.47162145376205444
88,Q969S8_wild,CC(=O)NCCCCN,-0.7695510786217261,-0.4784182608127594,-0.08357186615467072,0.23707789182662964
89,Q969S8_wild,CC(=O)NCCCNCCCCNCCCN,-0.7447274948969352,-0.4199642837047577,-1.368817925453186,0.7489436864852905
90,Q969S8_wild,CC(=O)NCCCCCN,-0.958607314841775,-0.3840019404888153,0.02480131760239601,0.36360281705856323
91,Q969S8_wild,CC(=O)NCCCCNCCCNC(=O)C,-0.8239087409443188,-0.684942364692688,-0.434532105922699,0.36495429277420044
92,F1QCV2_N93A,CC(=O)NCCCCCN,-1.3010299956639813,-0.4544857144355774,0.07435113191604614,0.1759362518787384
93,F1QCV2_E274L,CC(=O)NCCCCCN,-1.2218487496163564,-0.3943677246570587,0.06873656809329987,0.2091522514820099
94,F1QCV2_E274L,CC(=O)NCCCCN,-0.7958800173440752,-0.5962591767311096,0.037940338253974915,0.05369582772254944
95,F1QCV2_wild,CC(=O)NCCCCCCCCN,-0.7695510786217261,-0.561156153678894,-0.4129115045070648,0.24593651294708252
96,F1QCV2_wild,CC(=O)NCCCCNCCCNC(=O)C,-0.7447274948969352,-0.9689739942550659,-0.13832665979862213,0.0670100748538971
97,F1QCV2_D94A,CC(=O)NCCCCCN,-0.5850266520291821,-0.4642259478569031,0.06786477565765381,0.16692177951335907
98,F1QCV2_wild,CC(=O)NCCCCCN,-1.0457574905606752,-0.45575714111328125,0.07309272885322571,0.17884957790374756
99,F1QCV2_D94A,CC(=O)NCCCCN,-0.958607314841775,-0.6667566299438477,0.045581549406051636,0.00972205400466919
100,F1QCV2_wild,CCCCNC(=O)C,-0.045757490560675115,-1.0800212621688843,0.33607715368270874,-0.474728524684906
101,F1QCV2_D94A,CC(=O)NCCCCNCCCN,-0.853871964321762,-0.637462317943573,-0.5897685885429382,0.1832578033208847
102,F1QCV2_N93A,CC(=O)NCCCCNCCCN,-0.8239087409443188,-0.6288763284683228,-0.581864058971405,0.19242072105407715
103,F1QCV2_E274L,CC(=O)NCCCCNCCCN,-0.8860566476931633,-0.5737225413322449,-0.6033685803413391,0.22093839943408966
104,F1QCV2_N93A,CC(=O)NCCCCN,-0.8860566476931633,-0.6564183831214905,0.05482066050171852,0.017076939344406128
105,P50384_D83G/F149S,C(C1C(C(C(O1)OP(=O)(O)OP(=O)(O)O)O)O)OP(=O)(O)O,-1.6382721639824072,0.4303258955478668,-1.3215124607086182,1.9423201084136963
106,P50384_I36E/M47D,C(C1C(C(C(O1)OP(=O)(O)OP(=O)(O)O)O)O)OP(=O)(O)O,-0.8239087409443188,0.5901395082473755,-1.2566907405853271,2.0944817066192627
107,P50384_H107A/P178A,C1=CC=C(C(=C1)C(=O)O)N,-1.9030899869919435,0.48997852206230164,-0.7870620489120483,1.9534258842468262
108,P50384_I36E/M47D/D83G/F149S,C(C1C(C(C(O1)OP(=O)(O)OP(=O)(O)O)O)O)OP(=O)(O)O,-1.3467874862246563,0.3553718328475952,-1.2024484872817993,1.8692004680633545
109,P50384_I36E/M47D/D83G/N109S/F149S,C1=CC=C(C(=C1)C(=O)O)N,-1.2218487496163564,0.3701716661453247,-0.71710604429245,1.8704478740692139
110,P50384_I36E/M47D/D83G/F149S/I169T,C(C1C(C(C(O1)OP(=O)(O)OP(=O)(O)O)O)O)OP(=O)(O)O,-1.207608310501746,0.3179550766944885,-1.1963032484054565,1.8573706150054932
111,P50384_wild,C(C1C(C(C(O1)OP(=O)(O)OP(=O)(O)O)O)O)OP(=O)(O)O,-0.7958800173440752,0.6727864146232605,-1.373589277267456,2.1615149974823
112,P50384_K106Q,C(C1C(C(C(O1)OP(=O)(O)OP(=O)(O)O)O)O)OP(=O)(O)O,-3.5850266520291822,0.4318092167377472,-1.344610333442688,1.9911603927612305
113,P50384_H107A,C(C1C(C(C(O1)OP(=O)(O)OP(=O)(O)O)O)O)OP(=O)(O)O,-3.522878745280338,0.6426519751548767,-1.357565999031067,2.1209471225738525
114,P50384_I36E/M47D/D83G/F149S/L320M,C1=CC=C(C(=C1)C(=O)O)N,-2.0969100130080562,0.394340842962265,-0.7391024231910706,1.9014509916305542
115,P50384_wild,C1=CC=C(C(=C1)C(=O)O)N,-4.3979400086720375,0.676957368850708,-0.8461567759513855,2.11700701713562
116,P50384_D83G,C(C1C(C(C(O1)OP(=O)(O)OP(=O)(O)O)O)O)OP(=O)(O)O,-1.4202164033831899,0.5066772103309631,-1.3588372468948364,2.0067896842956543
117,P50384_I36E/M47D/D83G/F149S/F193S,C1=CC=C(C(=C1)C(=O)O)N,-1.537602002101044,0.3726000487804413,-0.7322050333023071,1.896356463432312
118,P50384_F149S,C1=CC=C(C(=C1)C(=O)O)N,-2.9208187539523753,0.6017273664474487,-0.8262078762054443,2.091417074203491
119,P50384_E224Q,C(C1C(C(C(O1)OP(=O)(O)OP(=O)(O)O)O)O)OP(=O)(O)O,-2.5850266520291822,0.563144862651825,-1.3783818483352661,2.0801384449005127
120,P50384_D83G/F149S,C1=CC=C(C(=C1)C(=O)O)N,-2.4436974992327127,0.467686265707016,-0.7905329465866089,1.9432644844055176
121,P50384_D83G,C1=CC=C(C(=C1)C(=O)O)N,-3.920818753952375,0.5452279448509216,-0.812794029712677,1.9890717267990112
122,P50384_I36E/M47D/D83G/F149S,C1=CC=C(C(=C1)C(=O)O)N,-1.958607314841775,0.39905551075935364,-0.7198057770729065,1.8959540128707886
123,P50384_R164A,C(C1C(C(C(O1)OP(=O)(O)OP(=O)(O)O)O)O)OP(=O)(O)O,-3.769551078621726,0.46489986777305603,-1.2909892797470093,1.9600768089294434
124,P50384_I36E/M47D/D83G/F149S/I169T,C1=CC=C(C(=C1)C(=O)O)N,-2.154901959985743,0.35688111186027527,-0.7191336750984192,1.889286994934082
125,P50384_I36E/M47D/D83G/N109S/F149S,C(C1C(C(C(O1)OP(=O)(O)OP(=O)(O)O)O)O)OP(=O)(O)O,-1.4814860601221125,0.33014538884162903,-1.19203782081604,1.8255702257156372
126,P50384_I36E/M47D/D83G/F149S/F193S,C(C1C(C(C(O1)OP(=O)(O)OP(=O)(O)O)O)O)OP(=O)(O)O,-1.431798275933005,0.34651583433151245,-1.1957100629806519,1.8624439239501953
127,P50384_I36E/M47D/T77I/D83G/F149S,C1=CC=C(C(=C1)C(=O)O)N,-1.431798275933005,0.41221126914024353,-0.6890277862548828,1.8729149103164673
128,P50384_H107A,C1=CC=C(C(=C1)C(=O)O)N,-3.275724130399211,0.6470179557800293,-0.8401029706001282,2.0860049724578857
129,P50384_I36E/M47D/T77I/D83G/F149S/N109S/I169T/F193S/L320M,C(C1C(C(C(O1)OP(=O)(O)OP(=O)(O)O)O)O)OP(=O)(O)O,-1.3279021420642825,0.2708669900894165,-1.163665533065796,1.7977982759475708
130,P50384_I36E/M47D/D83G/F149S/L320M,C(C1C(C(C(O1)OP(=O)(O)OP(=O)(O)O)O)O)OP(=O)(O)O,-1.2676062401770316,0.3450865149497986,-1.217415690422058,1.8792328834533691
131,P50384_I36E/M47D/T77I/D83G/F149S/N109S/I169T/F193S/L320M,C1=CC=C(C(=C1)C(=O)O)N,-1.2924298239020637,0.3052138686180115,-0.7208585739135742,1.8406009674072266
132,P50384_I36E/M47D/T77I/D83G/F149S/I169T/F193S/L320M,C1=CC=C(C(=C1)C(=O)O)N,-1.0861861476162833,0.33481648564338684,-0.7185387015342712,1.865689992904663
133,P50384_R164A,C1=CC=C(C(=C1)C(=O)O)N,-0.5272435506827877,0.5187475085258484,-0.7560673356056213,1.9783035516738892
134,P50384_F149S,C(C1C(C(C(O1)OP(=O)(O)OP(=O)(O)O)O)O)OP(=O)(O)O,-0.8210230527068305,0.6115275621414185,-1.337203860282898,2.105782985687256
135,P50384_D223N,C(C1C(C(C(O1)OP(=O)(O)OP(=O)(O)O)O)O)OP(=O)(O)O,-4.154901959985743,0.5624518990516663,-1.3840736150741577,2.0882887840270996
136,P50384_D223N,C1=CC=C(C(=C1)C(=O)O)N,-3.7958800173440754,0.5717551112174988,-0.844387948513031,2.0583274364471436
137,P50384_I36E/M47D,C1=CC=C(C(=C1)C(=O)O)N,-4.236572006437063,0.6242812871932983,-0.7679954171180725,2.0748660564422607
138,P50384_R164A/H154A,C1=CC=C(C(=C1)C(=O)O)N,-0.826813731587726,0.3765421211719513,-0.6950169205665588,1.842211127281189
139,P50384_K106Q,C1=CC=C(C(=C1)C(=O)O)N,-3.1249387366083,0.4995634853839874,-0.8065659403800964,1.9790757894515991
140,P50384_E224Q,C1=CC=C(C(=C1)C(=O)O)N,-3.0409586076789066,0.5697400569915771,-0.839911162853241,2.053030014038086
141,Q9YGB4_wild,C(C1C(C(C(O1)OP(=O)(O)OP(=O)(O)O)O)O)OP(=O)(O)O,-0.6020599913279624,0.6948381066322327,-0.7868542075157166,1.7911937236785889
142,Q9YGB4_wild,C1=CC=C(C(=C1)C(=O)O)N,-2.657577319177794,0.5612858533859253,-0.6623608469963074,1.4144845008850098
143,C0STX7_wild,C1C=CN(C=C1C(=O)N)C2C(C(C(O2)COP(=O)(O)OP(=O)(O)OCC3C(C(C(O3)N4C=NC5=C(N=CN=C54)N)OP(=O)(O)O)O)O)O,-1.853871964321762,0.07591652870178223,-0.8337216973304749,1.5998616218566895
144,C0STX7_W492A,C1C=CN(C=C1C(=O)N)C2C(C(C(O2)COP(=O)(O)OP(=O)(O)OCC3C(C(C(O3)N4C=NC5=C(N=CN=C54)N)OP(=O)(O)O)O)O)O,-2.2218487496163566,0.0767773911356926,-0.8162898421287537,1.5565805435180664
145,Q9R2F5_L323C/A325C,C1C=CN(C=C1C(=O)N)C2C(C(C(O2)COP(=O)(O)OP(=O)(O)OCC3C(C(C(O3)N4C=NC5=C(N=CN=C54)N)OP(=O)(O)O)O)O)O,-1.8860566476931633,0.8983063101768494,-0.7764045596122742,2.05293607711792
146,Q9R2F5_wild,C1CCC(=O)CC1,-2.337242168318426,0.8883370161056519,-0.5364526510238647,2.0148873329162598
147,Q9R2F5_L323C/A325C,C1C=CC2C1C(=O)C2,-3.154901959985743,0.760765790939331,-0.24492457509040833,1.7506259679794312
148,Q9R2F5_wild,C1C=CC2C1C(=O)C2,-2.886056647693163,0.7236549854278564,-0.2569189667701721,1.7577378749847412
149,Q9R2F5_wild,C1C=CN(C=C1C(=O)N)C2C(C(C(O2)COP(=O)(O)OP(=O)(O)OCC3C(C(C(O3)N4C=NC5=C(N=CN=C54)N)OP(=O)(O)O)O)O)O,-1.7958800173440752,0.888413667678833,-0.7799182534217834,2.0670690536499023
150,Q9R2F5_Y411C/A463C,C1CCC(=O)CC1,-1.8601209135987635,0.8617329597473145,-0.524814248085022,1.9582940340042114
151,Q9R2F5_T415C,C1CCC(=O)CC1,-1.679853713888946,0.8861084580421448,-0.5318748950958252,2.0090959072113037
152,Q9R2F5_T415C/A463C,C1CCC(=O)CC1,-1.9625735020593764,0.8831911087036133,-0.5261906385421753,2.0084028244018555
153,A0A1L1QK39_wild,CCC(=O)C,-0.3010299956639812,0.30385667085647583,-0.3813110888004303,0.06431519985198975
154,A0A1L1QK39_wild,C1CCC(=O)C1,-1.6989700043360187,0.4845476448535919,-0.22158017754554749,0.8281525373458862
155,A0A1L1QK39_wild,CC(=O)CC1=CC=CC=C1,-0.6989700043360187,-0.0009297719225287437,-0.43187814950942993,0.24596208333969116
156,A0A1L1QK39_wild,CC(=O)C1=CC=CC=C1,0.6989700043360189,-0.12650948762893677,-0.2544975280761719,0.10937231779098511
157,Q9SD85_wild,C1C(OC2=CC(=CC(=C2C1=O)O)O)C3=CC=C(C=C3)O,-2.9208187539523753,-0.31077709794044495,-2.283966541290283,1.6753008365631104
158,Q9SD85_wild,C1=CC(=CC=C1C2=C(C(=O)C3=C(C=C(C=C3O2)O)O)O)O,-2.721246399047171,0.3498617708683014,-2.407644748687744,2.005573034286499
159,Q9SD85_wild,C1=CC(=CC=C1C2=CC(=O)C3=C(C=C(C=C3O2)O)O)O,-2.193820026016113,0.18493665754795074,-2.2935831546783447,1.8937973976135254
160,Q9SD85_wild,C1=CC(=CC=C1C2C(C(C3=C(O2)C=C(C=C3)O)O)O)O,-2.1307682802690238,-0.03594288229942322,-1.8519883155822754,1.7679979801177979
161,Q9SD85_wild,C1=CC(=CC=C1C2C(C(=O)C3=C(C=C(C=C3O2)O)O)O)O,-2.0457574905606752,0.31405892968177795,-2.0723979473114014,1.9560245275497437
162,Q8X270_D63N,CC1=CC(=O)OC2=C(C(=C(C=C12)F)OP(=O)(O)O)F,-0.25181197299379965,0.5609965920448303,-0.650863528251648,1.1429946422576904
163,Q8X270_E132A,CC1=CC(=O)OC2=C(C(=C(C=C12)F)OP(=O)(O)O)F,-1.1817741063860445,0.6195631623268127,-0.6170429587364197,1.0800771713256836
164,Q8X270_E132Q,CC1=CC(=O)OC2=C(C(=C(C=C12)F)OP(=O)(O)O)F,-0.5128616245228135,0.6561158895492554,-0.6494030356407166,1.2199466228485107
165,Q8X270_G95A,CC1=CC(=O)OC2=C(C(=C(C=C12)F)OP(=O)(O)O)F,-0.9746941347352298,0.55684494972229,-0.646964967250824,1.1276283264160156
166,Q8X270_Q136A,CC1=CC(=O)OC2=C(C(=C(C=C12)F)OP(=O)(O)O)F,-0.8696662315049939,0.42995399236679077,-0.6608471870422363,0.9869433641433716
167,Q8X270_R124E,CC1=CC(=O)OC2=C(C(=C(C=C12)F)OP(=O)(O)O)F,-0.5883802940367698,0.5536990165710449,-0.7040539383888245,1.0796406269073486
168,Q8X270_R124A,CC1=CC(=O)OC2=C(C(=C(C=C12)F)OP(=O)(O)O)F,-0.21395878975744576,0.5071133375167847,-0.6497215032577515,1.0801512002944946
169,Q8X270_E132L,CC1=CC(=O)OC2=C(C(=C(C=C12)F)OP(=O)(O)O)F,-0.06449273417528721,0.6775673627853394,-0.5906385183334351,1.0536448955535889
170,Q8X270_wild,CC1=CC(=O)OC2=C(C(=C(C=C12)F)OP(=O)(O)O)F,-0.14327110961711742,0.5865461826324463,-0.6651583313941956,1.139456033706665
171,Q8X270_D63N/E132A,CC1=CC(=O)OC2=C(C(=C(C=C12)F)OP(=O)(O)O)F,-0.33161408330999986,0.5999037623405457,-0.6022709012031555,1.0835192203521729
172,Q8X270_D63A,CC1=CC(=O)OC2=C(C(=C(C=C12)F)OP(=O)(O)O)F,-1.176525770829699,0.39615222811698914,-0.6254602670669556,0.9445042610168457
173,Q8X270_Q136A/R124E,CC1=CC(=O)OC2=C(C(=C(C=C12)F)OP(=O)(O)O)F,-0.4400933749638875,0.42111244797706604,-0.6941677927970886,0.9248545169830322
174,Q4QEZ7_wild,C1=CC(=CC=C1[N+](=O)[O-])OP(=O)(O)O,-2.0305840876460186,-0.18112486600875854,0.6082785725593567,-0.15415042638778687
175,Q6JHV2_wild,C1=CC(=CC=C1[N+](=O)[O-])OP(=O)(O)O,-3.0969100130080562,-0.3580782115459442,0.32168692350387573,0.1292235255241394
176,B0K4A2_wild,CC(=O)SCCNC(=O)CCNC(=O)C(C(C)(C)COP(=O)(O)OP(=O)(O)OCC1C(C(C(O1)N2C=NC3=C(N=CN=C32)N)O)OP(=O)(O)O)O,-2.0268721464003012,2.129180431365967,-1.0694139003753662,2.9506068229675293
177,B0K4A2_wild,CCCC(=O)SCCNC(=O)CCNC(=O)C(C(C)(C)COP(=O)(O)OP(=O)(O)OCC1C(C(C(O1)N2C=NC3=C(N=CN=C32)N)O)OP(=O)(O)O)O,-2.2441251443275085,2.11305570602417,-0.9791717529296875,3.0116121768951416
178,B0K4A2_wild,CC=O,1.3424226808222062,1.6091450452804565,0.18625345826148987,2.2949886322021484
179,B0K4A2_wild,CCCC=O,0.5092025223311029,1.500483751296997,-0.46032097935676575,2.418311834335327
180,Q1RS84_wild,CC(=O)SCCNC(=O)CCNC(=O)C(C(C)(C)COP(=O)(O)OP(=O)(O)OCC1C(C(C(O1)N2C=NC3=C(N=CN=C32)N)O)OP(=O)(O)O)O,-1.8961962790440432,1.0308043956756592,-0.8177454471588135,1.8267028331756592
181,A7KAK6_wild,CC(C)CCCC(C)C1CCC2C1(CCC3C2CC=C4C3(CCC(C4)O)C)C,-1.1726307269461749,0.814882755279541,-2.002925157546997,1.6697015762329102
182,A7KAK6_wild,CC12CCC3C(C1CCC2O)CCC4=CC(=O)CCC34C,-0.07680780957933246,1.07558274269104,-2.1349575519561768,1.5543971061706543
183,Q6CUV2_wild,CC(C)CCCC(C)C1CCC2C1(CCC3C2CC=C4C3(CCC(C4)O)C)C,-1.1811145854059901,1.1685495376586914,-2.2693350315093994,2.0016305446624756
184,A9YZX5_wild,C(CN)C(C(=O)O)N,-0.431798275933005,0.08923976868391037,0.304853618144989,0.5105692744255066
185,A5F8G9_wild,CC(=O)OP(=O)(O)O,0.930949031167523,0.4330765902996063,0.08960580825805664,0.30052509903907776
186,O54416_wild,CC(C)(COP(=O)(O)OP(=O)(O)OCC1C(C(C(O1)N2C=NC3=C(N=CN=C32)N)O)OP(=O)(O)O)C(C(=O)NCCC(=O)NCCSC(=O)CC(=O)O)O,0.07918124604762482,0.42704248428344727,-1.5865534543991089,1.5048086643218994
187,Q02750_wild,C1=NC(=C2C(=N1)N(C=N2)C3C(C(C(O3)COP(=O)(O)OP(=O)(O)OP(=O)(O)O)O)O)N,-1.2732727909734278,0.05692990869283676,-1.376339077949524,1.3699613809585571
188,P00634_wild,C1=CC(=CC=C1[N+](=O)[O-])OP(=O)(O)O,-2.0457574905606752,1.4326801300048828,0.07990707457065582,1.4062631130218506
189,P0DKI7_wild,CN1CCC2=CC(=C(C=C2C1CC3=CC(=C(C=C3)OC)O)O)OC,-1.8860566476931633,-1.1594856977462769,-1.5288254022598267,1.0599956512451172
190,P23883_wild,C(CO)C=O,-0.3098039199714864,1.0134286880493164,-0.140244260430336,1.466741681098938
191,P23883_wild,CC=O,0.0,0.7600581049919128,-0.4946732521057129,1.4931447505950928
192,P23883_wild,C(CO)C(=O)[O-],-0.9208187539523751,0.4473227858543396,-0.28228193521499634,1.4650342464447021
193,P23883_wild,CCCC=O,-0.013228265733799947,0.5451253056526184,-1.1370164155960083,1.505100131034851
194,P23883_wild,CCCCC=O,-0.619788758288394,1.2948970794677734,-1.6686359643936157,1.9247918128967285
195,P23883_wild,CC(C)CC=O,-0.16749108729376366,0.7380834817886353,-1.1439001560211182,1.487501621246338
196,P23883_wild,CCC=O,0.08278537031645007,1.0013365745544434,-0.916428804397583,1.488063097000122
197,P23883_wild,C1=CC=C(C=C1)C=O,0.7299742856995556,0.25720569491386414,-1.4299284219741821,1.6766384840011597
198,Q9TVN3_wild,C(CC(=O)O)C(=O)C(=O)O,-0.14874165128092473,1.9891550540924072,-0.19362011551856995,1.8173713684082031
199,Q9TVN3_wild,C(CC(=O)O)C(C(=O)O)N,1.9912260756924949,1.2007198333740234,0.15311779081821442,1.3148176670074463
200,Q9TVN3_wild,[NH4+],0.367355921026019,2.5771334171295166,0.43974408507347107,1.3524075746536255
201,A5LH94_C872R,C1=CC(=C[N+](=C1)C2C(C(C(O2)COP(=O)([O-])OP(=O)(O)OCC3C(C(C(O3)N4C=NC5=C(N=CN=C54)N)O)O)O)O)C(=O)N,0.11394335230683679,0.9418678283691406,-0.4641011655330658,1.5069031715393066
202,A5LH94_wild,C(CC(=O)O)C(C(=O)O)N,0.8512583487190691,0.5845258831977844,0.4165281653404236,0.5056265592575073
203,A5LH94_C825G/V1139A,C1=CC(=C[N+](=C1)C2C(C(C(O2)COP(=O)([O-])OP(=O)(O)OCC3C(C(C(O3)N4C=NC5=C(N=CN=C54)N)O)O)O)O)C(=O)N,0.07918124604762482,0.9289202094078064,-0.46407490968704224,1.487323522567749
204,A5LH94_D869A,C1=CC(=C[N+](=C1)C2C(C(C(O2)COP(=O)([O-])OP(=O)(O)OCC3C(C(C(O3)N4C=NC5=C(N=CN=C54)N)O)O)O)O)C(=O)N,0.17609125905568124,0.9418678283691406,-0.4641011655330658,1.5069031715393066
205,A5LH94_C1141T,C1=CC(=C[N+](=C1)C2C(C(C(O2)COP(=O)([O-])OP(=O)(O)OCC3C(C(C(O3)N4C=NC5=C(N=CN=C54)N)O)O)O)O)C(=O)N,0.3222192947339193,0.9349231123924255,-0.4629209637641907,1.4912490844726562
206,A5LH94_D869A,C(CC(=O)O)C(C(=O)O)N,0.8325089127062363,0.5845258831977844,0.4165281653404236,0.5056265592575073
207,A5LH94_wild,C(CC(=O)O)C(=O)C(=O)O,-1.3872161432802645,0.7062911987304688,-0.4385455250740051,0.7978444695472717
208,A5LH94_C825G,C(CC(=O)O)C(C(=O)O)N,0.7323937598229685,0.5845258831977844,0.4165281653404236,0.5056265592575073
209,A5LH94_C872R,C(CC(=O)O)C(C(=O)O)N,0.7075701760979278,0.5845258831977844,0.4165281653404236,0.5056265592575073
210,A5LH94_C1141T,C(CC(=O)O)C(C(=O)O)N,0.7160033436347992,0.573205292224884,0.41730356216430664,0.49330681562423706
211,A5LH94_V1139A,C(CC(=O)O)C(C(=O)O)N,0.8573324964312685,0.5732889175415039,0.4192472994327545,0.4872901737689972
212,A5LH94_wild,N,1.530199698203082,2.0076541900634766,1.2921764850616455,0.2876847982406616
213,Q9SLN8_wild,CC1CCC(=C(C)C)C(=O)C1,0.14612803567823798,-0.4213162362575531,-1.3386610746383667,0.7448967695236206
214,Q9Y7P0_wild,CC1=C(N(C2=NC(=O)NC(=O)C2=N1)CC(C(C(CO)O)O)O)C,-2.2441251443275085,-0.2906980514526367,-1.7883825302124023,2.039534568786621
215,Q6FFQ2_wild,C(C(C(C(=O)O)O)O)(C(C(=O)O)O)O,-0.9956786262173574,-0.5825797319412231,-0.19102317094802856,1.5110805034637451
216,P46920_wild,C1=NC(=C2C(=N1)N(C=N2)C3C(C(C(O3)COP(=O)(O)OP(=O)(O)OP(=O)(O)O)O)O)N,-0.22184874961635637,0.29945746064186096,-0.8008356094360352,1.2868603467941284
217,P46920_F19W,C1=NC(=C2C(=N1)N(C=N2)C3C(C(C(O3)COP(=O)(O)OP(=O)(O)OP(=O)(O)O)O)O)N,0.23044892137827394,0.31344059109687805,-0.8117234110832214,1.3041489124298096
218,P46920_S45C,C1=NC(=C2C(=N1)N(C=N2)C3C(C(C(O3)COP(=O)(O)OP(=O)(O)OP(=O)(O)O)O)O)N,-0.15490195998574322,0.3625180423259735,-0.7924969792366028,1.31766939163208
219,P46920_G161C,C1=NC(=C2C(=N1)N(C=N2)C3C(C(C(O3)COP(=O)(O)OP(=O)(O)OP(=O)(O)O)O)O)N,0.4471580313422192,0.25690749287605286,-0.7792121767997742,1.2466802597045898
220,Q87WH5_wild,C[N+](C)(C)CC(=O)[O-],-2.431798275933005,-0.1673186868429184,0.13340148329734802,0.40309417247772217
221,Q84FL5_wild,C1=CC=C(C=C1)CC(C(=O)O)N,-0.7746907182741372,-1.005839228630066,-0.5039421916007996,-0.07939013838768005
222,Q84FL5_wild,C1=CC=C(C=C1)C(CC(=O)O)N,-1.5686362358410126,-1.093072533607483,-0.6004555225372314,0.1783488541841507
223,Q84FL5_wild,C1=CC(=CC(=C1)F)CC(C(=O)O)N,-1.5686362358410126,-1.3549513816833496,-0.1113252192735672,-0.19248336553573608
224,Q84FL5_wild,C1=CC(=CC=C1CC(C(=O)O)N)F,-1.537602002101044,-1.399898886680603,-0.3885473608970642,-0.17604860663414001
225,Q84FL5_wild,C1=CC(=CC(=C1)[N+](=O)[O-])CC(C(=O)O)N,-0.36653154442041347,-0.8144646286964417,-0.14217841625213623,-0.1596737802028656
226,Q84FL5_wild,C1=CC=C(C(=C1)CC(C(=O)O)N)F,-1.136677139879544,-1.1978914737701416,-0.4208058714866638,0.10598412156105042
227,Q84FL5_wild,CC1=CC=C(C=C1)CC(C(=O)O)N,-0.7878123955960422,-1.3254568576812744,-0.8957409262657166,-0.13554567098617554
228,Q84FL5_wild,C1=CC(=CC(=C1)Cl)CC(C(=O)O)N,-0.3645162531850879,-1.2042601108551025,-0.14818406105041504,-0.09957504272460938
229,Q84FL5_wild,CC1=CC(=CC=C1)CC(C(=O)O)N,-0.6903698325741012,-1.574993371963501,-0.6292350888252258,-0.3877410292625427
230,Q84FL5_wild,COC1=CC=CC(=C1)CC(C(=O)O)N,-0.004364805402450088,-1.432026743888855,-0.4269865155220032,-0.37181398272514343
231,Q84FL5_wild,C1=CC(=CC=C1CC(C(=O)O)N)[N+](=O)[O-],-0.12378215940835775,-0.950039267539978,-0.21365255117416382,-0.14681574702262878
232,Q84FL5_wild,C1=CC(=CC(=C1)Br)CC(C(=O)O)N,-0.4698003017969178,-1.3097726106643677,-0.1877054125070572,-0.04369586706161499
233,Q84FL5_wild,C1=CC(=CC=C1CC(C(=O)O)N)Cl,-0.3089185078770315,-1.3627147674560547,-0.34206628799438477,-0.015174180269241333
234,Q84FL5_wild,COC1=CC=CC=C1CC(C(=O)O)N,-0.7851561519523022,-1.469588041305542,-0.3924303650856018,-0.5923508405685425
235,Q84FL5_wild,C1=CC(=CC=C1CC(C(=O)O)N)Br,-0.2798406965940431,-1.3072082996368408,-0.14297547936439514,-0.017547905445098877
236,Q84FL5_wild,COC1=CC=C(C=C1)CC(C(=O)O)N,0.07445071895459117,-1.27113938331604,-0.6872958540916443,-0.23817408084869385
237,Q9KHJ9_wild,C1=CC=C(C=C1)C(CC(=O)O)N,-1.3979400086720375,-1.2417267560958862,-0.37024569511413574,-0.00822332501411438
238,Q9KHJ9_wild,C1=CC=C(C=C1)CC(C(=O)O)N,-1.6575773191777938,-1.1194474697113037,-0.29254913330078125,-0.1885601282119751
239,P76641_F210A,C1=NC2=C(N1)C(=O)NC(=N2)N,-0.6777807052660807,0.36923134326934814,-1.422084093093872,0.7037867307662964
240,P76641_wild,C12=NNN=C1N=C(NC2=O)N,0.0,0.4778022766113281,-0.9838816523551941,0.5764191150665283
241,P76641_A386S,C1=NC2=C(N1)C(=O)NC(=N2)N,-0.853871964321762,0.46099355816841125,-1.5023757219314575,0.7924239039421082
242,P76641_wild,C1(=NC(=NC(=O)N1)N)N,0.07918124604762482,0.36203959584236145,-0.31841713190078735,0.4659671485424042
243,P76641_W101H,C1=NC2=C(N1)C(=O)NC(=N2)N,-1.0969100130080565,0.22917546331882477,-1.3599861860275269,0.5076680779457092
244,P76641_wild,CN1C(=O)C2=C(N=CN2)N=C1N,-0.03151705144606486,0.7531026005744934,-0.2358415722846985,0.27410054206848145
245,Q9SQ68_wild,CN1CCC23C4C1CC5=C2C(=C(C=C5)OC)OC3C(=O)C=C4,-1.7375489102695705,-1.377935767173767,-1.0209932327270508,0.5484679341316223
246,Q9SQ68_wild,CN1CCC23C4C1CC5=C2C(=C(C=C5)OC)OC3C(C=C4)O,-1.5257837359237447,-1.548270344734192,-0.539333701133728,0.4770442545413971
247,Q9SQ68_wild,C1=CC(=C[N+](=C1)C2C(C(C(O2)COP(=O)(O)OP(=O)(O)OCC3C(C(C(O3)N4C=NC5=C(N=CN=C54)N)OP(=O)(O)O)O)O)O)C(=O)N,-1.1567672219019907,-0.6261461973190308,-1.1602519750595093,1.1945827007293701
248,Q9SQ68_wild,C1C=CN(C=C1C(=O)N)C2C(C(C(O2)COP(=O)(O)OP(=O)(O)OCC3C(C(C(O3)N4C=NC5=C(N=CN=C54)N)OP(=O)(O)O)O)O)O,-1.1884249941294067,-0.6124356985092163,-1.6197305917739868,1.6501975059509277
249,A0A4P2SMY1_wild,C1C=CN(C=C1C(=O)N)C2C(C(C(O2)COP(=O)(O)OP(=O)(O)OCC3C(C(C(O3)N4C=NC5=C(N=CN=C54)N)OP(=O)(O)O)O)O)O,-1.4436974992327127,-0.5738118886947632,-1.6462875604629517,1.6903636455535889
250,A0A4P2SMY1_wild,CN1CCC23C4C1CC5=C2C(=C(C=C5)OC)OC3C(=O)C=C4,-1.9318141382538383,-1.349878191947937,-1.0185683965682983,0.583664059638977
251,A0A4P2SMY1_wild,CN1CCC23C4C1CC5=C2C(=C(C=C5)OC)OC3C(C=C4)O,-1.5058454059815571,-1.5058826208114624,-0.5424714088439941,0.524272084236145
252,A0A4P2SMY1_wild,C1=CC(=C[N+](=C1)C2C(C(C(O2)COP(=O)(O)OP(=O)(O)OCC3C(C(C(O3)N4C=NC5=C(N=CN=C54)N)OP(=O)(O)O)O)O)O)C(=O)N,-1.3353580244438745,-0.5815061330795288,-1.1750214099884033,1.2451839447021484
253,A0A068J9B1_wild,C1=NC(=C2C(=N1)N(C=N2)C3C(C(C(O3)COP(=O)(O)OP(=O)(O)OP(=O)(O)O)O)O)N,-2.8239087409443187,0.9488822221755981,-2.0597522258758545,1.985855221748352
254,A0A068J9B1_wild,C1=C2C(=NC=NN2C(=C1)C3(C(C(C(O3)COP(=O)(O)OP(=O)(O)OP(=O)(O)O)O)O)C#N)N,-2.2441251443275085,0.44918498396873474,-2.3707497119903564,2.067718029022217
255,P11086_Y35F,C[S+](CCC(C(=O)[O-])N)CC1C(C(C(O1)N2C=NC3=C(N=CN=C32)N)O)O,-1.3467874862246563,-1.8331794738769531,-1.1466511487960815,0.6705282926559448
256,P11086_wild,C1=CC=C(C=C1)C(CN)O,-1.00436480540245,-1.931452751159668,-0.4294964671134949,-0.12135058641433716
257,P11086_wild,C1CC2C(C1C3=C2C=C(C=C3)C(F)(F)F)N,-2.8239087409443187,-2.376952648162842,-0.5965151786804199,0.3857615292072296
258,P11086_wild,C[S+](CCC(C(=O)[O-])N)CC1C(C(C(O1)N2C=NC3=C(N=CN=C32)N)O)O,-2.468521082957745,-1.770228624343872,-1.1582283973693848,0.7078686952590942
259,P11086_D267A,C1CC2C(C1C3=C2C=C(C=C3)C(F)(F)F)N,-1.6020599913279623,-2.3860974311828613,-0.6075766682624817,0.39191940426826477
260,P11086_wild,C1=CC(=CC(=C1)C(F)(F)F)C(CN)O,-3.2596373105057563,-2.2553529739379883,-0.20099659264087677,0.3046017289161682
261,P11086_E185D,C[S+](CCC(C(=O)[O-])N)CC1C(C(C(O1)N2C=NC3=C(N=CN=C32)N)O)O,-1.853871964321762,-1.7429897785186768,-1.1802366971969604,0.7635914087295532
262,P11086_E185D,C1=CC=C(C=C1)C(CN)O,-0.494850021680094,-1.8979995250701904,-0.46347665786743164,-0.08978745341300964
263,P11086_E185A,C[S+](CCC(C(=O)[O-])N)CC1C(C(C(O1)N2C=NC3=C(N=CN=C32)N)O)O,-2.769551078621726,-1.9714863300323486,-1.0600134134292603,0.4702269434928894
264,P11086_wild,C1=CC(=CC=C1C(CN)O)O,-2.2596373105057563,-1.742134928703308,-0.4576665461063385,0.031754910945892334
265,P11086_E219Q,C1=CC=C(C=C1)C(CN)O,-0.7471469690201069,-1.9285696744918823,-0.44737815856933594,-0.12045523524284363
266,P11086_E185Q,C[S+](CCC(C(=O)[O-])N)CC1C(C(C(O1)N2C=NC3=C(N=CN=C32)N)O)O,-2.886056647693163,-1.8213173151016235,-1.1107178926467896,0.6188163757324219
267,P11086_E185A,C1=CC=C(C=C1)C(CN)O,-0.9913998282380825,-2.094257354736328,-0.37581315636634827,-0.26768651604652405
268,P11086_E219A,C1=CC=C(C=C1)C(CN)O,-0.23657200643706275,-1.9268903732299805,-0.442606657743454,-0.13129326701164246
269,P11086_E185Q,C1=CC=C(C=C1)C(CN)O,-0.9956786262173574,-1.972428798675537,-0.4169595539569855,-0.1741010546684265
270,P11086_D267A,C[S+](CCC(C(=O)[O-])N)CC1C(C(C(O1)N2C=NC3=C(N=CN=C32)N)O)O,-2.0915149811213505,-1.7809581756591797,-1.1690882444381714,0.7074385285377502
271,P11086_Y35F,C1=CC=C(C=C1)C(CN)O,0.23804610312879543,-1.994791030883789,-0.42309609055519104,-0.14258185029029846
272,P11086_V53A,C[S+](CCC(C(=O)[O-])N)CC1C(C(C(O1)N2C=NC3=C(N=CN=C32)N)O)O,-2.0177287669604316,-1.791440486907959,-1.1583614349365234,0.6988375186920166
273,P11086_E219A/D267N,C[S+](CCC(C(=O)[O-])N)CC1C(C(C(O1)N2C=NC3=C(N=CN=C32)N)O)O,-2.1487416512809245,-1.767762303352356,-1.1646771430969238,0.6968898773193359
274,P11086_E219Q,C[S+](CCC(C(=O)[O-])N)CC1C(C(C(O1)N2C=NC3=C(N=CN=C32)N)O)O,-2.1739251972991736,-1.7692440748214722,-1.165950894355774,0.7043781280517578
275,P11086_D267A,C1=CC=C(C=C1)C(CN)O,0.3117538610557331,-1.9435608386993408,-0.4362586736679077,-0.10880985856056213
276,P11086_D267N,C1=CC=C(C=C1)C(CN)O,0.21484384804769785,-1.9338138103485107,-0.4321748614311218,-0.10317748785018921
277,P11086_K57A,C1=CC=C(C=C1)C(CN)O,0.11727129565576427,-1.9082967042922974,-0.43533310294151306,-0.12346097826957703
278,P11086_K57A,C[S+](CCC(C(=O)[O-])N)CC1C(C(C(O1)N2C=NC3=C(N=CN=C32)N)O)O,-1.9318141382538383,-1.7617148160934448,-1.164497971534729,0.7208324670791626
279,P11086_V53A,C1=CC=C(C=C1)C(CN)O,0.21218760440395779,-1.9528919458389282,-0.4221450090408325,-0.12686312198638916
280,Q9WWW6_wild,CCCCCCC=C,-0.6989700043360187,-0.02081235498189926,-1.2538670301437378,1.4258253574371338
281,Q57501_wild,C1C=CN(C=C1C(=O)N)C2C(C(C(O2)COP(=O)(O)OP(=O)(O)OCC3C(C(C(O3)N4C=NC5=C(N=CN=C54)N)O)O)O)O,-1.3979400086720375,1.3979047536849976,-0.8677355051040649,2.6850686073303223
282,Q57501_wild,CC1=CC2=C(C=C1C)N(C3=NC(=O)NC(=O)C3=N2)CC(C(C(COP(=O)(O)O)O)O)O,-2.677780705266081,0.7331990599632263,-1.832410216331482,2.6531221866607666
283,Q57501_wild,CC1=CC2=C(C=C1C)N(C3=NC(=O)NC(=O)C3=N2)CC(C(C(CO)O)O)O,-2.5850266520291822,0.8861209154129028,-1.542080044746399,2.7577438354492188
284,Q57501_wild,CC1=CC2=C(C=C1C)N(C3=NC(=O)NC(=O)C3=N2)CC(C(C(COP(=O)(O)OP(=O)(O)OCC4C(C(C(O4)N5C=NC6=C(N=CN=C65)N)O)O)O)O)O,-2.5086383061657274,0.5566490888595581,-1.614371418952942,2.482102632522583
285,Q8IDM2_wild,C(COP(=O)(O)O)N,-0.34486156518861794,0.25784507393836975,-0.32577478885650635,0.7869793176651001
286,Q8IDM2_H422A,C1=CN(C(=O)N=C1N)C2C(C(C(O2)COP(=O)(O)OP(=O)(O)OP(=O)(O)O)O)O,-0.33254704711004607,-0.4727398455142975,-1.0538448095321655,1.0816036462783813
287,Q8IDM2_H422A,C(COP(=O)(O)O)N,-0.24795155218056153,0.22105081379413605,-0.29425063729286194,0.7633947730064392
288,Q8IDM2_H146A,C1=CN(C(=O)N=C1N)C2C(C(C(O2)COP(=O)(O)OP(=O)(O)OP(=O)(O)O)O)O,-0.42712839779951983,-0.6259172558784485,-1.02224862575531,0.984843373298645
289,Q8GED9_wild,CC(C)CC1C(=O)NC(C(=O)N1)CC2=CC=CC=C2,-1.275724130399211,-0.21255137026309967,-0.9156954884529114,0.9774054288864136
290,Q02108_wild,C1=NC2=C(N1C3C(C(C(O3)COP(=O)(O)OP(=O)(O)OP(=O)(O)O)O)O)N=C(NC2=O)N,-1.1870866433571443,-0.9247585535049438,-1.1139425039291382,0.15384048223495483
291,P33402_wild,C1=NC2=C(N1C3C(C(C(O3)COP(=O)(O)OP(=O)(O)OP(=O)(O)O)O)O)N=C(NC2=O)N,-1.0,-0.6690464615821838,-1.0976797342300415,0.23252807557582855
292,Q2HXX0_H465A,C(CO)O,0.3979400086720376,0.22408980131149292,2.176436185836792,-0.17088741064071655
293,Q2HXX0_wild,C(CO)O,0.5185139398778875,0.45603999495506287,2.0711710453033447,0.02911543846130371
294,Q2HXX0_N90A,C(CO)O,0.6532125137753437,0.2912967801094055,2.1008312702178955,-0.09625905752182007
295,A2Z7C4_wild,CSCCC(=O)C(=CO)O,-1.3565473235138126,2.2250306606292725,-0.022383753210306168,1.8488740921020508
296,Q8MP06_wild,CC1C(=O)OC2CCN3C2C(=CC3)COC(=O)C(C1(C)O)(C)O,-1.9030899869919435,0.7646092176437378,-1.3318334817886353,1.629770040512085
297,Q8MP06_wild,CC=C1CC(C(C(=O)OCC2=CCN3C2C(CC3)OC1=O)(C)O)C,-2.853871964321762,0.3470255434513092,-1.4771419763565063,1.279170274734497
298,Q8MP06_wild,C1C=CN(C=C1C(=O)N)C2C(C(C(O2)COP(=O)(O)OP(=O)(O)OCC3C(C(C(O3)N4C=NC5=C(N=CN=C54)N)OP(=O)(O)O)O)O)O,-2.886056647693163,1.1925880908966064,-1.5308912992477417,2.1185288429260254
299,Q8MP06_wild,CC(C)C(C(C)OC)(C(=O)OCC1=CCN2C1C(CC2)O)O,-0.5466816599531152,0.7320916652679443,-0.5627869963645935,1.1670596599578857
300,A0A1D8RK43_wild,C(C(C(C(C(C(=O)[O-])O)O)O)O)O,1.100370545117563,0.6327070593833923,0.5718826055526733,0.3545955717563629
301,A0A1D8RK43_wild,C(C(C(C(C(=O)C(=O)[O-])O)O)O)O,1.403120521175818,0.9535626173019409,0.319844126701355,0.7005279064178467
302,A0A1E1GL61_wild,C(C1C(C(C(C(O1)O)O)O)O)O,2.6085260335771943,1.5868175029754639,1.20583975315094,0.7078338265419006
303,Q0CDD9_wild,C(C1C(C(C(C(O1)O)O)O)O)O,1.9527924430440922,1.4837231636047363,1.346380591392517,0.523820161819458
304,A0A1E1GL87_wild,C(C1C(C(C(C(O1)O)O)O)O)O,0.6627578316815741,1.344475269317627,1.3015950918197632,0.5739145278930664
305,A8NNP9_wild,C(C1C(C(C(C(O1)O)O)OC2C(C(C(C(O2)CO)O)OC3C(C(C(C(O3)CO)O)O)O)O)O)O,-0.3187587626244128,0.873259961605072,0.321313738822937,1.0182862281799316
306,A8NNP9_wild,C(C1C(C(C(C(O1)O)O)OC2C(C(C(C(O2)CO)O)OC3C(C(C(C(O3)CO)O)OC4C(C(C(C(O4)CO)O)O)O)O)O)O)O,0.5145477526602861,0.8115956783294678,0.25798243284225464,1.1943233013153076
307,C5NU54_wild,C1C(C2C(C(=O)N1)N=C(N2)NC3C(C(C(C(O3)CO)OC(=O)N)O)NC(=O)CC(CCCN)N)O,0.11394335230683679,-0.25247347354888916,-0.9499343633651733,1.2192857265472412
308,C5NU54_wild,C1C(C2C(C(=O)N1)N=C(N2)NC3C(C(C(C(O3)CO)OC(=O)N)O)NC(=O)CC(CCCNC(=O)CC(CCCNC(=O)CC(CCCN)N)N)N)O,0.505149978319906,-0.09177056699991226,-0.7413342595100403,1.0628167390823364
309,Q1MW86_wild,C1C(C2C(C(=O)N1)N=C(N2)NC3C(C(C(C(O3)CO)OC(=O)N)O)NC(=O)CC(CCCN)N)O,-0.017728766960431554,-0.6089537143707275,-0.9857150912284851,1.0392600297927856
310,Q1MW86_wild,C1C(C2C(C(=O)N1)N=C(N2)NC3C(C(C(C(O3)CO)OC(=O)N)O)NC(=O)CC(CCCNC(=O)CC(CCCNC(=O)CC(CCCN)N)N)N)O,0.7589118923979735,-0.5046760439872742,-0.7845544815063477,0.8735512495040894
311,Q9PER7_wild,OO,-1.4814860601221125,0.9743104577064514,-1.8553448915481567,1.7532908916473389
312,Q9PER7_wild,CC(C)(C1=CC=CC=C1)OO,-1.431798275933005,0.04512826353311539,-0.966205358505249,1.2688767910003662
313,Q9PER7_wild,CC(C)(C)OO,-1.1426675035687315,0.5846894979476929,-0.6637720465660095,0.9535963535308838
314,Q96286_wild,C[S+](CCC(C(=O)[O-])N)CC1C(C(C(O1)N2C=NC3=C(N=CN=C32)N)O)O,-1.6382721639824072,1.4083263874053955,-1.1232471466064453,1.9896296262741089
315,Q96286_wild,C(CCN)CC(C(=O)O)N,0.18127177155946156,1.106736660003662,0.29674988985061646,0.7758592367172241
316,Q4QB75_wild,C(C1C(C(C(C(O1)OC2(C(C(C(O2)CO)O)O)CO)O)O)O)O,2.1818435879447726,1.1463291645050049,1.3080320358276367,0.22655847668647766
317,Q4QB75_wild,C(C1C(C(C(C(O1)OCC2C(C(C(C(O2)OCC3C(C(C(C(O3)OC4(C(C(C(O4)CO)O)O)CO)O)O)O)O)O)O)O)O)O)O,2.225309281725863,0.644253671169281,0.982729971408844,0.1602446585893631
318,Q4QB75_wild,C(C1C(C(C(C(O1)OCC2C(C(C(C(O2)OC3(C(C(C(O3)CO)O)O)CO)O)O)O)O)O)O)O,2.14921911265538,0.7234962582588196,1.1225428581237793,0.07373669743537903
319,A0A076U8J8_Y240P,C1C(OC2=CC(=CC(=C2C1=O)O)O)C3=CC=C(C=C3)O,-2.1870866433571443,-1.2805074453353882,-1.8001734018325806,0.9261428117752075
320,A0A076U8J8_wild,C1C(OC2=CC(=CC(=C2C1=O)O)O)C3=CC=C(C=C3)O,-1.7011469235902934,-1.3928041458129883,-1.8501787185668945,0.8065294027328491
321,Q4K7S1_wild,CC1=C(C2=CC3=C(C(=C([N-]3)C=C4C(=C(C(=N4)C=C5C(=C(C(=N5)C=C1[N-]2)C)C=C)C)C=C)C)CCC(=O)O)CCC(=O)O.[Fe+2],-1.6161846340195687,-2.2599470615386963,-2.256645917892456,0.990825355052948
322,B6V7E4_C141S,C(CC(=O)O)C(=O)C(=O)O,0.6020599913279624,1.340083360671997,-0.43976613879203796,2.0979950428009033
323,Q8ILT0_wild,C1C=CN(C=C1C(=O)N)C2C(C(C(O2)COP(=O)(O)OP(=O)(O)OCC3C(C(C(O3)N4C=NC5=C(N=CN=C54)N)OP(=O)(O)O)O)O)O,-1.9208187539523751,1.6263706684112549,-1.3415518999099731,2.7234854698181152
324,Q8ILT0_wild,C1=CC(=C[N+](=C1)C2C(C(C(O2)COP(=O)(O)OP(=O)(O)OCC3C(C(C(O3)N4C=NC5=C(N=CN=C54)N)OP(=O)(O)O)O)O)O)C(=O)N,-1.6989700043360187,1.369903802871704,-0.9784933924674988,1.9683032035827637
325,P00370_C321A,C(CC(=O)O)C(C(=O)O)N,-0.22184874961635637,1.0312881469726562,0.027278486639261246,1.3479053974151611
326,Q8ILT0_wild,C(CC(=O)O)C(C(=O)O)N,0.021189299069938092,0.9256284236907959,0.1609628051519394,1.2075921297073364
327,Q8ILT0_wild,C(CC(=O)O)C(=O)C(=O)O,-0.4377071355435253,1.7981369495391846,-0.19856908917427063,1.9302663803100586
328,Q8ILF7_wild,C1C=CN(C=C1C(=O)N)C2C(C(C(O2)COP(=O)(O)OP(=O)(O)OCC3C(C(C(O3)N4C=NC5=C(N=CN=C54)N)OP(=O)(O)O)O)O)O,-2.154901959985743,1.4256319999694824,-1.3159722089767456,2.867734670639038
329,Q8ILF7_wild,C1=CC(=C[N+](=C1)C2C(C(C(O2)COP(=O)(O)OP(=O)(O)OCC3C(C(C(O3)N4C=NC5=C(N=CN=C54)N)OP(=O)(O)O)O)O)O)C(=O)N,-1.7212463990471711,1.1374084949493408,-0.8908019661903381,2.151735782623291
330,Q8ILF7_wild,C(CC(=O)O)C(C(=O)O)N,-0.21467016498923297,0.7418069839477539,0.13684740662574768,1.2679659128189087
331,B6V7E4_wild,C1=CC(=C[N+](=C1)C2C(C(C(O2)COP(=O)(O)OP(=O)(O)OCC3C(C(C(O3)N4C=NC5=C(N=CN=C54)N)OP(=O)(O)O)O)O)O)C(=O)N,-1.5528419686577808,1.0785490274429321,-0.7943673133850098,2.2068309783935547
332,B6V7E4_wild,C1C=CN(C=C1C(=O)N)C2C(C(C(O2)COP(=O)(O)OP(=O)(O)OCC3C(C(C(O3)N4C=NC5=C(N=CN=C54)N)OP(=O)(O)O)O)O)O,-1.3565473235138126,1.4385323524475098,-1.2579187154769897,2.905801296234131
333,B6V7E4_C141S,N,0.07918124604762482,2.6086626052856445,0.5587801337242126,1.6944067478179932
334,B6V7E4_wild,C(CC(=O)O)C(=O)C(=O)O,1.3996737214810382,1.338675856590271,-0.4252467155456543,2.078065872192383
335,B6V7E4_wild,N,0.414973347970818,2.5893845558166504,0.568401038646698,1.672957420349121
336,B6V7E4_wild,C(CC(=O)O)C(C(=O)O)N,1.6972293427597176,0.9485898017883301,0.014576468616724014,1.4216326475143433
337,B6V7E4_C415S,C(CC(=O)O)C(=O)C(=O)O,1.1903316981702914,1.3399674892425537,-0.4300045073032379,2.09824800491333
338,B6V7E4_C415S,C(CC(=O)O)C(C(=O)O)N,1.5658478186735176,0.9615824222564697,0.00612134113907814,1.4462945461273193
339,A0A0U4QBJ6_S265A,C1C=CN(C=C1C(=O)N)C2C(C(C(O2)COP(=O)(O)OP(=O)(O)OCC3C(C(C(O3)N4C=NC5=C(N=CN=C54)N)OP(=O)(O)O)O)O)O,-0.7958800173440752,1.5506575107574463,-0.9458743929862976,2.7487292289733887
340,A0A0U4QBJ6_wild,C1C=CN(C=C1C(=O)N)C2C(C(C(O2)COP(=O)(O)OP(=O)(O)OCC3C(C(C(O3)N4C=NC5=C(N=CN=C54)N)O)O)O)O,-0.7958800173440752,1.4379481077194214,-0.7565025687217712,2.453636646270752
341,A0A0U4QBJ6_wild,C(CC(=O)O)C(=O)C(=O)O,-0.050609993355087264,1.7460088729858398,-0.2159205675125122,1.9453397989273071
342,A0A0U4QBJ6_K136A,C1C=CN(C=C1C(=O)N)C2C(C(C(O2)COP(=O)(O)OP(=O)(O)OCC3C(C(C(O3)N4C=NC5=C(N=CN=C54)N)O)O)O)O,-0.16115090926274472,1.4327813386917114,-0.7536740899085999,2.430405855178833
343,A0A0U4QBJ6_wild,C1C=CN(C=C1C(=O)N)C2C(C(C(O2)COP(=O)(O)OP(=O)(O)OCC3C(C(C(O3)N4C=NC5=C(N=CN=C54)N)OP(=O)(O)O)O)O)O,-1.7958800173440752,1.5674346685409546,-0.9486407041549683,2.7490334510803223
344,A0A0U4QBJ6_R290A,C1C=CN(C=C1C(=O)N)C2C(C(C(O2)COP(=O)(O)OP(=O)(O)OCC3C(C(C(O3)N4C=NC5=C(N=CN=C54)N)OP(=O)(O)O)O)O)O,-1.136677139879544,1.5744171142578125,-0.9435837864875793,2.749814510345459
345,A0A0U4QBJ6_wild,C(CC(=O)O)C(C(=O)O)N,1.6989700043360187,1.0503630638122559,0.21256770193576813,1.342761754989624
346,A0A0U4QBJ6_wild,C1=CC(=C[N+](=C1)C2C(C(C(O2)COP(=O)(O)OP(=O)(O)OCC3C(C(C(O3)N4C=NC5=C(N=CN=C54)N)OP(=O)(O)O)O)O)O)C(=O)N,-1.031517051446065,1.2587692737579346,-0.5733193755149841,1.924044132232666
347,A0A0U4QBJ6_wild,N,1.5185139398778875,2.6586756706237793,0.8482257127761841,1.3897373676300049
348,Q8ILF7_wild,C(CC(=O)O)C(=O)C(=O)O,-0.6989700043360187,1.5146887302398682,-0.22483333945274353,1.897291660308838
349,B6V7E4_C141S,C(CC(=O)O)C(C(=O)O)N,1.4563660331290431,0.9663131833076477,-0.001538243144750595,1.4483566284179688
350,P00370_P320A,C1=CC(=C[N+](=C1)C2C(C(C(O2)COP(=O)(O)OP(=O)(O)OCC3C(C(C(O3)N4C=NC5=C(N=CN=C54)N)OP(=O)(O)O)O)O)O)C(=O)N,-0.5228787452803376,1.156360387802124,-0.8105936050415039,1.67976975440979
351,P00370_wild,C1=CC(=C[N+](=C1)C2C(C(C(O2)COP(=O)(O)OP(=O)(O)OCC3C(C(C(O3)N4C=NC5=C(N=CN=C54)N)OP(=O)(O)O)O)O)O)C(=O)N,-1.3767507096020997,1.1919968128204346,-0.8147559762001038,1.7341108322143555
352,P00370_wild,C(CC(=O)O)C(C(=O)O)N,-0.3467874862246563,1.0238587856292725,0.030458245426416397,1.3343918323516846
353,P00370_P320A,C(CC(=O)O)C(C(=O)O)N,-0.045757490560675115,0.9987972974777222,0.040767524391412735,1.2872638702392578
354,P00370_C321A,C1=CC(=C[N+](=C1)C2C(C(C(O2)COP(=O)(O)OP(=O)(O)OCC3C(C(C(O3)N4C=NC5=C(N=CN=C54)N)OP(=O)(O)O)O)O)O)C(=O)N,-0.8239087409443188,1.2025700807571411,-0.8071666359901428,1.7474651336669922
355,P00370_K341L,C1=CC(=C[N+](=C1)C2C(C(C(O2)COP(=O)(O)OP(=O)(O)OCC3C(C(C(O3)N4C=NC5=C(N=CN=C54)N)OP(=O)(O)O)O)O)O)C(=O)N,-0.8860566476931633,1.1981744766235352,-0.8114092946052551,1.7029364109039307
356,P00370_K341L,C(CC(=O)O)C(C(=O)O)N,-0.619788758288394,1.0444023609161377,0.021255645900964737,1.3319792747497559
357,P00370_K286Q,C1=CC(=C[N+](=C1)C2C(C(C(O2)COP(=O)(O)OP(=O)(O)OCC3C(C(C(O3)N4C=NC5=C(N=CN=C54)N)OP(=O)(O)O)O)O)O)C(=O)N,-0.889410289700751,1.0731168985366821,-0.7797814011573792,1.6102312803268433
358,P00370_K286Q/R289Q/R292Q/S264L/S240A,C1=CC(=C[N+](=C1)C2C(C(C(O2)COP(=O)(O)OP(=O)(O)OCC3C(C(C(O3)N4C=NC5=C(N=CN=C54)N)OP(=O)(O)O)O)O)O)C(=O)N,1.2624510897304295,1.1623629331588745,-0.7612847089767456,1.6284079551696777
359,P00370_K286Q/R289Q/R292Q/S264L,C1=CC(=C[N+](=C1)C2C(C(C(O2)COP(=O)(O)OP(=O)(O)OCC3C(C(C(O3)N4C=NC5=C(N=CN=C54)N)OP(=O)(O)O)O)O)O)C(=O)N,1.2801228963023077,1.1609097719192505,-0.7666279673576355,1.6270554065704346
360,P00370_K286Q/R289Q/R292Q,C1=CC(=C[N+](=C1)C2C(C(C(O2)COP(=O)(O)OP(=O)(O)OCC3C(C(C(O3)N4C=NC5=C(N=CN=C54)N)OP(=O)(O)O)O)O)O)C(=O)N,-0.03198428600635821,1.0682379007339478,-0.7640144228935242,1.545940637588501
361,Q57703_wild,C=C(C(=O)O)OP(=O)(O)O,-0.045757490560675115,0.33608266711235046,-1.0987187623977661,1.170074224472046
362,Q837U7_wild,C(=O)(N)OP(=O)(O)O,-1.6989700043360187,1.3854777812957764,-0.7889475226402283,1.4432284832000732
363,Q837U7_wild,C(CCN)CN,-1.6989700043360187,0.5830063819885254,-0.3639717996120453,0.6355280876159668
364,Q837U7_Y230V/G231S/L232M/Y233G,C(CCN)CN,1.5171958979499742,0.6063716411590576,-0.3066306710243225,0.6578060388565063
365,O35403_wild,C1=CC=C2C(=C1)C=CC=C2O,-1.8041003475907662,-1.0667248964309692,-2.1628928184509277,0.4027324914932251
366,O35403_wild,C1=CC=C2C(=C1)C=CC=C2N,-0.6324577264794233,-1.4361560344696045,-1.7609273195266724,0.22727671265602112
367,Q9I767_wild,C1=CN(C(=O)NC1=O)C2C(C(C(O2)COP(=O)(O)O)O)O,-0.4089353929735008,0.7272868156433105,-0.3999359607696533,1.1720788478851318
368,O94219_wild,C1=CC=C(C=C1)CO,-0.19928292171761497,0.7930121421813965,0.39425382018089294,1.027814507484436
369,O94219_wild,COC1=CC=CC(=C1)CO,-0.6439741428068774,0.9071975946426392,0.1405380219221115,1.4422674179077148
370,O94219_wild,CC=CC=CCO,-1.0268721464003014,1.1685676574707031,-0.052698563784360886,1.6901335716247559
371,O94219_wild,COC1=C(C=C(C=C1)CO)OC,-0.2676062401770315,0.8627411723136902,0.1273970752954483,1.0659198760986328
372,O94219_wild,COC1=CC=C(C=C1)CO,-1.5686362358410126,1.0992257595062256,-0.06630237400531769,1.337883472442627
373,O94219_wild,C1=CC=C(C=C1)C=O,0.8450980400142568,0.42235735058784485,0.025555912405252457,0.9114304184913635
374,O94219_wild,C1=CC(=CC(=C1)F)C=O,0.3424226808222063,0.4865891635417938,0.278605192899704,0.6191063523292542
375,O94219_wild,COC1=C(C=C(C=C1)C=O)OC,0.9030899869919435,0.6302354335784912,-0.7180703282356262,1.2307696342468262
376,O94219_wild,C1=CC(=CC(=C1)Cl)C=O,0.17609125905568124,0.6005633473396301,-0.05517042800784111,0.9114810228347778
377,O94219_wild,C1=CC(=C(C=C1C=O)F)F,0.47712125471966244,0.15784527361392975,-0.2531222105026245,0.6558945775032043
378,O94219_wild,C1=C(OC(=C1)C=O)C=O,0.5185139398778875,0.25662729144096375,0.3334472179412842,0.6296409964561462
379,O94219_wild,COC1=CC=C(C=C1)C=O,-0.15490195998574322,0.6986691355705261,-0.6527469754219055,1.3581738471984863
380,O94219_wild,O=O,-0.45842075605341914,1.3968080282211304,-0.4738065004348755,1.8404358625411987
381,O94219_wild,C1=CC(=CC=C1C=O)Cl,0.6720978579357175,0.09359414130449295,-0.5329822301864624,0.8780233860015869
382,O94219_wild,C1=C(OC(=C1)C=O)CO,0.2041199826559248,0.528673529624939,0.6793873906135559,0.6914796829223633
383,O94219_wild,C1=CC(=CC=C1C=O)[N+](=O)[O-],0.6989700043360189,0.8373650312423706,-0.4177827835083008,1.1844217777252197
384,O94219_wild,CC=CC=CC=O,1.1139433523068367,0.503694474697113,-0.5270353555679321,0.820763885974884
385,O94219_wild,C1=CC(=CC=C1C=O)F,0.6901960800285136,0.19894906878471375,-0.6102831363677979,0.8553835153579712
386,A0A145Y386_wild,COC1=CC=C(C=C1)CO,-1.2291479883578558,1.2191994190216064,-0.058227475732564926,1.476059913635254
387,A0A145Y386_wild,COC1=C(C=C(C=C1)CO)OC,-0.2765443279648143,0.958800196647644,0.13776199519634247,1.1824231147766113
388,A0A145Y386_wild,C1=CC=C(C=C1)CO,-0.10568393731556154,0.9165958166122437,0.4100934565067291,1.1781504154205322
389,E6PBN4_wild,C1=C(OC(=C1)C(=O)O)CO,0.4913616938342727,0.9665707349777222,0.649490237236023,0.4050372838973999
390,E6PBN4_wild,COC1=C(C=C(C=C1)CO)OC,0.47712125471966244,1.1111044883728027,0.3403078019618988,0.565416157245636
391,E6PBN4_wild,C1=C(OC(=C1)C=O)C=O,0.568201724066995,0.5522474050521851,0.3008200526237488,0.4080153703689575
392,E6PBN4_wild,C1=C(OC(=C1)C=O)CO,1.2304489213782739,0.863062858581543,0.7083857655525208,0.38310182094573975
393,E6PBN4_wild,COC1=CC=CC(=C1)CO,0.8260748027008264,1.4003082513809204,0.22851014137268066,0.7453500032424927
394,E6PBN4_wild,C1=CC=C(C=C1)CO,1.4771212547196624,1.3707256317138672,0.5201022028923035,0.41243577003479004
395,E6PBN4_wild,COC1=CC=C(C=C1)CO,1.7075701760979363,1.3696770668029785,0.11832825839519501,0.6005300879478455
396,E6PBP1_wild,C1=C(OC(=C1)C=O)C=O,1.0,0.49126407504081726,0.34524935483932495,0.3557576537132263
397,E6PBP1_wild,COC1=C(C=C(C=C1)CO)OC,0.568201724066995,1.0698773860931396,0.40090662240982056,0.5418586730957031
398,E6PBP1_wild,C1=CC=C(C=C1)CO,1.9344984512435677,1.3064688444137573,0.5594236850738525,0.3793696165084839
399,E6PBP1_wild,C1=C(OC(=C1)C(=O)O)CO,0.6434526764861874,0.9106181263923645,0.723696768283844,0.3772156238555908
400,E6PBP1_wild,COC1=CC=CC(=C1)CO,0.8129133566428556,1.3321110010147095,0.2796979546546936,0.7439507246017456
401,E6PBP1_wild,COC1=CC=C(C=C1)CO,1.7708520116421442,1.322892189025879,0.1715216040611267,0.579479992389679
402,E6PBP1_wild,C1=C(OC(=C1)C=O)CO,1.146128035678238,0.7890019416809082,0.7695160508155823,0.3671298623085022
403,A0A2Z5WP81_wild,COC1=CC=CC(=C1)CO,-2.3979400086720375,0.8573267459869385,0.05902620032429695,1.570878505706787
404,A0A2Z5WP81_wild,C1=CC=C(C=C1)CO,-2.9208187539523753,0.733819305896759,0.319970965385437,1.188154935836792
405,A0A2Z5WP81_L416W,C1=CC=C(C=C1)CO,-2.2291479883578558,0.7252399325370789,0.31666964292526245,1.1744441986083984
406,A0A2Z5WP81_wild,COC1=C(C=C(C=C1)CO)O,-1.3767507096020997,0.8068413734436035,-0.1862664818763733,1.2864859104156494
407,A0A2Z5WP81_L416W,CC=CC=CCO,-2.154901959985743,1.2937510013580322,-0.0582478828728199,1.8319416046142578
408,A0A2Z5WP81_L416F,COC1=CC=CC(=C1)CO,-1.4685210829577449,0.8519982099533081,0.05596182122826576,1.5708379745483398
409,A0A2Z5WP81_wild,C1=CC(=CC(=C1)O)CO,-2.2441251443275085,0.6716427803039551,0.12325228750705719,1.1543840169906616
410,A0A2Z5WP81_L416F,CC=CC=CCO,-1.785156151952302,1.304310917854309,-0.055352773517370224,1.845797061920166
411,A0A2Z5WP81_L416W,COC1=CC=CC(=C1)CO,-1.5086383061657274,0.84322190284729,0.05429642274975777,1.5562095642089844
412,A0A2Z5WP81_L416W,COC1=C(C=C(C=C1)CO)O,-0.8124792791635369,0.7975798845291138,-0.19367879629135132,1.2717151641845703
413,A0A2Z5WP81_wild,COC1=C(C=CC(=C1)CO)O,-2.2006594505464183,0.8341883420944214,0.02663414552807808,1.305433988571167
414,A0A2Z5WP81_L416F,C1=CC(=CC=C1CO)O,-0.7878123955960422,0.45620352029800415,-0.038229744881391525,1.141523838043213
415,A0A2Z5WP81_L416F,COC1=C(C=CC(=C1)CO)O,-0.00877392430750515,0.8321662545204163,0.025575105100870132,1.307525873184204
416,A0A2Z5WP81_L416F,COC1=C(C=C(C=C1)CO)OC,-0.3726341434072674,0.8174113631248474,0.11009712517261505,1.1476761102676392
417,A0A2Z5WP81_L416W,C1=CC(=CC(=C1)O)CO,-0.5543957967264024,0.6615225076675415,0.11789213120937347,1.135561227798462
418,A0A2Z5WP81_wild,CC=CC=CCO,-1.8068754016455384,1.3061339855194092,-0.055169183760881424,1.8476431369781494
419,A0A2Z5WP81_L416F,C1=CC=C(C=C1)CO,-2.1023729087095586,0.7337160110473633,0.31749510765075684,1.189227819442749
420,A0A2Z5WP81_L416F,C1=CC(=CC(=C1)O)CO,-0.5214335044061567,0.6697171330451965,0.12090739607810974,1.155303955078125
421,A0A2Z5WP81_L416F,COC1=C(C=C(C=C1)CO)O,-0.4975728800155673,0.8059145212173462,-0.19023187458515167,1.2866404056549072
422,A0A2Z5WP81_L416W,C1=CC(=CC=C1CO)O,-0.33161408330999986,0.4507482945919037,-0.039395611733198166,1.1242904663085938
423,A0A2Z5WP81_wild,C1=CC(=CC=C1CO)O,-1.2494916051486538,0.45918574929237366,-0.03456100448966026,1.14093017578125
424,A0A2Z5WP81_wild,COC1=C(C=C(C=C1)CO)OC,-1.3160528692484879,0.8183422684669495,0.11372804641723633,1.1468284130096436
425,A0A2Z5WP81_L416W,COC1=C(C=CC(=C1)CO)O,-0.3777859770337047,0.8222819566726685,0.022673029452562332,1.2904595136642456
426,A0A2Z5WP81_L416W,COC1=C(C=C(C=C1)CO)OC,-0.16367588429324836,0.8096445798873901,0.10595028102397919,1.1318598985671997
427,Q9HXE3_Y249F,C(CC(C(=O)O)N)CN=C(N)N,-1.2218487496163564,1.607079267501831,0.4774291515350342,0.8350223302841187
428,Q9HXE3_wild,C(CCN)CC(C(=O)O)N,-0.5850266520291821,1.1053929328918457,0.7066861391067505,0.7688358426094055
429,Q9HXE3_wild,CC(C)CC(C(=O)O)N,1.0791812460476249,1.2939114570617676,0.3223304748535156,0.9352754354476929
430,Q9HXE3_wild,C1=CC(=CC=C1CC(C(=O)O)N)O,-0.09691001300805639,0.8186856508255005,-0.33159738779067993,0.8233680129051208
431,Q9HXE3_wild,CSCCC(C(=O)O)N,1.0,1.5558900833129883,0.3513840138912201,0.836965799331665
432,Q9HXE3_Y53F,C(CC(C(=O)O)N)CN=C(N)N,-0.44369749923283336,1.6400134563446045,0.45098721981048584,0.906549334526062
433,Q9HXE3_wild,C1=CC=C(C=C1)CC(C(=O)O)N,1.0413926851582251,1.4521124362945557,-0.06227227672934532,0.8929545879364014
434,Q9HXE3_wild,C1=C(NC=N1)CC(C(=O)O)N,1.0413926851582251,1.193617820739746,0.19632785022258759,0.5631855130195618
435,Q43899_wild,CC1(COC(C(C1NC)O)OC2C(CC(C(C2O)OC3C(C(C(C(O3)CN)O)O)O)N)NC(=O)C(CN)O)O,-0.9546770212133425,-1.3383231163024902,-1.4328409433364868,0.2925729751586914
436,Q43899_wild,C1C(C(C(C(C1N)OC2C(C(C(C(O2)CO)O)N)O)O)OC3C(C(C(C(O3)CN)O)O)N)N,-1.9208187539523751,-1.4083809852600098,-1.4825050830841064,0.5117558836936951
437,Q43899_wild,C1CC(C(OC1CN)OC2C(CC(C(C2O)OC3C(C(C(C(O3)CO)O)N)O)NC(=O)C(CCN)O)N)N,-2.2291479883578558,-1.3589469194412231,-1.4078011512756348,0.4840145707130432
438,Q43899_wild,C1C(C(C(C(C1N)OC2C(C(C(C(O2)CN)O)O)N)OC3C(C(C(O3)CO)O)O)O)N,-2.207608310501746,-1.3739022016525269,-1.234431505203247,0.3475108742713928
439,Q43899_wild,C1C(C(C(C(C1N)OC2C(C(C(C(O2)CO)O)N)O)O)OC3C(CC(C(O3)CN)O)N)N,-2.537602002101044,-1.6074309349060059,-1.7012814283370972,0.6126536726951599
440,Q43899_wild,CC(C1CCC(C(O1)OC2C(CC(C(C2O)OC3C(C(C(CO3)(C)O)NC)O)N)N)N)NC,-2.0604807473813813,-1.5889501571655273,-1.703879952430725,0.37863466143608093
441,Q43899_wild,CC1(COC(C(C1NC)O)OC2C(CC(C(C2O)OC3C(CC=C(O3)CN)N)N)N)O,-1.978810700930062,-1.483618974685669,-1.9806197881698608,0.6851403713226318
442,Q43899_wild,C1C(C(C(C(C1NC(=O)C(CCN)O)O)OC2C(C(C(O2)CO)O)O)OC3C(C(C(C(O3)CN)O)O)N)N,-1.665546248849069,-1.0799872875213623,-1.2796634435653687,0.3375559151172638
443,Q43899_wild,C1C(C(C(C(C1N)OC2C(C(C(C(O2)CN)O)O)N)OC3C(C(C(O3)CO)OC4C(C(C(C(O4)CN)O)O)N)O)O)N,-2.1023729087095586,-1.3241581916809082,-1.5110875368118286,0.5917601585388184
444,Q43899_wild,C1CC(C(OC1CN)OC2C(CC(C(C2O)OC3C(C(C(C(O3)CO)O)N)O)N)N)N,-2.0087739243075053,-1.472103238105774,-1.3865114450454712,0.4734691083431244
445,Q43899_wild,C1C(C(C(C(C1NC(=O)C(CCN)O)OC2C(C(C(C(O2)CO)O)N)O)O)OC3C(C(C(C(O3)CN)O)O)O)N,-1.0017406615763014,-1.1621367931365967,-1.2495020627975464,0.23838186264038086
446,P9WPP3_wild,CC(=CCCC(=CCCC(=CCCC(=CCO)C)C)C)C,-1.494850021680094,-0.6224837303161621,-2.115415096282959,1.8182557821273804
447,P9WPP3_wild,CC(C)CCCCCCCCCCCCCC(=O)O,-2.0457574905606752,0.4285246431827545,-1.7164874076843262,1.3349559307098389
448,P9WPP3_wild,CC(=CCCC(=CCCC(=CCO)C)C)C,-1.4436974992327127,-0.46276429295539856,-1.9454671144485474,1.4950321912765503
449,P9WPP3_wild,CC(C)CCCC(C)CCCC(C)CCCC(C)CC(=O)O,-1.2676062401770316,0.4816247522830963,-1.5695692300796509,1.7046256065368652
450,Q51645_wild,C(C(=O)[O-])Br,0.05307844348341968,0.7994871139526367,0.4604272246360779,0.3513200581073761
451,F1CYZ5_wild,C1=CC(=C(C=C1C=CC(=O)O)O)[O-],-1.1249387366083,0.9239354133605957,-0.8107306361198425,1.10464346408844
452,P21310_wild,C1=C(NC=N1)CC(C(=O)O)N,0.5910646070264992,0.32656019926071167,-0.18556541204452515,0.523359477519989
453,Q58933_wild,C1=NC(=C2C(=N1)N(C=N2)C3C(C(C(O3)COP(=O)(O)OP(=O)(O)OP(=O)(O)O)O)O)N,0.414973347970818,0.4184876084327698,-0.22290363907814026,1.106095552444458
454,Q8H1F7_wild,CC(=C)CCOP(=O)(O)O,-1.494850021680094,0.6551289558410645,-1.2194130420684814,1.5752902030944824
455,Q8H1F7_wild,CC(=CCCC(=CCOP(=O)(O)O)C)C,-0.6575773191777937,-0.569566011428833,-1.6023374795913696,1.4752421379089355
456,Q8H1F7_wild,CC(=CCOP(=O)(O)O)C,-1.4814860601221125,0.37298354506492615,-0.7173363566398621,1.345374584197998
457,P04951_wild,C(C(C(C(C(CO)O)O)O)O)C(=O)C(=O)O,-0.5528419686577808,-0.17800140380859375,-0.4381096661090851,1.3068464994430542
458,Q63WL5_wild,C(C(C(C(C(CO)O)O)O)O)C(=O)C(=O)O,-1.2291479883578558,-0.3660148084163666,-0.4539516270160675,1.0761228799819946
459,Q63WL5_wild,C1=CN(C(=O)N=C1N)C2C(C(C(O2)COP(=O)(O)OP(=O)(O)OP(=O)(O)O)O)O,-0.9542859410591323,-0.19227465987205505,-0.679907500743866,1.1976535320281982
460,A0A0C7D0B2_wild,C(C(C(C(C(CO)O)O)O)O)C(=O)C(=O)O,-1.214670164989233,-0.37367889285087585,-0.3413134217262268,0.9805466532707214
461,A0A0C7D0B2_wild,C1=CN(C(=O)N=C1N)C2C(C(C(O2)COP(=O)(O)OP(=O)(O)OP(=O)(O)O)O)O,-1.0074464821678644,-0.1465846747159958,-0.5340625643730164,1.2480127811431885
462,Q29YR5_wild,CC(C)CCCC(C)C1CCC2C1(CCC3C2CC=C4C3(CCC(C4)O)C)C,-2.769551078621726,-0.7182624936103821,-2.633741855621338,1.8052455186843872
463,Q29YR5_wild,CC(=O)C1CCC2C1(CCC3C2CC=C4C3(CCC(C4)O)C)C,-2.050609993355087,-0.8415083885192871,-2.7747983932495117,1.6807103157043457
464,Q29YR5_wild,CC12CCC3C(C1CCC2=O)CC=C4C3(CCC(C4)O)C,-1.747146969020107,-0.7845040559768677,-2.5880727767944336,1.7866108417510986
465,P22789_wild,CCCCCCC(C1=CC=CC=C1)O,-0.8239087409443188,-1.4925813674926758,-0.5208040475845337,0.055135518312454224
466,P22789_wild,CC1=C2C(=C(C3=CC=CC=C13)CO)C=CC4=CC=CC=C42,-0.1426675035687919,-1.3876713514328003,-1.8236764669418335,0.8638633489608765
467,J9QYL0_wild,C1C(OC2=CC(=CC(=C2C1=O)O)O)C3=CC=C(C=C3)O,-0.6840296545430823,-1.2898707389831543,-1.968950629234314,1.0116872787475586
468,Q81P63_wild,C1=CC(C=CC1O)(CC(=O)C(=O)O)C(=O)O,-1.2441251443275085,0.5509244203567505,-0.9604132175445557,1.3595197200775146
469,Q81P63_wild,C1=CC(=C[N+](=C1)C2C(C(C(O2)COP(=O)([O-])OP(=O)(O)OCC3C(C(C(O3)N4C=NC5=C(N=CN=C54)N)O)O)O)O)C(=O)N,-0.6252516539898961,0.29606491327285767,-0.41896289587020874,1.0268065929412842
470,O60341_wild,O=O,-0.7099653886374819,0.7077038288116455,-1.1643104553222656,1.4605369567871094
471,Q5D8C0_wild,C1=CC(=CC=C1CCN)O,-1.3979400086720375,-1.3395605087280273,0.08191372454166412,-0.27818188071250916
472,Q5D8C0_wild,CC(C)(COP(=O)(O)OP(=O)(O)OCC1C(C(C(O1)N2C=NC3=C(N=CN=C32)N)O)OP(=O)(O)O)C(C(=O)NCCC(=O)NCCSC(=O)C=CC4=CC=C(C=C4)O)O,-1.6989700043360187,-0.9985522031784058,-1.0662575960159302,1.0500125885009766
473,Q5D8C0_wild,C1=CC=C2C(=C1)C(=CN2)CCN,1.3802112417116061,-1.4977810382843018,-0.4371342062950134,-0.35663461685180664
474,Q5D8C0_wild,CC(C)(COP(=O)([O-])OP(=O)([O-])OCC1C(C(C(O1)N2C=NC3=C(N=CN=C32)N)O)OP(=O)([O-])[O-])C(C(=O)NCCC(=O)NCCSC(=O)C=CC4=CC(=C(C=C4)O)OC)O,-1.275724130399211,-1.0060021877288818,-0.9718109965324402,1.1010236740112305
475,Q5D8C0_wild,C1=CC(=C(C=C1CCN)O)O,-0.10846254232743559,-0.8069382905960083,-0.5533283948898315,0.1875055730342865
476,Q5D8C0_F145Y,C1=CC2=C(C=C1O)C(=CN2)CCN,1.321805483857539,-1.1774661540985107,-0.29667752981185913,-0.2047293782234192
477,Q5D8C0_F145Y/Y147F,C1=CC2=C(C=C1O)C(=CN2)CCN,1.4055171069763763,-1.2514585256576538,-0.2950516939163208,-0.2322351634502411
478,Q8RWE8_wild,C(C1C(C(C(C(O1)OP(=O)(O)O)O)O)O)O,1.462397997898956,0.6327836513519287,-0.9057318568229675,1.343160629272461
479,Q8RWE8_wild,[O-]P(=O)([O-])[O-],-0.6003262785189619,0.6737390756607056,-0.4431057572364807,1.0522382259368896
480,Q8RWE8_wild,C1=NC2=C(N1C3C(C(C(O3)COP(=O)(O)OP(=O)(O)OC4C(C(C(C(O4)CO)O)O)O)O)O)N=C(NC2=O)N,-2.3565473235138126,0.6877778768539429,-1.2818318605422974,1.674651861190796
481,Q9FLP9_wild,C1=NC2=C(N1C3C(C(C(O3)COP(=O)(O)OP(=O)(O)OC4C(C(C(C(O4)CO)O)O)O)O)O)N=C(NC2=O)N,-2.0809219076239263,0.5496885180473328,-1.1104778051376343,1.3756871223449707
482,Q9FLP9_wild,[O-]P(=O)([O-])[O-],-0.8860566476931633,0.5318444967269897,-0.2952832579612732,0.7697058320045471
483,Q9FLP9_wild,C(C1C(C(C(C(O1)OP(=O)(O)O)O)O)O)O,1.0,0.5839859247207642,-0.6608061194419861,1.0253127813339233
484,A0A0H3JVE7_wild,C1=CC=C2C(=C1)C3=CC=CC=C3C(=O)C2=O,-1.3089185078770316,0.8046585321426392,-1.6147410869598389,1.9130468368530273
485,P13721_K355A,CC(=O)NC1C(CC(OC1C(C(CO)O)O)(C(=O)O)OP(=O)(O)OCC2C(C(C(O2)N3C=CC(=NC3=O)N)O)O)O,-1.0222763947111522,-0.5270347595214844,-0.8807631134986877,0.6648070812225342
486,P13721_Q232A,CC(=O)NC1C(CC(OC1C(C(CO)O)O)(C(=O)O)OP(=O)(O)OCC2C(C(C(O2)N3C=CC(=NC3=O)N)O)O)O,-0.8761483590329142,-0.520496129989624,-0.8953516483306885,0.6669809818267822
487,P13721_Y119F,CC(=O)NC1C(CC(OC1C(C(CO)O)O)(C(=O)O)OP(=O)(O)OCC2C(C(C(O2)N3C=CC(=NC3=O)N)O)O)O,-1.1079053973095196,-0.5213338732719421,-0.8846478462219238,0.6652963757514954
488,P13721_F208A,CC(=O)NC1C(CC(OC1C(C(CO)O)O)(C(=O)O)OP(=O)(O)OCC2C(C(C(O2)N3C=CC(=NC3=O)N)O)O)O,-0.3979400086720376,-0.5643647909164429,-0.8878199458122253,0.6431336402893066
489,P13721_Y272A,CC(=O)NC1C(CC(OC1C(C(CO)O)O)(C(=O)O)OP(=O)(O)OCC2C(C(C(O2)N3C=CC(=NC3=O)N)O)O)O,-0.6575773191777937,-0.5329504609107971,-0.8778489232063293,0.6680952310562134
490,P13721_wild,CC(=O)NC1C(CC(OC1C(C(CO)O)O)(C(=O)O)OP(=O)(O)OCC2C(C(C(O2)N3C=CC(=NC3=O)N)O)O)O,-1.1674910872937636,-0.5283347368240356,-0.8860276937484741,0.6558135747909546
491,P13721_D271A,CC(=O)NC1C(CC(OC1C(C(CO)O)O)(C(=O)O)OP(=O)(O)OCC2C(C(C(O2)N3C=CC(=NC3=O)N)O)O)O,-0.4377071355435253,-0.5352454781532288,-0.8949678540229797,0.657635509967804
492,P13721_Q354A,CC(=O)NC1C(CC(OC1C(C(CO)O)O)(C(=O)O)OP(=O)(O)OCC2C(C(C(O2)N3C=CC(=NC3=O)N)O)O)O,-1.0,-0.5311446189880371,-0.8849077224731445,0.6584697961807251
493,P15907_wild,CC(=O)NC1C(CC(OC1C(C(CO)O)O)(C(=O)O)OP(=O)(O)OCC2C(C(C(O2)N3C=CC(=NC3=O)N)O)O)O,-0.958607314841775,-0.22355686128139496,-0.816571056842804,0.6301988363265991
494,P15907_wild,CC(=O)NC1C(CC(OC1C(C(CO)O)O)(C(=O)[O-])OP(=O)([O-])OCC2C(C(C(O2)N3C=CC(=NC3=O)N)O)O)O,-0.9244530386078342,-0.30002444982528687,-0.7746251821517944,0.6573418378829956
495,A8CH95_wild,C(C(CO)O)O,-0.22914798835785574,1.4433655738830566,1.115934133529663,1.4761056900024414
496,Q59475_wild,C(C(CO)O)O,-0.3187587626244128,1.481888771057129,1.1815608739852905,1.3536889553070068
497,A8CH95_wild,CC(CO)O,-0.6020599913279624,1.375309705734253,0.7689141631126404,1.7452280521392822
498,Q59475_wild,CC(CO)O,-0.3010299956639812,1.438951015472412,0.8347866535186768,1.577966332435608
499,Q59475_wild,CC(C(C)O)O,0.414973347970818,2.220614433288574,0.5855016708374023,1.2636432647705078
500,Q9SLN8_wild,C1CCC(=CC1)[N+](=O)[O-],-0.3979400086720376,0.45882049202919006,-0.8697276711463928,0.717727780342102
501,Q9SLN8_wild,C1=CC=C(C=C1)C=CC=O,0.0,-0.1803213506937027,-1.8733123540878296,1.2200381755828857
502,Q9SLN8_wild,C1C=CN(C=C1C(=O)N)C2C(C(C(O2)COP(=O)(O)OP(=O)(O)OCC3C(C(C(O3)N4C=NC5=C(N=CN=C54)N)OP(=O)(O)O)O)O)O,-2.2365720064370627,0.02913348749279976,-1.7712682485580444,1.9606760740280151
503,Q9SLN8_wild,CC1CCC(CC1O)C(=C)C,2.7708520116421442,-0.49274566769599915,-1.6192593574523926,0.24399974942207336
504,S5TMG0_C56V,C1=CC(=C(C=C1C=CC=O)O)O,-0.713768145971447,-0.6820865869522095,-1.109163522720337,0.15941575169563293
505,S5TMG0_wild,C1=CC(=C(C=C1C=CC=O)O)O,-0.654822383457296,-0.7118952870368958,-1.1189850568771362,0.14078547060489655
506,S5TMG0_C56Y,C1=CC(=C(C=C1C=CC=O)O)O,-0.8425432318657744,-0.6675146818161011,-1.1237906217575073,0.1728122979402542
507,S5TMG0_C56Y,COC1=C(C=CC(=C1)C=CC=O)O,-0.7629592086208092,-0.46984854340553284,-1.6730902194976807,0.6830039024353027
508,S5U4F4_wild,C1=CC(=C(C=C1C=CC=O)O)O,-0.7418418066592057,-0.6695816516876221,-1.124837040901184,0.16422325372695923
509,S5U4F4_wild,COC1=C(C=CC(=C1)C=CC=O)O,-0.6779875614175995,-0.4743969738483429,-1.6750553846359253,0.6735864877700806
510,O08528_wild,C(C1C(C(C(C(O1)O)O)O)O)O,-0.8239087409443188,1.9020633697509766,-0.5245881676673889,1.5531402826309204
511,A0A220NLA7_wild,C(C1C(C(C(C(O1)O)O)O)O)O,-1.3467874862246563,1.1076072454452515,-0.7326516509056091,1.197405219078064
512,A0A220NLA7_wild,C1=NC(=C2C(=N1)N(C=N2)C3C(C(C(O3)COP(=O)(O)OP(=O)(O)OP(=O)(O)O)O)O)N,-0.05551732784983137,0.9517827033996582,-0.49490076303482056,1.3322045803070068
513,A0A220NLA7_wild,C1C(C(C(C(O1)(CO)O)O)O)O,1.8976270912904414,0.6172851324081421,-0.19042128324508667,0.7280064821243286
514,Q5W5U3_wild,C(C1C(C(C(C(O1)O)O)O)O)O,-1.1426675035687315,1.7808955907821655,-0.5347058773040771,1.4865249395370483
515,P35557_wild,C1=NC(=C2C(=N1)N(C=N2)C3C(C(C(O3)COP(=O)(O)OP(=O)(O)OP(=O)(O)O)O)O)N,-3.3010299956639813,1.2700440883636475,-0.5261023640632629,1.6208374500274658
516,P04806_wild,C(C1C(C(C(C(O1)O)O)O)O)O,-0.9208187539523751,1.2206250429153442,-0.4236745238304138,1.3889379501342773
517,P33284_wild,C1=NC(=C2C(=N1)N(C=N2)C3C(C(C(O3)COP(=O)(O)OP(=O)(O)OP(=O)(O)O)O)O)N,-0.4089353929735008,1.244858980178833,-0.3814076781272888,1.8203096389770508
518,P35557_G68K,C1=NC(=C2C(=N1)N(C=N2)C3C(C(C(O3)COP(=O)(O)OP(=O)(O)OP(=O)(O)O)O)O)N,-0.4089353929735008,1.241753101348877,-0.5017639398574829,1.6050184965133667
519,Q53Y25_V182L,C1=NC(=C2C(=N1)N(C=N2)C3C(C(C(O3)COP(=O)(O)OP(=O)(O)OP(=O)(O)O)O)O)N,-0.7958800173440752,1.2767642736434937,-0.5284701585769653,1.6204229593276978
520,P33284_wild,C(C1C(C(C(C(O1)O)O)O)O)O,-0.707743928643524,1.1529256105422974,-0.47762569785118103,1.320099115371704
521,P19367_wild,C1=NC(=C2C(=N1)N(C=N2)C3C(C(C(O3)COP(=O)(O)OP(=O)(O)OP(=O)(O)O)O)O)N,-0.5228787452803376,1.803566575050354,-0.4294862449169159,2.0312106609344482
522,Q53Y25_K420E,C1=NC(=C2C(=N1)N(C=N2)C3C(C(C(O3)COP(=O)(O)OP(=O)(O)OP(=O)(O)O)O)O)N,-0.38721614328026455,1.2604881525039673,-0.534837007522583,1.6163767576217651
523,P35557_S263P,C1=NC(=C2C(=N1)N(C=N2)C3C(C(C(O3)COP(=O)(O)OP(=O)(O)OP(=O)(O)O)O)O)N,-0.2006594505464183,1.2667186260223389,-0.5279431939125061,1.620154619216919
524,Q5W5U3_wild,C1=NC(=C2C(=N1)N(C=N2)C3C(C(C(O3)COP(=O)(O)OP(=O)(O)OP(=O)(O)O)O)O)N,-0.00877392430750515,1.7918387651443481,-0.46999767422676086,2.0288376808166504
525,P04806_wild,C1C(C(C(C(O1)(CO)O)O)O)O,-0.4814860601221125,0.9874914884567261,0.09587600827217102,0.896208643913269
526,Q53Y25_E265K,C1=NC(=C2C(=N1)N(C=N2)C3C(C(C(O3)COP(=O)(O)OP(=O)(O)OP(=O)(O)O)O)O)N,-0.3979400086720376,1.2829339504241943,-0.5273962616920471,1.6464704275131226
527,P35557_M197E,C1=NC(=C2C(=N1)N(C=N2)C3C(C(C(O3)COP(=O)(O)OP(=O)(O)OP(=O)(O)O)O)O)N,-0.3979400086720376,1.0058770179748535,-0.5033165216445923,1.4086494445800781
528,A1Z0M7_wild,C1C(C(C(C(O1)(CO)O)O)O)O,-0.15490195998574322,0.8539655208587646,-0.08654648065567017,0.7822964191436768
529,A1Z0M7_wild,C(C1C(C(C(C(O1)O)O)O)O)O,-0.8794260687941501,1.1261084079742432,-0.646069347858429,1.1932330131530762
530,Q53Y25_Y61S,C1=NC(=C2C(=N1)N(C=N2)C3C(C(C(O3)COP(=O)(O)OP(=O)(O)OP(=O)(O)O)O)O)N,-0.6777807052660807,0.9936548471450806,-0.5077064037322998,1.3718876838684082
531,Q53Y25_A379V,C1=NC(=C2C(=N1)N(C=N2)C3C(C(C(O3)COP(=O)(O)OP(=O)(O)OP(=O)(O)O)O)O)N,-0.16115090926274472,1.2096434831619263,-0.506016194820404,1.5697965621948242
532,P35557_G68V,C1=NC(=C2C(=N1)N(C=N2)C3C(C(C(O3)COP(=O)(O)OP(=O)(O)OP(=O)(O)O)O)O)N,-0.5086383061657274,0.8828048706054688,-0.46844884753227234,1.2883094549179077
533,P35557_A379T,C1=NC(=C2C(=N1)N(C=N2)C3C(C(C(O3)COP(=O)(O)OP(=O)(O)OP(=O)(O)O)O)O)N,-0.060480747381381476,1.2382416725158691,-0.5162860751152039,1.599452018737793
534,P35557_S64P,C1=NC(=C2C(=N1)N(C=N2)C3C(C(C(O3)COP(=O)(O)OP(=O)(O)OP(=O)(O)O)O)O)N,-0.494850021680094,1.2586157321929932,-0.5326033234596252,1.6117998361587524
535,P35557_E442K,C1=NC(=C2C(=N1)N(C=N2)C3C(C(C(O3)COP(=O)(O)OP(=O)(O)OP(=O)(O)O)O)O)N,0.17609125905568124,1.280273199081421,-0.5222079753875732,1.6279447078704834
536,P35557_S64R/E67D/S69T,C(C1C(C(C(C(O1)O)O)O)O)O,0.5185139398778875,1.4562742710113525,-0.6417922377586365,0.9369230270385742
537,P35557_V62M,C1=NC(=C2C(=N1)N(C=N2)C3C(C(C(O3)COP(=O)(O)OP(=O)(O)OP(=O)(O)O)O)O)N,-0.3372421683184259,1.2670607566833496,-0.5332232117652893,1.6256167888641357
538,P35557_A456V/K140E,C1=NC(=C2C(=N1)N(C=N2)C3C(C(C(O3)COP(=O)(O)OP(=O)(O)OP(=O)(O)O)O)O)N,-0.45593195564972444,1.278409719467163,-0.5208436846733093,1.6118437051773071
539,P35557_C213R,C1=NC(=C2C(=N1)N(C=N2)C3C(C(C(O3)COP(=O)(O)OP(=O)(O)OP(=O)(O)O)O)O)N,-0.050609993355087264,0.9700487852096558,-0.49720966815948486,1.359387755393982
540,P35557_V455M,C1=NC(=C2C(=N1)N(C=N2)C3C(C(C(O3)COP(=O)(O)OP(=O)(O)OP(=O)(O)O)O)O)N,-0.42021640338318983,1.262974500656128,-0.5324245095252991,1.6187281608581543
541,P35557_Y215A,C1=NC(=C2C(=N1)N(C=N2)C3C(C(C(O3)COP(=O)(O)OP(=O)(O)OP(=O)(O)O)O)O)N,-0.23657200643706275,1.2654372453689575,-0.5094647407531738,1.6293493509292603
542,P35557_S64Y,C1=NC(=C2C(=N1)N(C=N2)C3C(C(C(O3)COP(=O)(O)OP(=O)(O)OP(=O)(O)O)O)O)N,0.20139712432045148,1.2965853214263916,-0.5105428695678711,1.6353198289871216
543,P35557_C252Y,C1=NC(=C2C(=N1)N(C=N2)C3C(C(C(O3)COP(=O)(O)OP(=O)(O)OP(=O)(O)O)O)O)N,-0.12493873660829995,1.2053425312042236,-0.5045098066329956,1.5580148696899414
544,P35557_V452L,C1=NC(=C2C(=N1)N(C=N2)C3C(C(C(O3)COP(=O)(O)OP(=O)(O)OP(=O)(O)O)O)O)N,-0.27572413039921095,1.2753560543060303,-0.5340367555618286,1.627907633781433
545,P35557_V91L,C1=NC(=C2C(=N1)N(C=N2)C3C(C(C(O3)COP(=O)(O)OP(=O)(O)OP(=O)(O)O)O)O)N,-0.3187587626244128,1.2819037437438965,-0.5314942002296448,1.6334364414215088
546,P35557_V389L,C1=NC(=C2C(=N1)N(C=N2)C3C(C(C(O3)COP(=O)(O)OP(=O)(O)OP(=O)(O)O)O)O)N,-0.11918640771920865,1.27882719039917,-0.5303733944892883,1.6258289813995361
547,P35557_T65I,C1=NC(=C2C(=N1)N(C=N2)C3C(C(C(O3)COP(=O)(O)OP(=O)(O)OP(=O)(O)O)O)O)N,-0.24412514432750865,1.2837345600128174,-0.5219013690948486,1.6249268054962158
548,P35557_wild,C(C1C(C(C(C(O1)O)O)O)O)O,-1.6020599913279623,1.4615637063980103,-0.6435900330543518,0.9535790681838989
549,P35557_Y214A,C1=NC(=C2C(=N1)N(C=N2)C3C(C(C(O3)COP(=O)(O)OP(=O)(O)OP(=O)(O)O)O)O)N,-0.036212172654444715,1.267904281616211,-0.5074637532234192,1.6227918863296509
550,P35557_Y214C,C1=NC(=C2C(=N1)N(C=N2)C3C(C(C(O3)COP(=O)(O)OP(=O)(O)OP(=O)(O)O)O)O)N,-0.6382721639824072,1.2680466175079346,-0.5098354816436768,1.6226025819778442
551,P35557_S336L,C1=NC(=C2C(=N1)N(C=N2)C3C(C(C(O3)COP(=O)(O)OP(=O)(O)OP(=O)(O)O)O)O)N,1.100370545117563,1.2624621391296387,-0.5331966280937195,1.601629614830017
552,P35557_M197I,C1=NC(=C2C(=N1)N(C=N2)C3C(C(C(O3)COP(=O)(O)OP(=O)(O)OP(=O)(O)O)O)O)N,0.14301480025409505,1.2741981744766235,-0.525580108165741,1.6168415546417236
553,P35557_Y214A/V452A,C1=NC(=C2C(=N1)N(C=N2)C3C(C(C(O3)COP(=O)(O)OP(=O)(O)OP(=O)(O)O)O)O)N,0.15228834438305647,1.2370100021362305,-0.49977824091911316,1.6073493957519531
554,P35557_G72R,C1=NC(=C2C(=N1)N(C=N2)C3C(C(C(O3)COP(=O)(O)OP(=O)(O)OP(=O)(O)O)O)O)N,-0.1426675035687919,0.8893874883651733,-0.5244296789169312,1.3013116121292114
555,P35557_P417R,C1=NC(=C2C(=N1)N(C=N2)C3C(C(C(O3)COP(=O)(O)OP(=O)(O)OP(=O)(O)O)O)O)N,0.31806333496276146,1.2652255296707153,-0.5349217653274536,1.6223399639129639
556,P35557_K414E,C1=NC(=C2C(=N1)N(C=N2)C3C(C(C(O3)COP(=O)(O)OP(=O)(O)OP(=O)(O)O)O)O)N,0.18469143081759876,1.2286369800567627,-0.5254870653152466,1.5716837644577026
557,P35557_M197L,C1=NC(=C2C(=N1)N(C=N2)C3C(C(C(O3)COP(=O)(O)OP(=O)(O)OP(=O)(O)O)O)O)N,0.11727129565576427,1.2786688804626465,-0.5274868607521057,1.6217613220214844
558,P35557_M298K,C1=NC(=C2C(=N1)N(C=N2)C3C(C(C(O3)COP(=O)(O)OP(=O)(O)OP(=O)(O)O)O)O)N,0.5211380837040362,1.015984058380127,-0.5084124207496643,1.4047517776489258
559,P35557_M197I/A379T,C1=NC(=C2C(=N1)N(C=N2)C3C(C(C(O3)COP(=O)(O)OP(=O)(O)OP(=O)(O)O)O)O)N,0.4329692908744057,1.2417393922805786,-0.5155352354049683,1.5950826406478882
560,Q6Q796_wild,COC1=CC(=CC(=C1O)O)C=CC=O,-1.3872161432802645,-1.2172331809997559,-1.525397539138794,0.3615277409553528
561,Q9FK25_C296F/Q310L/V314T,CC(=O)NCCC1=CNC2=C1C=C(C=C2)O,-0.5850266520291821,0.021175898611545563,-1.424657940864563,0.5946049690246582
562,Q9FK25_wild,CC(=O)NCCC1=CNC2=C1C=C(C=C2)O,-0.13076828026902382,0.015598536469042301,-1.431118369102478,0.6045150756835938
563,Q9FK25_Q310L,CC(=O)NCCC1=CNC2=C1C=C(C=C2)O,-0.44369749923283336,-0.007183975540101528,-1.4380470514297485,0.571317195892334
564,Q9FK25_C296F/V314T,CC(=O)NCCC1=CNC2=C1C=C(C=C2)O,-0.23657200643706275,0.042178504168987274,-1.421026349067688,0.6259087324142456
565,Q38J50_wild,COC1=CC(=CC(=C1O)O)C=CCO,-0.9991322784687731,-0.8762271404266357,-1.2831652164459229,0.48793983459472656
566,Q38J50_wild,C1=CC(=C(C=C1C=CCO)O)O,-1.0755656364567694,-1.5646960735321045,-1.2519127130508423,0.13175512850284576
567,Q38J50_wild,C1=CC(=C(C=C1C=CC(=O)O)O)O,-1.1627272974976997,-1.6771705150604248,-1.082288146018982,-0.047640085220336914
568,Q38J50_wild,C1=CC(=C(C=C1C=CC=O)O)O,-1.359518563029578,-1.716810703277588,-1.172770380973816,-0.013831764459609985
569,Q38J50_wild,COC1=CC(=CC(=C1O)O)C=CC=O,-1.7619538968712045,-0.9694371223449707,-1.3752375841140747,0.5685636401176453
570,C6FFB6_wild,C1=CC(=C(C=C1C=CC(=O)O)O)O,-1.9943905546397196,-1.5991530418395996,-1.2696436643600464,-0.23589786887168884
571,Q6Q796_wild,C1=CC(=C(C=C1C=CC=O)O)O,-1.494850021680094,-1.8403937816619873,-1.4163818359375,-0.07089802622795105
572,Q6Q796_wild,CCOC(=O)C=CC1=CC(=C(C=C1)O)O,-1.6382721639824072,-1.4149818420410156,-1.242428183555603,0.41918280720710754
573,Q6Q796_wild,C1=CC(=C(C=C1C=CC(=O)O)O)O,-0.6020599913279624,-1.8478553295135498,-1.26580810546875,-0.14625069499015808
574,Q6Q796_wild,COC1=CC(=CC(=C1O)O)C=CC(=O)O,-1.0409586076789064,-1.291063666343689,-1.3637818098068237,0.15629443526268005
575,Q6Q796_wild,C1=CC(=C(C=C1C=O)O)O,-0.5934598195660449,-1.495931625366211,-1.174686074256897,-0.011899322271347046
576,Q6ZD89_wild,CC(=O)NCCC1=CNC2=C1C=C(C=C2)O,-0.6143937264016879,-0.41105636954307556,-1.2859066724777222,1.044589877128601
577,C5YH12_wild,COC1=CC(=CC(=C1O)O)C=CC=O,-2.958607314841775,-1.0277578830718994,-1.414324164390564,0.5411866903305054
578,C5YH12_wild,C1=CC(=C(C=C1C=CC(=O)O)O)O,-1.9208187539523751,-1.7602391242980957,-1.0911728143692017,-0.06561046838760376
579,C5YH12_wild,C[S+](CCC(C(=O)[O-])N)CC1C(C(C(O1)N2C=NC3=C(N=CN=C32)N)O)O,-1.769551078621726,-1.3672422170639038,-1.4382129907608032,0.8300463557243347
580,A7U0E5_wild,C[S+](CCC(C(=O)[O-])N)CC1C(C(C(O1)N2C=NC3=C(N=CN=C32)N)O)O,-2.677780705266081,-1.0251303911209106,-1.5129660367965698,0.7404694557189941
581,A7U0E5_wild,C1=CC(=C(C=C1C=CC(=O)O)O)O,-0.6575773191777937,-1.5743952989578247,-1.3508327007293701,-0.181890070438385
582,Q9Y2G5_wild,CC1C(C(C(C(O1)OP(=O)(O)OP(=O)(O)OCC2C(C(C(O2)N3C=NC4=C3N=C(NC4=O)N)O)O)O)O)O,-2.0087739243075053,0.12948857247829437,-0.8244273066520691,0.9841281175613403
583,Q65J10_wild,C1C(C(C(C(O1)O)O)O)O,2.56702636615906,1.3841583728790283,1.5831689834594727,0.14091172814369202
584,Q6W9D4_N475K,C(C1C(C(C(C(O1)O)O)O)O)O,1.6532125137753437,1.0042282342910767,1.7237229347229004,-0.11324608325958252
585,Q6W9D4_V408A/N475K,C1C(C(C(C(O1)O)O)O)O,1.8195439355418688,1.2323250770568848,1.6136797666549683,0.009597420692443848
586,Q6W9D4_C450S,C(C1C(C(C(C(O1)O)O)O)O)O,1.8260748027008264,1.0204854011535645,1.7156857252120972,-0.1119941771030426
587,Q6W9D4_M322V,C1C(C(C(C(O1)O)O)O)O,1.1760912590556813,1.2076078653335571,1.61029851436615,0.007099539041519165
588,Q6W9D4_N475K,C1C(C(C(C(O1)O)O)O)O,1.8388490907372552,1.2252823114395142,1.6153861284255981,0.009943753480911255
589,Q6W9D4_C450S,C1C(C(C(C(O1)O)O)O)O,1.7075701760979363,1.2333611249923706,1.6120418310165405,0.01419493556022644
590,Q6W9D4_M322V,C(C1C(C(C(C(O1)O)O)O)O)O,2.4471580313422194,0.9989150762557983,1.7135363817214966,-0.12210506200790405
591,Q6W9D4_K428N,C(C1C(C(C(C(O1)O)O)O)O)O,1.954242509439325,1.0137689113616943,1.7398511171340942,-0.11531728506088257
592,Q6W9D4_wild,C1C(C(C(C(O1)O)O)O)O,2.1522883443830567,1.220517873764038,1.6219593286514282,0.007486015558242798
593,Q6W9D4_K428N/N475K,C1C(C(C(C(O1)O)O)O)O,2.225309281725863,1.2353187799453735,1.630275011062622,0.009577572345733643
594,Q6W9D4_C450S/N475K,C(C1C(C(C(C(O1)O)O)O)O)O,2.530199698203082,1.0183171033859253,1.712608814239502,-0.10837966203689575
595,Q6W9D4_C450S/N475K,C1C(C(C(C(O1)O)O)O)O,2.0253058652647704,1.2384968996047974,1.6041027307510376,0.015368163585662842
596,Q6W9D4_N475R,C(C1C(C(C(C(O1)O)O)O)O)O,2.2380461031287955,0.9870659112930298,1.7179213762283325,-0.12311097979545593
597,Q6W9D4_K320R/N475K,C(C1C(C(C(C(O1)O)O)O)O)O,2.012837224705172,0.9986594915390015,1.7147917747497559,-0.11592340469360352
598,Q6W9D4_K320R,C(C1C(C(C(C(O1)O)O)O)O)O,2.1702617153949575,0.9985965490341187,1.718420386314392,-0.12077176570892334
599,Q6W9D4_K320R/N475K,C1C(C(C(C(O1)O)O)O)O,1.7634279935629373,1.213099479675293,1.6079734563827515,0.010470688343048096
600,Q6W9D4_K428N,C1C(C(C(C(O1)O)O)O)O,1.7708520116421442,1.230889081954956,1.6349793672561646,0.0062628984451293945
601,Q6W9D4_G384D,C1C(C(C(C(O1)O)O)O)O,2.2121876044039577,1.2290496826171875,1.6288725137710571,-0.008829057216644287
602,Q6W9D4_N475Q,C(C1C(C(C(C(O1)O)O)O)O)O,2.0211892990699383,1.0015559196472168,1.715809941291809,-0.1127367913722992
603,Q6W9D4_wild,C(C1C(C(C(C(O1)O)O)O)O)O,3.4089180208467798,1.0055397748947144,1.726662516593933,-0.11764529347419739
604,Q6W9D4_N228D,C(C1C(C(C(C(O1)O)O)O)O)O,2.2068258760318495,0.988027811050415,1.7403266429901123,-0.13290825486183167
605,Q6W9D4_V408A,C1C(C(C(C(O1)O)O)O)O,1.8808135922807914,1.2272059917449951,1.6186952590942383,0.007131904363632202
606,Q6W9D4_V408A/N475K,C(C1C(C(C(C(O1)O)O)O)O)O,2.4099331233312946,1.0109268426895142,1.7212352752685547,-0.10614719986915588
607,Q6W9D4_V408A,C(C1C(C(C(C(O1)O)O)O)O)O,1.9867717342662448,1.0126748085021973,1.7237781286239624,-0.11103254556655884
608,Q6W9D4_N475Q,C1C(C(C(C(O1)O)O)O)O,1.9731278535996988,1.2213287353515625,1.6161664724349976,0.009366214275360107
609,Q6W9D4_K428N/N475K,C(C1C(C(C(C(O1)O)O)O)O)O,2.173186268412274,1.0153264999389648,1.7362563610076904,-0.10981494188308716
610,Q6W9D4_N475R,C1C(C(C(C(O1)O)O)O)O,1.9138138523837167,1.2022430896759033,1.6135019063949585,0.004132986068725586
611,Q6W9D4_G384D,C(C1C(C(C(C(O1)O)O)O)O)O,2.8530895298518657,1.0095973014831543,1.7343820333480835,-0.1319190263748169
612,Q6W9D4_N228D,C1C(C(C(C(O1)O)O)O)O,2.089905111439398,1.2036693096160889,1.6366908550262451,-0.009041756391525269
613,Q6W9D4_S393T,C1C(C(C(C(O1)O)O)O)O,2.27415784926368,1.2098307609558105,1.6193724870681763,0.006439417600631714
614,Q6W9D4_F280N/C450S/N475K,C1C(C(C(C(O1)O)O)O)O,2.5237464668115646,1.1451289653778076,1.6528140306472778,-0.10124289989471436
615,Q6W9D4_F280N/C450S/N475K,C(C1C(C(C(C(O1)O)O)O)O)O,0.1231980750319987,0.924841582775116,1.7754350900650024,-0.2164348065853119
616,Q6W9D4_S393T,C(C1C(C(C(C(O1)O)O)O)O)O,2.303196057420489,1.0003823041915894,1.7227081060409546,-0.12202060222625732
617,D9ILD9_D268K/D299K,C(C1C(C(C(C(O1)O)O)O)O)O,2.4578818967339924,1.3473069667816162,1.889579176902771,-0.12569540739059448
618,Q6W9D4_K320R,C1C(C(C(C(O1)O)O)O)O,1.7481880270062005,1.208249568939209,1.6142784357070923,0.00675395131111145
619,J9E728_D478R,C1C(C(C(C(O1)O)O)O)O,1.7481880270062005,1.1029093265533447,1.6235991716384888,-0.026810944080352783
620,Q2VMT2_wild,C1C(C(C(C(O1)O)O)O)O,1.6646419755561255,1.2831544876098633,1.6009130477905273,0.03015744686126709
621,Q2VMT2_K269E,C1C(C(C(C(O1)O)O)O)O,1.7201593034059568,1.2859790325164795,1.6294012069702148,0.026846706867218018
622,Q2VMT2_wild,C(C1C(C(C(C(O1)O)O)O)O)O,2.110589710299249,1.0436456203460693,1.7077792882919312,-0.07720109820365906
623,D9ILD9_D268K/D269K,C(C1C(C(C(C(O1)O)O)O)O)O,2.1367205671564067,1.3746066093444824,1.8876572847366333,-0.09915527701377869
624,Q9S467_wild,C1C(C(C(C(O1)O)O)O)O,1.453624073591451,1.330998420715332,1.6442593336105347,0.027131319046020508
625,Q9S467_wild,C(C1C(C(C(C(O1)O)O)O)O)O,1.7558748556724915,1.0862395763397217,1.7409429550170898,-0.08361902832984924
626,Q9S467_D308A,C1C(C(C(C(O1)O)O)O)O,1.4668676203541096,1.3212192058563232,1.64010488986969,0.034925997257232666
627,Q9S467_H446A,C1C(C(C(C(O1)O)O)O)O,1.4828735836087537,1.2821004390716553,1.646781325340271,-0.02012532949447632
628,Q9S467_E351A,C1C(C(C(C(O1)O)O)O)O,1.4785664955938433,1.3221848011016846,1.6379687786102295,0.025496602058410645
629,Q9S467_F329A,C1C(C(C(C(O1)O)O)O)O,1.48572142648158,1.3104500770568848,1.6422563791275024,0.0060307979583740234
630,Q9S467_F279Q,C1C(C(C(C(O1)O)O)O)O,1.9014583213961123,1.2487671375274658,1.7361847162246704,-0.08312034606933594
631,Q9S467_F279Q,CC1C(C(C(C(O1)O)O)O)O,2.239549720840473,1.0086724758148193,1.6815223693847656,0.1164044439792633
632,A9J246_wild,C1C(C(C(C(O1)O)O)O)O,1.6374897295125108,1.488826870918274,1.7609570026397705,0.11338020861148834
633,Q65J10_Y333I,C1C(C(C(C(O1)O)O)O)O,2.8750612633917,1.3774876594543457,1.5896421670913696,0.1437031626701355
634,Q65J10_Y333F,C1C(C(C(C(O1)O)O)O)O,2.6919651027673606,1.3827672004699707,1.5882363319396973,0.14351075887680054
635,Q65J10_Y333W,C1C(C(C(C(O1)O)O)O)O,2.792391689498254,1.368783950805664,1.5790947675704956,0.13161030411720276
636,D9ILD9_D269K/D299K,C(C1C(C(C(C(O1)O)O)O)O)O,1.7853298350107671,1.348543643951416,1.8983044624328613,-0.12106701731681824
637,D9ILD9_D299R,C(C1C(C(C(C(O1)O)O)O)O)O,1.9684829485539352,1.3260440826416016,1.8944692611694336,-0.13799762725830078
638,D9ILD9_D268K/D269K/D299K,C(C1C(C(C(C(O1)O)O)O)O)O,1.7075701760979363,1.3567478656768799,1.8952962160110474,-0.1237679123878479
639,D9ILD9_D299K,C(C1C(C(C(C(O1)O)O)O)O)O,1.8920946026904804,1.3395500183105469,1.8978241682052612,-0.13202401995658875
640,D9ILD9_D269K,C(C1C(C(C(C(O1)O)O)O)O)O,2.03342375548695,1.3675299882888794,1.9016034603118896,-0.10905969142913818
641,D9ILD9_wild,C(C1C(C(C(C(O1)O)O)O)O)O,2.0644579892269186,1.3596160411834717,1.901551604270935,-0.11745625734329224
642,D9ILD9_D268K,C(C1C(C(C(C(O1)O)O)O)O)O,2.220108088040055,1.3653643131256104,1.8904939889907837,-0.10458311438560486
643,D9ILD9_wild,C1C(C(C(C(O1)O)O)O)O,1.4756711883244296,1.4957473278045654,1.7458198070526123,0.05420279502868652
644,F6KRI7_wild,C1C(C(C(C(O1)O)O)O)O,1.8948696567452525,1.3389637470245361,1.6519042253494263,0.032015442848205566
645,F6KRI7_wild,C(C1C(C(C(C(O1)O)O)O)O)O,1.4282968139828796,1.089669108390808,1.739569067955017,-0.08122086524963379
646,I3ZR32_wild,C1C(C(C(C(O1)O)O)O)O,2.0791812460476247,1.2082602977752686,1.6529313325881958,-0.12599822878837585
647,I3ZR32_wild,C(C1C(C(C(C(O1)O)O)O)O)O,2.7708520116421442,1.0008063316345215,1.7031327486038208,-0.17606115341186523
648,Q6VAK6_wild,C(C1C(C(C(C(O1)O)O)O)O)O,2.2430380486862944,1.123173475265503,1.7227563858032227,-0.3040653169155121
649,G1JRK8_wild,C(C1C(C(C(C(O1)O)O)O)O)O,1.8195439355418688,1.2362561225891113,1.926769495010376,-0.06435152888298035
650,J9E728_D478N,C(C1C(C(C(C(O1)O)O)O)O)O,1.8195439355418688,0.9056228995323181,1.6806321144104004,-0.14835137128829956
651,A0A1L2F0V9_wild,C(C1C(C(C(C(O1)O)O)O)O)O,2.629409599102719,1.2803623676300049,1.83541738986969,0.020433783531188965
652,C0C0X3_wild,C(C1C(C(C(C(O1)O)O)O)O)O,0.8864907251724818,1.2201411724090576,1.700323462486267,0.03214040398597717
653,J9E728_D478K,C(C1C(C(C(C(O1)O)O)O)O)O,1.877371345869774,0.9033324122428894,1.6726152896881104,-0.14519694447517395
654,J9E728_wild,C1C(C(C(C(O1)O)O)O)O,2.02201573981772,1.1224557161331177,1.6411546468734741,-0.036034971475601196
655,J9E728_wild,C(C1C(C(C(C(O1)O)O)O)O)O,1.7379873263334307,0.9034938812255859,1.6830312013626099,-0.15712913870811462
656,J9E728_D478A,C1C(C(C(C(O1)O)O)O)O,1.534026106056135,1.1230556964874268,1.6200337409973145,-0.027297765016555786
657,J9E728_D478Q,C(C1C(C(C(C(O1)O)O)O)O)O,1.6170003411208989,0.9023054242134094,1.6651865243911743,-0.1418759524822235
658,J9E728_D478N,C1C(C(C(C(O1)O)O)O)O,1.7505083948513454,1.1200331449508667,1.6352994441986084,-0.02741733193397522
659,J9E728_D478R,C(C1C(C(C(C(O1)O)O)O)O)O,1.7831886910752575,0.8925350308418274,1.6692298650741577,-0.1501184105873108
660,J9E728_D478A,C(C1C(C(C(C(O1)O)O)O)O)O,1.920123326290724,0.9005796909332275,1.6647337675094604,-0.14543351531028748
661,J9E728_D478Q,C1C(C(C(C(O1)O)O)O)O,1.9740509027928774,1.1192724704742432,1.6240166425704956,-0.021465539932250977
662,Q5KYP7_wild,C1C(C(C(C(O1)O)O)O)O,1.0530784434834197,1.2460718154907227,1.6685973405838013,-0.015830576419830322
663,Q5KYP7_wild,C(C1C(C(C(C(O1)O)O)O)O)O,1.9350031514536548,1.0029919147491455,1.7667495012283325,-0.12381371855735779
664,A0A191W0D9_wild,C1C(C(C(C(O1)O)O)O)O,2.4310419453358856,1.5038115978240967,1.680664300918579,0.23100876808166504
665,A0A191W0D9_wild,C(C1C(C(C(C(O1)O)O)O)O)O,2.5503506723016156,1.3599830865859985,1.8565422296524048,0.049913108348846436
666,Q9HUU7_wild,CC(=O)SCCNC(=O)CCNC(=O)C(C(C)(C)COP(=O)(O)OP(=O)(O)OCC1C(C(C(O1)N2C=NC3=C(N=CN=C32)N)O)OP(=O)(O)O)O,-1.5228787452803376,1.3416953086853027,-0.9540380239486694,2.491640090942383
667,Q9HUU7_wild,CS(=N)(=O)CCC(C(=O)O)N,0.11394335230683679,1.3118302822113037,-0.31721821427345276,1.6638808250427246
668,Q9HUU7_wild,CS(=O)(=O)CCC(C(=O)O)N,0.11394335230683679,1.5630033016204834,-0.39710962772369385,1.5981853008270264
669,M1EYW6_wild,CP(=O)(CCC(C(=O)O)N)O,-1.1191864077192086,0.2543269097805023,-0.6382143497467041,0.8323075771331787
670,M1EYW6_wild,CS(=N)(=O)CCC(C(=O)O)N,-0.8068754016455384,0.16196772456169128,-0.25321197509765625,0.7032601833343506
671,Q9RV48_wild,CS(=N)(=O)CCC(C(=O)O)N,-0.5003129173815962,0.726947546005249,0.11968636512756348,1.0921357870101929
672,Q9RV48_wild,CS(=O)(=O)CCC(C(=O)O)N,-0.703334809738469,0.8542006015777588,0.010421674698591232,1.0372531414031982
673,Q9RV48_wild,CP(=O)(CCC(C(=O)O)N)O,-0.14206473528057098,0.6403200626373291,-0.16462232172489166,1.005011796951294
674,F6IQ86_wild,C1(C(C(C(C(C1OP(=O)(O)O)OP(=O)(O)O)OP(=O)(O)O)OP(=O)(O)O)OP(=O)(O)O)OP(=O)(O)O,-0.6575773191777937,1.6332285404205322,-0.5588873028755188,2.050626039505005
675,O68183_F95Y,C1=NC2=C(N1C3C(C(C(O3)COP(=O)(O)OP(=O)(O)OP(=O)(O)O)O)O)N=C(NC2=O)N,-1.3098039199714864,0.3611060678958893,-1.2506260871887207,1.3034262657165527
676,O68183_F95M,C1=NC(=C2C(=N1)N(C=N2)C3C(C(C(O3)COP(=O)(O)OP(=O)(O)OP(=O)(O)O)O)O)N,-1.2596373105057561,0.6032445430755615,-1.1633354425430298,1.3490266799926758
677,O68183_wild,C1=NC2=C(N1C3C(C(C(O3)COP(=O)(O)OP(=O)(O)OP(=O)(O)O)O)O)N=C(NC2=O)N,-0.7746907182741372,0.36400410532951355,-1.238202452659607,1.2746498584747314
678,O68183_F95Y,C1=NC(=C2C(=N1)N(C=N2)C3C(C(C(O3)COP(=O)(O)OP(=O)(O)OP(=O)(O)O)O)O)N,-1.1426675035687315,0.560915470123291,-1.1641322374343872,1.334862470626831
679,O68183_wild,C1=NC(=C2C(=N1)N(C=N2)C3C(C(C(O3)COP(=O)(O)OP(=O)(O)OP(=O)(O)O)O)O)N,-1.1611509092627446,0.5607093572616577,-1.151225209236145,1.3142361640930176
680,O68183_F95M,C1=NC2=C(N1C3C(C(C(O3)COP(=O)(O)OP(=O)(O)OP(=O)(O)O)O)O)N=C(NC2=O)N,-0.8068754016455384,0.40920889377593994,-1.2392712831497192,1.3122491836547852
681,Q13WK4_wild,CCCCC=O,-0.5228787452803376,1.0523566007614136,-0.6285476088523865,1.2165731191635132
682,Q13WK4_wild,CCCCCCC=O,-1.3767507096020997,0.9472048282623291,-0.908572256565094,1.5088146924972534
683,Q13WK4_wild,C=O,0.2787536009528289,0.4829949736595154,0.2808611989021301,0.3325214385986328
684,Q13WK4_wild,CC(C)CC=O,0.22010808804005508,0.29360926151275635,-0.5326274633407593,0.5925513505935669
685,Q13WK4_wild,C1=CC=C(C=C1)C=O,0.6180480967120927,0.22467580437660217,-0.500304102897644,0.9088131785392761
686,Q13WK4_wild,CCC=O,0.08278537031645007,1.1959607601165771,-0.0009234584867954254,0.8470032811164856
687,Q13WK4_wild,C1=CC(=C[N+](=C1)C2C(C(C(O2)COP(=O)([O-])OP(=O)(O)OCC3C(C(C(O3)N4C=NC5=C(N=CN=C54)N)O)O)O)O)C(=O)N,-0.30016227413275426,0.48065271973609924,-0.4901834726333618,1.026547908782959
688,A0A1D6I5Q5_wild,CSCCC(=O)C(=O)[O-],-1.154901959985743,0.39682814478874207,-0.1609935611486435,0.5512178540229797
689,Q84DC3_wild,COC1=CC=C(C=C1)C=O,-2.6989700043360187,0.7307488322257996,-1.324002742767334,2.5402839183807373
690,Q84DC3_wild,C1=CC(=CC=C1C=O)Cl,-2.9208187539523753,0.6389968991279602,-1.100258231163025,2.3396806716918945
691,Q84DC3_E215D,C1=CC=C(C=C1)C=O,-1.5528419686577808,0.18228952586650848,-0.5477574467658997,1.7279844284057617
692,Q84DC3_wild,C1=CC=C(C=C1)C=O,-2.3565473235138126,0.4922036826610565,-0.6008038520812988,2.036306381225586
693,Q84DC3_E337D,C1=CC=C(C=C1)C=O,-2.1804560644581312,0.2164396494626999,-0.5519594550132751,1.794602394104004
694,Q84DC3_wild,C1=CC(=CC=C1C=O)[N+](=O)[O-],-2.0315170514460648,0.9045621156692505,-1.2387527227401733,2.128356456756592
695,Q93HT8_wild,C1=CC=C(C=C1)OC2C(C(C(C(O2)CO)O)O)O,1.3802112417116061,1.051361322402954,0.23523646593093872,0.8647387027740479
696,B7IED6_wild,C(C1C(C(C(C(O1)OC2C(OC(C(C2O)O)OC3C(OC(C(C3O)O)OC4C(OC(C(C4O)O)OC5C(OC(C(C5O)O)O)CO)CO)CO)CO)O)O)O)O,-1.2218487496163564,1.8306870460510254,0.3683009445667267,1.6546506881713867
697,B7IED6_wild,C(C1C(C(C(C(O1)OC2C(OC(C(C2O)O)OC3C(OC(C(C3O)O)OC4C(OC(C(C4O)O)O)CO)CO)CO)O)O)O)O,-1.207608310501746,1.8382182121276855,0.35537123680114746,1.507434368133545
698,B7IED6_wild,C(C1C(C(C(C(O1)OC2C(OC(C(C2O)O)OC3C(OC(C(C3O)O)O)CO)CO)O)O)O)O,-1.0268721464003014,1.8590997457504272,0.4722803235054016,1.4001679420471191
699,B7IED6_wild,C(C1C(C(C(C(O1)OC2C(OC(C(C2O)O)O)CO)O)O)O)O,-0.9208187539523751,1.8604850769042969,0.7030283808708191,1.1940010786056519
700,B7IED6_wild,C1C(C(C(C(O1)O)O)O)O,1.4099331233312946,1.7548542022705078,0.9682703614234924,0.5497468709945679
701,B7IED6_wild,C(C1C(C(C(C(O1)O)O)O)O)O,1.1553360374650619,1.5645852088928223,0.9165961146354675,0.58469557762146
702,B7IED6_wild,C(C1C(C(C(C(O1)OP(=O)(O)O)O)O)O)O,0.19589965240923374,1.3264182806015015,0.13944809138774872,1.202197790145874
703,P27169_wild,CC(C)OP(=O)(OC(C)C)F,0.6720978579357175,0.9628942608833313,0.18174126744270325,0.8682663440704346
704,P52704_V106F/L121Y,C1=CC=C(C=C1)C(C#N)O,0.14612803567823798,1.1421140432357788,-0.40992268919944763,0.6701696515083313
705,P52705_wild,C1=CC=C(C=C1)C(C#N)O,0.14301480025409505,1.3513069152832031,-0.46801233291625977,0.787024974822998
706,P52705_wild,C1=CC=C(C=C1)C=O,0.7708520116421441,1.3680040836334229,-0.3214679956436157,0.4180777668952942
707,P52705_wild,[C-]#N,-0.03151705144606486,2.0559709072113037,-0.17865559458732605,0.7324292659759521
708,P52704_L152F,C1=CC=C(C=C1)C(C#N)O,-0.22184874961635637,1.1428611278533936,-0.4406232535839081,0.6583752632141113
709,P52704_F125T/L146M,C1=CC=C(C=C1)C(C[N+](=O)[O-])O,-0.3979400086720376,-0.18463963270187378,0.23482273519039154,-0.5660489797592163
710,P52704_I209A,C1=CC=C(C=C1)C(C#N)O,-0.09691001300805639,1.1341438293457031,-0.4259106516838074,0.6558743119239807
711,P52704_V106F,C1=CC=C(C=C1)C(C[N+](=O)[O-])O,0.14612803567823798,-0.1514231264591217,0.24829912185668945,-0.5475703477859497
712,P52704_L121Y/F125T/Y133F,C1=CC=C(C=C1)C(C#N)O,0.4913616938342727,1.1498899459838867,-0.41710829734802246,0.6747699975967407
713,P52704_V106F,C1=CC=C(C=C1)C(C#N)O,0.724275869600789,1.1637542247772217,-0.4297918677330017,0.6774207353591919
714,P52704_Y133F,C1=CC=C(C=C1)C(C[N+](=O)[O-])O,0.8512583487190691,-0.17446014285087585,0.22962071001529694,-0.5688036680221558
715,P52704_V106F/F125T,C1=CC=C(C=C1)C(C[N+](=O)[O-])O,0.25527250510330607,-0.13036979734897614,0.26145631074905396,-0.5355957746505737
716,P52704_F125T/L146M,C1=CC=C(C=C1)C(C#N)O,0.17609125905568124,1.1377456188201904,-0.434765100479126,0.6711649298667908
717,P52704_wild,C1=CC=C(C=C1)C(C#N)O,0.46686762035410945,1.1275126934051514,-0.44593560695648193,0.6556404829025269
718,P52704_I209G,C1=CC=C(C=C1)C(C#N)O,-0.15490195998574322,1.1412408351898193,-0.43875178694725037,0.6718533039093018
719,P52704_F125T/Y133F,C1=CC=C(C=C1)C(C[N+](=O)[O-])O,-0.15490195998574322,-0.15560834109783173,0.2435472011566162,-0.556576132774353
720,P52704_F125T/Y133F,C1=CC=C(C=C1)C(C#N)O,0.3222192947339193,1.1610866785049438,-0.43164002895355225,0.678107738494873
721,P52704_L146M,C1=CC=C(C=C1)C(C#N)O,0.568201724066995,1.1145391464233398,-0.4566501975059509,0.6555920243263245
722,P52704_L121Y,C1=CC=C(C=C1)C(C#N)O,0.43136376415898736,1.111464262008667,-0.42650848627090454,0.6527398824691772
723,P52704_V106F/L121Y,C1=CC=C(C=C1)C(C[N+](=O)[O-])O,0.2041199826559248,-0.18734771013259888,0.25377118587493896,-0.5673130750656128
724,P52704_L121Y/L146M,C1=CC=C(C=C1)C(C#N)O,0.8260748027008264,1.0996434688568115,-0.43667131662368774,0.6525713205337524
725,P52704_L121Y/F125T/L146M,C1=CC=C(C=C1)C(C#N)O,0.5563025007672873,1.1236391067504883,-0.4183913469314575,0.6666819453239441
726,P52704_wild,C1=CC=C(C=C1)C(C[N+](=O)[O-])O,0.7853298350107599,-0.1893962174654007,0.23179785907268524,-0.5749815702438354
727,P52704_wild,CC(C)(C#N)O,-0.3979400086720376,0.7027540802955627,0.7693321704864502,-0.012110352516174316
728,P52704_C81L,C1=CC=C(C=C1)C(C#N)O,0.9731278535996987,1.1472549438476562,-0.4431479573249817,0.6394426822662354
729,P52704_F210I/L148F,C1=CC=C(C=C1)C(C#N)O,0.9344984512435677,1.1279140710830688,-0.4591813385486603,0.6811567544937134
730,P52705_wild,CC(C)(C#N)O,1.8260748027008264,0.9235903024673462,0.7771963477134705,0.20695480704307556
731,P52705_W128A,C1=CC=C(C=C1)C(C#N)O,0.6532125137753437,1.3276705741882324,-0.48218753933906555,0.7774217128753662
732,P52705_W128A,CC(C)(C#N)O,2.1760912590556813,0.9045320153236389,0.7662264704704285,0.21907827258110046
733,P52705_D130A/D95A,CC(C)(C#N)O,2.0791812460476247,0.9099083542823792,0.7389079332351685,0.23537692427635193
734,P52705_H103M,C1=CC=C(C=C1)C(C#N)O,0.26951294421791633,1.3395440578460693,-0.4493163228034973,0.7452247142791748
735,P52705_K176P/K199P/K224P,C1=CC=C(C=C1)C=O,1.4313637641589874,1.3717570304870605,-0.30860936641693115,0.4419901371002197
736,P52705_H10A,CC(C)(C#N)O,2.113943352306837,0.8994001150131226,0.7587146759033203,0.20187970995903015
737,P52705_H103Y,C1=CC=C(C=C1)C=O,1.089905111439398,1.3738144636154175,-0.2905632257461548,0.402957022190094
738,P52705_H103L,C1=CC=C(C=C1)C=O,1.1271047983648077,1.3540093898773193,-0.28674861788749695,0.4020867943763733
739,P52705_H112A,CC(C)(C#N)O,1.9777236052888478,0.9485899209976196,0.7839353084564209,0.24054086208343506
740,P52705_K176P/K199P/K224P,C1=CC=C(C=C1)C(C#N)O,0.7435097647284298,1.3640830516815186,-0.46440577507019043,0.8561874628067017
741,P52705_H5A,CC(C)(C#N)O,2.0969100130080562,0.8827694058418274,0.7254794239997864,0.24476005136966705
742,P52705_H103M,C1=CC=C(C=C1)C=O,1.445604203273596,1.3362061977386475,-0.3164234757423401,0.39389967918395996
743,P52705_K176P,C1=CC=C(C=C1)C=O,1.334453751150931,1.3512048721313477,-0.3037664592266083,0.40739673376083374
744,P52705_wild,C1=CSC(=C1)C=O,1.5327543789924978,1.4400832653045654,-0.34655168652534485,0.2993817925453186
745,P52705_wild,C1=CC=C(C=C1)C2=CC=C(C=C2)C=O,1.404833716619938,0.5827831029891968,-1.5590070486068726,0.649501621723175
746,P52705_K176P,C1=CC=C(C=C1)C(C#N)O,0.8438554226231612,1.342889428138733,-0.4571872055530548,0.786278247833252
747,D1MX73_H103C/N156G,C1=CC=C(C=C1)C(C#N)O,-0.3098039199714864,1.4021334648132324,-0.35609176754951477,0.8417915105819702
748,D1MX73_H103C,C1=CC=C(C=C1)C(C#N)O,-0.5528419686577808,1.3965411186218262,-0.3427550196647644,0.8526835441589355
749,D1MX73_H103C/N156D,C1=CC=C(C=C1)C(C#N)O,-0.3279021420642826,1.382049322128296,-0.3388821482658386,0.8468655347824097
750,D1MX73_wild,C1OC2=C(O1)C=C(C=C2)C=O,1.1958996524092338,1.0185972452163696,-0.8475615382194519,0.8624247312545776
751,D1MX73_wild,COC1=CC=CC(=C1)C=O,0.9912260756924949,0.9753251671791077,-0.9750114679336548,0.47455379366874695
752,D1MX73_wild,CC1=CC(=C(C=C1)C=O)C,0.7160033436347992,0.5320408344268799,-0.9728960990905762,0.29087308049201965
753,D1MX73_wild,C1=CC=C(C=C1)C=O,0.7403626894942439,1.458122730255127,-0.26309633255004883,0.4773879051208496
754,D1MX73_wild,CC1=CC=CC=C1C=O,1.3364597338485296,1.0794074535369873,-0.48907214403152466,0.2493172585964203
755,D1MX73_wild,CC1=CC(=CC=C1)C=O,1.1583624920952498,1.009708046913147,-0.6323333382606506,0.24296393990516663
756,D1MX73_wild,C1=CSC(=C1)C=O,1.6766936096248666,1.5856080055236816,-0.20148590207099915,0.3694276213645935
757,Q4KPK2_wild,C(=CC(=O)[O-])C(=CC(=O)[O-])Cl,-0.38721614328026455,1.0874525308609009,-0.9476218819618225,1.522934913635254
758,Q4KPK2_wild,CC(=CC(=O)O)C=CC(=O)O,-1.585026652029182,1.2501044273376465,-0.7586714625358582,1.8053501844406128
759,Q4KPK2_wild,C(=CC(=O)[O-])C=CC(=O)[O-],0.23804610312879543,1.5487289428710938,-1.0953763723373413,1.968885064125061
760,P17119_wild,C1=NC(=C2C(=N1)N(C=N2)C3C(C(C(O3)COP(=O)(O)OP(=O)(O)OP(=O)(O)O)O)O)N,-1.5670307091255942,0.5060509443283081,-0.8354156613349915,1.2937384843826294
761,A0A0M3KL23_wild,C(CC(=O)O)C(=O)C(=O)O,-1.6382721639824072,0.6765198707580566,-0.9249699711799622,1.6187024116516113
762,A0A0M3KL23_wild,[C-]#[N+]C(CC1=CC=C(C=C1)O)C(=O)[O-],-1.031517051446065,0.9349802732467651,-0.5385977625846863,1.3042405843734741
763,D4I2N1_wild,C(CC(=O)O)C(=O)C(=O)O,-1.3187587626244128,0.38024869561195374,-1.0330052375793457,1.0817497968673706
764,D4I2N1_wild,[C-]#[N+]C(CC1=CC=C(C=C1)O)C(=O)[O-],-1.7958800173440752,0.5644632577896118,-0.5859488844871521,0.9176758527755737
765,Q03217_Y142F,C(CC#N)CC#N,0.1931245983544616,-2.716097354888916,1.1260935068130493,-1.7431377172470093
766,Q03217_Y142V,C1=CC=C(C=C1)C#N,-0.3098039199714864,-2.803539752960205,0.06707750260829926,-1.4854300022125244
767,Q03217_L79A,C(CC#N)CC#N,0.06069784035361165,-2.717160224914551,1.1316114664077759,-1.753759503364563
768,Q03217_L79A,C1=CC=NC(=C1)C#N,0.17609125905568124,-2.9533283710479736,0.26214948296546936,-1.4789142608642578
769,Q03217_Y142A,C1=CC=NC(=C1)C#N,-0.08618614761628333,-3.0065126419067383,0.2811448276042938,-1.549004077911377
770,Q03217_Y142V,CC1=CC(=CC=C1)C#N,-0.3279021420642826,-3.283803939819336,-0.0045041851699352264,-1.853358507156372
771,Q03217_Y142F,C(CCC#N)CC#N,-0.16115090926274472,-2.6231040954589844,1.0684376955032349,-1.7580175399780273
772,Q03217_K9A,C(CCC#N)CC#N,-0.07058107428570727,-2.667827606201172,1.075713872909546,-1.7459155321121216
773,Q03217_L79A,C1=CC=C(C=C1)C#N,-0.040958607678906384,-2.7210588455200195,0.0627022236585617,-1.387629508972168
774,Q03217_wild,C1=CC=C(C=C1)C#N,0.029383777685209663,-2.7128162384033203,0.06892235577106476,-1.3819258213043213
775,Q03217_Y142S,CC1=CC(=CC=C1)C#N,0.17318626841227405,-3.304605007171631,0.010707270354032516,-1.912026286125183
776,Q03217_Y142A,CC1=CC(=CC=C1)C#N,-0.21467016498923297,-3.271841287612915,-0.009102802723646164,-1.8365261554718018
777,Q03217_wild,CC1=CC(=CC=C1)C#N,0.26717172840301384,-3.196856737136841,-0.027201201766729355,-1.7635657787322998
778,Q03217_wild,C(CCC#N)CC#N,-0.03151705144606486,-2.619741678237915,1.07474946975708,-1.7634639739990234
779,Q03217_L79A,C(CCC#N)CC#N,-0.036212172654444715,-2.6261329650878906,1.0711910724639893,-1.76896333694458
780,Q03217_wild,C(CC#N)CC#N,0.09342168516223508,-2.712057113647461,1.1324537992477417,-1.752004623413086
781,Q03217_K9A,C1=CC=NC(=C1)C#N,0.09691001300805642,-2.9625191688537598,0.26026788353919983,-1.4385361671447754
782,Q03217_L79A,CC1=CC(=CC=C1)C#N,0.2528530309798932,-3.1948394775390625,-0.03555208817124367,-1.7680670022964478
783,Q03217_Y142F,C1=CC=NC(=C1)C#N,0.1931245983544616,-2.948796033859253,0.26072102785110474,-1.4717254638671875
784,Q03217_Y142F,C1=CC=C(C=C1)C#N,0.5378190950732741,-2.714827537536621,0.058554623275995255,-1.3742727041244507
785,Q03217_Y142A,C1=CC=C(C=C1)C#N,0.19865708695442263,-2.780823230743408,0.06307487189769745,-1.4625186920166016
786,Q03217_K9A,C1=CC=C(C=C1)C#N,0.00860017176191757,-2.750056028366089,0.047022853046655655,-1.3759584426879883
787,Q03217_Y142S,C1=CC=C(C=C1)C#N,0.2600713879850748,-2.830589771270752,0.08932079374790192,-1.5449639558792114
788,Q03217_K9A,CC1=CC(=CC=C1)C#N,0.2095150145426309,-3.2121734619140625,-0.04584812745451927,-1.7626761198043823
789,Q03217_Y142F,CC1=CC(=CC=C1)C#N,0.0755469613924942,-3.1980831623077393,-0.02980005368590355,-1.7635979652404785
790,Q03217_K9A,C(CC#N)CC#N,0.0755469613924942,-2.74692440032959,1.129706859588623,-1.7208049297332764
791,Q03217_wild,C1=CC=NC(=C1)C#N,0.18469143081759876,-2.946725845336914,0.2667778432369232,-1.4776612520217896
792,P32021_H335Q,C(CC(=O)O)C(=O)C(=O)O,-2.0969100130080562,-1.4647411108016968,-0.8246259689331055,0.5168551802635193
793,P32021_wild,C(CC(=O)O)C(=O)C(=O)O,-1.7212463990471711,-1.4652040004730225,-0.8313077688217163,0.5148108005523682
794,P32021_H116Q,C(CC(=O)O)C(=O)C(=O)O,-1.8239087409443187,-1.453033208847046,-0.8336874842643738,0.5146069526672363
795,P32021_H309Q,C(CC(=O)O)C(=O)C(=O)O,-2.0,-1.4740476608276367,-0.8115999698638916,0.49831423163414
796,P32021_H169Q,C(CC(=O)O)C(=O)C(=O)O,-1.958607314841775,-1.4550838470458984,-0.8209507465362549,0.5039316415786743
797,P32021_H168Q/H284Q,C(CC(=O)O)C(=O)C(=O)O,-2.154901959985743,-1.4591755867004395,-0.8201026320457458,0.5008814334869385
798,P32021_H268Q,C(CC(=O)O)C(=O)C(=O)O,-1.4814860601221125,-1.7709907293319702,-0.7907772064208984,0.2515281140804291
799,P32021_H305Q,C(CC(=O)O)C(=O)C(=O)O,-2.2218487496163566,-1.4776341915130615,-0.8368784189224243,0.5143424272537231
800,Q9H999_wild,C1=NC(=C2C(=N1)N(C=N2)C3C(C(C(O3)COP(=O)(O)OP(=O)(O)OP(=O)(O)O)O)O)N,-0.5072396109731625,0.7249583601951599,-0.8274281024932861,1.514209508895874
801,Q9H999_wild,CC(C)(CO)C(C(=O)NCCC(=O)O)O,-1.769551078621726,0.7566600441932678,-1.239073634147644,1.5151766538619995
802,A0A0H3LKK8_wild,C(=CC(=O)O)C(=O)N,-0.8927900303521317,1.455489158630371,0.23159858584403992,1.5502383708953857
803,P27169_wild,C1CCOC(=O)C1,-0.24412514432750865,1.3630561828613281,0.3592345118522644,0.9630039930343628
804,P27169_wild,C1CC(=O)OC1,1.3222192947339193,1.1375399827957153,-0.4357210397720337,0.8920812010765076
805,Q15166_wild,C1CC(=O)OC2=CC=CC=C21,-0.0757207139381183,1.2633354663848877,-0.6479672789573669,1.5349997282028198
806,Q15166_wild,CC(=O)OC1=CC=CC=C1,-0.08092190762392612,1.5322985649108887,-0.3696556091308594,1.3425651788711548
807,Q68FP2_wild,C1CC(=O)OC2=CC=CC=C21,-0.12609840213553863,1.127323865890503,-0.6329694390296936,1.417368769645691
808,P27169_wild,C1CC(=O)OC2=CC=CC=C21,-0.889410289700751,1.4094791412353516,-0.5565483570098877,1.4265435934066772
809,P27169_wild,C1C2=CC=CC=C2OC1=O,-1.6989700043360187,1.3306634426116943,-0.9094264507293701,1.391462802886963
810,P27169_H115W,C1CCOC(=O)C1,-0.3979400086720376,1.022251844406128,0.41871923208236694,0.6934084892272949
811,P27169_wild,C1C2=C(C=CC(=C2)O)OC1=O,-0.28399665636520094,0.9301484823226929,-0.9435650706291199,1.3908905982971191
812,P27169_wild,CCC1CCC(=O)O1,0.0,1.1219239234924316,0.4121084213256836,1.1657016277313232
813,P27169_wild,CC1(COC(=O)C1O)C,0.6334684555795865,1.062610387802124,-0.09880596399307251,1.004287838935852
814,P27169_H115Q,CCCCCC1CCC(=O)O1,0.18752072083646304,0.9352054595947266,-0.054155271500349045,1.1159014701843262
815,P27169_wild,CCCCCC1CCC(=O)O1,-0.4089353929735008,1.2255852222442627,-0.14762380719184875,1.3471540212631226
816,P27169_H134Q,CCCCCC1CCC(=O)O1,-0.050609993355087264,1.1945781707763672,-0.1252935826778412,1.3064699172973633
817,P27169_wild,C1CC(=O)SC1,0.5440680443502757,1.2917935848236084,-0.2812902331352234,1.3366572856903076
818,P27169_wild,CCCCC1CC(=O)O1,-0.23657200643706275,1.1727514266967773,0.0719711184501648,1.0938738584518433
819,P27169_H115Q,CCC1CCC(=O)O1,0.5797835966168101,0.8366063833236694,0.485198438167572,0.9123778343200684
820,P27169_H134Q,C1CCOC(=O)C1,-0.022276394711152257,1.3413901329040527,0.3892488479614258,0.9278507828712463
821,P27169_H115Q,C1CCOC(=O)C1,0.9294189257142927,1.1121774911880493,0.4461080729961395,0.7610331177711487
822,P27169_H134Q,CCC1CCC(=O)O1,0.4727564493172124,1.0943548679351807,0.43379464745521545,1.1199722290039062
823,P27169_wild,CCCCC1CCCC(=O)O1,-0.09044397075882467,1.5315688848495483,-0.21055278182029724,1.5132977962493896
824,D3TTH9_wild,CCCCCC=CCC=CCCCCCCCC(=O)O,-0.9430951486635274,2.5444655418395996,-1.7907248735427856,2.4503040313720703
825,D3TTH9_wild,CCCCCC=CCC=CCC=CCC=CCCCC(=O)O,-1.6925039620867872,2.1142756938934326,-1.7304240465164185,2.4689652919769287
826,Q2SYH7_wild,CC1C(C(C(C(O1)OP(=O)(O)OP(=O)(O)OCC2C(CC(O2)N3C=C(C(=O)NC3=O)C)O)O)O)O,-1.6073030467403342,0.08189987391233444,-0.6808355450630188,0.6398310661315918
827,Q700B8_wild,CC1=CC(=O)OC2=C1C=CC(=C2)OC3C(C(C(C(O3)CO)OC4C(C(C(C(O4)CO)OC5C(C(C(C(O5)CO)O)O)NC(=O)C)O)NC(=O)C)O)NC(=O)C,-1.0979971086492706,0.9221978783607483,-1.0475561618804932,1.7371196746826172
828,A0A146FAZ1_wild,CC(=O)NC1C(C(C(OC1OC2C(OC(C(C2O)NC(=O)C)OC3=CC=C(C=C3)[N+](=O)[O-])CO)CO)O)O,-0.05305672930217457,0.8838917016983032,-0.3814696967601776,1.6674902439117432
829,P07623_wild,CC(C)(COP(=O)(O)OP(=O)(O)OCC1C(C(C(O1)N2C=NC3=C(N=CN=C32)N)O)OP(=O)(O)O)C(C(=O)NCCC(=O)NCCSC(=O)CCC(=O)O)O,-0.7695510786217261,0.9192023873329163,-0.8905482888221741,1.5257432460784912
830,P07623_I229Y,CC(C)(COP(=O)(O)OP(=O)(O)OCC1C(C(C(O1)N2C=NC3=C(N=CN=C32)N)O)OP(=O)(O)O)C(C(=O)NCCC(=O)NCCSC(=O)CCC(=O)O)O,-0.44369749923283336,0.9422448873519897,-0.8823891282081604,1.551635980606079
831,P07623_I124L,CC(C)(COP(=O)(O)OP(=O)(O)OCC1C(C(C(O1)N2C=NC3=C(N=CN=C32)N)O)OP(=O)(O)O)C(C(=O)NCCC(=O)NCCSC(=O)CCC(=O)O)O,-0.42021640338318983,0.9278789758682251,-0.8884384632110596,1.531003475189209
832,P07623_I124L,C(CO)C(C(=O)O)N,-0.08092190762392612,1.0076169967651367,0.5248611569404602,0.5646886825561523
833,P07623_wild,C(CO)C(C(=O)O)N,0.09691001300805642,0.9973070621490479,0.5151713490486145,0.5561124086380005
834,P07623_I229Y,C(CO)C(C(=O)O)N,0.15228834438305647,1.0186383724212646,0.5190097689628601,0.5807065963745117
835,Q46VA0_wild,N,2.2227164711475833,1.7301690578460693,1.765918254852295,0.5846483111381531
836,Q46VA0_wild,C1C=CN(C=C1C(=O)N)C2C(C(C(O2)COP(=O)(O)OP(=O)(O)OCC3C(C(C(O3)N4C=NC5=C(N=CN=C54)N)O)O)O)O,-1.853871964321762,1.021968126296997,-1.0346860885620117,2.6314942836761475
837,Q46VA0_wild,C(C(C(=O)O)N)C(=O)O,0.6334684555795865,1.1280245780944824,0.4837302565574646,0.6132839322090149
838,Q46VA0_wild,C(C(=O)C(=O)O)C(=O)O,0.07918124604762482,1.1145093441009521,-0.19362872838974,1.1703946590423584
839,Q7WWK8_wild,CC(=O)C(=O)[O-],1.0413926851582251,0.21428388357162476,-0.36265188455581665,0.7451477646827698
840,Q5QKF8_wild,C(C(C=O)O)OP(=O)(O)O,-1.6345120151091004,0.7172737121582031,-0.47426265478134155,1.2006393671035767
841,P77488_wild,COC1=CC2=C(C=C1)C=CC(=C2N=O)O,-1.2006594505464183,0.34860798716545105,-1.5799468755722046,0.8633601665496826
842,P77488_wild,C1=CC2=C(C=CC(=C2N=O)O)C=C1S(=O)(=O)N,-1.744727494896694,0.35715779662132263,-1.677117943763733,0.8755676746368408
843,P77488_wild,CC(=O)C(=O)[O-],-1.3124710387853658,0.9265836477279663,-0.28071147203445435,0.9269767999649048
844,P77488_wild,C1=CC=C2C(=C1)C=CC(=C2N=O)O,-1.3872161432802645,0.41226479411125183,-1.888354778289795,0.9184008836746216
845,P77488_wild,CN(C)C1=CC=C(C=C1)N=O,-1.2676062401770316,0.8112548589706421,-1.0225976705551147,1.049079179763794
846,P77488_wild,C(C(C=O)O)OP(=O)(O)O,-1.6289321377282637,0.9983882904052734,-0.4957357347011566,1.43569016456604
847,P77488_wild,C(C(C=O)O)O,1.5797835966168101,1.2229795455932617,0.6464058756828308,1.117234230041504
848,P77488_wild,CC1=CC=CC=C1N=O,-1.00436480540245,0.12279965728521347,-0.7804710268974304,0.5515810251235962
849,P77488_wild,C1=C(C=C(C(=C1[N+](=O)[O-])C=O)O)[N+](=O)[O-],-0.2907300390241692,0.5407936573028564,-1.2631536722183228,0.7784686088562012
850,H5ZXI1_wild,C(C(C=O)O)OP(=O)(O)O,0.0,0.9191182851791382,-0.3186264634132385,0.8999282717704773
851,H5ZXI1_wild,CC(=O)C(=O)[O-],-0.12493873660829995,0.7106951475143433,-0.04745471104979515,0.5754322409629822
852,H5ZXI0_wild,CC(=O)C(=O)[O-],0.25527250510330607,0.4144221842288971,-0.2679089307785034,0.6532360315322876
853,H5ZXI0_wild,C(C(C=O)O)OP(=O)(O)O,-0.3279021420642826,0.6304448843002319,-0.5034601092338562,1.002657413482666
854,Q9RUB5_H434K,CC(=O)C(=O)[O-],-1.3010299956639813,0.3112891614437103,0.16726425290107727,0.41888105869293213
855,Q9RUB5_wild,C(C(C=O)O)OP(=O)(O)O,-0.17392519729917355,0.47662636637687683,-0.27227187156677246,0.7578811049461365
856,Q9RUB5_R423K,CC(=O)C(=O)[O-],-1.2218487496163564,0.4086795747280121,0.14473724365234375,0.5178889036178589
857,Q9RUB5_Y395A,CC(=O)C(=O)[O-],-0.7958800173440752,0.30486276745796204,0.22741404175758362,0.3856257498264313
858,Q9RUB5_N181A,CC(=O)C(=O)[O-],-0.7695510786217261,0.3462517559528351,0.17462176084518433,0.4537274241447449
859,Q9RUB5_R423K,C(C(C=O)O)OP(=O)(O)O,-0.22184874961635637,0.4641224443912506,-0.268078088760376,0.7429959774017334
860,Q9RUB5_wild,CC(=O)C(=O)[O-],-0.5528419686577808,0.4295898675918579,0.1345793604850769,0.531345009803772
861,Q9RUB5_Y395F,CC(=O)C(=O)[O-],-0.721246399047171,0.42182987928390503,0.14030617475509644,0.5164037942886353
862,Q9RUB5_Y395A,C(C(C=O)O)OP(=O)(O)O,-0.22914798835785574,0.31515201926231384,-0.2166070193052292,0.6066885590553284
863,Q9RUB5_R423A,C(C(C=O)O)OP(=O)(O)O,1.0791812460476249,0.4396228492259979,-0.2557251453399658,0.7152212262153625
864,Q9RUB5_Y395F,C(C(C=O)O)OP(=O)(O)O,0.8864907251724818,0.456004798412323,-0.26369553804397583,0.736095666885376
865,Q9RUB5_D430A,C(C(C=O)O)OP(=O)(O)O,-0.9208187539523751,0.3748292624950409,-0.2699815630912781,0.6611934900283813
866,Q5NT93_wild,C(CCN)CC(C(=O)O)N,1.6989700043360187,0.28861162066459656,0.4966267943382263,0.2437238246202469
867,Q5NT93_wild,C(CC(C(=O)O)N)CN=C(N)N,0.7481880270062004,0.6892877221107483,0.19379280507564545,0.5822206735610962
868,P34808_wild,C1=NC(=C2C(=N1)N(C=N2)C3C(C(C(O3)COP(=O)(O)OP(=O)(O)OP(=O)(O)O)O)O)N,0.16136800223497488,-0.7892986536026001,-0.8344914317131042,0.8356478810310364
869,P34808_K239A,C1=NC(=C2C(=N1)N(C=N2)C3C(C(C(O3)COP(=O)(O)OP(=O)(O)OP(=O)(O)O)O)O)N,0.46834733041215726,-1.1954373121261597,-0.7390554547309875,0.5109356045722961
870,Q39VG7_wild,CC(C)(COP(=O)(O)OP(=O)(O)OCC1C(C(C(O1)N2C=NC3=C(N=CN=C32)N)O)OP(=O)(O)O)C(C(=O)NCCC(=O)NCCSC(=O)C(CC4=CC=CC=C4)CC(=O)O)O,-1.0087739243075051,0.4508611559867859,-1.6973602771759033,2.0664148330688477
871,Q9KJE8_wild,CC(C)(COP(=O)(O)OP(=O)(O)OCC1C(C(C(O1)N2C=NC3=C(N=CN=C32)N)O)OP(=O)(O)O)C(C(=O)NCCC(=O)NCCSC(=O)C(CC4=CC=CC=C4)CC(=O)O)O,-0.853871964321762,0.07821676880121231,-1.7125688791275024,1.8213121891021729
872,Q3S3F6_wild,C1C=CN(C=C1C(=O)N)C2C(C(C(O2)COP(=O)(O)OP(=O)(O)OCC3C(C(C(O3)N4C=NC5=C(N=CN=C54)N)OP(=O)(O)O)O)O)O,-1.5528419686577808,0.8742831945419312,-1.5387219190597534,2.344515800476074
873,Q3S3F6_wild,C1=CC(=C[N+](=C1)C2C(C(C(O2)COP(=O)(O)OP(=O)(O)OCC3C(C(C(O3)N4C=NC5=C(N=CN=C54)N)OP(=O)(O)O)O)O)O)C(=O)N,-1.4685210829577449,0.668129563331604,-1.1880983114242554,1.8177385330200195
874,Q3S3F6_wild,C(CO)C(C(=O)O)N,1.2405492482825997,0.6313837766647339,0.1934976577758789,0.350797176361084
875,Q3S3F6_wild,C1=CC(=C[N+](=C1)C2C(C(C(O2)COP(=O)([O-])OP(=O)(O)OCC3C(C(C(O3)N4C=NC5=C(N=CN=C54)N)O)O)O)O)C(=O)N,0.43136376415898736,0.7348382472991943,-0.8969862461090088,1.6351475715637207
876,Q3S3F6_wild,C(C=O)C(C(=O)[O-])[NH3+],-0.24488773360492888,1.1538136005401611,-0.6303622126579285,1.1538621187210083
877,Q3S3F6_wild,C1C=CN(C=C1C(=O)N)C2C(C(C(O2)COP(=O)(O)OP(=O)(O)OCC3C(C(C(O3)N4C=NC5=C(N=CN=C54)N)O)O)O)O,-0.8013429130455774,1.014344334602356,-1.3086239099502563,2.2075212001800537
878,A3R4P1_wild,C1C=CN(C=C1C(=O)N)C2C(C(C(O2)COP(=O)(O)OP(=O)(O)OCC3C(C(C(O3)N4C=NC5=C(N=CN=C54)N)O)O)O)O,-1.0539409396148764,0.08088884502649307,-0.9350419044494629,1.4600613117218018
879,A0A1C9HA64_wild,C1C=CN(C=C1C(=O)N)C2C(C(C(O2)COP(=O)(O)OP(=O)(O)OCC3C(C(C(O3)N4C=NC5=C(N=CN=C54)N)O)O)O)O,-1.3665315444204134,1.4695746898651123,-1.396051287651062,2.1332945823669434
880,A0A1C9HA64_wild,CC=CC(=O)SCCNC(=O)CCNC(=O)C(C(C)(C)COP(=O)(O)OP(=O)(O)OCC1C(C(C(O1)N2C=NC3=C(N=CN=C32)N)O)OP(=O)(O)O)O,0.10037054511756291,1.2138848304748535,-1.4849238395690918,2.129054069519043
881,M4QSY7_wild,CC(=CCOP(=O)(O)OP(=O)(O)O)C,-0.6819366650372385,-0.7540023922920227,-0.9157608151435852,0.2697907090187073
882,P00560_wild,C1=NC(=C2C(=N1)N(C=N2)C3C(C(C(O3)COP(=O)(O)OP(=O)(O)OP(=O)(O)O)O)O)N,-2.0969100130080562,1.1455682516098022,-0.512054443359375,2.3451356887817383
883,P00560_wild,C(C(C(=O)O)O)OP(=O)(O)O,-2.3010299956639813,2.0607752799987793,-0.2537711262702942,2.4125430583953857
884,A8JC04_wild,C1=NC(=C2C(=N1)N(C=N2)C3C(C(C(O3)COP(=O)(O)OP(=O)(O)OP(=O)(O)O)O)O)N,-0.3979400086720376,0.8929305076599121,-0.8123771548271179,2.030001163482666
885,A8JC04_wild,C(C(C(=O)O)O)OP(=O)(O)O,-0.431798275933005,1.7268134355545044,-0.587587296962738,2.085256576538086
886,Q27683_wild,C(C(C(=O)O)O)OP(=O)(O)O,-0.17979854051435976,2.0768651962280273,-0.4006717801094055,2.4513421058654785
887,C4M192_wild,C(C(C(=O)O)O)OP(=O)(O)O,-0.2967086218813386,1.8226854801177979,-0.41301363706588745,2.177008628845215
888,A0A061J5A1_wild,C1=NC(=C2C(=N1)N(C=N2)C3C(C(C(O3)COP(=O)(O)OP(=O)(O)OP(=O)(O)O)O)O)N,-0.3010299956639812,1.334059238433838,-0.6743357181549072,2.5461678504943848
889,A0A061J5A1_wild,C(C(C(=O)O)O)OP(=O)(O)O,-0.14874165128092473,2.131946086883545,-0.49940797686576843,2.5930638313293457
890,P07378_wild,C(C(C(=O)O)O)OP(=O)(O)O,0.2095150145426309,2.543484687805176,-0.7298665642738342,2.6733932495117188
891,Q4D193_wild,C1=NC(=C2C(=N1)N(C=N2)C3C(C(C(O3)COP(=O)(O)OP(=O)(O)OP(=O)(O)O)O)O)N,-1.0,1.5710784196853638,-0.6296548247337341,2.573427200317383
892,Q4D193_wild,C(C(C(=O)O)O)OP(=O)(O)O,-0.2076083105017461,2.353339195251465,-0.42157644033432007,2.6320443153381348
893,A0A0H5S3P5_wild,C(C(C(=O)O)O)OP(=O)(O)O,0.24797326636180664,1.1180739402770996,-0.3743104338645935,1.6878424882888794
894,A0A0H5S3P5_wild,C1=NC(=C2C(=N1)N(C=N2)C3C(C(C(O3)COP(=O)(O)OP(=O)(O)OP(=O)(O)O)O)O)N,-0.017276612331499863,0.2585172951221466,-0.4839085638523102,1.5732347965240479
895,C4M192_wild,C1=NC(=C2C(=N1)N(C=N2)C3C(C(C(O3)COP(=O)(O)OP(=O)(O)OP(=O)(O)O)O)O)N,0.2648178230095365,0.9497275352478027,-0.6146153211593628,2.150993585586548
896,P07378_wild,C1=NC(=C2C(=N1)N(C=N2)C3C(C(C(O3)COP(=O)(O)OP(=O)(O)OP(=O)(O)O)O)O)N,-0.5376020021010439,1.8465099334716797,-0.9037377834320068,2.6667520999908447
897,Q9RBS3_wild,C1=NC(=C2C(=N1)N(C=N2)C3C(C(C(O3)COP(=O)(O)OP(=O)(O)OP(=O)(O)O)O)O)N,-0.6777807052660807,0.9437692761421204,-0.5957763195037842,1.8870729207992554
898,Q01655_wild,C(C(C(=O)O)O)OP(=O)(O)O,-0.5850266520291821,1.5528044700622559,0.09515191614627838,1.6403859853744507
899,Q01655_wild,C1=NC(=C2C(=N1)N(C=N2)C3C(C(C(O3)COP(=O)(O)OP(=O)(O)OP(=O)(O)O)O)O)N,-0.958607314841775,1.0166559219360352,-0.2535896599292755,1.845311164855957
900,Q27683_wild,C1=NC(=C2C(=N1)N(C=N2)C3C(C(C(O3)COP(=O)(O)OP(=O)(O)OP(=O)(O)O)O)O)N,-0.9281179926938746,1.3588318824768066,-0.6404120922088623,2.4667394161224365
901,P09403_wild,C(C(C(=O)O)O)OP(=O)(O)O,0.2528530309798932,1.5540261268615723,-0.6374521255493164,2.600895881652832
902,P09403_wild,C1=NC(=C2C(=N1)N(C=N2)C3C(C(C(O3)COP(=O)(O)OP(=O)(O)OP(=O)(O)O)O)O)N,-0.5528419686577808,0.8247784972190857,-0.5843912363052368,2.3903212547302246
903,P00560_wild,C1=NC(=C2C(=N1)N(C=N2)C3C(C(C(O3)COP(=O)(O)OP(=O)(O)O)O)O)N,-2.154901959985743,1.7180743217468262,-0.9380530714988708,2.679208517074585
904,Q9RBS3_wild,C(C(C(=O)O)O)OP(=O)(O)O,-0.3187587626244128,1.4979887008666992,-0.17595772445201874,1.789417028427124
905,P32396_E272S,CC1=CC2=CC3=C(C=C(N3)C=C4C(=C(C(=N4)C=C5C(=C(C(=N5)C=C1N2)C)CCC(=O)O)CCC(=O)O)C)C,-1.2676062401770316,-1.2733559608459473,-2.3001856803894043,1.3259553909301758
906,P32396_wild,[Cu+2],-1.2006594505464183,-0.45699211955070496,-1.6924306154251099,2.1210808753967285
907,P32396_wild,[Zn+2],-1.2596373105057561,-0.15320199728012085,-2.49895977973938,2.6515703201293945
908,P32396_wild,[Fe+2],-1.853871964321762,-1.1729828119277954,-1.71432626247406,1.8880603313446045
909,P32396_D76G/K102T,CC1=C(C2=CC3=NC(=CC4=NC(=CC5=C(C(=C(N5)C=C1N2)C=C)C)C(=C4CCC(=O)O)C)C(=C3C)CCC(=O)O)C=C,-3.3565473235138126,-1.6687151193618774,-2.48317813873291,1.292905569076538
910,P32396_E61K,CC1=C(C2=CC3=NC(=CC4=NC(=CC5=C(C(=C(N5)C=C1N2)C=C)C)C(=C4CCC(=O)O)C)C(=C3C)CCC(=O)O)C=C,-3.1079053973095196,-1.689898133277893,-2.478342294692993,1.2889771461486816
911,P32396_E61K,[Fe+2],-1.769551078621726,-1.189367651939392,-1.7075616121292114,1.855156660079956
912,P32396_wild,CC1=C(C2=CC3=NC(=CC4=NC(=CC5=C(C(=C(N5)C=C1N2)C=C)C)C(=C4CCC(=O)O)C)C(=C3C)CCC(=O)O)C=C,-2.886056647693163,-1.663596272468567,-2.4728281497955322,1.3279014825820923
913,P32396_wild,[Co+2],-2.283996656365201,-0.43521109223365784,-2.023949384689331,2.3403730392456055
914,P32396_T302A,[Fe+2],-1.7212463990471711,-1.1619893312454224,-1.693643569946289,1.8842854499816895
915,P32396_T302A,CC1=C(C2=CC3=NC(=CC4=NC(=CC5=C(C(=C(N5)C=C1N2)C=C)C)C(=C4CCC(=O)O)C)C(=C3C)CCC(=O)O)C=C,-3.1023729087095586,-1.6641051769256592,-2.4636142253875732,1.3200950622558594
916,P54225_wild,CC1=C(C2=CC3=NC(=CC4=NC(=CC5=C(C(=C(N5)C=C1N2)C=C)C)C(=C4CCC(=O)O)C)C(=C3C)CCC(=O)O)C=C,-3.657577319177794,-1.5408670902252197,-2.469223737716675,1.3316594362258911
917,P54225_wild,[Zn+2],-3.3115801779972895,-0.1419251710176468,-2.4402167797088623,2.2975974082946777
918,P32396_D76G/K102T,[Fe+2],-1.677780705266081,-1.1908529996871948,-1.742443561553955,1.8350539207458496
919,D1CCW1_wild,CC(C1=CC=CC=C1)N,1.0128372247051722,-0.17238958179950714,-0.21167366206645966,-0.043117672204971313
920,D0LR31_wild,CCCC(C(=O)O)N,-0.494850021680094,0.15401627123355865,-0.11548539996147156,0.4219799339771271
921,D0LR31_wild,CC(C)CC(C(=O)O)N,-0.18708664335714442,0.25842392444610596,-0.23011690378189087,0.6209499835968018
922,D0LR31_wild,CCC(C)C(C(=O)O)N,-0.23657200643706275,0.1811477392911911,-0.27760446071624756,0.5475400686264038
923,D0LR31_wild,CC(C)C(C(=O)O)N,0.8129133566428556,0.2792552709579468,0.07720652222633362,0.3768080472946167
924,Q5JGC7_R221G,C1=CC(=C[N+](=C1)C2C(C(C(O2)COP(=O)(O)OP(=O)(O)OCC3C(C(C(O3)N4C=NC5=C(N=CN=C54)N)OP(=O)(O)O)O)O)O)C(=O)N,-1.6020599913279623,1.229731559753418,-0.8869042992591858,2.1125314235687256
925,Q9F3K4_wild,C(C(C(=O)O)O)C(=O)O,0.8061799739838872,1.0046675205230713,-0.2930639386177063,1.3571749925613403
926,Q9F3K4_wild,C1=CC(=C[N+](=C1)C2C(C(C(O2)COP(=O)(O)OP(=O)(O)OCC3C(C(C(O3)N4C=NC5=C(N=CN=C54)N)OP(=O)(O)O)O)O)O)C(=O)N,-0.9706162223147904,1.037671446800232,-0.6440667510032654,1.8022682666778564
927,Q9F3K4_wild,CC(=O)C(=O)[O-],1.2576785748691846,1.5221691131591797,0.12944969534873962,1.0748425722122192
928,Q5JGC7_I310V,C1=CC(=C[N+](=C1)C2C(C(C(O2)COP(=O)(O)OP(=O)(O)OCC3C(C(C(O3)N4C=NC5=C(N=CN=C54)N)OP(=O)(O)O)O)O)O)C(=O)N,-1.677780705266081,1.2718143463134766,-0.8875582814216614,2.156536817550659
929,Q5JGC7_R221G/K228R/I310V,C1=CC(=C[N+](=C1)C2C(C(C(O2)COP(=O)([O-])OP(=O)(O)OCC3C(C(C(O3)N4C=NC5=C(N=CN=C54)N)O)O)O)O)C(=O)N,0.18752072083646304,1.0631303787231445,-0.7083882093429565,1.8327598571777344
930,Q5JGC7_K228R,C1=CC(=C[N+](=C1)C2C(C(C(O2)COP(=O)(O)OP(=O)(O)OCC3C(C(C(O3)N4C=NC5=C(N=CN=C54)N)OP(=O)(O)O)O)O)O)C(=O)N,-1.7212463990471711,1.2145445346832275,-0.8859305381774902,2.128270149230957
931,Q5JGC7_wild,C1=CC(=C[N+](=C1)C2C(C(C(O2)COP(=O)([O-])OP(=O)(O)OCC3C(C(C(O3)N4C=NC5=C(N=CN=C54)N)O)O)O)O)C(=O)N,0.31386722036915343,1.117581844329834,-0.6903610825538635,1.8527467250823975
932,Q5JGC7_R221G/K228R,C1=CC(=C[N+](=C1)C2C(C(C(O2)COP(=O)([O-])OP(=O)(O)OCC3C(C(C(O3)N4C=NC5=C(N=CN=C54)N)O)O)O)O)C(=O)N,-0.017728766960431554,1.0530970096588135,-0.7142618298530579,1.8202086687088013
933,Q5JGC7_K228R,C1=CC(=C[N+](=C1)C2C(C(C(O2)COP(=O)([O-])OP(=O)(O)OCC3C(C(C(O3)N4C=NC5=C(N=CN=C54)N)O)O)O)O)C(=O)N,0.10720996964786839,1.0721638202667236,-0.6940805315971375,1.8396053314208984
934,Q5JGC7_R221G/I310V,C1=CC(=C[N+](=C1)C2C(C(C(O2)COP(=O)(O)OP(=O)(O)OCC3C(C(C(O3)N4C=NC5=C(N=CN=C54)N)OP(=O)(O)O)O)O)O)C(=O)N,-0.4156687756324692,1.242584466934204,-0.8830497860908508,2.1269633769989014
935,Q5JGC7_R221G/K228R,C1=CC(=C[N+](=C1)C2C(C(C(O2)COP(=O)(O)OP(=O)(O)OCC3C(C(C(O3)N4C=NC5=C(N=CN=C54)N)OP(=O)(O)O)O)O)O)C(=O)N,-0.6126101736612706,1.1927478313446045,-0.888242781162262,2.1060068607330322
936,Q5JGC7_R221G,C1=CC(=C[N+](=C1)C2C(C(C(O2)COP(=O)([O-])OP(=O)(O)OCC3C(C(C(O3)N4C=NC5=C(N=CN=C54)N)O)O)O)O)C(=O)N,0.359835482339888,1.091147541999817,-0.7077361941337585,1.8265336751937866
937,Q5JGC7_I310V,C1=CC(=C[N+](=C1)C2C(C(C(O2)COP(=O)([O-])OP(=O)(O)OCC3C(C(C(O3)N4C=NC5=C(N=CN=C54)N)O)O)O)O)C(=O)N,0.8162412999917831,1.1279857158660889,-0.6840985417366028,1.86603581905365
938,Q5JGC7_wild,C1=CC(=C[N+](=C1)C2C(C(C(O2)COP(=O)(O)OP(=O)(O)OCC3C(C(C(O3)N4C=NC5=C(N=CN=C54)N)OP(=O)(O)O)O)O)O)C(=O)N,-2.0969100130080562,1.2586970329284668,-0.8914332985877991,2.1417858600616455
939,Q717I9_wild,C(C(C(=O)O)O)C(=O)O,-0.17392519729917355,1.3743064403533936,-0.533359944820404,1.5849800109863281
940,Q717I9_wild,C1=CC(=C[N+](=C1)C2C(C(C(O2)COP(=O)(O)OP(=O)(O)OCC3C(C(C(O3)N4C=NC5=C(N=CN=C54)N)OP(=O)(O)O)O)O)O)C(=O)N,-2.552841968657781,1.4404842853546143,-0.9398286938667297,2.3420865535736084
941,Q46EH3_wild,CO,1.6020599913279625,-0.6097384691238403,0.7301916480064392,-0.026612281799316406
942,Q9NVH6_wild,C[N+](C)(C)CCCCC(C(=O)[O-])N,-0.15739076038943792,0.3574889004230499,-0.9206668734550476,1.0973447561264038
943,Q91ZW6_wild,C[N+](C)(C)CCCCC(C(=O)[O-])N,0.04139268515822508,0.4177737534046173,-0.8836095929145813,1.1375547647476196
944,Q91ZW6_wild,C(CC(=O)O)C(=O)C(=O)O,-0.9625735020593763,0.44639626145362854,-1.3031456470489502,1.4663259983062744
945,P13995_wild,C1=CC(=C[N+](=C1)C2C(C(C(O2)COP(=O)([O-])OP(=O)(O)OCC3C(C(C(O3)N4C=NC5=C(N=CN=C54)N)O)O)O)O)C(=O)N,-1.2006594505464183,0.9439247846603394,-0.7825797200202942,2.0724997520446777
946,P13995_wild,C1=CC(=C[N+](=C1)C2C(C(C(O2)COP(=O)(O)OP(=O)(O)OCC3C(C(C(O3)N4C=NC5=C(N=CN=C54)N)OP(=O)(O)O)O)O)O)C(=O)N,-0.45345733652186904,0.8068491816520691,-0.9957820177078247,2.292257785797119
947,Q8RL87_wild,CC(=O)C(=O)[O-],1.0791812460476249,0.6742385029792786,0.26376235485076904,0.023384183645248413
948,Q07175_wild,C(=O)=O,-0.5228787452803376,1.297692894935608,-0.21306660771369934,1.1580126285552979
949,A9FDB7_wild,CC12CCC3C(C1CCC2O)CCC4=CC(=O)CCC34C,-1.3979400086720375,-0.23008790612220764,-2.10648250579834,1.3534960746765137
950,A9FDB7_wild,CC12CCC(=O)C=C1CCC3C2CCC4(C3CCC4=O)C,-1.5086383061657274,-0.4170819818973541,-2.0950136184692383,1.400770902633667
951,P31570_wild,C1=NC(=C2C(=N1)N(C=N2)C3C(C(C(O3)COP(=O)(O)OP(=O)(O)OP(=O)(O)O)O)O)N,-1.595166283380062,-1.254302978515625,-0.8008003830909729,0.8125072121620178
952,P31570_wild,CC1=C2C(C(C([N-]2)C3(C(C(C(=N3)C(=C4C(C(C(=N4)C=C5C(C(C1=N5)CCC(=O)N)(C)C)CCC(=O)N)(C)CC(=O)N)C)CCC(=O)N)(C)CC(=O)N)C)CC(=O)N)(C)CCC(=O)NCC(C)O.[Co],-1.7878123955960423,-1.6078026294708252,-1.4936281442642212,1.098940134048462
953,A0A1B1WA14_wild,C1C(C(C(CC1(C(=O)O)O)OC(=O)C=CC2=CC(=C(C=C2)O)O)O)O,0.17897694729316943,0.4017176330089569,-0.7849586009979248,1.0503753423690796
954,A8CBH8_wild,C1=C(C(=C(N1)CN)CC(=O)O)CCC(=O)O,0.11394335230683679,0.28829047083854675,-1.6103554964065552,1.6102221012115479
955,A3MTM6_S40A/T42A,C1C=CN(C=C1C(=O)N)C2C(C(C(O2)COP(=O)(O)OP(=O)(O)OCC3C(C(C(O3)N4C=NC5=C(N=CN=C54)N)O)O)O)O,-1.0,0.4837982952594757,-1.174275517463684,1.6172219514846802
956,A3MTM6_wild,C(C(=O)COP(=O)(O)O)O,0.04139268515822508,0.29102158546447754,-0.40979135036468506,0.43934082984924316
957,A3MTM6_S40A/T42A,C1C=CN(C=C1C(=O)N)C2C(C(C(O2)COP(=O)(O)OP(=O)(O)OCC3C(C(C(O3)N4C=NC5=C(N=CN=C54)N)OP(=O)(O)O)O)O)O,-2.2218487496163566,0.4000408947467804,-1.261708378791809,1.8777698278427124
958,A3MTM6_wild,C1C=CN(C=C1C(=O)N)C2C(C(C(O2)COP(=O)(O)OP(=O)(O)OCC3C(C(C(O3)N4C=NC5=C(N=CN=C54)N)OP(=O)(O)O)O)O)O,-1.5086383061657274,0.3815940320491791,-1.2589808702468872,1.856881022453308
959,A3MTM6_S40A/T42A,C(C(=O)COP(=O)(O)O)O,-0.12493873660829995,0.30196934938430786,-0.40989720821380615,0.4434080123901367
960,A3MTM6_wild,C1C=CN(C=C1C(=O)N)C2C(C(C(O2)COP(=O)(O)OP(=O)(O)OCC3C(C(C(O3)N4C=NC5=C(N=CN=C54)N)O)O)O)O,-1.1135092748275182,0.4638601243495941,-1.168851375579834,1.594588279724121
961,Q58122_wild,C1C=CN(C=C1C(=O)N)C2C(C(C(O2)COP(=O)(O)OP(=O)(O)OCC3C(C(C(O3)N4C=NC5=C(N=CN=C54)N)O)O)O)O,-0.8507808873449282,0.17399634420871735,-1.1186540126800537,1.6387295722961426
962,Q58122_wild,C(C(=O)COP(=O)(O)O)O,0.3117538610557331,-0.16571040451526642,-0.4761221408843994,0.5142956972122192
963,Q58122_wild,C1C=CN(C=C1C(=O)N)C2C(C(C(O2)COP(=O)(O)OP(=O)(O)OCC3C(C(C(O3)N4C=NC5=C(N=CN=C54)N)OP(=O)(O)O)O)O)O,-1.3645162531850878,0.15859834849834442,-1.20612370967865,1.8720972537994385
964,P0C0R7_wild,C[S+](CCC(C(=O)[O-])N)CC1C(C(C(O1)N2C=NC3=C(N=CN=C32)N)O)O,-2.431798275933005,-2.168774127960205,-1.7886279821395874,0.3313499093055725
965,A0A1L9P8I4_wild,CC(=O)NC1C(C(C(OC1OC2=CC=C(C=C2)[N+](=O)[O-])CO)O)O,-0.6575773191777937,1.0898663997650146,0.020818490535020828,1.0246517658233643
966,P0A786_wild,C(=O)(N)OP(=O)(O)O,-1.853871964321762,1.2642052173614502,-1.1428651809692383,2.340731382369995
967,Q58976_wild,C(C(C(=O)O)N)C(=O)O,1.606381365110605,1.4067025184631348,-0.2894818186759949,1.627318263053894
968,Q58976_wild,C(=O)(N)OP(=O)(O)O,1.9444826721501687,1.9317042827606201,-0.839864194393158,2.48323392868042
969,P77918_wild,C(=O)(N)OP(=O)(O)O,-1.4202164033831899,1.820063591003418,-1.0858148336410522,2.569596290588379
970,P77918_wild,C(C(C(=O)O)N)C(=O)O,1.294466226161593,1.3659942150115967,-0.36474695801734924,1.6282464265823364
971,P84193_wild,C1C(=O)C(C(C(O1)CO)O)O,0.7323937598229685,1.9373189210891724,0.6715193390846252,1.0206854343414307
972,P84193_wild,C(C(C(C(C(=O)C=O)O)O)O)O,0.6901960800285136,1.56637704372406,0.7005763649940491,0.7764012217521667
973,O97157_wild,CCCCCCCCCCCCCCCCO,-1.3767507096020997,-1.5804680585861206,-1.2208662033081055,0.5014083981513977
974,A7BFV6_wild,CCCCCCCCCCCCCCCC(=O)SCCNC(=O)CCNC(=O)C(C(C)(C)COP(=O)(O)OP(=O)(O)OCC1C(C(C(O1)N2C=NC3=C(N=CN=C32)N)O)OP(=O)(O)O)O,-1.0,-0.33173781633377075,-0.835408627986908,1.274646282196045
975,A7BFV6_wild,C(C(C(=O)O)N)O,0.6812412373755872,-0.059394024312496185,0.6844705939292908,-0.12193530797958374
976,A7BFV7_wild,CCCCCCCCCCCCCCCC(=O)SCCNC(=O)CCNC(=O)C(C(C)(C)COP(=O)(O)OP(=O)(O)OCC1C(C(C(O1)N2C=NC3=C(N=CN=C32)N)O)OP(=O)(O)O)O,-0.4089353929735008,-0.3730347454547882,-0.9158249497413635,1.278831958770752
977,A7BFV7_wild,C(C(C(=O)O)N)O,0.6989700043360189,-0.05740571767091751,0.630725085735321,-0.10734498500823975
978,A7BFV8_wild,C(C(C(=O)O)N)O,0.568201724066995,-0.524224579334259,0.8409326672554016,-0.3443011939525604
979,Q3T6E2_wild,C1C(C(C(C(C1=O)O)O)O)CO,-1.585026652029182,0.6558301448822021,-0.448985755443573,1.0420924425125122
980,Q3T6E2_wild,C1=C(C(C(C(C1=O)O)O)O)CO,-1.7212463990471711,0.4840588867664337,-0.7897217869758606,1.1065295934677124
981,Q96T66_wild,C1=CC(=C[N+](=C1)C2C(C(C(O2)COP(=O)(O)O)O)O)C(=O)[O-],-1.8239087409443187,0.9848341941833496,-0.8765220046043396,1.439286231994629
982,Q96T66_wild,C1=CC(=C[N+](=C1)C2C(C(C(O2)COP(=O)(O)[O-])O)O)C(=O)N,-1.677780705266081,0.686708927154541,-0.8885290026664734,1.3483006954193115
983,Q96T66_wild,C1=CC(=C[N+](=C1)C2C(C(C(O2)COP(=O)([O-])OP(=O)(O)OCC3C(C(C(O3)N4C=NC5=C(N=CN=C54)N)O)O)O)O)C(=O)N,-1.154901959985743,0.6730495691299438,-1.1657819747924805,1.8198373317718506
984,Q96T66_wild,C1C=CN(C=C1C(=O)N)C2C(C(C(O2)COP(=O)(O)O)O)O,-1.5171264163912463,0.9575918316841125,-1.2744444608688354,1.9547033309936523
985,Q96T66_wild,[O-]P(=O)([O-])OP(=O)([O-])[O-],-0.4089353929735008,1.0582973957061768,-1.1942110061645508,1.8425171375274658
986,Q93NG1_wild,C(CC(=O)N)C(=O)C(=O)O,0.7993405494535817,1.5558620691299438,-0.19711549580097198,1.1783353090286255
987,Q43077_wild,C(C#CCN)N,0.0,-0.1389016956090927,0.36510980129241943,0.19158971309661865
988,I6NC69_wild,C(CCN)CCN,-0.5228787452803376,0.6496201157569885,0.10631954669952393,0.3989045321941376
989,I6NC69_wild,C1=CC=C(C=C1)CN,-0.3010299956639812,1.2765213251113892,-0.8622393012046814,1.2134966850280762
990,I6NC69_wild,C1=CC=NC(=C1)CCN,0.23044892137827394,0.4512028396129608,-0.6518310308456421,0.8503196239471436
991,I6NC69_wild,C(CCNCCCN)CN,-0.09691001300805639,0.8950281739234924,-0.4061111509799957,0.758676290512085
992,I6NC69_wild,C(CCN)CN,0.07918124604762482,1.052320122718811,-0.188225656747818,0.8747206926345825
993,I6NC69_wild,C1=CC(=CN=C1)CN,0.07918124604762482,1.3834277391433716,-0.6092602610588074,1.3203567266464233
994,I6NC69_wild,C1=CN=CC=C1CN,0.2787536009528289,0.9165010452270508,-0.6073732972145081,0.9927722811698914
995,I6NC69_wild,C1=C(NC=N1)CCN,-0.15490195998574322,0.8932153582572937,-0.45939794182777405,0.836823046207428
996,A0A1E3P8S6_wild,CC(=O)SCCNC(=O)CCNC(=O)C(C(C)(C)COP(=O)(O)OP(=O)(O)OCC1C(C(C(O1)N2C=NC3=C(N=CN=C32)N)O)OP(=O)(O)O)O,0.3856062735983121,-0.7075719833374023,-0.6349408030509949,1.196793556213379
997,P36553_wild,CC1=C2CC3=C(C(=C(N3)CC4=C(C(=C(N4)CC5=C(C(=C(N5)CC(=C1CCC(=O)O)N2)C)CCC(=O)O)C)CCC(=O)O)CCC(=O)O)C,-2.5086383061657274,-1.2190861701965332,-1.908695101737976,1.0363256931304932
998,P36551_wild,CC1=C2CC3C(=C(C(=N3)CC4C(=C(C(=N4)CC5=NC(CC(=C1CCC(=O)O)N2)C(=C5C)CCC(=O)O)C)C=C)C)CCC(=O)O,-2.9208187539523753,-1.881551742553711,-2.0569541454315186,0.6525272130966187
999,P36551_R401A,CC1=C2CC3C(=C(C(=N3)CC4C(=C(C(=N4)CC5=NC(CC(=C1CCC(=O)O)N2)C(=C5C)CCC(=O)O)C)C=C)C)CCC(=O)O,-3.0177287669604316,-1.90087890625,-2.038451910018921,0.6259780526161194
1000,P36551_R262A,CC1=C2CC3C(=C(C(=N3)CC4C(=C(C(=N4)CC5=NC(CC(=C1CCC(=O)O)N2)C(=C5C)CCC(=O)O)C)C=C)C)CCC(=O)O,-2.2924298239020637,-1.9347716569900513,-2.0515503883361816,0.6107686758041382
1001,P36551_wild,CC1=C2CC3=C(C(=C(N3)CC4=C(C(=C(N4)CC5=C(C(=C(N5)CC(=C1CCC(=O)O)N2)C)CCC(=O)O)C)CCC(=O)O)CCC(=O)O)C,-3.1023729087095586,-1.6500399112701416,-1.960034966468811,0.9344953298568726
1002,P36551_R401A,CC1=C2CC3=C(C(=C(N3)CC4=C(C(=C(N4)CC5=C(C(=C(N5)CC(=C1CCC(=O)O)N2)C)CCC(=O)O)C)CCC(=O)O)CCC(=O)O)C,-2.537602002101044,-1.6730791330337524,-1.9387065172195435,0.9087326526641846
1003,P36551_D400A,CC1=C2CC3=C(C(=C(N3)CC4=C(C(=C(N4)CC5=C(C(=C(N5)CC(=C1CCC(=O)O)N2)C)CCC(=O)O)C)CCC(=O)O)CCC(=O)O)C,-3.1079053973095196,-1.8529930114746094,-1.9457720518112183,0.7690397500991821
1004,P36551_R262A,CC1=C2CC3=C(C(=C(N3)CC4=C(C(=C(N4)CC5=C(C(=C(N5)CC(=C1CCC(=O)O)N2)C)CCC(=O)O)C)CCC(=O)O)CCC(=O)O)C,-2.0604807473813813,-1.696306824684143,-1.9535998106002808,0.8972077369689941
1005,Q980M3_F236P,C1=NC2=C(N1C3C(C(C(O3)COP(=O)(O)OP(=O)(O)OP(=O)(O)O)O)O)N=C(NC2=O)N,-1.958607314841775,-1.508613109588623,-0.9835360050201416,0.08798271417617798
1006,Q980M3_wild,C1=NC2=C(N1C3C(C(C(O3)COP(=O)(O)OP(=O)(O)OP(=O)(O)O)O)O)N=C(NC2=O)N,-1.85078088734462,-1.4034004211425781,-0.9492270350456238,0.18141819536685944
1007,Q92AT0_wild,C(C1C(C(C(C(O1)OP(=O)(O)O)O)O)O)O,0.07918124604762482,0.8286769390106201,0.08760690689086914,1.1301170587539673
1008,Q86SW4_wild,CC(=O)C(=O)[O-],-1.2365720064370627,1.0821127891540527,-0.39506521821022034,1.749991536140442
1009,D1MX72_wild,C1C(=NC2=C(N1)N=C(NC2=O)N)CNC3=CC=C(C=C3)C(=O)NC(CCC(=O)O)C(=O)O,-0.6234230429436706,1.2209181785583496,-2.0298097133636475,2.561133623123169
1010,D1MX72_wild,C1C=CN(C=C1C(=O)N)C2C(C(C(O2)COP(=O)(O)OP(=O)(O)OCC3C(C(C(O3)N4C=NC5=C(N=CN=C54)N)OP(=O)(O)O)O)O)O,-1.2335871528876006,1.3056395053863525,-1.6002476215362549,2.786360025405884
1011,Q8YWM0_wild,C1=CC=C2C(=C1)C(=O)C3=C(C2=O)C(=C(C=C3NC4=CC(=C(C=C4)S(=O)(=O)O)NC5=NC(=NC(=N5)NC6=CC(=CC=C6)S(=O)(=O)O)Cl)S(=O)(=O)O)N,-2.4436974992327127,1.701835036277771,-1.4194890260696411,3.1361045837402344
1012,Q8YWM0_wild,OO,-2.2365720064370627,3.3408596515655518,-0.16509723663330078,3.14955472946167
1013,Q7Z0H0_wild,C1=NC(=C2C(=N1)N(C=N2)C3C(C(C(O3)COP(=O)(O)OP(=O)(O)OP(=O)(O)O)O)O)N,-0.8860566476931633,1.6374099254608154,-0.7115539908409119,2.0542373657226562
1014,P16304_wild,C1=NC(=C2C(=N1)N(C=N2)C3C(C(C(O3)COP(=O)(O)O)O)O)N,-1.958607314841775,0.9401718378067017,-0.9352647662162781,1.8164329528808594
1015,Q7Z0H0_wild,C1=NC(=C2C(=N1)N(C=N2)C3C(C(C(O3)COP(=O)(O)O)O)O)N,-1.3010299956639813,1.9889240264892578,-0.9481086730957031,2.3058509826660156
1016,P16304_Q199R,C1=NC(=C2C(=N1)N(C=N2)C3C(C(C(O3)COP(=O)(O)O)O)O)N,-1.8860566476931633,0.9342027902603149,-0.9268478751182556,1.8362417221069336
1017,Q6B341_wild,C1=NC(=C2C(=N1)N(C=N2)C3C(C(C(O3)COP(=O)(O)O)O)O)N,-1.619788758288394,1.4080442190170288,-1.0478614568710327,2.0651490688323975
1018,Q6B341_wild,C1=NC(=C2C(=N1)N(C=N2)C3C(C(C(O3)COP(=O)(O)OP(=O)(O)OP(=O)(O)O)O)O)N,-2.6989700043360187,1.323503017425537,-0.600220263004303,1.753009557723999
1019,P0C2P0_wild,CN(CCC(CC(=O)NC1C=CC(OC1C(=O)O)N2C=CC(=NC2=O)N)N)C(=N)N,0.0,1.1030911207199097,-1.6746491193771362,1.4929184913635254
1020,Q96T66_wild,C1=NC(=C2C(=N1)N(C=N2)C3C(C(C(O3)COP(=O)(O)OP(=O)(O)OP(=O)(O)O)O)O)N,-1.537602002101044,0.5310975313186646,-1.1637262105941772,1.58074951171875
1021,Q96T66_wild,C1=NC2=C(C(=O)N1)N=CN2C3C(C(C(O3)COP(=O)(O)OP(=O)(O)OP(=O)(O)O)O)O,-0.45593195564972444,0.3922070562839508,-1.2084448337554932,1.5170483589172363
1022,Q96T66_wild,C1=NC2=C(N1C3C(C(C(O3)COP(=O)(O)OP(=O)(O)OP(=O)(O)O)O)O)N=C(NC2=O)N,-0.5590909179347824,0.41367611289024353,-1.1584949493408203,1.4645187854766846
1023,Q99JR6_wild,C1=NC(=C2C(=N1)N(C=N2)C3C(C(C(O3)COP(=O)(O)OP(=O)(O)OP(=O)(O)O)O)O)N,-1.408935392973501,0.6114456057548523,-1.1148301362991333,1.5786776542663574
1024,Q99JR6_wild,C1=CC(=C[N+](=C1)C2C(C(C(O2)COP(=O)(O)[O-])O)O)C(=O)N,-0.9295926782598803,0.7963086366653442,-0.812092125415802,1.3580886125564575
1025,Q5SHF0_wild,C1=NC(=C2C(=N1)N(C=N2)C3C(C(C(O3)COP(=O)(O)OP(=O)(O)OP(=O)(O)O)O)O)N,0.10380372095595687,0.16643953323364258,-1.3798857927322388,1.3838987350463867
1026,Q5SHF0_wild,C1=CC(=C[N+](=C1)C2C(C(C(O2)COP(=O)(O)[O-])O)O)C(=O)N,-0.5800442515102421,0.5610998868942261,-1.1490758657455444,1.4611725807189941
1027,Q8GSM7_wild,CC(C)(COP(=O)(O)OP(=O)(O)OCC1C(C(C(O1)N2C=NC3=C(N=CN=C32)N)O)OP(=O)(O)O)C(C(=O)NCCC(=O)NCCSC(=O)C=CC4=CC(=C(C=C4)O)O)O,-1.3010299956639813,0.21948102116584778,-0.9994987845420837,1.6823277473449707
1028,Q8GSM7_wild,CC(C)(COP(=O)(O)OP(=O)(O)OCC1C(C(C(O1)N2C=NC3=C(N=CN=C32)N)O)OP(=O)(O)O)C(C(=O)NCCC(=O)NCCSC(=O)C=CC4=CC=C(C=C4)O)O,-0.8239087409443188,0.22096559405326843,-0.9702668786048889,1.573347568511963
1029,Q8GSM7_wild,C1C(C(C(CC1(C(=O)O)O)O)O)O,-1.154901959985743,-0.036366984248161316,-0.2558261752128601,0.6064842939376831
1030,Q8GSM7_wild,CC(C)(COP(=O)([O-])OP(=O)([O-])OCC1C(C(C(O1)N2C=NC3=C(N=CN=C32)N)O)OP(=O)([O-])[O-])C(C(=O)NCCC(=O)NCCSC(=O)C=CC4=CC(=C(C=C4)O)OC)O,-0.45593195564972444,0.619310736656189,-0.9706504940986633,1.8944613933563232
1031,Q8GSM7_wild,C1C(C(C(C=C1C(=O)O)O)O)O,-0.12493873660829995,0.34367480874061584,-0.19217705726623535,0.7144356966018677
1032,E8ZAP2_wild,CC(C)(COP(=O)(O)OP(=O)(O)OCC1C(C(C(O1)N2C=NC3=C(N=CN=C32)N)O)OP(=O)(O)O)C(C(=O)NCCC(=O)NCCSC(=O)C=CC4=CC=C(C=C4)O)O,-1.6575773191777938,0.37596115469932556,-1.0034650564193726,1.7326760292053223
1033,E8ZAP2_wild,CC(C)(COP(=O)(O)OP(=O)(O)OCC1C(C(C(O1)N2C=NC3=C(N=CN=C32)N)O)OP(=O)(O)O)C(C(=O)NCCC(=O)NCCSC(=O)C=CC4=CC(=C(C(=C4)OC)O)OC)O,-1.6989700043360187,0.44891586899757385,-1.0837534666061401,1.9560973644256592
1034,E8ZAP2_wild,C1C(C(C(C=C1C(=O)O)O)O)O,1.4171394097273255,0.5141741633415222,-0.12101219594478607,0.8549158573150635
1035,E8ZAP2_wild,CC(C)(COP(=O)([O-])OP(=O)([O-])OCC1C(C(C(O1)N2C=NC3=C(N=CN=C32)N)O)OP(=O)([O-])[O-])C(C(=O)NCCC(=O)NCCSC(=O)C=CC4=CC(=C(C=C4)O)OC)O,-2.2924298239020637,0.7946300506591797,-0.9908865690231323,2.0524396896362305
1036,E8ZAP2_wild,CC(C)(COP(=O)(O)OP(=O)(O)OCC1C(C(C(O1)N2C=NC3=C(N=CN=C32)N)O)OP(=O)(O)O)C(C(=O)NCCC(=O)NCCSC(=O)C=CC4=CC(=C(C=C4)O)O)O,-1.269217724333611,0.4009902775287628,-1.0319502353668213,1.8314179182052612
1037,E8ZAP2_wild,CC(C)(COP(=O)(O)OP(=O)(O)OCC1C(C(C(O1)N2C=NC3=C(N=CN=C32)N)O)OP(=O)(O)O)C(C(=O)NCCC(=O)NCCSC(=O)C=CC4=CC=CC=C4)O,-1.576754126063192,0.4950506389141083,-1.069762110710144,1.8293797969818115
1038,E8ZAP2_wild,C1=CC(=C(C(=C1)O)N)C(=O)O,-0.3251388592621884,0.3816419541835785,-0.47653645277023315,0.8115910291671753
1039,E8ZAP2_wild,C1=CC(=CC(=C1)[O-])C(=O)O,0.22453306260608574,0.44597604870796204,-0.37802714109420776,1.1163029670715332
1040,E8ZAP2_wild,C1=CC(=C(C(=C1)O)[O-])C(=O)O,-0.15552282425431863,0.35841917991638184,-0.7881131768226624,1.2376734018325806
1041,E8ZAP2_wild,C1=CC(=CC(=C1)N)C(=O)[O-],0.3809344633307019,0.3603458106517792,-0.6846602559089661,1.0766024589538574
1042,A0A346FEE6_wild,C1C(C(C(CC1(C(=O)O)O)O)O)O,-0.8761483590329142,0.4340250790119171,-0.6547644734382629,1.0786168575286865
1043,A0A346FEE6_wild,C1C(C(C(C=C1C(=O)O)O)O)O,-1.9913998282380825,0.847791314125061,-0.6400310397148132,1.2073237895965576
1044,A0A346FEE6_wild,CC(C)(COP(=O)(O)OP(=O)(O)OCC1C(C(C(O1)N2C=NC3=C(N=CN=C32)N)O)OP(=O)(O)O)C(C(=O)NCCC(=O)NCCSC(=O)C=CC4=CC=C(C=C4)O)O,-1.4225082001627747,0.7100640535354614,-1.3871616125106812,1.9772772789001465
1045,A0A346FEE5_wild,C1C(C(C(C=C1C(=O)O)O)O)O,-1.9430951486635275,0.8026666641235352,-0.5430113673210144,0.9224566221237183
1046,A0A346FEE5_wild,C1C(C(C(CC1(C(=O)O)O)O)O)O,-0.9172146296835499,0.34833115339279175,-0.5225454568862915,0.7177385091781616
1047,A0A346FEE5_wild,CC(C)(COP(=O)(O)OP(=O)(O)OCC1C(C(C(O1)N2C=NC3=C(N=CN=C32)N)O)OP(=O)(O)O)C(C(=O)NCCC(=O)NCCSC(=O)C=CC4=CC=C(C=C4)O)O,-1.530177984021837,0.6059456467628479,-1.2527410984039307,1.7004503011703491
1048,H8WR05_wild,C(CC(=O)O)C(=O)C(=O)O,-0.5228787452803376,0.8193992972373962,-0.056850042194128036,0.9992266893386841
1049,H8WR05_wild,C1=CC=C(C=C1)C(CC(=O)O)N,0.17609125905568124,0.527983546257019,0.08381588757038116,0.5943454504013062
1050,A0A0S2UQQ5_wild,C1C(C(C(C(O1)OC2COC(C(C2O)O)OC3COC(C(C3O)O)O)O)O)O,0.21484384804769785,1.0756975412368774,0.3460155129432678,0.4286975860595703
1051,Q4G0S4_wild,CC1=C(C(CCC1)(C)C)C=CC(=CC=CC(=CCO)C)C,-2.958607314841775,-1.3322079181671143,-2.4171154499053955,1.2625255584716797
1052,Q4G0S4_wild,CC1=C(C(CCC1)(C)C)C=CC(=CC=CC(=CC=O)C)C,-3.4559319556497243,-1.3347638845443726,-2.473710775375366,1.1879427433013916
1053,Q4G0S4_wild,CC1=C(C(CCC1)(C)C)C=CC(=CC=CC(=CC(=O)O)C)C,-3.0604807473813813,-1.44764244556427,-2.2520945072174072,1.07432222366333
1054,P21836_wild,CC(=O)SCC[N+](C)(C)C,-1.408935392973501,3.218980073928833,-0.7621433138847351,2.529000997543335
1055,P22303_wild,CC(=O)SCC[N+](C)(C)C,-0.9208187539523751,3.1989309787750244,-0.7524791955947876,2.5892279148101807
1056,Q71SU7_wild,CC(=O)SCC[N+](C)(C)C,-0.707743928643524,2.3606114387512207,-1.0588163137435913,2.1586947441101074
1057,Q71SU7_wild,CCCC(=O)SCC[N+](C)(C)C,-0.42712839779951983,2.072707176208496,-1.0733802318572998,2.0863211154937744
1058,Q86GL8_wild,CC(=O)SCC[N+](C)(C)C,-0.7011469235902933,2.4968674182891846,-1.0787162780761719,2.1282968521118164
1059,Q86GL8_wild,CCCC(=O)SCC[N+](C)(C)C,-0.3990271043132517,2.1800289154052734,-1.0760082006454468,2.0750601291656494
1060,Q71SU5_wild,CC(=O)SCC[N+](C)(C)C,-0.7235381958267558,2.469529151916504,-1.0751956701278687,2.090541124343872
1061,Q71SU5_wild,CCCC(=O)SCC[N+](C)(C)C,-0.40340290437353976,2.1548469066619873,-1.0836416482925415,2.0392656326293945
1062,B7X755_wild,CCCC(=O)SCC[N+](C)(C)C.[I-],-0.9625735020593763,2.273831605911255,-0.6027639508247375,1.9229470491409302
1063,B7X755_wild,CCC(=O)SCC[N+](C)(C)C.[I-],-2.218244625347531,2.2318124771118164,-0.8088628649711609,1.9431980848312378
1064,B7X755_wild,CC(=O)SCC[N+](C)(C)C.[I-],-2.688246138944246,2.339494228363037,-0.5786892175674438,2.038020133972168
1065,P21836_wild,CC(=O)OCC[N+](C)(C)C,-1.3279021420642825,3.0591516494750977,-0.0679740309715271,2.1401891708374023
1066,P21836_wild,CCCC(=O)SCC[N+](C)(C)C,-1.031517051446065,3.0937743186950684,-0.9705556035041809,2.442065715789795
1067,P22303_wild,C1=CC(=O)C=CC1=NC2=CC(=C(C(=C2)Cl)O)Cl,-1.4202164033831899,0.9923213720321655,-1.54932701587677,1.8811166286468506
1068,P22303_wild,CCC(=O)SCC[N+](C)(C)C,-0.8239087409443188,3.185458183288574,-0.8326671123504639,2.5343430042266846
1069,P22303_wild,CC(=O)OC1C=CC2C3CC4=C5C2(C1OC5=C(C=C4)OC(=O)C)CCN3C,0.3364597338485295,1.0649733543395996,-0.6724857687950134,1.2084405422210693
1070,P22303_wild,CC(=O)OC1C=CC2C3CC4=C5C2(C1OC5=C(C=C4)O)CCN3C,-0.5867002359187482,0.6570870280265808,-0.5871701836585999,0.970852255821228
1071,B6SU46_wild,C[S+](CCC(C(=O)[O-])N)CC1C(C(C(O1)N2C=NC3=C(N=CN=C32)N)O)O,-1.0268721464003014,-1.4485877752304077,-1.6024094820022583,0.3869999051094055
1072,B6SU46_wild,C1=CC=C(C(=C1)C(=O)O)N,-0.5072396109731625,-1.1271040439605713,-1.4976497888565063,0.23155903816223145
1073,D9J100_wild,C[S+](CCC(C(=O)[O-])N)CC1C(C(C(O1)N2C=NC3=C(N=CN=C32)N)O)O,-1.1191864077192086,-1.38527250289917,-1.5873314142227173,0.42034029960632324
1074,P52209_wild,C1=CC(=C[N+](=C1)C2C(C(C(O2)COP(=O)(O)OP(=O)(O)OCC3C(C(C(O3)N4C=NC5=C(N=CN=C54)N)OP(=O)(O)O)O)O)O)C(=O)N,0.8388490907372553,0.8071761131286621,-1.318189263343811,2.2239620685577393
1075,P38720_wild,C(C(C(C(C(C(=O)O)O)O)O)O)OP(=O)(O)O,-1.3010299956639813,0.9939548969268799,-0.9958115816116333,1.9265425205230713
1076,P00350_wild,C1=CC(=C[N+](=C1)C2C(C(C(O2)COP(=O)(O)OP(=O)(O)OCC3C(C(C(O3)N4C=NC5=C(N=CN=C54)N)OP(=O)(O)O)O)O)O)C(=O)N,-1.3098039199714864,0.955196738243103,-0.7487090826034546,1.8626103401184082
1077,P00350_wild,C(C(C(C(C(C(=O)O)O)O)O)O)OP(=O)(O)O,-1.031517051446065,0.9701786637306213,-0.843624472618103,1.7325648069381714
1078,A0A0J9WZ66_wild,C1=CC(=C[N+](=C1)C2C(C(C(O2)COP(=O)(O)OP(=O)(O)OCC3C(C(C(O3)N4C=NC5=C(N=CN=C54)N)OP(=O)(O)O)O)O)O)C(=O)N,-0.9281179926938746,0.8930209875106812,-0.7955034375190735,1.8477650880813599
1079,A0A0J9WZ66_wild,C(C(C(C(C(C(=O)O)O)O)O)O)OP(=O)(O)O,-0.9706162223147904,0.8893809914588928,-0.9085936546325684,1.6986199617385864
1080,P00349_wild,C(C(C(C(C(C(=O)O)O)O)O)O)OP(=O)(O)O,-1.7958800173440752,1.0055367946624756,-1.32758629322052,1.8581230640411377
1081,P00349_wild,C1=CC(=C[N+](=C1)C2C(C(C(O2)COP(=O)(O)OP(=O)(O)OCC3C(C(C(O3)N4C=NC5=C(N=CN=C54)N)OP(=O)(O)O)O)O)O)C(=O)N,-2.6989700043360187,0.8517709970474243,-1.3749486207962036,2.294611930847168
1082,P52209_wild,C(C(C(C(C(C(=O)O)O)O)O)O)OP(=O)(O)O,-1.6382721639824072,0.9771918058395386,-1.2998298406600952,1.8048441410064697
1083,Q67PI3_wild,C(CC(C(=O)O)N)CC(C(=O)O)N,0.2787536009528289,1.8986961841583252,0.39098596572875977,1.7319142818450928
1084,Q67PI3_wild,CC(=O)C(=O)[O-],1.2124539610402731,1.304055094718933,0.5751352906227112,0.6602841019630432
1085,Q67PI3_R71S,C(CC(C(=O)O)N)CC(C(=O)O)N,-0.36653154442041347,1.8909813165664673,0.4195854961872101,1.7105915546417236
1086,Q67PI3_T70S,C(CC(C(=O)O)N)CC(C(=O)O)N,-0.7447274948969352,1.902226209640503,0.40126320719718933,1.7128138542175293
1087,Q67PI3_wild,C1=CC=C(C=C1)CC(=O)C(=O)O,1.0969100130080565,0.595750093460083,0.354968786239624,0.3263809084892273
1088,Q67PI3_R71I,C(CC(C(=O)O)N)CC(C(=O)O)N,-0.25181197299379965,1.9206112623214722,0.4070778489112854,1.7228751182556152
1089,Q67PI3_R71K,C(CC(C(=O)O)N)CC(C(=O)O)N,-0.22914798835785574,1.8951971530914307,0.39724045991897583,1.7371503114700317
1090,Q67PI3_S90T,C(CC(C(=O)O)N)CC(C(=O)O)N,-0.5686362358410126,1.8999382257461548,0.3858790993690491,1.748133897781372
1091,Q67PI3_R71Q,C(CC(C(=O)O)N)CC(C(=O)O)N,-0.2006594505464183,1.8865798711776733,0.40649664402008057,1.7289665937423706
1092,Q67PI3_T171S/R181F/H227V,C1=CC=C(C=C1)CC(=O)C(=O)O,1.0413926851582251,0.4340265393257141,0.4354976415634155,0.15631502866744995
1093,Q67PI3_R181F,C1=CC=C(C=C1)CC(=O)C(=O)O,1.0453229787866574,0.42365941405296326,0.44612938165664673,0.15965411067008972
1094,Q67PI3_S90T,CC(=O)C(=O)[O-],1.320146286111054,1.3007838726043701,0.5632334351539612,0.6808117032051086
1095,Q67PI3_V68M,C(CC(C(=O)O)N)CC(C(=O)O)N,-0.28399665636520094,1.9018056392669678,0.38496580719947815,1.7096487283706665
1096,Q67PI3_wild,[NH4+],0.7993405494535817,2.5419762134552,1.1875965595245361,1.1577242612838745
1097,Q67PI3_F146W/M152Q,C(CC(C(=O)O)N)CC(C(=O)O)N,1.1958996524092338,1.8529319763183594,0.38663822412490845,1.737419843673706
1098,Q67PI3_R71E/V156D,C(CC(C(=O)O)N)CC(C(=O)O)N,0.13672056715640674,1.8769018650054932,0.49275970458984375,1.683685302734375
1099,Q67PI3_R181F/H227V,C1=CC=C(C=C1)CC(=O)C(=O)O,1.3180633349627615,0.4368249773979187,0.4287909269332886,0.17627063393592834
1100,Q67PI3_M152Q,C(CC(C(=O)O)N)CC(C(=O)O)N,1.2227164711475833,1.8794382810592651,0.39003729820251465,1.7360961437225342
1101,Q67PI3_W121L/H227I,C1=CC=C(C=C1)CC(=O)C(=O)[O-],1.0863598306747446,0.7229730486869812,0.14988744258880615,0.34762901067733765
1102,Q67PI3_V14L,C(CC(C(=O)O)N)CC(C(=O)O)N,0.00860017176191757,1.8899204730987549,0.39725181460380554,1.703796625137329
1103,Q67PI3_T171S,C1=CC=C(C=C1)CC(=O)C(=O)O,1.292256071356476,0.5952872633934021,0.35433638095855713,0.3156750202178955
1104,Q67PI3_W121L/H227I,CC(C)C(=O)C(=O)O,1.6637009253896482,0.5693264603614807,1.0096709728240967,0.1293003261089325
1105,Q67PI3_W121L/H227I,CCCC(=O)C(=O)[O-],1.3710678622717363,1.1171057224273682,0.5397942662239075,0.4570186138153076
1106,Q67PI3_M152Q,CC(=O)C(=O)[O-],1.3944516808262164,1.2979989051818848,0.5883070826530457,0.6601532101631165
1107,Q67PI3_K159R,CC(=O)C(=O)[O-],0.8796692056320535,1.2994539737701416,0.5606189370155334,0.6715794801712036
1108,Q67PI3_H227C,C1=CC=C(C=C1)CC(=O)C(=O)O,1.1903316981702914,0.6125421524047852,0.3424032926559448,0.29224467277526855
1109,Q67PI3_H227V,C1=CC=C(C=C1)CC(=O)C(=O)O,1.3856062735983121,0.6058797240257263,0.34309816360473633,0.3285927176475525
1110,Q67PI3_V68M,CC(=O)C(=O)[O-],0.865103974641128,1.308117151260376,0.5732598900794983,0.634142279624939
1111,Q67PI3_F146W/M152Q,CC(=O)C(=O)[O-],1.3729120029701065,1.2800992727279663,0.5851985216140747,0.6554489135742188
1112,Q67PI3_V14L,CC(=O)C(=O)[O-],1.0034605321095065,1.2967042922973633,0.5943489670753479,0.6352946758270264
1113,Q67PI3_P69G,CC(=O)C(=O)[O-],1.4121244061733171,1.3201918601989746,0.5856133699417114,0.6398377418518066
1114,Q67PI3_T70S,CC(=O)C(=O)[O-],1.0297894708318558,1.3087749481201172,0.5960116386413574,0.6417135000228882
1115,Q67PI3_W121L/H227I,CC(=O)C(=O)[O-],1.6853834098014875,1.213019609451294,0.6759750247001648,0.474182665348053
1116,Q67PI3_W121L/H227I,CCC(=O)C(=O)[O-],1.5455545072340648,1.1517428159713745,0.6392202377319336,0.3958946764469147
1117,Q67PI3_W121L/H227I,CC(C)CC(=O)C(=O)O,1.248463717551032,0.6176657676696777,0.804631769657135,0.29076045751571655
1118,Q67PI3_W121L/H227I,C1=CC=C(C=C1)CCC(=O)C(=O)O,1.5293019977879805,0.6771329641342163,0.02947351709008217,0.5188741087913513
1119,Q67PI3_R71E,CC(=O)C(=O)[O-],1.401055725771844,1.2602862119674683,0.6400652527809143,0.6395919919013977
1120,Q67PI3_R71K,CC(=O)C(=O)[O-],1.0378247505883418,1.300124168395996,0.5862552523612976,0.6627733707427979
1121,Q67PI3_R71Q,CC(=O)C(=O)[O-],1.2826221128780626,1.2745110988616943,0.5908219814300537,0.6589805483818054
1122,Q67PI3_R71S,CC(=O)C(=O)[O-],1.1486026548060935,1.2823166847229004,0.6070836186408997,0.641059160232544
1123,Q67PI3_R71I,CC(=O)C(=O)[O-],1.2842050677017942,1.318494439125061,0.5808853507041931,0.6578425168991089
1124,Q67PI3_K159R,C(CC(C(=O)O)N)CC(C(=O)O)N,-0.6777807052660807,1.900022029876709,0.3877749741077423,1.7392559051513672
1125,Q7MW40_wild,C1=CC(=C[N+](=C1)C2C(C(C(O2)COP(=O)(O)OP(=O)(O)OCC3C(C(C(O3)N4C=NC5=C(N=CN=C54)N)OP(=O)(O)O)O)O)O)C(=O)N,-1.2218487496163564,0.9295864701271057,-0.3492654263973236,1.4791154861450195
1126,Q7MW40_wild,C(CC(C(=O)O)N)CC(C(=O)O)N,-0.431798275933005,1.7363550662994385,0.5164594054222107,1.1249136924743652
1127,A0A1M5M5H3_wild,C1=CC(=C[N+](=C1)C2C(C(C(O2)COP(=O)([O-])OP(=O)(O)OCC3C(C(C(O3)N4C=NC5=C(N=CN=C54)N)O)O)O)O)C(=O)N,1.1702617153949575,1.084970235824585,-0.20946064591407776,1.7779526710510254
1128,A0A1M5M5H3_wild,C1=CC(=C[N+](=C1)C2C(C(C(O2)COP(=O)(O)OP(=O)(O)OCC3C(C(C(O3)N4C=NC5=C(N=CN=C54)N)OP(=O)(O)O)O)O)O)C(=O)N,-0.08196966321511988,1.0363492965698242,-0.32262876629829407,1.9059324264526367
1129,A0A1M5M5H3_wild,C(CC(C(=O)O)N)CC(C(=O)O)N,0.7543483357110189,2.060685157775879,0.4305264353752136,1.571031093597412
1130,F7YTT4_wild,C1C=CN(C=C1C(=O)N)C2C(C(C(O2)COP(=O)(O)OP(=O)(O)OCC3C(C(C(O3)N4C=NC5=C(N=CN=C54)N)O)O)O)O,-0.7447274948969352,1.233576774597168,-0.44474637508392334,2.1558594703674316
1131,F7YTT4_wild,C1C=CN(C=C1C(=O)N)C2C(C(C(O2)COP(=O)(O)OP(=O)(O)OCC3C(C(C(O3)N4C=NC5=C(N=CN=C54)N)OP(=O)(O)O)O)O)O,-0.38721614328026455,1.1681865453720093,-0.6544138789176941,2.2784934043884277
1132,Q64PZ8_wild,C(CC(C(=O)O)N)CC(C(=O)O)N,-0.958607314841775,1.9831879138946533,0.2652544379234314,1.6201624870300293
1133,Q64PZ8_wild,[NH4+],0.6232492903979004,2.8121962547302246,0.9176392555236816,1.2152762413024902
1134,Q9BUM1_wild,C(C(C(C(C(C=O)O)O)O)O)OP(=O)(O)O,0.0,-0.04405403882265091,-0.33800286054611206,0.7350814342498779
1135,W8X092_wild,CC1=CCC(CC1)C(=C)C,-1.3665315444204134,-0.8815138339996338,-1.3766261339187622,0.5747054815292358
1136,W8X092_wild,CC(=C)C1CCC(=CC1)CO,-0.31247103878536564,-0.9081987142562866,-0.9577526450157166,0.4569821357727051
1137,Q9PPX6_wild,C1=CN(C(=O)NC1=O)C2C(C(C(O2)COP(=O)(O)O)O)O,-0.6695862266508091,1.7142385244369507,-1.0619767904281616,1.7600600719451904
1138,P9WN65_wild,CC1=CN(C(=O)NC1=O)C2CC(C(O2)COP(=O)(O)OP(=O)(O)OC3C(C(C(C(O3)CO)O)O)O)O,-1.3010299956639813,-0.5785778760910034,-1.1310588121414185,0.4375419318675995
1139,P32021_wild,C(CC(C(=O)O)N)CN=C(N)N,-1.1487416512809248,-0.9672959446907043,-0.002932261675596237,-0.12037304043769836
1140,P32021_wild,C(CC(=O)C(=O)O)CC(=O)O,-1.5086383061657274,-1.355058193206787,-0.6825079917907715,0.18155820667743683
1141,Q564A6_wild,C1=NC(=C2C(=N1)N(C=N2)C3C(C(C(O3)COP(=O)(O)O)O)O)N,-0.9281179926938746,0.8591088652610779,-1.10226309299469,1.7091827392578125
1142,Q564A6_wild,C1=NC2=C(N1C3C(C(C(O3)COP(=O)(O)OP(=O)(O)OP(=O)(O)O)O)O)N=C(NC2=O)N,-0.44490555142168087,0.31192633509635925,-0.7516660094261169,1.2876355648040771
1143,Q06408_wild,C1=CC=C(C=C1)CC(=O)C(=O)O,-1.0,0.5233923196792603,-0.02118236944079399,0.6555553674697876
1144,Q06408_wild,C1=CC=C2C(=C1)C(=CN2)CC(=O)C(=O)O,-1.5228787452803376,0.31200432777404785,-0.6607502102851868,0.9336509108543396
1145,Q06408_M624W,CCCCC(=O)C(=O)O,-0.7695510786217261,0.4701482951641083,-0.007411118596792221,0.5561831593513489
1146,Q06408_M624W,C1=CC=C(C=C1)CC(=O)C(=O)O,-0.7447274948969352,0.514344334602356,-0.02961501106619835,0.6439840793609619
1147,Q06408_I335Y,CCCCC(=O)C(=O)O,-0.2596373105057561,0.4748287796974182,0.0094265416264534,0.5540220737457275
1148,Q06408_Q448W,CCC(=O)C(=O)O,0.8450980400142568,0.2767290771007538,0.5321621298789978,0.02562972903251648
1149,Q06408_wild,C1=CC(=CC=C1CC(=O)C(=O)O)O,-1.0457574905606752,0.4592932462692261,-0.04873410984873772,0.5891796350479126
1150,Q06408_wild,C1=CC=C(C=C1)CCC(=O)C(=O)O,-1.0457574905606752,0.467584490776062,-0.44105005264282227,0.7869036197662354
1151,Q06408_I335Y/M624W,CCCCC(=O)C(=O)O,0.0,0.4682178497314453,0.0024217329919338226,0.5442138910293579
1152,Q06408_M624W,CCCC(=O)C(=O)O,-0.431798275933005,0.3691115379333496,0.17953994870185852,0.4808594584465027
1153,Q06408_wild,CC(C)CC(=O)C(=O)O,-0.045757490560675115,0.5729831457138062,0.21986615657806396,0.5312086343765259
1154,Q06408_I335Y,C1=CC=C(C=C1)CC(=O)C(=O)O,-0.09691001300805639,0.5235918164253235,-0.015786748379468918,0.6435598731040955
1155,Q06408_wild,CCC(C)C(=O)C(=O)O,0.4913616938342727,0.8320841789245605,0.4919348359107971,0.3931092619895935
1156,Q06408_Q448W,CCCC(=O)C(=O)O,-0.2676062401770315,0.4033227860927582,0.18249572813510895,0.4897933900356293
1157,Q06408_wild,CCCC(=O)C(=O)O,0.3222192947339193,0.38182491064071655,0.18932023644447327,0.4912205934524536
1158,Q06408_wild,CCCCC(=O)C(=O)O,-0.16115090926274472,0.4764266312122345,-6.638467311859131e-06,0.566022515296936
1159,Q06408_I335Y,CCCC(=O)C(=O)O,-0.2006594505464183,0.37562817335128784,0.20176979899406433,0.4806588888168335
1160,Q06408_Q448W,C1=CC=C(C=C1)CC(=O)C(=O)O,-1.2676062401770316,0.5350852012634277,-0.031144406646490097,0.6507285833358765
1161,Q06408_I335Y,CC(=O)C(=O)O,1.3979400086720377,0.16403499245643616,0.5674984455108643,-0.15463906526565552
1162,Q06408_M624W,CC(=O)C(=O)O,0.8061799739838872,0.15921226143836975,0.5480766296386719,-0.1583348512649536
1163,Q06408_I335Y,CCC(=O)C(=O)O,0.8061799739838872,0.2531670033931732,0.5550888180732727,0.0169888436794281
1164,Q06408_Q448W,CCCCC(=O)C(=O)O,-0.3372421683184259,0.5074917078018188,-0.01078801229596138,0.5634347200393677
1165,Q06408_wild,CCC(=O)C(=O)O,0.8808135922807914,0.2559884488582611,0.5437986254692078,0.02901443839073181
1166,Q06408_I335Y/M624W,CCCC(=O)C(=O)O,-0.017728766960431554,0.36268022656440735,0.191703200340271,0.47020578384399414
1167,Q06408_wild,CC(C)C(=O)C(=O)O,0.9294189257142927,0.6809723377227783,0.6019359827041626,0.26343536376953125
1168,Q06408_wild,CSCCC(=O)C(=O)O,-0.1938200260161128,0.6544698476791382,0.05660681053996086,0.6436757445335388
1169,Q06408_Q448W,CC(=O)C(=O)O,0.7403626894942439,0.18591277301311493,0.5420595407485962,-0.14296725392341614
1170,Q06408_M624W,CCC(=O)C(=O)O,0.7403626894942439,0.24950625002384186,0.5330853462219238,0.01632067561149597
1171,Q06408_wild,CC(=O)C(=O)O,0.9867717342662449,0.16748985648155212,0.5561278462409973,-0.14304956793785095
1172,Q03034_wild,C1=CC(=CC=C1C=CC(=O)O)O,-0.10237290870955856,0.5823777914047241,-1.6622581481933594,1.0552902221679688
1173,Q03034_wild,C1=CC=C(C=C1)C=CC(=O)O,-0.7447274948969352,0.9040955305099487,-1.5836018323898315,1.3103967905044556
1174,Q03034_wild,COC1=C(C=CC(=C1)C=CC(=O)O)O,-0.036212172654444715,0.39906635880470276,-1.796323299407959,1.1036455631256104
1175,G7VG08_wild,CC(=O)OC1=CC=C(C=C1)[N+](=O)[O-],-0.45593195564972444,0.9056469202041626,-0.37955716252326965,0.9817450046539307
1176,G7VG08_wild,CCCC(=O)OC1=CC=C(C=C1)[N+](=O)[O-],0.10380372095595687,1.0696706771850586,-0.5575950741767883,1.080837607383728
1177,G7VG08_wild,CCCCCCCC(=O)OC1=CC=C(C=C1)[N+](=O)[O-],0.42160392686983106,0.8345421552658081,-1.042927622795105,1.2199825048446655
1178,G7VG08_wild,CCCCCCCCCC(=O)OC1=CC=C(C=C1)[N+](=O)[O-],0.6981005456233899,0.7354352474212646,-1.2407342195510864,1.2570784091949463
1179,P06617_W466F,O=O,2.146128035678238,0.9947162866592407,-1.30338716506958,1.3485701084136963
1180,P06617_K365M,C1=CC=C2C(=C1)C(=CN2)CC(C(=O)O)N,0.07918124604762482,-0.5565475821495056,-0.9853706955909729,0.11997658014297485
1181,P06617_W466F,C1=CC=C2C(=C1)C(=CN2)CC(C(=O)O)N,-0.8860566476931633,0.05091595649719238,-1.193381667137146,0.6707435250282288
1182,P06617_wild,O=O,-1.045757490560675,0.9699356555938721,-1.311466097831726,1.3273838758468628
1183,Q0VH86_wild,C1C=CN(C=C1C(=O)N)C2C(C(C(O2)COP(=O)(O)OP(=O)(O)OCC3C(C(C(O3)N4C=NC5=C(N=CN=C54)N)OP(=O)(O)O)O)O)O,-1.9208187539523751,-0.19918139278888702,-1.652721881866455,1.7327818870544434
1184,Q0VH86_wild,CCCCCCCCC=O,-1.585026652029182,0.08878298848867416,-1.7953236103057861,0.8783650398254395
1185,P73833_wild,C1=NC(=C2C(=N1)N(C=N2)C3C(C(C(O3)COP(=O)(O)OP(=O)(O)OP(=O)(O)O)O)O)N,-0.6989700043360187,0.22101949155330658,-0.34867924451828003,1.02579665184021
1186,P73833_wild,C(C(C(=O)O)N)C(=O)O,-0.3467874862246563,0.29942116141319275,-0.08326947689056396,0.5871381163597107
1187,A0A077YGC3_wild,C1=C(C=C(C(=C1O)O)O)C(=O)OC2=CC(=CC(=C2O)O)C(=O)OCC3C(C(C(C(O3)OC(=O)C4=CC(=C(C(=C4)OC(=O)C5=CC(=C(C(=C5)O)O)O)O)O)OC(=O)C6=CC(=C(C(=C6)OC(=O)C7=CC(=C(C(=C7)O)O)O)O)O)OC(=O)C8=CC(=C(C(=C8)OC(=O)C9=CC(=C(C(=C9)O)O)O)O)O)OC(=O)C1=CC(=C(C(=C1)OC(=O)C1=CC(=C(C(=C1)O)O)O)O)O,-0.6777807052660807,0.9606809616088867,-0.6894592046737671,1.4947794675827026
1188,A0A077YGC3_wild,COC(=O)C1=CC(=C(C(=C1)O)O)O,0.5185139398778875,1.1408681869506836,0.0637667179107666,0.8637503385543823
1189,P40884_wild,C(C1C(C(C(C(O1)OCC2C(C(C(C(O2)O)O)O)O)O)O)O)O,1.1139433523068367,1.1194751262664795,1.4383548498153687,-0.34606748819351196
1190,P53051_wild,C1=CC(=CC=C1[N+](=O)[O-])OC2C(C(C(C(O2)CO)O)O)O,-0.23657200643706275,0.5945600867271423,0.5343337655067444,0.5518883466720581
1191,P53051_wild,C(C1C(C(C(C(O1)OCC2C(C(C(O2)(CO)O)O)O)O)O)O)O,1.255272505103306,1.2510972023010254,1.6339198350906372,-0.2296212613582611
1192,P53051_wild,COC1C(C(C(C(O1)CO)O)O)O,1.4313637641589874,1.1798073053359985,1.7126591205596924,-0.006251424551010132
1193,P53051_wild,C(C1C(C(C(C(O1)OC2(C(C(C(O2)CO)O)O)CO)O)O)O)O,2.1583624920952498,1.5201313495635986,1.493923306465149,0.1989315003156662
1194,Q08295_wild,C1=CC(=CC=C1[N+](=O)[O-])OC2C(C(C(C(O2)CO)O)O)O,-0.050609993355087264,0.4682675302028656,0.45397496223449707,0.5768554210662842
1195,Q08295_wild,C(C1C(C(C(C(O1)OCC2C(C(C(O2)(CO)O)O)O)O)O)O)O,1.0413926851582251,1.0863505601882935,1.5117210149765015,-0.256782591342926
1196,Q08295_wild,COC1C(C(C(C(O1)CO)O)O)O,1.4471580313422192,1.0349829196929932,1.6572235822677612,-0.04373067617416382
1197,Q08295_wild,C(C1C(C(C(C(O1)OC2(C(C(C(O2)CO)O)O)CO)O)O)O)O,2.167317334748176,1.3686580657958984,1.3632932901382446,0.16935455799102783
1198,P0CW40_wild,C(C1C(C(C(C(O1)OCC2C(C(C(O2)(CO)O)O)O)O)O)O)O,0.8450980400142568,1.0857455730438232,1.5108845233917236,-0.26518306136131287
1199,P0CW40_wild,C1=CC(=CC=C1[N+](=O)[O-])OC2C(C(C(C(O2)CO)O)O)O,-0.45593195564972444,0.4655577540397644,0.4651116728782654,0.5624637603759766
1200,P0CW40_wild,COC1C(C(C(C(O1)CO)O)O)O,1.1760912590556813,1.0195987224578857,1.6606067419052124,-0.05841425061225891
1201,P0CW40_wild,C(C1C(C(C(C(O1)OCC2C(C(C(C(O2)O)O)O)O)O)O)O)O,1.568201724066995,1.078222632408142,1.362339973449707,-0.2057783603668213
1202,P0CW40_wild,C(C1C(C(C(C(O1)OC2(C(C(C(O2)CO)O)O)CO)O)O)O)O,2.0644579892269186,1.3689091205596924,1.3666049242019653,0.1437097191810608
1203,P40884_wild,C(C1C(C(C(C(O1)OCC2C(C(C(O2)(CO)O)O)O)O)O)O)O,1.0791812460476249,1.0248723030090332,1.6273300647735596,-0.3759080469608307
1204,P40884_wild,C1=CC(=CC=C1[N+](=O)[O-])OC2C(C(C(C(O2)CO)O)O)O,-0.3187587626244128,0.45153799653053284,0.4404105544090271,0.46631303429603577
1205,P40884_wild,C(C1C(C(C(C(O1)OC2(C(C(C(O2)CO)O)O)CO)O)O)O)O,2.2810333672477277,1.2951834201812744,1.4139469861984253,0.05778127908706665
1206,S4TJ23_wild,CC(C(=O)O)NC(=O)C1CCCN1C(=O)C(CC2=CC=C(C=C2)O)N,-0.9208187539523751,2.3539490699768066,0.33814579248428345,2.0500905513763428
1207,S4TJ23_wild,CC(C(=O)N1CCCC1C(=O)NC(CCCN=C(N)N)C(=O)O)N,-0.853871964321762,1.835664987564087,0.13242971897125244,1.4693865776062012
1208,S4TJ23_wild,CC(C(=O)O)NC(=O)C1CCCN1C(=O)C(CO)N,-0.2676062401770315,2.4575130939483643,0.5143464803695679,1.8373357057571411
1209,S4TJ23_wild,CC(C(=O)O)NC(=O)C1CCCN1C(=O)C(CCCN=C(N)N)N,-0.619788758288394,2.3398098945617676,0.5194703340530396,1.7231099605560303
1210,A0A0H5BR52_wild,CC1=CC(=C(C=C1)C=O)C,0.11394335230683679,2.491201400756836,-0.6818175911903381,1.8527400493621826
1211,A0A0H5BR52_wild,C1=CC(=CC=C1C=O)Br,1.0,2.9756176471710205,-0.3815167248249054,2.1783435344696045
1212,A0A0H5BR52_wild,C1=CC=C(C=C1)C=O,0.47712125471966244,3.0135059356689453,0.2965163290500641,1.8249320983886719
1213,A0A0H5BR52_wild,CC1=CC(=CC=C1)C=O,1.021189299069938,2.961005687713623,-0.10791654884815216,1.8796697854995728
1214,A0A0H5BR52_wild,CC1=CC=C(C=C1)C=O,0.7323937598229685,2.947174072265625,-0.7430367469787598,2.204080581665039
1215,A0A0H5BR52_wild,COC1=CC=C(C=C1)C=O,0.8750612633917001,3.0986461639404297,-0.3775154948234558,2.0725173950195312
1216,A0A0H5BR52_wild,C1=CSC(=C1)C=O,1.255272505103306,3.4285597801208496,-0.04916214570403099,1.974822998046875
1217,A0A0H5BR52_wild,C1=CC=C(C=C1)C2=CC=C(C=C2)C=O,1.0128372247051722,2.4032163619995117,-0.9477751851081848,2.0338850021362305
1218,A0A0H5BR52_wild,COC1=CC=CC(=C1)C=O,0.8864907251724818,2.82680344581604,-0.47818857431411743,1.8561785221099854
1219,C0QRB5_wild,C(=O)=O,1.0334237554869496,6.421263217926025,1.0257107019424438,3.0522685050964355
1220,Q72NJ3_wild,C(CC(C(=O)O)N)CC(C(=O)O)N,-1.431798275933005,1.2553560733795166,0.1658754050731659,1.4797332286834717
1221,A8IW39_wild,C1CC(N=C(C1)C(=O)O)C(=O)O,-1.0,0.6564801931381226,-0.10576745867729187,0.8985311985015869
1222,A8IW39_wild,C(CC(C(=O)O)N)CC(C(=O)O)N,-0.5228787452803376,1.2784863710403442,0.3472566604614258,0.93426513671875
1223,A8IW39_wild,C(CC(=O)O)C(C(=O)O)N,-0.045757490560675115,1.026450514793396,0.8595690727233887,0.33869773149490356
1224,A8IW39_wild,C(CC(=O)O)C(=O)C(=O)O,0.3424226808222063,0.7829968929290771,0.27634626626968384,0.8575582504272461
1225,A0A6P3CW87_wild,C(CC(C(=O)O)N)CC(C(=O)O)N,0.6020599913279624,1.2864108085632324,0.19006934762001038,1.3120903968811035
1226,Q93ZN9_wild,C(CC(C(=O)O)N)CC(=O)C(=O)O,-1.4202164033831899,1.1826223134994507,-0.20273132622241974,1.0460494756698608
1227,Q93ZN9_wild,C(CC(C(=O)O)N)CC(C(=O)O)N,-1.3279021420642825,1.1635980606079102,-0.14307370781898499,1.086599349975586
1228,Q93ZN9_wild,C(CC(=O)O)C(C(=O)O)N,0.2787536009528289,1.0129002332687378,0.4849866032600403,0.3839063048362732
1229,Q93ZN9_wild,C(CC(=O)O)C(=O)C(=O)O,0.2600713879850748,0.52613765001297,-0.18354393541812897,0.9470489025115967
1230,P42412_wild,CC(C=O)C(=O)O,-0.6675615400843947,-0.13750725984573364,-0.23454123735427856,1.2752912044525146
1231,P42412_wild,CC(C)(COP(=O)(O)OP(=O)(O)OCC1C(C(C(O1)N2C=NC3=C(N=CN=C32)N)O)OP(=O)(O)O)C(C(=O)NCCC(=O)NCCS)O,-1.5228787452803376,0.10679415613412857,-0.8834848999977112,1.9200743436813354
1232,P42412_wild,C1=CC(=C[N+](=C1)C2C(C(C(O2)COP(=O)([O-])OP(=O)(O)OCC3C(C(C(O3)N4C=NC5=C(N=CN=C54)N)O)O)O)O)C(=O)N,0.25042000230889394,0.04969968646764755,-0.38247615098953247,1.4927009344100952
1233,A0A1Z2QRD5_wild,C1(C(C(OC(C1OC2C(C(C(C(O2)C(=O)O)P)O)O)C(=O)O)OP)O)O,-0.3098039199714864,1.0910043716430664,-0.6792529225349426,0.9434905648231506
1234,P00339_wild,CC(=O)C(=O)[O-],-0.8860566476931633,2.637770891189575,-0.5216459631919861,2.2239208221435547
1235,D8KFT1_wild,CC(=O)C(=O)[O-],0.0,2.046210289001465,0.16756661236286163,1.3536871671676636
1236,P0CI34_wild,C1C=CN(C=C1C(=O)N)C2C(C(C(O2)COP(=O)(O)OP(=O)(O)OCC3C(C(C(O3)N4C=NC5=C(N=CN=C54)N)O)O)O)O,-1.5228787452803376,1.788500189781189,-0.7888349890708923,2.627481460571289
1237,P07864_wild,C1=CC(=C[N+](=C1)C2C(C(C(O2)COP(=O)([O-])OP(=O)(O)OCC3C(C(C(O3)N4C=NC5=C(N=CN=C54)N)O)O)O)O)C(=O)N,-0.004364805402450088,1.8202154636383057,-0.6901195645332336,2.316267728805542
1238,P07864_wild,CC(C(=O)O)O,1.3380578754197563,2.0499725341796875,0.2606421113014221,1.5063097476959229
1239,P00339_wild,C1C=CN(C=C1C(=O)N)C2C(C(C(O2)COP(=O)(O)OP(=O)(O)OCC3C(C(C(O3)N4C=NC5=C(N=CN=C54)N)O)O)O)O,-1.8068754016455384,2.1239919662475586,-1.125063180923462,3.3106210231781006
1240,P00339_wild,CC(C(=O)O)O,-1.8477116556169435,2.121758222579956,0.3462408781051636,1.5522572994232178
1241,P00336_wild,CC(C(=O)O)O,-2.5850266520291822,1.9924252033233643,0.46639284491539,1.4788265228271484
1242,P00336_wild,C1C=CN(C=C1C(=O)N)C2C(C(C(O2)COP(=O)(O)OP(=O)(O)OCC3C(C(C(O3)N4C=NC5=C(N=CN=C54)N)O)O)O)O,-1.8632794328435933,2.1483192443847656,-1.018119215965271,3.168531894683838
1243,P00336_wild,CC(=O)C(=O)[O-],-1.329754146925876,2.606795072555542,-0.3552436828613281,2.1864013671875
1244,A0A1B1NX89_wild,CC1C(C(C(C(O1)OC2=CC=C(C=C2)[N+](=O)[O-])O)O)O,0.5185139398778875,1.3085606098175049,-0.34762170910835266,1.0149880647659302
1245,Q2G159_Y160A,CC(=O)NC1C(C(C(OC1O)CO)O)O,-1.2441251443275085,1.8867937326431274,-0.05886140093207359,1.6121983528137207
1246,Q2G159_wild,CC(=O)NC1C(C(C(OC1O)CO)O)O,-0.5850266520291821,1.8091657161712646,-0.029244985431432724,1.573523998260498
1247,Q2G159_Y160F,CC(=O)NC1C(C(C(OC1O)CO)O)O,-1.3098039199714864,1.80215585231781,-0.03731047734618187,1.5710947513580322
1248,Q2G159_wild,C1=NC(=C2C(=N1)N(C=N2)C3C(C(C(O3)COP(=O)(O)OP(=O)(O)OP(=O)(O)O)O)O)N,-0.1366771398795441,1.2282695770263672,-0.4915466606616974,1.7069021463394165
1249,Q2G159_wild,C(C1C(C(C(C(O1)O)O)O)O)O,1.1760912590556813,1.3874621391296387,0.02496648207306862,1.475919485092163
1250,A0A0H3LLR0_wild,C1=CC(=O)NC=C1C(=O)O,-1.0705810742857071,0.35479432344436646,0.015041861683130264,1.4087638854980469
1251,A0A0H3LLR0_wild,C1C=CN(C=C1C(=O)N)C2C(C(C(O2)COP(=O)(O)OP(=O)(O)OCC3C(C(C(O3)N4C=NC5=C(N=CN=C54)N)O)O)O)O,-2.2218487496163566,0.08513525873422623,-0.9010191559791565,1.784705638885498
1252,Q9LHN8_wild,CC(C)(COP(=O)(O)OP(=O)(O)OCC1C(C(C(O1)N2C=NC3=C(N=CN=C32)N)O)OP(=O)(O)O)C(C(=O)NCCC(=O)NCCSC(=O)C=CC4=CC(=C(C=C4)O)OC)O,-1.4436974992327127,-0.6458051800727844,-1.3700063228607178,1.5011016130447388
1253,G9M9M1_wild,CC(C)(COP(=O)(O)OP(=O)(O)OCC1C(C(C(O1)N2C=NC3=C(N=CN=C32)N)O)OP(=O)(O)O)C(C(=O)NCCC(=O)NCCSC(=O)C=CC4=CC(=C(C=C4)O)OC)O,-2.036212172654445,-0.6593100428581238,-1.2996948957443237,1.5504096746444702
1254,G9M9M2_wild,CC(C)(COP(=O)(O)OP(=O)(O)OCC1C(C(C(O1)N2C=NC3=C(N=CN=C32)N)O)OP(=O)(O)O)C(C(=O)NCCC(=O)NCCSC(=O)C=CC4=CC(=C(C=C4)O)OC)O,-1.9913998282380825,-0.6118203401565552,-1.3020330667495728,1.5636000633239746
1255,I3V6B7_wild,CC(=O)OC1C2C3=C(C4=C(C=C3CC[N+]2(CC5=C1C=CC(=C5OC)OC)C)OCO4)O,-2.309803919971486,-2.0596137046813965,-1.7500618696212769,0.5248081684112549
1256,I3V6B7_wild,C[N+]12CCC3=CC4=C(C(=C3C1CC5=C(C2)C(=C(C=C5)OC)OC)O)OCO4,-1.9746941347352298,-1.8692097663879395,-1.7753745317459106,0.7479383945465088
1257,B9EZV5_wild,C1(C(C(C(C(C1O)O)O)O)O)O,0.13987908640123647,0.5203816294670105,0.4662083387374878,0.559943437576294
1258,Q8VU09_wild,[Mg+2],-1.6020599913279623,0.9010341763496399,-0.20354638993740082,1.0864815711975098
1259,Q04212_wild,C1=CC(=C[N+](=C1)C2C(C(C(O2)COP(=O)([O-])OP(=O)(O)OCC3C(C(C(O3)N4C=NC5=C(N=CN=C54)N)O)O)O)O)C(=O)N,0.6127838567197249,-0.0797390565276146,-0.6238328814506531,1.024806261062622
1260,P51580_wild,C1=NC2=C(N1)C(=S)N=CN2,-3.167491087293764,-0.08980559557676315,-0.9664992094039917,0.8704975843429565
1261,P51580_R226E,C1=NC2=C(N1)C(=S)N=CN2,-2.9208187539523753,-0.12144974619150162,-0.9335547089576721,0.8490214347839355
1262,P51580_R152A,C1=NC2=C(N1)C(=S)N=CN2,-2.563837352959244,-0.28437426686286926,-0.8532119989395142,0.6372700929641724
1263,P51580_L69V,C1=NC2=C(N1)C(=S)N=C(N2)N,-1.250263684430939,-0.22637192904949188,-1.3359612226486206,1.128217101097107
1264,P51580_wild,C[S+](CCC(C(=O)[O-])N)CC1C(C(C(O1)N2C=NC3=C(N=CN=C32)N)O)O,-1.7328282715969863,-0.42859145998954773,-1.2123099565505981,1.0755200386047363
1265,P51580_R152A,C[S+](CCC(C(=O)[O-])N)CC1C(C(C(O1)N2C=NC3=C(N=CN=C32)N)O)O,-1.595166283380062,-0.5628884434700012,-1.1075712442398071,0.8260517716407776
1266,P51580_C212R,C1=NC2=C(N1)C(=S)N=C(N2)N,-1.1426675035687315,-0.30606400966644287,-1.3441284894943237,1.1125067472457886
1267,P51580_R152H,C[S+](CCC(C(=O)[O-])N)CC1C(C(C(O1)N2C=NC3=C(N=CN=C32)N)O)O,-1.6252516539898962,-0.5261716842651367,-1.1004359722137451,0.8678710460662842
1268,P51580_wild,C1=NC2=C(N1)C(=S)N=C(N2)N,-1.2027324591692836,-0.26900866627693176,-1.3561203479766846,1.130605697631836
1269,P51580_R226E,C[S+](CCC(C(=O)[O-])N)CC1C(C(C(O1)N2C=NC3=C(N=CN=C32)N)O)O,-1.8297382846050425,-0.4445757567882538,-1.1860634088516235,1.056070327758789
1270,P51580_R152E,C[S+](CCC(C(=O)[O-])N)CC1C(C(C(O1)N2C=NC3=C(N=CN=C32)N)O)O,-1.3516399890190685,-0.7070325613021851,-1.0326284170150757,0.6564383506774902
1271,P51580_R152H,C1=NC2=C(N1)C(=S)N=CN2,-2.844663962534938,-0.22208482027053833,-0.8593395352363586,0.666117787361145
1272,P51580_R152A/R226A,C[S+](CCC(C(=O)[O-])N)CC1C(C(C(O1)N2C=NC3=C(N=CN=C32)N)O)O,-1.334419008982047,-0.556344747543335,-1.0917282104492188,0.8339196443557739
1273,P51580_R226H,C1=NC2=C(N1)C(=S)N=CN2,-3.0409586076789066,-0.09596145153045654,-0.9498831629753113,0.8645898103713989
1274,P51580_R226H,C[S+](CCC(C(=O)[O-])N)CC1C(C(C(O1)N2C=NC3=C(N=CN=C32)N)O)O,-1.7011469235902934,-0.4274725615978241,-1.1886770725250244,1.0678576231002808
1275,P51580_R152A/R226A,C1=NC2=C(N1)C(=S)N=CN2,-2.199282921717615,-0.2840082049369812,-0.84663987159729,0.6457703113555908
1276,P51580_R152E,C1=NC2=C(N1)C(=S)N=CN2,-2.334419008982047,-0.4263957142829895,-0.7629595994949341,0.45872849225997925
1277,P51580_R226A,C1=NC2=C(N1)C(=S)N=CN2,-2.7931741239681505,-0.08593160659074783,-0.9538134336471558,0.8799494504928589
1278,P51580_R226A,C[S+](CCC(C(=O)[O-])N)CC1C(C(C(O1)N2C=NC3=C(N=CN=C32)N)O)O,-1.705533773838407,-0.413855642080307,-1.195940613746643,1.0868337154388428
1279,P51580_K119T,C1=NC2=C(N1)C(=S)N=C(N2)N,-1.0977250795254982,-0.3175172209739685,-1.3314846754074097,1.1109576225280762
1280,P51580_Q179H,C1=NC2=C(N1)C(=S)N=C(N2)N,-1.0806603632125866,-0.2849491536617279,-1.3480569124221802,1.1306297779083252
1281,O55060_wild,C1=NC2=C(N1)C(=S)N=CN2,-3.4559319556497243,-0.30250775814056396,-0.9365450143814087,0.7161245346069336
1282,O55060_wild,C[S+](CCC(C(=O)[O-])N)CC1C(C(C(O1)N2C=NC3=C(N=CN=C32)N)O)O,-2.2518119729937998,-0.5831760168075562,-1.1479893922805786,0.9511555433273315
1283,P14756_wild,CC(C(=O)NC(C)C(=O)NC(C)C(=O)NC(C)C(=O)O)N,1.0253058652647702,2.0633318424224854,0.299568772315979,1.5007128715515137
1284,P0A738_wild,C(C1C2(C(C(O1)N3C2NC4=C3N=C(NC4=O)N)O)O)OP(=O)(O)OP(=O)(O)OP(=O)(O)O,-3.6020599913279625,-2.450751781463623,-1.2250962257385254,1.1290420293807983
1285,P0A738_K51A,C(C1C2(C(C(O1)N3C2NC4=C3N=C(NC4=O)N)O)O)OP(=O)(O)OP(=O)(O)OP(=O)(O)O,-3.0,-3.006570816040039,-1.116092562675476,0.58179771900177
1286,P0A738_H77A,C(C1C2(C(C(O1)N3C2NC4=C3N=C(NC4=O)N)O)O)OP(=O)(O)OP(=O)(O)OP(=O)(O)O,-2.7958800173440754,-3.142909526824951,-1.0822370052337646,0.4874226450920105
1287,P0A738_E112A,C(C1C2(C(C(O1)N3C2NC4=C3N=C(NC4=O)N)O)O)OP(=O)(O)OP(=O)(O)OP(=O)(O)O,-2.619788758288394,-3.317375659942627,-1.1423662900924683,0.4730609059333801
1288,P0A738_E114A,C(C1C2(C(C(O1)N3C2NC4=C3N=C(NC4=O)N)O)O)OP(=O)(O)OP(=O)(O)OP(=O)(O)O,-2.3665315444204134,-3.143007278442383,-1.2057815790176392,0.5874066352844238
1289,P0A8D6_D35A,CC(=O)OC1C(C(OC1O)COP(=O)(O)OP(=O)(O)OCC2C(C(C(O2)N3C=NC4=C(N=CN=C43)N)O)O)O,0.43775056282038793,0.3364254832267761,-0.2884991466999054,0.9872118234634399
1290,P0A8D6_N25A,CC(=O)OC1C(C(OC1O)COP(=O)(O)OP(=O)(O)OCC2C(C(C(O2)N3C=NC4=C(N=CN=C43)N)O)O)O,0.1328997699444829,0.2197982221841812,-0.2551575005054474,0.9376959204673767
1291,P0A8D6_wild,CC(=O)OC1C(C(OC1O)COP(=O)(O)OP(=O)(O)OCC2C(C(C(O2)N3C=NC4=C(N=CN=C43)N)O)O)O,-0.3659259745125316,0.46666261553764343,-0.34758615493774414,1.2527745962142944
1292,Q9BQ69_wild,CC(=O)OC1C(C(OC1O)COP(=O)(O)OP(=O)(O)OCC2C(C(C(O2)N3C=NC4=C(N=CN=C43)N)O)O)O,0.14612803567823798,0.5760404467582703,-0.277403324842453,0.9365439414978027
1293,Q9BY32_wild,C1C(C(OC1N2C=NC3=C2N=CNC3=O)COP(=O)(O)OP(=O)(O)OP(=O)(O)O)O,-0.5086383061657274,1.3115646839141846,-1.1050797700881958,1.1510958671569824
1294,Q9BY32_wild,C1=NC2=C(N1C3C(C(C(O3)COP(=O)(O)OP(=O)(O)OP(=O)(O)O)O)O)NC(=O)NC2=O,-0.24412514432750865,1.5505703687667847,-1.3738077878952026,1.4150722026824951
1295,Q9BY32_wild,C1=NC2=C(C(=O)N1)N=CN2C3C(C(C(O3)COP(=O)(O)OP(=O)(O)OP(=O)(O)O)O)O,-0.2924298239020636,1.4351634979248047,-1.2843471765518188,1.4398269653320312
1296,Q9X015_wild,C1C(C(OC1N2C=CC(=NC2=O)N)COP(=O)(O)OP(=O)(O)OP(=O)(O)O)O,0.23044892137827394,0.9655277729034424,-0.15544448792934418,0.901117205619812
1297,Q9X015_wild,C1=CN(C(=O)N=C1N)C2C(C(C(O2)COP(=O)(O)OP(=O)(O)OP(=O)(O)O)O)O,-0.3979400086720376,1.016106128692627,-0.03552500531077385,0.8300074934959412
1298,Q9X015_wild,C1=NC(=C2C(=N1)N(C=N2)C3C(C(C(O3)COP(=O)(O)OP(=O)(O)OP(=O)(O)O)O)O)N,0.0,1.0000431537628174,-0.15116345882415771,0.9083488583564758
1299,Q9X015_wild,C1=NC2=C(N1C3C(C(C(O3)COP(=O)(O)OP(=O)(O)OP(=O)(O)O)O)O)N=C(NC2=O)N,0.0,0.931120753288269,-0.02370842918753624,0.9127976894378662
1300,Q9X015_wild,C1C(C(OC1N2C=NC3=C2N=C(NC3=O)N)COP(=O)(O)OP(=O)(O)OP(=O)(O)O)O,0.0,0.851277232170105,-0.06232237443327904,0.7331239581108093
1301,Q9X015_wild,CC1=CN(C(=O)NC1=O)C2CC(C(O2)COP(=O)(O)OP(=O)(O)OP(=O)(O)O)O,0.17609125905568124,0.9568036794662476,-0.15623167157173157,0.9217739105224609
1302,Q9X015_wild,C1=CN(C(=O)NC1=O)C2C(C(C(O2)COP(=O)(O)OP(=O)(O)OP(=O)(O)O)O)O,0.04139268515822508,1.1103254556655884,-0.0193040631711483,0.8099408745765686
1303,Q9X015_wild,C1C(C(OC1N2C=NC3=C(N=CN=C32)N)COP(=O)(O)OP(=O)(O)OP(=O)(O)O)O,0.505149978319906,0.8991060853004456,-0.012623559683561325,0.8489851355552673
1304,Q9BV86_wild,C[S+](CCC(C(=O)[O-])N)CC1C(C(C(O1)N2C=NC3=C(N=CN=C32)N)O)O,-3.42021640338319,-0.8817554116249084,-1.3008930683135986,0.9857769012451172
1305,P71018_R73A,[O-]P(=O)([O-])[O-],-0.9546770212133425,-1.1979787349700928,0.33525562286376953,0.3058346211910248
1306,P71018_wild,CCCCCCCCCCCCCCCC(=O)OP(=O)(O)O,-2.431798275933005,0.013784372247755527,-1.4697555303573608,1.5579146146774292
1307,P71018_wild,[O-]P(=O)([O-])[O-],-0.9829666607012196,-1.248565912246704,0.3274838626384735,0.2958073019981384
1308,P71018_E209A,[O-]P(=O)([O-])[O-],-1.031517051446065,-1.450669527053833,0.3414575457572937,0.03184771537780762
1309,P71018_K233A,[O-]P(=O)([O-])[O-],-0.8664610916297825,-1.2564972639083862,0.32464325428009033,0.22590042650699615
1310,P71018_R120A,[O-]P(=O)([O-])[O-],-0.8827287043442358,-1.2664275169372559,0.3296816945075989,0.23168118298053741
1311,P71018_N229Q,[O-]P(=O)([O-])[O-],-0.8996294548824371,-1.3950755596160889,0.38578853011131287,-0.027089983224868774
1312,P71018_K184R,[O-]P(=O)([O-])[O-],-1.2839966563652008,-1.3610591888427734,0.3569515645503998,0.15471573173999786
1313,P71018_E236A,[O-]P(=O)([O-])[O-],-0.8210230527068305,-1.2855870723724365,0.3136981725692749,0.22655610740184784
1314,P71018_N229A,[O-]P(=O)([O-])[O-],-0.5734887386354248,-1.3484203815460205,0.36019718647003174,0.03496357798576355
1315,P71018_R114A,[O-]P(=O)([O-])[O-],-0.8961962790440431,-1.2230091094970703,0.33054015040397644,0.3016358017921448
1316,P71018_E181A,[O-]P(=O)([O-])[O-],-0.6216020990520441,-1.55897855758667,0.4052657186985016,-0.11780443787574768
1317,P71018_K184Q,[O-]P(=O)([O-])[O-],-0.37161106994968846,-1.3320517539978027,0.34999698400497437,0.16981278359889984
1318,P71018_K184A,[O-]P(=O)([O-])[O-],-0.09582563171583654,-1.289170265197754,0.34020474553108215,0.20813457667827606
1319,Q8DRN3_wild,[O-]P(=O)([O-])[O-],-0.853871964321762,0.026010967791080475,0.27265623211860657,0.652332603931427
1320,A0A0P0X1V6_wild,C(CC(=O)O)C(=O)C(=O)O,-0.2596373105057561,1.4542419910430908,-0.31725841760635376,1.4088698625564575
1321,A0A0P0X1V6_wild,C(=O)C(=O)[O-],-0.494850021680094,1.8860327005386353,-0.21752101182937622,1.423418641090393
1322,A0A0P0X1V6_wild,C(CC(=O)O)C(C(=O)O)N,0.19589965240923374,1.895182490348816,0.5293681025505066,0.9314349889755249
1323,A0A0P0X1V6_wild,CC(C(=O)O)N,0.4712917110589386,1.9588674306869507,0.8216292262077332,0.7876081466674805
1324,D2Z0H9_wild,C(CC(=O)O)C(C(=O)O)N,0.07918124604762482,0.40836381912231445,0.4499801993370056,0.18498608469963074
1325,D2Z0H9_wild,C(=O)C(=O)[O-],0.8129133566428556,1.0911107063293457,-0.17704284191131592,0.7988336086273193
1326,P24298_wild,C(=O)C(=O)[O-],-0.09151498112135029,1.101625919342041,-0.3068396747112274,1.1019243001937866
1327,P56073_E114A,C1C(C(C(C=C1C(=O)O)O)O)O,-1.408935392973501,0.37557780742645264,-0.9421519041061401,0.9784557819366455
1328,P56073_wild,C1C(C(C(C=C1C(=O)O)O)O)O,-1.2218487496163564,0.33133405447006226,-0.9304457306861877,0.9594736099243164
1329,P56073_M10A,C1=NC(=C2C(=N1)N(C=N2)C3C(C(C(O3)COP(=O)(O)OP(=O)(O)OP(=O)(O)O)O)O)N,-0.9956786262173574,-0.1275082677602768,-0.6246434450149536,0.9496487379074097
1330,P56073_E114A,C1=NC(=C2C(=N1)N(C=N2)C3C(C(C(O3)COP(=O)(O)OP(=O)(O)OP(=O)(O)O)O)O)N,-0.8446639625352419,0.0678185448050499,-0.6598280668258667,1.120359182357788
1331,P56073_F48Y,C1=NC(=C2C(=N1)N(C=N2)C3C(C(C(O3)COP(=O)(O)OP(=O)(O)OP(=O)(O)O)O)O)N,-0.6363880201078557,-0.07916828244924545,-0.6450681686401367,0.9703980684280396
1332,P56073_M10A,C1C(C(C(C=C1C(=O)O)O)O)O,-0.8696662315049939,0.17387507855892181,-0.9144507050514221,0.7793080806732178
1333,P56073_F48Y,C1C(C(C(C=C1C(=O)O)O)O)O,-0.536107011014242,0.23956911265850067,-0.914598286151886,0.831965446472168
1334,P75430_K120A,C1=NC(=C2C(=N1)N(C=N2)C3C(C(C(O3)COP(=O)(O)OP(=O)(O)OP(=O)(O)O)O)O)N,0.07918124604762482,0.10787450522184372,-0.6861861944198608,1.1227421760559082
1335,P75430_wild,C1=NC(=C2C(=N1)N(C=N2)C3C(C(C(O3)COP(=O)(O)OP(=O)(O)OP(=O)(O)O)O)O)N,-1.1191864077192086,0.12207234650850296,-0.7455764412879944,1.1388378143310547
1336,P75430_wild,C1C(N(C2=C(N1)N=C(NC2=O)N)C=O)CNC3=CC=C(C=C3)C(=O)NC(CCC(=O)O)C(=O)O,-2.6020599913279625,0.3466852307319641,-1.3931024074554443,1.7189579010009766
1337,P75430_K120A,C1C(N(C2=C(N1)N=C(NC2=O)N)C=O)CNC3=CC=C(C=C3)C(=O)NC(CCC(=O)O)C(=O)O,-2.148741651280925,0.33877816796302795,-1.3296997547149658,1.6804711818695068
1338,Q5CB51_wild,CC1=C(C=C2CCC(OC2=C1C)(C)CCCC(C)CCCC(C)CCCC(C)C)O,-2.744727494896694,-0.9431193470954895,-1.4864243268966675,0.9066728353500366
1339,Q5CB51_wild,CC1=CC(=CC2=C1OC(CC2)(C)CCCC(C)CCCC(C)CCCC(C)C)O,-2.552841968657781,-1.2499542236328125,-1.726181149482727,0.8614363670349121
1340,Q5CB51_wild,C[S+](CCC(C(=O)[O-])N)CC1C(C(C(O1)N2C=NC3=C(N=CN=C32)N)O)O,-2.0604807473813813,-0.8498031497001648,-1.313900113105774,0.8462292551994324
1341,Q08210_wild,CCCCCCCCCCC1=C(C(=O)C(=C(C1=O)OC)OC)C,-1.494850021680094,-0.013678125105798244,-2.020507574081421,1.257163643836975
1342,Q08210_wild,CC1=C(C(=O)C(=C(C1=O)OC)OC)CC=C(C)CCC=C(C)CCC=C(C)CCC=C(C)CCC=C(C)CCC=C(C)C,-1.207608310501746,0.09674761444330215,-1.9413055181503296,1.4379156827926636
1343,Q08210_R265K,C1C(NC(=O)NC1=O)C(=O)O,-1.8860566476931633,0.34875237941741943,-1.3736293315887451,1.5800073146820068
1344,Q08210_R265A,CCCCCCCCCCC1=C(C(=O)C(=C(C1=O)OC)OC)C,-1.8860566476931633,-0.021936900913715363,-2.0115983486175537,1.275937795639038
1345,Q08210_wild,C1C(NC(=O)NC1=O)C(=O)O,-0.9430951486635274,0.36257481575012207,-1.374189019203186,1.5757981538772583
1346,Q08210_Y528F,CC1=C(C(=O)C(=C(C1=O)OC)OC)CC=C(C)C,1.3010299956639813,0.3471546471118927,-1.7789939641952515,0.9392783641815186
1347,Q08210_H185A/R265K,C1C(NC(=O)NC1=O)C(=O)O,-1.4814860601221125,0.3347589373588562,-1.3558330535888672,1.578363299369812
1348,Q08210_F188A,CCCCCCCCCCC1=C(C(=O)C(=C(C1=O)OC)OC)C,-1.769551078621726,-0.012651941739022732,-2.0113868713378906,1.25406014919281
1349,Q08210_F188A,C1C(NC(=O)NC1=O)C(=O)O,-1.769551078621726,0.3651958703994751,-1.3672174215316772,1.5718586444854736
1350,Q08210_wild,CC1=C(C(=O)C(=C(C1=O)OC)OC)CC=C(C)CCC=C(C)CCC=C(C)CCC=C(C)C,-1.4559319556497243,0.17201398313045502,-1.9488162994384766,1.3203763961791992
1351,Q08210_L531A,CC1=C(C(=O)C(=C(C1=O)OC)OC)CC=C(C)C,1.2304489213782739,0.3676111698150635,-1.7763160467147827,0.9704247713088989
1352,Q08210_wild,CC1=C(C(=O)C(=C(C1=O)OC)OC)CC=C(C)C,1.0413926851582251,0.3645652234554291,-1.7822340726852417,0.9582045674324036
1353,Q08210_F227A/Y528A,CC1=C(C(=O)C(=C(C1=O)OC)OC)CC=C(C)C,1.2041199826559248,0.3614085912704468,-1.770139217376709,0.9379853010177612
1354,Q08210_H185A,C1C(NC(=O)NC1=O)C(=O)O,-1.7212463990471711,0.3470710217952728,-1.3552988767623901,1.5733551979064941
1355,Q08210_H185A,CCCCCCCCCCC1=C(C(=O)C(=C(C1=O)OC)OC)C,-1.7212463990471711,-0.027702264487743378,-2.004840612411499,1.2555866241455078
1356,Q08210_F188A,CC1=C(C(=O)C(=C(C1=O)OC)OC)CC=C(C)C,1.1760912590556813,0.36538687348365784,-1.7727309465408325,0.9605821371078491
1357,Q08210_R265A,CC1=C(C(=O)C(=C(C1=O)OC)OC)CC=C(C)C,1.5797835966168101,0.3583312928676605,-1.7678776979446411,0.9709876179695129
1358,Q08210_H185A,CC1=C(C(=O)C(=C(C1=O)OC)OC)CC=C(C)C,1.3424226808222062,0.3503711521625519,-1.764257550239563,0.9558795690536499
1359,Q08210_I272A,CC1=C(C(=O)C(=C(C1=O)OC)OC)CC=C(C)C,0.8920946026904804,0.36503514647483826,-1.7722094058990479,0.9740212559700012
1360,Q08210_Y528W,CC1=C(C(=O)C(=C(C1=O)OC)OC)CC=C(C)C,1.6812412373755872,0.3530116379261017,-1.786660075187683,0.916100800037384
1361,A0A100YXA1_wild,C1=CC=C2C(=C1)C(=CN2)CC(=O)[O-],-0.431798275933005,0.3534352481365204,-0.5978666543960571,0.5812602639198303
1362,A0A0E3M8P3_wild,C1=CC=C2C(=C1)C(=CN2)CC(=O)[O-],-0.44611697335612566,0.5603237748146057,-0.5209394693374634,0.5427411794662476
1363,P05990_wild,C(CC(=O)N)C(C(=O)O)N,-1.2441251443275085,0.5737088918685913,-0.25345492362976074,0.7275073528289795
1364,P05990_wild,C(=O)(O)[O-],0.47712125471966244,0.8542720079421997,0.21663028001785278,0.8625937104225159
1365,Q91Y74_wild,CC(=O)NC1C(C(C(OC1O)CO)O)OC2C(C(C(C(O2)CO)O)O)O,-0.12493873660829995,0.02826777845621109,-0.3610098361968994,1.0473394393920898
1366,Q27651_wild,[O-]P(=O)([O-])OP(=O)([O-])[O-],-1.744727494896694,1.625316858291626,-1.0770341157913208,2.211992025375366
1367,Q877I3_wild,C1=NC(=C2C(=N1)N(C=N2)C3C(C(C(O3)COP(=O)(O)OP(=O)(O)OP(=O)(O)O)O)O)N,-1.3010299956639813,-0.0043014949187636375,-0.5735580325126648,1.0644750595092773
1368,Q877I3_wild,CCC(=O)SCCNC(=O)CCNC(=O)C(C(C)(C)COP(=O)(O)OP(=O)(O)OCC1C(C(C(O1)N2C=NC3=C(N=CN=C32)N)O)OP(=O)(O)O)O,-1.0,-0.062426239252090454,-0.9714385271072388,1.6245801448822021
1369,Q877I3_wild,CC(=O)SCCNC(=O)CCNC(=O)C(C(C)(C)COP(=O)(O)OP(=O)(O)OCC1C(C(C(O1)N2C=NC3=C(N=CN=C32)N)O)OP(=O)(O)O)O,-0.7695510786217261,0.011028238572180271,-0.9404333829879761,1.5976321697235107
1370,Q05A13_wild,CC1=C(C(CCC1)(C)C)C=CC(=CC=CC(=CCO)C)C,-3.0604807473813813,-0.8638144731521606,-2.4636547565460205,1.6584091186523438
1371,Q05A13_wild,CC1=C(C(CCC1)(C)C)C=CC(=CC=CC(=CC=O)C)C,-2.408935392973501,-0.7745922803878784,-2.527460813522339,1.5052741765975952
1372,Q05A13_wild,C1=CC(=C[N+](=C1)C2C(C(C(O2)COP(=O)([O-])OP(=O)(O)OCC3C(C(C(O3)N4C=NC5=C(N=CN=C54)N)O)O)O)O)C(=O)N,-0.3372421683184259,-0.03145461529493332,-1.073106050491333,1.30173659324646
1373,Q05A13_wild,C1C=CN(C=C1C(=O)N)C2C(C(C(O2)COP(=O)(O)OP(=O)(O)OCC3C(C(C(O3)N4C=NC5=C(N=CN=C54)N)O)O)O)O,-1.958607314841775,0.23168951272964478,-1.4797369241714478,1.9070059061050415
1374,Q58579_wild,CC1=CC2=C(C=C1C)N(C3=NC(=O)NC(=O)C3=N2)CC(C(C(COP(=O)(O)O)O)O)O,-1.2006594505464183,0.1666628122329712,-1.568562626838684,1.7726325988769531
1375,Q58579_wild,C1=NC(=C2C(=N1)N(C=N2)C3C(C(C(O3)COP(=O)(O)OP(=O)(O)OP(=O)(O)O)O)O)N,-1.6020599913279623,0.612087070941925,-0.5681877732276917,1.2430047988891602
1376,Q58579_wild,C1=CN(C(=O)N=C1N)C2C(C(C(O2)COP(=O)(O)OP(=O)(O)OP(=O)(O)O)O)O,-0.3187587626244128,0.5114867687225342,-0.3640025854110718,1.0522223711013794
1377,P52894_wild,C(CC(=O)O)C(=O)C(=O)O,-0.5228787452803376,1.3150519132614136,-0.22276660799980164,1.4697291851043701
1378,P52894_wild,C(CC(=O)O)C(C(=O)O)N,-0.09691001300805639,1.5784273147583008,0.556276798248291,0.9358327388763428
1379,P52894_wild,CC(C(=O)O)N,0.7481880270062004,1.5396556854248047,0.8711934089660645,0.6985926628112793
1380,Q8QZR5_wild,CC(=O)C(=O)[O-],1.0969100130080565,0.8021034598350525,-0.08604037761688232,0.7434457540512085
1381,Q8QZR5_wild,C(CC(=O)O)C(C(=O)O)N,1.1139433523068367,1.062875747680664,0.3993229269981384,0.672524631023407
1382,Q8QZR5_wild,CC(C(=O)O)N,1.423245873936808,1.1730809211730957,0.8398036360740662,0.38031113147735596
1383,F4I7I0_wild,CC(C(=O)O)N,0.38021124171160603,1.3653873205184937,0.7270896434783936,0.42518001794815063
1384,F4I7I0_wild,C(CC(=O)O)C(C(=O)O)N,0.3979400086720376,1.3771494626998901,0.5737593770027161,0.6427399516105652
1385,Q9LDV4_wild,C(CC(=O)O)C(=O)C(=O)O,0.0,0.9051483273506165,0.02628130093216896,0.9796353578567505
1386,Q9LDV4_wild,CC(C(=O)O)N,1.0170333392987805,1.4820150136947632,0.8186866641044617,0.39095547795295715
1387,Q9LDV4_wild,CC(=O)C(=O)[O-],0.7075701760979278,1.1944332122802734,0.07417319715023041,0.8166517019271851
1388,P39976_wild,C(CC(=O)O)C(C(=O)O)O,-0.9546770212133425,-0.20664425194263458,-0.031809281557798386,0.7484713792800903
1389,P39976_wild,CC(=O)C(=O)[O-],-0.3467874862246563,0.5762547850608826,-0.4266911745071411,0.9538462162017822
1390,Q9NRN7_H111A,CC(=O)SCCNC(=O)CCNC(=O)C(C(C)(C)COP(=O)(O)OP(=O)(O)OCC1C(C(C(O1)N2C=NC3=C(N=CN=C32)N)O)OP(=O)(O)O)O,-1.0222763947111522,-1.4757623672485352,-0.9126948714256287,-0.11660844087600708
1391,Q9NRN7_D129A,[Mg+2],0.6627578316815741,-1.0643224716186523,-0.017602335661649704,-1.2406055927276611
1392,Q9NRN7_R47A,[Mg+2],0.5185139398778875,-0.8163453340530396,-0.04482844099402428,-0.9843558073043823
1393,Q9NRN7_R47A,CC(=O)SCCNC(=O)CCNC(=O)C(C(C)(C)COP(=O)(O)OP(=O)(O)OCC1C(C(C(O1)N2C=NC3=C(N=CN=C32)N)O)OP(=O)(O)O)O,-1.1191864077192086,-1.1939935684204102,-1.0884908437728882,0.17595073580741882
1394,Q9NRN7_K185A,[Mg+2],0.04139268515822508,-1.100434422492981,-0.0024525634944438934,-1.2505557537078857
1395,Q9NRN7_Q112E,[Mg+2],-0.12493873660829995,-0.8172218203544617,0.002487052232027054,-1.0047739744186401
1396,Q9NRN7_Q112E,CC(=O)SCCNC(=O)CCNC(=O)C(C(C)(C)COP(=O)(O)OP(=O)(O)OCC1C(C(C(O1)N2C=NC3=C(N=CN=C32)N)O)OP(=O)(O)O)O,-1.3279021420642825,-1.2222613096237183,-1.043700098991394,0.15125823020935059
1397,Q9NRN7_E181Q,CC(=O)SCCNC(=O)CCNC(=O)C(C(C)(C)COP(=O)(O)OP(=O)(O)OCC1C(C(C(O1)N2C=NC3=C(N=CN=C32)N)O)OP(=O)(O)O)O,-1.0915149811213503,-1.6705007553100586,-1.0150262117385864,-0.23782378435134888
1398,Q9NRN7_E181Q/Q112E,CC(=O)SCCNC(=O)CCNC(=O)C(C(C)(C)COP(=O)(O)OP(=O)(O)OCC1C(C(C(O1)N2C=NC3=C(N=CN=C32)N)O)OP(=O)(O)O)O,-1.031517051446065,-1.7670261859893799,-0.924401581287384,-0.34992730617523193
1399,Q9NRN7_R86A,[Mg+2],1.1760912590556813,-0.7978511452674866,-0.05964277312159538,-0.9689903259277344
1400,Q9NRN7_wild,[Mg+2],-0.3565473235138126,-0.7884931564331055,-0.059942152351140976,-0.9547790288925171
1401,Q9NRN7_E181Q,[Mg+2],0.8808135922807914,-1.2755076885223389,0.024224523454904556,-1.3788580894470215
1402,Q9NRN7_H111A,[Mg+2],1.5378190950732742,-1.1091676950454712,0.08586572110652924,-1.2616236209869385
1403,Q9NRN7_D129A,CC(=O)SCCNC(=O)CCNC(=O)C(C(C)(C)COP(=O)(O)OP(=O)(O)OCC1C(C(C(O1)N2C=NC3=C(N=CN=C32)N)O)OP(=O)(O)O)O,-0.8477116556172494,-1.4966195821762085,-1.0649566650390625,-0.09797203540802002
1404,Q9NRN7_E181A,[Mg+2],1.2624510897304295,-1.0995137691497803,-0.023008253425359726,-1.2100169658660889
1405,Q9NRN7_wild,CC(=O)SCCNC(=O)CCNC(=O)C(C(C)(C)COP(=O)(O)OP(=O)(O)OCC1C(C(C(O1)N2C=NC3=C(N=CN=C32)N)O)OP(=O)(O)O)O,-1.6038006529042637,-1.182474970817566,-1.112336277961731,0.20543459057807922
1406,Q9NRN7_K185A,CC(=O)SCCNC(=O)CCNC(=O)C(C(C)(C)COP(=O)(O)OP(=O)(O)OCC1C(C(C(O1)N2C=NC3=C(N=CN=C32)N)O)OP(=O)(O)O)O,-1.6073030467403342,-1.479463815689087,-1.0372495651245117,-0.09365588426589966
1407,Q9NRN7_E181A,CC(=O)SCCNC(=O)CCNC(=O)C(C(C)(C)COP(=O)(O)OP(=O)(O)OCC1C(C(C(O1)N2C=NC3=C(N=CN=C32)N)O)OP(=O)(O)O)O,-1.3429441471428962,-1.5150506496429443,-1.0642842054367065,-0.058444857597351074
1408,Q9NRN7_R86A,CC(=O)SCCNC(=O)CCNC(=O)C(C(C)(C)COP(=O)(O)OP(=O)(O)OCC1C(C(C(O1)N2C=NC3=C(N=CN=C32)N)O)OP(=O)(O)O)O,-0.3990271043132517,-1.1836800575256348,-1.079651951789856,0.19420722126960754
1409,Q9NRN7_E181Q/Q112E,[Mg+2],2.017450729510536,-1.358292818069458,0.11099053919315338,-1.497873306274414
1410,C8WMP0_wild,CC(CCC(=O)O)C1CCC2C1(C(CC3C2CCC4C3(CCC(=O)C4)C)O)C,3.1072099696478683,0.3930526673793793,-0.7211888432502747,0.5382857918739319
1411,Q5L868_wild,CC(=O)NC1C(CC(OC1C(C(CO)O)O)(C(=O)O)O)O,-0.12493873660829995,1.6040306091308594,0.03775841370224953,1.0759505033493042
1412,Q8BGL3_wild,CC(CCC(=O)O)C1CCC2C1(C(CC3C2C(CC4C3(CCC(C4)O)C)O)O)C,-2.9208187539523753,-1.8930001258850098,-1.6057156324386597,0.2178519070148468
1413,Q8BGL3_H48N,CC(CCC(=O)O)C1CCC2C1(C(CC3C2C(CC4C3(CCC(C4)O)C)O)O)C,-0.7307206102281014,-1.8013947010040283,-1.6207183599472046,0.299731969833374
1414,Q8BGL3_L99H,CC(CCC(=O)O)C1CCC2C1(C(CC3C2C(CC4C3(CCC(C4)O)C)O)O)C,-0.40505526330491665,-1.5950263738632202,-1.6625956296920776,0.4304136633872986
1415,G4VGH9_wild,C1=CN(C(=O)NC1=O)C2C(C(C(O2)CO)O)O,-1.5086383061657274,1.0687649250030518,-0.48349660634994507,1.7906087636947632
1416,G4VGH9_wild,CC1=CN(C(=O)NC1=O)C2CC(C(O2)CO)O,-1.3106911408763797,0.4006595313549042,-0.9403948783874512,1.9592561721801758
1417,Q3LXA3_K204A,C(C(C=O)O)O,-1.8239087409443187,0.1872238665819168,-0.1550595462322235,1.6038165092468262
1418,Q3LXA3_T112A,C(C(C=O)O)O,-1.8632794328435933,0.19085301458835602,-0.1521582007408142,1.5955169200897217
1419,Q3LXA3_wild,C(C(=O)CO)O,-1.8096683018297086,0.2561936676502228,-0.8052120804786682,1.2947629690170288
1420,Q3LXA3_S446A,C1=NC(=C2C(=N1)N(C=N2)C3C(C(C(O3)COP(=O)(O)OP(=O)(O)OP(=O)(O)O)O)O)N,-1.453457336521869,0.243206188082695,-0.866628885269165,1.6801819801330566
1421,Q3LXA3_C404A,C(C(C=O)O)O,-1.790484985457369,0.17848064005374908,-0.15918435156345367,1.5816316604614258
1422,Q3LXA3_S446A,C(C(=O)CO)O,-2.00436480540245,0.24285615980625153,-0.8060603737831116,1.2818235158920288
1423,Q3LXA3_S446A,C(C(C=O)O)O,-2.1487416512809245,0.18654318153858185,-0.1541294902563095,1.5944563150405884
1424,Q3LXA3_C404A,C1=NC(=C2C(=N1)N(C=N2)C3C(C(C(O3)COP(=O)(O)OP(=O)(O)OP(=O)(O)O)O)O)N,-0.7375489102695706,0.23133310675621033,-0.8791468143463135,1.6663072109222412
1425,Q3LXA3_C404A,C(C(=O)CO)O,-1.7189666327522726,0.23236748576164246,-0.81434565782547,1.2746028900146484
1426,Q3LXA3_wild,C(C(C=O)O)O,-1.7423214251308154,0.19652916491031647,-0.1526673436164856,1.609484076499939
1427,Q3LXA3_T112A,C1=NC(=C2C(=N1)N(C=N2)C3C(C(C(O3)COP(=O)(O)OP(=O)(O)OP(=O)(O)O)O)O)N,-1.069050968832477,0.252246618270874,-0.8610554933547974,1.687514305114746
1428,Q3LXA3_K204A,C(C(=O)CO)O,-1.5985994592184558,0.24806182086467743,-0.806203305721283,1.288276195526123
1429,Q3LXA3_wild,C1=NC(=C2C(=N1)N(C=N2)C3C(C(C(O3)COP(=O)(O)OP(=O)(O)OP(=O)(O)O)O)O)N,-1.204815410317576,0.25762879848480225,-0.8613023161888123,1.6932555437088013
1430,Q3LXA3_T112A,C(C(=O)CO)O,-1.1784864715952268,0.24981628358364105,-0.8063310980796814,1.2862502336502075
1431,Q3LXA3_K204A,C1=NC(=C2C(=N1)N(C=N2)C3C(C(C(O3)COP(=O)(O)OP(=O)(O)OP(=O)(O)O)O)O)N,-1.157390760389438,0.24972738325595856,-0.8604588508605957,1.6799389123916626
1432,A0A3R5WSX8_wild,C1=CC(=CC=C1[N+](=O)[O-])OS(=O)(=O)O,-1.8632794328435933,-0.5044841766357422,-0.04557326063513756,0.06589329242706299
1433,P13650_wild,C(C1C(C(C(C(O1)O)O)O)O)O,0.724275869600789,2.6363539695739746,0.48201510310173035,1.0525870323181152
1434,P13650_N452T,C(C1C(C(C(C(O1)O)O)O)O)O,0.568201724066995,2.6352405548095703,0.4843990206718445,1.0500985383987427
1435,P13650_wild,C(C1C(C(C(C(O1)OC2C(OC(C(C2O)O)O)CO)O)O)O)O,1.414973347970818,2.5462899208068848,-0.049723561853170395,1.255066156387329
1436,P13650_D167E/N452T,C(C1C(C(C(C(O1)OC2C(OC(C(C2O)O)O)CO)O)O)O)O,1.2041199826559248,2.5227694511413574,-0.057465966790914536,1.2364892959594727
1437,P13650_wild,COC(C(C=O)O)C(C(CO)O)O,1.7242758696007892,2.3991847038269043,0.08729082345962524,1.09722900390625
1438,P13650_N452T,COC(C(C=O)O)C(C(CO)O)O,1.4409090820652177,2.396357297897339,0.08952224254608154,1.0927821397781372
1439,P13650_N452T,C(C1C(C(C(C(O1)OC2C(OC(C(C2O)O)O)CO)O)O)O)O,1.146128035678238,2.5437912940979004,-0.048084672540426254,1.2512214183807373
1440,P13650_D167E,C(C1C(C(C(C(O1)O)O)O)O)O,1.7403626894942439,2.6125433444976807,0.4761050045490265,1.037551760673523
1441,P13650_D167E,C(C1C(C(C(C(O1)OC2C(OC(C(C2O)O)O)CO)O)O)O)O,1.2304489213782739,2.5249245166778564,-0.05933057889342308,1.240109920501709
1442,P13650_T416V/T417V,C(C1C(C(C(C(O1)O)O)O)O)O,1.2041199826559248,2.6094722747802734,0.48774248361587524,1.0213936567306519
1443,P13650_D167E/N452T,C(C1C(C(C(C(O1)O)O)O)O)O,1.6812412373755872,2.6117191314697266,0.47864270210266113,1.03488028049469
1444,P13650_D167E/N452T,COC(C(C=O)O)C(C(CO)O)O,2.296665190261531,2.3734912872314453,0.07779544591903687,1.0764124393463135
1445,P13650_H168C,C(C1C(C(C(C(O1)O)O)O)O)O,2.285557309007774,2.2743184566497803,0.5285734534263611,0.7267330884933472
1446,P13650_H168Q,C(C1C(C(C(C(O1)O)O)O)O)O,2.187520720836463,2.4070708751678467,0.5263327956199646,0.8120243549346924
1447,P13650_D167E,COC(C(C=O)O)C(C(CO)O)O,1.99563519459755,2.376286506652832,0.07595115900039673,1.0806646347045898
1448,O50641_P157Q,CC(=O)CC1=CC=CC=C1,-0.22184874961635637,-0.07239721715450287,-0.30734896659851074,0.21252942085266113
1449,O50641_L500Y/V291A,CC(=O)CC1=CC=CC=C1,-0.6989700043360187,-0.10228411108255386,-0.2978803515434265,0.1911269724369049
1450,O50641_wild,CC(=O)CC1=CC=CC=C1,0.0,-0.0857849195599556,-0.3034670352935791,0.20130275189876556
1451,O50641_K295A,CC(=O)CC1=CC=CC=C1,-0.09691001300805639,-0.09021825343370438,-0.31179776787757874,0.2029285579919815
1452,O50641_T345L,CC(=O)CC1=CC=CC=C1,0.414973347970818,-0.07072494179010391,-0.3067609667778015,0.20777884125709534
1453,A0A2X0SE53_wild,C1C(C(OC1N2C=CC(=O)NC2=O)COP(=O)(O)OP(=O)(O)OP(=O)(O)O)O,0.5784099703312243,-0.9485442042350769,-2.444556713104248,1.3585519790649414
1454,Q6ZNW5_wild,C1=NC2=C(N1C3C(C(C(O3)COP(=O)(O)OP(=O)(O)OC4C(C(C(C(O4)CO)O)O)O)O)O)N=C(NC2=O)N,-2.6989700043360187,0.5135087966918945,-1.100724220275879,1.7845240831375122
1455,Q6ZNW5_wild,[O-]P(=O)([O-])[O-],0.4623979978989561,0.7884840965270996,-0.04725274071097374,1.0417295694351196
1456,B6D1W5_wild,CCCCCC=CCC=CCCCCCCCC(=O)O,-0.7572101905213235,2.4463248252868652,-1.8109031915664673,2.4474375247955322
1457,B6D1W5_wild,CCC=CCC=CCC=CCCCCCCCC(=O)O,-0.4638204678627747,2.5909528732299805,-1.6778541803359985,2.304497241973877
1458,A0A125S6K7_wild,CCCCCC=CCC=CCCCCCCCC(=O)O,-0.637706062035769,2.7627155780792236,-1.5632208585739136,2.6123805046081543
1459,A0A125S6K7_wild,CCC=CCC=CCC=CCCCCCCCC(=O)O,-0.8532519863693602,2.807300329208374,-1.4812475442886353,2.430619478225708
1460,A0A125S6K8_wild,CCCCCC=CCC=CCCCCCCCC(=O)O,-0.9003193588907499,2.9036078453063965,-1.610697627067566,2.6558055877685547
1461,A0A125S6K8_wild,CCC=CCC=CCC=CCCCCCCCC(=O)O,-0.8052082422783527,2.941037178039551,-1.5465428829193115,2.454359292984009
1462,Q9Y6N5_wild,[S-2],-0.45593195564972444,1.1051769256591797,-1.6365299224853516,2.7504329681396484
1463,Q9Y6N5_wild,CC1=C(C(=O)C(=C(C1=O)OC)OC)CC=C(C)C,-1.7011469235902934,0.9294451475143433,-1.8311949968338013,2.610978603363037
1464,Q9Y6N5_wild,CC1=C(C(=O)C(=C(C1=O)OC)OC)CC=C(C)CCC=C(C)CCC=C(C)CCC=C(C)CCC=C(C)CCC=C(C)CCC=C(C)CCC=C(C)CCC=C(C)CCC=C(C)C,-1.7212463990471711,1.0577536821365356,-1.935541033744812,3.262417793273926
1465,Q9Y6N5_wild,[C-]#N,-0.18708664335714442,1.4976946115493774,-0.5078654289245605,2.0074944496154785
1466,Q9Y6N5_wild,[O-]S(=O)[O-],-0.7594507517174003,0.809237003326416,-0.7932958602905273,1.996171474456787
1467,Q8KDG3_wild,[S-2],0.290034611362518,0.7363026738166809,-1.4700254201889038,2.157195568084717
1468,G7J7Q5_wild,C1=C(NC=N1)CC(COP(=O)(O)O)N,-0.5800442515102421,0.24564732611179352,-0.8154686093330383,1.2852153778076172
1469,O67625_wild,CC(=CCOP(=O)(O)OP(=O)(O)O)CO,-0.22914798835785574,0.5118639469146729,-0.7960456013679504,1.393235206604004
1470,Q9LE86_wild,COC1=C(C=C2C(=C1)C=CC(=O)O2)O,-1.958607314841775,-0.9175124168395996,-1.5982714891433716,1.206921935081482
1471,Q8G9L1_wild,C(=CC(=O)[O-])C(=CC(=O)[O-])Cl,0.09342168516223508,0.314736932516098,-0.7038688659667969,0.6452070474624634
1472,Q8G9L1_wild,CC(=CC(=O)O)C=CC(=O)O,-1.3124710387853658,0.5934746265411377,-0.6606362462043762,0.8758974075317383
1473,Q8G9L1_wild,C(=CC(=O)[O-])C=C(C(=O)[O-])Cl,-1.2525881921135766,0.21063052117824554,-0.8997405171394348,0.7137438654899597
1474,Q8G9L1_wild,C(=CC(=O)[O-])C=CC(=O)[O-],-1.0899094544059318,0.8226116895675659,-0.8288836479187012,0.9808510541915894
1475,Q8GJG6_wild,C=CC#N,1.9344984512435677,0.9814485311508179,0.49366897344589233,0.7073425054550171
1476,A0A545BBS8_wild,C1C2=CC=CC=C2C(=O)C1=O,-0.03151705144606486,0.8987988829612732,-1.2555162906646729,1.734546422958374
1477,A0A545BBS8_wild,CC(C(=O)C1=CC=CC=C1)Cl,0.9415114326344031,0.33476778864860535,-1.0557156801223755,0.9515459537506104
1478,A0A545BBS8_wild,CC(C(C1=CC=CC=C1)O)NC,-0.5850266520291821,0.35808703303337097,-0.7183235883712769,0.9744808673858643
1479,A0A545BBS8_wild,C1=CC(=C[N+](=C1)C2C(C(C(O2)COP(=O)([O-])OP(=O)(O)OCC3C(C(C(O3)N4C=NC5=C(N=CN=C54)N)O)O)O)O)C(=O)N,0.5314789170422551,0.6542801856994629,-0.8085998296737671,1.5341675281524658
1480,Q5GTD5_wild,CC1=CN(C(=O)NC1=O)C2CC(C(O2)COP(=O)(O)O)O,-1.769551078621726,-0.18798589706420898,-1.6619017124176025,1.407793641090393
1481,Q5GTD5_wild,C1=NC(=C2C(=N1)N(C=N2)C3C(C(C(O3)COP(=O)(O)OP(=O)(O)OP(=O)(O)O)O)O)N,-1.1804560644581312,-0.19252659380435944,-1.043483853340149,1.2169485092163086
1482,P13650_N428C,C(C1C(C(C(C(O1)O)O)O)O)O,1.806179973983887,2.6258466243743896,0.49643033742904663,1.065925121307373
1483,P00940_wild,C(C(C=O)O)OP(=O)(O)O,-0.5376020021010439,2.309068202972412,-0.5448578000068665,2.646742105484009
1484,Q07412_F96S/S73A,C(C(C=O)O)OP(=O)(O)O,0.07918124604762482,1.957780361175537,-0.5106152296066284,2.0903024673461914
1485,P00942_K17L/Y46F/D48F/Q82F/D85L,C(C(C=O)O)OP(=O)(O)O,0.07918124604762482,2.7621231079101562,-0.5082659125328064,2.493905782699585
1486,A8B3A8_wild,C(C(C=O)O)OP(=O)(O)O,-0.3279021420642826,2.5459144115448,-0.5084749460220337,2.636490821838379
1487,Q07412_F96A,C(C(C=O)O)OP(=O)(O)O,-0.060480747381381476,1.7061303853988647,-0.47267141938209534,1.8270726203918457
1488,Q07412_C13D,C(C(C=O)O)OP(=O)(O)O,-0.5086383061657274,1.5041898488998413,-0.37634432315826416,1.6154546737670898
1489,Q07412_wild,C(C(C=O)O)OP(=O)(O)O,-0.2076083105017461,1.5027973651885986,-0.49646618962287903,1.664992332458496
1490,P36186_W162F,C(C(C=O)O)OP(=O)(O)O,-0.5528419686577808,2.6135306358337402,-0.6089658141136169,2.4220712184906006
1491,P52270_wild,C(C(C=O)O)OP(=O)(O)O,-0.3467874862246563,2.7215490341186523,-0.5180221199989319,2.489084482192993
1492,P36186_F12W,C(C(C=O)O)OP(=O)(O)O,-0.22184874961635637,2.5730128288269043,-0.6251782178878784,2.4075894355773926
1493,P48491_C127S,C(C(C=O)O)OP(=O)(O)O,-0.3187587626244128,2.580660820007324,-0.31756675243377686,2.7275028228759766
1494,P48491_C127S/C218S,C(C(C=O)O)OP(=O)(O)O,-0.3010299956639812,2.5971288681030273,-0.32878434658050537,2.7587924003601074
1495,Q07412_E165A,C(C(C=O)O)OP(=O)(O)O,-0.3010299956639812,0.9959336519241333,-0.46655839681625366,1.1847875118255615
1496,A2EGX9_I45L,C(C(C=O)O)OP(=O)(O)O,-0.494850021680094,2.559399127960205,-0.5652334094047546,2.4270896911621094
1497,P36186_W75F/W173F/W196F,C(C(C=O)O)OP(=O)(O)O,0.2787536009528289,2.672332286834717,-0.6313979029655457,2.30649733543396
1498,P00940_wild,C(C(=O)COP(=O)(O)O)O,-0.22914798835785574,1.6537115573883057,-0.4546024799346924,1.9868571758270264
1499,P00940_V167P/W168E,C(C(C=O)O)OP(=O)(O)O,-4.3979400086720375,1.793198823928833,-0.5254866480827332,2.2796473503112793
1500,Q8MPF2_wild,C(C(C=O)O)OP(=O)(O)O,-0.0757207139381183,2.4278931617736816,-0.4743199944496155,2.6287925243377686
1501,P48491_C218S,C(C(C=O)O)OP(=O)(O)O,0.2253092817258629,2.6768946647644043,-0.3533826768398285,2.840160369873047
1502,P48491_wild,C(C(C=O)O)OP(=O)(O)O,0.12057393120584989,2.66171932220459,-0.3449338972568512,2.8135194778442383
1503,Q07412_F96S,C(C(C=O)O)OP(=O)(O)O,0.3424226808222063,1.8501811027526855,-0.5100846290588379,1.9857763051986694
1504,Q07412_T75C,C(C(C=O)O)OP(=O)(O)O,0.06069784035361165,1.2122981548309326,-0.4708322286605835,1.3725082874298096
1505,Q07412_T75N,C(C(C=O)O)OP(=O)(O)O,-0.06550154875643228,0.9061760902404785,-0.43446892499923706,1.158684492111206
1506,Q07412_F96Y,C(C(C=O)O)OP(=O)(O)O,0.26717172840301384,1.496474027633667,-0.4837833642959595,1.6695952415466309
1507,Q07412_F96S/L167V,C(C(C=O)O)OP(=O)(O)O,0.00860017176191757,1.9120546579360962,-0.5105739235877991,2.039296865463257
1508,Q07412_F96H,C(C(C=O)O)OP(=O)(O)O,0.41830129131974547,1.6777842044830322,-0.4798664450645447,1.8462471961975098
1509,Q07412_C126V,C(C(C=O)O)OP(=O)(O)O,0.0,1.5295213460922241,-0.474560022354126,1.62270987033844
1510,P36186_W162F/W173F/W196F,C(C(C=O)O)OP(=O)(O)O,0.0,2.5848708152770996,-0.6110178828239441,2.3484272956848145
1511,P00942_wild,C(C(C=O)O)OP(=O)(O)O,0.10380372095595687,2.7444756031036377,-0.3511805534362793,2.5229060649871826
1512,Q07412_C126S,C(C(C=O)O)OP(=O)(O)O,0.14612803567823798,1.4488770961761475,-0.488691121339798,1.638049602508545
1513,P36186_W75F,C(C(C=O)O)OP(=O)(O)O,-0.13076828026902382,2.6895370483398438,-0.6271389722824097,2.3844356536865234
1514,P36186_wild,C(C(C=O)O)OP(=O)(O)O,0.9344984512435677,2.6713404655456543,-0.6290017366409302,2.4179883003234863
1515,P36186_W75F/W162F/W196F,C(C(C=O)O)OP(=O)(O)O,-0.1366771398795441,2.6612184047698975,-0.5969758033752441,2.4048476219177246
1516,P36186_W173F,C(C(C=O)O)OP(=O)(O)O,-0.026872146400301365,2.639308214187622,-0.6407498121261597,2.339571714401245
1517,P36186_W75F/W162F/W173F,C(C(C=O)O)OP(=O)(O)O,0.04921802267018156,2.5810494422912598,-0.6125375628471375,2.3024210929870605
1518,P9WG43_wild,C(C(=O)COP(=O)(O)O)O,-2.6020599913279625,1.492415428161621,-0.43998464941978455,1.8252147436141968
1519,P36186_W196F,C(C(C=O)O)OP(=O)(O)O,-0.36653154442041347,2.697610855102539,-0.6253098845481873,2.425366163253784
1520,P04789_wild,C(C(C=O)O)OP(=O)(O)O,-0.6020599913279624,2.7677974700927734,-0.6133517026901245,2.3310437202453613
1521,Q07412_Y74C,C(C(C=O)O)OP(=O)(O)O,-0.4814860601221125,1.3951081037521362,-0.4766668975353241,1.5610238313674927
1522,Q07412_Y74G,C(C(C=O)O)OP(=O)(O)O,-0.46852108295774486,1.4858320951461792,-0.46834105253219604,1.6333396434783936
1523,P04789_R191S,C(C(C=O)O)OP(=O)(O)O,-0.46852108295774486,2.7037177085876465,-0.5863413214683533,2.290372133255005
1524,Q0H294_wild,C(C(C=O)O)OP(=O)(O)O,-0.5228787452803376,2.725189685821533,-0.3788530230522156,2.8219428062438965
1525,A2EGX9_I45V,C(C(C=O)O)OP(=O)(O)O,-0.5228787452803376,2.561243772506714,-0.5573745369911194,2.4388153553009033
1526,P00942_wild,C(C(=O)COP(=O)(O)O)O,0.08990511143939793,2.2885565757751465,-0.37270665168762207,2.033158779144287
1527,P00942_Y208F,C(C(C=O)O)OP(=O)(O)O,0.38021124171160603,2.654482364654541,-0.34055984020233154,2.4256839752197266
1528,P00942_S211G,C(C(C=O)O)OP(=O)(O)O,0.25527250510330607,2.326287269592285,-0.2851709723472595,2.086606025695801
1529,P00942_Y208T/S211G,C(C(C=O)O)OP(=O)(O)O,-0.15490195998574322,1.9776886701583862,-0.26176780462265015,1.8016706705093384
1530,P00942_Y208T/S211G,C(C(=O)COP(=O)(O)O)O,0.6020599913279624,1.5438140630722046,-0.23226164281368256,1.4382624626159668
1531,P00942_S211A,C(C(C=O)O)OP(=O)(O)O,1.0791812460476249,2.5906972885131836,-0.3256736397743225,2.3380837440490723
1532,P00942_K17A/Y46A/D48F/Q82A/D85S,C(C(C=O)O)OP(=O)(O)O,0.037426497940623665,2.778411865234375,-0.4375213086605072,2.5695202350616455
1533,P00942_Y208T,C(C(=O)COP(=O)(O)O)O,1.0413926851582251,1.7621986865997314,-0.2523486316204071,1.623534917831421
1534,P00942_Y208S,C(C(C=O)O)OP(=O)(O)O,0.5910646070264992,2.201972723007202,-0.298971563577652,2.0579168796539307
1535,P00942_Y208A,C(C(C=O)O)OP(=O)(O)O,0.4623979978989561,2.192357301712036,-0.27584415674209595,2.034327983856201
1536,P00942_Y208S,C(C(=O)COP(=O)(O)O)O,1.3979400086720377,1.769115686416626,-0.2740406394004822,1.643812894821167
1537,P00942_Y208T,C(C(C=O)O)OP(=O)(O)O,0.5314789170422551,2.1960291862487793,-0.26783257722854614,2.032942295074463
1538,P00942_S211G,C(C(=O)COP(=O)(O)O)O,0.505149978319906,1.924511432647705,-0.2633279860019684,1.682248592376709
1539,P00942_K17L/Y46F/D48Y/Q82A/D85A,C(C(C=O)O)OP(=O)(O)O,0.10037054511756291,2.780507802963257,-0.4610370397567749,2.567018508911133
1540,P00942_K17P/Y46A/D48L/Q82T/D85A,C(C(C=O)O)OP(=O)(O)O,0.3873898263387294,2.732630968093872,-0.4181654751300812,2.5578184127807617
1541,Q07412_C126M,C(C(C=O)O)OP(=O)(O)O,0.17609125905568124,1.3933624029159546,-0.4630212187767029,1.5318328142166138
1542,Q07412_T75V,C(C(C=O)O)OP(=O)(O)O,-0.040958607678906384,0.9015942811965942,-0.4653356671333313,1.1351070404052734
1543,Q07412_T75S,C(C(C=O)O)OP(=O)(O)O,-0.09691001300805639,1.3021514415740967,-0.45287609100341797,1.4456596374511719
1544,P04789_R191A,C(C(C=O)O)OP(=O)(O)O,0.04139268515822508,2.6993260383605957,-0.5885456800460815,2.273986577987671
1545,P04789_P168A,C(C(C=O)O)OP(=O)(O)O,-0.7958800173440752,2.619420051574707,-0.5950973033905029,2.204279899597168
1546,P04789_P168A,C(C(=O)COP(=O)(O)O)O,-0.3010299956639812,2.085768461227417,-0.629004180431366,1.6979985237121582
1547,P04789_wild,C(C(=O)COP(=O)(O)O)O,-0.15490195998574322,2.2315714359283447,-0.6511979699134827,1.8253912925720215
1548,P04789_D227A,C(C(=O)COP(=O)(O)O)O,-0.045757490560675115,2.088327407836914,-0.633103609085083,1.7044756412506104
1549,P04789_R191A,C(C(=O)COP(=O)(O)O)O,-0.17392519729917355,2.176985740661621,-0.635551393032074,1.7853678464889526
1550,P04789_A178L,C(C(=O)COP(=O)(O)O)O,0.968482948553935,2.0396387577056885,-0.6297121047973633,1.6269981861114502
1551,P04789_A178L,C(C(C=O)O)OP(=O)(O)O,0.5185139398778875,2.5409624576568604,-0.5925366282463074,2.117373466491699
1552,P04789_D227N,C(C(=O)COP(=O)(O)O)O,-0.15490195998574322,2.14925479888916,-0.6181952953338623,1.7140328884124756
1553,P04789_R191S,C(C(=O)COP(=O)(O)O)O,0.2041199826559248,2.1796321868896484,-0.636555552482605,1.7844475507736206
1554,A2FT29_wild,C(C(C=O)O)OP(=O)(O)O,-0.6777807052660807,2.634354829788208,-0.6109446883201599,2.4792003631591797
1555,A2EGX9_wild,C(C(C=O)O)OP(=O)(O)O,-0.6382721639824072,2.5509183406829834,-0.569979190826416,2.4312496185302734
1556,A2EGX9_I45F,C(C(C=O)O)OP(=O)(O)O,-0.28399665636520094,2.562656879425049,-0.5774691104888916,2.419142723083496
1557,A2EGX9_I45G,C(C(C=O)O)OP(=O)(O)O,0.25042000230889394,2.5817956924438477,-0.5435892939567566,2.4375
1558,A2EGX9_I45Y,C(C(C=O)O)OP(=O)(O)O,0.11058971029924891,2.5721654891967773,-0.5607289671897888,2.42667293548584
1559,A2FT29_V45A,C(C(C=O)O)OP(=O)(O)O,-0.2924298239020636,2.623844623565674,-0.5944134593009949,2.4626526832580566
1560,Q07412_C13E,C(C(C=O)O)OP(=O)(O)O,-0.3767507096020995,1.5355677604675293,-0.40286511182785034,1.659006118774414
1561,E3VWI3_F232L,CC1(CC2C=C(C3C2(C1)C4(CO4)C(=O)OC3)C(=O)O)C,-1.9208187539523751,-3.209502696990967,-1.9633238315582275,-0.47211191058158875
1562,E3VWI3_M81C,CC1(CC2C=C(C3C2(C1)C4(CO4)C(=O)OC3)C(=O)O)C,-0.5528419686577808,-3.125788688659668,-1.9615180492401123,-0.3875286877155304
1563,E3VWI3_M81A,CC1(CC2C=C(C3C2(C1)C4(CO4)C(=O)OC3)C(=O)O)C,-1.431798275933005,-3.10357403755188,-1.9652495384216309,-0.3822064697742462
1564,E3VWI3_wild,CC1(CC2C=C(C3C2(C1)C4(CO4)C(=O)OC3)C(=O)O)C,-1.4436974992327127,-3.1249070167541504,-1.967414379119873,-0.3874981105327606
1565,E3VWI3_M77S/M81C,CC1(CC2C=C(C3C2(C1)C4(CO4)C(=O)OC3)C(=O)O)C,-1.7212463990471711,-3.0960605144500732,-1.9642945528030396,-0.3628281056880951
1566,E3VWI3_F232A,CC1(CC2C=C(C3C2(C1)C4(CO4)C(=O)OC3)C(=O)O)C,-1.3665315444204134,-3.050851821899414,-1.9609347581863403,-0.3522438704967499
1567,P94181_wild,C1=NC(=C2C(=N1)N(C=N2)C3C(C(C(O3)COP(=O)(O)OP(=O)(O)OP(=O)(O)O)O)O)N,-1.9281179926938747,-1.1186083555221558,-1.075708270072937,0.7909403443336487
1568,P9WPQ5_wild,C1=NC(=C2C(=N1)N(C=N2)C3C(C(C(O3)COP(=O)(O)OP(=O)(O)OP(=O)(O)O)O)O)N,-1.537602002101044,0.6749241352081299,-1.2986887693405151,1.3660234212875366
1569,P9WPQ5_wild,CC(C(CCCCCC(=O)O)N)N,-2.6989700043360187,0.7304657697677612,-2.0099620819091797,1.8146804571151733
1570,P9WPQ5_G169N,C1=CN(C(=O)N=C1N)C2C(C(C(O2)COP(=O)(O)OP(=O)(O)OP(=O)(O)O)O)O,-1.3467874862246563,0.4277535080909729,-1.172041416168213,0.9973388910293579
1571,P9WPQ5_wild,C1=NC2=C(C(=O)N1)N=CN2C3C(C(C(O3)COP(=O)(O)OP(=O)(O)OP(=O)(O)O)O)O,-1.744727494896694,0.7110294699668884,-1.2863339185714722,1.470829963684082
1572,P9WPQ5_G169N,C1=NC(=C2C(=N1)N(C=N2)C3C(C(C(O3)COP(=O)(O)OP(=O)(O)OP(=O)(O)O)O)O)N,-1.6575773191777938,0.4467256963253021,-1.2722963094711304,1.1938756704330444
1573,P9WPQ5_wild,C1=CN(C(=O)N=C1N)C2C(C(C(O2)COP(=O)(O)OP(=O)(O)OP(=O)(O)O)O)O,-1.6020599913279623,0.6885765790939331,-1.2360528707504272,1.1740448474884033
1574,P9WPQ5_wild,CC1=CN(C(=O)NC1=O)C2CC(C(O2)COP(=O)(O)OP(=O)(O)OP(=O)(O)O)O,-1.6382721639824072,0.6097965240478516,-1.454445242881775,1.4145127534866333
1575,P9WPQ5_wild,C1=NC2=C(N1C3C(C(C(O3)COP(=O)(O)OP(=O)(O)OP(=O)(O)O)O)O)N=C(NC2=O)N,-1.585026652029182,0.5511147975921631,-1.2715425491333008,1.3802134990692139
1576,P9WPQ5_wild,C1=CN(C(=O)NC1=O)C2C(C(C(O2)COP(=O)(O)OP(=O)(O)OP(=O)(O)O)O)O,-1.585026652029182,0.6717009544372559,-1.1840020418167114,1.2046138048171997
1577,P9WPQ5_G169N,C1=NC2=C(N1C3C(C(C(O3)COP(=O)(O)OP(=O)(O)OP(=O)(O)O)O)O)N=C(NC2=O)N,-0.9956786262173574,0.30812615156173706,-1.2452807426452637,1.2129734754562378
1578,P9WPQ5_wild,C(=O)(O)[O-].[Na+],0.4877038631637263,0.9661147594451904,-0.301458477973938,0.687130331993103
1579,P9WPQ5_G169N,C(=O)(O)[O-].[Na+],1.0164065008711178,0.7296735644340515,-0.2890377640724182,0.5442997813224792
1580,P9WPQ5_G169N,CC(C(CCCCCC(=O)O)N)N,-1.8239087409443187,0.5041058659553528,-2.0195066928863525,1.6451138257980347
1581,C8P490_G210S/Y213G,CC(=O)NC1C(CC(OC1C(C(CO)O)O)(C(=O)O)O)O,0.3010299956639812,0.0860201045870781,0.5823445320129395,-0.15701213479042053
1582,C8P490_P193Y,CC(=O)C(=O)[O-],-0.3010299956639812,0.8214576244354248,0.3354851007461548,0.28608816862106323
1583,C8P490_G211S,CC(=O)NC1C(CC(OC1C(C(CO)O)O)(C(=O)O)O)O,0.07918124604762482,0.11139402538537979,0.5555441975593567,-0.1089722216129303
1584,C8P490_G210S/Y213G,CC(=O)C(=O)[O-],0.6334684555795865,0.7688547372817993,0.284176230430603,0.29816901683807373
1585,C8P490_wild,CC(=O)C(=O)[O-],0.04139268515822508,0.8301287293434143,0.2686362564563751,0.34426623582839966
1586,C8P490_wild,CC(=O)NC1C(CC(OC1C(C(CO)O)O)(C(=O)O)O)O,0.04139268515822508,0.11481890827417374,0.5627025365829468,-0.11789202690124512
1587,C8P490_P193Y,CC(=O)NC1C(CC(OC1C(C(CO)O)O)(C(=O)O)O)O,-0.5686362358410126,0.10179995745420456,0.5923740267753601,-0.1946941316127777
1588,C8P490_wild,CC(=O)NC1C(C(C(OC1O)CO)O)O,2.5224442335063197,0.7249963283538818,1.1723390817642212,-0.48150286078453064
1589,C8P490_G210S/Y213G,CC(=O)NC1C(C(C(OC1O)CO)O)O,3.505149978319906,0.7174021601676941,1.1669079065322876,-0.49071526527404785
1590,C8P490_P193Y,CC(=O)NC1C(C(C(OC1O)CO)O)O,2.9614210940664485,0.695389449596405,1.2231186628341675,-0.5591912269592285
1591,C6K8M0_wild,CC1=CN(C(=O)NC1=O)C2CC(C(O2)COP(=O)(O)OP(=O)(O)OP(=O)(O)O)O,0.22010808804005508,-0.03891832381486893,-1.0582245588302612,0.8024346232414246
1592,C6K8M0_R313S/T317V/H322A/A339S/S341H/D348H,CC1=CN(C(=O)NC1=O)C2CC(C(O2)COP(=O)(O)OP(=O)(O)OP(=O)(O)O)O,0.23552844690754893,-0.010558879934251308,-1.0783940553665161,0.8366157412528992
1593,Q13WK4_wild,C1=CC(=C[N+](=C1)C2C(C(C(O2)COP(=O)(O)OP(=O)(O)OCC3C(C(C(O3)N4C=NC5=C(N=CN=C54)N)OP(=O)(O)O)O)O)O)C(=O)N,-1.3979400086720375,0.481754869222641,-0.5760750770568848,1.2489395141601562
1594,P15964_wild,C(CC(=O)NC(CS)C(=O)NCC(=O)O)C(C(=O)O)N,-0.431798275933005,0.954522430896759,-0.19246575236320496,1.0339287519454956
1595,A0A290DQJ2_wild,C1=CC(=C(C=C1[N+](=O)[O-])[N+](=O)[O-])Cl,-0.2006594505464183,1.2437524795532227,-0.008306317031383514,1.045355200767517
1596,Q0P7I5_wild,C(CC(=O)NC(CS)C(=O)NCC(=O)O)C(C(=O)O)N,-0.5228787452803376,1.1722791194915771,0.25147852301597595,1.1321487426757812
1597,Q4ACU7_wild,CCCCCC(C=CC=O)O,-0.27572413039921095,0.14641201496124268,-0.48992717266082764,1.13811194896698
1598,Q3ZJN3_wild,C(CC(=O)NC(CS)C(=O)NCC(=O)O)C(C(=O)O)N,-0.045757490560675115,1.5882598161697388,-0.10960264503955841,1.3834264278411865
1599,Q3ZJN3_wild,C1=CC(=C(C=C1[N+](=O)[O-])[N+](=O)[O-])Cl,0.02530586526477026,1.5541129112243652,-0.060311414301395416,1.05583655834198
1600,P51781_wild,C1=CC(=C(C=C1[N+](=O)[O-])[N+](=O)[O-])Cl,-0.6989700043360187,0.9059362411499023,-0.06626434624195099,0.8629332184791565
1601,Q1L2C7_wild,C1=CC(=C(C=C1[N+](=O)[O-])[N+](=O)[O-])Cl,-0.8239087409443188,0.717795193195343,0.332146555185318,1.0110317468643188
1602,Q8MWS0_wild,C1=CC(=C(C=C1[N+](=O)[O-])[N+](=O)[O-])Cl,-1.838631997765025,1.260441780090332,0.13797788321971893,1.1345998048782349
1603,Q8MWS0_wild,C(CC(=O)NC(CS)C(=O)NCC(=O)O)C(C(=O)O)N,-3.79317412396815,1.3241455554962158,0.037308987230062485,1.4088101387023926
1604,P15964_wild,C1=CC(=C(C=C1[N+](=O)[O-])[N+](=O)[O-])Cl,0.5263392773898441,0.8572338223457336,-0.10237683355808258,0.8855480551719666
1605,P51781_wild,CCCCCCC=CC=O,-0.7958800173440752,0.08719430863857269,-1.4157896041870117,0.833482027053833
1606,P51781_wild,CC(=O)C1CCC2C1(CCC3C2CC=C4C3(CCC(=O)C4)C)C,-0.15490195998574322,-0.23688854277133942,-2.1674396991729736,1.4887752532958984
1607,P51781_wild,C1=CC=C(C=C1)CCN=C=S,-0.9172146296835499,0.5382773280143738,-0.9321826100349426,1.09211003780365
1608,P51781_wild,CC12CCC3C(C1CCC2=O)CC=C4C3(CCC(=O)C4)C,-0.6252516539898961,0.5186806321144104,-2.0506367683410645,1.6137502193450928
1609,Q9XYL9_wild,C1=CC(=C(C=C1[N+](=O)[O-])[N+](=O)[O-])Cl,-0.3957739469155299,1.1592206954956055,0.2016204297542572,1.0766751766204834
1610,Q9XYL9_F136A,C1=CC(=C(C=C1[N+](=O)[O-])[N+](=O)[O-])Cl,-0.5157001606532141,1.121010422706604,0.19324487447738647,1.1048343181610107
1611,A0A290DQJ2_wild,C(CC(=O)NC(CS)C(=O)NCC(=O)O)C(C(=O)O)N,0.6242820958356683,1.2534888982772827,-0.14919829368591309,1.4649161100387573
1612,Q4ACU7_wild,C1=CC(=C(C=C1[N+](=O)[O-])[N+](=O)[O-])Cl,-0.38721614328026455,0.5027505159378052,0.0746067464351654,0.97674560546875
1613,Q0P7I5_wild,C1=CC(=C(C=C1[N+](=O)[O-])[N+](=O)[O-])Cl,-0.3979400086720376,0.980814516544342,0.21471506357192993,0.9331623315811157
1614,O86422_wild,C1=CN(C(=O)NC1=O)C2C(C(C(O2)COP(=O)(O)OP(=O)(O)OC3C(C(C(C(O3)CO)O)O)O)O)O,-0.9208187539523751,-0.20991992950439453,-1.0546531677246094,1.0409092903137207
1615,O86422_wild,C1=CC(=C[N+](=C1)C2C(C(C(O2)COP(=O)([O-])OP(=O)(O)OCC3C(C(C(O3)N4C=NC5=C(N=CN=C54)N)O)O)O)O)C(=O)N,-0.3279021420642826,-0.13907447457313538,-1.0105949640274048,1.0729275941848755
1616,Q9HY58_wild,C1=CN(C(=O)NC1=O)C2C(C(C(O2)COP(=O)(O)OP(=O)(O)OC3C(C(C(C(O3)CO)O)O)O)O)O,-0.3979400086720376,-0.10252604633569717,-0.8123529553413391,0.9260508418083191
1617,Q9HY58_wild,C1=CC(=C[N+](=C1)C2C(C(C(O2)COP(=O)([O-])OP(=O)(O)OCC3C(C(C(O3)N4C=NC5=C(N=CN=C54)N)O)O)O)O)C(=O)N,0.29885307640970665,-0.039660923182964325,-0.6444092392921448,1.0711337327957153
1618,A1RUM9_wild,C1=CC(=C[N+](=C1)C2C(C(C(O2)COP(=O)([O-])OP(=O)(O)OCC3C(C(C(O3)N4C=NC5=C(N=CN=C54)N)O)O)O)O)C(=O)N,-0.16115090926274472,0.5244612693786621,-0.6023195385932922,1.6096961498260498
1619,A1RUM9_wild,C1=CN(C(=O)NC1=O)C2C(C(C(O2)COP(=O)(O)OP(=O)(O)OC3C(C(C(C(O3)CO)O)O)O)O)O,0.10720996964786839,0.4784623682498932,-0.5498641133308411,1.3793286085128784
1620,C9E261_wild,C1=CN(C(=O)NC1=O)C2C(C(C(O2)COP(=O)(O)OP(=O)(O)OC3C(C(C(C(O3)CO)O)O)O)O)O,-0.6382721639824072,-0.16767944395542145,-0.8305078744888306,1.0559282302856445
1621,W0A856_wild,C1=CN(C(=O)NC1=O)C2C(C(C(O2)COP(=O)(O)OP(=O)(O)OC3C(C(C(C(O3)CO)O)O)O)O)O,-0.3279021420642826,0.5417947173118591,-1.0471092462539673,1.5446079969406128
1622,W0A856_wild,C1=CC(=C[N+](=C1)C2C(C(C(O2)COP(=O)([O-])OP(=O)(O)OCC3C(C(C(O3)N4C=NC5=C(N=CN=C54)N)O)O)O)O)C(=O)N,-0.42021640338318983,0.581007719039917,-0.9625962376594543,1.7158972024917603
1623,C9E261_wild,C1=CC(=C[N+](=C1)C2C(C(C(O2)COP(=O)([O-])OP(=O)(O)OCC3C(C(C(O3)N4C=NC5=C(N=CN=C54)N)O)O)O)O)C(=O)N,-0.27572413039921095,0.008742877282202244,-0.677330493927002,1.212942123413086
1624,Q8TZW4_wild,C(CCN)CC(C(=O)NCC(=O)NCC(=O)O)N,0.25527250510330607,2.2339468002319336,0.5257582068443298,1.8760236501693726
1625,L7RY40_wild,C1=CC=C(C=C1)C(C#N)O,1.1139433523068367,1.170881748199463,0.4532400965690613,0.5764136910438538
1626,Q9AFC7_T10A,CC(C)CC(C(=O)NC1C(C2=CC(=C(C=C2)OC3=CC4=CC(=C3OC5C(C(C(C(O5)CO)O)O)O)OC6=C(C=C(C=C6)C(C7C(=O)NC(C8=C(C(=CC(=C8)O)O)C9=C(C=CC(=C9)C(C(=O)N7)NC(=O)C4NC(=O)C(NC1=O)CC(=O)N)O)C(=O)O)O)Cl)Cl)O)NC,-1.5686362358410126,-1.3859550952911377,-1.0554522275924683,0.6240535974502563
1627,Q9AFC7_wild,CC1C(C(CC(O1)OP(=O)(O)OP(=O)(O)OCC2C(CC(O2)N3C=C(C(=O)NC3=O)C)O)N)O,-1.4202164033831899,-0.996934175491333,-0.61393803358078,0.2467297911643982
1628,Q9AFC7_wild,CC(C)CC(C(=O)NC1C(C2=CC(=C(C=C2)OC3=CC4=CC(=C3OC5C(C(C(C(O5)CO)O)O)O)OC6=C(C=C(C=C6)C(C7C(=O)NC(C8=C(C(=CC(=C8)O)O)C9=C(C=CC(=C9)C(C(=O)N7)NC(=O)C4NC(=O)C(NC1=O)CC(=O)N)O)C(=O)O)O)Cl)Cl)O)NC,-1.7958800173440752,-1.3793069124221802,-1.0599597692489624,0.6190640926361084
1629,Q1G9Z4_wild,C1=CC=C(C(=C1)[N+](=O)[O-])OC2C(C(C(C(O2)CO)O)O)O,-0.7958800173440752,2.0272045135498047,0.18922199308872223,1.6480739116668701
1630,Q1G9Z4_E491A,C1=CC=C(C(=C1)[N+](=O)[O-])OC2C(C(C(C(O2)CO)O)O)O,-0.7695510786217261,2.0237109661102295,0.1951872855424881,1.646522045135498
1631,Q1G9Z4_E491A,C(C1C(C(C(C(O1)OC2C(OC(C(C2O)O)O)CO)O)O)O)O,-0.026872146400301365,2.034708261489868,1.211692214012146,0.9590469002723694
1632,Q1G9Z4_wild,C(C1C(C(C(C(O1)OC2C(OC(C(C2O)O)O)CO)O)O)O)O,-0.00877392430750515,2.044013500213623,1.2080984115600586,0.9651262760162354
1633,Q9WZN7_wild,OO,-1.4023048140744876,1.3096563816070557,-1.1131983995437622,1.7643287181854248
1634,E7EAU9_N120S,C1=NC(=C2C(=N1)N(C=N2)C3C(C(C(O3)COP(=O)(O)OP(=O)(O)OP(=O)(O)O)O)O)N,-1.2218487496163564,1.087693452835083,-0.7355329394340515,2.0873618125915527
1635,E7EAU9_wild,C1=NC(=C2C(=N1)N(C=N2)C3C(C(C(O3)COP(=O)(O)OP(=O)(O)OP(=O)(O)O)O)O)N,-1.3010299956639813,1.0912530422210693,-0.7209303379058838,2.095461368560791
1636,E7EAU9_D58H,C1=NC(=C2C(=N1)N(C=N2)C3C(C(C(O3)COP(=O)(O)OP(=O)(O)OP(=O)(O)O)O)O)N,-1.080921907623926,1.0989643335342407,-0.6738632321357727,2.0421109199523926
1637,E7EAU9_L135I,C1=NC(=C2C(=N1)N(C=N2)C3C(C(C(O3)COP(=O)(O)OP(=O)(O)OP(=O)(O)O)O)O)N,-1.0268721464003014,1.0952119827270508,-0.7234830260276794,2.0928003787994385
1638,Q72I58_wild,C1=NC(=C2C(=N1)N(C=N2)C3C(C(C(O3)COP(=O)(O)OP(=O)(O)OP(=O)(O)O)O)O)N,-1.8860566476931633,0.7061392068862915,-0.6581177115440369,1.7431292533874512
1639,Q72IE8_wild,C1=NC(=C2C(=N1)N(C=N2)C3C(C(C(O3)COP(=O)(O)OP(=O)(O)OP(=O)(O)O)O)O)N,-1.4202164033831899,0.6906275749206543,-0.5438297390937805,1.697474479675293
1640,A0R3C8_wild,C1=NC(=C2C(=N1)N(C=N2)C3C(C(C(O3)COP(=O)(O)OP(=O)(O)OP(=O)(O)O)O)O)N,-1.2365720064370627,0.786568284034729,-0.47366026043891907,1.6682133674621582
1641,Q9X0C6_V12A,C(CC(=O)N)C(C(=O)O)N,0.6148972160331346,-0.1389773041009903,-0.47500085830688477,0.31358376145362854
1642,Q9X0C6_K19A,C(CC(=O)N)C(C(=O)O)N,0.5327543789924977,-0.20723260939121246,-0.46769165992736816,0.23446215689182281
1643,Q9X0C6_V48A,C(CC(=O)N)C(C(=O)O)N,0.5751878449276611,-0.1490861028432846,-0.47062912583351135,0.2961406111717224
1644,Q9X0C6_D98A,C(CC(=O)N)C(C(=O)O)N,0.4927603890268375,-0.1467828005552292,-0.5191444158554077,0.29769545793533325
1645,Q9X0C6_wild,C(CC(=O)N)C(C(=O)O)N,0.6910814921229685,-0.09666239470243454,-0.5224380493164062,0.3502672016620636
1646,I6YFP0_wild,C1=NC(=C2C(=N1)N(C=N2)C3C(C(C(O3)COP(=O)(O)OP(=O)(O)OP(=O)(O)O)O)O)N,-0.6989700043360187,0.73917555809021,-1.156970500946045,0.9688700437545776
1647,O50146_wild,C1=CC(=C[N+](=C1)C2C(C(C(O2)COP(=O)(O)OP(=O)(O)OCC3C(C(C(O3)N4C=NC5=C(N=CN=C54)N)OP(=O)(O)O)O)O)O)C(=O)N,-1.853871964321762,0.20169948041439056,-0.6645286083221436,1.3925979137420654
1648,O50146_wild,[O-]P(=O)([O-])[O-],1.0791812460476249,0.2741362154483795,0.23752498626708984,0.6958479881286621
1649,P14769_wild,C1=CN(C(=O)NC1=O)C2C(C(C(O2)COP(=O)(O)OP(=O)(O)OC3C(C(C(C(O3)CO)O)O)O)O)O,-0.17392519729917355,-0.5312891006469727,-0.6988930702209473,-0.06918713450431824
1650,P14769_wild,CC(=O)NC1C(C(C(OC1O)CO)OC2C(C(C(C(O2)CO)O)O)O)O,-0.22184874961635637,-0.2570895254611969,0.02732938900589943,-0.22122585773468018
1651,P14769_wild,C1=CC(=CC=C1[N+](=O)[O-])OC2C(C(C(C(O2)CO)O)O)O,0.0,-0.60633385181427,-0.3435458540916443,-0.182901531457901
1652,P14769_R365K,C1=CN(C(=O)NC1=O)C2C(C(C(O2)COP(=O)(O)OP(=O)(O)OC3C(C(C(C(O3)CO)O)O)O)O)O,-0.1426675035687919,-0.548119068145752,-0.7071296572685242,-0.07991224527359009
1653,P14769_Q247E,C1=CN(C(=O)NC1=O)C2C(C(C(O2)COP(=O)(O)OP(=O)(O)OC3C(C(C(C(O3)CO)O)O)O)O)O,-0.1804560644581313,-0.5364108681678772,-0.6941534876823425,-0.07684633135795593
1654,P14769_E317Q,C1=CN(C(=O)NC1=O)C2C(C(C(O2)COP(=O)(O)OP(=O)(O)OC3C(C(C(C(O3)CO)O)O)O)O)O,-0.8860566476931633,-0.5070866942405701,-0.7015790343284607,-0.05220112204551697
1655,P14769_wild,C(C1C(C(C(C(O1)OC2C(OC(C(C2O)O)O)CO)O)O)O)O,1.4771212547196624,-0.4884321987628937,0.4206329882144928,-0.6135677695274353
1656,P14769_Q247E,C(C1C(C(C(C(O1)OC2C(OC(C(C2O)O)O)CO)O)O)O)O,1.3053513694466239,-0.4870884120464325,0.4241623282432556,-0.6180652976036072
1657,P14769_R365K,C(C1C(C(C(C(O1)OC2C(OC(C(C2O)O)O)CO)O)O)O)O,1.1072099696478683,-0.5009559392929077,0.40920430421829224,-0.621619462966919
1658,P14769_H280Q,C1=CN(C(=O)NC1=O)C2C(C(C(O2)COP(=O)(O)OP(=O)(O)OC3C(C(C(C(O3)CO)O)O)O)O)O,0.00860017176191757,-0.5323265790939331,-0.6939073204994202,-0.07965415716171265
1659,P14769_E317Q,C(C1C(C(C(C(O1)OC2C(OC(C(C2O)O)O)CO)O)O)O)O,2.367355921026019,-0.46721532940864563,0.4086337983608246,-0.5934042930603027
1660,P14769_wild,C(C1C(C(C(C(O1)O)O)O)O)O,2.593286067020457,-0.03722541779279709,0.46692174673080444,-0.7149752378463745
1661,P14769_H280Q,C(C1C(C(C(C(O1)OC2C(OC(C(C2O)O)O)CO)O)O)O)O,1.526339277389844,-0.48896870017051697,0.4205823540687561,-0.6238638162612915
1662,P31327_wild,C1=NC(=C2C(=N1)N(C=N2)C3C(C(C(O3)COP(=O)(O)OP(=O)(O)OP(=O)(O)O)O)O)N,-0.5850266520291821,0.40697574615478516,-0.8069027066230774,1.332626223564148
1663,P31327_G1376S/T344A,C1=NC(=C2C(=N1)N(C=N2)C3C(C(C(O3)COP(=O)(O)OP(=O)(O)OP(=O)(O)O)O)O)N,-0.3467874862246563,0.4057595431804657,-0.810664713382721,1.33271062374115
1664,P31327_N355D/T1443A,[NH4+],0.0,1.439113736152649,0.5116572976112366,0.5308254957199097
1665,P31327_A1378T,C1=NC(=C2C(=N1)N(C=N2)C3C(C(C(O3)COP(=O)(O)OP(=O)(O)OP(=O)(O)O)O)O)N,-0.045757490560675115,0.3987162709236145,-0.8069555163383484,1.3309967517852783
1666,P31327_A1378T,[NH4+],-0.045757490560675115,1.4465365409851074,0.5069568753242493,0.5424350500106812
1667,P31327_N355D,C(=O)(O)[O-],0.6627578316815741,0.3396092355251312,0.252357542514801,0.394406795501709
1668,P31327_wild,CC(=O)NC(CCC(=O)O)C(=O)O,-0.5376020021010439,0.6920067667961121,-0.06836867332458496,0.7382632493972778
1669,P31327_Y389C,C1=NC(=C2C(=N1)N(C=N2)C3C(C(C(O3)COP(=O)(O)OP(=O)(O)OP(=O)(O)O)O)O)N,-0.36653154442041347,0.40339943766593933,-0.802639901638031,1.3350002765655518
1670,P31327_T344A,[NH4+],0.07918124604762482,1.4559897184371948,0.5017979741096497,0.5440556406974792
1671,P31327_A1378T/T344A,C(=O)(O)[O-],0.6334684555795865,0.34550952911376953,0.23713061213493347,0.4048610031604767
1672,P31327_T1443A,C1=NC(=C2C(=N1)N(C=N2)C3C(C(C(O3)COP(=O)(O)OP(=O)(O)OP(=O)(O)O)O)O)N,-0.2076083105017461,0.40792760252952576,-0.8085805773735046,1.3328120708465576
1673,P31327_wild,[NH4+],-0.45593195564972444,1.4530351161956787,0.5035831332206726,0.5434819459915161
1674,P31327_wild,C(=O)(O)[O-],0.6020599913279624,0.3499968647956848,0.2402099370956421,0.402596652507782
1675,P31327_G1376S,C(=O)(O)[O-],0.6532125137753437,0.3451733887195587,0.23998773097991943,0.399526447057724
1676,P31327_T1406D,[NH4+],-0.23657200643706275,1.4605538845062256,0.5052152276039124,0.5460704565048218
1677,P31327_G1376S/Y389C,[NH4+],0.04139268515822508,1.4468432664871216,0.5069540143013,0.5459964275360107
1678,P31327_Y389C,C(=O)(O)[O-],0.6232492903979004,0.3442031741142273,0.2405359447002411,0.41322752833366394
1679,P31327_T1406D,CC(=O)NC(CCC(=O)O)C(=O)O,-0.3565473235138126,0.7017538547515869,-0.0678221583366394,0.7448982000350952
1680,P31327_N355D,C1=NC(=C2C(=N1)N(C=N2)C3C(C(C(O3)COP(=O)(O)OP(=O)(O)OP(=O)(O)O)O)O)N,-0.24412514432750865,0.39697766304016113,-0.7999861240386963,1.3211627006530762
1681,P31327_T1406D,C1=NC(=C2C(=N1)N(C=N2)C3C(C(C(O3)COP(=O)(O)OP(=O)(O)OP(=O)(O)O)O)O)N,-0.16749108729376366,0.41387930512428284,-0.8088211417198181,1.3337900638580322
1682,P31327_T1443A,C(=O)(O)[O-],0.5563025007672873,0.34774431586265564,0.24003782868385315,0.40230461955070496
1683,P31327_T544M,C(=O)(O)[O-],2.383815365980431,0.3499968647956848,0.2402099370956421,0.402596652507782
1684,P31327_T544M,C1=NC(=C2C(=N1)N(C=N2)C3C(C(C(O3)COP(=O)(O)OP(=O)(O)OP(=O)(O)O)O)O)N,0.2833012287035496,0.40697574615478516,-0.8069027066230774,1.332626223564148
1685,P31327_T1406D,C(=O)(O)[O-],0.3961993470957364,0.35678631067276,0.24252697825431824,0.4097643196582794
1686,Q8I406_wild,C1=NC(=C2C(=N1)N(C=N2)C3C(C(C(O3)COP(=O)(O)OP(=O)(O)OP(=O)(O)O)O)O)N,-1.1018235165023234,-0.18311740458011627,-1.3221675157546997,0.4274470806121826
1687,Q54206_wild,CC(=O)SCCNC(=O)CCNC(=O)C(C(C)(C)COP(=O)(O)OP(=O)(O)OCC1C(C(C(O1)N2C=NC3=C(N=CN=C32)N)O)OP(=O)(O)O)O,-2.5228787452803374,0.0007959986105561256,-1.1663408279418945,1.3647361993789673
1688,Q54206_wild,CC(C)C(=O)SCCNC(=O)CCNC(=O)C(C(C)(C)COP(=O)(O)OP(=O)(O)OCC1C(C(C(O1)N2C=NC3=C(N=CN=C32)N)O)OP(=O)(O)O)O,-3.3979400086720375,-0.019562549889087677,-1.0784748792648315,1.3378942012786865
1689,Q54206_wild,CCCC(=O)SCCNC(=O)CCNC(=O)C(C(C)(C)COP(=O)(O)OP(=O)(O)OCC1C(C(C(O1)N2C=NC3=C(N=CN=C32)N)O)OP(=O)(O)O)O,-3.2218487496163566,0.06944068521261215,-1.0681804418563843,1.4093201160430908
1690,C0LNR0_wild,CCC(C)C(=O)SCCNC(=O)CCNC(=O)C(C(C)(C)COP(=O)([O-])OP(=O)([O-])OCC1C(C(C(O1)N2C=NC3=C(N=CN=C32)N)O)OP(=O)([O-])[O-])O,-1.958607314841775,-0.6886790990829468,-1.0718616247177124,1.4607057571411133
1691,C0LNR0_wild,CC(C)CC(=O)SCCNC(=O)CCNC(=O)C(C(C)(C)COP(=O)(O)OP(=O)(O)OCC1C(C(C(O1)N2C=NC3=C(N=CN=C32)N)O)OP(=O)(O)O)O,-1.7721132953863266,-0.6324453353881836,-1.0466196537017822,1.4479453563690186
1692,C0LNR0_wild,CC(C)C(=O)SCCNC(=O)CCNC(=O)C(C(C)(C)COP(=O)(O)OP(=O)(O)OCC1C(C(C(O1)N2C=NC3=C(N=CN=C32)N)O)OP(=O)(O)O)O,-1.5128616245228135,-0.7113312482833862,-1.0677677392959595,1.4325916767120361
1693,P38998_wild,C(CC(=O)O)C(=O)C(=O)O,-0.958607314841775,0.7218104600906372,0.11281642317771912,0.8073270320892334
1694,P38998_wild,C(CCN)CC(C(=O)O)N,-0.050609993355087264,0.38769271969795227,0.3254739046096802,0.4184744358062744
1695,P38998_K77M,C(CC(=O)O)C(=O)C(=O)O,1.0,0.4572323262691498,0.18769076466560364,0.6454157829284668
1696,P38998_H96Q,C(CC(=O)O)C(=O)C(=O)O,0.9542425094393249,0.5197235345840454,0.19982711970806122,0.6586297750473022
1697,P38998_K77M,C(CCN)CC(C(=O)O)N,1.3979400086720377,0.11715597659349442,0.4114806652069092,0.22789564728736877
1698,P38998_K77M/H96Q,C(CCN)CC(C(=O)O)N,1.9822712330395684,-0.19210484623908997,0.5201420783996582,-0.03159743547439575
1699,P38998_K77M/H96Q,C(CC(=O)O)C(=O)C(=O)O,2.4265112613645754,0.1755906492471695,0.2852950692176819,0.3664271831512451
1700,P38998_H96Q,C(CCN)CC(C(=O)O)N,2.4265112613645754,0.17064429819583893,0.4083976745605469,0.2563629448413849
1701,Q59316_wild,C(C1C(C(C(C(O1)OC2C(OC(C(C2O)O)O)CO)O)O)O)O,0.7923916894982539,1.2304075956344604,0.6663945317268372,0.7815396189689636
1702,B9K7M6_wild,C(C1C(C(C(C(O1)OC2C(OC(C(C2O)O)O)CO)O)O)O)O,0.15228834438305647,1.5300877094268799,0.9463794827461243,0.7578167915344238
1703,Q7WTR6_A397V/T508A/A512T/D557N/N667T/G681S,C(C1C(C(C(C(O1)OC2C(OC(C(C2O)O)O)CO)O)O)O)O,0.5185139398778875,0.8784127831459045,0.5517694354057312,0.6846250891685486
1704,Q7WTR6_T508I/N667A,C(C1C(C(C(C(O1)OC2C(OC(C(C2O)O)O)CO)O)O)O)O,0.43136376415898736,0.8924545049667358,0.5570159554481506,0.6923611760139465
1705,Q7WTR6_wild,C(C1C(C(C(C(O1)OC2C(OC(C(C2O)O)O)CO)O)O)O)O,0.4623979978989561,0.8960394859313965,0.55769282579422,0.6995351910591125
1706,Q7WTR6_T508A/N667T,C(C1C(C(C(C(O1)OC2C(OC(C(C2O)O)O)CO)O)O)O)O,2.404833716619938,0.892324686050415,0.5522796511650085,0.6983004212379456
1707,P0CJ63_V69L,CCCCCCCCCC(=O)NC1CCOC1=O,-1.0268721464003014,0.953677773475647,-0.9632296562194824,1.4967683553695679
1708,P0CJ63_F64W/V69W,CCCCCCCCCC(=O)NC1CCOC1=O,-0.9546770212133425,0.8650388121604919,-1.006508231163025,1.450154185295105
1709,P0CJ63_F64W/V69W/A206F,CCCC(=O)NC1CCOC1=O,0.11394335230683679,1.4561042785644531,0.2467568814754486,0.8068786263465881
1710,P0CJ63_F64A,CCCC(=O)NC1CCOC1=O,0.8512583487190691,1.4682198762893677,0.241286039352417,0.8616558313369751
1711,P0CJ63_F64W,CCCCCCCCCC(=O)NC1CCOC1=O,-0.6382721639824072,0.9139125943183899,-1.0020263195037842,1.4973652362823486
1712,P0CJ63_F64A,CCCCCCCCCC(=O)NC1CCOC1=O,-0.6819366650372385,0.8986245393753052,-0.9977657794952393,1.5249805450439453
1713,P0CJ63_F64W/A206F,CCCC(=O)NC1CCOC1=O,0.4471580313422192,1.4947099685668945,0.24628114700317383,0.838280439376831
1714,P0CJ63_V69I,CCCCCCCCCC(=O)NC1CCOC1=O,-0.6615435063953952,0.946165919303894,-0.9785309433937073,1.4991557598114014
1715,P0CJ63_V69I,CCCC(=O)NC1CCOC1=O,1.1139433523068367,1.5191960334777832,0.2687830924987793,0.8399266004562378
1716,P0CJ63_F64W,CCCC(=O)NC1CCOC1=O,1.2068258760318498,1.4995758533477783,0.24356511235237122,0.8490903377532959
1717,P0CJ63_A206W,CCCC(=O)NC1CCOC1=O,0.9395192526186185,1.4803857803344727,0.23012223839759827,0.8200620412826538
1718,P0CJ63_V69W/A206F,CCCC(=O)NC1CCOC1=O,0.7853298350107599,1.4745392799377441,0.26372188329696655,0.792705237865448
1719,A3FJ64_wild,CCCCCCCCCC(=O)NC1CCOC1=O,-0.853871964321762,0.9386714696884155,-0.9843174815177917,1.5010437965393066
1720,P0CJ63_F64W/V69W,CCCC(=O)NC1CCOC1=O,0.6901960800285136,1.4564052820205688,0.24400189518928528,0.8169317841529846
1721,P0CJ63_A206F,CCCC(=O)NC1CCOC1=O,1.100370545117563,1.5121617317199707,0.2642878293991089,0.8284687995910645
1722,P0CJ63_wild,CCCC(=O)NC1CCOC1=O,1.4393326938302626,1.5147168636322021,0.26374149322509766,0.8383324146270752
1723,P0CJ63_V69A,CCCC(=O)NC1CCOC1=O,1.1553360374650619,1.5100380182266235,0.2675754129886627,0.8414345979690552
1724,P0CJ63_A206F,CCCCCCCCCC(=O)NC1CCOC1=O,-0.7721132953863266,0.9301252365112305,-0.9868789315223694,1.490675926208496
1725,P0CJ63_V69W/A206F,CCCCCCCCCC(=O)NC1CCOC1=O,-0.8961962790440431,0.8877171277999878,-0.9941058158874512,1.437925100326538
1726,P0CJ63_V69L,CCCC(=O)NC1CCOC1=O,1.1271047983648077,1.5224380493164062,0.2876473069190979,0.8343862295150757
1727,P0CJ63_A206L,CCCC(=O)NC1CCOC1=O,1.0681858617461617,1.520639419555664,0.2695227861404419,0.8320804834365845
1728,P0CJ63_A206I,CCCC(=O)NC1CCOC1=O,1.436162647040756,1.5152969360351562,0.26361340284347534,0.8370342254638672
1729,P0CJ63_F64L,CCCCCCCCCC(=O)NC1CCOC1=O,-0.41453927049149936,0.9260274171829224,-0.9839730858802795,1.5168156623840332
1730,P0CJ63_V69W,CCCCCCCCCC(=O)NC1CCOC1=O,-0.7099653886374819,0.8926656246185303,-0.9913771748542786,1.446744441986084
1731,P0CJ63_V69F,CCCCCCCCCC(=O)NC1CCOC1=O,-0.6861327796308466,0.9432156682014465,-0.9628444314002991,1.494309663772583
1732,P0CJ63_F64W/A206F,CCCCCCCCCC(=O)NC1CCOC1=O,-0.6497519816658371,0.9049458503723145,-1.0035943984985352,1.4869153499603271
1733,P0CJ63_V69A,CCCCCCCCCC(=O)NC1CCOC1=O,-0.44611697335612566,0.9381550550460815,-0.98044753074646,1.4962531328201294
1734,P0CJ63_V69F,CCCC(=O)NC1CCOC1=O,0.7339992865383869,1.5108983516693115,0.29245591163635254,0.8337597846984863
1735,P0CJ63_V69W,CCCC(=O)NC1CCOC1=O,0.8075350280688532,1.4741917848587036,0.2612062990665436,0.8014711737632751
1736,P0CJ63_A206V,CCCCCCCCCC(=O)NC1CCOC1=O,-1.832682665251824,0.9402874708175659,-0.9867780208587646,1.5017037391662598
1737,P0CJ63_F64L,CCCC(=O)NC1CCOC1=O,1.5965970956264603,1.5003011226654053,0.26411306858062744,0.848975658416748
1738,P0CJ63_A206V,CCCC(=O)NC1CCOC1=O,0.9484129657786011,1.5202956199645996,0.2640029788017273,0.8379772901535034
1739,P0CJ63_F64W/V69W/A206F,CCCCCCCCCC(=O)NC1CCOC1=O,-0.3777859770337047,0.859526515007019,-1.009767770767212,1.4401582479476929
1740,P0CJ63_A206L,CCCCCCCCCC(=O)NC1CCOC1=O,-1.2118316288588322,0.9381563663482666,-0.9830427765846252,1.495165228843689
1741,P0CJ63_A206W,CCCCCCCCCC(=O)NC1CCOC1=O,-0.853871964321762,0.8746465444564819,-1.0216144323349,1.4699163436889648
1742,P0CJ63_A206I,CCCCCCCCCC(=O)NC1CCOC1=O,-0.5016894462103995,0.9352748394012451,-0.9836484789848328,1.4971672296524048
1743,A3FJ64_wild,CCCCCCC(=O)NC1CCOC1=O,-0.5228787452803376,0.8892458081245422,-0.2875553071498871,1.0756473541259766
1744,A3FJ64_wild,CCCCCCCC(=O)NC1CCOC1=O,-0.7447274948969352,1.1366174221038818,-0.5930692553520203,1.249971866607666
1745,A3FJ64_F64C/F68C,CCCCCCCC(=O)NC1CCOC1=O,-0.15490195998574322,1.135338306427002,-0.6125587821006775,1.2902166843414307
1746,A3FJ64_F107W,CCCCCCCC(=O)NC1CCOC1=O,-0.09691001300805639,1.130666971206665,-0.5923959016799927,1.2347278594970703
1747,A3FJ64_F64C/F68C,CCCCC(=O)NC1CCOC1=O,0.6532125137753437,1.0632476806640625,-0.018221531063318253,0.9639450311660767
1748,A3FJ64_F107W,CCCCCC(=O)NC1CCOC1=O,1.0,1.2133456468582153,-0.10171405971050262,0.9358533024787903
1749,A3FJ64_F107W,CCCCCCCCCC(=O)NC1CCOC1=O,-0.8239087409443188,0.9252716898918152,-0.9822431206703186,1.4857743978500366
1750,A3FJ64_wild,CCCCC(=O)NC1CCOC1=O,0.47712125471966244,1.0667427778244019,0.033729616552591324,0.9112060070037842
1751,A3FJ64_F107W,CCCCCCC(=O)NC1CCOC1=O,0.2041199826559248,0.8683720827102661,-0.28451746702194214,1.0607837438583374
1752,A3FJ64_F107W,CCCCC(=O)NC1CCOC1=O,0.7781512503836436,1.0539705753326416,0.03719193860888481,0.8947616815567017
1753,A3FJ64_wild,CCCCCC(=O)NC1CCOC1=O,0.3222192947339193,1.2124824523925781,-0.1054081916809082,0.9514485597610474
1754,P0CJ63_Y194F,CCCCCC(=O)NC1CCOC1=O,0.3222192947339193,1.2199748754501343,-0.10082603991031647,0.9317556619644165
1755,P0CJ63_D108N,CCCCCC(=O)NC1CCOC1=O,0.2041199826559248,0.8625991940498352,-0.05572732910513878,0.7059781551361084
1756,Q04585_wild,C(C(C(C(=O)CO)O)O)O,-0.6635402661514705,1.686142921447754,-0.8003376722335815,1.5051062107086182
1757,P96559_wild,C1=CN(C(=O)NC1=O)C2C(C(C(O2)COP(=O)(O)OP(=O)(O)OC3C(C(C(C(O3)CO)O)O)O)O)O,0.11394335230683679,-0.6536410450935364,-0.32860705256462097,-0.3078570067882538
1758,P96559_H125A,C1=CN(C(=O)NC1=O)C2C(C(C(O2)COP(=O)(O)OP(=O)(O)OC3C(C(C(C(O3)CO)O)O)O)O)O,-0.3467874862246563,-0.6352188587188721,-0.34354209899902344,-0.30133548378944397
1759,P96559_wild,CC(C)CC(C(=O)NC1C(C2=CC(=C(C=C2)OC3=CC4=CC(=C3O)OC5=C(C=C(C=C5)C(C6C(=O)NC(C7=C(C(=CC(=C7)O)O)C8=C(C=CC(=C8)C(C(=O)N6)NC(=O)C4NC(=O)C(NC1=O)CC(=O)N)O)C(=O)O)O)Cl)Cl)O)NC,-0.6020599913279624,-1.2945152521133423,-1.2478927373886108,0.465111643075943
1760,P96559_D332A,C1=CN(C(=O)NC1=O)C2C(C(C(O2)COP(=O)(O)OP(=O)(O)OC3C(C(C(C(O3)CO)O)O)O)O)O,0.5185139398778875,-0.8769201040267944,-0.31837624311447144,-0.47491732239723206
1761,P96559_D13A,C1=CN(C(=O)NC1=O)C2C(C(C(O2)COP(=O)(O)OP(=O)(O)OC3C(C(C(C(O3)CO)O)O)O)O)O,0.04139268515822508,-0.8873319029808044,-0.2733708918094635,-0.510808527469635
1762,A0A178WMD4_wild,C(C(=O)C(=O)O)O,0.5526682161121932,-0.39455941319465637,0.30009037256240845,0.03510555624961853
1763,Q92T34_wild,C1C=CN(C=C1C(=O)N)C2C(C(C(O2)COP(=O)(O)OP(=O)(O)OCC3C(C(C(O3)N4C=NC5=C(N=CN=C54)N)OP(=O)(O)O)O)O)O,-1.978810700930062,1.314152717590332,-1.1125514507293701,2.5728492736816406
1764,Q92T34_wild,C(=O)C(=O)[O-],1.089905111439398,2.182738780975342,0.5035213232040405,1.0605896711349487
1765,Q92T34_wild,C1=CC=C(C=C1)CC(=O)C(=O)O,0.8182258936139555,1.4941985607147217,0.20707175135612488,1.045353651046753
1766,Q92T34_wild,C(C(=O)C(=O)[O-])O,0.9708116108725179,2.050212860107422,0.40594184398651123,1.1908228397369385
1767,Q92T34_wild,CC(=O)C(=O)[O-],0.9863237770507609,2.0516605377197266,0.4657209813594818,1.0166102647781372
1768,O93623_K271E,C1=NC(=C2C(=N1)N(C=N2)C3C(C(C(O3)COP(=O)(O)OP(=O)(O)OP(=O)(O)O)O)O)N,-0.1778319206319825,0.8456994891166687,-0.3037896752357483,1.484481692314148
1769,Q9NJP9_wild,C1=NC(=C2C(=N1)N(C=N2)C3C(C(C(O3)COP(=O)(O)OP(=O)(O)O)O)O)N,-0.431798275933005,0.9023000597953796,-1.0540701150894165,1.8437609672546387
1770,Q9NJP9_wild,C(C(COP(=O)(O)O)O)O,0.05307844348341968,0.9260038733482361,-0.7573510408401489,1.4050356149673462
1771,Q8IDI4_wild,C(C(CO)O)O,-1.744727494896694,1.2527284622192383,1.0206166505813599,1.1528723239898682
1772,Q8IDI4_wild,C1=NC(=C2C(=N1)N(C=N2)C3C(C(C(O3)COP(=O)(O)OP(=O)(O)OP(=O)(O)O)O)O)N,-1.677780705266081,0.5483022928237915,-0.5579248070716858,1.4157510995864868
1773,B0I530_wild,C1=NC(=C2C(=N1)N(C=N2)C3C(C(C(O3)COP(=O)(O)OP(=O)(O)O)O)O)N,-0.16115090926274472,1.0400636196136475,-1.0731946229934692,1.9357883930206299
1774,B0I530_wild,C(C(COP(=O)(O)O)O)O,0.13672056715640674,1.0488834381103516,-0.7424575090408325,1.4845877885818481
1775,Q75T26_wild,C(C(COP(=O)(O)O)O)O,0.037426497940623665,0.9361202120780945,-0.7770933508872986,1.3989427089691162
1776,Q75T26_wild,C1=NC(=C2C(=N1)N(C=N2)C3C(C(C(O3)COP(=O)(O)OP(=O)(O)O)O)O)N,-0.619788758288394,0.9179463982582092,-1.0384265184402466,1.8389137983322144
1777,D0VZG4_T386I/F388Y,C(C(CO)O)O,-1.3098039199714864,2.3226335048675537,1.093342900276184,1.9301111698150635
1778,D0VZG4_wild,C(C(CO)O)O,-1.4436974992327127,2.3460593223571777,1.104206919670105,1.9714446067810059
1779,D0VZG4_A344V/T386I/F388Y,C(C(CO)O)O,-1.0604807473813815,2.319551944732666,1.1082372665405273,1.9068825244903564
1780,O15918_wild,C1=NC(=C2C(=N1)N(C=N2)C3C(C(C(O3)COP(=O)(O)O)O)O)N,-1.4685210829577449,-0.16297928988933563,-1.7552947998046875,1.2864935398101807
1781,O15918_wild,C(=CC(=O)[O-])C(=O)[O-],-0.11918640771920865,0.07698033004999161,-0.7464573979377747,0.7398226261138916
1782,A5JUQ9_wild,C1C=CN(C=C1C(=O)N)C2C(C(C(O2)COP(=O)(O)OP(=O)(O)OCC3C(C(C(O3)N4C=NC5=C(N=CN=C54)N)OP(=O)(O)O)O)O)O,-1.5086383061657274,0.00915608648210764,-1.2008111476898193,2.048755645751953
1783,A5JUQ9_wild,C(C(C(C(C(C=O)O)O)O)O)OP(=O)(O)O,1.0413926851582251,-0.21773730218410492,0.22036415338516235,0.2315443754196167
1784,A5JUQ9_wild,C1=CC(=C[N+](=C1)C2C(C(C(O2)COP(=O)(O)OP(=O)(O)OCC3C(C(C(O3)N4C=NC5=C(N=CN=C54)N)OP(=O)(O)O)O)O)O)C(=O)N,-1.2291479883578558,-0.08944632858037949,-0.7054963707923889,1.4894037246704102
1785,P14735_wild,CCC(C)C1C(=O)NC2CSSCC(C(=O)NC(CSSCC(C(=O)NCC(=O)NC(C(=O)NC(C(=O)NC(C(=O)NC(C(=O)NC(C(=O)NC(C(=O)NC(C(=O)NC(C(=O)NC(C(=O)NC(C(=O)NC(CSSCC(NC(=O)C(NC(=O)C(NC(=O)C(NC(=O)C(NC(=O)C(NC(=O)C(NC(=O)C(NC(=O)C(NC2=O)CO)CC(C)C)CC3=CC=C(C=C3)O)CCC(=O)N)CC(C)C)CCC(=O)O)CC(=O)N)CC4=CC=C(C=C4)O)C(=O)NC(CC(=O)N)C(=O)O)C(=O)NCC(=O)NC(CCC(=O)O)C(=O)NC(CCCNC(=N)N)C(=O)NCC(=O)NC(CC5=CC=CC=C5)C(=O)NC(CC6=CC=CC=C6)C(=O)NC(CC7=CC=C(C=C7)O)C(=O)NC(C(C)O)C(=O)N8CCCC8C(=O)NC(CCCCN)C(=O)NC(C(C)O)C(=O)O)C(C)C)CC(C)C)CC9=CC=C(C=C9)O)CC(C)C)C)CCC(=O)O)C(C)C)CC(C)C)CC2=CNC=N2)CO)NC(=O)C(CC(C)C)NC(=O)C(CC2=CNC=N2)NC(=O)C(CCC(=O)N)NC(=O)C(C(=O)N)NC(=O)C(C(C)C)NC(=O)C(CC2=CC=CC=C2)N)C(=O)NC(C(=O)NC(C(=O)N1)CO)C(C)O)NC(=O)C(CCC(=O)N)NC(=O)C(CCC(=O)O)NC(=O)C(C(C)C)NC(=O)C(C(C)CC)NC(=O)CN,-1.6989700043360187,0.06759565323591232,-2.4308273792266846,1.6853692531585693
1786,A0A0H3LJU9_wild,C1=CC=C(C=C1)C(C(=O)O)C(=O)O,1.0,0.9280676245689392,-0.24526625871658325,0.9646854400634766
1787,O58713_wild,C1=CC=C(C=C1)C(C(=O)O)C(=O)O,1.6201360549737576,1.03171968460083,-0.6002383828163147,1.6389427185058594
1788,E7D6C4_wild,C(C1C(C(C(C(O1)OC2C(OC(C(C2O)O)O)CO)O)O)O)O,-0.7695510786217261,0.8130342960357666,0.533390998840332,1.2116408348083496
1789,G2RB43_wild,C(C1C(C(C(C(O1)OC2C(OC(C(C2O)O)O)CO)O)O)O)O,-2.408935392973501,0.7332700490951538,0.45070451498031616,1.2364325523376465
1790,G2RB43_wild,C(C1C(C(C(C(O1)OC2C(OC(C(C2O)O)OC3C(OC(C(C3O)O)O)CO)CO)O)O)O)O,-2.0861861476162833,0.379874587059021,0.11186201870441437,1.4313244819641113
1791,G2RB43_wild,C(C1C(C(C(C(O1)OC2C(OC(C(C2O)O)OC3C(OC(C(C3O)O)OC4C(OC(C(C4O)O)OC5C(OC(C(C5O)O)O)CO)CO)CO)CO)O)O)O)O,-2.1249387366083,0.2647537291049957,-0.009082373231649399,1.6800483465194702
1792,G2RB43_wild,C(C1C(C(C(C(O1)OC2C(OC(C(C2O)O)OC3C(OC(C(C3O)O)OC4C(OC(C(C4O)O)O)CO)CO)CO)O)O)O)O,-2.2518119729937998,0.29725387692451477,-0.03597697243094444,1.5552799701690674
1793,Q9P8H5_wild,C(C1C(C(C(C(O1)OC2C(OC(C(C2O)O)O)CO)O)O)O)O,-1.958607314841775,0.5337245464324951,0.5467108488082886,0.8899632692337036
1794,Q9P8H5_wild,C(C1C(C(C(C(O1)O)O)O)O)O,1.4440447959180762,0.7023807764053345,1.1795127391815186,0.27755963802337646
1795,E7D6C4_wild,C(C1C(C(C(C(O1)O)O)O)O)O,4.230448921378274,0.9351086616516113,1.2160762548446655,0.5191662311553955
1796,A9XK88_wild,C1=CC(=O)C=CC1=O,-1.6575773191777938,1.3278743028640747,-0.8317012190818787,2.1789300441741943
1797,A9XK88_wild,O=O,-1.431798275933005,1.5158631801605225,-0.5039660930633545,2.0294337272644043
1798,A9XK88_wild,C1=CC(=O)C=CC1=NC2=CC(=C(C(=C2)Cl)O)Cl,2.1398790864012365,0.947121262550354,-1.1919060945510864,2.125981092453003
1799,E7D6C0_wild,C(C1C(C(C(C(O1)OC2C(OC(C(C2O)O)O)CO)O)O)O)O,-1.1426675035687315,0.6920684576034546,0.5135437250137329,1.179643988609314
1800,E7D6C0_wild,C(C1C(C(C(C(O1)O)O)O)O)O,1.9395192526186185,0.8228603601455688,1.2066439390182495,0.47619226574897766
1801,E7D6C1_wild,C(C1C(C(C(C(O1)OC2C(OC(C(C2O)O)O)CO)O)O)O)O,-0.9030899869919435,0.9696556329727173,0.5186703205108643,1.204310417175293
1802,E7D6C1_wild,C(C1C(C(C(C(O1)O)O)O)O)O,1.8976270912904414,1.1551649570465088,1.1892813444137573,0.5315713286399841
1803,E7D6B9_wild,C(C1C(C(C(C(O1)OC2C(OC(C(C2O)O)O)CO)O)O)O)O,-2.1079053973095196,0.5777795314788818,0.4659452438354492,0.9977717399597168
1804,E7D6B9_wild,C(C1C(C(C(C(O1)O)O)O)O)O,1.9454685851318199,0.7365429997444153,1.1458725929260254,0.3317693769931793
1805,A0A1Q2U3E4_wild,C1=CC(=CC=C1[N+](=O)[O-])OC2C(C(C(O2)C(CO)O)O)O,0.8325089127062363,0.3500124514102936,0.009230498224496841,0.7229313850402832
1806,Q8R173_wild,CCCCCCCCCCCCCCCC(=O)SCCNC(=O)CCNC(=O)C(C(C)(C)COP(=O)(O)OP(=O)(O)OCC1C(C(C(O1)N2C=NC3=C(N=CN=C32)N)O)OP(=O)(O)O)O,-2.2291479883578558,-0.33822664618492126,-2.2695562839508057,2.286428451538086
1807,P17888_K328A,C1=NC(=C2C(=N1)N(C=N2)C3C(C(C(O3)COP(=O)(O)OP(=O)(O)OP(=O)(O)O)O)O)N,-3.8538719643217623,-0.6888887286186218,-1.377447485923767,0.8976559638977051
1808,P17888_wild,C1=NC(=C2C(=N1)N(C=N2)C3C(C(C(O3)COP(=O)(O)OP(=O)(O)OP(=O)(O)O)O)O)N,-4.0,-0.6674870848655701,-1.3864141702651978,0.9094046950340271
1809,Q9D142_wild,C1=NC(=C2C(=N1)N(C=N2)C3C(C(C(O3)COP(=O)(O)OP(=O)(O)OCC4C(C(C(O4)O)O)O)O)O)N,-0.5228787452803376,-0.10908261686563492,-1.2672666311264038,1.1564359664916992
1810,Q9D142_wild,C1=CN(C(=O)NC1=O)C2C(C(C(O2)COP(=O)(O)OP(=O)(O)OC3C(C(C(C(O3)CO)O)O)O)O)O,0.6127838567197249,-0.21383997797966003,-1.064468264579773,0.7525486946105957
1811,Q59I44_wild,C1C=CN(C=C1C(=O)N)C2C(C(C(O2)COP(=O)(O)OP(=O)(O)OCC3C(C(C(O3)N4C=NC5=C(N=CN=C54)N)OP(=O)(O)O)O)O)O,-1.0457574905606752,0.44799503684043884,-1.4003205299377441,1.990700125694275
1812,Q59I44_wild,C=C(C(=O)[O-])Cl,-0.3467874862246563,0.7794225811958313,-0.8590306639671326,0.7334644794464111
1813,Q59I44_wild,C=C(C(=O)[O-])Br,-0.721246399047171,0.852726399898529,-0.6737629771232605,0.6635554432868958
1814,Q24SP7_wild,C[N+](C)(C)CC(=O)[O-],0.292256071356476,0.20786236226558685,-0.31733113527297974,0.1829613298177719
1815,P56129_I148L,C(CC(C(=O)O)N)CC(C(=O)O)N,-1.5228787452803376,0.303280770778656,-0.1731165051460266,0.9729442596435547
1816,P56129_I148F,C(CC(C(=O)O)N)CC(C(=O)O)N,-0.958607314841775,0.1802244633436203,-0.11715967953205109,0.8611122369766235
1817,P56129_I148A,C(CC(C(=O)O)N)CC(C(=O)O)N,-0.45593195564972444,0.26155713200569153,-0.15286943316459656,0.9419112205505371
1818,P56129_wild,C(CC(C(=O)O)N)CC(C(=O)O)N,-0.4089353929735008,0.28238487243652344,-0.18469755351543427,0.9645127058029175
1819,P56129_I148D,C(CC(C(=O)O)N)CC(C(=O)O)N,-0.1426675035687919,0.1292443424463272,-0.08184626698493958,0.8307881355285645
1820,Q9KVL7_wild,C(CC(C(=O)O)N)CC(C(=O)O)N,0.2787536009528289,0.8924466967582703,-0.5088242888450623,1.5549395084381104
1821,D7TU67_wild,CC(C)(COP(=O)(O)OP(=O)(O)OCC1C(C(C(O1)N2C=NC3=C(N=CN=C32)N)O)OP(=O)(O)O)C(C(=O)NCCC(=O)NCCSC(=O)C=CC4=CC=C(C=C4)O)O,-2.9208187539523753,0.05973295122385025,-1.6814829111099243,1.3350497484207153
1822,D7TU67_wild,COC1=CC(=CC(=C1O)OC)C2=[O+]C3=CC(=CC(=C3C=C2OC4C(C(C(C(O4)CO)O)O)O)O)O,-1.0087739243075051,0.6542398929595947,-1.2156494855880737,0.8984754681587219
1823,D7TU67_wild,COC1=C(C=CC(=C1)C2=[O+]C3=CC(=CC(=C3C=C2OC4C(C(C(C(O4)CO)O)O)O)O)O)O,-1.1023729087095586,0.7278854250907898,-1.1457555294036865,0.9557293653488159
1824,D7TU67_wild,C1=C(C=C(C(=C1O)O)O)C2=[O+]C3=CC(=CC(=C3C=C2OC4C(C(C(C(O4)CO)O)O)O)O)O,-0.11633856484638244,0.8078511357307434,-1.0986104011535645,1.0629522800445557
1825,D7TU67_wild,CC(=O)SCCNC(=O)CCNC(=O)C(C(C)(C)COP(=O)(O)OP(=O)(O)OCC1C(C(C(O1)N2C=NC3=C(N=CN=C32)N)O)OP(=O)(O)O)O,-1.7721132953863266,0.26942571997642517,-1.2850463390350342,1.360095739364624
1826,D7TU67_wild,CC(C)(COP(=O)(O)OP(=O)(O)OCC1C(C(C(O1)N2C=NC3=C(N=CN=C32)N)O)OP(=O)(O)O)C(C(=O)NCCC(=O)NCCSC(=O)C=CC4=CC(=C(C=C4)O)O)O,-2.3872161432802645,0.0677647516131401,-1.704789400100708,1.4597723484039307
1827,D7TU67_wild,CC(C)(COP(=O)(O)OP(=O)(O)OCC1C(C(C(O1)N2C=NC3=C(N=CN=C32)N)O)OP(=O)(O)O)C(C(=O)NCCC(=O)NCCSC(=O)CC(=O)O)O,-0.23062267392386154,0.17229095101356506,-1.5143309831619263,1.347569227218628
1828,D7TU67_wild,C1=CC(=C(C=C1C2=[O+]C3=CC(=CC(=C3C=C2OC4C(C(C(C(O4)CO)O)O)O)O)O)O)O,-0.2958494831602009,0.9222354888916016,-1.2135400772094727,1.0436387062072754
1829,A4F2S6_wild,C(C(C(=O)O)O)C(=O)O,1.1760912590556813,1.2497332096099854,0.221933051943779,1.2686771154403687
1830,B6E9W4_wild,C(C(C(=O)O)O)C(=O)O,1.4409090820652177,1.0601998567581177,0.2586572766304016,1.196437954902649
1831,A4F2S6_wild,C1=CC(=C[N+](=C1)C2C(C(C(O2)COP(=O)([O-])OP(=O)(O)OCC3C(C(C(O3)N4C=NC5=C(N=CN=C54)N)O)O)O)O)C(=O)N,-0.958607314841775,1.4951391220092773,-0.12468469142913818,1.63003408908844
1832,A4F2S6_wild,C1=CC(=C[N+](=C1)C2C(C(C(O2)COP(=O)(O)OP(=O)(O)OCC3C(C(C(O3)N4C=NC5=C(N=CN=C54)N)OP(=O)(O)O)O)O)O)C(=O)N,0.25527250510330607,1.411247730255127,-0.432991623878479,1.8695201873779297
1833,B6E9W4_wild,C1=CC(=C[N+](=C1)C2C(C(C(O2)COP(=O)(O)OP(=O)(O)OCC3C(C(C(O3)N4C=NC5=C(N=CN=C54)N)OP(=O)(O)O)O)O)O)C(=O)N,0.3222192947339193,1.2259851694107056,-0.3137090802192688,1.7588188648223877
1834,B6E9W4_wild,C1=CC(=C[N+](=C1)C2C(C(C(O2)COP(=O)([O-])OP(=O)(O)OCC3C(C(C(O3)N4C=NC5=C(N=CN=C54)N)O)O)O)O)C(=O)N,-0.9956786262173574,1.3479360342025757,-0.028738360852003098,1.5345220565795898
1835,Q9KQJ0_wild,C=C(C(=O)O)OP(=O)(O)O,0.0,0.8020768761634827,-0.5250455737113953,1.6290122270584106
1836,Q46078_wild,C1=NC(=C2C(=N1)N(C=N2)C3C(C(C(O3)COP(=O)(O)OP(=O)(O)O)O)O)N,-1.1549019599857433,0.7017873525619507,-0.5447850227355957,1.7367750406265259
1837,Q8NLN1_wild,C1=NC(=C2C(=N1)N(C=N2)C3C(C(C(O3)COP(=O)(O)OP(=O)(O)O)O)O)N,-0.4814860601221125,0.7020790576934814,-0.5346614718437195,1.3486287593841553
1838,Q8NLN1_wild,C=C(C(=O)O)OP(=O)(O)O,0.6608654780038692,0.8812645673751831,-0.22036072611808777,1.3037407398223877
1839,U3LXJ8_wild,C1=CC(=CC=C1C2=C(C(=O)C3=C(C=C(C=C3O2)O)O)O)O,-3.0,0.1948820948600769,-2.458989381790161,2.0800414085388184
1840,U3LXJ8_wild,C1C(OC2=CC(=CC(=C2C1=O)O)O)C3=CC=C(C=C3)O,-3.0,-0.44993406534194946,-2.3572590351104736,1.7357115745544434
1841,U3LXJ8_wild,C1=CC(=CC=C1C2C(C(=O)C3=C(C=C(C=C3O2)O)O)O)O,-2.0457574905606752,0.18594300746917725,-2.1243345737457275,2.0424346923828125
1842,U3LXJ8_wild,C1=CC(=CC=C1C2=CC(=O)C3=C(C=C(C=C3O2)O)O)O,-2.2365720064370627,0.01572268456220627,-2.3609602451324463,1.9675203561782837
1843,Q10M74_wild,C1=NC2=C(N1C3C(C(C(O3)COP(=O)(O)O)O)O)N=C(NC2=O)N,-1.136677139879544,-0.18332622945308685,-1.1975082159042358,1.0057134628295898
1844,Q9FCA6_wild,C1=C(C=C(C2=C1C(=O)C(=O)C=C2O)O)O,-2.136677139879544,-1.2879772186279297,-2.0010673999786377,0.3704962730407715
1845,Q9FCA6_I87K,C1=C(C=C(C2=C1C(=O)C(=O)C=C2O)O)O,-1.3645162531850878,-1.3117339611053467,-1.9976590871810913,0.3747546970844269
1846,Q9KZF5_wild,C1=C(C=C(C2=C1C(=O)C(=O)C=C2O)O)O,-1.978810700930062,-1.6274466514587402,-2.152776002883911,0.32541579008102417
1847,Q9KZF5_K90I,C1=C(C=C(C2=C1C(=O)C(=O)C=C2O)O)O,-1.7721132953863266,-1.6155173778533936,-2.1514556407928467,0.3188653290271759
1848,Q837U7_Y230V/G231S/L232M/Y233G,C(CC(C(=O)O)N)CN,1.505149978319906,1.0623252391815186,0.10358080267906189,0.5141239166259766
1849,Q837U7_wild,C(CC(C(=O)O)N)CN,0.7853298350107671,1.0456175804138184,0.0628008246421814,0.4670013189315796
1850,Q8A711_wild,C=C(C(=O)O)OP(=O)(O)O,-0.958607314841775,-0.45721137523651123,-1.007035493850708,0.3939911127090454
1851,Q8A711_wild,C(C1C(C(C(C(O1)O)O)O)O)OP(=O)(O)O,0.14612803567823798,-0.4231250584125519,-0.07055284082889557,0.025832414627075195
1852,P06632_K232Q,C1C=CN(C=C1C(=O)N)C2C(C(C(O2)COP(=O)(O)OP(=O)(O)OCC3C(C(C(O3)N4C=NC5=C(N=CN=C54)N)O)O)O)O,0.5910646070264992,0.3256612718105316,-0.32767078280448914,1.7289137840270996
1853,P06632_K232G,C1C=CN(C=C1C(=O)N)C2C(C(C(O2)COP(=O)(O)OP(=O)(O)OCC3C(C(C(O3)N4C=NC5=C(N=CN=C54)N)O)O)O)O,0.3010299956639812,0.3660733997821808,-0.33139267563819885,1.7428374290466309
1854,P06632_R238H,C1C=CN(C=C1C(=O)N)C2C(C(C(O2)COP(=O)(O)OP(=O)(O)OCC3C(C(C(O3)N4C=NC5=C(N=CN=C54)N)O)O)O)O,0.3222192947339193,0.49578866362571716,-0.36421674489974976,1.9426255226135254
1855,P06632_K232S,C1C=CN(C=C1C(=O)N)C2C(C(C(O2)COP(=O)(O)OP(=O)(O)OCC3C(C(C(O3)N4C=NC5=C(N=CN=C54)N)O)O)O)O,0.4471580313422192,0.40765073895454407,-0.32350820302963257,1.7791814804077148
1856,P06632_R235T,C1C=CN(C=C1C(=O)N)C2C(C(C(O2)COP(=O)(O)OP(=O)(O)OCC3C(C(C(O3)N4C=NC5=C(N=CN=C54)N)O)O)O)O,0.9444826721501687,0.5541634559631348,-0.3498426675796509,1.9824910163879395
1857,P06632_wild,C1C=CN(C=C1C(=O)N)C2C(C(C(O2)COP(=O)(O)OP(=O)(O)OCC3C(C(C(O3)N4C=NC5=C(N=CN=C54)N)O)O)O)O,0.414973347970818,0.5514862537384033,-0.3925405740737915,1.9913890361785889
1858,P06632_R235G/R238E,C1C=CN(C=C1C(=O)N)C2C(C(C(O2)COP(=O)(O)OP(=O)(O)OCC3C(C(C(O3)N4C=NC5=C(N=CN=C54)N)O)O)O)O,0.9242792860618817,0.4188266098499298,-0.3699423372745514,1.8074193000793457
1859,Q3SY77_wild,C1=CC2=C3C(=C1)C=CC4=C3C(=CC5=C4C(=C(C=C5)O)O)C=C2,-0.721246399047171,-1.3720124959945679,-1.0375944375991821,1.3034915924072266
1860,Q3SY77_wild,C1=CC2=C3C(=C1)C=CC4=C3C(=CC5=C4C=CC(=C5O)O)C=C2,-0.40120949323688493,-1.3721643686294556,-1.3004666566848755,1.3644635677337646
1861,Q3SY77_wild,C1=CC=C2C(=C1)C=CC=C2O,-0.6478174818886375,-0.10967250913381577,-0.6647278070449829,0.9703850746154785
1862,Q3SY77_wild,CC1=CC2=CC=CC=C2C3=C1C4=C(C=C3)C(=C(C=C4)O)O,0.09691001300805642,-1.030112624168396,-0.7834364771842957,1.2239928245544434
1863,Q003Y3_wild,C1(C(C(C(C(C1OP(=O)(O)O)OP(=O)(O)O)OP(=O)(O)O)OP(=O)(O)O)OP(=O)(O)O)OP(=O)(O)O,0.0,1.5500292778015137,-0.5620422959327698,1.8619341850280762
1864,Q6RK08_D144N/V227A/G344D,C1(C(C(C(C(C1OP(=O)(O)O)OP(=O)(O)O)OP(=O)(O)O)OP(=O)(O)O)OP(=O)(O)O)OP(=O)(O)O,-1.4975728800155672,1.6195099353790283,-0.506798267364502,2.0288596153259277
1865,Q6RK08_wild,C1(C(C(C(C(C1OP(=O)(O)O)OP(=O)(O)O)OP(=O)(O)O)OP(=O)(O)O)OP(=O)(O)O)OP(=O)(O)O,-0.9083330424043154,1.5836219787597656,-0.5286297798156738,2.023879051208496
1866,Q6RK08_D144N/V227A,C1(C(C(C(C(C1OP(=O)(O)O)OP(=O)(O)O)OP(=O)(O)O)OP(=O)(O)O)OP(=O)(O)O)OP(=O)(O)O,-1.3120253799654442,1.6070349216461182,-0.5224549174308777,2.020002603530884
1867,B4X9S4_wild,C1(C(C(C(C(C1OP(=O)(O)O)OP(=O)(O)O)OP(=O)(O)O)OP(=O)(O)O)OP(=O)(O)O)OP(=O)(O)O,-0.6861327796308466,2.025000810623169,-0.5948299765586853,2.2384159564971924
1868,Q7CIZ7_wild,C1(C(C(C(C(C1OP(=O)(O)O)OP(=O)(O)O)OP(=O)(O)O)OP(=O)(O)O)OP(=O)(O)O)OP(=O)(O)O,-0.707743928643524,2.371751308441162,-0.5147318840026855,2.5899178981781006
1869,P07102_wild,C1(C(C(C(C(C1OP(=O)(O)O)OP(=O)(O)O)OP(=O)(O)O)OP(=O)(O)O)OP(=O)(O)O)OP(=O)(O)O,-0.9172146296835499,1.6419932842254639,-0.5465206503868103,2.072481155395508
1870,A0A178WMD4_wild,C1=CC(=CC=C1CC(=O)C(=O)O)O,-0.431798275933005,-0.5429837703704834,-0.2598831057548523,0.2143540382385254
1871,Q9LE33_wild,C1=CC(=CC=C1CC(=O)C(=O)[O-])O,-0.431798275933005,-0.18434028327465057,-0.8518125414848328,0.6204807162284851
1872,P00957_wild,CC(C(=O)O)N,-1.3010299956639813,0.7647411823272705,-0.13109034299850464,0.6811133623123169
1873,P00957_wild,C(C(=O)O)N,1.414973347970818,0.6262191534042358,-0.11384698748588562,0.8650164604187012
1874,P00957_wild,C(C(C(=O)O)N)O,1.4913616938342726,0.3762985169887543,-0.23573289811611176,0.5992242693901062
1875,O47881_wild,C(C(C1C(C(C(=O)O1)O)O)O)O,0.5185139398778875,1.2742271423339844,-0.35602477192878723,1.5953184366226196
1876,A0A1B1X3I2_wild,C(C(C1C(C(C(=O)O1)O)O)O)O,-1.214670164989233,1.1432557106018066,-0.21801814436912537,1.4316874742507935
1877,Q9SU56_wild,C(C(C1C(C(C(=O)O1)O)O)O)O,-0.7695510786217261,1.2402817010879517,-0.3105951249599457,1.477013111114502
1878,I3PLR0_wild,C[N+]12CCC3=CC4=C(C(=C3C1CC5=C(C2)C(=C(C=C5)OC)OC)O)OCO4,-1.749579997691106,-1.7557570934295654,-1.7235091924667358,0.5104565620422363
1879,E1CJF8_wild,[C-]#[N+]C1CCCCC1,-0.022276394711152257,0.12522047758102417,0.5797113180160522,0.12781307101249695
1880,Q50EL0_wild,CC(=CCOP(=O)(O)OP(=O)(O)O)C,-2.3979400086720375,-1.2490297555923462,-0.8602601289749146,0.15821656584739685
1881,Q50EL0_wild,C1=CC=C2C(=C1)C(=CN2)CC(C(=O)O)N,-2.0969100130080562,-1.0563232898712158,-0.632422685623169,0.07289502024650574
1882,Q50EL0_R244L,C1CC2C(=O)NC(C(=O)N2C1)CC3=CNC4=CC=CC=C43,-0.5528419686577808,-0.5478121042251587,-0.9789907932281494,0.7738641500473022
1883,Q50EL0_wild,C1=CC(=CC(=C1)O)CC(C(=O)O)N,-0.045757490560675115,-1.4835463762283325,-0.4469206929206848,-0.4399675726890564
1884,Q50EL0_R244M,C1=CC=C2C(=C1)C(=CN2)CC3C(=O)NC(C(=O)N3)CC4=CNC5=CC=CC=C54,-0.6575773191777937,-1.3462843894958496,-1.0080761909484863,0.30179786682128906
1885,Q50EL0_wild,C1=CC=C(C(=C1)CC(C(=O)O)N)O,-0.3279021420642826,-1.2148113250732422,-0.3107023537158966,-0.144359290599823
1886,Q50EL0_wild,CNC(CC1=CNC2=CC=CC=C21)C(=O)O,-1.0915149811213503,-1.0686383247375488,-0.5479740500450134,-0.1606491506099701
1887,Q50EL0_R244Y,CC(C)CC1C(=O)NC(C(=O)N1)CC2=CNC3=CC=CC=C32,-0.3767507096020995,-0.8954858779907227,-0.39134731888771057,0.28408920764923096
1888,Q50EL0_wild,CC1=CC2=C(C=C1)NC=C2CC(C(=O)O)N,-0.3809066693732573,-1.3140578269958496,-0.803709089756012,-0.0621490478515625
1889,Q50EL0_wild,COC(=O)C(CC1=CNC2=CC=CC=C21)N,0.458788881710845,-0.941214919090271,-0.6022009253501892,-0.29128533601760864
1890,B1A4C4_wild,CNC(CC1=CNC2=CC=CC=C21)C(=O)O,-0.9746941347352298,-0.7502532005310059,-0.4460013210773468,-0.250301718711853
1891,B1A4C4_wild,C1=CC=C2C(=C1)C(=CN2)CC(C(=O)O)N,-0.9673812391492801,-0.8681092858314514,-0.3511736989021301,0.011335641145706177
1892,B1A4C4_wild,C1=CC2=C(C=C1O)C(=CN2)CC(C(=O)O)N,-0.5184140636323777,-1.1177687644958496,-0.14844775199890137,-0.3875942528247833
1893,Q9RKU9_wild,C(=O)C(=O)[O-],-2.4571745730408203,0.7212516665458679,-0.4041045904159546,0.5128977298736572
1894,Q9ZH77_wild,C(=O)C(=O)[O-],-3.2291479883578558,0.44945743680000305,-0.5834455490112305,0.38157525658607483
1895,A0A0F7RL08_wild,CC(=O)SCCNC(=O)CCNC(=O)C(C(C)(C)COP(=O)(O)OP(=O)(O)OCC1C(C(C(O1)N2C=NC3=C(N=CN=C32)N)O)OP(=O)(O)O)O,-1.6382721639824072,0.3014947474002838,-0.9130017161369324,1.7380343675613403
1896,A0A0F7RL08_wild,C(=O)C(=O)[O-],-1.0705810742857071,0.6372487545013428,-0.6452212929725647,0.7314591407775879
1897,Q58293_P267A,C[S+](CCC(C(=O)[O-])N)CC1C(C(C(O1)N2C=NC3=C(N=CN=C32)N)O)O,-3.3010299956639813,-1.6128596067428589,-2.195991039276123,0.8804683685302734
1898,Q58293_wild,C[S+](CCC(C(=O)[O-])N)CC1C(C(C(O1)N2C=NC3=C(N=CN=C32)N)O)O,-3.0,-1.5680307149887085,-2.202368974685669,0.8874847888946533
1899,Q02RL6_wild,C[S+](CCC(C(=O)[O-])N)CC1C(C(C(O1)N2C=NC3=C(N=CN=C32)N)O)O,-2.5228787452803374,-1.0715147256851196,-1.1491347551345825,0.5925206542015076
1900,P0C1F9_wild,C1=NC(=C2C(=N1)N(C=N2)C3C(C(C(O3)COP(=O)(O)OP(=O)(O)OP(=O)(O)O)O)O)N,-0.3565473235138126,0.09217191487550735,-1.07742178440094,0.9889899492263794
1901,P0C1F9_wild,C1C(C(OC1N2C=NC3=C(N=CN=C32)N)CO)O,-2.552841968657781,0.17634226381778717,-1.0961450338363647,1.0366579294204712
1902,Q8YMZ9_wild,C(CC(=O)N)C(C(=O)O)N,2.0394141191761372,0.8155840039253235,0.5045082569122314,0.2000488042831421
1903,P73903_wild,C(CC(=O)N)C(C(=O)O)N,1.424881636631067,0.45732054114341736,0.31201696395874023,0.10900191962718964
1904,P20906_H281F,C1=CC=C(C=C1)C(=O)C(=O)O,-0.2676062401770315,1.1592528820037842,-0.15703575313091278,0.8854038715362549
1905,P20906_L476Q,C1=CC=C(C=C1)C(=O)C(=O)O,-0.23657200643706275,1.1548659801483154,-0.16062770783901215,0.896708607673645
1906,P20906_L461V,C1=CC=C(C=C1)C(=O)C(=O)O,-1.2218487496163564,1.1486387252807617,-0.16090725362300873,0.8968634009361267
1907,P20906_T377L/A460Y,CCCC(=O)C(=O)O,-1.0,1.0081794261932373,-0.09406165778636932,0.7281444668769836
1908,P20906_A460Y,CCC(=O)C(=O)O,0.11394335230683679,1.118743658065796,0.2557121515274048,0.3721221685409546
1909,P20906_wild,CSCCC(=O)C(=O)O,0.11394335230683679,1.0150001049041748,-0.2035534381866455,0.8500322103500366
1910,P20906_T377L,CCCCC(=O)C(=O)[O-],0.11394335230683679,0.637261152267456,-0.3295701742172241,0.7366786003112793
1911,P20906_H281A,C1=CC=C(C=C1)C(=O)C(=O)O,0.2253092817258629,1.1450598239898682,-0.15267860889434814,0.885287880897522
1912,P20906_T377L/A460Y,C1=CC=C(C=C1)C(=O)C(=O)O,-0.3467874862246563,1.1244499683380127,-0.14783093333244324,0.8323105573654175
1913,P20906_H281Y,C1=CC=C(C=C1)C(=O)C(=O)O,-0.3098039199714864,1.1483588218688965,-0.14878064393997192,0.8805870413780212
1914,P20906_A460I,CCCCC(=O)C(=O)O,0.0,1.1140222549438477,-0.3347695469856262,0.856261670589447
1915,P20906_T377L/A460Y,CC(=O)C(=O)[O-],0.3010299956639812,0.5311088562011719,0.09832790493965149,0.2715385854244232
1916,P20906_L461A,C1=CC=C(C=C1)C(=O)C(=O)O,-0.6020599913279624,1.1185283660888672,-0.15272311866283417,0.8530675172805786
1917,P20906_A460Y,CCCC(=O)C(=O)O,-0.5528419686577808,1.0128579139709473,-0.1044091284275055,0.7526154518127441
1918,P20906_A460Y,CCCCC(=O)C(=O)[O-],-0.5528419686577808,0.6135923862457275,-0.340600848197937,0.7132617235183716
1919,P20906_wild,C1=CC=C(C=C1)C(=O)C(=O)O,-1.2291479883578558,1.155409574508667,-0.15539120137691498,0.8938040733337402
1920,P20906_H281T,C1=CC=C(C=C1)C(=O)C(=O)O,-0.045757490560675115,1.1500483751296997,-0.16008298099040985,0.9014779329299927
1921,P20906_T377L/A460Y,CC(C)CC(=O)C(=O)O,-0.853871964321762,1.0531747341156006,0.06262253224849701,0.6758724451065063
1922,P20906_T377L/A460Y,CCCCC(=O)C(=O)O,-0.853871964321762,1.0729384422302246,-0.31666141748428345,0.7938293218612671
1923,P20906_T377L/A460Y,CSCCC(=O)C(=O)O,-0.853871964321762,0.9743813276290894,-0.19461806118488312,0.7782119512557983
1924,P20906_S26M,C1=CC=C(C=C1)C(=O)C(=O)O,-0.09691001300805639,1.1713204383850098,-0.1492326557636261,0.9058318734169006
1925,P20906_L461G,C1=CC=C(C=C1)C(=O)C(=O)O,0.14612803567823798,1.0656054019927979,-0.1587015688419342,0.7886278629302979
1926,P20906_wild,CCCCC(=O)C(=O)O,0.6127838567197249,1.1072537899017334,-0.3251717686653137,0.8731719255447388
1927,P20906_T377L/A460Y,CCCC(=O)C(=O)[O-],-0.8239087409443188,0.8755480051040649,-0.06653246283531189,0.6310602426528931
1928,P20906_T377L/A460Y,CCCCC(=O)C(=O)[O-],-0.8239087409443188,0.6089663505554199,-0.33577895164489746,0.6854546070098877
1929,P20906_H281A/S26L,C1=CC=C(C=C1)C(=O)C(=O)O,0.07918124604762482,1.144270658493042,-0.13268327713012695,0.8621103763580322
1930,P20906_T377L/A460Y,CCC(C)C(=O)C(=O)[O-],0.07918124604762482,0.7647002935409546,0.14434882998466492,0.5824888348579407
1931,P20906_A460I,CCCC(=O)C(=O)O,0.07918124604762482,1.0532280206680298,-0.11389492452144623,0.7898117899894714
1932,P20906_H70A,C1=CC=C(C=C1)C(=O)C(=O)O,0.2833012287035496,1.0321729183197021,-0.07879142463207245,0.7502365112304688
1933,P20906_T377L,CCC(=O)C(=O)O,0.6334684555795865,1.1434248685836792,0.2687308192253113,0.39806681871414185
1934,P20906_T377L/A460Y,C1=CC=C(C=C1)CC(=O)C(=O)O,-0.08618614761628333,0.9232510328292847,-0.4474082589149475,0.8404369354248047
1935,P20906_A460G,C1=CC=C(C=C1)C(=O)C(=O)O,0.18752072083646304,1.1631810665130615,-0.1586410403251648,0.8902479410171509
1936,P20906_T377L/A460Y,CCC(=O)C(=O)[O-],-0.4089353929735008,0.7914265394210815,-0.005389329046010971,0.533478856086731
1937,P20906_H70T,C1=CC=C(C=C1)C(=O)C(=O)O,-0.050609993355087264,1.0811853408813477,-0.09670291841030121,0.8332973122596741
1938,P20906_T377L/A460Y,CC(C)C(=O)C(=O)O,-0.11350927482751817,1.1286518573760986,0.45001357793807983,0.3657556176185608
1939,P20906_H70L,C1=CC=C(C=C1)C(=O)C(=O)O,-0.42021640338318983,0.9911727905273438,-0.06745392084121704,0.6817271709442139
1940,P20906_S26A,C1=CC=C(C=C1)C(=O)C(=O)O,0.9355072658247128,1.1550829410552979,-0.1415485441684723,0.8838616609573364
1941,P20906_T377L,CCCC(=O)C(=O)O,0.04139268515822508,1.0434329509735107,-0.09598322212696075,0.7764455080032349
1942,P20906_A460I,CCC(C)CC(=O)C(=O)O,0.04139268515822508,1.082815408706665,-0.30292078852653503,0.8232295513153076
1943,P20906_T377L,CC(=O)C(=O)[O-],0.6812412373755872,0.556376576423645,0.10072176158428192,0.31775277853012085
1944,P20906_wild,CCCC(=O)C(=O)[O-],0.7781512503836436,0.902949869632721,-0.07109862565994263,0.7041743993759155
1945,P20906_H70F/S26T,C1=CC=C(C=C1)C(=O)C(=O)O,-0.07058107428570727,1.0729694366455078,-0.10688439011573792,0.7825193405151367
1946,P20906_wild,CCC(=O)C(=O)[O-],0.6127838567197249,0.8255808353424072,-0.008651521056890488,0.6075841784477234
1947,P20906_wild,CCCCC(=O)C(=O)[O-],0.6127838567197249,0.6420630216598511,-0.33622342348098755,0.7662291526794434
1948,P20906_H70S,C1=CC=C(C=C1)C(=O)C(=O)O,-0.026872146400301365,1.0532431602478027,-0.0837622731924057,0.7685176134109497
1949,P20906_H281N,C1=CC=C(C=C1)C(=O)C(=O)O,0.4623979978989561,1.1493110656738281,-0.1577659398317337,0.9058812856674194
1950,P20906_wild,COP(=O)(C(=O)C1=CC=CC=C1)[O-],-0.11918640771920865,0.8081797361373901,-0.7740821242332458,1.0681313276290894
1951,P20906_A460I,CC(C)CC(=O)C(=O)O,0.5314789170422551,1.090316891670227,0.038770128041505814,0.7292896509170532
1952,P20906_wild,CCCC(=O)C(=O)O,0.7781512503836436,1.0510470867156982,-0.10787591338157654,0.8054510354995728
1953,P20906_T377L/A460Y,CCC(=O)C(=O)O,-0.3767507096020995,1.110680103302002,0.26501530408859253,0.3475566804409027
1954,P20906_wild,CCC(=O)C(=O)O,0.8750612633917001,1.1505367755889893,0.25932514667510986,0.4255123734474182
1955,P20906_P24A,C1=CC=C(C=C1)C(=O)C(=O)O,-0.2924298239020636,1.1491215229034424,-0.1623377650976181,0.8882202506065369
1956,P20906_wild,CC(C)CC(=O)C(=O)O,0.9822712330395684,1.0885239839553833,0.04785694554448128,0.7403397560119629
1957,P20906_A460I/F464I,C1=CC=C(C=C1)C=O,1.7151673578484579,0.6355627775192261,-0.3904464542865753,0.6121376156806946
1958,P20906_A460Y,CC(=O)C(=O)[O-],1.3222192947339193,0.536278247833252,0.08645814657211304,0.29534974694252014
1959,P20906_A460I,CCC(=O)C(=O)O,1.2624510897304295,1.1543622016906738,0.249767005443573,0.41007131338119507
1960,P20906_A460I/F464I,CC=O,2.88930170250631,1.0368417501449585,0.6508499979972839,0.40589162707328796
1961,P33025_wild,C1=C(C(=O)NC(=O)N1)C2C(C(C(O2)COP(=O)(O)O)O)O,-1.2218487496163564,0.03351476043462753,-1.0478129386901855,1.3533469438552856
1962,H3JQW0_wild,CCCCCCC1CCCC1=O,-0.22184874961635637,0.5373530387878418,-1.0163686275482178,1.1607327461242676
1963,H3JQW0_wild,CC1CCCCC1=O,-0.7958800173440752,0.1234443262219429,-0.33718907833099365,0.7299326062202454
1964,H3JQW0_wild,CC1=CC(=O)C(C1(C)C)CC(=O)SCCNC(=O)CCNC(=O)C(C(C)(C)COP(=O)(O)OP(=O)(O)OCC2C(C(C(O2)N3C=NC4=C(N=CN=C43)N)O)OP(=O)(O)O)O,-1.744727494896694,0.43528661131858826,-1.152339220046997,1.8152968883514404
1965,H3JQW0_wild,CC1CCC(=O)CC1,0.14612803567823798,1.103956937789917,-0.6457619667053223,0.9915772676467896
1966,H3JQW0_wild,C1CC(=O)C1,-0.8961962790440431,0.7008607387542725,-1.0065544843673706,1.3732845783233643
1967,J9S5G3_wild,COC1=C(C(=CC=C1)OC)O,-0.42021640338318983,-0.1671578735113144,-0.14982454478740692,0.3281874358654022
1968,J9S5G3_wild,COC1=CC=CC=C1O,-0.5228787452803376,0.11718874424695969,0.17645123600959778,0.34733307361602783
1969,P00183_wild,CC1(C2CCC1(C(=O)C2)C)C,-1.5228787452803376,0.4887165129184723,-1.518985390663147,1.538957953453064
1970,P00183_wild,CN1C=CN=C1,-2.619788758288394,1.0038506984710693,0.04266730323433876,0.8081989288330078
1971,P00183_wild,C1=CN=CN1,-2.1249387366083,1.2023532390594482,-0.21114575862884521,1.1356905698776245
1972,P00387_wild,C1C=CN(C=C1C(=O)N)C2C(C(C(O2)COP(=O)(O)OP(=O)(O)OCC3C(C(C(O3)N4C=NC5=C(N=CN=C54)N)O)O)O)O,-3.0969100130080567,2.4096527099609375,-2.0442702770233154,3.2885725498199463
1973,P20070_wild,[C-]#N.[C-]#N.[C-]#N.[C-]#N.[C-]#N.[C-]#N.[Fe+3],-2.1487416512809245,2.6304988861083984,-1.3240313529968262,2.8023157119750977
1974,P20070_wild,C1C=CN(C=C1C(=O)N)C2C(C(C(O2)COP(=O)(O)OP(=O)(O)OCC3C(C(C(O3)N4C=NC5=C(N=CN=C54)N)OP(=O)(O)O)O)O)O,-0.03432802877989328,2.3487958908081055,-2.3351733684539795,3.6785826683044434
1975,P00387_wild,[C-]#N.[C-]#N.[C-]#N.[C-]#N.[C-]#N.[C-]#N.[Fe+3],-2.154901959985743,2.6395716667175293,-1.3607990741729736,2.7056634426116943
1976,P20070_wild,C1C=CN(C=C1C(=O)N)C2C(C(C(O2)COP(=O)(O)OP(=O)(O)OCC3C(C(C(O3)N4C=NC5=C(N=CN=C54)N)O)O)O)O,-2.2218487496163566,2.4476330280303955,-1.9897730350494385,3.3770241737365723
1977,P83686_T66S,[C-]#N.[C-]#N.[C-]#N.[C-]#N.[C-]#N.[C-]#N.[Fe+3],-2.5086383061657274,2.7443554401397705,-1.2328882217407227,2.7225425243377686
1978,P83686_T66V,[C-]#N.[C-]#N.[C-]#N.[C-]#N.[C-]#N.[C-]#N.[Fe+3],-2.7958800173440754,2.4182019233703613,-1.1665863990783691,2.4599392414093018
1979,P83686_wild,[C-]#N.[C-]#N.[C-]#N.[C-]#N.[C-]#N.[C-]#N.[Fe+3],-2.6020599913279625,2.7256600856781006,-1.224923014640808,2.7129693031311035
1980,P83686_wild,C1C=CN(C=C1C(=O)N)C2C(C(C(O2)COP(=O)(O)OP(=O)(O)OCC3C(C(C(O3)N4C=NC5=C(N=CN=C54)N)O)O)O)O,-2.8239087409443187,2.584644317626953,-1.9088338613510132,3.297760486602783
1981,P83686_T66A,[C-]#N.[C-]#N.[C-]#N.[C-]#N.[C-]#N.[C-]#N.[Fe+3],-2.657577319177794,2.4454832077026367,-1.1540486812591553,2.45692777633667
1982,P83686_T66A,C1C=CN(C=C1C(=O)N)C2C(C(C(O2)COP(=O)(O)OP(=O)(O)OCC3C(C(C(O3)N4C=NC5=C(N=CN=C54)N)O)O)O)O,-2.537602002101044,2.1904969215393066,-1.840815782546997,3.0239789485931396
1983,P83686_T66V,C1C=CN(C=C1C(=O)N)C2C(C(C(O2)COP(=O)(O)OP(=O)(O)OCC3C(C(C(O3)N4C=NC5=C(N=CN=C54)N)O)O)O)O,-2.552841968657781,2.1774861812591553,-1.8575100898742676,3.0299277305603027
1984,P0DTQ0_wild,CC(C(C(=O)COP(=O)([O-])[O-])O)O,-1.4436974992327127,0.44102081656455994,0.14892855286598206,0.43809711933135986
1985,Q49TP5_N86A,C1=CC(=C[N+](=C1)C2C(C(C(O2)COP(=O)([O-])OP(=O)(O)OCC3C(C(C(O3)N4C=NC5=C(N=CN=C54)N)O)O)O)O)C(=O)N,-2.3979400086720375,0.16045944392681122,-0.5582478046417236,1.8491489887237549
1986,Q49TP5_Y82A,C1=CC(=C[N+](=C1)C2C(C(C(O2)COP(=O)([O-])OP(=O)(O)OCC3C(C(C(O3)N4C=NC5=C(N=CN=C54)N)O)O)O)O)C(=O)N,-1.9208187539523751,0.199056938290596,-0.4936835765838623,1.8687831163406372
1987,Q49TP5_Y77A,C1=CC(=C[N+](=C1)C2C(C(C(O2)COP(=O)([O-])OP(=O)(O)OCC3C(C(C(O3)N4C=NC5=C(N=CN=C54)N)O)O)O)O)C(=O)N,-2.0969100130080562,0.23647427558898926,-0.5719974040985107,1.912240743637085
1988,Q49TP5_E213A,C1=CC(=C[N+](=C1)C2C(C(C(O2)COP(=O)([O-])OP(=O)(O)OCC3C(C(C(O3)N4C=NC5=C(N=CN=C54)N)O)O)O)O)C(=O)N,-2.3010299956639813,-0.1106022521853447,-0.4855862855911255,1.688918113708496
1989,Q49TP5_S178A,C1=CC(=C[N+](=C1)C2C(C(C(O2)COP(=O)([O-])OP(=O)(O)OCC3C(C(C(O3)N4C=NC5=C(N=CN=C54)N)O)O)O)O)C(=O)N,-1.744727494896694,0.21473941206932068,-0.4945273995399475,1.8537955284118652
1990,Q49TP5_E215A,C1=CC(=C[N+](=C1)C2C(C(C(O2)COP(=O)([O-])OP(=O)(O)OCC3C(C(C(O3)N4C=NC5=C(N=CN=C54)N)O)O)O)O)C(=O)N,-1.853871964321762,-0.10528842359781265,-0.5188996195793152,1.6985918283462524
1991,Q49TP5_wild,C1=CC(=C[N+](=C1)C2C(C(C(O2)COP(=O)([O-])OP(=O)(O)OCC3C(C(C(O3)N4C=NC5=C(N=CN=C54)N)O)O)O)O)C(=O)N,-2.2218487496163566,0.19467435777187347,-0.5233808159828186,1.8596293926239014
1992,Q3IW04_R118W,C1C(C(C(C(O1)(CO)O)O)O)O,-0.00877392430750515,0.8440532684326172,1.499106526374817,-0.09180012345314026
1993,Q3IW04_wild,C1C(C(C(C(O1)(CO)O)O)O)O,1.8920946026904804,0.8650076985359192,1.4837806224822998,-0.0753907561302185
1994,Q3IW04_wild,C(C(C(C(C(=O)CO)O)O)O)O,2.555578072772955,0.9067928791046143,0.9458606839179993,0.29443302750587463
1995,Q3IW04_R118W,C(C(C(C(C(=O)CO)O)O)O)O,2.1705550585212086,0.8737106323242188,0.9566593766212463,0.24954593181610107
1996,D3YZG8_wild,C1=CC(=C[N+](=C1)C2C(C(C(O2)COP(=O)([O-])OP(=O)(O)OCC3C(C(C(O3)N4C=NC5=C(N=CN=C54)N)O)O)O)O)C(=O)N,-0.8326826652518239,0.584236741065979,-0.9778569936752319,1.8818035125732422
1997,D3YZG8_wild,C1=CC(=C[N+](=C1)C2C(C(C(O2)COP(=O)(O)OP(=O)(O)OCC3C(C(C(O3)N4C=NC5=C(N=CN=C54)N)OP(=O)(O)O)O)O)O)C(=O)N,-0.27002571430044436,0.5203372836112976,-1.1642519235610962,2.1262991428375244
1998,Q8ZKE6_wild,CC(C)(COP(=O)(O)OP(=O)(O)OCC1C(C(C(O1)N2C=NC3=C(N=CN=C32)N)O)OP(=O)(O)O)C(C(=O)NCCC(=O)NCCSC(=O)CC(=O)O)O,-1.3010299956639813,0.42082861065864563,-0.8588027358055115,1.700546383857727
1999,Q8ZKE6_wild,CC(=O)SCCNC(=O)CCNC(=O)C(C(C)(C)COP(=O)(O)OP(=O)(O)OCC1C(C(C(O1)N2C=NC3=C(N=CN=C32)N)O)OP(=O)(O)O)O,-1.2218487496163564,0.35008424520492554,-0.6678937077522278,1.6219890117645264
2000,Q8ZKE6_wild,CC(N)P(=O)(O)O,-0.7695510786217261,0.7762632369995117,0.002208370715379715,0.4562731385231018
2001,Q8ZKE6_wild,C(N)P(=O)(O)O,0.23044892137827394,0.6858622431755066,-0.14095008373260498,0.33590999245643616
2002,Q8ZKE6_wild,CCC(=O)SCCNC(=O)CCNC(=O)C(C(C)(C)COP(=O)(O)OP(=O)(O)OCC1C(C(C(O1)N2C=NC3=C(N=CN=C32)N)O)OP(=O)(O)O)O,-1.154901959985743,0.2809126675128937,-0.6966712474822998,1.5658365488052368
2003,Q8ZKE6_wild,C(CP(=O)(O)O)N,0.25527250510330607,0.6273590326309204,-0.09117893874645233,0.4381824731826782
2004,Q8ZKE6_wild,C(CCP(=O)(O)O)CN,1.1139433523068367,0.572062075138092,-0.6019159555435181,0.6338536143302917
2005,Q8ZKE6_wild,C(CS(=O)(=O)O)N,1.276461804173244,0.8529191017150879,0.2327074110507965,0.24518421292304993
2006,Q8ZKE6_wild,C(CS(=O)O)N,1.2148438480476953,0.8041988611221313,0.23551133275032043,0.3404844105243683
2007,P77674_wild,C(CC=O)CN,-1.3872161432802645,0.7302845120429993,-0.9182513952255249,2.0710062980651855
2008,P77674_wild,CCCC=O,-0.707743928643524,0.5422376990318298,-1.1136573553085327,1.805382251739502
2009,B1YHR1_wild,C1=NC(=C2C(=N1)N(C=N2)C3C(C(C(O3)COP(=O)(O)OP(=O)(O)OP(=O)(O)O)O)O)N,-0.029653123769906618,0.33269909024238586,-1.4761699438095093,1.3457727432250977
2010,P0A3C5_wild,CC(=O)SCCNC(=O)CCNC(=O)C(C(C)(C)COP(=O)(O)OP(=O)(O)OCC1C(C(C(O1)N2C=NC3=C(N=CN=C32)N)O)OP(=O)(O)O)O,-1.3946949538588906,0.1830645650625229,-0.8115785717964172,1.5786596536636353
2011,Q9FSD6_wild,CC(=O)SCCNC(=O)CCNC(=O)C(C(C)(C)COP(=O)(O)OP(=O)(O)OCC1C(C(C(O1)N2C=NC3=C(N=CN=C32)N)O)OP(=O)(O)O)O,-1.7958800173440752,0.3609594404697418,-1.1316839456558228,1.8551892042160034
2012,C0LNR0_wild,CCC(C)C(=O)SCCNC(=O)CCNC(=O)C(C(C)(C)COP(=O)(O)OP(=O)(O)OCC1C(C(C(O1)N2C=NC3=C(N=CN=C32)N)O)OP(=O)(O)O)O,-1.958607314841775,-0.7484935522079468,-1.137725830078125,1.4478280544281006
2013,C0LNR0_wild,CC(=O)SCCNC(=O)CCNC(=O)C(C(C)(C)COP(=O)(O)OP(=O)(O)OCC1C(C(C(O1)N2C=NC3=C(N=CN=C32)N)O)OP(=O)(O)O)O,-1.0065637695023884,-0.663891077041626,-1.1434632539749146,1.4048480987548828
2014,Q9L6V3_wild,C1C=CN(C=C1C(=O)N)C2C(C(C(O2)COP(=O)(O)OP(=O)(O)OCC3C(C(C(O3)N4C=NC5=C(N=CN=C54)N)OP(=O)(O)O)O)O)O,-1.031517051446065,1.1056050062179565,-1.6359561681747437,2.3927955627441406
2015,Q8PMH0_wild,C1C=CN(C=C1C(=O)N)C2C(C(C(O2)COP(=O)(O)OP(=O)(O)OCC3C(C(C(O3)N4C=NC5=C(N=CN=C54)N)O)O)O)O,0.5185139398778875,1.100908637046814,-1.4986923933029175,2.146207332611084
2016,Q8PMH0_wild,C1C=CN(C=C1C(=O)N)C2C(C(C(O2)COP(=O)(O)OP(=O)(O)OCC3C(C(C(O3)N4C=NC5=C(N=CN=C54)N)OP(=O)(O)O)O)O)O,-1.9665762445130501,1.0769753456115723,-1.6832659244537354,2.4098401069641113
2017,Q9U2M7_wild,C1C(C(OC1N2C=NC3=C2N=C(NC3=O)N)COP(=O)(O)OP(=O)(O)OP(=O)(O)O)O,-0.7399286120149252,-0.200164332985878,-1.4364796876907349,0.5530809760093689
2018,Q9U2M7_wild,C1C(C(OC1N2C3=C(C(=O)NC(=N3)N)NC2=O)COP(=O)(O)OP(=O)(O)OP(=O)(O)O)O,-1.0061230850587888,-0.21527516841888428,-1.7330702543258667,0.8192752599716187
2019,Q9U2M7_wild,C1C(C(OC1N2C=NC3=C(NC(=O)N=C32)N)COP(=O)(O)OP(=O)(O)OP(=O)(O)O)O,-0.41499072009753896,-0.10942818224430084,-1.3828948736190796,0.6578460931777954
2020,Q9U2M7_wild,C1C(C(OC1N2C=NC3=C(N=CN=C32)N)COP(=O)(O)OP(=O)(O)OP(=O)(O)O)O,-0.9419537696047182,-0.06150614470243454,-1.3030966520309448,0.7192761301994324
2021,Q9SJ66_wild,C(C1C(C(C(O1)(CO)OC2C(C(C(C(O2)COP(=O)(O)O)O)O)O)O)O)O,-0.1366771398795441,0.5866507291793823,-0.2650611996650696,1.2361547946929932
2022,Q93XN8_wild,C(C1C(C(C(O1)(CO)OC2C(C(C(C(O2)COP(=O)(O)O)O)O)O)O)O)O,0.5440680443502757,0.3716398775577545,-0.22066961228847504,0.8089501857757568
2023,F8G0M4_wild,C1=CC(=O)NC=C1C(=O)CCC(=O)[O-],-0.9829666607012196,0.3529987633228302,-1.4684269428253174,1.1982046365737915
2024,F8G0M4_wild,C1C=CN(C=C1C(=O)N)C2C(C(C(O2)COP(=O)(O)OP(=O)(O)OCC3C(C(C(O3)N4C=NC5=C(N=CN=C54)N)O)O)O)O,-0.7569619513137056,0.23876582086086273,-1.091414213180542,1.9916636943817139
2025,A0A075XAG5_wild,C1C=CN(C=C1C(=O)N)C2C(C(C(O2)COP(=O)(O)OP(=O)(O)OCC3C(C(C(O3)N4C=NC5=C(N=CN=C54)N)O)O)O)O,-0.9507819773298184,0.17059677839279175,-1.2005892992019653,2.0490939617156982
2026,A0A075XAG5_wild,C1=CC(=O)NC=C1C(=O)CCC(=O)[O-],-0.6968039425795112,0.3230753540992737,-1.5169938802719116,1.2161458730697632
2027,Q9Z472_A270P,C(C1C(C(C(O1)OP(=O)(O)OP(=O)(O)O)O)O)OP(=O)(O)O,-1.154901959985743,0.11998673528432846,-0.5167233347892761,1.151630163192749
2028,Q9Z472_N215K,C1=NC(=C2C(=N1)N(C=N2)C3C(C(C(O3)COP(=O)(O)OP(=O)(O)OP(=O)(O)O)O)O)N,-0.6575773191777937,0.4162504971027374,-0.3381182849407196,1.1236178874969482
2029,Q9Z472_N215K/L231F/T235A,C1=NC(=C2C(=N1)N(C=N2)C3C(C(C(O3)COP(=O)(O)OP(=O)(O)OP(=O)(O)O)O)O)N,-0.6382721639824072,0.41608795523643494,-0.3440697193145752,1.1332523822784424
2030,Q9Z472_L231F/T235A,C1=NC(=C2C(=N1)N(C=N2)C3C(C(C(O3)COP(=O)(O)OP(=O)(O)OP(=O)(O)O)O)O)N,-0.45593195564972444,0.44980695843696594,-0.3473464250564575,1.1467219591140747
2031,Q9Z472_A270P,C1=NC(=C2C(=N1)N(C=N2)C3C(C(C(O3)COP(=O)(O)OP(=O)(O)OP(=O)(O)O)O)O)N,-0.619788758288394,0.4485475420951843,-0.3056465983390808,1.143890619277954
2032,Q9Z472_L231F/T235A,C(C1C(C(C(O1)OP(=O)(O)OP(=O)(O)O)O)O)OP(=O)(O)O,-1.0457574905606752,0.14297284185886383,-0.5190916061401367,1.1603856086730957
2033,Q9I6K2_wild,C(C[NH+]=C(N)N)C(=O)[O-],1.1072099696478683,1.2222596406936646,0.3654801845550537,0.5477321743965149
2034,Q9I6K2_Y157M,C(CC(=O)O)CN=C(N)N,2.45484486000851,1.487579584121704,0.964504599571228,0.6839742660522461
2035,Q9I6K2_Y157M,C(C[NH+]=C(N)N)C(=O)[O-],2.03342375548695,1.2372668981552124,0.386631578207016,0.5713027715682983
2036,Q9I6K2_wild,C(CC(=O)O)CN=C(N)N,1.5717088318086876,1.4883928298950195,0.9532957673072815,0.6599206924438477
2037,Q2HPP6_wild,CC1(C(N2C(S1)C(C2=O)NC(=O)COC3=CC=CC=C3)C(=O)O)C,1.6020599913279625,1.575104832649231,0.0615144707262516,1.1439932584762573
2038,Q72G76_L188F/S189F,CCCCCCCC(=O)NC1C2N(C1=O)C(C(S2)(C)C)C(=O)O,-1.0,0.07185683399438858,-1.0792995691299438,1.1952226161956787
2039,Q72G76_wild,CCCCCCCC(=O)NC1C2N(C1=O)C(C(S2)(C)C)C(=O)O,-0.494850021680094,0.08852707594633102,-1.1013762950897217,1.2191874980926514
2040,Q72G76_S189F,CC1(C(N2C(S1)C(C2=O)NC(=O)CC3=CC=CC=C3)C(=O)O)C,1.250420002308894,0.11051471531391144,-0.49690964818000793,0.4175715148448944
2041,Q72G76_L188F/S189F,CC1(C(N2C(S1)C(C2=O)NC(=O)CC3=CC=CC=C3)C(=O)O)C,1.6364878963533653,0.10945802927017212,-0.4864628314971924,0.4077494740486145
2042,Q72G76_L188F,CC1(C(N2C(S1)C(C2=O)NC(=O)CC3=CC=CC=C3)C(=O)O)C,1.1903316981702914,0.11981845647096634,-0.49122628569602966,0.42101991176605225
2043,Q72G76_wild,CC1(C(N2C(S1)C(C2=O)NC(=O)CC3=CC=CC=C3)C(=O)O)C,2.214843848047698,0.12040404230356216,-0.5020985007286072,0.43400663137435913
2044,P12256_wild,CC1(C(N2C(S1)C(C2=O)NC(=O)COC3=CC=CC=C3)C(=O)O)C,1.34143452457814,1.8442645072937012,-0.0075491927564144135,1.2954702377319336
2045,P12256_T63S/S110C/N198Y,CC1(C(N2C(S1)C(C2=O)NC(=O)COC3=CC=CC=C3)C(=O)O)C,1.4214393902200497,1.7780736684799194,-0.009070750325918198,1.2120966911315918
2046,P0A9H3_F14C/K44C,C(CCN)CC(C(=O)O)N,0.12385164096708581,0.5960822105407715,0.36269235610961914,0.3739926517009735
2047,P0A9H3_wild,C(CCN)CC(C(=O)O)N,0.08635983067474823,0.6584475040435791,0.34289437532424927,0.405993789434433
2048,P0A9H3_F14C/K44C/L7M/N8G,C(CCN)CC(C(=O)O)N,0.1673173347481761,0.6046640872955322,0.3522890508174896,0.37407514452934265
2049,A0A094XEM2_wild,C(CCN)CC(C(=O)O)N,0.8864907251724818,0.6756311655044556,0.33202239871025085,0.42294377088546753
2050,B6EKJ5_wild,C(CCN)CC(C(=O)O)N,-0.036212172654444715,0.7106418013572693,0.27624183893203735,0.5607458353042603
2051,Q88K85_wild,C1C(C(C(C=C1C(=O)O)O)O)O,0.6232492903979004,1.572591781616211,-0.5068222880363464,1.2980716228485107
2052,Q88K85_wild,C1C(C(C(CC1(C(=O)O)O)O)O)O,-0.10623823794205665,0.9320248961448669,-0.2011377513408661,0.8946506977081299
2053,Q88K85_wild,C1=CC(=C[N+](=C1)C2C(C(C(O2)COP(=O)([O-])OP(=O)(O)OCC3C(C(C(O3)N4C=NC5=C(N=CN=C54)N)O)O)O)O)C(=O)N,0.034628456625320346,1.2742748260498047,-0.8427184224128723,1.5613868236541748
2054,Q9X5C9_wild,C1C(C(C(CC1(C(=O)O)O)O)O)O,0.37657695705649374,0.9721730351448059,-0.21827083826065063,0.9785352945327759
2055,Q9X5C9_wild,C1C(C(C(C=C1C(=O)O)O)O)O,1.6683859166900001,1.7471845149993896,-0.5560941100120544,1.3799079656600952
2056,A4QB65_wild,C1C(C(C(C=C1C(=O)O)O)O)O,-0.853871964321762,1.7635266780853271,-0.5600374341011047,1.4059869050979614
2057,A4QB65_wild,C1C(C(C(=O)C=C1C(=O)O)O)O,-0.5654310959658013,1.8347727060317993,-0.5579032897949219,1.461010456085205
2058,A4QB65_wild,C1C(C(C(=O)CC1(C(=O)[O-])O)O)O,-0.3767507096020995,1.7335076332092285,-0.9477696418762207,1.534385085105896
2059,W8VYH1_wild,C(C(C(C(=O)CO)O)O)O,-0.5376020021010439,1.5656412839889526,-0.438116192817688,1.308758020401001
2060,O75191_wild,C(C(C(C(=O)CO)O)O)O,-1.619788758288394,1.2168476581573486,-0.7876201272010803,1.5775539875030518
2061,W8VYH1_wild,C1=NC(=C2C(=N1)N(C=N2)C3C(C(C(O3)COP(=O)(O)OP(=O)(O)OP(=O)(O)O)O)O)N,-0.2924298239020636,0.9643659591674805,-0.6072431802749634,1.2137303352355957
2062,Q9L3F7_wild,CCC(=O)[O-],-1.4559319556497243,1.787549376487732,1.494315505027771,0.4962090849876404
2063,Q8VX47_wild,C1C=CN(C=C1C(=O)N)C2C(C(C(O2)COP(=O)(O)OP(=O)(O)OCC3C(C(C(O3)N4C=NC5=C(N=CN=C54)N)O)O)O)O,-0.22184874961635637,0.43785515427589417,-1.3525665998458862,2.130704164505005
2064,Q8VX47_wild,C1C=CN(C=C1C(=O)N)C2C(C(C(O2)COP(=O)(O)OP(=O)(O)OCC3C(C(C(O3)N4C=NC5=C(N=CN=C54)N)OP(=O)(O)O)O)O)O,-3.3979400086720375,0.33731168508529663,-1.5724952220916748,2.334994316101074
2065,Q72SB4_wild,C1C=CN(C=C1C(=O)N)C2C(C(C(O2)COP(=O)(O)OP(=O)(O)OCC3C(C(C(O3)N4C=NC5=C(N=CN=C54)N)OP(=O)(O)O)O)O)O,-2.657577319177794,0.35677292943000793,-1.2751303911209106,2.2366368770599365
2066,B0SKV7_wild,C1C=CN(C=C1C(=O)N)C2C(C(C(O2)COP(=O)(O)OP(=O)(O)OCC3C(C(C(O3)N4C=NC5=C(N=CN=C54)N)OP(=O)(O)O)O)O)O,-2.154901959985743,0.4927331507205963,-1.2840853929519653,2.2867143154144287
2067,W8VNN5_wild,C1=CC(=C(C=C1SSC2=CC(=C(C=C2)[N+](=O)[O-])C(=O)O)C(=O)O)[N+](=O)[O-],0.38021124171160603,0.3665171265602112,-1.2473224401474,1.3505885601043701
2068,W8VNN5_wild,C1C=CN(C=C1C(=O)N)C2C(C(C(O2)COP(=O)(O)OP(=O)(O)OCC3C(C(C(O3)N4C=NC5=C(N=CN=C54)N)OP(=O)(O)O)O)O)O,-1.6497519816658373,0.2593546211719513,-1.356269121170044,2.259509563446045
2069,B6F1A8_wild,C1CSSC1CCCCC(=O)N,0.5185139398778875,1.2652125358581543,0.4936347007751465,1.9238440990447998
2070,B6F1A8_wild,C1C=CN(C=C1C(=O)N)C2C(C(C(O2)COP(=O)(O)OP(=O)(O)OCC3C(C(C(O3)N4C=NC5=C(N=CN=C54)N)O)O)O)O,-2.214670164989233,1.2776840925216675,-0.9326043725013733,2.7271149158477783
2071,Q51508_wild,C=C(C(=O)O)OC1C=C(C=CC1O)C(=O)O,-2.3467874862246565,-0.6018662452697754,-1.3769503831863403,0.5981415510177612
2072,Q9ESU6_wild,C1=NC(=C2C(=N1)N(C=N2)C3C(C(C(O3)COP(=O)(O)OP(=O)(O)OP(=O)(O)O)O)O)N,-2.0,-0.4047231376171112,-0.7411381602287292,0.9650506377220154
2073,A0A0H3U0Y7_wild,C(=O)C(=O)[O-],0.6127838567197249,1.5529754161834717,0.5361308455467224,0.9773448705673218
2074,Q9ZP19_wild,C1=CC=C(C(=C1)O)O,0.9542425094393249,2.8627243041992188,0.19676320254802704,0.961821436882019
2075,Q9ZP19_wild,C1=CC(=C(C(=C1C(=O)O)O)O)O,0.7481880270062004,2.158801555633545,0.34509509801864624,0.8547743558883667
2076,Q9ZP19_wild,C1=CC(=C(C=C1CC(=O)O)O)O,0.7781512503836436,2.107696294784546,0.7565608620643616,0.5752800703048706
2077,Q9ZP19_wild,CC1=CC(=C(C=C1)O)O,0.7160033436347992,2.4844846725463867,0.0716421902179718,0.8091704249382019
2078,D2XZ13_wild,C1=CC=C(C(=C1)O)O,0.09691001300805642,3.2436981201171875,0.4562564790248871,0.9510339498519897
2079,D2XZ13_wild,C1=C(C=C(C(=C1O)O)O)C(=O)O,0.6627578316815741,3.1183528900146484,0.3274460434913635,0.9676770567893982
2080,D2XZ13_wild,C1=CC(=C(C(=C1)O)O)O,0.8639173769578604,2.7587203979492188,0.6559427380561829,0.7959502339363098
2081,D2XZ13_wild,CC1=C(C(=CC=C1)O)O,0.5670263661590603,2.5284252166748047,0.2108597308397293,0.8302114009857178
2082,Q939C9_wild,C(CC(=O)O)C(=O)C(=O)O,-0.5228787452803376,1.1471480131149292,0.1751754879951477,0.9496437907218933
2083,P14909_wild,C(C(C(=O)O)N)C(=O)O,-0.6020599913279624,0.6164854764938354,0.4683877229690552,0.6045002937316895
2084,P14909_wild,CC(C(=O)O)N,2.146128035678238,0.4309374690055847,1.1211435794830322,0.08394859731197357
2085,Q939C9_wild,C(C(=O)C(=O)O)C(=O)O,-0.22184874961635637,1.338413953781128,-0.06591333448886871,1.1735601425170898
2086,Q939C9_wild,C(CC(=O)O)C(C(=O)O)N,0.9030899869919435,1.4354262351989746,0.9221694469451904,0.4548249840736389
2087,Q939C9_wild,C(C(C(=O)O)N)C(=O)O,0.8260748027008264,1.5803738832473755,0.8609212636947632,0.5700476765632629
2088,A0A1D8PPA8_wild,C1=CC=C2C(=C1)C(=CN2)CC(C(=O)O)N,0.029383777685209663,0.5355535745620728,0.7548486590385437,0.13359037041664124
2089,A0A1D8PPA8_wild,C1=CC=C(C=C1)CC(C(=O)O)N,-0.619788758288394,0.7063995599746704,0.7699719071388245,0.019544094800949097
2090,A0A1D8PPA8_wild,C1=CC(=CC=C1CC(C(=O)O)N)O,-0.3372421683184259,0.43029287457466125,0.5960944890975952,0.09412223100662231
2091,P14060_wild,C1C=CN(C=C1C(=O)N)C2C(C(C(O2)COP(=O)(O)OP(=O)(O)OCC3C(C(C(O3)N4C=NC5=C(N=CN=C54)N)O)O)O)O,-2.619788758288394,-0.2688545286655426,-1.2263104915618896,1.8226323127746582
2092,P26439_Q105M,CC12CCC3C(C1CCC2=O)CC=C4C3(CCC(C4)O)C,-1.6020599913279623,-0.9803036451339722,-2.2125978469848633,1.3547043800354004
2093,P26439_P195R/R195R,CC12CCC3C(C1CCC2=O)CC=C4C3(CCC(C4)O)C,-2.113509274827518,-0.9904975891113281,-2.2164576053619385,1.3600313663482666
2094,P26439_wild,CC12CCC3C(C1CCC2=O)CC=C4C3(CCC(C4)O)C,-1.3251388592621884,-0.9745081067085266,-2.202096700668335,1.3567675352096558
2095,P26439_wild,C1C=CN(C=C1C(=O)N)C2C(C(C(O2)COP(=O)(O)OP(=O)(O)OCC3C(C(C(O3)N4C=NC5=C(N=CN=C54)N)O)O)O)O,-1.899629454882437,-0.2551031708717346,-1.145424723625183,1.835607647895813
2096,P26439_R240Q,CC12CCC3C(C1CCC2=O)CC=C4C3(CCC(C4)O)C,-1.485452247339714,-0.983696699142456,-2.19956111907959,1.358911156654358
2097,P26439_R240Q,C1=CC(=C[N+](=C1)C2C(C(C(O2)COP(=O)([O-])OP(=O)(O)OCC3C(C(C(O3)N4C=NC5=C(N=CN=C54)N)O)O)O)O)C(=O)N,-1.4294570601181025,-0.3706945776939392,-0.8189513087272644,1.2410354614257812
2098,P26439_wild,C1=CC(=C[N+](=C1)C2C(C(C(O2)COP(=O)([O-])OP(=O)(O)OCC3C(C(C(O3)N4C=NC5=C(N=CN=C54)N)O)O)O)O)C(=O)N,-1.0639892042847905,-0.3492268919944763,-0.8237823843955994,1.26176917552948
2099,P26439_Q105M,C1=CC(=C[N+](=C1)C2C(C(C(O2)COP(=O)([O-])OP(=O)(O)OCC3C(C(C(O3)N4C=NC5=C(N=CN=C54)N)O)O)O)O)C(=O)N,-1.2118316288588322,-0.3512362837791443,-0.8309680223464966,1.256592035293579
2100,A0A345GNZ1_wild,CC(=O)C1CCC2C1(CCC3C2CC=C4C3(CCC(C4)O)C)C,-0.6358243672293806,-1.3106635808944702,-2.5081639289855957,1.0477423667907715
2101,A0A345GNZ1_wild,CC12CCC3C(C1CCC2=O)CC=C4C3(CCC(C4)O)C,-0.6163641316381203,-1.173121452331543,-2.3139631748199463,1.170600175857544
2102,A0A068FNL1_wild,COC1=CC(=CC(=C1O)OC)C=CC(=O)OC,-0.5376020021010439,0.6002646684646606,-0.07320301234722137,0.5107825994491577
2103,A0A068FNL1_wild,COC(=O)C=CC1=CC=C(C=C1)O,-0.42021640338318983,0.6095503568649292,0.030761223286390305,0.714988648891449
2104,A0A068FNL1_wild,COC1=C(C=CC(=C1)C=CC(=O)OC)O,-0.21467016498923297,0.9480354189872742,-0.1596999615430832,0.6391677260398865
2105,A0A1B1WA14_wild,CCOC(=O)C=CC1=CC(=C(C=C1)O)OC,-0.23657200643706275,0.31656256318092346,-0.48165303468704224,0.7525349259376526
2106,A0A1B1WA14_wild,COC1=C(C=CC(=C1)C=CC(=O)OC)O,0.29885307640970665,0.35893434286117554,-0.7039747834205627,0.707399845123291
2107,A0A1B1WA14_wild,COC(=O)C=CC1=CC=C(C=C1)O,0.15228834438305647,0.5964556932449341,-0.5600569248199463,1.1867845058441162
2108,O42807_wild,COC1=C(C=CC(=C1)C=CC(=O)OC)O,0.050379756261457784,0.877983808517456,-0.11857390403747559,0.591814398765564
2109,Q9P979_wild,CCOC(=O)C=CC1=CC(=C(C=C1)O)OC,0.13987908640123647,1.3092963695526123,0.1954801380634308,0.851982831954956
2110,Q9P979_wild,CC1=CC(=C(C(=C1)N2NC3=C(N2)C=C(C=C3)Cl)O)C(C)(C)C,-1.1023729087095586,0.014131241478025913,-0.6431555151939392,1.0235648155212402
2111,O42807_wild,COC1=CC(=CC(=C1O)OC)C=CC(=O)OC,0.07918124604762482,0.5468938946723938,-0.0764053612947464,0.45708155632019043
2112,O42807_wild,CCCOC(=O)C=CC1=CC(=C(C=C1)O)OC,-0.6108339156354675,1.0554983615875244,0.09589482843875885,0.78743976354599
2113,O42807_wild,COC(=O)C=CC1=CC=C(C=C1)O,-0.3279021420642826,0.62763512134552,-0.02463335171341896,0.7135647535324097
2114,O42807_wild,COC1=C(C=CC(=C1)C=CCOC(=O)C=CC2=CC=C(C=C2)O)O,-0.6252516539898961,1.0131357908248901,-0.41175684332847595,1.2952005863189697
2115,O42807_wild,COC1=C(C=CC(=C1)C=CC(=O)O)O,1.1583624920952498,0.935333251953125,-0.13418447971343994,0.5056635141372681
2116,O42807_wild,CCOC(=O)C=CC1=CC(=C(C=C1)O)OC,-0.21395878975744576,1.2710089683532715,0.1544537991285324,0.8348417282104492
2117,Q9WYX9_wild,CC(=O)NC1C(C(C(OC1OP(=O)(O)OP(=O)(O)OCC2C(C(C(O2)N3C=CC(=O)NC3=O)O)O)CO)O)O,0.02530586526477026,1.278571605682373,-0.486714631319046,1.8778743743896484
2118,Q9WYX9_wild,C1=CN(C(=O)NC1=O)C2C(C(C(O2)COP(=O)(O)OP(=O)(O)OC3C(C(C(C(O3)CO)O)O)O)O)O,0.7427251313046983,1.3690361976623535,-0.43987858295440674,1.8353859186172485
2119,Q6RWE0_wild,C1=CC=C(C=C1)C(C#N)O,0.2966651902615311,0.282789021730423,0.192392498254776,0.1627945601940155
2120,Q19A54_wild,C1=CC=C(C=C1)C#N,-0.38721614328026455,-1.142021894454956,0.14491628110408783,-0.4365551769733429
2121,Q19A54_wild,C1=CN=CC=C1C#N,0.3424226808222063,-0.6551961898803711,0.3303820490837097,-0.4073929786682129
2122,Q19A54_wild,C1=CC=C(C=C1)CC#N,-0.12493873660829995,-0.42157861590385437,0.32193583250045776,-0.07943093776702881
2123,Q19A54_wild,C1=CC(=CC(=C1)Cl)C#N,-0.03151705144606486,-0.345013290643692,0.753592312335968,-0.36834394931793213
2124,B6Q5I3_wild,C1=CC(=CC(=C1)Cl)C#N,1.0453229787866574,-0.22480732202529907,0.6434666514396667,-0.289798766374588
2125,B6Q5I3_wild,C1=CC=C(C=C1)CC#N,0.9590413923210936,-0.1877591460943222,0.2117769867181778,0.08880963921546936
2126,B6Q5I3_wild,C1=CC(=CC=C1C#N)Cl,0.414973347970818,-0.3165223300457001,-0.2806711792945862,-0.2658185660839081
2127,B6Q5I3_wild,C1=CC=C(C=C1)C#N,0.8976270912904415,-0.9320380687713623,-0.030025269836187363,-0.28235796093940735
2128,B6Q5I3_wild,C1=CC=NC(=C1)C#N,1.0681858617461617,-1.200519323348999,-0.02213425561785698,-0.23456594347953796
2129,B6Q5I3_wild,C1=CN=CC=C1C#N,1.187520720836463,-0.37324783205986023,0.3010333180427551,-0.3124549984931946
2130,B6Q5I3_wild,C1=CC(=CN=C1)C#N,1.5365584425715302,-0.23199309408664703,0.4200162887573242,-0.2773129642009735
2131,Q1W2L4_wild,C1CCC(CC1)(CC#N)C#N,2.4471580313422194,-0.7551344633102417,0.6936481595039368,-0.5578583478927612
2132,Q1W2L4_wild,C(C#N)NCC#N,2.9146075677710805,-0.2874469459056854,0.676773190498352,-0.35424506664276123
2133,Q15274_wild,C(C1C(C(C(O1)OP(=O)(O)OP(=O)(O)O)O)O)OP(=O)(O)O,-1.6345120151091004,-0.5261754393577576,-1.334617018699646,1.479788064956665
2134,Q15274_wild,C1=CC(=C(N=C1)C(=O)O)C(=O)O,-1.665546248849069,-0.28528687357902527,-1.6875181198120117,1.5712345838546753
2135,Q15274_R161A,C1=CC(=C(N=C1)C(=O)O)C(=O)O,-0.4962093169428189,-0.26537707448005676,-1.6611727476119995,1.5347051620483398
2136,O15357_F593D/L597D,CC(=O)OC(COP(=O)(O)OC1C(C(C(C(C1O)OP(=O)(O)O)OP(=O)(O)O)OP(=O)(O)O)O)OC(=O)C,-1.214670164989233,0.2564767897129059,-1.9718061685562134,1.3099594116210938
2137,O15357_R649A,CC(=O)OC(COP(=O)(O)OC1C(C(C(C(C1O)OP(=O)(O)O)OP(=O)(O)O)OP(=O)(O)O)O)OC(=O)C,-1.2291479883578558,0.2564767897129059,-1.9718061685562134,1.3099594116210938
2138,O15357_wild,CC(=O)OC(COP(=O)(O)OC1C(C(C(C(C1O)OP(=O)(O)O)OP(=O)(O)O)OP(=O)(O)O)O)OC(=O)C,-1.3665315444204134,0.2564767897129059,-1.9718061685562134,1.3099594116210938
2139,O15357_R649A,C1(C(C(C(C(C1OP(=O)(O)O)OP(=O)(O)O)OP(=O)(O)O)O)OP(=O)(O)O)O,-0.8996294548824371,0.1437073051929474,-2.1955764293670654,1.5181164741516113
2140,O15357_F593D/L597D,C1(C(C(C(C(C1OP(=O)(O)O)OP(=O)(O)O)OP(=O)(O)O)O)OP(=O)(O)O)O,-1.0861861476162833,0.1437073051929474,-2.1955764293670654,1.5181164741516113
2141,O15357_wild,C1(C(C(C(C(C1OP(=O)(O)O)OP(=O)(O)O)OP(=O)(O)O)O)OP(=O)(O)O)O,-1.0087739243075051,0.1437073051929474,-2.1955764293670654,1.5181164741516113
2142,P13188_wild,C(CC(=O)N)C(C(=O)O)N,-0.7958800173440752,0.13145257532596588,-0.2568197250366211,0.7251451015472412
2143,P52731_wild,C1C2C(C(C(O2)N3C=NC4=C(N=CN=C43)N)O)OP(=O)(O1)O,-0.08618614761628333,-0.38867616653442383,-2.3207690715789795,1.7888352870941162
2144,F4YTG7_wild,C(C1C(C(C(C(O1)OC2C(OC(C(C2O)O)OC3C(OC(C(C3O)O)OC4C(OC(C(C4O)O)OC5C(OC(C(C5O)O)O)CO)CO)CO)CO)O)O)O)O,-0.2076083105017461,1.346541404724121,0.05221659317612648,0.9595108032226562
2145,F4YTG7_wild,C(C1C(C(C(C(O1)OC2C(OC(C(C2O)O)OC3C(OC(C(C3O)O)OC4C(OC(C(C4O)O)OC5C(OC(C(C5O)O)OC6C(OC(C(C6O)O)O)CO)CO)CO)CO)CO)O)O)O)O,0.7075701760979278,1.4651598930358887,-0.009931083768606186,1.1080396175384521
2146,F4YTG7_wild,CC(=O)O.C(C(C(C(C(C=O)O)O)O)O)O,1.3180633349627615,1.2558565139770508,0.499117374420166,0.86658775806427
2147,F4YTG7_wild,CC(COCC1C(C(C(C(O1)OC2C(OC(C(C2OCC(C)O)OCC(C)O)OCC(C)O)COCC(C)O)OCC(C)O)OCC(C)O)OCC(C)O)O,1.4517864355242902,1.5841315984725952,-0.0315697155892849,0.9816269278526306
2148,F4YTG7_wild,C(C1C(C(C(C(O1)OC2C(OC(C(C2O)O)OC3C(OC(C(C3O)O)OC4C(OC(C(C4O)O)O)CO)CO)CO)O)O)O)O,1.2624510897304295,1.4037835597991943,0.13418793678283691,0.7824310660362244
2149,F4YTG7_wild,C(C1C(C(C(C(O1)O)O)OC2C(C(C(C(O2)CO)O)OC3C(C(C(C(O3)CO)O)O)O)O)O)O,1.6748611407378107,1.196394681930542,0.3239879012107849,0.5034517049789429
2150,F4YTG7_wild,C(C1C(C(C(C(O1)OC2C(OC(C(C2O)O)OC3C(OC(C(C3O)O)O)CO)CO)O)O)O)O,2.1809855807867304,1.3739285469055176,0.38073110580444336,0.6181879639625549
2151,A9BEU2_wild,C1=NC(=C2C(=N1)N(C=N2)C3C(C(C(O3)COP(=O)(O)OP(=O)(O)OC4C(C(C(C(O4)CO)O)O)O)O)O)N,0.968482948553935,0.2665473520755768,-0.7430538535118103,1.5946533679962158
2152,A9BEU2_wild,C(C(C(=O)[O-])O)O,0.5314789170422551,0.5939658880233765,-0.2934744358062744,0.7789350748062134
2153,P25297_wild,[O-]P(=O)([O-])[O-],-1.6989700043360187,0.7696427702903748,-0.6471003890037537,1.4586398601531982
2154,Q9ZSK5_wild,CC(=CCNC1=NC=NC2=C1NC=N2)CO,-1.5528419686577808,-0.3862670361995697,-1.324511170387268,0.45507073402404785
2155,Q9ZSK5_wild,C1=CC(=CC(=C1)O)CNC2=NC=NC3=C2NC=N3,-0.853871964321762,-0.7555478811264038,-1.3740497827529907,0.41993218660354614
2156,Q59702_wild,CC1=C(C=CC(=C1)C=O)O,-2.196542884351586,-0.1629173457622528,-1.727207064628601,1.507819414138794
2157,Q59702_wild,C1=CC(=CC=C1C=O)O,-2.447331783887807,-0.09630274027585983,-1.4764912128448486,1.6649523973464966
2158,Q89VI2_wild,CC(C)CC(=O)SCCNC(=O)CCNC(=O)C(C(C)(C)COP(=O)(O)OP(=O)(O)OCC1C(C(C(O1)N2C=NC3=C(N=CN=C32)N)O)OP(=O)(O)O)O,-2.154901959985743,-0.8368678689002991,-0.6092936396598816,0.3517338037490845
2159,Q89VI2_wild,C[S+](CCC(C(=O)[O-])N)CC1C(C(C(O1)N2C=NC3=C(N=CN=C32)N)O)O,-1.408935392973501,-1.3244743347167969,-0.8653095364570618,-0.04596245288848877
2160,Q89VI2_wild,CC(C)CCSCCNC(=O)CCNC(=O)C(C(C)(C)COP(=O)(O)OP(=O)(O)OCC1C(C(C(O1)N2C=NC3=C(N=CN=C32)N)O)OP(=O)(O)O)O,-2.1023729087095586,-0.8260295391082764,-0.725527286529541,0.3796180784702301
2161,A2T1W7_wild,C(C(C=O)O)O,0.6020599913279624,0.5902259349822998,0.423324316740036,0.758886992931366
2162,A2T1W7_wild,C(C(C(C(CO)O)O)O)O,2.254064452914338,0.11898160725831985,1.0202903747558594,0.062237322330474854
2163,A2T1W7_wild,C1C(C(C(C(O1)O)O)O)O,2.0338256939533106,0.8520909547805786,1.255942463874817,0.40552395582199097
2164,A2T1W7_wild,C(C(C(C(C(CO)O)O)O)O)O,2.6015167836500104,-0.13715893030166626,0.9870548844337463,-0.09020036458969116
2165,I2FFE9_wild,C1C(OC2=CC(=CC(=C2C1=O)O)O)C3=CC=C(C=C3)O,-2.721246399047171,-1.3383455276489258,-2.190739393234253,1.1720470190048218
2166,Q9X5C9_wild,C1=CC(=C[N+](=C1)C2C(C(C(O2)COP(=O)([O-])OP(=O)(O)OCC3C(C(C(O3)N4C=NC5=C(N=CN=C54)N)O)O)O)O)C(=O)N,-0.060480747381381476,1.5255974531173706,-0.6864122748374939,1.5897026062011719
2167,Q5JGC2_wild,C1C=CN(C=C1C(=O)N)C2C(C(C(O2)COP(=O)(O)OP(=O)(O)OCC3C(C(C(O3)N4C=NC5=C(N=CN=C54)N)O)O)O)O,-2.5228787452803374,0.5802364349365234,-1.125083327293396,2.4093286991119385
2168,Q5JGC2_wild,CC(C)(CO)C(C(=O)[O-])O,0.3096301674258988,0.49459198117256165,-0.2483537495136261,1.0144329071044922
2169,Q5JGC2_wild,CC(C)(CO)C(=O)C(=O)O,-2.2218487496163566,0.6755853891372681,0.03512420132756233,1.5414080619812012
2170,Q5JGC2_wild,C1=CC(=C[N+](=C1)C2C(C(C(O2)COP(=O)([O-])OP(=O)(O)OCC3C(C(C(O3)N4C=NC5=C(N=CN=C54)N)O)O)O)O)C(=O)N,-1.3872161432802645,0.479657918214798,-0.6199392080307007,1.7559266090393066
2171,Q5JGC2_wild,C1C=CN(C=C1C(=O)N)C2C(C(C(O2)COP(=O)(O)OP(=O)(O)OCC3C(C(C(O3)N4C=NC5=C(N=CN=C54)N)OP(=O)(O)O)O)O)O,-2.869666231504994,0.5059486031532288,-1.3525255918502808,2.610513925552368
2172,Q7L266_wild,C(C(C(=O)O)N)C(=O)N,0.320146286111054,0.848353922367096,-0.1845848113298416,0.9882895946502686
2173,Q8TZE8_K274E,C(C(C(=O)O)N)C(=O)N,0.6334684555795865,1.7458475828170776,-0.2452256679534912,1.2394291162490845
2174,Q8TZE8_T53Q,C(C(C(=O)O)N)C(=O)N,0.919078092376074,1.7793972492218018,-0.27546656131744385,1.2503392696380615
2175,Q8TZE8_T53Q/K274E,C(C(C(=O)O)N)C(=O)N,0.9138138523837114,1.7649720907211304,-0.2510719895362854,1.2455581426620483
2176,Q8TZE8_wild,C(C(C(=O)O)N)C(=O)N,1.08278537031645,1.7602497339248657,-0.26986002922058105,1.2438883781433105
2177,C5A6Q4_wild,C(C(C(=O)O)N)C(=O)N,1.0,2.239806652069092,0.24526971578598022,1.4891777038574219
2178,C5A6Q4_wild,C(CC(=O)N)C(C(=O)O)N,1.5965970956264603,1.8203134536743164,0.3176303505897522,0.9929572343826294
2179,R4L284_wild,C(C(C(=O)O)N)C(=O)N,-0.1732774798310079,1.5738492012023926,0.05672064796090126,1.1077319383621216
2180,Q5JHT1_wild,C(C(C(=O)O)N)C(=O)N,0.414973347970818,2.306922197341919,0.27059420943260193,1.4861900806427002
2181,Q4J9M3_wild,C(C1C(C(C(C(O1)OC2C(OC(C(C2O)O)OC3C(OC(C(C3O)O)OC4C(OC(C(C4O)O)O)CO)CO)CO)O)O)O)O,-0.5228787452803376,0.8135162591934204,0.7071568965911865,0.39056411385536194
2182,Q4J9M3_wild,C1=CC(=CC=C1[N+](=O)[O-])OC2C(C(C(C(O2)CO)O)O)O,-0.060480747381381476,0.8066099286079407,0.12108388543128967,0.6596968770027161
2183,Q4J9M3_wild,C(C1C(C(C(C(O1)OC2C(OC(C(C2O)O)O)CO)O)O)O)O,-0.09691001300805639,1.017961025238037,1.0199520587921143,0.17347809672355652
2184,Q4J9M3_wild,C(C1C(C(C(C(O1)OC2C(OC(C(C2O)O)OC3C(OC(C(C3O)O)OC4C(OC(C(C4O)O)OC5C(OC(C(C5O)O)OC6C(OC(C(C6O)O)O)CO)CO)CO)CO)CO)O)O)O)O,-0.28399665636520094,0.7761976718902588,0.6998870968818665,0.5796335339546204
2185,P53341_wild,C1=CC(=CC=C1[N+](=O)[O-])OC2C(C(C(C(O2)CO)O)O)O,-0.5686362358410126,0.6383980512619019,0.47455936670303345,0.592105507850647
2186,Q5K3Q3_wild,C(C1C(C(C(C(O1)OC2(C(C(C(O2)CO)O)O)CO)O)O)O)O,-0.494850021680094,1.9694223403930664,0.5548433065414429,1.0561753511428833
2187,Q5K3Q3_wild,C1=CC(=CC=C1[N+](=O)[O-])OC2C(C(C(C(O2)CO)O)O)O,0.6989700043360189,1.318271279335022,0.25081464648246765,0.9823698401451111
2188,Q5K3Q3_wild,C(C1C(C(C(C(O1)OC2C(OC(C(C2O)O)OC3C(OC(C(C3O)O)OC4C(OC(C(C4O)O)O)CO)CO)CO)O)O)O)O,0.968482948553935,1.1763962507247925,0.032164279371500015,0.941868007183075
2189,Q5K3Q3_wild,C(C1C(C(C(C(O1)OC2C(OC(C(C2O)O)O)CO)O)O)O)O,-0.1938200260161128,1.970740795135498,0.4206595718860626,1.0515995025634766
2190,Q8EBE0_wild,CN(C)C1=CC=C(C=C1)N=NC2=CC=CC=C2C(=O)O,-2.0381045263321496,0.10026583820581436,-1.4020389318466187,2.0635180473327637
2191,A0A1W6VPA7_wild,CCCCCCCC(=O)OC1=CC=C(C=C1)[N+](=O)[O-],-2.3010299956639813,0.8963642120361328,-1.0789369344711304,1.0890476703643799
2192,A0A1W6VPA7_wild,CC(=O)OC1=CC=C(C=C1)[N+](=O)[O-],-0.013228265733799947,0.886400043964386,-0.36544090509414673,0.958049476146698
2193,A0A1W6VPA7_wild,CCCC(=O)OC1=CC=C(C=C1)[N+](=O)[O-],-0.1938200260161128,1.1211198568344116,-0.5758432149887085,0.9902881383895874
2194,Q0MRD4_wild,C1C=CN(C=C1C(=O)N)C2C(C(C(O2)COP(=O)(O)OP(=O)(O)OCC3C(C(C(O3)N4C=NC5=C(N=CN=C54)N)OP(=O)(O)O)O)O)O,-1.2915790998652872,0.8230223059654236,-1.7507268190383911,2.30523943901062
2195,P70881_wild,C(C1C(C(C(O1)OP(=O)(O)OP(=O)(O)O)O)O)OP(=O)(O)O,-1.3010299956639813,0.3932167589664459,-0.9327487349510193,1.5074963569641113
2196,Q26998_wild,C(C1C(C(C(O1)OP(=O)(O)OP(=O)(O)O)O)O)OP(=O)(O)O,-0.6655462488490691,0.7738351821899414,-0.7331405878067017,1.497944712638855
2197,P11172_wild,C1=C(N(C(=O)NC1=O)C2C(C(C(O2)COP(=O)(O)O)O)O)C(=O)O,-1.779891911959945,0.5388748645782471,-2.199340343475342,1.8842562437057495
2198,P03962_Q215A,C1=C(N(C(=O)NC1=O)C2C(C(C(O2)COP(=O)(O)O)O)O)C(=O)O,-2.6020599913279625,0.2387041300535202,-1.7316701412200928,1.7898539304733276
2199,P03962_R235A/Y217F,C1=C(N(C(=O)NC1=O)C2C(C(C(O2)COP(=O)(O)O)O)O)C(=O)O,-0.958607314841775,0.15790532529354095,-1.687425971031189,1.6837409734725952
2200,P03962_D37A,C1=C(N(C(=O)NC1=O)C2C(C(C(O2)COP(=O)(O)O)O)O)C(=O)O,-2.3767507096020997,-0.08662494271993637,-1.6795434951782227,1.521105408668518
2201,P03962_wild,C1=C(N(C(=O)NC1=O)C2C(C(C(O2)COP(=O)(O)O)O)O)C(=O)O,-3.3467874862246565,0.2402883619070053,-1.7321982383728027,1.7887167930603027
2202,P03962_T100A,C1=C(N(C(=O)NC1=O)C2C(C(C(O2)COP(=O)(O)O)O)O)C(=O)O,-2.1739251972991736,0.17252720892429352,-1.7099307775497437,1.7370861768722534
2203,E7C196_wild,C1C=CN(C=C1C(=O)N)C2C(C(C(O2)COP(=O)(O)OP(=O)(O)OCC3C(C(C(O3)N4C=NC5=C(N=CN=C54)N)OP(=O)(O)O)O)O)O,-3.0457574905606752,-0.4983655512332916,-1.8943079710006714,1.9290188550949097
2204,E7C196_wild,C1=CC(=C[N+](=C1)C2C(C(C(O2)COP(=O)(O)OP(=O)(O)OCC3C(C(C(O3)N4C=NC5=C(N=CN=C54)N)OP(=O)(O)O)O)O)O)C(=O)N,-3.0457574905606752,-0.4620174169540405,-1.3909212350845337,1.5303586721420288
2205,E7C196_wild,CN1C2CCC1C(C(C2)O)C(=O)OC,-0.8210230527068305,-0.3035280406475067,-0.8080231547355652,0.9039784669876099
2206,E7C196_wild,CN1C2CCC1C(C(=O)C2)C(=O)OC,-1.1611509092627446,-0.46317777037620544,-1.1893537044525146,0.812774658203125
2207,Q8NRR8_wild,OP(=O)(O)OP(=O)(O)OP(=O)(O)OP(=O)(O)O,-0.958607314841775,0.6352359056472778,-0.06934195756912231,0.8353826403617859
2208,O04385_wild,COC1=C(C=CC(=C1)CC=C)O,-1.5228787452803376,-1.198822021484375,-2.145134687423706,0.3961830139160156
2209,O04385_wild,C[S+](CCC(C(=O)[O-])N)CC1C(C(C(O1)N2C=NC3=C(N=CN=C32)N)O)O,-1.5686362358410126,-1.2077302932739258,-1.3869074583053589,0.6384210586547852
2210,O04385_wild,CC=CC1=CC(=C(C=C1)O)OC,-1.1307682802690238,-1.9131624698638916,-1.466434359550476,-0.08131629228591919
2211,Q57VC7_wild,C1C(C(OC1N2C=NC3=C2N=CNC3=O)CO)O,-0.15490195998574322,0.8828817009925842,0.0515025369822979,0.5163586735725403
2212,Q57VC7_V11S,C1C(C(OC1N2C=NC3=C2N=CNC3=O)CO)O,0.8325089127062363,0.8974002003669739,0.06100085750222206,0.5286822319030762
2213,Q57VC7_wild,C1=NC2=NC=NC(=C2N1)N,0.25527250510330607,0.7518245577812195,-0.9399825930595398,0.35396549105644226
2214,Q57VC7_V11A,C1C(C(OC1N2C=NC3=C2N=CNC3=O)CO)O,0.7075701760979278,0.886410117149353,0.04572237655520439,0.534016489982605
2215,Q74HC2_D84E,C1C(C(OC1N2C=NC3=C2N=C(NC3=O)N)CO)O,-0.2596373105057561,-0.14848951995372772,-0.9501869082450867,0.9028553366661072
2216,Q74HC2_D84N,C1C(C(OC1N2C=NC3=C2N=C(NC3=O)N)CO)O,-0.46852108295774486,-0.09961441159248352,-0.9708430171012878,0.9387542009353638
2217,Q74HC2_D84A,C1C(C(OC1N2C=NC3=C2N=C(NC3=O)N)CO)O,-0.44369749923283336,-0.17839644849300385,-0.9945924878120422,0.9396040439605713
2218,Q74HC2_wild,C1C(C(OC1N2C=NC3=C2N=C(NC3=O)N)CO)O,-1.0604807473813815,-0.07718564569950104,-0.9870930910110474,0.9604644775390625
2219,Q1M7F4_Q215N,C(=O)(N)NC(=O)N,-1.3187587626244128,-0.1672113984823227,0.44534099102020264,0.7125983238220215
2220,Q1M7F4_F41L,C(=O)(N)NC(=O)N,-0.47755576649368014,-0.27871784567832947,0.5051364302635193,0.5991138815879822
2221,Q1M7F4_F41A,C(=O)(N)NC(=O)N,-0.2967086218813386,-0.3087753653526306,0.5329797267913818,0.5600555539131165
2222,Q1M7F4_wild,C(=O)(N)NC(=O)N,-1.1023729087095586,-0.16471229493618011,0.4422425627708435,0.7053477764129639
2223,Q1M7F4_F41W,C(=O)(N)NC(=O)N,-0.8961962790440431,-0.15769490599632263,0.44304245710372925,0.6730074286460876
2224,Q1M7F4_K142A,C(=O)(N)NC(=O)N,-0.856985199745905,-0.42703554034233093,0.5232520699501038,0.4808103144168854
2225,Q1M7F4_F41Y,C(=O)(N)NC(=O)N,-0.12551818230053352,-0.16678829491138458,0.44387882947921753,0.6873953342437744
2226,Q1M7F4_Q215A,C(=O)(N)NC(=O)N,0.31659930209386095,-0.20003056526184082,0.44627419114112854,0.6841586828231812
2227,Q1M7F4_Q215E,C(=O)(N)NC(=O)N,0.4027770696103474,-0.1989990919828415,0.4537898898124695,0.6850219964981079
2228,A5N5D3_wild,C1C=CN(C=C1C(=O)N)C2C(C(C(O2)COP(=O)(O)OP(=O)(O)OCC3C(C(C(O3)N4C=NC5=C(N=CN=C54)N)OP(=O)(O)O)O)O)O,-1.6020599913279623,0.7177255749702454,-1.6995398998260498,3.083582878112793
2229,A5N5D3_wild,C1=CC(=C[N+](=C1)C2C(C(C(O2)COP(=O)([O-])OP(=O)(O)OCC3C(C(C(O3)N4C=NC5=C(N=CN=C54)N)O)O)O)O)C(=O)N,0.0,0.47401830554008484,-1.1059874296188354,2.249558925628662
2230,H2JEN2_wild,C1C(C(C(C(O1)(CO)O)O)O)O,2.3571722577230334,0.5357857346534729,0.15004384517669678,0.45102256536483765
2231,O65355_wild,C1=CC(=CC=C1C(=O)NC(CCC(=O)NC(CCC(=O)NC(CCC(=O)NC(CCC(=O)NC(CCC(=O)O)C(=O)O)C(=O)O)C(=O)O)C(=O)O)C(=O)O)NCC2=CN=C3C(=N2)C(=O)NC(=N3)N,-3.1023729087095586,1.2358392477035522,-1.5323337316513062,2.1742992401123047
2232,Q96565_wild,C1=CC=C2C(=C1)C(=CN2)CN,-1.1135092748275182,-1.5701065063476562,-1.1672321557998657,0.4076194763183594
2233,Q96565_wild,C[S+](CCC(C(=O)[O-])N)CC1C(C(C(O1)N2C=NC3=C(N=CN=C32)N)O)O,-0.8297382846050426,-1.5862112045288086,-1.3268049955368042,0.6672272682189941
2234,Q96565_wild,CNCC1=CNC2=CC=CC=C21,-0.7351821769904636,-1.1135003566741943,-0.8933659791946411,0.33853572607040405
2235,A0A1J1DVP9_wild,C1=CC=C(C=C1)CC#N,-2.036212172654445,-0.3328036665916443,-0.8131940364837646,0.9240962266921997
2236,A0A1J1DVP9_wild,C1=CC(=CC=C1CC#N)O,-1.8013429130455774,-0.8638088703155518,-0.7218808531761169,0.5573585629463196
2237,Q12178_wild,C1=NC(=O)NC(=C1F)N,-1.080921907623926,0.10253871232271194,-1.211356282234192,1.6559207439422607
2238,Q12178_D92E,C1=NC(=O)NC(=C1F)N,-0.853871964321762,0.09039204567670822,-1.2218366861343384,1.6622698307037354
2239,Q12178_A23L/V108I/I140L,C1=NC(=O)NC(=C1F)N,-0.8239087409443188,0.15953609347343445,-1.1592750549316406,1.6104779243469238
2240,Q12178_A23L/D92E/V108I/I140L,C1=C(NC(=O)N=C1)N,-0.3279021420642826,0.306622713804245,-0.6049373745918274,1.278586506843567
2241,Q12178_A23L/V108I/I140L,C1=C(NC(=O)N=C1)N,-0.28399665636520094,0.31655433773994446,-0.5952561497688293,1.2815086841583252
2242,Q12178_D92E,C1=C(NC(=O)N=C1)N,-0.24412514432750865,0.25591108202934265,-0.6567707657814026,1.3205045461654663
2243,Q12178_A23L/D92E/V108I/I140L,C1=NC(=O)NC(=C1F)N,-1.1674910872937636,0.15162293612957,-1.16925847530365,1.6172722578048706
2244,Q12178_wild,C1=C(NC(=O)N=C1)N,0.06818586174616162,0.26592591404914856,-0.6426544785499573,1.3291418552398682
2245,Q4PNI0_wild,CC1=C(C(CCC1)(C)C)C=CC(=CC=CC(=CC=CC=C(C)C=CC=C(C)C=CC=C(C)C=O)C)C,-0.8326826652518239,-2.0697438716888428,-2.787170171737671,0.03292423486709595
2246,Q4PNI0_wild,CC1=C(C(CCC1)(C)C)C=CC(=CC=CC(=CC=CC=C(C)C=CC=C(C)C=CC2=C(CC(CC2(C)C)O)C)C)C,-1.537602002101044,-1.9999408721923828,-2.7023916244506836,0.026009559631347656
2247,Q4PNI0_wild,CC1=C(C(CCC1)(C)C)C=CC(=CC=CC(=CC=CC=C(C)C=CC=C(C)C=CC2=C(CCCC2(C)C)C)C)C,-1.431798275933005,-1.9643185138702393,-2.838179111480713,-0.01645725965499878
2248,Q4PNI0_wild,CC1=C(C(CCC1)(C)C)C=CC(=CC=CC(=CC=CC=C(C)C=CC=C(C)C=CC2C(=CCCC2(C)C)C)C)C,-0.7721132953863266,-2.0224695205688477,-2.9913713932037354,0.038651108741760254
2249,Q4PNI0_wild,CC1=C(C(CCC1)(C)C)C=CC(=CC=CC(=CC=CC=C(C)C=CC=C(C)C=CC=C(C)CCC=C(C)C)C)C,-0.41793663708829126,-1.978276252746582,-2.543330192565918,-0.31223148107528687
2250,A7XS03_wild,CC1(C2CCC3(C(C2(CCC1OC4C(C(C(C(O4)C(=O)O)O)O)OC5C(C(C(C(O5)C(=O)O)O)O)O)C)C(=O)C=C6C3(CCC7(C6CC(CC7)(C)C(=O)O)C)C)C)C,-0.10790539730951958,0.23768658936023712,-0.7676134705543518,1.177574872970581
2251,A7XS03_A365T/R563E,CC1(C2CCC3(C(C2(CCC1OC4C(C(C(C(O4)C(=O)O)O)O)OC5C(C(C(C(O5)C(=O)O)O)O)O)C)C(=O)C=C6C3(CCC7(C6CC(CC7)(C)C(=O)O)C)C)C)C,0.3424226808222063,0.24538187682628632,-0.7552108764648438,1.1682968139648438
2252,A7XS03_A365T,CC1(C2CCC3(C(C2(CCC1OC4C(C(C(C(O4)C(=O)O)O)O)O)C)C(=O)C=C5C3(CCC6(C5CC(CC6)(C)C(=O)O)C)C)C)C,0.04139268515822508,0.13875141739845276,-1.0027350187301636,1.2778232097625732
2253,A7XS03_R563K,CC1(C2CCC3(C(C2(CCC1OC4C(C(C(C(O4)C(=O)O)O)O)OC5C(C(C(C(O5)C(=O)O)O)O)O)C)C(=O)C=C6C3(CCC7(C6CC(CC7)(C)C(=O)O)C)C)C)C,-0.013228265733799947,0.23438261449337006,-0.7644474506378174,1.1775071620941162
2254,A7XS03_R563K,CC1(C2CCC3(C(C2(CCC1OC4C(C(C(C(O4)C(=O)O)O)O)O)C)C(=O)C=C5C3(CCC6(C5CC(CC6)(C)C(=O)O)C)C)C)C,-0.040958607678906384,0.13333237171173096,-1.0046679973602295,1.2828645706176758
2255,A7XS03_V447Q,CC1(C2CCC3(C(C2(CCC1OC4C(C(C(C(O4)C(=O)O)O)O)O)C)C(=O)C=C5C3(CCC6(C5CC(CC6)(C)C(=O)O)C)C)C)C,0.02530586526477026,0.1392451673746109,-1.0051792860031128,1.2795230150222778
2256,A7XS03_wild,CC1(C2CCC3(C(C2(CCC1OC4C(C(C(C(O4)C(=O)O)O)O)O)C)C(=O)C=C5C3(CCC6(C5CC(CC6)(C)C(=O)O)C)C)C)C,-0.036212172654444715,0.1350240558385849,-1.0081987380981445,1.2833880186080933
2257,A7XS03_A365T,CC1(C2CCC3(C(C2(CCC1OC4C(C(C(C(O4)C(=O)O)O)O)OC5C(C(C(C(O5)C(=O)O)O)O)O)C)C(=O)C=C6C3(CCC7(C6CC(CC7)(C)C(=O)O)C)C)C)C,0.08990511143939793,0.2402549535036087,-0.7608721256256104,1.1726351976394653
2258,A7XS03_V447Q,CC1(C2CCC3(C(C2(CCC1OC4C(C(C(C(O4)C(=O)O)O)O)OC5C(C(C(C(O5)C(=O)O)O)O)O)C)C(=O)C=C6C3(CCC7(C6CC(CC7)(C)C(=O)O)C)C)C)C,0.08278537031645007,0.2465280443429947,-0.761870801448822,1.1727633476257324
2259,A7XS03_V447Q/R563K,CC1(C2CCC3(C(C2(CCC1OC4C(C(C(C(O4)C(=O)O)O)O)OC5C(C(C(C(O5)C(=O)O)O)O)O)C)C(=O)C=C6C3(CCC7(C6CC(CC7)(C)C(=O)O)C)C)C)C,0.2095150145426309,0.24351458251476288,-0.7596674561500549,1.173722505569458
2260,A7XS03_A365H/R563E,CC1(C2CCC3(C(C2(CCC1OC4C(C(C(C(O4)C(=O)O)O)O)OC5C(C(C(C(O5)C(=O)O)O)O)O)C)C(=O)C=C6C3(CCC7(C6CC(CC7)(C)C(=O)O)C)C)C)C,0.42813479402878885,0.23412509262561798,-0.7567804455757141,1.1575299501419067
2261,J7EIR8_wild,C(C(C1C(=C(C(=O)O1)O)O)O)O,-0.3979400086720376,1.8630611896514893,0.12333250045776367,1.2560160160064697
2262,Q5S1V5_wild,C(C(C1C(=C(C(=O)O1)O)O)O)O,-0.27572413039921095,1.5053648948669434,0.22636154294013977,1.1647958755493164
2263,A4ZYP9_wild,C(C(C1C(=C(C(=O)O1)O)O)O)O,-1.154901959985743,1.9323124885559082,0.2756425142288208,1.4357774257659912
2264,J7EIR8_wild,OO,-0.958607314841775,2.7702383995056152,-0.6661397814750671,2.3503103256225586
2265,U5RZT9_wild,C(C(C1C(=C(C(=O)O1)O)O)O)O,-0.3010299956639812,1.852880835533142,0.34955671429634094,1.3660920858383179
2266,U5RZT9_wild,OO,0.5352941200427704,2.728898525238037,-0.4768073856830597,2.271355628967285
2267,C0LNV1_wild,CC1=C(C(CCC1)(C)C)C=CC(=O)C,-0.2596373105057561,-0.7346782684326172,-1.4487963914871216,0.7105652093887329
2268,Q9X4K7_D422V,CCCC(=O)SCCNC(=O)CCNC(=O)C(C(C)(C)COP(=O)(O)OP(=O)(O)OCC1C(C(C(O1)N2C=NC3=C(N=CN=C32)N)O)OP(=O)(O)O)O,-0.41680122603137726,-0.3149828314781189,-0.46814799308776855,1.5498464107513428
2269,Q9X4K7_wild,CCC(=O)SCCNC(=O)CCNC(=O)C(C(C)(C)COP(=O)(O)OP(=O)(O)OCC1C(C(C(O1)N2C=NC3=C(N=CN=C32)N)O)OP(=O)(O)O)O,-1.1191864077192086,-0.38250359892845154,-0.5911208987236023,1.57002592086792
2270,Q9X4K7_wild,CCCC(=O)SCCNC(=O)CCNC(=O)C(C(C)(C)COP(=O)(O)OP(=O)(O)OCC1C(C(C(O1)N2C=NC3=C(N=CN=C32)N)O)OP(=O)(O)O)O,-0.9829666607012196,-0.2972078323364258,-0.47289371490478516,1.572296380996704
2271,Q9X4K7_D422C,CCCC(=O)SCCNC(=O)CCNC(=O)C(C(C)(C)COP(=O)(O)OP(=O)(O)OCC1C(C(C(O1)N2C=NC3=C(N=CN=C32)N)O)OP(=O)(O)O)O,-1.4436974992327127,-0.32431885600090027,-0.46188950538635254,1.5482099056243896
2272,Q9X4K7_D422A,CCCC(=O)SCCNC(=O)CCNC(=O)C(C(C)(C)COP(=O)(O)OP(=O)(O)OCC1C(C(C(O1)N2C=NC3=C(N=CN=C32)N)O)OP(=O)(O)O)O,-1.2291479883578558,-0.32030829787254333,-0.45659053325653076,1.552419662475586
2273,Q9X4K7_D422C,CCC(=O)SCCNC(=O)CCNC(=O)C(C(C)(C)COP(=O)(O)OP(=O)(O)OCC1C(C(C(O1)N2C=NC3=C(N=CN=C32)N)O)OP(=O)(O)O)O,-1.2518119729937995,-0.40625616908073425,-0.5847555994987488,1.548158884048462
2274,Q9X4K7_D422I,CC(=O)SCCNC(=O)CCNC(=O)C(C(C)(C)COP(=O)(O)OP(=O)(O)OCC1C(C(C(O1)N2C=NC3=C(N=CN=C32)N)O)OP(=O)(O)O)O,-0.47495519296315475,-0.2930653393268585,-0.5745348930358887,1.571616291999817
2275,Q9X4K7_D422V,CCC(=O)SCCNC(=O)CCNC(=O)C(C(C)(C)COP(=O)(O)OP(=O)(O)OCC1C(C(C(O1)N2C=NC3=C(N=CN=C32)N)O)OP(=O)(O)O)O,-1.1135092748275182,-0.3969298303127289,-0.5858324766159058,1.5471162796020508
2276,Q9X4K7_D422I,CCC(=O)SCCNC(=O)CCNC(=O)C(C(C)(C)COP(=O)(O)OP(=O)(O)OCC1C(C(C(O1)N2C=NC3=C(N=CN=C32)N)O)OP(=O)(O)O)O,-0.5016894462103995,-0.3926599621772766,-0.5887836813926697,1.5464096069335938
2277,Q9X4K7_D422N,CCC(=O)SCCNC(=O)CCNC(=O)C(C(C)(C)COP(=O)(O)OP(=O)(O)OCC1C(C(C(O1)N2C=NC3=C(N=CN=C32)N)O)OP(=O)(O)O)O,-0.9100948885606021,-0.3667823374271393,-0.5778363347053528,1.563539981842041
2278,Q9X4K7_D422L,CCC(=O)SCCNC(=O)CCNC(=O)C(C(C)(C)COP(=O)(O)OP(=O)(O)OCC1C(C(C(O1)N2C=NC3=C(N=CN=C32)N)O)OP(=O)(O)O)O,-0.7986028756795485,-0.3823367953300476,-0.5898200869560242,1.5597236156463623
2279,Q9X4K7_D422A,CCC(=O)SCCNC(=O)CCNC(=O)C(C(C)(C)COP(=O)(O)OP(=O)(O)OCC1C(C(C(O1)N2C=NC3=C(N=CN=C32)N)O)OP(=O)(O)O)O,-0.5816987086802545,-0.40334704518318176,-0.5770984888076782,1.552086353302002
2280,Q9X4K7_D422I,CCCC(=O)SCCNC(=O)CCNC(=O)C(C(C)(C)COP(=O)(O)OP(=O)(O)OCC1C(C(C(O1)N2C=NC3=C(N=CN=C32)N)O)OP(=O)(O)O)O,-0.4989407377822485,-0.31003308296203613,-0.4719572961330414,1.5480833053588867
2281,Q8NRQ7_D141A,CC1=C(N2C(=C(C(=O)N2C1=O)C)CSCC(C(=O)NC3C(C(C(OC3OC4C(C(C(C(C4O)O)O)O)O)CO)O)O)NC(=O)C)C,2.1398790864012365,-1.2833956480026245,-0.46082979440689087,-1.1385514736175537
2282,Q8NRQ7_wild,CC1=C(N2C(=C(C(=O)N2C1=O)C)CSCC(C(=O)NC3C(C(C(OC3OC4C(C(C(C(C4O)O)O)O)O)CO)O)O)NC(=O)C)C,1.9653898702151225,-1.1820310354232788,-0.4606478214263916,-1.089437484741211
2283,Q8NRQ7_H10A,CC1=C(N2C(=C(C(=O)N2C1=O)C)CSCC(C(=O)NC3C(C(C(OC3OC4C(C(C(C(C4O)O)O)O)O)CO)O)O)NC(=O)C)C,2.035029282202368,-1.2379192113876343,-0.4306151270866394,-1.1476308107376099
2284,Q8NRQ7_H12A,CC1=C(N2C(=C(C(=O)N2C1=O)C)CSCC(C(=O)NC3C(C(C(OC3OC4C(C(C(C(C4O)O)O)O)O)CO)O)O)NC(=O)C)C,2.0476641946015595,-1.5234951972961426,-0.3921986222267151,-1.3812401294708252
2285,Q8NRQ7_D14A,CC1=C(N2C(=C(C(=O)N2C1=O)C)CSCC(C(=O)NC3C(C(C(OC3OC4C(C(C(C(C4O)O)O)O)O)CO)O)O)NC(=O)C)C,2.121559844187501,-1.5645787715911865,-0.46260714530944824,-1.3761303424835205
2286,Q8NRQ7_D15A,CC1=C(N2C(=C(C(=O)N2C1=O)C)CSCC(C(=O)NC3C(C(C(OC3OC4C(C(C(C(C4O)O)O)O)O)CO)O)O)NC(=O)C)C,2.1099158630237933,-1.5453919172286987,-0.4711917042732239,-1.3676140308380127
2287,Q8NRQ7_E16A,CC1=C(N2C(=C(C(=O)N2C1=O)C)CSCC(C(=O)NC3C(C(C(OC3OC4C(C(C(C(C4O)O)O)O)O)CO)O)O)NC(=O)C)C,2.031408464251624,-1.2997033596038818,-0.44704413414001465,-1.1710318326950073
2288,Q8NRQ7_E43A,CC1=C(N2C(=C(C(=O)N2C1=O)C)CSCC(C(=O)NC3C(C(C(OC3OC4C(C(C(C(C4O)O)O)O)O)CO)O)O)NC(=O)C)C,1.9702073588068547,-1.164802074432373,-0.48919689655303955,-1.057092308998108
2289,Q8NRQ7_D132A,CC1=C(N2C(=C(C(=O)N2C1=O)C)CSCC(C(=O)NC3C(C(C(OC3OC4C(C(C(C(C4O)O)O)O)O)CO)O)O)NC(=O)C)C,1.999652425366079,-1.1995911598205566,-0.494289755821228,-1.1019017696380615
2290,Q8NRQ7_Y137A,CC1=C(N2C(=C(C(=O)N2C1=O)C)CSCC(C(=O)NC3C(C(C(OC3OC4C(C(C(C(C4O)O)O)O)O)CO)O)O)NC(=O)C)C,2.734319680859007,-1.2518202066421509,-0.4073809087276459,-1.1555767059326172
2291,Q8NRQ7_H139A,CC1=C(N2C(=C(C(=O)N2C1=O)C)CSCC(C(=O)NC3C(C(C(OC3OC4C(C(C(C(C4O)O)O)O)O)CO)O)O)NC(=O)C)C,2.671728088239558,-1.3592336177825928,-0.4188331961631775,-1.2592108249664307
2292,Q8NRQ7_H142A,CC1=C(N2C(=C(C(=O)N2C1=O)C)CSCC(C(=O)NC3C(C(C(OC3OC4C(C(C(C(C4O)O)O)O)O)CO)O)O)NC(=O)C)C,2.061829307294699,-1.6039328575134277,-0.3010457158088684,-1.4632132053375244
2293,O66188_wild,CC(=C)C#N,1.0413926851582251,1.0534212589263916,-0.08078131079673767,0.39607012271881104
2294,O66188_R136W,CC(=C)C#N,2.204119982655925,1.0285842418670654,-0.11713099479675293,0.38764673471450806
2295,H9LBH7_wild,CCCCCCCCC=CCCCCCCCC(=O)SCCNC(=O)CCNC(=O)C(C(C)(C)COP(=O)(O)OP(=O)(O)OCC1C(C(C(O1)N2C=NC3=C(N=CN=C32)N)O)OP(=O)(O)O)O,-2.079876673709276,0.740670919418335,-1.6055017709732056,2.5272715091705322
2296,H9LBH7_wild,CCCCCCCCC=CCCCCCCCC(=O)OCC(CO)O,-1.8294449414787914,1.0402313470840454,-1.1908923387527466,1.8110778331756592
2297,Q6UQ31_wild,[O-]P(=O)([O-])OP(=O)([O-])[O-],-0.431798275933005,2.767998218536377,-1.3583064079284668,3.1442933082580566
2298,Q8A5V9_wild,[O-]P(=O)([O-])OP(=O)([O-])[O-],-0.494850021680094,1.588660717010498,-0.8683762550354004,1.4732296466827393
2299,C6W7B1_wild,C(C1C(C(C(C(O1)O)OC2C(C(C(C(O2)CO)O)O)O)O)O)O,1.1760912590556813,1.1160911321640015,1.0476304292678833,0.6146170496940613
2300,P38993_wild,[Fe+2],-2.6989700043360187,0.09128842502832413,-1.3271523714065552,1.3908910751342773
2301,P23872_wild,CCCC(=O)OC1=CC=C(C=C1)[N+](=O)[O-],-0.7958800173440752,1.73432457447052,-0.5612156987190247,1.461125135421753
2302,P23872_R48A,CCCC(=O)OC1=CC=C(C=C1)[N+](=O)[O-],-0.7447274948969352,1.6321940422058105,-0.5690275430679321,1.4042692184448242
2303,P23872_R48S,CCCC(=O)OCC(COC(=O)CCC)OC(=O)CCC,-1.8239087409443187,1.4120017290115356,0.06000228598713875,1.7518815994262695
2304,P23872_R48A,CCCC(=O)OCC(COC(=O)CCC)OC(=O)CCC,-1.744727494896694,1.3910071849822998,0.05156126990914345,1.744742751121521
2305,P23872_R48K,CCCC(=O)OC1=CC=C(C=C1)[N+](=O)[O-],-0.853871964321762,1.719394564628601,-0.5695112347602844,1.43787682056427
2306,P23872_R48S,CCCC(=O)OC1=CC=C(C=C1)[N+](=O)[O-],-0.721246399047171,1.6505448818206787,-0.5724470615386963,1.40529465675354
2307,P23872_R48E,CCCC(=O)OC1=CC=C(C=C1)[N+](=O)[O-],-0.8860566476931633,1.6155741214752197,-0.5724364519119263,1.3764907121658325
2308,P23872_R48E,CCCC(=O)OCC(COC(=O)CCC)OC(=O)CCC,-1.136677139879544,1.3726372718811035,0.05974014475941658,1.725623369216919
2309,P23872_R48K,CCCC(=O)OCC(COC(=O)CCC)OC(=O)CCC,-1.3279021420642825,1.4774835109710693,0.09631422162055969,1.7632471323013306
2310,P23872_wild,CCCC(=O)OCC(COC(=O)CCC)OC(=O)CCC,-1.2839966563652008,1.5100853443145752,0.09016622602939606,1.7886767387390137
2311,A0A0A7HLG5_wild,CC(=O)OC1=CC=C(C=C1)[N+](=O)[O-],-0.0757207139381183,1.521608829498291,-0.3956926465034485,1.4440300464630127
2312,Q8GIW8_wild,CC1(C(N2C(S1)C(C2=O)NC(=O)C(C3=CC=CC=C3)N)C(=O)O)C,0.17609125905568124,1.6454671621322632,-0.49098676443099976,2.3086233139038086
2313,Q8GIW8_wild,CC1(C(N2C(S1)C(C2=O)NC(=O)C(C3=CSC=C3)C(=O)O)C(=O)O)C,-0.3279021420642826,1.4535138607025146,-0.735209047794342,2.356886148452759
2314,Q8GIW8_wild,CC(=O)OCC1=C(N2C(C(C2=O)NC(=O)CC3=CC=CS3)SC1)C(=O)O,-1.7958800173440752,1.5978031158447266,-1.2625824213027954,2.832428455352783
2315,Q8GIW8_wild,CC1C2C(C(=O)N2C(=C1SC3CC(NC3)C(=O)N(C)C)C(=O)O)C(C)O,-2.1426675035687315,0.9076384902000427,-1.1727008819580078,2.58297061920166
2316,Q8GIW8_wild,CC(C1C2CC(=C(N2C1=O)C(=O)O)SCCN=CN)O,-0.036212172654444715,1.4880824089050293,-0.8696087002754211,2.884094715118408
2317,Q8GIW8_wild,CC1(C(N2C(S1)C(C2=O)NC(=O)C(C3=CC=CC=C3)C(=O)O)C(=O)O)C,-0.7569619513137056,1.4114656448364258,-0.737108051776886,2.3278281688690186
2318,Q9F918_wild,CC(=O)OCC1=C(N2C(C(C2=O)NC(=O)CC3=CC=CS3)SC1)C(=O)O,-1.3467874862246563,2.081556797027588,-0.8950644731521606,2.08882212638855
2319,Q4TVR4_wild,CCN1CCN(C(=O)C1=O)C(=O)NC(C2=CC=CC=C2)C(=O)NC3C4N(C3=O)C(C(S4)(C)C)C(=O)O,-2.0969100130080562,1.6641950607299805,-1.5667229890823364,2.513066053390503
2320,Q4TVR4_wild,CC1(C(N2C(S1)C(C2=O)NC(=O)CC3=CC=CC=C3)C(=O)O)C,-2.3010299956639813,2.1175780296325684,-1.3011665344238281,2.4115219116210938
2321,Q4TVR4_wild,CC1C(C(=O)N1S(=O)(=O)O)NC(=O)C(=NOC(C)(C)C(=O)O)C2=CSC(=N2)N,-2.3010299956639813,1.0326217412948608,-1.1589027643203735,1.7391895055770874
2322,Q4TVR4_wild,CON=C(C1=CC=CO1)C(=O)NC2C3N(C2=O)C(=C(CS3)COC(=O)N)C(=O)O,-1.6382721639824072,1.051025152206421,-1.560359239578247,2.136918544769287
2323,Q4TVR4_wild,CC1(C(N2C(S1)C(C2=O)NC(=O)C(C3=CC=C(C=C3)O)N)C(=O)O)C,-2.0,1.7619539499282837,-1.391474962234497,2.4141995906829834
2324,Q4TVR4_wild,C[N+]1(CCCC1)CC2=C(N3C(C(C3=O)NC(=O)C(=NOC)C4=CSC(=N4)N)SC2)C(=O)[O-],-0.826813731587726,1.2209453582763672,-1.0013900995254517,1.9442453384399414
2325,Q4TVR4_wild,CC(=O)OCC1=C(N2C(C(C2=O)NC(=O)C(=NOC)C3=CSC(=N3)N)SC1)C(=O)O,-1.677780705266081,1.3189481496810913,-1.093047022819519,2.037217378616333
2326,Q7WYA8_wild,CC(=O)OCC1=C(N2C(C(C2=O)NC(=O)C(=NOC)C3=CSC(=N3)N)SC1)C(=O)O,-1.677780705266081,1.0049432516098022,-1.017996907234192,2.200523614883423
2327,Q6SJ61_wild,C1C(=C(N2C(S1)C(C2=O)NC(=O)CC3=CC=CS3)C(=O)O)C=CC4=C(C=C(C=C4)[N+](=O)[O-])[N+](=O)[O-],-1.337242168318426,1.9641677141189575,-1.4391404390335083,2.3912127017974854
2328,Q1KY81_wild,CCN1CCN(C(=O)C1=O)C(=O)NC(C2=CC=CC=C2)C(=O)NC3C4N(C3=O)C(C(S4)(C)C)C(=O)O,-2.853871964321762,2.1400794982910156,-1.6735320091247559,2.716122627258301
2329,Q1KY81_wild,CC1(C(N2C(S1)C(C2=O)NC(=O)C(C3=CC=CC=C3)N)C(=O)O)C,-2.3010299956639813,2.3860201835632324,-1.421167254447937,2.73514986038208
2330,Q1KY81_wild,CC1(C(N2C(S1)C(C2=O)NC(=O)CC3=CC=CC=C3)C(=O)O)C,-3.2218487496163566,2.4449586868286133,-1.392030119895935,2.6495914459228516
2331,Q1KY81_wild,C[N+]1(CCCC1)CC2=C(N3C(C(C3=O)NC(=O)C(=NOC)C4=CSC(=N4)N)SC2)C(=O)[O-],-1.7958800173440752,1.2790770530700684,-1.2060548067092896,1.9898207187652588
2332,Q1KY81_wild,CC1C(C(=O)N1S(=O)(=O)O)NC(=O)C(=NOC(C)(C)C(=O)O)C2=CSC(=N2)N,-1.2924298239020637,1.1646307706832886,-1.234626054763794,1.858319640159607
2333,Q1KY81_wild,CC1=NN=C(S1)SCC2=C(N3C(C(C3=O)NC(=O)CN4C=NN=N4)SC2)C(=O)O,-1.1674910872937636,1.9983210563659668,-0.9024733901023865,2.2056524753570557
2334,Q1KY81_wild,CC(C)(C(=O)O)ON=C(C1=CSC(=N1)N)C(=O)NC2C3N(C2=O)C(=C(CS3)C[N+]4=CC=CC=C4)C(=O)[O-],-1.7212463990471711,1.4611574411392212,-1.1018353700637817,2.0706067085266113
2335,Q8KQ59_wild,C1C(=C(N2C(S1)C(C2=O)NC(=O)CC3=CC=CS3)C(=O)O)C=CC4=C(C=C(C=C4)[N+](=O)[O-])[N+](=O)[O-],-2.3010299956639813,1.9699065685272217,-1.4522958993911743,2.410097122192383
2336,P16897_wild,CC1(C(N2C(S1)C(C2=O)NC(=O)CC3=CC=CC=C3)C(=O)O)C,-1.2441251443275085,1.8896963596343994,-1.330722451210022,2.369616985321045
2337,P16897_wild,CC1(C(N2C(S1)C(C2=O)NC(=O)C(C3=CC=CC=C3)N)C(=O)O)C,-1.4814860601221125,1.7696397304534912,-1.2143443822860718,2.4120821952819824
2338,P16897_wild,CC1(C(N2C(S1)C(C2=O)NC(=O)C(C3=CC=CC=C3)C(=O)O)C(=O)O)C,-1.1674910872937636,1.3584214448928833,-1.487057089805603,2.3582992553710938
2339,P52699_wild,CC(C1C2CC(=C(N2C1=O)C(=O)O)SCCN=CN)O,-2.1348960253588722,1.321685791015625,-0.8724327683448792,2.8037657737731934
2340,Q79MP6_wild,C1C(=C(N2C(S1)C(C2=O)NC(=O)CC3=CC=CS3)C(=O)[O-])C[N+]4=CC=CC=C4,-2.3010299956639813,1.4780313968658447,-0.979284405708313,2.6631133556365967
2341,P52699_wild,CC1(C(N2C(S1)C(C2=O)NC(=O)CC3=CC=CC=C3)C(=O)O)C,-1.0969100130080565,1.4770562648773193,-0.48373526334762573,2.2888197898864746
2342,Q7WYA8_wild,COC1(C2N(C1=O)C(=C(CS2)COC(=O)N)C(=O)O)NC(=O)CC3=CC=CS3,-1.9208187539523751,0.6299042701721191,-1.1198428869247437,2.056015968322754
2343,Q7WYA8_wild,C[N+]1(CCCC1)CC2=C(N3C(C(C3=O)NC(=O)C(=NOC)C4=CSC(=N4)N)SC2)C(=O)[O-],-2.0969100130080562,0.5821754932403564,-0.711420476436615,1.7420051097869873
2344,Q7WYA8_wild,CC(C1C2CC(=C(N2C1=O)C(=O)O)SCCN=CN)O,-1.3098039199714864,1.3251346349716187,-0.710133969783783,2.608208179473877
2345,Q7WYA8_wild,CC1C2C(C(=O)N2C(=C1SC3CC(NC3)C(=O)N(C)C)C(=O)O)C(C)O,-2.0,0.7245693206787109,-0.9764156937599182,2.2722294330596924
2346,Q7WYA8_wild,CCN1CCN(C(=O)C1=O)C(=O)NC(C2=CC=CC=C2)C(=O)NC3C4N(C3=O)C(C(S4)(C)C)C(=O)O,-0.8239087409443188,1.4904767274856567,-0.6675414443016052,2.2981605529785156
2347,Q7WYA8_wild,CC1C2C(C(=O)N2C(=C1SC3CC(NC3)C(=O)NC4=CC=CC(=C4)C(=O)O)C(=O)O)C(C)O,-3.0969100130080562,0.31456825137138367,-1.0180659294128418,1.9960336685180664
2348,Q7WYA8_wild,CC1(C(N2C(S1)C(C2=O)NC(=O)C(C3=CSC=C3)C(=O)O)C(=O)O)C,-0.8860566476931633,1.275151014328003,-0.5171454548835754,2.0551230907440186
2349,Q7WYA8_wild,CC(=O)OCC1=C(N2C(C(C2=O)NC(=O)CC3=CC=CS3)SC1)C(=O)O,-1.5086383061657274,1.3987064361572266,-1.0586397647857666,2.4664857387542725
2350,Q8KQ59_wild,CC1(C(N2C(S1)C(C2=O)NC(=O)C(C3=CC=CC=C3)N)C(=O)O)C,-3.0,2.3383564949035645,-1.4154170751571655,2.7136502265930176
2351,Q8KQ59_wild,CCN1CCN(C(=O)C1=O)C(=O)NC(C2=CC=CC=C2)C(=O)NC3C4N(C3=O)C(C(S4)(C)C)C(=O)O,-2.5228787452803374,2.10115122795105,-1.6709483861923218,2.681317090988159
2352,Q8KQ59_wild,CC(=O)OCC1=C(N2C(C(C2=O)NC(=O)CC3=CC=CS3)SC1)C(=O)O,-2.0,1.9656583070755005,-1.0326886177062988,2.066166400909424
2353,Q8KQ59_wild,CON=C(C1=CC=CO1)C(=O)NC2C3N(C2=O)C(=C(CS3)COC(=O)N)C(=O)O,-1.4685210829577449,1.27057683467865,-1.5706686973571777,2.1003732681274414
2354,Q8KQ59_wild,CC1C(C(=O)N1S(=O)(=O)O)NC(=O)C(=NOC(C)(C)C(=O)O)C2=CSC(=N2)N,-1.769551078621726,1.108089566230774,-1.2439240217208862,1.8362984657287598
2355,Q8KQ59_wild,CC(C)(C(=O)O)ON=C(C1=CSC(=N1)N)C(=O)NC2C3N(C2=O)C(=C(CS3)C[N+]4=CC=CC=C4)C(=O)[O-],-1.0655015487564323,1.4137345552444458,-1.1021815538406372,2.0361523628234863
2356,Q5U807_wild,CC1(C(N2C(S1)C(C2=O)NC(=O)C(C3=CSC=C3)C(=O)O)C(=O)O)C,-0.7447274948969352,1.0730905532836914,-0.6269800066947937,2.2404420375823975
2357,Q5U807_wild,CC1C2C(C(=O)N2C(=C1SC3CC(NC3)C(=O)N(C)C)C(=O)O)C(C)O,-3.0757207139381184,0.5674335956573486,-1.0540605783462524,2.380890130996704
2358,Q5U807_wild,CC(=O)OCC1=C(N2C(C(C2=O)NC(=O)C(=NOC)C3=CSC(=N3)N)SC1)C(=O)O,-2.5228787452803374,0.681856095790863,-1.0818020105361938,2.540468454360962
2359,Q5U807_wild,CC1(C(N2C(S1)C(C2=O)NC(=O)CC3=CC=CC=C3)C(=O)O)C,-1.0457574905606752,1.3417240381240845,-0.4933444857597351,2.0965139865875244
2360,Q5U807_wild,CC1C2C(C(=O)N2C(=C1SC3CC(NC3)C(=O)NC4=CC=CC(=C4)C(=O)O)C(=O)O)C(C)O,-2.5850266520291822,0.15801672637462616,-1.082349419593811,2.0718705654144287
2361,Q5U807_wild,CC(=O)OCC1=C(N2C(C(C2=O)NC(=O)CC3=CC=CS3)SC1)C(=O)O,-4.0,1.1782904863357544,-1.1415973901748657,2.752070426940918
2362,Q5U807_wild,COC1(C2N(C1=O)C(=C(CS2)COC(=O)N)C(=O)O)NC(=O)CC3=CC=CS3,-1.958607314841775,0.37444281578063965,-1.1395494937896729,2.244083881378174
2363,Q5U807_wild,C[N+]1(CCCC1)CC2=C(N3C(C(C3=O)NC(=O)C(=NOC)C4=CSC(=N4)N)SC2)C(=O)[O-],-3.0969100130080562,0.35689857602119446,-0.7762657403945923,2.0415704250335693
2364,Q5U807_wild,CC(C1C2CC(=C(N2C1=O)C(=O)O)SCCN=CN)O,-2.154901959985743,1.119577407836914,-0.7776064276695251,2.6482319831848145
2365,Q5U807_wild,CC(C)(C(=O)O)ON=C(C1=CSC(=N1)N)C(=O)NC2C3N(C2=O)C(=C(CS3)C[N+]4=CC=CC=C4)C(=O)[O-],-2.886056647693163,0.6831040382385254,-0.6629324555397034,2.147380828857422
2366,Q5U807_wild,CC1(C(N2C(S1)C(C2=O)NC(=O)C(C3=CC=CC=C3)N)C(=O)O)C,-0.9871627752948278,1.3253023624420166,-0.3814738988876343,2.1731178760528564
2367,Q7WYA8_wild,CC1(C(N2C(S1)C(C2=O)NC(=O)C(C3=CC=CC=C3)N)C(=O)O)C,-0.6777807052660807,1.4582104682922363,-0.2760171890258789,1.9811692237854004
2368,Q5U807_wild,C1C(=C(N2C(S1)C(C2=O)NC(=O)CC3=CC=CS3)C(=O)O)C=CC4=C(C=C(C=C4)[N+](=O)[O-])[N+](=O)[O-],-2.0457574905606752,1.3373849391937256,-1.3936864137649536,2.7157936096191406
2369,Q9F918_wild,C1C(=C(N2C(S1)C(C2=O)NC(=O)CC3=CC=CS3)C(=O)O)C=CC4=C(C=C(C=C4)[N+](=O)[O-])[N+](=O)[O-],-1.3467874862246563,2.0104856491088867,-1.1860383749008179,2.3802144527435303
2370,Q9F918_E162A,CC(=O)OCC1=C(N2C(C(C2=O)NC(=O)CC3=CC=CS3)SC1)C(=O)O,-1.2441251443275085,2.0139458179473877,-0.8967564702033997,2.0399630069732666
2371,Q9F918_wild,CC1(C(N2C(S1)C(C2=O)NC(=O)C(C3=CC=CC=C3)N)C(=O)O)C,-1.494850021680094,1.9821277856826782,-1.3377150297164917,2.4853320121765137
2372,Q9F918_E162A,C1C(=C(N2C(S1)C(C2=O)NC(=O)CC3=CC=CS3)C(=O)O)C=CC4=C(C=C(C=C4)[N+](=O)[O-])[N+](=O)[O-],-1.4202164033831899,1.933990478515625,-1.1965478658676147,2.3402748107910156
2373,Q9F918_E162A,CCN1CCN(C(=O)C1=O)C(=O)NC(C2=CC=C(C=C2)O)C(=O)NC3C4N(C3=O)C(=C(CS4)CSC5=NN=NN5C)C(=O)O,-1.4168012260313771,0.8196593523025513,-1.694077730178833,1.8119174242019653
2374,Q9F918_E164A,CC1(C(N2C(S1)C(C2=O)NC(=O)C(C3=CC=C(C=C3)O)N)C(=O)O)C,-1.3872161432802645,1.7807104587554932,-1.3428879976272583,2.4024534225463867
2375,Q9F918_wild,CCN1CCN(C(=O)C1=O)C(=O)NC(C2=CC=CC=C2)C(=O)NC3C4N(C3=O)C(C(S4)(C)C)C(=O)O,-1.2365720064370627,1.7175099849700928,-1.517478108406067,2.5221612453460693
2376,Q9F918_E164A,CC(=O)OCC1=C(N2C(C(C2=O)NC(=O)CC3=CC=CS3)SC1)C(=O)O,-0.6439741428068774,2.0735483169555664,-0.895035445690155,2.0849032402038574
2377,Q9F918_E164A,CCN1CCN(C(=O)C1=O)C(=O)NC(C2=CC=C(C=C2)O)C(=O)NC3C4N(C3=O)C(=C(CS4)CSC5=NN=NN5C)C(=O)O,-1.016824927962187,0.8777254819869995,-1.6865262985229492,1.8491160869598389
2378,Q9F918_E162A,CC1(C(N2C(S1)C(C2=O)NC(=O)C(C3=CC=CC=C3)N)C(=O)O)C,-0.3829996588791011,1.9145077466964722,-1.3401621580123901,2.4389162063598633
2379,Q9F918_E164A,CC1(C(N2C(S1)C(C2=O)NC(=O)C(C3=CC=CC=C3)N)C(=O)O)C,-0.21112488422458325,1.9702996015548706,-1.3421852588653564,2.4764418601989746
2380,Q9F918_wild,CCN1CCN(C(=O)C1=O)C(=O)NC(C2=CC=C(C=C2)O)C(=O)NC3C4N(C3=O)C(=C(CS4)CSC5=NN=NN5C)C(=O)O,-1.2410881076020266,0.8924438953399658,-1.6867941617965698,1.8564848899841309
2381,Q9F918_wild,CC1(C(N2C(S1)C(C2=O)NC(=O)C(C3=CC=C(C=C3)O)N)C(=O)O)C,-1.1567672219019907,1.7936785221099854,-1.3399423360824585,2.4149274826049805
2382,Q9F918_E162A,CCN1CCN(C(=O)C1=O)C(=O)NC(C2=CC=CC=C2)C(=O)NC3C4N(C3=O)C(C(S4)(C)C)C(=O)O,-1.254144804826271,1.65130615234375,-1.5239397287368774,2.4747138023376465
2383,Q9F918_E164A,CCN1CCN(C(=O)C1=O)C(=O)NC(C2=CC=CC=C2)C(=O)NC3C4N(C3=O)C(C(S4)(C)C)C(=O)O,-1.1450869776921444,1.6991028785705566,-1.5206786394119263,2.512425184249878
2384,Q9F918_E162A,CC1(C(N2C(S1)C(C2=O)NC(=O)C(C3=CC=C(C=C3)O)N)C(=O)O)C,-1.2664817485655124,1.7274303436279297,-1.3443800210952759,2.3623111248016357
2385,Q9F918_E164A,C1C(=C(N2C(S1)C(C2=O)NC(=O)CC3=CC=CS3)C(=O)O)C=CC4=C(C=C(C=C4)[N+](=O)[O-])[N+](=O)[O-],-0.7228493860362033,2.0058488845825195,-1.1904484033584595,2.3796331882476807
2386,Q1KY81_wild,C1C(=C(N2C(S1)C(C2=O)NC(=O)CC3=CC=CS3)C(=O)O)C=CC4=C(C=C(C=C4)[N+](=O)[O-])[N+](=O)[O-],-1.6989700043360187,2.032188892364502,-1.4431085586547852,2.457165002822876
2387,Q79MP6_wild,C1C(=C(N2C(S1)C(C2=O)NC(=O)CC3=CC=CS3)C(=O)O)C=CC4=C(C=C(C=C4)[N+](=O)[O-])[N+](=O)[O-],-2.0861861476162833,1.5697954893112183,-1.4644454717636108,2.935973644256592
2388,Q1KY81_wild,CC(=O)OCC1=C(N2C(C(C2=O)NC(=O)C(=NOC)C3=CSC(=N3)N)SC1)C(=O)O,-1.3665315444204134,1.513681411743164,-1.2131717205047607,2.0852816104888916
2389,Q8GIW8_wild,CON=C(C1=CC=CO1)C(=O)NC2C3N(C2=O)C(=C(CS3)COC(=O)N)C(=O)O,-2.154901959985743,1.2881824970245361,-1.087302803993225,2.7481589317321777
2390,Q5U807_wild,CON=C(C1=CC=CO1)C(=O)NC2C3N(C2=O)C(=C(CS3)COC(=O)N)C(=O)O,-2.154901959985743,0.8363081812858582,-1.008125901222229,2.622335910797119
2391,Q7WYA8_wild,CON=C(C1=CC=CO1)C(=O)NC2C3N(C2=O)C(=C(CS3)COC(=O)N)C(=O)O,-3.0,1.070258378982544,-0.9232187271118164,2.406233787536621
2392,A4QB65_wild,C1C(C(C(CC1(C(=O)O)O)O)O)O,0.40500466505036936,0.983388364315033,-0.2144606113433838,1.007603645324707
2393,A0A2R6X868_wild,C(C(C(=O)O)O)OP(=O)(O)O,-0.3098039199714864,0.9293078184127808,-0.1843346655368805,0.9162603616714478
2394,Q9LT69_wild,C(C(C(=O)O)O)OP(=O)(O)O,0.0025979807199085947,0.7092617750167847,-0.16192841529846191,0.8545112609863281
2395,Q9LT69_wild,C(C(=O)C(=O)O)C(=O)O,0.5910646070264992,-0.21064360439777374,-0.5288504362106323,0.20642244815826416
2396,Q9LT69_wild,C(CC(=O)O)C(=O)C(=O)O,1.0293837776852097,-0.6339090466499329,-0.16540862619876862,-0.14604291319847107
2397,Q9LT69_wild,C1=CC(=C[N+](=C1)C2C(C(C(O2)COP(=O)([O-])OP(=O)(O)OCC3C(C(C(O3)N4C=NC5=C(N=CN=C54)N)O)O)O)O)C(=O)N,-0.6216020990518623,0.6689608097076416,-0.5562607645988464,1.6144157648086548
2398,O49485_wild,C1=CC(=C[N+](=C1)C2C(C(C(O2)COP(=O)([O-])OP(=O)(O)OCC3C(C(C(O3)N4C=NC5=C(N=CN=C54)N)O)O)O)O)C(=O)N,-0.42365864979420714,1.1295208930969238,-0.5329779982566833,1.8866233825683594
2399,O49485_wild,C(C(C(=O)O)O)OP(=O)(O)O,0.1166077439882484,1.1300830841064453,-0.08999514579772949,1.1549034118652344
2400,O49485_wild,C(CC(=O)O)C(=O)C(=O)O,0.8808135922807914,-0.20450954139232635,-0.10187080502510071,0.16755273938179016
2401,O49485_wild,C(C(=O)C(=O)O)C(=O)O,1.0492180226701815,0.21689100563526154,-0.5142291188240051,0.5358414649963379
2402,O04130_wild,C(CC(=O)O)C(=O)C(=O)O,0.568201724066995,-0.33840131759643555,-0.0430983267724514,-0.07539823651313782
2403,O04130_wild,C(C(C(=O)O)O)OP(=O)(O)O,-0.04624030826677128,1.001659631729126,0.03458677604794502,0.8801507949829102
2404,O04130_wild,C1=CC(=C[N+](=C1)C2C(C(C(O2)COP(=O)([O-])OP(=O)(O)OCC3C(C(C(O3)N4C=NC5=C(N=CN=C54)N)O)O)O)O)C(=O)N,-2.0,0.9406216740608215,-0.43504130840301514,1.6835932731628418
2405,O04130_wild,C(C(=O)C(=O)O)C(=O)O,1.14921911265538,0.08404722064733505,-0.4430837035179138,0.27162641286849976
2406,Q9Z564_wild,C(C(C(=O)O)O)OP(=O)(O)O,-0.790484985457369,1.23045814037323,0.08852294087409973,1.4430979490280151
2407,A0A2R6X868_wild,C1=CC(=C[N+](=C1)C2C(C(C(O2)COP(=O)([O-])OP(=O)(O)OCC3C(C(C(O3)N4C=NC5=C(N=CN=C54)N)O)O)O)O)C(=O)N,-1.0177287669604316,0.7485412359237671,-0.6204996109008789,1.6297186613082886
2408,A0A1Z4EAX3_wild,C(C(C(=O)O)O)OP(=O)(O)O,0.13987908640123647,1.0022059679031372,-0.07068432867527008,0.9992498755455017
2409,A0A1Z4EAX3_wild,C(C(=O)C(=O)[O-])OP(=O)([O-])[O-],-1.0289562081639714,1.0124446153640747,-0.9692414999008179,1.5611155033111572
2410,A0A1Z4EAX4_wild,C(C(C(=O)O)O)OP(=O)(O)O,0.4653828514484183,0.813828706741333,-0.10128284990787506,1.0190526247024536
2411,A0A1Z4EAX4_wild,C(C(=O)C(=O)[O-])OP(=O)([O-])[O-],-0.9340470196861304,0.8982157111167908,-1.0382717847824097,1.6806690692901611
2412,Q500Y9_wild,C1=NC(=C2C(=N1)N(C=N2)C3C(C(C(O3)COP(=O)(O)OP(=O)(O)OP(=O)(O)O)O)O)N,-1.207608310501746,0.3912179172039032,-0.5432371497154236,0.8126007318496704
2413,Q500Y9_wild,C1C=CN(C=C1C(=O)N)C2C(C(C(O2)COP(=O)(O)OP(=O)(O)OCC3C(C(C(O3)N4C=NC5=C(N=CN=C54)N)O)O)O)O,-1.3767507096020997,0.9133685231208801,-0.9242663979530334,1.6682305335998535
2414,Q500Y9_wild,C1=CC(=C[N+](=C1)C2C(C(C(O2)COP(=O)([O-])OP(=O)(O)OCC3C(C(C(O3)N4C=NC5=C(N=CN=C54)N)O)O)O)O)C(=O)N,0.37839790094813774,0.5445213317871094,-0.5732563138008118,1.0732933282852173
2415,Q8EMJ9_wild,C(C(C(C(=O)O)O)O)(C(C(=O)O)O)O,-0.2076083105017461,0.6511300802230835,0.06268806755542755,0.8951959013938904
2416,Q8THX4_wild,C(CS(=O)(=O)O)S,-0.5575202309355514,0.18198712170124054,-0.24776077270507812,0.8218064308166504
2417,Q8THX4_wild,CC1C(N(C2=C(N1)N=C(NC2=O)N)C)C(C)NC3=CC=C(C=C3)CC(C(C(COC4C(C(C(O4)COP(=O)(O)OC(CCC(=O)O)C(=O)O)O)O)O)O)O,-0.8696662315049939,0.18455590307712555,-1.2562114000320435,1.6774024963378906
2418,Q4WY82_wild,CCCCCC=CCC=CCCCCCCCC(=O)O,-1.3010299956639813,1.2544803619384766,-1.5927894115447998,1.9688217639923096
2419,C7AU21_wild,CC1=C(C(CCC1)(C)C)C=CC(=CC=CC(=CC=CC=C(C)C=CC=C(C)C=CC2=C(CCCC2(C)C)C)C)C,-3.5850266520291822,-1.5573714971542358,-1.846901774406433,0.5789902210235596
2420,Q8VPD4_wild,C(CCN)CC(C(=O)O)N,-1.8239087409443187,0.7387510538101196,0.36732789874076843,0.6704270243644714
2421,Q8VPD4_wild,C1=CC=C(C=C1)CC(C(=O)O)N,-1.6575773191777938,1.3313060998916626,-0.5557774305343628,1.0760126113891602
2422,Q8VPD4_wild,C(CC(C(=O)O)N)CN=C(N)N,-1.154901959985743,1.3524422645568848,0.0839596688747406,0.7960495352745056
2423,Q8VPD4_wild,CC(C)CC(C(=O)O)N,-1.5528419686577808,1.3287911415100098,-0.14189642667770386,1.165015697479248
2424,Q8VPD4_wild,C(C(C(=O)O)N)C(=O)N,-1.5528419686577808,1.3851587772369385,0.42610201239585876,0.9800698757171631
2425,Q8VPD4_wild,C(CC(C(=O)O)N)CN,-1.4685210829577449,1.144486904144287,0.18891394138336182,0.7191434502601624
2426,Q8VPD4_wild,C(CC(=O)N)C(C(=O)O)N,-1.0705810742857071,1.0225422382354736,0.504637598991394,0.483828604221344
2427,Q8VPD4_wild,CCCCC(C(=O)O)N,-1.585026652029182,1.2423352003097534,-0.12039323151111603,1.1024646759033203
2428,Q8VPD4_wild,C(CC(C(=O)O)N)CNC(=O)N,-1.585026652029182,1.3671393394470215,0.5465962290763855,0.7388573884963989
2429,Q8VPD4_wild,C1=CC(=CC=C1CC(C(=O)O)N)O,-1.7212463990471711,0.4337099492549896,-0.3583979308605194,0.8177061080932617
2430,Q8VPD4_wild,CSCCC(C(=O)O)N,-1.408935392973501,1.4111053943634033,0.07072895765304565,0.7584221363067627
2431,Q8VPD4_wild,C(C(C(=O)O)N)O,0.13353890837021754,0.6688531637191772,0.6998541355133057,0.08194728195667267
2432,Q8VPD4_wild,CC(C(=O)O)N,-0.5622494371796121,1.3218774795532227,0.5710127353668213,0.4757581949234009
2433,Q8VPD4_wild,C(CC(=O)O)C(C(=O)O)N,-0.38615817812403647,1.173076868057251,0.593916654586792,0.733832597732544
2434,Q8VPD4_wild,CCC(C)C(C(=O)O)N,0.7084209001347128,1.2377146482467651,0.10891324281692505,1.0676182508468628
2435,Q8VPD4_wild,CC(C)C(C(=O)O)N,0.5717088318086876,1.243947148323059,0.468116819858551,0.8480433225631714
2436,Q9Y6N5_wild,C(CC(=O)NC(CS)C(=O)NCC(=O)O)C(C(=O)O)N,1.3424226808222062,1.489089846611023,-0.2952761650085449,1.8572807312011719
2437,Q9Y6N5_wild,C(CS)C(C(=O)O)N,1.3424226808222062,0.9845309853553772,-0.7170044779777527,1.7590515613555908
2438,B0LD08_wild,S,-2.002613615602687,1.9377591609954834,-0.9671590328216553,1.8875703811645508
2439,H2KXA2_wild,[S-2],-1.3665315444204134,1.112173080444336,-1.739667534828186,2.5299553871154785
2440,H2KXA2_wild,CC1=C(C(=O)C(=C(C1=O)OC)OC)CC=C(C)CCC=C(C)CCC=C(C)CCC=C(C)CCC=C(C)CCC=C(C)CCC=C(C)CCC=C(C)CCC=C(C)CCC=C(C)C,-1.8068754016455384,0.8999946713447571,-1.9006508588790894,3.2501220703125
2441,P60932_wild,CC(=CCCC(=CCCC(=CCOP(=O)(O)OP(=O)(O)O)C)C)C,-1.9665762445130501,0.3457137644290924,-1.8664299249649048,2.2420713901519775
2442,Q6U677_wild,C1(C(C(C(C(C1OP(=O)(O)O)OP(=O)(O)O)OP(=O)(O)O)OP(=O)(O)O)OP(=O)(O)O)OP(=O)(O)O,-0.46852108295774486,2.1044483184814453,-0.5489821434020996,2.1502416133880615
2443,C4S833_T44V/K45E,CC1=CC(=O)OC2=C1C=CC(=C2)OP(=O)(O)O,0.19368102954128152,1.6017587184906006,-0.6452013254165649,1.4057190418243408
2444,C4S833_T44I/K45E,CC1=CC(=O)OC2=C1C=CC(=C2)OP(=O)(O)O,0.2035767749779726,1.6097272634506226,-0.643600344657898,1.4118452072143555
2445,C4S833_wild,CC1=CC(=O)OC2=C1C=CC(=C2)OP(=O)(O)O,0.5434471800817002,1.6268088817596436,-0.6676280498504639,1.407326579093933
2446,C3W7B0_wild,C1=CC=C(C=C1)C(=O)C2=C(C=C(C=C2O)O)O,-2.0969100130080562,0.2918996512889862,-1.4130116701126099,1.472703456878662
2447,C3W7B0_wild,C1C(=O)C2=C(C=C(C=C2OC1(C3=CC=C(C=C3)O)O)O)O,-2.6020599913279625,-0.6202635765075684,-1.5017720460891724,1.2488372325897217
2448,C3W7B0_wild,C1=CC=C(C=C1)CCC(=O)C2=C(C=C(C=C2O)O)O,-2.0809219076239263,0.44398948550224304,-1.5085967779159546,1.6074793338775635
2449,C3W7B0_wild,C1C(=O)C2=C(C=C(C=C2OC1(C3=CC=CC=C3)O)O)O,-1.7825160557860937,-0.28717780113220215,-1.5355304479599,1.2401705980300903
2450,C3W7B0_wild,C1=CC(=CC=C1CCC(=O)C2=C(C=C(C=C2O)O)O)O,-2.3205721033878812,0.5796051621437073,-1.7344695329666138,1.7625679969787598
2451,A0A0H3W5U9_wild,C1C=CN(C=C1C(=O)N)C2C(C(C(O2)COP(=O)(O)OP(=O)(O)OCC3C(C(C(O3)N4C=NC5=C(N=CN=C54)N)O)O)O)O,-0.7695510786217261,1.1765141487121582,-0.741820216178894,2.3245937824249268
2452,A0A0H3W5U9_wild,CC=O,0.2041199826559248,1.224604845046997,0.2947675287723541,1.1190143823623657
2453,A0A0H3W5U9_wild,C1C=CN(C=C1C(=O)N)C2C(C(C(O2)COP(=O)(O)OP(=O)(O)OCC3C(C(C(O3)N4C=NC5=C(N=CN=C54)N)OP(=O)(O)O)O)O)O,-1.1249387366083,1.191088318824768,-0.9225735664367676,2.519087076187134
2454,Q5FT75_wild,CCC(=O)C(=O)C,0.7558748556724915,1.4114532470703125,0.1776552051305771,0.8801469206809998
2455,Q5FT75_wild,C1=CC=C(C=C1)C(=O)C=O,0.6812412373755872,0.9234507083892822,-0.0006022416055202484,1.0974713563919067
2456,Q5FT75_wild,C1C=CN(C=C1C(=O)N)C2C(C(C(O2)COP(=O)(O)OP(=O)(O)OCC3C(C(C(O3)N4C=NC5=C(N=CN=C54)N)OP(=O)(O)O)O)O)O,-1.2132485778544388,0.894408643245697,-1.2114328145980835,2.5334012508392334
2457,Q9Y8Y1_wild,CCOC(=O)CC(=O)CCl,-0.15490195998574322,0.3731144666671753,0.6581478714942932,0.449407160282135
2458,Q9Y8Y1_wild,C1=CC=C2C(=C1)C3=CC=CC=C3C(=O)C2=O,-1.838631997765025,0.42825543880462646,-1.4761862754821777,1.878053069114685
2459,Q9Y8Y1_wild,C1C=CN(C=C1C(=O)N)C2C(C(C(O2)COP(=O)(O)OP(=O)(O)OCC3C(C(C(O3)N4C=NC5=C(N=CN=C54)N)OP(=O)(O)O)O)O)O,-0.9355420107730815,0.4931747615337372,-1.234393835067749,2.224484920501709
2460,Q9Y8Y1_wild,CC1=CC(=O)C=CC1=O,-0.7544873321858502,0.6911232471466064,-0.8527565598487854,1.7065743207931519
2461,P53164_wild,C1C=CN(C=C1C(=O)N)C2C(C(C(O2)COP(=O)(O)OP(=O)(O)OCC3C(C(C(O3)N4C=NC5=C(N=CN=C54)N)O)O)O)O,-0.7695510786217261,0.4025334417819977,-0.7927611470222473,1.3699039220809937
2462,P53164_wild,C1=NC(=C2C(=N1)N(C=N2)C3C(C(C(O3)COP(=O)(O)OP(=O)(O)OCC4C(C(C(O4)O)O)O)O)O)N,0.11394335230683679,0.3948279321193695,-0.43183478713035583,1.0299062728881836
2463,P53164_wild,C1=CC(=C[N+](=C1)C2C(C(C(O2)COP(=O)([O-])OP(=O)(O)OCC3C(C(C(O3)N4C=NC5=C(N=CN=C54)N)O)O)O)O)C(=O)N,-0.3010299956639812,0.13183513283729553,-0.3876681923866272,0.905195415019989
2464,A0A1V0ELS9_wild,C1=CC(=C(C=C1N)C(=O)O)[O-],-1.2839966563652008,0.31621643900871277,-1.1795870065689087,0.5331467986106873
2465,A0A1V0ELS9_wild,C1=CC(=C(C=C1O)C(=O)O)O,-0.08460016478773018,0.9280084371566772,-1.2113794088363647,0.8514677286148071
2466,Q9VRQ9_wild,C(CC(=O)N)C(C(=O)NCC(=O)O)N,0.8512583487190691,1.4857964515686035,0.6152970194816589,0.7583027482032776
2467,Q9VRQ9_wild,C(CC(=O)N)C(C(=O)NC(CCC(=O)N)C(=O)O)N,0.17609125905568124,0.964134931564331,0.3499792516231537,0.773918628692627
2468,Q9VRQ9_wild,CC(C(=O)O)NC(=O)C(CCC(=O)N)N,0.6989700043360189,1.4783867597579956,0.6867826581001282,1.0080240964889526
2469,Q9VRQ9_wild,C(CC(=O)N)C(C(=O)NC(CCC(=O)O)C(=O)O)N,1.469822015978163,0.9639664888381958,0.4585312306880951,0.715172290802002
2470,Q16769_wild,C(CC(=O)N)C(C(=O)NC(CCC(=O)N)C(=O)O)N,0.31386722036915343,1.0251132249832153,0.15982694923877716,0.7832205891609192
2471,Q16769_F146A,C(CC(=O)N)C(C(=O)NC(CCC(=O)N)C(=O)O)N,-0.08618614761628333,0.9971206188201904,0.18504267930984497,0.7568252086639404
2472,Q16769_W207F,C(CC(=O)N)C(C(=O)NC(CCC(=O)N)C(=O)O)N,-0.22914798835785574,1.0164412260055542,0.13549140095710754,0.7749884128570557
2473,Q16769_R54W,C(CC(=O)N)C(C(=O)NC(CCC(=O)N)C(=O)O)N,-0.11918640771920865,1.0377832651138306,0.1487123817205429,0.7871202230453491
2474,Q16769_K144A,C(CC(=O)N)C(C(=O)NC(CCC(=O)N)C(=O)O)N,0.1673173347481761,0.8522710800170898,0.21803119778633118,0.6478782892227173
2475,Q16769_Q304L,C(CC(=O)N)C(C(=O)NC(CCC(=O)N)C(=O)O)N,0.06445798922691845,1.0100446939468384,0.17385493218898773,0.7616505026817322
2476,Q16769_W207L,C(CC(=O)N)C(C(=O)NC(CCC(=O)N)C(=O)O)N,0.24797326636180664,0.9917205572128296,0.133428156375885,0.7610554695129395
2477,Q16769_F325A,C(CC(=O)N)C(C(=O)NC(CCC(=O)N)C(=O)O)N,0.6693168805661122,1.00341796875,0.15394587814807892,0.7806249856948853
2478,Q16769_E201D,C(CC(=O)N)C(C(=O)NC(CCC(=O)N)C(=O)O)N,1.1010593549081156,0.6981011629104614,0.24073630571365356,0.49418947100639343
2479,Q16769_W329A,C(CC(=O)N)C(C(=O)NC(CCC(=O)N)C(=O)O)N,1.4702634469650784,0.770793616771698,0.19723030924797058,0.5958884954452515
2480,Q9CYK2_wild,C(CC(=O)N)C(C(=O)NCC(=O)O)N,-0.38721614328026455,1.5309126377105713,0.41972970962524414,0.8028251528739929
2481,Q9CYK2_wild,CC(C(=O)O)NC(=O)C(CCC(=O)N)N,-0.3979400086720376,1.5022039413452148,0.5424870252609253,0.9795540571212769
2482,Q9CYK2_wild,C(CC(=O)N)C(C(=O)NC(CCC(=O)O)C(=O)O)N,-0.09691001300805639,1.0124311447143555,0.2900032103061676,0.7534770965576172
2483,Q9CYK2_wild,C(CC(=O)N)C(C(=O)NC(CCC(=O)N)C(=O)O)N,-0.8239087409443188,1.0009480714797974,0.22966155409812927,0.80745530128479
2484,Q5NLA9_wild,C(CC(=O)N)C(C(=O)NC(CCC(=O)O)C(=O)O)N,0.6232492903979004,0.5996816158294678,-0.17207878828048706,0.19448360800743103
2485,Q5NLA9_wild,C(CC(=O)N)C(C(=O)NCC(=O)O)N,0.5797835966168101,0.9929273128509521,-0.10891973972320557,0.37464335560798645
2486,Q5NLA9_wild,C(CC(=O)N)C(C(=O)NC(CCC(=O)N)C(=O)O)N,1.3096301674258966,0.563764214515686,-0.20300254225730896,0.210511714220047
2487,D0QYM5_wild,CC(=O)NC1C(C(C(OC1OP(=O)(O)OP(=O)(O)OCC2C(C(C(O2)N3C=CC(=O)NC3=O)O)O)CO)O)O,0.9673139182870835,0.8297022581100464,-0.7298901081085205,1.117164134979248
2488,Q9F131_wild,CC1=C(C=C(C=C1)C(=O)O)[O-],-1.1487416512809248,0.5726761817932129,-1.2162786722183228,1.2693791389465332
2489,Q9F131_wild,C1=CC(=CC(=C1)[O-])C(=O)O,-1.1023729087095586,0.534292995929718,-0.9468212723731995,0.986046552658081
2490,A0A0H2V660_wild,C1C(C(=O)OCC(C(=O)OCC(C(=O)O1)NC(=O)C2=C(C(=CC=C2)O)O)NC(=O)C3=C(C(=CC=C3)O)O)NC(=O)C4=C(C(=CC=C4)O)O,-1.3979400086720375,0.3102830648422241,-1.3601529598236084,1.0424695014953613
2491,P16640_R310A,C1C=CN(C=C1C(=O)N)C2C(C(C(O2)COP(=O)(O)OP(=O)(O)OCC3C(C(C(O3)N4C=NC5=C(N=CN=C54)N)O)O)O)O,-1.744727494896694,2.110121726989746,-1.2084521055221558,3.05432391166687
2492,P16640_wild,C1C=CN(C=C1C(=O)N)C2C(C(C(O2)COP(=O)(O)OP(=O)(O)OCC3C(C(C(O3)N4C=NC5=C(N=CN=C54)N)O)O)O)O,-1.4202164033831899,2.091447353363037,-1.2126933336257935,3.0650100708007812
2493,P16640_K409A,C1C=CN(C=C1C(=O)N)C2C(C(C(O2)COP(=O)(O)OP(=O)(O)OCC3C(C(C(O3)N4C=NC5=C(N=CN=C54)N)O)O)O)O,-1.5086383061657274,2.0905117988586426,-1.1923428773880005,3.0464773178100586
2494,P16640_K387A,C1C=CN(C=C1C(=O)N)C2C(C(C(O2)COP(=O)(O)OP(=O)(O)OCC3C(C(C(O3)N4C=NC5=C(N=CN=C54)N)O)O)O)O,-1.3767507096020997,2.107393264770508,-1.1885038614273071,3.0361649990081787
2495,P16640_R65A,C1C=CN(C=C1C(=O)N)C2C(C(C(O2)COP(=O)(O)OP(=O)(O)OCC3C(C(C(O3)N4C=NC5=C(N=CN=C54)N)O)O)O)O,-1.4685210829577449,2.0853240489959717,-1.2118422985076904,3.049823760986328
2496,P16640_K387A/R310A,C1C=CN(C=C1C(=O)N)C2C(C(C(O2)COP(=O)(O)OP(=O)(O)OCC3C(C(C(O3)N4C=NC5=C(N=CN=C54)N)O)O)O)O,-1.4436974992327127,2.1247007846832275,-1.1901135444641113,3.026679039001465
2497,Q9FK25_wild,C1=CC(=C(C=C1C2=C(C(=O)C3=C(C=C(C=C3O2)O)O)O)O)O,-2.75448733218585,-0.704339325428009,-2.15323805809021,1.1315031051635742
2498,Q9FK25_wild,C1=C(C=C(C(=C1O)O)O)C2=C(C(=O)C3=C(C=C(C=C3O2)O)O)O,-2.4710832997223453,-0.9135726094245911,-1.7556456327438354,0.9350216388702393
2499,P55159_wild,CC(=O)OC1=CC=CC=C1,-0.1938200260161128,1.4715893268585205,-0.19400908052921295,1.0521464347839355
2500,P27169_G11S,CC(=O)OC1=CC=CC=C1,-0.1938200260161128,1.7202308177947998,-0.18396621942520142,1.1613664627075195
2501,P27169_wild,CC(=O)OC1=CC=CC=C1,0.414973347970818,1.717634677886963,-0.2483062595129013,1.1655831336975098
2502,P27169_wild,CC(=O)OC1=CC=C(C=C1)Cl,0.0,1.6544791460037231,-0.32792210578918457,1.5049610137939453
2503,P27169_wild,CC(=O)OC1=C(C=CC=C1F)F,0.3010299956639812,1.9381247758865356,-0.5195927619934082,1.1949219703674316
2504,P27169_wild,CC(=O)OC1=CC=CC(=C1)[N+](=O)[O-],0.3424226808222063,1.456335186958313,-0.6250773668289185,1.322209358215332
2505,P27169_E314A,CC(=O)OC1=CC=CC=C1,-0.17392519729917355,1.7351670265197754,-0.23936177790164948,1.177335262298584
2506,P27169_wild,CC(=O)OC1=CC(=CC=C1)F,0.14612803567823798,1.9409105777740479,-0.22293058037757874,1.1810777187347412
2507,P27169_wild,CCCCOC(=O)C,1.0,0.5413260459899902,0.48072412610054016,0.7016583681106567
2508,P27169_wild,CC(=O)OC1=CC=C(C=C1)[N+](=O)[O-],0.17609125905568124,1.5208818912506104,-0.5417248010635376,1.5351065397262573
2509,P27169_wild,CC(=O)OC1=CC=CC=C1F,0.17609125905568124,2.1917920112609863,-0.23965170979499817,1.2444562911987305
2510,P27169_wild,CC(=O)OC1=CC=CC(=C1)C#N,0.2787536009528289,1.3793991804122925,-0.40914759039878845,1.2499001026153564
2511,P27169_F222Y,CC(=O)OC1=CC=CC=C1,-0.09151498112135029,1.7100937366485596,-0.24390165507793427,1.1492208242416382
2512,P27169_N133S,CC(=O)OC1=CC=CC=C1,-0.22914798835785574,1.6836988925933838,-0.23383985459804535,1.1351877450942993
2513,P27169_F222Y/Q192R,CC(=O)OC1=CC=CC=C1,-0.050609993355087264,1.6983222961425781,-0.23841437697410583,1.1390881538391113
2514,P27169_wild,CC(=O)OC1=CC=C(C=C1)C=O,0.36172783601759284,1.631459355354309,-0.6193066835403442,1.6537537574768066
2515,P27169_wild,CC(=O)OCC1=CC=CC=C1,0.6989700043360189,0.7750390768051147,-0.05731324478983879,1.0633471012115479
2516,P27169_wild,CC(=O)OC(=C)C1=CC=CC=C1,0.6989700043360189,0.8256537318229675,-0.3267211616039276,1.0889878273010254
2517,P27169_wild,CC(=O)C1=CC=C(C=C1)OC(=O)C,0.414973347970818,0.9462403655052185,-0.6743726134300232,1.27432119846344
2518,P27169_E313A,CC(=O)OC1=CC=CC=C1,-0.2924298239020636,1.7229236364364624,-0.2388148158788681,1.162500023841858
2519,P27169_wild,CCCOC(=O)C,1.1139433523068367,0.19162636995315552,0.5304149985313416,0.253967821598053
2520,P27169_H134Q,CC(=O)OC1=CC=CC=C1,0.5563025007672873,1.6975865364074707,-0.22820204496383667,1.1339308023452759
2521,P27169_wild,CC(=O)OCC(F)(F)F,1.2787536009528289,0.6792590618133545,0.5052698850631714,1.0536257028579712
2522,P27169_wild,CC(=O)OC1=C(C=C(C=C1)F)F,0.3483048630481608,1.8915766477584839,-0.6575649976730347,1.3511589765548706
2523,P27169_wild,CC(=O)OCCF,1.7323937598229686,0.26651817560195923,0.8502334952354431,0.17852391302585602
2524,P27169_H115Q/H134Q,CC(=O)OC1=CC=CC=C1,0.9867717342662449,1.4933199882507324,-0.1663070023059845,0.9268461465835571
2525,P27169_wild,CCOP(=O)(OCC)OC1=CC=C(C=C1)[N+](=O)[O-],-0.06550154875643228,0.8878277540206909,-0.6644055843353271,1.4505677223205566
2526,P27169_H115Q,CC(=O)OC1=CC=CC=C1,0.9084850188786497,1.5080726146697998,-0.17732203006744385,0.9744582176208496
2527,P27169_H115W,CC(=O)OC1=CC=CC=C1,1.0334237554869496,1.4514076709747314,-0.22442613542079926,0.9050270318984985
2528,P27169_wild,CC(=O)OC1=C(C(=CC=C1)F)F,0.0755469613924942,1.7346410751342773,-0.5362555384635925,1.2628450393676758
2529,P27169_wild,CC1=CC=C(C=C1)OC(=O)C,0.10037054511756291,0.790972113609314,-0.7573611736297607,1.0927402973175049
2530,P27169_wild,CCOC(=O)C,1.187520720836463,0.20436091721057892,1.1607450246810913,0.2613840103149414
2531,P27169_wild,CC(=O)OCC(F)F,1.3944516808262164,0.6012791395187378,0.8680906891822815,0.8518768548965454
2532,Q15166_wild,CC(=O)OC1=CC2=CC=CC=C2C=C1,-0.18708664335714442,1.1603857278823853,-1.229630470275879,2.06695818901062
2533,P52430_wild,CC(=O)OC1=CC=CC=C1,-0.6968039425795112,1.5922507047653198,-0.20849081873893738,1.0558381080627441
2534,Q9BGN0_wild,CC(=O)OC1=CC2=CC=CC=C2C=C1,-0.6757175447023074,0.9870794415473938,-1.1667441129684448,1.9155964851379395
2535,Q62087_wild,CC(=O)OC1=CC2=CC=CC=C2C=C1,-0.3010299956639812,0.9763791561126709,-1.212969422340393,1.8843374252319336
2536,G0YFD9_wild,CC(=O)OC1=CC=CC2=CC=CC=C21,-1.3872161432802645,1.850479245185852,-0.7779598832130432,1.927672028541565
2537,G0YFD9_wild,CC(=O)OC1=CC=CC=C1,-0.27572413039921095,1.791419506072998,0.09239983558654785,1.4967832565307617
2538,G0YFD9_wild,CC(=O)OC1=CC=C(C=C1)[N+](=O)[O-],-0.017728766960431554,1.8895502090454102,-0.38753408193588257,1.7138895988464355
2539,A0A384ZRD3_wild,C1=CC(=CC=C1CC(C(=O)O)N)O,-0.46852108295774486,0.12462464720010757,-0.09629477560520172,0.5189073085784912
2540,A0A384ZRD3_wild,CC(C)(COP(=O)(O)OP(=O)(O)OCC1C(C(C(O1)N2C=NC3=C(N=CN=C32)N)O)OP(=O)(O)O)C(C(=O)NCCC(=O)NCCSC(=O)C=CC4=CC(=C(C=C4)O)O)O,-2.1307682802690238,-0.07299111038446426,-1.2155929803848267,1.5540082454681396
2541,Q15166_wild,CCOP(=O)(OCC)OC1=CC=C(C=C1)[N+](=O)[O-],0.3979400086720376,0.7400975823402405,-0.7569983601570129,1.6116414070129395
2542,Q9BGN0_wild,CCOP(=O)(OCC)OC1=CC=C(C=C1)[N+](=O)[O-],0.11394335230683679,0.6006295084953308,-0.6962370872497559,1.4453952312469482
2543,P27169_N133S,CCOP(=O)(OCC)OC1=CC=C(C=C1)[N+](=O)[O-],-0.7695510786217261,0.8597589135169983,-0.6489042639732361,1.411225438117981
2544,P27169_wild,CC(C)OP(=O)(C)F,-0.6777807052660807,1.140626311302185,0.7235459685325623,0.6117664575576782
2545,P27169_Q192R,CCOP(=O)(C)SCCN(C(C)C)C(C)C,-0.6989700043360187,1.665442705154419,-1.0719903707504272,2.330998182296753
2546,P27169_E313A,CCOP(=O)(OCC)OC1=CC=C(C=C1)[N+](=O)[O-],-0.853871964321762,0.886184811592102,-0.6707807183265686,1.450364589691162
2547,P27169_E314A/G11C/H115W/N133S,CCOP(=O)(OCC)OC1=CC=C(C=C1)[N+](=O)[O-],-0.721246399047171,0.5235532522201538,-0.6087737679481506,1.0825746059417725
2548,P27169_H115W,CCOP(=O)(OCC)OC1=CC=C(C=C1)[N+](=O)[O-],-0.36653154442041347,0.5644997954368591,-0.6292491555213928,1.132972240447998
2549,P27169_wild,CCOP(=O)(OCC)OC1=NC(=NC(=C1)C)C(C)C,0.12385164096708581,0.9827355146408081,-0.5161820650100708,1.457416296005249
2550,P27169_wild,CCOP(=O)(OCC)OC1=C(C=C(C=C1)[N+](=O)[O-])[N+](=O)[O-],0.3222192947339193,1.2578566074371338,-1.007597804069519,1.4017760753631592
2551,P27169_wild,CC(C(C)(C)C)OP(=O)(C)F,-0.5686362358410126,1.596739649772644,-0.34452590346336365,1.6621509790420532
2552,P27169_Q192R,CC(C)OP(=O)(C)F,-1.1307682802690238,1.1332322359085083,0.7330357432365417,0.6090691089630127
2553,P27169_Q192R,CC(C(C)(C)C)OP(=O)(C)F,-0.3565473235138126,1.5750352144241333,-0.34094423055648804,1.656233787536621
2554,P27169_wild,CCOP(=S)(OCC)OC1=NC(=C(C=C1Cl)Cl)Cl,-0.8827287043442358,0.9856016635894775,-0.7485572695732117,1.3716073036193848
2555,P27169_H115Q,CCOP(=O)(OCC)OC1=CC=C(C=C1)[N+](=O)[O-],0.13033376849500614,0.6460158228874207,-0.5957400798797607,1.2221170663833618
2556,P27169_H115Q/H134Q,CCOP(=O)(OCC)OC1=CC=C(C=C1)[N+](=O)[O-],0.07188200730612546,0.6261911392211914,-0.5789769887924194,1.1684097051620483
2557,P27169_H134Q,CCOP(=O)(OCC)OC1=CC=C(C=C1)[N+](=O)[O-],-0.12493873660829995,0.8629214763641357,-0.6431237459182739,1.4128620624542236
2558,P27169_H115W/N133S,CCOP(=O)(OCC)OC1=CC=C(C=C1)[N+](=O)[O-],-0.8239087409443188,0.5258715748786926,-0.6102284789085388,1.0852240324020386
2559,Q62087_wild,CCOP(=O)(OCC)OC1=CC=C(C=C1)[N+](=O)[O-],0.14612803567823798,0.6565641760826111,-0.6865072250366211,1.4405686855316162
2560,B0LB01_wild,CC1=CC(=O)CC(C1(C=CC(=CC=O)C)O)(C)C,-2.2924298239020637,-0.34590473771095276,-2.175858974456787,1.2753660678863525
2561,Q83XK4_Y207S,C1=CC=C2C(=C1)C=CN2,-2.0969100130080562,-0.30566611886024475,-0.7905821204185486,0.6445382237434387
2562,Q83XK4_wild,C1=CC=C2C(=C1)C=CN2,-2.3010299956639813,-0.19395621120929718,-0.8447718024253845,0.8236717581748962
2563,P0A862_wild,OO,0.23044892137827394,2.1120638847351074,-1.7281566858291626,2.8522138595581055
2564,P0A862_wild,CC(C)(C1=CC=CC=C1)OO,-2.0457574905606752,1.0926076173782349,-0.7853172421455383,1.878488540649414
2565,Q51405_wild,C1C(C(C(C(C1N)OC2C(C(C(C(O2)CN)O)O)O)O)OC3C(C(C(C(O3)CO)O)N)O)N,-2.318758762624413,1.3573660850524902,-0.016488339751958847,1.2070904970169067
2566,Q0P8J8_wild,C1=CN(C(=O)N=C1N)C2C(C(C(O2)COP(=O)(O)OP(=O)(O)OP(=O)(O)O)O)O,-0.7695510786217261,-0.2974451780319214,-0.9044314026832581,0.6807405948638916
2567,Q0P8J8_wild,C(CC(=O)NP(=O)(O)O)C(C(=O)O)N,-0.9208187539523751,-0.4954785704612732,-0.5957766175270081,0.45716848969459534
2568,Q3HW12_wild,CC(C)(COP(=O)(O)OP(=O)(O)OCC1C(C(C(O1)N2C=NC3=C(N=CN=C32)N)O)OP(=O)(O)O)C(C(=O)NCCC(=O)NCCSC(=O)CC(C)(CC(=O)O)O)O,-1.5228787452803376,0.28432169556617737,-0.7450911998748779,2.249873161315918
2569,Q3HW12_wild,CC(C)(COP(=O)([O-])OP(=O)([O-])OCC1C(C(C(O1)N2C=NC3=C(N=CN=C32)N)O)OP(=O)([O-])[O-])C(C(=O)NCCC(=O)NCCSC(=O)CC(CC(=O)[O-])O)O,-1.3010299956639813,0.1499473601579666,-0.7561637759208679,1.991645336151123
2570,Q3HW12_wild,CC(C)(COP(=O)(O)OP(=O)(O)OCC1C(C(C(O1)N2C=NC3=C(N=CN=C32)N)O)OP(=O)(O)O)C(C(=O)NCCC(=O)NCCSC(=O)C=CCC(=O)O)O,-1.3979400086720375,0.10001779347658157,-0.93821781873703,2.146103858947754
2571,Q3HW12_wild,CC(=CC(=O)SCCNC(=O)CCNC(=O)C(C(C)(C)COP(=O)(O)OP(=O)(O)OCC1C(C(C(O1)N2C=NC3=C(N=CN=C32)N)O)OP(=O)(O)O)O)CC(=O)O,-2.0,0.026331894099712372,-0.8978220224380493,2.255647659301758
2572,P00962_wild,C(CC(=O)N)C(C(=O)O)N,-0.9430951486635274,0.49683764576911926,-0.4514903426170349,1.01897394657135
2573,P80668_wild,C1=CC=C(C=C1)CC=O,-1.6989700043360187,0.30661141872406006,-1.3856137990951538,2.0269858837127686
2574,A0A0A7PB40_wild,C1=CC=C(C=C1)CC=O,-1.6575773191777938,0.49967923760414124,-1.5730292797088623,1.9386358261108398
2575,O67572_D99N,C1=NC(=C2C(=N1)N(C=N2)C3C(C(C(O3)COP(=O)(O)OP(=O)(O)OP(=O)(O)O)O)O)N,-2.958607314841775,-1.8100520372390747,-0.7275819778442383,1.0197319984436035
2576,O67572_D139N,C1=NC(=C2C(=N1)N(C=N2)C3C(C(C(O3)COP(=O)(O)OP(=O)(O)OP(=O)(O)O)O)O)N,-2.853871964321762,-1.8948161602020264,-0.7276897430419922,0.97455233335495
2577,O67572_D138A,C1=NC(=C2C(=N1)N(C=N2)C3C(C(C(O3)COP(=O)(O)OP(=O)(O)OP(=O)(O)O)O)O)N,-2.3979400086720375,-1.9155242443084717,-0.722109854221344,0.9589900374412537
2578,O67572_K51A,C1=NC(=C2C(=N1)N(C=N2)C3C(C(C(O3)COP(=O)(O)OP(=O)(O)OP(=O)(O)O)O)O)N,-2.8239087409443187,-1.9360690116882324,-0.6951890587806702,0.922550618648529
2579,O67572_E100D,C1=NC(=C2C(=N1)N(C=N2)C3C(C(C(O3)COP(=O)(O)OP(=O)(O)OP(=O)(O)O)O)O)N,-2.6989700043360187,-1.7634904384613037,-0.7449949979782104,1.039466381072998
2580,O67572_D139A,C1=NC(=C2C(=N1)N(C=N2)C3C(C(C(O3)COP(=O)(O)OP(=O)(O)OP(=O)(O)O)O)O)N,-2.3010299956639813,-1.9797799587249756,-0.7010895609855652,0.9080618619918823
2581,O67572_wild,C1=NC(=C2C(=N1)N(C=N2)C3C(C(C(O3)COP(=O)(O)OP(=O)(O)OP(=O)(O)O)O)O)N,-2.9208187539523753,-1.7546586990356445,-0.7527426481246948,1.0370979309082031
2582,O67572_D99E,C1=NC(=C2C(=N1)N(C=N2)C3C(C(C(O3)COP(=O)(O)OP(=O)(O)OP(=O)(O)O)O)O)N,-2.638272163982407,-1.7761211395263672,-0.7331896424293518,1.0320866107940674
2583,O67572_Y74A,C1=NC(=C2C(=N1)N(C=N2)C3C(C(C(O3)COP(=O)(O)OP(=O)(O)OP(=O)(O)O)O)O)N,-2.769551078621726,-1.8056519031524658,-0.742597222328186,1.0284286737442017
2584,O67572_E100A,C1=NC(=C2C(=N1)N(C=N2)C3C(C(C(O3)COP(=O)(O)OP(=O)(O)OP(=O)(O)O)O)O)N,-2.721246399047171,-1.927559733390808,-0.6956416368484497,0.9341618418693542
2585,O67572_D138N,C1=NC(=C2C(=N1)N(C=N2)C3C(C(C(O3)COP(=O)(O)OP(=O)(O)OP(=O)(O)O)O)O)N,-2.494850021680094,-1.8861852884292603,-0.7415492534637451,0.9794600009918213
2586,O67572_D260A,C1=NC(=C2C(=N1)N(C=N2)C3C(C(C(O3)COP(=O)(O)OP(=O)(O)OP(=O)(O)O)O)O)N,-2.7958800173440754,-1.8315008878707886,-0.7261791825294495,1.0098339319229126
2587,O67572_H261A,C1=NC(=C2C(=N1)N(C=N2)C3C(C(C(O3)COP(=O)(O)OP(=O)(O)OP(=O)(O)O)O)O)N,-2.886056647693163,-1.8511879444122314,-0.7080987691879272,0.9535849094390869
2588,O67572_S53A,C1=NC(=C2C(=N1)N(C=N2)C3C(C(C(O3)COP(=O)(O)OP(=O)(O)OP(=O)(O)O)O)O)N,-2.2218487496163566,-1.7570078372955322,-0.7436614036560059,1.0330064296722412
2589,O67572_T52A,C1=NC(=C2C(=N1)N(C=N2)C3C(C(C(O3)COP(=O)(O)OP(=O)(O)OP(=O)(O)O)O)O)N,-2.657577319177794,-1.8288460969924927,-0.7297886610031128,0.994260311126709
2590,O67572_E100Q,C1=NC(=C2C(=N1)N(C=N2)C3C(C(C(O3)COP(=O)(O)OP(=O)(O)OP(=O)(O)O)O)O)N,-2.537602002101044,-1.8567978143692017,-0.7208085060119629,0.9831365346908569
2591,O67572_S49A,C1=NC(=C2C(=N1)N(C=N2)C3C(C(C(O3)COP(=O)(O)OP(=O)(O)OP(=O)(O)O)O)O)N,-2.5686362358410126,-1.771817684173584,-0.7382441163063049,1.025967001914978
2592,O67572_D99A,C1=NC(=C2C(=N1)N(C=N2)C3C(C(C(O3)COP(=O)(O)OP(=O)(O)OP(=O)(O)O)O)O)N,-2.552841968657781,-1.8594914674758911,-0.6929157972335815,0.9858659505844116
2593,B1P195_wild,COC1=CC=C(C=C1)C2=COC3=CC(=C(C(=C3C2=O)O)OC)OC4C(C(C(C(O4)COC5C(C(C(CO5)O)O)O)O)O)O,-1.3010299956639813,0.4232206642627716,-0.26703351736068726,0.9292691349983215
2594,B1P195_wild,CC(=CCCC(C)(C1CCC2(C1C(CC3C2(CCC4C3(CCC(C4(C)C)OC5C(C(C(C(O5)CO)O)O)OC6C(C(C(C(O6)CO)O)O)O)C)C)O)C)OC7C(C(C(C(O7)COC8C(C(C(CO8)OC9C(C(C(CO9)O)O)O)O)O)O)O)O)C,0.7450747915820575,0.3672923147678375,0.17295682430267334,0.9859474301338196
2595,B1P195_wild,C1C(C(C(C(O1)OC2=CC=C(C=C2)[N+](=O)[O-])O)O)O,0.18752072083646304,0.8203097581863403,-0.11819317936897278,0.6259264945983887
2596,B1P195_wild,CC(=CCCC(C)(C1CCC2(C1C(CC3C2(CCC4C3(CCC(C4(C)C)OC5C(C(C(C(O5)CO)O)O)OC6C(C(C(C(O6)CO)O)O)O)C)C)O)C)OC7C(C(C(C(O7)COC8C(C(C(O8)CO)O)OC9C(C(C(CO9)O)O)O)O)O)O)C,0.677606952720484,0.3764221966266632,0.23887720704078674,0.8975676894187927
2597,Q8I2B1_wild,C(C(C(=O)O)N)C(=O)O,-0.6777807052660807,0.5743446350097656,-0.3570641577243805,1.006666898727417
2598,Q8I2B1_wild,C1=NC(=C2C(=N1)N(C=N2)C3C(C(C(O3)COP(=O)(O)OP(=O)(O)OP(=O)(O)O)O)O)N,-0.853871964321762,0.3672705590724945,-0.8202325105667114,1.34446382522583
2599,H1AAP2_wild,C(=O)=S,-1.2218487496163564,2.0779292583465576,-1.1422244310379028,2.6470417976379395
2600,O87871_wild,CC(C)(COP(=O)(O)OP(=O)(O)OCC1C(C(C(O1)N2C=NC3=C(N=CN=C32)N)O)OP(=O)(O)O)C(C(=O)NCCC(=O)NCCSC(=O)C4=CCCCC4O)O,-1.2218487496163564,0.5607240200042725,-1.3818931579589844,2.120084762573242
2601,A9X7L0_N298E,C[S+](CCC(C(=O)[O-])N)CC1C(C(C(O1)N2C=NC3=C(N=CN=C32)N)O)O,-2.5228787452803374,-1.3672988414764404,-1.336389183998108,0.48330238461494446
2602,A9X7L0_wild,C1=CC=C(C(=C1)C(=O)O)N,-2.154901959985743,-1.020829200744629,-1.3216677904129028,0.45397448539733887
2603,A9X7L0_N298E,C1=CC=C(C(=C1)C(=O)O)N,-1.619788758288394,-0.9762789607048035,-1.341626524925232,0.4595372974872589
2604,Q8U0A8_wild,C(C(C(C(COP(=O)(O)O)O)O)O)C(=O)C(=O)O,-2.431798275933005,0.43221989274024963,-1.3470180034637451,1.5187830924987793
2605,P81593_wild,C(=CC(=O)[O-])C=C(C(=O)[O-])N,-1.1739251972991736,2.070911407470703,-1.1283246278762817,1.2424466609954834
2606,Q6T1F6_wild,C1=CC(=O)OC2=CC3=C(C=CO3)C(=C21)O,-2.552841968657781,-0.9630836248397827,-1.4366658926010132,0.7584481239318848
2607,Q6T1F6_wild,C[S+](CCC(C(=O)[O-])N)CC1C(C(C(O1)N2C=NC3=C(N=CN=C32)N)O)O,-2.1870866433571443,-1.3908038139343262,-1.3780921697616577,0.6714219450950623
2608,J9PHM5_wild,C1=CC(=O)OC2=CC3=C(C=CO3)C(=C21)O,-0.25181197299379965,-0.9710708856582642,-1.398396611213684,0.600791335105896
2609,J9PHM5_wild,C[S+](CCC(C(=O)[O-])N)CC1C(C(C(O1)N2C=NC3=C(N=CN=C32)N)O)O,1.0285712526925377,-1.3262856006622314,-1.3587876558303833,0.4335852265357971
2610,Q26820_wild,C(CC(=O)O)C(C(=O)O)N,-0.619788758288394,0.31446224451065063,0.5119182467460632,0.1466258317232132
2611,Q26820_wild,C1=NC(=C2C(=N1)N(C=N2)C3C(C(C(O3)COP(=O)(O)OP(=O)(O)OP(=O)(O)O)O)O)N,-0.14874165128092473,0.4803445041179657,-0.48765403032302856,0.8321313858032227
2612,Q26820_wild,C(C(C(=O)O)N)S,-0.16115090926274472,0.19192592799663544,-0.4964355230331421,0.31832897663116455
2613,Q38J50_wild,CC(C)(COP(=O)(O)OP(=O)(O)OCC1C(C(C(O1)N2C=NC3=C(N=CN=C32)N)O)OP(=O)(O)O)C(C(=O)NCCC(=O)NCCSC(=O)C=CC4=CC(=C(C=C4)O)O)O,-1.080921907623926,-0.9885605573654175,-1.8139833211898804,1.4281909465789795
2614,Q38J50_wild,CC(C)(COP(=O)([O-])OP(=O)([O-])OCC1C(C(C(O1)N2C=NC3=C(N=CN=C32)N)O)OP(=O)([O-])[O-])C(C(=O)NCCC(=O)NCCSC(=O)C=CC4=CC(=C(C(=C4)OC)O)O)O,-1.0213630516155257,-0.7028738260269165,-1.656206727027893,1.597296118736267
2615,C6L2E2_wild,C(C1C(C(C(C(O1)OP(=O)(O)O)O)O)O)O,-0.721246399047171,1.5114483833312988,-0.7057656049728394,1.8867881298065186
2616,Q4QCF1_wild,C(C1C(C(C(C(O1)OP(=O)(O)O)O)O)O)O,-1.6706021206389574,1.0935084819793701,-0.7611101269721985,1.764624834060669
2617,B3FYT6_wild,C1C=CN(C=C1C(=O)N)C2C(C(C(O2)COP(=O)(O)OP(=O)(O)OCC3C(C(C(O3)N4C=NC5=C(N=CN=C54)N)OP(=O)(O)O)O)O)O,1.2121876044039577,1.7218999862670898,-1.727392554283142,3.0661933422088623
2618,A0A171_wild,C1C=CN(C=C1C(=O)N)C2C(C(C(O2)COP(=O)(O)OP(=O)(O)OCC3C(C(C(O3)N4C=NC5=C(N=CN=C54)N)OP(=O)(O)O)O)O)O,-1.3767507096020997,1.6061925888061523,-1.6607669591903687,3.0561861991882324
2619,Q9ZBU1_wild,C(C(C(C(C(CO)O)O)O)O)O,0.14612803567823798,0.15800076723098755,0.43939706683158875,0.26606428623199463
2620,Q9ZBU1_wild,C(C(C(C(CO)O)O)O)O,-0.494850021680094,0.3417946994304657,0.48325422406196594,0.4784274995326996
2621,Q9ZBU1_wild,C1=CC=C(C=C1)C(CO)O,1.919078092376074,0.23272530734539032,-0.07190994918346405,1.2160125970840454
2622,Q9ZBU1_wild,C(C(CO)O)O,2.5440680443502757,0.625514030456543,0.9128865599632263,0.4263022840023041
2623,A0LST6_wild,C1=CC=C(C=C1)C(CO)O,1.255272505103306,-0.12298554182052612,-0.04954811558127403,0.6135978698730469
2624,A0LST6_wild,C(C(C(C(CO)O)O)O)O,-2.154901959985743,-0.12316352128982544,0.5022923946380615,-0.12796616554260254
2625,A0LST6_wild,C(C(C(C(C(CO)O)O)O)O)O,-0.3565473235138126,-0.30384165048599243,0.48631924390792847,-0.33839818835258484
2626,A0LST6_wild,C(C(CO)O)O,2.4313637641589874,0.11502965539693832,0.8895620107650757,-0.19797641038894653
2627,Q2K0Q7_wild,C1=CC(=C[N+](=C1)C2C(C(C(O2)COP(=O)([O-])OP(=O)(O)OCC3C(C(C(O3)N4C=NC5=C(N=CN=C54)N)O)O)O)O)C(=O)N,-0.6020599913279624,0.9667353630065918,-0.32954344153404236,1.699108362197876
2628,Q2K0Q7_wild,C(C(C(C(CO)O)O)O)O,1.08278537031645,1.088131308555603,1.2282391786575317,0.4648154079914093
2629,Q93P60_wild,C1=CN(C(=O)NC1=O)C2C(C(C(O2)COP(=O)(O)OP(=O)(O)OC3C(C(C(C(O3)CO)O)O)O)O)O,-0.3565473235138126,0.21685153245925903,-0.05087650939822197,0.8544303178787231
2630,Q38J50_W259Y,C1=C(C=C(C(=C1O)O)O)C2=CC(=O)C3=C(C=C(C=C3O2)O)O,-0.7695510786217261,-1.2525932788848877,-2.009525775909424,0.9825210571289062
2631,Q38J50_W259A,C1=C(C=C(C(=C1O)O)O)C2=CC(=O)C3=C(C=C(C=C3O2)O)O,-0.8827287043442358,-1.262268304824829,-2.0110599994659424,0.9881391525268555
2632,Q38J50_G305S,C1=C(C=C(C(=C1O)O)O)C2=CC(=O)C3=C(C=C(C=C3O2)O)O,-0.9281179926938746,-1.2554969787597656,-2.0236992835998535,0.9917623996734619
2633,Q38J50_E322I,C1=C(C=C(C(=C1O)O)O)C2=CC(=O)C3=C(C=C(C=C3O2)O)O,-0.7144426909922262,-1.3051605224609375,-2.014688730239868,0.9325165748596191
2634,Q38J50_D263N,C1=C(C=C(C(=C1O)O)O)C2=CC(=O)C3=C(C=C(C=C3O2)O)O,-0.8921119748172014,-1.3142023086547852,-2.0187714099884033,0.9412369728088379
2635,Q38J50_wild,C1=C(C=C(C(=C1O)O)O)C2=CC(=O)C3=C(C=C(C=C3O2)O)O,-2.4282911681913126,-1.2590820789337158,-2.0290915966033936,0.9988359212875366
2636,F4IV16_wild,CC1=C(SC=[N+]1CC2=CN=C(N=C2N)C)CCO,-2.8927900303521317,-1.3514784574508667,-0.9110217690467834,0.7501710653305054
2637,Q8N5Z0_wild,C(CC(=O)O)C(=O)C(=O)O,0.07918124604762482,0.47677287459373474,-0.23758041858673096,0.6611486077308655
2638,Q8N5Z0_wild,C1=CC=C(C(=C1)C(=O)CC(C(=O)O)N)N,0.6720978579357175,0.45985105633735657,-0.6385921835899353,0.6356518864631653
2639,Q64602_wild,C(CC(=O)O)C(=O)C(=O)O,-1.8860566476931633,0.44730883836746216,-0.06542596220970154,0.488132506608963
2640,Q64602_wild,C(CC(=O)O)C(C(=O)O)N,0.7481880270062004,0.5179756879806519,0.6778063774108887,0.07474447786808014
2641,Q64602_wild,C1=CC=C(C(=C1)C(=O)CC(C(=O)O)N)N,-0.022276394711152257,0.4885609447956085,-0.4408630132675171,0.6190882325172424
2642,Q64602_wild,C1=CC(=C(C(=C1)O)N)C(=O)CC(C(=O)O)N,0.13353890837021754,0.4541725218296051,-0.44516897201538086,0.36584967374801636
2643,Q8N5Z0_wild,C1=CC=C(C=C1)CC(=O)C(=O)O,0.25527250510330607,0.4019467234611511,-0.39442458748817444,0.6280258893966675
2644,Q8N5Z0_wild,CCCCC(=O)C(=O)[O-],0.17609125905568124,0.5574803352355957,-0.512704610824585,0.5826039910316467
2645,Q8N5Z0_wild,C1=CC(=CC=C1CC(=O)C(=O)O)O,0.17609125905568124,0.27125295996665955,-0.4415305256843567,0.48557019233703613
2646,Q8N5Z0_wild,CC(C)CC(=O)C(=O)O,0.5185139398778875,0.4857986271381378,-0.5053370594978333,0.6836115717887878
2647,Q8N5Z0_wild,C(C(=O)C(=O)O)S,0.4471580313422192,0.5338806509971619,-0.3663685917854309,0.5509920716285706
2648,Q8N5Z0_wild,CCCC(=O)C(=O)O,0.5314789170422551,0.5737587809562683,-0.33947423100471497,0.5084555149078369
2649,Q8N5Z0_wild,C(CC(=O)C(=O)O)CC(=O)O,1.320146286111054,0.45726248621940613,-0.26864248514175415,0.42619481682777405
2650,Q8N5Z0_wild,C(=O)C(=O)[O-],1.255272505103306,0.6953195333480835,-0.2461688369512558,0.6264704465866089
2651,Q8N5Z0_wild,CC(=O)C(=O)[O-],0.9867717342662449,0.45361143350601196,-0.2503379285335541,0.41985800862312317
2652,Q8N5Z0_wild,CCC(=O)C(=O)O,1.1038037209559568,0.3788681924343109,-0.06367570161819458,0.29012545943260193
2653,Q8N5Z0_wild,CC(C)C(=O)C(=O)O,1.1522883443830534,0.6065165996551514,-0.33384859561920166,0.38372018933296204
2654,Q8N5Z0_wild,C(C(=O)C(=O)O)C(=O)O,1.2253092817258628,0.5957109928131104,-0.5250428915023804,0.9110367298126221
2655,Q70HW1_wild,C1=NC(=C2C(=N1)N(C=N2)C3C(C(C(O3)COP(=O)(O)OP(=O)(O)OP(=O)(O)O)O)O)N,-0.4814860601221125,0.6394809484481812,-1.0816668272018433,2.136186122894287
2656,P63359_wild,C1=NC(=C2C(=N1)N(C=N2)C3C(C(C(O3)COP(=O)(O)OP(=O)(O)OP(=O)(O)O)O)O)N,-0.28399665636520094,0.18313628435134888,-0.7704423069953918,1.4020678997039795
2657,Q9HUG8_wild,C1=NC(=C2C(=N1)N(C=N2)C3C(C(C(O3)COP(=O)(O)OP(=O)(O)OP(=O)(O)O)O)O)N,0.6532125137753437,-0.09485869109630585,-0.9721351861953735,1.089979887008667
2658,P60752_wild,C1=NC(=C2C(=N1)N(C=N2)C3C(C(C(O3)COP(=O)(O)OP(=O)(O)OP(=O)(O)O)O)O)N,-0.42136079003192767,0.1622249037027359,-0.7763184905052185,1.4263787269592285
2659,Q8A916_wild,CC1C(C(C(C(O1)OC2=CC=C(C=C2)[N+](=O)[O-])O)O)O,-0.27572413039921095,1.698117971420288,-0.2519257664680481,1.2512297630310059
2660,Q76CZ2_wild,CC(=CCCC(=CCOP(=O)(O)OP(=O)(O)O)C)C,-1.6575773191777938,-0.528203547000885,-1.8575316667556763,1.1490185260772705
2661,Q76CZ2_wild,CC(=CCOP(=O)(O)OP(=O)(O)O)C,-1.6382721639824072,-0.05205624923110008,-1.350812554359436,1.1277546882629395
2662,Q76CZ2_wild,CC(=CCCC(=CCCC(=CCOP(=O)(O)OP(=O)(O)O)C)C)C,-2.0268721464003012,-0.6540614366531372,-2.1193723678588867,1.2801263332366943
2663,P00191_wild,CC(=O)C1CCC2C1(CCC3C2CCC4=CC(=O)CCC34C)C,-1.889410289700751,-1.456178903579712,-3.2688755989074707,1.465280532836914
2664,P00191_wild,CC(=O)C1(CCC2C1(CCC3C2CCC4=CC(=O)CCC34C)C)O,-1.9665762445130501,-1.7362102270126343,-2.97200083732605,1.303214430809021
2665,P00191_T241R/L442A,CC(=O)C1(CCC2C1(CCC3C2CCC4=CC(=O)CCC34C)C)O,-2.619788758288394,-1.734343409538269,-2.9724254608154297,1.3187543153762817
2666,P08686_T296N,CC(=O)C1CCC2C1(CCC3C2CCC4=CC(=O)CCC34C)C,-2.958607314841775,-1.3337078094482422,-3.240183115005493,1.5340566635131836
2667,P08686_wild,CC(=O)C1(CCC2C1(CCC3C2CCC4=CC(=O)CCC34C)C)O,-2.8239087409443187,-1.5775007009506226,-2.906162977218628,1.4005625247955322
2668,P08686_I172N,CC(=O)C1(CCC2C1(CCC3C2CCC4=CC(=O)CCC34C)C)O,-2.309803919971486,-1.6072176694869995,-2.8797500133514404,1.3445583581924438
2669,P08686_G292C/P31L,CC(=O)C1CCC2C1(CCC3C2CCC4=CC(=O)CCC34C)C,-2.9208187539523753,-1.4804795980453491,-3.2251384258270264,1.416677713394165
2670,P08686_I172N,CC(=O)C1CCC2C1(CCC3C2CCC4=CC(=O)CCC34C)C,-2.744727494896694,-1.3623241186141968,-3.22648549079895,1.4872024059295654
2671,P08686_G292S,CC(=O)C1(CCC2C1(CCC3C2CCC4=CC(=O)CCC34C)C)O,-2.337242168318426,-1.6833550930023193,-2.876497507095337,1.3174400329589844
2672,P08686_T296N,CC(=O)C1(CCC2C1(CCC3C2CCC4=CC(=O)CCC34C)C)O,-3.3372421683184257,-1.5876176357269287,-2.8956847190856934,1.3914828300476074
2673,P08686_G292C,CC(=O)C1(CCC2C1(CCC3C2CCC4=CC(=O)CCC34C)C)O,-2.4436974992327127,-1.6986559629440308,-2.873424768447876,1.3130452632904053
2674,P08686_V359G,CC(=O)C1CCC2C1(CCC3C2CCC4=CC(=O)CCC34C)C,-2.494850021680094,-1.3010921478271484,-3.2576143741607666,1.5741195678710938
2675,P08686_G292S,CC(=O)C1CCC2C1(CCC3C2CCC4=CC(=O)CCC34C)C,-2.3279021420642825,-1.435925841331482,-3.2304301261901855,1.4485688209533691
2676,P08686_wild,CC(=O)C1CCC2C1(CCC3C2CCC4=CC(=O)CCC34C)C,-3.677780705266081,-1.3238928318023682,-3.2504682540893555,1.546633005142212
2677,P08686_P31Q,CC(=O)C1(CCC2C1(CCC3C2CCC4=CC(=O)CCC34C)C)O,-2.136677139879544,-1.6084461212158203,-2.9164693355560303,1.383425235748291
2678,P08686_P31Q,CC(=O)C1CCC2C1(CCC3C2CCC4=CC(=O)CCC34C)C,-2.0177287669604316,-1.3439950942993164,-3.255964994430542,1.5297563076019287
2679,P08686_V359G,CC(=O)C1(CCC2C1(CCC3C2CCC4=CC(=O)CCC34C)C)O,-3.214670164989233,-1.5538737773895264,-2.9121172428131104,1.4231641292572021
2680,P08686_V359A,CC(=O)C1CCC2C1(CCC3C2CCC4=CC(=O)CCC34C)C,-3.318758762624413,-1.3296165466308594,-3.2474591732025146,1.5470404624938965
2681,P08686_V359A,CC(=O)C1(CCC2C1(CCC3C2CCC4=CC(=O)CCC34C)C)O,-3.0861861476162833,-1.5819785594940186,-2.9024744033813477,1.4018325805664062
2682,P9WMK9_wild,C1=NC(=C2C(=N1)N(C=N2)C3C(C(C(O3)COP(=O)([O-])OP(=O)([O-])OP(=O)([O-])OP(=O)([O-])OCC4C(C(C(O4)N5C=NC6=C(N=CN=C65)N)O)O)O)O)N,-1.0,0.17331774532794952,-0.7318758368492126,1.3340814113616943
2683,P9WMK9_S147A,C1=NC(=C2C(=N1)N(C=N2)C3C(C(C(O3)COP(=O)([O-])OP(=O)([O-])OP(=O)([O-])OP(=O)([O-])OCC4C(C(C(O4)N5C=NC6=C(N=CN=C65)N)O)O)O)O)N,-1.154901959985743,0.17300447821617126,-0.7316332459449768,1.3310800790786743
2684,P9WMK9_S147T,C1=NC(=C2C(=N1)N(C=N2)C3C(C(C(O3)COP(=O)([O-])OP(=O)([O-])OP(=O)([O-])OP(=O)([O-])OCC4C(C(C(O4)N5C=NC6=C(N=CN=C65)N)O)O)O)O)N,-0.958607314841775,0.11075642704963684,-0.7097625732421875,1.290503978729248
2685,P9WMK9_wild,[O-]P(=O)([O-])[O-],-0.026872146400301365,0.5253345370292664,0.19590342044830322,0.7079888582229614
2686,E4PMA5_wild,C(C(CO)O)O,0.8450980400142568,1.0373048782348633,2.594952344894409,-0.5094904899597168
2687,E4PMA5_wild,[O-]P(=O)([O-])[O-],1.0,1.229276418685913,0.9354971051216125,0.6570882797241211
2688,E4PMA5_wild,C(C1C(C(C(C(O1)OC(CO)CO)O)O)O)O,0.5910646070264992,1.0516244173049927,1.7677292823791504,-0.051182836294174194
2689,E4PMA5_wild,C(C1C(C(C(C(O1)OP(=O)(O)O)O)O)O)O,0.3979400086720376,1.1486737728118896,1.0698076486587524,0.6350072026252747
2690,Q47PU3_S441G/A442P/L443T/S444Q,C1CCC(=O)CC1,-0.575118363368933,-0.13871869444847107,-0.48153990507125854,1.047396183013916
2691,Q47PU3_A442P/L443V,C1CCC(=O)CC1,-0.1561445773769011,-0.13690823316574097,-0.4863850772380829,1.0613653659820557
2692,Q7BLV3_wild,C1=CN(C(=O)NC1=O)C2C(C(C(O2)COP(=O)(O)OP(=O)(O)OC3C(C(C(C(O3)C(=O)O)O)O)O)O)O,-1.6989700043360187,1.2864991426467896,-0.8004859089851379,1.597210168838501
2693,Q7BLV3_wild,CC(=O)NC1C(C(C(OC1OP(=O)(O)OP(=O)(O)OCC2C(C(C(O2)N3C=CC(=O)NC3=O)O)O)CO)O)O,-1.2596373105057561,1.1648279428482056,-0.6519631743431091,1.2450714111328125
2694,D9J041_wild,[Hg+2],-1.494850021680094,0.8333125114440918,-1.3317914009094238,2.215749502182007
2695,A4YG49_wild,[Hg+2],-0.3979400086720376,0.12763741612434387,-1.0889257192611694,1.266815185546875
2696,A4XIF7_wild,C1=CC(=CC=C1[N+](=O)[O-])OC2C(C(C(C(O2)CO)OC3C(C(C(C(O3)CO)O)O)O)O)O,0.38021124171160603,0.9818629622459412,-0.2799811363220215,1.5115584135055542
2697,P07986_wild,C1=CC(=CC=C1[N+](=O)[O-])OC2C(C(C(C(O2)CO)OC3C(C(C(C(O3)CO)O)O)O)O)O,-0.22184874961635637,0.02817336469888687,-0.04242708906531334,0.7564730644226074
2698,P0A8F0_wild,C(C1C(C(C(O1)OP(=O)(O)OP(=O)(O)O)O)O)OP(=O)(O)O,-1.2365720064370627,0.25158020853996277,-0.7452661395072937,1.680098056793213
2699,P0A8F0_wild,C1=CNC(=O)NC1=O,-3.275724130399211,-0.0052629997953772545,-0.2680392861366272,1.2619187831878662
2700,P0A8F0_P131D,C1=CNC(=O)NC1=O,-1.2218487496163564,-0.13027572631835938,-0.16007491946220398,0.9887276291847229
2701,P0A8F0_P131D,C(C1C(C(C(O1)OP(=O)(O)OP(=O)(O)O)O)O)OP(=O)(O)O,-2.886056647693163,0.16876225173473358,-0.7099254131317139,1.3223727941513062
2702,Q26998_wild,C1=CNC(=O)NC1=O,-2.4559319556497243,0.2857168912887573,-0.712669312953949,1.6110836267471313
2703,Q9HX20_wild,C1=CC(=C[N+](=C1)C2C(C(C(O2)COP(=O)([O-])OP(=O)(O)OCC3C(C(C(O3)N4C=NC5=C(N=CN=C54)N)O)O)O)O)C(=O)N,-0.44369749923271273,0.09299687296152115,-0.28531765937805176,1.0473755598068237
2704,Q9HX20_wild,C1=CC(=C[N+](=C1)C2C(C(C(O2)COP(=O)(O)OP(=O)(O)OCC3C(C(C(O3)N4C=NC5=C(N=CN=C54)N)OP(=O)(O)O)O)O)O)C(=O)N,-0.5086383061657274,-0.15571428835391998,-0.24969297647476196,1.121870517730713
2705,Q9HX20_wild,C(CC(C(=O)O)N)C=O,0.6020599913279624,0.0024979496374726295,-0.22623620927333832,0.8988200426101685
2706,Q9HX20_wild,[O-]P(=O)([O-])[O-],1.4471580313422192,-0.06648226827383041,0.17429614067077637,0.6724261045455933
2707,P84468_wild,[Fe+3],-2.2596373105057563,1.5254074335098267,-1.682578682899475,2.3292605876922607
2708,P84468_wild,C1C=CN(C=C1C(=O)N)C2C(C(C(O2)COP(=O)(O)OP(=O)(O)OCC3C(C(C(O3)N4C=NC5=C(N=CN=C54)N)O)O)O)O,-1.958607314841775,1.281813621520996,-1.5800892114639282,2.8371243476867676
2709,P32718_wild,C(C1C(C(C(C(O1)O)O)O)O)O,-0.721246399047171,1.146533489227295,0.22571134567260742,1.0768654346466064
2710,P32718_wild,C1=NC(=C2C(=N1)N(C=N2)C3C(C(C(O3)COP(=O)(O)OP(=O)(O)OP(=O)(O)O)O)O)N,-0.5686362358410126,1.058173656463623,-0.5177401304244995,1.3923436403274536
2711,P32718_A73G,C(C1C(C(C(C(O1)O)O)O)O)O,-0.6989700043360187,1.171208381652832,0.21866033971309662,1.0959181785583496
2712,P32718_A73G,C1=NC(=C2C(=N1)N(C=N2)C3C(C(C(O3)COP(=O)(O)OP(=O)(O)OP(=O)(O)O)O)O)N,-1.2218487496163564,1.0886129140853882,-0.5201793909072876,1.409315824508667
2713,P32718_F145L,C(C1C(C(C(C(O1)O)O)O)O)O,-0.8239087409443188,1.1349458694458008,0.2143988013267517,1.0690944194793701
2714,P32718_F145L,C1=NC(=C2C(=N1)N(C=N2)C3C(C(C(O3)COP(=O)(O)OP(=O)(O)OP(=O)(O)O)O)O)N,-0.853871964321762,1.0343143939971924,-0.5284556150436401,1.3804552555084229
2715,P32718_wild,C(C=O)C(C(C(CO)O)O)O,2.57978359661681,0.7140732407569885,0.3701797127723694,0.6822760105133057
2716,P32718_A73G,C(C=O)C(C(C(CO)O)O)O,1.7075701760979363,0.7490003108978271,0.35625985264778137,0.7072268724441528
2717,P10807_wild,CCO,0.7781512503836436,0.9010875821113586,0.01175636425614357,0.2789452373981476
2718,P10807_wild,CCCO,0.2787536009528289,0.7038965225219727,-0.07070554792881012,-0.3325001299381256
2719,P10807_wild,CCCCO,0.2787536009528289,0.5109871625900269,-0.6444481015205383,0.027318596839904785
2720,P10807_wild,CCCCCO,0.6127838567197356,0.4127531349658966,-0.011461075395345688,-0.15055909752845764
2721,P10807_wild,CCCCCCO,0.8692317197309762,0.09225533157587051,-0.3947262167930603,-0.048647552728652954
2722,P10807_wild,C1CCC(CC1)O,-0.1426675035687315,0.5922959446907043,0.33442825078964233,-0.175667405128479
2723,P10807_wild,CC(C1=CC=CC=C1)O,-0.022276394711152257,0.09451162070035934,0.18484720587730408,-0.10809078812599182
2724,P10807_wild,CC(C)CO,0.43136376415898736,0.5816291570663452,0.2786867022514343,0.017531782388687134
2725,P10807_wild,CC(C)CCCO,-0.09151498112135029,0.2826584279537201,0.1069631576538086,-0.1183861792087555
2726,P10807_wild,CCCC(CCC)O,0.8195439355418687,0.9396231174468994,0.5643162131309509,-0.465928316116333
2727,P10807_wild,CC(C)O,0.04139268515822508,0.6035750508308411,1.116676688194275,-1.0191335678100586
2728,P10807_wild,CC1CCC(CC1)O,0.0,0.5292450189590454,-0.5058172941207886,-0.15987718105316162
2729,P10807_wild,CCC(C)O,-0.42021640338318983,1.1545840501785278,0.6893801689147949,-0.43983450531959534
2730,P10807_wild,CCCCC(C)O,-0.5086383061657274,0.6648391485214233,0.009159419685602188,-0.5540003776550293
2731,P10807_wild,CCCC(C)O,-0.3767507096020995,0.8436622023582458,0.2771208882331848,-0.48426148295402527
2732,P10807_wild,C1=CC(=C[N+](=C1)C2C(C(C(O2)COP(=O)([O-])OP(=O)(O)OCC3C(C(C(O3)N4C=NC5=C(N=CN=C54)N)O)O)O)O)C(=O)N,-1.958607314841775,0.8150326013565063,-0.7303583025932312,1.4364216327667236
2733,P10807_wild,CCCCCC(C)O,0.15228834438305647,0.7754817605018616,-0.3025851547718048,-0.35993263125419617
2734,Q0KDL6_wild,CC=O,-0.17392519729917355,1.9620695114135742,0.037878308445215225,1.2485568523406982
2735,Q0KDL6_wild,C1C=CN(C=C1C(=O)N)C2C(C(C(O2)COP(=O)(O)OP(=O)(O)OCC3C(C(C(O3)N4C=NC5=C(N=CN=C54)N)O)O)O)O,-1.958607314841775,1.0798921585083008,-1.216002345085144,2.1004691123962402
2736,Q0KDL6_wild,C1C=CN(C=C1C(=O)N)C2C(C(C(O2)COP(=O)(O)OP(=O)(O)OCC3C(C(C(O3)N4C=NC5=C(N=CN=C54)N)OP(=O)(O)O)O)O)O,-1.3279021420642825,0.9896432161331177,-1.2563871145248413,2.250718832015991
2737,Q0KDL6_wild,CCO,0.6989700043360189,1.7042968273162842,0.09710723161697388,1.208808183670044
2738,Q0KDL6_wild,C1=CC(=C[N+](=C1)C2C(C(C(O2)COP(=O)([O-])OP(=O)(O)OCC3C(C(C(O3)N4C=NC5=C(N=CN=C54)N)O)O)O)O)C(=O)N,-2.0457574905606752,0.7287200689315796,-0.8243575692176819,1.35009765625
2739,Q9XS57_wild,CC(CCCC(C)(C)O)C1CCC2C1(CCCC2=CC=C3CC(CCC3=C)O)C,-3.0132282657337552,-1.601547122001648,-3.111572265625,1.3484413623809814
2740,O15528_wild,CC(CCCC(C)(C)O)C1CCC2C1(CCCC2=CC=C3CC(CCC3=C)O)C,-2.5686362358410126,-1.6468582153320312,-3.173057794570923,1.2488672733306885
2741,O15528_wild,CC(CCC(C(C)(C)O)O)C1CCC2C1(CCCC2=CC=C3CC(CCC3=C)O)C,-2.958607314841775,-1.5838041305541992,-3.069012403488159,1.2473353147506714
2742,Q43077_wild,C(CN)CNCCCN,0.3010299956639812,-0.1561630219221115,-0.463270366191864,0.5051532983779907
2743,P77674_wild,C1=CC(=C[N+](=C1)C2C(C(C(O2)COP(=O)([O-])OP(=O)(O)OCC3C(C(C(O3)N4C=NC5=C(N=CN=C54)N)O)O)O)O)C(=O)N,-2.6020599913279625,0.6058924794197083,-0.8708854913711548,2.3232223987579346
2744,P77674_wild,C1=CC(=C[N+](=C1)C2C(C(C(O2)COP(=O)(O)OP(=O)(O)OCC3C(C(C(O3)N4C=NC5=C(N=CN=C54)N)OP(=O)(O)O)O)O)O)C(=O)N,-1.0969100130080565,0.4104609489440918,-0.9319411516189575,2.4740564823150635
2745,P77674_wild,C=O,0.5797835966168101,1.083885908126831,-0.18144716322422028,1.5152719020843506
2746,P77674_wild,CC=O,0.5563025007672873,0.7293846011161804,-0.5123535990715027,1.7843523025512695
2747,P77674_wild,C(C=O)O,0.6334684555795865,1.3659799098968506,0.20238402485847473,1.8727737665176392
2748,P77674_wild,CCC=O,-0.09691001300805639,0.8107244968414307,-0.8693830370903015,1.8065013885498047
2749,P77674_wild,CC(=O)C=O,0.3979400086720376,0.38390934467315674,-1.0622683763504028,1.9645090103149414
2750,P77674_wild,C(C(C=O)O)O,1.0413926851582251,0.7822749018669128,-0.0260360948741436,1.9391895532608032
2751,P77674_wild,CCCCC=O,-1.0,1.2169063091278076,-1.4985644817352295,2.2403855323791504
2752,P77674_wild,CC(C)CC=O,-0.6989700043360187,0.7257915139198303,-1.0217703580856323,1.810976505279541
2753,P77674_wild,CCCCCCCCCCC=O,1.3617278360175928,0.01028215978294611,-2.2826526165008545,2.288560152053833
2754,P77674_wild,C1=CC=C(C=C1)C=O,-1.0,0.34911105036735535,-1.3459066152572632,1.8803248405456543
2755,P77674_wild,C1=CC(=CC=C1C=O)[N+](=O)[O-],-0.3010299956639812,0.33342263102531433,-1.761172890663147,2.2439959049224854
2756,P77674_wild,C1=CC=C(C=C1)CC=O,1.7075701760979363,0.3446473777294159,-1.4911848306655884,2.2742810249328613
2757,P77674_wild,C[N+](C)(C)CC=O,0.25527250510330607,0.27798327803611755,-0.5810583233833313,1.2698590755462646
2758,Q58504_wild,C1=NC(=C2C(=N1)N(C=N2)C3C(C(C(O3)COP(=O)(O)OP(=O)(O)OP(=O)(O)O)O)O)N,-0.9956786262173574,0.6548232436180115,-0.6073801517486572,1.4685888290405273
2759,Q58504_wild,C(CO)C(C(=O)O)N,-0.7258421507363202,1.0394222736358643,0.16313807666301727,1.025199055671692
2760,Q9NQH7_wild,CC(C(=O)O)NC(=O)C1CCCN1C(=O)C(CCSC)N,0.2095150145426309,2.084134817123413,0.025772977620363235,1.5684462785720825
2761,Q75CD7_wild,CC(C(=O)O)NC(=O)C1CCCN1C(=O)C(CCSC)N,0.35024801833416275,1.9162191152572632,0.20280803740024567,1.4680957794189453
2762,Q9NQH7_wild,CC(C)CC(C(=O)N1CCCC1C(=O)NC(C)C(=O)O)N,0.3891660843645324,2.2196567058563232,-0.06070205196738243,1.491265058517456
2763,Q75CD7_wild,CC(C)CC(C(=O)N1CCCC1C(=O)NC(C)C(=O)O)N,0.5943925503754267,2.0263724327087402,-0.021807681769132614,1.405885934829712
2764,Q9NQH7_wild,CC(C(=O)O)NC(=O)C1CCCN1C(=O)C(CC2=CC=CC=C2)N,0.48572142648157995,2.1617648601531982,0.07461082935333252,1.3032926321029663
2765,Q75CD7_wild,CC(C(=O)O)NC(=O)C1CCCN1C(=O)C(CC2=CC=CC=C2)N,0.4099331233312945,2.0082507133483887,0.23670867085456848,1.247673749923706
2766,Q9NQH7_wild,CC(C(=O)O)NC(=O)C1CCCN1C(=O)C(CC2=CC=C(C=C2)O)N,-0.2596373105057561,1.7632362842559814,-0.16103363037109375,1.423475742340088
2767,Q75CD7_wild,CC(C(=O)O)NC(=O)C1CCCN1C(=O)C(CC2=CC=C(C=C2)O)N,-0.619788758288394,1.6769541501998901,-0.08664485812187195,1.42350435256958
2768,Q9NQH7_wild,C1=CC(=CC=C1CC(C(=O)NC(CO)C(=O)NC(CO)C(=O)O)N)O,0.6910814921229685,0.7257665991783142,-0.3866674304008484,0.5364130139350891
2769,Q75CD7_wild,C1=CC(=CC=C1CC(C(=O)NC(CO)C(=O)NC(CO)C(=O)O)N)O,-0.15490195998574322,0.6083908677101135,-0.22161254286766052,0.3534928560256958
2770,Q9NQH7_wild,CC(C(=O)NC(C)C(=O)O)NC(=O)C(CC1=CC=C(C=C1)O)N,0.6232492903979004,0.9653623700141907,-0.381496787071228,0.935310959815979
2771,Q75CD7_wild,CC(C(=O)NC(C)C(=O)O)NC(=O)C(CC1=CC=C(C=C1)O)N,-0.18708664335714442,0.7679604291915894,-0.2476503700017929,0.7930967807769775
2772,Q7BLV3_wild,[Mn+2],-0.958607314841775,1.6397936344146729,-1.8187416791915894,1.9184951782226562
2773,Q7BLV3_D529E,C1=CN(C(=O)NC1=O)C2C(C(C(O2)COP(=O)(O)OP(=O)(O)OC3C(C(C(C(O3)C(=O)O)O)O)O)O)O,-0.6382721639824072,1.2571706771850586,-0.7971712350845337,1.564697027206421
2774,Q7BLV3_D529E,[Mn+2],-0.25181197299379965,1.6140062808990479,-1.8051847219467163,1.888418436050415
2775,Q7BLV3_D477N,CC(=O)NC1C(C(C(OC1OP(=O)(O)OP(=O)(O)OCC2C(C(C(O2)N3C=CC(=O)NC3=O)O)O)CO)O)O,-1.045757490560675,1.1602704524993896,-0.6645283102989197,1.2420010566711426
2776,Q7BLV3_D477K,CC(=O)NC1C(C(C(OC1OP(=O)(O)OP(=O)(O)OCC2C(C(C(O2)N3C=CC(=O)NC3=O)O)O)CO)O)O,-0.5528419686577808,1.0273563861846924,-0.6647794246673584,1.1003540754318237
2777,Q7BLV3_D477E,CC(=O)NC1C(C(C(OC1OP(=O)(O)OP(=O)(O)OCC2C(C(C(O2)N3C=CC(=O)NC3=O)O)O)CO)O)O,-0.8239087409443188,1.1275631189346313,-0.6546138525009155,1.2070629596710205
2778,Q7BLV3_D196N,C1=CN(C(=O)NC1=O)C2C(C(C(O2)COP(=O)(O)OP(=O)(O)OC3C(C(C(C(O3)C(=O)O)O)O)O)O)O,-0.619788758288394,1.2880656719207764,-0.8080933094024658,1.6010839939117432
2779,Q7BLV3_D196K,C1=CN(C(=O)NC1=O)C2C(C(C(O2)COP(=O)(O)OP(=O)(O)OC3C(C(C(C(O3)C(=O)O)O)O)O)O)O,-0.9393021596463883,1.1746153831481934,-0.7889733910560608,1.4816832542419434
2780,Q7BLV3_D196E,C1=CN(C(=O)NC1=O)C2C(C(C(O2)COP(=O)(O)OP(=O)(O)OC3C(C(C(C(O3)C(=O)O)O)O)O)O)O,-0.853871964321762,1.2730592489242554,-0.8020148277282715,1.5851483345031738
2781,P56073_wild,C1=NC(=C2C(=N1)N(C=N2)C3C(C(C(O3)COP(=O)(O)OP(=O)(O)OP(=O)(O)O)O)O)N,-0.9956786262173574,0.003941037692129612,-0.6591796875,1.0986686944961548
2782,P33025_wild,C1=CNC(=O)NC1=O,-0.770574152079305,-0.7265382409095764,-0.5857109427452087,0.5597789287567139
2783,P33025_K166A,C1=CNC(=O)NC1=O,-0.7894139750948436,-0.9243770837783813,-0.477641761302948,0.28275614976882935
2784,P33025_E31A,C1=CNC(=O)NC1=O,-0.7189666327522725,-1.0155186653137207,-0.47323739528656006,0.22645577788352966
2785,P33025_K93A,C1=CNC(=O)NC1=O,-0.5221555236612417,-0.7881990075111389,-0.4625038504600525,0.37592631578445435
2786,P33025_N289A,C1=CNC(=O)NC1=O,-0.6691805335041632,-0.8899388313293457,-0.49919795989990234,0.3480006456375122
2787,Q7XXT3_wild,N,1.1139433523068367,1.9731931686401367,1.212278127670288,0.5220170021057129
2788,Q7XXT3_wild,C1C=CN(C=C1C(=O)N)C2C(C(C(O2)COP(=O)(O)OP(=O)(O)OCC3C(C(C(O3)N4C=NC5=C(N=CN=C54)N)OP(=O)(O)O)O)O)O,-0.5686362358410126,1.0965334177017212,-1.2500718832015991,2.0102639198303223
2789,Q7XXT3_wild,C(CC(=O)O)C(=O)C(=O)O,-0.44369749923271273,1.1937172412872314,-0.33498823642730713,1.0716767311096191
2790,P15111_wild,C(CC(=O)O)C(=O)C(=O)O,-0.5686362358410126,1.6516605615615845,-0.49168795347213745,2.05387282371521
2791,P15111_K286R,C(CC(=O)O)C(=O)C(=O)O,-0.16749108729376366,1.636135220527649,-0.49127084016799927,2.0358240604400635
2792,P15111_K286Q,C(CC(=O)O)C(=O)C(=O)O,-0.16115090926274472,1.5746325254440308,-0.45011162757873535,1.9728444814682007
2793,P15111_K286E,C(CC(=O)O)C(=O)C(=O)O,0.0,1.499076247215271,-0.4364210367202759,1.9075199365615845
2794,P15111_K286E,N,0.7403626894942439,2.374486207962036,0.9555363059043884,1.1865999698638916
2795,P15111_K286Q,N,0.9344984512435677,2.447014331817627,0.9373245239257812,1.250383973121643
2796,P15111_K286R,N,0.568201724066995,2.506821632385254,0.8842214941978455,1.3208757638931274
2797,P15111_wild,N,0.5563025007672873,2.5291781425476074,0.8746905326843262,1.3224694728851318
2798,P15111_wild,C1C=CN(C=C1C(=O)N)C2C(C(C(O2)COP(=O)(O)OP(=O)(O)OCC3C(C(C(O3)N4C=NC5=C(N=CN=C54)N)OP(=O)(O)O)O)O)O,-2.1870866433571443,1.4916037321090698,-1.3228269815444946,2.629620313644409
2799,P15111_K286R,C1C=CN(C=C1C(=O)N)C2C(C(C(O2)COP(=O)(O)OP(=O)(O)OCC3C(C(C(O3)N4C=NC5=C(N=CN=C54)N)OP(=O)(O)O)O)O)O,-1.5228787452803376,1.470990777015686,-1.312705159187317,2.620680093765259
2800,P15111_K286Q,C1C=CN(C=C1C(=O)N)C2C(C(C(O2)COP(=O)(O)OP(=O)(O)OCC3C(C(C(O3)N4C=NC5=C(N=CN=C54)N)OP(=O)(O)O)O)O)O,-1.9030899869919435,1.3693429231643677,-1.283812403678894,2.5206282138824463
2801,P15111_K286E,C1C=CN(C=C1C(=O)N)C2C(C(C(O2)COP(=O)(O)OP(=O)(O)OCC3C(C(C(O3)N4C=NC5=C(N=CN=C54)N)OP(=O)(O)O)O)O)O,-1.6882461389442458,1.2747172117233276,-1.27339506149292,2.4444732666015625
2802,P15111_wild,C1C=CN(C=C1C(=O)N)C2C(C(C(O2)COP(=O)(O)OP(=O)(O)OCC3C(C(C(O3)N4C=NC5=C(N=CN=C54)N)O)O)O)O,0.3010299956639812,1.4274334907531738,-1.09637451171875,2.281240224838257
2803,P15111_K286R,C1C=CN(C=C1C(=O)N)C2C(C(C(O2)COP(=O)(O)OP(=O)(O)OCC3C(C(C(O3)N4C=NC5=C(N=CN=C54)N)O)O)O)O,0.25527250510330607,1.4023010730743408,-1.0885089635849,2.2664427757263184
2804,P15111_K286Q,C1C=CN(C=C1C(=O)N)C2C(C(C(O2)COP(=O)(O)OP(=O)(O)OCC3C(C(C(O3)N4C=NC5=C(N=CN=C54)N)O)O)O)O,0.3222192947339193,1.3151373863220215,-1.0638946294784546,2.169635057449341
2805,P15111_K286E,C1C=CN(C=C1C(=O)N)C2C(C(C(O2)COP(=O)(O)OP(=O)(O)OCC3C(C(C(O3)N4C=NC5=C(N=CN=C54)N)O)O)O)O,0.3222192947339193,1.223238229751587,-1.0531424283981323,2.107332706451416
2806,P15111_K278Q,C1C=CN(C=C1C(=O)N)C2C(C(C(O2)COP(=O)(O)OP(=O)(O)OCC3C(C(C(O3)N4C=NC5=C(N=CN=C54)N)OP(=O)(O)O)O)O)O,-1.9871627752948278,1.4692381620407104,-1.3133389949798584,2.594123125076294
2807,P15111_K278Q,C(CC(=O)O)C(=O)C(=O)O,-0.341035157335565,1.652787685394287,-0.4822940230369568,2.0475544929504395
2808,P15111_K278Q,N,0.376576957056512,2.5163941383361816,0.8923614621162415,1.3105593919754028
2809,P00370_wild,C(CC(=O)O)C(=O)C(=O)O,-0.1938200260161128,1.687403678894043,-0.4429582357406616,2.024686098098755
2810,P00370_wild,N,0.04139268515822508,2.643052101135254,0.816407322883606,1.3546762466430664
2811,P00370_wild,C1C=CN(C=C1C(=O)N)C2C(C(C(O2)COP(=O)(O)OP(=O)(O)OCC3C(C(C(O3)N4C=NC5=C(N=CN=C54)N)OP(=O)(O)O)O)O)O,-1.3979400086720375,1.4865797758102417,-1.2368828058242798,2.601713180541992
2812,Q1LCS4_wild,C1=CC(=C(C(=C1)O)N)C(=O)O,-1.6497519816658373,-0.4399263560771942,-1.345104694366455,0.2117074429988861
2813,Q1LCS4_R47A,C1=CC(=C(C(=C1)O)N)C(=O)O,-0.8326826652518239,-0.47227293252944946,-1.351670265197754,0.2060895711183548
2814,Q1LCS4_R99A,C1=CC(=C(C(=C1)O)N)C(=O)O,-0.05948351506743273,-0.40572765469551086,-1.331274151802063,0.23475512862205505
2815,Q1LCS4_E110A,C1=CC(=C(C(=C1)O)N)C(=O)O,-1.9913998282380825,-0.48538875579833984,-1.385959506034851,0.18431100249290466
2816,Q5PPL3_wild,CC(C)CCCC(C)C1CCC2C1(CCC3C2=CCC4C3(CCC(C4(C)C(=O)O)O)C)C,-2.154901959985743,-1.2788535356521606,-1.819811224937439,1.1617536544799805
2817,O20252_wild,C(C1C(C(C(O1)(COP(=O)(O)[O-])O)O)O)OP(=O)(O)[O-],-0.42021640338318983,1.3662782907485962,-1.7321367263793945,1.722191333770752
2818,O20252_wild,C(C(C(C(C(C(=O)COP(=O)(O)O)O)O)O)O)OP(=O)(O)O,-1.3010299956639813,1.1600193977355957,-1.2528082132339478,1.4455043077468872
2819,P46285_wild,C(C(C(C(C(C(=O)COP(=O)(O)O)O)O)O)O)OP(=O)(O)O,-1.8761483590329142,0.8807056546211243,-1.2436691522598267,1.2555086612701416
2820,Q5BJY6_wild,CC(=O)NC1C(C(C(OC1O)COP(=O)(O)O)O)O,-0.5228787452803376,0.4930366575717926,-0.24078896641731262,0.6410015225410461
2821,P0A9M0_wild,C1=NC(=C2C(=N1)N(C=N2)C3C(C(C(O3)COP(=O)(O)OP(=O)(O)OP(=O)(O)O)O)O)N,-0.6968039425795112,-0.3247167468070984,-0.46916061639785767,1.0202746391296387
2822,P0A9M0_S679A,C1=NC(=C2C(=N1)N(C=N2)C3C(C(C(O3)COP(=O)(O)OP(=O)(O)OP(=O)(O)O)O)O)N,-0.853871964321762,-0.43759894371032715,-0.45160937309265137,0.9212435483932495
2823,P0A9M0_K722A,C1=NC(=C2C(=N1)N(C=N2)C3C(C(C(O3)COP(=O)(O)OP(=O)(O)OP(=O)(O)O)O)O)N,-0.7235381958267558,-0.46661749482154846,-0.44845321774482727,0.8962968587875366
2824,P9WHH7_wild,CC1=CC(=O)C2=CC=CC=C2C1=O,-1.4473317838878068,-0.00020243879407644272,-1.587032437324524,2.3831565380096436
2825,P9WHH7_wild,C1C=CN(C=C1C(=O)N)C2C(C(C(O2)COP(=O)(O)OP(=O)(O)OCC3C(C(C(O3)N4C=NC5=C(N=CN=C54)N)O)O)O)O,-1.5528419686577808,0.4408492147922516,-0.8582472205162048,2.107982635498047
2826,P9WHH7_wild,CC1=CC(=O)C=C(C1=O)C,-2.7958800173440754,0.05553774535655975,-1.2944916486740112,1.8263599872589111
2827,P9WHH7_wild,C1C=CN(C=C1C(=O)N)C2C(C(C(O2)COP(=O)(O)OP(=O)(O)OCC3C(C(C(O3)N4C=NC5=C(N=CN=C54)N)OP(=O)(O)O)O)O)O,-3.3565473235138126,0.33492496609687805,-1.040906310081482,2.269432544708252
2828,P9WHH7_wild,C1=CC2=C(C(=O)C=CC2=O)C(=C1)O,-3.408935392973501,-0.052535928785800934,-1.5738701820373535,1.9875186681747437
2829,Q865Y9_wild,C1=CN(C(=O)NC1=O)C2C(C(C(O2)COP(=O)(O)OP(=O)(O)OC3C(C(C(C(O3)CO)O)O)O)O)O,-0.22184874961635637,-0.2103377729654312,-1.1132134199142456,0.8555233478546143
2830,Q865Y9_wild,C1=NC(=C2C(=N1)N(C=N2)C3C(C(C(O3)COP(=O)(O)OP(=O)(O)OCC4C(C(C(O4)O)O)O)O)O)N,0.23044892137827394,-0.045046884566545486,-1.3529146909713745,1.1994487047195435
2831,Q837U7_wild,C(CCNC(=O)N)CN,-1.2365720064370627,-0.1511746346950531,-0.20918001234531403,0.19373783469200134
2832,Q837U7_wild,C(CCN)CCN,0.8864907251724818,0.04648926109075546,0.06012703850865364,0.1469019055366516
2833,Q837U7_wild,C(CCNCCCN)CN,1.294466226161593,0.5418696403503418,-0.8400283455848694,0.7282862663269043
2834,Q837U7_wild,C(CCNCCCN)CNCCCN,-0.45593195564972444,0.2903936207294464,-1.1609017848968506,1.058329701423645
2835,Q837U7_wild,C(CCCN)CCN,0.8195439355418687,-0.013319171033799648,-0.09989094734191895,0.5563773512840271
2836,Q837U7_wild,C(CN)CN,0.4623979978989561,1.0205854177474976,-0.2275056540966034,0.4666905105113983
2837,Q8GAK6_wild,C1C(C(C(C(O1)O)O)O)O,1.1818435879447726,0.8757086992263794,1.5734373331069946,0.11154653131961823
2838,Q8GAK6_wild,C1=CC(=C[N+](=C1)C2C(C(C(O2)COP(=O)(O)OP(=O)(O)OCC3C(C(C(O3)N4C=NC5=C(N=CN=C54)N)OP(=O)(O)O)O)O)O)C(=O)N,-0.494850021680094,0.4621276557445526,-0.4892130494117737,1.4327552318572998
2839,P27217_wild,C(C1C(C(C(C(O1)OC2(C(C(C(O2)CO)O)O)CO)O)O)O)O,1.3074960379132128,0.6564780473709106,1.215162754058838,-0.1306169331073761
2840,P27217_wild,C(C1C(C(C(O1)(CO)OC2C(C(C(C(O2)COP(=O)(O)O)O)O)O)O)O)O,-1.069050968832477,0.3402442932128906,0.3045872747898102,0.2985494136810303
2841,Q6RYA0_G12T,CC(=O)OC1=CC=C(C=C1)[N+](=O)[O-],0.9395192526186185,0.5406611561775208,-0.49862387776374817,0.011449843645095825
2842,Q6RYA0_wild,CC(=O)OC1=CC=C(C=C1)[N+](=O)[O-],-0.494850021680094,0.6581354141235352,-0.536008894443512,0.13346439599990845
2843,Q6RYA0_G12T/M239K,CC(=O)OC1=CC=C(C=C1)[N+](=O)[O-],0.8808135922807914,0.4506318271160126,-0.47818440198898315,-0.08033403754234314
2844,P54715_wild,C(C1C(C(C(C(O1)OC2C(OC(C(C2O)O)O)CO)O)O)O)O,-2.3010299956639813,0.9442203044891357,-0.6977713108062744,1.2415658235549927
2845,P15723_wild,C1C(C(OC1N2C=NC3=C2N=C(NC3=O)N)COP(=O)(O)OP(=O)(O)OP(=O)(O)O)O,-2.0,-0.01037496980279684,-0.6874749064445496,-0.014050066471099854
2846,Q58178_wild,CC(C(=O)O)OP(=O)(O)OCC(C(C(CN1C2=CC(=O)C=CC2=CC3=C1NC(=O)NC3=O)O)O)O,-3.0,0.05220617353916168,-1.2927939891815186,1.9709880352020264
2847,P48534_S160M,C(C(C1C(=C(C(=O)O1)O)O)O)O,-0.9913998282380825,1.8315397500991821,0.28692105412483215,1.4567469358444214
2848,P48534_wild,C(C(C1C(=C(C(=O)O1)O)O)O)O,-0.4497716469449059,1.8362075090408325,0.2760821282863617,1.4817177057266235
2849,Q10N21_wild,C(C(C1C(=C(C(=O)O1)O)O)O)O,0.6020599913279624,1.9190618991851807,0.15524406731128693,1.462016224861145
2850,Q9FE01_wild,C(C(C1C(=C(C(=O)O1)O)O)O)O,0.0,1.9098281860351562,0.25127947330474854,1.410959005355835
2851,Q10N21_wild,OO,-0.5228787452803376,2.7643115520477295,-0.7456232905387878,2.441524028778076
2852,Q9FE01_wild,OO,-0.15490195998574322,2.7182464599609375,-0.6543498635292053,2.388441801071167
2853,Q50EJ2_wild,C1=NC(=C2C(=N1)N(C=N2)C3C(C(C(O3)COP(=O)(O)OP(=O)(O)OP(=O)(O)O)O)O)N,-2.657577319177794,-2.0058605670928955,-1.354951024055481,0.12957653403282166
2854,Q50EJ2_F112H,C1=NC(=C2C(=N1)N(C=N2)C3C(C(C(O3)COP(=O)(O)OP(=O)(O)OP(=O)(O)O)O)O)N,-2.5850266520291822,-2.321946144104004,-1.2838648557662964,-0.16823947429656982
2855,Q50EJ2_F112Y,C1=NC(=C2C(=N1)N(C=N2)C3C(C(C(O3)COP(=O)(O)OP(=O)(O)OP(=O)(O)O)O)O)N,-2.9208187539523753,-2.0703554153442383,-1.3313430547714233,0.054456353187561035
2856,Q50EJ2_F112W,C1=NC(=C2C(=N1)N(C=N2)C3C(C(C(O3)COP(=O)(O)OP(=O)(O)OP(=O)(O)O)O)O)N,-2.6989700043360187,-2.0694611072540283,-1.3312188386917114,0.057496726512908936
2857,Q50EJ2_F163A,C1=NC(=C2C(=N1)N(C=N2)C3C(C(C(O3)COP(=O)(O)OP(=O)(O)OP(=O)(O)O)O)O)N,-1.7986028756795485,-2.1148486137390137,-1.340981364250183,0.002694427967071533
2858,Q50EJ2_F187A,C1=NC(=C2C(=N1)N(C=N2)C3C(C(C(O3)COP(=O)(O)OP(=O)(O)OP(=O)(O)O)O)O)N,-2.9208187539523753,-1.9863231182098389,-1.3507754802703857,0.161784827709198
2859,Q50EJ2_wild,CC1=CC2=C(C=C1C)N(C=N2)C3C(C(C(O3)CO)OP(=O)([O-])OC(C)CNC(=O)CCC4(C(C5C6(C(C(C(=N6)C(=C7C(C(C(=N7)C=C8C(C(C(=N8)C(=C4[N-]5)C)CCC(=O)N)(C)C)CCC(=O)N)(C)CC(=O)N)C)CCC(=O)N)(C)CC(=O)N)C)CC(=O)N)C)O.[Co],-3.8860566476931635,-2.252263069152832,-2.459984540939331,1.4292962551116943
2860,Q50EJ2_F112H,CC1=CC2=C(C=C1C)N(C=N2)C3C(C(C(O3)CO)OP(=O)([O-])OC(C)CNC(=O)CCC4(C(C5C6(C(C(C(=N6)C(=C7C(C(C(=N7)C=C8C(C(C(=N8)C(=C4[N-]5)C)CCC(=O)N)(C)C)CCC(=O)N)(C)CC(=O)N)C)CCC(=O)N)(C)CC(=O)N)C)CC(=O)N)C)O.[Co],-2.552841968657781,-2.556272029876709,-2.3937206268310547,1.0849546194076538
2861,Q50EJ2_F112Y,CC1=CC2=C(C=C1C)N(C=N2)C3C(C(C(O3)CO)OP(=O)([O-])OC(C)CNC(=O)CCC4(C(C5C6(C(C(C(=N6)C(=C7C(C(C(=N7)C=C8C(C(C(=N8)C(=C4[N-]5)C)CCC(=O)N)(C)C)CCC(=O)N)(C)CC(=O)N)C)CCC(=O)N)(C)CC(=O)N)C)CC(=O)N)C)O.[Co],-3.2596373105057563,-2.3231873512268066,-2.426900863647461,1.3443280458450317
2862,Q50EJ2_F112W,CC1=CC2=C(C=C1C)N(C=N2)C3C(C(C(O3)CO)OP(=O)([O-])OC(C)CNC(=O)CCC4(C(C5C6(C(C(C(=N6)C(=C7C(C(C(=N7)C=C8C(C(C(=N8)C(=C4[N-]5)C)CCC(=O)N)(C)C)CCC(=O)N)(C)CC(=O)N)C)CCC(=O)N)(C)CC(=O)N)C)CC(=O)N)C)O.[Co],-3.113509274827518,-2.310244560241699,-2.4209072589874268,1.3355823755264282
2863,Q50EJ2_F163A,CC1=CC2=C(C=C1C)N(C=N2)C3C(C(C(O3)CO)OP(=O)([O-])OC(C)CNC(=O)CCC4(C(C5C6(C(C(C(=N6)C(=C7C(C(C(=N7)C=C8C(C(C(=N8)C(=C4[N-]5)C)CCC(=O)N)(C)C)CCC(=O)N)(C)CC(=O)N)C)CCC(=O)N)(C)CC(=O)N)C)CC(=O)N)C)O.[Co],-3.721246399047171,-2.382028102874756,-2.465553045272827,1.2734218835830688
2864,Q50EJ2_F187A,CC1=CC2=C(C=C1C)N(C=N2)C3C(C(C(O3)CO)OP(=O)([O-])OC(C)CNC(=O)CCC4(C(C5C6(C(C(C(=N6)C(=C7C(C(C(=N7)C=C8C(C(C(=N8)C(=C4[N-]5)C)CCC(=O)N)(C)C)CCC(=O)N)(C)CC(=O)N)C)CCC(=O)N)(C)CC(=O)N)C)CC(=O)N)C)O.[Co],-3.958607314841775,-2.2357964515686035,-2.466625928878784,1.452235221862793
2865,Q50EJ2_F112A,C1=NC(=C2C(=N1)N(C=N2)C3C(C(C(O3)COP(=O)(O)OP(=O)(O)OP(=O)(O)O)O)O)N,-1.4609239012072235,-2.249072551727295,-1.2944978475570679,-0.11965835094451904
2866,Q50EJ2_F112A,CC1=CC2=C(C=C1C)N(C=N2)C3C(C(C(O3)CO)OP(=O)([O-])OC(C)CNC(=O)CCC4(C(C5C6(C(C(C(=N6)C(=C7C(C(C(=N7)C=C8C(C(C(=N8)C(=C4[N-]5)C)CCC(=O)N)(C)C)CCC(=O)N)(C)CC(=O)N)C)CCC(=O)N)(C)CC(=O)N)C)CC(=O)N)C)O.[Co],-2.721246399047171,-2.4715676307678223,-2.403305768966675,1.138569951057434
2867,Q50EJ2_D35N,C1=NC(=C2C(=N1)N(C=N2)C3C(C(C(O3)COP(=O)(O)OP(=O)(O)OP(=O)(O)O)O)O)N,-0.9281179926938746,-2.4603946208953857,-1.2989736795425415,-0.25898873805999756
2868,Q50EJ2_D35N,CC1=CC2=C(C=C1C)N(C=N2)C3C(C(C(O3)CO)OP(=O)([O-])OC(C)CNC(=O)CCC4(C(C5C6(C(C(C(=N6)C(=C7C(C(C(=N7)C=C8C(C(C(=N8)C(=C4[N-]5)C)CCC(=O)N)(C)C)CCC(=O)N)(C)CC(=O)N)C)CCC(=O)N)(C)CC(=O)N)C)CC(=O)N)C)O.[Co],-2.619788758288394,-2.6910996437072754,-2.404264211654663,0.9971237778663635
2869,Q50EJ2_R128K,C1=NC(=C2C(=N1)N(C=N2)C3C(C(C(O3)COP(=O)(O)OP(=O)(O)OP(=O)(O)O)O)O)N,-2.207608310501746,-2.188728094100952,-1.2978216409683228,-0.015010952949523926
2870,Q50EJ2_R128K,CC1=CC2=C(C=C1C)N(C=N2)C3C(C(C(O3)CO)OP(=O)([O-])OC(C)CNC(=O)CCC4(C(C5C6(C(C(C(=N6)C(=C7C(C(C(=N7)C=C8C(C(C(=N8)C(=C4[N-]5)C)CCC(=O)N)(C)C)CCC(=O)N)(C)CC(=O)N)C)CCC(=O)N)(C)CC(=O)N)C)CC(=O)N)C)O.[Co],-3.0409586076789066,-2.3846757411956787,-2.3978638648986816,1.2651327848434448
2871,Q50EJ2_R132K,CC1=CC2=C(C=C1C)N(C=N2)C3C(C(C(O3)CO)OP(=O)([O-])OC(C)CNC(=O)CCC4(C(C5C6(C(C(C(=N6)C(=C7C(C(C(=N7)C=C8C(C(C(=N8)C(=C4[N-]5)C)CCC(=O)N)(C)C)CCC(=O)N)(C)CC(=O)N)C)CCC(=O)N)(C)CC(=O)N)C)CC(=O)N)C)O.[Co],-2.1249387366083,-2.4837968349456787,-2.384692668914795,1.167128086090088
2872,Q50EJ2_R132K,C1=NC(=C2C(=N1)N(C=N2)C3C(C(C(O3)COP(=O)(O)OP(=O)(O)OP(=O)(O)O)O)O)N,-2.0757207139381184,-2.284156084060669,-1.2914355993270874,-0.10856252908706665
2873,Q50EJ2_S159A,CC1=CC2=C(C=C1C)N(C=N2)C3C(C(C(O3)CO)OP(=O)([O-])OC(C)CNC(=O)CCC4(C(C5C6(C(C(C(=N6)C(=C7C(C(C(=N7)C=C8C(C(C(=N8)C(=C4[N-]5)C)CCC(=O)N)(C)C)CCC(=O)N)(C)CC(=O)N)C)CCC(=O)N)(C)CC(=O)N)C)CC(=O)N)C)O.[Co],-3.638272163982407,-2.334094762802124,-2.4585821628570557,1.3832228183746338
2874,Q50EJ2_S159A,C1=NC(=C2C(=N1)N(C=N2)C3C(C(C(O3)COP(=O)(O)OP(=O)(O)OP(=O)(O)O)O)O)N,-2.42021640338319,-2.098461866378784,-1.3456436395645142,0.09764799475669861
2875,Q50EJ2_D35N/R128K,CC1=CC2=C(C=C1C)N(C=N2)C3C(C(C(O3)CO)OP(=O)([O-])OC(C)CNC(=O)CCC4(C(C5C6(C(C(C(=N6)C(=C7C(C(C(=N7)C=C8C(C(C(=N8)C(=C4[N-]5)C)CCC(=O)N)(C)C)CCC(=O)N)(C)CC(=O)N)C)CCC(=O)N)(C)CC(=O)N)C)CC(=O)N)C)O.[Co],-2.431798275933005,-2.654792308807373,-2.376356840133667,0.9806358814239502
2876,Q50EJ2_D35N/R128K,C1=NC(=C2C(=N1)N(C=N2)C3C(C(C(O3)COP(=O)(O)OP(=O)(O)OP(=O)(O)O)O)O)N,-0.38721614328026455,-2.432262420654297,-1.2738369703292847,-0.2739255428314209
2877,Q50EJ2_D35E/R128K,C1=NC(=C2C(=N1)N(C=N2)C3C(C(C(O3)COP(=O)(O)OP(=O)(O)OP(=O)(O)O)O)O)N,-1.0177287669604316,-2.348288059234619,-1.2516534328460693,-0.1631019115447998
2878,Q50EJ2_D35E/R128K,CC1=CC2=C(C=C1C)N(C=N2)C3C(C(C(O3)CO)OP(=O)([O-])OC(C)CNC(=O)CCC4(C(C5C6(C(C(C(=N6)C(=C7C(C(C(=N7)C=C8C(C(C(=N8)C(=C4[N-]5)C)CCC(=O)N)(C)C)CCC(=O)N)(C)CC(=O)N)C)CCC(=O)N)(C)CC(=O)N)C)CC(=O)N)C)O.[Co],-2.5686362358410126,-2.549062728881836,-2.3602938652038574,1.1016961336135864
2879,Q50EJ2_D35R/R128D,C1=NC(=C2C(=N1)N(C=N2)C3C(C(C(O3)COP(=O)(O)OP(=O)(O)OP(=O)(O)O)O)O)N,0.9542425094393249,-2.6911556720733643,-1.1435978412628174,-0.5623535513877869
2880,Q50EJ2_D35R/R128D,CC1=CC2=C(C=C1C)N(C=N2)C3C(C(C(O3)CO)OP(=O)([O-])OC(C)CNC(=O)CCC4(C(C5C6(C(C(C(=N6)C(=C7C(C(C(=N7)C=C8C(C(C(=N8)C(=C4[N-]5)C)CCC(=O)N)(C)C)CCC(=O)N)(C)CC(=O)N)C)CCC(=O)N)(C)CC(=O)N)C)CC(=O)N)C)O.[Co],-0.9208187539523751,-2.871807098388672,-2.2564358711242676,0.6069205403327942
2881,Q50EJ2_wild,C1=NC2=C(N1C3C(C(C(O3)COP(=O)(O)OP(=O)(O)OP(=O)(O)O)O)O)N=C(NC2=O)N,0.06445798922691845,-2.1334965229034424,-1.2742947340011597,-0.12124043703079224
2882,Q50EJ2_wild,C1=NC2=C(C(=O)N1)N=CN2C3C(C(C(O3)COP(=O)(O)OP(=O)(O)OP(=O)(O)O)O)O,1.462397997898956,-2.0130608081817627,-1.1569560766220093,0.015630066394805908
2883,Q50EJ2_wild,C1C(C(OC1N2C=NC3=C(N=CN=C32)N)COP(=O)(O)OP(=O)(O)OP(=O)(O)O)O,-2.7958800173440754,-2.098989963531494,-1.1735090017318726,0.08120760321617126
2884,Q50EJ2_wild,C1=CN(C(=O)N=C1N)C2C(C(C(O2)COP(=O)(O)OP(=O)(O)OP(=O)(O)O)O)O,1.3424226808222062,-1.9398943185806274,-1.0853691101074219,-0.2697441577911377
2885,Q50EJ2_wild,C1=CN(C(=O)NC1=O)C2C(C(C(O2)COP(=O)(O)OP(=O)(O)OP(=O)(O)O)O)O,1.6020599913279625,-1.872702717781067,-1.0954279899597168,-0.40646588802337646
2886,P32329_wild,CC(C)CC(C(=O)NC(CCCN=C(N)N)C(=O)NC(CCCN=C(N)N)C(=O)NC(CCC(=O)N)C(=O)NC(CC1=CC=CC=C1)C(=O)NC(CCCCN)C(=O)NC(C(C)C)C(=O)NC(C(C)C)C(=O)NC(C(C)O)C(=O)O)NC(=O)C(CC2=CC=CC=C2)NC(=O)CNC(=O)CNC(=O)C(CC3=CC=C(C=C3)O)N,-1.1023729087095586,1.8983900547027588,-0.7100257277488708,2.4162511825561523
2887,P32329_wild,CCC(C)C(C(=O)NC(CCCN=C(N)N)C(=O)N1CCCC1C(=O)NC(CCCCN)C(=O)O)NC(=O)C(CCCN=C(N)N)NC(=O)C(CCCN=C(N)N)NC(=O)C(CC(C)C)NC(=O)C(CC2=CC=CC=C2)NC(=O)CNC(=O)CNC(=O)C(CC3=CC=C(C=C3)O)N,-0.8661418747966654,1.9541038274765015,-0.7245401740074158,2.361891746520996
2888,P32329_wild,CC(C)CC(C(=O)N)NC(=O)C(C(C)C)NC(=O)C(CCC(=O)O)NC(=O)CNC(=O)CNC(=O)C(CC(=O)N)NC(=O)C(C)NC(=O)C(CCC(=O)O)NC(=O)C(CCC(=O)O)NC(=O)C(CCC(=O)O)NC(=O)C(C(C)C)NC(=O)C(CCC(=O)O)NC(=O)C(CC(C)C)NC(=O)C1CCCN1C(=O)C(CC2=CC=C(C=C2)O)NC(=O)C(CC(C)C)NC(=O)C(CCC(=O)O)NC(=O)C(CC(=O)O)NC(=O)C(CCSC)NC(=O)C(CCCCN)NC(=O)C(CCCCN)NC(=O)C(CCSC)NC(=O)C(CC3=CC=CC=C3)NC(=O)CNC(=O)CNC(=O)C(CC4=CC=C(C=C4)O)N,-1.3565473235138126,2.128511905670166,-0.6284050345420837,2.247480869293213
2889,P38993_wild,O=O,-2.958607314841775,1.6066972017288208,-0.8869405388832092,1.7993299961090088
2890,P38993_wild,C1=CC(=CC=C1N)N,-0.045757490560675115,0.8708705902099609,-0.42094993591308594,0.9820733070373535
2891,P38993_wild,C1=CC=C(C(=C1)N)N,0.6180480967120927,0.973156213760376,-0.016989152878522873,0.7268556356430054
2892,P42206_wild,C(C(C(C(=O)O)O)O)(C(C(=O)O)O)O,-4.173925197299174,-0.455559104681015,-0.134804368019104,1.4081902503967285
2893,P42206_wild,C(C(C(C(=O)[O-])O)O)(C(C(=O)[O-])O)O,-3.744727494896694,-0.27552101016044617,-0.6600555777549744,1.3401682376861572
2894,P0AES2_wild,C(C(C(C(=O)O)O)O)(C(C(=O)O)O)O,-1.2218487496163564,-0.7804692387580872,-0.22467979788780212,1.3843371868133545
2895,P0AES2_wild,C(C(C(C(=O)[O-])O)O)(C(C(=O)[O-])O)O,-1.7958800173440752,-0.5385069251060486,-0.7677888870239258,1.325528860092163
2896,Q46915_wild,C(C(C(C(=O)[O-])O)O)(C(C(=O)[O-])O)O,-0.7695510786217261,-0.4667832553386688,-0.7597758769989014,1.364549160003662
2897,Q46915_wild,C(C(C(C(=O)O)O)O)(C(C(=O)O)O)O,-0.494850021680094,-0.7024739980697632,-0.19810032844543457,1.4080547094345093
2898,P37957_wild,CCCCCCCCCCCCCCCC(=O)OC1=CC=C(C=C1)[N+](=O)[O-],-1.0,1.6265757083892822,-0.6359662413597107,2.2137906551361084
2899,Q79F14_wild,CCCCCCCCCCCCCCCC(=O)OC1=CC=C(C=C1)[N+](=O)[O-],-0.6989700043360187,1.5619022846221924,-0.7539857029914856,2.087894916534424
2900,Q9UKM7_wild,CC(=O)NC(C=O)C(C(C(COC1C(C(C(C(O1)CO)O)O)OC2C(C(C(C(O2)CO)O)O)O)OC3C(C(C(C(O3)CO)O)O)O)OC4C(C(C(C(O4)CO)O)OC5C(C(C(C(O5)CO)O)O)O)OC6C(C(C(C(O6)CO)O)O)O)OC7C(C(C(C(O7)CO)O)OC8C(C(C(C(O8)CO)O)O)O)OC9C(C(C(C(O9)CO)O)O)O,-0.3979400086720376,-0.4110111892223358,-0.3120751678943634,0.5790231227874756
2901,P14060_D36A/K37R,C1=CC(=C[N+](=C1)C2C(C(C(O2)COP(=O)(O)OP(=O)(O)OCC3C(C(C(O3)N4C=NC5=C(N=CN=C54)N)OP(=O)(O)O)O)O)O)C(=O)N,-1.6861327796308467,-0.5165635347366333,-1.2342814207077026,1.392322301864624
2902,P14060_D36A/K37R,CC12CCC3C(C1CCC2=O)CC=C4C3(CCC(C4)O)C,-2.318758762624413,-1.0068433284759521,-2.3392727375030518,1.336209774017334
2903,P24815_wild,CC(=O)C1CCC2C1(CCC3C2CC=C4C3(CCC(C4)O)C)C,-4.119186407719209,-1.2239205837249756,-2.547086477279663,1.3211328983306885
2904,P26150_wild,CC(=O)C1CCC2C1(CCC3C2CC=C4C3(CCC(C4)O)C)C,-2.987162775294828,-1.1287684440612793,-2.475358486175537,1.3850281238555908
2905,P24815_wild,CC12CCC3C(C1CCC2=O)CC=C4C3(CCC(C4)O)C,-3.853871964321762,-1.1269968748092651,-2.350175142288208,1.4026403427124023
2906,P26150_wild,CC12CCC3C(C1CCC2=O)CC=C4C3(CCC(C4)O)C,-3.3098039199714866,-1.0150315761566162,-2.3018643856048584,1.4736268520355225
2907,P24815_wild,CC12CCC(CC1CCC3C2CCC4(C3CCC4O)C)O,-3.7958800173440754,-1.0085347890853882,-2.1420388221740723,1.396601915359497
2908,P26150_wild,CC12CCC(CC1CCC3C2CCC4(C3CCC4O)C)O,-3.337242168318426,-0.9123592376708984,-2.0574958324432373,1.4864976406097412
2909,P24815_wild,CC12CCC(=O)CC1CCC3C2CCC4(C3CCC4O)C,-2.2596373105057563,-1.0058313608169556,-2.4032223224639893,1.4965763092041016
2910,P26150_wild,CC12CCC(=O)CC1CCC3C2CCC4(C3CCC4O)C,-2.167491087293764,-0.8883218169212341,-2.3720991611480713,1.6061718463897705
2911,Q9N119_wild,CC(C)CCCC(C)C1CCC2C1(CCC3C2C(C=C4C3(CCC(C4)O)C)O)C,-3.522878745280338,-1.3502919673919678,-2.1543831825256348,1.1640018224716187
2912,Q9N119_wild,CC(CCCC(C)C1CCC2C1(CCC3C2C(C=C4C3(CCC(C4)O)C)O)C)CO,-3.494850021680094,-1.343832015991211,-1.963807225227356,0.895648717880249
2913,Q9M2W3_wild,CCCCCCCCCCCCCCCC(=O)OCC(COP(=O)(O)OP(=O)(O)OCC1C(C(C(O1)N2C=CC(=NC2=O)N)O)O)OC(=O)CCCCCCCCCCCCCCC,-1.7695510786217261,0.14651693403720856,-1.0174833536148071,1.1209821701049805
2914,Q9M2W3_wild,C(C(COP(=O)(O)O)O)O,-1.207608310501746,0.029125981032848358,-0.4330759644508362,0.3675198256969452
2915,O80952_wild,CCCCCCCCCCCCCCCC(=O)OCC(COP(=O)(O)OP(=O)(O)OCC1C(C(C(O1)N2C=CC(=NC2=O)N)O)O)OC(=O)CCCCCCCCCCCCCCC,-1.9208187539523751,-0.08396155387163162,-0.965614914894104,0.49319398403167725
2916,O80952_wild,C(C(COP(=O)(O)O)O)O,-1.2839966563652008,-0.11636710911989212,-0.3321473002433777,-0.30462807416915894
2917,P0ABF8_wild,C(C(COP(=O)(O)O)O)O,-0.494850021680094,0.4542013108730316,-0.6583123207092285,0.9258278608322144
2918,Q93ZN9_wild,C(CCN)CC(C(=O)O)N,1.7693773260761385,0.6410983204841614,0.47590941190719604,0.19692784547805786
2919,Q93ZN9_P398S,C(CCN)CC(C(=O)O)N,1.8536982117761744,0.6215481758117676,0.4801163673400879,0.17519135773181915
2920,Q9ZQI7_wild,C(CCN)CC(C(=O)O)N,-0.27572413039921095,0.17980119585990906,0.6374676823616028,0.1792304664850235
2921,Q93ZN9_P398S,C(CC(=O)O)C(=O)C(=O)O,0.2833012287035496,0.5085973143577576,-0.17322997748851776,0.9201962947845459
2922,Q9ZQI7_wild,C(CC(=O)O)C(=O)C(=O)O,0.41995574848975786,0.392924040555954,-0.11313721537590027,0.8718912601470947
2923,P03962_K59A,C1=C(N(C(=O)NC1=O)C2C(C(C(O2)COP(=O)(O)O)O)O)C(=O)O,-0.1938200260161128,-0.10300558060407639,-1.6490602493286133,1.4778623580932617
2924,Q9XGW0_wild,C1=CC(=C(C=C1C=CC(=O)O)O)O,-1.3279021420642825,-1.47794508934021,-1.3049074411392212,-0.07045069336891174
2925,Q9XGW0_wild,C1=CC=C(C(=C1)O)O,-0.5376020021010439,-0.6493194699287415,-1.0800515413284302,0.3403729796409607
2926,Q9XGW0_wild,C[S+](CCC(C(=O)[O-])N)CC1C(C(C(O1)N2C=NC3=C(N=CN=C32)N)O)O,-1.193820026016113,-0.9250558614730835,-1.5227192640304565,0.8126575946807861
2927,P38986_wild,C(C(C(=O)O)N)C(=O)N,-0.13076828026902382,1.2819126844406128,-0.31585779786109924,1.1381759643554688
2928,Q8VI04_wild,CC1=CC(=O)OC2=C1C=CC(=C2)NC(=O)CC(C(=O)O)N,0.38021124171160603,0.39896854758262634,-1.3026539087295532,1.6727900505065918
2929,Q8GXG1_wild,C(C(C(=O)O)N)C(=O)N,-0.050609993355087264,1.0022019147872925,0.09678131341934204,0.9335280060768127
2930,A0A0D4CYE3_wild,COC1=CC(=CC(=C1O)OC)C=NN=CC2=CC(=C(C(=C2)OC)O)OC,-1.7212463990471711,0.7252614498138428,-2.199930429458618,2.3984436988830566
2931,A0A0D4CYE3_wild,COC1=C(C(=CC=C1)OC)O,-0.4659738939438649,0.7320008277893066,-0.9257672429084778,1.736163854598999
2932,A0A0D4CYE3_wild,CCN1C2=C(C=C(C=C2)S(=O)(=O)O)SC1=NN=C3N(C4=C(S3)C=C(C=C4)S(=O)(=O)O)CC,-1.0555173278498313,1.4362294673919678,-1.3977481126785278,2.36625337600708
2933,A0A0D4CYE3_wild,COC1=CC=CC=C1O,-0.6126101736612706,0.6108089685440063,-0.7245718836784363,1.4398795366287231
2934,Q9XAL8_wild,CCN1C2=C(C=C(C=C2)S(=O)(=O)O)SC1=NN=C3N(C4=C(S3)C=C(C=C4)S(=O)(=O)O)CC,-0.8451197552812382,0.4612996578216553,-0.4152734875679016,0.9700500965118408
2935,Q9XAL8_wild,COC1=CC(=CC(=C1O)OC)C=NN=CC2=CC(=C(C(=C2)OC)O)OC,-1.9641701747471718,-0.7628352642059326,-1.272011637687683,0.7535313367843628
2936,Q9XAL8_wild,COC1=C(C(=CC=C1)OC)O,-1.2632052450756392,-0.1842057853937149,-0.21602694690227509,0.4346427619457245
2937,B5HSR1_M195L,COC1=C(C(=CC=C1)OC)O,0.10380372095595687,-0.41292858123779297,-0.2631065249443054,0.271504282951355
2938,B5HSR1_M220L,COC1=C(C(=CC=C1)OC)O,-0.13076828026902382,-0.4277900159358978,-0.2487684041261673,0.26262858510017395
2939,B5HSR1_M220L/T222L,COC1=C(C(=CC=C1)OC)O,-0.07058107428570727,-0.4484793245792389,-0.25933098793029785,0.2530709207057953
2940,B5HSR1_M293L,COC1=C(C(=CC=C1)OC)O,0.08990511143939793,-0.4266989529132843,-0.25353479385375977,0.259526789188385
2941,B5HSR1_M295L,COC1=C(C(=CC=C1)OC)O,-0.14874165128092473,-0.42464587092399597,-0.25384199619293213,0.26604580879211426
2942,D2KMW3_wild,CCN1C2=C(C=C(C=C2)S(=O)(=O)O)SC1=NN=C3N(C4=C(S3)C=C(C=C4)S(=O)(=O)O)CC,-0.3098039199714864,0.7438526749610901,-1.9930452108383179,1.9802814722061157
2943,D2KMW3_wild,COC1=CC(=CC(=C1O)OC)C=NN=CC2=CC(=C(C(=C2)OC)O)OC,-1.3979400086720375,0.7052314281463623,-2.743154287338257,2.123385429382324
2944,D2KMW3_wild,COC1=C(C(=CC=C1)OC)O,-0.958607314841775,0.9083918333053589,-1.689213514328003,1.3330836296081543
2945,D2KMW3_wild,COC1=CC=CC=C1O,-0.1366771398795441,0.6632034778594971,-1.1433976888656616,1.0520720481872559
2946,D2KMW3_wild,C1=CC=C(C(=C1)O)O,-0.08092190762392612,0.8312963247299194,-1.330243468284607,1.2836012840270996
2947,D2KMW3_wild,CC1=CC(=C(C=C1)O)O,-0.017728766960431554,0.47183170914649963,-1.396636724472046,0.8291924595832825
2948,D2KMW3_wild,C1=CC(=C(C(=C1)O)O)O,0.2624510897304295,0.656515896320343,-1.1105496883392334,1.2551004886627197
2949,B5HSR1_wild,COC1=C(C(=CC=C1)OC)O,-0.050609993355087264,-0.4119986295700073,-0.266661673784256,0.2737228274345398
2950,B5HSR1_wild,COC1=CC(=CC(=C1O)OC)C=NN=CC2=CC(=C(C(=C2)OC)O)OC,-1.8013429130455774,-0.980872392654419,-1.3866853713989258,0.6717391014099121
2951,B5HSR1_wild,CCN1C2=C(C=C(C=C2)S(=O)(=O)O)SC1=NN=C3N(C4=C(S3)C=C(C=C4)S(=O)(=O)O)CC,-0.44369749923271273,0.27386805415153503,-0.45162951946258545,0.90659499168396
2952,O68054_wild,COC1=C(C(=CC=C1)OC)O,0.00860017176191757,0.3354770243167877,-0.586639940738678,1.0234483480453491
2953,O68054_wild,COC1=CC(=CC(=C1O)OC)C(=O)O,-0.22914798835785574,0.36874786019325256,-0.60028475522995,0.8039538264274597
2954,O68054_wild,C1=CC(=C(C(=C1)O)[O-])C(=O)O,-0.8239087409443188,0.4597921669483185,-0.6034174561500549,0.8113040328025818
2955,Q9XAL8_S292A,CCN1C2=C(C=C(C=C2)S(=O)(=O)O)SC1=NN=C3N(C4=C(S3)C=C(C=C4)S(=O)(=O)O)CC,0.38021124171160603,0.45799145102500916,-0.42051640152931213,0.9730963110923767
2956,Q9XAL8_S292A,COC1=C(C(=CC=C1)OC)O,-0.9208187539523751,-0.19179658591747284,-0.21483010053634644,0.43453890085220337
2957,Q9XAL8_wild,C1=CC(=C(C=C1C2=C(C(=O)C3=C(C=C(C=C3O2)O)O)O)O)O,0.07918124604762482,0.19761046767234802,-0.9049636721611023,0.6256840229034424
2958,Q9XAL8_wild,C1=CC(=C(C=C1O)O)C2=C(C(=O)C3=C(C=C(C=C3O2)O)O)O,0.17609125905568124,0.2274983674287796,-1.078572154045105,0.6519219875335693
2959,Q9XAL8_S292A,C1=CC(=C(C=C1O)O)C2=C(C(=O)C3=C(C=C(C=C3O2)O)O)O,0.2041199826559248,0.2221241146326065,-1.0824735164642334,0.6540420651435852
2960,Q9XAL8_wild,C1=C(C=C(C(=C1O)O)O)C2=C(C(=O)C3=C(C=C(C=C3O2)O)O)O,-0.045757490560675115,0.3118005692958832,-0.752306342124939,0.5637112259864807
2961,A3QVH2_wild,CCN1C2=C(C=C(C=C2)S(=O)(=O)O)SC1=NN=C3N(C4=C(S3)C=C(C=C4)S(=O)(=O)O)CC,-0.3979400086720376,0.38488736748695374,-0.42102622985839844,0.9479342699050903
2962,A3QVH2_wild,COC1=C(C(=CC=C1)OC)O,0.630427875025024,-0.29703426361083984,-0.18708361685276031,0.3273567855358124
2963,A3QVH2_wild,C1=CC(=CC=C1N)N,0.14921911265537988,-0.2552475035190582,-0.3088683485984802,0.43853211402893066
2964,Q9XAL8_M298F,COC1=C(C(=CC=C1)OC)O,0.24229290498293096,-0.20773504674434662,-0.22312688827514648,0.41515541076660156
2965,Q9XAL8_V290A,COC1=C(C(=CC=C1)OC)O,0.4709981696608737,-0.18754827976226807,-0.2041109800338745,0.4360339641571045
2966,Q9XAL8_V290N,COC1=C(C(=CC=C1)OC)O,0.3008127941181169,-0.18085990846157074,-0.19024591147899628,0.42243558168411255
2967,Q9XAL8_M298F,CCN1C2=C(C=C(C=C2)S(=O)(=O)O)SC1=NN=C3N(C4=C(S3)C=C(C=C4)S(=O)(=O)O)CC,0.408748606184244,0.42532411217689514,-0.42963242530822754,0.951816201210022
2968,Q9XAL8_V290A,CCN1C2=C(C=C(C=C2)S(=O)(=O)O)SC1=NN=C3N(C4=C(S3)C=C(C=C4)S(=O)(=O)O)CC,1.19506899646859,0.4611673057079315,-0.4139896035194397,0.9739096164703369
2969,Q9XAL8_V290N,CCN1C2=C(C=C(C=C2)S(=O)(=O)O)SC1=NN=C3N(C4=C(S3)C=C(C=C4)S(=O)(=O)O)CC,0.8486201174341339,0.4753068685531616,-0.3998298645019531,0.9727103114128113
2970,J9S5G3_wild,CCN1C2=C(C=C(C=C2)S(=O)(=O)O)SC1=NN=C3N(C4=C(S3)C=C(C=C4)S(=O)(=O)O)CC,-0.5228787452803376,0.47730588912963867,-0.3954862952232361,1.0160433053970337
2971,B5HSR1_M295A,COC1=CC(=CC(=C1O)OC)C=NN=CC2=CC(=C(C(=C2)OC)O)OC,-1.0,-0.9997708797454834,-1.3669098615646362,0.6585172414779663
2972,B5HSR1_M295T,COC1=CC(=CC(=C1O)OC)C=NN=CC2=CC(=C(C(=C2)OC)O)OC,-1.2839966563652008,-1.0130051374435425,-1.3522273302078247,0.6427966356277466
2973,B5HSR1_M295Y,COC1=CC(=CC(=C1O)OC)C=NN=CC2=CC(=C(C(=C2)OC)O)OC,-0.721246399047171,-1.0039944648742676,-1.3884645700454712,0.6593626141548157
2974,B5HSR1_M295V,COC1=CC(=CC(=C1O)OC)C=NN=CC2=CC(=C(C(=C2)OC)O)OC,-1.0969100130080565,-1.0135273933410645,-1.3780324459075928,0.6607857942581177
2975,B5HSR1_M295F,COC1=CC(=CC(=C1O)OC)C=NN=CC2=CC(=C(C(=C2)OC)O)OC,-1.431798275933005,-0.9989659786224365,-1.3911243677139282,0.6677954196929932
2976,B5HSR1_M295L,COC1=CC(=CC(=C1O)OC)C=NN=CC2=CC(=C(C(=C2)OC)O)OC,-1.5686362358410126,-0.9906022548675537,-1.3806079626083374,0.6709157228469849
2977,B5HSR1_M295I,COC1=CC(=CC(=C1O)OC)C=NN=CC2=CC(=C(C(=C2)OC)O)OC,-1.3467874862246563,-0.9966843128204346,-1.3884726762771606,0.6666877865791321
2978,B5HSR1_M293G/M295L,COC1=CC(=CC(=C1O)OC)C=NN=CC2=CC(=C(C(=C2)OC)O)OC,-2.0457574905606752,-0.992118775844574,-1.3641360998153687,0.6652181148529053
2979,B5HSR1_V287N,COC1=CC(=CC(=C1O)OC)C=NN=CC2=CC(=C(C(=C2)OC)O)OC,-2.5228787452803374,-0.9936648011207581,-1.3728868961334229,0.6513475179672241
2980,B5HSR1_M195A/M293G/M295L,COC1=CC(=CC(=C1O)OC)C=NN=CC2=CC(=C(C(=C2)OC)O)OC,-2.431798275933005,-0.9990420341491699,-1.3577415943145752,0.6673583388328552
2981,B5HSR1_M195A/V287N/M293G/M295L,COC1=CC(=CC(=C1O)OC)C=NN=CC2=CC(=C(C(=C2)OC)O)OC,-2.1249387366083,-1.0082130432128906,-1.3442151546478271,0.6508580446243286
2982,B5HSR1_M293G,COC1=CC(=CC(=C1O)OC)C=NN=CC2=CC(=C(C(=C2)OC)O)OC,-1.3565473235138126,-0.9839470386505127,-1.3729697465896606,0.6651939153671265
2983,B5HSR1_M195A,COC1=CC(=CC(=C1O)OC)C=NN=CC2=CC(=C(C(=C2)OC)O)OC,-1.7212463990471711,-0.9890247583389282,-1.3785717487335205,0.6708226203918457
2984,G4XJK9_wild,C1=CC(=C(C=C1CC(C(=O)O)N)O)O,0.5899496013257077,1.154908537864685,-0.27768924832344055,0.3541809320449829
2985,G4XJK9_wild,CCN1C2=C(C=C(C=C2)S(=O)(=O)O)SC1=NN=C3N(C4=C(S3)C=C(C=C4)S(=O)(=O)O)CC,-0.36653154442041347,1.104567527770996,-0.7772332429885864,1.3819512128829956
2986,G4XJK9_wild,COC1=CC(=CC(=C1O)OC)C=NN=CC2=CC(=C(C(=C2)OC)O)OC,0.7466341989375788,0.38400205969810486,-1.4390884637832642,1.147291898727417
2987,G4XJK9_wild,COC1=CC=CC=C1O,0.21748394421390627,1.0288209915161133,-0.11745995283126831,0.5553760528564453
2988,A0A142CZ78_wild,CCN1C2=C(C=C(C=C2)S(=O)(=O)O)SC1=NN=C3N(C4=C(S3)C=C(C=C4)S(=O)(=O)O)CC,0.6009728956867482,1.4560716152191162,-1.9095326662063599,1.8472775220870972
2989,A0A142CZ78_wild,COC1=C(C(=CC=C1)OC)O,0.6263403673750424,1.236431360244751,-1.4064549207687378,1.2750152349472046
2990,A0A142CZ78_wild,COC1=CC=CC=C1O,0.5477747053878226,1.0377604961395264,-0.9951999187469482,1.0163319110870361
2991,Q9XAL8_wild,[C-]#N.[C-]#N.[C-]#N.[C-]#N.[C-]#N.[C-]#N.[Fe+2],-0.3467874862246563,1.007541537284851,0.01743704453110695,0.6067132353782654
2992,A0A0M4FJ81_wild,CCN1C2=C(C=C(C=C2)S(=O)(=O)O)SC1=NN=C3N(C4=C(S3)C=C(C=C4)S(=O)(=O)O)CC,-1.0,0.2883314788341522,-0.4307078719139099,0.9856674671173096
2993,A0A0M4FJ81_H165A,CCN1C2=C(C=C(C=C2)S(=O)(=O)O)SC1=NN=C3N(C4=C(S3)C=C(C=C4)S(=O)(=O)O)CC,-0.9208187539523751,0.3101004362106323,-0.4452464282512665,1.0055869817733765
2994,A0A0M4FJ81_H165F,CCN1C2=C(C=C(C=C2)S(=O)(=O)O)SC1=NN=C3N(C4=C(S3)C=C(C=C4)S(=O)(=O)O)CC,-0.3467874862246563,0.31383758783340454,-0.4455684423446655,0.9880634546279907
2995,A0A0M4FJ81_I170A,CCN1C2=C(C=C(C=C2)S(=O)(=O)O)SC1=NN=C3N(C4=C(S3)C=C(C=C4)S(=O)(=O)O)CC,-0.2006594505464183,0.2651757299900055,-0.4364800751209259,0.9869052171707153
2996,A0A0M4FJ81_I170F,CCN1C2=C(C=C(C=C2)S(=O)(=O)O)SC1=NN=C3N(C4=C(S3)C=C(C=C4)S(=O)(=O)O)CC,-0.6989700043360187,0.2736768126487732,-0.44937652349472046,0.9779700040817261
2997,A0A0M4FJ81_wild,COC1=C(C(=CC=C1)OC)O,0.7160033436347992,-0.2842150628566742,-0.23035740852355957,0.3676987290382385
2998,A0A0M4FJ81_H165A,COC1=C(C(=CC=C1)OC)O,0.7853298350107671,-0.262530654668808,-0.23421624302864075,0.3814612627029419
2999,S7U0W6_wild,CCN1C2=C(C=C(C=C2)S(=O)(=O)O)SC1=NN=C3N(C4=C(S3)C=C(C=C4)S(=O)(=O)O)CC,-0.835647144215563,1.457437515258789,-1.8778156042099,1.9824609756469727
3000,C4TGC2_wild,CC(C(=O)NC1=CC=C(C=C1)[N+](=O)[O-])N,0.14612803567823798,1.601840615272522,-0.871350109577179,1.8838491439819336
3001,C4TGC2_wild,C1=CC(=CC=C1NC(=O)CN)[N+](=O)[O-],0.38021124171160603,1.5766963958740234,-0.8736812472343445,1.526200532913208
3002,P0A9P4_wild,C(C(C(C(C(C(=O)O)N)O)O)O)O,1.136720567156407,0.5930153131484985,0.13909243047237396,0.9728819727897644
3003,P0A9P4_wild,CC1=NC=C(C(=C1O)C=O)COP(=O)(O)O,-0.10237290870955856,0.27509114146232605,-1.9146772623062134,1.7043451070785522
3004,Q5V0X0_wild,CC(C)(COP(=O)(O)OP(=O)(O)OCC1C(C(C(O1)N2C=NC3=C(N=CN=C32)N)O)OP(=O)(O)O)C(C(=O)NCCC(=O)NCCSC(=O)CC(C(=O)O)O)O,-1.045757490560675,1.5484087467193604,-0.6824435591697693,1.5654277801513672
3005,Q43077_wild,CNCCCCN,0.08635983067474823,0.3757518529891968,-0.3818761706352234,0.6421034932136536
3006,Q43077_wild,C(CCN)CN,-0.494850021680094,0.16585992276668549,-0.029588621109724045,0.4373546242713928
3007,Q43077_wild,C(CCN)CCN,-0.5850266520291821,-0.09596017748117447,0.23608222603797913,0.006048828363418579
3008,Q9FIL7_wild,C1=NC(=C2C(=N1)N(C=N2)C3C(C(C(O3)COP(=O)(O)OP(=O)(O)OP(=O)(O)O)O)O)N,-3.0,-0.5831602811813354,-0.9901934266090393,1.0372381210327148
3009,Q56257_wild,CC(C(=O)O)N,0.9294189257142927,1.1717896461486816,0.845344603061676,0.5493189096450806
3010,O25511_wild,CC(=O)NC1C(C(C(OC1OP(=O)(O)OP(=O)(O)OCC2C(C(C(O2)N3C=CC(=O)NC3=O)O)O)CO)O)O,-0.7986028756795485,-0.7954978942871094,-1.1705511808395386,0.5415343046188354
3011,O25511_wild,C1C=CN(C=C1C(=O)N)C2C(C(C(O2)COP(=O)(O)OP(=O)(O)OCC3C(C(C(O3)N4C=NC5=C(N=CN=C54)N)O)O)O)O,-1.3872161432802645,-0.701542854309082,-1.440050721168518,1.3489984273910522
3012,P50583_wild,C1=NC(=C2C(=N1)N(C=N2)C3C(C(C(O3)COP(=O)([O-])OP(=O)([O-])OP(=O)([O-])OP(=O)([O-])OCC4C(C(C(O4)N5C=NC6=C(N=CN=C65)N)O)O)O)O)N,-3.3010299956639813,0.15147094428539276,-1.3080910444259644,1.9365074634552002
3013,Q9U2M7_wild,C1=NC(=C2C(=N1)N(C=N2)C3C(C(C(O3)COP(=O)([O-])OP(=O)([O-])OP(=O)([O-])OP(=O)([O-])OCC4C(C(C(O4)N5C=NC6=C(N=CN=C65)N)O)O)O)O)N,-2.154901959985743,0.13610360026359558,-1.5598151683807373,1.4355354309082031
3014,P76395_wild,C1=CC(=CC=C1[N+](=O)[O-])OP(=O)(O)O,-0.6738690432892054,0.027804657816886902,0.19260744750499725,-0.49009808897972107
3015,P24518_wild,C1=NC(=C2C(=N1)N(C=N2)C3C(C(C(O3)COP(=O)(O)OP(=O)(O)OP(=O)(O)O)O)O)N,-2.9208187539523753,-0.1225285679101944,-1.2725759744644165,1.0959945917129517
3016,P24518_wild,C1=CC(=C[N+](=C1)C2C(C(C(O2)COP(=O)(O)[O-])O)O)C(=O)N,-1.0969100130080565,-0.1831309050321579,-0.9846671223640442,0.8712999224662781
3017,Q9KBQ2_wild,C1C(C(C(C(O1)O)O)O)O,1.5820633629117087,1.5012123584747314,1.6193217039108276,-0.00788944959640503
3018,Q9KBQ2_E268K,C1C(C(C(C(O1)O)O)O)O,1.640481436970422,1.4798717498779297,1.6044596433639526,-0.006986439228057861
3019,A9J246_wild,C(C1C(C(C(C(O1)O)O)O)O)O,1.8432327780980096,1.3757679462432861,1.884541392326355,-0.05707031488418579
3020,Q38UH2_wild,C1C(C(C(C(O1)O)O)O)O,1.4969296480732148,1.3473293781280518,1.678466796875,0.07439611852169037
3021,Q38UH2_wild,C(C1C(C(C(C(O1)O)O)O)O)O,1.7708520116421442,1.248045563697815,1.8508923053741455,-0.08961218595504761
3022,Q9S467_wild,[Mn+2],1.4082399653118496,1.565295696258545,-1.4484782218933105,1.8557125329971313
3023,Q8RMB9_wild,C1C(C(C(C(O1)O)O)O)O,2.0644579892269186,1.526505947113037,1.767354130744934,0.2078777402639389
3024,Q8RMB9_wild,C(C1C(C(C(C(O1)O)O)O)O)O,2.3979400086720375,1.3124189376831055,1.8885372877120972,0.13606591522693634
3025,Q9WYB3_wild,C1C(C(C(C(O1)O)O)O)O,1.4913616938342726,1.53826904296875,1.7412035465240479,0.2264329195022583
3026,Q9WYB3_wild,C(C1C(C(C(C(O1)O)O)O)O)O,1.7781512503836436,1.3417059183120728,1.8348959684371948,0.176349937915802
3027,P37351_wild,C(C(C(C(C(C=O)O)O)O)O)OP(=O)(O)O,-0.3010299956639812,1.2858941555023193,0.40545082092285156,0.9162178039550781
3028,P43309_wild,O=O,-0.6020599913279624,3.198162078857422,-0.729949414730072,1.7877039909362793
3029,P43309_wild,C1C(C(C(CC1(C(=O)O)O)OC(=O)C=CC2=CC(=C(C=C2)O)O)O)O,0.5365584425715301,2.433241367340088,0.0002564676105976105,1.3564043045043945
3030,O81103_wild,C1=CC=C(C(=C1)O)O,0.724275869600789,2.9770727157592773,0.16044975817203522,0.8299368619918823
3031,O81103_wild,C1C(C(C(CC1(C(=O)O)O)OC(=O)C=CC2=CC(=C(C=C2)O)O)O)O,0.43136376415898736,2.1750152111053467,0.014211013913154602,1.094897747039795
3032,O81103_wild,CC1=CC(=C(C=C1)O)O,0.3010299956639812,2.641350746154785,0.09407873451709747,0.6165531277656555
3033,O81103_wild,C1=CC(=C(C(=C1)O)O)O,1.0413926851582251,2.6746959686279297,0.39473146200180054,0.6816352605819702
3034,A0A097F4L1_wild,C1=NC(=C2C(=N1)N(C=N2)C3C(C(C(O3)COP(=O)(O)OP(=O)(O)OP(=O)(O)O)O)O)N,-3.958607314841775,0.43492183089256287,-1.4105790853500366,1.2441104650497437
3035,A0A097F4L1_wild,C1=C2C(=NC=NN2C(=C1)C3(C(C(C(O3)COP(=O)(O)OP(=O)(O)OP(=O)(O)O)O)O)C#N)N,-2.886056647693163,-0.022223196923732758,-1.7284682989120483,1.3730663061141968
3036,P30566_wild,C1=NC(=C2C(=N1)N(C=N2)C3C(C(C(O3)COP(=O)(O)O)O)O)NC(CC(=O)O)C(=O)O,-2.7958800173440754,-0.27414670586586,-1.5873454809188843,1.173269271850586
3037,P30566_wild,C1=NC(=C(N1C2C(C(C(O2)COP(=O)(O)O)O)O)N)C(=O)NC(CC(=O)O)C(=O)O,-2.6655462488490693,-0.36725401878356934,-1.618247151374817,1.1142396926879883
3038,P30566_S290A,C1=NC(=C2C(=N1)N(C=N2)C3C(C(C(O3)COP(=O)(O)O)O)O)NC(CC(=O)O)C(=O)O,-3.522878745280338,-0.4387179911136627,-1.5447924137115479,1.0460243225097656
3039,Q8LBA6_wild,C1(C(C(C(C(C1O)O)O)O)O)O,-0.3979400086720376,0.05092564970254898,-0.8411292433738708,0.7337017059326172
3040,Q68CK6_wild,C1=CC=C(C=C1)C(=O)[O-],-1.8860566476931633,-0.16238723695278168,-1.3248072862625122,0.9564312696456909
3041,Q68CK6_wild,CCCC(=O)[O-],-0.09691001300805639,0.3300277590751648,-0.19856105744838715,0.3693528473377228
3042,Q68CK6_wild,CCCCCCCCCC(=O)[O-],-0.958607314841775,-0.12658078968524933,-1.9851540327072144,1.1126123666763306
3043,Q68CK6_wild,CCCCCC(=O)[O-],-1.1307682802690238,-0.08556649833917618,-0.8148722052574158,0.6245763301849365
3044,Q68CK6_wild,CCCCCCCCCCCC(=O)[O-],-1.2218487496163564,-0.23277215659618378,-2.073023557662964,1.2033747434616089
3045,Q68CK6_wild,C1=CC=C(C=C1)CC(=O)O,-0.7958800173440752,0.4649701714515686,-1.2843141555786133,1.2983518838882446
3046,Q68CK6_wild,C1=CC=C(C(=C1)C(=O)O)[O-],-2.1307682802690238,0.036314234137535095,-1.8460140228271484,1.2955598831176758
3047,Q9LR30_wild,C(CC(=O)O)C(C(=O)O)N,0.2944662261615929,1.6879630088806152,0.51166832447052,0.9016002416610718
3048,Q9LR30_wild,C(=O)C(=O)[O-],-0.6777807052660807,1.6893341541290283,-0.21281194686889648,1.3528921604156494
3049,P08263_wild,C1=CC2=C3C(=C1)C=CC4=C3C(=CC5=C4C6C(O6)C(C5O)O)C=C2,-1.337242168318426,-1.1189749240875244,-1.56974458694458,0.5950703024864197
3050,P09210_wild,C1=CC2=C3C(=C1)C=CC4=C3C(=CC5=C4C6C(O6)C(C5O)O)C=C2,-1.0087739243075051,-1.4574475288391113,-1.4782418012619019,0.3384208381175995
3051,P08263_wild,C1=CC(=C(C=C1[N+](=O)[O-])[N+](=O)[O-])Cl,-0.5228787452803376,1.0762038230895996,-0.0741872638463974,0.7272144556045532
3052,P09210_wild,C1=CC(=C(C=C1[N+](=O)[O-])[N+](=O)[O-])Cl,-0.3010299956639812,0.7899120450019836,-0.041320089250802994,0.47306254506111145
3053,P08263_wild,CC12CCC3C(C1CCC2=O)CC=C4C3(CCC(=O)C4)C,-1.8063189704587186,0.6702240109443665,-2.1068336963653564,1.4617512226104736
3054,Q16772_A208M,CC12CCC3C(C1CCC2=O)CC=C4C3(CCC(=O)C4)C,-1.080921907623926,0.7172539234161377,-2.1510422229766846,1.6585599184036255
3055,Q16772_wild,CC12CCC3C(C1CCC2=O)CC=C4C3(CCC(=O)C4)C,-1.6382721639824072,0.7311532497406006,-2.135455369949341,1.675613284111023
3056,Q16772_G12A,CC12CCC3C(C1CCC2=O)CC=C4C3(CCC(=O)C4)C,-0.3767507096020995,0.7435897588729858,-2.141321897506714,1.675788402557373
3057,P26697_wild,C1=CC(=C(C=C1[N+](=O)[O-])[N+](=O)[O-])Cl,-0.038578905933551705,0.9214351773262024,-0.07933425903320312,0.7524797320365906
3058,P26697_F111A,C1=CC(=C(C=C1[N+](=O)[O-])[N+](=O)[O-])Cl,0.43264866001310665,0.8798737525939941,-0.05307380482554436,0.7306716442108154
3059,P26697_F111A/S208M,C1=CC(=C(C=C1[N+](=O)[O-])[N+](=O)[O-])Cl,0.4916417934775862,0.8629441261291504,-0.05611070618033409,0.7348676919937134
3060,P26697_F111A/K15L,C1=CC(=C(C=C1[N+](=O)[O-])[N+](=O)[O-])Cl,0.5806969397124367,0.7939791679382324,-0.034583818167448044,0.6312649250030518
3061,Q08392_wild,C1=CC(=C(C=C1[N+](=O)[O-])[N+](=O)[O-])Cl,0.44043676610577376,0.4616912305355072,0.0976296216249466,0.6613445281982422
3062,Q08392_R15K/E104G,C1=CC(=C(C=C1[N+](=O)[O-])[N+](=O)[O-])Cl,0.6414741105040995,0.4838045537471771,0.03409140184521675,0.7009605169296265
3063,Q08392_E104G/L208S,C1=CC(=C(C=C1[N+](=O)[O-])[N+](=O)[O-])Cl,0.35024801833416275,0.4817245900630951,0.042326170951128006,0.717694103717804
3064,P26697_wild,CCC(=C)C(=O)C1=C(C(=C(C=C1)OCC(=O)O)Cl)Cl,-1.5528419686577808,-0.05675547569990158,-1.1007760763168335,0.8739008903503418
3065,P26697_F111A,CCC(=C)C(=O)C1=C(C(=C(C=C1)OCC(=O)O)Cl)Cl,-0.9657727392294494,-0.10530365258455276,-1.0670217275619507,0.8375931978225708
3066,P26697_F111A/S208M,CCC(=C)C(=O)C1=C(C(=C(C=C1)OCC(=O)O)Cl)Cl,-0.9262816496538774,-0.11175260692834854,-1.06429922580719,0.8346283435821533
3067,P26697_F111A/K15L,CCC(=C)C(=O)C1=C(C(=C(C=C1)OCC(=O)O)Cl)Cl,-1.0560111249262283,-0.16785050928592682,-1.0286575555801392,0.728996992111206
3068,Q08392_wild,CCC(=C)C(=O)C1=C(C(=C(C=C1)OCC(=O)O)Cl)Cl,-1.3675427078152758,-0.6622777581214905,-0.8090570569038391,0.7709474563598633
3069,Q08392_R15K/E104G,CCC(=C)C(=O)C1=C(C(=C(C=C1)OCC(=O)O)Cl)Cl,-1.4001169279263121,-0.623827338218689,-0.892306923866272,0.8398923873901367
3070,Q08392_E104G/L208S,CCC(=C)C(=O)C1=C(C(=C(C=C1)OCC(=O)O)Cl)Cl,-1.8827287043442358,-0.6247414350509644,-0.8823674321174622,0.862014889717102
3071,P28161_wild,C1=CC(=C(C=C1[N+](=O)[O-])[N+](=O)[O-])Cl,-0.5850266520291821,1.005350112915039,0.0568741150200367,0.9562379717826843
3072,P28161_wild,C(CC(=O)NC(CS)C(=O)NCC(=O)O)C(C(=O)O)N,-1.958607314841775,1.053877353668213,-0.1732081025838852,1.379765510559082
3073,P09488_wild,C1=CC(=C(C=C1[N+](=O)[O-])[N+](=O)[O-])Cl,-0.5086383061657274,0.9839224815368652,-0.04474318027496338,0.8859274387359619
3074,P09488_wild,C(CC(=O)NC(CS)C(=O)NCC(=O)O)C(C(=O)O)N,-0.853871964321762,0.991610050201416,-0.20659239590168,1.2743024826049805
3075,Q03013_wild,C1=CC(=C(C=C1[N+](=O)[O-])[N+](=O)[O-])Cl,-0.0757207139381183,0.8146178722381592,0.03126106038689613,0.7250481843948364
3076,Q03013_wild,C(CC(=O)NC(CS)C(=O)NCC(=O)O)C(C(=O)O)N,-0.3979400086720376,0.8147344589233398,-0.12231060862541199,1.0431255102157593
3077,P28161_wild,C1=C(C=C(C(=C1[N+](=O)[O-])Cl)[N+](=O)[O-])C(=O)O,-0.6575773191777937,1.2066636085510254,-0.2713572084903717,1.0203673839569092
3078,P09488_wild,C1=C(C=C(C(=C1[N+](=O)[O-])Cl)[N+](=O)[O-])C(=O)O,-2.0,1.177065372467041,-0.33793914318084717,0.9506503343582153
3079,Q03013_wild,C1=C(C=C(C(=C1[N+](=O)[O-])Cl)[N+](=O)[O-])C(=O)O,-1.3979400086720375,1.0267689228057861,-0.28172147274017334,0.8079468607902527
3080,Q12390_wild,C(CC(=O)NC(CS)C(=O)NCC(=O)O)C(C(=O)O)N,0.6989700043360189,0.7574470639228821,0.13229182362556458,0.36797034740448
3081,Q12390_wild,C1=CC(=C(C=C1[N+](=O)[O-])[N+](=O)[O-])Cl,-0.6989700043360187,0.8043034076690674,-0.3635862469673157,0.6663367748260498
3082,P08263_wild,C(CC(=O)NC(CS)C(=O)NCC(=O)O)C(C(=O)O)N,-1.045757490560675,0.994012713432312,-0.09439876675605774,0.9342460036277771
3083,P08263_M208A,C(CC(=O)NC(CS)C(=O)NCC(=O)O)C(C(=O)O)N,-0.494850021680094,1.0047495365142822,-0.07768179476261139,0.9546806812286377
3084,P08263_R15K,C(CC(=O)NC(CS)C(=O)NCC(=O)O)C(C(=O)O)N,-0.3372421683184259,0.9709742665290833,-0.1020698994398117,0.9254611730575562
3085,P0ACA7_wild,C(C(=O)[O-])Br,0.6989700043360189,1.3550833463668823,0.41635701060295105,0.8302072286605835
3086,P21266_wild,C(CC(=O)NC(CS)C(=O)NCC(=O)O)C(C(=O)O)N,-1.0757207139381184,0.9559703469276428,-0.17437507212162018,1.2266892194747925
3087,P21266_wild,C1=CC(=C(C=C1[N+](=O)[O-])[N+](=O)[O-])Cl,0.04139268515822508,0.9146272540092468,-0.05736469104886055,0.9566051959991455
3088,P21266_N213G,C(CC(=O)NC(CS)C(=O)NCC(=O)O)C(C(=O)O)N,-0.9208187539523751,0.97601318359375,-0.15994426608085632,1.2294198274612427
3089,P21266_N213G,C1=CC(=C(C=C1[N+](=O)[O-])[N+](=O)[O-])Cl,-0.38721614328026455,0.9324601888656616,-0.038664620369672775,0.9612057209014893
3090,P46439_wild,C(CC(=O)NC(CS)C(=O)NCC(=O)O)C(C(=O)O)N,-0.4089353929735008,1.0614656209945679,-0.14701209962368011,1.2400997877120972
3091,P46439_wild,C1=CC(=C(C=C1[N+](=O)[O-])[N+](=O)[O-])Cl,-1.0,1.0157631635665894,-0.010636579245328903,0.8433985710144043
3092,Q9N4X8_wild,CCCCCC(C=CC=O)O,-1.3010299956639813,0.33434373140335083,-0.3861614465713501,0.7644116878509521
3093,P24472_wild,CCCCCC(C=CC=O)O,-1.1549019599857433,0.3629216253757477,-0.5046765208244324,0.6238025426864624
3094,Q9Z1B2_wild,C(CC(=O)NC(CS)C(=O)NCC(=O)O)C(C(=O)O)N,-0.853871964321762,0.8467272520065308,-0.28527283668518066,1.1212009191513062
3095,Q9Z1B2_wild,C1=CC(=C(C=C1[N+](=O)[O-])[N+](=O)[O-])Cl,0.03342375548694973,0.7908978462219238,-0.16023465991020203,0.8551889657974243
3096,P48774_wild,C(CC(=O)NC(CS)C(=O)NCC(=O)O)C(C(=O)O)N,-0.853871964321762,0.964218020439148,-0.30040737986564636,1.111452579498291
3097,P48774_wild,C1=CC(=C(C=C1[N+](=O)[O-])[N+](=O)[O-])Cl,0.04139268515822508,0.8980007171630859,-0.15325063467025757,0.8376979827880859
3098,P08515_wild,C1=CC(=C(C=C1[N+](=O)[O-])[N+](=O)[O-])Cl,0.21748394421390627,0.8105440139770508,-0.03709166869521141,0.8180474042892456
3099,P08515_wild,C(CC(=O)NC(CS)C(=O)NCC(=O)O)C(C(=O)O)N,-0.7011469235902933,0.8630987405776978,-0.13484270870685577,0.9561688899993896
3100,Q9SU56_wild,C[N+]1=C2C=CC=CC2=NC3=CC=CC=C31.COS(=O)(=O)[O-],-1.585026652029182,1.278980016708374,-0.6477860808372498,1.9991521835327148
3101,Q9SU56_wild,C1=CC(=O)C=CC1=O,-0.5528419686577808,1.3480762243270874,-1.2557835578918457,2.0769906044006348
3102,P80887_wild,[O-]P(=O)([O-])OP(=O)([O-])[O-],-1.489454989793388,2.5395631790161133,-1.4549891948699951,2.4922966957092285
3103,Q12594_wild,CC(=CCOP(=O)(O)OP(=O)(O)O)C,-2.1426675035687315,-1.3009979724884033,-0.7550556063652039,0.1634988784790039
3104,Q12594_wild,C1=CC=C2C(=C1)C(=CN2)CC(C(=O)O)N,-2.00436480540245,-1.0560319423675537,-0.4733401834964752,0.11690998077392578
3105,Q3S4B7_wild,C1=CC(=CC(=C1)[O-])C(=O)O,-1.1877553031996309,0.11114644259214401,-0.9116912484169006,0.7665022611618042
3106,Q3S4B7_wild,C1C=CN(C=C1C(=O)N)C2C(C(C(O2)COP(=O)(O)OP(=O)(O)OCC3C(C(C(O3)N4C=NC5=C(N=CN=C54)N)O)O)O)O,-0.30715308072277003,0.5508759021759033,-1.017504334449768,1.9774086475372314
3107,Q3S4B7_wild,C1C=CN(C=C1C(=O)N)C2C(C(C(O2)COP(=O)(O)OP(=O)(O)OCC3C(C(C(O3)N4C=NC5=C(N=CN=C54)N)OP(=O)(O)O)O)O)O,-0.06550154875643228,0.48773011565208435,-1.2129226922988892,2.1965394020080566
3108,Q9F131_wild,C1C=CN(C=C1C(=O)N)C2C(C(C(O2)COP(=O)(O)OP(=O)(O)OCC3C(C(C(O3)N4C=NC5=C(N=CN=C54)N)O)O)O)O,-0.9507819773298184,0.7563819885253906,-1.0040414333343506,2.2558515071868896
3109,Q9F131_wild,C1C=CN(C=C1C(=O)N)C2C(C(C(O2)COP(=O)(O)OP(=O)(O)OCC3C(C(C(O3)N4C=NC5=C(N=CN=C54)N)OP(=O)(O)O)O)O)O,-0.6478174818886375,0.6793959140777588,-1.1785510778427124,2.468956470489502
3110,O31751_wild,CC(=C)CCOP(=O)(O)OP(=O)(O)O,-2.070581074285707,-0.6023930311203003,-0.8525842428207397,0.9048657417297363
3111,P06617_wild,C1=CC=C2C(=C1)C(=CN2)CC(C(=O)O)N,-1.3979400086720375,0.013623044826090336,-1.1945067644119263,0.663830041885376
3112,P06617_R98K,O=O,-0.853871964321762,0.8882650136947632,-1.2813256978988647,1.260312557220459
3113,P06617_R98K,C1=CC=C2C(=C1)C(=CN2)CC(C(=O)O)N,-0.5228787452803376,-0.09701328724622726,-1.1819789409637451,0.585149347782135
3114,P06617_R98A,O=O,-1.1739251972991736,0.8068314790725708,-1.2045172452926636,1.1532412767410278
3115,P06617_R98A,C1=CC=C2C(=C1)C(=CN2)CC(C(=O)O)N,0.5185139398778875,-0.20232701301574707,-1.1094646453857422,0.4754178524017334
3116,P06617_wild,C1=CC=C(C=C1)CC(C(=O)O)N,0.38021124171160603,0.7974859476089478,-1.026800513267517,0.8446172475814819
3117,P06617_wild,CSCCC(C(=O)O)N,1.3424226808222062,0.8309087753295898,-0.5173069834709167,0.6281393766403198
3118,Q7XXT3_wild,C1C=CN(C=C1C(=O)N)C2C(C(C(O2)COP(=O)(O)OP(=O)(O)OCC3C(C(C(O3)N4C=NC5=C(N=CN=C54)N)O)O)O)O,-1.1549019599857433,1.1384451389312744,-1.120751976966858,1.8236050605773926
3119,Q7XXT3_wild,C1=CC(=C[N+](=C1)C2C(C(C(O2)COP(=O)([O-])OP(=O)(O)OCC3C(C(C(O3)N4C=NC5=C(N=CN=C54)N)O)O)O)O)C(=O)N,-0.853871964321762,0.7683056592941284,-0.7595822215080261,1.0944323539733887
3120,Q7XXT3_wild,C(CC(=O)O)C(C(=O)O)N,-0.1938200260161128,0.5235219597816467,0.36338260769844055,0.5975176095962524
3121,P24295_wild,C(CC(=O)O)C(C(=O)O)N,0.48287358360875376,1.1559536457061768,0.38332879543304443,1.020821213722229
3122,P24295_wild,C(CC(=O)O)C(=O)C(=O)O,-0.6575773191777937,2.0613560676574707,-0.1058611273765564,1.5576860904693604
3123,P24295_wild,C1=CC(=C[N+](=C1)C2C(C(C(O2)COP(=O)([O-])OP(=O)(O)OCC3C(C(C(O3)N4C=NC5=C(N=CN=C54)N)O)O)O)O)C(=O)N,-0.9469215565165803,1.0032700300216675,-0.4236450493335724,1.2455605268478394
3124,A0R1C2_wild,C(CC(=O)O)C(C(=O)O)N,1.919078092376074,0.5514366030693054,0.12495557963848114,0.21943581104278564
3125,A0R1C2_wild,N,1.6532125137753437,1.5254483222961426,1.138670802116394,0.17702442407608032
3126,P00370_wild,C1=CC(=C[N+](=C1)C2C(C(C(O2)COP(=O)([O-])OP(=O)(O)OCC3C(C(C(O3)N4C=NC5=C(N=CN=C54)N)O)O)O)O)C(=O)N,1.3360592778663494,1.0735812187194824,-0.5876376032829285,1.3480234146118164
3127,P00370_K286Q/R289Q/R292Q,C1=CC(=C[N+](=C1)C2C(C(C(O2)COP(=O)([O-])OP(=O)(O)OCC3C(C(C(O3)N4C=NC5=C(N=CN=C54)N)O)O)O)O)C(=O)N,1.3836358683618797,0.9377742409706116,-0.5417214035987854,1.1658138036727905
3128,P00370_K286Q/R289Q/R292Q/S264L,C1=CC(=C[N+](=C1)C2C(C(C(O2)COP(=O)([O-])OP(=O)(O)OCC3C(C(C(O3)N4C=NC5=C(N=CN=C54)N)O)O)O)O)C(=O)N,1.2895889525425968,1.0319910049438477,-0.5536817312240601,1.2448372840881348
3129,P00370_K286Q/R289Q/R292Q/S264L/S240A,C1=CC(=C[N+](=C1)C2C(C(C(O2)COP(=O)([O-])OP(=O)(O)OCC3C(C(C(O3)N4C=NC5=C(N=CN=C54)N)O)O)O)O)C(=O)N,1.1379867327235316,1.0332369804382324,-0.5493382215499878,1.2475579977035522
3130,P15244_wild,C(CC(C(=O)O)N)CN,0.5185139398778875,0.7141757607460022,-0.051814738661050797,0.5715872645378113
3131,P15244_wild,CC(=O)C(=O)[O-],-0.8239087409443188,1.1082676649093628,-0.052657272666692734,0.7514099478721619
3132,P15244_wild,C1C=CN(C=C1C(=O)N)C2C(C(C(O2)COP(=O)(O)OP(=O)(O)OCC3C(C(C(O3)N4C=NC5=C(N=CN=C54)N)OP(=O)(O)O)O)O)O,-2.1804560644581312,0.8924993276596069,-1.1207467317581177,1.9836105108261108
3133,P15244_wild,C(CCN)CC(C(=O)O)N,-1.7399286120149253,0.1140560731291771,0.2697593867778778,0.3102693259716034
3134,A5HZ59_wild,CC(=O)C(=O)[O-],-0.8239087409443188,1.0595948696136475,0.01719878986477852,0.7158543467521667
3135,A5HZ59_wild,C(CC(C(=O)O)N)CN,1.469822015978163,0.9150590896606445,0.2241053581237793,0.5258429050445557
3136,A5HZ59_wild,C1C=CN(C=C1C(=O)N)C2C(C(C(O2)COP(=O)(O)OP(=O)(O)OCC3C(C(C(O3)N4C=NC5=C(N=CN=C54)N)OP(=O)(O)O)O)O)O,-2.530177984021837,1.0249439477920532,-1.0427623987197876,2.052272081375122
3137,P48500_wild,C(C(=O)COP(=O)(O)O)O,-0.060480747381381476,1.6488937139511108,-0.45157063007354736,2.032813549041748
3138,P52270_S20Q/L47V/I49L/P50A/Y87F/I89V,C(C(C=O)O)OP(=O)(O)O,-0.3979400086720376,2.789212226867676,-0.5055272579193115,2.4836902618408203
3139,P00940_E165D,C(C(=O)COP(=O)(O)O)O,0.07918124604762482,1.4926860332489014,-0.42506903409957886,1.8850746154785156
3140,P00940_E165D,C(C(C=O)O)OP(=O)(O)O,-1.1079053973095196,2.13655161857605,-0.5288438200950623,2.5305144786834717
3141,P00940_E165D/G10S,C(C(=O)COP(=O)(O)O)O,0.04139268515822508,1.2643606662750244,-0.37938880920410156,1.6812365055084229
3142,P00940_E165D/G10S,C(C(C=O)O)OP(=O)(O)O,-0.7447274948966939,1.872328281402588,-0.5046258568763733,2.2760636806488037
3143,P00940_E165D/S96P,C(C(=O)COP(=O)(O)O)O,-1.275724130399211,1.1807094812393188,-0.3913019299507141,1.6269378662109375
3144,P00940_E165D/S96P,C(C(C=O)O)OP(=O)(O)O,-1.1804560644581312,1.8070613145828247,-0.5069147944450378,2.211336612701416
3145,P00940_E165D/S96T,C(C(=O)COP(=O)(O)O)O,0.11394335230683679,1.4260544776916504,-0.40343138575553894,1.8223196268081665
3146,P00940_E165D/S96T,C(C(C=O)O)OP(=O)(O)O,-1.0,2.0582480430603027,-0.5209211707115173,2.449706554412842
3147,P00940_E165D/E97D,C(C(=O)COP(=O)(O)O)O,-0.03151705144606486,1.1330229043960571,-0.34997326135635376,1.5805609226226807
3148,P00940_E165D/E97D,C(C(C=O)O)OP(=O)(O)O,-1.1023729087095586,1.736875057220459,-0.4722142815589905,2.1573550701141357
3149,P00940_E165D/V167D,C(C(=O)COP(=O)(O)O)O,0.23044892137827394,1.0300016403198242,-0.3423120975494385,1.4830100536346436
3150,P00940_E165D/V167D,C(C(C=O)O)OP(=O)(O)O,-0.7695510786217261,1.6667981147766113,-0.4880562722682953,2.0295329093933105
3151,P00940_E165D/G233R,C(C(=O)COP(=O)(O)O)O,-0.4814860601221125,1.0744705200195312,-0.3934006690979004,1.5054104328155518
3152,P00940_E165D/G233R,C(C(C=O)O)OP(=O)(O)O,-1.537602002101044,1.6956000328063965,-0.5453528165817261,2.0928902626037598
3153,P60174_wild,C(C(C=O)O)OP(=O)(O)O,-1.8860566476931633,2.294985294342041,-0.5002595782279968,2.718137264251709
3154,P60174_wild,C(C(=O)COP(=O)(O)O)O,-0.7695510786217261,1.7109384536743164,-0.4045450687408447,2.0414788722991943
3155,P00939_wild,C(C(C=O)O)OP(=O)(O)O,-0.494850021680094,2.335400342941284,-0.4984376132488251,2.7255301475524902
3156,P00939_wild,C(C(=O)COP(=O)(O)O)O,-0.22184874961635637,1.7433581352233887,-0.3714805841445923,2.047083854675293
3157,P48500_wild,C(C(C=O)O)OP(=O)(O)O,-0.3372421683184259,2.2821249961853027,-0.6371276378631592,2.7073490619659424
3158,P0A858_wild,C(C(C=O)O)OP(=O)(O)O,-0.5228787452803376,2.5953431129455566,-0.1255527138710022,2.4409217834472656
3159,P0A858_wild,C(C(=O)COP(=O)(O)O)O,0.4471580313422192,1.8952738046646118,-0.13526953756809235,1.8829257488250732
3160,O02611_wild,C(C(C=O)O)OP(=O)(O)O,-0.494850021680094,2.793186664581299,-0.5932682156562805,2.6199123859405518
3161,O02611_wild,C(C(=O)COP(=O)(O)O)O,-0.35163998901906846,2.1936042308807373,-0.5067387223243713,2.09921932220459
3162,P48494_wild,C(C(C=O)O)OP(=O)(O)O,-3.8924508702553138,2.647843837738037,-0.40930667519569397,2.7945327758789062
3163,B2JA20_wild,C(C(C=O)O)OP(=O)(O)O,-0.2924298239020636,2.1960644721984863,-0.5355009436607361,2.212233066558838
3164,A0A0M3KL18_wild,C(C(C=O)O)OP(=O)(O)O,-0.46852108295774486,2.640778064727783,-0.09867128729820251,2.0887980461120605
3165,Q9RUP5_wild,C(C(C=O)O)OP(=O)(O)O,-0.16115090926274472,2.2345211505889893,-0.42761898040771484,2.4801197052001953
3166,Q9Z520_wild,C(C(C=O)O)OP(=O)(O)O,-0.13076828026902382,1.8393447399139404,-0.4043180048465729,2.183201789855957
3167,Q8XKU1_wild,C(C(C=O)O)OP(=O)(O)O,-0.1426675035687315,2.188892126083374,-0.187860369682312,2.4257657527923584
3168,P31327_wild,C(=O)=O,0.3424226808222063,1.284558892250061,-0.3273977041244507,1.1423537731170654
3169,P31327_wild,N,-0.3467874862246563,1.3921071290969849,1.2950172424316406,0.503777801990509
3170,P31327_wild,[Mg+2],-0.7447274948966939,0.9459338188171387,-0.5402607917785645,0.9505094289779663
3171,P31327_wild,C(CC(=O)O)C(C(=O)O)NC(=O)N,0.3010299956639812,0.6982197761535645,-0.30664122104644775,1.0075321197509766
3172,P07756_wild,C1=NC(=C2C(=N1)N(C=N2)C3C(C(C(O3)COP(=O)(O)OP(=O)(O)OP(=O)(O)O)O)O)N,-0.619788758288394,0.4316652715206146,-0.7802258729934692,1.3495349884033203
3173,Q8C196_wild,C(CC(=O)N)C(C(=O)O)N,-1.8860566476931633,0.23322774469852448,-0.09743852913379669,0.3029896318912506
3174,Q8C196_wild,C1=NC(=C2C(=N1)N(C=N2)C3C(C(C(O3)COP(=O)(O)OP(=O)(O)OP(=O)(O)O)O)O)N,-0.15490195998574322,0.4174417555332184,-0.7836108207702637,1.3565704822540283
3175,Q8C196_wild,C(=O)(O)[O-],0.9777236052888478,0.3420121669769287,0.2470613718032837,0.430527001619339
3176,Q8C196_wild,C(CC(=O)O)C(C(=O)O)N,0.25527250510330607,0.3451685309410095,0.09389716386795044,0.5987026691436768
3177,Q8C196_wild,CC(=O)SCCNC(=O)CCNC(=O)C(C(C)(C)COP(=O)(O)OP(=O)(O)OCC1C(C(C(O1)N2C=NC3=C(N=CN=C32)N)O)OP(=O)(O)O)O,-0.5228787452803376,0.4863330125808716,-1.0817698240280151,2.017989158630371
3178,P31327_T344A,N,0.07918124604762482,1.3945094347000122,1.2961608171463013,0.5065219402313232
3179,P31327_T344A,C(=O)=O,0.6334684555795865,1.2852108478546143,-0.3284400701522827,1.1436011791229248
3180,P31327_T344A,C1=NC(=C2C(=N1)N(C=N2)C3C(C(C(O3)COP(=O)(O)OP(=O)(O)OP(=O)(O)O)O)O)N,-0.3467874862246563,0.4116787314414978,-0.8103154301643372,1.334468126296997
3181,P31327_G1376S,N,0.04139268515822508,1.383355736732483,1.2953784465789795,0.49649327993392944
3182,P31327_G1376S,C(=O)=O,0.6532125137753437,1.2789545059204102,-0.3254320025444031,1.136701226234436
3183,P31327_G1376S,C1=NC(=C2C(=N1)N(C=N2)C3C(C(C(O3)COP(=O)(O)OP(=O)(O)OP(=O)(O)O)O)O)N,-0.3467874862246563,0.4011479318141937,-0.807190477848053,1.331118106842041
3184,P31327_N355D,N,0.0,1.3866429328918457,1.309155821800232,0.496408611536026
3185,P31327_N355D,C(=O)=O,0.6627578316815741,1.2743430137634277,-0.3176996111869812,1.136557936668396
3186,P31327_Y389C,N,0.04139268515822508,1.375885009765625,1.291242003440857,0.5021247267723083
3187,P31327_Y389C,C(=O)=O,0.6232492903979004,1.2767698764801025,-0.32811856269836426,1.1421095132827759
3188,P31327_T544M,N,0.11394335230683679,1.3921071290969849,1.2950172424316406,0.503777801990509
3189,P31327_T544M,C(=O)=O,2.383815365980431,1.284558892250061,-0.3273977041244507,1.1423537731170654
3190,P31327_A1378T,N,-0.045757490560675115,1.388127088546753,1.2903958559036255,0.5087151527404785
3191,P31327_A1378T,C(=O)=O,0.6334684555795865,1.2838973999023438,-0.3294610381126404,1.1453660726547241
3192,P31327_T1443A,N,0.0,1.390857458114624,1.2946964502334595,0.5033332109451294
3193,P31327_T1443A,C(=O)=O,0.5563025007672873,1.280479907989502,-0.3296305239200592,1.1414340734481812
3194,P62593_wild,CC1(C(N2C(S1)C(C2=O)NC(=O)C(C3=CC=CC=C3)N)C(=O)O)C,-1.5686362358410126,2.3817968368530273,-1.3901463747024536,2.705326795578003
3195,P62593_wild,CC1(C(N2C(S1)C(C2=O)NC(=O)CC3=CC=CC=C3)C(=O)O)C,-2.2218487496163566,2.431119918823242,-1.3618475198745728,2.606942653656006
3196,P62593_wild,C1C(=C(N2C(S1)C(C2=O)NC(=O)CC3=CC=CS3)C(=O)[O-])C[N+]4=CC=CC=C4,-1.5228787452803376,2.223889112472534,-0.9363453388214111,2.2849111557006836
3197,P62593_wild,CC(=O)OCC1=C(N2C(C(C2=O)NC(=O)CC3=CC=CS3)SC1)C(=O)O,-1.6382721639824072,1.967977523803711,-1.0196417570114136,2.0448720455169678
3198,P62593_wild,CC1(C(N2C(S1)C(C2=O)N)C(=O)O)C,-0.45593195564972444,1.9263291358947754,-0.9847010374069214,2.18235445022583
3199,Q6SJ61_wild,CC1(C(N2C(S1)C(C2=O)NC(=O)C(C3=CC=CC=C3)C(=O)O)C(=O)O)C,-2.0457574905606752,2.0872111320495605,-1.6023284196853638,2.643112897872925
3200,Q6GWS9_wild,CC1(C(N2C(S1)C(C2=O)NC(=O)CC3=CC=CC=C3)C(=O)O)C,-1.6989700043360187,2.3749828338623047,-1.366189956665039,2.5889596939086914
3201,Q6GWS9_wild,CC1(C(N2C(S1)C(C2=O)NC(=O)C(C3=CC=C(C=C3)O)N)C(=O)O)C,-1.8239087409443187,2.1408488750457764,-1.3893665075302124,2.6155941486358643
3202,Q6GWS9_wild,CC1(C(N2C(S1)C(C2=O)NC(=O)C(C3=CSC=C3)C(=O)O)C(=O)O)C,-1.853871964321762,1.8297290802001953,-1.4954955577850342,2.4527759552001953
3203,Q6GWS9_wild,CCN1CCN(C(=O)C1=O)C(=O)NC(C2=CC=CC=C2)C(=O)NC3C4N(C3=O)C(C(S4)(C)C)C(=O)O,-1.193820026016113,2.0680575370788574,-1.6593092679977417,2.6514358520507812
3204,Q6GWS9_wild,CC(=O)OCC1=C(N2C(C(C2=O)NC(=O)CC3=CC=CS3)SC1)C(=O)O,-0.7423214251308154,1.9275686740875244,-1.005295753479004,2.041325092315674
3205,Q6GWS9_wild,CON=C(C1=CC=CO1)C(=O)NC2C3N(C2=O)C(=C(CS3)COC(=O)N)C(=O)O,-1.031517051446065,1.2348541021347046,-1.5552539825439453,2.0479445457458496
3206,Q6GWS9_wild,CC1C(C(=O)N1S(=O)(=O)O)NC(=O)C(=NOC(C)(C)C(=O)O)C2=CSC(=N2)N,-0.8860566476931633,1.0693554878234863,-1.2327643632888794,1.7729066610336304
3207,Q6GWS9_wild,CC(C)(C(=O)O)ON=C(C1=CSC(=N1)N)C(=O)NC2C3N(C2=O)C(=C(CS3)C[N+]4=CC=CC=C4)C(=O)[O-],-0.6458915608525991,1.3699485063552856,-1.0768091678619385,1.9865696430206299
3208,Q6GWS9_wild,CC(=O)OCC1=C(N2C(C(C2=O)NC(=O)C(=NOC)C3=CSC(=N3)N)SC1)C(=O)O,-0.4814860601221125,1.40761137008667,-1.1854681968688965,2.00211763381958
3209,Q93LJ5_wild,CC1(C(N2C(S1)C(C2=O)NC(=O)CC3=CC=CC=C3)C(=O)O)C,-2.0969100130080562,1.9474109411239624,-1.2007838487625122,2.194544792175293
3210,Q9S534_wild,CC1(C(N2C(S1)C(C2=O)NC(=O)CC3=CC=CC=C3)C(=O)O)C,-0.853871964321762,1.976046085357666,-1.1930476427078247,2.20090913772583
3211,P62593_wild,CC1(C(N2C(S1)C(C2=O)NC(=O)C(C3=CC=C(C=C3)O)N)C(=O)O)C,-2.3010299956639813,2.2053823471069336,-1.3982383012771606,2.655087471008301
3212,Q93LJ5_wild,CC1(C(N2C(S1)C(C2=O)NC(=O)C(C3=CC=C(C=C3)O)N)C(=O)O)C,-1.5528419686577808,1.6721892356872559,-1.1833114624023438,2.150350332260132
3213,Q9S534_wild,CC1(C(N2C(S1)C(C2=O)NC(=O)C(C3=CC=C(C=C3)O)N)C(=O)O)C,-0.28399665636520094,1.6975661516189575,-1.1818861961364746,2.1575818061828613
3214,P62593_wild,CC1(C(N2C(S1)C(C2=O)NC(=O)C(C3=CSC=C3)C(=O)O)C(=O)O)C,-2.6989700043360187,1.8972017765045166,-1.5030601024627686,2.4928247928619385
3215,Q93LJ5_wild,CC1(C(N2C(S1)C(C2=O)NC(=O)C(C3=CSC=C3)C(=O)O)C(=O)O)C,-1.619788758288394,1.3652034997940063,-1.3291631937026978,1.9634039402008057
3216,P62593_wild,CCN1CCN(C(=O)C1=O)C(=O)NC(C2=CC=CC=C2)C(=O)NC3C4N(C3=O)C(C(S4)(C)C)C(=O)O,-1.9208187539523751,2.148189067840576,-1.6586798429489136,2.680760145187378
3217,Q93LJ5_wild,CCN1CCN(C(=O)C1=O)C(=O)NC(C2=CC=CC=C2)C(=O)NC3C4N(C3=O)C(C(S4)(C)C)C(=O)O,-1.2518119729937995,1.5910587310791016,-1.527649998664856,2.2367165088653564
3218,Q9S534_wild,CCN1CCN(C(=O)C1=O)C(=O)NC(C2=CC=CC=C2)C(=O)NC3C4N(C3=O)C(C(S4)(C)C)C(=O)O,-0.9208187539523751,1.6114004850387573,-1.5152043104171753,2.2553744316101074
3219,Q93LJ5_wild,CC(=O)OCC1=C(N2C(C(C2=O)NC(=O)CC3=CC=CS3)SC1)C(=O)O,-1.1023729087095586,1.4083833694458008,-0.876150369644165,1.5926165580749512
3220,Q93LJ5_wild,C1C(=C(N2C(S1)C(C2=O)NC(=O)CC3=CC=CS3)C(=O)[O-])C[N+]4=CC=CC=C4,-0.7958800173440752,1.6486955881118774,-0.7890069484710693,1.817535638809204
3221,P62593_wild,CON=C(C1=CC=CO1)C(=O)NC2C3N(C2=O)C(=C(CS3)COC(=O)N)C(=O)O,-1.045757490560675,1.311864972114563,-1.5565425157546997,2.0753798484802246
3222,P62593_wild,CN1C(=NC(=O)C(=O)N1)SCC2=C(N3C(C(C3=O)NC(=O)C(=NOC)C4=CSC(=N4)N)SC2)C(=O)O,-1.0969100130080565,1.4138553142547607,-1.5446265935897827,2.2709383964538574
3223,P62593_wild,CC(=O)OCC1=C(N2C(C(C2=O)NC(=O)C(=NOC)C3=CSC(=N3)N)SC1)C(=O)O,-1.0,1.481161117553711,-1.1976792812347412,2.02640962600708
3224,P62593_wild,CC(C)(C(=O)O)ON=C(C1=CSC(=N1)N)C(=O)NC2C3N(C2=O)C(=C(CS3)C[N+]4=CC=CC=C4)C(=O)[O-],-0.6989700043360187,1.4569474458694458,-1.1018750667572021,2.0304553508758545
3225,Q6GWS8_wild,CC1(C(N2C(S1)C(C2=O)NC(=O)CC3=CC=CC=C3)C(=O)O)C,-1.5228787452803376,2.404475212097168,-1.323695182800293,2.566295623779297
3226,Q6GWS8_wild,CC1(C(N2C(S1)C(C2=O)NC(=O)C(C3=CC=C(C=C3)O)N)C(=O)O)C,-1.6736641390712486,2.1811153888702393,-1.3555958271026611,2.6077027320861816
3227,Q6GWS8_wild,CC1(C(N2C(S1)C(C2=O)NC(=O)C(C3=CSC=C3)C(=O)O)C(=O)O)C,-1.1870866433571445,1.862989902496338,-1.450846791267395,2.44667649269104
3228,Q6GWS8_wild,CCN1CCN(C(=O)C1=O)C(=O)NC(C2=CC=CC=C2)C(=O)NC3C4N(C3=O)C(C(S4)(C)C)C(=O)O,-1.0506099933550872,2.114384412765503,-1.6283422708511353,2.6332666873931885
3229,Q6GWS8_wild,CC(=O)OCC1=C(N2C(C(C2=O)NC(=O)CC3=CC=CS3)SC1)C(=O)O,-0.41228903498108865,1.959378957748413,-0.9595577716827393,2.0085058212280273
3230,Q6GWS8_wild,CON=C(C1=CC=CO1)C(=O)NC2C3N(C2=O)C(=C(CS3)COC(=O)N)C(=O)O,-0.7447274948966939,1.2842824459075928,-1.5199099779129028,2.026012659072876
3231,Q6GWS8_wild,CC1C(C(=O)N1S(=O)(=O)O)NC(=O)C(=NOC(C)(C)C(=O)O)C2=CSC(=N2)N,-0.3467874862246563,1.1091581583023071,-1.1687346696853638,1.758324146270752
3232,Q6GWS8_wild,CC(C)(C(=O)O)ON=C(C1=CSC(=N1)N)C(=O)NC2C3N(C2=O)C(=C(CS3)C[N+]4=CC=CC=C4)C(=O)[O-],-0.4975728800155673,1.4239932298660278,-1.04768705368042,1.9849181175231934
3233,Q6GWS8_wild,CC(=O)OCC1=C(N2C(C(C2=O)NC(=O)C(=NOC)C3=CSC(=N3)N)SC1)C(=O)O,-0.595166283380062,1.4700449705123901,-1.1465331315994263,1.981832504272461
3234,P0AD64_wild,C1C(=C(N2C(S1)C(C2=O)NC(=O)CC3=CC=CS3)C(=O)O)C=CC4=C(C=C(C=C4)[N+](=O)[O-])[N+](=O)[O-],-1.6989700043360187,1.9829089641571045,-1.2095580101013184,2.354639768600464
3235,P0A9Z9_wild,C1C(=C(N2C(S1)C(C2=O)NC(=O)CC3=CC=CS3)C(=O)O)C=CC4=C(C=C(C=C4)[N+](=O)[O-])[N+](=O)[O-],-0.712198270069774,1.9665825366973877,-1.210722804069519,2.3491692543029785
3236,P0AD64_wild,CC(=O)OCC1=C(N2C(C(C2=O)NC(=O)CC3=CC=CS3)SC1)C(=O)O,-1.3187587626244128,2.04356050491333,-0.9093189239501953,2.05800724029541
3237,P0A9Z9_wild,CC(=O)OCC1=C(N2C(C(C2=O)NC(=O)CC3=CC=CS3)SC1)C(=O)O,-2.0409586076789066,2.0347657203674316,-0.9198023080825806,2.0536365509033203
3238,P0AD64_wild,C1C(=C(N2C(S1)C(C2=O)NC(=O)CC3=CC=CS3)C(=O)[O-])C[N+]4=CC=CC=C4,-0.42136079003192767,2.19673490524292,-0.7967354655265808,2.2193329334259033
3239,P0A9Z9_wild,C1C(=C(N2C(S1)C(C2=O)NC(=O)CC3=CC=CS3)C(=O)[O-])C[N+]4=CC=CC=C4,-1.3565473235138126,2.1881275177001953,-0.8015420436859131,2.211033582687378
3240,P0AD64_wild,CC1(C(N2C(S1)C(C2=O)NC(=O)C(C3=CC=CC=C3)N)C(=O)O)C,-1.0268721464003014,1.9590709209442139,-1.3490186929702759,2.47444486618042
3241,P0A9Z9_wild,CC1(C(N2C(S1)C(C2=O)NC(=O)C(C3=CC=CC=C3)N)C(=O)O)C,-1.4559319556497243,1.9567222595214844,-1.3568602800369263,2.4700467586517334
3242,P0A9Z9_wild,CC(=O)OCC1=C(N2C(C(C2=O)NC(=O)C(=NOC)C3=CSC(=N3)N)SC1)C(=O)O,-1.8860566476931633,1.3077385425567627,-1.064984679222107,2.0193123817443848
3243,Q6SJ61_wild,CC(=O)OCC1=C(N2C(C(C2=O)NC(=O)CCCC(C(=O)O)N)SC1)C(=O)O,-0.3829996588791011,1.6242153644561768,-0.9213396310806274,2.0630578994750977
3244,P62593_wild,CC1C(C(=O)N1S(=O)(=O)O)NC(=O)C(=NOC(C)(C)C(=O)O)C2=CSC(=N2)N,-0.2596373105057561,1.141160249710083,-1.220297932624817,1.8155324459075928
3245,P0A3M1_wild,CC1(C(N2C(S1)C(C2=O)NC(=O)CC3=CC=CC=C3)C(=O)O)C,-1.744727494896694,2.09220552444458,-1.3017140626907349,2.393296957015991
3246,P0A3M1_wild,CC1(C(N2C(S1)C(C2=O)NC(=O)C(C3=CC=CC=C3)N)C(=O)O)C,-1.853871964321762,1.9390342235565186,-1.3835718631744385,2.46635103225708
3247,P0A3M1_wild,CC(=O)OCC1=C(N2C(C(C2=O)NC(=O)CC3=CC=CS3)SC1)C(=O)O,-2.3979400086720375,2.033627510070801,-0.9441561698913574,2.060638189315796
3248,P0A3M1_wild,CC(=O)OCC1=C(N2C(C(C2=O)NC(=O)C(=NOC)C3=CSC(=N3)N)SC1)C(=O)O,-2.0457574905606752,1.2947509288787842,-1.0855227708816528,2.0161869525909424
3249,Q79F59_wild,CC(=O)OCC1=C(N2C(C(C2=O)NC(=O)CC3=CC=CS3)SC1)C(=O)O,-2.5850266520291822,1.4127612113952637,-1.1801795959472656,2.949039936065674
3250,Q79F59_wild,CON=C(C1=CC=CO1)C(=O)NC2C3N(C2=O)C(=C(CS3)COC(=O)N)C(=O)O,-3.0809219076239263,1.0822818279266357,-1.0720406770706177,2.7861807346343994
3251,Q79F59_wild,COC1(C2N(C1=O)C(=C(CS2)COC(=O)N)C(=O)O)NC(=O)CC3=CC=CS3,-2.7958800173440754,0.63868248462677,-1.21500825881958,2.4537792205810547
3252,Q79MP6_wild,CC(=O)OCC1=C(N2C(C(C2=O)NC(=O)C(=NOC)C3=CSC(=N3)N)SC1)C(=O)O,-2.552841968657781,0.945404052734375,-1.1490188837051392,2.6360020637512207
3253,Q6SJ61_wild,C1C(=C(N2C(S1)C(C2=O)NC(=O)CCCC(C(=O)O)N)C(=O)O)CO,-0.27572413039921095,1.833803415298462,-1.0564543008804321,2.2135868072509766
3254,Q6SJ61_wild,CC1=NN=C(S1)SCC2=C(N3C(C(C3=O)NC(=O)CN4C=NN=N4)SC2)C(=O)O,-0.42021640338318983,1.936146855354309,-0.9182974696159363,2.1406164169311523
3255,Q6SJ61_wild,CC1=C(N2C(C(C2=O)NC(=O)C(C3=CC=CC=C3)N)SC1)C(=O)O,0.07554696139253082,2.1573140621185303,-1.3281279802322388,2.2326889038085938
3256,Q6SJ61_wild,CC1(C(N2C(S1)C(C2=O)NC(=O)COC3=CC=CC=C3)C(=O)O)C,-2.2218487496163566,2.1720004081726074,-1.2117623090744019,2.4404187202453613
3257,Q9F0F5_wild,CC1(C(N2C(S1)C(C2=O)NC(=O)CC3=CC=CC=C3)C(=O)O)C,-2.207608310501746,2.3264851570129395,-1.3917967081069946,2.5316452980041504
3258,Q9F0F5_wild,CC1(C(N2C(S1)C(C2=O)NC(=O)C(C3=CC=CC=C3)N)C(=O)O)C,-2.2596373105057563,2.2507500648498535,-1.4094332456588745,2.614996910095215
3259,Q9F0F5_wild,CC1(C(N2C(S1)C(C2=O)NC(=O)C(C3=CC=CC=C3)C(=O)O)C(=O)O)C,-2.8239087409443187,1.945448398590088,-1.6155959367752075,2.5526113510131836
3260,Q9F0F5_wild,CCN1CCN(C(=O)C1=O)C(=O)NC(C2=CC=CC=C2)C(=O)NC3C4N(C3=O)C(C(S4)(C)C)C(=O)O,-1.853871964321762,1.9967217445373535,-1.6698874235153198,2.600881576538086
3261,Q9F0F5_wild,CC1=NN=C(S1)SCC2=C(N3C(C(C3=O)NC(=O)CN4C=NN=N4)SC2)C(=O)O,-1.2676062401770316,1.8660038709640503,-0.8858564496040344,2.075517177581787
3262,Q9F0F5_wild,C1C(=C(N2C(S1)C(C2=O)NC(=O)CC3=CC=CS3)C(=O)O)C=CC4=C(C=C(C=C4)[N+](=O)[O-])[N+](=O)[O-],-1.7958800173440752,1.877671480178833,-1.4337197542190552,2.333970546722412
3263,Q9F0F5_wild,CC(=O)OCC1=C(N2C(C(C2=O)NC(=O)C(=NOC)C3=CSC(=N3)N)SC1)C(=O)O,-1.275724130399211,1.3540689945220947,-1.194776177406311,1.9661238193511963
3264,Q9F0F5_wild,CC(C)(C(=O)O)ON=C(C1=CSC(=N1)N)C(=O)NC2C3N(C2=O)C(=C(CS3)C[N+]4=CC=CC=C4)C(=O)[O-],-1.0268721464003014,1.3011488914489746,-1.0710413455963135,1.9415690898895264
3265,Q9F0F5_wild,C[N+]1(CCCC1)CC2=C(N3C(C(C3=O)NC(=O)C(=NOC)C4=CSC(=N4)N)SC2)C(=O)[O-],-1.6382721639824072,1.1092455387115479,-1.1885777711868286,1.8381762504577637
3266,Q9F0F5_wild,CC1C(C(=O)N1S(=O)(=O)O)NC(=O)C(=NOC(C)(C)C(=O)O)C2=CSC(=N2)N,-1.3010299956639813,1.0127124786376953,-1.2512553930282593,1.7289648056030273
3267,O68473_wild,C1=C(N=C(S1)N)C(=NOCC(=O)O)C(=O)NC2C(N(C2=O)S(=O)(=O)O)COC(=O)N,-1.7695510786217261,0.4420304000377655,-1.303741216659546,1.271079182624817
3268,O68473_wild,CC1C(C(=O)N1S(=O)(=O)O)NC(=O)C(=NOC(C)(C)C(=O)O)C2=CSC(=N2)N,-1.2596373105057561,0.8829425573348999,-1.2159827947616577,1.6567656993865967
3269,O68473_wild,C1C(=C(N2C(S1)C(C2=O)NC(=O)CC3=CC=CS3)C(=O)O)C=CC4=C(C=C(C=C4)[N+](=O)[O-])[N+](=O)[O-],-1.6989700043360187,1.7141425609588623,-1.3941210508346558,2.260484457015991
3270,O68473_wild,CC(C)(C(=O)O)ON=C(C1=CSC(=N1)N)C(=O)NC2C3N(C2=O)C(=C(CS3)C[N+]4=CC=CC=C4)C(=O)[O-],-1.2291479883578558,1.1863067150115967,-1.0207809209823608,1.8630908727645874
3271,O68473_wild,CC(=O)OCC1=C(N2C(C(C2=O)NC(=O)C(=NOC)C3=CSC(=N3)N)SC1)C(=O)O,-1.5086383061657274,1.2163788080215454,-1.1423074007034302,1.8665845394134521
3272,O68473_wild,CON=C(C1=CC=CO1)C(=O)NC2C3N(C2=O)C(=C(CS3)COC(=O)N)C(=O)O,-1.5086383061657274,1.080681324005127,-1.5140718221664429,1.8979270458221436
3273,O68473_wild,CC(=O)OCC1=C(N2C(C(C2=O)NC(=O)CC3=CC=CS3)SC1)C(=O)O,-1.2676062401770316,1.752623438835144,-0.9648266434669495,1.937736988067627
3274,O68473_wild,C1C(=C(N2C(S1)C(C2=O)NC(=O)CC3=CC=CS3)C(=O)[O-])C[N+]4=CC=CC=C4,-1.5528419686577808,2.0115115642547607,-0.8471553921699524,2.163151264190674
3275,O68473_wild,CC1(C(N2C(S1)C(C2=O)NC(=O)C(C3=CC=C(C=C3)O)N)C(=O)O)C,-1.958607314841775,1.9649306535720825,-1.3420131206512451,2.5067596435546875
3276,O68473_wild,CCN1CCN(C(=O)C1=O)C(=O)NC(C2=CC=CC=C2)C(=O)NC3C4N(C3=O)C(C(S4)(C)C)C(=O)O,-2.0,1.8741176128387451,-1.6316741704940796,2.540449857711792
3277,O68473_wild,CC1(C(N2C(S1)C(C2=O)NC(=O)C(C3=CC=CC=C3)N)C(=O)O)C,-2.0457574905606752,2.148158550262451,-1.346826195716858,2.5657219886779785
3278,O68473_wild,CC1(C(N2C(S1)C(C2=O)NC(=O)C(C3=CC=CC=C3)C(=O)O)C(=O)O)C,-1.6989700043360187,1.838789701461792,-1.557342529296875,2.5063910484313965
3279,O68473_wild,CC1(C(N2C(S1)C(C2=O)NC(=O)CC3=CC=CC=C3)C(=O)O)C,-2.0457574905606752,2.2421956062316895,-1.3240588903427124,2.504774332046509
3280,Q9S169_wild,C1C(=C(N2C(S1)C(C2=O)NC(=O)CC3=CC=CS3)C(=O)O)CSC4=CC(=C(C=C4)[N+](=O)[O-])C(=O)O,-2.207608310501746,1.9630155563354492,-1.156471848487854,2.462491750717163
3281,Q9S169_wild,CC1(C(N2C(S1)C(C2=O)NC(=O)C(C3=CC=CC=C3)N)C(=O)O)C,-1.494850021680094,1.9442412853240967,-1.3594528436660767,2.473332643508911
3282,Q9S169_wild,C1C(=C(N2C(S1)C(C2=O)NC(=O)CC3=CC=CS3)C(=O)[O-])C[N+]4=CC=CC=C4,-0.6777807052660807,2.19826078414917,-0.8052894473075867,2.230635166168213
3283,Q9S169_wild,CC1C(C(=O)N1S(=O)(=O)O)NC(=O)C(=NOC(C)(C)C(=O)O)C2=CSC(=N2)N,-0.3010299956639812,1.0231417417526245,-1.1107195615768433,1.7213447093963623
3284,Q9S169_wild,CC(C)(C(=O)O)ON=C(C1=CSC(=N1)N)C(=O)NC2C3N(C2=O)C(=C(CS3)C[N+]4=CC=CC=C4)C(=O)[O-],-1.5228787452803376,1.1770058870315552,-0.9966046810150146,1.918330192565918
3285,P52699_wild,CC1(C(N2C(S1)C(C2=O)NC(=O)C(C3=CC=CC=C3)N)C(=O)O)C,-2.6675615400843946,1.4442389011383057,-0.3790588676929474,2.352517604827881
3286,P52699_wild,CC(C)(C(=O)O)ON=C(C1=CSC(=N1)N)C(=O)NC2C3N(C2=O)C(=C(CS3)C[N+]4=CC=CC=C4)C(=O)[O-],-2.906578314837765,0.8877313137054443,-0.730800211429596,2.2837650775909424
3287,P52699_wild,CCN1CCN(C(=O)C1=O)C(=O)NC(C2=CC=C(C=C2)O)C(=O)NC3C4N(C3=O)C(=C(CS4)CSC5=NN=NN5C)C(=O)O,-2.6716203965612624,0.7120043039321899,-1.2968307733535767,2.3697242736816406
3288,P52699_wild,CON=C(C1=CSC(=N1)N)C(=O)NC2C3N(C2=O)C(=CCS3)C(=O)O,-2.684029654543082,1.0293318033218384,-1.0363587141036987,2.5181877613067627
3289,P52699_wild,CN1C(=NN=N1)SCC2=C(N3C(C(C3=O)(NC(=O)C(C4=CC=C(C=C4)O)C(=O)O)OC)OC2)C(=O)O,-2.122053048370812,0.4851851463317871,-1.0356794595718384,2.379631519317627
3290,P52699_wild,CC(C1C2CC(=C(N2C1=O)C(=O)O)SC3CCN(C3)C(=N)C)O,-2.684029654543082,1.07546865940094,-0.9186546206474304,2.741710662841797
3291,P52699_wild,CC1C2C(C(=O)N2C(=C1SC3CC(NC3)C(=O)N(C)C)C(=O)O)C(C)O,-3.1307682802690238,0.7853972315788269,-1.096802830696106,2.5377583503723145
3292,P52699_wild,CC1C(C(=O)N1S(=O)(=O)O)NC(=O)C(=NOC(C)(C)C(=O)O)C2=CSC(=N2)N,-2.401209493236885,1.3337228298187256,-0.42637160420417786,2.467587947845459
3293,Q57703_wild,[O-]S(=O)[O-],0.0,0.20650696754455566,-0.4355638027191162,0.8068670034408569
3294,Q57703_wild,[Mg+2],0.3010299956639812,0.9632061719894409,-0.19339051842689514,0.9051947593688965
3295,P60892_wild,C1=NC(=C2C(=N1)N(C=N2)C3C(C(C(O3)COP(=O)(O)O)O)O)N,-0.9030899869919435,0.5765762329101562,-1.7302201986312866,2.3683080673217773
3296,P09330_wild,C1=NC(=C2C(=N1)N(C=N2)C3C(C(C(O3)COP(=O)(O)O)O)O)N,-0.9100948885606021,0.676403820514679,-1.7227145433425903,2.3648617267608643
3297,P60892_wild,C(C1C(C(C(O1)OP(=O)(O)OP(=O)(O)O)O)O)OP(=O)(O)O,-1.378823718224965,-0.2183847278356552,-1.1939212083816528,1.8850188255310059
3298,P09330_wild,C(C1C(C(C(O1)OP(=O)(O)OP(=O)(O)O)O)O)OP(=O)(O)O,-1.39577394691553,-0.11142994463443756,-1.2049870491027832,1.9226436614990234
3299,P14193_wild,C1=NC(=C2C(=N1)N(C=N2)C3C(C(C(O3)COP(=O)(O)OP(=O)(O)OP(=O)(O)O)O)O)N,-0.7189666327522725,0.9606884717941284,-0.7105705142021179,1.9855403900146484
3300,P14193_R199A,C1=NC(=C2C(=N1)N(C=N2)C3C(C(C(O3)COP(=O)(O)OP(=O)(O)OP(=O)(O)O)O)O)N,-1.2441251443275085,1.0031712055206299,-0.696861207485199,1.987412929534912
3301,P60891_wild,C1=NC(=C2C(=N1)N(C=N2)C3C(C(C(O3)COP(=O)(O)OP(=O)(O)OP(=O)(O)O)O)O)N,-1.6382721639824072,0.07265657931566238,-0.8856906294822693,1.7770475149154663
3302,P0A1V6_wild,C1=NC(=C2C(=N1)N(C=N2)C3C(C(C(O3)COP(=O)(O)OP(=O)(O)OP(=O)(O)O)O)O)N,-1.337242168318426,1.0394914150238037,-0.5665545463562012,2.2131528854370117
3303,P0A1V6_wild,C1=NC(=C2C(=N1)N(C=N2)C3C(C(C(O3)COP(=O)(O)O)O)O)N,-0.494850021680094,1.373218059539795,-1.4925488233566284,2.8042030334472656
3304,P0A1V6_wild,C(C1C(C(C(O1)OP(=O)(O)OP(=O)(O)O)O)O)OP(=O)(O)O,-0.5376020021010439,0.5916544198989868,-0.7592391967773438,2.238819122314453
3305,P39979_wild,C(C(C(=O)O)N)O,1.5314789170422551,0.8481899499893188,0.8728757500648499,0.3050941228866577
3306,P39979_wild,CC(C(=O)O)N,1.7323937598229686,1.3186310529708862,0.7681601643562317,0.5653581619262695
3307,P35559_wild,C1=NC(=C2C(=N1)N(C=N2)C3C(C(C(O3)COP(=O)(O)OP(=O)(O)OP(=O)(O)O)O)O)N,0.0,0.7003645896911621,-1.2499120235443115,1.268553614616394
3308,Q40251_wild,CC(=CC=CC=C(C)C=CC=C(C)C=CC12C(CC(CC1(O2)C)O)(C)C)C=CC=C(C)C=CC34C(CC(CC3(O4)C)O)(C)C,-4.309803919971486,0.2932839095592499,-1.9772711992263794,1.5254898071289062
3309,Q40251_wild,C(C(C1C(=C(C(=O)O1)O)O)O)O,0.4913616938342727,1.7044768333435059,-0.26839327812194824,0.9706014394760132
3310,Q9SM43_wild,CC(=CC=CC=C(C)C=CC=C(C)C=CC12C(CC(CC1(O2)C)O)(C)C)C=CC=C(C)C=CC34C(CC(CC3(O4)C)O)(C)C,-2.4814860601221125,0.4888245761394501,-1.9892672300338745,1.633307695388794
3311,Q9SM43_wild,CC1=C(C(CC(C1)O)(C)C)C=CC(=CC=CC(=CC=CC=C(C)C=CC=C(C)C=CC23C(CC(CC2(O3)C)O)(C)C)C)C,-2.7958800173440754,0.5038681030273438,-2.1185271739959717,1.5976381301879883
3312,P00934_wild,C(COP(=O)(O)O)C(C(=O)O)N,-0.3010299956639812,0.8493459224700928,-0.44483238458633423,1.0264170169830322
3313,P00934_wild,C(C(C(=O)O)N)O,2.1760912590556813,0.44978591799736023,0.5610442757606506,-0.029139667749404907
3314,Q94AP0_wild,C1(C(=O)NC(=O)N1)NC(=O)N,0.7381460887120599,1.2023062705993652,0.26235735416412354,1.620154857635498
3315,Q9ZSK5_wild,C1=CN(C(=O)NC1=O)C2C(C(C(O2)COP(=O)(O)OP(=O)(O)OC3C(C(C(C(O3)CO)O)O)O)O)O,-0.6655462488490691,0.13477545976638794,-0.9619703888893127,0.8536317348480225
3316,Q9ZSK5_wild,C1C(C(C(C(O1)OP(=O)(O)OP(=O)(O)OCC2C(C(C(O2)N3C=CC(=O)NC3=O)O)O)O)O)O,0.43136376415898736,-0.03159097582101822,-1.195614218711853,0.9571782350540161
3317,P37306_wild,C(=O)(N)[O-],2.230448921378274,1.2954704761505127,1.1209570169448853,0.7181491255760193
3318,P37306_wild,C1=NC(=C2C(=N1)N(C=N2)C3C(C(C(O3)COP(=O)(O)OP(=O)(O)OP(=O)(O)O)O)O)N,0.6232492903979004,0.9267681241035461,-0.3489123582839966,1.6207047700881958
3319,Q7M0X6_wild,C(CCC(=O)N)CC(CCS)S,0.3424226808222063,3.3565316200256348,-0.40995633602142334,2.5392661094665527
3320,Q6RYA0_G12T/M239K,C1=CC=C(C=C1)C(C#N)O,1.1139433523068367,1.2048020362854004,-0.3814048171043396,0.3642410933971405
3321,Q84HH8_wild,C1=CC(=C[N+](=C1)C2C(C(C(O2)COP(=O)(O)OP(=O)(O)OCC3C(C(C(O3)N4C=NC5=C(N=CN=C54)N)OP(=O)(O)O)O)O)O)C(=O)N,-1.7958800173440752,0.542418360710144,-0.6503095030784607,1.4833914041519165
3322,Q84HH8_wild,CC(C)(COP(=O)(O)OP(=O)(O)OCC1C(C(C(O1)N2C=NC3=C(N=CN=C32)N)O)OP(=O)(O)O)C(C(=O)NCCC(=O)NCCSC(=O)CC=CCC=O)O,-1.6020599913279623,0.517289936542511,-1.1516567468643188,1.8409934043884277
3323,A2Z7C4_wild,O=O,0.04139268515822508,2.688990354537964,-1.513607382774353,1.9885226488113403
3324,O45307_wild,C(C(C(=O)O)N)C(=O)O,0.3053513694466238,1.4450289011001587,1.0126577615737915,0.21702685952186584
3325,Q19564_wild,C(C(C(=O)O)N)C(=O)O,-0.42021640338318983,1.2705576419830322,0.9305740594863892,0.023959845304489136
3326,Q19564_wild,C(CC(=O)O)C(C(=O)O)N,-0.6020599913279624,0.9037918448448181,1.1552435159683228,0.13494740426540375
3327,O45307_wild,C(CC(=O)O)C(C(=O)O)N,-0.6382721639824072,1.0356054306030273,1.2249666452407837,0.30484527349472046
3328,O45307_wild,CNC(CC(=O)O)C(=O)O,-0.0757207139381183,1.4267675876617432,0.8752676844596863,0.38578569889068604
3329,Q19564_wild,CNC(CC(=O)O)C(=O)O,0.2648178230095365,1.2664687633514404,0.7924830913543701,0.21899226307868958
3330,O01739_wild,C(C(C(=O)O)N)C(=O)O,0.5809249756756193,1.2921810150146484,0.9332467913627625,0.2674455940723419
3331,O01739_wild,C(CC(=O)O)C(C(=O)O)N,-0.16749108729376366,1.0479724407196045,1.2347556352615356,0.2648349404335022
3332,O01739_wild,CNC(CC(=O)O)C(=O)O,0.9479236198317263,1.1930445432662964,0.7440747618675232,0.5388786792755127
3333,P38998_wild,C(CCNC(CCC(=O)O)C(=O)O)CC(C(=O)O)N,0.8260748027008264,0.7214459776878357,-0.2121514081954956,0.8768900632858276
3334,P38998_wild,C1=CC(=C[N+](=C1)C2C(C(C(O2)COP(=O)([O-])OP(=O)(O)OCC3C(C(C(O3)N4C=NC5=C(N=CN=C54)N)O)O)O)O)C(=O)N,-0.045757490560675115,0.3802257776260376,-0.5623505711555481,1.2316036224365234
3335,P38998_wild,C1C=CN(C=C1C(=O)N)C2C(C(C(O2)COP(=O)(O)OP(=O)(O)OCC3C(C(C(O3)N4C=NC5=C(N=CN=C54)N)O)O)O)O,-1.7212463990471711,0.6012160778045654,-1.0511420965194702,1.9480440616607666
3336,Q9YA47_wild,C(C1C(C(C(C(O1)O)O)O)O)O,-1.3565473235138126,1.6285083293914795,0.35691171884536743,1.6073886156082153
3337,Q9YA47_wild,C1=NC(=C2C(=N1)N(C=N2)C3C(C(C(O3)COP(=O)(O)OP(=O)(O)OP(=O)(O)O)O)O)N,-0.3767507096020995,1.6141688823699951,-0.35697847604751587,1.686084508895874
3338,Q9YA47_wild,C(C=O)C(C(C(CO)O)O)O,-0.4814860601221125,1.3702760934829712,0.3738808035850525,1.5706734657287598
3339,Q9YA47_wild,C(C1C(C(C(C(O1)O)N)O)O)O,-1.2218487496163564,1.174292802810669,0.07555046677589417,1.501718282699585
3340,Q9YA47_wild,C1C(C(C(C(O1)(CO)O)O)O)O,-0.8239087409443188,1.3566323518753052,0.7994244694709778,1.2783869504928589
3341,P35557_wild,C(C1C(C(C(C(O1)O)N)O)O)O,1.7853298350107671,0.7931337356567383,-0.8640720248222351,0.6402511596679688
3342,P17712_wild,C(C(C(C(C(C=O)O)O)O)O)OP(=O)(O)O,-1.0,0.7004678249359131,-0.7617372870445251,0.9513607621192932
3343,P17712_wild,C(C1C(C(C(C(O1)O)O)O)O)O,0.5185139398778875,1.4426891803741455,-0.6507167220115662,0.9870487451553345
3344,P17712_D205A,C(C1C(C(C(C(O1)O)O)O)O)O,0.47712125471966244,1.003848671913147,-0.5902603268623352,0.6205155849456787
3345,P17712_D205A,C1=NC(=C2C(=N1)N(C=N2)C3C(C(C(O3)COP(=O)(O)OP(=O)(O)OP(=O)(O)O)O)O)N,-0.6989700043360187,0.7957601547241211,-0.4615214169025421,1.2687032222747803
3346,P17712_wild,C1=NC(=C2C(=N1)N(C=N2)C3C(C(C(O3)COP(=O)(O)OP(=O)(O)OP(=O)(O)O)O)O)N,-0.6989700043360187,1.2430534362792969,-0.5011060833930969,1.648540735244751
3347,P35557_V62A,C1=NC(=C2C(=N1)N(C=N2)C3C(C(C(O3)COP(=O)(O)OP(=O)(O)OP(=O)(O)O)O)O)N,-0.6989700043360187,1.2552859783172607,-0.523473858833313,1.6141936779022217
3348,P35557_V62E,C1=NC(=C2C(=N1)N(C=N2)C3C(C(C(O3)COP(=O)(O)OP(=O)(O)OP(=O)(O)O)O)O)N,-1.3010299956639813,1.1501582860946655,-0.49230748414993286,1.509261965751648
3349,P35557_V62F,C1=NC(=C2C(=N1)N(C=N2)C3C(C(C(O3)COP(=O)(O)OP(=O)(O)OP(=O)(O)O)O)O)N,-0.15490195998574322,1.2875568866729736,-0.5281373262405396,1.6300626993179321
3350,P35557_V62K,C1=NC(=C2C(=N1)N(C=N2)C3C(C(C(O3)COP(=O)(O)OP(=O)(O)OP(=O)(O)O)O)O)N,-0.853871964321762,1.2280302047729492,-0.5193002223968506,1.5882301330566406
3351,P35557_V62L,C1=NC(=C2C(=N1)N(C=N2)C3C(C(C(O3)COP(=O)(O)OP(=O)(O)OP(=O)(O)O)O)O)N,-0.22914798835785574,1.279836654663086,-0.532369077205658,1.632216215133667
3352,P35557_V62Q,C1=NC(=C2C(=N1)N(C=N2)C3C(C(C(O3)COP(=O)(O)OP(=O)(O)OP(=O)(O)O)O)O)N,-1.0,1.2510064840316772,-0.5182030200958252,1.6070265769958496
3353,P35557_V62T,C1=NC(=C2C(=N1)N(C=N2)C3C(C(C(O3)COP(=O)(O)OP(=O)(O)OP(=O)(O)O)O)O)N,-0.8860566476931633,1.2629597187042236,-0.528692901134491,1.6210145950317383
3354,P35557_N204S,C(C1C(C(C(C(O1)O)N)O)O)O,2.204119982655925,0.274624228477478,-0.7852398157119751,0.2577196955680847
3355,P35557_N204Q,C(C1C(C(C(C(O1)O)N)O)O)O,2.0,0.35986417531967163,-0.7912418842315674,0.3426066040992737
3356,P35557_N204A,C(C1C(C(C(C(O1)O)N)O)O)O,2.0791812460476247,0.23603622615337372,-0.7794784903526306,0.25263887643814087
3357,P35557_N204D,C(C1C(C(C(C(O1)O)N)O)O)O,1.7781512503836436,0.45930513739585876,-0.8205106854438782,0.3858823776245117
3358,P35557_K56A,C(C1C(C(C(C(O1)O)O)O)O)O,1.276461804173244,1.4489402770996094,-0.651423990726471,0.9451339840888977
3359,P35557_E256A,C(C1C(C(C(C(O1)O)O)O)O)O,2.677606952720493,1.1956274509429932,-0.6152782440185547,0.7389166355133057
3360,P35557_E290A,C(C1C(C(C(C(O1)O)O)O)O)O,2.24551266781415,1.1700174808502197,-0.63469398021698,0.7320910692214966
3361,P35557_N204S,C(C1C(C(C(C(O1)O)O)O)O)O,0.8864907251724818,0.9600124955177307,-0.5270429253578186,0.5616992115974426
3362,P35557_N204Q,C(C1C(C(C(C(O1)O)O)O)O)O,1.7558748556724915,1.046994924545288,-0.5424579381942749,0.6675364971160889
3363,P35557_N204A,C(C1C(C(C(C(O1)O)O)O)O)O,2.1818435879447726,0.9066150784492493,-0.5171399116516113,0.5545691251754761
3364,P35557_wild,C1C(C(C(C(O1)(CO)O)O)O)O,2.197831693328903,0.9459388256072998,-0.1876155585050583,0.7775813341140747
3365,P17712_wild,C(C1C(C(C(C(O1)O)O)O)O)OP(=O)(O)O,1.2988530764097068,1.260141134262085,-1.0240211486816406,1.338908314704895
3366,P35557_A456V,C1=NC(=C2C(=N1)N(C=N2)C3C(C(C(O3)COP(=O)(O)OP(=O)(O)OP(=O)(O)O)O)O)N,-0.5528419686577808,1.2789417505264282,-0.5271212458610535,1.6160471439361572
3367,P35557_C457V,C1=NC(=C2C(=N1)N(C=N2)C3C(C(C(O3)COP(=O)(O)OP(=O)(O)OP(=O)(O)O)O)O)N,-0.18708664335714442,1.2801637649536133,-0.5268159508705139,1.6185132265090942
3368,P35557_K458R,C1=NC(=C2C(=N1)N(C=N2)C3C(C(C(O3)COP(=O)(O)OP(=O)(O)OP(=O)(O)O)O)O)N,-0.09151498112135029,1.2731788158416748,-0.527265191078186,1.6163240671157837
3369,P35557_K459L,C1=NC(=C2C(=N1)N(C=N2)C3C(C(C(O3)COP(=O)(O)OP(=O)(O)OP(=O)(O)O)O)O)N,-0.22184874961635637,1.2334970235824585,-0.5375722646713257,1.5837470293045044
3370,P35557_A460R,C1=NC(=C2C(=N1)N(C=N2)C3C(C(C(O3)COP(=O)(O)OP(=O)(O)OP(=O)(O)O)O)O)N,-0.2596373105057561,1.2821623086929321,-0.5280866026878357,1.6298884153366089
3371,P35557_A208G,C1=NC(=C2C(=N1)N(C=N2)C3C(C(C(O3)COP(=O)(O)OP(=O)(O)OP(=O)(O)O)O)O)N,-0.36653154442041347,1.3003151416778564,-0.5294581651687622,1.6363351345062256
3372,P35557_Y215C,C1=NC(=C2C(=N1)N(C=N2)C3C(C(C(O3)COP(=O)(O)OP(=O)(O)OP(=O)(O)O)O)O)N,-0.5376020021010439,1.2660367488861084,-0.5131734609603882,1.6245291233062744
3373,P52792_wild,C1=NC(=C2C(=N1)N(C=N2)C3C(C(C(O3)COP(=O)(O)OP(=O)(O)OP(=O)(O)O)O)O)N,-0.4089353929735008,1.343693494796753,-0.5194020867347717,1.7116820812225342
3374,P52792_A456V,C1=NC(=C2C(=N1)N(C=N2)C3C(C(C(O3)COP(=O)(O)OP(=O)(O)OP(=O)(O)O)O)O)N,-0.5376020021010439,1.3519258499145508,-0.5189213156700134,1.7075731754302979
3375,P52792_K414E,C1=NC(=C2C(=N1)N(C=N2)C3C(C(C(O3)COP(=O)(O)OP(=O)(O)OP(=O)(O)O)O)O)N,0.23804610312879543,1.3011717796325684,-0.515087902545929,1.6644545793533325
3376,P17712_wild,C(C=O)C(C(C(CO)O)O)O,1.9777236052888478,1.063305139541626,-0.5017731785774231,1.0059846639633179
3377,P36871_wild,C(C1C(C(C(O1)OP(=O)(O)O)O)O)O,1.0413926851582251,1.068566083908081,-1.3255996704101562,1.9634453058242798
3378,Q56691_wild,CC1=CC2=C(C=C1C)N(C3=NC(=O)NC(=O)C3=N2)CC(C(C(COP(=O)(O)O)O)O)O,-2.154901959985743,0.22424809634685516,-2.1074578762054443,2.002930164337158
3379,Q56691_wild,C1C=CN(C=C1C(=O)N)C2C(C(C(O2)COP(=O)(O)OP(=O)(O)OCC3C(C(C(O3)N4C=NC5=C(N=CN=C54)N)OP(=O)(O)O)O)O)O,-2.1023729087095586,0.6861541271209717,-1.5121407508850098,2.2880682945251465
3380,P39605_wild,C1=C(OC(=C1)[N+](=O)[O-])C=NNC(=O)N,-1.7878123955960423,-0.17884093523025513,-0.8341591954231262,-0.11186623573303223
3381,P39605_wild,C1C=CN(C=C1C(=O)N)C2C(C(C(O2)COP(=O)(O)OP(=O)(O)OCC3C(C(C(O3)N4C=NC5=C(N=CN=C54)N)OP(=O)(O)O)O)O)O,-3.070581074285707,-0.07536669820547104,-1.6492656469345093,1.6005284786224365
3382,P39605_wild,CC1=CC2=C(C=C1C)N(C3=NC(=O)NC(=O)C3=N2)CC(C(C(COP(=O)(O)O)O)O)O,-2.3279021420642825,-0.5238792300224304,-2.1758251190185547,1.3080785274505615
3383,Q56691_wild,C1=C(OC(=C1)[N+](=O)[O-])C=NNC(=O)N,-1.709965388637482,0.7256625890731812,-0.8033125996589661,0.6591976881027222
3384,P04951_wild,C1=CN(C(=O)N=C1N)C2C(C(C(O2)COP(=O)(O)OP(=O)(O)OP(=O)(O)O)O)O,-0.4814860601221125,0.20893248915672302,-0.5353207588195801,1.4140328168869019
3385,Q96T66_wild,C1=CC(=C[N+](=C1)C2C(C(C(O2)COP(=O)(O)O)O)O)C(=O)O,-1.8386319977650252,0.8691729307174683,-1.0143452882766724,1.4913846254348755
3386,Q4E657_wild,C1=NC(=C2C(=N1)N(C=N2)C3C(C(C(O3)COP(=O)(O)OP(=O)(O)OP(=O)(O)O)O)O)N,-1.9030899869919435,1.4102460145950317,-0.6675848364830017,1.9220383167266846
3387,Q4E657_wild,C1=NC2=C(N1C3C(C(C(O3)COP(=O)(O)OP(=O)(O)OP(=O)(O)O)O)O)N=C(NC2=O)N,-1.1023729087095586,1.21620774269104,-0.6350371241569519,1.9322749376296997
3388,Q4E657_wild,C1=NC(=C2C(=N1)N(C=N2)C3C(C(C(O3)COP(=O)(O)O)O)O)N,-0.6777807052660807,1.3849303722381592,-1.191341519355774,2.1735236644744873
3389,Q4E657_wild,[Mn+2],-2.0457574905606752,1.6189444065093994,-1.7642724514007568,2.0983033180236816
3390,O15648_wild,C1=NC(=C2C(=N1)N(C=N2)C3C(C(C(O3)COP(=O)(O)OP(=O)(O)OP(=O)(O)O)O)O)N,-1.8860566476931633,1.6091878414154053,-0.7007324695587158,2.0274758338928223
3391,Q8VU09_wild,C1=NC(=C2C(=N1)N(C=N2)C3C(C(C(O3)COP(=O)(O)OP(=O)(O)OP(=O)(O)O)O)O)N,-0.22184874961635637,0.8255999088287354,-0.599086582660675,1.348861575126648
3392,O15648_wild,C(C(C(C(C(=O)CO)O)O)O)OP(=O)(O)O,0.06069784035361165,1.735039234161377,-0.33318114280700684,1.7907086610794067
3393,P26294_wild,CC(=CCCC(=CCCC(=CCCC(=CC=CC=C(C)CCC=C(C)CCC=C(C)CCC=C(C)C)C)C)C)C,-2.4559319556497243,-0.5533580183982849,-2.180419921875,1.771031141281128
3394,P26294_wild,C1=CC(=C[N+](=C1)C2C(C(C(O2)COP(=O)(O)OP(=O)(O)OCC3C(C(C(O3)N4C=NC5=C(N=CN=C54)N)OP(=O)(O)O)O)O)O)C(=O)N,1.1553360374650619,-0.5267701148986816,-1.347804307937622,1.307152271270752
3395,P00558_wild,C(C(C(=O)O)O)OP(=O)(O)O,-0.6777807052660807,1.3651078939437866,-0.5396816730499268,2.0826499462127686
3396,P00558_wild,[Mg+2],-0.5228787452803376,1.8592952489852905,-0.6728656888008118,2.113335609436035
3397,P00558_wild,C1=NC(=C2C(=N1)N(C=N2)C3C(C(C(O3)COP(=O)(O)OP(=O)(O)OP(=O)(O)O)O)O)N,-1.7695510786217261,0.48942628502845764,-0.5910502076148987,1.9984869956970215
3398,P16617_wild,C(C(C(=O)OP(=O)(O)O)O)OP(=O)(O)O,-2.2218487496163566,0.6232147216796875,-1.4828360080718994,2.221451759338379
3399,P16617_wild,C(C(C(=O)O)O)OP(=O)(O)O,-0.2924298239020636,1.4105970859527588,-0.5117205381393433,2.0522947311401367
3400,P16617_wild,C1=NC(=C2C(=N1)N(C=N2)C3C(C(C(O3)COP(=O)(O)OP(=O)(O)O)O)O)N,-2.0969100130080562,1.2377808094024658,-1.0489915609359741,2.3471224308013916
3401,P16617_wild,C1=NC(=C2C(=N1)N(C=N2)C3C(C(C(O3)COP(=O)(O)OP(=O)(O)OP(=O)(O)O)O)O)N,-0.6020599913279624,0.5140039324760437,-0.5737094283103943,1.9715806245803833
3402,P00558_wild,C1=NC(=C2C(=N1)N(C=N2)C3C(C(C(O3)COP(=O)(O)OP(=O)(O)O)O)O)N,-1.7695510786217261,1.225553035736084,-1.0605660676956177,2.3748769760131836
3403,P00558_wild,C1C(C(OC1N2C=NC3=C(N=CN=C32)N)COP(=O)(O)OP(=O)(O)O)O,-0.3114911923434788,0.32765161991119385,-0.6585666537284851,1.7884516716003418
3404,P00558_wild,C1=CN(C(=O)N=C1N)C2C(C(C(O2)COP(=O)(O)OP(=O)(O)O)O)O,-0.05305672930217457,0.20106111466884613,-0.7112604975700378,1.4927526712417603
3405,P00558_wild,C1C(C(OC1N2C=NC3=C(N=CN=C32)N)COP(=O)(O)OP(=O)(O)OP(=O)(O)O)O,-1.1331221856625011,-0.20024213194847107,-0.6328306794166565,1.6054506301879883
3406,P00558_wild,CC1=CN(C(=O)NC1=O)C2CC(C(O2)COP(=O)(O)OP(=O)(O)OP(=O)(O)O)O,-0.9922522219992601,-0.665745735168457,-0.7132121920585632,1.258402705192566
3407,P00558_wild,C1=CN(C(=O)N=C1N)C2C(C(C(O2)COP(=O)(O)OP(=O)(O)OP(=O)(O)O)O)O,-1.0619809025237896,-0.4392266273498535,-0.44536203145980835,1.266013503074646
3408,P00558_wild,C1C(C(OC1N2C=CC(=NC2=O)N)COP(=O)(O)OP(=O)(O)OP(=O)(O)O)O,-0.959397659885927,-0.6724044680595398,-0.6431578993797302,1.115767478942871
3409,P00558_wild,C1CC(OC1COP(=O)(O)OP(=O)(O)OP(=O)(O)O)N2C=CC(=NC2=O)N,-0.15939212099070973,-0.7431052327156067,-0.9330878853797913,1.1305592060089111
3410,P00558_E344A,C1=NC(=C2C(=N1)N(C=N2)C3C(C(C(O3)COP(=O)(O)OP(=O)(O)O)O)O)N,-0.1550881260878594,0.8981549739837646,-1.0212336778640747,2.0790510177612305
3411,P00558_E344A,C1C(C(OC1N2C=NC3=C(N=CN=C32)N)COP(=O)(O)OP(=O)(O)O)O,-0.6394065864347511,-0.004333040677011013,-0.6116122603416443,1.5240910053253174
3412,P00558_K220A,C1=NC(=C2C(=N1)N(C=N2)C3C(C(C(O3)COP(=O)(O)OP(=O)(O)O)O)O)N,0.06069784035361165,0.5389584302902222,-0.9561696648597717,1.7515106201171875
3413,P00558_K220A,C1C(C(OC1N2C=NC3=C(N=CN=C32)N)COP(=O)(O)OP(=O)(O)O)O,-0.24443001937120004,-0.36405855417251587,-0.529440701007843,1.2074271440505981
3414,P00558_K220R,C1=NC(=C2C(=N1)N(C=N2)C3C(C(C(O3)COP(=O)(O)OP(=O)(O)O)O)O)N,-0.26881429236599963,0.6322935819625854,-0.9712631702423096,1.8258821964263916
3415,P00558_K220R,C1C(C(OC1N2C=NC3=C(N=CN=C32)N)COP(=O)(O)OP(=O)(O)O)O,-0.6965879294032581,-0.2539123594760895,-0.552304744720459,1.28853440284729
3416,P00558_N337D,C1=NC(=C2C(=N1)N(C=N2)C3C(C(C(O3)COP(=O)(O)OP(=O)(O)O)O)O)N,-1.1655792963184675,0.5696984529495239,-0.9385296702384949,1.7994067668914795
3417,P00558_N337D,C1C(C(OC1N2C=NC3=C(N=CN=C32)N)COP(=O)(O)OP(=O)(O)O)O,-0.3165026823201886,-0.32041800022125244,-0.5145649313926697,1.270435094833374
3418,P00558_N337Q,C1=NC(=C2C(=N1)N(C=N2)C3C(C(C(O3)COP(=O)(O)OP(=O)(O)O)O)O)N,-0.25289906863501377,0.8911557197570801,-0.9653155207633972,2.0366408824920654
3419,P00558_N337Q,C1C(C(OC1N2C=NC3=C(N=CN=C32)N)COP(=O)(O)OP(=O)(O)O)O,-0.19443118245144422,-0.048976339399814606,-0.5424473285675049,1.4552202224731445
3420,P00558_K220A,C1=NC(=C2C(=N1)N(C=N2)C3C(C(C(O3)COP(=O)(O)OP(=O)(O)OP(=O)(O)O)O)O)N,-1.045275209020937,-0.21483123302459717,-0.4975636303424835,1.3739314079284668
3421,P00558_K220A,C1C(C(OC1N2C=NC3=C(N=CN=C32)N)COP(=O)(O)OP(=O)(O)OP(=O)(O)O)O,-1.0324520237811379,-0.9021924734115601,-0.4978828430175781,1.0268678665161133
3422,P00558_K220A,CC1=CN(C(=O)NC1=O)C2CC(C(O2)COP(=O)(O)OP(=O)(O)OP(=O)(O)O)O,-1.2403321553103694,-1.320046305656433,-0.5899483561515808,0.6920965313911438
3423,P00558_K220A,C1=CN(C(=O)N=C1N)C2C(C(C(O2)COP(=O)(O)OP(=O)(O)OP(=O)(O)O)O)O,-0.8985966494446693,-1.1329786777496338,-0.3346373438835144,0.6965111494064331
3424,P00558_K220A,C1C(C(OC1N2C=CC(=NC2=O)N)COP(=O)(O)OP(=O)(O)OP(=O)(O)O)O,-1.083546051450075,-1.3674348592758179,-0.5000050067901611,0.5627378225326538
3425,P00558_K220A,C1CC(OC1COP(=O)(O)OP(=O)(O)OP(=O)(O)O)N2C=CC(=NC2=O)N,-0.7207894873986049,-1.4102473258972168,-0.8192848563194275,0.6268758773803711
3426,P00558_K220R,C1=NC(=C2C(=N1)N(C=N2)C3C(C(C(O3)COP(=O)(O)OP(=O)(O)OP(=O)(O)O)O)O)N,-1.1007268126823961,-0.1253998726606369,-0.5176578164100647,1.4489390850067139
3427,P00558_K220R,C1C(C(OC1N2C=NC3=C(N=CN=C32)N)COP(=O)(O)OP(=O)(O)OP(=O)(O)O)O,-1.0560111249262283,-0.7952482104301453,-0.5210893750190735,1.0907882452011108
3428,P00558_K220R,CC1=CN(C(=O)NC1=O)C2CC(C(O2)COP(=O)(O)OP(=O)(O)OP(=O)(O)O)O,-1.2225731776106885,-1.2547039985656738,-0.6279616951942444,0.7388854026794434
3429,P00558_K220R,C1=CN(C(=O)N=C1N)C2C(C(C(O2)COP(=O)(O)OP(=O)(O)OP(=O)(O)O)O)O,-0.8440569820281631,-1.051056146621704,-0.3672403395175934,0.7606770992279053
3430,P00558_K220R,C1C(C(OC1N2C=CC(=NC2=O)N)COP(=O)(O)OP(=O)(O)OP(=O)(O)O)O,-0.9948194874962197,-1.271322250366211,-0.5411104559898376,0.614901065826416
3431,P00558_K220R,C1CC(OC1COP(=O)(O)OP(=O)(O)OP(=O)(O)O)N2C=CC(=NC2=O)N,-0.7894139750948436,-1.3235599994659424,-0.8512257933616638,0.6708798408508301
3432,P00558_N337D,C1=NC(=C2C(=N1)N(C=N2)C3C(C(C(O3)COP(=O)(O)OP(=O)(O)OP(=O)(O)O)O)O)N,-1.2097148359667584,-0.19493702054023743,-0.49070483446121216,1.4230105876922607
3433,P00558_N337D,C1C(C(OC1N2C=NC3=C(N=CN=C32)N)COP(=O)(O)OP(=O)(O)OP(=O)(O)O)O,-1.1624115617644888,-0.8609585762023926,-0.48066291213035583,1.083728313446045
3434,P00558_N337D,CC1=CN(C(=O)NC1=O)C2CC(C(O2)COP(=O)(O)OP(=O)(O)OP(=O)(O)O)O,-1.1079053973095196,-1.321498155593872,-0.5868056416511536,0.724920392036438
3435,P00558_N337D,C1=CN(C(=O)N=C1N)C2C(C(C(O2)COP(=O)(O)OP(=O)(O)OP(=O)(O)O)O)O,-0.894489815230026,-1.120261549949646,-0.3240930736064911,0.7425135374069214
3436,P00558_N337D,C1C(C(OC1N2C=CC(=NC2=O)N)COP(=O)(O)OP(=O)(O)OP(=O)(O)O)O,-1.0231916626619337,-1.332213282585144,-0.4886741042137146,0.6084594130516052
3437,P00558_N337D,C1CC(OC1COP(=O)(O)OP(=O)(O)OP(=O)(O)O)N2C=CC(=NC2=O)N,-0.5413621509743507,-1.3905340433120728,-0.803872287273407,0.660754382610321
3438,P00558_N337Q,C1=NC(=C2C(=N1)N(C=N2)C3C(C(C(O3)COP(=O)(O)OP(=O)(O)OP(=O)(O)O)O)O)N,-1.1713401034646802,0.13690882921218872,-0.5070530772209167,1.648796796798706
3439,P00558_N337Q,C1C(C(OC1N2C=NC3=C(N=CN=C32)N)COP(=O)(O)OP(=O)(O)OP(=O)(O)O)O,-1.0525662781129492,-0.5927452445030212,-0.5069951415061951,1.280165433883667
3440,P00558_N337Q,CC1=CN(C(=O)NC1=O)C2CC(C(O2)COP(=O)(O)OP(=O)(O)OP(=O)(O)O)O,-1.2132485778544388,-1.021815299987793,-0.5896298289299011,0.9186020493507385
3441,P00558_N337Q,C1=CN(C(=O)N=C1N)C2C(C(C(O2)COP(=O)(O)OP(=O)(O)OP(=O)(O)O)O)O,-0.9875846252375671,-0.8040947914123535,-0.33921515941619873,0.9392058849334717
3442,P00558_N337Q,C1C(C(OC1N2C=CC(=NC2=O)N)COP(=O)(O)OP(=O)(O)OP(=O)(O)O)O,-1.0491485411114536,-1.0562418699264526,-0.5069303512573242,0.8050090074539185
3443,P00558_N337Q,C1CC(OC1COP(=O)(O)OP(=O)(O)OP(=O)(O)O)N2C=CC(=NC2=O)N,-0.22155931642876725,-1.1129266023635864,-0.8285300135612488,0.8476817011833191
3444,P00558_wild,C(C(C(=O)OP(=O)(O)O)O)OP(=O)(O)O,-2.721246399047171,0.5989358425140381,-1.5144325494766235,2.2427947521209717
3445,P00558_V266M,C1=NC(=C2C(=N1)N(C=N2)C3C(C(C(O3)COP(=O)(O)OP(=O)(O)O)O)O)N,-0.8446639625349381,1.1760468482971191,-1.0628169775009155,2.3111748695373535
3446,P00558_V266M,C(C(C(=O)OP(=O)(O)O)O)OP(=O)(O)O,-2.721246399047171,0.5719068646430969,-1.4951518774032593,2.2056055068969727
3447,P00558_V266M,C(C(C(=O)O)O)OP(=O)(O)O,-0.17587416608345108,1.3322824239730835,-0.5292018055915833,2.028965473175049
3448,P00558_V266M,C1=NC(=C2C(=N1)N(C=N2)C3C(C(C(O3)COP(=O)(O)OP(=O)(O)OP(=O)(O)O)O)O)N,-0.060480747381381476,0.4433083236217499,-0.5939367413520813,1.9315468072891235
3449,P00560_wild,C(CP(=O)(O)O)C(C(=O)O)O,-0.3098039199714864,1.4378010034561157,-0.49519675970077515,1.8615882396697998
3450,Q7SIB7_wild,C1=NC(=C2C(=N1)N(C=N2)C3C(C(C(O3)COP(=O)(O)OP(=O)(O)OP(=O)(O)O)O)O)N,-0.4814860601221125,0.27995026111602783,-0.6073906421661377,1.8006095886230469
3451,Q3T0P6_wild,C1=NC(=C2C(=N1)N(C=N2)C3C(C(C(O3)COP(=O)(O)OP(=O)(O)OP(=O)(O)O)O)O)N,-0.5228787452803376,0.5163455605506897,-0.641455352306366,2.0284385681152344
3452,P00559_wild,C1=NC(=C2C(=N1)N(C=N2)C3C(C(C(O3)COP(=O)(O)OP(=O)(O)OP(=O)(O)O)O)O)N,-0.46852108295774486,0.23681937158107758,-0.6439691781997681,1.7432525157928467
3453,P51903_wild,C1=NC(=C2C(=N1)N(C=N2)C3C(C(C(O3)COP(=O)(O)OP(=O)(O)OP(=O)(O)O)O)O)N,-0.4814860601221125,0.5362575054168701,-0.6476656794548035,2.057314157485962
3454,P29409_wild,C1=NC(=C2C(=N1)N(C=N2)C3C(C(C(O3)COP(=O)(O)OP(=O)(O)OP(=O)(O)O)O)O)N,-0.45593195564972444,1.00435209274292,-0.5554169416427612,2.09101939201355
3455,P0A799_wild,C1=NC(=C2C(=N1)N(C=N2)C3C(C(C(O3)COP(=O)(O)OP(=O)(O)OP(=O)(O)O)O)O)N,-0.619788758288394,0.9418818950653076,-0.33011382818222046,2.0933454036712646
3456,P09041_wild,C1=NC(=C2C(=N1)N(C=N2)C3C(C(C(O3)COP(=O)(O)OP(=O)(O)OP(=O)(O)O)O)O)N,-1.4202164033831899,0.41784077882766724,-0.6895265579223633,1.7772539854049683
3457,P09041_wild,C1=NC(=C2C(=N1)N(C=N2)C3C(C(C(O3)COP(=O)(O)OP(=O)(O)O)O)O)N,-1.408935392973501,1.1295585632324219,-1.1647146940231323,2.175966739654541
3458,P09041_wild,C(C(C(=O)O)O)OP(=O)(O)O,-1.5528419686577808,1.2749245166778564,-0.6019372344017029,1.8591644763946533
3459,P09411_wild,C1=NC(=C2C(=N1)N(C=N2)C3C(C(C(O3)COP(=O)(O)OP(=O)(O)OP(=O)(O)O)O)O)N,-0.6777807052660807,0.5201272964477539,-0.585000216960907,2.0046112537384033
3460,P09411_wild,C1=NC(=C2C(=N1)N(C=N2)C3C(C(C(O3)COP(=O)(O)OP(=O)(O)O)O)O)N,-0.6382721639824072,1.2409749031066895,-1.0579622983932495,2.378709077835083
3461,P09411_wild,C(C(C(=O)O)O)OP(=O)(O)O,-0.14874165128092473,1.412589192390442,-0.5288491249084473,2.088475227355957
3462,P18912_wild,C1=NC(=C2C(=N1)N(C=N2)C3C(C(C(O3)COP(=O)(O)OP(=O)(O)OP(=O)(O)O)O)O)N,0.4623979978989561,0.7343458533287048,-0.2724429965019226,2.0081913471221924
3463,P18912_wild,C(C(C(=O)O)O)OP(=O)(O)O,0.3424226808222063,1.3616011142730713,-0.1610834151506424,2.1622815132141113
3464,Q4JDH3_wild,C(C(C(=O)O)O)OP(=O)(O)O,-0.045757490560675115,1.4274864196777344,-0.05486338958144188,1.8534233570098877
3465,Q4JDH3_wild,C1=NC(=C2C(=N1)N(C=N2)C3C(C(C(O3)COP(=O)(O)OP(=O)(O)OP(=O)(O)O)O)O)N,-0.11350927482751817,0.8418629765510559,-0.47310489416122437,1.8504835367202759
3466,Q4JDH2_wild,C1=NC(=C2C(=N1)N(C=N2)C3C(C(C(O3)COP(=O)(O)OP(=O)(O)OP(=O)(O)O)O)O)N,-0.22914798835785574,0.7946500778198242,-0.5303637981414795,1.8448891639709473
3467,Q4JDH2_wild,C(C(C(=O)O)O)OP(=O)(O)O,-0.1426675035687315,1.4002373218536377,-0.10029767453670502,1.8226423263549805
3468,Q4JDH0_wild,C1=NC(=C2C(=N1)N(C=N2)C3C(C(C(O3)COP(=O)(O)OP(=O)(O)OP(=O)(O)O)O)O)N,0.292256071356476,0.6128574013710022,-0.3920316696166992,1.6000958681106567
3469,Q4JDH0_wild,C(C(C(=O)O)O)OP(=O)(O)O,-0.28399665636520094,1.1841580867767334,-0.09041962027549744,1.5395818948745728
3470,Q4JDG9_wild,C(C(C(=O)O)O)OP(=O)(O)O,-0.09151498112135029,1.6003684997558594,-0.13330745697021484,1.9421782493591309
3471,Q4JDG9_wild,C1=NC(=C2C(=N1)N(C=N2)C3C(C(C(O3)COP(=O)(O)OP(=O)(O)OP(=O)(O)O)O)O)N,0.19865708695442263,1.02349054813385,-0.46516478061676025,1.996589183807373
3472,Q4JDH1_wild,C1=NC(=C2C(=N1)N(C=N2)C3C(C(C(O3)COP(=O)(O)OP(=O)(O)OP(=O)(O)O)O)O)N,-0.1804560644581313,0.9560997486114502,-0.43270182609558105,1.941756248474121
3473,Q4JDH1_wild,C(C(C(=O)O)O)OP(=O)(O)O,0.14921911265537988,1.548667073249817,-0.12832820415496826,1.901086688041687
3474,P00560_wild,[Mg+2],-1.5086383061657274,1.9206604957580566,-0.5577014088630676,2.3406195640563965
3475,Q7SIB7_wild,C1=NC(=C2C(=N1)N(C=N2)C3C(C(C(O3)COP(=O)(O)OP(=O)(O)O)O)O)N,-0.7447274948966939,1.0346293449401855,-1.0545936822891235,2.1746695041656494
3476,P00560_wild,C1C(C(OC1N2C=NC3=C(N=CN=C32)N)COP(=O)(O)OP(=O)(O)OP(=O)(O)O)O,0.5378190950732741,0.42189040780067444,-0.517549455165863,1.9139899015426636
3477,P36204_wild,C(C(C(=O)O)O)OP(=O)(O)O,-0.5228787452803376,2.558011054992676,-0.9437719583511353,3.138368606567383
3478,P00560_wild,C1=NC2=C(C(=O)N1)N=CN2C3C(C(C(O3)COP(=O)(O)OP(=O)(O)OP(=O)(O)O)O)O,-0.22914798835785574,0.6823552846908569,-0.5114940404891968,2.194039821624756
3479,P00560_wild,C1=NC2=C(N1C3C(C(C(O3)COP(=O)(O)OP(=O)(O)OP(=O)(O)O)O)O)N=C(NC2=O)N,-1.2218487496163564,0.774113655090332,-0.5197634696960449,2.1253409385681152
3480,Q7SIB7_wild,C(C(C(=O)O)O)OP(=O)(O)O,-0.42021640338318983,1.1475777626037598,-0.5808226466178894,1.9001009464263916
3481,P00560_wild,C1=NC2=C(N1C3C(C(C(O3)COP(=O)(O)OP(=O)(O)O)O)O)N=C(NC2=O)N,-0.431798275933005,1.284064769744873,-0.7148409485816956,2.374150037765503
3482,C4M192_wild,C1=NC2=C(N1C3C(C(C(O3)COP(=O)(O)OP(=O)(O)OP(=O)(O)O)O)O)N=C(NC2=O)N,-1.214670164989233,0.5694018006324768,-0.6075175404548645,1.9920923709869385
3483,C4M192_wild,C(C(C(=O)OP(=O)(O)O)O)OP(=O)(O)O,-0.9030899869919435,1.1628003120422363,-1.4561797380447388,2.4097976684570312
3484,C4M192_wild,C1=NC2=C(N1C3C(C(C(O3)COP(=O)(O)OP(=O)(O)O)O)O)N=C(NC2=O)N,-1.3979400086720375,1.0255144834518433,-0.7874719500541687,2.28224778175354
3485,C4M192_wild,C1=NC(=C2C(=N1)N(C=N2)C3C(C(C(O3)COP(=O)(O)OP(=O)(O)O)O)O)N,-0.22184874961635637,1.5233867168426514,-1.035845160484314,2.4893994331359863
3486,P29409_wild,C(C(C(=O)O)O)OP(=O)(O)O,-0.4814860601221125,1.7661871910095215,-0.3789166212081909,2.067300319671631
3487,P00560_wild,C(C(C(=O)OP(=O)(O)O)O)OP(=O)(O)O,-2.5228787452803374,1.305981159210205,-1.345525860786438,2.6007587909698486
3488,P11998_wild,C(C(C(C(CO)O)O)O)NC1=C(C(=O)NC(=O)N1)N,-2.3010299956639813,-0.3574826717376709,-1.350317120552063,1.5358068943023682
3489,Q02253_wild,C(C=O)C(=O)[O-],-2.3467874862246565,0.5681877136230469,-1.1408390998840332,1.7407302856445312
3490,P27142_wild,C1=NC(=C2C(=N1)N(C=N2)C3C(C(C(O3)COP(=O)(O)OP(=O)(O)O)O)O)N,-1.431798275933005,1.3163938522338867,-0.5982084274291992,1.8832855224609375
3491,P27142_wild,C1=NC(=C2C(=N1)N(C=N2)C3C(C(C(O3)COP(=O)(O)OP(=O)(O)OP(=O)(O)O)O)O)N,-1.4436974992327127,1.1955506801605225,-0.3122323751449585,1.662325143814087
3492,P27142_wild,C1=NC(=C2C(=N1)N(C=N2)C3C(C(C(O3)COP(=O)(O)O)O)O)N,-1.1191864077192086,1.3153468370437622,-0.8159591555595398,2.0024149417877197
3493,P69441_wild,C1=NC(=C2C(=N1)N(C=N2)C3C(C(C(O3)COP(=O)(O)OP(=O)(O)O)O)O)N,-1.0362121726544449,1.1788177490234375,-0.3335704505443573,2.1528091430664062
3494,P69441_wild,C1=NC(=C2C(=N1)N(C=N2)C3C(C(C(O3)COP(=O)(O)OP(=O)(O)OP(=O)(O)O)O)O)N,-1.3187587626244128,1.0229480266571045,-0.1180325448513031,1.9479706287384033
3495,P69441_wild,C1=NC(=C2C(=N1)N(C=N2)C3C(C(C(O3)COP(=O)(O)O)O)O)N,-1.4202164033831899,1.0627546310424805,-0.5420368909835815,2.2475783824920654
3496,P69441_wild,C1C(C(OC1N2C=NC3=C(N=CN=C32)N)COP(=O)(O)O)O,-0.07058107428570727,0.4412704110145569,0.14213770627975464,1.645085096359253
3497,P69441_wild,C1=CN(C2=NC=NC(=C21)N)C3C(C(C(O3)COP(=O)([O-])[O-])O)O,-0.1366771398795441,0.850337028503418,-0.31314191222190857,1.971611738204956
3498,P69441_wild,C1=NC(=C2C(=N1)N(C=N2)C3C(C(C(O3)COP(=O)([O-])[O-])O)O)N,0.13672056715640674,0.9337388277053833,-0.46498268842697144,2.118830680847168
3499,P07170_wild,C1=NC(=C2C(=N1)N(C=N2)C3C(C(C(O3)COP(=O)(O)OP(=O)(O)OP(=O)(O)O)O)O)N,-0.9208187539523751,1.3548706769943237,-0.5628232955932617,1.9992167949676514
3500,P07170_wild,C1=NC(=C2C(=N1)N(C=N2)C3C(C(C(O3)COP(=O)(O)O)O)O)N,-0.8860566476931633,1.6362476348876953,-1.0062025785446167,2.367732286453247
3501,J7RC67_wild,C1=NC(=C2C(=N1)N(C=N2)C3C(C(C(O3)COP(=O)(O)OP(=O)(O)O)O)O)N,-1.0,1.1890521049499512,-0.7438263297080994,2.076321840286255
3502,J7RC67_wild,C1=NC(=C2C(=N1)N(C=N2)C3C(C(C(O3)COP(=O)(O)O)O)O)N,-1.0861861476162833,1.059650182723999,-1.0177158117294312,2.2370412349700928
3503,J7RC67_wild,C1=NC(=C2C(=N1)N(C=N2)C3C(C(C(O3)COP(=O)(O)OP(=O)(O)OP(=O)(O)O)O)O)N,-1.4436974992327127,0.9867246150970459,-0.5540500283241272,1.850388526916504
3504,Q9FK35_wild,C1=NC(=C2C(=N1)N(C=N2)C3C(C(C(O3)COP(=O)(O)O)O)O)N,-1.00436480540245,1.236020565032959,-0.838588535785675,1.9907591342926025
3505,O82514_wild,C1=NC(=C2C(=N1)N(C=N2)C3C(C(C(O3)COP(=O)(O)O)O)O)N,-0.2076083105017461,1.4038149118423462,-0.8518702983856201,2.0095596313476562
3506,P17058_wild,CC(=CCCC(=CCCC(=CC=CC(=CC=CC=C(C)C=CC=C(C)C=CC=C(C)CCC=C(C)C)C)C)C)C,-1.6108339156354676,-0.43805456161499023,-1.528954029083252,1.6638455390930176
3507,P17058_wild,CC(=CCCC(=CC=CC(=CC=CC(=CC=CC=C(C)C=CC=C(C)C=CC=C(C)CCC=C(C)C)C)C)C)C,-1.6556077263148894,-0.44812729954719543,-1.5119364261627197,1.5007152557373047
3508,B9JK80_wild,C(C(CO)(C(C=O)O)O)O,-1.1079053973095196,1.125741958618164,1.0336896181106567,0.558713436126709
3509,B1G894_wild,C(C(CO)(C(C=O)O)O)O,-0.958607314841775,0.8693218231201172,0.6334631443023682,0.33347585797309875
3510,Q9ZSD6_wild,C(C(C(=O)O)N)C(=O)N,0.6812412373755872,0.7051541805267334,-0.030499543994665146,0.8403841257095337
3511,P50287_wild,C(C(C(=O)O)N)C(=O)N,0.5774917998372253,0.5104384422302246,0.0077255405485630035,0.5742433071136475
3512,P07514_wild,C1C=CN(C=C1C(=O)N)C2C(C(C(O2)COP(=O)(O)OP(=O)(O)OCC3C(C(C(O3)N4C=NC5=C(N=CN=C54)N)O)O)O)O,-3.065501548756432,2.403634786605835,-2.040788173675537,3.3884053230285645
3513,P83686_H49A,[C-]#N.[C-]#N.[C-]#N.[C-]#N.[C-]#N.[C-]#N.[Fe+3],-2.552841968657781,2.666513681411743,-1.2242752313613892,2.672820568084717
3514,P83686_H49Y,[C-]#N.[C-]#N.[C-]#N.[C-]#N.[C-]#N.[C-]#N.[Fe+3],-2.5850266520291822,2.6883630752563477,-1.2400325536727905,2.690180778503418
3515,P83686_H49K,[C-]#N.[C-]#N.[C-]#N.[C-]#N.[C-]#N.[C-]#N.[Fe+3],-3.2218487496163566,2.2347681522369385,-1.130685806274414,2.301870107650757
3516,P83686_H49E,[C-]#N.[C-]#N.[C-]#N.[C-]#N.[C-]#N.[C-]#N.[Fe+3],-2.657577319177794,2.3091516494750977,-1.1618064641952515,2.35532546043396
3517,P83686_H49A,C1C=CN(C=C1C(=O)N)C2C(C(C(O2)COP(=O)(O)OP(=O)(O)OCC3C(C(C(O3)N4C=NC5=C(N=CN=C54)N)O)O)O)O,-2.721246399047171,2.52014422416687,-1.8914645910263062,3.2676711082458496
3518,P83686_H49Y,C1C=CN(C=C1C(=O)N)C2C(C(C(O2)COP(=O)(O)OP(=O)(O)OCC3C(C(C(O3)N4C=NC5=C(N=CN=C54)N)O)O)O)O,-2.5686362358410126,2.550262451171875,-1.9256411790847778,3.2765045166015625
3519,P83686_H49K,C1C=CN(C=C1C(=O)N)C2C(C(C(O2)COP(=O)(O)OP(=O)(O)OCC3C(C(C(O3)N4C=NC5=C(N=CN=C54)N)O)O)O)O,-2.0,1.9539449214935303,-1.767258882522583,2.841069459915161
3520,P83686_H49E,C1C=CN(C=C1C(=O)N)C2C(C(C(O2)COP(=O)(O)OP(=O)(O)OCC3C(C(C(O3)N4C=NC5=C(N=CN=C54)N)O)O)O)O,-3.522878745280338,2.0417418479919434,-1.8043378591537476,2.8999087810516357
3521,P83686_K97A,C1C=CN(C=C1C(=O)N)C2C(C(C(O2)COP(=O)(O)OP(=O)(O)OCC3C(C(C(O3)N4C=NC5=C(N=CN=C54)N)O)O)O)O,-2.3565473235138126,2.5566887855529785,-1.9063893556594849,3.282067060470581
3522,P83686_K97R,C1C=CN(C=C1C(=O)N)C2C(C(C(O2)COP(=O)(O)OP(=O)(O)OCC3C(C(C(O3)N4C=NC5=C(N=CN=C54)N)O)O)O)O,-2.537602002101044,2.5778093338012695,-1.9030286073684692,3.2963194847106934
3523,P83686_S99A,C1C=CN(C=C1C(=O)N)C2C(C(C(O2)COP(=O)(O)OP(=O)(O)OCC3C(C(C(O3)N4C=NC5=C(N=CN=C54)N)O)O)O)O,-1.585026652029182,2.4096250534057617,-1.8656362295150757,3.204153537750244
3524,P83686_S99T,C1C=CN(C=C1C(=O)N)C2C(C(C(O2)COP(=O)(O)OP(=O)(O)OCC3C(C(C(O3)N4C=NC5=C(N=CN=C54)N)O)O)O)O,-2.721246399047171,2.5617711544036865,-1.9035927057266235,3.285231590270996
3525,P83686_S99V,C1C=CN(C=C1C(=O)N)C2C(C(C(O2)COP(=O)(O)OP(=O)(O)OCC3C(C(C(O3)N4C=NC5=C(N=CN=C54)N)O)O)O)O,-2.0268721464003012,1.9705314636230469,-1.830479383468628,2.921600341796875
3526,P83686_R63A,C1C=CN(C=C1C(=O)N)C2C(C(C(O2)COP(=O)(O)OP(=O)(O)OCC3C(C(C(O3)N4C=NC5=C(N=CN=C54)N)O)O)O)O,-0.9829666607012196,2.239502191543579,-1.841699481010437,3.0713071823120117
3527,P83686_R63Q,C1C=CN(C=C1C(=O)N)C2C(C(C(O2)COP(=O)(O)OP(=O)(O)OCC3C(C(C(O3)N4C=NC5=C(N=CN=C54)N)O)O)O)O,-1.677780705266081,1.9115991592407227,-1.8619428873062134,2.8479807376861572
3528,P83686_R63K,C1C=CN(C=C1C(=O)N)C2C(C(C(O2)COP(=O)(O)OP(=O)(O)OCC3C(C(C(O3)N4C=NC5=C(N=CN=C54)N)O)O)O)O,-2.677780705266081,2.5010430812835693,-1.8893362283706665,3.233100175857544
3529,P83686_Y65A,C1C=CN(C=C1C(=O)N)C2C(C(C(O2)COP(=O)(O)OP(=O)(O)OCC3C(C(C(O3)N4C=NC5=C(N=CN=C54)N)O)O)O)O,-2.3767507096020997,1.9492385387420654,-1.8085565567016602,2.8970723152160645
3530,P83686_Y65F,C1C=CN(C=C1C(=O)N)C2C(C(C(O2)COP(=O)(O)OP(=O)(O)OCC3C(C(C(O3)N4C=NC5=C(N=CN=C54)N)O)O)O)O,-2.5228787452803374,2.4559359550476074,-1.8467849493026733,3.1854424476623535
3531,P0A3C4_wild,C1=NC2=C(N1C3C(C(C(O3)COP(=O)(O)OP(=O)(O)OP(=O)(O)O)O)O)N=C(NC2=O)N,-0.36653154442041347,-1.5347117185592651,-0.5681124329566956,0.4812523126602173
3532,P38652_wild,C(C1C(C(C(C(O1)OP(=O)(O)O)O)O)O)O,-1.3467874862246563,0.9282175302505493,-1.2621906995773315,1.7691525220870972
3533,P38652_wild,C(C1C(C(C(C(O1)O)O)O)O)OP(=O)(O)O,-0.17392519729917355,1.3739609718322754,-0.8893231749534607,1.7094637155532837
3534,P36871_wild,C(C1C(C(C(C(O1)OP(=O)(O)O)O)O)O)O,-1.4685210829577449,0.9696864485740662,-1.2891463041305542,1.7218728065490723
3535,P36871_wild,C(C1C(C(C(C(O1)OP(=O)(O)O)O)O)O)OP(=O)(O)O,-3.113509274827518,1.126340389251709,-1.6025923490524292,1.907025933265686
3536,P36871_wild,[Mg+2],-1.6989700043360187,2.413560390472412,-0.6918500661849976,2.026078939437866
3537,Q8VX48_wild,C(C1C(C(C(C(O1)OP(=O)(O)O)O)O)O)O,-1.0013048416883443,0.7742764949798584,-1.070764422416687,1.7331087589263916
3538,P33401_wild,C(C1C(C(C(C(O1)OP(=O)(O)O)O)O)O)O,-1.2218487496163564,1.1297991275787354,-1.0384379625320435,1.6958134174346924
3539,P36871_T19A,C(C1C(C(C(C(O1)OP(=O)(O)O)O)O)O)O,-0.8860566476931633,0.7122687101364136,-1.2633918523788452,1.4861360788345337
3540,P36871_D62H,C(C1C(C(C(C(O1)OP(=O)(O)O)O)O)O)O,-1.6326440789739811,0.5852278470993042,-1.2623881101608276,1.4075652360916138
3541,P36871_T115A,C(C1C(C(C(C(O1)OP(=O)(O)O)O)O)O)O,-1.3872161432802645,0.9310459494590759,-1.2799570560455322,1.6725298166275024
3542,P36871_G121R,C(C1C(C(C(C(O1)OP(=O)(O)O)O)O)O)O,-1.2518119729937995,0.9691150188446045,-1.2979227304458618,1.7121397256851196
3543,P36871_D263G,C(C1C(C(C(C(O1)OP(=O)(O)O)O)O)O)O,-0.9393021596463883,0.5962064266204834,-1.2398849725723267,1.4335627555847168
3544,P36871_D263Y,C(C1C(C(C(C(O1)OP(=O)(O)O)O)O)O)O,-0.7695510786217261,0.6337317824363708,-1.2663148641586304,1.4384148120880127
3545,P36871_K68M,C(C1C(C(C(C(O1)OP(=O)(O)O)O)O)O)O,-1.1951793212788375,0.9561741352081299,-1.2858859300613403,1.7055933475494385
3546,P36871_R221C,C(C1C(C(C(C(O1)OP(=O)(O)O)O)O)O)O,-1.0268721464003014,0.927243173122406,-1.2897919416427612,1.7091165781021118
3547,P36871_Y420H,C(C1C(C(C(C(O1)OP(=O)(O)O)O)O)O)O,-1.1249387366083,0.9709231853485107,-1.2847121953964233,1.7293542623519897
3548,Q9YGA6_wild,C1=NC(=C2C(=N1)N(C=N2)C3C(C(C(O3)COP(=O)(O)OP(=O)(O)OP(=O)(O)O)O)O)N,-0.8096683018297085,1.0395393371582031,-1.2000685930252075,2.518195152282715
3549,Q9YGA6_wild,C1=NC2=C(N1C3C(C(C(O3)COP(=O)(O)OP(=O)(O)OP(=O)(O)O)O)O)N=C(NC2=O)N,-0.36653154442041347,0.8150639533996582,-1.2218236923217773,2.5844388008117676
3550,Q9YGA6_wild,C1=CN(C(=O)N=C1N)C2C(C(C(O2)COP(=O)(O)OP(=O)(O)OP(=O)(O)O)O)O,-0.060480747381381476,0.9664409160614014,-1.1072324514389038,2.6070544719696045
3551,J7QB65_wild,C1=NC(=C2C(=N1)N(C=N2)C3C(C(C(O3)COP(=O)(O)OP(=O)(O)O)O)O)N,-2.4436974992327127,0.9045648574829102,-0.7421022057533264,1.826411247253418
3552,J7QB65_wild,C1CC(=C[NH+](C1O)C2C(C(C(O2)COP(=O)(O)OP(=O)(O)OCC3C(C(C(O3)N4C=NC5=C(N=CN=C54)N)O)O)O)O)C(=O)N,-2.9208187539523753,0.7135111689567566,-1.074155569076538,1.826770544052124
3553,P04805_wild,C1=NC(=C2C(=N1)N(C=N2)C3C(C(C(O3)COP(=O)(O)OP(=O)(O)OP(=O)(O)O)O)O)N,-4.154901959985743,0.5031152963638306,-1.2380708456039429,1.780083179473877
3554,P04805_wild,C(CC(=O)O)C(C(=O)O)N,-4.468521082957745,0.41170451045036316,-0.8014530539512634,1.4316926002502441
3555,P04805_C100Y,C(CC(=O)O)C(C(=O)O)N,0.07918124604762482,0.31188899278640747,-0.7901403307914734,1.3427445888519287
3556,O94219_wild,C1=CC(=CC(=C1)F)CO,-0.2564902352715702,0.6804730892181396,0.4189518094062805,0.8742822408676147
3557,O94219_wild,C1=CC(=CC=C1CO)F,-0.2572748686953017,0.525071382522583,0.14463353157043457,0.8878326416015625
3558,O94219_wild,C1=CC(=CC=C1CO)Cl,-0.8794260687941501,0.5796394348144531,-0.10961383581161499,1.007948398590088
3559,O94219_wild,C1=CC(=CC(=C1)Cl)CO,-0.9706162223147904,0.6085116863250732,0.2676849663257599,0.955647349357605
3560,O94219_wild,COC1=C(C=C(C=C1)CO)Cl,-1.853871964321762,0.9550988674163818,-0.19246479868888855,1.4773998260498047
3561,O94219_wild,COC1=C(C=C(C=C1)CO)O,-0.08039897621588897,0.9032637476921082,-0.19607125222682953,1.1866003274917603
3562,O94219_wild,C1=CC=C(C=C1)C=CCO,-0.14996674231023102,0.30769476294517517,-0.26544174551963806,1.2564513683319092
3563,O94219_wild,C1=CC(=CC=C1CO)C(=O)O,1.0867156639448825,0.2444305270910263,0.01897997036576271,0.7200855016708374
3564,Q5V0X0_wild,CCC(=O)SCCNC(=O)CCNC(=O)C(C(C)(C)COP(=O)(O)OP(=O)(O)OCC1C(C(C(O1)N2C=NC3=C(N=CN=C32)N)O)OP(=O)(O)O)O,0.9493900066449128,1.2537497282028198,-0.783118724822998,1.462918758392334
3565,Q5V0X0_wild,C(=O)C(=O)[O-],-0.3187587626244128,1.8853168487548828,-0.2105872929096222,1.1728885173797607
3566,Q5V0X0_wild,CC(=O)SCCNC(=O)CCNC(=O)C(C(C)(C)COP(=O)(O)OP(=O)(O)OCC1C(C(C(O1)N2C=NC3=C(N=CN=C32)N)O)OP(=O)(O)O)O,-0.3979400086720376,1.3819844722747803,-0.7998558878898621,1.4676060676574707
3567,Q5V0X0_wild,CC(C)(COP(=O)(O)OP(=O)(O)OCC1C(C(C(O1)N2C=NC3=C(N=CN=C32)N)O)OP(=O)(O)O)C(C(=O)NCCC(=O)NCCSC(=O)CC(C)(C(=O)O)O)O,-0.23657200643706275,1.6874492168426514,-0.7486236691474915,1.7533787488937378
3568,Q5V0X0_wild,CC(C(C(=O)O)O)C(=O)SCCNC(=O)CCNC(=O)C(C(C)(C)COP(=O)(O)OP(=O)(O)OCC1C(C(C(O1)N2C=NC3=C(N=CN=C32)N)O)OP(=O)(O)O)O,-0.10790539730951958,1.4097986221313477,-0.9384065270423889,1.567231297492981
3569,Q5V0X0_wild,CC(=O)C(=O)[O-],1.4800069429571507,1.6481324434280396,-0.3054972290992737,1.0519524812698364
3570,Q9ZNT0_wild,C1=NC(=C2C(=N1)N(C=N2)C3C(C(C(O3)COP(=O)(O)OP(=O)(O)OP(=O)(O)O)O)O)N,-0.575118363368933,-1.095090389251709,-0.7608575224876404,0.8652803897857666
3571,Q9ZNT0_K178A,C1=NC(=C2C(=N1)N(C=N2)C3C(C(C(O3)COP(=O)(O)OP(=O)(O)OP(=O)(O)O)O)O)N,-1.282329496997738,-1.7612500190734863,-0.6788708567619324,0.21826858818531036
3572,Q9ZNT0_E232Q,C1=NC(=C2C(=N1)N(C=N2)C3C(C(C(O3)COP(=O)(O)OP(=O)(O)OP(=O)(O)O)O)O)N,-0.26440110030182007,-1.950516700744629,-0.6796098947525024,0.027634143829345703
3573,P08760_wild,C1=NC(=C2C(=N1)N(C=N2)C3C(C(C(O3)COP(=O)(O)OP(=O)(O)OP(=O)(O)O)O)O)N,-0.45593195564972444,1.1136736869812012,-0.9434469938278198,2.018458127975464
3574,P08760_wild,C1=NC(=C2C(=N1)N(C=N2)C3C(C(C(O3)COP(=O)(O)O)O)O)N,-0.9208187539523751,1.4259233474731445,-1.3043113946914673,2.3345108032226562
3575,P08760_wild,C1=NC(=C2C(=N1)N(C=N2)C3C(C(C(O3)COP(=O)(O)OP(=O)(O)O)O)O)N,-0.18708664335714442,1.2995164394378662,-1.0776984691619873,2.2550203800201416
3576,Q7G193_wild,CCCCCCC=O,-1.853871964321762,0.642130970954895,-1.8632065057754517,1.714505910873413
3577,Q7G192_wild,CCCCCCC=O,-1.2441251443275085,0.4534028172492981,-1.8164600133895874,1.6641504764556885
3578,Q7G193_wild,C1=CC(=C(C=C1CC=O)O)O,-1.7212463990471711,-0.11491043120622635,-1.5285922288894653,1.2429444789886475
3579,Q7G193_wild,C1=CC=C(C=C1)C=O,-3.1307682802690238,0.3103991150856018,-1.4984560012817383,1.4569231271743774
3580,Q7G193_wild,C1=CC=C2C(=C1)C(=CN2)C=O,-2.3565473235138126,0.4837647080421448,-1.5522018671035767,1.635741949081421
3581,Q7G193_wild,C1=CC=C2C(=C1)C(=CN2)CC=O,-1.408935392973501,0.09650401026010513,-1.7260624170303345,1.4142804145812988
3582,Q7G193_wild,C1=CC=C(C=C1)C=CC=O,-1.6989700043360187,0.1669986993074417,-2.257655382156372,1.835571050643921
3583,Q7G192_wild,C1=CC=C(C=C1)C=CC=O,-0.38721614328026455,0.1447998285293579,-2.261624574661255,1.8415040969848633
3584,Q7G193_wild,CC(=CCCC(=CC=O)C)C,-1.6575773191777938,-0.953823983669281,-2.3779799938201904,1.0583850145339966
3585,Q7G192_wild,C1=CC=C(C=C1)C=O,-2.113509274827518,0.2681939899921417,-1.4974619150161743,1.408213496208191
3586,Q7G192_wild,C1=CC=C2C(=C1)C=CC=C2C=O,-3.4814860601221125,0.5850218534469604,-1.8752392530441284,1.7740567922592163
3587,Q8R2W9_wild,CC(C)(CO)C(C(=O)NCCC(=O)O)O,-2.0222763947111524,0.7710675001144409,-1.2308701276779175,1.5292859077453613
3588,Q8R2W9_wild,C1=NC(=C2C(=N1)N(C=N2)C3C(C(C(O3)COP(=O)(O)OP(=O)(O)OP(=O)(O)O)O)O)N,-0.9507819773298184,0.7447170615196228,-0.8206751346588135,1.5391044616699219
3589,Q8K4K6_wild,CC(C)(CO)C(C(=O)NCCC(=O)O)O,-2.2441251443275085,0.8451694846153259,-0.9446155428886414,1.1899924278259277
3590,Q8K4K6_wild,C1=NC(=C2C(=N1)N(C=N2)C3C(C(C(O3)COP(=O)(O)OP(=O)(O)OP(=O)(O)O)O)O)N,-1.0604807473813815,0.7425943613052368,-0.9331741333007812,1.1587615013122559
3591,Q923S8_wild,CC(C)(CO)C(C(=O)NCCC(=O)O)O,-2.0177287669604316,0.8524265885353088,-1.0582435131072998,1.6048824787139893
3592,Q923S8_wild,C1=NC(=C2C(=N1)N(C=N2)C3C(C(C(O3)COP(=O)(O)OP(=O)(O)OP(=O)(O)O)O)O)N,-0.22184874961635637,0.8989128470420837,-0.7774816155433655,1.665421485900879
3593,B9DGU7_wild,CC1=C(SC=[N+]1CC2=CN=C(N=C2N)C)CCO,-3.0177287669604316,-1.3058314323425293,-0.9078024625778198,0.791508674621582
3594,P32719_wild,C(C(C(C(=O)CO)O)O)OP(=O)(O)O,0.47712125471966244,0.9968178272247314,-0.5462334752082825,1.3035463094711304
3595,P27116_wild,C(CC(C(=O)O)N)CN,-0.3767507096020995,0.86409592628479,-0.0831025093793869,0.8064472079277039
3596,Q82VZ0_wild,C(CC(C(=O)O)N)CN,0.36172783601759284,0.862175464630127,0.1808062642812729,0.46535396575927734
3597,P27116_wild,C(CCN)CC(C(=O)O)N,1.255272505103306,0.11463765054941177,0.3946450650691986,0.5342040061950684
3598,P27116_wild,C(CC(C(=O)O)N)CN=C(N)N,2.012837224705172,0.8140843510627747,0.033198241144418716,0.9172911643981934
3599,P0C0R7_D83A,C[S+](CCC(C(=O)[O-])N)CC1C(C(C(O1)N2C=NC3=C(N=CN=C32)N)O)O,-2.154901959985743,-2.758105754852295,-1.680564284324646,-0.12496468424797058
3600,Q3IWB0_wild,C1=CC(=CC=C1CC(C(=O)O)N)O,-1.5030703519267852,-0.5724465250968933,-0.23192742466926575,0.17723293602466583
3601,Q3IWB0_H89F,C1=CC(=CC=C1CC(C(=O)O)N)O,0.18780263871841935,-0.5770618915557861,-0.22691549360752106,0.17564399540424347
3602,Q3IWB0_H89Q,C1=CC(=CC=C1CC(C(=O)O)N)O,0.1726029312098599,-0.569723904132843,-0.23418182134628296,0.1778157353401184
3603,Q3IWB0_H89N,C1=CC(=CC=C1CC(C(=O)O)N)O,0.14581771449182762,-0.533758282661438,-0.24356046319007874,0.2020147442817688
3604,Q3IWB0_wild,C1=CC=C(C=C1)CC(C(=O)O)N,-0.25181197299379965,0.0037465179339051247,-0.42457881569862366,0.4110974073410034
3605,Q3IWB0_H89F,C1=CC=C(C=C1)CC(C(=O)O)N,-0.5700863022362455,-0.003989330492913723,-0.4253421425819397,0.40429842472076416
3606,Q9I9A1_wild,C(C(C1C(=C(C(=O)O1)O)O)O)O,0.3010299956639812,2.9591193199157715,0.15823784470558167,1.9758028984069824
3607,Q9I9A1_wild,C1=CC(=C(C=C1CCN)O)O,-0.6989700043360187,2.0459671020507812,-0.307456910610199,2.0339853763580322
3608,Q7G9P4_wild,C1=CC=C2C(=C1)C(=CN2)CC=O,-1.4685210829577449,0.12960700690746307,-1.675746202468872,1.3419747352600098
3609,Q9L8R8_wild,CC(=O)CC(=O)NC1CCOC1=O,0.60959440922522,1.136514663696289,0.009313251823186874,0.8057142496109009
3610,Q9L8R8_wild,CCCC(=O)CC(=O)NC1CCOC1=O,0.469822015978163,1.4047155380249023,-0.5365283489227295,1.2790563106536865
3611,Q9L8R8_wild,CCCCCC(=O)CC(=O)NC1CCOC1=O,0.35793484700045375,1.312112808227539,-0.6275716423988342,1.434100866317749
3612,Q9L8R8_wild,CCCCCCCC(=O)CC(=O)NC1CCOC1=O,0.15533603746506186,1.2145404815673828,-0.9501696228981018,1.6193976402282715
3613,Q9L8R8_wild,CCCC(=O)NC1CCOC1=O,0.7084209001347128,1.6300086975097656,0.25785088539123535,0.857661247253418
3614,Q9L8R8_wild,CCCCCC(=O)NC1CCOC1=O,0.5831987739686227,1.345686674118042,-0.10690435767173767,0.979181706905365
3615,Q9L8R8_wild,CC(CC(=O)NC1CCOC1=O)O,0.8756399370041684,1.4048247337341309,0.18955576419830322,0.7645707130432129
3616,Q9L8R8_wild,CCCCCCCC(=O)NC1CCOC1=O,0.41664050733828095,1.2607474327087402,-0.6026009917259216,1.2600376605987549
3617,Q9L8R8_H106S,CCCCCC(=O)CC(=O)NC1CCOC1=O,1.0334237554869496,1.069990873336792,-0.5583444237709045,1.1961426734924316
3618,Q9L8R8_H169S,CCCCCC(=O)CC(=O)NC1CCOC1=O,1.130333768495006,0.9215764999389648,-0.5382639169692993,1.0523097515106201
3619,P14060_D36A/K37R,C1C=CN(C=C1C(=O)N)C2C(C(C(O2)COP(=O)(O)OP(=O)(O)OCC3C(C(C(O3)N4C=NC5=C(N=CN=C54)N)OP(=O)(O)O)O)O)O,-2.3665315444204134,-0.40442955493927,-1.6361162662506104,1.9439756870269775
3620,P14060_wild,CC12CCC3C(C1CCC2=O)CC=C4C3(CCC(=O)C4)C,-1.5718652059712113,-0.4522029757499695,-2.4748289585113525,1.5814502239227295
3621,P14060_D36A,CC12CCC3C(C1CCC2=O)CC=C4C3(CCC(=O)C4)C,-1.5171264163912463,-0.4994688332080841,-2.482051134109497,1.5179674625396729
3622,P19111_wild,C=C(C(=O)O)OP(=O)(O)O,-2.0915149811213505,2.0660605430603027,-0.5434514880180359,1.8623621463775635
3623,P08289_wild,C=C(C(=O)O)OP(=O)(O)O,-1.2518119729937995,1.9846528768539429,-0.5847949385643005,1.8614869117736816
3624,P09242_wild,C=C(C(=O)O)OP(=O)(O)O,-1.6575773191777938,1.9797265529632568,-0.5970527529716492,1.86619234085083
3625,P09923_wild,C1=CC(=CC=C1[N+](=O)[O-])OP(=O)(O)O,-2.4436974992327127,2.0158133506774902,-0.30118420720100403,1.6912922859191895
3626,P09923_wild,C1=CC=C2C(=C1)C=CC=C2OP(=O)(O)O,-2.309803919971486,1.3574588298797607,-0.8194405436515808,1.5666749477386475
3627,P05186_wild,C1=CC(=CC=C1[N+](=O)[O-])OP(=O)(O)O,-1.045757490560675,1.8161234855651855,-0.3408220708370209,1.4980270862579346
3628,P05186_wild,C1=CC=C(C=C1)OP(=O)(O)O,0.2041199826559248,1.705852746963501,-0.6398085951805115,1.490021824836731
3629,P09923_wild,C1=CC=C(C=C1)OP(=O)(O)O,0.07918124604762482,1.8850467205047607,-0.6345956325531006,1.5782115459442139
3630,P05187_wild,C1=CC=C(C=C1)OP(=O)(O)O,0.04139268515822508,1.9442564249038696,-0.6503396034240723,1.6378660202026367
3631,P09923_wild,C1=NC(=C2C(=N1)N(C=N2)C3C(C(C(O3)COP(=O)(O)O)O)O)N,-1.186419011431808,1.8941529989242554,-0.9601185321807861,1.867655873298645
3632,P09923_wild,[O-]P(=O)([O-])OP(=O)([O-])[O-],-1.3819519032879073,2.3386731147766113,-1.3359532356262207,2.2026543617248535
3633,P09923_wild,C(C1C(C(C(C(O1)O)O)O)O)OP(=O)(O)O,-1.537602002101044,2.2249951362609863,-0.27496448159217834,1.4345428943634033
3634,P09923_wild,C(C1C(C(C(C(O1)OP(=O)(O)O)O)O)O)O,-1.3496924768680636,1.718159794807434,-0.5287855863571167,1.4824687242507935
3635,P09923_wild,C(COP(=O)(O)O)N,-1.5214335044061567,2.2613677978515625,-0.23034486174583435,1.429641842842102
3636,P19111_wild,C1=CC(=CC=C1[N+](=O)[O-])OP(=O)(O)O,-0.16115090926274472,1.826967716217041,-0.27882304787635803,1.5806472301483154
3637,Q8N5Z0_wild,C(CC(C(=O)O)N)CC(=O)O,-0.045757490560675115,0.717248260974884,0.2092600166797638,0.23059597611427307
3638,Q8N5Z0_wild,CSCCC(C(=O)O)N,0.23044892137827394,0.7797903418540955,0.13491716980934143,0.17252466082572937
3639,Q8N5Z0_wild,C(CC(=O)N)C(C(=O)O)N,0.9084850188786497,0.5136362910270691,0.2566509246826172,-0.05649825930595398
3640,Q42679_wild,C[S+](CCC(C(=O)[O-])N)CC1C(C(C(O1)N2C=NC3=C(N=CN=C32)N)O)O,-1.4559319556497243,1.466149091720581,-1.1437772512435913,2.0167441368103027
3641,Q96286_K81A,C(CCN)CC(C(=O)O)N,-0.45345733652186904,1.1107105016708374,0.2952624559402466,0.7873915433883667
3642,Q96286_C50A,C[S+](CCC(C(=O)[O-])N)CC1C(C(C(O1)N2C=NC3=C(N=CN=C32)N)O)O,-1.6420651529995463,1.3948663473129272,-1.1381059885025024,1.9794394969940186
3643,Q96286_K81A,C[S+](CCC(C(=O)[O-])N)CC1C(C(C(O1)N2C=NC3=C(N=CN=C32)N)O)O,-0.5980827494824253,1.4160850048065186,-1.1264768838882446,1.997704267501831
3644,Q96286_C83A,C[S+](CCC(C(=O)[O-])N)CC1C(C(C(O1)N2C=NC3=C(N=CN=C32)N)O)O,-1.3695721249749762,1.4143011569976807,-1.1396170854568481,2.003077268600464
3645,Q96286_C230A,C[S+](CCC(C(=O)[O-])N)CC1C(C(C(O1)N2C=NC3=C(N=CN=C32)N)O)O,-1.6020599913279623,1.4159009456634521,-1.126084804534912,2.01423978805542
3646,O04130_wild,C(C(=O)C(=O)O)OP(=O)(O)O,-0.45593195564972444,0.7965431213378906,-0.5601533055305481,1.035906195640564
3647,O04130_wild,C1C=CN(C=C1C(=O)N)C2C(C(C(O2)COP(=O)(O)OP(=O)(O)OCC3C(C(C(O3)N4C=NC5=C(N=CN=C54)N)O)O)O)O,-0.9208187539523751,1.182100534439087,-0.9349778294563293,2.0960745811462402
3648,D1J7T8_wild,C1=NC(=C2C(=N1)N(C=N2)C3C(C(C(O3)COP(=O)(O)OP(=O)(O)OP(=O)(O)O)O)O)N,-0.7447274948966939,0.5860397219657898,-0.8850548267364502,1.4001693725585938
3649,O25711_wild,C1=NC(=C2C(=N1)N(C=N2)C3C(C(C(O3)COP(=O)(O)OP(=O)(O)OP(=O)(O)O)O)O)N,0.00860017176191757,-1.1968902349472046,-1.5284123420715332,0.5257025957107544
3650,O25711_wild,C1=NC2=C(N1C3C(C(C(O3)COP(=O)(O)OP(=O)(O)OP(=O)(O)O)O)O)N=C(NC2=O)N,-0.23657200643706275,-1.355093002319336,-1.5849289894104004,0.39374256134033203
3651,Q23917_wild,C1C2C(C(C(O2)N3C=NC4=C(N=CN=C43)N)O)OP(=O)(O1)O,-2.3767507096020997,-0.9782209396362305,-1.3818269968032837,1.2442481517791748
3652,P18155_wild,C1C2CN(CN2C3=C(N1)N=C(NC3=O)N)C4=CC=C(C=C4)C(=O)NC(CCC(=O)O)C(=O)O,-1.7212463990471711,0.8456626534461975,-1.0577776432037354,2.3059041500091553
3653,P18155_wild,C1=CC(=C[N+](=C1)C2C(C(C(O2)COP(=O)([O-])OP(=O)(O)OCC3C(C(C(O3)N4C=NC5=C(N=CN=C54)N)O)O)O)O)C(=O)N,-0.9546770212133425,0.9720618724822998,-0.7549381256103516,2.1801247596740723
3654,P18155_wild,[O-]P(=O)([O-])[O-],-0.7695510786217261,0.8950335383415222,-0.27694088220596313,1.5676898956298828
3655,P18155_wild,[Mg+2],-0.6020599913279624,1.2237035036087036,-0.47972625494003296,1.7054715156555176
3656,P18155_wild,C1C2CN(C=[N+]2C3=C(N1)N=C(NC3=O)N)C4=CC=C(C=C4)C(=O)NC(CCC(=O)O)C(=O)O,-0.8096683018297085,0.869875431060791,-1.0490574836730957,2.1589155197143555
3657,P13995_wild,C1C2CN(CN2C3=C(N1)N=C(NC3=O)N)C4=CC=C(C=C4)C(=O)NC(CCC(=O)O)C(=O)O,-2.494850021680094,0.8203214406967163,-1.1107450723648071,2.1615073680877686
3658,P13995_wild,[Mg+2],-0.7721132953863266,1.1582086086273193,-0.5080581903457642,1.6529945135116577
3659,P13995_wild,[O-]P(=O)([O-])[O-],-0.721246399047171,0.8294612765312195,-0.28261256217956543,1.484184980392456
3660,P56068_wild,C(CC(=O)O)C(C(=O)O)N,-1.2006594505464183,0.4662040174007416,0.5332611203193665,0.89141845703125
3661,P56068_A75T,C(CC(=O)O)C(C(=O)O)N,-0.5606673061697374,0.4399709403514862,0.5374651551246643,0.9043188095092773
3662,P56068_E151K,C(CC(=O)O)C(C(=O)O)N,-0.5497508916806388,0.3570404350757599,0.5717198848724365,0.8546189665794373
3663,Q0KDL6_wild,CC(=O)C(=O)C,-0.25181197299379965,1.3497068881988525,-0.44508931040763855,1.0706392526626587
3664,P27169_wild,C1=CC=C(C=C1)CC(=O)O,0.11394335230683679,1.487557053565979,-0.24933978915214539,1.4736756086349487
3665,P27169_H115Q,C1=CC=C(C=C1)CC(=O)O,0.9084850188786497,1.2230815887451172,-0.19211837649345398,1.2840707302093506
3666,P27169_H134Q,C1=CC=C(C=C1)CC(=O)O,0.5563025007672873,1.455140233039856,-0.22994887828826904,1.4377769231796265
3667,P27169_H115Q/H134Q,C1=CC=C(C=C1)CC(=O)O,0.9867717342662449,1.2009990215301514,-0.18191586434841156,1.2323682308197021
3668,Q9I3S3_wild,C(CC(=O)O)CN=C(N)N,1.6901960800285136,1.585866093635559,1.0831197500228882,0.8610048294067383
3669,P08310_wild,C(=CC(=O)[O-])C=CC(=O)[O-],-1.3979400086720375,1.4047582149505615,-1.0821493864059448,1.972817063331604
3670,P08310_wild,C(=CC(=O)[O-])C=C(C(=O)[O-])Cl,-1.2291479883578558,0.6928173899650574,-1.3088539838790894,1.5730355978012085
3671,P08310_wild,C(=CC(=O)[O-])C(=CC(=O)[O-])Cl,-0.494850021680094,0.9006857872009277,-0.9794411063194275,1.4868227243423462
3672,P08310_wild,C(=C(C=C(C(=O)O)Cl)Cl)C(=O)O,-1.585026652029182,0.3997074067592621,-1.2027610540390015,1.4675089120864868
3673,P08310_wild,C(=CC(=O)O)C(=CC(=O)O)F,-1.0132282657337552,1.5680828094482422,-0.4511023163795471,1.77713942527771
3674,P08310_wild,CC(=CC=CC(=O)[O-])C(=O)[O-],-1.3979400086720375,0.8268508911132812,-1.0922478437423706,1.708270788192749
3675,P08310_wild,CC(=CC(=O)O)C=CC(=O)O,-2.2218487496163566,1.0856977701187134,-0.7373376488685608,1.754521131515503
3676,Q65GU6_wild,CCCCCCCCCCCC(=O)[O-],-0.9913998282380825,0.9985064268112183,-1.3757431507110596,1.4837647676467896
3677,Q65GU6_wild,CCCCCCCCCCCCCC(=O)O,-1.2932822176632413,1.1524648666381836,-1.4275821447372437,1.4124597311019897
3678,Q65GU6_wild,CCC(C)CCCCCCCCCCC(=O)O,-1.889410289700751,1.4615458250045776,-1.0651003122329712,1.6740913391113281
3679,Q65GU6_wild,CC(C)CCCCCCCCCCCC(=O)O,-1.7825160557860937,1.4226088523864746,-1.4859153032302856,1.7172366380691528
3680,Q65GU6_wild,CCCCCCCCCCCCCCCC(=O)O,-1.413412695328245,0.9254227876663208,-1.3698843717575073,1.267114520072937
3681,Q65GU6_wild,CCCCCCC=CCCCCCCCC(=O)O,-1.7825160557860937,0.9837404489517212,-1.1277292966842651,1.803321361541748
3682,Q65GU6_wild,CCCCCCCCCCCCCCCCCC(=O)[O-],-1.9281179926938747,0.9411517977714539,-1.3681352138519287,1.468359351158142
3683,Q65GU6_wild,CCCCCC=CCC=CCCCCCCCC(=O)O,-1.258848401148215,1.5138084888458252,-1.4850366115570068,2.1560416221618652
3684,O08394_wild,CCCCCCCCCCCCCC(=O)O,-0.1938200260161128,1.109573245048523,-1.4137507677078247,1.4968159198760986
3685,O08394_wild,CCCCCCCCCCCCCCCCCC(=O)[O-],-1.4111682744057927,0.9026753306388855,-1.3841925859451294,1.6110659837722778
3686,O08394_wild,CC(C)CCCC(C)CCCC(C)CCCC(C)CC(=O)O,-0.8239087409443188,1.3572089672088623,-1.138074517250061,2.1769325733184814
3687,O08394_wild,[C-]#N.[C-]#N.[C-]#N.[C-]#N.[C-]#N.[C-]#N.[Fe+3],-0.8141746403870379,2.0143513679504395,-0.8721258044242859,2.100182056427002
3688,O08394_wild,C1C=CN(C=C1C(=O)N)C2C(C(C(O2)COP(=O)(O)OP(=O)(O)OCC3C(C(C(O3)N4C=NC5=C(N=CN=C54)N)OP(=O)(O)O)O)O)O,-2.4436974992327127,1.2592190504074097,-1.214936375617981,2.565171480178833
3689,O08394_wild,C1C=CN(C=C1C(=O)N)C2C(C(C(O2)COP(=O)(O)OP(=O)(O)OCC3C(C(C(O3)N4C=NC5=C(N=CN=C54)N)O)O)O)O,1.252853030979893,1.1930797100067139,-1.0253286361694336,2.250364065170288
3690,O08336_wild,CCCCCCCCCCCC(=O)[O-],-0.7825160557860937,0.8043871521949768,-1.3509576320648193,1.3996703624725342
3691,O08336_wild,CCCCCCCCCCCCCC(=O)O,-0.26600071346161314,1.0044333934783936,-1.3996812105178833,1.3550214767456055
3692,O08336_wild,CCCCCCCCCCCCCCCC(=O)O,-0.47237009912866135,0.6997403502464294,-1.3461437225341797,1.2165794372558594
3693,O08336_wild,CCCCCCCCCCCCCCCCCC(=O)[O-],-1.1643094285075746,0.7614778280258179,-1.3399839401245117,1.3867990970611572
3694,O08336_wild,CC(C)CCCC(C)CCCC(C)CCCC(C)CC(=O)O,-1.5421181032660076,1.1628825664520264,-1.1468050479888916,2.0101685523986816
3695,O08336_wild,CCCCCC=CCC=CCC=CCC=CCCCC(=O)O,-1.1023729087095586,1.1704577207565308,-1.459652304649353,2.0718283653259277
3696,O08336_wild,[C-]#N.[C-]#N.[C-]#N.[C-]#N.[C-]#N.[C-]#N.[Fe+3],-0.5451551399914898,1.9855265617370605,-0.9230404496192932,2.0137710571289062
3697,O08336_wild,C1C=CN(C=C1C(=O)N)C2C(C(C(O2)COP(=O)(O)OP(=O)(O)OCC3C(C(C(O3)N4C=NC5=C(N=CN=C54)N)OP(=O)(O)O)O)O)O,-2.2924298239020637,1.1253163814544678,-1.21473228931427,2.404792308807373
3698,O08336_wild,C1C=CN(C=C1C(=O)N)C2C(C(C(O2)COP(=O)(O)OP(=O)(O)OCC3C(C(C(O3)N4C=NC5=C(N=CN=C54)N)O)O)O)O,0.3856062735983121,1.1178779602050781,-1.0256036520004272,2.089609384536743
3699,Q81BF4_wild,CCCCCCCCCCCCCCCC(=O)O,-0.6382721639824072,0.6060973405838013,-1.513142466545105,1.1946874856948853
3700,Q6ZVK8_wild,C1C(C(OC1N2C3=C(C(=O)NC(=N3)N)NC2=O)COP(=O)(O)OP(=O)(O)O)O,-1.9706162223147905,-0.825915515422821,-1.7763251066207886,1.113358736038208
3701,Q6ZVK8_wild,C(C1C(C(C(O1)N2C3=C(C(=O)NC(=N3)N)NC2=O)O)O)OP(=O)(O)OP(=O)(O)O,-1.9318141382538383,-0.7772356271743774,-1.8270009756088257,0.9559035301208496
3702,P07623_wild,C(COC(=O)CCC(=O)O)C(C(=O)O)N,0.5440680443502757,0.8191613554954529,-0.2762359380722046,0.8046746850013733
3703,P07623_wild,CC(C)(COP(=O)(O)OP(=O)(O)OCC1C(C(C(O1)N2C=NC3=C(N=CN=C32)N)O)OP(=O)(O)O)C(C(=O)NCCC(=O)NCCS)O,-0.1938200260161128,0.738497793674469,-0.8791681528091431,1.3626339435577393
3704,P07623_wild,CC(C)(COP(=O)(O)OP(=O)(O)OCC1C(C(C(O1)N2C=NC3=C(N=CN=C32)N)O)OP(=O)(O)O)C(C(=O)NCCC(=O)NCCSC(=O)CCCC(=O)O)O,-0.7447274948966939,0.8864109516143799,-0.8803485631942749,1.4799444675445557
3705,P07623_wild,C(CN)CO,1.3010299956639813,-0.09239903837442398,1.1934399604797363,-0.3762882947921753
3706,P07623_wild,C(C(C(=O)O)N)O,1.3979400086720377,0.22301408648490906,0.8367865681648254,-0.045810163021087646
3707,P07623_wild,CC(C(C(=O)O)N)O,1.4913616938342726,0.5224251747131348,0.5495359897613525,0.07255002856254578
3708,P19456_wild,C1=NC(=C2C(=N1)N(C=N2)C3C(C(C(O3)COP(=O)(O)OP(=O)(O)OP(=O)(O)O)O)O)N,-0.6382721639824072,0.2439843863248825,-1.133069396018982,1.212435245513916
3709,P05030_wild,C(C1C(C(C(C(O1)O)O)O)O)O,1.3010299956639813,0.7424221038818359,-0.20078608393669128,0.598717212677002
3710,P19456_T947A,C1=NC(=C2C(=N1)N(C=N2)C3C(C(C(O3)COP(=O)(O)OP(=O)(O)OP(=O)(O)O)O)O)N,0.2833012287035496,0.24919725954532623,-1.1332875490188599,1.2148151397705078
3711,P19456_R918A,C1=NC(=C2C(=N1)N(C=N2)C3C(C(C(O3)COP(=O)(O)OP(=O)(O)OP(=O)(O)O)O)O)N,0.17026171539495738,0.23935608565807343,-1.135158658027649,1.203805923461914
3712,P19456_L919A,C1=NC(=C2C(=N1)N(C=N2)C3C(C(C(O3)COP(=O)(O)OP(=O)(O)OP(=O)(O)O)O)O)N,-0.494850021680094,0.25110140442848206,-1.1272022724151611,1.2214643955230713
3713,P19456_R920A,C1=NC(=C2C(=N1)N(C=N2)C3C(C(C(O3)COP(=O)(O)OP(=O)(O)OP(=O)(O)O)O)O)N,0.15228834438305647,0.24833951890468597,-1.1333688497543335,1.21608304977417
3714,P19456_E921A,C1=NC(=C2C(=N1)N(C=N2)C3C(C(C(O3)COP(=O)(O)OP(=O)(O)OP(=O)(O)O)O)O)N,0.14612803567823798,0.250590443611145,-1.1335318088531494,1.2092276811599731
3715,P19456_L922A,C1=NC(=C2C(=N1)N(C=N2)C3C(C(C(O3)COP(=O)(O)OP(=O)(O)OP(=O)(O)O)O)O)N,0.2600713879850748,0.2478766292333603,-1.125381588935852,1.219709873199463
3716,P19456_H923A,C1=NC(=C2C(=N1)N(C=N2)C3C(C(C(O3)COP(=O)(O)OP(=O)(O)OP(=O)(O)O)O)O)N,0.23552844690754893,0.23816947638988495,-1.129178524017334,1.205880880355835
3717,P19456_L919A/T947A,C1=NC(=C2C(=N1)N(C=N2)C3C(C(C(O3)COP(=O)(O)OP(=O)(O)OP(=O)(O)O)O)O)N,-0.44369749923271273,0.25613710284233093,-1.12798273563385,1.2241365909576416
3718,P19456_L919A/L922A,C1=NC(=C2C(=N1)N(C=N2)C3C(C(C(O3)COP(=O)(O)OP(=O)(O)OP(=O)(O)O)O)O)N,-0.619788758288394,0.2520226538181305,-1.1209999322891235,1.2258856296539307
3719,P19456_L919A/L922A/T947A,C1=NC(=C2C(=N1)N(C=N2)C3C(C(C(O3)COP(=O)(O)OP(=O)(O)OP(=O)(O)O)O)O)N,-0.46852108295774486,0.25680115818977356,-1.122146487236023,1.228948950767517
3720,Q04212_wild,CC1C(C(C(C(O1)O)O)O)O,1.1139433523068367,0.6278655529022217,1.0378421545028687,0.23889651894569397
3721,Q04212_wild,C(C(C(C(C=O)O)O)O)O,1.9444826721501687,0.4713986814022064,1.3402421474456787,-0.16677340865135193
3722,Q04212_wild,C(C(C(C(C(C=O)O)O)O)O)O,0.25527250510330607,0.3723571002483368,1.377814531326294,-0.3925990164279938
3723,Q04212_wild,C1C(C(C(C(O1)O)O)O)O,2.0791812460476247,0.804404616355896,1.4429126977920532,-0.009510010480880737
3724,Q9NZJ9_wild,C1(C(C(C(C(C1OP(=O)(O)O)OP(=O)(O)O)OP(=O)(O)OP(=O)(O)O)OP(=O)(O)O)OP(=O)(O)O)OP(=O)(O)O,-5.376750709602099,-0.976254940032959,-2.738013744354248,2.3642470836639404
3725,O95989_wild,C1(C(C(C(C(C1OP(=O)(O)O)OP(=O)(O)O)OP(=O)(O)OP(=O)(O)O)OP(=O)(O)O)OP(=O)(O)O)OP(=O)(O)O,-5.376750709602099,-1.1048253774642944,-2.525392770767212,2.334537982940674
3726,Q39172_wild,C1=CC(=CC=C1C=CC=O)O,-0.27572413039921095,-0.47043851017951965,-1.5355099439620972,0.7662782669067383
3727,Q39172_wild,COC1=C(C=CC(=C1)C=CC=O)O,-0.38721614328026455,-0.577450692653656,-1.722028374671936,0.6447018384933472
3728,Q39172_wild,CCCCCC(C=CC=O)O,-0.5528419686577808,-0.6381593942642212,-0.7741574645042419,0.4635082185268402
3729,Q46078_wild,[Mn+2],-0.3010299956639812,0.691390872001648,-1.4276610612869263,1.8262913227081299
3730,Q46078_wild,[Co+2],0.25527250510330607,0.10682866722345352,-1.3024297952651978,1.725569486618042
3731,Q46078_wild,C1=NC2=C(C(=O)N1)N=CN2C3C(C(C(O3)COP(=O)(O)OP(=O)(O)O)O)O,-0.9208187539523751,0.5590041875839233,-0.31540995836257935,1.618224859237671
3732,Q46078_wild,C1=NC2=C(N1C3C(C(C(O3)COP(=O)(O)OP(=O)(O)O)O)O)N=C(NC2=O)N,-0.6020599913279624,0.46035251021385193,-0.37492135167121887,1.560901403427124
3733,A0R2W9_wild,CC1=C(N2C(=C(C(=O)N2C1=O)C)CSCC(C(=O)NC3C(C(C(OC3OC4C(C(C(C(C4O)O)O)O)O)CO)O)O)NC(=O)C)C,-1.0222763947111522,-1.5978114604949951,-0.4714198112487793,-1.1618225574493408
3734,P08170_wild,O=O,-1.5086383061657274,2.2281763553619385,-0.7841643691062927,2.1617207527160645
3735,P08170_wild,CCCCCC=CCC=CCCCCCCCC(=O)O,-1.744727494896694,2.4786534309387207,-1.7412360906600952,2.521059513092041
3736,P08170_I553F,CCCCCC=CCC=CCCCCCCCC(=O)O,-1.7212463990471711,2.4773199558258057,-1.7409526109695435,2.5236713886260986
3737,P08170_I553F,O=O,-0.8477116556169435,2.2303671836853027,-0.7843214869499207,2.1630942821502686
3738,P08170_wild,C1=CC(=CC=C1C=CC2=CC(=CC(=C2)O)O)O,-1.7304870557820837,0.49613770842552185,-1.3359112739562988,1.2757819890975952
3739,P27480_wild,CCCCCC=CCC=CCCCCCCCC(=O)O,0.3979400086720376,2.4923927783966064,-1.6779521703720093,2.371779203414917
3740,P27480_wild,CCC=CCC=CCC=CCCCCCCCC(=O)[O-],0.14612803567823798,2.2830445766448975,-1.7208173274993896,2.2485387325286865
3741,P27480_wild,CCCCCC=CCC=CCC=CCC=CCCCC(=O)O,0.7075701760979364,2.0390260219573975,-1.6520848274230957,2.3925728797912598
3742,P08170_wild,CCCCCC=CCC=CCC=CCC=CCCCC(=O)O,-1.8210230527068305,2.0656166076660156,-1.6718295812606812,2.522805690765381
3743,P50097_R418A,C1=CC(=C[N+](=C1)C2C(C(C(O2)COP(=O)([O-])OP(=O)(O)OCC3C(C(C(O3)N4C=NC5=C(N=CN=C54)N)O)O)O)O)C(=O)N,-2.7958800173440754,-0.205119326710701,-0.49668699502944946,1.1087324619293213
3744,P50097_Y419F,C1=CC(=C[N+](=C1)C2C(C(C(O2)COP(=O)([O-])OP(=O)(O)OCC3C(C(C(O3)N4C=NC5=C(N=CN=C54)N)O)O)O)O)C(=O)N,-1.1549019599857433,-0.20418407022953033,-0.49787014722824097,1.0934338569641113
3745,P50097_R418A,C1=NC2=C(C(=O)N1)N=CN2C3C(C(C(O3)COP(=O)(O)O)O)O,-2.5228787452803374,-0.31590914726257324,-1.1319164037704468,1.4764734506607056
3746,P50097_Y419F,C1=NC2=C(C(=O)N1)N=CN2C3C(C(C(O3)COP(=O)(O)O)O)O,-3.154901959985743,-0.3183935880661011,-1.1274166107177734,1.4578311443328857
3747,P50097_wild,C1=NC2=C(C(=O)N1)N=CN2C3C(C(C(O3)COP(=O)(O)O)O)O,-2.769551078621726,-0.3239389955997467,-1.1254664659500122,1.4549025297164917
3748,P50097_wild,C1=CC(=C[N+](=C1)C2C(C(C(O2)COP(=O)([O-])OP(=O)(O)OCC3C(C(C(O3)N4C=NC5=C(N=CN=C54)N)O)O)O)O)C(=O)N,-0.8239087409443188,-0.21330305933952332,-0.49500876665115356,1.0916883945465088
3749,P50097_wild,CC(=O)C1=C[N+](=CC=C1)C2C(C(C(O2)COP(=O)([O-])OP(=O)(O)OCC3C(C(C(O3)N4C=NC5=C(N=CN=C54)N)O)O)O)O,-0.3467874862246563,-0.13501307368278503,-0.6640141606330872,1.1574900150299072
3750,P49058_wild,C1=NC2=C(C(=O)N1)N=CN2C3C(C(C(O3)COP(=O)(O)O)O)O,-1.537602002101044,-0.05708971619606018,-1.1694576740264893,1.3931950330734253
3751,P49058_wild,C1=CC(=C[N+](=C1)C2C(C(C(O2)COP(=O)([O-])OP(=O)(O)OCC3C(C(C(O3)N4C=NC5=C(N=CN=C54)N)O)O)O)O)C(=O)N,0.04139268515822508,-0.15141084790229797,-0.7381823658943176,1.0272881984710693
3752,P49058_wild,[K+],1.3979400086720377,0.9531378149986267,0.48095759749412537,0.44427335262298584
3753,P49058_wild,[NH4+],1.3222192947339193,0.8087620735168457,0.951300323009491,0.42893677949905396
3754,P49058_wild,[Cs+],1.4913616938342726,1.2364990711212158,-0.24337457120418549,1.123661756515503
3755,P25409_wild,C(CC(=O)O)C(=O)C(=O)O,-0.9208187539523751,0.7754212617874146,-0.3885669410228729,1.1571650505065918
3756,P25409_wild,CC(C(=O)O)N,-0.2924298239020636,1.1182537078857422,0.8569461107254028,0.40114957094192505
3757,P25409_wild,CC1=NC=C(C(=C1O)C=O)COP(=O)(O)O,-1.2441251443275085,0.23886017501354218,-1.6895591020584106,1.039776086807251
3758,P25409_wild,CC(=O)C(=O)[O-],-0.045757490560675115,0.7937134504318237,-0.07851582765579224,0.7675436735153198
3759,P25409_wild,C(CC(=O)O)C(C(=O)O)N,1.1760912590556813,1.0335490703582764,0.4259006977081299,0.6741121411323547
3760,Q9LR30_wild,CC(=O)C(=O)[O-],-0.5086383061657274,1.3437913656234741,-0.0370471216738224,0.9961687326431274
3761,Q9LR30_wild,CC(C(=O)O)N,0.6776069527204932,1.7447606325149536,0.8404884338378906,0.7122822403907776
3762,Q9LR30_wild,C(CC(=O)O)C(=O)C(=O)O,-0.5086383061657274,1.3094475269317627,-0.294758677482605,1.4123646020889282
3763,Q9S7E9_wild,CC(=O)C(=O)[O-],-0.44369749923271273,1.3218268156051636,-0.025813724845647812,1.0158262252807617
3764,Q9S7E9_wild,C(CC(=O)O)C(=O)C(=O)O,-0.2924298239020636,1.2978824377059937,-0.3045530319213867,1.4322619438171387
3765,P52894_wild,CC(=O)C(=O)[O-],-1.2218487496163564,1.3174983263015747,0.09465226531028748,1.04197096824646
3766,P34106_wild,CC(C(=O)O)N,0.8241258339165489,1.5146918296813965,0.89076167345047,0.6107460856437683
3767,P34106_wild,C(CC(=O)O)C(=O)C(=O)O,-0.8239087409443188,1.2496647834777832,-0.10679298639297485,1.3691344261169434
3768,P34106_wild,C(CC(=O)O)C(C(=O)O)N,0.6989700043360189,1.5307284593582153,0.6247039437294006,0.9098585247993469
3769,P34106_wild,CC(=O)C(=O)[O-],-0.4814860601221125,1.254298448562622,0.13805551826953888,0.9582469463348389
3770,Q93ZN9_wild,CC(C(=O)O)N,1.4082399653118496,0.9918152093887329,0.5999639630317688,0.12716785073280334
3771,Q93ZN9_P398S,CC(C(=O)O)N,1.3673559210260189,0.9684931039810181,0.5974695086479187,0.11620697379112244
3772,Q9ZQI7_wild,CC(C(=O)O)N,0.7450747915820575,0.6021761894226074,0.8572177290916443,0.031192511320114136
3773,Q93ZN9_P398S,C(CC(=O)O)C(C(=O)O)N,0.4941545940184428,0.995806097984314,0.4851812720298767,0.3580954074859619
3774,Q9ZQI7_wild,C(CC(=O)O)C(C(=O)O)N,1.568201724066995,0.5781019926071167,0.6409597396850586,0.34393852949142456
3775,Q8GAK6_wild,C1=CC(=C[N+](=C1)C2C(C(C(O2)COP(=O)([O-])OP(=O)(O)OCC3C(C(C(O3)N4C=NC5=C(N=CN=C54)N)O)O)O)O)C(=O)N,0.7015679850559273,0.598025918006897,-0.21328499913215637,1.17085599899292
3776,Q13752_wild,C1(C(C(C(C(C1OP(=O)(O)O)OP(=O)(O)O)OP(=O)(O)O)OP(=O)(O)O)O)O,-4.301029995663981,-0.23601821064949036,-1.1642392873764038,1.4563881158828735
3777,Q72NJ3_wild,C1CC(N=C(C1)C(=O)O)C(=O)O,-1.853871964321762,0.8934718370437622,-0.14866016805171967,1.4055533409118652
3778,Q72NJ3_wild,C(CC(=O)O)C(=O)C(=O)O,-0.3979400086720376,1.0456123352050781,0.12156626582145691,1.4434659481048584
3779,Q72NJ3_wild,C(CC(=O)O)C(C(=O)O)N,0.6334684555795865,1.0932838916778564,0.6787130236625671,0.8847720623016357
3780,O26158_wild,C(CC(C(=O)O)N)CC(C(=O)O)N,-1.0861861476162833,1.3799288272857666,0.5492402911186218,1.0255155563354492
3781,O26158_wild,C1CC(N=C(C1)C(=O)O)C(=O)O,-2.1079053973095196,1.007318139076233,0.14814777672290802,1.0512555837631226
3782,O26158_wild,C(CC(=O)O)C(=O)C(=O)O,0.414973347970818,1.2382354736328125,0.261681467294693,1.1300721168518066
3783,O26158_wild,C(CC(=O)O)C(C(=O)O)N,0.04139268515822508,1.2185914516448975,0.9191963076591492,0.4820139706134796
3784,Q18T09_wild,C(CC(C(=O)O)N)CC(C(=O)O)N,-1.4179366370882913,1.1774072647094727,0.2094699591398239,1.2770004272460938
3785,Q18T09_wild,C1CC(N=C(C1)C(=O)O)C(=O)O,-2.0409586076789066,0.6610026359558105,-0.18686747550964355,1.148247241973877
3786,Q18T09_wild,C(CC(=O)O)C(=O)C(=O)O,-0.15490195998574322,1.010709524154663,0.1110277771949768,1.1772438287734985
3787,Q18T09_wild,C(CC(=O)O)C(C(=O)O)N,1.0043213737826426,1.0309213399887085,0.7328670024871826,0.6277134418487549
3788,O84395_wild,C(CC(C(=O)O)N)CC(C(=O)O)N,-0.9355420107730815,0.7338032722473145,0.5963912606239319,0.7471113801002502
3789,O84395_wild,C(CC(=O)O)C(=O)C(=O)O,0.3222192947339193,0.6830880641937256,0.4372531771659851,0.9356258511543274
3790,O84395_wild,C1CC(N=C(C1)C(=O)O)C(=O)O,-1.7212463990471711,0.7822381854057312,0.24059030413627625,0.8487900495529175
3791,O84395_wild,C(CC(=O)O)C(C(=O)O)N,0.6020599913279624,0.5779539346694946,1.023608922958374,0.297040730714798
3792,Q6MDE0_wild,C(CC(C(=O)O)N)CC(C(=O)O)N,-2.2218487496163566,0.6638063192367554,0.06602348387241364,0.9562407732009888
3793,Q6MDE0_wild,C(CC(=O)O)C(=O)C(=O)O,0.04139268515822508,0.5135994553565979,-0.0536155067384243,1.222651481628418
3794,Q6MDE0_wild,C1CC(N=C(C1)C(=O)O)C(=O)O,-2.3010299956639813,0.6071423292160034,-0.11869338154792786,1.1066550016403198
3795,Q6MDE0_wild,C(CC(=O)O)C(C(=O)O)N,-0.3979400086720376,0.5490233898162842,0.6505784392356873,0.5271381139755249
3796,Q93ZN9_wild,C1CC(N=C(C1)C(=O)O)C(=O)O,-1.4202164033831899,0.5193768739700317,-0.4239364266395569,1.0070459842681885
3797,O00204_wild,CC(C)C(CCC(C)C1CCC2C1(CCC3C2CC=C4C3(CCC(C4)O)C)C)O,-1.6289321377282637,-0.287510484457016,-2.2185211181640625,1.6998413801193237
3798,Q06520_wild,CC(C)C(CCC(C)C1CCC2C1(CCC3C2CC=C4C3(CCC(C4)O)C)C)O,-2.8239087409443187,-0.4476393163204193,-2.086061716079712,1.5698108673095703
3799,Q06520_wild,CC(C)C(CCC(C)C1CCC2C1(CCC3C2CC=C4C3(CCC(C4)O)C)C)OS(=O)(=O)O,-4.0,-0.2535625696182251,-2.303009271621704,1.902571439743042
3800,Q06520_wild,CC(C)C(CCC(C)C1CCC2C1(CCC3C2CC=C4C3(CCC(C4)OS(=O)(=O)O)C)C)O,-2.3979400086720375,-0.15878942608833313,-1.9774905443191528,1.8441970348358154
3801,O35400_wild,CC12CCC3C(C1CCC2O)CCC4=C3C=CC(=C4)O,-2.1023729087095586,-1.4997954368591309,-2.9110710620880127,1.4177484512329102
3802,O35400_wild,CC12CCC3C(C1CCC2=O)CC=C4C3(CCC(C4)O)C,-2.958607314841775,-0.8515009880065918,-2.555121421813965,1.693385124206543
3803,O35400_wild,CCC(=C(CC)C1=CC=C(C=C1)O)C2=CC=C(C=C2)O,-3.8860566476931635,-1.1563153266906738,-2.9073355197906494,1.2801895141601562
3804,O35400_wild,CC(=O)C1CCC2C1(CCC3C2CC=C4C3(CCC(C4)O)C)C,-1.7851561519523023,-0.8330997824668884,-2.724696397781372,1.5723631381988525
3805,O35400_wild,CC(C)CCCC(C)C1CCC2C1(CCC3C2CC=C4C3(CCC(C4)O)C)C,-3.0604807473813813,-0.7593593001365662,-2.554605007171631,1.6999120712280273
3806,Q06520_wild,C1=NC(=C2C(=N1)N(C=N2)C3C(C(C(O3)COP(=O)(O)OS(=O)(=O)O)OP(=O)(O)O)O)N,-2.7958800173440754,-1.1766324043273926,-2.1624670028686523,1.1331870555877686
3807,Q06520_wild,CC12CCC3C(C1CCC2=O)CC=C4C3(CCC(C4)O)C,-2.7958800173440754,-1.1023926734924316,-2.4664676189422607,1.5113424062728882
3808,Q06520_P76T,C1=NC(=C2C(=N1)N(C=N2)C3C(C(C(O3)COP(=O)(O)OS(=O)(=O)O)OP(=O)(O)O)O)N,-1.6032777214962266,-1.2411870956420898,-2.179949998855591,1.1020283699035645
3809,Q06520_P76T,CC12CCC3C(C1CCC2=O)CC=C4C3(CCC(C4)O)C,-1.1220530483708118,-1.144984245300293,-2.4752461910247803,1.4893124103546143
3810,Q06520_E147K,C1=NC(=C2C(=N1)N(C=N2)C3C(C(C(O3)COP(=O)(O)OS(=O)(=O)O)OP(=O)(O)O)O)N,-1.8297382846050425,-1.1771445274353027,-2.189225435256958,1.1299598217010498
3811,Q06520_E147K,CC12CCC3C(C1CCC2=O)CC=C4C3(CCC(C4)O)C,-1.3977229156998074,-1.107779860496521,-2.501072883605957,1.5096954107284546
3812,Q06520_E148K,C1=NC(=C2C(=N1)N(C=N2)C3C(C(C(O3)COP(=O)(O)OS(=O)(=O)O)OP(=O)(O)O)O)N,-1.8038238149600265,-1.2120590209960938,-2.1700689792633057,1.105775237083435
3813,Q06520_E148K,CC12CCC3C(C1CCC2=O)CC=C4C3(CCC(C4)O)C,-1.0007389288868995,-1.1412299871444702,-2.481422185897827,1.488673448562622
3814,Q06520_L246P,C1=NC(=C2C(=N1)N(C=N2)C3C(C(C(O3)COP(=O)(O)OS(=O)(=O)O)OP(=O)(O)O)O)N,-1.0930726526910441,-1.4274028539657593,-2.1354033946990967,0.9261784553527832
3815,Q06520_L246P,CC12CCC3C(C1CCC2=O)CC=C4C3(CCC(C4)O)C,-1.0977794717206852,-1.3286457061767578,-2.458857536315918,1.345712661743164
3816,Q06520_F258L,C1=NC(=C2C(=N1)N(C=N2)C3C(C(C(O3)COP(=O)(O)OS(=O)(=O)O)OP(=O)(O)O)O)N,-1.6371406970413198,-1.1848113536834717,-2.1595237255096436,1.1289085149765015
3817,Q06520_F258L,CC12CCC3C(C1CCC2=O)CC=C4C3(CCC(C4)O)C,-0.9657727392294494,-1.1106014251708984,-2.4641525745391846,1.5065219402313232
3818,Q06520_Q262E,C1=NC(=C2C(=N1)N(C=N2)C3C(C(C(O3)COP(=O)(O)OS(=O)(=O)O)OP(=O)(O)O)O)N,-1.6627404602497242,-1.191821575164795,-2.1670918464660645,1.1438063383102417
3819,Q06520_Q262E,CC12CCC3C(C1CCC2=O)CC=C4C3(CCC(C4)O)C,-1.7562180839062052,-1.0979273319244385,-2.4683570861816406,1.5241434574127197
3820,P0C278_H505A,C(=CC(=O)[O-])C(=O)[O-],-2.0457574905606752,2.0264945030212402,-0.27907049655914307,2.488842248916626
3821,P0C278_H505Y,C(=CC(=O)[O-])C(=O)[O-],-1.7695510786217261,2.0694262981414795,-0.326118528842926,2.545048475265503
3822,Q07WU7_wild,C(=CC(=O)[O-])C(=O)[O-],-2.154901959985743,1.976692795753479,-0.19609081745147705,2.4379098415374756
3823,Q07WU7_wild,C(CC(=O)[O-])C(=O)[O-],-0.22184874961635637,1.7255747318267822,0.055193040519952774,1.9353363513946533
3824,P0C278_wild,C(=CC(=O)[O-])C(=O)[O-],-2.154901959985743,2.039534568786621,-0.3286638855934143,2.5508310794830322
3825,P0C278_A251C/S430C,C(=CC(=O)[O-])C(=O)[O-],-1.6989700043360187,2.0614633560180664,-0.3216865658760071,2.4330289363861084
3826,Q2TBQ8_wild,C(C1C(C(C(C(=O)O1)O)O)O)OP(=O)(O)O,-0.15490195998574322,1.3288445472717285,-0.6429203748703003,1.5453181266784668
3827,Q6DV85_wild,CC(=O)OC1=CC=C(C=C1)[N+](=O)[O-],0.6020599913279624,1.6365677118301392,-0.8938291668891907,1.8439304828643799
3828,Q6DV85_wild,CCCC(=O)OC1=CC=C(C=C1)[N+](=O)[O-],-0.6989700043360187,1.7974510192871094,-1.0469954013824463,1.935173749923706
3829,Q3I4V7_wild,C(=O)=O,0.9542425094393249,5.062704563140869,0.08254444599151611,3.4677066802978516
3830,Q836Q9_wild,C1=CC(=C[N+](=C1)C2C(C(C(O2)COP(=O)(O)OP(=O)(O)OCC3C(C(C(O3)N4C=NC5=C(N=CN=C54)N)OP(=O)(O)O)O)O)O)C(=O)N,-1.8239087409443187,0.38788989186286926,-0.7698904275894165,1.636825442314148
3831,Q836Q9_wild,C(C(C(C(C(C(=O)O)O)O)O)O)OP(=O)(O)O,-1.619788758288394,0.6309677958488464,-0.9085610508918762,1.5103964805603027
3832,P96789_wild,C1=CC(=C[N+](=C1)C2C(C(C(O2)COP(=O)(O)OP(=O)(O)OCC3C(C(C(O3)N4C=NC5=C(N=CN=C54)N)OP(=O)(O)O)O)O)O)C(=O)N,-2.721246399047171,0.5616685748100281,-0.6407656073570251,1.6689457893371582
3833,P96789_wild,C(C(C(C(C(C(=O)O)O)O)O)O)OP(=O)(O)O,-1.812479279163537,0.7828521728515625,-0.8536204099655151,1.6052653789520264
3834,Q7TP11_wild,C(C(C(C(C(C(=O)O)O)O)O)O)OP(=O)(O)O,-1.7212463990471711,0.9540728330612183,-1.2465194463729858,1.3926541805267334
3835,Q7TP11_wild,C1=CC(=C[N+](=C1)C2C(C(C(O2)COP(=O)(O)OP(=O)(O)OCC3C(C(C(O3)N4C=NC5=C(N=CN=C54)N)OP(=O)(O)O)O)O)O)C(=O)N,-1.2518119729937995,0.8327480554580688,-1.0012797117233276,1.7372307777404785
3836,P85968_wild,C(C(C(C(C(C(=O)O)O)O)O)O)OP(=O)(O)O,0.14612803567823798,0.9253087043762207,-1.2954261302947998,1.7922799587249756
3837,P00349_wild,C(C(C(C(COP(=O)(O)O)O)O)O)C(=O)O,0.15228834438305647,0.562813401222229,-1.4799436330795288,1.5567034482955933
3838,P43774_wild,C(C(C(C(C(C(=O)O)O)O)O)O)OP(=O)(O)O,-2.0,0.716429591178894,-0.9601683020591736,1.5303457975387573
3839,P43774_wild,C1=CC(=C[N+](=C1)C2C(C(C(O2)COP(=O)(O)OP(=O)(O)OCC3C(C(C(O3)N4C=NC5=C(N=CN=C54)N)OP(=O)(O)O)O)O)O)C(=O)N,-1.7958800173440752,0.39015230536460876,-0.772851288318634,1.6548235416412354
3840,P43774_wild,CC(=O)C1=C[N+](=CC=C1)C2C(C(C(O2)COP(=O)(O)OP(=O)(O)OCC3C(C(C(O3)N4C=NC5=C(N=CN=C54)N)OP(=O)(O)O)O)O)O,-1.2291479883578558,0.4584813416004181,-0.8530412316322327,1.6890394687652588
3841,P43774_wild,C1=CC(=C[N+](=C1)C2C(C(C(O2)COP(=O)(O)OP(=O)(O)OCC3C(C(C(O3)N4C=NC5=C(N=CN=C54)N)OP(=O)(O)O)O)O)[O-])C(=S)N,-1.1739251972991736,0.26278427243232727,-0.8732184171676636,1.5544843673706055
3842,P38720_wild,C1=CC(=C[N+](=C1)C2C(C(C(O2)COP(=O)(O)OP(=O)(O)OCC3C(C(C(O3)N4C=NC5=C(N=CN=C54)N)OP(=O)(O)O)O)O)O)C(=O)N,-1.4559319556497243,0.8659846782684326,-1.0531724691390991,2.1683692932128906
3843,P52209_wild,C(C(C(C(COP(=O)(O)O)O)O)O)C(=O)O,-1.0861861476162833,0.5223730206489563,-1.435908317565918,1.5106101036071777
3844,P25996_wild,C1C(NC(=O)NC1=O)C(=O)O,-0.2898826348881837,0.04469790309667587,-1.2034603357315063,2.093733787536621
3845,Q4FCW1_wild,C(C1C(C(C(O1)(CO)OC2C(C(C(C(O2)COP(=O)(O)O)O)O)O)O)O)O,-1.0,0.6614831686019897,-0.36523303389549255,1.2157323360443115
3846,Q6YXW6_wild,C(C1C(C(C(O1)(CO)OC2C(C(C(C(O2)COP(=O)(O)O)O)O)O)O)O)O,-1.1870866433571445,0.6072103381156921,-0.4175351560115814,1.216543436050415
3847,Q6YXW6_wild,[Mg+2],-2.0969100130080562,1.186998724937439,-0.057778019458055496,1.1789414882659912
3848,P04802_wild,C1=NC(=C2C(=N1)N(C=N2)C3C(C(C(O3)COP(=O)(O)OP(=O)(O)OP(=O)(O)O)O)O)N,-1.677780705266081,0.28518161177635193,-0.988101065158844,1.3814384937286377
3849,P04802_wild,C(C(C(=O)O)N)C(=O)O,-0.3010299956639812,0.6807410717010498,-0.6280542016029358,0.8647133111953735
3850,P04802_E327Q,C1=NC(=C2C(=N1)N(C=N2)C3C(C(C(O3)COP(=O)(O)OP(=O)(O)OP(=O)(O)O)O)O)N,-0.9172146296835499,0.0767107754945755,-1.0006827116012573,1.2117044925689697
3851,Q5TCS8_wild,C1=NC(=C2C(=N1)N(C=N2)C3C(C(C(O3)COP(=O)(O)O)O)O)N,-1.3187587626244128,1.4307218790054321,-1.0456804037094116,1.8014616966247559
3852,Q5TCS8_wild,C1C(C(OC1N2C=NC3=C(N=CN=C32)N)COP(=O)(O)O)O,0.5563025007672873,1.0339837074279785,-0.34668299555778503,1.6046831607818604
3853,Q5TCS8_wild,C1=CN(C(=O)N=C1N)C2C(C(C(O2)COP(=O)(O)O)O)O,-0.026872146400301365,1.432870864868164,-0.7475211024284363,1.3614180088043213
3854,A0A1E3P8S6_wild,CCO,0.4941545940184428,0.10824058204889297,0.2496034801006317,0.34827303886413574
3855,P20906_A460I,C1=CC=C(C=C1)C(=O)C(=O)O,-0.6989700043360187,1.156199336051941,-0.1632685363292694,0.8825451135635376
3856,P20906_F464I,C1=CC=C(C=C1)C(=O)C(=O)O,0.36172783601759284,1.1611857414245605,-0.1535908281803131,0.8956886529922485
3857,P20906_A460I/F464I,C1=CC=C(C=C1)C(=O)C(=O)O,0.04139268515822508,1.1634788513183594,-0.1606002300977707,0.8884875774383545
3858,P20906_A460I,CCCC(=O)C(=O)[O-],0.07918124604762482,0.9079751968383789,-0.08241221308708191,0.6860694885253906
3859,Q84N28_wild,C1=C(C=C(C(=C1O)O)O)C2=CC(=O)C3=C(C=C(C=C3O2)O)O,-2.39040559077478,-1.2848726511001587,-2.0076701641082764,0.9046940803527832
3860,Q38J50_wild,COC1=CC(=CC(=C1[O-])O)C=CC(=O)O,-2.0777937225609837,-0.9365909099578857,-1.5592032670974731,0.5745789408683777
3861,Q38J50_wild,C1=C(C=C(C(=C1O)O)O)C2=C(C(=O)C3=C(C=C(C=C3O2)O)O)O,-2.1811145854059903,-1.150975227355957,-1.7014578580856323,1.020240306854248
3862,Q38J50_wild,C[S+](CCC(C(=O)[O-])N)CC1C(C(C(O1)N2C=NC3=C(N=CN=C32)N)O)O,-2.4775557664936803,-1.2130420207977295,-1.4190720319747925,0.9374042749404907
3863,Q9NQ38_wild,CC(C(=O)NC(C)C(=O)N1CCCC1C(=O)NC(CC2=CC=CC=C2)C(=O)NC3=CC=C(C=C3)[N+](=O)[O-])NC(=O)CCC(=O)O,-0.4828041020500258,0.15391050279140472,-1.117028832435608,1.8532510995864868
3864,P19367_wild,C(C1C(C(C(C(O1)O)O)O)O)O,-1.494850021680094,1.7824864387512207,-0.5142785310745239,1.4975879192352295
3865,P19367_wild,C1C(C(C(C(O1)(CO)O)O)O)O,1.0,1.3016849756240845,-0.241426020860672,1.3561608791351318
3866,P19367_wild,C(C=O)C(C(C(CO)O)O)O,-0.3010299956639812,1.4731385707855225,-0.47790560126304626,1.5140680074691772
3867,P19367_wild,C(C1C(C(C(C(O1)O)N)O)O)O,-0.3010299956639812,1.1514737606048584,-0.8609015941619873,1.2614381313323975
3868,P19367_wild,C1=NC2=C(C(=O)N1)N=CN2C3C(C(C(O3)COP(=O)(O)OP(=O)(O)OP(=O)(O)O)O)O,0.6989700043360189,1.7583086490631104,-0.4249034523963928,1.9457964897155762
3869,P05708_wild,C1=NC(=C2C(=N1)N(C=N2)C3C(C(C(O3)COP(=O)(O)OP(=O)(O)OP(=O)(O)O)O)O)N,-0.3565473235138126,1.7713544368743896,-0.4363870322704315,1.9970704317092896
3870,P05708_wild,C(C1C(C(C(C(O1)O)O)O)O)O,-1.619788758288394,1.737346887588501,-0.5339102149009705,1.4812848567962646
3871,P05708_D84A,C1=NC(=C2C(=N1)N(C=N2)C3C(C(C(O3)COP(=O)(O)OP(=O)(O)OP(=O)(O)O)O)O)N,-0.36653154442041347,1.646219253540039,-0.41747093200683594,1.8797192573547363
3872,P05708_D84A,C(C1C(C(C(C(O1)O)O)O)O)O,-1.4559319556497243,1.607508659362793,-0.5020498037338257,1.3938839435577393
3873,P05708_D84E,C(C1C(C(C(C(O1)O)O)O)O)O,-1.4559319556497243,1.6868717670440674,-0.5095220804214478,1.4364817142486572
3874,P05708_D84E,C1=NC(=C2C(=N1)N(C=N2)C3C(C(C(O3)COP(=O)(O)OP(=O)(O)OP(=O)(O)O)O)O)N,-0.3279021420642826,1.7212557792663574,-0.4260990023612976,1.9462919235229492
3875,P05708_D84K,C(C1C(C(C(C(O1)O)O)O)O)O,-1.431798275933005,1.5751978158950806,-0.49293947219848633,1.3638980388641357
3876,P05708_D84K,C1=NC(=C2C(=N1)N(C=N2)C3C(C(C(O3)COP(=O)(O)OP(=O)(O)OP(=O)(O)O)O)O)N,-0.3565473235138126,1.6150240898132324,-0.4050652086734772,1.8517736196517944
3877,P35557_S151C,C(C1C(C(C(C(O1)O)O)O)O)O,0.3222192947339193,1.2620850801467896,-0.5748900771141052,0.7926867604255676
3878,P35557_S151A,C(C1C(C(C(C(O1)O)O)O)O)O,-0.6777807052660807,1.448751449584961,-0.6410878300666809,0.943354606628418
3879,P35557_S151G,C(C1C(C(C(C(O1)O)O)O)O)O,-0.9208187539523751,1.3659031391143799,-0.600791871547699,0.8744857311248779
3880,P35557_N166R,C(C1C(C(C(C(O1)O)O)O)O)O,0.3222192947339193,1.4680646657943726,-0.6467767953872681,0.9473659992218018
3881,P35557_N166R/S151A,C(C1C(C(C(C(O1)O)O)O)O)O,-1.0969100130080565,1.4541995525360107,-0.6453531384468079,0.9362138509750366
3882,P35557_wild,C(C=O)C(C(C(CO)O)O)O,1.255272505103306,1.077617883682251,-0.498296856880188,0.9729706048965454
3883,P35557_S151A,C(C=O)C(C(C(CO)O)O)O,0.2787536009528289,1.0689842700958252,-0.4944394826889038,0.9597369432449341
3884,P35557_S151C,C1C(C(C(C(O1)(CO)O)O)O)O,2.380211241711606,0.7379324436187744,-0.14460381865501404,0.6113239526748657
3885,P35557_S151A,C1C(C(C(C(O1)(CO)O)O)O)O,1.75815462196739,0.9299196004867554,-0.18578587472438812,0.7693313360214233
3886,P35557_S151G,C1C(C(C(C(O1)(CO)O)O)O)O,0.8864907251724818,0.8418485522270203,-0.15618282556533813,0.7013983726501465
3887,P35557_N166R,C1C(C(C(C(O1)(CO)O)O)O)O,1.8864907251724818,0.9508768320083618,-0.1893286108970642,0.7745397686958313
3888,P35557_N166R/S151A,C1C(C(C(C(O1)(CO)O)O)O)O,0.6720978579357175,0.9343207478523254,-0.18760836124420166,0.765265166759491
3889,P35557_S151C,C1=NC(=C2C(=N1)N(C=N2)C3C(C(C(O3)COP(=O)(O)OP(=O)(O)OP(=O)(O)O)O)O)N,0.414973347970818,1.0405476093292236,-0.4600847661495209,1.408327579498291
3890,P35557_S151G,C1=NC(=C2C(=N1)N(C=N2)C3C(C(C(O3)COP(=O)(O)OP(=O)(O)OP(=O)(O)O)O)O)N,0.35410843914740087,1.1634899377822876,-0.49193328619003296,1.5331140756607056
3891,P35557_N166R,C1=NC(=C2C(=N1)N(C=N2)C3C(C(C(O3)COP(=O)(O)OP(=O)(O)OP(=O)(O)O)O)O)N,-0.5686362358410126,1.280484914779663,-0.5245589017868042,1.6162368059158325
3892,P35557_S151A,C1=NC(=C2C(=N1)N(C=N2)C3C(C(C(O3)COP(=O)(O)OP(=O)(O)OP(=O)(O)O)O)O)N,0.3443922736851107,1.251483678817749,-0.5223883986473083,1.61240553855896
3893,P35557_N166R/S151A,C1=NC(=C2C(=N1)N(C=N2)C3C(C(C(O3)COP(=O)(O)OP(=O)(O)OP(=O)(O)O)O)O)N,0.18184358794477257,1.2609272003173828,-0.5207714438438416,1.606697678565979
3894,P27881_wild,C(C1C(C(C(C(O1)O)O)O)O)O,-1.424812155072339,1.928680181503296,-0.5137466788291931,1.5640015602111816
3895,P27881_wild,C1=NC(=C2C(=N1)N(C=N2)C3C(C(C(O3)COP(=O)(O)OP(=O)(O)OP(=O)(O)O)O)O)N,-0.3979400086720376,1.9190831184387207,-0.4904302954673767,2.109158992767334
3896,P27926_wild,C(C1C(C(C(C(O1)O)O)O)O)O,-2.3010299956639813,1.3396250009536743,-0.4324803948402405,1.2758644819259644
3897,P27926_wild,C1=NC(=C2C(=N1)N(C=N2)C3C(C(C(O3)COP(=O)(O)OP(=O)(O)OP(=O)(O)O)O)O)N,-0.45593195564972444,1.4041409492492676,-0.6802850961685181,1.6084728240966797
3898,P17712_wild,C1=NC2=C(C(=O)N1)N=CN2C3C(C(C(O3)COP(=O)(O)OP(=O)(O)OP(=O)(O)O)O)O,0.6532125137753437,1.176682710647583,-0.48865175247192383,1.4937232732772827
3899,P04806_wild,C1=NC(=C2C(=N1)N(C=N2)C3C(C(C(O3)COP(=O)(O)OP(=O)(O)OP(=O)(O)O)O)O)N,-0.8096683018297085,1.337001085281372,-0.4174235165119171,1.8916423320770264
3900,P04807_wild,C1=NC(=C2C(=N1)N(C=N2)C3C(C(C(O3)COP(=O)(O)OP(=O)(O)OP(=O)(O)O)O)O)N,-1.6020599913279623,1.30717134475708,-0.4774494171142578,1.8766491413116455
3901,P27595_wild,C(C1C(C(C(C(O1)O)O)O)O)O,-1.494850021680094,0.8441206216812134,-0.3887779712677002,0.9042667746543884
3902,Q52QT9_wild,C1C(C(C(C(O1)(CO)O)O)O)O,-0.853871964321762,1.0919804573059082,-0.1237902045249939,0.8754714727401733
3903,Q52QT9_wild,C(C1C(C(C(C(O1)O)O)O)O)O,0.3979400086720376,1.4987303018569946,-0.47871360182762146,1.1906726360321045
3904,Q52QT9_wild,C1=NC(=C2C(=N1)N(C=N2)C3C(C(C(O3)COP(=O)(O)OP(=O)(O)OP(=O)(O)O)O)O)N,0.6232492903979004,1.497114658355713,-0.4701823890209198,1.7063229084014893
3905,P27881_S603A,C(C1C(C(C(C(O1)O)O)O)O)O,-0.9829666607012196,1.916975975036621,-0.5121952891349792,1.5554275512695312
3906,P27881_S603A,C1=NC(=C2C(=N1)N(C=N2)C3C(C(C(O3)COP(=O)(O)OP(=O)(O)OP(=O)(O)O)O)O)N,-0.7166987712964504,1.9085041284561157,-0.4904226064682007,2.103703737258911
3907,P27881_G174R/S603A,C(C1C(C(C(C(O1)O)O)O)O)O,-0.7304870557820837,1.9112131595611572,-0.5118916034698486,1.5504376888275146
3908,P27881_G174R/S603A,C1=NC(=C2C(=N1)N(C=N2)C3C(C(C(O3)COP(=O)(O)OP(=O)(O)OP(=O)(O)O)O)O)N,-0.43889861635094407,1.9022941589355469,-0.4901987910270691,2.0997588634490967
3909,P27881_D447S/S603A,C(C1C(C(C(C(O1)O)O)O)O)O,-0.6126101736612706,1.9052085876464844,-0.5153539776802063,1.5563008785247803
3910,P27881_D447S/S603A,C1=NC(=C2C(=N1)N(C=N2)C3C(C(C(O3)COP(=O)(O)OP(=O)(O)OP(=O)(O)O)O)O)N,-0.9208187539523751,1.9058468341827393,-0.4873006343841553,2.1065382957458496
3911,P04807_wild,C(C1C(C(C(C(O1)O)O)O)O)O,-1.045757490560675,1.2207319736480713,-0.4435836374759674,1.3479421138763428
3912,P04807_wild,C1C(C(C(C(O1)(CO)O)O)O)O,-0.4814860601221125,0.9091268181800842,0.06547215580940247,0.8416012525558472
3913,P04807_wild,C(C=O)C(C(C(CO)O)O)O,-0.5228787452803376,0.9006865620613098,-0.0030376575887203217,0.888059139251709
3914,P04807_wild,C(C1C(C(C(C(O1)O)N)O)O)O,0.17609125905568124,0.67669677734375,-0.716126024723053,1.0978426933288574
3915,P04807_wild,C(C1C(C(C(O1)C=O)O)O)O,-0.25181197299379965,1.099434494972229,-0.7475020289421082,1.4729433059692383
3916,P04807_wild,C(C1C(C(C(O1)CO)O)O)O,0.6720978579357175,0.9385374784469604,-0.3102956712245941,1.2940747737884521
3917,P04807_wild,C1C(C(C(C(O1)CO)O)O)O,0.47712125471966244,0.8105332851409912,-0.06646263599395752,0.9751551151275635
3918,P04807_wild,CC(=O)C(C(C(CO)O)O)O,2.1903316981702914,0.7691543102264404,0.21154935657978058,0.8328535556793213
3919,P04807_wild,C(C1C(C(C(O1)O)O)O)O,0.9822712330395684,1.4314639568328857,-0.4331235885620117,1.6108421087265015
3920,P04807_wild,C1=NC(=C2C(=N1)N(C=N2)C3C(C(C(O3)COP(=O)(O)OP(=O)(O)O)O)O)N,-2.0,1.2318756580352783,-0.8547137379646301,2.0371150970458984
3921,P04807_wild,C(C1C(C(C(C(O1)O)O)O)O)OP(=O)(O)O,-0.1804560644581313,1.2871308326721191,-0.7069719433784485,1.5750312805175781
3922,P04807_wild,C(C(C(C(C(C=O)O)O)O)O)OP(=O)(O)O,0.47712125471966244,0.8782839179039001,-0.4251561760902405,1.0609681606292725
3923,P04807_wild,C(C(C(C(C=O)O)O)O)OP(=O)(O)O,0.6627578316815741,1.018566370010376,-0.419284850358963,1.2384518384933472
3924,P27595_wild,C1=NC(=C2C(=N1)N(C=N2)C3C(C(C(O3)COP(=O)(O)OP(=O)(O)OP(=O)(O)O)O)O)N,-0.16115090926274472,0.7791736125946045,-0.3474479615688324,1.20351243019104
3925,P17710_wild,C(C1C(C(C(C(O1)O)O)O)O)O,-1.3467874862246563,1.8221100568771362,-0.47775498032569885,1.457631230354309
3926,P17710_S603A,C(C1C(C(C(C(O1)O)O)O)O)O,-2.0757207139381184,1.8220360279083252,-0.48273801803588867,1.4595814943313599
3927,P17710_wild,C1=NC(=C2C(=N1)N(C=N2)C3C(C(C(O3)COP(=O)(O)OP(=O)(O)OP(=O)(O)O)O)O)N,-0.36653154442041347,1.8828846216201782,-0.409812331199646,1.95087730884552
3928,P17710_S603A,C1=NC(=C2C(=N1)N(C=N2)C3C(C(C(O3)COP(=O)(O)OP(=O)(O)OP(=O)(O)O)O)O)N,0.3010299956639812,1.8817007541656494,-0.41168272495269775,1.9533230066299438
3929,P27595_wild,C(C=O)C(C(C(CO)O)O)O,-0.8181564120552275,0.5680675506591797,-0.33121001720428467,0.7868844270706177
3930,Q26609_wild,C(C1C(C(C(C(O1)O)O)O)O)OP(=O)(O)O,-2.0409586076789066,1.2280884981155396,-0.9502997398376465,1.8330351114273071
3931,Q26609_wild,C1=NC(=C2C(=N1)N(C=N2)C3C(C(C(O3)COP(=O)(O)OP(=O)(O)OP(=O)(O)O)O)O)N,-0.13076828026902382,1.2031912803649902,-0.4731808006763458,1.876408576965332
3932,Q09756_wild,C(C1C(C(C(C(O1)O)O)O)O)O,-0.8860566476931633,0.8216636180877686,-0.5306878089904785,1.036522626876831
3933,Q09756_wild,C1=NC(=C2C(=N1)N(C=N2)C3C(C(C(O3)COP(=O)(O)OP(=O)(O)OP(=O)(O)O)O)O)N,-0.22184874961635637,0.8683056831359863,-0.43314388394355774,1.4341716766357422
3934,Q09756_wild,C1C(C(C(C(O1)(CO)O)O)O)O,0.17609125905568124,0.45245838165283203,0.002629447728395462,0.524200439453125
3935,P52789_wild,C1=NC(=C2C(=N1)N(C=N2)C3C(C(C(O3)COP(=O)(O)OP(=O)(O)OP(=O)(O)O)O)O)N,-0.6020599913279624,1.8890823125839233,-0.4821338653564453,2.0845956802368164
3936,P52789_wild,C(C1C(C(C(C(O1)O)O)O)O)O,-0.835647144215563,1.9074363708496094,-0.49556678533554077,1.5611906051635742
3937,Q1W674_wild,C1=NC(=C2C(=N1)N(C=N2)C3C(C(C(O3)COP(=O)(O)OP(=O)(O)OP(=O)(O)O)O)O)N,-0.5228787452803376,1.8221416473388672,-0.4699656069278717,2.0217790603637695
3938,O93964_wild,C(C1C(C(C(C(O1)O)O)O)O)O,-1.6382721639824072,1.262183666229248,-0.6333200931549072,1.2585911750793457
3939,O93964_wild,C1=NC(=C2C(=N1)N(C=N2)C3C(C(C(O3)COP(=O)(O)OP(=O)(O)OP(=O)(O)O)O)O)N,-0.2676062401770315,1.4586701393127441,-0.47188952565193176,1.908305048942566
3940,O93964_wild,C1C(C(C(C(O1)(CO)O)O)O)O,1.462397997898956,0.961121678352356,-0.06024917587637901,0.8768823146820068
3941,P19367_wild,C1=CN(C(=O)NC1=O)C2C(C(C(O2)COP(=O)(O)OP(=O)(O)OP(=O)(O)O)O)O,0.6989700043360189,1.5894272327423096,-0.36815860867500305,1.5884883403778076
3942,P19367_wild,C1=CN(C(=O)N=C1N)C2C(C(C(O2)COP(=O)(O)OP(=O)(O)OP(=O)(O)O)O)O,0.6989700043360189,1.5761961936950684,-0.33236557245254517,1.606539011001587
3943,Q26609_wild,C(C1C(C(C(C(O1)O)O)O)O)O,-0.8927900303521317,1.3127058744430542,-0.6800703406333923,1.6655725240707397
3944,P05708_wild,C1=NC(=C2C(=N1)N(C=N2)C3C(C(C(O3)COP(=O)(O)OP(=O)(O)O)O)O)N,-1.9208187539523751,1.689734697341919,-0.832164466381073,2.1475634574890137
3945,P27595_wild,C(C(C(C(C(C=O)F)O)O)O)O,-1.2924298239020637,0.6427613496780396,-0.20854444801807404,0.6790227293968201
3946,P05708_wild,C(C(C(C(C(C=O)F)O)O)O)O,-1.1674910872937636,1.4538004398345947,-0.3791752755641937,1.3069438934326172
3947,P27881_wild,C(C(C(C(C(C=O)F)O)O)O)O,-0.7798919119599449,1.584033489227295,-0.37340247631073,1.3866583108901978
3948,P05708_wild,C(C=O)C(C(C(CO)O)O)O,-0.7447274948966939,1.4282662868499756,-0.49815505743026733,1.4792404174804688
3949,P27881_wild,C(C=O)C(C(C(CO)O)O)O,-0.2125395254815849,1.6095167398452759,-0.49152544140815735,1.603708267211914
3950,P27926_wild,C1C(C(C(C(O1)(CO)O)O)O)O,0.3424226808222063,0.9974246025085449,-0.1839863359928131,1.0152151584625244
3951,P19367_A464P/E465G,C(C1C(C(C(C(O1)O)O)O)O)O,-1.1870866433571445,1.7949128150939941,-0.5084130167961121,1.5105839967727661
3952,P19367_A464P/E465G,C1=NC(=C2C(=N1)N(C=N2)C3C(C(C(O3)COP(=O)(O)OP(=O)(O)OP(=O)(O)O)O)O)N,0.06445798922691845,1.8285508155822754,-0.4213550090789795,2.03702449798584
3953,Q5G1T8_wild,C(C1C(C(C(C(O1)O)O)O)O)O,-0.8239087409443188,1.1262543201446533,-0.7925148606300354,0.9292629361152649
3954,P52790_wild,C1=NC(=C2C(=N1)N(C=N2)C3C(C(C(O3)COP(=O)(O)OP(=O)(O)OP(=O)(O)O)O)O)N,-0.14874165128092473,1.3347971439361572,-0.755668580532074,1.4855704307556152
3955,P52790_wild,C(C1C(C(C(C(O1)O)O)O)O)O,-1.2839966563652008,1.2521448135375977,-0.3879255950450897,1.1884567737579346
3956,P05708_wild,C1C(C(C(C(O1)(CO)O)O)O)O,0.4913616938342727,1.2463874816894531,-0.27015239000320435,1.3428852558135986
3957,P27881_wild,C1C(C(C(C(O1)(CO)O)O)O)O,0.38021124171160603,1.4239721298217773,-0.27637943625450134,1.4087949991226196
3958,O08528_wild,C1=NC(=C2C(=N1)N(C=N2)C3C(C(C(O3)COP(=O)(O)OP(=O)(O)OP(=O)(O)O)O)O)N,0.0,1.902186393737793,-0.5002151727676392,2.095585823059082
3959,P04806_wild,C1=NC(=C2C(=N1)N(C=N2)C3C(C(C(O3)COP(=O)(O)OP(=O)(O)O)O)O)N,-0.6382721639824072,1.2795495986938477,-0.7982860207557678,2.0532963275909424
3960,P04806_wild,C(C(C(C(C(C=O)O)O)O)O)OP(=O)(O)O,1.4771212547196624,0.8596349954605103,-0.4283906817436218,1.1084444522857666
3961,P27881_wild,CC(=O)C(C(C(CO)O)O)O,2.4471580313422194,1.4720646142959595,-0.24482157826423645,1.4556221961975098
3962,P52789_D209A,C(C1C(C(C(C(O1)O)O)O)O)O,-0.7447274948966939,1.7215721607208252,-0.46649301052093506,1.4306504726409912
3963,P52789_D209A,C1=NC(=C2C(=N1)N(C=N2)C3C(C(C(O3)COP(=O)(O)OP(=O)(O)OP(=O)(O)O)O)O)N,-0.36653154442041347,1.7318041324615479,-0.453822523355484,1.9663785696029663
3964,P52789_D657A,C1=NC(=C2C(=N1)N(C=N2)C3C(C(C(O3)COP(=O)(O)OP(=O)(O)OP(=O)(O)O)O)O)N,-0.431798275933005,1.715585470199585,-0.4642367959022522,1.9568430185317993
3965,P52789_D657A,C(C1C(C(C(C(O1)O)O)O)O)O,-0.7958800173440752,1.7095589637756348,-0.471101850271225,1.4166104793548584
3966,D9J0Z7_wild,C[S+](CCC(C(=O)[O-])N)CC1C(C(C(O1)N2C=NC3=C(N=CN=C32)N)O)O,-1.1023729087095586,-1.4517607688903809,-1.6041356325149536,0.43277883529663086
3967,D9J0Z7_wild,C1=CC=C(C(=C1)C(=O)O)N,-0.19314197048118256,-1.1344680786132812,-1.4513816833496094,0.3055562973022461
3968,D9J0Z7_wild,C1=CC=C(C=C1)C(=O)[O-],-2.6935749724493125,-1.3368818759918213,-1.4119547605514526,0.1798308938741684
3969,P25779_wild,C1CC(N(C1)C(=O)C2=CC=CC=C2)C(=O)NC(CC3=CC=CC=C3)C(=O)NC(=O)C(CCCN=C(N)N)NC4=CC=C(C=C4)[N+](=O)[O-],-1.0506099933550872,0.638651430606842,-0.4915502071380615,1.2800557613372803
3970,P05804_wild,C1C(C(C(C(O1)OC2=CC=C(C=C2)[N+](=O)[O-])O)O)O,-0.44369749923271273,0.42127561569213867,0.0298520065844059,0.9437880516052246
3971,P05804_wild,C1=CC(=CC=C1[N+](=O)[O-])OC2C(C(C(C(O2)C(=O)O)O)O)O,-0.6989700043360187,0.7126390337944031,-0.5998355150222778,1.4082587957382202
3972,P06760_wild,C1=CC(=CC=C1[N+](=O)[O-])OC2C(C(C(C(O2)C(=O)O)O)O)O,0.6989700043360189,0.952430009841919,-0.4502550959587097,1.3345189094543457
3973,P06760_wild,C1=CC=C2C(=C1)C(=O)OC2(C3=CC=C(C=C3)O)C4=CC=C(C=C4)OC5C(C(C(C(O5)C(=O)O)O)O)O,-1.1426675035687315,0.2280503660440445,-0.6127170324325562,1.1147059202194214
3974,P29936_wild,CC1=CC2=C(C=C1C)N(C=N2)C3C(C(C(O3)CO)O)O,-2.1079053973095196,0.985336422920227,-2.0214908123016357,1.8623563051223755
3975,P29936_wild,CC1=CC2=C(C=C1C)N(C=N2)C3C(C(C(O3)COP(=O)(O)O)O)O,-2.5686362358410126,1.1325739622116089,-1.8126500844955444,1.7918288707733154
3976,P29936_wild,CC1=C2C(C(C([N-]2)C3(C(C(C(=N3)C(=C4C(C(C(=N4)C=C5C(C(C1=N5)CCC(=O)N)(C)C)CCC(=O)N)(C)CC(=O)N)C)CCC(=O)N)(C)CC(=O)N)C)CC(=O)N)(C)CCC(=O)NCC(C)OP(=O)(O)OP(=O)(O)OCC6C(C(C(O6)N7C=NC8=C7N=C(NC8=O)N)O)O.[CH2-]C1C(C(C(O1)N2C=NC3=C(N=CN=C32)N)O)O.[Co],-3.0457574905606752,0.29912543296813965,-2.2259585857391357,2.143272876739502
3977,Q08432_wild,C(CSCC(C(=O)O)N)C(C(=O)O)N,0.2095150145426309,0.831303060054779,0.018090996891260147,0.8534692525863647
3978,Q0KDL6_wild,CC(C(=O)C)O,-0.03151705144606486,1.3371169567108154,0.6257685422897339,0.9498006105422974
3979,Q0KDL6_wild,CC(C(C)O)O,1.2600713879850747,1.3856565952301025,0.759859025478363,0.7534260749816895
3980,A0NXQ9_wild,C1CNC(C1O)C(=O)O,0.8920946026904804,0.6908742785453796,0.665725588798523,0.48323822021484375
3981,P06632_wild,C(C(C(C(C(=O)C(=O)[O-])O)O)O)O,1.4941545940184429,0.612709641456604,0.5085301995277405,0.49344027042388916
3982,P06632_F22Y,C(C(C(C(C(=O)C(=O)[O-])O)O)O)O,-1.9100948885606022,0.6125375032424927,0.5042968988418579,0.49189168214797974
3983,P06632_Q192R,C(C(C(C(C(=O)C(=O)[O-])O)O)O)O,2.041392685158225,0.575112521648407,0.4716881811618805,0.45012298226356506
3984,P73735_wild,CC1=CC(=O)C2=CC=CC=C2C1=O,-2.619788758288394,0.3240930736064911,-1.6485308408737183,2.9108920097351074
3985,P52704_T11G/K236G/E79H,C1=CC=C(C=C1)C(C#N)O,0.505149978319906,1.3148250579833984,-0.4468564987182617,0.746619462966919
3986,P52704_T11G/K236G/E79H,CC(C)(C#N)O,0.8129133566428556,0.8297235369682312,0.7853730320930481,0.09378951787948608
3987,D1MX73_wild,C1=CC(=CC=C1C=O)Br,0.9867717342662449,1.1673426628112793,-0.6733287572860718,0.7702165246009827
3988,D1MX73_wild,C1=CC(=C(C=C1C=O)Cl)Cl,1.586587304671755,0.8837369680404663,-0.6680569052696228,0.32755184173583984
3989,D1MX73_wild,C1=C(C=C(C=C1Cl)Cl)C=O,1.287801729930226,0.6971800923347473,-0.6222105622291565,0.31431272625923157
3990,D1MX73_wild,C1=CC(=C(C(=C1)Cl)C=O)Cl,1.5250448070368452,1.0405040979385376,-1.0628081560134888,0.45662832260131836
3991,D1MX73_wild,COC1=CC(=CC(=C1)C=O)OC,1.0453229787866574,0.5474594235420227,-0.815970242023468,0.2660454213619232
3992,D1MX73_wild,C1=CC(=CC=C1C=O)C=O,1.845098040014257,1.1566979885101318,-1.1192511320114136,0.6630764007568359
3993,D1MX73_wild,C1=CC(=CC(=C1)C=O)C=O,1.3617278360175928,0.9095550179481506,-0.5361012816429138,0.39325210452079773
3994,D1MX73_wild,C1=CC=C(C=C1)C2=CC=C(C=C2)C=O,1.187520720836463,0.8094183206558228,-1.4740116596221924,0.7693783044815063
3995,D1MX73_wild,CCCCCCCCCCC=O,1.9344984512435677,-0.017466120421886444,-1.982751727104187,0.41071027517318726
3996,D1MX73_wild,CCCC=CC=O,2.041392685158225,0.14259745180606842,-0.5523200631141663,0.17830468714237213
3997,D1MX73_wild,CCCCCCC=O,1.5622928644564746,0.5032809972763062,-0.9817894101142883,0.6528372764587402
3998,D1MX73_wild,CC(C)CCC(=O)C,1.6803355134145632,0.7279068231582642,0.28254979848861694,0.039831697940826416
3999,D1MX73_wild,C1=CC=C(C=C1)C(C#N)O,0.021189299069938092,1.481811761856079,-0.35067152976989746,0.8946596384048462
4000,P52705_W128A,C1=CC(=CC=C1C(C#N)O)O,-0.2041199826559248,0.5363311171531677,-0.8427967429161072,0.24145114421844482
4001,P52704_wild,C1=CC=C(C=C1)C=O,0.6541765418779605,1.16352379322052,-0.23050838708877563,0.2795054614543915
4002,P52704_wild,[C-]#N,2.469527479187014,1.8926615715026855,-0.0829506516456604,0.7424209713935852
4003,Q7M0X4_wild,C1=NC(=C2C(=N1)N(C=N2)C3C(C(C(O3)COP(=O)(O)OP(=O)(O)OP(=O)(O)O)O)O)N,-1.0655015487564323,0.827589750289917,-0.47437357902526855,1.1604291200637817
4004,Q7M0X4_wild,C1C(C(OC1N2C=CC(=NC2=O)N)CO)O,-1.0705810742857071,1.1344966888427734,-0.4217773973941803,1.3582558631896973
4005,P0C1Y0_wild,C(C1C(C(C(C(O1)OC2C(OC(C(C2O)O)O)CO)O)O)O)O,0.6232492903979004,1.9745005369186401,1.2087734937667847,0.8942453861236572
4006,P0C1Y0_wild,C1=CC=C(C(=C1)[N+](=O)[O-])OC2C(C(C(C(O2)CO)O)O)O,-0.4377071355435253,1.9607949256896973,0.19374200701713562,1.581973910331726
4007,P0C1Y0_L317F,C1=CC=C(C(=C1)[N+](=O)[O-])OC2C(C(C(C(O2)CO)O)O)O,-0.43062609038495414,1.9472360610961914,0.19303883612155914,1.57913076877594
4008,Q8RWE8_S290F,C1=NC2=C(N1C3C(C(C(O3)COP(=O)(O)OP(=O)(O)OC4C(C(C(C(O4)CO)O)O)O)O)O)N=C(NC2=O)N,-0.9100948885606021,0.7069336175918579,-1.2796128988265991,1.6912425756454468
4009,Q8RWE8_S290F,[O-]P(=O)([O-])[O-],0.3979400086720376,0.7017784118652344,-0.41708487272262573,1.0659754276275635
4010,P61714_wild,C(C(C(C(CO)O)O)O)NC1=C(C(=O)NC(=O)N1)N,-2.3767507096020997,-0.31565919518470764,-1.4173120260238647,1.9520237445831299
4011,P61714_wild,CC(=O)C(COP(=O)(O)O)O,-1.207608310501746,0.6248878240585327,-1.0097167491912842,1.8744721412658691
4012,O66529_wild,C(C(C(C(CO)O)O)O)NC1=C(C(=O)NC(=O)N1)N,-2.0,0.07501346617937088,-1.0092891454696655,1.6124212741851807
4013,O66529_wild,CC(=O)C(COP(=O)(O)O)O,-1.585026652029182,0.8291157484054565,-0.6854643821716309,1.128584861755371
4014,P0AEY3_wild,C1C(C(OC1N2C=NC3=C(N=CN=C32)N)COP(=O)(O)OP(=O)(O)OP(=O)(O)O)O,-0.46852108295774486,-0.4127994775772095,-0.3010484278202057,0.42612430453300476
4015,P0AEY3_A141E,C1C(C(OC1N2C=NC3=C(N=CN=C32)N)COP(=O)(O)OP(=O)(O)OP(=O)(O)O)O,-0.431798275933005,-0.5171173810958862,-0.23212943971157074,0.3135453462600708
4016,P0AEY3_wild,C1C(C(OC1N2C=CC(=O)NC2=O)COP(=O)(O)OP(=O)(O)OP(=O)(O)O)O,-0.14874165128092473,-0.3097122609615326,-0.5742379426956177,0.45042693614959717
4017,P0AEY3_wild,C1C(C(OC1N2C3=C(C(=O)NC(=N3)N)NC2=O)COP(=O)(O)OP(=O)(O)OP(=O)(O)O)O,-0.44369749923271273,-0.4878598153591156,-0.6703522205352783,0.508838415145874
4018,P0AEY3_A141E,C1C(C(OC1N2C3=C(C(=O)NC(=N3)N)NC2=O)COP(=O)(O)OP(=O)(O)OP(=O)(O)O)O,-0.3767507096020995,-0.6040719747543335,-0.6014432311058044,0.3772253096103668
4019,Q9SLA8_wild,CC=CC(=O)SCCNC(=O)CCNC(=O)C(C(C)(C)COP(=O)(O)OP(=O)(O)OCC1C(C(C(O1)N2C=NC3=C(N=CN=C32)N)O)OP(=O)(O)O)O,-0.5406075122407691,0.574976921081543,-1.0964645147323608,1.6907191276550293
4020,P40099_wild,C1=NC(=C2C(=N1)N(C=N2)C3C(C(C(O3)COP(=O)(O)OP(=O)(O)OP(=O)(O)O)O)O)N,-1.3665315444204134,0.04596587270498276,-0.9450992941856384,1.1164953708648682
4021,P40099_wild,C1C(N(C2=C(N1)N=C(NC2=O)N)C=O)CNC3=CC=C(C=C3)C(=O)NC(CCC(=O)O)C(=O)O,-1.4814860601221125,0.3592293858528137,-1.5641881227493286,1.5499424934387207
4022,Q64602_wild,CC1=NC=C(C(=C1O)C=O)COP(=O)(O)O,-3.065501548756432,-0.2049296498298645,-1.7555519342422485,0.45421043038368225
4023,Q64602_wild,C(CC(=O)C(=O)O)CC(=O)O,-2.00436480540245,0.4819774031639099,-0.10661879181861877,0.2553654909133911
4024,Q64602_wild,C(C(=O)C(=O)O)C(=O)O,-0.2006594505464183,0.5624212026596069,-0.3904641270637512,0.7454677224159241
4025,Q8N5Z0_wild,C(CC(=O)O)C(C(=O)O)N,0.2041199826559248,0.5953686237335205,0.44146254658699036,0.1992979347705841
4026,Q8N5Z0_wild,C1=CC(=CC=C1CC(C(=O)O)N)O,0.25527250510330607,0.18924877047538757,-0.07611033320426941,0.3735714554786682
4027,Q8N5Z0_wild,C1=CC=C2C(=C1)C(=CN2)CC(C(=O)O)N,0.6334684555795865,0.3730134963989258,-0.13053125143051147,0.5847529172897339
4028,Q8N5Z0_wild,CC(C)CC(C(=O)O)N,0.7075701760979364,0.6020017862319946,-0.24562951922416687,0.40804409980773926
4029,Q8N5Z0_wild,C1=CC(=C(C(=C1)O)N)C(=O)CC(C(=O)O)N,0.5797835966168101,0.3906725347042084,-0.5919994711875916,0.4006921350955963
4030,Q8N5Z0_wild,C(CC(=O)O)CN,1.250420002308894,0.2824665904045105,0.5686832070350647,-0.08332559466362
4031,Q8N5Z0_wild,CC(C(=O)O)N,1.287801729930226,0.856509804725647,0.4920491576194763,0.13359937071800232
4032,Q8N5Z0_wild,CCCCC(=O)C(=O)O,0.17609125905568124,0.7110844850540161,-0.342427521944046,0.6901587247848511
4033,Q8N5Z0_wild,CSCCC(=O)C(=O)O,0.38021124171160603,0.8051043152809143,-0.46447113156318665,0.6555759906768799
4034,Q8N5Z0_wild,C1=CC=C2C(=C1)C(=CN2)CC(=O)C(=O)O,0.14612803567823798,0.1102946475148201,-0.8011835217475891,0.7823412418365479
4035,Q8N5Z0_wild,CCCC(=O)C(=O)[O-],0.5314789170422551,0.6385653018951416,-0.2578558027744293,0.48206084966659546
4036,Q8N5Z0_wild,CCC(C)C(=O)C(=O)[O-],1.1522883443830565,0.48968610167503357,-0.2504928410053253,0.4671173691749573
4037,Q8N5Z0_wild,C1=CC=C(C=C1)CC(C(=O)O)N,0.7160033436347992,0.6261317729949951,-0.07669118046760559,0.5118240714073181
4038,O13277_wild,CC(=O)C(=O)[O-],-0.6382721639824072,2.6285905838012695,-0.5123451352119446,2.2115066051483154
4039,O13277_wild,C1C=CN(C=C1C(=O)N)C2C(C(C(O2)COP(=O)(O)OP(=O)(O)OCC3C(C(C(O3)N4C=NC5=C(N=CN=C54)N)O)O)O)O,-1.7958800173440752,2.082930088043213,-0.9957935810089111,3.244891881942749
4040,O13276_wild,CC(=O)C(=O)[O-],-0.43297363384093956,2.534832000732422,-0.5817494988441467,2.1369376182556152
4041,O13278_wild,CC(=O)C(=O)[O-],-0.5883802940367698,2.615690231323242,-0.4974100589752197,2.2011585235595703
4042,P0CI34_wild,C(C1C(C(C(O1)(COP(=O)(O)[O-])O)O)O)OP(=O)(O)[O-],-3.6989700043360187,0.780129075050354,-0.9397949576377869,1.6564584970474243
4043,P13743_wild,CC(=O)C(=O)[O-],-0.8239087409443188,2.6895298957824707,-0.3528938889503479,2.249861240386963
4044,P00341_wild,CC(=O)C(=O)[O-],-0.4814860601221125,2.3537464141845703,-0.41508913040161133,2.028714418411255
4045,P00340_wild,CC(=O)C(=O)[O-],-0.494850021680094,2.4976654052734375,-0.4362906813621521,2.042668342590332
4046,P19858_wild,CC(=O)C(=O)[O-],-0.28399665636520094,2.6100096702575684,-0.527117908000946,2.2099523544311523
4047,P13490_wild,CC(=O)C(=O)[O-],-1.045757490560675,3.2441720962524414,-0.40469664335250854,2.4379515647888184
4048,Q5E9B1_wild,CC(=O)C(=O)[O-],-0.853871964321762,2.6263246536254883,-0.3889320194721222,2.2086598873138428
4049,P00337_wild,CC(=O)C(=O)[O-],-1.0969100130080565,2.759955883026123,-0.37318575382232666,2.2726988792419434
4050,P13743_wild,CC(C(=O)[O-])O,1.2041199826559248,2.4315271377563477,0.2859324812889099,1.7018226385116577
4051,P00341_wild,CC(C(=O)[O-])O,1.7403626894942439,2.1710433959960938,0.3001338839530945,1.4457370042800903
4052,P00340_wild,CC(C(=O)[O-])O,1.6020599913279625,2.3038601875305176,0.23276051878929138,1.5224674940109253
4053,P19858_wild,CC(C(=O)[O-])O,1.3979400086720377,2.4375083446502686,0.11874103546142578,1.6400671005249023
4054,P13490_wild,CC(C(=O)[O-])O,0.8450980400142568,3.1130576133728027,0.3067605495452881,1.9075610637664795
4055,Q5E9B1_wild,CC(C(=O)[O-])O,0.9542425094393249,2.4034252166748047,0.2715960443019867,1.6361254453659058
4056,P00337_wild,CC(C(=O)[O-])O,0.8450980400142568,2.5193264484405518,0.27333444356918335,1.7247109413146973
4057,P07195_wild,CC(=O)C(=O)[O-],-1.2596373105057561,2.571871042251587,-0.34872278571128845,2.154367446899414
4058,P13491_wild,C1=CC(=C[N+](=C1)C2C(C(C(O2)COP(=O)([O-])OP(=O)(O)OCC3C(C(C(O3)N4C=NC5=C(N=CN=C54)N)O)O)O)O)C(=O)N,-0.7721132953863266,1.8387985229492188,-0.7003185153007507,2.4492809772491455
4059,P13491_wild,CC(C(=O)[O-])O,0.8260748027008264,2.4269485473632812,0.10807125270366669,1.6751567125320435
4060,P13491_wild,CC(=O)C(=O)[O-],-0.7851561519523022,2.62164306640625,-0.546011745929718,2.2479727268218994
4061,P13491_wild,C1C=CN(C=C1C(=O)N)C2C(C(C(O2)COP(=O)(O)OP(=O)(O)OCC3C(C(C(O3)N4C=NC5=C(N=CN=C54)N)O)O)O)O,-2.1290111862394245,2.108725070953369,-1.1546133756637573,3.2930121421813965
4062,P00338_wild,CC(=O)C(=O)[O-],-0.7695510786217261,2.6590163707733154,-0.5319319367408752,2.192356824874878
4063,P00338_wild,CC(C(=O)[O-])O,1.0413926851582251,2.4474129676818848,0.139177605509758,1.6105198860168457
4064,P00338_wild,C(C(=O)C(=O)[O-])O,0.14612803567823798,2.4469778537750244,-0.5817532539367676,2.3860442638397217
4065,P00338_wild,CCC(=O)C(=O)O,0.7781512503836436,2.176253318786621,-0.2480752170085907,1.9945956468582153
4066,P07195_wild,CC(C(=O)[O-])O,1.1139433523068367,2.339202404022217,0.3175874352455139,1.5877238512039185
4067,P07195_wild,C(C(=O)C(=O)[O-])O,-0.494850021680094,2.402690887451172,-0.40598300099372864,2.343602180480957
4068,P07195_wild,CCC(=O)C(=O)O,0.0,2.054748773574829,-0.13661035895347595,1.8627955913543701
4069,P00338_wild,C1C=CN(C=C1C(=O)N)C2C(C(C(O2)COP(=O)(O)OP(=O)(O)OCC3C(C(C(O3)N4C=NC5=C(N=CN=C54)N)O)O)O)O,-2.3010299956639813,2.1168384552001953,-1.156190276145935,3.2809245586395264
4070,P00338_wild,C1=CC(=C[N+](=C1)C2C(C(C(O2)COP(=O)([O-])OP(=O)(O)OCC3C(C(C(O3)N4C=NC5=C(N=CN=C54)N)O)O)O)O)C(=O)N,-1.031517051446065,1.8413872718811035,-0.7025386691093445,2.4128873348236084
4071,P00338_wild,CC(=O)C1=C[N+](=CC=C1)C2C(C(C(O2)COP(=O)([O-])OP(=O)(O)OCC3C(C(C(O3)N4C=NC5=C(N=CN=C54)N)O)O)O)O,-1.2518119729937995,1.8449922800064087,-0.7865111231803894,2.3824963569641113
4072,P07195_wild,C1C=CN(C=C1C(=O)N)C2C(C(C(O2)COP(=O)(O)OP(=O)(O)OCC3C(C(C(O3)N4C=NC5=C(N=CN=C54)N)O)O)O)O,-2.0969100130080562,2.1072540283203125,-1.0323148965835571,3.1530885696411133
4073,P07195_wild,C1=CC(=C[N+](=C1)C2C(C(C(O2)COP(=O)([O-])OP(=O)(O)OCC3C(C(C(O3)N4C=NC5=C(N=CN=C54)N)O)O)O)O)C(=O)N,-1.431798275933005,1.7609484195709229,-0.5580828785896301,2.304915189743042
4074,P07195_wild,CC(=O)C1=C[N+](=CC=C1)C2C(C(C(O2)COP(=O)([O-])OP(=O)(O)OCC3C(C(C(O3)N4C=NC5=C(N=CN=C54)N)O)O)O)O,-1.431798275933005,1.796498417854309,-0.6441238522529602,2.270784378051758
4075,Q9LFT6_wild,C1=CC=C(C=C1)C(C#N)O,0.14612803567823798,1.022028923034668,-0.44657838344573975,0.4418116807937622
4076,Q9LFT6_wild,C1=CC=C(C=C1)C=O,0.7781512503836436,0.9238623976707458,-0.34446054697036743,0.21631014347076416
4077,P73833_wild,C(CC(C(=O)O)N)CN=C(N)N,-1.3098039199714864,0.34355953335762024,-0.2913457155227661,0.5964133739471436
4078,P58460_wild,C(C(=O)COP(=O)(O)O)O,-0.3279021420642826,0.3776470124721527,-0.13717027008533478,0.3872196078300476
4079,P58460_wild,C1C=CN(C=C1C(=O)N)C2C(C(C(O2)COP(=O)(O)OP(=O)(O)OCC3C(C(C(O3)N4C=NC5=C(N=CN=C54)N)OP(=O)(O)O)O)O)O,-1.1739251972991736,0.671170711517334,-1.1140857934951782,1.8893704414367676
4080,Q9YER2_wild,C(C(=O)COP(=O)(O)O)O,-1.3010299956639813,0.6595968008041382,-0.19575096666812897,0.6028938293457031
4081,Q9YER2_wild,C1C=CN(C=C1C(=O)N)C2C(C(C(O2)COP(=O)(O)OP(=O)(O)OCC3C(C(C(O3)N4C=NC5=C(N=CN=C54)N)O)O)O)O,-1.494850021680094,0.8980376720428467,-0.9004148840904236,1.6487860679626465
4082,Q9YER2_wild,C1C=CN(C=C1C(=O)N)C2C(C(C(O2)COP(=O)(O)OP(=O)(O)OCC3C(C(C(O3)N4C=NC5=C(N=CN=C54)N)OP(=O)(O)O)O)O)O,-1.3565473235138126,0.8274750709533691,-0.9993144273757935,1.9444096088409424
4083,P72010_wild,C1C=CN(C=C1C(=O)N)C2C(C(C(O2)COP(=O)(O)OP(=O)(O)OCC3C(C(C(O3)N4C=NC5=C(N=CN=C54)N)O)O)O)O,-0.889410289700751,0.7624436616897583,-1.2058864831924438,1.7258225679397583
4084,P72010_wild,C1C=CN(C=C1C(=O)N)C2C(C(C(O2)COP(=O)(O)OP(=O)(O)OCC3C(C(C(O3)N4C=NC5=C(N=CN=C54)N)OP(=O)(O)O)O)O)O,-1.6020599913279623,0.6374102830886841,-1.1152867078781128,1.8658332824707031
4085,P72010_wild,C(C(=O)COP(=O)(O)O)O,-0.23657200643706275,0.45519813895225525,-0.5928313732147217,0.4509013891220093
4086,P72010_wild,C1=CC(=C[N+](=C1)C2C(C(C(O2)COP(=O)([O-])OP(=O)(O)OCC3C(C(C(O3)N4C=NC5=C(N=CN=C54)N)O)O)O)O)C(=O)N,-0.8961962790440431,0.49660709500312805,-0.9350379705429077,0.9380428791046143
4087,P72010_wild,C1=CC(=C[N+](=C1)C2C(C(C(O2)COP(=O)(O)OP(=O)(O)OCC3C(C(C(O3)N4C=NC5=C(N=CN=C54)N)OP(=O)(O)O)O)O)O)C(=O)N,-0.5686362358410126,0.4287789463996887,-0.901184618473053,1.15195631980896
4088,P72010_wild,C(C(COP(=O)(O)O)O)O,0.6812412373755872,0.316725492477417,-0.37873560190200806,0.254993736743927
4089,Q9YER2_wild,C(C(COP(=O)(O)O)O)O,0.9503648543761232,0.4916207492351532,0.06463852524757385,0.39224618673324585
4090,Q9YER2_wild,C1=CC(=C[N+](=C1)C2C(C(C(O2)COP(=O)([O-])OP(=O)(O)OCC3C(C(C(O3)N4C=NC5=C(N=CN=C54)N)O)O)O)O)C(=O)N,0.19589965240923374,0.7242355346679688,-0.595156729221344,0.9374485015869141
4091,O04385_N164T/E165A,CC=CC1=CC(=C(C=C1)O)OC,-1.744727494896694,-1.900951862335205,-1.4720567464828491,-0.10060980916023254
4092,O04385_F130L/L131C,CC=CC1=CC(=C(C=C1)O)OC,-1.7212463990471711,-1.9067447185516357,-1.4793410301208496,-0.06782826781272888
4093,O04385_T133M/A134N/T135Q,CC=CC1=CC(=C(C=C1)O)OC,-1.0604807473813815,-1.883112907409668,-1.4794031381607056,-0.07573631405830383
4094,O04385_F130L/L131C/N164T/E165A,CC=CC1=CC(=C(C=C1)O)OC,-2.0969100130080562,-1.8932483196258545,-1.4841396808624268,-0.08573934435844421
4095,O04385_T133M/A134N/T135Q/N164T/E165A,C1=CC(=C(C=C1C=CC(=O)O)O)O,-0.8386319977650252,-1.6902947425842285,-1.1965936422348022,-0.2610241770744324
4096,O04385_F130L/L131C/T133M/A134N/T135Q,C1=CC(=C(C=C1C=CC(=O)O)O)O,-0.9625735020593763,-1.7141257524490356,-1.1931947469711304,-0.24149486422538757
4097,O04385_F130L/L131C/T133M/A134N/T135Q/N164T/E165A,C1=CC(=C(C=C1C=CC(=O)O)O)O,-0.9871627752948278,-1.6940836906433105,-1.2047683000564575,-0.24626460671424866
4098,Q38J50_wild,CC(C)(COP(=O)(O)OP(=O)(O)OCC1C(C(C(O1)N2C=NC3=C(N=CN=C32)N)O)OP(=O)(O)O)C(C(=O)NCCC(=O)NCCSC(=O)C=CC4=CC(=C(C(=C4)OC)O)O)O,-1.0214999306885408,-0.9541448354721069,-1.7843728065490723,1.4826593399047852
4099,Q58178_wild,CC(C(=O)NC(CCC(=O)O)C(=O)O)OP(=O)(O)OCC(C(C(CN1C2=CC(=O)C=CC2=CC3=C1NC(=O)NC3=O)O)O)O,-3.677780705266081,0.04100969433784485,-1.4089049100875854,1.888413667678833
4100,P08955_wild,C(=O)(N)OP(=O)(O)O,-1.683400697906139,1.1657018661499023,-1.3934720754623413,2.011711359024048
4101,P08955_wild,C(C(C(=O)O)N)C(=O)O,-0.18708664335714442,0.9339949488639832,-0.7877565026283264,1.2163293361663818
4102,Q9L4T8_wild,C(=O)(N)OP(=O)(O)O,-2.113509274827518,1.2139476537704468,-0.9500903487205505,2.02642822265625
4103,Q9L4T8_wild,C(C(C(=O)O)N)C(=O)O,1.0,1.073089361190796,-0.02685917541384697,1.0619304180145264
4104,P0A786_wild,C(C(C(=O)O)N)C(=O)O,0.9084850188786497,1.181090235710144,-0.32363831996917725,1.7530452013015747
4105,P05654_wild,C(=O)(N)OP(=O)(O)O,-1.0222763947111522,1.1093933582305908,-0.780789852142334,1.824593424797058
4106,O15111_wild,CC1=C(C(=NC(=N1)N)N)OCCCOC2=CC(=C(C=C2Cl)Cl)Cl,-3.6989700043360187,-1.2013787031173706,-1.9596308469772339,1.2975249290466309
4107,O14920_wild,CC1=C(C(=NC(=N1)N)N)OCCCOC2=CC(=C(C=C2Cl)Cl)Cl,-3.1249387366083,-1.5013935565948486,-1.8038864135742188,1.0058854818344116
4108,Q8MIU0_wild,CNCC(C1=CC(=C(C=C1)O)O)O,-0.5783960731301689,1.3866901397705078,0.036958660930395126,0.8676919341087341
4109,Q8MIU0_wild,C1=CC(=C(C=C1CC(C(=O)O)N)O)O,-0.3419886033428876,1.8393512964248657,-0.28540802001953125,1.0771174430847168
4110,Q8MIU0_wild,C1=CC(=C(C=C1C(CN)O)O)O,-0.9956786262173574,1.6535207033157349,-0.44187936186790466,1.0033029317855835
4111,P38993_wild,CNCC(C1=CC(=C(C=C1)O)O)O,0.7634279935629373,0.8487639427185059,-0.06774584949016571,0.5707186460494995
4112,O88483_wild,C1=CC(=CC=C1[N+](=O)[O-])OP(=O)(O)O,1.4668676203541096,0.9383402466773987,-0.10706192255020142,0.37842684984207153
4113,P22303_F338A,CC(=O)SCC[N+](C)(C)C,-0.853871964321762,3.173915147781372,-0.7501526474952698,2.598677158355713
4114,O42275_wild,CC(=O)SCC[N+](C)(C)C,-0.6655462488490691,2.8492164611816406,-0.8978273272514343,2.54421067237854
4115,P22303_wild,CCCSC(=O)C,-0.3467874862246563,1.8435568809509277,-0.1400810182094574,1.4456329345703125
4116,P22303_wild,CC(=O)OC1=CC=C(C=C1)[N+](=O)[O-],-0.3467874862246563,2.3903255462646484,-0.5565033555030823,2.0997467041015625
4117,P22303_F338A,CCCSC(=O)C,-0.3467874862246563,1.8065128326416016,-0.13169027864933014,1.4487172365188599
4118,P22303_F338A,CC(=O)OC1=CC=C(C=C1)[N+](=O)[O-],-0.3467874862246563,2.360417127609253,-0.5467048287391663,2.100743293762207
4119,P22303_F338A,CCC(=O)SCC[N+](C)(C)C,-0.46852108295774486,3.1619184017181396,-0.8264179229736328,2.537992477416992
4120,P22303_wild,CCCC(=O)SCC[N+](C)(C)C,-0.5228787452803376,3.062817096710205,-0.9477749466896057,2.4946680068969727
4121,P21836_F338G,CC(=O)SCC[N+](C)(C)C,-1.1249387366083,3.189049243927002,-0.7552466988563538,2.5263898372650146
4122,Q9RUW4_wild,C1CC(NC1)C(=O)O,-0.7958800173440752,0.9423596858978271,-0.8455856442451477,1.0314981937408447
4123,Q9RUW4_wild,C(C(C(=O)O)N)S,-2.0,-0.7725226879119873,-1.4162955284118652,0.3641830384731293
4124,P20070_wild,CC1=CC2=C(C=C1C)N(C=N2)C3C(C(C(O3)CO)OP(=O)([O-])OC(C)CNC(=O)CCC4(C(C5C6(C(C(C(=N6)C(=C7C(C(C(=N7)C=C8C(C(C(=N8)C(=C4[N-]5)C)CCC(=O)N)(C)C)CCC(=O)N)(C)CC(=O)N)C)CCC(=O)N)(C)CC(=O)N)C)CC(=O)N)C)O.[OH3+].[Co],-1.3777859770337046,1.888503074645996,-2.675271987915039,3.718552589416504
4125,O34154_wild,C(C(CO)O)O,-0.045757490560675115,2.163590431213379,1.0353370904922485,2.1086769104003906
4126,Q9NJP9_wild,C(C(CO)O)O,-0.7721132953863266,1.5813562870025635,0.8703933358192444,1.3659875392913818
4127,Q9NJP9_wild,C1=NC(=C2C(=N1)N(C=N2)C3C(C(C(O3)COP(=O)(O)OP(=O)(O)OP(=O)(O)O)O)O)N,-0.6090648928966208,0.8761325478553772,-0.7035344243049622,1.6003046035766602
4128,Q9M8L4_wild,C(C(CO)O)O,-1.2365720064370627,1.616849422454834,0.7813372015953064,1.5813102722167969
4129,Q9M8L4_wild,C1=NC(=C2C(=N1)N(C=N2)C3C(C(C(O3)COP(=O)(O)OP(=O)(O)OP(=O)(O)O)O)O)N,-0.543633966870957,0.7189674973487854,-0.45303136110305786,1.8267979621887207
4130,A0A0A0KA32_wild,C(C(CO)O)O,-1.2596373105057561,1.6281697750091553,0.6851003766059875,1.6612826585769653
4131,A0A0A0KA32_wild,C1=NC(=C2C(=N1)N(C=N2)C3C(C(C(O3)COP(=O)(O)OP(=O)(O)OP(=O)(O)O)O)O)N,-0.494850021680094,0.7457877397537231,-0.6304123997688293,1.923430323600769
4132,A0A0A0KA32_wild,C1=CN(C(=O)N=C1N)C2C(C(C(O2)COP(=O)(O)OP(=O)(O)OP(=O)(O)O)O)O,-0.28819277095880896,0.4570397436618805,-0.5660766959190369,1.4135075807571411
4133,A0A0A0KA32_wild,C1=NC2=C(N1C3C(C(C(O3)COP(=O)(O)OP(=O)(O)OP(=O)(O)O)O)O)N=C(NC2=O)N,-0.8386319977650252,0.4471660554409027,-0.7824938297271729,1.7388793230056763
4134,A0A0A0KA32_wild,C1=CN(C(=O)NC1=O)C2C(C(C(O2)COP(=O)(O)OP(=O)(O)OP(=O)(O)O)O)O,-0.2076083105017461,0.5207477807998657,-0.6090211868286133,1.296399474143982
4135,P05342_wild,CC(=O)SCCNC(=O)CCNC(=O)C(C(C)(C)COP(=O)(O)OP(=O)(O)OCC1C(C(C(O1)N2C=NC3=C(N=CN=C32)N)O)OP(=O)(O)O)O,-1.2218487496163564,0.12959899008274078,-0.7922447323799133,1.3831368684768677
4136,P05342_wild,C(CC(=O)O)C(=O)C(=O)O,0.35024801833416275,0.3587796688079834,-0.14822369813919067,0.6823474168777466
4137,P05342_wild,C(C(=O)C(=O)O)C(=O)O,0.4517864355242902,0.5094475746154785,-0.18451368808746338,0.8498797416687012
4138,P05342_wild,C(CC(=O)[O-])C(=O)CC(=O)[O-],0.09342168516223508,0.3427906334400177,-0.42710205912590027,0.5949006080627441
4139,Q7G9P4_wild,CC1=CC(=O)CC(C1(C=CC(=CC=O)C)O)(C)C,-3.2924298239020637,-0.2047082930803299,-2.045135021209717,1.3224709033966064
4140,Q7G9P4_wild,C1=CC=C(C=C1)C=CC=O,-0.15490195998574322,0.19383718073368073,-2.2336935997009277,1.8016111850738525
4141,Q7G9P4_wild,C1=CC=C2C(=C1)C=CC=C2C=O,-2.744727494896694,0.5898592472076416,-1.8534836769104004,1.7640793323516846
4142,Q7G9P4_wild,C1=CC=C(C=C1)C=O,-1.3565473235138126,0.3425101935863495,-1.4543393850326538,1.405967354774475
4143,Q9P999_wild,C(C1C(C(C(C(O1)OC2C(OC(C(C2O)O)O)CO)O)O)O)O,1.2304489213782739,0.9564318060874939,1.0194510221481323,-0.06134268641471863
4144,Q9P999_wild,C(C1C(C(C(C(O1)OC2C(OC(C(C2O)O)OC3C(OC(C(C3O)O)O)CO)CO)O)O)O)O,0.5378190950732741,0.6766078472137451,0.7861040234565735,0.03258475661277771
4145,Q9P999_wild,C1C(C(C(C(O1)OCC(C(C(C(C=O)O)O)O)O)O)O)O,1.4608978427565478,1.055889368057251,1.2067010402679443,-0.2503497302532196
4146,Q9P999_wild,C1C(C(C(C(O1)OC2=CC=C(C=C2)[N+](=O)[O-])O)O)O,1.2304489213782739,0.5852569937705994,0.18820194900035858,0.21589399874210358
4147,Q9P999_wild,C1=CC(=CC=C1[N+](=O)[O-])OC2C(C(C(C(O2)CO)O)O)O,0.31175386105575437,0.5455163717269897,0.29295212030410767,0.294354110956192
4148,Q3IWB0_H89Q,C1=CC=C(C=C1)CC(C(=O)O)N,-0.10281292341984642,0.0076688313856720924,-0.42640185356140137,0.41549623012542725
4149,Q3IWB0_H89N,C1=CC=C(C=C1)CC(C(=O)O)N,0.5385737338068557,0.05076811462640762,-0.4343370497226715,0.44143426418304443
4150,Q3IWB0_H89A,C1=CC=C(C=C1)CC(C(=O)O)N,0.6126779183165018,0.008744367398321629,-0.43096715211868286,0.40373581647872925
4151,Q3IWB0_H89W,C1=CC=C(C=C1)CC(C(=O)O)N,0.577146984827525,-0.06072624772787094,-0.40603503584861755,0.35391750931739807
4152,P27278_wild,C1=CC(=C[N+](=C1)C2C(C(C(O2)COP(=O)(O)[O-])O)O)C(=O)N,-0.15490195998574322,-0.2076563686132431,-0.9729243516921997,0.8312782049179077
4153,P27278_wild,C1=NC(=C2C(=N1)N(C=N2)C3C(C(C(O3)COP(=O)(O)OP(=O)(O)OP(=O)(O)O)O)O)N,-2.769551078621726,-0.13307103514671326,-1.2787736654281616,1.0436863899230957
4154,P44308_wild,C1=CC(=C[N+](=C1)C2C(C(C(O2)COP(=O)(O)[O-])O)O)C(=O)N,-0.853871964321762,-0.10384679585695267,-0.5099636316299438,0.4859501123428345
4155,Q82VZ0_wild,C(CCN)CC(C(=O)O)N,1.255272505103306,-0.05863482505083084,0.6819113492965698,0.04864439368247986
4156,Q9P979_wild,CCCCCCCC(=O)OC1=CC=CC2=CC=CC=C21,-1.1023729087095586,0.6866891384124756,-0.6388064026832581,0.8905602693557739
4157,P28467_wild,C(C(C(C(=O)O)O)C(=O)O)C(=O)O,-1.3979400086720375,2.0757737159729004,-1.2443642616271973,1.0831173658370972
4158,P28467_wild,C(CC(=O)[O-])C(=O)[O-],-0.5228787452803376,2.260932207107544,-0.930241048336029,0.9827300310134888
4159,P28467_wild,C(=O)C(=O)[O-],-0.6478174818886375,2.333493709564209,-1.1582322120666504,0.870268702507019
4160,P76558_wild,C1=CC(=C[N+](=C1)C2C(C(C(O2)COP(=O)(O)OP(=O)(O)OCC3C(C(C(O3)N4C=NC5=C(N=CN=C54)N)OP(=O)(O)O)O)O)O)C(=O)N,-1.3819519032879073,1.2233837842941284,-0.3715052902698517,1.989837646484375
4161,P76558_wild,[Mg+2],-0.721246399047171,1.690545678138733,0.06953753530979156,1.2927225828170776
4162,P76558_wild,CC(=O)C(=O)[O-],0.7930916001765802,1.6273090839385986,0.14756663143634796,1.183051586151123
4163,A0A2G5EGN5_wild,C1=CC(=CN=C1)C(=O)[O-],-1.1681302257194983,-0.3635023534297943,-0.7535658478736877,0.9865236282348633
4164,A0A2G5EGN5_wild,C[S+](CCC(C(=O)[O-])N)CC1C(C(C(O1)N2C=NC3=C(N=CN=C32)N)O)O,-1.1559579579589834,-0.7625914216041565,-1.0038182735443115,1.0572495460510254
4165,P11727_wild,C(=O)(N)OP(=O)(O)O,-1.136677139879544,0.8062191009521484,-0.8007327914237976,1.9458553791046143
4166,P11727_wild,C(CC(C(=O)O)N)CNC(=O)N,0.724275869600789,0.7314503192901611,0.37424805760383606,1.54654061794281
4167,P11727_wild,C(CC(C(=O)O)N)CN,0.0,0.6916645169258118,0.14053039252758026,1.6311620473861694
4168,P05150_wild,C(=O)(N)OP(=O)(O)O,-1.0,0.7008906006813049,-0.8566561341285706,1.7966196537017822
4169,P05150_wild,C(CC(C(=O)O)N)CN,0.2041199826559248,0.5134296417236328,-0.07596208155155182,0.9874900579452515
4170,P05150_T68G,C(=O)(N)OP(=O)(O)O,0.38021124171160603,0.696127712726593,-0.8359492421150208,1.7594413757324219
4171,P05150_T68G,C(CC(C(=O)O)N)CN,0.5314789170422551,0.502715528011322,-0.04559570923447609,0.943273663520813
4172,P05150_E123S,C(CC(C(=O)O)N)CN,0.3222192947339193,0.530999481678009,-0.08646917343139648,0.9930168390274048
4173,P05150_E123A,C(CC(C(=O)O)N)CN,0.414973347970818,0.5270338654518127,-0.08600753545761108,0.9855413436889648
4174,P05150_D182N,C(CC(C(=O)O)N)CN,1.6901960800285136,0.5140702724456787,-0.06054108589887619,0.949042558670044
4175,P05150_N184Q,C(CC(C(=O)O)N)CN,1.5314789170422551,0.5000692009925842,-0.0843975692987442,0.9717493057250977
4176,P05150_N185Q,C(CC(C(=O)O)N)CN,2.5440680443502757,0.4082833230495453,-0.02167569473385811,0.8525081872940063
4177,P05150_C191M/C194N/F197V,C(CC(C(=O)O)N)CN,0.4471580313422192,0.5499570369720459,-0.018070507794618607,0.9778698682785034
4178,P05150_E256Q,C(CC(C(=O)O)N)CN,0.07918124604762482,0.5260046720504761,-0.10129611194133759,1.0032901763916016
4179,P05150_E256A,C(CC(C(=O)O)N)CN,1.0,0.5304213762283325,-0.10492122173309326,0.9970101118087769
4180,P05150_K260R,C(CC(C(=O)O)N)CN,0.07918124604762482,0.5100349187850952,-0.07012595236301422,0.9776282906532288
4181,P05150_K260A,C(CC(C(=O)O)N)CN,0.0,0.5206766128540039,-0.07531941682100296,0.9834302663803101
4182,P05150_K263R,C(CC(C(=O)O)N)CN,1.3010299956639813,0.5340703129768372,-0.08114840090274811,0.9923170804977417
4183,P05150_K263A,C(CC(C(=O)O)N)CN,1.4771212547196624,0.47963669896125793,-0.05016621574759483,0.9357337951660156
4184,P05150_K265R,C(CC(C(=O)O)N)CN,0.04139268515822508,0.49259135127067566,-0.06545022130012512,0.9734692573547363
4185,P05150_K265A,C(CC(C(=O)O)N)CN,0.07918124604762482,0.5173032283782959,-0.08013932406902313,0.9742112159729004
4186,P05150_K268R,C(CC(C(=O)O)N)CN,0.04139268515822508,0.49753400683403015,-0.062303852289915085,0.9829328060150146
4187,P05150_C289S,C(CC(C(=O)O)N)CN,1.0,0.4668967127799988,-0.05822128802537918,0.9406864047050476
4188,P05150_L290S,C(CC(C(=O)O)N)CN,0.3010299956639812,0.40585461258888245,-0.006929326802492142,0.8290841579437256
4189,P05150_L290Q,C(CC(C(=O)O)N)CN,0.3010299956639812,0.4031903147697449,0.005175422877073288,0.8306822776794434
4190,P05150_Q294P,C(CC(C(=O)O)N)CN,0.11394335230683679,0.5200487971305847,-0.07250842452049255,0.9851192235946655
4191,Q02253_wild,CC(C=O)C(=O)O,-2.275724130399211,0.05813685804605484,-0.6064266562461853,1.258852243423462
4192,Q02253_wild,C1=CC(=C[N+](=C1)C2C(C(C(O2)COP(=O)([O-])OP(=O)(O)OCC3C(C(C(O3)N4C=NC5=C(N=CN=C54)N)O)O)O)O)C(=O)N,-0.8239087409443188,0.25867190957069397,-0.6966822147369385,1.7619798183441162
4193,Q02253_wild,CC(C)(COP(=O)(O)OP(=O)(O)OCC1C(C(C(O1)N2C=NC3=C(N=CN=C32)N)O)OP(=O)(O)O)C(C(=O)NCCC(=O)NCCS)O,-1.5228787452803376,0.20725996792316437,-1.182418942451477,2.0872130393981934
4194,P42412_wild,CC(C=O)C(=O)[O-],-1.2218487496163564,-0.31516674160957336,-0.5806120038032532,1.1562480926513672
4195,P42412_wild,C(C=O)C(=O)[O-],-0.9208187539523751,0.3284026086330414,-0.7218295335769653,1.668357014656067
4196,P27708_wild,C1C(NC(=O)NC1=O)C(=O)O,-1.5559552040819238,0.6111204028129578,-1.8706835508346558,1.7730721235275269
4197,P27708_wild,C(C(C(=O)O)NC(=O)N)C(=O)O,-0.6176226965318863,1.02980375289917,-1.1992617845535278,1.4762307405471802
4198,P08955_wild,C(C(C(=O)O)NC(=O)N)C(=O)O,-0.6536470255493614,1.0673415660858154,-1.167386531829834,1.5665570497512817
4199,P08955_wild,C1C(NC(=O)NC1=O)C(=O)O,-2.1319436381769585,0.6017128825187683,-1.869415044784546,1.8361842632293701
4200,B2RQC6_wild,C(C(C(=O)O)NC(=O)N)C(=O)O,-1.5228787452803376,1.0443404912948608,-1.1423391103744507,1.5479779243469238
4201,B2RQC6_wild,C1C(NC(=O)NC1=O)C(=O)O,-2.42021640338319,0.5985010266304016,-1.8711446523666382,1.8235419988632202
4202,Q8S3F8_wild,C[S+](CCC(C(=O)[O-])N)CC1C(C(C(O1)N2C=NC3=C(N=CN=C32)N)O)O,-2.0888423912600236,1.2925071716308594,-1.1886190176010132,1.9289023876190186
