,fasta_id,smiles,Label,pred_log10[kcat(s^-1)],pred_log10[Km(mM)],pred_log10[kcat/Km(s^-1mM^-1)]
0,P18326_R73V/R84A,CC(CCCC(C)(C)O)C1CCC2C1(CCCC2=CC=C3CC(CC(C3=C)O)O)C,-2.9208187539523753,-0.8741389513015747,-1.9677671194076538,1.2610406875610352
1,P18326_wild,CC(C)CCCC(C)C1CCC2C1(CCCC2=CC=C3CC(CCC3=C)O)C,-3.2676062401770314,-0.9955468773841858,-1.6200493574142456,1.1297681331634521
2,P18326_R73V/R84A,CC(C)CCCC(C)C1CCC2C1(CCCC2=CC=C3CC(CCC3=C)O)C,-2.4559319556497243,-0.9237107634544373,-1.6354564428329468,1.1740188598632812
3,P18326_R73V/R84A,CC(CCCC(C)(C)O)C1CCC2C1(CCCC2=CC=C3CC(CCC3=C)O)C,-2.657577319177794,-0.8033541440963745,-2.0352718830108643,1.2664871215820312
4,P18326_R73V/R84A,CC(C)CCCC(C)C1CCC2C1(CCCC2=CC=C3CC(CC(C3=C)O)O)C,-2.1870866433571443,-0.9120666980743408,-1.7856422662734985,1.3981212377548218
5,P18326_wild,CC(C)C(C)C=CC(C)C1CCC2C1(CCCC2=CC=C3CC(CCC3=C)O)C,-3.2291479883578558,-0.9386518597602844,-1.4679316282272339,0.9832913875579834
6,P18326_wild,CC(CCCC(C)(C)O)C1CCC2C1(CCCC2=CC=C3CC(CCC3=C)O)C,-3.0409586076789066,-0.8741509318351746,-2.0249249935150146,1.2177598476409912
7,S4UF58_wild,C1=CC=C2C(=C1)C(=CN2)CC(C(=O)O)N,0.8450980400142568,0.3815072178840637,0.19335748255252838,0.45589351654052734
8,S4UF58_wild,C(CC(=O)O)C(=O)C(=O)O,0.4623979978989561,0.26075413823127747,-0.237665593624115,0.8536273241043091
9,B2ZB02_wild,C1=CC(=CC=C1CC(C(=O)O)N)O,-1.3010299956639813,2.134822368621826,-0.11774344742298126,1.7502341270446777
10,B2ZB02_V218G,C1=CC(=C(C=C1CC(C(=O)O)N)O)O,0.0,2.376201629638672,0.18693771958351135,1.855875015258789
11,B2ZB02_V218F,C1=CC(=C(C=C1CC(C(=O)O)N)O)O,0.04139268515822508,2.3957200050354004,0.18098555505275726,1.910733938217163
12,P07524_wild,CC(C)(C)C1=CC(=C(C=C1)O)O,-0.18708664335714442,2.2711117267608643,-0.04475795105099678,1.5653748512268066
13,P07524_wild,C1=CC=C(C(=C1)O)O,0.6532125137753437,2.4917335510253906,0.5709189176559448,1.4695043563842773
14,P07524_wild,C1=CC(=C(C=C1CC(=O)O)O)O,1.0413926851582251,2.1460769176483154,0.7959924340248108,1.2709358930587769
15,P07524_wild,COC(=O)C(CC1=CC(=C(C=C1)O)O)N,0.6232492903979004,2.4348905086517334,0.2070017158985138,1.5321413278579712
16,P07524_wild,C1=CC(=C(C=C1CCN)O)O,1.6989700043360187,1.8671282529830933,0.4245705306529999,0.9819073677062988
17,P07524_wild,C1=CC(=CC=C1CC(C(=O)O)N)O,0.7075701760979278,1.568253755569458,0.27463170886039734,1.3328129053115845
18,P07524_wild,CC(C)NCC(C1=CC(=C(C=C1)O)O)O,2.361727836017593,1.9533075094223022,0.6162044405937195,0.654285192489624
19,P07524_wild,C1=C(C=C(C=C1O)O)CCC(=O)O,0.09691001300805642,1.9781935214996338,0.31254884600639343,1.23233962059021
20,B2ZB02_V218F,C1=CC(=CC=C1CC(C(=O)O)N)O,0.14612803567823798,2.1376419067382812,-0.12902840971946716,1.7873784303665161
21,P07524_wild,C1=CC(=C(C=C1CC(C(=O)O)N)O)O,0.17609125905568124,1.9077962636947632,0.5125555396080017,1.4871736764907837
22,B2ZB02_wild,C1=CC(=C(C=C1CC(C(=O)O)N)O)O,-0.09691001300805639,2.3942720890045166,0.1929967999458313,1.8757210969924927
23,Q6F4N1_wild,CC(=O)NC1C(C(C(OC1O)CO)O)O,2.103803720955957,0.98908531665802,1.3193613290786743,0.5621886253356934
24,Q4QZZ9_wild,C1=NC2=C(N1)C(=O)NC(=O)N2,-1.3467874862246563,0.41348278522491455,-1.3976821899414062,1.5668513774871826
25,Q4QZZ9_Q356A,C1=NC2=C(N1)C(=O)NC(=O)N2,-1.2441251443275085,0.38893938064575195,-1.38921058177948,1.547513484954834
26,Q4QZZ9_C357A,CN1C=NC2=C1NC(=O)NC2=O,-0.2596373105057561,0.6027801036834717,-1.2332199811935425,1.0641441345214844
27,Q4QZZ9_K122A,C(CC(=O)O)C(=O)C(=O)O,-1.494850021680094,0.19276969134807587,-1.0246062278747559,1.8414058685302734
28,Q4QZZ9_wild,CN1C=NC2=C1NC(=O)NC2=O,-0.3979400086720376,0.5853912234306335,-1.2311469316482544,1.047067403793335
29,Q4QZZ9_N358A,CN1C=NC2=C1NC(=O)NC2=O,0.0,0.5412853360176086,-1.2186611890792847,0.9969815015792847
30,Q4QZZ9_Q356A,C(CC(=O)O)C(=O)C(=O)O,-1.3767507096020997,0.1737528145313263,-1.035373568534851,1.8323209285736084
31,Q4QZZ9_Q101A,CN1C=NC2=C1NC(=O)NC2=O,-0.10790539730951958,0.5998057723045349,-1.2230684757232666,1.04952871799469
32,Q4QZZ9_E137A,C1=NC2=C(N1)C(=O)NC(=O)N2,-1.1487416512809248,0.42408475279808044,-1.4080510139465332,1.57869553565979
33,Q4QZZ9_N358A,C(CC(=O)O)C(=O)C(=O)O,-1.3187587626244128,0.15324105322360992,-1.0365394353866577,1.8066928386688232
34,Q4QZZ9_wild,C(CC(=O)O)C(=O)C(=O)O,-1.5086383061657274,0.1959037035703659,-1.0466535091400146,1.8563824892044067
35,Q4QZZ9_D138A,CN1C=NC2=C1NC(=O)NC2=O,-0.23657200643706275,0.5940350890159607,-1.2487152814865112,1.0540447235107422
36,Q4QZZ9_E137A,CN1C=NC2=C1NC(=O)NC2=O,0.037426497940623665,0.5928652286529541,-1.252328872680664,1.056183099746704
37,Q4QZZ9_E137A,C(CC(=O)O)C(=O)C(=O)O,-1.3872161432802645,0.20262032747268677,-1.0570389032363892,1.8645533323287964
38,Q4QZZ9_D138A,C(CC(=O)O)C(=O)C(=O)O,-1.275724130399211,0.20221397280693054,-1.0589252710342407,1.864388108253479
39,Q4QZZ9_Q101A,C(CC(=O)O)C(=O)C(=O)O,-1.2291479883578558,0.20637927949428558,-1.0392615795135498,1.8579967021942139
40,Q4QZZ9_C357A,C(CC(=O)O)C(=O)C(=O)O,-1.3279021420642825,0.2068551629781723,-1.0475574731826782,1.870572566986084
41,Q4QZZ9_C357A,C1=NC2=C(N1)C(=O)NC(=O)N2,-1.2365720064370627,0.4312473237514496,-1.3969796895980835,1.5811069011688232
42,Q4QZZ9_Q356A,CN1C=NC2=C1NC(=O)NC2=O,-0.16749108729376366,0.5659904479980469,-1.2235740423202515,1.0216739177703857
43,Q4QZZ9_K122A,CN1C=NC2=C1NC(=O)NC2=O,-0.05551732784983137,0.5883554220199585,-1.2043448686599731,1.0412919521331787
44,Q4QZZ9_Q101A,C1=NC2=C(N1)C(=O)NC(=O)N2,-0.9136401693252518,0.4258180856704712,-1.3856383562088013,1.5704810619354248
45,Q4QZZ9_D138A,C1=NC2=C(N1)C(=O)NC(=O)N2,-1.1611509092627446,0.42687225341796875,-1.4126651287078857,1.5784740447998047
46,Q4QZZ9_K122A,C1=NC2=C(N1)C(=O)NC(=O)N2,-1.0555173278498313,0.40773215889930725,-1.3745653629302979,1.5580205917358398
47,Q4QZZ9_N358A,C1=NC2=C(N1)C(=O)NC(=O)N2,-0.2564902352715702,0.371722936630249,-1.3882726430892944,1.5201085805892944
48,P24846_wild,CC(=O)C(=O)[O-],-0.3467874862246563,0.5500761270523071,-0.6390111446380615,0.7932150363922119
49,P24846_wild,C(C=O)C(C(=O)O)N,-1.154901959985743,0.8160110712051392,-0.41123872995376587,1.0927625894546509
50,Q9SCL7_wild,C1=NC(=C2C(=N1)N(C=N2)C3C(C(C(O3)COP(=O)(O)OP(=O)(O)OP(=O)(O)O)O)O)N,0.24054924828259971,0.9838929176330566,-0.7312315106391907,1.6729755401611328
51,Q9SCL7_wild,CC(=O)NC(CCC(=O)O)C(=O)O,0.850033257689769,0.9048112034797668,0.050396595150232315,0.8588502407073975
52,P39462_W95L/N249Y,CCO,1.8195439355418688,0.3096146583557129,-0.22442254424095154,1.2065889835357666
53,P39462_W95L,CCCCCO,-0.5850266520291821,-0.1291978806257248,-0.3497762680053711,1.210123062133789
54,P39462_wild,CC(C)C=O,-0.5850266520291821,0.6532171964645386,0.006080474704504013,1.3799136877059937
55,P39462_wild,CCC(C)O,-1.9208187539523751,0.3278815746307373,0.230973020195961,0.9864324927330017
56,P39462_W95L,C1C=CN(C=C1C(=O)N)C2C(C(C(O2)COP(=O)(O)OP(=O)(O)OCC3C(C(C(O3)N4C=NC5=C(N=CN=C54)N)O)O)O)O,-2.0969100130080562,0.5324715375900269,-1.2518373727798462,2.0694074630737305
57,P39462_W95L,CCCCCCO,-1.3979400086720375,-0.2015773504972458,-0.26268357038497925,1.1803646087646484
58,P39462_W95L,CCCCCCCO,-0.6777807052660807,-0.07702681422233582,-0.8305424451828003,1.324708104133606
59,P39462_wild,CCCCCO,-1.5686362358410126,-0.12509647011756897,-0.36237940192222595,1.2505948543548584
60,P39462_wild,CCCCCCCO,-1.4202164033831899,-0.056950975209474564,-0.8322741389274597,1.3576892614364624
61,P39462_W95L,C1=CC=C(C=C1)C=CC=O,-1.0457574905606752,0.5998006463050842,-1.2480226755142212,1.8560417890548706
62,P39462_W95L,C1=CC=C(C=C1)C=O,-1.154901959985743,0.7931774854660034,-0.38433530926704407,1.6819955110549927
63,P39462_wild,CCCC=O,-1.154901959985743,0.35559409856796265,-0.29170385003089905,1.599898099899292
64,P39462_wild,COC1=CC=C(C=C1)CO,-0.9208187539523751,0.6114446520805359,-0.0830547958612442,1.2260526418685913
65,P39462_wild,CCCC(C)O,-1.3010299956639813,0.05438900366425514,-0.17416559159755707,1.0828888416290283
66,P39462_wild,C1=CC=C(C=C1)C=CC=O,-2.0457574905606752,0.6023012399673462,-1.2394522428512573,1.9143208265304565
67,P39462_W95L,C1=CC=C(C=C1)CO,-0.9208187539523751,0.5012118220329285,-0.15605327486991882,1.1195435523986816
68,P39462_wild,CCOCCO,-0.6020599913279624,0.30390721559524536,-0.29233047366142273,0.9013198614120483
69,P39462_W95L/N249Y,C1=CC=C(C=C1)C=O,-0.5528419686577808,0.7559639811515808,-0.4051978290081024,1.6857446432113647
70,P39462_wild,CCO,-0.5850266520291821,0.3425995707511902,-0.17038500308990479,1.2626640796661377
71,P39462_W95L/N249Y,CCCCCCCO,-0.17392519729917355,-0.12548120319843292,-0.8424490094184875,1.3027459383010864
72,P39462_W95L/N249Y,C1=CC=C(C=C1)C=CC=O,-0.6382721639824072,0.5569148659706116,-1.2636654376983643,1.850693941116333
73,P39462_W95L/N249Y,CCCCCO,0.2787536009528289,-0.1499129682779312,-0.362268328666687,1.18788480758667
74,P39462_wild,CCCCO,-1.2596373105057561,0.5337902307510376,-0.4639793634414673,1.6016138792037964
75,P39462_W95L,CC(C)C=O,-0.4814860601221125,0.6165643334388733,0.032681550830602646,1.3344777822494507
76,P39462_W95L,C1=CC(=C[N+](=C1)C2C(C(C(O2)COP(=O)([O-])OP(=O)(O)OCC3C(C(C(O3)N4C=NC5=C(N=CN=C54)N)O)O)O)O)C(=O)N,0.6020599913279624,0.31444793939590454,-0.46910539269447327,1.4838474988937378
77,P39462_W95L,CCCC=O,-0.8860566476931633,0.3257130980491638,-0.2617380917072296,1.5529117584228516
78,P39462_wild,CCCCCCO,-1.4559319556497243,-0.1738160401582718,-0.28007763624191284,1.2197844982147217
79,P39462_W95L/N249Y,C1CCC(CC1)O,0.6532125137753437,0.11439518630504608,-0.08212265372276306,0.9488497376441956
80,P39462_W95L/N249Y,CCCC=O,-0.5686362358410126,0.28804266452789307,-0.2992320954799652,1.5306527614593506
81,P39462_wild,CCC(CC)O,-0.6478174818886375,-0.21699406206607819,-0.6432809233665466,0.6607305407524109
82,P39462_W95L/N249Y,CCCCO,0.2041199826559248,0.49510645866394043,-0.484279602766037,1.5661267042160034
83,P39462_W95L/N249Y,C1C=CN(C=C1C(=O)N)C2C(C(C(O2)COP(=O)(O)OP(=O)(O)OCC3C(C(C(O3)N4C=NC5=C(N=CN=C54)N)O)O)O)O,-0.12493873660829995,0.45608943700790405,-1.3109066486358643,2.0503053665161133
84,P39462_W95L/N249Y,C1=CC(=C[N+](=C1)C2C(C(C(O2)COP(=O)([O-])OP(=O)(O)OCC3C(C(C(O3)N4C=NC5=C(N=CN=C54)N)O)O)O)O)C(=O)N,1.6989700043360187,0.24561536312103271,-0.5198352336883545,1.4713115692138672
85,P39462_W95L/N249Y,CCCC(C)O,0.9444826721501687,-0.005922626703977585,-0.16619420051574707,1.0240720510482788
86,P39462_wild,CCCO,-1.7212463990471711,0.11775484681129456,-0.6106539964675903,1.0268802642822266
87,P39462_W95L/N249Y,CC(C)C=O,-0.11918640771920865,0.5879101753234863,0.036559876054525375,1.326332449913025
88,P39462_W95L/N249Y,CCC(C)O,1.4742162640762553,0.2644641101360321,0.23006752133369446,0.9373527765274048
89,P39462_W95L/N249Y,C1=CC=C(C=C1)CO,0.5797835966168101,0.46065986156463623,-0.18998755514621735,1.1000454425811768
90,P39462_W95L/N249Y,CCCCCCO,-0.05551732784983137,-0.22229057550430298,-0.27688834071159363,1.1582432985305786
91,P39462_W95L/N249Y,CCCO,0.8129133566428556,0.030760731548070908,-0.6122387051582336,0.9750961661338806
92,P39462_wild,C1C=CN(C=C1C(=O)N)C2C(C(C(O2)COP(=O)(O)OP(=O)(O)OCC3C(C(C(O3)N4C=NC5=C(N=CN=C54)N)O)O)O)O,-2.0,0.5315407514572144,-1.271219253540039,2.131704330444336
93,P39462_wild,C1=CC=C(C=C1)C=O,-1.5228787452803376,0.8137314319610596,-0.3864264190196991,1.7362374067306519
94,P39462_wild,C1CCC(CC1)O,-1.5228787452803376,0.17867043614387512,-0.05129910632967949,1.001675009727478
95,P39462_wild,C1=CC=C(C=C1)CO,-1.8860566476931633,0.49519360065460205,-0.15662163496017456,1.1514644622802734
96,P39462_W95L/N249Y,COC1=CC=C(C=C1)CO,0.11394335230683679,0.5508352518081665,-0.07473848760128021,1.170379400253296
97,P39462_wild,C1=CC(=C[N+](=C1)C2C(C(C(O2)COP(=O)([O-])OP(=O)(O)OCC3C(C(C(O3)N4C=NC5=C(N=CN=C54)N)O)O)O)O)C(=O)N,-2.5228787452803374,0.33397072553634644,-0.47938987612724304,1.5421092510223389
98,P50381_wild,C1=CC=C(C=C1)CO,-1.838631997765025,0.5155459642410278,-0.13359344005584717,1.13738214969635
99,P50381_wild,CCO,-1.764471553092451,0.3490482270717621,-0.23654107749462128,1.3071622848510742
100,Q331Q6_wild,C1=CC(=C(C=C1C2=C(C(=O)C3=C(C=C(C=C3O2)O)O)O)O)O,-0.7878123955960422,-0.6485710740089417,-0.8468530178070068,0.6289106607437134
101,Q331Q6_wild,C[S+](CCC(C(=O)[O-])N)CC1C(C(C(O1)N2C=NC3=C(N=CN=C32)N)O)O,-2.7375489102695707,-1.3654801845550537,-1.0837024450302124,0.30482760071754456
102,Q5W9R9_wild,C1=CC=C(C=C1)CC(C(=O)O)N,-1.769551078621726,1.9149768352508545,-0.7858349680900574,2.059736490249634
103,P0CZ23_wild,CCCCCC(=O)SCCNC(=O)CCNC(=O)C(C(C)(C)COP(=O)(O)OP(=O)(O)OCC1C(C(C(O1)N2C=NC3=C(N=CN=C32)N)O)OP(=O)(O)O)O,-1.6989700043360187,0.5774608850479126,-1.6396293640136719,2.482039451599121
104,P0CZ23_wild,CCCCCCCCCCCC(=O)SCCNC(=O)CCNC(=O)C(C(C)(C)COP(=O)(O)OP(=O)(O)OCC1C(C(C(O1)N2C=NC3=C(N=CN=C32)N)O)OP(=O)(O)O)O,-1.723538195826756,0.5332288146018982,-1.8432823419570923,2.644519329071045
105,P0A825_wild,CC(C(C(=O)O)N)O,0.17609125905568124,-0.017579790204763412,0.04216131195425987,1.1431434154510498
106,P0A825_wild,C1=CC=C(C=C1)CC(=NO)CC2=CC=CC=C2,1.2833012287035497,-0.1876513808965683,-0.5626553297042847,0.9038335084915161
107,P59807_Q140N,CC(=O)NC1C(C(C(OC1O)OS(=O)(=O)O)O)OC2C(C(C(C(O2)C(=O)O)O)O)O,-1.3010299956639813,1.4122579097747803,-0.8809356689453125,2.0121872425079346
108,P59807_wild,CC(=O)NC1C(C(C(OC1O)CO)OS(=O)(=O)[O-])OC2C(C(C(C(O2)C(=O)[O-])O)O)O,-1.0268721464003014,1.4110095500946045,-1.0320348739624023,2.0612924098968506
109,P59807_wild,CC(=O)NC1C(C(C(OC1O)OS(=O)(=O)O)O)OC2C(C(C(C(O2)C(=O)O)O)O)O,-1.3565473235138126,1.409935474395752,-0.8773432970046997,2.006932020187378
110,P59807_Q140G,CC(=O)NC1C(C(C(OC1O)OS(=O)(=O)O)O)OC2C(C(C(C(O2)C(=O)O)O)O)O,-1.4685210829577449,1.4198329448699951,-0.8838660717010498,2.018599510192871
111,P59807_Q140A,CC(=O)NC1C(C(C(OC1O)OS(=O)(=O)O)O)OC2C(C(C(C(O2)C(=O)O)O)O)O,-1.5086383061657274,1.4114482402801514,-0.8880771398544312,2.015608310699463
112,Q16647_wild,CCCCCC(C=CC=CCC=CCC=CCCCC(=O)O)OO,-1.1870866433571443,-0.7754762172698975,-1.5222426652908325,0.8722110986709595
113,Q9ZAG3_N55A,C1C(O1)C2=CC=CC=C2,0.14612803567823798,0.11971481144428253,0.4535588026046753,-0.005839675664901733
114,Q9ZAG3_Y53F,C1C(O1)C2=CC=CC=C2,0.568201724066995,0.23979580402374268,0.5240203142166138,0.0386483371257782
115,Q8U063_wild,C(C(C(=O)O)O)C(=O)O,-0.38721614328026455,-0.23407544195652008,-1.1381913423538208,1.1738518476486206
116,Q8U063_wild,C(=CC(=O)[O-])C(=O)[O-],-0.46852108295774486,0.17720934748649597,-1.252880573272705,1.8040404319763184
117,Q8U063_wild,C(C(C(=O)[O-])O)(C(=O)[O-])O,-0.2924298239020636,-0.37713754177093506,-0.7970271706581116,1.2259613275527954
118,O59089_wild,C1CC(NC1)C(=O)O,0.6020599913279624,1.0074901580810547,0.744743287563324,0.9718317985534668
119,Q76M73_wild,C1CC(NC1)C(=O)O,0.3979400086720376,1.1027913093566895,0.7393079996109009,1.0367275476455688
120,Q8T8D9_wild,C(C(=O)C(=O)O)P(=O)(O)O,-2.0969100130080562,-0.2075164020061493,-0.9394127130508423,1.2665245532989502
121,P56839_L124A,C(C(=O)C(=O)[O-])P(=O)(O)[O-],-1.2218487496163564,-0.5282150506973267,-0.7296550273895264,1.0724693536758423
122,P56839_N122A,C(C(=O)C(=O)O)P(=O)(O)O,-1.4202164033831899,-0.42902082204818726,-0.7885355353355408,0.8268663287162781
123,P56839_N122A,C(C(=O)C(=O)[O-])P(=O)(O)[O-],-1.4202164033831899,-0.5506501793861389,-0.7242021560668945,1.050931453704834
124,P56839_K120R,C(C(=O)C(=O)[O-])P(=O)(O)[O-],-2.2291479883578558,-0.5145400762557983,-0.7465410232543945,1.0934555530548096
125,P56839_N122D,C(C(=O)C(=O)O)P(=O)(O)O,-2.494850021680094,-0.41909801959991455,-0.770087718963623,0.8423957824707031
126,P56839_wild,C(C(=O)C(=O)O)P(=O)(O)O,-2.7958800173440754,-0.3857404291629791,-0.8052239418029785,0.8713632822036743
127,P56839_wild,C(C(=O)C(=O)[O-])P(=O)(O)[O-],-2.7958800173440754,-0.5111520290374756,-0.7346351146697998,1.1013591289520264
128,P56839_K120A,C(C(=O)C(=O)[O-])P(=O)(O)[O-],-1.337242168318426,-0.4965241551399231,-0.7162730693817139,1.1094672679901123
129,P56839_R159A,C(C(=O)C(=O)O)P(=O)(O)O,-1.2676062401770316,-0.575266420841217,-0.6851644515991211,0.6545828580856323
130,P56839_D58N,C(C(=O)C(=O)O)P(=O)(O)O,-2.1079053973095196,-0.370217502117157,-0.8171541094779968,0.8759931325912476
131,P56839_H190A,C(C(=O)C(=O)O)P(=O)(O)O,-2.1870866433571443,-0.4271102249622345,-0.7994771003723145,0.8258142471313477
132,Q8K3F7_R180K,C1=CC(=C[N+](=C1)C2C(C(C(O2)COP(=O)([O-])OP(=O)(O)OCC3C(C(C(O3)N4C=NC5=C(N=CN=C54)N)O)O)O)O)C(=O)N,0.31386722036915343,0.9631954431533813,-0.865329384803772,1.4399492740631104
133,Q8K3F7_wild,C1=CC(=C[N+](=C1)C2C(C(C(O2)COP(=O)([O-])OP(=O)(O)OCC3C(C(C(O3)N4C=NC5=C(N=CN=C54)N)O)O)O)O)C(=O)N,0.2227164711475833,0.9587219953536987,-0.8666272759437561,1.4269202947616577
134,Q8K3F7_M333E,CC(C(C(=O)O)N)O,2.1815577738627865,0.6866077184677124,-0.5784767270088196,0.40796777606010437
135,Q8K3F7_wild,CC(C(C(=O)O)N)O,1.859738566197147,0.6915925741195679,-0.5877971053123474,0.41353413462638855
136,Q8KZM4_wild,CC(C(C(=O)O)N)O,0.5514499979728751,0.049569275230169296,-0.8431302309036255,0.7406927347183228
137,E5RQ20_wild,CC(C(C(=O)O)N)O,1.0644579892269186,0.2656864523887634,-0.5744447708129883,0.7053190469741821
138,E5RQ20_wild,C1=CC(=C[N+](=C1)C2C(C(C(O2)COP(=O)([O-])OP(=O)(O)OCC3C(C(C(O3)N4C=NC5=C(N=CN=C54)N)O)O)O)O)C(=O)N,-1.0,0.6695632934570312,-0.8632891774177551,1.449144959449768
139,E3PS87_wild,C1=CC(=C[N+](=C1)C2C(C(C(O2)COP(=O)([O-])OP(=O)(O)OCC3C(C(C(O3)N4C=NC5=C(N=CN=C54)N)O)O)O)O)C(=O)N,-1.0,0.774051308631897,-0.9778356552124023,1.3718136548995972
140,E3PS87_wild,CC(C(C(=O)O)N)O,1.255272505103306,0.2575077414512634,-0.8887399435043335,0.7609902620315552
141,Q97BK3_wild,CC(C(C(=O)O)N)O,-2.5850266520291822,-0.1660497784614563,-1.3184870481491089,1.1865488290786743
142,Q97BK3_wild,C(C(C(=O)O)N)O,-1.214670164989233,-0.5446041226387024,-0.19874334335327148,0.48114633560180664
143,D6PBM7_S74A,C1=CC(=C[N+](=C1)C2C(C(C(O2)COP(=O)([O-])OP(=O)(O)OCC3C(C(C(O3)N4C=NC5=C(N=CN=C54)N)O)O)O)O)C(=O)N,-1.853871964321762,0.5189337134361267,-0.6486780643463135,1.1909279823303223
144,D6PBM7_D179N,C1=CC(=C[N+](=C1)C2C(C(C(O2)COP(=O)([O-])OP(=O)(O)OCC3C(C(C(O3)N4C=NC5=C(N=CN=C54)N)O)O)O)O)C(=O)N,-1.8096683018297086,0.4754512310028076,-0.6452813148498535,1.1448811292648315
145,D6PBM7_T177A,C1=CC(=C[N+](=C1)C2C(C(C(O2)COP(=O)([O-])OP(=O)(O)OCC3C(C(C(O3)N4C=NC5=C(N=CN=C54)N)O)O)O)O)C(=O)N,-1.5900668766687054,0.5205094218254089,-0.6411586403846741,1.1905579566955566
146,D6PBM7_Y136F,C1=CC(=C[N+](=C1)C2C(C(C(O2)COP(=O)([O-])OP(=O)(O)OCC3C(C(C(O3)N4C=NC5=C(N=CN=C54)N)O)O)O)O)C(=O)N,-0.368556230986828,0.3975573778152466,-0.6129788756370544,1.043262004852295
147,D6PBM7_T177A,CC(C(C(=O)O)N)O,1.374748346010104,-0.02569488063454628,-0.5915711522102356,0.6244572401046753
148,D6PBM7_wild,CC(C(C(=O)O)N)O,1.403120521175818,-0.028989870101213455,-0.6009314060211182,0.6271239519119263
149,D6PBM7_S111A,C1=CC(=C[N+](=C1)C2C(C(C(O2)COP(=O)([O-])OP(=O)(O)OCC3C(C(C(O3)N4C=NC5=C(N=CN=C54)N)O)O)O)O)C(=O)N,-1.707743928643524,0.4231393337249756,-0.6230425834655762,1.0998362302780151
150,D6PBM7_wild,C1=CC(=C[N+](=C1)C2C(C(C(O2)COP(=O)([O-])OP(=O)(O)OCC3C(C(C(O3)N4C=NC5=C(N=CN=C54)N)O)O)O)O)C(=O)N,-1.294992040666664,0.5120733976364136,-0.6386164426803589,1.188057780265808
151,D6PBM7_D179A,C1=CC(=C[N+](=C1)C2C(C(C(O2)COP(=O)([O-])OP(=O)(O)OCC3C(C(C(O3)N4C=NC5=C(N=CN=C54)N)O)O)O)O)C(=O)N,-1.6143937264016879,0.4741860628128052,-0.6578872203826904,1.146668553352356
152,D6PBM7_S111A,CC(C(C(=O)O)N)O,2.3909351071033793,-0.09752202033996582,-0.57804274559021,0.5213091373443604
153,D6PBM7_Y136F,CC(C(C(=O)O)N)O,1.608526033577194,-0.13453179597854614,-0.5534137487411499,0.4763143062591553
154,P53686_wild,C1=CC(=C[N+](=C1)C2C(C(C(O2)COP(=O)([O-])OP(=O)(O)OCC3C(C(C(O3)N4C=NC5=C(N=CN=C54)N)O)O)O)O)C(=O)N,-1.7931741239681502,-0.07560089230537415,-0.9422630071640015,1.3612732887268066
155,P53686_I117V,C1=CC(=C[N+](=C1)C2C(C(C(O2)COP(=O)([O-])OP(=O)(O)OCC3C(C(C(O3)N4C=NC5=C(N=CN=C54)N)O)O)O)O)C(=O)N,-1.593459819566045,-0.07666619122028351,-0.9191393852233887,1.3594962358474731
156,P53686_I117F,C1=CC(=C[N+](=C1)C2C(C(C(O2)COP(=O)([O-])OP(=O)(O)OCC3C(C(C(O3)N4C=NC5=C(N=CN=C54)N)O)O)O)O)C(=O)N,-1.58838029403677,-0.20609000325202942,-0.8792533874511719,1.1621519327163696
157,P53686_D118N,C1=CC(=C[N+](=C1)C2C(C(C(O2)COP(=O)([O-])OP(=O)(O)OCC3C(C(C(O3)N4C=NC5=C(N=CN=C54)N)O)O)O)O)C(=O)N,-0.3434227086038859,-0.22817128896713257,-0.8957559466362,1.1705200672149658
158,Q8J0Q0_wild,CC1=CC(=O)OC2=C1C=CC(=C2)OC3C(C(C(C(O3)CO)O)O)O,-1.154901959985743,-0.37584805488586426,-0.3449082672595978,0.19240246713161469
159,Q4JB88_wild,C1=CC(=CC=C1[N+](=O)[O-])OP(=O)(O)O,-0.27572413039921095,0.6172097325325012,0.4730483591556549,0.17810292541980743
160,D5UNC2_wild,CC(C)(COP(=O)(O)OP(=O)(O)OCC1C(C(C(O1)N2C=NC3=C(N=CN=C32)N)O)OP(=O)(O)O)C(C(=O)NCCC(=O)NCCSC(=O)CC(=O)O)O,-0.3133637307377066,-0.792107105255127,-0.248644158244133,0.27599743008613586
161,D5UNC2_wild,CC(=O)SCCNC(=O)CCNC(=O)C(C(C)(C)COP(=O)(O)OP(=O)(O)OCC1C(C(C(O1)N2C=NC3=C(N=CN=C32)N)O)OP(=O)(O)O)O,0.3467440546048488,-0.9104489684104919,-0.24883630871772766,0.3216579556465149
162,Q9RMI3_wild,CC=CC(=O)N(CCS)C(=O)C,0.9030899869919435,0.6606900691986084,-0.39507728815078735,0.7240157127380371
163,A0A385TZ63_wild,C(CN)C(C(=O)O)N,-0.8860566476931633,0.07103247940540314,-0.18523669242858887,0.8937612771987915
164,A0A385TZ63_wild,CC(=O)SCCNC(=O)CCNC(=O)C(C(C)(C)COP(=O)(O)OP(=O)(O)OCC1C(C(C(O1)N2C=NC3=C(N=CN=C32)N)O)OP(=O)(O)O)O,0.44560420327359757,-0.07608206570148468,-1.052449345588684,1.3153302669525146
165,Q4AED2_wild,C(CC(C(=O)O)N)CN=C(N)N,1.5352941200427705,1.3516985177993774,-0.5659357309341431,1.0933610200881958
166,Q4AED1_wild,C(CC(C(=O)O)N)CN=C(N)N,1.5490032620257879,1.2120206356048584,-0.26451805233955383,0.9619840383529663
167,B1PVZ9_wild,C(CC(C(=O)O)N)CN=C(N)N,0.20139712432045148,1.5903544425964355,-0.6318452954292297,0.9938809871673584
168,B1PVZ9_wild,C1=NC(=C2C(=N1)N(C=N2)C3C(C(C(O3)COP(=O)(O)OP(=O)(O)OP(=O)(O)O)O)O)N,0.367355921026019,1.290609359741211,-0.3699285686016083,1.5203211307525635
169,O96507_wild,C(CC(C(=O)O)N)CN=C(N)N,-0.5228787452803376,1.7668445110321045,-0.5897074937820435,1.2316641807556152
170,D5FLG2_A105S/S106G,C(CC(C(=O)O)N)CN=C(N)N,-0.7447274948969352,1.709001064300537,-0.18032872676849365,1.4604918956756592
171,D5FLG2_wild,C(CC(C(=O)O)N)CN=C(N)N,-0.8996294548824371,1.664276361465454,-0.16293440759181976,1.4279441833496094
172,D5FLG2_S106G,C(CC(C(=O)O)N)CN=C(N)N,-0.6757175447023074,1.7074445486068726,-0.1842605471611023,1.4566763639450073
173,D5FLG2_A105S,C(CC(C(=O)O)N)CN=C(N)N,-0.9746941347352298,1.6686792373657227,-0.1603202521800995,1.4315505027770996
174,D5FLG2_wild,C1=NC(=C2C(=N1)N(C=N2)C3C(C(C(O3)COP(=O)(O)OP(=O)(O)OP(=O)(O)O)O)O)N,-0.18442225167573278,1.4818181991577148,-0.1942281424999237,1.8253726959228516
175,D5FLG2_A105S/S106G,C1=NC(=C2C(=N1)N(C=N2)C3C(C(C(O3)COP(=O)(O)OP(=O)(O)OP(=O)(O)O)O)O)N,-0.1284270644541213,1.5211541652679443,-0.2115212380886078,1.8692753314971924
176,D5FLG2_S106G,C1=NC(=C2C(=N1)N(C=N2)C3C(C(C(O3)COP(=O)(O)OP(=O)(O)OP(=O)(O)O)O)O)N,-0.11577123036739605,1.512782335281372,-0.21459540724754333,1.8630142211914062
177,H9BZ68_wild,C(CC(C(=O)O)N)CN=C(N)N,-0.2196826878598487,1.430951476097107,-0.4696522057056427,0.8626470565795898
178,H9BZ68_wild,CCOC(=O)C(CCCN=C(N)N)N,0.44653716707364377,1.2715353965759277,-0.4428357183933258,0.626623809337616
179,Q10454_wild,C(CC(C(=O)O)N)CN=C(N)N,-0.431798275933005,1.9112489223480225,-0.47129425406455994,1.44662344455719
180,Q10454_wild,C1=NC(=C2C(=N1)N(C=N2)C3C(C(C(O3)COP(=O)(O)OP(=O)(O)OP(=O)(O)O)O)O)N,-0.45593195564972444,1.6663730144500732,-0.2689078748226166,1.8841426372528076
181,Q27535_wild,C1=NC(=C2C(=N1)N(C=N2)C3C(C(C(O3)COP(=O)(O)OP(=O)(O)OP(=O)(O)O)O)O)N,-0.7958800173440752,1.8766909837722778,-0.4546724259853363,2.065542697906494
182,Q27535_wild,C(CC(C(=O)O)N)CN=C(N)N,-0.38721614328026455,2.063347339630127,-0.6546831130981445,1.5900800228118896
183,U3T1K4_wild,C(CC(C(=O)O)N)CN=C(N)N,-0.5850266520291821,1.8806251287460327,-0.24708768725395203,1.7629128694534302
184,U3T1K4_wild,C1=NC(=C2C(=N1)N(C=N2)C3C(C(C(O3)COP(=O)(O)OP(=O)(O)OP(=O)(O)O)O)O)N,-0.1366771398795441,1.7200918197631836,-0.25917911529541016,2.22898006439209
185,K0DDQ9_wild,C(CC(C(=O)O)N)CN=C(N)N,-0.5228787452803376,1.9875280857086182,-0.6349939107894897,1.499362587928772
186,K0DDQ9_wild,C1=NC(=C2C(=N1)N(C=N2)C3C(C(C(O3)COP(=O)(O)OP(=O)(O)OP(=O)(O)O)O)O)N,-0.09691001300805639,1.7277584075927734,-0.4957647919654846,1.954777479171753
187,C0STY2_wild,C(CC(C(=O)O)N)CN=C(N)N,-0.10846254232743559,1.8448996543884277,-0.4787183105945587,1.1303761005401611
188,C0STY2_wild,C1=NC(=C2C(=N1)N(C=N2)C3C(C(C(O3)COP(=O)(O)OP(=O)(O)OP(=O)(O)O)O)O)N,-0.33254704711004607,1.5628036260604858,-0.3382181227207184,1.725557565689087
189,C0STY3_wild,C(CC(C(=O)O)N)CN=C(N)N,-0.46344155742859616,1.479395866394043,-0.41809627413749695,0.7963446378707886
190,C0STY3_wild,C1=NC(=C2C(=N1)N(C=N2)C3C(C(C(O3)COP(=O)(O)OP(=O)(O)OP(=O)(O)O)O)O)N,-0.3925449767853315,1.1621930599212646,-0.2394419014453888,1.3253874778747559
191,A0A0A7CK57_wild,C1=NC(=C2C(=N1)N(C=N2)C3C(C(C(O3)COP(=O)(O)OP(=O)(O)OP(=O)(O)O)O)O)N,-0.3279021420642826,0.9905641078948975,-0.2382822483778,1.1968610286712646
192,O45518_wild,C1=NC(=C2C(=N1)N(C=N2)C3C(C(C(O3)COP(=O)(O)OP(=O)(O)OP(=O)(O)O)O)O)N,-1.6382721639824072,1.6687614917755127,-0.3870536983013153,1.9709666967391968
193,O45518_wild,C(CC(C(=O)O)N)CN=C(N)N,-1.2676062401770316,1.8593573570251465,-0.44611334800720215,1.6242761611938477
194,A0A286R7K5_wild,C(CC(C(=O)O)N)CN=C(N)N,0.23044892137827394,1.0646083354949951,-0.4626826345920563,0.393054723739624
195,A0A3G5HLZ2_wild,C(CC(C(=O)O)N)CN=C(N)N,0.2528530309798932,0.9183980226516724,-0.34442630410194397,0.14226597547531128
196,A0A0A7CK57_H284A,C(CC(C(=O)O)N)CN=C(N)N,-0.045757490560675115,1.3058619499206543,-0.41498810052871704,0.8333720564842224
197,Q9NKV6_wild,C(CC(C(=O)O)N)CN=C(N)N,0.00860017176191757,1.678686499595642,-0.5224181413650513,1.6172699928283691
198,Q9NKV5_wild,C(CC(C(=O)O)N)CN=C(N)N,0.45024910831936105,1.7543517351150513,-0.5366722345352173,1.5611772537231445
199,Q9NKV4_wild,C(CC(C(=O)O)N)CN=C(N)N,0.24054924828259971,1.8562109470367432,-0.5946367979049683,1.656146764755249
200,O96507_wild,C1=NC(=C2C(=N1)N(C=N2)C3C(C(C(O3)COP(=O)(O)OP(=O)(O)OP(=O)(O)O)O)O)N,-0.5228787452803376,1.4510998725891113,-0.4099868834018707,1.7682838439941406
201,A0A0A7CK57_H284A,C1=NC(=C2C(=N1)N(C=N2)C3C(C(C(O3)COP(=O)(O)OP(=O)(O)OP(=O)(O)O)O)O)N,-0.5228787452803376,0.9936847686767578,-0.25390517711639404,1.2072086334228516
202,Q9AR07_wild,C[S+](CCC(C(=O)[O-])N)CC1C(C(C(O1)N2C=NC3=C(N=CN=C32)N)O)O,-2.2006594505464183,-0.6631545424461365,-1.1528198719024658,0.7056365013122559
203,Q9AR07_wild,CCC=CCC1C(CCC1=O)CC(=O)O,-1.4145392704914994,-0.9866998195648193,-0.8637583255767822,-0.10521140694618225
204,B9H4E1_N361S,CCC=CCC1C(CCC1=O)CC(=O)O,-0.5086383061657274,-1.0460706949234009,-0.8102415800094604,-0.16017132997512817
205,B9H4E1_wild,CCC=CCC1C(CCC1=O)CC(=O)O,-0.7569619513137056,-1.0463178157806396,-0.8037169575691223,-0.15628468990325928
206,B9H4E1_N361S,C1=CC=C(C=C1)C(=O)[O-],-1.1999706407558657,-0.9213969111442566,-1.2916589975357056,0.4279215931892395
207,B9H4E1_wild,C1=CC=C(C=C1)C(=O)[O-],-0.46724562100750233,-0.9174441695213318,-1.2835521697998047,0.4317149221897125
208,P0AEZ1_wild,C1C2CN(CN2C3=C(N1)N=C(NC3=O)N)C4=CC=C(C=C4)C(=O)NC(CCC(=O)O)C(=O)O,-3.3010299956639813,0.36037197709083557,-0.9452328681945801,1.8376150131225586
209,P0AEZ1_wild,C1C=CN(C=C1C(=O)N)C2C(C(C(O2)COP(=O)(O)OP(=O)(O)OCC3C(C(C(O3)N4C=NC5=C(N=CN=C54)N)O)O)O)O,-1.6989700043360187,1.018458366394043,-1.1536563634872437,2.16030216217041
210,P0AEZ1_F223L,C1C2CN(CN2C3=C(N1)N=C(NC3=O)N)C4=CC=C(C=C4)C(=O)NC(CCC(=O)O)C(=O)O,-2.0969100130080562,0.3380545973777771,-0.920608401298523,1.7920429706573486
211,P0AEZ1_F223A,C1C=CN(C=C1C(=O)N)C2C(C(C(O2)COP(=O)(O)OP(=O)(O)OCC3C(C(C(O3)N4C=NC5=C(N=CN=C54)N)O)O)O)O,-0.23284413391781958,1.0137896537780762,-1.1184475421905518,2.1339030265808105
212,P0AEZ1_F223L,C1C=CN(C=C1C(=O)N)C2C(C(C(O2)COP(=O)(O)OP(=O)(O)OCC3C(C(C(O3)N4C=NC5=C(N=CN=C54)N)O)O)O)O,-0.3279021420642826,0.9875204563140869,-1.1250500679016113,2.1104745864868164
213,P0AEZ1_F223A,C1C2CN(CN2C3=C(N1)N=C(NC3=O)N)C4=CC=C(C=C4)C(=O)NC(CCC(=O)O)C(=O)O,-1.031517051446065,0.35933631658554077,-0.9146323800086975,1.8176839351654053
214,Q09472_wild,CC(=O)SCCNC(=O)CCNC(=O)C(C(C)(C)COP(=O)(O)OP(=O)(O)OCC1C(C(C(O1)N2C=NC3=C(N=CN=C32)N)O)OP(=O)(O)O)O,-1.7619538968712045,0.1171884834766388,-1.6391527652740479,1.5048058032989502
215,Q07794_wild,CC(=O)SCCNC(=O)CCNC(=O)C(C(C)(C)COP(=O)(O)OP(=O)(O)OCC1C(C(C(O1)N2C=NC3=C(N=CN=C32)N)O)OP(=O)(O)O)O,-3.522878745280338,-0.453275203704834,-1.2084314823150635,1.2629868984222412
216,Q07794_D288N,CC(=O)SCCNC(=O)CCNC(=O)C(C(C)(C)COP(=O)(O)OP(=O)(O)OCC1C(C(C(O1)N2C=NC3=C(N=CN=C32)N)O)OP(=O)(O)O)O,-3.3098039199714866,-0.4277879595756531,-1.1748183965682983,1.2596304416656494
217,Q07794_D287N,CC(=O)SCCNC(=O)CCNC(=O)C(C(C)(C)COP(=O)(O)OP(=O)(O)OCC1C(C(C(O1)N2C=NC3=C(N=CN=C32)N)O)OP(=O)(O)O)O,-3.154901959985743,-0.4473406672477722,-1.2177321910858154,1.2516378164291382
218,A0A1C4WQE0_wild,C1CNC(C1O)C(=O)O,-0.6777807052660807,0.2580021619796753,0.32718750834465027,0.7272181510925293
219,A0A218PHN9_wild,C1=CC(=CC=C1[N+](=O)[O-])OP(=O)(O)O,-0.7958800173440752,1.2435415983200073,-0.03335616737604141,1.4067623615264893
220,C1K6P2_wild,C1=CC(=CC=C1[N+](=O)[O-])OP(=O)(O)O,-1.0604807473813815,1.5298227071762085,-0.12877516448497772,1.113077163696289
221,B0R9W3_wild,C1=CC(=CC=C1[N+](=O)[O-])OP(=O)(O)O,-0.3467874862246563,1.4739289283752441,-0.1266452670097351,0.9798706769943237
222,P51011_wild,C1C=CN(C=C1C(=O)N)C2C(C(C(O2)COP(=O)(O)OP(=O)(O)OCC3C(C(C(O3)N4C=NC5=C(N=CN=C54)N)O)O)O)O,-1.5228787452803376,1.858961820602417,-1.483080506324768,2.5045673847198486
223,P51011_wild,C1=CC(=C[N+](=C1)C2C(C(C(O2)COP(=O)([O-])OP(=O)(O)OCC3C(C(C(O3)N4C=NC5=C(N=CN=C54)N)O)O)O)O)C(=O)N,-0.7958800173440752,1.697561264038086,-0.7513731718063354,2.0115222930908203
224,P51011_wild,CC(C(=O)O)O,1.2787536009528289,1.8932511806488037,-0.13084161281585693,1.0722651481628418
225,F8RPR8_wild,CC(=O)C(=O)[O-],0.7708520116421441,1.558680534362793,0.014414232224225998,1.2300007343292236
226,F8RPR8_wild,CC(C(=O)O)O,0.9795483747040951,1.4530017375946045,0.05628950521349907,0.8630505800247192
227,Q88VJ2_wild,CC(=O)C(=O)[O-],-0.3010299956639812,1.9684841632843018,0.37717971205711365,1.2100136280059814
228,E0NDE9_Y51A,C1=CC=C(C=C1)CC(=O)C(=O)O,-0.7958800173440752,1.7941639423370361,0.02307147905230522,1.3711977005004883
229,E0NDE9_Y51L,C1=CC=C(C=C1)CC(=O)C(=O)O,-0.7695510786217261,1.799796223640442,0.011273425072431564,1.3839504718780518
230,E0NDE9_Y51S,C1=CC=C(C=C1)CC(=O)C(=O)O,-0.3979400086720376,1.7915120124816895,0.024048876017332077,1.3657146692276
231,E0NDE9_Y51L,CCC(=O)C(=O)[O-],1.0791812460476249,1.9329853057861328,0.3753452003002167,1.2141849994659424
232,E0NDE9_Y51L,CC(C)C(=O)C(=O)O,1.0791812460476249,1.9033114910125732,0.13047726452350616,1.2690609693527222
233,E0NDE9_Y51F,CCC(=O)C(=O)[O-],0.43136376415898736,1.931004524230957,0.39196422696113586,1.2020946741104126
234,E0NDE9_wild,CCC(=O)C(=O)[O-],1.0413926851582251,1.9194992780685425,0.40471526980400085,1.2049317359924316
235,E0NDE9_wild,C1=CC=C(C=C1)CC(=O)C(=O)O,0.414973347970818,1.7830201387405396,0.029746662825345993,1.3729772567749023
236,E0NDE9_wild,CC(C)C(=O)C(=O)O,1.5797835966168101,1.8848062753677368,0.15711688995361328,1.2640479803085327
237,E0NDE9_Y51M,CCC(=O)C(=O)[O-],0.8750612633917001,1.9419794082641602,0.365146666765213,1.2204535007476807
238,E0NDE9_Y51F,CC(C)C(=O)C(=O)O,0.8864907251724818,1.8946611881256104,0.15130171179771423,1.259569525718689
239,E0NDE9_Y51M,CC(C)C(=O)C(=O)O,0.9344984512435677,1.9130768775939941,0.11934536695480347,1.2797678709030151
240,A0A0R1RJ30_wild,C1=CC=C(C=C1)CC(=O)C(=O)O,0.4517864355242902,1.626006841659546,0.07146888971328735,1.1351393461227417
241,P30901_V152R/I177K,C1=CC(=C[N+](=C1)C2C(C(C(O2)COP(=O)([O-])OP(=O)(O)OCC3C(C(C(O3)N4C=NC5=C(N=CN=C54)N)O)O)O)O)C(=O)N,-0.060480747381381476,1.2658110857009888,-0.46637097001075745,1.6189420223236084
242,P30901_wild,C1=CC(=C[N+](=C1)C2C(C(C(O2)COP(=O)([O-])OP(=O)(O)OCC3C(C(C(O3)N4C=NC5=C(N=CN=C54)N)O)O)O)O)C(=O)N,-0.5528419686577808,1.4297724962234497,-0.5115232467651367,1.740584135055542
243,P30901_V152R/N213E,C1=CC(=C[N+](=C1)C2C(C(C(O2)COP(=O)([O-])OP(=O)(O)OCC3C(C(C(O3)N4C=NC5=C(N=CN=C54)N)O)O)O)O)C(=O)N,0.2041199826559248,1.309076189994812,-0.5003858208656311,1.6306531429290771
244,P30901_V152R,C1=CC(=C[N+](=C1)C2C(C(C(O2)COP(=O)([O-])OP(=O)(O)OCC3C(C(C(O3)N4C=NC5=C(N=CN=C54)N)O)O)O)O)C(=O)N,-0.036212172654444715,1.3099191188812256,-0.48508644104003906,1.6465458869934082
245,Q73GL9_wild,C(CC(=O)O)C(C(=O)O)N,-0.09691001300805639,0.30299821496009827,0.5379081964492798,0.19871315360069275
246,Q5F9K6_wild,C1=NC2=C(N1C3C(C(C(O3)COP(=O)(O)OP(=O)(O)OP(=O)(O)O)O)O)N=C(NC2=O)N,-2.0385789059335515,-0.8907692432403564,-0.42697060108184814,0.24872885644435883
247,D3RVD4_wild,[O-]S(=O)(=S)[O-],-0.853871964321762,0.8325398564338684,-1.3183656930923462,2.4491770267486572
248,B7J3E3_wild,[O-]S(=O)(=S)[O-],1.1760912590556813,2.3849895000457764,-0.6043064594268799,2.0487873554229736
249,D3RVD4_wild,[C-]#N.[C-]#N.[C-]#N.[C-]#N.[C-]#N.[C-]#N.[Fe+3],-0.1804560644581313,1.827199101448059,-1.6978775262832642,2.6275107860565186
250,D3RVD4_wild,[O-]S(=O)(=O)SSS(=O)(=O)[O-],0.2966651902615311,1.2187561988830566,-1.6135780811309814,2.890083074569702
251,Q93RA0_wild,CC(C)(COP(=O)(O)OP(=O)(O)OCC1C(C(C(O1)N2C=NC3=C(N=CN=C32)N)O)OP(=O)(O)O)C(C(=O)NCCC(=O)NCCS)O,-1.585026652029182,0.24886849522590637,-2.009653091430664,1.978633165359497
252,Q93RA0_wild,C(CC(=O)O)C(=O)C(=O)O,0.4623979978989561,0.549789309501648,-1.165041446685791,1.972670078277588
253,Q05871_wild,CCCCCCC=CCC(=O)SCCNC(=O)CCNC(=O)C(C(C)(C)COP(=O)(O)OP(=O)(O)OCC1C(C(C(O1)N2C=NC3=C(N=CN=C32)N)O)OP(=O)(O)O)O,-1.3010299956639813,-0.06304177641868591,-1.266129970550537,1.4886529445648193
254,A5F5Y4_wild,CC1=C(C(=O)C(=C(C1=O)OC)OC)CC=C(C)CCC=C(C)CCC=C(C)CCC=C(C)CCC=C(C)CCC=C(C)CCC=C(C)CCC=C(C)CCC=C(C)CCC=C(C)C,-2.6020599913279625,1.977675437927246,-2.297865867614746,3.5424373149871826
255,A5F5Y4_wild,CC1=C(C(=O)C(=C(C1=O)OC)OC)CC=C(C)C,-2.6020599913279625,1.682557225227356,-1.6153684854507446,3.3127529621124268
256,Q83WC4_wild,C[S+](CCC(C(=O)[O-])N)CC1C(C(C(O1)N2C=NC3=C(N=CN=C32)N)O)O,-0.15490195998574322,-0.38510212302207947,-1.2969876527786255,0.7901515364646912
257,Q83WC4_wild,C(C(=O)O)N,0.17609125905568124,-0.1906890571117401,0.36437565088272095,0.15538780391216278
258,Q83WC4_R169K,C(C(=O)O)N,0.0,-0.24141070246696472,0.38300856947898865,0.11818180978298187
259,Q83WC4_wild,CNCC(=O)O,-0.09691001300805639,-0.1439772993326187,-0.07970896363258362,0.20055069029331207
260,Q83WC4_R169K,CNCC(=O)O,0.04139268515822508,-0.1912713348865509,-0.07281208038330078,0.17515835165977478
261,Q83WC4_R169K,C[S+](CCC(C(=O)[O-])N)CC1C(C(C(O1)N2C=NC3=C(N=CN=C32)N)O)O,1.8750612633917,-0.44334447383880615,-1.2797166109085083,0.7412412166595459
262,F6KV61_wild,C[S+](CCC(C(=O)[O-])N)CC1C(C(C(O1)N2C=NC3=C(N=CN=C32)N)O)O,0.9169800473203822,-0.4447387456893921,-1.1173803806304932,0.5649442076683044
263,F6KV61_wild,C(C(=O)O)N,3.3654879848909,-0.20495472848415375,0.3743037283420563,-0.046970874071121216
264,F6KV61_wild,CNCC(=O)O,3.4800069429571505,-0.14322267472743988,-0.04853704944252968,0.04279407858848572
265,O87170_wild,C1=C(C=C(OC1=O)C(=O)[O-])C(=O)[O-],-1.3187587626244128,0.9478543996810913,-0.20201633870601654,1.4452991485595703
266,O87170_H31N,C1=C(C=C(OC1=O)C(=O)[O-])C(=O)[O-],-0.1426675035687919,0.7665762901306152,-0.12003351747989655,1.2528929710388184
267,Q9Y2T3_wild,C1=NC2=C(N1)C(=O)NC(=N2)N,-2.0222763947111524,0.7278145551681519,-1.8416374921798706,1.6568186283111572
268,Q07729_wild,C1=NC2=C(N1)C(=O)NC(=N2)N,-1.214670164989233,0.32058125734329224,-1.6209207773208618,1.1736509799957275
269,Q07729_wild,C1(=NC(=NC(=O)N1)N)N,0.414973347970818,0.785256028175354,-0.4575778543949127,0.8771923184394836
270,Q8N3J5_wild,C1=CC(=CC=C1[N+](=O)[O-])OP(=O)(O)O,1.7067177823367587,0.9451726675033569,-0.1586548238992691,0.6039252281188965
271,Q8N3J5_N94K,C1=CC(=CC=C1[N+](=O)[O-])OP(=O)(O)O,1.5998830720736867,0.9269430637359619,-0.1597553789615631,0.5849968194961548
272,A0A0A7I435_wild,C(CC(=O)O)C(=O)C(=O)O,0.25527250510330607,0.44884398579597473,-0.44471433758735657,1.0728423595428467
273,A0A0A7I435_wild,C(CS(=O)(=O)O)N,0.04139268515822508,-0.03007190302014351,0.036398086696863174,0.34534692764282227
274,Q9LY23_K121W,C1(C(C(C(C(C1OP(=O)(O)O)O)OP(=O)(O)O)OP(=O)(O)O)O)O,-1.3010299956639813,0.032385047525167465,-2.1242716312408447,1.8622217178344727
275,Q9LY23_wild,C1(C(C(C(C(C1OP(=O)(O)O)O)OP(=O)(O)O)OP(=O)(O)O)O)O,-1.8356471442155629,0.1299213320016861,-2.1935853958129883,1.919613242149353
276,Q9LY23_wild,C1(C(C(C(C(C1OP(=O)(O)O)OP(=O)(O)O)OP(=O)(O)O)OP(=O)(O)O)O)O,-1.4989407377822486,0.030847754329442978,-2.4769110679626465,2.107030153274536
277,Q9LY23_K121W,C1(C(C(C(C(C1OP(=O)(O)O)OP(=O)(O)O)OP(=O)(O)O)O)OP(=O)(O)O)O,-0.3098039199714864,-0.07194334268569946,-2.4362447261810303,2.0164194107055664
278,Q9LY23_wild,C1(C(C(C(C(C1OP(=O)(O)O)OP(=O)(O)O)OP(=O)(O)O)O)OP(=O)(O)O)O,-1.8096683018297086,0.013577129691839218,-2.5148041248321533,2.0721261501312256
279,Q9LY23_K117W,C1(C(C(C(C(C1OP(=O)(O)O)OP(=O)(O)O)OP(=O)(O)O)OP(=O)(O)O)O)O,-0.595166283380062,-0.14324554800987244,-2.3698837757110596,1.9792556762695312
280,Q9LY23_K117W,C1(C(C(C(C(C1OP(=O)(O)O)OP(=O)(O)O)OP(=O)(O)O)O)OP(=O)(O)O)O,-0.24565166428905766,-0.16204845905303955,-2.392744302749634,1.9617903232574463
281,Q9LY23_K121W,C1(C(C(C(C(C1OP(=O)(O)O)OP(=O)(O)O)OP(=O)(O)O)OP(=O)(O)O)O)O,-0.6655462488490691,-0.054616693407297134,-2.411929130554199,2.0375633239746094
282,A1Z0H6_wild,C=C(C(=O)O)OP(=O)(O)O,-1.0141246426916064,1.0319744348526,-0.5833420753479004,1.364393711090088
283,D3U591_wild,C1C(OC2=CC(=CC(=C2C1=O)O)O)C3=CC(=C(C=C3)O)O,-2.744727494896694,-0.1434091478586197,-1.9902639389038086,1.8564280271530151
284,D3U591_wild,C1C(OC2=CC(=CC(=C2C1=O)O)O)C3=CC=C(C=C3)O,-2.6020599913279625,-0.022374767810106277,-2.1989338397979736,1.8394083976745605
285,D3U591_wild,C1C(OC2=C(C1=O)C=CC(=C2)O)C3=CC=C(C=C3)O,-2.3767507096020997,0.20315766334533691,-1.9496253728866577,1.5327014923095703
286,Q0JFI2_wild,C1C(OC2=CC(=CC(=C2C1=O)O)O)C3=CC(=C(C=C3)O)O,-2.8239087409443187,-0.6714094877243042,-2.2997357845306396,1.3161267042160034
287,Q0JFI2_wild,C1C(OC2=CC(=CC(=C2C1=O)O)O)C3=CC=C(C=C3)O,-2.494850021680094,-0.5483533143997192,-2.520965337753296,1.3244091272354126
288,Q8U194_wild,C1C=CN(C=C1C(=O)N)C2C(C(C(O2)COP(=O)(O)OP(=O)(O)OCC3C(C(C(O3)N4C=NC5=C(N=CN=C54)N)OP(=O)(O)O)O)O)O,-1.958607314841775,1.2790534496307373,-1.653974175453186,3.0450313091278076
289,Q9ALN8_wild,CC1C(=O)C(CC(O1)OP(=O)(O)OP(=O)(O)OCC2C(CC(O2)N3C=C(C(=O)NC3=O)C)O)O,-1.3098039199714864,-0.5943865776062012,-0.9398530721664429,0.41257956624031067
290,O23461_wild,C1=NC(=C2C(=N1)N(C=N2)C3C(C(C(O3)COP(=O)(O)OP(=O)(O)OP(=O)(O)O)O)O)N,-2.3010299956639813,0.8848360776901245,-0.6551292538642883,1.271941900253296
291,O23461_wild,C1C(C(C(C(O1)O)O)O)O,-1.0555173278498313,1.2773640155792236,0.07969078421592712,0.7276545166969299
292,A0A1I9LRU1_wild,C1=NC(=C2C(=N1)N(C=N2)C3C(C(C(O3)COP(=O)(O)OP(=O)(O)OP(=O)(O)O)O)O)N,-2.0,0.6925121545791626,-0.6708759665489197,1.2413501739501953
293,A0A1I9LRU1_wild,C1C(C(C(C(O1)O)O)O)O,-1.1023729087095586,1.1697814464569092,-0.006365541368722916,0.712142288684845
294,Q0PY32_wild,C1=NC2=C(N1C3C(C(C(O3)COP(=O)(O)OP(=O)(O)OP(=O)(O)O)O)O)N=C(NC2=O)N,-0.3010299956639812,0.21432581543922424,-0.9002872705459595,0.594550609588623
295,Q9I3T5_wild,CC(=O)NCCCCCN,-0.33254704711004607,0.855085015296936,-0.07702180743217468,0.7440160512924194
296,Q9I3T5_wild,CC(=O)NCCCCN,-0.2984320149440726,0.7927134037017822,0.05651238188147545,0.6228731870651245
297,Q9I6H0_wild,CC(=O)NCCCCN,-0.38615817812403647,0.699587345123291,-0.14591863751411438,0.621299684047699
298,Q9I6H0_wild,CC(=O)NCCCCCN,-0.5466816599531152,0.7405866980552673,-0.31501322984695435,0.7457178831100464
299,Q6KYX5_wild,C(C1C(C(C(C(O1)OC2C(OC(C(C2O)O)OC3C(OC(C(C3O)O)O)CO)CO)O)O)O)O,0.2787536009528289,0.915709376335144,0.24609753489494324,1.2824748754501343
300,Q6KYX5_wild,C(C1C(C(C(C(O1)OC2C(OC(C(C2O)O)OC3C(OC(C(C3O)O)OC4C(OC(C(C4O)O)O)CO)CO)CO)O)O)O)O,0.9956351945975499,0.8881526589393616,0.09436047077178955,1.3590866327285767
301,Q6KYX5_wild,C(C1C(C(C(C(O1)OC2C(OC(C(C2O)O)O)CO)O)O)O)O,0.6901960800285136,1.0634336471557617,0.6965241432189941,1.1351529359817505
302,Q9H4B4_wild,C1=NC(=C2C(=N1)N(C=N2)C3C(C(C(O3)COP(=O)(O)OP(=O)(O)OP(=O)(O)O)O)O)N,-3.0969100130080562,-0.013098280876874924,-1.6608301401138306,1.055769443511963
303,Q9NYY3_wild,C1=NC(=C2C(=N1)N(C=N2)C3C(C(C(O3)COP(=O)(O)OP(=O)(O)OP(=O)(O)O)O)O)N,-2.6989700043360187,-0.16458149254322052,-1.9371001720428467,0.8661168813705444
304,B6ZGN6_wild,CN1C=NC2=C1C(=O)NC(=O)N2,-1.2291479883578558,-0.9541354775428772,-0.9745569825172424,0.4439210891723633
305,B6ZH68_wild,CN1C=NC2=C1C(=O)NC(=O)N2,-2.1426675035687315,-0.942216157913208,-0.9818681478500366,0.4568721055984497
306,B6ZH70_wild,CN1C=NC2=C1C(=O)NC(=O)N2,-2.0604807473813813,-0.9615989923477173,-0.9751073122024536,0.47730952501296997
307,Q8H0D3_wild,CN1C=NC2=C1C(=O)N(C(=O)N2)C,-1.5114492834995557,-0.6515570878982544,-1.352217674255371,0.8338268995285034
308,Q8H0D3_wild,CN1C=NC2=C1C(=O)NC(=O)N2,-1.1243600629958317,-0.9867427349090576,-1.0852348804473877,0.4720650315284729
309,Q9AVJ9_wild,C[S+](CCC(C(=O)[O-])N)CC1C(C(C(O1)N2C=NC3=C(N=CN=C32)N)O)O,-1.9244530386074692,-1.444035291671753,-1.060112476348877,0.40250393748283386
310,Q9AVJ9_wild,CN1C=NC2=C1C(=O)NC(=O)N2,-1.3010299956639813,-1.1368035078048706,-0.9292572140693665,0.3002912998199463
311,Q9AVJ9_wild,CN1C=NC2=C1C(=O)N(C(=O)N2)C,-0.3391345219961308,-0.8074095249176025,-1.2442152500152588,0.6395488381385803
312,Q84PP7_wild,C[S+](CCC(C(=O)[O-])N)CC1C(C(C(O1)N2C=NC3=C(N=CN=C32)N)O)O,-1.853871964321762,-1.3885270357131958,-1.034915566444397,0.4607638120651245
313,Q84PP7_wild,CN1C=NC2=C1C(=O)NC(=O)N2,-0.6003262785189619,-1.101707935333252,-0.938045084476471,0.37203356623649597
314,Q84PP7_wild,CN1C=NC2=C1C(=O)N(C(=O)N2)C,-0.1319436381769584,-0.7910071611404419,-1.2419179677963257,0.7138445377349854
315,P39641_Y75F,CC(C(=O)O)N,0.23044892137827394,0.3310534358024597,0.4020821452140808,0.8363342881202698
316,P39641_wild,C(CC(=O)N)C(C(=O)O)N,-1.154901959985743,0.07850371301174164,0.5351377725601196,0.46362173557281494
317,P39641_wild,CC(C(=O)O)N,-0.3767507096020995,0.3301897644996643,0.39899420738220215,0.8401960730552673
318,P39641_S184A,CC(C(=O)O)N,0.6627578316815741,0.33709716796875,0.39630597829818726,0.8507282137870789
319,P39641_S184A,C1=CC=C(C=C1)CC(C(=O)O)N,1.2041199826559248,0.44527822732925415,-0.20744360983371735,0.5993231534957886
320,P39641_S184F,C1=CC=C(C=C1)CC(C(=O)O)N,1.5797835966168101,0.36046963930130005,-0.2166852504014969,0.5245950818061829
321,P39641_wild,C1=NC(=C2C(=N1)N(C=N2)C3C(C(C(O3)COP(=O)(O)OP(=O)(O)OP(=O)(O)O)O)O)N,-1.1549019599857433,0.18645723164081573,-0.7656446695327759,1.0131685733795166
322,P39641_wild,C1=CC=C(C=C1)CC(C(=O)O)N,1.6434526764861874,0.4416482150554657,-0.21063727140426636,0.5906485915184021
323,P39641_S184F,CC(C(=O)O)N,0.6901960800285136,0.27712029218673706,0.3774472773075104,0.7919273376464844
324,Q0P8J9_wild,C1=CN(C(=O)N=C1N)C2C(C(C(O2)COP(=O)([O-])OP(=O)(N)[O-])O)O,-0.958607314841775,0.00029632076621055603,-0.8915390968322754,0.9205782413482666
325,Q0P8J9_wild,CP(=O)(O)OP(=O)(O)OCC1C(C(C(O1)N2C=CC(=NC2=O)N)O)O,-0.09691001300805639,0.15026132762432098,-1.001440405845642,0.9429159164428711
326,Q0P8J9_wild,C1=NC(=C2C(=N1)N(C=N2)C3C(C(C(O3)COP(=O)(O)OP(=O)(O)OP(=O)(O)O)O)O)N,0.17609125905568124,0.06045922264456749,-0.7831332087516785,0.9331668019294739
327,Q0P8J9_S85A,C1=NC(=C2C(=N1)N(C=N2)C3C(C(C(O3)COP(=O)(O)OP(=O)(O)OP(=O)(O)O)O)O)N,-0.15490195998574322,0.04639258608222008,-0.7871209979057312,0.9139809608459473
328,Q0P8J9_S85A,C1=CN(C(=O)N=C1N)C2C(C(C(O2)COP(=O)([O-])OP(=O)(N)[O-])O)O,0.6434526764861874,-0.014139477163553238,-0.8888216018676758,0.9101343154907227
329,Q9LA16_wild,[O-]S(=O)[O-],0.5301996982030821,2.4130337238311768,-1.0060330629348755,2.2898690700531006
330,I3PLR3_wild,C1=CC(=C[N+](=C1)C2C(C(C(O2)COP(=O)([O-])OP(=O)(O)OCC3C(C(C(O3)N4C=NC5=C(N=CN=C54)N)O)O)O)O)C(=O)N,-1.4801720062242814,0.36357730627059937,-0.6747474670410156,1.0804390907287598
331,I3PLR3_wild,CN1CCC2=CC3=C(C(=C2C1C4C5=C(C(O4)O)C(=C(C=C5)OC)OC)OC)OCO3,-0.5718652059712112,-0.7523359656333923,-1.6037323474884033,1.2340034246444702
332,I3PLR3_wild,C1=CC(=C[N+](=C1)C2C(C(C(O2)COP(=O)(O)OP(=O)(O)OCC3C(C(C(O3)N4C=NC5=C(N=CN=C54)N)OP(=O)(O)O)O)O)O)C(=O)N,0.09656243837413547,0.12452051043510437,-0.9897342324256897,1.1735649108886719
333,Q9YE01_wild,C(C1C(C(C(C(O1)O)O)O)O)OP(=O)(O)O,0.04139268515822508,0.4422948658466339,0.2743767201900482,0.9504076242446899
334,Q9YE01_wild,C(C(C(C(C(C=O)O)O)O)O)OP(=O)(O)O,0.5440680443502757,0.41456863284111023,0.1773134022951126,0.8617666363716125
335,Q9AGZ4_wild,C1C(C(C(C(O1)O)O)O)O,2.041392685158225,3.066497325897217,0.6480868458747864,1.6328952312469482
336,Q9AGZ4_wild,C(C(C(C(C(C=O)O)O)O)O)O,2.494154594018443,2.523925304412842,1.0305402278900146,1.3021209239959717
337,Q9AGZ4_wild,C(C(C(C(C=O)O)O)O)O,2.999130541287371,2.6335256099700928,0.9465174078941345,1.4151780605316162
338,Q9AGZ4_wild,C(C1C(C(C(C(O1)O)O)O)O)O,2.6711728427150834,2.929391860961914,0.6596724987030029,1.4483915567398071
339,Q5SIM4_E132A/E67A,C(C1C(C(C(C(O1)O)O)O)O)OP(=O)(O)O,-0.7447274948969352,1.4410314559936523,-0.84763103723526,1.1048215627670288
340,Q5SIM4_wild,C(C1C(C(C(C(O1)O)O)O)O)OP(=O)(O)O,-0.6777807052660807,1.8736793994903564,-0.9078003168106079,1.531840443611145
341,Q5SIM4_H50A,C(C1C(C(C(C(O1)O)O)O)O)OP(=O)(O)O,-0.4814860601221125,1.7303557395935059,-0.8352629542350769,1.2900123596191406
342,Q5SIM4_H122A,C(C1C(C(C(C(O1)O)O)O)O)OP(=O)(O)O,-0.5686362358410126,1.5279412269592285,-0.8235058188438416,1.1374800205230713
343,Q5SIM4_W13A,C(C1C(C(C(C(O1)O)O)O)O)OP(=O)(O)O,-0.07058107428570727,2.0796306133270264,-0.9197485446929932,1.7155110836029053
344,Q5SIM4_Q48A,C(C1C(C(C(C(O1)O)O)O)O)OP(=O)(O)O,-0.27572413039921095,1.7733023166656494,-0.8749391436576843,1.398972749710083
345,Q5SIM4_R142A,C(C1C(C(C(C(O1)O)O)O)O)OP(=O)(O)O,0.11058971029924891,1.7877445220947266,-0.8503473401069641,1.4051281213760376
346,A4ITT1_W17Q/N90A/L129F,C(C1C(C(C(C(O1)O)O)O)O)OP(=O)(O)O,2.0,2.762821912765503,0.044155415147542953,1.4899866580963135
347,A4ITT1_wild,C(C1C(C(C(C(O1)O)O)O)O)OP(=O)(O)O,2.173186268412274,2.875962734222412,0.013652551919221878,1.6874325275421143
348,A4ITT1_L129F,C(C1C(C(C(C(O1)O)O)O)O)OP(=O)(O)O,2.385606273598312,2.8629672527313232,0.020318713039159775,1.682393193244934
349,P07650_wild,CC1=CN(C(=O)NC1=O)C2CC(C(O2)CO)O,-0.5228787452803376,0.5681926012039185,-0.6727298498153687,1.0531296730041504
350,P07650_wild,CC1C(CC(O1)N2C=C(C(=O)NC2=O)C)O,-0.3979400086720376,0.7402315735816956,-1.275894284248352,1.1499311923980713
351,P07650_wild,CC1=CN(C(=O)NC1=O)C2CC(C(O2)CO)N,-0.3979400086720376,0.6321757435798645,-0.6802469491958618,1.1049222946166992
352,P07650_wild,CC1=CN(C(=O)NC1=O)C2CC(C(O2)CN)O,-0.3979400086720376,0.6554746627807617,-0.7037512063980103,1.1324735879898071
353,P07650_wild,CC1=CN(C(=O)NC1=S)C2CC(C(O2)CO)O,-0.5528419686577808,0.48296284675598145,-1.057187795639038,1.0686954259872437
354,P07650_wild,CC1=CN(C(=O)NC1=O)C2C=CC(O2)CO,-0.45593195564972444,0.5278044939041138,-0.9563770294189453,1.124537467956543
355,Q6NZX3_wild,CC1=CN(C(=O)NC1=O)C2CC(C(O2)COP(=O)(O)O)O,-2.0969100130080562,1.619727611541748,-2.1995506286621094,2.8856735229492188
356,Q6NZX3_wild,C1=CN(C(=O)NC1=O)C2C(C(C(O2)COP(=O)(O)O)O)O,-1.5003129173815961,2.1747546195983887,-1.9109092950820923,2.9354119300842285
357,Q6NZX3_wild,C1=NC(=C2C(=N1)N(C=N2)C3C(C(C(O3)COP(=O)(O)O)O)O)N,-2.42021640338319,2.0763661861419678,-2.3440911769866943,3.255394458770752
358,Q6NZX3_wild,C1=NC2=C(C(=O)N1)N=CN2C3C(C(C(O3)COP(=O)(O)O)O)O,-2.1487416512809245,2.007580280303955,-1.9041041135787964,3.1989710330963135
359,Q6NZX3_wild,C1C(C(OC1N2C=NC3=C(N=CN=C32)N)COP(=O)(O)O)O,-0.9430951486635274,1.6739137172698975,-1.698180079460144,2.7681593894958496
360,Q6NZX3_wild,C1=NC2=C(N1C3C(C(C(O3)COP(=O)(O)O)O)O)N=C(NC2=O)N,-2.1870866433571443,2.05189847946167,-1.9423096179962158,3.1471965312957764
361,Q6NZX3_wild,C1=CN(C(=O)N=C1N)C2C(C(C(O2)COP(=O)(O)O)O)O,-1.2487208960166578,2.0157856941223145,-1.8858109712600708,2.8976643085479736
362,Q8MQS9_wild,C1=NC(=C2C(=N1)N(C=N2)C3C(C(C(O3)COP(=O)(O)O)O)O)N,-0.790484985457369,1.2094063758850098,-2.2657883167266846,2.091770887374878
363,A8YGS2_wild,C1=CC(=C[N+](=C1)C2C(C(C(O2)COP(=O)(O)OP(=O)(O)OCC3C(C(C(O3)N4C=NC5=C(N=CN=C54)N)OP(=O)(O)O)O)O)O)C(=O)N,-1.0985416786038877,0.16968181729316711,-0.5374811291694641,1.361969232559204
364,O29610_wild,C1=CC(=C[N+](=C1)C2C(C(C(O2)COP(=O)(O)OP(=O)(O)OCC3C(C(C(O3)N4C=NC5=C(N=CN=C54)N)OP(=O)(O)O)O)O)O)C(=O)N,-1.7825160557860937,1.0658650398254395,-0.43596702814102173,2.1358394622802734
365,Q1GZD1_wild,C(C(C(C(=O)O)O)C(=O)O)C(=O)O,-2.0969100130080562,0.5772716403007507,-0.9745762348175049,1.4922430515289307
366,Q1GZD1_wild,C1=CC(=C[N+](=C1)C2C(C(C(O2)COP(=O)(O)OP(=O)(O)OCC3C(C(C(O3)N4C=NC5=C(N=CN=C54)N)OP(=O)(O)O)O)O)O)C(=O)N,-0.7351821769904636,0.5049256086349487,-0.6791925430297852,1.574209451675415
367,P08200_R153C,C1=CC(=C[N+](=C1)C2C(C(C(O2)COP(=O)(O)OP(=O)(O)OCC3C(C(C(O3)N4C=NC5=C(N=CN=C54)N)OP(=O)(O)O)O)O)O)C(=O)N,-1.75448733218585,-0.04166253283619881,-0.7471927404403687,1.0071349143981934
368,P08200_R153C,C(CC(=O)O)C(=O)C(=O)O,0.3424226808222063,-0.21206912398338318,-0.49953776597976685,0.44929900765419006
369,P08200_R153H,C(CC(=O)O)C(=O)C(=O)O,0.5185139398778875,-0.2093961387872696,-0.4944383203983307,0.4573686122894287
370,P08200_R153C,C1C=CN(C=C1C(=O)N)C2C(C(C(O2)COP(=O)(O)OP(=O)(O)OCC3C(C(C(O3)N4C=NC5=C(N=CN=C54)N)OP(=O)(O)O)O)O)O,-3.1426675035687315,0.16725459694862366,-1.5561944246292114,1.707789421081543
371,P08200_wild,C1=CC(=C[N+](=C1)C2C(C(C(O2)COP(=O)(O)OP(=O)(O)OCC3C(C(C(O3)N4C=NC5=C(N=CN=C54)N)OP(=O)(O)O)O)O)O)C(=O)N,-1.958607314841775,0.13552626967430115,-0.8097008466720581,1.2316787242889404
372,P08200_R153H,C1C=CN(C=C1C(=O)N)C2C(C(C(O2)COP(=O)(O)OP(=O)(O)OCC3C(C(C(O3)N4C=NC5=C(N=CN=C54)N)OP(=O)(O)O)O)O)O,-3.1487416512809245,0.16250832378864288,-1.559985637664795,1.7099772691726685
373,P08200_wild,C(C(C(C(=O)O)O)C(=O)O)C(=O)O,-2.309803919971486,0.11214388906955719,-0.9732564687728882,1.1930209398269653
374,P08200_R153C,C(C(C(C(=O)O)O)C(=O)O)C(=O)O,-1.4975728800155672,-0.02914104238152504,-0.910922110080719,0.9899863600730896
375,P08200_R153H,C(C(C(C(=O)O)O)C(=O)O)C(=O)O,-1.6635402661514704,-0.025494921952486038,-0.901817798614502,0.9973182678222656
376,O29610_wild,C1=CC(=C[N+](=C1)C2C(C(C(O2)COP(=O)([O-])OP(=O)(O)OCC3C(C(C(O3)N4C=NC5=C(N=CN=C54)N)O)O)O)O)C(=O)N,0.7323937598229685,1.1276655197143555,0.04847150668501854,1.8469809293746948
377,O29610_wild,C(C(C(C(=O)O)O)C(=O)O)C(=O)O,-0.4788619162959637,1.1921571493148804,-0.7317153215408325,2.3040802478790283
378,P32397_V311M,CC1=C2CC3=C(C(=C(N3)CC4=C(C(=C(N4)CC5=C(C(=C(N5)CC(=C1CCC(=O)O)N2)CCC(=O)O)C)C=C)C)C=C)C,-2.494850021680094,-1.7435598373413086,-2.434581995010376,1.3741116523742676
379,P32397_wild,CC1=C2CC3=C(C(=C(N3)CC4=C(C(=C(N4)CC5=C(C(=C(N5)CC(=C1CCC(=O)O)N2)CCC(=O)O)C)C=C)C)C=C)C,-3.0,-1.748230218887329,-2.4351556301116943,1.3659989833831787
380,P32397_Y366A,CC1=C2CC3=C(C(=C(N3)CC4=C(C(=C(N4)CC5=C(C(=C(N5)CC(=C1CCC(=O)O)N2)CCC(=O)O)C)C=C)C)C=C)C,-2.9706162223147903,-1.7830625772476196,-2.4092938899993896,1.2905936241149902
381,P32397_Y366E,CC1=C2CC3=C(C(=C(N3)CC4=C(C(=C(N4)CC5=C(C(=C(N5)CC(=C1CCC(=O)O)N2)CCC(=O)O)C)C=C)C)C=C)C,-2.630784142589857,-1.8576686382293701,-2.3837411403656006,1.1843421459197998
382,P32397_Y366H,CC1=C2CC3=C(C(=C(N3)CC4=C(C(=C(N4)CC5=C(C(=C(N5)CC(=C1CCC(=O)O)N2)CCC(=O)O)C)C=C)C)C=C)C,-2.450996737974212,-1.7989637851715088,-2.4129152297973633,1.2866450548171997
383,P17770_Y348F,C1=CC=C2C(=C1)C(=CN2)CC(C(=O)O)N,-1.0222763947111522,0.031178150326013565,-0.2975272536277771,0.5460927486419678
384,Q88JU5_wild,C1=CC(=C(C=C1CC(C(=O)O)N)O)O,-1.0362121726544449,0.00919395312666893,-0.19262248277664185,0.8990943431854248
385,Q8H6N2_wild,C1=CC=C(C(=C1)C(=O)O)O,-1.080921907623926,-1.1819815635681152,-1.275133490562439,0.18967145681381226
386,Q8H6N2_wild,C[S+](CCC(C(=O)[O-])N)CC1C(C(C(O1)N2C=NC3=C(N=CN=C32)N)O)O,-2.5228787452803374,-0.9799411296844482,-1.0958718061447144,0.5268009305000305
387,Q2YIQ1_wild,C(C(C(CO)O)O)O,-0.5850266520291821,1.1472136974334717,0.5672307014465332,0.938848078250885
388,Q2YIQ1_wild,C1=NC(=C2C(=N1)N(C=N2)C3C(C(C(O3)COP(=O)(O)OP(=O)(O)OP(=O)(O)O)O)O)N,0.9912260756924949,1.1668651103973389,-0.4709084928035736,1.6360805034637451
389,Q9UF12_wild,C1C(CNC1C(=O)O)O,2.3010299956639813,0.11459478735923767,0.31928929686546326,-0.5897988677024841
390,Q9UF12_wild,CC1=C(C(=O)C(=C(C1=O)C)C)C,-0.8446639625352419,-0.03063702955842018,-1.038108468055725,0.5123260617256165
391,Q9UF12_wild,CC1=C(C(=O)C(=C(C1=O)OC)OC)CC=C(C)C,-0.906578314837765,0.18589571118354797,-1.646379828453064,1.073778748512268
392,Q5FB34_wild,C1C=CN(C=C1C(=O)N)C2C(C(C(O2)COP(=O)(O)OP(=O)(O)OCC3C(C(C(O3)N4C=NC5=C(N=CN=C54)N)OP(=O)(O)O)O)O)O,-2.642065152999546,0.15214362740516663,-1.8831483125686646,1.8339996337890625
393,Q5FB34_wild,C1=CC(=C(C=C1C2=[O+]C3=CC(=CC(=C3C=C2O)O)O)O)O,-2.6020599913279625,-0.0625632256269455,-1.462267518043518,1.5754783153533936
394,P05177_wild,CC1=C(C=CC(=C1)OP(=S)(OC)OC)SC,-2.7958800173440754,-0.26482823491096497,-1.9077945947647095,0.4763858914375305
395,Q8W2X5_wild,C1C(OC2=CC(=CC(=C2C1=O)O)O)C3=CC(=C(C=C3)O)O,-2.2441251443275085,-0.6989073753356934,-1.701216459274292,1.1243149042129517
396,O75390_wild,C(C(=O)C(=O)O)C(=O)O,-2.4436974992327127,1.6305010318756104,-1.9486846923828125,2.3074288368225098
397,O75390_A348G/G348G,C(C(=O)C(=O)O)C(=O)O,-2.2441251443275085,1.6155835390090942,-1.9386082887649536,2.2865309715270996
398,O75390_wild,CC(=O)SCCNC(=O)CCNC(=O)C(C(C)(C)COP(=O)(O)OP(=O)(O)OCC1C(C(C(O1)N2C=NC3=C(N=CN=C32)N)O)OP(=O)(O)O)O,-2.113509274827518,1.4497277736663818,-1.539197564125061,2.346505880355835
399,O75390_A348G/G348G,CC(=O)SCCNC(=O)CCNC(=O)C(C(C)(C)COP(=O)(O)OP(=O)(O)OCC1C(C(C(O1)N2C=NC3=C(N=CN=C32)N)O)OP(=O)(O)O)O,-1.9829666607012197,1.4289753437042236,-1.5385512113571167,2.317917823791504
400,Q12723_wild,CC(C(C)O)[N+](=O)[O-],0.6232492903979004,0.13992609083652496,-0.04086080566048622,0.6091351509094238
401,Q12723_wild,CC[N+](=O)[O-],1.3856062735983121,0.5985510945320129,0.657302975654602,0.7183077335357666
402,Q12723_wild,CC(C)[N+](=O)[O-],0.20682587603184974,-0.20424625277519226,0.3589208126068115,0.485056608915329
403,Q12723_wild,CCC(C(C)O)[N+](=O)[O-],0.017033339298780276,-0.0020380057394504547,-0.2826462984085083,0.6202253103256226
404,Q12723_wild,CCC[N+](=O)[O-],1.4082399653118496,0.17415234446525574,0.39015939831733704,0.6714315414428711
405,P61431_S226A,C1C=CN(C=C1C(=O)N)C2C(C(C(O2)COP(=O)(O)OP(=O)(O)OCC3C(C(C(O3)N4C=NC5=C(N=CN=C54)N)OP(=O)(O)O)O)O)O,-2.4814860601221125,0.8492833375930786,-1.4227629899978638,2.9592294692993164
406,P61431_N71A,C1C=CN(C=C1C(=O)N)C2C(C(C(O2)COP(=O)(O)OP(=O)(O)OCC3C(C(C(O3)N4C=NC5=C(N=CN=C54)N)OP(=O)(O)O)O)O)O,-2.0969100130080562,0.8724006414413452,-1.4994312524795532,3.0634169578552246
407,P61431_wild,C1C=CN(C=C1C(=O)N)C2C(C(C(O2)COP(=O)(O)OP(=O)(O)OCC3C(C(C(O3)N4C=NC5=C(N=CN=C54)N)OP(=O)(O)O)O)O)O,-1.4202164033831899,0.9866859912872314,-1.507592797279358,3.1825151443481445
408,P61431_R176A,C1C=CN(C=C1C(=O)N)C2C(C(C(O2)COP(=O)(O)OP(=O)(O)OCC3C(C(C(O3)N4C=NC5=C(N=CN=C54)N)OP(=O)(O)O)O)O)O,-1.6382721639824072,0.7334921956062317,-1.4183377027511597,2.802781343460083
409,P61431_E296A,C1C=CN(C=C1C(=O)N)C2C(C(C(O2)COP(=O)(O)OP(=O)(O)OCC3C(C(C(O3)N4C=NC5=C(N=CN=C54)N)OP(=O)(O)O)O)O)O,-1.853871964321762,0.7695406079292297,-1.3826824426651,2.837787628173828
410,P61431_H259A,C1C=CN(C=C1C(=O)N)C2C(C(C(O2)COP(=O)(O)OP(=O)(O)OCC3C(C(C(O3)N4C=NC5=C(N=CN=C54)N)OP(=O)(O)O)O)O)O,-1.619788758288394,0.8975096940994263,-1.4259158372879028,2.9643545150756836
411,P61431_R213A,C1C=CN(C=C1C(=O)N)C2C(C(C(O2)COP(=O)(O)OP(=O)(O)OCC3C(C(C(O3)N4C=NC5=C(N=CN=C54)N)OP(=O)(O)O)O)O)O,-1.4436974992327127,0.654403567314148,-1.3361142873764038,2.621307849884033
412,P61431_Y175F,C1C=CN(C=C1C(=O)N)C2C(C(C(O2)COP(=O)(O)OP(=O)(O)OCC3C(C(C(O3)N4C=NC5=C(N=CN=C54)N)OP(=O)(O)O)O)O)O,-2.0222763947111524,0.9361464381217957,-1.4752880334854126,3.1031768321990967
413,Q5W283_wild,CC(=CCCC(=CCCC(=CCOP(=O)(O)OP(=O)(O)O)C)C)C,-2.721246399047171,-1.4582359790802002,-2.4307568073272705,0.8661383390426636
414,Q96Y14_wild,C1=NC(=C2C(=N1)N(C=N2)C3C(C(C(O3)COP(=O)(O)OP(=O)(O)OP(=O)(O)O)O)O)N,-0.9208187539523751,1.4389188289642334,-0.19508448243141174,1.8413652181625366
415,Q96Y14_wild,C(C1C(C(C(C(O1)O)N)O)O)O,-0.6382721639824072,1.5074450969696045,0.19707514345645905,1.5918896198272705
416,Q96Y14_wild,CC(=O)NC1C(C(C(OC1O)CO)O)O,-0.494850021680094,1.6882045269012451,0.13940438628196716,1.7886980772018433
417,Q96Y14_wild,C(C=O)C(C(C(CO)O)O)O,-0.3565473235138126,1.595759391784668,0.2596898078918457,1.7263729572296143
418,Q96Y14_wild,C1=CN(C(=O)N=C1N)C2C(C(C(O2)COP(=O)(O)OP(=O)(O)OP(=O)(O)O)O)O,-0.28399665636520094,1.5938844680786133,0.05553459748625755,1.8502068519592285
419,Q96Y14_wild,C1C(C(C(C(O1)(CO)O)O)O)O,1.4771212547196624,1.8701502084732056,0.6894301176071167,1.7429978847503662
420,Q5CWT5_wild,C(C1C(C(C(C(O1)O)O)O)O)O,-0.9625735020593763,1.3858708143234253,-0.7292497158050537,1.341723918914795
421,Q5CWT5_wild,C1=NC(=C2C(=N1)N(C=N2)C3C(C(C(O3)COP(=O)(O)OP(=O)(O)OP(=O)(O)O)O)O)N,-0.17198493577602314,1.1705816984176636,-0.7207433581352234,1.5079305171966553
422,Q5CWT5_wild,C1C(C(C(C(O1)(CO)O)O)O)O,0.8122446968003693,1.320574164390564,0.4016849100589752,0.6990523934364319
423,Q8ST54_wild,C(C1C(C(C(C(O1)O)O)O)O)O,-1.5228787452803376,1.8437607288360596,-0.5698688626289368,2.3677377700805664
424,Q95PL2_wild,C1=NC(=C2C(=N1)N(C=N2)C3C(C(C(O3)COP(=O)(O)OP(=O)(O)OP(=O)(O)O)O)O)N,-0.5528419686577808,1.4681777954101562,-0.20425981283187866,2.32210636138916
425,Q96Y14_wild,C(C1C(C(C(C(O1)O)O)O)O)O,-1.3010299956639813,1.8312746286392212,0.16036109626293182,1.9629945755004883
426,Q95PL2_wild,C(C1C(C(C(C(O1)O)O)O)O)O,-2.0457574905606752,1.5768232345581055,-0.6764670610427856,2.082733392715454
427,Q95PL2_wild,C1C(C(C(C(O1)(CO)O)O)O)O,-1.4559319556497243,1.485906958580017,0.47131267189979553,1.5237438678741455
428,P50162_wild,CN1C2CCC1CC(C2)O,-0.46852108295774486,0.22352775931358337,-0.6289482712745667,0.5368780493736267
429,P50162_wild,CN1C2CCC1CC(=O)C2,-0.9318141382538384,0.30460724234580994,-0.28797677159309387,0.6748031377792358
430,L7QI79_wild,C1=CC(=C[N+](=C1)C2C(C(C(O2)COP(=O)(O)OP(=O)(O)OCC3C(C(C(O3)N4C=NC5=C(N=CN=C54)N)OP(=O)(O)O)O)O)O)C(=O)N,-0.6819366650372385,0.43637076020240784,-0.9474284052848816,1.4795972108840942
431,L7QI79_wild,C1C=CN(C=C1C(=O)N)C2C(C(C(O2)COP(=O)(O)OP(=O)(O)OCC3C(C(C(O3)N4C=NC5=C(N=CN=C54)N)OP(=O)(O)O)O)O)O,-0.8961962790440431,0.6052255034446716,-1.454037070274353,1.9162572622299194
432,L7QI79_wild,CN1C2CCC1CC(=O)C2,0.16166741243773589,0.23831933736801147,-0.08078691363334656,0.511711835861206
433,L7QI79_wild,CN1C2CCC1CC(C2)O,1.420120848085703,0.1326017826795578,-0.47424718737602234,0.39092692732810974
434,U5PUZ1_wild,CC1CCCC(=O)C1,0.3242824552976926,0.22072386741638184,-0.26866158843040466,0.5180742740631104
435,U5PUZ1_wild,CN1C2CCC1CC(=O)C2,0.10380372095595687,0.3472394347190857,-0.16438180208206177,0.6590763330459595
436,U5PUZ1_wild,C1C=CN(C=C1C(=O)N)C2C(C(C(O2)COP(=O)(O)OP(=O)(O)OCC3C(C(C(O3)N4C=NC5=C(N=CN=C54)N)OP(=O)(O)O)O)O)O,-3.3665315444204134,0.73688805103302,-1.609043002128601,2.099074125289917
437,U5PUZ1_wild,C1=CC(=C[N+](=C1)C2C(C(C(O2)COP(=O)(O)OP(=O)(O)OCC3C(C(C(O3)N4C=NC5=C(N=CN=C54)N)OP(=O)(O)O)O)O)O)C(=O)N,-1.016824927962187,0.5946059226989746,-1.1015959978103638,1.6533267498016357
438,U5PUZ1_wild,CN1CCCCC1,0.24054924828259971,0.37322452664375305,0.10305775701999664,0.27744060754776
439,U5PUZ1_wild,CN1C2CCC1CC(C2)O,2.060320028688285,0.25828611850738525,-0.5295852422714233,0.5141363143920898
440,A0A088MI02_wild,CN1C2CCC1CC(C2)O,-0.25181197299379965,0.26734089851379395,-0.5331794023513794,0.5755898356437683
441,A0A088MI02_wild,CC1CCC(=O)CC1,-0.3372421683184259,0.4766753315925598,-0.6022881269454956,0.9073262214660645
442,A0A088MI02_wild,CN1C2CCC1CC(=O)C2,0.42324587393680785,0.3582931160926819,-0.17673736810684204,0.6594141125679016
443,A0A088MI02_wild,C1CN2CCC1C(=O)C2,0.7134905430939426,0.05975359305739403,-0.6576740741729736,0.7112749814987183
444,H9BQR7_wild,C1CN2CCC1C(=O)C2,-0.7772835288524168,-0.3474244475364685,-0.4704945385456085,0.2780834436416626
445,H9BQR7_wild,CN1C2CCC1CC(=O)C2,0.7489628612561614,0.09327669441699982,-0.04456150159239769,0.13260111212730408
446,H9BQR7_wild,CC1CCC(=O)CC1,0.9400181550076633,0.19027072191238403,-0.5199621319770813,0.35749977827072144
447,R4QQK2_wild,CN1C2CCC1CC(=O)C2,1.6117233080073419,0.3501116931438446,-0.1587253361940384,0.6071416139602661
448,A0A6B7HCZ2_wild,CN1C2CCC1CC(=O)C2,-0.28399665636520094,0.40080201625823975,-0.14494028687477112,0.652576208114624
449,A0A482P6A8_wild,CN1C2CCC1CC(=O)C2,-0.6777807052660807,0.370911180973053,-0.20408335328102112,0.70632404088974
450,A0A482P6A8_wild,CN1C2CCC1CC(C2)O,-0.7258421507363202,0.2701985836029053,-0.5639083981513977,0.6134164333343506
451,Q6QQP7_wild,C1C=CN(C=C1C(=O)N)C2C(C(C(O2)COP(=O)(O)OP(=O)(O)OCC3C(C(C(O3)N4C=NC5=C(N=CN=C54)N)OP(=O)(O)O)O)O)O,-1.3798639450262427,1.1653163433074951,-1.559095025062561,2.376990795135498
452,C5MR71_wild,C1=CC(=C(C=C1C2=C(C(=O)C3=C(C=C(C=C3O2)O)O)O)O)O,-1.1739251972991736,0.22195634245872498,-1.526760458946228,2.069275379180908
453,C5MR71_wild,C1=C(C=C(C(=C1O)O)O)C2=C(C(=O)C3=C(C=C(C=C3O2)O)O)O,-1.4814860601221125,0.22729825973510742,-1.1958167552947998,1.7315316200256348
454,C5MR71_wild,C1=CN(C(=O)NC1=O)C2C(C(C(O2)COP(=O)(O)OP(=O)(O)OC3C(C(C(C(O3)CO)O)O)O)O)O,-0.17457388223217687,0.09770438075065613,-0.48419031500816345,1.006632685661316
455,A6N928_wild,C1=CN(C(=O)NC1=O)C2C(C(C(O2)COP(=O)(O)OP(=O)(O)OC3C(C(C(C(O3)CO)O)O)O)O)O,-0.03905380426616857,0.15568287670612335,-0.6199935674667358,1.0480070114135742
456,A6N928_wild,C1=CC(=C(C=C1C2=[O+]C3=CC(=CC(=C3C=C2O)O)O)O)O,-2.319664486585437,-0.31485405564308167,-1.173684000968933,1.446162223815918
457,A6N928_wild,C1=CC(=C(C=C1C2=C(C(=O)C3=C(C=C(C=C3O2)O)O)O)O)O,-2.6655462488490693,0.21482855081558228,-1.5416420698165894,2.0171704292297363
458,D3Y5N8_wild,C1=CC(=CC=C1C2=C(C(=O)C3=C(C=C(C=C3O2)O)O)O)O,-0.7594507517174003,0.4142850935459137,-1.6588243246078491,2.164598226547241
459,A0A109P632_wild,C1=CC(=C(C=C1C2=C(C(=O)C3=C(C=C(C=C3O2)O)O)O)O)O,-1.9244530386074692,0.5022910833358765,-1.4085437059402466,2.1384925842285156
460,A0A109P632_wild,C1=CC(=CC=C1C2=C(C(=O)C3=C(C=C(C=C3O2)O)O)O)O,-1.5100415205751654,0.5107898712158203,-1.6138144731521606,2.232964277267456
461,A0A109P632_wild,C1=CN(C(=O)NC1=O)C2C(C(C(O2)COP(=O)(O)OP(=O)(O)OC3C(C(C(C(O3)CO)O)O)O)O)O,-1.85078088734462,0.5194262862205505,-0.34557563066482544,1.223099708557129
462,A0A109P632_wild,C1=C(C=C(C(=C1O)O)O)C2=C(C(=O)C3=C(C=C(C=C3O2)O)O)O,-1.623423042943488,0.448068767786026,-1.0520914793014526,1.853811264038086
463,Q70G56_wild,C(C1C(C(C(C(O1)O)O)O)O)O,2.0791812460476247,0.8427876234054565,1.5199488401412964,0.11324089765548706
464,K7SW59_wild,C(C1C(C(C(C(O1)O)O)O)O)O,2.0863598306747484,0.7288237810134888,1.51587975025177,0.032905399799346924
465,Q29551_C28S,CC(=O)CC(=O)[O-],-1.3010299956639813,1.266124963760376,-0.5282982587814331,1.8164637088775635
466,Q29551_C28A,CC(=O)CC(=O)SCCNC(=O)CCNC(=O)C(C(C)(C)COP(=O)(O)OP(=O)(O)OCC1C(C(C(O1)N2C=NC3=C(N=CN=C32)N)O)OP(=O)(O)O)O,-1.2218487496163564,1.1892197132110596,-1.7563899755477905,3.1103274822235107
467,Q29551_C28S,CC(=O)CC(=O)SCCNC(=O)CCNC(=O)C(C(C)(C)COP(=O)(O)OP(=O)(O)OCC1C(C(C(O1)N2C=NC3=C(N=CN=C32)N)O)OP(=O)(O)O)O,-1.0,1.1986842155456543,-1.758526086807251,3.117936611175537
468,Q29551_wild,CC(=O)CC(=O)[O-],-1.0,1.2448937892913818,-0.5366895198822021,1.806454062461853
469,Q29551_C28S,CC(C)(COP(=O)(O)OP(=O)(O)OCC1C(C(C(O1)N2C=NC3=C(N=CN=C32)N)O)OP(=O)(O)O)C(C(=O)NCCC(=O)NCCSC(=O)CCC(=O)O)O,0.23044892137827394,1.2882503271102905,-1.9451731443405151,3.164919376373291
470,Q29551_wild,CC(=O)CC(=O)SCCNC(=O)CCNC(=O)C(C(C)(C)COP(=O)(O)OP(=O)(O)OCC1C(C(C(O1)N2C=NC3=C(N=CN=C32)N)O)OP(=O)(O)O)O,-0.6989700043360187,1.1685822010040283,-1.7636469602584839,3.1044743061065674
471,Q29551_C28A,CC(C)(COP(=O)(O)OP(=O)(O)OCC1C(C(C(O1)N2C=NC3=C(N=CN=C32)N)O)OP(=O)(O)O)C(C(=O)NCCC(=O)NCCSC(=O)CCC(=O)O)O,0.9030899869919435,1.2792079448699951,-1.9412091970443726,3.161940097808838
472,Q29551_wild,C(CC(=O)[O-])C(=O)[O-],1.3010299956639813,1.0595993995666504,-0.6208581924438477,2.186022996902466
473,Q29551_C28A,C(CC(=O)[O-])C(=O)[O-],1.1139433523068367,1.073703408241272,-0.6185358762741089,2.192321538925171
474,Q29551_wild,CC(C)(COP(=O)(O)OP(=O)(O)OCC1C(C(C(O1)N2C=NC3=C(N=CN=C32)N)O)OP(=O)(O)O)C(C(=O)NCCC(=O)NCCSC(=O)CCC(=O)O)O,0.8129133566428556,1.2586309909820557,-1.9499715566635132,3.157806873321533
475,Q29551_C28S,C(CC(=O)[O-])C(=O)[O-],1.5910646070264993,1.0761257410049438,-0.6170912981033325,2.193016767501831
476,P0DW93_wild,CC1C(C(C(C(O1)OC2C(C(C(OC2OC3C(C(OC(C3O)CO)OC4C(C(OC(C4O)OC(C(CO)O)C(C(C=O)O)O)CO)O)NC(=O)C)CO)O)O)O)O)O,1.1643528557844371,1.968123197555542,-0.21115732192993164,1.7980742454528809
477,P0DW93_wild,CC(=O)NC1C(C(C(OC1OC2C(C(OC(C2O)OC3C(OC(C(C3O)O)O)CO)CO)O)CO)O)OC4C(C(C(C(O4)CO)O)O)O,-0.3968556273798177,2.094529867172241,-0.37563976645469666,2.024793863296509
478,A0P951_wild,NN,-2.2596373105057563,1.9570893049240112,-0.9990451335906982,1.587990641593933
479,Q9BYF1_wild,CCC(C)C(C(=O)NC(CC1=CN=CN1)C(=O)N2CCCC2C(=O)NC(CC3=CC=CC=C3)C(=O)O)NC(=O)C(CC4=CC=C(C=C4)O)NC(=O)C(C(C)C)NC(=O)C(CCCN=C(N)N)NC(=O)C(CC(=O)O)N,-2.6989700043360187,0.9608676433563232,-1.2920640707015991,2.2583701610565186
480,Q9BYF1_R514Q,CCC(C)C(C(=O)NC(CC1=CN=CN1)C(=O)N2CCCC2C(=O)NC(CC3=CC=CC=C3)C(=O)O)NC(=O)C(CC4=CC=C(C=C4)O)NC(=O)C(C(C)C)NC(=O)C(CCCN=C(N)N)NC(=O)C(CC(=O)O)N,-1.275724130399211,0.9478437900543213,-1.2975999116897583,2.2575318813323975
481,Q9BYF1_wild,CCC(C)C(C(=O)NC(CC1=CN=CN1)C(=O)N2CCCC2C(=O)NC(CC3=CC=CC=C3)C(=O)NC(CC4=CN=CN4)C(=O)NC(CC(C)C)C(=O)O)NC(=O)C(CC5=CC=C(C=C5)O)NC(=O)C(C(C)C)NC(=O)C(CCCN=C(N)N)NC(=O)C(CC(=O)O)N,-2.161150909262745,0.878057062625885,-1.4395248889923096,2.317756414413452
482,P39138_wild,C(CC(C(=O)O)N)CN=C(N)N,0.6627578316815741,1.410232663154602,0.8644907474517822,1.0233627557754517
483,F9VPG1_wild,C(C(C=O)O)O,0.5910646070264992,0.39133328199386597,0.5669388175010681,0.40450817346572876
484,O54288_wild,C(C(C(CO)O)O)C(=O)C(=O)[O-],0.9956351945975499,0.4009721875190735,-0.22119534015655518,0.6900225877761841
485,Q4JC35_wild,CC(=O)C(=O)[O-],0.04139268515822508,0.498421311378479,-0.05574965849518776,0.800159752368927
486,Q4JC35_wild,C(C(C=O)O)O,0.7993405494535817,0.4265984892845154,0.3285731077194214,0.6491460800170898
487,Q4JC35_V193A,CC(=O)C(=O)[O-],0.7323937598229685,0.4292898178100586,-0.03562108054757118,0.7578244209289551
488,Q4JC35_V193A,C(C(C=O)O)O,0.7323937598229685,0.3892865478992462,0.34161195158958435,0.6097320318222046
489,O54288_wild,CC(=O)C(=O)[O-],-0.045757490560675115,0.3872021734714508,-0.04283902421593666,0.5023653507232666
490,F9VPG1_wild,CC(=O)C(=O)[O-],-0.15490195998574322,0.3820034861564636,0.12492874264717102,0.48670053482055664
491,O54288_wild,C(C(C(COP(=O)(O)O)O)O)C(=O)C(=O)O,-1.0,0.16077584028244019,-0.6082919239997864,0.9069550037384033
492,O54288_wild,C(C(C=O)O)O,0.5563025007672873,0.2827284634113312,0.3805088698863983,0.501419186592102
493,O54288_T157F/Y132V,CC(=O)C(=O)[O-],0.6127838567197249,0.4307968318462372,-0.05264515057206154,0.5404170155525208
494,O54288_T157C/Y132V,C(C(C=O)O)O,0.9590413923210936,0.3273161053657532,0.3770758807659149,0.5642273426055908
495,O54288_T157C/Y132V,CC(=O)C(=O)[O-],1.5976951859255124,0.43661463260650635,-0.05374262109398842,0.5469048619270325
496,P9WQB3_wild,CC(C)C(=O)C(=O)O,-2.1487416512809245,0.331132709980011,-0.5835632085800171,1.5159292221069336
497,P9WQB3_wild,CC(=O)SCCNC(=O)CCNC(=O)C(C(C)(C)COP(=O)(O)OP(=O)(O)OCC1C(C(C(O1)N2C=NC3=C(N=CN=C32)N)O)OP(=O)(O)O)O,-0.24565166428905766,0.2636973261833191,-1.0910743474960327,1.6931991577148438
498,P9WQB3_Y410F,CC(C)C(=O)C(=O)O,-3.3010299956639813,0.32780444622039795,-0.5747653245925903,1.502218246459961
499,P9WQB3_Y410F,CC(=O)SCCNC(=O)CCNC(=O)C(C(C)(C)COP(=O)(O)OP(=O)(O)OCC1C(C(C(O1)N2C=NC3=C(N=CN=C32)N)O)OP(=O)(O)O)O,-2.958607314841775,0.2604687213897705,-1.0787460803985596,1.6805636882781982
500,P9WQB3_R97A,CC(C)C(=O)C(=O)O,-2.0969100130080562,0.33964407444000244,-0.5854479074478149,1.5270246267318726
501,P9WQB3_Y169F,CC(=O)SCCNC(=O)CCNC(=O)C(C(C)(C)COP(=O)(O)OP(=O)(O)OCC1C(C(C(O1)N2C=NC3=C(N=CN=C32)N)O)OP(=O)(O)O)O,-1.3979400086720375,0.27739182114601135,-1.086911678314209,1.689237356185913
502,P9WQB3_R97A,CC(=O)SCCNC(=O)CCNC(=O)C(C(C)(C)COP(=O)(O)OP(=O)(O)OCC1C(C(C(O1)N2C=NC3=C(N=CN=C32)N)O)OP(=O)(O)O)O,-0.6777807052660807,0.2775529623031616,-1.1001213788986206,1.702554702758789
503,P9WQB3_D444A,CC(C)C(=O)C(=O)O,-2.3010299956639813,0.355206161737442,-0.5774132609367371,1.5171115398406982
504,P9WQB3_D444R,CC(=O)SCCNC(=O)CCNC(=O)C(C(C)(C)COP(=O)(O)OP(=O)(O)OCC1C(C(C(O1)N2C=NC3=C(N=CN=C32)N)O)OP(=O)(O)O)O,-1.5686362358410126,0.25697532296180725,-1.0763746500015259,1.6859841346740723
505,P9WQB3_D444R,CC(C)C(=O)C(=O)O,-2.0457574905606752,0.3419839143753052,-0.5741127133369446,1.5006089210510254
506,P9WQB3_H379A,CC(=O)SCCNC(=O)CCNC(=O)C(C(C)(C)COP(=O)(O)OP(=O)(O)OCC1C(C(C(O1)N2C=NC3=C(N=CN=C32)N)O)OP(=O)(O)O)O,-2.638272163982407,0.007976554334163666,-0.9678354859352112,1.4250259399414062
507,P9WQB3_E218A/H379A,CC(C)C(=O)C(=O)O,-2.7958800173440754,-0.06531350314617157,-0.35753515362739563,1.1103450059890747
508,P9WQB3_D444Y,CC(C)C(=O)C(=O)O,-1.7958800173440752,0.3263978660106659,-0.52604079246521,1.4882900714874268
509,P9WQB3_H379A,CC(C)C(=O)C(=O)O,-1.7212463990471711,0.1374187469482422,-0.4254057705402374,1.284379243850708
510,P9WQB3_E218A,CC(C)C(=O)C(=O)O,-1.408935392973501,0.21000510454177856,-0.508726179599762,1.376245379447937
511,P9WQB3_Y169F,CC(C)C(=O)C(=O)O,-1.8728952016351923,0.34411072731018066,-0.5839503407478333,1.511065125465393
512,P9WQB3_E218A,CC(=O)SCCNC(=O)CCNC(=O)C(C(C)(C)COP(=O)(O)OP(=O)(O)OCC1C(C(C(O1)N2C=NC3=C(N=CN=C32)N)O)OP(=O)(O)O)O,-0.15676722190205294,0.09884437918663025,-1.0202161073684692,1.535813570022583
513,Q4W1X2_Y104A,C1=CN(C(=O)NC1=O)C2C(C(C(O2)COP(=O)(O)OP(=O)(O)OC3C(C(C(O3)C(CO)O)O)O)O)O,-1.2441251443275085,-0.20275461673736572,-0.4955855906009674,0.5746219754219055
514,Q4W1X2_wild,C1=CN(C(=O)NC1=O)C2C(C(C(O2)COP(=O)(O)OP(=O)(O)OC3C(C(C(O3)CO)O)O)O)O,-1.0268721464003014,0.008245166391134262,-0.6571725606918335,0.862489640712738
515,Q4W1X2_N207A,C1=CN(C(=O)NC1=O)C2C(C(C(O2)COP(=O)(O)OP(=O)(O)OC3C(C(C(O3)C(CO)O)O)O)O)O,-0.7798919119599449,-0.06162990257143974,-0.5494039058685303,0.7573250532150269
516,Q4W1X2_R182K,C1=CN(C(=O)NC1=O)C2C(C(C(O2)COP(=O)(O)OP(=O)(O)OC3C(C(C(C(O3)CO)O)O)O)O)O,-1.6575773191777938,0.03018605336546898,-0.6534115076065063,0.9044514894485474
517,Q4W1X2_wild,C1=CN(C(=O)NC1=O)C2C(C(C(O2)COP(=O)(O)OP(=O)(O)OC3C(C(C(O3)C(CO)O)O)O)O)O,-0.3467874862246563,-0.04010167345404625,-0.5497594475746155,0.7816656827926636
518,Q4W1X2_W315A,C1=CN(C(=O)NC1=O)C2C(C(C(O2)COP(=O)(O)OP(=O)(O)OC3C(C(C(O3)CO)O)O)O)O,-0.15490195998574322,-0.18021944165229797,-0.6244394779205322,0.6979687809944153
519,Q4W1X2_Y317A,C1=CN(C(=O)NC1=O)C2C(C(C(O2)COP(=O)(O)OP(=O)(O)OC3C(C(C(O3)C(CO)O)O)O)O)O,-0.42021640338318983,-0.2862982451915741,-0.4797632694244385,0.5115203261375427
520,Q4W1X2_W315A,C1=CN(C(=O)NC1=O)C2C(C(C(O2)COP(=O)(O)OP(=O)(O)OC3C(C(C(O3)C(CO)O)O)O)O)O,-0.7144426909922262,-0.21601898968219757,-0.5234901905059814,0.6143251061439514
521,Q4W1X2_wild,C1=CN(C(=O)NC1=O)C2C(C(C(O2)COP(=O)(O)OP(=O)(O)OC3C(C(C(C(O3)CO)O)O)O)O)O,-1.3716110699496884,0.03204099461436272,-0.6542339324951172,0.9004968404769897
522,Q4W1X2_R182A,C1=CN(C(=O)NC1=O)C2C(C(C(O2)COP(=O)(O)OP(=O)(O)OC3C(C(C(C(O3)CO)O)O)O)O)O,-0.21681130892474243,-0.024337287992239,-0.638391375541687,0.8453893065452576
523,Q4W1X2_R327K,C1=CN(C(=O)NC1=O)C2C(C(C(O2)COP(=O)(O)OP(=O)(O)OC3C(C(C(C(O3)CO)O)O)O)O)O,-1.3675427078152758,-0.07757039368152618,-0.6306359767913818,0.7898160219192505
524,Q4W1X2_Q107A,C1=CN(C(=O)NC1=O)C2C(C(C(O2)COP(=O)(O)OP(=O)(O)OC3C(C(C(O3)C(CO)O)O)O)O)O,0.3330440298234872,-0.04094620421528816,-0.5469692349433899,0.7734153270721436
525,Q5LW89_wild,CC[S+](CC)C(C)C(=O)[O-],0.9138138523837114,1.1334882974624634,-0.32738983631134033,0.35728082060813904
526,Q5LW89_wild,C[S+](C)CCC(=O)[O-],1.1072099696478683,0.9776970148086548,-0.3779190182685852,0.4189685881137848
527,P51094_wild,C1=CC(=C(C=C1C2=[O+]C3=CC(=CC(=C3C=C2O)O)O)O)O,-1.5228787452803376,-0.2862781286239624,-1.144747257232666,1.4462224245071411
528,P51094_wild,C1=CC(=C(C=C1C2=C(C(=O)C3=C(C=C(C=C3O2)O)O)O)O)O,-1.8239087409443187,0.24085360765457153,-1.5261815786361694,2.033494234085083
529,P51094_wild,C1=CN(C(=O)NC1=O)C2C(C(C(O2)COP(=O)(O)OP(=O)(O)OC3C(C(C(C(O3)CO)O)O)O)O)O,0.2787536009528289,0.1708206683397293,-0.5450196862220764,1.0670090913772583
530,P51094_wild,C1=C(C=C(C(=C1O)O)O)C2=[O+]C3=CC(=CC(=C3C=C2O)O)O.[Cl-],-1.7958800173440752,0.007905442267656326,-0.5585763454437256,1.1442205905914307
531,P51094_wild,COC1=CC(=CC(=C1O)OC)C2=[O+]C3=CC(=CC(=C3C=C2O)O)O,-1.4473317838878068,-0.5041131377220154,-1.1502604484558105,1.1005171537399292
532,D0MEP1_wild,C1(C(C(OC(C1O)OC2C(C(C(OC2C(=O)O)O)O)O)C(=O)O)O)O,-1.9208187539523751,1.5333528518676758,-0.7891495227813721,2.6683449745178223
533,Q4KCL8_wild,C(CC#N)CC#N,1.3802112417116061,-1.2905423641204834,0.17011161148548126,-0.5925950407981873
534,Q4KCL8_wild,C=CC#N,1.3673559210260189,-0.11744672060012817,1.0822887420654297,-0.5673133134841919
535,Q4KCL8_wild,C1=CC=C(C=C1)C#N,1.376576957056512,-0.8645354509353638,0.14949429035186768,-0.40771809220314026
536,Q4KCL8_wild,C(CCCCC#N)CCCC#N,1.403120521175818,-0.8927878141403198,-0.7725934982299805,0.08286446332931519
537,Q4KCL8_wild,CCC#N,1.6424645202421213,0.2966676354408264,1.6119166612625122,-0.5446299314498901
538,Q4KCL8_wild,C(CC#N)C#N,1.252853030979893,-0.7125943899154663,0.32870030403137207,-0.3326756954193115
539,Q55949_W146H,C1=CC=NC(=C1)C#N,0.11394335230683679,-1.1183114051818848,-0.09016793966293335,-0.0649932324886322
540,Q55949_W146H,C1=CC=C(C=C1)C#N,0.12385164096708581,-1.0127424001693726,-0.2768154442310333,-0.13361769914627075
541,Q55949_W146Y,C1=CC=NC(=C1)C#N,0.05307844348341968,-1.0838420391082764,-0.11712609231472015,-0.020728886127471924
542,Q55949_W146Y,C1=CC=C(C=C1)C#N,-0.00877392430750515,-0.9677432179450989,-0.31439727544784546,-0.09198266267776489
543,Q55949_wild,C1=CC=NC(=C1)C#N,0.1673173347481761,-1.082749366760254,-0.09554114937782288,-0.019833505153656006
544,Q55949_wild,C1=CC(=CN=C1)C#N,0.505149978319906,-0.6699024438858032,0.2639807164669037,0.10102739930152893
545,Q55949_wild,C1=CC=C(C=C1)C#N,0.08278537031645007,-0.9567625522613525,-0.3026753067970276,-0.09205114841461182
546,Q55949_W146F,C1=CC=C(C=C1)C#N,0.10037054511756291,-0.9557217955589294,-0.31637248396873474,-0.0844152569770813
547,Q55949_W146F,C1=CC=NC(=C1)C#N,0.10037054511756291,-1.0767505168914795,-0.11524376273155212,-0.012703776359558105
548,Q55949_W146Y,C1=CC(=CN=C1)C#N,0.49968708261840383,-0.6796821355819702,0.25036588311195374,0.09989535808563232
549,Q55949_wild,CC=CC#N,0.9003671286564703,-0.8801717162132263,0.07501903176307678,-0.392837792634964
550,Q55949_W146F,C1=CC(=CN=C1)C#N,0.6444385894678386,-0.6706227660179138,0.24662014842033386,0.10999207198619843
551,Q55949_W146H,C1=CC(=CN=C1)C#N,0.5954962218255742,-0.7005771398544312,0.28989994525909424,0.059016913175582886
552,Q55949_wild,C(=CC#N)C#N,0.9547247909790629,0.06450334191322327,-0.6620079278945923,0.12324732542037964
553,Q55949_W146F,C(=CC#N)C#N,1.0588054866759067,0.07091301679611206,-0.6871943473815918,0.1322883814573288
554,Q55949_W146F,CC=CC#N,0.9618954736678504,-0.8817771673202515,0.06193254515528679,-0.38103631138801575
555,Q55949_W146Y,C(=CC#N)C#N,1.0322157032979815,0.06217440590262413,-0.6835521459579468,0.12284967303276062
556,Q55949_W146H,C(=CC#N)C#N,1.0437551269686796,0.03633337840437889,-0.6482111215591431,0.06207066774368286
557,E1A0Z9_wild,C(CC#N)CC#N,1.6720978579357175,-1.5671322345733643,0.18417979776859283,-0.5225391387939453
558,G5DDB2_wild,C1=CC(=CN=C1)C#N,1.8639173769578605,-0.7836097478866577,0.07025796175003052,-0.08283260464668274
559,P55772_wild,C1=NC(=C2C(=N1)N(C=N2)C3C(C(C(O3)COP(=O)(O)OP(=O)(O)OP(=O)(O)O)O)O)N,-1.9208187539523751,1.7036216259002686,-1.069295883178711,2.660188913345337
560,P55772_wild,C1=NC(=C2C(=N1)N(C=N2)C3C(C(C(O3)COP(=O)(O)OP(=O)(O)O)O)O)N,-1.8860566476931633,1.7127264738082886,-1.1698435544967651,2.8331298828125
561,P97687_wild,C1=NC2=C(N1C3C(C(C(O3)COP(=O)(O)OP(=O)(O)OP(=O)(O)O)O)O)N=C(NC2=O)N,-2.0457574905606752,1.4668257236480713,-1.1094931364059448,2.475792169570923
562,P97687_wild,C1=NC(=C2C(=N1)N(C=N2)C3C(C(C(O3)COP(=O)(O)OP(=O)(O)O)O)O)N,-2.3279021420642825,1.663545846939087,-1.2147608995437622,2.871613025665283
563,P97687_Y409F,C1=NC(=C2C(=N1)N(C=N2)C3C(C(C(O3)COP(=O)(O)OP(=O)(O)O)O)O)N,-2.2924298239020637,1.6719911098480225,-1.2133005857467651,2.869393825531006
564,P97687_wild,C1=NC2=C(N1C3C(C(C(O3)COP(=O)(O)OP(=O)(O)O)O)O)N=C(NC2=O)N,-0.826813731587726,1.536662220954895,-1.1607046127319336,2.619201421737671
565,P97687_wild,C1=NC2=C(C(=O)N1)N=CN2C3C(C(C(O3)COP(=O)(O)OP(=O)(O)O)O)O,-1.978810700930062,1.6173896789550781,-0.9866253137588501,2.675635576248169
566,P97687_wild,C1=NC2=C(C(=O)N1)N=CN2C3C(C(C(O3)COP(=O)(O)OP(=O)(O)OP(=O)(O)O)O)O,-1.9665762445130501,1.615036964416504,-1.0402549505233765,2.5979275703430176
567,P97687_wild,C1=CN(C(=O)NC1=O)C2C(C(C(O2)COP(=O)(O)OP(=O)(O)O)O)O,-1.9469215565165803,1.5075688362121582,-0.9471781849861145,2.4560470581054688
568,P49961_wild,C1=NC(=C2C(=N1)N(C=N2)C3C(C(C(O3)COP(=O)(O)OP(=O)(O)OP(=O)(O)O)O)O)N,-2.0,1.5820142030715942,-1.1565271615982056,2.650607109069824
569,Q5JD03_wild,C1=NC(=C2C(=N1)N(C=N2)C3C(C(C(O3)COP(=O)(O)OP(=O)(O)O)O)O)N,0.38021124171160603,0.6074934005737305,0.012206938117742538,0.8454084396362305
570,Q5JD03_wild,C(C(C(=O)O)N)O,0.7075701760979278,0.6198925971984863,1.3635178804397583,0.33755865693092346
571,Q6L2I5_wild,C1=NC(=C2C(=N1)N(C=N2)C3C(C(C(O3)COP(=O)(O)OP(=O)(O)OP(=O)(O)O)O)O)N,-1.00436480540245,-0.19646209478378296,-0.9560394287109375,0.6595062613487244
572,Q6L2I5_wild,CC(C)(CO)C(C(=O)NCCC(=O)O)O,-0.2069083998234198,-0.1777038872241974,-1.3569265604019165,0.9312663078308105
573,Q9APM5_wild,C(CS(=O)(=O)O)N,0.8512583487190691,-0.09021805226802826,0.14577938616275787,0.42132121324539185
574,Q9APM5_wild,CC(=O)C(=O)[O-],-0.08618614761628333,-0.006515379995107651,0.16822052001953125,0.8581173419952393
575,Q9APM5_wild,C(CS(=O)O)N,0.9084850188786497,-0.23219117522239685,0.2310284674167633,0.40227144956588745
576,A0A0S2VC96_wild,C(CS(=O)(=O)O)N,0.724275869600789,-0.5196670889854431,0.5154396891593933,0.16635926067829132
577,Q8G907_wild,C[S+](CCC(C(=O)[O-])N)CC1C(C(C(O1)N2C=NC3=C(N=CN=C32)N)O)O,-0.3372421683184259,-1.1993862390518188,-1.472110390663147,0.28181105852127075
578,Q8G907_wild,C1C(C(C(C(C1O)O)O)O)N,-1.6575773191777938,-0.4173724353313446,-0.04188584163784981,0.5807552933692932
579,P65388_wild,C1=NC2=C(N1C3C(C(C(O3)COP(=O)(O)OP(=O)(O)OP(=O)(O)O)O)O)N=C(NC2=O)N,-2.5086383061657274,-0.36159205436706543,-0.8902263045310974,0.5101227760314941
580,P65388_D198A,C[S+](CCC(C(=O)[O-])N)CC1C(C(C(O1)N2C=NC3=C(N=CN=C32)N)O)O,-1.4436974992327127,-0.36821380257606506,-1.579551339149475,0.7272232174873352
581,P65388_D198A,C1=NC2=C(N1C3C(C(C(O3)COP(=O)(O)OP(=O)(O)OP(=O)(O)O)O)O)N=C(NC2=O)N,-2.161150909262745,-0.38479363918304443,-0.9031592607498169,0.5033005475997925
582,P65388_wild,C[S+](CCC(C(=O)[O-])N)CC1C(C(C(O1)N2C=NC3=C(N=CN=C32)N)O)O,-2.2924298239020637,-0.3413320779800415,-1.5661307573318481,0.7440003752708435
583,Q3YJM9_wild,CCCC(=O)OC1=CC=C(C=C1)[N+](=O)[O-],-0.494850021680094,1.5641744136810303,-0.6366936564445496,1.8995065689086914
584,A0A2D3HJ61_wild,CCCCCCCC(=O)OC1=CC=C(C=C1)[N+](=O)[O-],0.06818586174616162,1.722942590713501,-0.3480455279350281,2.044128179550171
585,O31662_wild,CSCC1C(C(C(O1)OP(=O)(O)O)O)O,-0.8601209135987635,-0.08934330940246582,-0.22303229570388794,1.0678566694259644
586,P28629_wild,C(CC(C(=O)O)N)CN=C(N)N,-0.18708664335714442,0.6061146259307861,-0.6749670505523682,0.5833655595779419
587,Q11201_V315A,CC(=O)NC1C(CC(OC1C(C(CO)O)O)(C(=O)[O-])OP(=O)([O-])OCC2C(C(C(O2)N3C=CC(=NC3=O)N)O)O)O,-0.7447274948969352,-0.24251297116279602,-1.0541963577270508,1.0078814029693604
588,Q11201_Y230F,CC(=O)NC1C(CC(OC1C(C(CO)O)O)(C(=O)[O-])OP(=O)([O-])OCC2C(C(C(O2)N3C=CC(=NC3=O)N)O)O)O,-0.7544873321858502,-0.22207491099834442,-1.0495680570602417,1.0189504623413086
589,Q11201_C59S/C64S,CC(=O)NC1C(CC(OC1C(C(CO)O)O)(C(=O)[O-])OP(=O)([O-])OCC2C(C(C(O2)N3C=CC(=NC3=O)N)O)O)O,-0.9172146296835499,-0.24730652570724487,-1.0453847646713257,1.0036872625350952
590,Q11201_wild,CC(=O)NC1C(CC(OC1C(C(CO)O)O)(C(=O)[O-])OP(=O)([O-])OCC2C(C(C(O2)N3C=CC(=NC3=O)N)O)O)O,-1.677780705266081,-0.23915930092334747,-1.0478976964950562,1.0105481147766113
591,Q11201_V315Y,CC(=O)NC1C(CC(OC1C(C(CO)O)O)(C(=O)[O-])OP(=O)([O-])OCC2C(C(C(O2)N3C=CC(=NC3=O)N)O)O)O,-0.5670307091255944,-0.24751520156860352,-1.0506356954574585,1.003218650817871
592,Q11201_N170A,CC(=O)NC1C(CC(OC1C(C(CO)O)O)(C(=O)[O-])OP(=O)([O-])OCC2C(C(C(O2)N3C=CC(=NC3=O)N)O)O)O,-0.7351821769904636,-0.5258070230484009,-0.9785071611404419,0.7259568572044373
593,Q11201_Y230A,CC(=O)NC1C(CC(OC1C(C(CO)O)O)(C(=O)[O-])OP(=O)([O-])OCC2C(C(C(O2)N3C=CC(=NC3=O)N)O)O)O,-0.6882461389442457,-0.22440889477729797,-1.0522799491882324,1.0307161808013916
594,Q11201_Y191A,CC(=O)NC1C(CC(OC1C(C(CO)O)O)(C(=O)[O-])OP(=O)([O-])OCC2C(C(C(O2)N3C=CC(=NC3=O)N)O)O)O,-0.05749589383191927,-0.2370946705341339,-1.0431815385818481,1.0019590854644775
595,Q11201_N147S,CC(=O)NC1C(CC(OC1C(C(CO)O)O)(C(=O)[O-])OP(=O)([O-])OCC2C(C(C(O2)N3C=CC(=NC3=O)N)O)O)O,-0.17522353752445438,-0.27182483673095703,-1.0106576681137085,0.9481024742126465
596,Q11201_S148A,CC(=O)NC1C(CC(OC1C(C(CO)O)O)(C(=O)[O-])OP(=O)([O-])OCC2C(C(C(O2)N3C=CC(=NC3=O)N)O)O)O,-0.31785492362616824,-0.21036973595619202,-1.0480157136917114,1.0342042446136475
597,Q02745_wild,CC(=O)NC1C(C(C(OC1O)CO)O)OC2C(C(C(C(O2)CO)O)O)O,-0.6777807052660807,-0.06935888528823853,0.09262886643409729,0.62281733751297
598,Q9ANX2_wild,CSC1=CC=CC=C1,-0.889410289700751,-0.45029765367507935,-1.63713800907135,0.5538721680641174
599,Q00456_wild,CC1=CC=CC=C1,-2.3010299956639813,-1.1024703979492188,-1.2829574346542358,-0.026269078254699707
600,Q00456_T201G,CC1=CC=CC=C1,-2.0457574905606752,-1.1065256595611572,-1.2821446657180786,-0.02892690896987915
601,Q00456_wild,CSC1=CC=CC=C1,-0.9393021596463883,-0.501685380935669,-1.4725792407989502,0.5615118145942688
602,P97532_wild,C(C(=O)C(=O)O)S,0.07918124604762482,0.9441256523132324,-0.07867571711540222,0.9833551645278931
603,P25325_wild,C(C(=O)C(=O)O)S,0.23044892137827394,0.6271886825561523,-0.07166315615177155,0.7051224708557129
604,P25325_wild,C(C(C(CS)O)O)S,0.6627578316815741,0.16461020708084106,-0.15371105074882507,0.3703675866127014
605,P25325_wild,C(CS)C(C(=O)O)N,1.0969100130080565,0.05942657217383385,-0.2392996847629547,0.22976475954055786
606,P25325_wild,CC(=O)NC(CS)C(=O)O,1.2304489213782739,1.0716626644134521,-0.04373765364289284,0.2601333260536194
607,P25325_wild,C(C(C(=O)O)N)S,0.7781512503836436,0.053225692361593246,-0.3911610543727875,0.22455522418022156
608,P25325_wild,[C-]#N,0.7781512503836436,1.060459017753601,0.08776074647903442,0.4624904692173004
609,P25325_wild,C(CCC(=O)O)CC(CCS)S,0.6434526764861874,0.15332989394664764,-0.14743584394454956,-0.012574195861816406
610,P25325_wild,C(CC(=O)NC(CS)C(=O)NCC(=O)O)C(C(=O)O)N,1.4471580313422192,0.7283782958984375,-0.05501252040266991,0.6258407831192017
611,P25325_wild,C(CS)O,2.03342375548695,0.47256600856781006,0.21126329898834229,-0.23379072546958923
612,P58137_wild,CCCCCCC=CCCCCCCCC(=O)SCCNC(=O)CCNC(=O)C(C(C)(C)COP(=O)(O)OP(=O)(O)OCC1C(C(C(O1)N2C=NC3=C(N=CN=C32)N)O)OP(=O)(O)O)O,-2.853871964321762,0.5186548233032227,-1.6617745161056519,2.4732089042663574
613,P58137_wild,CCCCCCCCCCCCCC(=O)SCCNC(=O)CCNC(=O)C(C(C)(C)COP(=O)(O)OP(=O)(O)OCC1C(C(C(O1)N2C=NC3=C(N=CN=C32)N)O)OP(=O)(O)O)O,-2.6020599913279625,0.5028446912765503,-1.607582449913025,2.38012957572937
614,P58137_wild,CCCCCC=CCC=CCCCCCCCC(=O)SCCNC(=O)CCNC(=O)C(C(C)(C)COP(=O)(O)OP(=O)(O)OCC1C(C(C(O1)N2C=NC3=C(N=CN=C32)N)O)OP(=O)(O)O)O,-2.638272163982407,0.5477397441864014,-1.808151364326477,2.4986534118652344
615,P58137_wild,CCCCCCCCCCCCCCCC(=O)SCCNC(=O)CCNC(=O)C(C(C)(C)COP(=O)(O)OP(=O)(O)OCC1C(C(C(O1)N2C=NC3=C(N=CN=C32)N)O)OP(=O)(O)O)O,-2.769551078621726,0.42960846424102783,-1.6330829858779907,2.343336582183838
616,P58137_wild,CCCCCCCCCCCCCCCCCCCC(=O)SCCNC(=O)CCNC(=O)C(C(C)(C)COP(=O)(O)OP(=O)(O)OCC1C(C(C(O1)N2C=NC3=C(N=CN=C32)N)O)OP(=O)(O)O)O,-2.3767507096020997,0.43862712383270264,-1.5954042673110962,2.3256397247314453
617,P58137_wild,CCCCCC=CCC=CCC=CCC=CCCCC(=O)SCCNC(=O)CCNC(=O)C(C(C)(C)COP(=O)(O)OP(=O)(O)OCC1C(C(C(O1)N2C=NC3=C(N=CN=C32)N)O)OP(=O)(O)O)O,-2.1739251972991736,0.5671912431716919,-1.7430042028427124,2.5317697525024414
618,Q825I8_wild,CC1CCC2C13CC(CC3C=C2C(=O)O)(C)C,-1.5686362358410126,-0.6902306079864502,-1.3619712591171265,0.9293309450149536
619,Q825I8_wild,C1=CC=C(C(=C1)CC(=O)O)NC2=C(C=CC=C2Cl)Cl,-0.721246399047171,-0.4423138201236725,-1.4220545291900635,0.8194910287857056
620,Q825I8_wild,CCC(C)C(=O)OC1CCC=C2C1C(C(C=C2)C)CCC3CC(CC(=O)O3)O,-1.408935392973501,-0.6709058284759521,-1.3891655206680298,1.0091630220413208
621,P29401_wild,C(C(C(C(=O)CO)O)O)OP(=O)(O)O,-0.8239087409443188,-0.0007765330374240875,-0.7103978395462036,1.1924107074737549
622,Q9ZRA2_wild,C1=CC(=C(C=C1O)CC(=O)O)O,-1.5086383061657274,0.9839951992034912,-0.44300660490989685,1.8688609600067139
623,Q88E47_wild,C1=CC(=C(C=C1O)CC(=O)O)O,-1.274088367704952,1.2185375690460205,-0.3053930103778839,1.873296856880188
624,C7GP37_wild,C(C1C(C(C(C(O1)OP(=O)(O)O)O)O)O)O,-0.08092190762392612,0.9197251200675964,-0.45199617743492126,1.6960082054138184
625,Q43772_K183A/K332A,C1=CN(C(=O)NC1=O)C2C(C(C(O2)COP(=O)(O)OP(=O)(O)OC3C(C(C(C(O3)CO)O)O)O)O)O,-1.5228787452803376,1.356684923171997,-0.723429799079895,2.3251843452453613
626,Q43772_K332A,[O-]P(=O)([O-])OP(=O)([O-])[O-],-1.3979400086720375,1.8000798225402832,-0.8892315030097961,2.5558528900146484
627,Q43772_Y192A,[O-]P(=O)([O-])OP(=O)([O-])[O-],-1.5686362358410126,1.8203188180923462,-0.8853073120117188,2.5768086910247803
628,Q43772_wild,C1=CN(C(=O)NC1=O)C2C(C(C(O2)COP(=O)(O)OP(=O)(O)OC3C(C(C(C(O3)CO)O)O)O)O)O,-1.4685210829577449,1.3567261695861816,-0.7180637717247009,2.33194637298584
629,Q43772_wild,[O-]P(=O)([O-])OP(=O)([O-])[O-],-1.4685210829577449,1.8032146692276,-0.8967211842536926,2.566370964050293
630,Q43772_Y192A,C1=CN(C(=O)NC1=O)C2C(C(C(O2)COP(=O)(O)OP(=O)(O)OC3C(C(C(C(O3)CO)O)O)O)O)O,-1.5086383061657274,1.37825345993042,-0.6944301128387451,2.3375794887542725
631,Q43772_C99S,C1=CN(C(=O)NC1=O)C2C(C(C(O2)COP(=O)(O)OP(=O)(O)OC3C(C(C(C(O3)CO)O)O)O)O)O,-0.9956786262173574,1.3572602272033691,-0.693413496017456,2.3285717964172363
632,Q43772_K260A,C1=CN(C(=O)NC1=O)C2C(C(C(O2)COP(=O)(O)OP(=O)(O)OC3C(C(C(C(O3)CO)O)O)O)O)O,-1.1307682802690238,1.3058606386184692,-0.7070292234420776,2.284214496612549
633,Q43772_K405A,[O-]P(=O)([O-])OP(=O)([O-])[O-],-0.619788758288394,1.8132060766220093,-0.8943106532096863,2.563065528869629
634,Q43772_K260A,[O-]P(=O)([O-])OP(=O)([O-])[O-],0.6901960800285136,1.7634685039520264,-0.8805528879165649,2.513716459274292
635,Q43772_C99S,[O-]P(=O)([O-])OP(=O)([O-])[O-],-0.3904055907748867,1.8071409463882446,-0.8787474632263184,2.5748660564422607
636,Q43772_K183A,[O-]P(=O)([O-])OP(=O)([O-])[O-],-1.5228787452803376,1.801619291305542,-0.8889586329460144,2.559735059738159
637,Q9M9P3_wild,[O-]P(=O)([O-])OP(=O)([O-])[O-],-1.5228787452803376,1.6708722114562988,-0.798595130443573,2.525392532348633
638,Q43772_K405A,C1=CN(C(=O)NC1=O)C2C(C(C(O2)COP(=O)(O)OP(=O)(O)OC3C(C(C(C(O3)CO)O)O)O)O)O,-1.3979400086720375,1.363687515258789,-0.7164959907531738,2.3293850421905518
639,Q9M9P3_wild,C1=CN(C(=O)NC1=O)C2C(C(C(O2)COP(=O)(O)OP(=O)(O)OC3C(C(C(C(O3)CO)O)O)O)O)O,-1.3979400086720375,1.1803761720657349,-0.6748068332672119,2.2085232734680176
640,Q4QDU3_wild,C1=CN(C(=O)NC1=O)C2C(C(C(O2)COP(=O)(O)OP(=O)(O)OP(=O)(O)O)O)O,-1.154901959985743,0.43439263105392456,-0.7289038300514221,1.8734261989593506
641,Q4QDU3_wild,C1=CN(C(=O)NC1=O)C2C(C(C(O2)COP(=O)(O)OP(=O)(O)OC3C(C(C(C(O3)CO)O)O)O)O)O,-0.978810700930062,0.6514589786529541,-0.5957437753677368,2.1347978115081787
642,Q4QDU3_wild,C(C1C(C(C(C(O1)OP(=O)(O)O)O)O)O)O,-0.7166987712964504,0.8546725511550903,-0.6226152777671814,1.9987406730651855
643,Q19TV8_wild,C1=CN(C(=O)NC1=O)C2C(C(C(O2)COP(=O)(O)OP(=O)(O)OC3C(C(C(C(O3)CO)O)O)O)O)O,-0.958607314841775,1.4329447746276855,-0.7448803186416626,2.402691125869751
644,Q9M9P3_wild,C(C1C(C(C(C(O1)OP(=O)(O)O)O)O)O)O,-0.853871964321762,1.1330232620239258,-0.6693102121353149,1.8695718050003052
645,Q9M9P3_wild,C1=CN(C(=O)NC1=O)C2C(C(C(O2)COP(=O)(O)OP(=O)(O)OP(=O)(O)O)O)O,-1.0969100130080565,0.8231130838394165,-0.8045660257339478,1.9804937839508057
646,Q4QDU3_wild,[O-]P(=O)([O-])OP(=O)([O-])[O-],-0.6989700043360187,1.2707902193069458,-0.6122887134552002,2.4102656841278076
647,P57751_wild,C1=CN(C(=O)NC1=O)C2C(C(C(O2)COP(=O)(O)OP(=O)(O)OC3C(C(C(C(O3)CO)O)O)O)O)O,-1.2218487496163564,1.154754400253296,-0.6632921099662781,2.223475456237793
648,P57751_wild,C1=CN(C(=O)NC1=O)C2C(C(C(O2)COP(=O)(O)OP(=O)(O)OP(=O)(O)O)O)O,-0.7695510786217261,0.8009592294692993,-0.787499189376831,1.9850125312805176
649,P57751_wild,[O-]P(=O)([O-])OP(=O)([O-])[O-],-1.154901959985743,1.6313530206680298,-0.791480302810669,2.5343737602233887
650,P57751_wild,C(C1C(C(C(C(O1)OP(=O)(O)O)O)O)O)O,-0.44369749923283336,1.0989964008331299,-0.6297590732574463,1.8563132286071777
651,D3HTY9_wild,C1=CN(C(=O)NC1=O)C2C(C(C(O2)COP(=O)(O)OP(=O)(O)OP(=O)(O)O)O)O,-1.275724130399211,0.6291252374649048,-0.9476989507675171,2.212754011154175
652,D3HTY9_wild,C(C1C(C(C(C(O1)OP(=O)(O)O)O)O)O)O,-0.9136401693252518,1.069738507270813,-0.8453134894371033,2.33005428314209
653,Q16851_wild,C(C1C(C(C(C(O1)OP(=O)(O)O)O)O)O)O,-1.0222763947111522,1.0345284938812256,-0.774348258972168,1.6262905597686768
654,A5XCL5_wild,C(C1C(C(C(C(O1)OP(=O)(O)O)O)O)O)O,-0.5003129173815962,1.0424360036849976,-0.6409029364585876,1.6892106533050537
655,B8JMZ1_wild,C(C1C(C(C(C(O1)OP(=O)(O)O)O)O)O)O,-0.7375489102695706,1.1196579933166504,-0.6428005695343018,1.6691488027572632
656,Q9XUS5_wild,C(C1C(C(C(C(O1)OP(=O)(O)O)O)O)O)O,-1.302073555193495,1.3729932308197021,-0.618000864982605,1.8408608436584473
657,Q9XUS5_wild,C1=CN(C(=O)NC1=O)C2C(C(C(O2)COP(=O)(O)OP(=O)(O)OP(=O)(O)O)O)O,-2.0236500209967265,1.138956069946289,-0.762855589389801,2.1049771308898926
658,Q9XUS5_wild,CC1=CN(C(=O)NC1=O)C2CC(C(O2)COP(=O)(O)OP(=O)(O)OP(=O)(O)O)O,-1.6158258611929666,0.9106231927871704,-0.8903990983963013,2.1415905952453613
659,A0A0S3X5N5_wild,C1=CN(C(=O)NC1=O)C2C(C(C(O2)COP(=O)(O)OP(=O)(O)OC3C(C(C(C(O3)CO)O)O)O)O)O,-2.7772835288524167,0.8985891342163086,-0.7415151596069336,2.0737144947052
660,A0A0S3WYP3_wild,C1=CN(C(=O)NC1=O)C2C(C(C(O2)COP(=O)(O)OP(=O)(O)OC3C(C(C(C(O3)CO)O)O)O)O)O,-2.3635121036466344,1.4996132850646973,-0.5396523475646973,2.5826330184936523
661,Q18910_wild,C1=CN(C(=O)NC1=O)C2C(C(C(O2)COP(=O)(O)OP(=O)(O)OP(=O)(O)O)O)O,-1.8585502265995326,0.1697929948568344,-0.8916609883308411,1.6364150047302246
662,Q18910_wild,C(C1C(C(C(C(O1)OP(=O)(O)O)O)O)O)O,-1.1098585399354226,0.6236507892608643,-0.8391039967536926,1.9335048198699951
663,C7P8V7_T253V,C1=CC(=CC=C1CCN)O,-0.22184874961635637,-0.35713160037994385,0.06689152121543884,-0.11204296350479126
664,C7P8V7_E21Q,C1=NC(=C2C(=N1)N(C=N2)C3C(C(C(O3)COP(=O)(O)OP(=O)(O)OP(=O)(O)O)O)O)N,0.3010299956639812,0.21188154816627502,-0.5471513271331787,0.6351296901702881
665,C7P8V7_R251A,C1=CC(=CC=C1CCN)O,-0.09691001300805639,-0.4423798620700836,0.07918767631053925,-0.26340267062187195
666,C7P8V7_wild,C1=NC(=C2C(=N1)N(C=N2)C3C(C(C(O3)COP(=O)(O)OP(=O)(O)OP(=O)(O)O)O)O)N,0.17609125905568124,0.20611631870269775,-0.544241189956665,0.6224191188812256
667,C7P8V7_T253V,C1=NC(=C2C(=N1)N(C=N2)C3C(C(C(O3)COP(=O)(O)OP(=O)(O)OP(=O)(O)O)O)O)N,0.3979400086720376,0.20543968677520752,-0.5210537910461426,0.6016870141029358
668,C7P8V7_R251A,C1=NC(=C2C(=N1)N(C=N2)C3C(C(C(O3)COP(=O)(O)OP(=O)(O)OP(=O)(O)O)O)O)N,0.47712125471966244,0.06669464707374573,-0.45195645093917847,0.3801652491092682
669,C7P8V7_wild,C(CC(=O)O)C(C(=O)O)N,0.36172783601759284,0.29823631048202515,0.08802071213722229,0.1791994571685791
670,C7P8V7_E21Q,C1=CC(=CC=C1CCN)O,0.04139268515822508,-0.3747366964817047,0.022930528968572617,-0.11993974447250366
671,C7P8V7_T253V,C(CC(=O)O)C(C(=O)O)N,0.5563025007672873,0.2983971834182739,0.1286793053150177,0.17430570721626282
672,C7P8V7_E21Q,C(CC(=O)O)C(C(=O)O)N,0.8633228601204559,0.30280792713165283,0.07830548286437988,0.19283024966716766
673,Q9BU02_E63Q,CC1=C(SC=[N+]1CC2=CN=C(N=C2N)C)CCOP(=O)(O)OP(=O)(O)OP(=O)(O)O,-0.6020599913279624,0.04498125985264778,-1.8253084421157837,1.3951764106750488
674,Q9BU02_wild,CC1=C(SC=[N+]1CC2=CN=C(N=C2N)C)CCOP(=O)(O)OP(=O)(O)OP(=O)(O)O,-0.8239087409443188,0.05142338201403618,-1.7904973030090332,1.4081461429595947
675,Q8MKF1_wild,CC1=C(SC=[N+]1CC2=CN=C(N=C2N)C)CCOP(=O)(O)OP(=O)(O)OP(=O)(O)O,-1.408935392973501,0.10597318410873413,-1.5783852338790894,1.5306274890899658
676,Q8JZL3_W53A,CC1=C(SC=[N+]1CC2=CN=C(N=C2N)C)CCOP(=O)(O)OP(=O)(O)OP(=O)(O)O,-0.2596373105057561,0.23880437016487122,-1.5406557321548462,1.2265721559524536
677,Q8JZL3_K11A,CC1=C(SC=[N+]1CC2=CN=C(N=C2N)C)CCOP(=O)(O)OP(=O)(O)OP(=O)(O)O,-1.9208187539523751,0.2178095579147339,-1.5069650411605835,1.223488211631775
678,Q8JZL3_wild,CC1=C(SC=[N+]1CC2=CN=C(N=C2N)C)CCOP(=O)(O)OP(=O)(O)OP(=O)(O)O,-2.0969100130080562,0.2825869619846344,-1.519943356513977,1.2909177541732788
679,Q8JZL3_E81A,CC1=C(SC=[N+]1CC2=CN=C(N=C2N)C)CCOP(=O)(O)OP(=O)(O)OP(=O)(O)O,-1.8860566476931633,0.27419838309288025,-1.497353196144104,1.3151531219482422
680,Q8JZL3_K65A,CC1=C(SC=[N+]1CC2=CN=C(N=C2N)C)CCOP(=O)(O)OP(=O)(O)OP(=O)(O)O,-2.0457574905606752,0.21794909238815308,-1.4645969867706299,1.2248051166534424
681,Q8JZL3_Y79A,CC1=C(SC=[N+]1CC2=CN=C(N=C2N)C)CCOP(=O)(O)OP(=O)(O)OP(=O)(O)O,-1.3767507096020997,0.13858604431152344,-1.4962013959884644,1.164584755897522
682,Q8JZL3_K193A,CC1=C(SC=[N+]1CC2=CN=C(N=C2N)C)CCOP(=O)(O)OP(=O)(O)OP(=O)(O)O,-0.13076828026902382,0.15983045101165771,-1.3858885765075684,1.0667999982833862
683,Q8JZL3_Y39A,CC1=C(SC=[N+]1CC2=CN=C(N=C2N)C)CCOP(=O)(O)OP(=O)(O)OP(=O)(O)O,-0.2076083105017461,0.1729586124420166,-1.5118252038955688,1.102492332458496
684,Q8JZL3_D147A,CC1=C(SC=[N+]1CC2=CN=C(N=C2N)C)CCOP(=O)(O)OP(=O)(O)OP(=O)(O)O,0.4471580313422192,0.09338366985321045,-1.5135971307754517,1.0945030450820923
685,Q2UA33_wild,C(C(C(=O)O)N)S,0.1903316981702915,0.8950216174125671,0.10428042709827423,2.947972059249878
686,Q2UA33_wild,C(C(C(CS)O)O)S,0.38201704257486835,1.1458938121795654,-0.012072741985321045,3.0360162258148193
687,Q2UA33_wild,C(CC(=O)NC(CS)C(=O)NCC(=O)O)C(C(=O)O)N,0.4440447959180762,1.476974368095398,0.15313810110092163,3.122762680053711
688,Q2UA33_wild,C(CS)O,0.9881128402683519,1.278700351715088,0.29093727469444275,2.333631753921509
689,Q9WZ17_wild,C1=CC(=C[N+](=C1)C2C(C(C(O2)COP(=O)(O)OP(=O)(O)OCC3C(C(C(O3)N4C=NC5=C(N=CN=C54)N)OP(=O)(O)O)O)O)O)C(=O)N,-1.193820026016113,0.6562281250953674,-0.5590620636940002,1.462371587753296
690,Q9WZ17_wild,C(CO)C(C(=O)O)N,0.25767857486918455,0.40719717741012573,0.2276841700077057,0.6959165930747986
691,P51570_E244S,C(C1C(C(C(C(O1)O)O)O)O)O,-0.08092190762392612,0.24987593293190002,0.2880450189113617,0.73501056432724
692,P51570_M60V/A334S,C(C1C(C(C(C(O1)O)O)O)O)O,-0.3187587626244128,0.2504485845565796,0.29424938559532166,0.7487186193466187
693,P51570_R105M,C1=NC(=C2C(=N1)N(C=N2)C3C(C(C(O3)COP(=O)(O)OP(=O)(O)OP(=O)(O)O)O)O)N,-1.080921907623926,0.34203189611434937,-0.4709664285182953,1.3185821771621704
694,P51570_wild,C(C1C(C(C(C(O1)O)O)O)O)O,-0.4814860601221125,0.24218407273292542,0.3051220178604126,0.7416883707046509
695,P51570_M60V/M185L/M180V/D268E/A334S/R366Q/G373S/Y379W,C(C=O)C(C(C(CO)O)O)O,-0.5228787452803376,0.11371687054634094,0.2599213719367981,0.6129690408706665
696,P51570_R105M/L231S,C(C1C(C(C(C(O1)O)O)O)O)O,-0.5850266520291821,0.19386155903339386,0.3160220682621002,0.690735399723053
697,P51570_R228K/M60V/M180V/D268E/A334S/R366Q/G373S/Y379W,C(C1C(C(C(C(O1)O)O)O)O)O,-0.5086383061657274,0.36920058727264404,0.25158870220184326,0.8576045036315918
698,P51570_M60V/M185L/M180V/D268E/A334S/R366Q/G373S/Y379W,C1=NC(=C2C(=N1)N(C=N2)C3C(C(C(O3)COP(=O)(O)OP(=O)(O)OP(=O)(O)O)O)O)N,1.0934216851622351,0.4302283525466919,-0.5555469393730164,1.4101159572601318
699,P51570_M60V/M180V/A334S,C(C1C(C(C(C(O1)O)O)O)O)O,-1.1079053973095196,0.32991451025009155,0.28299349546432495,0.8125337362289429
700,P51570_G373S,C(C1C(C(C(C(O1)O)O)O)O)O,-1.0457574905606752,0.2773166298866272,0.30117353796958923,0.7615278363227844
701,P51570_M60V/M180V,C1=NC(=C2C(=N1)N(C=N2)C3C(C(C(O3)COP(=O)(O)OP(=O)(O)OP(=O)(O)O)O)O)N,0.0,0.455447256565094,-0.5230329632759094,1.4563848972320557
702,P51570_M60V/M180V/D268E/A334S/R366Q/G373S/Y379W,C(C=O)C(C(C(CO)O)O)O,0.3010299956639812,0.15881219506263733,0.26890188455581665,0.6591669321060181
703,P51570_A334S,C(C1C(C(C(C(O1)O)O)O)O)O,-0.5528419686577808,0.24536007642745972,0.30322009325027466,0.7355469465255737
704,P51570_M60V/M180V/D268E/A334S/R366Q/G373S/Y379W,C(C1C(C(C(C(O1)O)O)O)O)O,0.3424226808222063,0.36336615681648254,0.2557202875614166,0.8436198234558105
705,P51570_M60V/M180V,C(C1C(C(C(C(O1)O)O)O)O)O,-0.721246399047171,0.3264744281768799,0.2847670912742615,0.8196585774421692
706,P51570_E174D/M60V,C(C1C(C(C(C(O1)O)O)O)O)O,-0.6575773191777937,0.06881837546825409,0.3499625325202942,0.5805460810661316
707,P51570_Y379W,C(C1C(C(C(C(O1)O)N)O)O)O,-0.6575773191777937,0.09588932991027832,0.21312516927719116,0.5709792375564575
708,P51570_R228M,C(C1C(C(C(C(O1)O)O)O)O)O,-0.17392519729917355,0.2233467698097229,0.30873799324035645,0.7226207256317139
709,P51570_E244S,C(C=O)C(C(C(CO)O)O)O,0.25527250510330607,0.03317182883620262,0.3004416227340698,0.5406585335731506
710,P51570_M60V/M180V/A334S/G373S,C(C1C(C(C(C(O1)O)O)O)O)O,-0.6382721639824072,0.3641010522842407,0.27892228960990906,0.8322595357894897
711,P51570_E245S,C(C=O)C(C(C(CO)O)O)O,0.2787536009528289,0.04148809239268303,0.3091270327568054,0.5477073192596436
712,P51570_R228M/Q242S,C1=NC(=C2C(=N1)N(C=N2)C3C(C(C(O3)COP(=O)(O)OP(=O)(O)OP(=O)(O)O)O)O)N,-2.0268721464003012,0.34113386273384094,-0.45206743478775024,1.3065248727798462
713,P51570_M60V/M185L/M180V/D268E/A334S/R366Q/G373S/Y379W,C(C1C(C(C(C(O1)O)N)O)O)O,-0.2076083105017461,0.18508967757225037,0.1522451639175415,0.6291768550872803
714,P51570_M60V/M180V/A334S,C1=NC(=C2C(=N1)N(C=N2)C3C(C(C(O3)COP(=O)(O)OP(=O)(O)OP(=O)(O)O)O)O)N,-0.08618614761628333,0.45908457040786743,-0.5181702375411987,1.4447540044784546
715,P51570_L231S,C1=NC(=C2C(=N1)N(C=N2)C3C(C(C(O3)COP(=O)(O)OP(=O)(O)OP(=O)(O)O)O)O)N,-1.8297382846050425,0.3122967779636383,-0.4852704703807831,1.308006763458252
716,P51570_Y379W,C1=NC(=C2C(=N1)N(C=N2)C3C(C(C(O3)COP(=O)(O)OP(=O)(O)OP(=O)(O)O)O)O)N,0.6989700043360189,0.33234602212905884,-0.5029062628746033,1.3557929992675781
717,P51570_wild,C(C1C(C(C(C(O1)O)N)O)O)O,-0.14874165128092473,0.108456552028656,0.21915079653263092,0.575603723526001
718,P51570_Q242S,C(C1C(C(C(C(O1)O)O)O)O)O,-0.3565473235138126,0.24729645252227783,0.2840964198112488,0.7336075901985168
719,P51570_D268E,C(C1C(C(C(C(O1)O)O)O)O)O,-0.23657200643706275,0.24398788809776306,0.31272566318511963,0.7333777546882629
720,P51570_E245S,C(C1C(C(C(C(O1)O)O)O)O)O,-0.036212172654444715,0.2524755895137787,0.3008512258529663,0.7466110587120056
721,P51570_L231S,C(C=O)C(C(C(CO)O)O)O,0.04139268515822508,-0.0060097090899944305,0.34862861037254333,0.4946284294128418
722,P51570_M60V/M180V/A334S/D268E/G373S,C(C1C(C(C(C(O1)O)O)O)O)O,-0.5686362358410126,0.3658437728881836,0.2869395911693573,0.8258072733879089
723,P51570_M185L/Y379W,C(C1C(C(C(C(O1)O)N)O)O)O,-0.5686362358410126,0.049129921942949295,0.21396085619926453,0.5160610675811768
724,P51570_Q242S,C(C=O)C(C(C(CO)O)O)O,0.43136376415898736,0.03589160367846489,0.31020408868789673,0.5313809514045715
725,P51570_M60V/M180V/D268E/A334S/R366Q/G373S/Y379W,C(C1C(C(C(C(O1)O)N)O)O)O,0.6812412373755872,0.22588247060775757,0.1548229306936264,0.6724392175674438
726,P51570_M180V,C1=NC(=C2C(=N1)N(C=N2)C3C(C(C(O3)COP(=O)(O)OP(=O)(O)OP(=O)(O)O)O)O)N,0.7323937598229685,0.4426276683807373,-0.5176769495010376,1.4443738460540771
727,P51570_wild,C(C=O)C(C(C(CO)O)O)O,-0.013228265733799947,0.040614109486341476,0.32530227303504944,0.5409486293792725
728,P51570_M60V/A334S,C1=NC(=C2C(=N1)N(C=N2)C3C(C(C(O3)COP(=O)(O)OP(=O)(O)OP(=O)(O)O)O)O)N,0.6232492903979004,0.3709401488304138,-0.498561829328537,1.355921745300293
729,P51570_Q242S,C1=NC(=C2C(=N1)N(C=N2)C3C(C(C(O3)COP(=O)(O)OP(=O)(O)OP(=O)(O)O)O)O)N,-1.350665141287858,0.3588929772377014,-0.4823319613933563,1.3426192998886108
730,P51570_R366Q,C(C1C(C(C(C(O1)O)O)O)O)O,-0.27572413039921095,0.2604895830154419,0.27507442235946655,0.7699806690216064
731,P51570_wild,C1=NC(=C2C(=N1)N(C=N2)C3C(C(C(O3)COP(=O)(O)OP(=O)(O)OP(=O)(O)O)O)O)N,-1.4685210829577449,0.35324060916900635,-0.4974401593208313,1.3557475805282593
732,P51570_M185L/Y379W,C1=NC(=C2C(=N1)N(C=N2)C3C(C(C(O3)COP(=O)(O)OP(=O)(O)OP(=O)(O)O)O)O)N,1.0569048513364727,0.26909154653549194,-0.5067117214202881,1.2788892984390259
733,P51570_E245S,C1=NC(=C2C(=N1)N(C=N2)C3C(C(C(O3)COP(=O)(O)OP(=O)(O)OP(=O)(O)O)O)O)N,-1.4067139329795428,0.3600342869758606,-0.46955606341362,1.362273931503296
734,P51570_E245S,C(C1C(C(C(C(O1)O)N)O)O)O,0.4623979978989561,0.10935604572296143,0.2223542034626007,0.5872460603713989
735,P51570_M60V/M180V/A334S/G373S,C1=NC(=C2C(=N1)N(C=N2)C3C(C(C(O3)COP(=O)(O)OP(=O)(O)OP(=O)(O)O)O)O)N,-0.24412514432750865,0.49174976348876953,-0.5244082808494568,1.4687026739120483
736,P51570_A334S,C1=NC(=C2C(=N1)N(C=N2)C3C(C(C(O3)COP(=O)(O)OP(=O)(O)OP(=O)(O)O)O)O)N,0.8976270912904415,0.3576986789703369,-0.4931163489818573,1.3448214530944824
737,P51570_E244S/M60V/M180V/D268E/A334S/R366Q/G373S/Y379W,C1=NC(=C2C(=N1)N(C=N2)C3C(C(C(O3)COP(=O)(O)OP(=O)(O)OP(=O)(O)O)O)O)N,-2.1804560644581312,0.48560386896133423,-0.5347577333450317,1.4819304943084717
738,P51570_M185L/Y379W,C(C1C(C(C(C(O1)O)O)O)O)O,0.04921802267018156,0.1809176206588745,0.3045330345630646,0.6761771440505981
739,P51570_E244S,C(C1C(C(C(C(O1)O)N)O)O)O,-0.036212172654444715,0.10975977778434753,0.2027055025100708,0.5769984126091003
740,P51570_D268E/G373S,C1=NC(=C2C(=N1)N(C=N2)C3C(C(C(O3)COP(=O)(O)OP(=O)(O)OP(=O)(O)O)O)O)N,1.1139433523068367,0.38823866844177246,-0.5148122310638428,1.3741786479949951
741,P51570_M185L,C(C=O)C(C(C(CO)O)O)O,0.8692317197309762,-0.008991140872240067,0.3168737292289734,0.48263439536094666
742,P51570_M60V,C1=NC(=C2C(=N1)N(C=N2)C3C(C(C(O3)COP(=O)(O)OP(=O)(O)OP(=O)(O)O)O)O)N,1.255272505103306,0.36657625436782837,-0.5034271478652954,1.366826057434082
743,P51570_M185L,C1=NC(=C2C(=N1)N(C=N2)C3C(C(C(O3)COP(=O)(O)OP(=O)(O)OP(=O)(O)O)O)O)N,1.5378190950732742,0.2871575355529785,-0.5007243752479553,1.2778366804122925
744,P51570_M60V/M180V/D268E/A334S/R366Q/G373S/Y379W,C1=NC(=C2C(=N1)N(C=N2)C3C(C(C(O3)COP(=O)(O)OP(=O)(O)OP(=O)(O)O)O)O)N,0.9084850188786497,0.4826509952545166,-0.5476389527320862,1.4768415689468384
745,P51570_R366Q,C1=NC(=C2C(=N1)N(C=N2)C3C(C(C(O3)COP(=O)(O)OP(=O)(O)OP(=O)(O)O)O)O)N,0.8864907251724818,0.36686772108078003,-0.5028442144393921,1.370143175125122
746,P51570_E244S,C1=NC(=C2C(=N1)N(C=N2)C3C(C(C(O3)COP(=O)(O)OP(=O)(O)OP(=O)(O)O)O)O)N,-1.4353339357479107,0.35378342866897583,-0.4869970977306366,1.357015609741211
747,P51570_M180V,C(C1C(C(C(C(O1)O)O)O)O)O,-1.00436480540245,0.3216656744480133,0.29415181279182434,0.8059422373771667
748,P51570_R228K,C1=NC(=C2C(=N1)N(C=N2)C3C(C(C(O3)COP(=O)(O)OP(=O)(O)OP(=O)(O)O)O)O)N,-1.826813731587726,0.36599647998809814,-0.49962887167930603,1.3677904605865479
749,P51570_M185L,C(C1C(C(C(C(O1)O)O)O)O)O,0.0755469613924942,0.1909867823123932,0.3061690330505371,0.6815442442893982
750,P51570_Y379W,C(C1C(C(C(C(O1)O)O)O)O)O,0.12057393120584989,0.22889313101768494,0.30420011281967163,0.7336654663085938
751,P51570_E244S/E245S,C1=NC(=C2C(=N1)N(C=N2)C3C(C(C(O3)COP(=O)(O)OP(=O)(O)OP(=O)(O)O)O)O)N,-1.2262135550188065,0.35111352801322937,-0.45753419399261475,1.349350929260254
752,P51570_M60V/M185L/M180V/D268E/A334S/R366Q/G373S/Y379W,C(C1C(C(C(C(O1)O)O)O)O)O,0.5156089492344803,0.3195486068725586,0.25420981645584106,0.7942787408828735
753,Q9K3S8_wild,C(C1C(C(C(C(O1)O)O)O)O)O,-0.20273245916928356,0.11288787424564362,0.7211650609970093,0.7344775795936584
754,P51570_Y379W,C(C=O)C(C(C(CO)O)O)O,0.3424226808222063,0.03759229555726051,0.3131834864616394,0.5399347543716431
755,P51570_E174D,C1=NC(=C2C(=N1)N(C=N2)C3C(C(C(O3)COP(=O)(O)OP(=O)(O)OP(=O)(O)O)O)O)N,-2.408935392973501,0.15023142099380493,-0.4188653826713562,1.144166350364685
756,Q9K3S8_wild,C1=NC(=C2C(=N1)N(C=N2)C3C(C(C(O3)COP(=O)(O)OP(=O)(O)OP(=O)(O)O)O)O)N,-1.4559319556497243,0.1112658679485321,-0.6232509016990662,1.142541527748108
757,O60507_wild,C1=NC(=C2C(=N1)N(C=N2)C3C(C(C(O3)COP(=O)(O)OS(=O)(=O)O)OP(=O)(O)O)O)N,-0.3010299956639812,-0.7686861157417297,-2.7748639583587646,1.467592477798462
758,O60507_wild,C1=CC(=CC=C1CC(C(=O)NC(CC2=CC=C(C=C2)O)C(=O)NC(CC3=CC=C(C=C3)O)C(=O)O)N)O,-1.7569619513137056,-0.486423134803772,-1.2611963748931885,1.1823087930679321
759,O60704_wild,C1=CC(=CC=C1CC(C(=O)NC(CC2=CC=C(C=C2)O)C(=O)NC(CC3=CC=C(C=C3)O)C(=O)O)N)O,-1.6575773191777938,-0.36802399158477783,-1.5170557498931885,1.4408338069915771
760,O60704_wild,C1=NC(=C2C(=N1)N(C=N2)C3C(C(C(O3)COP(=O)(O)OS(=O)(=O)O)OP(=O)(O)O)O)N,-0.22914798835785574,-0.6347302794456482,-2.8927855491638184,1.6798467636108398
761,A0QY48_wild,C(C(C(=O)O)N)O,-2.58838029403677,0.3025221824645996,1.4010134935379028,0.5197088122367859
762,P41921_wild,C1C=CN(C=C1C(=O)N)C2C(C(C(O2)COP(=O)(O)OP(=O)(O)OCC3C(C(C(O3)N4C=NC5=C(N=CN=C54)N)OP(=O)(O)O)O)O)O,-1.490797477668897,1.3258863687515259,-1.580386757850647,2.8386642932891846
763,Q9NL96_wild,C(CC(=O)NC(CSSCC(C(=O)NCC(=O)O)NC(=O)CCC(C(=O)O)N)C(=O)NCC(=O)O)C(C(=O)O)N,-1.3979400086720375,1.6969020366668701,-0.8594791889190674,2.642841339111328
764,Q9NL96_wild,C1C=CN(C=C1C(=O)N)C2C(C(C(O2)COP(=O)(O)OP(=O)(O)OCC3C(C(C(O3)N4C=NC5=C(N=CN=C54)N)OP(=O)(O)O)O)O)O,-1.543633966870957,1.6621164083480835,-1.7271610498428345,3.4128615856170654
765,P00390_wild,C1CCNC(=O)CNC(=O)C(CSSCC(C(=O)NCC(=O)NCCCNC1)NC(=O)CCC(C(=O)O)N)NC(=O)CCC(C(=O)O)N,-0.3010299956639812,1.2690942287445068,-1.0549784898757935,1.9723668098449707
766,P00390_wild,C(CC(=O)NC(CSSCC(C(=O)NCC(=O)O)NC(=O)CCC(C(=O)O)N)C(=O)NCC(=O)O)C(C(=O)O)N,-1.1426675035687315,1.1710947751998901,-0.8123586177825928,1.8264846801757812
767,P41921_wild,C(CC(=O)NC(CSSCC(C(=O)NCC(=O)O)NC(=O)CCC(C(=O)O)N)C(=O)NCC(=O)O)C(C(=O)O)N,-0.5808706922580243,1.1856943368911743,-0.6467777490615845,2.0662949085235596
768,Q9JLI6_wild,C(C(C(=O)O)N)[Se],0.9956351945975499,-0.14585745334625244,-0.31567463278770447,-0.2011742889881134
769,Q9JLI6_wild,C(C(C(=O)[O-])[NH3+])S(=O)[O-],0.9344984512435677,-0.10135410726070404,-0.6122484803199768,0.21328464150428772
770,D4GYV5_wild,C(C(C(=O)O)N)[Se],-0.013228265733799947,-0.6592956781387329,0.14137956500053406,0.2590790390968323
771,Q9HGY3_wild,CC(C(=O)O)N,0.6334684555795865,1.1821691989898682,0.2940143644809723,1.259007215499878
772,P54616_wild,C1C=CN(C=C1C(=O)N)C2C(C(C(O2)COP(=O)(O)OP(=O)(O)OCC3C(C(C(O3)N4C=NC5=C(N=CN=C54)N)O)O)O)O,-2.154901959985743,0.8563101291656494,-1.193123459815979,1.6418907642364502
773,C6XEY3_wild,C1C=CN(C=C1C(=O)N)C2C(C(C(O2)COP(=O)(O)OP(=O)(O)OCC3C(C(C(O3)N4C=NC5=C(N=CN=C54)N)O)O)O)O,-1.6882461389442458,0.2927875518798828,-1.2735954523086548,1.0776408910751343
774,C6XEY3_wild,CC=CC(=O)SCCNC(=O)CCNC(=O)C(C(C)(C)COP(=O)(O)OP(=O)(O)OCC1C(C(C(O1)N2C=NC3=C(N=CN=C32)N)O)OP(=O)(O)O)O,-1.7569619513137056,0.11880986392498016,-1.0626996755599976,1.0280777215957642
775,Q6GEY3_wild,CC1=C(SC=N1)CCO,-1.3565473235138126,-0.4464200735092163,-1.4329913854599,1.3899418115615845
776,A9A1Y1_wild,CC(C)(COP(=O)(O)OP(=O)(O)OCC1C(C(C(O1)N2C=NC3=C(N=CN=C32)N)O)OP(=O)(O)O)C(C(=O)NCCC(=O)NCCS)O,-0.7958800173440752,0.39484041929244995,-1.63127863407135,1.3486261367797852
777,A9A1Y1_wild,C(CC(=O)O)CO,-0.431798275933005,-0.2622295916080475,-0.018864605575799942,0.2313312292098999
778,A9A1Y1_wild,C1=NC(=C2C(=N1)N(C=N2)C3C(C(C(O3)COP(=O)(O)OP(=O)(O)OP(=O)(O)O)O)O)N,-0.6575773191777937,0.36446839570999146,-0.7566870450973511,0.9209132194519043
779,A9A1Y1_wild,CCCC(=O)[O-],0.6989700043360189,-0.2554941773414612,-0.2763632833957672,0.5736913681030273
780,Q59263_wild,CC1=CC2=C(C=C1C)N(C3=NC(=O)NC(=O)C3=N2)CC(C(C(CO)O)O)O,-1.8860566476931633,-0.14424316585063934,-2.2209255695343018,2.0825140476226807
781,Q59263_wild,C1=NC(=C2C(=N1)N(C=N2)C3C(C(C(O3)COP(=O)(O)OP(=O)(O)OP(=O)(O)O)O)O)N,-1.3665315444204134,0.028937097638845444,-1.0515097379684448,1.6513252258300781
782,Q59263_H28D/R161A/S164A/T165A,C1=NC(=C2C(=N1)N(C=N2)C3C(C(C(O3)COP(=O)(O)OP(=O)(O)OP(=O)(O)O)O)O)N,-1.9208187539523751,-0.26504114270210266,-0.8384236097335815,1.2281028032302856
783,Q59263_R161A,CC1=CC2=C(C=C1C)N(C3=NC(=O)NC(=O)C3=N2)CC(C(C(CO)O)O)O,-1.9208187539523751,-0.13424551486968994,-2.2368886470794678,2.0976433753967285
784,Q59263_H28D,CC1=CC2=C(C=C1C)N(C3=NC(=O)NC(=O)C3=N2)CC(C(C(CO)O)O)O,-1.6020599913279623,-0.33341026306152344,-2.092453718185425,1.7997877597808838
785,Q59263_H28A,CC1=CC2=C(C=C1C)N(C3=NC(=O)NC(=O)C3=N2)CC(C(C(CO)O)O)O,-1.6382721639824072,-0.34390363097190857,-2.0818190574645996,1.8010449409484863
786,Q59263_H31A,CC1=CC2=C(C=C1C)N(C3=NC(=O)NC(=O)C3=N2)CC(C(C(CO)O)O)O,-2.3467874862246565,-0.22723832726478577,-2.178199052810669,1.945037841796875
787,Q59263_H28A/H31A,C1=NC(=C2C(=N1)N(C=N2)C3C(C(C(O3)COP(=O)(O)OP(=O)(O)OP(=O)(O)O)O)O)N,-1.853871964321762,-0.2961403429508209,-0.8583893775939941,1.1984729766845703
788,Q59263_S164D,C1=NC(=C2C(=N1)N(C=N2)C3C(C(C(O3)COP(=O)(O)OP(=O)(O)OP(=O)(O)O)O)O)N,-2.0,-0.06590843200683594,-0.9579106569290161,1.5201290845870972
789,Q59263_N125A,CC1=CC2=C(C=C1C)N(C3=NC(=O)NC(=O)C3=N2)CC(C(C(CO)O)O)O,-2.769551078621726,-0.15551871061325073,-2.2099151611328125,2.0661697387695312
790,Q59263_R161D/T165D,C1=NC(=C2C(=N1)N(C=N2)C3C(C(C(O3)COP(=O)(O)OP(=O)(O)OP(=O)(O)O)O)O)N,-1.958607314841775,0.04818255826830864,-0.9513670206069946,1.6488832235336304
791,Q59263_N125A,C1=NC(=C2C(=N1)N(C=N2)C3C(C(C(O3)COP(=O)(O)OP(=O)(O)OP(=O)(O)O)O)O)N,-1.619788758288394,0.016254212707281113,-1.0290502309799194,1.6117174625396729
792,Q59263_N125D,C1=NC(=C2C(=N1)N(C=N2)C3C(C(C(O3)COP(=O)(O)OP(=O)(O)OP(=O)(O)O)O)O)N,-1.4559319556497243,0.04001658782362938,-1.048542857170105,1.6448793411254883
793,Q59263_N125D,CC1=CC2=C(C=C1C)N(C3=NC(=O)NC(=O)C3=N2)CC(C(C(CO)O)O)O,-1.7958800173440752,-0.13422729074954987,-2.214635133743286,2.071486473083496
794,Q59263_T165D,CC1=CC2=C(C=C1C)N(C3=NC(=O)NC(=O)C3=N2)CC(C(C(CO)O)O)O,-2.113509274827518,-0.14384593069553375,-2.1788485050201416,2.0666983127593994
795,Q59263_R66A,C1=NC(=C2C(=N1)N(C=N2)C3C(C(C(O3)COP(=O)(O)OP(=O)(O)OP(=O)(O)O)O)O)N,-1.8013429130455774,0.0604906789958477,-1.0282771587371826,1.6587369441986084
796,Q59263_S164D,CC1=CC2=C(C=C1C)N(C3=NC(=O)NC(=O)C3=N2)CC(C(C(CO)O)O)O,-2.2518119729937998,-0.2295292615890503,-2.1564767360687256,1.9630818367004395
797,Q59263_S164A,CC1=CC2=C(C=C1C)N(C3=NC(=O)NC(=O)C3=N2)CC(C(C(CO)O)O)O,-2.0555173278498313,-0.19483844935894012,-2.2102479934692383,2.0235543251037598
798,A3FM23_wild,CC1=CC2=C(C=C1C)N(C3=NC(=O)NC(=O)C3=N2)CC(C(C(CO)O)O)O,-1.3979400086720375,-0.48487937450408936,-2.168949842453003,1.56330144405365
799,P54691_wild,CC(C)CC(=O)C(=O)O,-1.3467874862246563,0.8938823342323303,-0.5496991872787476,1.3847042322158813
800,Q932V0_wild,CC(C(=O)O)N,1.0,1.6569164991378784,0.28711530566215515,1.4261993169784546
801,O59828_wild,CC(C(=O)O)N,0.38021124171160603,1.5631951093673706,0.6493927240371704,1.170654296875
802,P0A6B4_wild,CC(C(=O)O)N,-0.6020599913279624,1.6580281257629395,0.2919441759586334,1.429912805557251
803,A0KL98_wild,CC(C(=O)O)N,1.1863912156954932,1.6336452960968018,0.28080126643180847,1.4073256254196167
804,D0C5Y6_wild,CC(C(=O)O)N,-0.25181197299379965,1.6390438079833984,0.7080584168434143,1.6121002435684204
805,Q73GL9_wild,CC(C(=O)O)N,0.5797835966168101,-0.09620615839958191,0.7323436737060547,0.20876990258693695
806,B0LI36_wild,C(CC(C(=O)O)N)CN=C(N)N,0.5440680443502757,0.9674010276794434,0.4870387017726898,0.480974018573761
807,B0LI36_wild,C(C(=O)O)N,0.8388490907372553,1.2950127124786377,0.844125509262085,0.8659951090812683
808,P16659_E218A,C1CC(NC1)C(=O)O,0.5314789170422551,0.5227552652359009,-0.7205908298492432,0.6764938831329346
809,P16659_G217A,C1CC(NC1)C(=O)O,-0.3695721249749761,0.49794507026672363,-0.698428750038147,0.6380571722984314
810,P16659_E218A,CC(C(=O)O)N,3.1335389083702174,0.2595224976539612,-0.36618831753730774,0.23434153199195862
811,P16659_wild,C1CC(NC1)C(=O)O,-0.6420651529995463,0.5070960521697998,-0.7165335416793823,0.6585159301757812
812,P16659_wild,CC(C(=O)O)N,2.146128035678238,0.24248680472373962,-0.36150437593460083,0.21462388336658478
813,P16659_G217A,CC(C(=O)O)N,2.6570558528571038,0.2305050492286682,-0.3430911898612976,0.19164013862609863
814,D2D5G4_wild,CC(CCC=C(C)C)C1CCC2(C1(CCC34C2CCC5C3(C4)CCC(C5(C)C)O)C)C,-1.619788758288394,-1.5003503561019897,-1.6918480396270752,0.49207115173339844
815,D2D5G3_wild,CC(CCC=C(C)C)C1CCC2(C1(CCC34C2CCC5C3(C4)CCC(C5(C)C)O)C)C,-1.4559319556497243,-1.5733098983764648,-1.6795618534088135,0.36608362197875977
816,A8IJ34_wild,CC1C2CCC3=C(C2(CCC1O)C)CCC4(C3(CCC4C(C)CCC(=C)C(C)C)C)C,-1.6989700043360187,-1.134558916091919,-1.214053988456726,0.6828505992889404
817,A8IJ34_wild,CC(CCC=C(C)C)C1CCC2(C1(CCC34C2CCC5C3(C4)CCC(C5(C)C)O)C)C,-1.6020599913279623,-1.0198911428451538,-1.3441275358200073,0.6057089567184448
818,A8IJ34_wild,CC(CCC=C(C)C)C1CCC2(C1(CCC3=C2CCC4C3(CCC(C4(C)C)O)C)C)C,-1.619788758288394,-1.051514744758606,-1.2537133693695068,0.7917463183403015
819,Q9I297_G423A,CC(=CC(=O)SCCNC(=O)CCNC(=O)C(C(C)(C)COP(=O)(O)OP(=O)(O)OCC1C(C(C(O1)N2C=NC3=C(N=CN=C32)N)O)OP(=O)(O)O)O)C,-0.7471469690201069,0.4185529947280884,-1.1753968000411987,2.723003387451172
820,Q9I297_wild,CC(=CC(=O)SCCNC(=O)CCNC(=O)C(C(C)(C)COP(=O)(O)OP(=O)(O)OCC1C(C(C(O1)N2C=NC3=C(N=CN=C32)N)O)OP(=O)(O)O)O)C,-0.6655462488490691,0.42029741406440735,-1.187013030052185,2.7389614582061768
821,Q9I297_F417Y/G423A,CC(=CC(=O)SCCNC(=O)CCNC(=O)C(C(C)(C)COP(=O)(O)OP(=O)(O)OCC1C(C(C(O1)N2C=NC3=C(N=CN=C32)N)O)OP(=O)(O)O)O)C,-0.5016894462103995,0.40496188402175903,-1.1828151941299438,2.7318544387817383
822,Q9I297_R51A,CC(=CC(=O)SCCNC(=O)CCNC(=O)C(C(C)(C)COP(=O)(O)OP(=O)(O)OCC1C(C(C(O1)N2C=NC3=C(N=CN=C32)N)O)OP(=O)(O)O)O)C,-0.5100415205751654,0.452160120010376,-1.1935168504714966,2.746823310852051
823,Q9I297_F417Y,CC(=CC(=O)SCCNC(=O)CCNC(=O)C(C(C)(C)COP(=O)(O)OP(=O)(O)OCC1C(C(C(O1)N2C=NC3=C(N=CN=C32)N)O)OP(=O)(O)O)O)C,-0.28903688100472424,0.40649425983428955,-1.195157766342163,2.7468771934509277
824,A5K9U5_wild,CC(CO)(C(COP(=O)(O)O)O)O,-1.599807511407424,0.312267005443573,-1.2292572259902954,0.1403656154870987
825,A5K9U5_wild,C1=CN(C(=O)N=C1N)C2C(C(C(O2)COP(=O)(O)OP(=O)(O)OP(=O)(O)O)O)O,-1.637329070274333,0.040017541497945786,-1.3997814655303955,0.3690788149833679
826,A9BHJ0_wild,C1=NC2=C(N1C3C(C(C(O3)COP(=O)(O)OP(=O)(O)OC4C(C(C(C(O4)CO)O)O)O)O)O)N=C(NC2=O)N,0.0,0.27772843837738037,-0.18307062983512878,1.21937894821167
827,A9BHJ0_wild,C(C1C(C(C(C(O1)OC(COP(=O)([O-])[O-])C(=O)[O-])O)O)O)O,-0.09691001300805639,0.3967914283275604,0.25294816493988037,1.0296388864517212
828,P0AEZ1_Q183A,C1C=CN(C=C1C(=O)N)C2C(C(C(O2)COP(=O)(O)OP(=O)(O)OCC3C(C(C(O3)N4C=NC5=C(N=CN=C54)N)O)O)O)O,-2.0,0.6771358847618103,-0.9498471617698669,1.6909843683242798
829,P0AEZ1_D120N,C1C=CN(C=C1C(=O)N)C2C(C(C(O2)COP(=O)(O)OP(=O)(O)OCC3C(C(C(O3)N4C=NC5=C(N=CN=C54)N)O)O)O)O,-2.3010299956639813,0.9026830792427063,-1.0753759145736694,2.0009074211120605
830,P0AEZ1_D120N,C1C2CN(CN2C3=C(N1)N=C(NC3=O)N)C4=CC=C(C=C4)C(=O)NC(CCC(=O)O)C(=O)O,-1.5686362358410126,0.23493987321853638,-0.8887965679168701,1.687361240386963
831,P0AEZ1_E28Q,C1C=CN(C=C1C(=O)N)C2C(C(C(O2)COP(=O)(O)OP(=O)(O)OCC3C(C(C(O3)N4C=NC5=C(N=CN=C54)N)O)O)O)O,-1.0969100130080565,0.5973498821258545,-0.9724593162536621,1.5673096179962158
832,P0AEZ1_wild,CN1C(CNC2=C1C(=O)NC(=N2)N)CNC3=CC=C(C=C3)C(=O)NC(CCC(=O)O)C(=O)O,-1.0705810742857071,0.6243391633033752,-1.2820981740951538,1.8185451030731201
833,P0AEZ1_A177V/D120N,C1C=CN(C=C1C(=O)N)C2C(C(C(O2)COP(=O)(O)OP(=O)(O)OCC3C(C(C(O3)N4C=NC5=C(N=CN=C54)N)O)O)O)O,-1.769551078621726,0.8576992154121399,-1.069358229637146,1.9465081691741943
834,P0AEZ1_Q183A,C1C2CN(CN2C3=C(N1)N=C(NC3=O)N)C4=CC=C(C=C4)C(=O)NC(CCC(=O)O)C(=O)O,-0.9829666607012196,0.04761965200304985,-0.8307968378067017,1.4156546592712402
835,P0AEZ1_Q183E,C1C2CN(CN2C3=C(N1)N=C(NC3=O)N)C4=CC=C(C=C4)C(=O)NC(CCC(=O)O)C(=O)O,-0.9665762445130504,0.11766427755355835,-0.8740389347076416,1.5393009185791016
836,P0AEZ1_A177V,C1C2CN(CN2C3=C(N1)N=C(NC3=O)N)C4=CC=C(C=C4)C(=O)NC(CCC(=O)O)C(=O)O,-2.408935392973501,0.33810189366340637,-0.9422507882118225,1.8065416812896729
837,P0AEZ1_Q183E,C1C=CN(C=C1C(=O)N)C2C(C(C(O2)COP(=O)(O)OP(=O)(O)OCC3C(C(C(O3)N4C=NC5=C(N=CN=C54)N)O)O)O)O,-2.1804560644581312,0.7601400017738342,-1.0259877443313599,1.8388400077819824
838,P0AEZ1_D120N,CN1C(CNC2=C1C(=O)NC(=N2)N)CNC3=CC=C(C=C3)C(=O)NC(CCC(=O)O)C(=O)O,-0.9746941347352298,0.4975302219390869,-1.24687659740448,1.6864278316497803
839,Q96EY8_T161I,C1=NC(=C2C(=N1)N(C=N2)C3C(C(C(O3)COP(=O)(O)OP(=O)(O)OP(=O)(O)O)O)O)N,-2.3010299956639813,1.1810073852539062,-1.4000871181488037,2.419512987136841
840,Q96EY8_wild,CC1=CC2=C(C=C1C)N(C=N2)C3C(C(C(O3)CO)OP(=O)([O-])OC(C)CNC(=O)CCC4(C(C5C6(C(C(C(=N6)C(=C7C(C(C(=N7)C=C8C(C(C(=N8)C(=C4[N-]5)C)CCC(=O)N)(C)C)CCC(=O)N)(C)CC(=O)N)C)CCC(=O)N)(C)CC(=O)N)C)CC(=O)N)C)O.[Co],-2.7958800173440754,1.438384771347046,-2.9536826610565186,3.3976688385009766
841,Q96EY8_wild,C1=NC(=C2C(=N1)N(C=N2)C3C(C(C(O3)COP(=O)(O)OP(=O)(O)OP(=O)(O)O)O)O)N,-2.1337126609158052,1.2058510780334473,-1.4047726392745972,2.460391044616699
842,Q96EY8_S126L,CC1=CC2=C(C=C1C)N(C=N2)C3C(C(C(O3)CO)OP(=O)([O-])OC(C)CNC(=O)CCC4(C(C5C6(C(C(C(=N6)C(=C7C(C(C(=N7)C=C8C(C(C(=N8)C(=C4[N-]5)C)CCC(=O)N)(C)C)CCC(=O)N)(C)CC(=O)N)C)CCC(=O)N)(C)CC(=O)N)C)CC(=O)N)C)O.[Co],-1.8446639625349381,1.3957301378250122,-2.9483749866485596,3.3490753173828125
843,Q96EY8_D64G,C1=NC(=C2C(=N1)N(C=N2)C3C(C(C(O3)COP(=O)(O)OP(=O)(O)OP(=O)(O)O)O)O)N,-1.6882461389442458,0.8361424207687378,-1.2502613067626953,1.9625078439712524
844,Q96EY8_C119Y,C1=NC(=C2C(=N1)N(C=N2)C3C(C(C(O3)COP(=O)(O)OP(=O)(O)OP(=O)(O)O)O)O)N,-1.85078088734462,1.2135313749313354,-1.4199408292770386,2.498025894165039
845,Q96EY8_S68F,C1=NC(=C2C(=N1)N(C=N2)C3C(C(C(O3)COP(=O)(O)OP(=O)(O)OP(=O)(O)O)O)O)N,-1.764471553092451,1.0930415391921997,-1.347629427909851,2.2880330085754395
846,Q96EY8_R76G,C1=NC(=C2C(=N1)N(C=N2)C3C(C(C(O3)COP(=O)(O)OP(=O)(O)OP(=O)(O)O)O)O)N,-1.3381873144627388,1.1927034854888916,-1.3610340356826782,2.453504800796509
847,Q96EY8_F83S,C1=NC(=C2C(=N1)N(C=N2)C3C(C(C(O3)COP(=O)(O)OP(=O)(O)OP(=O)(O)O)O)O)N,-0.6675615400843947,1.1341605186462402,-1.3858343362808228,2.384218215942383
848,Q96EY8_G63E,C1=NC(=C2C(=N1)N(C=N2)C3C(C(C(O3)COP(=O)(O)OP(=O)(O)OP(=O)(O)O)O)O)N,-1.9065783148377649,0.9625780582427979,-1.1848176717758179,2.068035364151001
849,Q96EY8_G97R,C1=NC(=C2C(=N1)N(C=N2)C3C(C(C(O3)COP(=O)(O)OP(=O)(O)OP(=O)(O)O)O)O)N,-1.6925039620867872,0.9825276136398315,-1.367428183555603,2.203690767288208
850,Q96EY8_D218N,CC1=CC2=C(C=C1C)N(C=N2)C3C(C(C(O3)CO)OP(=O)([O-])OC(C)CNC(=O)CCC4(C(C5C6(C(C(C(=N6)C(=C7C(C(C(=N7)C=C8C(C(C(=N8)C(=C4[N-]5)C)CCC(=O)N)(C)C)CCC(=O)N)(C)CC(=O)N)C)CCC(=O)N)(C)CC(=O)N)C)CC(=O)N)C)O.[Co],-2.7644715530924513,1.379294514656067,-2.9633290767669678,3.3204360008239746
851,Q96EY8_D218N,C1=NC(=C2C(=N1)N(C=N2)C3C(C(C(O3)COP(=O)(O)OP(=O)(O)OP(=O)(O)O)O)O)N,-2.5421181032660076,1.1249102354049683,-1.4135394096374512,2.3657429218292236
852,Q96EY8_S68F,CC1=CC2=C(C=C1C)N(C=N2)C3C(C(C(O3)CO)OP(=O)([O-])OC(C)CNC(=O)CCC4(C(C5C6(C(C(C(=N6)C(=C7C(C(C(=N7)C=C8C(C(C(=N8)C(=C4[N-]5)C)CCC(=O)N)(C)C)CCC(=O)N)(C)CC(=O)N)C)CCC(=O)N)(C)CC(=O)N)C)CC(=O)N)C)O.[Co],-2.730487055782084,1.3331003189086914,-2.884557008743286,3.234400749206543
853,Q96EY8_G97R,CC1=CC2=C(C=C1C)N(C=N2)C3C(C(C(O3)CO)OP(=O)([O-])OC(C)CNC(=O)CCC4(C(C5C6(C(C(C(=N6)C(=C7C(C(C(=N7)C=C8C(C(C(=N8)C(=C4[N-]5)C)CCC(=O)N)(C)C)CCC(=O)N)(C)CC(=O)N)C)CCC(=O)N)(C)CC(=O)N)C)CC(=O)N)C)O.[Co],-2.518557371497695,1.2468265295028687,-2.91913104057312,3.1682465076446533
854,Q96EY8_G97E,CC1=CC2=C(C=C1C)N(C=N2)C3C(C(C(O3)CO)OP(=O)([O-])OC(C)CNC(=O)CCC4(C(C5C6(C(C(C(=N6)C(=C7C(C(C(=N7)C=C8C(C(C(=N8)C(=C4[N-]5)C)CCC(=O)N)(C)C)CCC(=O)N)(C)CC(=O)N)C)CCC(=O)N)(C)CC(=O)N)C)CC(=O)N)C)O.[Co],-2.598599459218456,1.2503564357757568,-2.8684072494506836,3.1649410724639893
855,Q96EY8_G97E,C1=NC(=C2C(=N1)N(C=N2)C3C(C(C(O3)COP(=O)(O)OP(=O)(O)OP(=O)(O)O)O)O)N,-2.281498311132726,1.0146600008010864,-1.3198617696762085,2.234893321990967
856,Q96EY8_S126L,C1=NC(=C2C(=N1)N(C=N2)C3C(C(C(O3)COP(=O)(O)OP(=O)(O)OP(=O)(O)O)O)O)N,-1.0570004066339596,1.1560001373291016,-1.4109538793563843,2.396394729614258
857,Q96EY8_H183Y,CC1=CC2=C(C=C1C)N(C=N2)C3C(C(C(O3)CO)OP(=O)([O-])OC(C)CNC(=O)CCC4(C(C5C6(C(C(C(=N6)C(=C7C(C(C(=N7)C=C8C(C(C(=N8)C(=C4[N-]5)C)CCC(=O)N)(C)C)CCC(=O)N)(C)CC(=O)N)C)CCC(=O)N)(C)CC(=O)N)C)CC(=O)N)C)O.[Co],-2.1469104701481343,1.320356845855713,-2.9290847778320312,3.2362587451934814
858,Q96EY8_G63E,CC1=CC2=C(C=C1C)N(C=N2)C3C(C(C(O3)CO)OP(=O)([O-])OC(C)CNC(=O)CCC4(C(C5C6(C(C(C(=N6)C(=C7C(C(C(=N7)C=C8C(C(C(=N8)C(=C4[N-]5)C)CCC(=O)N)(C)C)CCC(=O)N)(C)CC(=O)N)C)CCC(=O)N)(C)CC(=O)N)C)CC(=O)N)C)O.[Co],-2.6497519816658373,1.1863981485366821,-2.740691900253296,2.999844789505005
859,Q96EY8_R76G,CC1=CC2=C(C=C1C)N(C=N2)C3C(C(C(O3)CO)OP(=O)([O-])OC(C)CNC(=O)CCC4(C(C5C6(C(C(C(=N6)C(=C7C(C(C(=N7)C=C8C(C(C(=N8)C(=C4[N-]5)C)CCC(=O)N)(C)C)CCC(=O)N)(C)CC(=O)N)C)CCC(=O)N)(C)CC(=O)N)C)CC(=O)N)C)O.[Co],-2.0414361167780326,1.4137871265411377,-2.9110214710235596,3.3725876808166504
860,Q96EY8_F83S,CC1=CC2=C(C=C1C)N(C=N2)C3C(C(C(O3)CO)OP(=O)([O-])OC(C)CNC(=O)CCC4(C(C5C6(C(C(C(=N6)C(=C7C(C(C(=N7)C=C8C(C(C(=N8)C(=C4[N-]5)C)CCC(=O)N)(C)C)CCC(=O)N)(C)CC(=O)N)C)CCC(=O)N)(C)CC(=O)N)C)CC(=O)N)C)O.[Co],-1.5199930570428495,1.366776943206787,-2.9149844646453857,3.3119640350341797
861,Q96EY8_K78R,CC1=CC2=C(C=C1C)N(C=N2)C3C(C(C(O3)CO)OP(=O)([O-])OC(C)CNC(=O)CCC4(C(C5C6(C(C(C(=N6)C(=C7C(C(C(=N7)C=C8C(C(C(=N8)C(=C4[N-]5)C)CCC(=O)N)(C)C)CCC(=O)N)(C)CC(=O)N)C)CCC(=O)N)(C)CC(=O)N)C)CC(=O)N)C)O.[Co],-2.6478174818886373,1.409818172454834,-2.9449946880340576,3.349799156188965
862,Q96EY8_T161I,CC1=CC2=C(C=C1C)N(C=N2)C3C(C(C(O3)CO)OP(=O)([O-])OC(C)CNC(=O)CCC4(C(C5C6(C(C(C(=N6)C(=C7C(C(C(=N7)C=C8C(C(C(=N8)C(=C4[N-]5)C)CCC(=O)N)(C)C)CCC(=O)N)(C)CC(=O)N)C)CCC(=O)N)(C)CC(=O)N)C)CC(=O)N)C)O.[Co],-2.567030709125594,1.4157365560531616,-2.949917793273926,3.3640215396881104
863,Q96EY8_D64G,CC1=CC2=C(C=C1C)N(C=N2)C3C(C(C(O3)CO)OP(=O)([O-])OC(C)CNC(=O)CCC4(C(C5C6(C(C(C(=N6)C(=C7C(C(C(=N7)C=C8C(C(C(=N8)C(=C4[N-]5)C)CCC(=O)N)(C)C)CCC(=O)N)(C)CC(=O)N)C)CCC(=O)N)(C)CC(=O)N)C)CC(=O)N)C)O.[Co],-2.712198270069774,1.0919119119644165,-2.8042869567871094,2.9145212173461914
864,Q96EY8_C119Y,CC1=CC2=C(C=C1C)N(C=N2)C3C(C(C(O3)CO)OP(=O)([O-])OC(C)CNC(=O)CCC4(C(C5C6(C(C(C(=N6)C(=C7C(C(C(=N7)C=C8C(C(C(=N8)C(=C4[N-]5)C)CCC(=O)N)(C)C)CCC(=O)N)(C)CC(=O)N)C)CCC(=O)N)(C)CC(=O)N)C)CC(=O)N)C)O.[Co],-2.2898826348881838,1.4406657218933105,-2.9728384017944336,3.44547176361084
865,Q96EY8_K78R,C1=NC(=C2C(=N1)N(C=N2)C3C(C(C(O3)COP(=O)(O)OP(=O)(O)OP(=O)(O)O)O)O)N,-2.0830199526796176,1.1762595176696777,-1.40247642993927,2.4113924503326416
866,Q96EY8_H183Y,C1=NC(=C2C(=N1)N(C=N2)C3C(C(C(O3)COP(=O)(O)OP(=O)(O)OP(=O)(O)O)O)O)N,-2.001304841688344,1.0888328552246094,-1.382158637046814,2.2969093322753906
867,O05394_wild,C(CSCC(C(=O)O)N)C(C(=O)O)N,0.47712125471966244,0.34958380460739136,-0.2927318215370178,0.7866271138191223
868,B9WZX7_wild,CC(=CC1C2=C(C(C3(N1C(=O)C4CCCN4C3=O)O)O)C5=C(N2)C=C(C=C5)OC)C,-1.0177287669604316,-1.224812626838684,-1.0065242052078247,0.29102084040641785
869,B9WZX7_wild,CC(=CCOP(=O)(O)OP(=O)(O)O)C,-0.7304870557820837,-1.2094918489456177,-1.0111488103866577,0.12621480226516724
870,Q5IW40_R90K,C(CP(=O)(O)O)O,-1.2218487496163564,0.021859120577573776,-0.06554634869098663,1.560177206993103
871,Q5IW40_R90K,O=O,-1.0,0.38014543056488037,-1.1116429567337036,2.1342344284057617
872,Q5IW40_Y98F,C(CP(=O)(O)O)O,-0.09691001300805639,0.05629478022456169,-0.0664355456829071,1.575163722038269
873,Q5IW40_wild,O=O,-1.4814860601221125,0.36042916774749756,-1.105502963066101,2.118037462234497
874,Q5IW40_R90A,C(CP(=O)(O)O)O,-0.16115090926274472,0.014825280755758286,-0.06238985434174538,1.5523713827133179
875,Q5IW40_wild,C(CP(=O)(O)O)O,-2.0087739243075053,0.006896983832120895,-0.05850077047944069,1.5397484302520752
876,A0A060S684_wild,C1C(C(C(CC1(C(=O)O)O)OC(=O)C=CC2=CC(=C(C=C2)O)O)O)O,-1.5800442515102422,0.8235862851142883,-0.7327167987823486,1.817309021949768
877,A0A060S684_wild,COC1=C(C=CC(=C1)C=CC(=O)OC)O,-0.7456936676687145,0.8089106678962708,-0.8859940767288208,1.7115601301193237
878,A0A060S684_wild,COC(=O)C=CC1=CC=C(C=C1)O,-0.6304131092636557,1.0538524389266968,-1.328436017036438,1.783963680267334
879,A0A060S684_wild,COC(=O)C=CC1=CC(=C(C=C1)O)O,-0.9027426903065799,1.117679476737976,-0.7944132089614868,1.6739716529846191
880,O29428_wild,C1C=CN(C=C1C(=O)N)C2C(C(C(O2)COP(=O)(O)OP(=O)(O)OCC3C(C(C(O3)N4C=NC5=C(N=CN=C54)N)OP(=O)(O)O)O)O)O,-1.0969100130080565,1.740174412727356,-1.715511679649353,3.1870007514953613
881,O29428_wild,C(CN(CC(=O)[O-])CC(=O)[O-])N(CC(=O)[O-])CC(=O)[O-].[Fe+3],-1.1804560644581312,1.5137344598770142,-1.0331754684448242,2.4676287174224854
882,O29428_wild,C1C=CN(C=C1C(=O)N)C2C(C(C(O2)COP(=O)(O)OP(=O)(O)OCC3C(C(C(O3)N4C=NC5=C(N=CN=C54)N)O)O)O)O,-1.214670164989233,1.7862069606781006,-1.577715516090393,3.0593957901000977
883,Q8BG93_wild,C1C(C(OC1N2C3=C(C(=O)NC(=N3)N)NC2=O)COP(=O)(O)OP(=O)(O)OP(=O)(O)O)O,-1.494850021680094,0.021606292575597763,-1.764111876487732,1.160905361175537
884,Q8NDF8_wild,C1=NC(=C2C(=N1)N(C=N2)C3C(C(C(O3)COP(=O)(O)OP(=O)(O)OP(=O)(O)O)O)O)N,-1.1965428843515862,-0.569105327129364,-1.5349900722503662,0.659957230091095
885,Q8NDF8_K560E,C1=NC(=C2C(=N1)N(C=N2)C3C(C(C(O3)COP(=O)(O)OP(=O)(O)OP(=O)(O)O)O)O)N,-1.3288271572849166,-0.5905996561050415,-1.556113362312317,0.6647115349769592
886,A4IB50_wild,C[N+](C)(C)CCO,-1.0506099933550872,1.4135680198669434,-0.919200599193573,1.944809079170227
887,A4IB50_wild,C(CO)N,1.8750612633917,1.380385398864746,-0.3501334488391876,2.20245099067688
888,E7BYE4_wild,CC(=O)NC1C(C(C(OC1OC2=CC=C(C=C2)[N+](=O)[O-])CO)O)O,-0.8507808873449282,0.6122622489929199,-0.2987917959690094,1.335003137588501
889,Q9WZZ1_wild,CC(=O)C(C(COP(=O)(O)O)O)O,-0.958607314841775,0.25187909603118896,-0.5903844833374023,0.940441370010376
890,Q9WZZ1_wild,C1C=CN(C=C1C(=O)N)C2C(C(C(O2)COP(=O)(O)OP(=O)(O)OCC3C(C(C(O3)N4C=NC5=C(N=CN=C54)N)OP(=O)(O)O)O)O)O,-1.978810700930062,0.06316494941711426,-1.579677700996399,1.8082423210144043
891,Q59971_wild,CC1C(C(CC(O1)OC2CC(CC3=C2C(=C4C(=C3O)C(=O)C5=C(C4=O)C(=CC=C5)OC)O)(C(=O)C)O)N)O,-3.0457574905606752,-1.8174145221710205,-1.7101329565048218,1.0851781368255615
892,Q59971_wild,CCC1(CC(C2=C(C1)C(=C3C(=C2O)C(=O)C4=C(C3=O)C=CC=C4OC)O)OC5CC(C(C(O5)C)O)N)O,-2.958607314841775,-1.665785312652588,-1.9668376445770264,1.2796076536178589
893,Q59971_wild,CCC1(CC(C2=C(C1)C(=C3C(=C2O)C(=O)C4=C(C3=O)C=CC=C4O)O)OC5CC(C(C(O5)C)O)N)O,-2.6020599913279625,-1.7389936447143555,-2.121108293533325,1.2285997867584229
894,Q59971_wild,CC1C(C(CC(O1)OC2CC(CC3=C2C(=C4C(=C3O)C(=O)C5=C(C4=O)C(=CC=C5)OC)O)(C(C)O)O)N)O,-2.337242168318426,-1.8414335250854492,-1.6016560792922974,0.9428348541259766
895,Q9S787_wild,C1=CC(=C(C=C1C2C(C(=O)C3=C(C=C(C=C3O2)O)O)O)O)O,-2.0969100130080562,0.30394983291625977,-1.5662633180618286,2.118170976638794
896,Q9S787_N141D,C1=CC(=C(C=C1C2C(C(=O)C3=C(C=C(C=C3O2)O)O)O)O)O,-0.5985994592184559,0.2976272702217102,-1.556796908378601,2.094038963317871
897,Q9S787_N141D,C1=C(C=C(C(=C1O)O)O)C2C(C(=O)C3=C(C=C(C=C3O2)O)O)O,-1.431798275933005,0.5393428206443787,-1.4263745546340942,2.123016119003296
898,Q9S787_N141A,C1=C(C=C(C(=C1O)O)O)C2C(C(=O)C3=C(C=C(C=C3O2)O)O)O,-1.0409586076789064,0.5506298542022705,-1.4483461380004883,2.148461103439331
899,Q9S787_wild,C1=C(C=C(C(=C1O)O)O)C2C(C(=O)C3=C(C=C(C=C3O2)O)O)O,-1.3665315444204134,0.537571132183075,-1.4428704977035522,2.145073890686035
900,Q9S787_N141A,C1=CC(=C(C=C1C2C(C(=O)C3=C(C=C(C=C3O2)O)O)O)O)O,-1.0555173278498313,0.31630739569664,-1.5711915493011475,2.1180813312530518
901,Q9S787_N141A,C1=CC(=CC=C1C2C(C(=O)C3=C(C=C(C=C3O2)O)O)O)O,-0.40011692792631215,0.4725912809371948,-1.8678020238876343,2.3377532958984375
902,Q9S787_wild,C1=CC(=CC=C1C2C(C(=O)C3=C(C=C(C=C3O2)O)O)O)O,-0.2684112348132613,0.46243155002593994,-1.8644543886184692,2.3380730152130127
903,A0A0C6EUC4_wild,C1=C(C=C(C(=C1O)O)O)C2C(C(=O)C3=C(C=C(C=C3O2)O)O)O,-3.3010299956639813,0.28054535388946533,-1.4597961902618408,1.9426383972167969
904,A0A0C6EUC4_wild,C1=CC(=C(C=C1C2C(C(=O)C3=C(C=C(C=C3O2)O)O)O)O)O,-2.6989700043360187,0.09135141968727112,-1.566345453262329,1.9223623275756836
905,A0A0C6EUC4_wild,C1=CC(=CC=C1C2C(C(=O)C3=C(C=C(C=C3O2)O)O)O)O,-2.214670164989233,0.2835753858089447,-1.8202840089797974,2.1443052291870117
906,A0A0A0PTJ7_wild,C1=CC(=C(C=C1C2C(C(=O)C3=C(C=C(C=C3O2)O)O)O)O)O,-3.3979400086720375,0.262620210647583,-1.5596436262130737,1.964501142501831
907,A0A0A0PTJ7_wild,C1=C(C=C(C(=C1O)O)O)C2C(C(=O)C3=C(C=C(C=C3O2)O)O)O,-2.638272163982407,0.47137176990509033,-1.3779217004776,2.0124289989471436
908,Q5UL14_wild,C1=CC(=CC=C1C2C(C(=O)C3=C(C=C(C=C3O2)O)O)O)O,-3.3979400086720375,0.27921125292778015,-1.845509648323059,2.153798818588257
909,Q988B8_wild,CC(=O)C(=O)[O-],-0.46852108295774486,0.3611730933189392,-0.14577707648277283,0.5575661063194275
910,Q988B8_wild,CC1=NC=C(C(=C1O)CN)CO,-1.3565473235138126,-0.11524458229541779,-1.1051493883132935,0.7515915632247925
911,Q988B8_R336A,CC1=NC=C(C(=C1O)CN)CO,-1.0,-0.09045715630054474,-1.0624988079071045,0.7624713182449341
912,Q988B8_E68A,CC1=NC=C(C(=C1O)CN)CO,0.11394335230683679,-0.09057397395372391,-1.1273630857467651,0.771527886390686
913,Q988B8_E68G,CC1=NC=C(C(=C1O)CN)CO,0.3979400086720376,-0.07904058694839478,-1.1366312503814697,0.7850128412246704
914,Q988B8_Y35H/V70R/F247C,C(CC(=O)O)C(=O)C(=O)O,0.9444826721501687,0.42842739820480347,-0.2842539846897125,0.16045676171779633
915,Q988B8_E68A,CC1=NC=C(C(=C1O)CN)COP(=O)(O)O,0.5314789170422551,-0.17334136366844177,-1.306742548942566,0.6254361271858215
916,Q988B8_M2T/Y35H/V70K/E212G,C(CC(=O)O)C(C(=O)O)N,1.7075701760979363,0.45539411902427673,0.4808540642261505,-0.10403493046760559
917,Q988B8_V70K,C(CC(=O)O)C(C(=O)O)N,2.1522883443830567,0.4178645610809326,0.5250540971755981,-0.12406545877456665
918,Q988B8_Y35H/V70K,C(CC(=O)O)C(=O)C(=O)O,1.100370545117563,0.4596061110496521,-0.3039869964122772,0.19232413172721863
919,Q988B8_Y35H/V70R/F247C,C(CC(=O)O)C(C(=O)O)N,1.6273658565927327,0.4105629026889801,0.519544243812561,-0.1337193250656128
920,Q988B8_M2T/Y35H/V70K,C(CC(=O)O)C(=O)C(=O)O,1.3242824552976926,0.46594029664993286,-0.3138423562049866,0.18794797360897064
921,Q988B8_R336A,CC(=O)C(=O)[O-],0.8388490907372553,0.3714412450790405,-0.11894923448562622,0.555522620677948
922,Q988B8_M2T/Y35H/V70K/E212G,C(CC(=O)O)C(=O)C(=O)O,1.235528446907549,0.43792206048965454,-0.3310057818889618,0.20315098762512207
923,Q988B8_Y35H/V70K,C(CC(=O)O)C(C(=O)O)N,1.4668676203541096,0.4477083086967468,0.508506715297699,-0.09536337852478027
924,Q988B8_M2T/V70K,C(CC(=O)O)C(=O)C(=O)O,1.888179493918325,0.42444390058517456,-0.30357423424720764,0.16421125829219818
925,Q988B8_wild,C(CC(=O)O)C(=O)C(=O)O,1.9036325160842371,0.44742730259895325,-0.2773614227771759,0.17907781898975372
926,Q988B8_V70K,C(CC(=O)O)C(=O)C(=O)O,2.0111473607757975,0.4152909517288208,-0.29090872406959534,0.16958005726337433
927,Q988B8_V70K/E212G,C(CC(=O)O)C(=O)C(=O)O,2.0425755124401905,0.38990920782089233,-0.3101617395877838,0.18868790566921234
928,Q988B8_M2T/V70K/E212G,C(CC(=O)O)C(=O)C(=O)O,2.0285712526925375,0.39792412519454956,-0.3190646767616272,0.18037375807762146
929,Q988B8_V70R/F247C,C(CC(=O)O)C(=O)C(=O)O,1.787460474518415,0.3903261423110962,-0.2714744508266449,0.14547236263751984
930,Q988B8_wild,C(CC(=O)O)C(C(=O)O)N,2.091315159697223,0.4508262872695923,0.5283421277999878,-0.1314329206943512
931,Q988B8_M2T/Y35H/V70K,C(CC(=O)O)C(C(=O)O)N,1.6454222693490919,0.4584208130836487,0.5000789761543274,-0.09871408343315125
932,Q988B8_V70R/F247C,C(CC(=O)O)C(C(=O)O)N,2.125481265700594,0.3863656222820282,0.5348228216171265,-0.1584213376045227
933,P50163_wild,C1C=CN(C=C1C(=O)N)C2C(C(C(O2)COP(=O)(O)OP(=O)(O)OCC3C(C(C(O3)N4C=NC5=C(N=CN=C54)N)OP(=O)(O)O)O)O)O,-1.7670038896078462,0.6298873424530029,-1.5981308221817017,2.0114309787750244
934,P50163_wild,CN1C2CCC1CC(=O)C2,-1.322393047279507,0.4212826192378998,-0.16072165966033936,0.5912330150604248
935,A0A6B7HD48_wild,CN1C2CCC1CC(=O)C2,-0.060480747381381476,0.41137897968292236,-0.06770142912864685,0.5320051908493042
936,Q9AGP8_wild,CN(C)CC(=O)O,0.3010299956639812,0.5626795291900635,0.13280531764030457,0.5514808893203735
937,Q84AR1_C115H,C=CCS(=O)CC(C(=O)O)N,-0.3565473235138126,0.35436326265335083,-0.15247756242752075,0.8446877002716064
938,Q84AR1_C115H,CCS(=O)CC(C(=O)O)N,-0.34008379993014975,0.5648140907287598,-0.01593686267733574,0.6838469505310059
939,Q84AR1_C115A,CS(=O)CC(C(=O)O)N,-0.2006594505464183,0.4065380096435547,0.13151796162128448,0.8261308670043945
940,Q84AR1_C115H,CS(=O)CC(C(=O)O)N,-0.24412514432750865,0.4267275333404541,0.1391933560371399,0.805860161781311
941,Q84AR1_C115A,C=CCS(=O)CC(C(=O)O)N,0.24303804868629444,0.32898736000061035,-0.16756007075309753,0.8500245809555054
942,Q84AR1_C115A,CCS(=O)CC(C(=O)O)N,0.7387805584843692,0.5397645831108093,-0.03419506177306175,0.6974117755889893
943,A2QAC0_Y318F,C(C(C(C(CO)O)O)O)O,-1.1079053973095196,0.9923231601715088,1.4423757791519165,1.285409688949585
944,A2QAC0_wild,C(C(C(C(CO)O)O)O)O,-1.2518119729937995,0.9834179878234863,1.4538178443908691,1.282196044921875
945,A2QAC0_wild,C(C(C(C(C(CO)O)O)O)O)O,0.6151079874431941,0.8670283555984497,1.4873287677764893,0.9443939328193665
946,A2QAC0_Y318F,C(C(C(C(C(CO)O)O)O)O)O,0.6873505695580274,0.8746562600135803,1.4741781949996948,0.9470087289810181
947,A2QAC0_wild,C1=CC(=C[N+](=C1)C2C(C(C(O2)COP(=O)([O-])OP(=O)(O)OCC3C(C(C(O3)N4C=NC5=C(N=CN=C54)N)O)O)O)O)C(=O)N,-0.6989700043360187,1.2429563999176025,-0.12312282621860504,1.5286102294921875
948,Q96V44_wild,C1=CC(=C[N+](=C1)C2C(C(C(O2)COP(=O)([O-])OP(=O)(O)OCC3C(C(C(O3)N4C=NC5=C(N=CN=C54)N)O)O)O)O)C(=O)N,-0.3010299956639812,1.0987375974655151,-0.32915130257606506,1.2956891059875488
949,Q96V44_wild,C(C(C(C(CO)O)O)O)O,0.6532125137753437,0.8221678733825684,1.344539999961853,0.9036355018615723
950,B6HI95_wild,C1=CC(=C[N+](=C1)C2C(C(C(O2)COP(=O)([O-])OP(=O)(O)OCC3C(C(C(O3)N4C=NC5=C(N=CN=C54)N)O)O)O)O)C(=O)N,-0.5228787452803376,1.1953940391540527,-0.2632926106452942,1.3575081825256348
951,B6HI95_wild,C(C(C(C(CO)O)O)O)O,1.568201724066995,0.9417752623558044,1.5930060148239136,0.9836220741271973
952,C5J3R8_wild,C1=CC(=C[N+](=C1)C2C(C(C(O2)COP(=O)([O-])OP(=O)(O)OCC3C(C(C(O3)N4C=NC5=C(N=CN=C54)N)O)O)O)O)C(=O)N,-1.2218487496163564,1.2065547704696655,-0.14238716661930084,1.5299197435379028
953,C5J3R8_wild,C(C(C(C(CO)O)O)O)O,1.1271047983648077,0.9728415012359619,1.4217506647109985,1.262587547302246
954,C5J3R8_wild,C(C(C(C(C(CO)O)O)O)O)O,2.6843964784190204,0.8407540917396545,1.4264813661575317,0.9460502862930298
955,Q7SI09_D211S/I212R/S348T,C1=CC(=C[N+](=C1)C2C(C(C(O2)COP(=O)(O)OP(=O)(O)OCC3C(C(C(O3)N4C=NC5=C(N=CN=C54)N)OP(=O)(O)O)O)O)O)C(=O)N,-0.2596373105057561,0.7321281433105469,-0.11298991739749908,1.1679856777191162
956,Q7SI09_wild,C1=CC(=C[N+](=C1)C2C(C(C(O2)COP(=O)(O)OP(=O)(O)OCC3C(C(C(O3)N4C=NC5=C(N=CN=C54)N)OP(=O)(O)O)O)O)O)C(=O)N,0.9030899869919435,0.8286275863647461,-0.16724620759487152,1.2408946752548218
957,Q7SI09_wild,C1=CC(=C[N+](=C1)C2C(C(C(O2)COP(=O)([O-])OP(=O)(O)OCC3C(C(C(O3)N4C=NC5=C(N=CN=C54)N)O)O)O)O)C(=O)N,-0.853871964321762,1.0138322114944458,-0.3371959626674652,1.2607061862945557
958,Q7SI09_D211S,C1=CC(=C[N+](=C1)C2C(C(C(O2)COP(=O)(O)OP(=O)(O)OCC3C(C(C(O3)N4C=NC5=C(N=CN=C54)N)OP(=O)(O)O)O)O)O)C(=O)N,0.6989700043360189,0.683198094367981,-0.09912657737731934,1.1258562803268433
959,Q7SI09_D211S,C1=CC(=C[N+](=C1)C2C(C(C(O2)COP(=O)([O-])OP(=O)(O)OCC3C(C(C(O3)N4C=NC5=C(N=CN=C54)N)O)O)O)O)C(=O)N,0.4623979978989561,0.8702328205108643,-0.25292515754699707,1.14105224609375
960,Q7SI09_D211S/I212R,C1=CC(=C[N+](=C1)C2C(C(C(O2)COP(=O)(O)OP(=O)(O)OCC3C(C(C(O3)N4C=NC5=C(N=CN=C54)N)OP(=O)(O)O)O)O)O)C(=O)N,-0.3187587626244128,0.7200702428817749,-0.1363649219274521,1.1682454347610474
961,Q7SI09_D211S/I212R,C1=CC(=C[N+](=C1)C2C(C(C(O2)COP(=O)([O-])OP(=O)(O)OCC3C(C(C(O3)N4C=NC5=C(N=CN=C54)N)O)O)O)O)C(=O)N,0.5563025007672873,0.9060845375061035,-0.2791300117969513,1.1817419528961182
962,Q7SI09_D211S/I212R/D213N,C1=CC(=C[N+](=C1)C2C(C(C(O2)COP(=O)(O)OP(=O)(O)OCC3C(C(C(O3)N4C=NC5=C(N=CN=C54)N)OP(=O)(O)O)O)O)O)C(=O)N,0.16136800223497488,0.7385282516479492,-0.14335624873638153,1.195070505142212
963,O58235_R157T,CC(=O)NC1C(C(C(OC1O)CO)OC2C(C(C(C(O2)CO)O)O)NC(=O)C)O,0.7151673578484579,0.9997165203094482,1.1163572072982788,1.0096265077590942
964,O58235_wild,CC(=O)NC1C(C(C(OC1O)CO)OC2C(C(C(C(O2)CO)O)O)NC(=O)C)O,0.8475726591421122,1.0043673515319824,1.107041358947754,1.039892554283142
965,Q6F4N1_wild,CC(=O)NC1C(C(C(OC1O)CO)OC2C(C(C(C(O2)CO)O)O)NC(=O)C)O,1.5024271199844328,0.5911315679550171,1.0612506866455078,0.7161873579025269
966,A4F1Q6_wild,C1=CN(C(=O)NC1=O)C2C(C(C(O2)COP(=O)(O)OP(=O)(O)OC3C(C(C(C(O3)CO)O)O)O)O)O,0.7909884750888159,0.2834240794181824,-0.3273455500602722,1.058813452720642
967,A4F1Q6_wild,C1=C(C=C(C(=C1O)O)O)C2=[O+]C3=CC(=CC(=C3C=C2OC4C(C(C(C(O4)COC(=O)CC(=O)O)O)O)O)O)O,-1.4100503986742923,0.13922369480133057,-0.6556438207626343,1.2615764141082764
968,P46881_wild,C1=CC=C(C=C1)CCN,-2.42021640338319,0.2860828638076782,-0.6059982776641846,1.3154215812683105
969,Q16853_L469G,C1=CC=C(C=C1)CN,-1.8860566476931633,0.5693699717521667,-0.49926069378852844,1.108903169631958
970,Q16853_M211V/Y394N/L469G,C1=CC=C(C=C1)CN,-1.744727494896694,0.5798951387405396,-0.49043846130371094,1.1215362548828125
971,Q16853_M211V,C1=CC=C(C=C1)CN,-1.6020599913279623,0.5655326843261719,-0.4990740120410919,1.1045422554016113
972,Q16853_M211V,CN,-0.5528419686577808,0.9658118486404419,0.017522986978292465,0.8102704286575317
973,Q16853_wild,CN,-0.17392519729917355,0.9620335102081299,0.013738345354795456,0.805288553237915
974,Q16853_wild,CC(=O)CN,-1.1804560644581312,0.8098345994949341,0.01418694481253624,1.2487587928771973
975,Q16853_wild,C(CS)N,-1.5086383061657274,0.8823785185813904,-0.300176203250885,1.546433448791504
976,Q16853_L469G,CN,-0.6270879970298935,0.9653528928756714,0.016391124576330185,0.806941032409668
977,Q16853_wild,CCN,1.1072099696478683,0.7562108039855957,1.202945590019226,0.49455755949020386
978,Q16853_wild,C1=CC(=C(C=C1CCN)O)O,-1.00436480540245,0.49430394172668457,-0.4056447446346283,1.3403453826904297
979,Q16853_Y394N,C1=CC=C(C=C1)CN,-0.6675615400843947,0.570431113243103,-0.49526381492614746,1.1082587242126465
980,Q16853_wild,C1=CC=C(C=C1)CCN,0.2878017299302037,0.6591127514839172,-0.6973095536231995,1.238154411315918
981,Q16853_wild,C1=CC=C(C=C1)CN,-0.7351821769904636,0.5630898475646973,-0.5019928812980652,1.100783109664917
982,Q16853_T212A,C1=CC=C(C=C1)CN,-1.0757207139381184,0.5603825449943542,-0.4978366196155548,1.0974266529083252
983,Q16853_wild,C1CCC(CC1)CN,1.2174839442139063,1.1854560375213623,-0.33658406138420105,0.4676451086997986
984,Q16853_T212A,CN,-0.29929628285498067,0.9592528343200684,0.016003411263227463,0.8028130531311035
985,Q16853_Y394N,CN,0.10037054511756291,0.9675641059875488,0.01782860979437828,0.8104248046875
986,Q16853_wild,CCCN,0.42324587393680785,0.9231536388397217,0.3785305917263031,0.582256019115448
987,Q16853_wild,CCCCN,0.4517864355242902,0.36830252408981323,0.0751914530992508,0.66899573802948
988,Q16853_wild,CC(C)CN,0.534026106056135,1.2674055099487305,-0.4467651844024658,0.6000834703445435
989,Q16853_wild,CC(C)CCN,0.658964842664435,1.1495277881622314,-0.43333715200424194,0.4844658374786377
990,Q16853_wild,CCCCCN,0.756636108245848,0.6278360486030579,-0.122621089220047,0.36224696040153503
991,Q16853_M211V/Y394N/L469G,CN,0.29885307640970665,0.9752013683319092,0.023743044584989548,0.8172377347946167
992,O75106_wild,CN,0.23044892137827394,0.9406523704528809,-0.005684081465005875,0.7323634028434753
993,O75106_wild,C1=CC(=CC=C1CCN)O,-0.7495799976911061,0.09477537870407104,-0.3000936806201935,0.6640129685401917
994,O75106_wild,C1=CC=C(C=C1)CN,-0.7772835288524168,0.4805155396461487,-0.593402624130249,1.048495888710022
995,O75106_wild,C1=CC=C(C=C1)CCN,-1.1135092748275182,0.5841518044471741,-0.7342640161514282,1.2002544403076172
996,P46881_D298A,C1=CC=C(C=C1)CCN,-2.677780705266081,0.2134254276752472,-0.5941941738128662,1.236828088760376
997,P46881_wild,O=O,-1.6819366650372385,0.9221031069755554,-0.7709131240844727,2.3345372676849365
998,A1RDD3_wild,C1=CC(=CC=C1CCN)O,-1.6989700043360187,0.020723503082990646,0.03116186335682869,0.7973329424858093
999,A1RDD3_wild,C1=CC=C(C=C1)CCN,-2.2596373105057563,0.2994006872177124,-0.6323556900024414,1.3502308130264282
1000,A1RDD3_wild,C1=C(NC=N1)CCN,-0.05551732784983137,0.3442343473434448,-0.6180992722511292,0.6463431119918823
1001,A1R2C3_wild,C1=CC(=CC=C1CCN)O,-1.5228787452803376,0.3007545471191406,0.08705268800258636,0.8180214166641235
1002,A1R2C3_wild,C1=C(NC=N1)CCN,-0.38721614328026455,0.6108474135398865,-0.5353530049324036,0.7362816333770752
1003,A1R2C3_wild,C1=CC=C(C=C1)CCN,-1.9208187539523751,0.620650589466095,-0.5961890816688538,1.4477040767669678
1004,A1R2C3_wild,C(CCN)CCN,1.1038037209559568,0.5250190496444702,-0.5493928790092468,-0.019908517599105835
1005,A1R2C3_wild,C(CCNCCCN)CN,0.8475726591421122,0.21436858177185059,-0.6616840958595276,0.1534745991230011
1006,Q8GJ27_wild,C(=C(Cl)Cl)(Cl)Cl,-1.6989700043360187,0.3492649495601654,-1.723997950553894,1.486633062362671
1007,Q8GJ27_wild,CN1C=CC(C=C1)C2C=CN(C=C2)C,-1.619788758288394,1.1325751543045044,-1.6923779249191284,1.8626668453216553
1008,Q8GJ27_wild,C(=C(Cl)Cl)Cl,-1.3279021420642825,0.39623910188674927,-1.8319791555404663,1.2510954141616821
1009,Q8H6N2_wild,C1=CC=C(C=C1)C(=O)O,0.23552844690754893,-1.1258950233459473,-1.2560702562332153,0.18177151679992676
1010,P35021_wild,C1=NC2=C(N1C3C(C(C(O3)COP(=O)(O)OP(=O)(O)OP(=O)(O)O)O)O)N=C(NC2=O)N,-2.5686362358410126,0.18906858563423157,-0.9197194576263428,2.0876693725585938
1011,P42588_wild,C(CC(=O)O)C(=O)C(=O)O,1.2787536009528289,0.10023266077041626,-0.7663943767547607,0.8889230489730835
1012,P42588_wild,C(CCN)CN,0.9637878273455552,0.2987159490585327,-0.4837626814842224,0.1493411660194397
1013,B2NI94_wild,CC(=CCCC(=CCO)C)C,-1.2924298239020637,1.9735329151153564,-0.881664514541626,2.340644598007202
1014,B2NI94_wild,C1=CC(=C[N+](=C1)C2C(C(C(O2)COP(=O)([O-])OP(=O)(O)OCC3C(C(C(O3)N4C=NC5=C(N=CN=C54)N)O)O)O)O)C(=O)N,-1.2254830342714504,2.2880208492279053,-0.26327651739120483,2.246964454650879
1015,Q93968_wild,C(C(C(=O)O)N)O,0.7867514221455612,0.002860378473997116,1.00654935836792,0.20922225713729858
1016,A7B4V1_wild,CC(CCC(=O)O)C1CCC2C1(CCC3C2C(CC4C3(CCC(C4)O)C)O)C,-0.011441043121384432,0.33078548312187195,-1.4280672073364258,1.740020990371704
1017,A7B4V1_wild,CC(CCC(=O)O)C1CCC2C1(CCC3C2C(=O)CC4C3(CCC(C4)O)C)C,-1.4111682744057927,0.48717862367630005,-1.4901388883590698,1.7113534212112427
1018,Q04760_wild,C(CC(=O)NC(CS)C(=O)NCC(=O)O)C(C(=O)O)N,-1.3098039199714864,1.808909296989441,-0.9466090202331543,2.5305368900299072
1019,Q04760_wild,CCOC(=O)CNC(=O)C(CS)NC(=O)CCC(C(=O)O)N,-1.3767507096020997,1.8623055219650269,-1.2228271961212158,2.4996345043182373
1020,Q04760_wild,C1CCNC(=O)CNC(=O)C(CSSCC(C(=O)NCC(=O)NCCCNC1)NC(=O)CCC(C(=O)O)N)NC(=O)CCC(C(=O)O)N,-0.8860566476931633,2.2138121128082275,-1.515813946723938,3.122001886367798
1021,Q04760_wild,CC(C)OC(=O)CNC(=O)C(CS)NC(=O)CCC(C(=O)O)N,-1.275724130399211,2.157125949859619,-1.1587587594985962,2.6659464836120605
1022,Q8ZM36_wild,CC(=O)C=O,0.2787536009528289,1.502861738204956,0.5529168844223022,1.605820655822754
1023,Q81R22_wild,C1C(=NC2=C(N1)N=C(NC2=O)N)CNC3=CC=C(C=C3)C(=O)NC(CCC(=O)O)C(=O)O,-1.4723700991286615,0.7296883463859558,-2.1612188816070557,2.2848401069641113
1024,Q81R22_F96I,C1C(=NC2=C(N1)N=C(NC2=O)N)CNC3=CC=C(C=C3)C(=O)NC(CCC(=O)O)C(=O)O,-0.6380833813313567,0.7352938652038574,-2.1817009449005127,2.2844951152801514
1025,Q81R22_Y102F,C1C(=NC2=C(N1)N=C(NC2=O)N)CNC3=CC=C(C=C3)C(=O)NC(CCC(=O)O)C(=O)O,-1.8404328067663798,0.742199182510376,-2.134145975112915,2.2648282051086426
1026,Q54801_wild,C1C(=NC2=C(N1)N=C(NC2=O)N)CNC3=CC=C(C=C3)C(=O)NC(CCC(=O)O)C(=O)O,-2.3979400086720375,0.8372565507888794,-2.397813558578491,2.8635828495025635
1027,Q54801_wild,C1C=CN(C=C1C(=O)N)C2C(C(C(O2)COP(=O)(O)OP(=O)(O)OCC3C(C(C(O3)N4C=NC5=C(N=CN=C54)N)OP(=O)(O)O)O)O)O,-1.8041003475907662,1.2172620296478271,-2.191021680831909,2.9734444618225098
1028,K7N5M8_wild,CCN1C2=C(C=C(C=C2)S(=O)(=O)O)SC1=NN=C3N(C4=C(S3)C=C(C=C4)S(=O)(=O)O)CC,-1.8860566476931633,2.694735527038574,-1.0381757020950317,3.4727048873901367
1029,K7N5M8_wild,[Mn+2],-0.6777807052660807,2.104922294616699,-1.220719575881958,2.4752838611602783
1030,Q7PXA7_Y107A,C[S+](CCC(C(=O)[O-])N)CC1C(C(C(O1)N2C=NC3=C(N=CN=C32)N)O)O,-1.744727494896694,-0.41990554332733154,-1.8705025911331177,1.7274236679077148
1031,Q7PXA7_wild,C[S+](CCC(C(=O)[O-])N)CC1C(C(C(O1)N2C=NC3=C(N=CN=C32)N)O)O,-2.1739251972991736,-0.4475948214530945,-1.8515074253082275,1.6937236785888672
1032,P41940_wild,C1=NC2=C(N1C3C(C(C(O3)COP(=O)(O)OP(=O)(O)OC4C(C(C(C(O4)CO)O)O)O)O)O)N=C(NC2=O)N,-0.10790539730951958,1.3286455869674683,-0.8456447720527649,2.385991096496582
1033,B9WNA1_wild,C(C1C(C(C(C(O1)OP(=O)(O)O)O)O)O)O,-1.9208187539523751,0.4797690510749817,-0.7452549934387207,1.343984603881836
1034,B9WNA1_wild,C1=NC2=C(N1C3C(C(C(O3)COP(=O)(O)OP(=O)(O)OP(=O)(O)O)O)O)N=C(NC2=O)N,-1.1739251972991736,0.3854997754096985,-0.8231405019760132,1.2437102794647217
1035,B9WNA1_wild,C1=NC(=C2C(=N1)N(C=N2)C3C(C(C(O3)COP(=O)(O)OP(=O)(O)OP(=O)(O)O)O)O)N,-0.5376020021010439,0.6589397192001343,-0.5950731039047241,1.2680628299713135
1036,Q4CMK4_wild,C(C1C(C(C(C(O1)OP(=O)(O)O)O)O)O)O,-1.8761483590329142,0.7651784420013428,-0.616249680519104,1.5523579120635986
1037,Q4CMK4_wild,C1=NC2=C(N1C3C(C(C(O3)COP(=O)(O)OP(=O)(O)OP(=O)(O)O)O)O)N=C(NC2=O)N,-1.3904055907747799,0.6136637330055237,-0.7737396359443665,1.4024204015731812
1038,P04694_R315K,C(CC(=O)O)C(=O)C(=O)O,-0.45593195564972444,1.1707345247268677,-0.19184094667434692,1.1159119606018066
1039,P04694_R315K,C1=CC(=CC=C1CC(C(=O)O)N)O,0.36172783601759284,0.6815235614776611,-0.31619277596473694,0.8393753170967102
1040,P04694_N54S,C1=CC(=CC=C1CC(=O)C(=O)O)O,0.11394335230683679,0.8902586698532104,-0.4406263828277588,0.9652129411697388
1041,P04694_wild,C(CC(=O)O)C(=O)C(=O)O,-0.3979400086720376,1.1823240518569946,-0.17934176325798035,1.117164134979248
1042,P04694_wild,C(CC(=O)O)C(C(=O)O)N,0.3424226808222063,1.3397502899169922,0.44636473059654236,0.762728750705719
1043,P04694_N54S,C1=CC(=CC=C1CC(C(=O)O)N)O,0.724275869600789,0.6463495492935181,-0.2936655282974243,0.7837749719619751
1044,P04694_R315K,C1=CC(=CC=C1CC(=O)C(=O)O)O,0.07918124604762482,0.9414318799972534,-0.44825300574302673,1.0191508531570435
1045,P04694_R315K,C(CC(=O)O)C(C(=O)O)N,0.2787536009528289,1.3330326080322266,0.43587127327919006,0.7616031169891357
1046,P04694_N54S,C(CC(=O)O)C(C(=O)O)N,0.9444826721501687,1.2863168716430664,0.44574084877967834,0.6999915838241577
1047,P04694_N54S,C(CC(=O)O)C(=O)C(=O)O,0.5440680443502757,1.1156855821609497,-0.17714235186576843,1.0543153285980225
1048,P04694_wild,C1=CC(=CC=C1CC(C(=O)O)N)O,0.3222192947339193,0.6949904561042786,-0.30671438574790955,0.8449742794036865
1049,Q99YP5_wild,CC1=CC(=O)OC2=C1C=CC(=C2)OC3C(C(C(C(O3)CO)O)O)O,0.5563025007672873,0.5608254671096802,-0.14601226150989532,0.6442277431488037
1050,Q99YP5_wild,C(C1C(C(C(C(O1)O)O)OC2C(C(C(C(O2)CO)O)O)O)O)O,1.4313637641589874,0.9768439531326294,0.7791721820831299,0.23112381994724274
1051,O09159_wild,C1=CC(=CC=C1[N+](=O)[O-])OC2C(C(C(C(O2)CO)O)O)O,1.100370545117563,0.9317055940628052,-0.24353516101837158,0.9822413325309753
1052,Q9AJS8_wild,C1=CC(=CC=C1C(=O)O)[O-],-1.1870866433571445,0.14050598442554474,-1.3423832654953003,1.292863368988037
1053,Q6C598_wild,CCCCCCCCCCCCBr,0.09342168516223508,-0.6842364072799683,-1.6898738145828247,0.3651393949985504
1054,Q6C598_wild,CCCCCCCCCCBr,0.6180480967120927,-0.46584606170654297,-1.6491581201553345,0.3939720690250397
1055,Q6C598_wild,CCCBr,0.7092699609758308,0.09342755377292633,-0.046396318823099136,0.726494550704956
1056,Q9A919_wild,CCCCCCCl,0.07918124604762482,-0.17186406254768372,0.024593550711870193,0.519599437713623
1057,Q9A919_wild,C(CCCl)CCCl,0.07918124604762482,0.05408216640353203,0.44170868396759033,0.1678931564092636
1058,Q9A919_wild,CCCCCCBr,0.04139268515822508,0.8140130639076233,-0.3392849266529083,0.7968642115592957
1059,Q9A919_wild,C(CBr)CBr,0.8573324964312685,0.8943509459495544,0.11206802725791931,0.7053526639938354
1060,Q9A919_wild,CCCCBr,0.8195439355418687,0.5536143779754639,0.13867494463920593,0.406129390001297
1061,C5B120_wild,CO,-1.3565473235138126,0.12920333445072174,0.06793960928916931,1.0501062870025635
1062,F8QV18_wild,CC(=O)SCC[N+](C)(C)C,-1.1944991418415998,1.8774055242538452,-1.059949517250061,1.876184105873108
1063,F8QV18_wild,CCCC(=O)SCC[N+](C)(C)C,-1.0145735259169983,1.5483440160751343,-0.7825119495391846,1.9361176490783691
1064,V5QQC6_wild,CC(=O)SCC[N+](C)(C)C,-0.2701874928390643,2.243931770324707,-0.8673163056373596,2.4458823204040527
1065,V5QQC6_wild,CCCC(=O)SCC[N+](C)(C)C,-0.06610796423578898,1.9891715049743652,-0.5335357189178467,2.493680477142334
1066,V5QQC6_wild,CCC(=O)SCC[N+](C)(C)C,0.06016881194514769,2.062251329421997,-0.691905677318573,2.455726146697998
1067,A0A0X9FVC0_wild,CC(=O)SCC[N+](C)(C)C,-1.585026652029182,2.27215838432312,-0.9395341873168945,2.2498764991760254
1068,A0A0X9FVC0_wild,CCC(=O)SCC[N+](C)(C)C,-1.7958800173440752,2.0948903560638428,-0.7350924015045166,2.2578744888305664
1069,A0A0X9FVC0_wild,CCCC(=O)SCC[N+](C)(C)C,-1.2518119729937995,2.01241397857666,-0.5800820589065552,2.275496006011963
1070,A0A0X9E4F6_wild,CCC(=O)SCC[N+](C)(C)C,-1.207608310501746,1.588712215423584,-0.6797621250152588,2.2052059173583984
1071,A0A0X9E4F6_wild,CC(=O)SCC[N+](C)(C)C,-1.1870866433571443,1.7657935619354248,-0.8412003517150879,2.1882293224334717
1072,A0A0X9E4F6_wild,CCCC(=O)SCC[N+](C)(C)C,-0.6861327796308466,1.5519914627075195,-0.5309933423995972,2.2182960510253906
1073,Q95P20_wild,CC(=O)SCC[N+](C)(C)C.[I-],-0.8239087409443188,1.7082431316375732,-1.6599267721176147,1.7474687099456787
1074,D2U6X6_wild,CCC(=O)SCC[N+](C)(C)C,-1.8013429130455774,1.7500948905944824,-0.7978866100311279,2.410013198852539
1075,D2U6X6_wild,CCCC(=O)SCC[N+](C)(C)C,-1.6126101736612706,1.6435821056365967,-0.6565134525299072,2.421367645263672
1076,D2U6X6_wild,CC(=O)SCC[N+](C)(C)C,-1.6143937264016879,1.9066691398620605,-0.9734634160995483,2.4297337532043457
1077,D2U6X5_wild,CC(=O)SCC[N+](C)(C)C,-1.3151546383555877,2.111624002456665,-1.1015480756759644,2.3140640258789062
1078,D2U6X5_wild,CCC(=O)SCC[N+](C)(C)C,-1.424812155072339,1.85643470287323,-0.928716778755188,2.308015823364258
1079,D2U6X5_wild,CCCC(=O)SCC[N+](C)(C)C,-1.1649438982798839,1.7946945428848267,-0.753423810005188,2.3608953952789307
1080,P91954_wild,CCC(=O)SCC[N+](C)(C)C,-1.6716203965612624,1.6716153621673584,-0.8569060564041138,1.9634846448898315
1081,P91954_wild,CCCC(=O)SCC[N+](C)(C)C,-1.1426675035687315,1.588894009590149,-0.7292284965515137,2.0041465759277344
1082,P91954_wild,CC(=O)SCC[N+](C)(C)C,-1.4190750243243806,1.846806526184082,-1.0207030773162842,1.9355666637420654
1083,Q57573_wild,C1=CC(=C[N+](=C1)C2C(C(C(O2)COP(=O)(O)OP(=O)(O)OCC3C(C(C(O3)N4C=NC5=C(N=CN=C54)N)OP(=O)(O)O)O)O)O)C(=O)N,-0.2676062401770315,0.6055454611778259,-0.18396148085594177,1.4381132125854492
1084,Q57573_wild,C1C=CN(C=C1C(=O)N)C2C(C(C(O2)COP(=O)(O)OP(=O)(O)OCC3C(C(C(O3)N4C=NC5=C(N=CN=C54)N)OP(=O)(O)O)O)O)O,-0.11350927482751817,0.7886697053909302,-0.7579688429832458,1.8419086933135986
1085,A0A346XR64_wild,C1=CC(=C(C=C1C2=[O+]C3=CC(=CC(=C3C=C2O)O)O)O)O,-2.036212172654445,-0.04574441537261009,-0.9211731553077698,1.5736950635910034
1086,A0A0G2UEA5_wild,COC1=C(C=CC(=C1)C2=[O+]C3=CC(=CC(=C3C=C2O)O)O)O,-0.853871964321762,-0.3882702589035034,-0.9023934006690979,1.423674464225769
1087,A0A0G2UEA5_wild,C1=CC(=C(C=C1C2=[O+]C3=CC(=CC(=C3C=C2O)O)O)O)O,-1.1804560644581312,-0.1908683478832245,-1.025607943534851,1.5429391860961914
1088,A0A0G2UEA5_wild,C1=CC(=CC=C1C2=[O+]C3=CC(=CC(=C3C=C2O)O)O)O,-1.3872161432802645,-0.27737975120544434,-1.3585172891616821,1.5127878189086914
1089,A0A0G2UEA5_wild,C1=CN(C(=O)NC1=O)C2C(C(C(O2)COP(=O)(O)OP(=O)(O)OC3C(C(C(C(O3)CO)O)O)O)O)O,0.17084820364330935,0.16758891940116882,-0.2919293940067291,1.0529199838638306
1090,P73493_wild,C1=NC(=C2C(=N1)N(C=N2)C3C(C(C(O3)COP(=O)(O)OP(=O)(O)OP(=O)(O)O)O)O)N,-0.8664610916297825,0.1145414263010025,-0.48241469264030457,0.4624426066875458
1091,P73493_wild,C(C(=O)O)N,-0.3904055907748867,0.06670787930488586,0.495090514421463,-0.21891078352928162
1092,P73493_wild,C(CC(=O)NC(CS)C(=O)O)C(C(=O)O)N,-1.00436480540245,0.35724106431007385,-0.26795339584350586,0.4528124928474426
1093,Q9H6Z9_wild,C(C(C1C(=C(C(=O)O1)O)O)O)O,-0.853871964321762,0.5975216627120972,-0.8472523093223572,0.6547945737838745
1094,Q9H6Z9_wild,C(CC(=O)O)C(=O)C(=O)O,-1.2596373105057561,0.04719212278723717,-1.7093628644943237,1.097275972366333
1095,Q9GZT9_wild,C(C(C1C(=C(C(=O)O1)O)O)O)O,-0.7695510786217261,0.10328271985054016,-0.8794708251953125,0.651646077632904
1096,Q96KS0_wild,C(C(C1C(=C(C(=O)O1)O)O)O)O,-0.7447274948969352,0.34764212369918823,-1.1322330236434937,0.6622793674468994
1097,Q96KS0_wild,O=O,-0.853871964321762,-0.1129518449306488,-1.3611516952514648,0.813604474067688
1098,A0A088MAR6_wild,C(Cl)Cl,1.0398105541483504,-0.3390463590621948,-0.2783668637275696,1.4240156412124634
1099,P21161_wild,C(Cl)Cl,-1.6989700043360187,-0.3560376465320587,-0.2712661325931549,1.4167325496673584
1100,P43387_wild,C(Cl)Cl,-0.3979400086720376,-0.5312820076942444,-0.10070663690567017,1.1188397407531738
1101,P43387_wild,C(Br)Br,-0.4710832997223453,0.29568272829055786,-0.34808871150016785,1.0434085130691528
1102,P43387_wild,C(I)I,-0.2831622767004755,0.3174007833003998,0.06820282340049744,0.5209407210350037
1103,P43387_wild,CCCl,-0.4814860601221125,-1.2022912502288818,0.292415052652359,0.05655428767204285
1104,P43387_wild,CCBr,-0.4814860601221125,-0.5726739764213562,-0.29231390357017517,0.5756020545959473
1105,P43387_wild,C(F)Cl,-1.275724130399211,-0.010562632232904434,0.2371423840522766,0.8194435834884644
1106,P43387_wild,CCI,-1.408935392973501,-0.5853680372238159,-0.7885808348655701,0.8645116090774536
1107,P17584_wild,CC(C)CC(=O)C(=O)O,-1.2218487496163564,1.816202163696289,-0.2996232807636261,1.224927306175232
1108,P17584_wild,C1=CC(=C[N+](=C1)C2C(C(C(O2)COP(=O)([O-])OP(=O)(O)OCC3C(C(C(O3)N4C=NC5=C(N=CN=C54)N)O)O)O)O)C(=O)N,-0.3010299956639812,1.495412826538086,-0.5541040897369385,1.6222597360610962
1109,P17584_wild,CCCC(=O)C(=O)[O-],-0.958607314841775,1.860488772392273,-0.021533038467168808,1.2521559000015259
1110,P17584_wild,CCCCC(=O)C(=O)O,-0.958607314841775,1.8031476736068726,-0.47339826822280884,1.3773239850997925
1111,P17584_wild,C1C=CN(C=C1C(=O)N)C2C(C(C(O2)COP(=O)(O)OP(=O)(O)OCC3C(C(C(O3)N4C=NC5=C(N=CN=C54)N)O)O)O)O,-2.0,1.6423537731170654,-1.2895721197128296,2.1739559173583984
1112,P17584_wild,C1=CC=C(C=C1)CC(=O)C(=O)O,-0.8239087409443188,1.756227731704712,-0.1443016231060028,1.2510643005371094
1113,Q1GAA2_wild,C1=CC=C(C=C1)CC(=O)C(=O)O,-1.2284125191187447,1.790191411972046,-0.4522545039653778,1.4120514392852783
1114,A0A1J5NX54_A30D/R31I/T32I,C1=CC(=C[N+](=C1)C2C(C(C(O2)COP(=O)([O-])OP(=O)(O)OCC3C(C(C(O3)N4C=NC5=C(N=CN=C54)N)O)O)O)O)C(=O)N,-1.9255492810454087,0.6731943488121033,-0.6067652106285095,1.7780611515045166
1115,A0A1J5NX54_A30E/R31I/T32D,C1=CC(=C[N+](=C1)C2C(C(C(O2)COP(=O)(O)OP(=O)(O)OCC3C(C(C(O3)N4C=NC5=C(N=CN=C54)N)OP(=O)(O)O)O)O)O)C(=O)N,-0.1804560644581313,0.4808921813964844,-0.7040156126022339,1.8135813474655151
1116,Q2RIZ2_A30E/R31I/T32D,C1=CC(=C[N+](=C1)C2C(C(C(O2)COP(=O)(O)OP(=O)(O)OCC3C(C(C(O3)N4C=NC5=C(N=CN=C54)N)OP(=O)(O)O)O)O)O)C(=O)N,-0.1804560644581313,0.6504703760147095,-0.5510427951812744,1.9629920721054077
1117,A0A1J5NX54_R31I,C1=CC(=C[N+](=C1)C2C(C(C(O2)COP(=O)(O)OP(=O)(O)OCC3C(C(C(O3)N4C=NC5=C(N=CN=C54)N)OP(=O)(O)O)O)O)O)C(=O)N,-1.576754126063192,0.3513176441192627,-0.7110378742218018,1.7161301374435425
1118,Q2RIZ2_R31I,C1=CC(=C[N+](=C1)C2C(C(C(O2)COP(=O)(O)OP(=O)(O)OCC3C(C(C(O3)N4C=NC5=C(N=CN=C54)N)OP(=O)(O)O)O)O)O)C(=O)N,-1.576754126063192,0.5794159173965454,-0.5965663194656372,1.9186547994613647
1119,A0A1J5NX54_A30E/R31I/T32D,C1=CC(=C[N+](=C1)C2C(C(C(O2)COP(=O)([O-])OP(=O)(O)OCC3C(C(C(O3)N4C=NC5=C(N=CN=C54)N)O)O)O)O)C(=O)N,-0.8961962790440431,0.600090503692627,-0.5006349086761475,1.6955938339233398
1120,Q2RIZ2_A30E/R31I/T32D,C1=CC(=C[N+](=C1)C2C(C(C(O2)COP(=O)([O-])OP(=O)(O)OCC3C(C(C(O3)N4C=NC5=C(N=CN=C54)N)O)O)O)O)C(=O)N,-0.8961962790440431,0.7838699221611023,-0.41146376729011536,1.876893162727356
1121,A0A1J5NX54_R31T,C1=CC(=C[N+](=C1)C2C(C(C(O2)COP(=O)([O-])OP(=O)(O)OCC3C(C(C(O3)N4C=NC5=C(N=CN=C54)N)O)O)O)O)C(=O)N,-0.21824462534753114,0.5767214298248291,-0.4842711091041565,1.6494369506835938
1122,Q2RIZ2_R31T,C1=CC(=C[N+](=C1)C2C(C(C(O2)COP(=O)([O-])OP(=O)(O)OCC3C(C(C(O3)N4C=NC5=C(N=CN=C54)N)O)O)O)O)C(=O)N,-0.21824462534753114,0.7763277292251587,-0.40526869893074036,1.862021565437317
1123,A0A1J5NX54_R31T,C1=CC(=C[N+](=C1)C2C(C(C(O2)COP(=O)(O)OP(=O)(O)OCC3C(C(C(O3)N4C=NC5=C(N=CN=C54)N)OP(=O)(O)O)O)O)O)C(=O)N,-1.4497716469449058,0.4487267732620239,-0.7119866609573364,1.7901123762130737
1124,Q2RIZ2_R31T,C1=CC(=C[N+](=C1)C2C(C(C(O2)COP(=O)(O)OP(=O)(O)OCC3C(C(C(O3)N4C=NC5=C(N=CN=C54)N)OP(=O)(O)O)O)O)O)C(=O)N,-1.4497716469449058,0.6526223421096802,-0.5740318298339844,1.9594407081604004
1125,A0A1J5NX54_wild,C1=CC(=C[N+](=C1)C2C(C(C(O2)COP(=O)(O)OP(=O)(O)OCC3C(C(C(O3)N4C=NC5=C(N=CN=C54)N)OP(=O)(O)O)O)O)O)C(=O)N,-1.8569851997459048,0.5002471804618835,-0.78436279296875,1.858903169631958
1126,Q2RIZ2_wild,C1=CC(=C[N+](=C1)C2C(C(C(O2)COP(=O)(O)OP(=O)(O)OCC3C(C(C(O3)N4C=NC5=C(N=CN=C54)N)OP(=O)(O)O)O)O)O)C(=O)N,-1.8569851997459048,0.7051238417625427,-0.6291086077690125,2.0213232040405273
1127,A0A1J5NX54_R31I/T32G,C1=CC(=C[N+](=C1)C2C(C(C(O2)COP(=O)([O-])OP(=O)(O)OCC3C(C(C(O3)N4C=NC5=C(N=CN=C54)N)O)O)O)O)C(=O)N,-0.44129142946683425,0.5010790824890137,-0.5113685727119446,1.5805264711380005
1128,Q2RIZ2_R31I/T32G,C1=CC(=C[N+](=C1)C2C(C(C(O2)COP(=O)([O-])OP(=O)(O)OCC3C(C(C(O3)N4C=NC5=C(N=CN=C54)N)O)O)O)O)C(=O)N,-0.44129142946683425,0.7035970091819763,-0.4435410797595978,1.8133506774902344
1129,A0A1J5NX54_A30C/R31I/T32K,C1=CC(=C[N+](=C1)C2C(C(C(O2)COP(=O)(O)OP(=O)(O)OCC3C(C(C(O3)N4C=NC5=C(N=CN=C54)N)OP(=O)(O)O)O)O)O)C(=O)N,-0.1561445773769011,0.3945547640323639,-0.7653480768203735,1.779805064201355
1130,Q2RIZ2_A30C/R31I/T32K,C1=CC(=C[N+](=C1)C2C(C(C(O2)COP(=O)(O)OP(=O)(O)OCC3C(C(C(O3)N4C=NC5=C(N=CN=C54)N)OP(=O)(O)O)O)O)O)C(=O)N,-0.1561445773769011,0.6166412830352783,-0.6370422840118408,1.978893518447876
1131,A0A1J5NX54_A30D/R31I/T32I,C1=CC(=C[N+](=C1)C2C(C(C(O2)COP(=O)(O)OP(=O)(O)OCC3C(C(C(O3)N4C=NC5=C(N=CN=C54)N)OP(=O)(O)O)O)O)O)C(=O)N,-0.6420651529995463,0.5357298254966736,-0.816815972328186,1.9021377563476562
1132,Q2RIZ2_A30D/R31I/T32I,C1=CC(=C[N+](=C1)C2C(C(C(O2)COP(=O)(O)OP(=O)(O)OCC3C(C(C(O3)N4C=NC5=C(N=CN=C54)N)OP(=O)(O)O)O)O)O)C(=O)N,-0.6420651529995463,0.7187886834144592,-0.6868590116500854,2.048394203186035
1133,A0A1J5NX54_R31I,C1=CC(=C[N+](=C1)C2C(C(C(O2)COP(=O)([O-])OP(=O)(O)OCC3C(C(C(O3)N4C=NC5=C(N=CN=C54)N)O)O)O)O)C(=O)N,-0.45099673797421225,0.4927046298980713,-0.4945468306541443,1.5666589736938477
1134,Q2RIZ2_R31I,C1=CC(=C[N+](=C1)C2C(C(C(O2)COP(=O)([O-])OP(=O)(O)OCC3C(C(C(O3)N4C=NC5=C(N=CN=C54)N)O)O)O)O)C(=O)N,-0.45099673797421225,0.720134973526001,-0.43434491753578186,1.821763277053833
1135,A0A1J5NX54_A30C/R31I/T32K,C1=CC(=C[N+](=C1)C2C(C(C(O2)COP(=O)([O-])OP(=O)(O)OCC3C(C(C(O3)N4C=NC5=C(N=CN=C54)N)O)O)O)O)C(=O)N,-1.393618634889395,0.5234625339508057,-0.553464412689209,1.6268391609191895
1136,Q2RIZ2_A30C/R31I/T32K,C1=CC(=C[N+](=C1)C2C(C(C(O2)COP(=O)([O-])OP(=O)(O)OCC3C(C(C(O3)N4C=NC5=C(N=CN=C54)N)O)O)O)O)C(=O)N,-0.393618634889395,0.7501405477523804,-0.4799463152885437,1.886275291442871
1137,A0A1J5NX54_R31I/T32G,C1=CC(=C[N+](=C1)C2C(C(C(O2)COP(=O)(O)OP(=O)(O)OCC3C(C(C(O3)N4C=NC5=C(N=CN=C54)N)OP(=O)(O)O)O)O)O)C(=O)N,-0.9812995013337567,0.3600279688835144,-0.7184392213821411,1.7280341386795044
1138,Q2RIZ2_R31I/T32G,C1=CC(=C[N+](=C1)C2C(C(C(O2)COP(=O)(O)OP(=O)(O)OCC3C(C(C(O3)N4C=NC5=C(N=CN=C54)N)OP(=O)(O)O)O)O)O)C(=O)N,-0.9812995013337567,0.5572336912155151,-0.594367504119873,1.904357671737671
1139,A0A1J5NX54_wild,C1=CC(=C[N+](=C1)C2C(C(C(O2)COP(=O)([O-])OP(=O)(O)OCC3C(C(C(O3)N4C=NC5=C(N=CN=C54)N)O)O)O)O)C(=O)N,0.14519640611418191,0.6331939697265625,-0.5433787703514099,1.7188457250595093
1140,Q2RIZ2_wild,C1=CC(=C[N+](=C1)C2C(C(C(O2)COP(=O)([O-])OP(=O)(O)OCC3C(C(C(O3)N4C=NC5=C(N=CN=C54)N)O)O)O)O)C(=O)N,0.14519640611418191,0.8353422284126282,-0.45666900277137756,1.9113380908966064
1141,Q2RIZ2_A30D/R31I/T32I,C1=CC(=C[N+](=C1)C2C(C(C(O2)COP(=O)([O-])OP(=O)(O)OCC3C(C(C(O3)N4C=NC5=C(N=CN=C54)N)O)O)O)O)C(=O)N,-1.9244530386074692,0.8529864549636841,-0.5331956744194031,1.961716651916504
1142,Q9GZT9_T387A,O=O,-1.0,-0.4784042239189148,-1.3442200422286987,0.7940311431884766
1143,Q9GZT9_wild,C(CC(=O)O)C(=O)C(=O)O,-3.0457574905606752,-0.6033313870429993,-1.231480360031128,0.95318603515625
1144,Q9GZT9_T387A,C(CC(=O)O)C(=O)C(=O)O,-1.9208187539523751,-0.6214580535888672,-1.2408766746520996,0.9469538927078247
1145,Q9GZT9_wild,O=O,-0.8239087409443188,-0.46465688943862915,-1.3411861658096313,0.7988225221633911
1146,Q9GZT9_T387N,C(CC(=O)O)C(=O)C(=O)O,-3.154901959985743,-0.5913802981376648,-1.2212512493133545,0.9830770492553711
1147,Q9GZT9_T387N,O=O,-0.11918640771920865,-0.4438391923904419,-1.3285531997680664,0.8202404379844666
1148,Q84AR1_wild,C(C(C(=O)O)N)S,-0.7447274948969352,-0.18366815149784088,-0.48139217495918274,0.8016101121902466
1149,Q84AR1_wild,CCSCC(C(=O)O)N,-0.3098039199714864,0.3498886823654175,0.02577374130487442,0.8044383525848389
1150,Q84AR1_wild,C1=CC=C(C=C1)CSCC(C(=O)O)N,-0.721246399047171,0.6591340899467468,-0.34809204936027527,0.9728355407714844
1151,Q84AR1_wild,CSCCC(C(=O)O)N,-0.09691001300805639,0.3763130009174347,0.23534241318702698,0.6132563352584839
1152,Q84AR1_wild,CSCC(C(=O)O)N,-0.14874165128092473,0.44626379013061523,0.1960025578737259,0.7824474573135376
1153,Q84AR1_wild,C(CS)C(C(=O)O)N,0.04139268515822508,0.11673419177532196,-0.2084946632385254,0.8550230264663696
1154,Q73KL7_wild,C(C(C(=O)O)N)S,-0.7447274948969352,0.02355092391371727,-0.4460448920726776,0.9027043581008911
1155,Q84AR1_C115A,CSCCC(C(=O)O)N,-0.5228787452803376,0.41938215494155884,0.2431693971157074,0.65952467918396
1156,Q84AR1_C115A,CCSCC(C(=O)O)N,-0.5850266520291821,0.38837695121765137,0.02409331128001213,0.844131588935852
1157,Q84AR1_C115A,CSCC(C(=O)O)N,-0.09691001300805639,0.48634880781173706,0.20875008404254913,0.8312778472900391
1158,Q84AR1_wild,CCSCCC(C(=O)O)N,-0.2676062401770315,0.32489877939224243,-0.19985458254814148,0.6825077533721924
1159,Q84AR1_P357I,CSCCC(C(=O)O)N,0.568201724066995,0.4067800045013428,0.23215486109256744,0.6428601741790771
1160,Q84AR1_V358Y,CSCCC(C(=O)O)N,0.43136376415898736,0.37873315811157227,0.2194138914346695,0.6342331171035767
1161,Q84AR1_C115A,CC(=O)OCCC(C(=O)O)N,0.7781512503836436,0.64493727684021,-0.2723409831523895,0.7973802089691162
1162,Q84AR1_C115H,CCSCC(C(=O)O)N,-0.03151705144606486,0.41429832577705383,0.04385494813323021,0.8321815133094788
1163,Q84AR1_A366Y,CSCCC(C(=O)O)N,0.7403626894942439,0.36321038007736206,0.2271830141544342,0.623611569404602
1164,Q84AR1_Y58F,C1=CC=C(C=C1)CSCC(C(=O)O)N,0.43933269383026263,0.5020197629928589,-0.3038564622402191,0.8410570621490479
1165,Q84AR1_C115H,CC(=O)OCCC(C(=O)O)N,0.39093510710337914,0.6810928583145142,-0.26028361916542053,0.7980293035507202
1166,Q84AR1_C115H,CSCC(C(=O)O)N,0.41830129131974547,0.5133107900619507,0.20896637439727783,0.8203623294830322
1167,Q84AR1_C115A,CC(=O)OCC(C(=O)O)N,0.45939248775921576,0.7126860022544861,0.500522255897522,0.7130640745162964
1168,Q84AR1_Y58F,C(CS)C(C(=O)O)N,0.5390760987927766,-0.022911716252565384,-0.15382368862628937,0.713520884513855
1169,Q84AR1_C115H,CC(=O)OCC(C(=O)O)N,0.5658478186735176,0.7389077544212341,0.5073596835136414,0.7098692059516907
1170,Q84AR1_Y58F,CCSCCC(C(=O)O)N,0.909020854211156,0.15851463377475739,-0.12935172021389008,0.5317608714103699
1171,Q84AR1_Y58F,CCSCC(C(=O)O)N,0.9132839017604184,0.1935950219631195,0.060249213129282,0.6691002249717712
1172,Q84AR1_Y58F,CSCCC(C(=O)O)N,1.2933625547114433,0.21676155924797058,0.2989118993282318,0.4631063938140869
1173,Q84AR1_P360Q,CSCCC(C(=O)O)N,0.2041199826559248,0.37670475244522095,0.22743543982505798,0.6088231801986694
1174,Q826W3_wild,CSCCC(C(=O)O)N,0.2041199826559248,0.10451889038085938,0.854968786239624,0.19112735986709595
1175,Q8RDT4_wild,C(C(C(=O)O)N)S,-0.494850021680094,-0.00318874791264534,-0.37395521998405457,0.8792387247085571
1176,Q7MX71_wild,C(C(C(=O)O)N)S,-0.2006594505464183,0.18627029657363892,-0.6288533210754395,1.1180912256240845
1177,Q826W3_wild,C(C(C(=O)O)N)S,-0.6989700043360187,-0.513454020023346,0.2579214572906494,0.22281306982040405
1178,Q826W3_wild,C(CS)C(C(=O)O)N,0.25042000230889394,-0.23163406550884247,0.37445929646492004,0.3529081642627716
1179,C3VMV9_wild,CSCCC(C(=O)O)N,0.07918124604762482,0.6074793338775635,0.0838668942451477,0.9133679866790771
1180,C3VMV9_wild,CS(=O)(=O)CCC(C(=O)O)N,1.5797835966168101,0.8346239924430847,-0.39245760440826416,0.7977561950683594
1181,P77444_wild,C(C(C(=O)O)N)S,-1.3010299956639813,-0.5524809956550598,-0.6912838220596313,0.4422444999217987
1182,P77444_E96A/R92A,C(C(C(=O)O)N)S,-1.0222763947111522,-0.5623824596405029,-0.6786261796951294,0.42115649580955505
1183,P77444_E250A,C(C(C(=O)O)N)S,-1.0915149811213503,-0.5403743386268616,-0.7060354948043823,0.45661497116088867
1184,Q8YU59_wild,C(C(C(=O)O)N)S,-0.728158393463501,-0.6020805239677429,-0.6092139482498169,0.2985343635082245
1185,Q964H2_wild,C1=NC(=C2C(=N1)N(C=N2)C3C(C(C(O3)COP(=O)(O)O)O)O)N,-0.6777807052660807,0.3208021819591522,-1.5466959476470947,1.7964776754379272
1186,Q964H2_wild,C1=NC2=C(N1C3C(C(C(O3)COP(=O)(O)OP(=O)(O)OP(=O)(O)O)O)O)N=C(NC2=O)N,-0.8860566476931633,-0.036346953362226486,-1.5612859725952148,1.5399951934814453
1187,B5HL29_wild,C1=CC(=CC=C1C=CC(=O)O)O,-0.13076828026902382,-1.0311503410339355,-1.0797200202941895,-0.02238243818283081
1188,F8JS69_wild,C1=CC(=CC=C1C=CC(=O)O)O,-0.2676062401770315,-0.9356717467308044,-1.2215265035629272,0.05658876895904541
1189,C6F3U5_W25A,COC1=C(C=CC(=C1)C=CC(=O)O)O,-0.1366771398795441,-0.08402815461158752,-0.8476443290710449,0.26798778772354126
1190,C6F3U5_wild,COC1=C(C=CC(=C1)C=CC(=O)O)O,0.3729120029701066,-0.11517557501792908,-0.8314046263694763,0.23766964673995972
1191,C6F3U5_E134A,COC1=C(C=CC(=C1)C=CC(=O)O)O,0.5465426634781311,-0.23443686962127686,-0.8636620044708252,0.18670392036437988
1192,Q643R3_wild,CCCCCCCCC=CCCCCCCCC(=O)SCCNC(=O)CCNC(=O)C(C(C)(C)COP(=O)(O)OP(=O)(O)OCC1C(C(C(O1)N2C=NC3=C(N=CN=C32)N)O)OP(=O)(O)O)O,-1.6989700043360187,-0.15889620780944824,-1.907056450843811,2.1264188289642334
1193,Q97WH6_H79A,C1=NC2=C(C(=O)N1)N=CN2C3C(C(C(O3)CO)O)O,-0.4814860601221125,0.10809893906116486,-0.18822702765464783,0.8075766563415527
1194,Q97WH6_wild,C1=NC2=C(C(=O)N1)N=CN2C3C(C(C(O3)CO)O)O,-0.46852108295774486,0.13177061080932617,-0.18868544697761536,0.8115967512130737
1195,Q7M529_wild,CC(=O)OC1=CC=C(C=C1)[N+](=O)[O-],-1.6675615400843946,2.067535400390625,-0.6618301868438721,0.9490925669670105
1196,Q7M529_wild,CCCCCCCC(=O)OC1=CC=C(C=C1)[N+](=O)[O-],-1.2175273758337137,2.1314868927001953,-1.388213038444519,1.276852011680603
1197,Q7M529_wild,CCC(=O)OC1=CC=C(C=C1)[N+](=O)[O-],-1.4710832997223453,2.0164835453033447,-0.7961647510528564,1.0473365783691406
1198,Q7M529_wild,CCCC(=O)OC1=CC=C(C=C1)[N+](=O)[O-],-0.8904214530956133,2.1184768676757812,-0.8434460759162903,1.1373907327651978
1199,Q7M529_wild,CCCCC(=O)OC1=CC=C(C=C1)[N+](=O)[O-],-0.8190144192132696,2.0987508296966553,-1.0638234615325928,1.16383957862854
1200,Q7M529_wild,CCCCCC(=O)OC1=CC=C(C=C1)[N+](=O)[O-],-1.9846402445907858,2.141481399536133,-1.1869229078292847,1.153241753578186
1201,P13001_wild,CCCCCCCCCCCC(=O)OC1=CC=C(C=C1)[N+](=O)[O-],-0.22184874961635637,0.08430451154708862,-1.1934598684310913,1.272618293762207
1202,P13001_wild,CCCCCC(=O)OC1=CC=C(C=C1)[N+](=O)[O-],-0.6020599913279624,0.28729650378227234,-0.7403104305267334,1.0964308977127075
1203,P13001_wild,CC(=O)OC1=CC=C(C=C1)[N+](=O)[O-],-0.5376020021010439,0.2948562800884247,-0.15290862321853638,0.6962161064147949
1204,P13001_wild,CCCC(=O)OC1=CC=C(C=C1)[N+](=O)[O-],-0.4814860601221125,0.41566234827041626,-0.46170148253440857,1.0734635591506958
1205,P13001_wild,CCC(=O)OC1=CC=C(C=C1)[N+](=O)[O-],-0.45593195564972444,0.2690585255622864,-0.33755770325660706,0.9083924889564514
1206,Q9S3U5_wild,CC(CCC(=O)O)C1CCC2C1(CCC3C2C(CC4C3(CCC(C4)O)C)O)C,-1.619788758288394,0.34297674894332886,-0.7686448097229004,1.4069970846176147
1207,Q9S3U5_wild,C1=CC(=C[N+](=C1)C2C(C(C(O2)COP(=O)([O-])OP(=O)(O)OCC3C(C(C(O3)N4C=NC5=C(N=CN=C54)N)O)O)O)O)C(=O)N,-0.1493537648169335,1.224830985069275,-0.7050675749778748,1.7556350231170654
1208,Q9S3U5_wild,CC(CCC(=O)O)C1CCC2C1(C(CC3C2C(CC4C3(CCC(C4)O)C)O)O)C,-0.7520267336381934,0.3410903215408325,-0.444679319858551,1.149162769317627
1209,Q8YZ70_H80L,CCC1=C(C(=NC1=O)C=C2C(=C(C(=CC3=C(C(=C(N3)C=C4C(=CC)C(C(=O)N4)C)C)CCC(=O)[O-])N2)CCC(=O)[O-])C)C,-2.769551078621726,-3.5368258953094482,-1.1734774112701416,-0.683617889881134
1210,Q8YZ70_R169L/W69M,CCC1=C(C(=NC1=O)C=C2C(=C(C(=CC3=C(C(=C(N3)C=C4C(=CC)C(C(=O)N4)C)C)CCC(=O)[O-])N2)CCC(=O)[O-])C)C,-2.856985199745905,-3.540573835372925,-1.0068491697311401,-0.7878435850143433
1211,Q8YZ70_R18V,CCC1=C(C(=NC1=O)C=C2C(=C(C(=CC3=C(C(=C(N3)C=C4C(=CC)C(C(=O)N4)C)C)CCC(=O)[O-])N2)CCC(=O)[O-])C)C,-2.595166283380062,-3.549222707748413,-1.1926740407943726,-0.6585969924926758
1212,Q8YZ70_W75S,CCC1=C(C(=NC1=O)C=C2C(=C(C(=CC3=C(C(=C(N3)C=C4C(=CC)C(C(=O)N4)C)C)CCC(=O)[O-])N2)CCC(=O)[O-])C)C,-2.8416375079047502,-3.4573123455047607,-1.180702567100525,-0.6501507759094238
1213,Q8YZ70_H22V,CCC1=C(C(=NC1=O)C=C2C(=C(C(=CC3=C(C(=C(N3)C=C4C(=CC)C(C(=O)N4)C)C)CCC(=O)[O-])N2)CCC(=O)[O-])C)C,-2.8601209135987635,-3.5101306438446045,-1.2205036878585815,-0.6046669483184814
1214,Q8YZ70_wild,CCC1=C(C(=NC1=O)C=C2C(=C(C(=CC3=C(C(=C(N3)C=C4C(=CC)C(C(=O)N4)C)C)CCC(=O)[O-])N2)CCC(=O)[O-])C)C,-2.9430951486635273,-3.535301446914673,-1.1635944843292236,-0.673142671585083
1215,Q8YZ70_C63T,CCC1=C(C(=NC1=O)C=C2C(=C(C(=CC3=C(C(=C(N3)C=C4C(=CC)C(C(=O)N4)C)C)CCC(=O)[O-])N2)CCC(=O)[O-])C)C,-2.8096683018297086,-3.496525287628174,-1.1211879253387451,-0.6898924112319946
1216,Q8YZ70_H21T/H22V,CCC1=C(C(=NC1=O)C=C2C(=C(C(=CC3=C(C(=C(N3)C=C4C(=CC)C(C(=O)N4)C)C)CCC(=O)[O-])N2)CCC(=O)[O-])C)C,-2.8728952016351923,-3.5057289600372314,-1.2117278575897217,-0.6139447093009949
1217,Q8YZ70_R147Q,CCC1=C(C(=NC1=O)C=C2C(=C(C(=CC3=C(C(=C(N3)C=C4C(=CC)C(C(=O)N4)C)C)CCC(=O)[O-])N2)CCC(=O)[O-])C)C,-2.640164517660112,-3.5327341556549072,-1.1072237491607666,-0.7006754279136658
1218,Q8ZXN7_wild,C1=CN(C(=O)NC1=O)C2C(C(C(O2)COP(=O)(O)OP(=O)(O)OC3C(C(C(C(O3)CO)O)O)O)O)O,-0.1366771398795441,0.6494261026382446,-0.24127936363220215,0.9654099941253662
1219,Q8ZXN7_wild,C(C1C(C(C(C(O1)OP(=O)(O)O)O)O)O)O,-1.0757207139381184,0.571347713470459,-0.11602871119976044,0.8657081127166748
1220,Q9GZZ1_wild,CC(=O)SCCNC(=O)CCNC(=O)C(C(C)(C)COP(=O)(O)OP(=O)(O)OCC1C(C(C(O1)N2C=NC3=C(N=CN=C32)N)O)OP(=O)(O)O)O,-2.161150909262745,-0.02852722629904747,-1.9506441354751587,2.034336566925049
1221,B7VF77_wild,C1=CC=C2C=C(C=CC2=C1)C=O,0.04139268515822508,1.6068100929260254,-1.175115704536438,1.6970012187957764
1222,B7VF77_wild,COC1=CC=C(C=C1)C=O,0.5440680443502757,1.70603346824646,-0.3833359181880951,1.4251213073730469
1223,B7VF77_wild,C1OC2=C(O1)C=C(C=C2)C=O,0.414973347970818,2.0084779262542725,0.0034956298768520355,1.410809874534607
1224,B7VF77_wild,C1=CC=C(C=C1)C(C#N)O,-0.7931741239681502,1.8263287544250488,-0.3769036829471588,1.3409723043441772
1225,B7VF77_wild,C1=CC=C(C=C1)C=O,1.0606978403536118,1.8932476043701172,0.013770278543233871,1.253027319908142
1226,B7VF77_wild,CC(C)C=O,1.6211762817750353,2.062281847000122,0.5895074605941772,0.6081105470657349
1227,B7VF77_wild,CC(C)(C)C=O,1.5943925503754255,2.169198751449585,-0.32964977622032166,0.9221895933151245
1228,B7VF77_wild,CCC=O,1.9995654882259823,1.910361409187317,0.7232201099395752,0.6950309872627258
1229,B9X0I2_wild,C1=CC=C(C=C1)C=O,0.724275869600789,1.9037938117980957,0.017542626708745956,1.3317666053771973
1230,B9X0I1_wild,C1=CC=C(C=C1)C=O,0.724275869600789,1.9462419748306274,0.033705707639455795,1.3714885711669922
1231,Q99661_wild,C1=NC(=C2C(=N1)N(C=N2)C3C(C(C(O3)COP(=O)(O)OP(=O)(O)OP(=O)(O)O)O)O)N,-2.4111682744057927,-0.3779674172401428,-0.9331182241439819,0.9388668537139893
1232,P30046_wild,C1C(NC2=CC(=O)C(=O)C=C21)C(=O)O,-0.3767507096020995,0.7880078554153442,-0.754529595375061,1.1615335941314697
1233,P80254_wild,C1C(NC2=CC(=O)C(=O)C=C21)C(=O)O,0.17609125905568124,0.6086181998252869,-0.703000545501709,0.9542490243911743
1234,O34508_wild,CC(C(=O)NC(CCC(=O)O)C(=O)O)N,-0.494850021680094,0.5887606143951416,-0.25898218154907227,0.8169710636138916
1235,O34508_wild,CC(C(=O)NC(CC(=O)[O-])C(=O)[O-])[NH3+],-1.5528419686577808,0.19402769207954407,-0.4406543970108032,1.1248209476470947
1236,O34508_wild,CC(C(=O)NC(CCSC)C(=O)[O-])[NH3+],-0.2924298239020636,0.3140811026096344,-0.1908363550901413,0.4609067738056183
1237,P40881_wild,C(=O)=O,1.7109631189952756,3.4440791606903076,0.28029322624206543,2.51476788520813
1238,Q5XI78_wild,C(CC(=O)O)C(=O)C(=O)O,-0.3467874862246563,0.3470068573951721,-1.5131111145019531,1.240095615386963
1239,Q4KLP0_wild,C(CC(=O)C(=O)O)CC(=O)O,-0.2596373105057561,0.6855459809303284,-1.417853593826294,0.8788689374923706
1240,Q5XI78_wild,C(CC(=O)C(=O)O)CC(=O)O,-0.3467874862246563,0.42280519008636475,-1.5693553686141968,0.9554749727249146
1241,Q8N5Y8_wild,C1=CC(=C[N+](=C1)C2C(C(C(O2)COP(=O)([O-])OP(=O)(O)OCC3C(C(C(O3)N4C=NC5=C(N=CN=C54)N)O)O)O)O)C(=O)N,-0.5376020021010439,0.0989118218421936,-1.225975513458252,1.42128324508667
1242,A3UR44_wild,C1(C(C(OC(C1OC2C(C(C(C(O2)C(=O)O)P)O)O)C(=O)O)OP)O)O,-1.2218487496163564,1.3476115465164185,-0.7619960904121399,1.5118603706359863
1243,Q59196_wild,C(C(=O)C(=O)O)OP(=O)(O)O,-1.0,0.6291111707687378,-0.5568946599960327,1.6648030281066895
1244,Q59196_wild,C(CC(=O)O)C(C(=O)O)N,0.0,0.4504285454750061,1.0342968702316284,0.656924307346344
1245,Q96255_wild,C(CC(=O)O)C(C(=O)O)N,-1.1549019599857433,1.0114264488220215,0.6777642369270325,0.7551673650741577
1246,Q96255_wild,C(C(=O)C(=O)O)OP(=O)(O)O,-1.0985416786038877,1.2057733535766602,-0.7427396774291992,1.7254488468170166
1247,Q60I38_wild,C(C(=O)C(=O)O)OP(=O)(O)O,-1.2365720064370627,0.5076909065246582,-0.6079455614089966,1.3283532857894897
1248,Q60I38_wild,C(CC(=O)O)C(=O)C(=O)O,-1.3665315444204134,0.4623457193374634,-0.0584452785551548,0.8675928711891174
1249,Q60I38_wild,C(CC(=O)O)C(C(=O)O)N,-0.10347378251044473,0.35525941848754883,0.7094170451164246,0.41549283266067505
1250,Q60I38_wild,C(C(C(=O)O)N)OP(=O)(O)O,-1.4341521813264824,-0.05428198352456093,-0.0985739678144455,1.008843183517456
1251,P23721_wild,C(C(=O)C(=O)[O-])OP(=O)([O-])[O-],-2.3979400086720375,0.7648269534111023,-0.7773698568344116,1.7229194641113281
1252,P23721_wild,C(CO)C(C(=O)O)N,2.2000292665537704,0.5736574530601501,0.7827794551849365,0.7183622717857361
1253,P23721_R42W/R77W,C(CO)C(C(=O)O)N,1.150756439860309,0.28747934103012085,0.8875219821929932,0.3948214054107666
1254,A0A3S5ZPF7_wild,C(C(=O)C(=O)[O-])OP(=O)([O-])[O-],-2.3010299956639813,0.2507456839084625,-0.8591024279594421,0.9300425052642822
1255,W5PS11_wild,C(C(=O)C(=O)[O-])OP(=O)([O-])[O-],-0.6020599913279624,0.28786277770996094,-0.762635350227356,1.0768961906433105
1256,I1JCA9_wild,C(C(=O)C(=O)[O-])OP(=O)([O-])[O-],-1.2218487496163564,0.8630207777023315,-1.0994960069656372,1.8574397563934326
1257,I1JCA9_wild,C(CC(=O)O)C(C(=O)O)N,-0.3010299956639812,0.8845928311347961,0.6070209741592407,0.6369478702545166
1258,P23721_wild,C(CC(=O)O)C(C(=O)O)N,0.07918124604762482,0.7884839177131653,1.0155810117721558,0.44716888666152954
1259,A0A3S5ZPF7_wild,C(CC(=O)O)C(C(=O)O)N,0.07918124604762482,0.29842546582221985,0.7654743790626526,0.08784088492393494
1260,A0A0K8P8E7_wild,C1=CC(=CC=C1C(=O)O)C(=O)OCCOC(=O)C2=CC=C(C=C2)C(=O)O,-2.136677139879544,1.2812293767929077,-0.992287278175354,3.1285269260406494
1261,Q5JIE9_wild,CCCC(=O)OC1=CC=C(C=C1)[N+](=O)[O-],-0.2167397671270511,1.4936418533325195,-0.6238694190979004,1.3166728019714355
1262,P77541_wild,CC(C(CC(=O)[O-])C(=O)[O-])(C(=O)[O-])O,-1.7212463990471711,-1.0023025274276733,-0.6680704951286316,0.5380375981330872
1263,Q8LDN8_wild,C1C(C(C(C(O1)OP(=O)(O)OP(=O)(O)OCC2C(C(C(O2)N3C=CC(=O)NC3=O)O)O)O)O)O,-0.494850021680094,0.6641898155212402,-0.8957926034927368,1.5804280042648315
1264,Q42605_wild,C1C(C(C(C(O1)OP(=O)(O)OP(=O)(O)OCC2C(C(C(O2)N3C=CC(=O)NC3=O)O)O)O)O)O,-0.36653154442041347,0.5595990419387817,-0.876967191696167,1.4412108659744263
1265,P39358_wild,C(C(C(C(C(=O)[O-])O)O)O)O,0.6884198220027107,0.7444677352905273,0.37614983320236206,1.2407886981964111
1266,O54161_wild,C1=CC(=CC=C1[N+](=O)[O-])OC2C(C(C(O2)CO)O)O,0.2787536009528289,0.4541684091091156,0.6889365315437317,0.06385013461112976
1267,A0A0D1BZQ4_wild,C1=CC(=CC=C1[N+](=O)[O-])OC2C(C(C(O2)CO)O)O,0.8750612633917001,0.11338572204113007,0.43124404549598694,0.027779430150985718
1268,Q9Y617_wild,C(=O)C(=O)[O-],0.7403626894942439,0.3815487027168274,-0.30342528223991394,0.912339448928833
1269,F8WKW8_wild,CC(=CC=CC=C(C)C=CC=C(C)C(=O)OC1C(C(C(C(O1)CO)O)O)O)C=CC=C(C)C(=O)OC2C(C(C(C(O2)CO)O)O)O,-1.6382721639824072,-0.024482261389493942,-1.0421198606491089,1.28130042552948
1270,F8WKW8_wild,CC(=CC=CC=C(C)C=CC=C(C)C(=O)OC1C(C(C(C(O1)CO)O)O)O)C=CC=C(C)C(=O)O,-1.1426675035687315,-0.04864344373345375,-1.0888903141021729,1.2314382791519165
1271,Q24451_wild,C(C1(C(C(C(C(O1)F)O)O)O)F)O,-0.6989700043360187,-0.016791272908449173,0.20444747805595398,0.09952720999717712
1272,Q24451_wild,C(C1C(C(C(C(O1)F)F)O)O)O,1.3979400086720377,-0.10562874376773834,0.5394392013549805,-0.034184038639068604
1273,B1WSS6_wild,CC(C)CCCCCCCCCCCC(=O)O,-1.790484985457369,1.319020390510559,-1.5342530012130737,2.0907297134399414
1274,B1WSS6_wild,CCCCCCCCCCCCCC(=O)O,-1.5800442515102422,1.0978195667266846,-1.2929441928863525,1.898930311203003
1275,O69787_wild,CP(=O)([O-])OC1=CC=C(C=C1)[N+](=O)[O-],1.8260748027008264,0.1897277534008026,0.309081107378006,-0.7067660093307495
1276,O69787_wild,C[N+](C)(C)CCOS(=O)(=O)[O-],-0.3010299956639812,-0.24737530946731567,-0.22868360579013824,-0.518691897392273
1277,O69787_E386L,C[N+](C)(C)CCOS(=O)(=O)[O-],1.1760912590556813,-0.31611937284469604,-0.17548581957817078,-0.5767440795898438
1278,O69787_wild,C1=CC(=CC=C1[N+](=O)[O-])OS(=O)(=O)O,1.879669205632053,-0.2842143476009369,-0.04079930856823921,-0.8912853002548218
1279,O69787_H104A,C[N+](C)(C)CCOS(=O)(=O)[O-],1.1238516409670858,-0.43136510252952576,-0.11727386713027954,-0.7032506465911865
1280,O69787_C54S,C[N+](C)(C)CCOS(=O)(=O)[O-],0.9731278535996987,-0.4291461408138275,-0.201618492603302,-0.6920050978660583
1281,O69787_wild,CC1=CC(=O)OC2=C1C=CC(=C2)OS(=O)(=O)O,1.0718820073061253,-0.49824684858322144,-0.456990122795105,-0.8123183846473694
1282,P32746_wild,CCCCCCCCCCC1=C(C(=O)C(=C(C1=O)OC)OC)C,-0.9507819773298184,-0.08832357823848724,-2.148869276046753,2.0395398139953613
1283,P32746_wild,C1C(NC(=O)NC1=O)C(=O)O,-1.3979400086720375,0.3076050281524658,-1.5167897939682007,1.8963546752929688
1284,Q874I4_wild,C1C(NC(=O)NC1=O)C(=O)O,-0.9665762445130504,0.06555669009685516,-1.1496890783309937,1.1648461818695068
1285,Q02127_wild,C1C(NC(=O)NC1=O)C(=O)O,-2.3979400086720375,0.3781389594078064,-1.660070538520813,2.283460855484009
1286,Q02127_wild,CC1=CC(=O)C(=C(C1=O)OC)OC,-0.45593195564972444,0.24168863892555237,-1.311972975730896,1.6462187767028809
1287,Q63707_wild,C1C(NC(=O)NC1=O)C(=O)O,-2.3010299956639813,0.45106565952301025,-1.7281891107559204,2.3159561157226562
1288,Q63707_wild,CC1=C(C(=O)C(=C(C1=O)OC)OC)CC=C(C)CCC=C(C)CCC=C(C)CCC=C(C)CCC=C(C)CCC=C(C)CCC=C(C)CCC=C(C)CCC=C(C)CCC=C(C)C,-2.00436480540245,0.5302618741989136,-2.1473634243011475,2.6925621032714844
1289,I7EMP0_wild,C1C(NC(=O)NC1=O)C(=O)O,-1.2441251443275085,0.2654843330383301,-1.3053580522537231,1.674499273300171
1290,M1BCR0_wild,C1C(NC(=O)NC1=O)C(=O)O,-1.6989700043360187,0.20283836126327515,-1.5753012895584106,1.8722162246704102
1291,Q8KLV4_wild,C1=CC=C(C(=C1)O)O,-2.8239087409443187,1.341788411140442,-0.8170581459999084,2.001776695251465
1292,Q8KLV4_Y255F,C1=CC=C(C(=C1)O)O,-2.3010299956639813,1.3215562105178833,-0.8134227395057678,1.9719971418380737
1293,Q8KLV4_H246N,C1=CC=C(C(=C1)O)O,-0.14630178822382564,0.7341583967208862,-0.6503609418869019,1.2143714427947998
1294,Q8KLV4_H199N,C1=CC=C(C(=C1)O)O,-0.3625102704874893,1.257473349571228,-0.7865772247314453,1.8675215244293213
1295,Q842G7_wild,CCCCC1=CC(=C(C=C1)O)O,-2.1870866433571443,0.48327887058258057,-1.4545096158981323,1.633589744567871
1296,Q842G7_wild,CC1=CC(=C(C=C1)O)O,-2.0757207139381184,0.893255352973938,-1.191493272781372,1.7715730667114258
1297,Q842G7_wild,C1=CC=C(C(=C1)O)O,-1.630784142589857,1.1755369901657104,-1.020086407661438,2.0640902519226074
1298,Q83U22_wild,C1=CC(=C(C=C1Cl)O)O,-2.7958800173440754,0.728090763092041,-1.5280205011367798,2.0177292823791504
1299,Q83U22_wild,C1=CC=C(C(=C1)O)O,-2.958607314841775,1.2272756099700928,-0.8560488820075989,1.947185754776001
1300,Q83U22_wild,CC1=C(C(=CC=C1)O)O,-2.494850021680094,1.1496620178222656,-1.2804579734802246,1.878626823425293
1301,Q83U22_wild,CC1=CC(=C(C=C1)O)O,-2.283996656365201,0.9801113605499268,-0.9662374258041382,1.6304386854171753
1302,E7DDG2_wild,C1=CC=C(C(=C1)O)O,-1.009927665307847,1.209185004234314,-0.8127878904342651,1.8511422872543335
1303,T1T1S4_wild,CC1=C(C(=CC=C1)O)O,-1.5228787452803376,1.2468963861465454,-1.2767130136489868,1.9291080236434937
1304,T1T1S4_wild,C1=CC=C(C(=C1)O)O,-0.5228787452803376,1.366843819618225,-0.8287027478218079,2.012556552886963
1305,T1T1S4_wild,C1=CC=C(C=C1)C2=C(C(=CC=C2)O)O,-2.9208187539523753,1.3932496309280396,-1.9987907409667969,2.7439980506896973
1306,O29370_wild,C1C=CN(C=C1C(=O)N)C2C(C(C(O2)COP(=O)(O)OP(=O)(O)OCC3C(C(C(O3)N4C=NC5=C(N=CN=C54)N)OP(=O)(O)O)O)O)O,1.7895807121644254,0.7353817224502563,-0.7700083255767822,1.3915815353393555
1307,O29370_wild,C1=CC(=C[N+](=C1)C2C(C(C(O2)COP(=O)(O)OP(=O)(O)OCC3C(C(C(O3)N4C=NC5=C(N=CN=C54)N)OP(=O)(O)O)O)O)O)C(=O)N,-1.3979400086720375,0.618687093257904,-0.360330730676651,0.942706823348999
1308,O29370_wild,CC(C(=O)NC(CCC(=O)NC(CCC(=O)O)C(=O)O)C(=O)O)OP(=O)(O)OCC(C(C(CN1C2=C(CC3=C1NC(=O)NC3=O)C=CC(=C2)O)O)O)O,-1.6989700043360187,0.6604390740394592,-1.4679055213928223,1.1647992134094238
1309,O29370_I135A,C1C=CN(C=C1C(=O)N)C2C(C(C(O2)COP(=O)(O)OP(=O)(O)OCC3C(C(C(O3)N4C=NC5=C(N=CN=C54)N)OP(=O)(O)O)O)O)O,-2.537602002101044,0.6923049688339233,-0.7843005061149597,1.3307206630706787
1310,O29370_I135V,C1C=CN(C=C1C(=O)N)C2C(C(C(O2)COP(=O)(O)OP(=O)(O)OCC3C(C(C(O3)N4C=NC5=C(N=CN=C54)N)OP(=O)(O)O)O)O)O,-1.2924298239020637,0.720849871635437,-0.7676395177841187,1.3719654083251953
1311,O29370_I135G,C1C=CN(C=C1C(=O)N)C2C(C(C(O2)COP(=O)(O)OP(=O)(O)OCC3C(C(C(O3)N4C=NC5=C(N=CN=C54)N)OP(=O)(O)O)O)O)O,-0.18442225167573278,0.6577668786048889,-0.7633122205734253,1.274860143661499
1312,Q9WZ17_wild,C1=NC(=C2C(=N1)N(C=N2)C3C(C(C(O3)COP(=O)(O)OP(=O)(O)OP(=O)(O)O)O)O)N,0.5490032620257879,0.5469416379928589,-0.5616543292999268,1.1748552322387695
1313,Q9WZ17_wild,C(C(C(=O)O)N)C(=O)O,0.6683859166900001,0.3280909061431885,0.18835455179214478,0.8172411918640137
1314,P54751_wild,CC(=O)NC1C(CC(OC1C(C(CO)O)O)(C(=O)[O-])OP(=O)([O-])OCC2C(C(C(O2)N3C=CC(=NC3=O)N)O)O)O,-1.5228787452803376,-0.17806200683116913,-1.0174806118011475,1.076707363128662
1315,P54751_wild,CC(=O)NC1C(C(C(OC1O)CO)O)OC2C(C(C(C(O2)CO)O)O)O,-0.958607314841775,-0.05836622416973114,0.1423947513103485,0.6546221375465393
1316,P54751_wild,CCCCCCCCCCCCCCCCCC(=O)NC(COC1C(C(C(C(O1)CO)OC2C(C(C(C(O2)CO)OC3C(C(C(C(O3)CO)O)OC4C(C(C(C(O4)CO)O)O)O)NC(=O)C)OC5(CC(C(C(O5)C(C(CO)OC6(CC(C(C(O6)C(C(CO)O)O)NC(=O)CO)O)C(=O)O)O)NC(=O)C)O)C(=O)O)O)O)O)C(C=CCCCCCCCCCCCCC)O,-0.8239087409443188,0.13786448538303375,-0.8495992422103882,1.7489835023880005
1317,P54751_wild,CCCCCCCCCCCCCCCCCC(=O)NC(COC1C(C(C(C(O1)CO)OC2C(C(C(C(O2)CO)OC3C(C(C(C(O3)CO)O)OC4C(C(C(C(O4)CO)O)O)O)NC(=O)C)OC5(CC(C(C(O5)C(C(CO)O)O)NC(=O)C)O)C(=O)O)O)O)O)C(C=CCCCCCCCCCCCCC)O,0.17609125905568124,0.009415235370397568,-0.6756075620651245,1.5842527151107788
1318,Q16842_wild,CCCCCCCCCCCCCCCCCC(=O)NC(COC1C(C(C(C(O1)CO)OC2C(C(C(C(O2)CO)OC3C(C(C(C(O3)CO)O)OC4C(C(C(C(O4)CO)O)O)O)NC(=O)C)OC5(CC(C(C(O5)C(C(CO)O)O)NC(=O)C)O)C(=O)O)O)O)O)C(C=CCCCCCCCCCCCCC)O,-0.060480747381381476,0.0306645967066288,-0.7260867953300476,1.6531360149383545
1319,Q11204_wild,CC(=O)NC1C(C(C(OC1O)CO)O)OC2C(C(C(C(O2)CO)O)O)O,-0.7958800173440752,0.0321015827357769,0.2407030165195465,0.8555402755737305
1320,Q11201_wild,CC(=O)NC1C(C(C(OC1O)CO)O)OC2C(C(C(C(O2)CO)O)O)O,-0.6382721639824072,-0.11105628311634064,0.11176234483718872,0.6193748712539673
1321,O52793_R381A,CC1C(=O)C(C(C(O1)OP(=O)(O)OP(=O)(O)OCC2C(CC(O2)N3C=C(C(=O)NC3=O)C)O)O)O,-1.4202164033831899,-0.26355627179145813,-0.7821937799453735,0.799553632736206
1322,O52793_wild,CC1C(=O)C(C(C(O1)OP(=O)(O)OP(=O)(O)OCC2C(CC(O2)N3C=C(C(=O)NC3=O)C)O)O)O,-1.2518119729937995,-0.2808676064014435,-0.7972787618637085,0.809984028339386
1323,P07813_wild,CC(C)CC(C(=O)O)N,-1.6989700043360187,0.8058943748474121,-1.5201042890548706,1.6325138807296753
1324,Q93NH4_wild,CN1CCCC1C2=CNC(=O)C=C2,-1.6989700043360187,0.22456812858581543,-0.9726943969726562,1.270677089691162
1325,A0QT09_wild,C(CC(=O)[O-])C(=O)[O-],-1.1817741063860445,0.2929003834724426,-0.5621486902236938,1.225754976272583
1326,Q9N1N9_wild,CCCC(=O)SCC[N+](C)(C)C,-3.9746941347352296,1.8875598907470703,-0.6193522214889526,2.7317264080047607
1327,P06276_wild,CCCC(=O)SCC[N+](C)(C)C,-1.8239087409443187,1.8974629640579224,-0.6126847267150879,2.781015396118164
1328,P06276_wild,CC(=O)OC1C=CC2C3CC4=C5C2(C1OC5=C(C=C4)OC(=O)C)CCN3C,-0.9208187539523751,0.5157879590988159,-0.2950102984905243,1.2522000074386597
1329,P06276_wild,CN1C2CCC1C(C(C2)OC(=O)C3=CC=CC=C3)C(=O)OC,-2.3467874862246565,1.3250887393951416,-1.7989643812179565,2.5696964263916016
1330,P06276_wild,CCC(=O)SCC[N+](C)(C)C,-1.769551078621726,2.0047247409820557,-0.7341510057449341,2.7779934406280518
1331,P06276_wild,CC(=O)SCC[N+](C)(C)C,-1.5086383061657274,2.148919105529785,-0.9093872904777527,2.7657413482666016
1332,P06276_wild,CC(=O)OC1C=CC2C3CC4=C5C2(C1OC5=C(C=C4)O)CCN3C,0.9344984512435677,0.35795649886131287,-0.4966481029987335,1.0006321668624878
1333,Q59263_F206K,CC1=CC2=C(C=C1C)N(C3=NC(=O)NC(=O)C3=N2)CC(C(C(COP(=O)(O)O)O)O)O,-2.2676062401770314,-0.29163748025894165,-2.4646284580230713,2.1252317428588867
1334,Q59263_D298E,CC1=CC2=C(C=C1C)N(C3=NC(=O)NC(=O)C3=N2)CC(C(C(COP(=O)(O)O)O)O)O,-3.0222763947111524,-0.31158071756362915,-2.4362006187438965,2.118788242340088
1335,Q59263_V300A,CC1=CC2=C(C=C1C)N(C3=NC(=O)NC(=O)C3=N2)CC(C(C(COP(=O)(O)O)O)O)O,-2.853871964321762,-0.3039730191230774,-2.4328973293304443,2.1386098861694336
1336,Q59263_Y106W,CC1=CC2=C(C=C1C)N(C3=NC(=O)NC(=O)C3=N2)CC(C(C(COP(=O)(O)O)O)O)O,-1.9208187539523751,-0.26292797923088074,-2.4695537090301514,2.1569480895996094
1337,Q59263_F206A,C1=NC(=C2C(=N1)N(C=N2)C3C(C(C(O3)COP(=O)(O)OP(=O)(O)OP(=O)(O)O)O)O)N,-1.4202164033831899,0.054390799254179,-1.0866107940673828,1.6689260005950928
1338,Q59263_F128W,C1=NC(=C2C(=N1)N(C=N2)C3C(C(C(O3)COP(=O)(O)OP(=O)(O)OP(=O)(O)O)O)O)N,-2.0457574905606752,0.05431311950087547,-1.056045413017273,1.6703510284423828
1339,Q59263_D298A,CC1=CC2=C(C=C1C)N(C3=NC(=O)NC(=O)C3=N2)CC(C(C(COP(=O)(O)O)O)O)O,-2.9208187539523753,-0.29291146993637085,-2.4548919200897217,2.1423919200897217
1340,Q59263_F62W,CC1=CC2=C(C=C1C)N(C3=NC(=O)NC(=O)C3=N2)CC(C(C(COP(=O)(O)O)O)O)O,-1.3767507096020997,-0.29901209473609924,-2.4321060180664062,2.1331634521484375
1341,Q59263_E301A,CC1=CC2=C(C=C1C)N(C3=NC(=O)NC(=O)C3=N2)CC(C(C(COP(=O)(O)O)O)O)O,-3.3767507096020997,-0.2814968228340149,-2.469076156616211,2.1450843811035156
1342,Q59263_F206W,CC1=CC2=C(C=C1C)N(C3=NC(=O)NC(=O)C3=N2)CC(C(C(COP(=O)(O)O)O)O)O,-2.769551078621726,-0.3247561752796173,-2.436086893081665,2.1071979999542236
1343,Q59263_E203A,CC1=CC2=C(C=C1C)N(C3=NC(=O)NC(=O)C3=N2)CC(C(C(COP(=O)(O)O)O)O)O,-3.154901959985743,-0.2874799966812134,-2.4654414653778076,2.1522819995880127
1344,Q59263_R66E,CC1=CC2=C(C=C1C)N(C3=NC(=O)NC(=O)C3=N2)CC(C(C(COP(=O)(O)O)O)O)O,-3.42021640338319,-0.27519071102142334,-2.396409273147583,2.140048027038574
1345,Q59263_E301K,CC1=CC2=C(C=C1C)N(C3=NC(=O)NC(=O)C3=N2)CC(C(C(COP(=O)(O)O)O)O)O,-3.070581074285707,-0.31720906496047974,-2.4703471660614014,2.1366591453552246
1346,Q59263_wild,CC1=CC2=C(C=C1C)N(C3=NC(=O)NC(=O)C3=N2)CC(C(C(COP(=O)(O)O)O)O)O,-1.9956786262173574,-0.3082447350025177,-2.436459541320801,2.1298017501831055
1347,Q59263_F206A/K202A,CC1=CC2=C(C=C1C)N(C3=NC(=O)NC(=O)C3=N2)CC(C(C(COP(=O)(O)O)O)O)O,-2.537602002101044,-0.29487815499305725,-2.452672243118286,2.12449049949646
1348,Q59263_V300K,CC1=CC2=C(C=C1C)N(C3=NC(=O)NC(=O)C3=N2)CC(C(C(COP(=O)(O)O)O)O)O,-2.0809219076239263,-0.3074454069137573,-2.4487369060516357,2.119828701019287
1349,Q59263_F128W,CC1=CC2=C(C=C1C)N(C3=NC(=O)NC(=O)C3=N2)CC(C(C(COP(=O)(O)O)O)O)O,-0.9665762445130504,-0.2941335141658783,-2.4433982372283936,2.1394283771514893
1350,Q59263_Y106W,C1=NC(=C2C(=N1)N(C=N2)C3C(C(C(O3)COP(=O)(O)OP(=O)(O)OP(=O)(O)O)O)O)N,-1.7212463990471711,0.07535172998905182,-1.0991276502609253,1.7000458240509033
1351,Q59263_F62W,C1=NC(=C2C(=N1)N(C=N2)C3C(C(C(O3)COP(=O)(O)OP(=O)(O)OP(=O)(O)O)O)O)N,-1.2924298239020637,0.03929416462779045,-1.037397861480713,1.6645958423614502
1352,Q59263_D298A,C1=NC(=C2C(=N1)N(C=N2)C3C(C(C(O3)COP(=O)(O)OP(=O)(O)OP(=O)(O)O)O)O)N,-1.6840296545430822,0.03904863819479942,-1.0771006345748901,1.6647491455078125
1353,Q59263_K202A,C1=NC(=C2C(=N1)N(C=N2)C3C(C(C(O3)COP(=O)(O)OP(=O)(O)OP(=O)(O)O)O)O)N,-1.91721462968355,0.019140150398015976,-1.030861735343933,1.6389870643615723
1354,Q59263_D298E,C1=NC(=C2C(=N1)N(C=N2)C3C(C(C(O3)COP(=O)(O)OP(=O)(O)OP(=O)(O)O)O)O)N,-1.9829666607012197,0.02617056295275688,-1.0475659370422363,1.6390299797058105
1355,Q59263_V300K,C1=NC(=C2C(=N1)N(C=N2)C3C(C(C(O3)COP(=O)(O)OP(=O)(O)OP(=O)(O)O)O)O)N,-2.0222763947111524,0.03977873548865318,-1.0559278726577759,1.6575024127960205
1356,Q59263_E203A,C1=NC(=C2C(=N1)N(C=N2)C3C(C(C(O3)COP(=O)(O)OP(=O)(O)OP(=O)(O)O)O)O)N,-1.9665762445130501,0.043497513979673386,-1.0882244110107422,1.6830110549926758
1357,Q59263_L304K,C1=NC(=C2C(=N1)N(C=N2)C3C(C(C(O3)COP(=O)(O)OP(=O)(O)OP(=O)(O)O)O)O)N,-1.9393021596463884,0.0571075938642025,-1.0409300327301025,1.6787331104278564
1358,Q59263_L304K,CC1=CC2=C(C=C1C)N(C3=NC(=O)NC(=O)C3=N2)CC(C(C(COP(=O)(O)O)O)O)O,-1.8181564120552274,-0.29175156354904175,-2.4411489963531494,2.1371004581451416
1359,Q59263_R66A,CC1=CC2=C(C=C1C)N(C3=NC(=O)NC(=O)C3=N2)CC(C(C(COP(=O)(O)O)O)O)O,-3.161150909262745,-0.27567341923713684,-2.4078099727630615,2.141843557357788
1360,Q59263_R66E,C1=NC(=C2C(=N1)N(C=N2)C3C(C(C(O3)COP(=O)(O)OP(=O)(O)OP(=O)(O)O)O)O)N,-1.5072396109731625,0.06458067893981934,-0.9986313581466675,1.6575236320495605
1361,Q59263_F206W,C1=NC(=C2C(=N1)N(C=N2)C3C(C(C(O3)COP(=O)(O)OP(=O)(O)OP(=O)(O)O)O)O)N,-1.5985994592184558,0.006395753473043442,-1.0595545768737793,1.6303174495697021
1362,Q59263_F206K,C1=NC(=C2C(=N1)N(C=N2)C3C(C(C(O3)COP(=O)(O)OP(=O)(O)OP(=O)(O)O)O)O)N,-1.4111682744057927,0.04875921830534935,-1.089542269706726,1.681001901626587
1363,Q59263_E301A,C1=NC(=C2C(=N1)N(C=N2)C3C(C(C(O3)COP(=O)(O)OP(=O)(O)OP(=O)(O)O)O)O)N,-1.705533773838407,0.04989143833518028,-1.0952244997024536,1.6695778369903564
1364,Q59263_V300A,C1=NC(=C2C(=N1)N(C=N2)C3C(C(C(O3)COP(=O)(O)OP(=O)(O)OP(=O)(O)O)O)O)N,-1.3353580244438745,0.03838541731238365,-1.0532466173171997,1.6684556007385254
1365,Q59263_E301K,C1=NC(=C2C(=N1)N(C=N2)C3C(C(C(O3)COP(=O)(O)OP(=O)(O)OP(=O)(O)O)O)O)N,-1.8153085691824011,0.02231093868613243,-1.0832767486572266,1.6564558744430542
1366,Q7CHH5_wild,C=C(C(=O)O)OC1C=C(C=CC1O)C(=O)O,-0.3010299956639812,0.8141639828681946,-1.3399418592453003,1.6837844848632812
1367,P9WIB9_wild,C=C(C(=O)O)OC1C=C(C=CC1O)C(=O)O,-0.3010299956639812,0.7915279865264893,-0.5429723262786865,1.2791545391082764
1368,P9WQB7_wild,CC(C)(C1=CC=CC=C1)OO,-0.2596373105057561,0.3328540325164795,-1.808349370956421,1.2033711671829224
1369,P9WQB7_wild,CC(C)(C)OO,0.04139268515822508,0.631138801574707,-1.4926432371139526,1.3166685104370117
1370,P9WQB5_wild,CC(C)(C)OO,-0.6382721639824072,-0.01015244796872139,-0.8875349760055542,0.7388821840286255
1371,P9WQB5_wild,CC(C)(C1=CC=CC=C1)OO,-1.2839966563652008,-0.35173100233078003,-1.0621123313903809,0.8186532258987427
1372,Q84HI6_wild,CC(C)(COP(=O)(O)OP(=O)(O)OCC1C(C(C(O1)N2C=NC3=C(N=CN=C32)N)O)OP(=O)(O)O)C(C(=O)NCCC(=O)NCCSC(=O)C4=CC=C(C=C4)O)O,-2.154901959985743,0.25927507877349854,-1.864027976989746,1.8722660541534424
1373,Q84HI6_wild,CC(C)(COP(=O)(O)OP(=O)(O)OCC1C(C(C(O1)N2C=NC3=C(N=CN=C32)N)O)OP(=O)(O)O)C(C(=O)NCCC(=O)NCCSC(=O)C4=CC=CC=C4)O,-1.1135092748275182,0.27739471197128296,-1.6694175004959106,1.9110339879989624
1374,P9WNH5_wild,C1=CC=C(C=C1)C(=CC=CC(=O)C(=O)O)O,-2.0969100130080562,0.2173328399658203,-1.4877530336380005,1.6861292123794556
1375,B5SU85_M148P,C1=CC=C(C=C1)C(=CC=CC(=O)C(=O)O)O,-2.5228787452803374,0.5532897710800171,-1.277884602546692,2.4213709831237793
1376,B5SU85_M148G,C1=CC=C(C=C1)C(=CC=CC(=O)C(=O)O)O,-2.309803919971486,0.5682659149169922,-1.2747162580490112,2.4439566135406494
1377,B5SU85_M148D,C1=CC=C(C=C1)C(=CC=CC(=O)C(=O)O)O,-3.5528419686577806,0.5503901243209839,-1.2437430620193481,2.428586959838867
1378,B5SU85_M148S,C1=CC=C(C=C1)C(=CC=CC(=O)C(=O)O)O,-3.3565473235138126,0.5519416332244873,-1.2784332036972046,2.418586254119873
1379,B5SU85_M148Y,C1=CC=C(C=C1)C(=CC=CC(=O)C(=O)O)O,-2.721246399047171,0.5566080212593079,-1.296383023262024,2.4543230533599854
1380,B5SU85_M148F,C1=CC=C(C=C1)C(=CC=CC(=O)C(=O)O)O,-2.3767507096020997,0.551833987236023,-1.2935868501663208,2.430790901184082
1381,B5SU85_M148R,C1=CC=C(C=C1)C(=CC=CC(=O)C(=O)O)O,-3.2365720064370627,0.5401678085327148,-1.2914069890975952,2.4237782955169678
1382,B5SU85_M148I,C1=CC=C(C=C1)C(=CC=CC(=O)C(=O)O)O,-3.1079053973095196,0.5468829870223999,-1.2889753580093384,2.428602933883667
1383,B5SU85_M148Q,C1=CC=C(C=C1)C(=CC=CC(=O)C(=O)O)O,-2.886056647693163,0.5599610805511475,-1.2759352922439575,2.447256326675415
1384,B5SU85_M148A,C1=CC=C(C=C1)C(=CC=CC(=O)C(=O)O)O,-2.2924298239020637,0.5630151033401489,-1.2820395231246948,2.443338632583618
1385,B5SU85_M148T,C1=CC=C(C=C1)C(=CC=CC(=O)C(=O)O)O,-3.1023729087095586,0.558896005153656,-1.2803901433944702,2.4337940216064453
1386,B5SU85_M148H,C1=CC=C(C=C1)C(=CC=CC(=O)C(=O)O)O,-3.1307682802690238,0.5555184483528137,-1.2832443714141846,2.4436962604522705
1387,B5SU85_wild,C1=CC=C(C=C1)C(=CC=CC(=O)C(=O)O)O,-3.1249387366083,0.5519171953201294,-1.2900949716567993,2.4448506832122803
1388,B5SU85_M148C,C1=CC=C(C=C1)C(=CC=CC(=O)C(=O)O)O,-3.0132282657337552,0.5281155109405518,-1.3257969617843628,2.4321823120117188
1389,B5SU85_M148W,C1=CC=C(C=C1)C(=CC=CC(=O)C(=O)O)O,-3.3279021420642825,0.5542129278182983,-1.2941374778747559,2.4533309936523438
1390,P42620_wild,C(CC(=O)NC(CS)C(=O)NCC(=O)O)C(C(=O)O)N,-0.0757207139381183,1.1599035263061523,-0.43568143248558044,1.3729239702224731
1391,P42620_wild,C1=CC(=C(C=C1O)SCC(C(=O)NCC(=O)O)NC(=O)CCC(C(=O)O)N)O,-0.4089353929735008,1.0269935131072998,-1.136256217956543,1.4611048698425293
1392,Q73GL9_wild,C(CSCC(C(=O)O)N)C(C(=O)O)N,-1.6989700043360187,0.4641668200492859,-0.4500981569290161,0.5395613312721252
1393,Q8I3X4_wild,C1=NC2=C(C(=O)N1)N=CN2C3C(C(C(O3)CO)O)O,-2.3010299956639813,0.05253201350569725,-1.0654077529907227,1.6249213218688965
1394,Q8I3X4_wild,C1=CN(C(=O)NC1=O)C2C(C(C(O2)CO)O)O,-1.0705810742857071,0.6817084550857544,-0.7429567575454712,1.5178519487380981
1395,O95394_wild,CC(=O)NC1C(C(C(OC1O)CO)O)O,-1.337242168318426,-0.06652438640594482,-0.4375722110271454,0.5723868608474731
1396,Q58I85_wild,C(C1C(C(C(C(O1)OP(=O)(O)O)O)O)O)O,-0.2676062401770315,0.40806812047958374,-0.6837151050567627,1.0870567560195923
1397,Q58I85_wild,CC(=O)NC1C(C(C(OC1OP(=O)(O)O)CO)O)O,-1.337242168318426,0.10389821231365204,-0.6777975559234619,0.9822254180908203
1398,F4NCC3_wild,CC(=O)NC1C(C(C(OC1O)COP(=O)(O)O)O)O,-1.853871964321762,-0.09081272780895233,-0.37102362513542175,1.0278940200805664
1399,O53699_wild,C1=NC(=C2C(=N1)N(C=N2)C3C(C(C(O3)COP(=O)(O)OS(=O)(=O)O)OP(=O)(O)O)O)N,-1.744727494896694,-1.152529001235962,-1.686592698097229,1.0697898864746094
1400,O53699_wild,C(C1C(C(C(C(O1)OC2C(C(C(C(O2)CO)O)O)O)O)O)O)O,1.1760912590556813,-0.7377848625183105,0.8716461658477783,-0.06821003556251526
1401,P84151_E36Q,C(C1C(C(C(C(O1)OC2C(C(C(C(O2)CO)O)O)O)O)O)O)O,0.8061799739838872,-0.7164525985717773,0.9743996858596802,-0.29834890365600586
1402,P84151_E33A,C(C1C(C(C(C(O1)OC2C(C(C(C(O2)CO)O)O)O)O)O)O)O,1.462397997898956,-0.645260214805603,0.971489429473877,-0.27387526631355286
1403,P84151_wild,C(C1C(C(C(C(O1)OC2C(C(C(C(O2)CO)O)O)O)O)O)O)O,1.255272505103306,-0.6457021236419678,0.9920629262924194,-0.2905895411968231
1404,O96432_wild,C(=O)(N)OP(=O)(O)O,-0.8860566476931633,1.6935125589370728,-0.7087970972061157,2.1036267280578613
1405,P95474_wild,C1=NC(=C2C(=N1)N(C=N2)C3C(C(C(O3)COP(=O)(O)OP(=O)(O)O)O)O)N,-3.0,2.040242910385132,-0.7312682867050171,2.5211782455444336
1406,P95474_wild,C1=NC(=C2C(=N1)N(C=N2)C3C(C(C(O3)COP(=O)(O)OP(=O)(O)OP(=O)(O)O)O)O)N,-1.769551078621726,2.0395395755767822,-0.6163531541824341,2.31648325920105
1407,A8BB85_wild,C1=NC(=C2C(=N1)N(C=N2)C3C(C(C(O3)COP(=O)(O)OP(=O)(O)O)O)O)N,-1.154901959985743,1.5342180728912354,-1.1908382177352905,2.182765245437622
1408,A8BB85_wild,C(=O)(N)OP(=O)(O)O,-1.0705810742857071,1.6818609237670898,-0.8118565082550049,2.051236391067505
1409,A8BB85_wild,C1=NC(=C2C(=N1)N(C=N2)C3C(C(C(O3)COP(=O)(O)OP(=O)(O)OP(=O)(O)O)O)O)N,-1.4559319556497243,1.5063987970352173,-0.9075891375541687,1.9589160680770874
1410,A8BB85_wild,C(=O)(N)[O-],1.6334684555795866,1.6148688793182373,0.684869647026062,1.0195837020874023
1411,A0A0H3BY05_wild,C(=O)(N)OP(=O)(O)O,-0.18708664335714442,1.466866374015808,-0.5426321029663086,1.9333252906799316
1412,A0A0H3BY05_wild,C1=NC(=C2C(=N1)N(C=N2)C3C(C(C(O3)COP(=O)(O)OP(=O)(O)O)O)O)N,-0.1426675035687919,1.3954049348831177,-0.8200960159301758,2.0483055114746094
1413,Q831B2_W105Y,C1C=CN(C=C1C(=O)N)C2C(C(C(O2)COP(=O)(O)OP(=O)(O)OCC3C(C(C(O3)N4C=NC5=C(N=CN=C54)N)O)O)O)O,-0.7798919119599449,1.5883052349090576,-0.8197243809700012,2.312384605407715
1414,Q831B2_wild,C1C=CN(C=C1C(=O)N)C2C(C(C(O2)COP(=O)(O)OP(=O)(O)OCC3C(C(C(O3)N4C=NC5=C(N=CN=C54)N)O)O)O)O,-1.0861861476162833,1.641953945159912,-0.7973908185958862,2.4230165481567383
1415,Q831B2_R21G/N121Q,C1C=CN(C=C1C(=O)N)C2C(C(C(O2)COP(=O)(O)OP(=O)(O)OCC3C(C(C(O3)N4C=NC5=C(N=CN=C54)N)O)O)O)O,-0.721246399047171,1.6518723964691162,-0.78589928150177,2.4497756958007812
1416,Q831B2_R21G/N121A,C1C=CN(C=C1C(=O)N)C2C(C(C(O2)COP(=O)(O)OP(=O)(O)OCC3C(C(C(O3)N4C=NC5=C(N=CN=C54)N)O)O)O)O,-1.0969100130080565,1.6608555316925049,-0.7711064219474792,2.4181180000305176
1417,Q831B2_R21K/N121Q,C1C=CN(C=C1C(=O)N)C2C(C(C(O2)COP(=O)(O)OP(=O)(O)OCC3C(C(C(O3)N4C=NC5=C(N=CN=C54)N)O)O)O)O,-0.5734887386354248,1.6257097721099854,-0.8307520151138306,2.4448530673980713
1418,Q831B2_W105H,C1C=CN(C=C1C(=O)N)C2C(C(C(O2)COP(=O)(O)OP(=O)(O)OCC3C(C(C(O3)N4C=NC5=C(N=CN=C54)N)O)O)O)O,-0.7670038896078462,1.5691232681274414,-0.777020275592804,2.2531933784484863
1419,Q831B2_R21K,C1C=CN(C=C1C(=O)N)C2C(C(C(O2)COP(=O)(O)OP(=O)(O)OCC3C(C(C(O3)N4C=NC5=C(N=CN=C54)N)O)O)O)O,-0.9136401693252518,1.638238549232483,-0.8232898712158203,2.4376978874206543
1420,Q831B2_W105F,C1C=CN(C=C1C(=O)N)C2C(C(C(O2)COP(=O)(O)OP(=O)(O)OCC3C(C(C(O3)N4C=NC5=C(N=CN=C54)N)O)O)O)O,-0.7569619513137056,1.5811843872070312,-0.8004218339920044,2.3011362552642822
1421,Q831B2_W105Q,C1C=CN(C=C1C(=O)N)C2C(C(C(O2)COP(=O)(O)OP(=O)(O)OCC3C(C(C(O3)N4C=NC5=C(N=CN=C54)N)O)O)O)O,-0.7721132953863266,1.5445393323898315,-0.7849555015563965,2.2091481685638428
1422,Q831B2_N121Q,C1C=CN(C=C1C(=O)N)C2C(C(C(O2)COP(=O)(O)OP(=O)(O)OCC3C(C(C(O3)N4C=NC5=C(N=CN=C54)N)O)O)O)O,-0.43062609038495414,1.6289327144622803,-0.8062859773635864,2.4294440746307373
1423,O93874_wild,C1C=CN(C=C1C(=O)N)C2C(C(C(O2)COP(=O)(O)OP(=O)(O)OCC3C(C(C(O3)N4C=NC5=C(N=CN=C54)N)OP(=O)(O)O)O)O)O,-2.1870866433571443,0.8817101716995239,-0.9568318128585815,2.2394542694091797
1424,O93874_Y49D,C1C=CN(C=C1C(=O)N)C2C(C(C(O2)COP(=O)(O)OP(=O)(O)OCC3C(C(C(O3)N4C=NC5=C(N=CN=C54)N)OP(=O)(O)O)O)O)O,-0.7958800173440752,0.5206445455551147,-0.8386354446411133,1.842088222503662
1425,O93874_H164W,C1=CC(=C[N+](=C1)C2C(C(C(O2)COP(=O)(O)OP(=O)(O)OCC3C(C(C(O3)N4C=NC5=C(N=CN=C54)N)OP(=O)(O)O)O)O)O)C(=O)N,-3.721246399047171,0.5963913202285767,-0.4557022750377655,1.7461472749710083
1426,O93874_H164G,C1C=CN(C=C1C(=O)N)C2C(C(C(O2)COP(=O)(O)OP(=O)(O)OCC3C(C(C(O3)N4C=NC5=C(N=CN=C54)N)OP(=O)(O)O)O)O)O,-3.4559319556497243,0.6239187717437744,-1.0825306177139282,2.196603775024414
1427,O93874_Y49D,C1=CC(=C[N+](=C1)C2C(C(C(O2)COP(=O)([O-])OP(=O)(O)OCC3C(C(C(O3)N4C=NC5=C(N=CN=C54)N)O)O)O)O)C(=O)N,-0.3010299956639812,0.6344308853149414,-0.040680769830942154,1.1571311950683594
1428,O93874_H164W,C1C=CN(C=C1C(=O)N)C2C(C(C(O2)COP(=O)(O)OP(=O)(O)OCC3C(C(C(O3)N4C=NC5=C(N=CN=C54)N)OP(=O)(O)O)O)O)O,-3.3979400086720375,0.705170214176178,-1.0854398012161255,2.262742757797241
1429,O93874_wild,C1=CC(=C[N+](=C1)C2C(C(C(O2)COP(=O)(O)OP(=O)(O)OCC3C(C(C(O3)N4C=NC5=C(N=CN=C54)N)OP(=O)(O)O)O)O)O)C(=O)N,-4.055517327849832,0.7283272743225098,-0.38149359822273254,1.6864514350891113
1430,O93874_H164G,C1=CC(=C[N+](=C1)C2C(C(C(O2)COP(=O)(O)OP(=O)(O)OCC3C(C(C(O3)N4C=NC5=C(N=CN=C54)N)OP(=O)(O)O)O)O)O)C(=O)N,-3.5528419686577806,0.5405420660972595,-0.4533967673778534,1.714938998222351
1431,O93874_Y49D,C1C=CN(C=C1C(=O)N)C2C(C(C(O2)COP(=O)(O)OP(=O)(O)OCC3C(C(C(O3)N4C=NC5=C(N=CN=C54)N)O)O)O)O,-0.06550154875643228,0.6463316679000854,-0.5302842855453491,1.603027582168579
1432,O93874_Y49D,C1=CC(=C[N+](=C1)C2C(C(C(O2)COP(=O)(O)OP(=O)(O)OCC3C(C(C(O3)N4C=NC5=C(N=CN=C54)N)OP(=O)(O)O)O)O)O)C(=O)N,0.9542425094393249,0.40687665343284607,-0.26180192828178406,1.339484453201294
1433,Q9BPX1_wild,CC12CCC3C(C1CCC2O)CCC4=C3C=CC(=C4)O,-3.1023729087095586,-1.010807991027832,-2.4764902591705322,1.365807294845581
1434,Q9BPX1_wild,CC12CCC3C(C1CCC2O)CC=C4C3(CCC(C4)O)C,-2.1079053973095196,-0.4368784427642822,-2.166409969329834,1.3300851583480835
1435,P54691_wild,C1=CC(C=CC1O)(CC(=O)C(=O)O)C(=O)O,-0.8860566476931633,0.4534822702407837,-0.4993494153022766,1.2979665994644165
1436,Q07635_wild,CC1=CN(C(=O)NC1=O)C2CC(C(O2)COP(=O)(O)OP(=O)(O)OP(=O)(O)O)O,0.568201724066995,-0.36540675163269043,0.2856234610080719,-1.0222445726394653
1437,Q07635_wild,C1C(C(OC1N2C=CC(=NC2=O)N)COP(=O)(O)OP(=O)(O)OP(=O)(O)O)O,-2.0087739243075053,-0.46820688247680664,0.09652388095855713,-0.8004459142684937
1438,A0A0K1E2F9_wild,CC1=CC2=C(C=C1C)N(C3=NC(=O)NC(=O)C3=N2)CC(C(C(CO)O)O)O,-1.136677139879544,-0.4569348990917206,-1.3910735845565796,0.3859628736972809
1439,P9WNG5_N155A,CC(C)(COP(=O)(O)OP(=O)(O)OCC1C(C(C(O1)N2C=NC3=C(N=CN=C32)N)O)OP(=O)(O)O)C(C(=O)NCCC(=O)NCCSC(=O)CC(=O)O)O,-1.7569619513137056,0.22430652379989624,-1.3328427076339722,1.5910441875457764
1440,P9WNG5_H90A,CC(C)(COP(=O)(O)OP(=O)(O)OCC1C(C(C(O1)N2C=NC3=C(N=CN=C32)N)O)OP(=O)(O)O)C(C(=O)NCCC(=O)NCCSC(=O)CC(=O)O)O,-1.7189666327522726,0.33270829916000366,-1.4218469858169556,1.7197637557983398
1441,P9WNG5_wild,CC(C)(COP(=O)(O)OP(=O)(O)OCC1C(C(C(O1)N2C=NC3=C(N=CN=C32)N)O)OP(=O)(O)O)C(C(=O)NCCC(=O)NCCSC(=O)CC(=O)O)O,-1.7772835288524167,0.4430105686187744,-1.3985087871551514,1.8784070014953613
1442,Q5CPU3_wild,CC(=O)SCCNC(=O)CCNC(=O)C(C(C)(C)COP(=O)(O)OP(=O)(O)OCC1C(C(C(O1)N2C=NC3=C(N=CN=C32)N)O)OP(=O)(O)O)O,-1.619788758288394,0.08527159690856934,-1.1223586797714233,1.6035887002944946
1443,Q5CPU3_wild,C(C1C(C(C(C(O1)O)N)O)O)OP(=O)(O)O,-0.14327110961711742,0.01151200756430626,-0.835152268409729,1.4922559261322021
1444,A1DJ20_wild,CC(=CCN1C2=C(C=CC(=C2)OC)C3=C1C(N4C(=O)C5CCCN5C(=O)C4(C3O)O)C=C(C)C)C,-1.494850021680094,-1.3335790634155273,-1.1565810441970825,0.37009280920028687
1445,A1DJ20_wild,CC(=CC1N2C3=C(C=CC(=C3)OC)C4=C2C(CC(OO1)(C)C)N5C(=O)C6CCCN6C(=O)C5(C4O)O)C,-2.2441251443275085,-1.3502867221832275,-1.4416472911834717,0.3394194543361664
1446,A1DJ20_wild,CC(=CC1C2=C(C(C3(N1C(=O)C4CCCN4C3=O)O)O)C5=C(N2)C=C(C=C5)OC)C,-0.8041003475907662,-0.9788590669631958,-1.3211067914962769,0.5867279171943665
1447,A1DJ20_wild,CC(=CCOP(=O)(O)OP(=O)(O)O)C,-1.2111248842245832,-1.0050806999206543,-1.3884013891220093,0.5366744995117188
1448,Q02150_wild,C1=C(NC=N1)CC(COP(=O)(O)O)N,0.2787536009528289,0.023238789290189743,-0.05792341008782387,0.20763663947582245
1449,P07702_wild,C(C(C(=O)O)N)SCC(=O)O,-0.36653154442041347,-0.16567084193229675,-0.2524768114089966,0.519335150718689
1450,P07702_wild,C(CCC(=O)[O-])CC(=O)[O-],1.0,-0.033595550805330276,-0.4885270893573761,0.2049855887889862
1451,P07702_wild,C1C=CN(C=C1C(=O)N)C2C(C(C(O2)COP(=O)(O)OP(=O)(O)OCC3C(C(C(O3)N4C=NC5=C(N=CN=C54)N)OP(=O)(O)O)O)O)O,-0.2076083105017461,0.33632463216781616,-1.357308030128479,1.238588809967041
1452,P07702_wild,C(CC(C(=O)O)N)CC(=O)O,-0.3279021420642826,-0.2060326486825943,-0.670730710029602,0.47626009583473206
1453,A9V2C1_wild,C1=CC=C(C=C1)C#N,1.255272505103306,0.4739378094673157,-0.6312602758407593,0.757361888885498
1454,A9V2C1_wild,C=CC#N,1.8920946026904804,1.1348252296447754,0.7525610327720642,0.45758530497550964
1455,Q980A0_wild,C(C(C(=O)O)O)OP(=O)(O)O,-0.958607314841775,1.6727012395858765,-0.5812686681747437,1.6234490871429443
1456,Q980A0_wild,C(C(C(=O)O)OP(=O)(O)O)O,-0.5850266520291821,1.7731409072875977,-0.8171612620353699,1.7585989236831665
1457,Q9HL27_wild,C(C(C(=O)O)OP(=O)(O)O)O,0.04139268515822508,0.9247841835021973,-0.8954631090164185,1.2786800861358643
1458,P23919_wild,C1C(C(OC1N2C=CC(=O)NC2=O)COP(=O)(O)O)O,-0.7695510786217261,0.17825660109519958,-1.501268982887268,1.5300629138946533
1459,P23919_wild,CC1=CN(C(=O)NC1=O)C2CC(C(O2)COP(=O)(O)O)N=[N+]=[N-],-1.9208187539523751,0.11140763759613037,-1.729141116142273,1.800484538078308
1460,P23919_wild,CC1=CN(C(=O)NC1=O)C2CC(C(O2)COP(=O)(O)O)F,-2.0969100130080562,-0.15545421838760376,-1.9611152410507202,1.647034764289856
1461,P23919_wild,CC1=CN(C(=O)NC1=O)C2CC(C(O2)COP(=O)(O)O)O,-1.6989700043360187,-0.11071702837944031,-1.9559611082077026,1.7419090270996094
1462,P23919_wild,C1=NC(=C2C(=N1)N(C=N2)C3C(C(C(O3)COP(=O)(O)OP(=O)(O)OP(=O)(O)O)O)O)N,-1.1611509092627446,0.1597752720117569,-1.3283218145370483,1.7705295085906982
1463,P23919_wild,CC1=CN(C(=O)NC1=O)CC=CCP(=O)(O)OP(=O)(O)O,-1.619788758288394,-0.23291978240013123,-2.0535225868225098,1.560453176498413
1464,P23919_F105Y,CC1=CN(C(=O)NC1=O)C2CC(C(O2)COP(=O)(O)O)N=[N+]=[N-],-2.42021640338319,0.10193273425102234,-1.755597472190857,1.8110032081604004
1465,Q59TV7_wild,CC1=CN(C(=O)NC1=O)C2CC(C(O2)COP(=O)(O)O)N=[N+]=[N-],-2.3467874862246565,-0.03849572315812111,-1.3733673095703125,1.6346378326416016
1466,Q59TV7_wild,C1C(C(OC1N2C=NC3=C2N=C(NC3=O)N)COP(=O)(O)O)O,-2.9706162223147903,-0.12539368867874146,-1.4109537601470947,1.4065475463867188
1467,Q6AW43_wild,C1=NC(=C2C(=N1)N(C=N2)C3C(C(C(O3)COP(=O)(O)OP(=O)(O)OP(=O)(O)O)O)O)N,0.00860017176191757,1.1480382680892944,-0.42228445410728455,1.50950288772583
1468,Q6AW43_wild,C(C(=O)O)N=C(N)N,0.6720978579357175,1.1707391738891602,-0.04158814623951912,0.7121744751930237
1469,B6K8Y1_N360S,C(C(C(=O)O)N)S,-0.3979400086720376,-0.5289068222045898,-0.41250911355018616,0.13660971820354462
1470,B6K8Y1_wild,C(CSCC(C(=O)O)N)C(C(=O)O)N,-0.045757490560675115,0.24520835280418396,-0.6458166837692261,0.3401687741279602
1471,B6K8Y1_wild,C(C(C(=O)O)N)S,-0.6777807052660807,-0.5030977129936218,-0.4124853312969208,0.15146797895431519
1472,B6K8Y1_S77A,C(CSCC(C(=O)O)N)C(C(=O)O)N,0.38021124171160603,0.220042884349823,-0.6353769302368164,0.3220660388469696
1473,B6K8Y1_S77A,C(C(C(=O)O)N)SCSCC(C(=O)O)N,0.17609125905568124,0.055124226957559586,-0.6679885983467102,0.3869645893573761
1474,B6K8Y1_N360S,C(C(C(=O)O)N)SCSCC(C(=O)O)N,-0.06550154875643228,0.046459730714559555,-0.6655279397964478,0.3837236166000366
1475,B6K8Y1_wild,C(C(C(=O)O)N)SCSCC(C(=O)O)N,-0.2924298239020636,0.07298986613750458,-0.6748238801956177,0.40150827169418335
1476,B6K8Y1_N360S,C(CSCC(C(=O)O)N)C(C(=O)O)N,0.7853298350107599,0.20935338735580444,-0.6541820764541626,0.3191694915294647
1477,Q988H5_wild,C1=CC(=C[N+](=C1)C2C(C(C(O2)COP(=O)([O-])OP(=O)(O)OCC3C(C(C(O3)N4C=NC5=C(N=CN=C54)N)O)O)O)O)C(=O)N,-2.1804560644581312,-0.49358484148979187,-0.31815049052238464,0.9006092548370361
1478,Q988H5_wild,CC1=NC=C(C(=C1[O-])C(=O)O)C=O,-1.6038006529042637,-0.5137027502059937,-1.0745782852172852,0.8392055034637451
1479,B7GUP3_wild,C1=NC(=C2C(=N1)N(C=N2)C3C(C(C(O3)COP(=O)(O)OP(=O)(O)OP(=O)(O)O)O)O)N,-0.485452247339714,-0.5445986390113831,-0.5432431697845459,0.827705442905426
1480,P00936_S113A,C1=NC(=C2C(=N1)N(C=N2)C3C(C(C(O3)COP(=O)(O)OP(=O)(O)OP(=O)(O)O)O)O)N,-0.4814860601221125,0.24446120858192444,-1.43476402759552,1.133636474609375
1481,P00936_E185A,C1=NC(=C2C(=N1)N(C=N2)C3C(C(C(O3)COP(=O)(O)OP(=O)(O)OP(=O)(O)O)O)O)N,-0.5606673061697374,0.2414831519126892,-1.4327484369277954,1.135087490081787
1482,P00936_S103A,C1=NC(=C2C(=N1)N(C=N2)C3C(C(C(O3)COP(=O)(O)OP(=O)(O)OP(=O)(O)O)O)O)N,0.6720978579357175,0.2353857159614563,-1.4189720153808594,1.1191294193267822
1483,P00936_wild,C1=NC(=C2C(=N1)N(C=N2)C3C(C(C(O3)COP(=O)(O)OP(=O)(O)OP(=O)(O)O)O)O)N,-0.5686362358410126,0.2525634765625,-1.4364439249038696,1.1447410583496094
1484,P00936_W249A,C1=NC(=C2C(=N1)N(C=N2)C3C(C(C(O3)COP(=O)(O)OP(=O)(O)OP(=O)(O)O)O)O)N,-0.7746907182741372,0.265270471572876,-1.434693455696106,1.1507165431976318
1485,P00936_R19A,C1=NC(=C2C(=N1)N(C=N2)C3C(C(C(O3)COP(=O)(O)OP(=O)(O)OP(=O)(O)O)O)O)N,-0.3372421683184259,0.25014573335647583,-1.4203903675079346,1.1407272815704346
1486,P00936_K253A,C1=NC(=C2C(=N1)N(C=N2)C3C(C(C(O3)COP(=O)(O)OP(=O)(O)OP(=O)(O)O)O)O)N,-0.5867002359187482,0.2548949122428894,-1.431229591369629,1.1460977792739868
1487,P00936_T189A,C1=NC(=C2C(=N1)N(C=N2)C3C(C(C(O3)COP(=O)(O)OP(=O)(O)OP(=O)(O)O)O)O)N,-0.40011692792631215,0.24975931644439697,-1.4335291385650635,1.1415152549743652
1488,P00936_Y394A,C1=NC(=C2C(=N1)N(C=N2)C3C(C(C(O3)COP(=O)(O)OP(=O)(O)OP(=O)(O)O)O)O)N,-0.8153085691824012,0.24856019020080566,-1.4029659032821655,1.1133577823638916
1489,P00936_K260A,C1=NC(=C2C(=N1)N(C=N2)C3C(C(C(O3)COP(=O)(O)OP(=O)(O)OP(=O)(O)O)O)O)N,-0.5466816599531152,0.25731995701789856,-1.4279528856277466,1.141193151473999
1490,P00936_E242A,C1=NC(=C2C(=N1)N(C=N2)C3C(C(C(O3)COP(=O)(O)OP(=O)(O)OP(=O)(O)O)O)O)N,-0.6655462488490691,0.2589200437068939,-1.4342824220657349,1.1483416557312012
1491,P00936_W374A,C1=NC(=C2C(=N1)N(C=N2)C3C(C(C(O3)COP(=O)(O)OP(=O)(O)OP(=O)(O)O)O)O)N,-0.7825160557860937,0.254501610994339,-1.4400016069412231,1.1436550617218018
1492,P00936_K332A,C1=NC(=C2C(=N1)N(C=N2)C3C(C(C(O3)COP(=O)(O)OP(=O)(O)OP(=O)(O)O)O)O)N,-0.16621562534352113,0.2557903528213501,-1.4232960939407349,1.1431920528411865
1493,P00936_S106A,C1=NC(=C2C(=N1)N(C=N2)C3C(C(C(O3)COP(=O)(O)OP(=O)(O)OP(=O)(O)O)O)O)N,-0.2732727909734277,0.24865436553955078,-1.4440321922302246,1.1464886665344238
1494,P00936_K136A,C1=NC(=C2C(=N1)N(C=N2)C3C(C(C(O3)COP(=O)(O)OP(=O)(O)OP(=O)(O)O)O)O)N,-0.6968039425795112,0.24470117688179016,-1.4343138933181763,1.135282039642334
1495,Q46079_wild,CC(=O)NC1C(C(C(OC1O)CO)OS(=O)(=O)[O-])OC2C(C(C(C(O2)C(=O)[O-])O)O)O,-2.9208187539523753,1.608616828918457,-0.1576952189207077,2.617648124694824
1496,Q46079_R363A,CC(=O)NC1C(C(C(OC1O)CO)OS(=O)(=O)[O-])OC2C(C(C(C(O2)C(=O)[O-])O)O)O,-2.337242168318426,1.6449015140533447,-0.13228043913841248,2.63067626953125
1497,Q46079_H272A,CC(=O)NC1C(C(C(OC1O)CO)OS(=O)(=O)[O-])OC2C(C(C(C(O2)C(=O)[O-])O)O)O,-2.5686362358410126,1.611398458480835,-0.15006707608699799,2.622448444366455
1498,Q46079_E333A,CC(=O)NC1C(C(C(OC1O)CO)OS(=O)(=O)[O-])OC2C(C(C(C(O2)C(=O)[O-])O)O)O,-2.552841968657781,1.6080259084701538,-0.16712066531181335,2.6098601818084717
1499,F6MZ56_wild,C1=CC=C(C=C1)O,-1.3010299956639813,-1.191602349281311,-1.4740980863571167,-0.06485936045646667
1500,F6MZ56_wild,CC1=CC2=C(C=C1C)N=CN2,-0.3819519032879073,-1.358856201171875,-1.9186043739318848,0.11948202550411224
1501,P61816_wild,CC1(C(C2=NC1=CC3=NC(=CC4=C(C(=C(N4)C=C5C(=C(C(=C2)N5)CC(=O)O)CCC(=O)O)CCC(=O)O)CC(=O)O)C(C3CCC(=O)O)(C)CC(=O)O)CCC(=O)O)CC(=O)O,-3.207608310501746,0.1869925707578659,-2.1965959072113037,1.6537233591079712
1502,O58235_R157W,CC(=O)NC1C(C(C(OC1O)CO)OC2C(C(C(C(O2)CO)O)O)NC(=O)C)O,0.7315887651867387,1.002460241317749,1.1202293634414673,1.0296860933303833
1503,O58235_R157H,CC(=O)NC1C(C(C(OC1O)CO)OC2C(C(C(C(O2)CO)O)O)NC(=O)C)O,0.7275412570285564,0.983779788017273,1.1151431798934937,0.9821388721466064
1504,P54768_wild,C1=CC(=C(C=C1CC(C(=O)O)N)O)O,0.0,-0.3960786461830139,-0.0344073511660099,0.634429931640625
1505,Q1KLR8_wild,C1=CC(=CC=C1CC(C(=O)O)N)O,-3.0457574905606752,-0.6959181427955627,-0.42426949739456177,0.62926185131073
1506,Q1KLR8_wild,C1=CC(=C(C=C1CC(C(=O)O)N)O)O,-2.769551078621726,-0.5067064166069031,-0.1818424016237259,0.6546523571014404
1507,Q1KLR8_wild,C1=CC=C(C=C1)CC(C(=O)O)N,-1.9318141382538383,-0.15991413593292236,-0.3181796967983246,0.5239163637161255
1508,Q9AVK0_wild,C1=NC2=C(N1C3C(C(C(O3)CO)O)O)NC(=O)NC2=O,-1.1325325121409486,-0.6704303622245789,-0.9353525638580322,0.30119627714157104
1509,Q8DMB4_wild,C1=CC=C(C=C1)CCN=C=S,-0.7958800173440752,0.7047290205955505,-1.5351917743682861,1.3302221298217773
1510,Q8DMB4_wild,C(CC(=O)NC(CS)C(=O)NCC(=O)O)C(C(=O)O)N,-1.3279021420642825,0.9078038930892944,-0.1307738721370697,1.3083837032318115
1511,I6ZUH3_wild,C1=CC=C(C=C1)CCN=C=S,-0.9244530386078342,-0.05950990691781044,-1.7155770063400269,0.8607295155525208
1512,I6ZUH3_S22A,CCCC(=O)OC1=CC=C(C=C1)[N+](=O)[O-],-0.7189666327522725,0.26478347182273865,-1.0633314847946167,0.8490918278694153
1513,I6ZUH3_S22A,C(CC(=O)NC(CS)C(=O)NCC(=O)O)C(C(=O)O)N,-0.21112488422458325,0.12505489587783813,-0.35203713178634644,0.6887233257293701
1514,I6ZUH3_wild,C(CC(=O)NC(CS)C(=O)NCC(=O)O)C(C(=O)O)N,-0.6655462488490691,0.1890263557434082,-0.3608342409133911,0.759606122970581
1515,I6ZUH3_wild,CCCC(=O)OC1=CC=C(C=C1)[N+](=O)[O-],-0.11125903931710746,0.3234814405441284,-1.0846956968307495,0.917434573173523
1516,I6ZUH3_S22A,C1=CC(=C(C=C1[N+](=O)[O-])[N+](=O)[O-])Cl,-0.18442225167573278,0.13473743200302124,-0.4177304804325104,0.6263649463653564
1517,A0A0H3KAA0_wild,C1C2=C(C(=C(N2)CC3=C(C(=C(N3)CC4=C(C(=C(N4)CC5=C(C(=C1N5)CCC(=O)O)CC(=O)O)CC(=O)O)CCC(=O)O)CC(=O)O)CCC(=O)O)CC(=O)O)CCC(=O)O,-2.906578314837765,-0.47910258173942566,-2.2020633220672607,1.830427646636963
1518,Q84H44_wild,C(C=O)S(=O)(=O)O,0.3222192947339193,0.28801804780960083,-0.6541928052902222,0.7938796281814575
1519,Q84H44_wild,[O-]P(=O)([O-])[O-],0.8061799739838872,0.20602983236312866,0.030857395380735397,0.996131420135498
1520,F6IXY6_wild,C1C=CN(C=C1C(=O)N)CC2=CC=CC=C2,0.11394335230683679,1.0745043754577637,-1.653395414352417,1.8994715213775635
1521,F6IXY6_wild,C1C=CN(C=C1C(=O)N)C2C(C(C(O2)COP(=O)(O)OP(=O)(O)OCC3C(C(C(O3)N4C=NC5=C(N=CN=C54)N)O)O)O)O,-1.747146969020107,1.4174630641937256,-1.864648699760437,3.1819238662719727
1522,P9WKC3_wild,CCCCCCCCC=CCCCCCCCC(=O)SCCNC(=O)CCNC(=O)C(C(C)(C)COP(=O)(O)OP(=O)(O)OCC1C(C(C(O1)N2C=NC3=C(N=CN=C32)N)O)OP(=O)(O)O)O,-0.17587416608345108,-0.4010719656944275,-1.2424886226654053,1.3551994562149048
1523,P9WQP3_wild,CCCCCCCCCCCCCCCC(=O)SCCNC(=O)CCNC(=O)C(C(C)(C)COP(=O)(O)OP(=O)(O)OCC1C(C(C(O1)N2C=NC3=C(N=CN=C32)N)O)OP(=O)(O)O)O,-0.4089353929735008,0.8554351329803467,-1.1747053861618042,1.5700604915618896
1524,Q5BLZ6_wild,C(C1C2C(C(C(O1)OC3C(OC(C(C3O)O)OC4C(OC(C(C4O)O)OC5C(OC(C(C5O)O)OC6C(OC(C(C6O)O)OC7C(OC(O2)C(C7O)O)CO)CO)CO)CO)CO)O)O)O,-0.5528419686577808,1.5337271690368652,0.606539785861969,1.3824653625488281
1525,Q5BLZ6_wild,C(C1C2C(C(C(O1)OC3C(OC(C(C3O)O)OC4C(OC(C(C4O)O)OC5C(OC(C(C5O)O)OC6C(OC(C(C6O)O)OC7C(OC(C(C7O)O)OC8C(OC(O2)C(C8O)O)CO)CO)CO)CO)CO)CO)O)O)O,-0.494850021680094,1.6768943071365356,0.6037395596504211,1.532196044921875
1526,Q8TZP8_wild,C(C1C2C(C(C(O1)OC3C(OC(C(C3O)O)OC4C(OC(C(C4O)O)OC5C(OC(C(C5O)O)OC6C(OC(C(C6O)O)OC7C(OC(C(C7O)O)OC8C(OC(O2)C(C8O)O)CO)CO)CO)CO)CO)CO)O)O)O,0.9434945159061026,1.247856855392456,0.4147387444972992,1.1372206211090088
1527,Q8TZP8_G415E,C(C1C2C(C(C(O1)OC3C(OC(C(C3O)O)OC4C(OC(C(C4O)O)OC5C(OC(C(C5O)O)OC6C(OC(C(C6O)O)OC7C(OC(C(C7O)O)OC8C(OC(O2)C(C8O)O)CO)CO)CO)CO)CO)CO)O)O)O,2.187520720836463,1.2705135345458984,0.4199143648147583,1.1662039756774902
1528,Q8TZP8_G415E,C(C1C(C(C(C(O1)OC2C(OC(C(C2O)O)OC3C(OC(C(C3O)O)OC4C(OC(C(C4O)O)OC5C(OC(C(C5O)O)OC6C(OC(C(C6O)O)OC7C(OC(C(C7O)O)O)CO)CO)CO)CO)CO)CO)O)O)O)O,0.989894563718773,1.1962380409240723,0.7010162472724915,0.9880630970001221
1529,Q8TZP8_wild,C(C1C(C(C(C(O1)OC2C(OC(C(C2O)O)OC3C(OC(C(C3O)O)OC4C(OC(C(C4O)O)OC5C(OC(C(C5O)O)OC6C(OC(C(C6O)O)OC7C(OC(C(C7O)O)O)CO)CO)CO)CO)CO)CO)O)O)O)O,0.9576072870600952,1.17061185836792,0.6919748783111572,0.958431601524353
1530,D4GST8_wild,C(C(C(C(C(C(=O)O)O)O)O)O)OP(=O)(O)O,-1.677780705266081,-0.17811369895935059,-0.4446714222431183,1.544664978981018
1531,D4GST8_wild,C1=CC(=C[N+](=C1)C2C(C(C(O2)COP(=O)([O-])OP(=O)(O)OCC3C(C(C(O3)N4C=NC5=C(N=CN=C54)N)O)O)O)O)C(=O)N,-1.4814860601221125,-0.29863208532333374,-0.0731043666601181,1.054721474647522
1532,A0A1J5NX54_R31I/T32K,C1=CC(=C[N+](=C1)C2C(C(C(O2)COP(=O)([O-])OP(=O)(O)OCC3C(C(C(O3)N4C=NC5=C(N=CN=C54)N)O)O)O)O)C(=O)N,-0.44129142946683425,0.45277243852615356,-0.5125064849853516,1.5443931818008423
1533,Q964D3_wild,CCCCCN,-2.537602002101044,-0.10231324285268784,-1.1065465211868286,0.279790461063385
1534,Q9UWF8_wild,C1=NC(=C2C(=N1)N(C=N2)C3C(C(C(O3)COP(=O)(O)OP(=O)(O)OP(=O)(O)O)O)O)N,-1.2218487496163564,2.0254929065704346,-0.48075899481773376,2.1356077194213867
1535,A0A140N8S7_D185A,C1=CN(C(=O)N=C1N)C2C(C(C(O2)COP(=O)(O)O)O)O,-0.3279021420642826,-0.18962302803993225,-0.6109952926635742,0.3687383532524109
1536,A0A140N8S7_R181M,C1=CN(C(=O)N=C1N)C2C(C(C(O2)COP(=O)(O)O)O)O,-0.721246399047171,-0.16744117438793182,-0.4750422239303589,0.3005918860435486
1537,A0A140N8S7_S101A,C1C(C(OC1N2C=CC(=NC2=O)N)COP(=O)(O)O)O,-0.721246399047171,-0.08361279964447021,-0.7766276597976685,0.6880103349685669
1538,A0A140N8S7_S101A,C1=CN(C(=O)N=C1N)C2C(C(C(O2)COP(=O)(O)O)O)O,-1.0969100130080565,0.15334847569465637,-0.7367392182350159,0.770563006401062
1539,P0A6I0_wild,C1=CN(C(=O)N=C1N)C2C(C(C(O2)COP(=O)(O)O)O)O,-1.4559319556497243,0.16943025588989258,-0.7404564023017883,0.7750667333602905
1540,A0A140N8S7_D185A/R181M,C1C(C(OC1N2C=CC(=NC2=O)N)COP(=O)(O)O)O,-0.619788758288394,-0.7979393005371094,-0.32999882102012634,-0.3119542896747589
1541,P0A6I0_wild,C1=CN(C(=O)NC1=O)C2C(C(C(O2)COP(=O)(O)O)O)O,-0.03151705144606486,0.2707945704460144,-0.7848829030990601,0.5434281229972839
1542,A0A140N8S7_wild,C1C(C(OC1N2C=CC(=NC2=O)N)COP(=O)(O)O)O,-1.0268721464003014,-0.0769115686416626,-0.7861995100975037,0.6969889402389526
1543,P0A6I0_wild,C1=NC(=C2C(=N1)N(C=N2)C3C(C(C(O3)COP(=O)(O)OP(=O)(O)OP(=O)(O)O)O)O)N,-1.4202164033831899,0.17461229860782623,-0.7803179621696472,0.8422144651412964
1544,P0A6I0_wild,C1C(C(OC1N2C=NC3=C(N=CN=C32)N)COP(=O)(O)OP(=O)(O)OP(=O)(O)O)O,-1.0604807473813815,0.08612272143363953,-0.37934014201164246,0.6578277349472046
1545,P0A6I0_wild,C1=NC2=C(N1C3C(C(C(O3)COP(=O)(O)OP(=O)(O)OP(=O)(O)O)O)O)N=C(NC2=O)N,-0.1938200260161128,-0.09822176396846771,-0.630074143409729,0.46692830324172974
1546,P0A6I0_D132N,C1=CN(C(=O)NC1=O)C2C(C(C(O2)COP(=O)(O)O)O)O,0.6532125137753437,-0.03889302536845207,-0.7188549041748047,0.30559971928596497
1547,P0A6I0_D132H,C1=CN(C(=O)N=C1N)C2C(C(C(O2)COP(=O)(O)O)O)O,0.11394335230683679,-0.12598951160907745,-0.7309005260467529,0.5478341579437256
1548,P0A6I0_D132S,C1=CN(C(=O)N=C1N)C2C(C(C(O2)COP(=O)(O)O)O)O,-1.4202164033831899,-0.14244341850280762,-0.7122465968132019,0.5724429488182068
1549,P0A6I0_D132S,C1C(C(OC1N2C=CC(=NC2=O)N)COP(=O)(O)O)O,-1.0457574905606752,-0.31778237223625183,-0.7230343818664551,0.49204325675964355
1550,P0A6I0_R110M,C1=CN(C(=O)N=C1N)C2C(C(C(O2)COP(=O)(O)O)O)O,1.3053513694466239,0.11190032958984375,-0.6817328333854675,0.6162502765655518
1551,P0A6I0_R188M,C1=CN(C(=O)N=C1N)C2C(C(C(O2)COP(=O)(O)O)O)O,0.0,0.09781031310558319,-0.6536448001861572,0.6323603391647339
1552,P0A6I0_D132S,C1=CN(C(=O)NC1=O)C2C(C(C(O2)COP(=O)(O)O)O)O,0.9030899869919435,-0.07079486548900604,-0.6980461478233337,0.3272636830806732
1553,P0A6I0_D132A,C1C(C(OC1N2C=CC(=NC2=O)N)COP(=O)(O)O)O,0.25527250510330607,-0.3774194121360779,-0.6577857732772827,0.3619401454925537
1554,P0A6I0_S36A,C1=CN(C(=O)NC1=O)C2C(C(C(O2)COP(=O)(O)O)O)O,0.2787536009528289,0.19472336769104004,-0.7678251266479492,0.4546576142311096
1555,P0A6I0_S36A,C1=CN(C(=O)N=C1N)C2C(C(C(O2)COP(=O)(O)O)O)O,0.3979400086720376,0.10667657852172852,-0.7205041646957397,0.6920132040977478
1556,P0A6I0_D132H,C1C(C(OC1N2C=CC(=NC2=O)N)COP(=O)(O)O)O,-1.2596373105057561,-0.30740657448768616,-0.7343027591705322,0.4635734260082245
1557,P0A6I0_D132N,C1C(C(OC1N2C=CC(=NC2=O)N)COP(=O)(O)O)O,-1.0969100130080565,-0.3051537275314331,-0.7018106579780579,0.46182364225387573
1558,P0A6I0_R110M,C1C(C(OC1N2C=CC(=NC2=O)N)COP(=O)(O)O)O,0.8633228601204559,-0.10880693793296814,-0.7197678089141846,0.5311294198036194
1559,P0A6I0_R188M,C1C(C(OC1N2C=CC(=NC2=O)N)COP(=O)(O)O)O,-0.11350927482751817,-0.12953655421733856,-0.6987159252166748,0.5305862426757812
1560,P0A6I0_S36A,C1C(C(OC1N2C=CC(=NC2=O)N)COP(=O)(O)O)O,0.5440680443502757,-0.12968598306179047,-0.7474403381347656,0.610460102558136
1561,P0A6I0_D132H,C1=CN(C(=O)NC1=O)C2C(C(C(O2)COP(=O)(O)O)O)O,0.5910646070264992,-0.04747005179524422,-0.7313358187675476,0.31502261757850647
1562,P0A6I0_D132A,C1=CN(C(=O)N=C1N)C2C(C(C(O2)COP(=O)(O)O)O)O,0.4623979978989561,-0.20227715373039246,-0.6617750525474548,0.42795467376708984
1563,P0A6I0_D132N,C1=CN(C(=O)N=C1N)C2C(C(C(O2)COP(=O)(O)O)O)O,0.414973347970818,-0.11564481258392334,-0.6966489553451538,0.5377099514007568
1564,P0A6I0_D132A,C1=CN(C(=O)NC1=O)C2C(C(C(O2)COP(=O)(O)O)O)O,0.8976270912904415,-0.1424705684185028,-0.6866610050201416,0.19562259316444397
1565,P0A6I0_R110M,C1=CN(C(=O)NC1=O)C2C(C(C(O2)COP(=O)(O)O)O)O,1.0530784434834197,0.1954471468925476,-0.7124744653701782,0.3986327648162842
1566,P0A6I0_wild,C1=NC2=C(C(=O)N1)N=CN2C3C(C(C(O3)COP(=O)(O)OP(=O)(O)OP(=O)(O)O)O)O,-0.060480747381381476,0.010804221034049988,-0.4510127604007721,0.5304611325263977
1567,P0A6I0_wild,C1C(C(OC1N2C=CC(=O)NC2=O)COP(=O)(O)O)O,0.1643528557844371,0.02516486868262291,-0.7789084315299988,0.6428235173225403
1568,J9SJ08_wild,C(C1C(C(C(C(O1)OC2(C(C(C(O2)CO)O)O)CO)O)O)O)O,1.1846914308175989,1.598677158355713,0.900365948677063,0.9990976452827454
1569,J9SJ08_wild,C(C1C(C(C(C(O1)OC2C(OC(C(C2O)O)OC3C(OC(C(C3O)O)O)CO)CO)O)O)O)O,1.4265112613645754,1.0756480693817139,0.4981718361377716,0.9014705419540405
1570,Q94F00_wild,C(C1C(C(C(C(O1)OP(=O)(O)O)O)O)O)O,-0.3467874862246563,0.7904826402664185,-0.9541159868240356,1.1800183057785034
1571,Q57573_wild,C1(C(C(C(C(C1O)O)OP(=O)(O)O)O)O)O,-1.0409586076789064,0.6956560611724854,-0.45457762479782104,1.8466397523880005
1572,A0QX86_wild,C1(C(C(C(C(C1O)O)OP(=O)(O)O)O)O)O,-1.9393021596463884,0.08610767126083374,-0.8207943439483643,0.8211753368377686
1573,A0A2H4RAB6_wild,C1C(C(C(C(O1)OC2=CC=C(C=C2)[N+](=O)[O-])O)O)O,-0.5850266520291821,1.240619421005249,0.3343125879764557,1.139120101928711
1574,A0A2H4RAB6_wild,C1=CC(=CC=C1[N+](=O)[O-])OC2C(C(C(C(O2)CO)O)O)O,-0.3279021420642826,0.9094245433807373,0.22985076904296875,0.9788202047348022
1575,A0A2H4RAB6_wild,C1=CC(=CC=C1[N+](=O)[O-])OC2C(C(C(O2)CO)O)O,0.7299742856995556,0.9394269585609436,0.23486638069152832,1.048565149307251
1576,O93623_wild,C1=NC(=C2C(=N1)N(C=N2)C3C(C(C(O3)COP(=O)(O)OP(=O)(O)OP(=O)(O)O)O)O)N,-1.2240256688706308,0.9090486168861389,0.18452829122543335,2.020720958709717
1577,P24521_wild,CC(CCOP(=O)(O)O)(CC(=O)O)O,-0.05305672930217457,-0.4670301675796509,-1.150443434715271,0.57583087682724
1578,P24521_wild,C1=NC(=C2C(=N1)N(C=N2)C3C(C(C(O3)COP(=O)(O)OP(=O)(O)OP(=O)(O)O)O)O)N,-1.0074464821678644,-0.045127224177122116,-0.793795645236969,1.0139238834381104
1579,D7BAR0_wild,[O-]P(=O)([O-])[O-],0.3979400086720376,1.1563961505889893,0.9300345182418823,0.6291131973266602
1580,D7BAR0_wild,C(C1C(C(C(C(O1)OC(CO)C(=O)[O-])O)O)O)O,0.5440680443502757,0.9443991780281067,0.990389347076416,0.610610842704773
1581,D7BAR0_wild,C(C(C(=O)[O-])O)O,0.414973347970818,0.9654264450073242,1.0124861001968384,0.6761817932128906
1582,D7BAR0_wild,C(C1C(C(C(C(O1)OP(=O)([O-])[O-])O)O)O)O,0.9084850188786497,1.0414172410964966,0.3984682261943817,0.718352198600769
1583,P76041_wild,C(C1C(C(C(C(O1)OC(CO)C(=O)[O-])O)O)O)O,-1.1611509092627446,0.35580065846443176,0.34921690821647644,0.9060084819793701
1584,P76041_wild,[O-]P(=O)([O-])[O-],0.3424226808222063,0.922034740447998,0.3891367018222809,0.7594075202941895
1585,Q10356_wild,CC(=O)C=O,1.0334237554869496,0.45465654134750366,0.6239142417907715,0.509128749370575
1586,Q10356_H130A,CC(=O)C=O,1.5717088318086876,0.42240920662879944,0.626684844493866,0.5221168398857117
1587,Q8R3J5_wild,C(CC(=O)NC(CS)C(=O)NCC(=O)O)C(C(=O)O)N,0.49554433754644844,0.3578000068664551,0.08024957776069641,0.7256603240966797
1588,Q9NJQ8_wild,C(C(C(C(=O)O)O)C(=O)O)C(=O)O,0.47712125471966244,1.2333829402923584,-1.1420834064483643,1.9158185720443726
1589,A0A088BHP3_wild,C(CC(=O)N)CN=C(N)N,0.36172783601759284,0.13012957572937012,0.5339301824569702,0.29077160358428955
1590,A0A088BHP3_wild,CC(=O)N,1.5954962218255742,0.9039614796638489,0.7850207090377808,0.58420330286026
1591,A0A088BHP3_wild,CCC(=O)N,1.6541765418779606,0.8342787027359009,0.8499711751937866,0.48889386653900146
1592,A0A088BHP3_wild,C1=CC(=CN=C1)C(=O)N,2.1322596895310446,-0.18341678380966187,-0.4502653181552887,0.34755653142929077
1593,Q84II6_Q282N,C1=CC=C2C(=C1)C3=CC=CC=C3N2,-1.2628073572952627,-0.1273423433303833,-2.072205066680908,1.5107117891311646
1594,Q84II6_I262V,C1=CC=C2C(=C1)C3=CC=CC=C3N2,-1.294992040666664,-0.11743071675300598,-2.0990679264068604,1.5188966989517212
1595,Q84II6_Q282Y,C1=CC=C2C(=C1)C3=CC=CC=C3N2,-1.2612194415156308,-0.15703442692756653,-2.096527338027954,1.4885892868041992
1596,Q8GAX0_wild,C1=CC(=C[N+](=C1)C2C(C(C(O2)COP(=O)([O-])OP(=O)(O)OCC3C(C(C(O3)N4C=NC5=C(N=CN=C54)N)O)O)O)O)C(=O)N,-0.7447274948969352,0.8251575231552124,-0.27005597949028015,1.2517406940460205
1597,Q8GAX0_wild,C1=CC(=C[N+](=C1)C2C(C(C(O2)COP(=O)(O)OP(=O)(O)OCC3C(C(C(O3)N4C=NC5=C(N=CN=C54)N)OP(=O)(O)O)O)O)O)C(=O)N,0.8175653695597808,0.7030700445175171,-0.7686602473258972,1.5397578477859497
1598,A4ADB8_wild,C1=CC(=C[N+](=C1)C2C(C(C(O2)COP(=O)([O-])OP(=O)(O)OCC3C(C(C(O3)N4C=NC5=C(N=CN=C54)N)O)O)O)O)C(=O)N,-0.5100415205751654,1.3516056537628174,0.13412168622016907,1.7943642139434814
1599,A4ADB8_D487R/L488H,C1=CC(=C[N+](=C1)C2C(C(C(O2)COP(=O)([O-])OP(=O)(O)OCC3C(C(C(O3)N4C=NC5=C(N=CN=C54)N)O)O)O)O)C(=O)N,-0.1778319206319825,1.3389204740524292,0.10987931489944458,1.792464256286621
1600,A4ADB8_D487R/L488H,C1=CC(=C[N+](=C1)C2C(C(C(O2)COP(=O)(O)OP(=O)(O)OCC3C(C(C(O3)N4C=NC5=C(N=CN=C54)N)OP(=O)(O)O)O)O)O)C(=O)N,-0.8041003475907662,1.3085033893585205,-0.3174956142902374,1.9096051454544067
1601,A8QPD8_wild,CCCCCCCCCCCCCCCC(=O)OC1=CC=C(C=C1)[N+](=O)[O-],-1.0705810742857071,1.6752020120620728,-0.09748873114585876,2.8503735065460205
1602,A8QPD8_wild,CCCCC(=O)OC1=CC=C(C=C1)[N+](=O)[O-],-0.08618614761628333,2.019806146621704,0.10598611831665039,2.8318347930908203
1603,A8QPD8_wild,CC(=O)OC1=CC=C(C=C1)[N+](=O)[O-],-0.4814860601221125,1.8663840293884277,0.44551390409469604,2.472067356109619
1604,A8QPD8_wild,CCCC(=O)OC1=CC=C(C=C1)[N+](=O)[O-],-0.24412514432750865,1.972900629043579,0.12161248922348022,2.8677234649658203
1605,S4VCH4_wild,CCCC(=O)OC1=CC=C(C=C1)[N+](=O)[O-],0.2227164711475833,1.6281771659851074,0.25602900981903076,2.4365346431732178
1606,B9WZX2_wild,CC(=CCC1=C(C2=C(N1)C=C(C=C2)O)CC3C(=O)N4CCCC4C(=O)N3)C,-1.677780705266081,-0.08784213662147522,-1.8460603952407837,1.097633719444275
1607,B9WZX2_R202L,CC(=CCC1=C(C2=C(N1)C=C(C=C2)O)CC3C(=O)N4CCCC4C(=O)N3)C,-0.9208187539523751,-0.06594580411911011,-1.8357493877410889,1.0950095653533936
1608,B9WZX2_R202L,C[S+](CCC(C(=O)[O-])N)CC1C(C(C(O1)N2C=NC3=C(N=CN=C32)N)O)O,-2.3467874862246565,-0.14222177863121033,-1.421927809715271,1.0352306365966797
1609,B9WZX2_wild,C[S+](CCC(C(=O)[O-])N)CC1C(C(C(O1)N2C=NC3=C(N=CN=C32)N)O)O,-1.958607314841775,-0.15884359180927277,-1.429051399230957,1.0365095138549805
1610,P13513_wild,CC(=CCCC(=CCCC(=CCOP(=O)(O)OP(=O)(O)O)C)C)C,-4.107905397309519,-2.409977674484253,-2.606226682662964,0.6232495307922363
1611,P13513_S229T,CC(=CCCC(=CCCC(=CCOP(=O)(O)OP(=O)(O)O)C)C)C,-2.2218487496163566,-2.4078381061553955,-2.6040167808532715,0.6220461130142212
1612,P13513_Y295F,CC(=CCCC(=CCCC(=CCOP(=O)(O)OP(=O)(O)O)C)C)C,-4.161150909262744,-2.4008495807647705,-2.6074774265289307,0.6375070810317993
1613,P13513_N225D,CC(=CCCC(=CCCC(=CCOP(=O)(O)OP(=O)(O)O)C)C)C,-3.3142582613977365,-2.4397432804107666,-2.5893332958221436,0.6032824516296387
1614,A3GHR6_wild,C1C=CN(C=C1C(=O)N)C2C(C(C(O2)COP(=O)(O)OP(=O)(O)OCC3C(C(C(O3)N4C=NC5=C(N=CN=C54)N)OP(=O)(O)O)O)O)O,-0.5850266520291821,0.98119056224823,-1.0027623176574707,1.6702505350112915
1615,A3GHR6_wild,C1C=CN(C=C1C(=O)N)C2C(C(C(O2)COP(=O)(O)OP(=O)(O)OCC3C(C(C(O3)N4C=NC5=C(N=CN=C54)N)O)O)O)O,1.312811826212088,1.0940122604370117,-0.8393142223358154,1.5120912790298462
1616,A3GHL4_wild,C1C=CN(C=C1C(=O)N)C2C(C(C(O2)COP(=O)(O)OP(=O)(O)OCC3C(C(C(O3)N4C=NC5=C(N=CN=C54)N)OP(=O)(O)O)O)O)O,0.6138418218760693,0.9984700679779053,-0.9559310674667358,1.7610095739364624
1617,A3GHL4_wild,C1C=CN(C=C1C(=O)N)C2C(C(C(O2)COP(=O)(O)OP(=O)(O)OCC3C(C(C(O3)N4C=NC5=C(N=CN=C54)N)O)O)O)O,1.3773062510681988,1.1176118850708008,-0.817423939704895,1.5895143747329712
1618,Q9C3Z9_wild,C1=CC(=CC=C1[N+](=O)[O-])OC2C(C(C(C(O2)CO)O)O)O,-0.6989700043360187,1.0462199449539185,-0.42326876521110535,1.1574010848999023
1619,Q55629_wild,C(CC(C(=O)O)N)CN=C(N)N,0.505149978319906,0.2604168653488159,0.007077064365148544,0.7054064869880676
1620,P80365_wild,CC12CCC(=O)C=C1CCC3C2C(CC4(C3CCC4O)C)O,-3.832682665251824,-0.7259042263031006,-2.4090471267700195,0.6817360520362854
1621,P80365_wild,CC(=O)C1CCC2C1(CC(C3C2CCC4=CC(=O)CCC34C)O)C,-4.638272163982407,-0.8450748324394226,-2.088992118835449,0.6164821982383728
1622,P80365_wild,CC12CCC(=O)C=C1CCC3C2C(CC4(C3CCC4=O)C)O,-3.1643094285075746,-0.7420388460159302,-2.3702986240386963,1.0165613889694214
1623,P80365_wild,CC(CCCC(C)(C)O)C1CCC2C1(CCC3C2C(C=C4C3(CCC(C4)O)C)O)C,-3.2549252084179425,-0.7494232654571533,-2.3955578804016113,0.9343644380569458
1624,A9KM56_wild,CC1C(C(C(C(O1)O)O)O)O,0.43136376415898736,1.0176007747650146,0.47564229369163513,0.7299003005027771
1625,A9KM56_wild,C(C1C(C(C(C(O1)OP(=O)(O)O)O)O)O)O,0.9822712330395684,0.6414700746536255,0.06984536349773407,0.5964957475662231
1626,Q8H0D2_wild,C[S+](CCC(C(=O)[O-])N)CC1C(C(C(O1)N2C=NC3=C(N=CN=C32)N)O)O,-0.8153085691824012,-1.301137924194336,-1.1223005056381226,0.5490477681159973
1627,Q8H0D2_wild,CN1C=NC2=C1C(=O)N(C(=O)N2)C,-0.0118871597316481,-0.6903037428855896,-1.3542399406433105,0.8232098817825317
1628,Q8H0D3_wild,CN1C=NC2=C1C(=O)NC(=O)N2C,-0.8041003475907662,-0.9769070148468018,-1.1725870370864868,0.48666906356811523
1629,A0A125R6G8_wild,C1(C(C(C(C(C1OP(=O)(O)O)OP(=O)(O)O)OP(=O)(O)O)OP(=O)(O)O)OP(=O)(O)O)OP(=O)(O)O,-0.12090412049992724,2.3566107749938965,-1.4735215902328491,2.9383461475372314
1630,Q53IZ1_wild,C(C(C(=O)O)N)C(=O)O,1.0606978403536118,0.34986817836761475,0.7893072366714478,0.23331822454929352
1631,Q845W8_wild,C(C(C(=O)O)N)C(=O)O,0.6434526764861874,0.4827244281768799,0.7610644102096558,0.2854805588722229
1632,Q845W8_R37A,C(C(C(=O)O)N)C(=O)O,1.2278867046136734,0.3387511670589447,0.8732799887657166,0.11776314675807953
1633,O80403_wild,C(C1C(C(C(C(O1)OC2C(OC(C(C2O)O)OCC3C(C(C(C(O3)OC4C(OC(C(C4O)O)O)CO)O)O)OC5C(C(C(C(O5)CO)O)O)O)CO)O)O)O)O,-3.6020599913279625,1.3234834671020508,0.2881901264190674,1.0768179893493652
1634,O80403_wild,C(C1C(C(C(C(O1)OCC2C(C(C(C(O2)OC3C(OC(C(C3O)O)O)CO)O)O)OC4C(C(C(C(O4)CO)O)O)O)O)O)O)O,-2.1870866433571443,1.3523085117340088,0.36093732714653015,1.0216851234436035
1635,P06744_Y274F/Y341F,C(C(C(C(C(C=O)O)O)O)O)OP(=O)(O)O,-0.5228787452803376,1.4793771505355835,-0.4439312815666199,1.5327954292297363
1636,P06744_D511N,C(C(C(C(C(C=O)O)O)O)O)OP(=O)(O)O,-0.7447274948969352,1.3826483488082886,-0.4498938024044037,1.4487133026123047
1637,P06744_Q388A,C(C(C(C(C(C=O)O)O)O)O)OP(=O)(O)O,-0.3010299956639812,1.348351240158081,-0.3904595673084259,1.3939168453216553
1638,P06744_H396L,C(C(C(C(C(C=O)O)O)O)O)OP(=O)(O)O,-0.5376020021010439,1.4742584228515625,-0.44897231459617615,1.516479730606079
1639,P06744_N386A,C(C(C(C(C(C=O)O)O)O)O)OP(=O)(O)O,-0.10790539730951958,1.4590697288513184,-0.41637757420539856,1.4973173141479492
1640,P06744_E495Q,C(C(C(C(C(C=O)O)O)O)O)OP(=O)(O)O,-0.6382721639824072,1.3689799308776855,-0.4310537576675415,1.4310905933380127
1641,P06744_S185A,C(C(C(C(C(C=O)O)O)O)O)OP(=O)(O)O,-0.1366771398795441,1.4896154403686523,-0.4467715919017792,1.5411136150360107
1642,P06744_N154Q,C(C(C(C(C(C=O)O)O)O)O)OP(=O)(O)O,0.017033339298780276,1.4745558500289917,-0.4091256558895111,1.4988293647766113
1643,D7UNT2_wild,C[N+](C)(C)CC(CC(=O)[O-])O,0.04139268515822508,0.841110348701477,-0.2539163827896118,0.8026023507118225
1644,P58137_wild,CC(CCCC(C)C(=O)SCCNC(=O)CCNC(=O)C(C(C)(C)COP(=O)(O)OP(=O)(O)OCC1C(C(C(O1)N2C=NC3=C(N=CN=C32)N)O)OP(=O)(O)O)O)C4CCC5C4(C(CC6C5C(CC7C6(CCC(C7)O)C)O)O)C,-2.2006594505464183,0.5569586753845215,-1.5682942867279053,2.309932231903076
1645,P58137_wild,CC(CCC(=O)SCCNC(=O)CCNC(=O)C(C(C)(C)COP(=O)(O)OP(=O)(O)OCC1C(C(C(O1)N2C=NC3=C(N=CN=C32)N)O)OP(=O)(O)O)O)C4CCC5C4(CCC6C5C(CC7C6(CCC(C7)O)C)O)C,-2.0555173278498313,0.5702201128005981,-1.5462757349014282,2.2939181327819824
1646,P58137_wild,CC(CCC(=O)SCCNC(=O)CCNC(=O)C(C(C)(C)COP(=O)(O)OP(=O)(O)OCC1C(C(C(O1)N2C=NC3=C(N=CN=C32)N)O)OP(=O)(O)O)O)C4CCC5C4(C(CC6C5C(CC7C6(CCC(C7)O)C)O)O)C,-1.8356471442155629,0.6065038442611694,-1.5621172189712524,2.2975351810455322
1647,Q8GYW7_wild,CCCCCCCCC=CCCCCCCCC(=O)SCCNC(=O)CCNC(=O)C(C(C)(C)COP(=O)(O)OP(=O)(O)OCC1C(C(C(O1)N2C=NC3=C(N=CN=C32)N)O)OP(=O)(O)O)O,-2.2365720064370627,-0.31664133071899414,-1.3231064081192017,1.2706515789031982
1648,Q8GYW7_wild,CCCCCCCCCCCC(=O)SCCNC(=O)CCNC(=O)C(C(C)(C)COP(=O)(O)OP(=O)(O)OCC1C(C(C(O1)N2C=NC3=C(N=CN=C32)N)O)OP(=O)(O)O)O,-1.749579997691106,-0.30518391728401184,-1.1843585968017578,1.2222611904144287
1649,P0ADA1_wild,CCCC(=O)OC1=CC=C(C=C1)[N+](=O)[O-],-0.060480747381381476,0.8861041069030762,-0.8960085511207581,1.879529356956482
1650,P0ADA1_wild,CCCCCCCCCCCC(=O)SCCNC(=O)CCNC(=O)C(C(C)(C)COP(=O)(O)OP(=O)(O)OCC1C(C(C(O1)N2C=NC3=C(N=CN=C32)N)O)OP(=O)(O)O)O,-0.835647144215563,-0.014806393533945084,-1.941519856452942,2.296264886856079
1651,Q0H0H0_wild,C1C(C(OC1N2C=NC3=C(N=CN=C32)N)CO)O,-1.5346171485515818,0.04595717415213585,-1.372247576713562,0.8530939221382141
1652,Q0H0H0_wild,C1C(C(OC1N2C=CC(=NC2=O)N)CO)O,-1.4634415574284698,-0.12141332030296326,-1.922430157661438,1.1260484457015991
1653,A0A2X5A091_wild,C(C(C(=O)O)N)C(=O)N,-0.5376020021010439,0.7860876321792603,-0.08975884318351746,0.9917142391204834
1654,A0A2X5A091_wild,C(CC(=O)N)C(C(=O)O)N,1.6665179805548809,0.37952589988708496,0.02843179926276207,0.11973339319229126
1655,Q9BX63_Q25A,C1=NC(=C2C(=N1)N(C=N2)C3C(C(C(O3)COP(=O)(O)OP(=O)(O)OP(=O)(O)O)O)O)N,0.25527250510330607,-1.0233635902404785,-0.5302369594573975,0.44429928064346313
1656,Q9BX63_wild,C1=NC(=C2C(=N1)N(C=N2)C3C(C(C(O3)COP(=O)(O)OP(=O)(O)OP(=O)(O)O)O)O)N,0.2041199826559248,-0.9555840492248535,-0.574781060218811,0.5354520678520203
1657,Q9WYP5_wild,C1(C(C(C(C(C1O)O)O)O)O)O,0.4623979978989561,1.382209062576294,0.9211694002151489,1.162346363067627
1658,Q8U094_wild,C(C(C(=O)O)N)O,-0.22184874961635637,-0.677981972694397,0.22792483866214752,0.3846365809440613
1659,Q9YGA9_wild,C1=CC=C2C(=C1)C=CN2,-1.2013493545547311,-0.8503103852272034,-1.0189498662948608,0.049091637134552
1660,Q8U094_wild,C1=CC=C2C(=C1)C=CN2,1.8864907251724818,-0.7816767692565918,-0.9447264671325684,0.07925325632095337
1661,E3SAZ9_wild,C1(C(=O)NC(=O)N1)NC(=O)N,0.04139268515822508,0.9003044366836548,0.5737141370773315,1.144766092300415
1662,E3SAZ9_E78D,C1(C(=O)NC(=O)N1)NC(=O)N,0.36172783601759284,0.8986730575561523,0.5810059905052185,1.1566075086593628
1663,O07564_wild,C1=CC(=C[N+](=C1)C2C(C(C(O2)COP(=O)([O-])OP(=O)(O)OCC3C(C(C(O3)N4C=NC5=C(N=CN=C54)N)O)O)O)O)C(=O)N,-0.3187587626244128,0.7157530784606934,-0.2118929922580719,1.3444570302963257
1664,O07564_wild,C(C(C(C(C(C=O)O)O)O)O)OP(=O)(O)O,0.2787536009528289,0.6745780110359192,0.016463931649923325,0.947351336479187
1665,Q9KJB8_wild,COC1=C(C(=CC=C1)OC)O,-0.7695510786217261,1.2856297492980957,-0.6211036443710327,1.836429476737976
1666,Q9KJB8_wild,C1=CC=C(C(=C1)O)O,-1.958607314841775,2.006521224975586,-0.3618273138999939,2.4438953399658203
1667,P36649_wild,C1C(C(=O)OCC(C(=O)OCC(C(=O)O1)NC(=O)C2=C(C(=CC=C2)O)O)NC(=O)C3=C(C(=CC=C3)O)O)NC(=O)C4=C(C(=CC=C4)O)O,-1.3979400086720375,1.2613390684127808,-1.212562084197998,2.2742059230804443
1668,P36649_wild,C1=CC(=C(C(=C1)O)O)C(=O)O,-0.5376020021010439,0.9158238172531128,-0.9291447401046753,1.5680992603302002
1669,P36649_wild,C1=CC(=C(C=C1C(=O)O)O)O,-0.36653154442041347,1.4068620204925537,-1.0642904043197632,1.7261466979980469
1670,P36649_wild,COC1=C(C(=CC=C1)OC)O,-1.1518108830086013,1.1607728004455566,-1.2122457027435303,1.7144286632537842
1671,P36649_wild,C1=CC(=C(C(=C1)O)N)C(=O)O,-0.16115090926274472,0.750163197517395,-1.2548954486846924,1.3203465938568115
1672,P36649_wild,C1=CC(=CC=C1N)N,0.505149978319906,0.8780680894851685,-1.2275142669677734,1.0988346338272095
1673,P36649_wild,COC1=CC(=CC(=C1O)OC)C=NN=CC2=CC(=C(C(=C2)OC)O)OC,-1.6989700043360187,1.0750999450683594,-2.0909483432769775,2.160202741622925
1674,O29794_wild,C1C=CN(C=C1C(=O)N)C2C(C(C(O2)COP(=O)(O)OP(=O)(O)OCC3C(C(C(O3)N4C=NC5=C(N=CN=C54)N)O)O)O)O,-1.958607314841775,1.5456360578536987,-0.5316789150238037,2.403693675994873
1675,O29794_wild,O=O,0.4623979978989561,0.8441492915153503,-0.7176804542541504,2.340050458908081
1676,G3XRE5_wild,C(C(=O)C(C(C(C(=O)[O-])O)O)O)O,0.505149978319906,0.8320654630661011,-0.06110389903187752,1.1956571340560913
1677,G3XRE5_wild,C(C(C(C(C(C(=O)[O-])O)O)O)O)O,0.9242792860618817,0.6713278293609619,0.29965052008628845,0.8089573383331299
1678,A0QX86_wild,C(C1C(C(C(O1)(COP(=O)(O)O)O)O)O)OP(=O)(O)O,-1.9546770212133426,0.1786441206932068,-0.7560639977455139,0.6230764389038086
1679,P0A9C9_wild,C(C(C(C(C(=O)COP(=O)(O)O)O)O)O)O,0.0,0.4650173783302307,-0.27352336049079895,0.5925579071044922
1680,P0A9C9_wild,C(C1C(C(C(O1)(COP(=O)(O)O)O)O)O)OP(=O)(O)O,-1.4559319556497243,0.5722609758377075,-1.1894689798355103,1.4549192190170288
1681,P21437_wild,C(C1C(C(C(O1)(COP(=O)(O)[O-])O)O)O)OP(=O)(O)[O-],-1.0,0.1402023434638977,-0.986983060836792,1.4366114139556885
1682,F7J5X4_wild,C1=CC(=CC=C1C(=O)CO)O,-2.7958800173440754,1.0170602798461914,-0.7134912610054016,1.920432448387146
1683,Q8TQ93_wild,C(CS(=O)(=O)O)S,0.3424226808222063,0.07118436694145203,0.48139795660972595,-0.19445478916168213
1684,Q8TQ93_wild,CC(C)(COP(=O)(O)OP(=O)(O)OCC1C(C(C(O1)N2C=NC3=C(N=CN=C32)N)O)OP(=O)(O)O)C(C(=O)NCCC(=O)NCCS)O,0.6127838567197249,0.5434231758117676,-0.8190633654594421,0.8307496309280396
1685,Q8TQ93_wild,C(CC(=O)NC(CSSCC(C(=O)NCC(=O)O)NC(=O)CCC(C(=O)O)N)C(=O)NCC(=O)O)C(C(=O)O)N,0.9493900066449128,0.8010096549987793,-0.29517635703086853,0.8104172945022583
1686,Q9GPG0_wild,CC(=O)OC1=CC=CC2=CC=CC=C21,-0.38721614328026455,0.886677622795105,-1.0427054166793823,1.1764166355133057
1687,P77978_E92F,C1=CN(C(=O)N=C1N)C2C(C(C(O2)COP(=O)(O)OP(=O)(O)OP(=O)(O)O)O)O,-1.5228787452803376,-0.9306563138961792,-0.7908679246902466,0.06151926517486572
1688,P77978_K153A,C1=CN(C(=O)N=C1N)C2C(C(C(O2)COP(=O)(O)OP(=O)(O)OP(=O)(O)O)O)O,-1.2441251443275085,-0.872975766658783,-0.8098852038383484,0.13306882977485657
1689,P77978_Y90E/E92F,C1=CN(C(=O)N=C1N)C2C(C(C(O2)COP(=O)(O)OP(=O)(O)OP(=O)(O)O)O)O,-1.207608310501746,-0.9171544313430786,-0.7975895404815674,0.07673761248588562
1690,P77978_G166R,C1=CN(C(=O)N=C1N)C2C(C(C(O2)COP(=O)(O)OP(=O)(O)OP(=O)(O)O)O)O,-1.0,-0.9050573110580444,-0.8134759664535522,0.1072295606136322
1691,P77978_wild,C1=NC(=C2C(=N1)N(C=N2)C3C(C(C(O3)COP(=O)(O)OP(=O)(O)OP(=O)(O)O)O)O)N,-0.3010299956639812,-0.9521771669387817,-0.9486535787582397,0.1458032727241516
1692,P77978_wild,C1=CN(C(=O)N=C1N)C2C(C(C(O2)COP(=O)(O)OP(=O)(O)OP(=O)(O)O)O)O,-1.8239087409443187,-0.8912866115570068,-0.8116092681884766,0.10940903425216675
1693,P77978_R125A,C1=CN(C(=O)N=C1N)C2C(C(C(O2)COP(=O)(O)OP(=O)(O)OP(=O)(O)O)O)O,-1.6989700043360187,-0.9232522249221802,-0.8109163045883179,0.07588392496109009
1694,P77978_H93V/Y95V,C1=CN(C(=O)N=C1N)C2C(C(C(O2)COP(=O)(O)OP(=O)(O)OP(=O)(O)O)O)O,-1.1739251972991736,-1.008441686630249,-0.7996277809143066,0.006814122200012207
1695,P77978_Y158A,C1=CN(C(=O)N=C1N)C2C(C(C(O2)COP(=O)(O)OP(=O)(O)OP(=O)(O)O)O)O,-1.4814860601221125,-0.8929731845855713,-0.8184528350830078,0.10142743587493896
1696,P77978_K149A,C1=CN(C(=O)N=C1N)C2C(C(C(O2)COP(=O)(O)OP(=O)(O)OP(=O)(O)O)O)O,-0.7772835288524168,-0.9554809927940369,-0.7559754252433777,-0.00564652681350708
1697,P77978_G169R,C1=CN(C(=O)N=C1N)C2C(C(C(O2)COP(=O)(O)OP(=O)(O)OP(=O)(O)O)O)O,-0.8477116556172494,-1.076403260231018,-0.8066329956054688,-0.06538444757461548
1698,P77978_H129A,C1=CN(C(=O)N=C1N)C2C(C(C(O2)COP(=O)(O)OP(=O)(O)OP(=O)(O)O)O)O,-1.3979400086720375,-0.9943666458129883,-0.8121292591094971,0.00995895266532898
1699,Q948T5_wild,C(C(=O)[O-])OP(=O)([O-])[O-],-0.853871964321762,0.8709367513656616,-0.7346237897872925,1.7135319709777832
1700,F1CYZ6_wild,C1=CC(=C(C=C1C=CC(=O)O)O)O,-1.6020599913279623,-0.2479872703552246,-0.5541819334030151,1.0130484104156494
1701,F1CYZ6_wild,C1=NC(=C2C(=N1)N(C=N2)C3C(C(C(O3)COP(=O)(O)OP(=O)(O)OP(=O)(O)O)O)O)N,-1.8860566476931633,-0.22499394416809082,-0.07896530628204346,0.5156399011611938
1702,F1CYZ6_wild,CC(C)(COP(=O)(O)OP(=O)(O)OCC1C(C(C(O1)N2C=NC3=C(N=CN=C32)N)O)OP(=O)(O)O)C(C(=O)NCCC(=O)NCCS)O,-0.3010299956639812,-0.12284807860851288,-0.6476153135299683,0.7773153185844421
1703,G8B709_wild,C1=CC(=CC=C1C(=O)O)[O-],-0.2006594505464183,-0.19675320386886597,-1.2280317544937134,0.6276291608810425
1704,P44801_wild,C[As](=O)(C)O,2.146128035678238,1.464550495147705,-0.5905687212944031,1.1436023712158203
1705,P44801_H277N,C(C=O)C(C(=O)O)N,-0.3010299956639812,1.288226842880249,0.17541448771953583,1.3363438844680786
1706,P44801_H277N,C1=CC(=C[N+](=C1)C2C(C(C(O2)COP(=O)(O)OP(=O)(O)OCC3C(C(C(O3)N4C=NC5=C(N=CN=C54)N)OP(=O)(O)O)O)O)O)C(=O)N,0.04139268515822508,1.416886568069458,-0.6433651447296143,1.8376089334487915
1707,P44801_H277N,[O-]P(=O)([O-])[O-],0.43136376415898736,1.7783386707305908,0.5765129327774048,1.3236488103866577
1708,P0A9Q9_Q350N/H171A,C1=CC(=C[N+](=C1)C2C(C(C(O2)COP(=O)([O-])OP(=O)(O)OCC3C(C(C(O3)N4C=NC5=C(N=CN=C54)N)O)O)O)O)C(=O)N,0.3424226808222063,1.515832781791687,-0.3221183121204376,1.6800386905670166
1709,P0A9Q9_Q350N/H171A,C1=CC(=C[N+](=C1)C2C(C(C(O2)COP(=O)(O)OP(=O)(O)OCC3C(C(C(O3)N4C=NC5=C(N=CN=C54)N)OP(=O)(O)O)O)O)O)C(=O)N,-2.5850266520291822,1.340085744857788,-0.7053714990615845,1.9645264148712158
1710,P0A9Q9_Q350N,C1=CC(=C[N+](=C1)C2C(C(C(O2)COP(=O)([O-])OP(=O)(O)OCC3C(C(C(O3)N4C=NC5=C(N=CN=C54)N)O)O)O)O)C(=O)N,0.3979400086720376,1.4933124780654907,-0.29657164216041565,1.6539387702941895
1711,P0A9Q9_Q350N,C1=CC(=C[N+](=C1)C2C(C(C(O2)COP(=O)(O)OP(=O)(O)OCC3C(C(C(O3)N4C=NC5=C(N=CN=C54)N)OP(=O)(O)O)O)O)O)C(=O)N,-2.2441251443275085,1.3237452507019043,-0.6836463212966919,1.947717547416687
1712,P0A9Q9_wild,C1=CC(=C[N+](=C1)C2C(C(C(O2)COP(=O)([O-])OP(=O)(O)OCC3C(C(C(O3)N4C=NC5=C(N=CN=C54)N)O)O)O)O)C(=O)N,1.0569048513364727,1.479681372642517,-0.29519888758659363,1.6338293552398682
1713,Q51344_wild,C(C=O)C(C(=O)[O-])[NH3+],-0.9208187539523751,1.6627421379089355,-0.059371467679739,1.6570035219192505
1714,Q51344_wild,C1=CC(=C[N+](=C1)C2C(C(C(O2)COP(=O)(O)OP(=O)(O)OCC3C(C(C(O3)N4C=NC5=C(N=CN=C54)N)OP(=O)(O)O)O)O)O)C(=O)N,-0.8860566476931633,1.2351295948028564,-0.6269587278366089,1.8151419162750244
1715,P44801_wild,C(C=O)C(C(=O)O)N,-0.6989700043360187,1.3493568897247314,0.11249563097953796,1.4375371932983398
1716,P44801_wild,[O-]P(=O)([O-])[O-],0.2041199826559248,1.8551466464996338,0.5282585620880127,1.4208111763000488
1717,P44801_wild,C1=CC(=C[N+](=C1)C2C(C(C(O2)COP(=O)(O)OP(=O)(O)OCC3C(C(C(O3)N4C=NC5=C(N=CN=C54)N)OP(=O)(O)O)O)O)O)C(=O)N,-0.8239087409443188,1.4882594347000122,-0.7015516757965088,1.948675274848938
1718,P0A9Q9_wild,C1=CC(=C[N+](=C1)C2C(C(C(O2)COP(=O)(O)OP(=O)(O)OCC3C(C(C(O3)N4C=NC5=C(N=CN=C54)N)OP(=O)(O)O)O)O)O)C(=O)N,-0.721246399047171,1.3072941303253174,-0.6845685839653015,1.9249756336212158
1719,P77044_wild,C(CC(=O)[O-])C(=O)C=CC=C(C(=O)O)[O-],-2.167491087293764,0.7443358898162842,-1.142313003540039,1.8792140483856201
1720,Q6LZC4_wild,CC(=O)NC1C(C(C(OC1OP(=O)(O)OP(=O)(O)OCC2C(C(C(O2)N3C=CC(=O)NC3=O)O)O)CO)O)O,-0.44369749923283336,-0.4769790768623352,-0.5442632436752319,1.0007953643798828
1721,P16330_wild,C1=NC(=C2C(=N1)N(C=N2)C3C4C(C(O3)CO)OP(=O)(O4)O)N,-0.2572748686953017,0.570197582244873,-0.6236313581466675,1.0791676044464111
1722,G7JFL4_wild,C(C1C(C(C(O1)OP(=O)(O)OP(=O)(O)O)O)O)OP(=O)(O)O,-0.7399286120149252,-0.04637831822037697,-0.912916898727417,0.48741140961647034
1723,G7JFL4_wild,C1=NC(=C2C(=N1)N(C=N2)C3C(C(C(O3)COP(=O)(O)OP(=O)(O)OP(=O)(O)O)O)O)N,-0.3279021420642826,0.2374652624130249,-0.5886179208755493,0.7416394352912903
1724,Q9S762_wild,C1=NC(=C2C(=N1)N(C=N2)C3C(C(C(O3)COP(=O)(O)OP(=O)(O)OP(=O)(O)O)O)O)N,-0.22184874961635637,-0.03267620876431465,-0.8187440633773804,0.7529510855674744
1725,Q9S762_wild,C(C1C(C(C(O1)OP(=O)(O)OP(=O)(O)O)O)O)OP(=O)(O)O,-0.8860566476931633,-0.16285210847854614,-0.8630845546722412,0.49441584944725037
1726,Q8A6L0_wild,C1=CC(=CC=C1[N+](=O)[O-])OC2C(C(C(C(O2)CO)O)O)O,-0.6382721639824072,0.8528697490692139,-0.8261828422546387,0.8125607371330261
1727,Q8A6L0_D415N,C1=CC(=CC=C1[N+](=O)[O-])OC2C(C(C(C(O2)CO)O)O)O,-0.721246399047171,0.8417237401008606,-0.8097168803215027,0.8005807995796204
1728,Q8A6L0_E470Q,C1=CC(=CC=C1[N+](=O)[O-])OC2C(C(C(C(O2)CO)O)O)O,-0.494850021680094,0.8572801351547241,-0.8241918087005615,0.8140851855278015
1729,Q077R2_wild,C1=CN(C(=O)NC1=O)C2C(C(C(O2)COP(=O)(O)OP(=O)(O)OC3C(C(C(C(O3)CO)O)O)O)O)O,-0.3010299956639812,0.3248313367366791,-1.3498528003692627,1.7212355136871338
1730,B5L3F2_wild,C1=CN(C(=O)NC1=O)C2C(C(C(O2)COP(=O)(O)OP(=O)(O)OC3C(C(C(C(O3)CO)O)O)O)O)O,-0.853871964321762,0.6126629114151001,-1.0237740278244019,1.7659028768539429
1731,O58403_wild,C(C(C(=O)O)N)C(=O)O,-0.8860566476931633,0.8117820024490356,0.3313099443912506,0.7362494468688965
1732,H3ZNI2_wild,C(C(C(=O)O)N)C(=O)O,1.4800069429571507,0.07326267659664154,0.24472221732139587,0.5156437158584595
1733,P76491_V30A,C1C(C(OC1N2C=NC3=C(N=CN=C32)N)COP(=O)(O)O)O,-1.3767507096020997,-0.420339971780777,-0.8442792892456055,0.7699801921844482
1734,P76491_E122A,C1C(C(OC1N2C=NC3=C(N=CN=C32)N)COP(=O)(O)O)O,-1.4685210829577449,-0.4348037838935852,-0.9030461311340332,0.8515477776527405
1735,P76491_wild,C1C(C(OC1N2C=NC3=C(N=CN=C32)N)COP(=O)(O)O)O,-1.9208187539523751,-0.4064454734325409,-0.882089376449585,0.8301303386688232
1736,P76491_V37A,C1C(C(OC1N2C=NC3=C(N=CN=C32)N)COP(=O)(O)O)O,-1.7958800173440752,-0.46877339482307434,-0.8394989967346191,0.7405428886413574
1737,P07547_wild,C1=CC(=C[N+](=C1)C2C(C(C(O2)COP(=O)(O)OP(=O)(O)OCC3C(C(C(O3)N4C=NC5=C(N=CN=C54)N)OP(=O)(O)O)O)O)O)C(=O)N,-1.869666231504994,0.6074366569519043,-0.8435626029968262,1.6795660257339478
1738,P07547_wild,C1C(C(C(C=C1C(=O)O)O)O)O,-1.6516951369518393,0.9278481006622314,-0.3855326473712921,1.3521089553833008
1739,A0A0A6ZFY4_wild,CC(=CCCC(C)(C1CCC2(C1C(CC3C2(CCC4C3(CCC(C4(C)C)OC5C(C(C(C(O5)CO)O)O)O)C)C)O)C)O)C,-0.5072396109731625,-0.4024161696434021,-1.0228999853134155,0.6313532590866089
1740,A0A0A6ZFY4_wild,CC(=CCCC(C)(C1CCC2(C1C(CC3C2(CCC4C3(CCC(C4(C)C)OC5C(C(C(C(O5)CO)O)O)O)C)C)O)C)OC6C(C(C(C(O6)CO)O)O)O)C,-0.7258421507363202,-0.5138083100318909,-1.1369792222976685,0.8030493259429932
1741,P0A9V8_wild,C(C(C=O)O)S(=O)(=O)[O-],-0.5228787452803376,1.3351739645004272,-0.5706309080123901,0.8030509948730469
1742,P0A9V8_wild,C(C(C=O)O)S(=O)(=O)O,-0.5228787452803376,0.9968030452728271,-0.3776645362377167,0.62941575050354
1743,P0A9V8_wild,C1C=CN(C=C1C(=O)N)C2C(C(C(O2)COP(=O)(O)OP(=O)(O)OCC3C(C(C(O3)N4C=NC5=C(N=CN=C54)N)O)O)O)O,-1.0861861476162833,1.6320605278015137,-1.5811563730239868,2.3896918296813965
1744,P0A9V8_G122S,C(C(C=O)O)S(=O)(=O)[O-],0.21218760440395779,1.330631971359253,-0.5819222927093506,0.8162531852722168
1745,P0A9V8_G122S,C(C(C=O)O)S(=O)(=O)O,0.21218760440395779,0.9903572797775269,-0.37927642464637756,0.6398299932479858
1746,P0A9V8_R123G,C(C(C=O)O)S(=O)(=O)[O-],0.9025467793139914,1.2947041988372803,-0.5165947675704956,0.7759920954704285
1747,P0A9V8_R123G,C(C(C=O)O)S(=O)(=O)O,0.9025467793139914,0.9736683368682861,-0.32906201481819153,0.6386894583702087
1748,P0A9V8_T124G,C(C(C=O)O)S(=O)(=O)[O-],0.7589118923979735,1.340373158454895,-0.5415446162223816,0.8313623070716858
1749,P0A9V8_T124G,C(C(C=O)O)S(=O)(=O)O,0.7589118923979735,1.010908842086792,-0.35675492882728577,0.6712433099746704
1750,Q15047_wild,C[S+](CCC(C(=O)[O-])N)CC1C(C(C(O1)N2C=NC3=C(N=CN=C32)N)O)O,-0.1804560644581313,-1.2743204832077026,-1.8481613397598267,0.4498964250087738
1751,P0A9V8_wild,C(CC(=O)[O-])CO,2.0086001717619175,0.7969017028808594,-0.41744479537010193,0.787824809551239
1752,Q89ZI2_wild,CC(=O)NC1C(C(C(OC1OC2=CC=C(C=C2)[N+](=O)[O-])CO)O)O,-0.5228787452803376,0.8285761475563049,-0.7713730931282043,1.0945541858673096
1753,Q9CA40_wild,C1C(=NC2=C(N1)N=C(NC2=O)N)C(C(COP(=O)(O)OP(=O)(O)OP(=O)(O)O)O)O,-0.8326826652518239,-0.435910701751709,-1.952196717262268,0.9739984273910522
1754,P95468_wild,C1=CC=C(C=C1)CC(=O)C(=O)O,-1.080921907623926,1.4382520914077759,0.3000870645046234,0.945540189743042
1755,P95468_wild,C(CC(=O)O)C(=O)C(=O)O,-0.22914798835785574,1.480911374092102,-0.02357267215847969,1.0789828300476074
1756,P95468_wild,C1=CC=C2C(=C1)C(=CN2)CC(C(=O)O)N,0.14612803567823798,1.2376924753189087,0.22901344299316406,1.0868581533432007
1757,P95468_wild,C(C(C(=O)O)N)C(=O)O,0.25527250510330607,1.5350003242492676,0.7846040725708008,0.9245492219924927
1758,P95468_wild,C1=CC(=CC=C1CC(=O)C(=O)[O-])O,-1.2291479883578558,1.4556632041931152,-0.3877162039279938,1.2006617784500122
1759,P95468_wild,C(C(C(=O)O)N)S,1.0870712059065355,0.8188270330429077,0.38542440533638,0.7875677347183228
1760,P13255_wild,C(C(=O)O)N,-0.5376020021010439,-0.5474796295166016,-0.15908311307430267,-0.2122737169265747
1761,P13255_Y194F,C[S+](CCC(C(=O)[O-])N)CC1C(C(C(O1)N2C=NC3=C(N=CN=C32)N)O)O,-1.4559319556497243,-0.9141622185707092,-2.014988422393799,0.8246491551399231
1762,P13255_Y194F,C(C(=O)O)N,0.4471580313422192,-0.5345315337181091,-0.16237872838974,-0.2068408727645874
1763,P13255_wild,C[S+](CCC(C(=O)[O-])N)CC1C(C(C(O1)N2C=NC3=C(N=CN=C32)N)O)O,-0.9665762445130504,-0.9306778907775879,-2.0150539875030518,0.8255476951599121
1764,P97207_wild,CCCCCCCCCCC1=C(C(=O)C(=C(C1=O)OC)OC)C,-2.2291479883578558,0.9737467765808105,-1.6275500059127808,1.7437448501586914
1765,P97207_wild,[O-]S(=O)(=S)[O-],0.414973347970818,1.1113721132278442,-0.1256742924451828,1.1063532829284668
1766,P97207_wild,[C-]#N.[C-]#N.[C-]#N.[C-]#N.[C-]#N.[C-]#N.[Fe+3],0.5314789170422551,1.4818823337554932,-0.7281142473220825,1.5204291343688965
1767,Q59977_wild,C(C(=O)C(=O)O)C(=O)O,-0.9665762445130504,1.2118923664093018,-1.4106818437576294,2.3474791049957275
1768,Q59977_wild,CC(=O)SCCNC(=O)CCNC(=O)C(C(C)(C)COP(=O)(O)OP(=O)(O)OCC1C(C(C(O1)N2C=NC3=C(N=CN=C32)N)O)OP(=O)(O)O)O,-0.6575773191777937,0.9471849203109741,-1.2470654249191284,2.027334213256836
1769,Q9P8D6_wild,CC(=O)SCCNC(=O)CCNC(=O)C(C(C)(C)COP(=O)(O)OP(=O)(O)OCC1C(C(C(O1)N2C=NC3=C(N=CN=C32)N)O)OP(=O)(O)O)O,-1.853871964321762,1.7086632251739502,-1.9163473844528198,2.5099329948425293
1770,Q9P8D6_wild,C(C(=O)C(=O)O)C(=O)O,-2.154901959985743,1.6163227558135986,-2.0437376499176025,2.637681007385254
1771,D4GS06_wild,C(C(=O)C(=O)O)C(=O)O,-1.5686362358410126,1.2028570175170898,-1.3711546659469604,2.9706826210021973
1772,Q6JGI2_wild,C(C(=O)C(=O)O)C(=O)O,-2.0915149811213505,1.5510196685791016,-1.6470094919204712,2.4012951850891113
1773,Q6JGI2_wild,CC(=O)SCCNC(=O)CCNC(=O)C(C(C)(C)COP(=O)(O)OP(=O)(O)OCC1C(C(C(O1)N2C=NC3=C(N=CN=C32)N)O)OP(=O)(O)O)O,-1.85078088734462,1.1705348491668701,-1.5513616800308228,1.9977996349334717
1774,D4GS06_wild,CC(=O)SCCNC(=O)CCNC(=O)C(C(C)(C)COP(=O)(O)OP(=O)(O)OCC1C(C(C(O1)N2C=NC3=C(N=CN=C32)N)O)OP(=O)(O)O)O,-0.9100948885606021,0.8331380486488342,-1.267198920249939,2.330836772918701
1775,P20115_wild,CC(=O)SCCNC(=O)CCNC(=O)C(C(C)(C)COP(=O)(O)OP(=O)(O)OCC1C(C(C(O1)N2C=NC3=C(N=CN=C32)N)O)OP(=O)(O)O)O,1.8549130223078556,1.6148017644882202,-1.689865231513977,2.4683585166931152
1776,P20115_wild,C(C(=O)C(=O)O)C(=O)O,1.955687750313506,1.8148703575134277,-2.077401876449585,2.529160737991333
1777,M4QLE7_wild,C(C(=O)C(=O)O)C(=O)O,-0.6575773191777937,1.7943075895309448,-1.693597435951233,2.5892601013183594
1778,Q9Y871_wild,COC1=C(C=CC(=C1)C=CC(=O)OCC2C(C(C(O2)O)O)O)O,-1.1249387366083,1.2006912231445312,-0.6926312446594238,2.5859780311584473
1779,D0E8I5_H80A,C(C(O)P(=O)(O)O)N,-0.22184874961635637,0.25964340567588806,0.007649902254343033,1.0405210256576538
1780,D0E8I5_Y24E,C(C(O)P(=O)(O)O)N,-1.6575773191777938,0.45690885186195374,-0.03278130665421486,1.3025414943695068
1781,D0E8I5_H62A,C(C(O)P(=O)(O)O)N,-0.3979400086720376,0.41708195209503174,-0.005029197782278061,1.216281533241272
1782,D0E8I5_wild,C(C(O)P(=O)(O)O)N,-1.769551078621726,0.4933658838272095,-0.040316659957170486,1.3028019666671753
1783,D0E8I5_Y24F,C(C(O)P(=O)(O)O)N,-1.585026652029182,0.49406498670578003,-0.04863690212368965,1.3065952062606812
1784,D0E8I5_E27A,C(C(O)P(=O)(O)O)N,0.04139268515822508,0.30613332986831665,0.00927361473441124,1.0909429788589478
1785,Q33CE0_wild,C1=NC(=C2C(=N1)N(C=N2)C3C(C(C(O3)COP(=O)(O)OP(=O)(O)OP(=O)(O)O)O)O)N,-2.154901959985743,-1.3258399963378906,-1.3543471097946167,0.5309084057807922
1786,Q33CE0_wild,CC(=CCOP(=O)(O)OP(=O)(O)O)C,-1.6840296545430822,-1.875471591949463,-2.009793519973755,0.3506544530391693
1787,Q33CE0_wild,C1=NC(=C2C(=N1)N(C=N2)C3C(C(C(O3)COP(=O)(O)O)O)O)N,-0.3829996588791011,-1.1931867599487305,-1.5322391986846924,0.6676332354545593
1788,Q33CE0_wild,C1=NC(=C2C(=N1)N(C=N2)C3C(C(C(O3)COP(=O)(O)OP(=O)(O)O)O)O)N,-1.832682665251824,-1.359292984008789,-1.4705051183700562,0.6779881715774536
1789,Q33CD8_wild,C1=NC(=C2C(=N1)N(C=N2)C3C(C(C(O3)COP(=O)(O)O)O)O)N,-0.8326826652518239,-1.5048952102661133,-1.5463143587112427,0.47480490803718567
1790,Q33CD8_wild,C1=NC(=C2C(=N1)N(C=N2)C3C(C(C(O3)COP(=O)(O)OP(=O)(O)OP(=O)(O)O)O)O)N,-2.2924298239020637,-1.6073153018951416,-1.5292953252792358,0.4078637659549713
1791,Q33CD8_wild,CC(=CCOP(=O)(O)OP(=O)(O)O)C,-2.0604807473813813,-2.0440213680267334,-2.220762252807617,0.22586026787757874
1792,Q33CD8_wild,C1=NC(=C2C(=N1)N(C=N2)C3C(C(C(O3)COP(=O)(O)OP(=O)(O)O)O)O)N,-1.5257837359237447,-1.6302058696746826,-1.598685622215271,0.5258621573448181
1793,Q92947_V400M,CC(C)(COP(=O)(O)OP(=O)(O)OCC1C(C(C(O1)N2C=NC3=C(N=CN=C32)N)O)OP(=O)(O)O)C(C(=O)NCCC(=O)NCCSC(=O)CCCC(=O)O)O,-1.6989700043360187,0.6920288801193237,-1.7081996202468872,2.187626600265503
1794,Q92947_wild,CC(C)(COP(=O)(O)OP(=O)(O)OCC1C(C(C(O1)N2C=NC3=C(N=CN=C32)N)O)OP(=O)(O)O)C(C(=O)NCCC(=O)NCCSC(=O)CCCC(=O)O)O,-2.5850266520291822,0.6921597719192505,-1.701590895652771,2.18497371673584
1795,Q92947_R227P,CC(C)(COP(=O)(O)OP(=O)(O)OCC1C(C(C(O1)N2C=NC3=C(N=CN=C32)N)O)OP(=O)(O)O)C(C(=O)NCCC(=O)NCCSC(=O)CCCC(=O)O)O,-1.486782399932061,0.7017111778259277,-1.6911834478378296,2.1914424896240234
1796,Q42605_wild,C1=CN(C(=O)NC1=O)C2C(C(C(O2)COP(=O)(O)OP(=O)(O)OC3C(C(C(C(O3)CO)O)O)O)O)O,-1.0604807473813815,0.5452434420585632,-0.8460908532142639,1.6049752235412598
1797,Q8LDN8_wild,C1=CN(C(=O)NC1=O)C2C(C(C(O2)COP(=O)(O)OP(=O)(O)OC3C(C(C(C(O3)CO)O)O)O)O)O,-1.1674910872937636,0.6218171119689941,-0.8961233496665955,1.7108628749847412
1798,C8VAU8_L320Y,C1=CN(C(=O)NC1=O)C2C(C(C(O2)COP(=O)(O)OP(=O)(O)OC3C(C(C(C(O3)CO)O)O)O)O)O,-1.2218487496163564,0.6301706433296204,-1.0474003553390503,1.5954959392547607
1799,P32962_wild,C1=CC=C(C=C1)CC#N,0.0,-0.4337559938430786,-0.08266089856624603,0.37290772795677185
1800,A3QYW3_wild,C1=CC=C(C=C1)CCC#N,-0.6382721639824072,-0.8265494704246521,-0.6630098223686218,0.33873409032821655
1801,A3QYW3_wild,CCCCCCC#N,-0.45593195564972444,-0.815292477607727,-0.7496301531791687,1.0244389772415161
1802,A3QYW3_wild,C1=CC=C(C=C1)CCCC#N,-0.46852108295774486,-0.8274474143981934,-0.8054423332214355,0.5046175718307495
1803,A3QYW3_wild,C1=CC=C2C(=C1)C(=CN2)CC#N,0.32633586092875144,-0.3261324167251587,-0.14863906800746918,0.2218538373708725
1804,A3QYW3_wild,C=CCC#N,0.3961993470957364,-0.11371564865112305,-0.2031407505273819,0.2610134184360504
1805,S5M6X9_wild,C(C#N)NCC#N,1.6351820486562676,-0.585472583770752,0.2642197608947754,-0.2911830544471741
1806,A0A140D8I8_wild,C(CC#N)C#N,1.7737864449811935,-1.1518328189849854,-0.3181959092617035,-0.27915504574775696
1807,Q6KC22_wild,CC(C)(COP(=O)(O)OP(=O)(O)OCC1C(C(C(O1)N2C=NC3=C(N=CN=C32)N)O)OP(=O)(O)O)C(C(=O)NCCC(=O)NCCSC(=O)CCN)O,-0.6777807052660807,0.5487943887710571,-0.8602693676948547,1.011913776397705
1808,Q6KC22_wild,CC(C)(COP(=O)(O)OP(=O)(O)OCC1C(C(C(O1)N2C=NC3=C(N=CN=C32)N)O)OP(=O)(O)O)C(C(=O)NCCC(=O)NCCSC(=O)C=C)O,-1.6382721639824072,0.5669420957565308,-1.094163179397583,1.1072266101837158
1809,Q6KC22_wild,N,1.845098040014257,0.9346203804016113,1.9864810705184937,0.17026455700397491
1810,A9Y5J0_wild,CC(=O)NC1C(C(C(OC1O)OS(=O)(=O)O)O)OC2C(C(C(C(O2)C(=O)O)O)O)O,-0.7772835288524168,1.4612183570861816,-1.098527431488037,1.8981237411499023
1811,Q5HEB7_wild,C1=NC(=C2C(=N1)N(C=N2)C3C(C(C(O3)COP(=O)(O)OP(=O)(O)OP(=O)(O)O)O)O)N,-1.2218487496163564,0.32800036668777466,-0.6844279766082764,1.3240594863891602
1812,O76083_wild,C1C2C(C(C(O2)N3C=NC4=C3N=C(NC4=O)N)O)OP(=O)(O1)O,-3.9469215565165805,0.035391222685575485,-2.5736405849456787,1.727056860923767
1813,Q5NTH0_wild,C1=CC(=C(C=C1C2=[O+]C3=CC(=CC(=C3C=C2OC4C(C(C(C(O4)CO)O)O)O)O)O)O)O,-0.6757175447023074,-0.3710780739784241,-1.2248961925506592,1.6614271402359009
1814,Q5NTH0_wild,C1=CN(C(=O)NC1=O)C2C(C(C(O2)COP(=O)(O)OP(=O)(O)OC3C(C(C(C(O3)C(=O)O)O)O)O)O)O,-0.3223930472795068,-0.04565180465579033,-0.9603695273399353,1.3382312059402466
1815,B0VHH0_E143Q,CC(=O)SCCNC(=O)CCNC(=O)C(C(C)(C)COP(=O)(O)OP(=O)(O)OCC1C(C(C(O1)N2C=NC3=C(N=CN=C32)N)O)OP(=O)(O)O)O,-1.9208187539523751,0.17847254872322083,-0.8389530777931213,1.5167577266693115
1816,B0VHH0_S82G,CC(=O)SCCNC(=O)CCNC(=O)C(C(C)(C)COP(=O)(O)OP(=O)(O)OCC1C(C(C(O1)N2C=NC3=C(N=CN=C32)N)O)OP(=O)(O)O)O,-1.337242168318426,0.176394522190094,-0.8519886136054993,1.4924213886260986
1817,B0VHH0_E143G,CC(=O)SCCNC(=O)CCNC(=O)C(C(C)(C)COP(=O)(O)OP(=O)(O)OCC1C(C(C(O1)N2C=NC3=C(N=CN=C32)N)O)OP(=O)(O)O)O,-1.619788758288394,0.05008477345108986,-0.7854187488555908,1.3697717189788818
1818,B0VHH0_wild,CC(CC(=O)CC(=O)[O-])[NH3+],-0.6819366650372385,0.08672668039798737,-0.31669968366622925,0.5396682024002075
1819,B0VHH0_E143Q,CC(CC(=O)CC(=O)[O-])[NH3+],-0.3545777306509081,0.005361627787351608,-0.2470114827156067,0.427627831697464
1820,B0VHH0_S82G,CC(CC(=O)CC(=O)[O-])[NH3+],0.07224989761351483,0.022293295711278915,-0.24202999472618103,0.4395292103290558
1821,B0VHH0_E143G,CC(CC(=O)CC(=O)[O-])[NH3+],-0.03574036980315106,-0.10794125497341156,-0.19887371361255646,0.32461896538734436
1822,P9WIQ3_wild,[C-]#N.[C-]#N.[C-]#N.[C-]#N.[C-]#N.[C-]#N.[Fe+3],-0.7958800173440752,1.2351205348968506,-0.7222243547439575,1.7295560836791992
1823,P9WIQ3_wild,C1C=CN(C=C1C(=O)N)C2C(C(C(O2)COP(=O)(O)OP(=O)(O)OCC3C(C(C(O3)N4C=NC5=C(N=CN=C54)N)O)O)O)O,-1.2924298239020637,0.9655889272689819,-0.9991108775138855,2.1239664554595947
1824,P9WIQ3_wild,C1C=CN(C=C1C(=O)N)C2C(C(C(O2)COP(=O)(O)OP(=O)(O)OCC3C(C(C(O3)N4C=NC5=C(N=CN=C54)N)OP(=O)(O)O)O)O)O,-2.3872161432802645,0.892619252204895,-1.4279412031173706,2.3548221588134766
1825,Q6S996_wild,C1C2C(C(C(O2)N3C=NC4=C(N=CN=C43)N)O)OP(=O)(O1)O,-3.0043648054024503,0.01742168888449669,-2.3116824626922607,1.4787684679031372
1826,Q6S997_wild,C1C2C(C(C(O2)N3C=NC4=C(N=CN=C43)N)O)OP(=O)(O1)O,-2.156144577376839,-0.047672439366579056,-2.1752707958221436,1.4152240753173828
1827,Q49UB9_wild,C1C2C(C(C(O2)N3C=NC4=C(N=CN=C43)N)O)OP(=O)(O1)O,-1.9507819773298185,0.1465330719947815,-2.167884111404419,1.485715627670288
1828,P27815_wild,C1C2C(C(C(O2)N3C=NC4=C(N=CN=C43)N)O)OP(=O)(O1)O,-2.431798275933005,0.24738627672195435,-2.2988154888153076,1.8546524047851562
1829,Q08499_wild,C1C2C(C(C(O2)N3C=NC4=C(N=CN=C43)N)O)OP(=O)(O1)O,-2.8239087409443187,0.13566093146800995,-2.537344455718994,1.6868476867675781
1830,Q08499_wild,C1C2C(C(C(O2)N3C=NC4=C3N=C(NC4=O)N)O)OP(=O)(O1)O,-0.3695721249749761,0.05510256811976433,-2.146987199783325,1.3902380466461182
1831,Q07343_wild,C1C2C(C(C(O2)N3C=NC4=C(N=CN=C43)N)O)OP(=O)(O1)O,-2.3665315444204134,0.46213382482528687,-2.557553768157959,2.1053664684295654
1832,Q86H13_wild,C1C2C(C(C(O2)N3C=NC4=C(N=CN=C43)N)O)OP(=O)(O1)O,-2.0177287669604316,-1.0499091148376465,-2.695131778717041,0.5813230872154236
1833,P14646_wild,C1C2C(C(C(O2)N3C=NC4=C(N=CN=C43)N)O)OP(=O)(O1)O,-2.6020599913279625,0.45329755544662476,-2.548333168029785,2.0998592376708984
1834,O89084_wild,C1C2C(C(C(O2)N3C=NC4=C(N=CN=C43)N)O)OP(=O)(O1)O,-2.036212172654445,0.3422061800956726,-2.220118284225464,1.9975754022598267
1835,Q9QXI7_wild,C1C2C(C(C(O2)N3C=NC4=C(N=CN=C43)N)O)OP(=O)(O1)O,-2.154901959985743,0.49792373180389404,-2.5882017612457275,2.210897207260132
1836,Q9GQU6_wild,C1C2C(C(C(O2)N3C=NC4=C(N=CN=C43)N)O)OP(=O)(O1)O,-2.619788758288394,0.13084007799625397,-2.215308427810669,1.474182367324829
1837,Q6XG56_wild,C1C2C(C(C(O2)N3C=NC4=C(N=CN=C43)N)O)OP(=O)(O1)O,-2.136677139879544,0.1415328085422516,-2.1992337703704834,1.519455909729004
1838,Q8W3L1_wild,C1C=CN(C=C1C(=O)N)C2C(C(C(O2)COP(=O)(O)OP(=O)(O)OCC3C(C(C(O3)N4C=NC5=C(N=CN=C54)N)O)O)O)O,0.0,1.4639685153961182,-1.2294765710830688,2.1747145652770996
1839,Q8W3L1_wild,C1C=CN(C=C1C(=O)N)C2C(C(C(O2)COP(=O)(O)OP(=O)(O)OCC3C(C(C(O3)N4C=NC5=C(N=CN=C54)N)OP(=O)(O)O)O)O)O,-2.619788758288394,1.296392560005188,-1.651948094367981,2.4000747203826904
1840,Q9XF81_wild,CC(=O)C=O,0.07918124604762482,0.2558947801589966,-0.20912423729896545,0.6441922187805176
1841,Q9XF81_wild,C(C(C=O)O)O,0.04139268515822508,0.36183780431747437,0.2812555432319641,0.3514491021633148
1842,D0UD39_wild,C(C(C(=O)O)N)O,-0.5850266520291821,-0.6045652627944946,0.06213913485407829,0.25072816014289856
1843,Q9FZ80_wild,C1=CC=C(C=C1)CC(=NO)SC2C(C(C(C(O2)CO)O)O)O,-1.0,-1.1539279222488403,-1.7415249347686768,0.5585666298866272
1844,Q9FZ80_wild,C1=NC(=C2C(=N1)N(C=N2)C3C(C(C(O3)COP(=O)(O)OS(=O)(=O)O)OP(=O)(O)O)O)N,-0.6020599913279624,-1.5202383995056152,-2.4559271335601807,0.9358551502227783
1845,Q9C9C9_wild,C1=CC=C(C=C1)CC(=NO)SC2C(C(C(C(O2)CO)O)O)O,-1.3010299956639813,-1.1175923347473145,-1.6133593320846558,0.3416502773761749
1846,Q9C9C9_wild,C1=NC(=C2C(=N1)N(C=N2)C3C(C(C(O3)COP(=O)(O)OS(=O)(=O)O)OP(=O)(O)O)O)N,-1.2218487496163564,-1.5168399810791016,-2.3170650005340576,0.7542308568954468
1847,Q9F1Y6_wild,CC(=CCCC(=C(C)COP(=O)(O)OP(=O)(O)O)C)C,-1.585026652029182,-2.404374837875366,-2.2256081104278564,-0.10527881979942322
1848,Q9F1Y6_wild,CC(=CCCC(=CCOP(=O)(O)OP(=O)(O)O)C)C,-2.552841968657781,-2.283017158508301,-1.976785659790039,-0.19751563668251038
1849,Q2U4P3_wild,C(C(C(=O)O)N)S,-0.045757490560675115,0.9311524629592896,0.023576881736516953,2.890979766845703
1850,Q2U4P3_wild,C(CC(=O)NC(CS)C(=O)NCC(=O)O)C(C(=O)O)N,0.568201724066995,1.5339547395706177,0.1136273443698883,3.0011520385742188
1851,Q2U4P3_wild,C(CS)O,0.8976270912904415,1.2701071500778198,0.09637187421321869,2.3188960552215576
1852,Q2U4P3_wild,C(C(C(CS)O)O)S,0.6901960800285136,1.1689358949661255,-0.12313935160636902,2.9989192485809326
1853,Q93XP7_wild,C1=CN(C(=O)NC1=O)C2C(C(C(O2)COP(=O)(O)OP(=O)(O)OC3C(C(C(C(O3)CO)O)O)O)O)O,-0.958607314841775,-0.22139467298984528,-0.707335352897644,1.270963191986084
1854,Q93XP7_wild,CC(=CCNC1=NC=NC2=C1NC=N2)CO,-1.337242168318426,-0.7470378279685974,-1.3240878582000732,0.5555177330970764
1855,Q7XU03_wild,CC(=CCNC1=NC=NC2=C1NC=N2)CO,-0.4814860601221125,-0.6438313126564026,-1.3679606914520264,0.5512044429779053
1856,Q7XU02_wild,CC(=CCNC1=NC=NC2=C1NC=N2)CO,-0.906578314837765,-0.5214182734489441,-1.3043123483657837,0.570070207118988
1857,Q0JB48_wild,CC(=CCNC1=NC=NC2=C1NC=N2)CO,-0.707743928643524,-0.5997110605239868,-1.610817313194275,0.8149200677871704
1858,Q9C5X8_wild,C(C(C(=O)O)N)S,-1.3010299956639813,-0.15440095961093903,-0.9019850492477417,0.5657749176025391
1859,Q9C5X8_wild,C(C(C(=O)O)N)[Se],-0.6989700043360187,0.18327696621418,-0.6924607753753662,0.3888622224330902
1860,P9WG45_E221K/D225K/E228K/R236E/H244A,C1=NC(=C2C(=N1)N(C=N2)C3C(C(C(O3)COP(=O)(O)OP(=O)(O)OP(=O)(O)O)O)O)N,-0.15490195998574322,-0.15402966737747192,-0.6576852202415466,0.9344145059585571
1861,Q9NTI2_wild,C1=NC(=C2C(=N1)N(C=N2)C3C(C(C(O3)COP(=O)(O)OP(=O)(O)OP(=O)(O)O)O)O)N,-0.1524273408578878,1.0332820415496826,-0.48129263520240784,2.0168709754943848
1862,C7EXK4_wild,C1=NC(=C2C(=N1)N(C=N2)C3C(C(C(O3)COP(=O)(O)OP(=O)(O)OP(=O)(O)O)O)O)N,-0.43062609038495414,0.9958571195602417,-0.4844174385070801,2.0949556827545166
1863,C7EXK4_I115A,C1=NC(=C2C(=N1)N(C=N2)C3C(C(C(O3)COP(=O)(O)OP(=O)(O)OP(=O)(O)O)O)O)N,-0.42481215507233894,0.9969879388809204,-0.48323869705200195,2.1003262996673584
1864,Q6Q4F3_D133T,C(C(C(=O)O)N)C(=O)N,-1.4202164033831899,1.1062989234924316,0.10412263870239258,1.2245904207229614
1865,Q6Q4F3_D133I,C(C(C(=O)O)N)C(=O)N,-1.0132282657337552,1.0665403604507446,0.1066947877407074,1.232361078262329
1866,Q6Q4F3_wild,C(C(C(=O)O)N)C(=O)N,-1.2365720064370627,1.064736008644104,0.11155569553375244,1.1812301874160767
1867,Q6Q4F3_wild,C(CC(=O)N)C(C(=O)O)N,0.8260748027008264,0.5564459562301636,0.15992911159992218,0.45271414518356323
1868,Q6Q4F3_wild,C(CC(=O)O)C(=O)N,1.2741578492636798,0.8002796173095703,0.5062705278396606,0.5636375546455383
1869,Q6Q4F3_D133V,C(C(C(=O)O)N)C(=O)N,-0.8153085691824012,1.0828185081481934,0.10472683608531952,1.232660174369812
1870,Q6Q4F3_D133V,CC(=O)NC(CC(=O)N)C(=O)O,-0.2240256688706309,1.2343716621398926,-0.04154539480805397,0.8434031009674072
1871,Q6Q4F3_D133T,C(CC(=O)N)C(C(=O)O)N,0.0034605321095064895,0.5953563451766968,0.14719003438949585,0.49358314275741577
1872,Q6Q4F3_D133I,C(CC(=O)N)C(C(=O)O)N,0.04099769242349056,0.5607050657272339,0.15555419027805328,0.4883057773113251
1873,Q6Q4F3_D133V,C(CC(=O)N)C(C(=O)O)N,0.3008127941181169,0.5814212560653687,0.14687994122505188,0.4954133927822113
1874,Q6Q4F3_D133L,C(CC(=O)N)C(C(=O)O)N,0.22453306260608574,0.5852845311164856,0.14895698428153992,0.4899381697177887
1875,Q6Q4F3_D133L,CC(=O)NC(CC(=O)N)C(=O)O,0.25236751445989886,1.2373486757278442,-0.036370594054460526,0.8361467719078064
1876,Q6Q4F3_D133I,CC(=O)NC(CC(=O)N)C(=O)O,0.7491950422196723,1.2231683731079102,-0.03553973510861397,0.8389209508895874
1877,Q6Q4F3_D133T,CC(=O)NC(CC(=O)N)C(=O)O,0.32139127831168907,1.2607231140136719,-0.02282789722084999,0.8253299593925476
1878,P00805_wild,C(C(C(=O)O)N)C(=O)N,-1.8239087409443187,1.241962194442749,0.23632380366325378,1.667785882949829
1879,P00805_wild,C(CC(=O)N)C(C(=O)O)N,0.5440680443502757,0.7238530516624451,0.29217633605003357,1.011925220489502
1880,Q66CJ2_wild,C(C(C(=O)O)N)C(=O)N,-1.769551078621726,1.2436590194702148,0.28242072463035583,1.8207294940948486
1881,P50286_S121P,C(CC(=O)N)C(C(=O)O)N,-0.494850021680094,0.4086560904979706,0.2583806812763214,0.7422381639480591
1882,P50286_S121P,C(C(C(=O)O)N)C(=O)N,-1.6270879970298935,0.9103657007217407,0.18355050683021545,1.524256944656372
1883,P50286_wild,C(CC(=O)N)C(C(=O)O)N,-0.42021640338318983,0.3356584906578064,0.3083333671092987,0.6243005990982056
1884,P50286_wild,C(C(C(=O)O)N)C(=O)N,-1.6635402661514704,0.8274242877960205,0.23134028911590576,1.4081076383590698
1885,Q6Q4F3_D133L,C(C(C(=O)O)N)C(=O)N,-0.7958800173440752,1.0850183963775635,0.10553491115570068,1.2282233238220215
1886,C0KWF5_wild,C(C(C(=O)O)N)C(=O)N,-0.5228787452803376,1.2218003273010254,0.237028568983078,1.6520068645477295
1887,Q31PS1_wild,CCCCCCCCC=CCCCCCCCC(=O)O,-2.0,0.0014721415936946869,-1.909752607345581,1.7485244274139404
1888,Q9LLY2_wild,C(C1C(C(C(C(O1)OC2C(OC(C(C2O)O)O)CO)O)O)O)O,0.23044892137827394,1.1510674953460693,0.7448378801345825,0.8792005777359009
1889,A1IHL0_wild,C(C1C(C(C(C(O1)OC2C(OC(C(C2O)O)OC3C(OC(C(C3O)O)OC4C(OC(C(C4O)O)O)CO)CO)CO)O)O)O)O,0.11394335230683679,0.7660179138183594,0.24143612384796143,0.9873088598251343
1890,A1IHL0_wild,C1=CC(=CC=C1[N+](=O)[O-])OC2C(C(C(C(O2)CO)O)O)O,-0.6777807052660807,1.1948812007904053,0.18006208539009094,0.9098665714263916
1891,A1IHL0_wild,C(C1C(C(C(C(O1)OC2C(OC(C(C2O)O)OC3C(OC(C(C3O)O)O)CO)CO)O)O)O)O,-0.3979400086720376,0.8329139351844788,0.38835757970809937,0.9115422964096069
1892,A1IHL0_wild,C(C1C(C(C(C(O1)OC2(C(C(C(O2)CO)O)O)CO)O)O)O)O,0.38021124171160603,1.3594815731048584,0.7808679938316345,1.0273665189743042
1893,A1IHL0_wild,C(C1C(C(C(C(O1)OC(C=O)C(C(C(CO)O)O)O)O)O)O)O,0.9395192526186185,1.03525972366333,0.8643404841423035,0.6652489900588989
1894,Q43763_wild,C(C1C(C(C(C(O1)OC2C(OC(C(C2O)O)O)CO)O)O)O)O,0.3424226808222063,1.1020698547363281,0.7661811709403992,0.6960130333900452
1895,J9SJ08_wild,C1=CC(=CC=C1[N+](=O)[O-])OC2C(C(C(C(O2)CO)O)O)O,0.6232492903979004,1.3239238262176514,0.2103535532951355,0.936212420463562
1896,J9SJ08_wild,C(C1C(C(C(C(O1)OC2C(OC(C(C2O)O)OC3C(OC(C(C3O)O)OC4C(OC(C(C4O)O)O)CO)CO)CO)O)O)O)O,1.3979400086720377,0.9613509178161621,0.35913121700286865,0.9355255961418152
1897,J9SJ08_wild,C(C1C(C(C(C(O1)OCC2C(C(C(C(O2)O)O)O)O)O)O)O)O,1.3483048630481607,1.3040181398391724,0.9488954544067383,0.666256308555603
1898,Q831B2_R21G,C1C=CN(C=C1C(=O)N)C2C(C(C(O2)COP(=O)(O)OP(=O)(O)OCC3C(C(C(O3)N4C=NC5=C(N=CN=C54)N)O)O)O)O,-0.42021640338318983,1.6654376983642578,-0.7779725193977356,2.4399633407592773
1899,Q831B2_W62A,C1C=CN(C=C1C(=O)N)C2C(C(C(O2)COP(=O)(O)OP(=O)(O)OCC3C(C(C(O3)N4C=NC5=C(N=CN=C54)N)O)O)O)O,-2.5228787452803374,1.657622218132019,-0.8127304315567017,2.3845739364624023
1900,Q831B2_wild,CC1=CC2=C(C=C1C)N(C3=NC(=O)NC(=O)C3=N2)CC(C(C(COP(=O)(O)O)O)O)O,-2.5228787452803374,1.1090493202209473,-1.7584733963012695,2.134514808654785
1901,Q831B2_E16G,C1C=CN(C=C1C(=O)N)C2C(C(C(O2)COP(=O)(O)OP(=O)(O)OCC3C(C(C(O3)N4C=NC5=C(N=CN=C54)N)O)O)O)O,-0.6020599913279624,1.6669830083847046,-0.7809295058250427,2.4271137714385986
1902,Q831B2_N121A,CN(C)C1=CC=C(C=C1)N=NC2=CC=CC=C2C(=O)O,-2.0861861476162833,1.467958688735962,-1.4445711374282837,2.454271078109741
1903,Q831B2_wild,CN(C)C1=CC=C(C=C1)N=NC2=CC=CC=C2C(=O)O,-1.958607314841775,1.4699188470840454,-1.4591150283813477,2.488197088241577
1904,Q831B2_R66A,CN(C)C1=CC=C(C=C1)N=NC2=CC=CC=C2C(=O)O,-3.275724130399211,1.475430965423584,-1.4821560382843018,2.5411839485168457
1905,Q831B2_N106A,CN(C)C1=CC=C(C=C1)N=NC2=CC=CC=C2C(=O)O,-1.9507819773298185,1.3117649555206299,-1.4732239246368408,2.332573413848877
1906,Q831B2_V122Y,C1C=CN(C=C1C(=O)N)C2C(C(C(O2)COP(=O)(O)OP(=O)(O)OCC3C(C(C(O3)N4C=NC5=C(N=CN=C54)N)O)O)O)O,-0.3925449767853315,1.5976816415786743,-0.8064709305763245,2.400773525238037
1907,Q831B2_V122Y,CN(C)C1=CC=C(C=C1)N=NC2=CC=CC=C2C(=O)O,-0.9625735020593763,1.4455440044403076,-1.4538054466247559,2.4521801471710205
1908,Q831B2_R21G,CN(C)C1=CC=C(C=C1)N=NC2=CC=CC=C2C(=O)O,-1.899629454882437,1.494591474533081,-1.4539958238601685,2.5509724617004395
1909,Q831B2_A123F,C1C=CN(C=C1C(=O)N)C2C(C(C(O2)COP(=O)(O)OP(=O)(O)OCC3C(C(C(O3)N4C=NC5=C(N=CN=C54)N)O)O)O)O,-0.38615817812403647,1.6159822940826416,-0.8200039863586426,2.4476733207702637
1910,Q831B2_W62A,CN(C)C1=CC=C(C=C1)N=NC2=CC=CC=C2C(=O)O,-1.4749551929631548,1.4801124334335327,-1.4647058248519897,2.464909553527832
1911,Q831B2_R18G,CN(C)C1=CC=C(C=C1)N=NC2=CC=CC=C2C(=O)O,-1.7772835288524167,1.4740983247756958,-1.461288332939148,2.5110321044921875
1912,Q831B2_R66A,C1C=CN(C=C1C(=O)N)C2C(C(C(O2)COP(=O)(O)OP(=O)(O)OCC3C(C(C(O3)N4C=NC5=C(N=CN=C54)N)O)O)O)O,-0.23582386760974405,1.6505742073059082,-0.8198052048683167,2.4609456062316895
1913,Q831B2_N121A,C1C=CN(C=C1C(=O)N)C2C(C(C(O2)COP(=O)(O)OP(=O)(O)OCC3C(C(C(O3)N4C=NC5=C(N=CN=C54)N)O)O)O)O,-0.5346171485515817,1.6394426822662354,-0.7900543808937073,2.3994078636169434
1914,Q831B2_L59G,CN(C)C1=CC=C(C=C1)N=NC2=CC=CC=C2C(=O)O,-1.5406075122407692,1.4498257637023926,-1.4603971242904663,2.4535202980041504
1915,Q831B2_N106A,C1C=CN(C=C1C(=O)N)C2C(C(C(O2)COP(=O)(O)OP(=O)(O)OCC3C(C(C(O3)N4C=NC5=C(N=CN=C54)N)O)O)O)O,-0.10072681268239624,1.4498059749603271,-0.8253741264343262,2.2248330116271973
1916,Q831B2_A123F,CN(C)C1=CC=C(C=C1)N=NC2=CC=CC=C2C(=O)O,-1.3142582613977363,1.4626517295837402,-1.4888360500335693,2.5088207721710205
1917,Q831B2_R18G,C1C=CN(C=C1C(=O)N)C2C(C(C(O2)COP(=O)(O)OP(=O)(O)OCC3C(C(C(O3)N4C=NC5=C(N=CN=C54)N)O)O)O)O,-0.204815410317576,1.6499074697494507,-0.7783204317092896,2.4123330116271973
1918,Q831B2_L59G,C1C=CN(C=C1C(=O)N)C2C(C(C(O2)COP(=O)(O)OP(=O)(O)OCC3C(C(C(O3)N4C=NC5=C(N=CN=C54)N)O)O)O)O,0.3613500243522664,1.611882209777832,-0.8033361434936523,2.3541789054870605
1919,Q07841_wild,C(C(=O)C(=O)O)C(=O)O,-0.045757490560675115,1.657645344734192,-0.5363390445709229,2.4451770782470703
1920,P0A8G6_wild,C1C=CN(C=C1C(=O)N)C2C(C(C(O2)COP(=O)(O)OP(=O)(O)OCC3C(C(C(O3)N4C=NC5=C(N=CN=C54)N)O)O)O)O,-1.853871964321762,1.7185382843017578,-0.6467468738555908,2.9024343490600586
1921,P0A8G6_wild,C1=CC(=O)C=CC1=O,-2.2365720064370627,2.3892323970794678,-0.5010437369346619,3.0857181549072266
1922,P58795_wild,C1=CC(=O)C=CC1=O,-1.431798275933005,2.199847459793091,-0.49372899532318115,2.9588520526885986
1923,P58795_wild,C1C=CN(C=C1C(=O)N)C2C(C(C(O2)COP(=O)(O)OP(=O)(O)OCC3C(C(C(O3)N4C=NC5=C(N=CN=C54)N)OP(=O)(O)O)O)O)O,-1.5086383061657274,1.3964879512786865,-0.8145954012870789,2.915687084197998
1924,P58795_wild,C1C=CN(C=C1C(=O)N)C2C(C(C(O2)COP(=O)(O)OP(=O)(O)OCC3C(C(C(O3)N4C=NC5=C(N=CN=C54)N)O)O)O)O,-1.7212463990471711,1.4959983825683594,-0.5435394048690796,2.73929500579834
1925,Q5EI63_wild,CC1=CC(=O)C2=CC=CC=C2C1=O,-2.473660722610156,2.3584349155426025,-1.3357595205307007,3.40004301071167
1926,Q9Y763_wild,CC1=CC(=O)C2=CC=CC=C2C1=O,-1.494850021680094,2.339125871658325,-1.2373446226119995,3.4918439388275146
1927,Q9Y763_wild,C1C=CN(C=C1C(=O)N)C2C(C(C(O2)COP(=O)(O)OP(=O)(O)OCC3C(C(C(O3)N4C=NC5=C(N=CN=C54)N)O)O)O)O,-1.2596373105057561,1.9767415523529053,-0.7493775486946106,3.0718069076538086
1928,Q9Y763_wild,COC1=CC(=O)C=CC1=O,-2.619788758288394,2.413450241088867,-0.5367918014526367,3.3379907608032227
1929,Q9Y763_wild,C1C=CN(C=C1C(=O)N)C2C(C(C(O2)COP(=O)(O)OP(=O)(O)OCC3C(C(C(O3)N4C=NC5=C(N=CN=C54)N)OP(=O)(O)O)O)O)O,-1.3187587626244128,1.9482524394989014,-0.9383678436279297,3.28450870513916
1930,Q9Y763_wild,COC1=CC(=O)C=C(C1=O)OC,-2.1307682802690238,2.0861501693725586,-0.46825987100601196,3.2242090702056885
1931,Q9Y763_wild,C1=CC(=O)C=CC1=NC2=CC(=C(C(=C2)Cl)O)Cl,-1.978810700930062,1.8011133670806885,-1.038083553314209,2.6378915309906006
1932,Q9Y763_wild,CC(C)(C)C1=CC(=O)C(=CC1=O)C(C)(C)C,-1.6819366650372385,2.091803789138794,-0.9854927062988281,3.122804641723633
1933,Q6Y656_wild,C1=NC2=C(N1C3C(C(C(O3)COP(=O)(O)OP(=O)(O)OP(=O)(O)OP(=O)(O)O)O)O)N=C(NC2=O)N,-1.9208187539523751,-0.16679070889949799,-1.1756430864334106,1.2610619068145752
1934,Q7Z032_wild,[O-]P(=O)([O-])OP(=O)([O-])OP(=O)([O-])[O-].[Na+].[Na+].[Na+].[Na+].[Na+],-1.5654310959658013,0.8528861999511719,-0.7913534045219421,1.963799238204956
1935,Q986N2_wild,CC(=O)C(COP(=O)(O)O)O,-1.8239087409443187,0.36431580781936646,-0.4987008571624756,0.9245271682739258
1936,Q986N2_wild,C(C(C(C(CO)O)O)O)NC1=C(C(=O)NC(=O)N1)N,-2.6020599913279625,0.03005136176943779,-1.3175899982452393,1.4085990190505981
1937,P00947_D38E,CC12CCC3C(C1CCC2=O)CC=C4C3(CCC(=O)C4)C,-1.2006594505464183,1.4820470809936523,-0.9907333254814148,2.5418665409088135
1938,P00947_F116W,CC12CCC3C(C1CCC2=O)CC=C4C3(CCC(=O)C4)C,-1.3133637307377066,1.6237621307373047,-1.0479923486709595,2.7410082817077637
1939,P00947_wild,CC12CCC3C(C1CCC2=O)CC=C4C3(CCC(=O)C4)C,-0.8239087409443188,1.5909050703048706,-1.0265389680862427,2.7105517387390137
1940,P73922_wild,C(C(C(C(C(C(=O)COP(=O)(O)O)O)O)O)O)OP(=O)(O)O,-0.619788758288394,0.9217826128005981,-0.4073357880115509,1.0722321271896362
1941,Q76GS2_wild,C1C=CN(C=C1C(=O)N)C2C(C(C(O2)COP(=O)(O)OP(=O)(O)OCC3C(C(C(O3)N4C=NC5=C(N=CN=C54)N)O)O)O)O,-0.6989700043360187,1.0549776554107666,-0.9417773485183716,2.1328017711639404
1942,Q76GS2_A43V/D124E,C1C=CN(C=C1C(=O)N)C2C(C(C(O2)COP(=O)(O)OP(=O)(O)OCC3C(C(C(O3)N4C=NC5=C(N=CN=C54)N)O)O)O)O,-1.3979400086720375,1.0476930141448975,-0.9421594142913818,2.129887104034424
1943,P0A392_wild,C1C=CN(C=C1C(=O)N)C2C(C(C(O2)COP(=O)(O)OP(=O)(O)OCC3C(C(C(O3)N4C=NC5=C(N=CN=C54)N)O)O)O)O,-0.7695510786217261,0.8957822322845459,-0.8160400390625,1.8686741590499878
1944,P0A392_T45M/E116V,CCCC(=O)C(=O)[O-],-0.38721614328026455,0.3088604807853699,0.562862753868103,0.624123215675354
1945,P0A392_T45M,CCC(=O)C(=O)[O-],0.23044892137827394,0.16370227932929993,0.4798869490623474,0.5147275924682617
1946,P0A392_T45M/E116V,C1C=CN(C=C1C(=O)N)C2C(C(C(O2)COP(=O)(O)OP(=O)(O)OCC3C(C(C(O3)N4C=NC5=C(N=CN=C54)N)O)O)O)O,-1.0457574905606752,0.8823369145393372,-0.8262183666229248,1.8881593942642212
1947,P0A392_T45M,C1C=CN(C=C1C(=O)N)C2C(C(C(O2)COP(=O)(O)OP(=O)(O)OCC3C(C(C(O3)N4C=NC5=C(N=CN=C54)N)O)O)O)O,-0.6575773191777937,0.927825927734375,-0.8279293775558472,1.8999310731887817
1948,P0A392_wild,CCCC(=O)C(=O)[O-],0.15533603746506186,0.32494205236434937,0.572868824005127,0.5950164794921875
1949,P0A392_T45M,CC(C)(C)C(=O)C(=O)[O-],0.06069784035361165,-0.00996394082903862,-0.0022040195763111115,0.4770669937133789
1950,P0A392_T45M/E116V,CC(C)CC(=O)C(=O)O,-0.050609993355087264,0.26500213146209717,0.15263164043426514,0.7549477815628052
1951,P0A392_wild,CC(C)CC(=O)C(=O)O,0.14921911265537988,0.24882668256759644,0.15792801976203918,0.7303004264831543
1952,P0A392_E116V,CC(C)CC(=O)C(=O)O,-0.42021640338318983,0.22153228521347046,0.1636815071105957,0.7234387993812561
1953,P0A392_E116V,CC(C)C(=O)C(=O)O,-0.1366771398795441,0.3933470845222473,0.23932531476020813,0.5711016058921814
1954,P0A392_E116V,C1=CC=C(C=C1)C(=O)C(=O)[O-],-0.12493873660829995,0.2686023712158203,-0.4016825258731842,0.5473423004150391
1955,P0A392_T45M,CCCC(=O)C(=O)[O-],0.29885307640970665,0.34822678565979004,0.5627579689025879,0.6224125623703003
1956,P0A392_T45M,C1=CC=C(C=C1)C(=O)C(=O)[O-],0.29885307640970665,0.318139910697937,-0.3944298326969147,0.5808683037757874
1957,P0A392_T45M/E116V,CC(C)C(=O)C(=O)O,-0.03151705144606486,0.4209795594215393,0.2176813781261444,0.5990342497825623
1958,P0A392_T45M/E116V,C1=CC=C(C=C1)C(=O)C(=O)[O-],0.04921802267018156,0.29922011494636536,-0.42063868045806885,0.58034348487854
1959,P0A392_T45M,CC(C)CC(=O)C(=O)O,0.23552844690754893,0.2875811457633972,0.1513897180557251,0.7597748041152954
1960,P0A392_E116V,CC(C)(C)C(=O)C(=O)[O-],0.23299611039215384,-0.09690184146165848,-0.007065389305353165,0.4259266257286072
1961,P0A392_E116V,CCCC(=O)C(=O)[O-],0.05690485133647256,0.2846110165119171,0.5756754875183105,0.592116117477417
1962,P0A392_wild,CCC(=O)C(=O)[O-],0.2764618041732441,0.13191945850849152,0.49770215153694153,0.4774022102355957
1963,P0A392_wild,CC(C)C(=O)C(=O)O,0.3926969532596657,0.42012959718704224,0.24141639471054077,0.5774276852607727
1964,P0A392_T45M/E116V,CCC(=O)C(=O)[O-],0.42324587393680785,0.13200487196445465,0.4794851839542389,0.5236413478851318
1965,P0A392_T45M/E116V,CC(C)(C)C(=O)C(=O)[O-],0.42324587393680785,-0.05727936327457428,-0.021441902965307236,0.45639485120773315
1966,P0A392_T45M,CC(C)C(=O)C(=O)O,0.40483371661993806,0.4407261312007904,0.22545649111270905,0.6015816330909729
1967,P0A392_E116V,CCC(=O)C(=O)[O-],-0.15181088300860132,0.09356558322906494,0.49763956665992737,0.48435890674591064
1968,P0A392_wild,C1=CC=C(C=C1)C(=O)C(=O)[O-],0.9722028383790644,0.29170534014701843,-0.37583795189857483,0.5545042753219604
1969,P0A392_E116V,C1C=CN(C=C1C(=O)N)C2C(C(C(O2)COP(=O)(O)OP(=O)(O)OCC3C(C(C(O3)N4C=NC5=C(N=CN=C54)N)O)O)O)O,-1.154901959985743,0.8458808660507202,-0.8130526542663574,1.8506512641906738
1970,Q731C9_wild,C1C=CN(C=C1C(=O)N)C2C(C(C(O2)COP(=O)(O)OP(=O)(O)OCC3C(C(C(O3)N4C=NC5=C(N=CN=C54)N)O)O)O)O,-0.8210230527068305,0.9061999320983887,-0.7894684076309204,1.892857551574707
1971,A0A068FCF1_E116V,C1C=CN(C=C1C(=O)N)C2C(C(C(O2)COP(=O)(O)OP(=O)(O)OCC3C(C(C(O3)N4C=NC5=C(N=CN=C54)N)O)O)O)O,-0.6020599913279624,0.9526169300079346,-0.7967112064361572,1.9520773887634277
1972,A0A068FCF1_wild,C1C=CN(C=C1C(=O)N)C2C(C(C(O2)COP(=O)(O)OP(=O)(O)OCC3C(C(C(O3)N4C=NC5=C(N=CN=C54)N)O)O)O)O,-0.5528419686577808,1.0025155544281006,-0.797924280166626,1.9739487171173096
1973,A0A068FCF1_D126E,C1C=CN(C=C1C(=O)N)C2C(C(C(O2)COP(=O)(O)OP(=O)(O)OCC3C(C(C(O3)N4C=NC5=C(N=CN=C54)N)O)O)O)O,-0.5686362358410126,0.9932570457458496,-0.7916200160980225,1.9638750553131104
1974,A0A068FCF1_E24A/D126E,C1C=CN(C=C1C(=O)N)C2C(C(C(O2)COP(=O)(O)OP(=O)(O)OCC3C(C(C(O3)N4C=NC5=C(N=CN=C54)N)O)O)O)O,-0.8124792791635369,1.0248000621795654,-0.799943208694458,2.011876106262207
1975,A0A068FCF1_E24V/E116V,CC(C)(C)C(=O)C(=O)[O-],0.8976270912904415,0.07738839089870453,-0.027244914323091507,0.579714834690094
1976,A0A068FCF1_E116V,CC(C)(C)C(=O)C(=O)[O-],1.0293837776852097,0.03643430396914482,-0.010570328682661057,0.5316532850265503
1977,A0A068FCF1_E24A/D126E,CC(C)(C)C(=O)C(=O)[O-],1.24551266781415,0.12642571330070496,0.01154930517077446,0.5820748805999756
1978,A0A068FCF1_D126E,CC(C)(C)C(=O)C(=O)[O-],1.3654879848908996,0.0821785032749176,0.019037704914808273,0.5418045520782471
1979,A0A068FCF1_wild,CC(C)(C)C(=O)C(=O)[O-],1.783903579272735,0.09466543793678284,0.010854173451662064,0.5530267953872681
1980,A0A385GJJ6_wild,C(CC(C(=O)O)N)CN=C(N)N,-0.0757207139381183,1.2882786989212036,0.2289232462644577,1.1869112253189087
1981,A0A385GJJ6_wild,CC(C)CC(C(=O)O)N,-0.4814860601221125,1.2326512336730957,0.1272086501121521,1.437406063079834
1982,A0A385GJJ6_wild,CSCCC(C(=O)O)N,-0.12493873660829995,1.3548743724822998,0.27460846304893494,1.2994471788406372
1983,A0A385GJJ6_wild,C1=CC(=CC=C1CC(C(=O)O)N)O,-0.3187587626244128,1.4357712268829346,-0.09254896640777588,1.5365746021270752
1984,A0A385GJJ6_wild,C1CC(NC1)C(=O)O,-0.1938200260161128,1.674800157546997,0.656343936920166,0.8540586829185486
1985,B1YLR3_wild,CC(C)CC(C(=O)O)N,-0.05551732784983137,-0.07110530138015747,-0.1734369546175003,0.9121083617210388
1986,B1YLR3_wild,C1=CC(=C[N+](=C1)C2C(C(C(O2)COP(=O)([O-])OP(=O)(O)OCC3C(C(C(O3)N4C=NC5=C(N=CN=C54)N)O)O)O)O)C(=O)N,0.1643528557844371,0.7804803848266602,-0.35552218556404114,1.4468858242034912
1987,B1YLR3_wild,CC(C)(C)C(=O)C(=O)[O-],0.7752462597402364,0.22113674879074097,-0.06988239288330078,0.5671504735946655
1988,B1YLR3_wild,C1C=CN(C=C1C(=O)N)C2C(C(C(O2)COP(=O)(O)OP(=O)(O)OCC3C(C(C(O3)N4C=NC5=C(N=CN=C54)N)O)O)O)O,-0.204815410317576,1.0172357559204102,-0.8361847400665283,2.032374858856201
1989,A0A068FCF1_E24V/E116V,C1C=CN(C=C1C(=O)N)C2C(C(C(O2)COP(=O)(O)OP(=O)(O)OCC3C(C(C(O3)N4C=NC5=C(N=CN=C54)N)O)O)O)O,-1.0,0.9825506210327148,-0.8124096989631653,1.9991183280944824
1990,Q29467_wild,C1(C(C(C(C(C1OP(=O)(O)O)OP(=O)(O)O)OP(=O)(O)O)O)OP(=O)(O)O)O,-2.5228787452803374,0.605497419834137,-1.7228537797927856,1.8067904710769653
1991,Q29467_wild,C1(C(C(C(C(C1OP(=O)(O)O)O)OP(=O)(O)O)OP(=O)(O)O)O)O,-1.5528419686577808,0.6774557828903198,-1.4200388193130493,1.6346365213394165
1992,Q9SBQ8_wild,C1=CC(=C(C=C1C2=C(C(=O)C3=C(C=C(C=C3O2)O)O)O)O)O,-3.0177287669604316,0.46169233322143555,-1.3475208282470703,2.221590757369995
1993,Q9SBQ8_wild,C1=CN(C(=O)NC1=O)C2C(C(C(O2)COP(=O)(O)OP(=O)(O)O)O)O,-1.1804560644581312,0.34769678115844727,-0.29314330220222473,1.16741943359375
1994,Q9SBQ8_wild,C1=CC(=C(C=C1C2=C(C(=O)C3=C(C=C(C=C3O2)O)O)OC4C(C(C(C(O4)CO)O)O)O)O)O,-2.576754126063192,0.17328006029129028,-1.180443286895752,2.028810977935791
1995,Q9SBQ8_wild,C1=CN(C(=O)NC1=O)C2C(C(C(O2)COP(=O)(O)OP(=O)(O)OC3C(C(C(C(O3)CO)O)O)O)O)O,-0.41228903498108865,0.3778684735298157,-0.2413754016160965,1.1464554071426392
1996,Q9SBQ8_wild,C1=CC(=CC=C1C2=C(C(=O)C3=C(C=C(C=C3O2)O)O)OC4C(C(C(C(O4)CO)O)O)O)O,-2.0721165896692932,0.254676878452301,-1.2442682981491089,2.0840065479278564
1997,Q02218_wild,C(CC(=O)O)C(=O)C(=O)O,0.19589965240923374,0.3379439115524292,-1.5062693357467651,1.2491604089736938
1998,Q59224_V144D,C1=CC=C(C=C1)CC(C(=O)O)N,-1.2218487496163564,0.533502459526062,-0.3247585594654083,0.8895255327224731
1999,Q59224_V144L,C1=CC=C(C=C1)CC(C(=O)O)N,-1.3979400086720375,0.5500486493110657,-0.3376521170139313,0.9342086315155029
2000,Q59224_V144N,C1=CC=C(C=C1)CC(C(=O)O)N,-0.721246399047171,0.5539970397949219,-0.3244151175022125,0.8969833850860596
2001,Q59224_wild,C1=CC=C(C=C1)CC(C(=O)O)N,-1.0969100130080565,0.5346940755844116,-0.3400762677192688,0.9284130334854126
2002,Q59224_V144N,C1=CC(=CC=C1CC(C(=O)O)N)O,0.6720978579357175,0.36966776847839355,-0.3055483400821686,0.8632695078849792
2003,Q59224_V144L,C1=CC(=CC=C1CC(C(=O)O)N)O,1.0755469613925308,0.3677859902381897,-0.3207244277000427,0.9010056853294373
2004,Q59224_V144D,C1=CC(=CC=C1CC(C(=O)O)N)O,1.4313637641589874,0.34815508127212524,-0.2982983887195587,0.8531547784805298
2005,D9IWR7_wild,CC1=C(C2=CC3=C(C(=C([N-]3)C=C4C(=C(C(=N4)C=C5C(=C(C(=N5)C=C1[N-]2)C)C=C)C)C=C)C)CCC(=O)O)CCC(=O)O.[Fe+2],-2.6270879970298933,-0.5298881530761719,-2.8616034984588623,1.2310420274734497
2006,Q84B24_wild,C1=NC2=C(N1C3C(C(C(O3)COP(=O)(O)OP(=O)(O)OC4C(C(C(C(O4)CO)O)O)O)O)O)N=C(NC2=O)N,-0.4814860601221125,0.353305459022522,-0.930192768573761,1.1097252368927002
2007,Q84B24_wild,C(C(C(=O)O)O)OP(=O)(O)O,-0.8860566476931633,0.5224394202232361,-0.7474265098571777,1.0909433364868164
2008,D4GS48_wild,C1=CC(=C[N+](=C1)C2C(C(C(O2)COP(=O)([O-])OP(=O)(O)OCC3C(C(C(O3)N4C=NC5=C(N=CN=C54)N)O)O)O)O)C(=O)N,-0.7447274948969352,0.20596861839294434,0.10233406722545624,1.403520941734314
2009,D4GS48_wild,C(C(C(C(C(C=O)O)O)O)O)OP(=O)(O)O,0.7323937598229685,0.22294780611991882,0.7765088081359863,1.1826374530792236
2010,D1JH91_wild,CC1C2C(N(CN2C3=C(N1)N=C(NC3=O)N)C4=CC=C(C=C4)CC(C(C(COC5C(C(C(O5)COP(=O)(O)OC(CCC(=O)O)C(=O)O)O)O)O)O)O)C,-1.8239087409443187,-0.05099456384778023,-1.5588608980178833,1.9573506116867065
2011,P94951_wild,CC(C(=O)NC(CCC(=O)NC(CCC(=O)O)C(=O)O)C(=O)O)OP(=O)(O)OCC(C(C(CN1C2=CC(=O)C=CC2=CC3=C1NC(=O)NC3=O)O)O)O,-1.5228787452803376,0.8787949085235596,-1.859986662864685,2.3489584922790527
2012,P94951_wild,CC1C2C(N(CN2C3=C(N1)N=C(NC3=O)N)C4=CC=C(C=C4)CC(C(C(COC5C(C(C(O5)COP(=O)(O)OC(CCC(=O)O)C(=O)O)O)O)O)O)O)C,-1.3979400086720375,0.45403191447257996,-1.676984190940857,2.174717426300049
2013,P00563_G73A,C1=NC(=C2C(=N1)N(C=N2)C3C(C(C(O3)COP(=O)(O)OP(=O)(O)OP(=O)(O)O)O)O)N,-0.16749108729376366,1.3994343280792236,-0.3748718202114105,1.7449456453323364
2014,P12277_wild,C1=NC(=C2C(=N1)N(C=N2)C3C(C(C(O3)COP(=O)(O)OP(=O)(O)OP(=O)(O)O)O)O)N,-0.2076083105017461,1.3483026027679443,-0.40167030692100525,1.6225543022155762
2015,P00563_L121D,C1=NC(=C2C(=N1)N(C=N2)C3C(C(C(O3)COP(=O)(O)OP(=O)(O)OP(=O)(O)O)O)O)N,-0.45593195564972444,1.443331241607666,-0.3690422475337982,1.7380925416946411
2016,P00563_A76G,C1=NC(=C2C(=N1)N(C=N2)C3C(C(C(O3)COP(=O)(O)OP(=O)(O)OP(=O)(O)O)O)O)N,-0.3372421683184259,1.4963593482971191,-0.4039200246334076,1.8284595012664795
2017,P00563_C74A,CN(CC(=O)O)C(=N)N,0.9395192526186185,1.8078665733337402,0.1681845635175705,0.8404538631439209
2018,P00563_A76G,CN(CC(=O)O)C(=N)N,0.9493900066449128,1.8065423965454102,0.1664721667766571,0.8099713325500488
2019,P00563_C74A,C1=NC(=C2C(=N1)N(C=N2)C3C(C(C(O3)COP(=O)(O)OP(=O)(O)OP(=O)(O)O)O)O)N,-0.36653154442041347,1.4992927312850952,-0.40661171078681946,1.8503003120422363
2020,P06732_H66R,C1=NC(=C2C(=N1)N(C=N2)C3C(C(C(O3)COP(=O)(O)OP(=O)(O)OP(=O)(O)O)O)O)N,0.14612803567823798,1.0844643115997314,-0.29076749086380005,1.3652366399765015
2021,P06732_wild,C1=NC(=C2C(=N1)N(C=N2)C3C(C(C(O3)COP(=O)(O)OP(=O)(O)OP(=O)(O)O)O)O)N,-0.6989700043360187,1.5616079568862915,-0.3937709629535675,1.8539999723434448
2022,P06732_D326A,C1=NC(=C2C(=N1)N(C=N2)C3C(C(C(O3)COP(=O)(O)OP(=O)(O)OP(=O)(O)O)O)O)N,0.5998830720736879,1.5583550930023193,-0.3983108103275299,1.8610155582427979
2023,P06732_D326E,C1=NC(=C2C(=N1)N(C=N2)C3C(C(C(O3)COP(=O)(O)OP(=O)(O)OP(=O)(O)O)O)O)N,0.05690485133647256,1.550438642501831,-0.3935423791408539,1.8437221050262451
2024,P06732_H66P,C1=NC(=C2C(=N1)N(C=N2)C3C(C(C(O3)COP(=O)(O)OP(=O)(O)OP(=O)(O)O)O)O)N,0.6972293427597176,1.0989395380020142,-0.2585408687591553,1.3623586893081665
2025,P06732_H66P/D326A,C1=NC(=C2C(=N1)N(C=N2)C3C(C(C(O3)COP(=O)(O)OP(=O)(O)OP(=O)(O)O)O)O)N,0.9523080096621251,1.0856748819351196,-0.2646884620189667,1.3613020181655884
2026,P06732_D326E,CN(CC(=O)O)C(=N)N,1.2851070295668119,1.8624019622802734,0.1610736846923828,0.8099725246429443
2027,P06732_wild,CN(CC(=O)O)C(=N)N,0.9614210940664483,1.8720645904541016,0.1555752456188202,0.8224977850914001
2028,P06732_H66R,CN(CC(=O)O)C(=N)N,1.3821972103774536,1.4382960796356201,0.30647048354148865,0.3249119818210602
2029,P06732_D326A,CN(CC(=O)O)C(=N)N,1.9024380561986645,1.8685145378112793,0.1465940922498703,0.82275390625
2030,P06732_H66P,CN(CC(=O)O)C(=N)N,1.9401178667477186,1.459919810295105,0.32206615805625916,0.3353360891342163
2031,P06732_H66P/D326A,CN(CC(=O)O)C(=N)N,2.194347807280093,1.4479238986968994,0.31146594882011414,0.3268852233886719
2032,P00563_wild,C1=NC(=C2C(=N1)N(C=N2)C3C(C(C(O3)COP(=O)(O)OP(=O)(O)OP(=O)(O)O)O)O)N,-0.3467874862246563,1.5007078647613525,-0.4088433086872101,1.825495719909668
2033,P00563_L115D,CN(CC(=O)O)C(=N)N,0.4913616938342727,1.6610119342803955,0.2353384792804718,0.6136718988418579
2034,P00563_L110D,C1=NC(=C2C(=N1)N(C=N2)C3C(C(C(O3)COP(=O)(O)OP(=O)(O)OP(=O)(O)O)O)O)N,-0.4814860601221125,1.4540798664093018,-0.3768159747123718,1.7671536207199097
2035,P00563_C74S,C1=NC(=C2C(=N1)N(C=N2)C3C(C(C(O3)COP(=O)(O)OP(=O)(O)OP(=O)(O)O)O)O)N,-0.3279021420642826,1.5479854345321655,-0.38667407631874084,1.8929412364959717
2036,P00563_L110D,CN(CC(=O)O)C(=N)N,0.4471580313422192,1.759570598602295,0.20084495842456818,0.7633819580078125
2037,P00563_C74M,C1=NC(=C2C(=N1)N(C=N2)C3C(C(C(O3)COP(=O)(O)OP(=O)(O)OP(=O)(O)O)O)O)N,-0.1804560644581313,1.4790284633636475,-0.39531004428863525,1.8208322525024414
2038,P00563_L115D,C1=NC(=C2C(=N1)N(C=N2)C3C(C(C(O3)COP(=O)(O)OP(=O)(O)OP(=O)(O)O)O)O)N,-0.5686362358410126,1.3626518249511719,-0.3440952003002167,1.6050920486450195
2039,P00563_wild,CN(CC(=O)O)C(=N)N,0.8750612633917001,1.809370517730713,0.16178028285503387,0.8098639249801636
2040,P00563_G73A,CN(CC(=O)O)C(=N)N,1.3979400086720377,1.7114800214767456,0.19773267209529877,0.7477614283561707
2041,P00563_V75A,C1=NC(=C2C(=N1)N(C=N2)C3C(C(C(O3)COP(=O)(O)OP(=O)(O)OP(=O)(O)O)O)O)N,-0.24412514432750865,1.4847447872161865,-0.4047815501689911,1.8256289958953857
2042,P00563_V72A,C1=NC(=C2C(=N1)N(C=N2)C3C(C(C(O3)COP(=O)(O)OP(=O)(O)OP(=O)(O)O)O)O)N,-0.2924298239020636,1.4688539505004883,-0.4043218791484833,1.8174500465393066
2043,P00563_L121D,CN(CC(=O)O)C(=N)N,0.5563025007672873,1.7440125942230225,0.20777389407157898,0.7396684885025024
2044,P00563_C74M,CN(CC(=O)O)C(=N)N,1.2624510897304295,1.8100883960723877,0.16992919147014618,0.816103994846344
2045,P00563_C74L,CN(CC(=O)O)C(=N)N,1.2695129442179163,1.8020460605621338,0.16505205631256104,0.8006073832511902
2046,P00563_V75A,CN(CC(=O)O)C(=N)N,1.1398790864012365,1.785876750946045,0.174212247133255,0.8116621971130371
2047,P00563_V72A,CN(CC(=O)O)C(=N)N,1.3304137733491908,1.7684814929962158,0.18052829802036285,0.8014248609542847
2048,P00563_C74L,C1=NC(=C2C(=N1)N(C=N2)C3C(C(C(O3)COP(=O)(O)OP(=O)(O)OP(=O)(O)O)O)O)N,-0.15490195998574322,1.4683411121368408,-0.39982277154922485,1.811787724494934
2049,P00563_C74S,CN(CC(=O)O)C(=N)N,0.9542425094393249,1.8378469944000244,0.18424755334854126,0.8911504149436951
2050,Q9JJS6_wild,CC1=C(C(CCC1)(C)C)C=CC(=CC=CC(=CC=CC=C(C)C=CC=C(C)C=CC2=C(CCCC2(C)C)C)C)C,-2.2218487496163566,-0.9469690918922424,-1.3648247718811035,0.1106695830821991
2051,Q9JJS6_E140A,CC1=C(C(CCC1)(C)C)C=CC(=CC=CC(=CC=CC=C(C)C=CC=C(C)C=CC2=C(CCCC2(C)C)C)C)C,-3.0457574905606752,-1.103058934211731,-1.3326448202133179,-0.031135737895965576
2052,Q9JJS6_E450A,CC1=C(C(CCC1)(C)C)C=CC(=CC=CC(=CC=CC=C(C)C=CC=C(C)C=CC2=C(CCCC2(C)C)C)C)C,-2.638272163982407,-0.9450494050979614,-1.3635467290878296,0.12164527177810669
2053,Q9JJS6_D52A,CC1=C(C(CCC1)(C)C)C=CC(=CC=CC(=CC=CC=C(C)C=CC=C(C)C=CC2=C(CCCC2(C)C)C)C)C,-2.3279021420642825,-0.9922986030578613,-1.3461471796035767,0.05643990635871887
2054,Q9JJS6_H58A,CC1=C(C(CCC1)(C)C)C=CC(=CC=CC(=CC=CC=C(C)C=CC=C(C)C=CC2=C(CCCC2(C)C)C)C)C,-2.5686362358410126,-0.9565242528915405,-1.3500641584396362,0.09884238243103027
2055,Q9HAY6_wild,CC1=C(C(CCC1)(C)C)C=CC(=CC=CC(=CC=CC=C(C)C=CC=C(C)C=CC2=C(CCCC2(C)C)C)C)C,-2.148741651280925,-0.9717697501182556,-1.3686833381652832,0.13824611902236938
2056,Q9HAY6_wild,CC1=C(C(CCC1)(C)C)C=CC(=CC=CC(=CC=CC=C(C)C=CC=C(C)C=CC2=C(CC(CC2(C)C)O)C)C)C,-1.5228787452803376,-0.993576169013977,-1.3144092559814453,0.18982172012329102
2057,Q9HAY6_T381L,CC1=C(C(CCC1)(C)C)C=CC(=CC=CC(=CC=CC=C(C)C=CC=C(C)C=CC2=C(CCCC2(C)C)C)C)C,-1.5528419686577808,-0.9675478935241699,-1.374639868736267,0.1476307213306427
2058,Q9HAY6_K108L,CC1=C(C(CCC1)(C)C)C=CC(=CC=CC(=CC=CC=C(C)C=CC=C(C)C=CC2=C(CCCC2(C)C)C)C)C,-1.0555173278498313,-0.9721131324768066,-1.372221827507019,0.1349363923072815
2059,Q9HAY6_K108F,CC1=C(C(CCC1)(C)C)C=CC(=CC=CC(=CC=CC=C(C)C=CC=C(C)C=CC2=C(CCCC2(C)C)C)C)C,-0.6675615400843947,-0.962783694267273,-1.3718940019607544,0.13535887002944946
2060,Q9JJS6_E314A,CC1=C(C(CCC1)(C)C)C=CC(=CC=CC(=CC=CC=C(C)C=CC=C(C)C=CC2=C(CCCC2(C)C)C)C)C,-2.4814860601221125,-0.9516206979751587,-1.3657065629959106,0.11193040013313293
2061,C1I202_wild,C1C=CN(C=C1C(=O)N)C2C(C(C(O2)COP(=O)(O)OP(=O)(O)OCC3C(C(C(O3)N4C=NC5=C(N=CN=C54)N)OP(=O)(O)O)O)O)O,-0.7423214251308154,1.7099660634994507,-0.9278695583343506,3.0303289890289307
2062,C1I202_wild,C1=CC(=O)C=CC1=O,-2.1739251972991736,2.5061213970184326,-0.6568520069122314,3.056034803390503
2063,Q93R93_wild,CC(=O)NC(CCCN)C(=O)O,-0.09691001300805639,0.732171893119812,-0.01140281930565834,0.8657971620559692
2064,Q93R93_wild,CC(=O)NC(CCCCN)C(=O)O,1.0,0.6374518871307373,0.10916727781295776,0.8244941234588623
2065,F5BFC8_wild,CC1CNC2=C(N1)C(=O)NC(=N2)N,-1.585026652029182,-1.0607625246047974,-0.9859938025474548,0.6896407604217529
2066,F5BFC8_wild,C1=CC=C(C=C1)CC(C(=O)O)N,0.04139268515822508,-0.8878666162490845,-0.68257075548172,0.0734981894493103
2067,Q1M0P5_wild,C(COC(=O)CCC(=O)O)C(C(=O)O)N,0.48000694295715063,0.4397028088569641,0.12666983902454376,0.5339364409446716
2068,P77555_D141E,C1=CC(=C[N+](=C1)C2C(C(C(O2)COP(=O)([O-])OP(=O)(O)OCC3C(C(C(O3)N4C=NC5=C(N=CN=C54)N)O)O)O)O)C(=O)N,-0.431798275933005,0.6134920120239258,-0.26660996675491333,1.2322766780853271
2069,P77555_D141N,C1=CC(=C[N+](=C1)C2C(C(C(O2)COP(=O)([O-])OP(=O)(O)OCC3C(C(C(O3)N4C=NC5=C(N=CN=C54)N)O)O)O)O)C(=O)N,-0.09151498112135029,0.6548493504524231,-0.27093562483787537,1.251767635345459
2070,P77555_wild,C1=CC(=C[N+](=C1)C2C(C(C(O2)COP(=O)([O-])OP(=O)(O)OCC3C(C(C(O3)N4C=NC5=C(N=CN=C54)N)O)O)O)O)C(=O)N,-0.25181197299379965,0.6301596164703369,-0.26693230867385864,1.2348991632461548
2071,P77555_H44A,C1=CC(=C[N+](=C1)C2C(C(C(O2)COP(=O)([O-])OP(=O)(O)OCC3C(C(C(O3)N4C=NC5=C(N=CN=C54)N)O)O)O)O)C(=O)N,-0.18708664335714442,0.08341321349143982,-0.06132901459932327,0.5860506296157837
2072,P77555_R259A,C1=CC(=C[N+](=C1)C2C(C(C(O2)COP(=O)([O-])OP(=O)(O)OCC3C(C(C(O3)N4C=NC5=C(N=CN=C54)N)O)O)O)O)C(=O)N,0.17318626841227405,0.6444624662399292,-0.24175138771533966,1.2229068279266357
2073,P77555_D141A,C1=CC(=C[N+](=C1)C2C(C(C(O2)COP(=O)([O-])OP(=O)(O)OCC3C(C(C(O3)N4C=NC5=C(N=CN=C54)N)O)O)O)O)C(=O)N,-0.28399665636520094,0.6234626770019531,-0.2838599979877472,1.2514886856079102
2074,P77555_M251A,C1=CC(=C[N+](=C1)C2C(C(C(O2)COP(=O)([O-])OP(=O)(O)OCC3C(C(C(O3)N4C=NC5=C(N=CN=C54)N)O)O)O)O)C(=O)N,-0.03151705144606486,0.63336580991745,-0.2682980000972748,1.2533648014068604
2075,P77555_wild,C(C(=O)O)(NC(=O)N)O,0.02530586526477026,0.231160968542099,0.04365239664912224,0.7992939949035645
2076,P77555_S140A,C1=CC(=C[N+](=C1)C2C(C(C(O2)COP(=O)([O-])OP(=O)(O)OCC3C(C(C(O3)N4C=NC5=C(N=CN=C54)N)O)O)O)O)C(=O)N,0.14301480025409505,0.6159300804138184,-0.2707443833351135,1.224790334701538
2077,P77555_S43A,C1=CC(=C[N+](=C1)C2C(C(C(O2)COP(=O)([O-])OP(=O)(O)OCC3C(C(C(O3)N4C=NC5=C(N=CN=C54)N)O)O)O)O)C(=O)N,0.35793484700045375,0.5659871697425842,-0.2643188238143921,1.1738982200622559
2078,P77555_Y52F,C1=CC(=C[N+](=C1)C2C(C(C(O2)COP(=O)([O-])OP(=O)(O)OCC3C(C(C(O3)N4C=NC5=C(N=CN=C54)N)O)O)O)O)C(=O)N,0.10037054511756291,0.6455138325691223,-0.2679985463619232,1.2292448282241821
2079,P77555_S43A,C(C(=O)O)(NC(=O)N)O,1.0314084642516241,0.17483754456043243,0.04483663663268089,0.7385969161987305
2080,P77555_M251A,C(C(=O)O)(NC(=O)N)O,1.1189257528257768,0.2335801124572754,0.05056687816977501,0.7915453910827637
2081,P77555_D141N,C(C(=O)O)(NC(=O)N)O,0.7664128471123994,0.254611998796463,0.03178645297884941,0.8180770874023438
2082,P77555_H44A,C(C(=O)O)(NC(=O)N)O,1.2289134059946882,-0.2541719973087311,0.22999519109725952,0.26276952028274536
2083,P77555_Y52F,C(C(=O)O)(NC(=O)N)O,1.2258259914618934,0.2358359396457672,0.04388914629817009,0.7879428863525391
2084,P77555_S140A,C(C(=O)O)(NC(=O)N)O,1.0927206446840991,0.219874769449234,0.038327183574438095,0.7898491621017456
2085,P77555_D141A,C(C(=O)O)(NC(=O)N)O,0.7218106152125384,0.23060694336891174,0.01038886234164238,0.8215404748916626
2086,P77555_D141E,C(C(=O)O)(NC(=O)N)O,1.1501421618485586,0.22041431069374084,0.04232127591967583,0.7946124076843262
2087,P77555_R259A,C(C(=O)O)(NC(=O)N)O,1.0595634179012676,0.24473786354064941,0.061861854046583176,0.8008771538734436
2088,Q8T9Z7_V66I,C1=NC2=C(C(=O)N1)N=CN2C3C(C(C(O3)CO)O)O,-1.7958800173440752,0.06734785437583923,-1.067586898803711,1.6292275190353394
2089,P81989_wild,[O-]P(=O)([O-])[O-],-0.8794260687941501,0.7286760807037354,-0.08865080773830414,1.2047350406646729
2090,P81989_wild,CN1C=[N+](C2=C1C(=O)NC(=N2)N)C3C(C(C(O3)CO)O)O,-1.578396073130169,0.4936220645904541,-1.3229860067367554,1.6880779266357422
2091,Q8T9Z7_V73I/Y160F,CSCC1C(C(C(O1)N2C=NC3=C2N=CNC3=O)O)O,-1.2218487496163564,-0.032024044543504715,-1.4350370168685913,1.5673059225082397
2092,Q8T9Z7_V66I,CSCC1C(C(C(O1)N2C=NC3=C2N=CNC3=O)O)O,-1.9208187539523751,-0.02285372093319893,-1.4451909065246582,1.5908379554748535
2093,Q8T9Z7_V66I/V73I,CSCC1C(C(C(O1)N2C=NC3=C2N=CNC3=O)O)O,-1.8239087409443187,-0.021946430206298828,-1.44357430934906,1.586710810661316
2094,Q8T9Z7_Y160F,C1=NC2=C(C(=O)N1)N=CN2C3C(C(C(O3)CO)O)O,-2.6020599913279625,0.04951951280236244,-1.0538086891174316,1.613415241241455
2095,Q8T9Z7_V73I/Y160F,C1=NC2=C(C(=O)N1)N=CN2C3C(C(C(O3)CO)O)O,-2.4436974992327127,0.05013521388173103,-1.0554922819137573,1.6101171970367432
2096,Q8T9Z7_V66I/Y160F/V73I,CSCC1C(C(C(O1)N2C=NC3=C2N=CNC3=O)O)O,-1.958607314841775,-0.024961885064840317,-1.43472158908844,1.573242425918579
2097,Q8T9Z7_V66I/Y160F,C1=NC2=C(C(=O)N1)N=CN2C3C(C(C(O3)CO)O)O,-2.207608310501746,0.06323647499084473,-1.0560046434402466,1.61664879322052
2098,Q8T9Z7_wild,C1C(C(OC1N2C=NC3=C2N=CNC3=O)CO)O,-1.0409586076789064,0.15580277144908905,-0.8366988897323608,1.316940426826477
2099,Q8T9Z7_Y160F,CSCC1C(C(C(O1)N2C=NC3=C2N=CNC3=O)O)O,-1.3565473235138126,-0.03697972744703293,-1.438245415687561,1.5682895183563232
2100,Q8T9Z7_wild,CSCC1C(C(C(O1)N2C=NC3=C2N=CNC3=O)O)O,-2.0555173278498313,-0.033429812639951706,-1.445910096168518,1.582575798034668
2101,Q8T9Z7_wild,CSCC1C(C(C(O1)N2C=NC3=C(N=CN=C32)N)O)O,-1.9746941347352298,-0.12776705622673035,-1.9879765510559082,1.9635838270187378
2102,Q2HXR2_wild,C1=NC2=C(C(=O)N1)N=CN2C3C(C(C(O3)CO)O)O,-1.8827287043442358,0.6012016534805298,-1.1073380708694458,1.693920612335205
2103,Q2HXR2_wild,C1C(C(OC1N2C=NC3=C2N=CNC3=O)CO)O,-0.5867002359187482,0.5751972198486328,-0.878944993019104,1.430127501487732
2104,Q2HXR2_wild,CSCC1C(C(C(O1)N2C=NC3=C(N=CN=C32)N)O)O,-1.4962093169428188,0.37110358476638794,-2.0825564861297607,2.0780961513519287
2105,Q13554_wild,C1=NC(=C2C(=N1)N(C=N2)C3C(C(C(O3)COP(=O)(O)OP(=O)(O)OP(=O)(O)O)O)O)N,-1.586700235918748,-0.07774913311004639,-1.0474623441696167,1.3877497911453247
2106,Q13557_wild,C1=NC(=C2C(=N1)N(C=N2)C3C(C(C(O3)COP(=O)(O)OP(=O)(O)OP(=O)(O)O)O)O)N,-2.1426675035687315,-0.379139244556427,-1.5044097900390625,1.4962739944458008
2107,Q9UQM7_wild,C1=NC(=C2C(=N1)N(C=N2)C3C(C(C(O3)COP(=O)(O)OP(=O)(O)OP(=O)(O)O)O)O)N,-2.1487416512809245,-0.5187196731567383,-1.3675309419631958,1.3410165309906006
2108,Q13555_wild,C1=NC(=C2C(=N1)N(C=N2)C3C(C(C(O3)COP(=O)(O)OP(=O)(O)OP(=O)(O)O)O)O)N,-1.8927900303521317,-0.3963278532028198,-1.269713044166565,1.482184886932373
2109,Q71EB8_wild,C1=CC(=CC=C1[N+](=O)[O-])OP(=O)(O)O,-0.958607314841775,0.7215722799301147,0.44081300497055054,1.2862457036972046
2110,Q71EB8_I78D,C1=CC(=CC=C1[N+](=O)[O-])OP(=O)(O)O,-0.3279021420642826,0.7711512446403503,0.3956200182437897,1.3218554258346558
2111,Q71EB8_I78H,C1=CC(=CC=C1[N+](=O)[O-])OP(=O)(O)O,-0.853871964321762,0.7292523980140686,0.38925692439079285,1.288259744644165
2112,Q9SFU3_wild,C1(C(C(C(C(C1OP(=O)([O-])[O-])OP(=O)([O-])[O-])OP(=O)([O-])[O-])OP(=O)([O-])[O-])OP(=O)([O-])[O-])OP(=O)([O-])[O-].[Na+].[Na+].[Na+].[Na+].[Na+].[Na+].[Na+].[Na+].[Na+].[Na+].[Na+].[Na+],-0.5559552040819238,2.03525710105896,-0.56935715675354,2.23593807220459
2113,Q9SFU3_wild,C1=CC(=CC=C1[N+](=O)[O-])OP(=O)(O)O,-0.15304467498017607,2.2517783641815186,-0.11306855082511902,2.0129690170288086
2114,Q71EB8_I78A,C1=CC(=CC=C1[N+](=O)[O-])OP(=O)(O)O,-0.494850021680094,0.7458318471908569,0.4258929491043091,1.2939445972442627
2115,P45314_wild,C1C(C(C(OC1(C(=O)O)O)C(C(COP(=O)(O)O)O)O)O)O,0.2041199826559248,0.05288739129900932,-0.42234158515930176,0.4325724244117737
2116,Q97ZS5_wild,C1=CN(C(=O)N=C1N)C2C(C(C(O2)CO)O)O,-0.013228265733799947,0.12235552072525024,-0.1373930275440216,1.0691834688186646
2117,Q97ZS5_wild,C1=CN(C(=O)NC1=O)C2C(C(C(O2)CO)O)O,-0.5086383061657274,0.6079226732254028,0.05503463372588158,1.2304325103759766
2118,Q9W197_wild,CN1C=[N+](C2=C1C(=O)NC(=N2)N)C3C(C(C(O3)COP(=O)(O)O)O)O,-1.8860566476931633,0.09779533743858337,-1.1884535551071167,1.4281275272369385
2119,Q9H0P0_wild,CN1C=[N+](C2=C1C(=O)NC(=N2)N)C3C(C(C(O3)COP(=O)(O)O)O)O,-2.1079053973095196,-0.29994070529937744,-1.0438398122787476,1.4390602111816406
2120,Q7VCL3_wild,C1=NC(=C2C(=N1)N(C=N2)C3C(C(C(O3)COP(=O)(O)OP(=O)(O)OC4C(C(C(C(O4)CO)O)O)O)O)O)N,-0.09151498112135029,0.06009514257311821,-0.32096096873283386,1.0932297706604004
2121,Q7VCL3_wild,C(C(C(=O)O)O)OP(=O)(O)O,0.48713837547718647,0.07718276977539062,-0.2152145504951477,0.5961899757385254
2122,B1XHT9_wild,C(C(C(=O)O)O)OP(=O)(O)O,-0.09151498112135029,0.04710270091891289,-0.4828719198703766,0.4081873595714569
2123,B1XHT9_wild,C1=NC(=C2C(=N1)N(C=N2)C3C(C(C(O3)COP(=O)(O)OP(=O)(O)OC4C(C(C(C(O4)CO)O)O)O)O)O)N,0.18752072083646304,-0.19058451056480408,-0.5042463541030884,0.8229007720947266
2124,Q12XX4_wild,C(C(C(=O)O)O)OP(=O)(O)O,0.2041199826559248,0.09971146285533905,-0.12360896170139313,0.775875449180603
2125,Q12XX4_wild,C1=NC2=C(N1C3C(C(C(O3)COP(=O)(O)OP(=O)(O)OC4C(C(C(C(O4)CO)O)O)O)O)O)N=C(NC2=O)N,0.568201724066995,-0.2567800283432007,-0.5847164392471313,1.1517744064331055
2126,P36649_wild,[Fe+2],-1.1549019599857433,0.06899553537368774,-2.430481195449829,1.567314863204956
2127,P36649_M358S/M361S/M362S/M364S/M366S,[Fe+2],-0.8696662315049939,0.1264202743768692,-2.3704745769500732,1.6263192892074585
2128,Q9X839_wild,CC(=CCCC(=CCCC(=CCOP(=O)(O)OP(=O)(O)O)C)C)C,-4.2076083105017466,-1.4034156799316406,-2.0057194232940674,0.9799590110778809
2129,Q82L49_wild,CC(=CCCC(=CCCC(=CCOP(=O)(O)OP(=O)(O)O)C)C)C,-4.1249387366083,-1.2811540365219116,-1.8421992063522339,0.9720450639724731
2130,Q4FP19_wild,CSCCC(=O)O,-1.3979400086720375,0.7905126810073853,-0.5246272087097168,1.8406106233596802
2131,Q4FP19_wild,CCCC(=O)[O-],-2.0,0.4811290502548218,0.21262381970882416,1.5332989692687988
2132,Q4FP19_wild,C=CC(=O)[O-],-0.3565473235138126,0.6430158019065857,0.4945944845676422,1.4108097553253174
2133,A7J2C6_wild,CC(=O)OC1=CC=C(C=C1)[N+](=O)[O-],-0.6382721639824072,1.0223498344421387,0.02001127228140831,2.0669384002685547
2134,Q6JE29_wild,CC1(C(N2C(S1(=O)=O)CC2=O)C(=O)O)C,0.11394335230683679,0.9717543125152588,-1.0163151025772095,1.634768009185791
2135,Q6JE29_wild,CC1(C(N2C(S1)C(C2=O)NC(=O)CC3=CC=CC=C3)C(=O)O)C,-1.8860566476931633,1.6136394739151,-1.290196180343628,1.996194839477539
2136,Q6JE29_wild,CC(=O)OCC1=C(N2C(C(C2=O)NC(=O)C(=NOC)C3=CSC(=N3)N)SC1)C(=O)O,-1.3098039199714864,0.80391925573349,-2.096601724624634,2.16154146194458
2137,Q6JE29_wild,CC1=NN=C(S1)SCC2=C(N3C(C(C3=O)NC(=O)CN4C=NN=N4)SC2)C(=O)O,-1.6020599913279623,1.0668535232543945,-1.5858482122421265,2.3783693313598633
2138,Q6JE29_wild,CC1C2C(C(=O)N2C(=C1SC3CC(NC3)C(=O)N(C)C)C(=O)O)C(C)O,-0.5528419686577808,0.9440367817878723,-2.020576238632202,1.9656929969787598
2139,Q6JE29_wild,CC1(C(N2C(S1)C(C2=O)NC(=O)C(C3=CC=CC=C3)C(=O)O)C(=O)O)C,-0.494850021680094,1.4149608612060547,-1.4151146411895752,1.9698066711425781
2140,Q6JE29_wild,CCN1CCN(C(=O)C1=O)C(=O)NC(C2=CC=CC=C2)C(=O)NC3C4N(C3=O)C(C(S4)(C)C)C(=O)O,-0.42596873227228116,1.2417129278182983,-1.673944354057312,2.2200846672058105
2141,Q6JE29_wild,CC(C1C2CC(=C(N2C1=O)C(=O)O)SCCN=CN)O,-0.5228787452803376,1.0025995969772339,-1.659148097038269,1.8495285511016846
2142,Q6JE29_wild,CC1(C(N2C(S1)C(C2=O)NC(=O)C(C3=CC=CC=C3)N)C(=O)O)C,-0.8239087409443188,1.4883062839508057,-1.1737130880355835,1.9530260562896729
2143,A8RR46_wild,CC(=O)OCC1=C(N2C(C(C2=O)NC(=O)CC3=CC=CS3)SC1)C(=O)O,-1.8239087409443187,1.2150382995605469,-0.7797461748123169,2.4140453338623047
2144,A8RR46_wild,C1C(=C(N2C(S1)C(C2=O)NC(=O)CC3=CC=CS3)C(=O)[O-])C[N+]4=CC=CC=C4,-1.3467874862246563,1.3483582735061646,-0.7045950889587402,2.5906949043273926
2145,A8RR46_wild,CC1(C(N2C(S1)C(C2=O)NC(=O)CC3=CC=CC=C3)C(=O)O)C,-1.9208187539523751,1.7313451766967773,-1.0114445686340332,2.8332934379577637
2146,A8RR46_wild,CCN1CCN(C(=O)C1=O)C(=O)NC(C2=CC=CC=C2)C(=O)NC3C4N(C3=O)C(C(S4)(C)C)C(=O)O,-1.677780705266081,1.009477972984314,-1.070310354232788,2.5465922355651855
2147,A8RR46_wild,CC(C1C2CC(=C(N2C1=O)C(=O)O)SCCN=CN)O,-1.4559319556497243,0.3151775598526001,-1.0569888353347778,1.476915717124939
2148,A8RR46_wild,CON=C(C1=CC=CO1)C(=O)NC2C3N(C2=O)C(=C(CS3)COC(=O)N)C(=O)O,-0.978810700930062,0.42006388306617737,-1.0566449165344238,1.9484562873840332
2149,A8RR46_wild,CON=C(C1=CSC(=N1)N)C(=O)NC2C3N(C2=O)C(=C(CS3)C[N+]4=CC=CC5=C4CCC5)C(=O)[O-],-0.8664610916297825,0.43679279088974,-1.09524405002594,2.1053550243377686
2150,A8RR46_wild,CN1C(=NC(=O)C(=O)N1)SCC2=C(N3C(C(C3=O)NC(=O)C(=NOC)C4=CSC(=N4)N)SC2)C(=O)O,-0.022276394711152257,0.8505911827087402,-1.1855865716934204,2.380624532699585
2151,A8RR46_wild,COC1(C2N(C1=O)C(=C(CS2)COC(=O)N)C(=O)O)NC(=O)CC3=CC=CS3,-5.0,0.3460869789123535,-1.0370522737503052,2.038344621658325
2152,A8RR46_wild,CC(=O)OCC1=C(N2C(C(C2=O)NC(=O)C(=NOC)C3=CSC(=N3)N)SC1)C(=O)O,-0.10237290870955856,0.8844250440597534,-0.8832811117172241,2.037790060043335
2153,Q8GD10_wild,CC1(C(N2C(S1)C(C2=O)NC(=O)CC3=CC=CC=C3)C(=O)O)C,-1.2218487496163564,2.420637845993042,-1.5153765678405762,2.9672672748565674
2154,Q01166_wild,CC(=O)OCC1=C(N2C(C(C2=O)NC(=O)CC3=CC=CS3)SC1)C(=O)O,-1.6961562251113456,2.030879020690918,-1.202807068824768,2.6325926780700684
2155,A5LH21_wild,C[N+]1(CCCC1)CC2=C(N3C(C(C3=O)NC(=O)C(=NOC)C4=CSC(=N4)N)SC2)C(=O)[O-],-0.2967086218813386,1.8100934028625488,-0.8804098963737488,2.395423412322998
2156,A5LH21_wild,CC(=O)OCC1=C(N2C(C(C2=O)NC(=O)C(=NOC)C3=CSC(=N3)N)SC1)C(=O)O,-0.9871627752948278,1.8671183586120605,-1.2062801122665405,2.6550989151000977
2157,A5LH21_wild,CC1(C(N2C(S1)C(C2=O)NC(=O)C(C3=CC=CC=C3)N)C(=O)O)C,-1.709965388637482,2.2428698539733887,-1.5073775053024292,2.931351661682129
2158,A5LH21_wild,C1C(=C(N2C(S1)C(C2=O)NC(=O)CC3=CC=CS3)C(=O)O)C=CC4=C(C=C(C=C4)[N+](=O)[O-])[N+](=O)[O-],-1.8297382846050425,2.3470184803009033,-1.1008573770523071,3.2956693172454834
2159,A5LH21_wild,CC(=O)OCC1=C(N2C(C(C2=O)NC(=O)CC3=CC=CS3)SC1)C(=O)O,-1.4213607900319276,2.4546515941619873,-0.7939451336860657,3.0174145698547363
2160,A8RR46_wild,CC1(C(N2C(S1)C(C2=O)NC(=O)C(C3=CC=C(C=C3)O)N)C(=O)O)C,-1.6575773191777938,1.4278676509857178,-0.9600691199302673,2.4681437015533447
2161,P9WKD3_wild,CC1C2C(C(=O)N2C(=C1SC3CC(NC3)C(=O)N(C)C)C(=O)O)C(C)O,-2.468521082957745,-0.15285541117191315,-1.0389877557754517,1.2852116823196411
2162,B8R6A5_wild,CC(C1C2CC(=C(N2C1=O)C(=O)O)SCCN=CN)O,-1.2218487496163564,0.5673328638076782,-1.207768440246582,1.2639086246490479
2163,B8R6A5_wild,CC1(C(N2C(S1)C(C2=O)NC(=O)C(C3=CSC=C3)C(=O)O)C(=O)O)C,-1.2218487496163564,1.3520228862762451,-1.53616464138031,2.16217041015625
2164,B8R6A5_wild,CC1(C(N2C(S1)C(C2=O)NC(=O)C(C3=CC=CC=C3)N)C(=O)O)C,-1.0,1.6714822053909302,-1.2528152465820312,2.2477574348449707
2165,B8R6A5_wild,CCN1CCN(C(=O)C1=O)C(=O)NC(C2=CC=CC=C2)C(=O)NC3C4N(C3=O)C(C(S4)(C)C)C(=O)O,-2.0,1.0991156101226807,-1.3820749521255493,2.2197680473327637
2166,B8R6A5_wild,CC1C2C(C(=O)N2C(=C1SC3CC(NC3)C(=O)N(C)C)C(=O)O)C(C)O,0.3979400086720376,0.3724808692932129,-1.3643971681594849,1.5264301300048828
2167,B8R6A5_wild,CC1C(C(=O)N1S(=O)(=O)O)NC(=O)C(=NOC(C)(C)C(=O)O)C2=CSC(=N2)N,0.3979400086720376,1.0655739307403564,-0.6732131838798523,1.7303658723831177
2168,B8R6A5_wild,CC(C)(C(=O)O)ON=C(C1=CSC(=N1)N)C(=O)NC2C3N(C2=O)C(=C(CS3)C[N+]4=CC=CC=C4)C(=O)[O-],0.47712125471966244,0.8037835955619812,-0.9018282294273376,1.6113388538360596
2169,B8R6A5_wild,CON=C(C1=CC=CO1)C(=O)NC2C3N(C2=O)C(=C(CS3)COC(=O)N)C(=O)O,-1.0969100130080565,0.7180680632591248,-1.4408369064331055,1.9403817653656006
2170,P9WKD3_wild,CC1C2C(C(=O)N2C(=C1SC3CC(NC3)C(=O)NC4=CC=CC(=C4)C(=O)O)C(=O)O)C(C)O,-3.6989700043360187,-0.2178782820701599,-1.2956256866455078,1.2137552499771118
2171,P9WKD3_wild,CC1C2C(C(=O)N2C(=C1SC3CC(NC3)CNS(=O)(=O)N)C(=O)O)C(C)O,-3.6989700043360187,-0.29748862981796265,-1.0252288579940796,1.0775713920593262
2172,P9WKD3_wild,CC1C2C(C(=O)N2C(=C1SC3CN(C3)C4=NCCS4)C(=O)O)C(C)O,-3.0969100130080562,0.07021331787109375,-1.1526793241500854,1.4536436796188354
2173,Q670S6_wild,CC1(C(N2C(S1)C(C2=O)NC(=O)CC3=CC=CC=C3)C(=O)O)C,-2.0969100130080562,2.1405422687530518,-1.5165263414382935,3.181976795196533
2174,Q670S6_wild,CC1C(C(=O)N1S(=O)(=O)O)NC(=O)C(=NOC(C)(C)C(=O)O)C2=CSC(=N2)N,-1.3979400086720375,1.3350658416748047,-0.9003757238388062,2.414289951324463
2175,Q670S6_wild,CC1(C(N2C(S1)C(C2=O)NC(=O)C(C3=CC=C(C=C3)O)N)C(=O)O)C,-1.6989700043360187,1.8575043678283691,-1.3970913887023926,2.777705669403076
2176,Q670S6_wild,CC(=O)OCC1=C(N2C(C(C2=O)NC(=O)CC3=CC=CS3)SC1)C(=O)O,-1.677780705266081,2.004995584487915,-0.8730146884918213,2.9814822673797607
2177,Q670S6_wild,CC1(C(N2C(S1)C(C2=O)NC(=O)C(C3=CSC=C3)C(=O)O)C(=O)O)C,-1.853871964321762,1.6094272136688232,-1.612012505531311,2.839040756225586
2178,Q670S6_wild,CC(=O)OCC1=C(N2C(C(C2=O)NC(=O)C(=NOC)C3=CSC(=N3)N)SC1)C(=O)O,-1.0655015487564323,1.4912065267562866,-1.1353081464767456,2.684596538543701
2179,Q670S6_wild,CCN1CCN(C(=O)C1=O)C(=O)NC(C2=CC=CC=C2)C(=O)NC3C4N(C3=O)C(C(S4)(C)C)C(=O)O,-2.154901959985743,1.4588196277618408,-1.409810185432434,2.9010634422302246
2180,Q670S6_wild,CON=C(C1=CC=CO1)C(=O)NC2C3N(C2=O)C(=C(CS3)COC(=O)N)C(=O)O,-1.619788758288394,1.1188182830810547,-1.4138143062591553,2.6459803581237793
2181,Q670S6_wild,CC(C)(C(=O)O)ON=C(C1=CSC(=N1)N)C(=O)NC2C3N(C2=O)C(=C(CS3)C[N+]4=CC=CC=C4)C(=O)[O-],-1.4559319556497243,1.2247225046157837,-0.7976250648498535,2.2099428176879883
2182,P00808_wild,CON=C(C1=CC=CO1)C(=O)NC2C3N(C2=O)C(=C(CS3)COC(=O)N)C(=O)O,-1.0705810742857071,0.6329134106636047,-1.3112515211105347,1.843947172164917
2183,P00808_wild,CC1(C(N2C(S1)C(C2=O)NC(=O)CC3=CC=CC=C3)C(=O)O)C,-1.3187587626244128,2.047913074493408,-1.2253986597061157,2.749133586883545
2184,Q6JE29_wild,C1C(=C(N2C(S1)C(C2=O)NC(=O)CC3=CC=CS3)C(=O)O)C=CC4=C(C=C(C=C4)[N+](=O)[O-])[N+](=O)[O-],-2.0969100130080562,1.0149708986282349,-2.021003484725952,2.587561845779419
2185,B8R6A5_wild,CC(=O)OCC1=C(N2C(C(C2=O)NC(=O)CC3=CC=CS3)SC1)C(=O)O,-1.0,1.5940903425216675,-1.154192566871643,2.3089072704315186
2186,A8RR46_wild,C[N+]1(CCCC1)CC2=C(N3C(C(C3=O)NC(=O)C(=NOC)C4=CSC(=N4)N)SC2)C(=O)[O-],0.0,0.8790766596794128,-0.800990104675293,1.8702964782714844
2187,B8R6A5_wild,C[N+]1(CCCC1)CC2=C(N3C(C(C3=O)NC(=O)C(=NOC)C4=CSC(=N4)N)SC2)C(=O)[O-],0.0,1.0818966627120972,-1.009419322013855,1.7159249782562256
2188,A8RR46_wild,CC(C)(C(=O)O)ON=C(C1=CSC(=N1)N)C(=O)NC2C3N(C2=O)C(=C(CS3)C[N+]4=CC=CC=C4)C(=O)[O-],0.0,0.5938233733177185,-0.7973014712333679,1.8669724464416504
2189,Q8GD10_wild,CON=C(C1=CC=CO1)C(=O)NC2C3N(C2=O)C(=C(CS3)COC(=O)N)C(=O)O,-0.5228787452803376,1.3012421131134033,-1.3889778852462769,2.3192803859710693
2190,Q8GD10_wild,CC(=O)OCC1=C(N2C(C(C2=O)NC(=O)CC3=CC=CS3)SC1)C(=O)O,-0.958607314841775,2.299039125442505,-0.8343020677566528,2.7783660888671875
2191,Q8GD10_wild,CC(C)(C(=O)O)ON=C(C1=CSC(=N1)N)C(=O)NC2C3N(C2=O)C(=C(CS3)C[N+]4=CC=CC=C4)C(=O)[O-],0.5185139398778875,1.3581595420837402,-0.7559297680854797,1.9525339603424072
2192,Q8GD10_wild,CC1C(C(=O)N1S(=O)(=O)O)NC(=O)C(=NOC(C)(C)C(=O)O)C2=CSC(=N2)N,-0.8860566476931633,1.566550850868225,-0.8331750631332397,2.150453567504883
2193,Q8GD10_wild,CC(=O)OCC1=C(N2C(C(C2=O)NC(=O)C(=NOC)C3=CSC(=N3)N)SC1)C(=O)O,-0.8239087409443188,1.7250107526779175,-1.030194878578186,2.4166088104248047
2194,B8R6A5_wild,CC(=O)OCC1=C(N2C(C(C2=O)NC(=O)C(=NOC)C3=CSC(=N3)N)SC1)C(=O)O,-0.8239087409443188,1.0697160959243774,-1.2493757009506226,1.9576740264892578
2195,Q8GD10_wild,CC1(C(N2C(S1)C(C2=O)NC(=O)C(C3=CC=CC=C3)N)C(=O)O)C,-1.619788758288394,2.183645486831665,-1.416568398475647,2.7536892890930176
2196,P36649_D439A,[Cu+2],-0.22914798835785574,0.9561212062835693,-2.4132120609283447,1.4708653688430786
2197,P36649_M441L,[Cu+2],-0.5686362358410126,0.9768249988555908,-2.4122257232666016,1.4693185091018677
2198,P36649_D360A,[Cu+2],0.2041199826559248,0.946068286895752,-2.415689706802368,1.4658368825912476
2199,P36649_wild,[Cu+2],-0.853871964321762,0.9597870111465454,-2.409985303878784,1.4676942825317383
2200,P36649_M358S/M361S/M362S/M368S/M376S,[Fe+2],-0.8696662315049939,0.09665524959564209,-2.3518545627593994,1.6112120151519775
2201,P36649_M355L,[Cu+2],1.9138138523837167,0.9677261114120483,-2.4057443141937256,1.4689830541610718
2202,Q8ZRS2_wild,[Fe+2],-1.279014255846261,0.09766866266727448,-2.3465471267700195,1.6179124116897583
2203,Q5I6B5_wild,C1=CC=C(C=C1)CO,0.18752072083646304,0.39665687084198,-1.079545259475708,1.0058766603469849
2204,Q5I6B5_wild,CC(C1=CC=CC=C1)O,0.5314789170422551,-0.5060441493988037,-0.7871477603912354,0.9710404872894287
2205,Q5I6B5_wild,CC(=O)SCCNC(=O)CCNC(=O)C(C(C)(C)COP(=O)(O)OP(=O)(O)OCC1C(C(C(O1)N2C=NC3=C(N=CN=C32)N)O)OP(=O)(O)O)O,-0.8728952016351924,0.07808178663253784,-1.5461534261703491,1.8621810674667358
2206,Q5I6B5_wild,CC(=CCCC(=CCO)C)C,0.44451320633404295,-0.3770556151866913,-1.3843532800674438,1.3185381889343262
2207,P34913_wild,CCCCCCCCCCCCCC(=O)OCC(COP(=O)(O)O)O,-2.2924298239020637,-0.44282326102256775,-1.1970726251602173,1.181821584701538
2208,Q9Y1N2_wild,CC(=O)SCCNC(=O)CCNC(=O)C(C(C)(C)COP(=O)(O)OP(=O)(O)OCC1C(C(C(O1)N2C=NC3=C(N=CN=C32)N)O)OP(=O)(O)O)O,-1.2218487496163564,0.9198816418647766,-0.8445061445236206,1.8621556758880615
2209,Q9Y1N2_wild,C1=NC(=C2C(=N1)N(C=N2)C3C(C(C(O3)COP(=O)(O)OP(=O)(O)O)O)O)N,-0.6989700043360187,1.0101499557495117,-0.37801679968833923,1.3229668140411377
2210,Q9Y1N2_wild,[O-]P(=O)([O-])[O-],0.13033376849500614,0.7630438804626465,0.05352802947163582,1.0166003704071045
2211,Q9Y8L0_wild,[O-]P(=O)([O-])[O-],-1.0,1.4242620468139648,-0.06410986185073853,1.8524510860443115
2212,Q9Y8L0_wild,C1=NC(=C2C(=N1)N(C=N2)C3C(C(C(O3)COP(=O)(O)OP(=O)(O)OP(=O)(O)O)O)O)N,-1.0457574905606752,1.878908634185791,-0.7607038021087646,2.1570467948913574
2213,Q9Y8L0_wild,CC(C)(COP(=O)(O)OP(=O)(O)OCC1C(C(C(O1)N2C=NC3=C(N=CN=C32)N)O)OP(=O)(O)O)C(C(=O)NCCC(=O)NCCS)O,-1.677780705266081,2.158233404159546,-1.503311038017273,2.605260133743286
2214,Q9Y8L0_wild,CC(=O)[O-],-0.09691001300805639,2.026224136352539,0.042542871087789536,1.772386074066162
2215,P17109_R395K/R413K,C(CC(=O)O)C(=O)C(=O)O,-0.7644715530927036,-0.6966275572776794,-0.9475379586219788,0.48606637120246887
2216,P17109_R413K,C=C(C(=O)O)OC1C=CC=C(C1O)C(=O)O,-3.4559319556497243,-0.5357746481895447,-1.4896955490112305,1.3738932609558105
2217,P17109_R395A,C(CC(=O)O)C(=O)C(=O)O,-1.537602002101044,-0.6663984060287476,-0.9424015879631042,0.5042282938957214
2218,P17109_R395K,C(CC(=O)O)C(=O)C(=O)O,-1.1739251972991736,-0.6647278070449829,-0.9788681268692017,0.5151602029800415
2219,P17109_wild,C=C(C(=O)O)OC1C=CC=C(C1O)C(=O)O,-4.096910013008056,-0.5097233653068542,-1.5062386989593506,1.412503957748413
2220,P17109_R395A,C=C(C(=O)O)OC1C=CC=C(C1O)C(=O)O,-1.7958800173440752,-0.5133724808692932,-1.4611700773239136,1.3763957023620605
2221,P17109_R395K,C=C(C(=O)O)OC1C=CC=C(C1O)C(=O)O,-2.657577319177794,-0.5155436992645264,-1.4918462038040161,1.3920235633850098
2222,P17109_wild,C(CC(=O)O)C(=O)C(=O)O,-2.537602002101044,-0.653390645980835,-0.99904465675354,0.5300238728523254
2223,P17109_R413K,C(CC(=O)O)C(=O)C(=O)O,-0.9393021596463883,-0.6840956211090088,-0.9707517623901367,0.501700222492218
2224,P17109_R395K/R413K,C=C(C(=O)O)OC1C=CC=C(C1O)C(=O)O,-3.0861861476162833,-0.5431636571884155,-1.4729039669036865,1.3512086868286133
2225,Q53TZ2_wild,C1C(C(C(C(O1)O)O)O)O,-0.5934598195660449,1.433844804763794,1.655861735343933,1.4210888147354126
2226,Q53TZ2_wild,C(C1C(C(C(C(O1)O)O)O)O)O,-0.9625735020593763,1.2529191970825195,1.652112364768982,1.253892183303833
2227,Q53TZ2_wild,C1=CC(=C[N+](=C1)C2C(C(C(O2)COP(=O)([O-])OP(=O)(O)OCC3C(C(C(O3)N4C=NC5=C(N=CN=C54)N)O)O)O)O)C(=O)N,-1.275724130399211,0.981050968170166,-0.19162216782569885,2.099954605102539
2228,Q53TZ2_wild,C1=CC(=C[N+](=C1)C2C(C(C(O2)COP(=O)(O)OP(=O)(O)OCC3C(C(C(O3)N4C=NC5=C(N=CN=C54)N)OP(=O)(O)O)O)O)O)C(=O)N,-2.0222763947111524,0.8326804637908936,-0.48985928297042847,2.2625174522399902
2229,O75936_wild,C[N+](C)(C)CCCC(=O)[O-],-1.5606673061697374,0.11870655417442322,-0.9018820524215698,1.0443681478500366
2230,O75936_wild,C(CC(=O)O)C(=O)C(=O)O,-1.0,0.028401654213666916,-1.246418833732605,1.4361050128936768
2231,Q8L0V2_wild,CC(=O)NC1C(C(C(OC1OP(=O)(O)OP(=O)(O)OCC2C(C(C(O2)N3C=CC(=O)NC3=O)O)O)CO)O)O,0.31806333496276146,0.45686858892440796,-0.9601131081581116,1.4218971729278564
2232,Q8L0V2_wild,C1=CN(C(=O)NC1=O)C2C(C(C(O2)COP(=O)(O)OP(=O)(O)OC3C(C(C(C(O3)CO)O)O)O)O)O,0.6242820958356683,0.5403397083282471,-0.7526965737342834,1.6287897825241089
2233,Q9TTF5_E218A,C1=CC(=C[N+](=C1)C2C(C(C(O2)COP(=O)([O-])OP(=O)(O)OCC3C(C(C(O3)N4C=NC5=C(N=CN=C54)N)O)O)O)O)C(=O)N,-1.5528419686577808,-0.03922075405716896,-0.39507654309272766,1.2161624431610107
2234,Q9TTF5_W118F,C1=CC(=C[N+](=C1)C2C(C(C(O2)COP(=O)([O-])OP(=O)(O)OCC3C(C(C(O3)N4C=NC5=C(N=CN=C54)N)O)O)O)O)C(=O)N,-1.4436974992327127,0.20384006202220917,-0.37272176146507263,1.369873046875
2235,Q9TTF5_R216A,C1=CC(=C[N+](=C1)C2C(C(C(O2)COP(=O)([O-])OP(=O)(O)OCC3C(C(C(O3)N4C=NC5=C(N=CN=C54)N)O)O)O)O)C(=O)N,-1.640164517660112,-0.030999165028333664,-0.521133303642273,1.2910610437393188
2236,Q9TTF5_E138A,C1=CC(=C[N+](=C1)C2C(C(C(O2)COP(=O)([O-])OP(=O)(O)OCC3C(C(C(O3)N4C=NC5=C(N=CN=C54)N)O)O)O)O)C(=O)N,-1.5590909179347823,0.0759870857000351,-0.39386698603630066,1.2872540950775146
2237,Q9TTF5_D147A,C1=CC(=C[N+](=C1)C2C(C(C(O2)COP(=O)([O-])OP(=O)(O)OCC3C(C(C(O3)N4C=NC5=C(N=CN=C54)N)O)O)O)O)C(=O)N,-1.7569619513137056,0.12075409293174744,-0.38454845547676086,1.3425028324127197
2238,Q9TTF5_W181F,C1=CC(=C[N+](=C1)C2C(C(C(O2)COP(=O)([O-])OP(=O)(O)OCC3C(C(C(O3)N4C=NC5=C(N=CN=C54)N)O)O)O)O)C(=O)N,-1.6675615400843946,0.027595307677984238,-0.4250791370868683,1.316493272781372
2239,Q9TTF5_W168A,C1=CC(=C[N+](=C1)C2C(C(C(O2)COP(=O)([O-])OP(=O)(O)OCC3C(C(C(O3)N4C=NC5=C(N=CN=C54)N)O)O)O)O)C(=O)N,-1.609064892896621,0.018394794315099716,-0.4231377840042114,1.2423521280288696
2240,Q9TTF5_W118A/W181A,C1=CC(=C[N+](=C1)C2C(C(C(O2)COP(=O)([O-])OP(=O)(O)OCC3C(C(C(O3)N4C=NC5=C(N=CN=C54)N)O)O)O)O)C(=O)N,-1.5272435506827877,0.05036403611302376,-0.41501525044441223,1.2488459348678589
2241,Q9TTF5_W118A,C1=CC(=C[N+](=C1)C2C(C(C(O2)COP(=O)([O-])OP(=O)(O)OCC3C(C(C(O3)N4C=NC5=C(N=CN=C54)N)O)O)O)O)C(=O)N,-1.723538195826756,0.07353830337524414,-0.43052446842193604,1.327789306640625
2242,Q9TTF5_S185A,C1=CC(=C[N+](=C1)C2C(C(C(O2)COP(=O)([O-])OP(=O)(O)OCC3C(C(C(O3)N4C=NC5=C(N=CN=C54)N)O)O)O)O)C(=O)N,-1.728158393463501,0.07659049332141876,-0.25645413994789124,1.1485463380813599
2243,Q9TTF5_W118H,C1=CC(=C[N+](=C1)C2C(C(C(O2)COP(=O)([O-])OP(=O)(O)OCC3C(C(C(O3)N4C=NC5=C(N=CN=C54)N)O)O)O)O)C(=O)N,-1.5391021572434522,0.0829286128282547,-0.4131026566028595,1.3408701419830322
2244,Q9TTF5_E138Q,C1=CC(=C[N+](=C1)C2C(C(C(O2)COP(=O)([O-])OP(=O)(O)OCC3C(C(C(O3)N4C=NC5=C(N=CN=C54)N)O)O)O)O)C(=O)N,-1.530177984021837,0.05583617463707924,-0.42887821793556213,1.3451385498046875
2245,Q9TTF5_K120A,C1=CC(=C[N+](=C1)C2C(C(C(O2)COP(=O)([O-])OP(=O)(O)OCC3C(C(C(O3)N4C=NC5=C(N=CN=C54)N)O)O)O)O)C(=O)N,-1.5575202309355514,0.13921156525611877,-0.3658333420753479,1.3008921146392822
2246,Q9TTF5_wild,C1=CC(=C[N+](=C1)C2C(C(C(O2)COP(=O)([O-])OP(=O)(O)OCC3C(C(C(O3)N4C=NC5=C(N=CN=C54)N)O)O)O)O)C(=O)N,-1.7670038896078462,0.06640544533729553,-0.416278600692749,1.3160724639892578
2247,Q9TTF5_W181A,C1=CC(=C[N+](=C1)C2C(C(C(O2)COP(=O)([O-])OP(=O)(O)OCC3C(C(C(O3)N4C=NC5=C(N=CN=C54)N)O)O)O)O)C(=O)N,-1.3439017979871681,0.005114462226629257,-0.3910156190395355,1.2313584089279175
2248,P37062_R303M,C1C=CN(C=C1C(=O)N)C2C(C(C(O2)COP(=O)(O)OP(=O)(O)OCC3C(C(C(O3)N4C=NC5=C(N=CN=C54)N)O)O)O)O,-3.0,1.0726003646850586,-1.836022973060608,3.167506456375122
2249,P37062_wild,C1C=CN(C=C1C(=O)N)C2C(C(C(O2)COP(=O)(O)OP(=O)(O)OCC3C(C(C(O3)N4C=NC5=C(N=CN=C54)N)O)O)O)O,-3.0969100130080567,1.0819188356399536,-1.8327771425247192,3.161749839782715
2250,P37062_wild,OO,-3.5686362358410126,1.144780158996582,-0.7921832799911499,2.0836024284362793
2251,P37062_R303M,OO,-2.193820026016113,1.1338496208190918,-0.8041917085647583,2.0926625728607178
2252,P37062_H10Q,OO,-3.161150909262745,1.124669075012207,-0.8031759858131409,2.0662028789520264
2253,Q8XB60_wild,C(C(C(C(C(C(=O)[O-])O)O)O)O)O,1.290034611362518,0.4205061197280884,0.19999027252197266,0.7525128126144409
2254,Q9AJS8_wild,C1=CC(=CC(=C1)[O-])C(=O)O,-1.2218487496163564,0.26631978154182434,-0.7280888557434082,1.2426648139953613
2255,Q9TRC7_wild,C1=CN=CC=C1CN.Cl.Cl,-2.3979400086720375,0.627782940864563,-0.6199771165847778,0.8789019584655762
2256,Q9TRC7_wild,C1=CC=C(C=C1)CN,-0.25414480482627116,0.6728299856185913,-0.6977074146270752,1.1938527822494507
2257,M1AKD0_wild,C(CC(=O)N)C(C(=O)NCC(=O)O)N,0.42160392686983106,1.396026372909546,-0.01016879454255104,1.0815763473510742
2258,M1AKD0_wild,C(CC(=O)N)C(C(=O)NC(CCC(=O)N)C(=O)O)N,-0.31247103878536564,1.031984567642212,0.04786532744765282,0.9610195159912109
2259,M1AKD0_wild,C(CC(=O)N)C(C(=O)N)N,0.3113299523037932,1.2836756706237793,-0.003914181143045425,0.8930783867835999
2260,M1AKD0_wild,CC(C(=O)O)NC(=O)C(CCC(=O)N)N,0.26434550705009247,1.5072088241577148,0.01901530846953392,1.1983565092086792
2261,M1AKD0_wild,C(CC(=O)N)C(C(=O)NC(CCC(=O)O)C(=O)O)N,0.4007106367732313,0.9786006212234497,-0.06831595301628113,0.8877038955688477
2262,P19079_R56Q,C1C(C(OC1N2C=CC(=NC2=O)N)CO)O,-1.537602002101044,1.0839855670928955,-1.047139048576355,2.0699119567871094
2263,P19079_R56A,C1=CN(C(=O)N=C1N)C2C(C(C(O2)CO)O)O,-0.853871964321762,1.21099054813385,-0.7057739496231079,1.8377248048782349
2264,P19079_wild,C1C(C(OC1N2C=CC(=NC2=O)N)CO)O,-0.6270879970298935,1.083632469177246,-1.1174448728561401,2.136223793029785
2265,P19079_R56A,C1C(C(OC1N2C=CC(=NC2=O)N)CO)O,-2.1249387366083,1.0903644561767578,-1.092590093612671,2.075409173965454
2266,P19079_R56Q,C1=CN(C(=O)N=C1N)C2C(C(C(O2)CO)O)O,-0.5734887386354248,1.1986737251281738,-0.6517406702041626,1.8336771726608276
2267,P19079_wild,C1=CN(C(=O)N=C1N)C2C(C(C(O2)CO)O)O,-0.6655462488490691,1.1723556518554688,-0.7064974308013916,1.9150516986846924
2268,Q9X6R4_wild,C1CC(N(C1)C(=O)CNC(=O)OCC2=CC=CC=C2)C(=O)NC3=CC=C(C=C3)[N+](=O)[O-],-0.09151498112135029,1.8232166767120361,-1.0712594985961914,2.5833592414855957
2269,B3VTL5_wild,C1=CC=C(C=C1)C2=C(C(=CC=C2)O)O,-2.309803919971486,1.2108347415924072,-2.1799376010894775,2.588862657546997
2270,B3VTL5_wild,CC1=C(C(=CC=C1)O)O,-1.2104192878355744,0.7944308519363403,-1.4068225622177124,1.675046443939209
2271,B3VTL5_wild,C1=CC=C(C(=C1)O)O,-1.0105501823333083,1.2199816703796387,-0.9819692373275757,1.8716657161712646
2272,B3VTL5_wild,CC1=CC(=C(C=C1)O)O,-0.5491353076202339,0.8280390501022339,-1.1448942422866821,1.5026737451553345
2273,C4M0W5_H140A,CC(=O)NC1C(C(C(OC1OC2C(C(C(C(C2OP(=O)(O)OCC(COC(=O)C)OC(=O)C)O)O)O)O)CO)O)O,-2.7958800173440754,-0.1272697001695633,-0.4375728666782379,0.45533496141433716
2274,C4M0W5_D46A,CC(=O)NC1C(C(C(OC1OC2C(C(C(C(C2OP(=O)(O)OCC(COC(=O)C)OC(=O)C)O)O)O)O)CO)O)O,-2.709965388637482,-0.113289475440979,-0.41048094630241394,0.3665831983089447
2275,C4M0W5_wild,CC(=O)NC1C(C(C(OC1OC2C(C(C(C(C2OP(=O)(O)OCC(COC(=O)C)OC(=O)C)O)O)O)O)CO)O)O,-2.679853713888946,0.08428116142749786,-0.43912750482559204,0.769902229309082
2276,C4M0W5_H43A,CC(=O)NC1C(C(C(OC1OC2C(C(C(C(C2OP(=O)(O)OCC(COC(=O)C)OC(=O)C)O)O)O)O)CO)O)O,-2.580044251510242,-0.04615113511681557,-0.3893795907497406,0.42358535528182983
2277,P47016_wild,C(CC(=O)NC(CS)C(=O)NCC(=O)O)C(=O)C(=O)O,-1.3467874862246563,1.0037428140640259,-0.26118478178977966,2.100381374359131
2278,B5BLW5_wild,CC(=O)OC1=CC=CC2=CC=CC=C21,-1.537602002101044,1.564281940460205,-0.8331596255302429,2.398200035095215
2279,B5BLW5_wild,CCCCCCCC(=O)OC1=CC=C(C=C1)[N+](=O)[O-],-1.5528419686577808,2.0206124782562256,-0.7875049114227295,2.434422254562378
2280,B5BLW5_wild,CC(=O)OC1=CC=CC=C1,-1.769551078621726,1.6113390922546387,0.07742230594158173,2.004103422164917
2281,B5BLW5_wild,CCCCCC(=O)OC1=CC=C(C=C1)[N+](=O)[O-],-1.5086383061657274,2.03547739982605,-0.6569883823394775,2.369685649871826
2282,B5BLW5_wild,CCCCCCCCCC(=O)OC1=CC=C(C=C1)[N+](=O)[O-],-1.0915149811213503,1.8808033466339111,-0.9302928447723389,2.483245372772217
2283,B5BLW5_wild,CCCCCCCCCCCC(=O)OC1=CC=C(C=C1)[N+](=O)[O-],-0.9136401693252518,1.770346760749817,-0.9742297530174255,2.512533664703369
2284,B5BLW5_wild,CCCCCCCCCCCCCCCC(=O)OC1=CC=C(C=C1)[N+](=O)[O-],-0.5590909179347824,1.5424439907073975,-0.7489354610443115,2.3003525733947754
2285,B5BLW5_wild,CCCC(=O)OC1=CC=C(C=C1)[N+](=O)[O-],-0.6497519816658371,2.0917956829071045,-0.5333606600761414,2.4457764625549316
2286,B5BLW5_wild,C1=CC(=CC=C1[N+](=O)[O-])OP(=O)(O)O,-0.6307841425898572,1.164351224899292,0.1739090383052826,1.4051008224487305
2287,P07511_wild,C(C(C(=O)O)N)O,-0.5228787452803376,0.06934811174869537,0.391124963760376,0.35428571701049805
2288,P0A825_L85A/L276A,C(C(C(=O)O)N)O,-0.6989700043360187,-0.1245812326669693,0.519109845161438,0.5902765989303589
2289,P34896_wild,C1C(NC2=C(N1)N=C(NC2=O)N)CNC3=CC=C(C=C3)C(=O)NC(CCC(=O)O)C(=O)O,-2.283996656365201,0.29464563727378845,-1.329055905342102,1.8471410274505615
2290,P0A825_wild,C(C(C(=O)O)N)O,-0.853871964321762,-0.10983961820602417,0.5260554552078247,0.5953781604766846
2291,Q86LS9_wild,C1C(NC2=C(N1)N=C(NC2=O)N)CNC3=CC=C(C=C3)C(=O)NC(CCC(=O)O)C(=O)O,0.38021124171160603,-0.10852691531181335,-1.1614667177200317,1.5107120275497437
2292,Q86LS9_wild,C(C(C(=O)O)N)O,0.2041199826559248,-0.4909089207649231,0.37223556637763977,0.380478173494339
2293,P34896_wild,C(C(C(=O)O)N)O,-0.7695510786217261,0.08156663179397583,0.39333924651145935,0.4300153851509094
2294,P07511_wild,C1C(NC2=C(N1)N=C(NC2=O)N)CNC3=CC=C(C=C3)C(=O)NC(CCC(=O)O)C(=O)O,-2.0,0.2607985734939575,-1.3215276002883911,1.8215248584747314
2295,A9LDD9_wild,C(C(C(=O)O)N)O,-0.36653154442041347,0.011220034211874008,0.3298299014568329,0.36371058225631714
2296,P07511_S394N,C1C(NC2=C(N1)N=C(NC2=O)N)CNC3=CC=C(C=C3)C(=O)NC(CCC(=O)O)C(=O)O,-1.6020599913279623,0.2665141820907593,-1.3160043954849243,1.821296215057373
2297,P07511_E75Q,C(C(C(=O)O)N)O,0.6020599913279624,-0.09460414201021194,0.4174537658691406,0.19167166948318481
2298,P34896_H135N/R137A,C(C(C(=O)O)N)O,-0.24412514432750865,0.0768725574016571,0.41569915413856506,0.4484800696372986
2299,P34896_H135N/R137A/E168N,C(C(C(=O)O)N)O,-0.5030703519267851,0.10553942620754242,0.3995268642902374,0.4694914221763611
2300,P34896_wild,C1C2CN(CN2C3=C(N1)N=C(NC3=O)N)C4=CC=C(C=C4)C(=O)NC(CCC(=O)O)C(=O)O,-0.536107011014242,0.21332481503486633,-0.9309658408164978,1.7995502948760986
2301,P34896_wild,C(C(=O)O)N,-0.2549252084179426,0.25451770424842834,0.5334330201148987,0.4957975447177887
2302,P0A825_L85A,C(C(C(=O)O)N)O,-0.8239087409443188,-0.11779101192951202,0.5280888080596924,0.5977628827095032
2303,P0A825_L85A/L276A,C1C(NC2=C(N1)N=C(NC2=O)N)CNC3=CC=C(C=C3)C(=O)NC(CCC(=O)O)C(=O)O,-1.9507819773298185,0.2574753165245056,-0.9655940532684326,1.794037938117981
2304,P0A825_L85A,C1C(NC2=C(N1)N=C(NC2=O)N)CNC3=CC=C(C=C3)C(=O)NC(CCC(=O)O)C(=O)O,-2.1450869776921446,0.26159539818763733,-0.9709852933883667,1.8035913705825806
2305,P0A825_L276A,C1C(NC2=C(N1)N=C(NC2=O)N)CNC3=CC=C(C=C3)C(=O)NC(CCC(=O)O)C(=O)O,-2.3615107430453626,0.2531284689903259,-0.9864909052848816,1.7956218719482422
2306,P0A825_wild,C1C(NC2=C(N1)N=C(NC2=O)N)CNC3=CC=C(C=C3)C(=O)NC(CCC(=O)O)C(=O)O,-2.154901959985743,0.26378723978996277,-0.9900984764099121,1.8087074756622314
2307,Q94JQ3_wild,C1C(NC2=C(N1)N=C(NC2=O)N)CNC3=CC=C(C=C3)C(=O)NC(CCC(=O)O)C(=O)O,-0.6621415709589057,0.8314706087112427,-1.467697024345398,2.0227909088134766
2308,P34897_wild,C1C(NC2=C(N1)N=C(NC2=O)N)CNC3=CC=C(C=C3)C(=O)NC(CCC(=O)O)C(=O)O,-1.6382721639824072,0.26162803173065186,-1.5594888925552368,1.7875289916992188
2309,P34897_wild,C(C(C(=O)O)N)O,-0.5559552040819238,0.06391461193561554,0.3159445822238922,0.34991732239723206
2310,P34897_wild,C(C(=O)O)N,-0.1804560644581313,0.25267529487609863,0.49298086762428284,0.39983320236206055
2311,P34897_wild,C1C2CN(CN2C3=C(N1)N=C(NC3=O)N)C4=CC=C(C=C4)C(=O)NC(CCC(=O)O)C(=O)O,-0.00877392430750515,0.12717798352241516,-1.1975897550582886,1.71012282371521
2312,U5TRK6_wild,C1=CC=C(C=C1)C(C(C(=O)O)N)O,1.7623784293119642,0.35880810022354126,-0.023350659757852554,0.8387889862060547
2313,U5TRK6_I249L,C1=CC=C(C=C1)C(C(C(=O)O)N)O,1.7920413107120823,0.37230342626571655,-0.013588014990091324,0.8470035195350647
2314,B5BLW5_wild,CCOP(=O)(OCC)OC1=CC=C(C=C1)[N+](=O)[O-],-2.3010299956639813,1.7390109300613403,-0.3750411570072174,2.168022394180298
2315,B5BLW5_wild,COP(=O)(OC)OC1=CC=C(C=C1)[N+](=O)[O-],-0.6090648928966208,1.696906566619873,-0.3420134484767914,2.0192251205444336
2316,A0A0A0Y4H8_wild,OO,-0.3372421683184259,3.622626781463623,-0.7679330706596375,3.6922459602355957
2317,P80679_F179A,COC1=CC=CC=C1O,0.2600713879850748,1.5688560009002686,-0.1255917102098465,1.5056871175765991
2318,P80679_F142A,COC1=CC=CC=C1O,0.3096301674258988,1.563643455505371,-0.127760648727417,1.5074834823608398
2319,P00433_wild,OO,-1.586700235918748,3.3810834884643555,-0.6945526003837585,3.231436014175415
2320,P54261_wild,C1CSSC1CCCCC(=O)O,-0.08092190762392612,0.8443114757537842,-0.1884162724018097,1.2232646942138672
2321,B1MKV6_wild,CC(=O)SCCNC(=O)CCNC(=O)C(C(C)(C)COP(=O)(O)OP(=O)(O)OCC1C(C(C(O1)N2C=NC3=C(N=CN=C32)N)O)OP(=O)(O)O)O,-1.4412914294668342,0.6736466288566589,-0.5417682528495789,1.543502926826477
2322,Q98I56_wild,C(C(C1C(C(C(C(O1)OP(=O)(O)O)O)O)O)O)OP(=O)(O)O,-1.8860566476931633,1.2283382415771484,-1.3624398708343506,2.10404372215271
2323,Q5P171_wild,C1=CC(=C[N+](=C1)C2C(C(C(O2)COP(=O)([O-])OP(=O)(O)OCC3C(C(C(O3)N4C=NC5=C(N=CN=C54)N)O)O)O)O)C(=O)N,-1.744727494896694,1.3551487922668457,-0.846947193145752,2.4003357887268066
2324,Q5P171_wild,C1=CC(=C[N+](=C1)C2C(C(C(O2)COP(=O)(O)OP(=O)(O)OCC3C(C(C(O3)N4C=NC5=C(N=CN=C54)N)OP(=O)(O)O)O)O)O)C(=O)N,-1.6020599913279623,1.3140249252319336,-0.8621644377708435,2.4852957725524902
2325,Q58185_wild,C1=NC2=C(N1C3C(C(C(O3)COP(=O)(O)OP(=O)(O)OP(=O)(O)O)O)O)N=C(NC2=O)N,-1.0177287669604316,-0.5011118650436401,-0.5390524864196777,0.4206322133541107
2326,P34913_R287Q,CCCCCCCCCCCCCC(=O)OCC(COP(=O)(O)O)O,-1.9208187539523751,-0.47856536507606506,-1.1982017755508423,1.157881498336792
2327,P34913_R287Q,CCCCCC1C(O1)CC=CCC=CCC=CCCCC(=O)O,-2.0457574905606752,-0.125947967171669,-1.9601686000823975,1.4215245246887207
2328,P34913_R103C,C1=CC=C2C(=C1)N=C(S2)C3=NC4=C(S3)C=C(C=C4)OP(=O)(O)O,-1.853871964321762,-0.5486882328987122,-1.499019980430603,1.0935447216033936
2329,P34913_R103C,CCCCCC1C(O1)CC=CCC=CCC=CCCCC(=O)O,-2.0,-0.10430297255516052,-1.973206639289856,1.4359734058380127
2330,P34913_R103C,CCCCCCCCCCCCCC(=O)OCC(COP(=O)(O)O)O,-2.154901959985743,-0.467206209897995,-1.1937259435653687,1.1688487529754639
2331,P34913_wild,CCCCCC1C(O1)CC=CCC=CCC=CCCCC(=O)O,-2.154901959985743,-0.08189316093921661,-1.9643820524215698,1.4524970054626465
2332,P34913_R287Q,C1=CC=C2C(=C1)N=C(S2)C3=NC4=C(S3)C=C(C=C4)OP(=O)(O)O,-1.769551078621726,-0.5793076753616333,-1.4774361848831177,1.0872161388397217
2333,P34913_C154Y,CCCCCCCCCCCCCC(=O)OCC(COP(=O)(O)O)O,-2.2218487496163566,-0.4392688274383545,-1.196146845817566,1.17965567111969
2334,P34913_K55R,CCCCCCCCCCCCCC(=O)OCC(COP(=O)(O)O)O,-1.7212463990471711,-0.445814311504364,-1.2004750967025757,1.1775507926940918
2335,P34913_wild,C1=CC=C2C(=C1)N=C(S2)C3=NC4=C(S3)C=C(C=C4)OP(=O)(O)O,-2.0132282657337552,-0.5329402089118958,-1.4879454374313354,1.1119998693466187
2336,P34913_K55R,CCCCCC1C(O1)CC=CCC=CCC=CCCCC(=O)O,-2.1307682802690238,-0.08374236524105072,-1.9655256271362305,1.4472318887710571
2337,P34913_C154Y/K55R,C1=CC=C2C(=C1)N=C(S2)C3=NC4=C(S3)C=C(C=C4)OP(=O)(O)O,-2.1307682802690238,-0.5291759967803955,-1.4858088493347168,1.103794813156128
2338,P34913_C154Y,CCCCCC1C(O1)CC=CCC=CCC=CCCCC(=O)O,-2.036212172654445,-0.07851658761501312,-1.9626871347427368,1.450987696647644
2339,P34913_R287E,COC1=CC2=C(C=C1)C=C(C=C2)C(C#N)OC(=O)OCC3C(O3)C4=CC=CC=C4,-2.157390760389438,-0.6301732063293457,-1.5444539785385132,1.2160370349884033
2340,P34913_E254R/R287E,COC1=CC2=C(C=C1)C=C(C=C2)C(C#N)OC(=O)OCC3C(O3)C4=CC=CC=C4,-2.1605219526258015,-0.541159451007843,-1.5694200992584229,1.2602015733718872
2341,P34913_wild,COC1=CC2=C(C=C1)C=C(C=C2)C(C#N)OC(=O)OCC3C(O3)C4=CC=CC=C4,-1.8215986584662447,-0.5384447574615479,-1.5755727291107178,1.2686762809753418
2342,P34913_R287Q,COC1=CC2=C(C=C1)C=C(C=C2)C(C#N)OC(=O)OCC3C(O3)C4=CC=CC=C4,-1.9926790470772555,-0.5790067315101624,-1.5565953254699707,1.2650341987609863
2343,P34913_E254R,COC1=CC2=C(C=C1)C=C(C=C2)C(C#N)OC(=O)OCC3C(O3)C4=CC=CC=C4,-2.2335871528876003,-0.5810024738311768,-1.5526202917099,1.209242582321167
2344,Q5PRC6_wild,C1C(O1)C2=CC=CC=C2,0.5403294747908738,0.03452525660395622,-0.06832157075405121,0.32119300961494446
2345,O13902_wild,C(C(=O)CO)O,-2.0,0.7814363241195679,-1.3070933818817139,1.9106742143630981
2346,O13902_wild,C1=NC(=C2C(=N1)N(C=N2)C3C(C(C(O3)COP(=O)(O)OP(=O)(O)OP(=O)(O)O)O)O)N,-0.2006594505464183,1.215554118156433,-1.1472800970077515,2.1900503635406494
2347,P54838_wild,C(C(=O)CO)O,-1.6575773191777938,0.7562563419342041,-1.2104988098144531,1.7296142578125
2348,P54838_wild,C1=NC(=C2C(=N1)N(C=N2)C3C(C(C(O3)COP(=O)(O)OP(=O)(O)OP(=O)(O)O)O)O)N,-0.3187587626244128,1.1727548837661743,-1.2700741291046143,2.033895254135132
2349,P43550_wild,C(C(=O)CO)O,-2.3010299956639813,0.6253256797790527,-1.174140453338623,1.811480164527893
2350,P43550_wild,C1=NC(=C2C(=N1)N(C=N2)C3C(C(C(O3)COP(=O)(O)OP(=O)(O)OP(=O)(O)O)O)O)N,-1.0,1.0386536121368408,-1.0103429555892944,2.054655075073242
2351,Q988H5_wild,CC1=NC=C(C(=C1O)C(=O)O)CO,-2.2365720064370627,-0.5389946699142456,-0.5951045751571655,0.7819087505340576
2352,Q988H5_wild,C1C=CN(C=C1C(=O)N)C2C(C(C(O2)COP(=O)(O)OP(=O)(O)OCC3C(C(C(O3)N4C=NC5=C(N=CN=C54)N)O)O)O)O,-1.9065783148377649,-0.4260764420032501,-0.7461816072463989,1.2050831317901611
2353,W8CV45_Y292W,C1=CC=C2C(=C1)C(=CN2)CC(C(=O)O)N,-1.5228787452803376,0.4177323579788208,-0.5456042289733887,1.3966343402862549
2354,W8CV45_wild,C1=CC=C2C(=C1)C(=CN2)CC(C(=O)O)N,-0.6968039425795112,0.4567700922489166,-0.5524004697799683,1.426056146621704
2355,W8CV45_Y292H,C1=CC=C2C(=C1)C(=CN2)CC(C(=O)O)N,-1.677780705266081,0.4810523986816406,-0.5750182867050171,1.447859287261963
2356,W8CV45_M65A,C1=CC=C2C(=C1)C(=CN2)CC(C(=O)O)N,-0.6989700043360187,0.20947885513305664,-0.6171309947967529,1.2183573246002197
2357,W8CV45_A69M,C1=CC=C2C(=C1)C(=CN2)CC(C(=O)O)N,-0.08618614761628333,0.4770841598510742,-0.5454889535903931,1.4322407245635986
2358,W8CV45_V132A,C1=CC=C2C(=C1)C(=CN2)CC(C(=O)O)N,-1.769551078621726,0.46757370233535767,-0.5716594457626343,1.4420239925384521
2359,W8CV45_A69L,C1=CC=C2C(=C1)C(=CN2)CC(C(=O)O)N,0.04139268515822508,0.4822525382041931,-0.5321753621101379,1.4441347122192383
2360,W8CV45_I296A,C1=CC=C2C(=C1)C(=CN2)CC(C(=O)O)N,-1.2291479883578558,0.47075146436691284,-0.5532928109169006,1.433840036392212
2361,W8CV45_V133A,C1=CC=C2C(=C1)C(=CN2)CC(C(=O)O)N,-1.7212463990471711,0.4733433723449707,-0.5720139741897583,1.4367514848709106
2362,W8CV45_M295A/M40L/V291A,C1=CC=C2C(=C1)C(=CN2)CC(C(=O)O)N,-1.3279021420642825,0.44901061058044434,-0.5701997876167297,1.4607360363006592
2363,W8CV45_L288M,C1=CC=C2C(=C1)C(=CN2)CC(C(=O)O)N,-0.28399665636520094,0.440825879573822,-0.5457631349563599,1.4112966060638428
2364,W8CV45_Y292F,C1=CC=C2C(=C1)C(=CN2)CC(C(=O)O)N,-1.408935392973501,0.455519437789917,-0.5558560490608215,1.4240914583206177
2365,W8CV45_L59F,C1=CC=C2C(=C1)C(=CN2)CC(C(=O)O)N,-0.712198270069774,0.45298296213150024,-0.5588203072547913,1.413368582725525
2366,W8CV45_L59F/D168G/A234D/I296N,C1=CC=C2C(=C1)C(=CN2)CC(C(=O)O)N,-0.5718652059712112,0.27470463514328003,-0.5859862565994263,1.1903612613677979
2367,W8CV45_D168G,C1=CC=C2C(=C1)C(=CN2)CC(C(=O)O)N,-0.6556077263148893,0.45149970054626465,-0.5686372518539429,1.4041610956192017
2368,W8CV45_A234D,C1=CC=C2C(=C1)C(=CN2)CC(C(=O)O)N,-0.5406075122407691,0.2703688144683838,-0.5459238886833191,1.2209516763687134
2369,W8CV45_I296N,C1=CC=C2C(=C1)C(=CN2)CC(C(=O)O)N,-0.6420651529995463,0.46414482593536377,-0.5717279314994812,1.4301388263702393
2370,Q9UR08_S303H,CC(=CCCC(=CCCC(=CCOP(=O)(O)OP(=O)(O)O)C)C)C,-4.214670164989233,-2.6125640869140625,-2.262347936630249,0.40212613344192505
2371,Q9UR08_S303A,CC(=CCCC(=CCCC(=CCOP(=O)(O)OP(=O)(O)O)C)C)C,-3.920818753952375,-2.594679355621338,-2.250380039215088,0.3902823328971863
2372,Q9UR08_S303D,CC(=CCCC(=CCCC(=CCOP(=O)(O)OP(=O)(O)O)C)C)C,-3.4436974992327127,-2.616267442703247,-2.252682685852051,0.37425127625465393
2373,Q9UR08_wild,CC(=CCCC(=CCCC(=CCOP(=O)(O)OP(=O)(O)O)C)C)C,-4.869666231504994,-2.601454496383667,-2.252305746078491,0.3797353208065033
2374,Q03471_R340K,CC(=CCCC(=CCCC(=CCOP(=O)(O)OP(=O)(O)O)C)C)C,-2.7986028756795487,-2.5799171924591064,-2.3903067111968994,0.027299314737319946
2375,Q03471_K251Q,CC(=CCCC(=CCCC(=CCOP(=O)(O)OP(=O)(O)O)C)C)C,-3.6197887582883936,-2.5815181732177734,-2.3817214965820312,0.00916185975074768
2376,Q03471_D116E,CC(=CCCC(=CCCC(=CCOP(=O)(O)OP(=O)(O)O)C)C)C,-2.958607314841775,-2.5965704917907715,-2.391139030456543,-0.0023449957370758057
2377,Q03471_K251R,CC(=CCCC(=CCCC(=CCOP(=O)(O)OP(=O)(O)O)C)C)C,-3.8538719643217623,-2.5806562900543213,-2.385619640350342,0.02557358145713806
2378,Q03471_D116N,CC(=CCCC(=CCCC(=CCOP(=O)(O)OP(=O)(O)O)C)C)C,-2.8239087409443187,-2.574317693710327,-2.3869411945343018,0.031458497047424316
2379,Q03471_N244D,CC(=CCCC(=CCCC(=CCOP(=O)(O)OP(=O)(O)O)C)C)C,-2.4814860601221125,-2.629683017730713,-2.378748655319214,-0.016414642333984375
2380,Q03471_T89F,CC(=CCCC(=CCCC(=CCOP(=O)(O)OP(=O)(O)O)C)C)C,-2.3010299956639813,-2.5958540439605713,-2.4148688316345215,0.04789277911186218
2381,Q03471_wild,CC(=CCCC(=CCCC(=CCOP(=O)(O)OP(=O)(O)O)C)C)C,-3.283996656365201,-2.5789718627929688,-2.3959426879882812,0.025351792573928833
2382,Q03471_Y341F,CC(=CCCC(=CCCC(=CCOP(=O)(O)OP(=O)(O)O)C)C)C,-3.744727494896694,-2.5848605632781982,-2.3781168460845947,0.014131009578704834
2383,Q03471_V88F,CC(=CCCC(=CCCC(=CCOP(=O)(O)OP(=O)(O)O)C)C)C,-3.154901959985743,-2.5844886302948,-2.3980562686920166,0.027478784322738647
2384,Q03471_L108A,CC(=CCCC(=CCCC(=CCOP(=O)(O)OP(=O)(O)O)C)C)C,-0.15490195998574322,-2.578019857406616,-2.37567400932312,-0.00666239857673645
2385,Q03471_S248A,CC(=CCCC(=CCCC(=CCOP(=O)(O)OP(=O)(O)O)C)C)C,-2.2596373105057563,-2.5945608615875244,-2.3846547603607178,0.008165508508682251
2386,Q03471_E119Q,CC(=CCCC(=CCCC(=CCOP(=O)(O)OP(=O)(O)O)C)C)C,-3.8239087409443187,-2.5795929431915283,-2.3750417232513428,0.022805333137512207
2387,Q03471_E252D,CC(=CCCC(=CCCC(=CCOP(=O)(O)OP(=O)(O)O)C)C)C,-2.468521082957745,-2.5783374309539795,-2.393120050430298,0.019483208656311035
2388,Q03471_D115E,CC(=CCCC(=CCCC(=CCOP(=O)(O)OP(=O)(O)O)C)C)C,-2.5686362358410126,-2.668623685836792,-2.3457839488983154,-0.06578627228736877
2389,Q03471_V88A,CC(=CCCC(=CCCC(=CCOP(=O)(O)OP(=O)(O)O)C)C)C,-3.193820026016113,-2.576273202896118,-2.3853938579559326,0.008579552173614502
2390,Q03471_D203L,CC(=CCCC(=CCCC(=CCOP(=O)(O)OP(=O)(O)O)C)C)C,-3.1307682802690238,-2.5779857635498047,-2.398958444595337,0.04846733808517456
2391,Q03471_L108S,CC(=CCCC(=CCCC(=CCOP(=O)(O)OP(=O)(O)O)C)C)C,-0.004364805402450088,-2.5573313236236572,-2.388578176498413,0.006147295236587524
2392,Q03471_Y92C,CC(=CCCC(=CCCC(=CCOP(=O)(O)OP(=O)(O)O)C)C)C,-1.2992962828549808,-2.5585124492645264,-2.398538827896118,0.028423815965652466
2393,Q03471_L108V,CC(=CCCC(=CCCC(=CCOP(=O)(O)OP(=O)(O)O)C)C)C,0.3074960379131915,-2.586054563522339,-2.389238119125366,0.01080256700515747
2394,Q03471_E119D,CC(=CCCC(=CCCC(=CCOP(=O)(O)OP(=O)(O)O)C)C)C,-3.494850021680094,-2.57806658744812,-2.3961546421051025,0.030372291803359985
2395,Q03471_E252Q,CC(=CCCC(=CCCC(=CCOP(=O)(O)OP(=O)(O)O)C)C)C,-1.9956786262173574,-2.602339267730713,-2.3629329204559326,-0.024740904569625854
2396,Q03471_Y92F,CC(=CCCC(=CCCC(=CCOP(=O)(O)OP(=O)(O)O)C)C)C,-4.920818753952375,-2.5707545280456543,-2.3914711475372314,0.029730170965194702
2397,Q03471_L108F,CC(=CCCC(=CCCC(=CCOP(=O)(O)OP(=O)(O)O)C)C)C,0.24551266781414982,-2.583561897277832,-2.4165356159210205,0.02888891100883484
2398,Q03471_T89A,CC(=CCCC(=CCCC(=CCOP(=O)(O)OP(=O)(O)O)C)C)C,-2.7569619513137056,-2.574272394180298,-2.3931005001068115,0.03268319368362427
2399,Q03471_Y92A,CC(=CCCC(=CCCC(=CCOP(=O)(O)OP(=O)(O)O)C)C)C,-1.0788339493622612,-2.557847023010254,-2.397517442703247,0.019980043172836304
2400,Q03471_R200K,CC(=CCCC(=CCCC(=CCOP(=O)(O)OP(=O)(O)O)C)C)C,-2.9829666607012197,-2.6774675846099854,-2.405184030532837,-0.018289506435394287
2401,Q980S1_S309D,C(C(C(C(C(C=O)O)O)O)O)OP(=O)(O)O,0.3010299956639812,0.7062810659408569,0.029637333005666733,1.0872993469238281
2402,Q980S1_S309V,C(C(C(C(C(C=O)O)O)O)O)OP(=O)(O)O,1.0791812460476249,0.6583017110824585,0.044697072356939316,1.032956600189209
2403,Q980S1_S309A,C(C(C(C(C(C=O)O)O)O)O)OP(=O)(O)O,0.9542425094393249,0.666077733039856,0.035674866288900375,1.0414271354675293
2404,Q980S1_S309Q,C(C(C(C(C(C=O)O)O)O)O)OP(=O)(O)O,0.7781512503836436,0.701887845993042,0.03408234938979149,1.087666630744934
2405,Q980S1_wild,C(C(C(C(C(C=O)O)O)O)O)OP(=O)(O)O,1.1139433523068367,0.6813646554946899,0.04610883817076683,1.0507477521896362
2406,Q5JDG9_wild,C1C(C(OC1OP(=O)(O)O)CO)O,1.0791812460476249,-0.27949532866477966,-0.46317318081855774,0.7656451463699341
2407,Q5JDG9_wild,C1=NC(=C2C(=N1)N(C=N2)C3C(C(C(O3)COP(=O)(O)OP(=O)(O)O)O)O)N,0.8633228601204559,0.11775092780590057,-0.5206758379936218,1.0387390851974487
2408,Q5JDG9_wild,C(C1C(C(C(O1)OP(=O)(O)O)O)O)O,-0.27572413039921095,0.013118084520101547,-0.34088748693466187,1.0774433612823486
2409,Q5JDG9_wild,C1=NC2=C(N1C3C(C(C(O3)COP(=O)(O)OP(=O)(O)O)O)O)N=C(NC2=O)N,1.2787536009528289,-0.05709728226065636,-0.19530536234378815,0.8718609809875488
2410,Q9LQ04_wild,C1C=CN(C=C1C(=O)N)C2C(C(C(O2)COP(=O)(O)OP(=O)(O)OCC3C(C(C(O3)N4C=NC5=C(N=CN=C54)N)OP(=O)(O)O)O)O)O,-2.0457574905606752,0.8207145929336548,-1.7494295835494995,2.138596534729004
2411,E3VXL5_wild,CC1C(=O)C(C(C(O1)OP(=O)(O)OP(=O)(O)OCC2C(C(C(O2)N3C=CC(=O)NC3=O)O)O)O)O,0.2624510897304295,0.4300374686717987,-0.9971693158149719,1.503788709640503
2412,S6BFC0_wild,C1=CC(=C[N+](=C1)C2C(C(C(O2)COP(=O)([O-])OP(=O)(O)OCC3C(C(C(O3)N4C=NC5=C(N=CN=C54)N)O)O)O)O)C(=O)N,1.5101426994025717,0.9653924703598022,-0.10839977860450745,1.0778805017471313
2413,S6BFC0_wild,C1=CC(=C[N+](=C1)C2C(C(C(O2)COP(=O)(O)OP(=O)(O)OCC3C(C(C(O3)N4C=NC5=C(N=CN=C54)N)OP(=O)(O)O)O)O)O)C(=O)N,1.0086001717619133,0.7826956510543823,0.07524877786636353,1.1256446838378906
2414,S6BFC0_wild,C(C(C(C(CO)O)O)O)O,1.0043213737826426,0.68062424659729,1.4158087968826294,0.8194519281387329
2415,S6BFC0_D205A,C1=CC(=C[N+](=C1)C2C(C(C(O2)COP(=O)(O)OP(=O)(O)OCC3C(C(C(O3)N4C=NC5=C(N=CN=C54)N)OP(=O)(O)O)O)O)O)C(=O)N,0.40483371661993806,0.6532118320465088,0.13693460822105408,1.0444955825805664
2416,S6BFC0_wild,C(C(C(C(C(CO)O)O)O)O)O,1.4983105537896004,0.571567714214325,1.4863168001174927,0.5375403165817261
2417,S6BFC0_wild,C1C(C(C(C(O1)(CO)O)O)O)O,1.2966651902615312,1.2255964279174805,1.3020434379577637,0.5112411975860596
2418,S6BFC0_wild,C(C(C(C(=O)CO)O)O)O,0.9164539485499251,1.2048283815383911,0.34364673495292664,0.847945511341095
2419,Q8II79_wild,CC(=CCCC(=CCCC(=CCOP(=O)(O)OP(=O)(O)O)C)C)C,-2.677780705266081,-1.8963842391967773,-2.6825714111328125,1.2540020942687988
2420,Q8II79_wild,CC(=C)CCOP(=O)(O)OP(=O)(O)O,-2.619788758288394,-1.5892720222473145,-2.232825994491577,1.122568964958191
2421,Q8II79_wild,CC(=CCOP(=O)(O)OP(=O)(O)O)C,-1.1674910872937636,-1.4841207265853882,-1.9562515020370483,1.1796367168426514
2422,Q8II79_wild,CC(=CCCC(=CCOP(=O)(O)OP(=O)(O)O)C)C,-2.1079053973095196,-1.6577961444854736,-2.3879265785217285,1.1758737564086914
2423,Q94IE9_wild,CC(=C)CCOP(=O)(O)OP(=O)(O)O,-1.3160528692484879,-0.7993852496147156,-1.9352277517318726,1.35536789894104
2424,Q94IE9_wild,CC(=CCCC(=CCCC(=CCOP(=O)(O)OP(=O)(O)O)C)C)C,-0.5606673061697374,-0.9406813383102417,-2.1916754245758057,1.3831387758255005
2425,Q94IE9_wild,CC(=CCCC(=CCOP(=O)(O)OP(=O)(O)O)C)C,-2.0132282657337552,-0.7160731554031372,-1.9736480712890625,1.336159586906433
2426,Q94IE9_wild,CC(=CCOP(=O)(O)OP(=O)(O)O)C,-1.5100415205751654,-0.5798138380050659,-1.6445006132125854,1.3513094186782837
2427,Q94IE8_wild,CC(=CCCC(=CCOP(=O)(O)OP(=O)(O)O)C)C,-1.958607314841775,-0.9375835061073303,-2.343876600265503,1.5526551008224487
2428,Q94IE8_wild,CC(=CCOP(=O)(O)OP(=O)(O)O)C,-2.0861861476162833,-0.8089655041694641,-1.908894419670105,1.5447067022323608
2429,Q94IE8_wild,CC(=CCCC(=CCCC(=CCOP(=O)(O)OP(=O)(O)O)C)C)C,-0.728158393463501,-1.155315637588501,-2.5560920238494873,1.6187275648117065
2430,Q94IE8_wild,CC(=C)CCOP(=O)(O)OP(=O)(O)O,-1.5199930570428495,-1.0180857181549072,-2.1399343013763428,1.545418381690979
2431,Q1GNW6_wild,CC(=O)NCCC(C(=O)O)N,0.6901960800285136,1.3150715827941895,-0.2861948311328888,0.9776023030281067
2432,Q16775_wild,CC(C(=O)SCC(C(=O)NCC(=O)O)NC(=O)CCC(C(=O)O)N)O,-0.835647144215563,2.3961431980133057,-0.8995779752731323,1.9715973138809204
2433,Q16775_wild,C1=CC=C(C=C1)C(C(=O)SCC(C(=O)NCC(=O)[O-])NC(=O)CCC(C(=O)[O-])[NH3+])O,-1.537602002101044,1.6885697841644287,-1.0904181003570557,1.7101805210113525
2434,Q6KF36_wild,CC(C(=O)SCC(C(=O)NCC(=O)O)NC(=O)CCC(C(=O)O)N)O,0.47712125471966244,1.911210298538208,-0.5442187190055847,2.28132963180542
2435,Q2PYN0_Y291R/C294K,CC(C(=O)SCC(C(=O)NCC(=O)O)NC(=O)CCC(C(=O)O)N)O,-0.35753547975787864,1.8042117357254028,-0.5622578263282776,2.1008708477020264
2436,H9TZS7_wild,C1=C(C=C(C(=C1O)O)O)C2=[O+]C3=CC(=CC(=C3C=C2O)O)O.[Cl-],-0.8827287043442358,0.17452386021614075,-1.1381219625473022,1.3023135662078857
2437,H9TZS7_wild,C1C=CN(C=C1C(=O)N)C2C(C(C(O2)COP(=O)(O)OP(=O)(O)OCC3C(C(C(O3)N4C=NC5=C(N=CN=C54)N)OP(=O)(O)O)O)O)O,-0.7144426909922262,0.10903683304786682,-1.9236048460006714,1.8690158128738403
2438,H9TZS7_wild,C1=CC(=C(C=C1C2=[O+]C3=CC(=CC(=C3C=C2O)O)O)O)O,-0.7544873321858502,-0.09562315046787262,-1.5018430948257446,1.596065640449524
2439,H9TZS7_wild,C1=CC(=CC=C1C2=[O+]C3=CC(=CC(=C3C=C2O)O)O)O,-0.8696662315049939,-0.15644396841526031,-1.9269697666168213,1.5732598304748535
2440,H9TZS7_wild,C1C=CN(C=C1C(=O)N)C2C(C(C(O2)COP(=O)(O)OP(=O)(O)OCC3C(C(C(O3)N4C=NC5=C(N=CN=C54)N)O)O)O)O,-0.08777794346758448,0.26700374484062195,-1.4272257089614868,1.705371379852295
2441,G5ADV1_wild,C1=NC(=C2C(=N1)N(C=N2)C3C(C(C(O3)COP(=O)(O)OP(=O)(O)OP(=O)(O)O)O)O)N,0.6627578316815741,2.086461305618286,-0.1359524428844452,2.207249402999878
2442,G5ADV1_wild,C(CS(=O)(=O)O)N=C(N)N,-0.28399665636520094,1.979400873184204,0.11494272947311401,1.3231616020202637
2443,G5ADV1_wild,C(C(=O)O)N=C(N)N,0.7853298350107599,1.8586496114730835,0.3085046708583832,1.3366520404815674
2444,Q4AEC6_wild,C(CS(=O)(=O)O)N=C(N)N,-0.03952922246570109,1.389866590499878,-0.2498968541622162,1.1073672771453857
2445,Q4AEC6_T70A,C(CS(=O)(=O)O)N=C(N)N,0.27137687189407456,1.4181909561157227,-0.2602284252643585,1.1411738395690918
2446,Q4AEC8_wild,C(CS(=O)(=O)O)N=C(N)N,0.32633586092875144,1.4786345958709717,-0.0654042512178421,1.107157588005066
2447,P36649_wild,[Mn+2],1.238798562713917,0.7138093709945679,-1.9255430698394775,1.4409470558166504
2448,P28907_W125F,C1=CC(=C[N+](=C1)C2C(C(C(O2)COP(=O)([O-])OP(=O)(O)OCC3C(C(C(O3)N4C=NC5=C(N=CN=C54)N)O)O)O)O)C(=O)N,-1.744727494896694,0.08196988701820374,-0.6467503309249878,1.4091591835021973
2449,P28907_W125Y,C1=CC(=C[N+](=C1)C2C(C(C(O2)COP(=O)([O-])OP(=O)(O)OCC3C(C(C(O3)N4C=NC5=C(N=CN=C54)N)O)O)O)O)C(=O)N,-2.2218487496163566,0.06156713142991066,-0.6444942355155945,1.3968802690505981
2450,P28907_W125F,C1=CC(=C[N+](=C1)C2C(C(C(O2)COP(=O)(O)OP(=O)(O)OCC3C(C(C(O3)N4C=NC5=C(N=CN=C54)N)OP(=O)(O)O)O)O)O)C(=O)N,-1.677780705266081,0.04681861028075218,-0.8578962087631226,1.4684492349624634
2451,P28907_W125Y,C1=CC(=C[N+](=C1)C2C(C(C(O2)COP(=O)(O)OP(=O)(O)OCC3C(C(C(O3)N4C=NC5=C(N=CN=C54)N)OP(=O)(O)O)O)O)O)C(=O)N,-1.7958800173440752,0.02463599666953087,-0.8576948046684265,1.4540672302246094
2452,P28907_W125F,C1=CC(=C[N+](=C1)C2C(C(C(O2)COP(=O)(O)OP(=O)(O)OCC3C(C(C(O3)N4C=NC5=C4N=C(NC5=O)N)O)O)O)O)C(=O)N,-2.3010299956639813,-0.061523232609033585,-0.5608465671539307,1.2315218448638916
2453,P28907_W125Y,C1=CC(=C[N+](=C1)C2C(C(C(O2)COP(=O)(O)OP(=O)(O)OCC3C(C(C(O3)N4C=NC5=C4N=C(NC5=O)N)O)O)O)O)C(=O)N,-2.6989700043360187,-0.07989434897899628,-0.5565648078918457,1.2180089950561523
2454,P28907_W125F,C1C2C(C(C(O2)N3C=NC4=C3N=CN(C4=N)C5C(C(C(O5)COP(=O)(OP(=O)(O1)O)O)O)O)O)O,-0.8068754016455384,-0.22522565722465515,-1.0410642623901367,1.4587469100952148
2455,P28907_W125Y,C1C2C(C(C(O2)N3C=NC4=C3N=CN(C4=N)C5C(C(C(O5)COP(=O)(OP(=O)(O1)O)O)O)O)O)O,-0.6615435063953952,-0.2418568730354309,-1.0416091680526733,1.4460017681121826
2456,P28907_E146L,C1=CC(=C[N+](=C1)C2C(C(C(O2)COP(=O)([O-])OP(=O)(O)OCC3C(C(C(O3)N4C=NC5=C(N=CN=C54)N)O)O)O)O)C(=O)N,-1.9208187539523751,0.03067651018500328,-0.6810904145240784,1.3568480014801025
2457,P28907_E146F,C1=CC(=C[N+](=C1)C2C(C(C(O2)COP(=O)([O-])OP(=O)(O)OCC3C(C(C(O3)N4C=NC5=C(N=CN=C54)N)O)O)O)O)C(=O)N,-1.7212463990471711,0.061114583164453506,-0.6937705874443054,1.3817131519317627
2458,P28907_E146D,C1=CC(=C[N+](=C1)C2C(C(C(O2)COP(=O)([O-])OP(=O)(O)OCC3C(C(C(O3)N4C=NC5=C(N=CN=C54)N)O)O)O)O)C(=O)N,-2.0969100130080562,0.0928848385810852,-0.6768838763237,1.4312107563018799
2459,P28907_E146G,C1=CC(=C[N+](=C1)C2C(C(C(O2)COP(=O)([O-])OP(=O)(O)OCC3C(C(C(O3)N4C=NC5=C(N=CN=C54)N)O)O)O)O)C(=O)N,-2.2218487496163566,0.08184532821178436,-0.6912605166435242,1.4182510375976562
2460,P28907_E146N,C1=CC(=C[N+](=C1)C2C(C(C(O2)COP(=O)([O-])OP(=O)(O)OCC3C(C(C(O3)N4C=NC5=C(N=CN=C54)N)O)O)O)O)C(=O)N,-1.6575773191777938,0.14971384406089783,-0.7075823545455933,1.4264857769012451
2461,P28907_E146A,C1=CC(=C[N+](=C1)C2C(C(C(O2)COP(=O)([O-])OP(=O)(O)OCC3C(C(C(O3)N4C=NC5=C(N=CN=C54)N)O)O)O)O)C(=O)N,-1.7212463990471711,0.05511000379920006,-0.6852831244468689,1.3852771520614624
2462,P28907_wild,C1=CC(=C[N+](=C1)C2C(C(C(O2)COP(=O)([O-])OP(=O)(O)OCC3C(C(C(O3)N4C=NC5=C(N=CN=C54)N)O)O)O)O)C(=O)N,-1.3187587626244128,0.07203958928585052,-0.6723306179046631,1.4134377241134644
2463,P28907_wild,C1=CC(=C[N+](=C1)C2C(C(C(O2)COP(=O)(O)OP(=O)(O)OCC3C(C(C(O3)N4C=NC5=C(N=CN=C54)N)OP(=O)(O)O)O)O)O)C(=O)N,-1.6989700043360187,0.03236542269587517,-0.8851101398468018,1.4727507829666138
2464,P28907_E146A,C1=CC(=C[N+](=C1)C2C(C(C(O2)COP(=O)(O)OP(=O)(O)OCC3C(C(C(O3)N4C=NC5=C(N=CN=C54)N)OP(=O)(O)O)O)O)O)C(=O)N,-1.3279021420642825,0.005498941987752914,-0.8946013450622559,1.4516680240631104
2465,P28907_E146F,C1=CC(=C[N+](=C1)C2C(C(C(O2)COP(=O)(O)OP(=O)(O)OCC3C(C(C(O3)N4C=NC5=C(N=CN=C54)N)OP(=O)(O)O)O)O)O)C(=O)N,-0.7958800173440752,0.00457422062754631,-0.8978931903839111,1.44852614402771
2466,P28907_E146N,C1=CC(=C[N+](=C1)C2C(C(C(O2)COP(=O)(O)OP(=O)(O)OCC3C(C(C(O3)N4C=NC5=C(N=CN=C54)N)OP(=O)(O)O)O)O)O)C(=O)N,-1.0861861476162833,0.10492447018623352,-0.9119516611099243,1.4919100999832153
2467,P28907_E146L,C1=CC(=C[N+](=C1)C2C(C(C(O2)COP(=O)(O)OP(=O)(O)OCC3C(C(C(O3)N4C=NC5=C(N=CN=C54)N)OP(=O)(O)O)O)O)O)C(=O)N,-0.9469215565165803,-0.03325165808200836,-0.8950453996658325,1.4217345714569092
2468,P28907_E146G,C1=CC(=C[N+](=C1)C2C(C(C(O2)COP(=O)(O)OP(=O)(O)OCC3C(C(C(O3)N4C=NC5=C(N=CN=C54)N)OP(=O)(O)O)O)O)O)C(=O)N,-1.4436974992327127,0.047388751059770584,-0.8947319388389587,1.4893536567687988
2469,P28907_E146D,C1=CC(=C[N+](=C1)C2C(C(C(O2)COP(=O)(O)OP(=O)(O)OCC3C(C(C(O3)N4C=NC5=C(N=CN=C54)N)OP(=O)(O)O)O)O)O)C(=O)N,-2.0969100130080562,0.05639628693461418,-0.8777498006820679,1.4929227828979492
2470,P28907_wild,C1=CC(=C[N+](=C1)C2C(C(C(O2)COP(=O)(O)OP(=O)(O)OCC3C(C(C(O3)N4C=NC5=C4N=C(NC5=O)N)O)O)O)O)C(=O)N,-2.3979400086720375,-0.07460267841815948,-0.5902460813522339,1.2359453439712524
2471,P28907_E146A,C1=CC(=C[N+](=C1)C2C(C(C(O2)COP(=O)(O)OP(=O)(O)OCC3C(C(C(O3)N4C=NC5=C4N=C(NC5=O)N)O)O)O)O)C(=O)N,-1.275724130399211,-0.08622731268405914,-0.6150956153869629,1.21919584274292
2472,P28907_E146F,C1=CC(=C[N+](=C1)C2C(C(C(O2)COP(=O)(O)OP(=O)(O)OCC3C(C(C(O3)N4C=NC5=C4N=C(NC5=O)N)O)O)O)O)C(=O)N,-0.9030899869919435,-0.08190427720546722,-0.6242369413375854,1.2191383838653564
2473,P28907_E146N,C1=CC(=C[N+](=C1)C2C(C(C(O2)COP(=O)(O)OP(=O)(O)OCC3C(C(C(O3)N4C=NC5=C4N=C(NC5=O)N)O)O)O)O)C(=O)N,-1.0409586076789064,0.008782301098108292,-0.6216433048248291,1.2542089223861694
2474,P28907_E146L,C1=CC(=C[N+](=C1)C2C(C(C(O2)COP(=O)(O)OP(=O)(O)OCC3C(C(C(O3)N4C=NC5=C4N=C(NC5=O)N)O)O)O)O)C(=O)N,-0.6757175447023074,-0.11412020027637482,-0.6192699670791626,1.1891710758209229
2475,P28907_E146D,C1=CC(=C[N+](=C1)C2C(C(C(O2)COP(=O)(O)OP(=O)(O)OCC3C(C(C(O3)N4C=NC5=C4N=C(NC5=O)N)O)O)O)O)C(=O)N,-1.4436974992327127,-0.04762579873204231,-0.5883219242095947,1.2551298141479492
2476,P28907_E146G,C1=CC(=C[N+](=C1)C2C(C(C(O2)COP(=O)(O)OP(=O)(O)OCC3C(C(C(O3)N4C=NC5=C4N=C(NC5=O)N)O)O)O)O)C(=O)N,-1.1079053973095196,-0.05784134939312935,-0.6187549829483032,1.248761534690857
2477,P28907_wild,C1C2C(C(C(O2)N3C=NC4=C3N=CN(C4=N)C5C(C(C(O5)COP(=O)(OP(=O)(O1)O)O)O)O)O)O,-0.3767507096020995,-0.242108553647995,-1.0633678436279297,1.466702938079834
2478,P28907_E146F,C1C2C(C(C(O2)N3C=NC4=C3N=CN(C4=N)C5C(C(C(O5)COP(=O)(OP(=O)(O1)O)O)O)O)O)O,-0.7695510786217261,-0.2901856303215027,-1.094380259513855,1.44236159324646
2479,P28907_E146N,C1C2C(C(C(O2)N3C=NC4=C3N=CN(C4=N)C5C(C(C(O5)COP(=O)(OP(=O)(O1)O)O)O)O)O)O,-0.6777807052660807,-0.16174623370170593,-1.1087127923965454,1.4894055128097534
2480,P28907_E146L,C1C2C(C(C(O2)N3C=NC4=C3N=CN(C4=N)C5C(C(C(O5)COP(=O)(OP(=O)(O1)O)O)O)O)O)O,-0.28399665636520094,-0.3297630548477173,-1.0817731618881226,1.4152462482452393
2481,P28907_E146A,C1C2C(C(C(O2)N3C=NC4=C3N=CN(C4=N)C5C(C(C(O5)COP(=O)(OP(=O)(O1)O)O)O)O)O)O,-0.853871964321762,-0.2881864309310913,-1.0759385824203491,1.4425262212753296
2482,P28907_E146G,C1C2C(C(C(O2)N3C=NC4=C3N=CN(C4=N)C5C(C(C(O5)COP(=O)(OP(=O)(O1)O)O)O)O)O)O,-0.3767507096020995,-0.239180788397789,-1.0751558542251587,1.4740581512451172
2483,Q64244_wild,C1=CC(=C[N+](=C1)C2C(C(C(O2)COP(=O)(O)OP(=O)(O)OCC3C(C(C(O3)N4C=NC5=C4N=C(NC5=O)N)O)O)O)O)C(=O)N,-1.5228787452803376,0.6157660484313965,-0.21459953486919403,1.2267615795135498
2484,Q9ZAG3_wild,C1C(O1)C2=CC=CC=C2,0.14612803567823798,0.28291067481040955,0.5057861804962158,0.05387067794799805
2485,Q8GVE3_wild,CC1C(C(C(C(O1)OP(=O)(O)OP(=O)(O)OCC2C(C(C(O2)N3C=CC(=O)NC3=O)O)O)O)O)O,-2.958607314841775,0.09507188200950623,-0.7307227849960327,1.1437722444534302
2486,Q8GVE3_wild,C1C(OC2=CC(=CC(=C2C1=O)O)OC3C(C(C(C(O3)CO)O)O)O)C4=CC=C(C=C4)O,-2.619788758288394,-0.13379454612731934,-1.2504396438598633,1.607285976409912
2487,Q8GVE3_wild,COC1=C(C=C(C=C1)C2CC(=O)C3=C(C=C(C=C3O2)OC4C(C(C(C(O4)CO)O)O)O)O)O,-1.3819519032879073,0.04899273440241814,-1.0558507442474365,1.909929871559143
2488,Q7XYS9_wild,CC(=CCOP(=O)(O)OP(=O)(O)O)C,-2.148741651280925,-0.6940959095954895,-1.889492154121399,1.5114539861679077
2489,Q7XYT0_wild,CC(=CCOP(=O)(O)OP(=O)(O)O)C,-2.2218487496163566,-0.9076072573661804,-1.881104588508606,1.4515362977981567
2490,Q7XYT0_wild,CC(=C)CCOP(=O)(O)OP(=O)(O)O,-2.2365720064370627,-1.1228245496749878,-2.110786199569702,1.4496488571166992
2491,Q7XYS9_wild,CC(=C)CCOP(=O)(O)OP(=O)(O)O,-2.2596373105057563,-0.9323095679283142,-2.1030731201171875,1.4791581630706787
2492,Q7XYS9_wild,CC(=CCCC(=CCOP(=O)(O)OP(=O)(O)O)C)C,-2.7958800173440754,-0.8252344131469727,-2.3136985301971436,1.498637080192566
2493,Q7XYT0_wild,CC(=CCCC(=CCOP(=O)(O)OP(=O)(O)O)C)C,-1.8827287043442358,-1.0282248258590698,-2.322911024093628,1.463785171508789
2494,P05369_wild,CC(=CCCC(=CCOP(=O)(O)OP(=O)(O)O)C)C,-3.2218487496163566,-1.1552114486694336,-2.3467624187469482,1.2452315092086792
2495,P05369_wild,CC(=C)CCOP(=O)(O)OP(=O)(O)O,-2.5228787452803374,-1.2030372619628906,-2.0050806999206543,1.2063885927200317
2496,B9TRW8_wild,CC1C(C(C(C(O1)OP(=O)(O)OP(=O)(O)OCC2C(C(C(O2)N3C=NC4=C3N=C(NC4=O)N)O)O)O)O)O,-0.9208187539523751,0.8760162591934204,-0.9551987648010254,1.816961646080017
2497,P50162_wild,C1C=CN(C=C1C(=O)N)C2C(C(C(O2)COP(=O)(O)OP(=O)(O)OCC3C(C(C(O3)N4C=NC5=C(N=CN=C54)N)OP(=O)(O)O)O)O)O,-1.9355420107730814,0.7055950164794922,-1.7248836755752563,2.082690715789795
2498,P50162_H112Y,CN1C2CCC1CC(=O)C2,-0.4710832997223453,0.3007429242134094,-0.3186195194721222,0.69166100025177
2499,P50162_H112Y,C1C=CN(C=C1C(=O)N)C2C(C(C(O2)COP(=O)(O)OP(=O)(O)OCC3C(C(C(O3)N4C=NC5=C(N=CN=C54)N)OP(=O)(O)O)O)O)O,-1.6840296545430822,0.6950720548629761,-1.7469648122787476,2.109482765197754
2500,P50162_A160S,C1C=CN(C=C1C(=O)N)C2C(C(C(O2)COP(=O)(O)OP(=O)(O)OCC3C(C(C(O3)N4C=NC5=C(N=CN=C54)N)OP(=O)(O)O)O)O)O,-1.3467874862246563,0.7028611898422241,-1.7173529863357544,2.0607080459594727
2501,P50162_A160S,CN1C2CCC1CC(=O)C2,-0.7569619513137056,0.29818642139434814,-0.28147122263908386,0.6503826975822449
2502,P50162_V168E,CN1C2CCC1CC(=O)C2,0.8692317197309762,0.25303518772125244,-0.2612135112285614,0.6135978102684021
2503,P50162_V168E,C1C=CN(C=C1C(=O)N)C2C(C(C(O2)COP(=O)(O)OP(=O)(O)OCC3C(C(C(O3)N4C=NC5=C(N=CN=C54)N)OP(=O)(O)O)O)O)O,-1.4023048140744876,0.6503783464431763,-1.6549001932144165,1.9787870645523071
2504,P50162_H112Y/A160S,C1C=CN(C=C1C(=O)N)C2C(C(C(O2)COP(=O)(O)OP(=O)(O)OCC3C(C(C(O3)N4C=NC5=C(N=CN=C54)N)OP(=O)(O)O)O)O)O,-1.0851281824599495,0.6916045546531677,-1.739916443824768,2.0878946781158447
2505,P50162_H112Y/A160S,CN1C2CCC1CC(=O)C2,0.1583624920952497,0.2946392297744751,-0.31114503741264343,0.6686041355133057
2506,P50162_A160S/V168E,C1C=CN(C=C1C(=O)N)C2C(C(C(O2)COP(=O)(O)OP(=O)(O)OCC3C(C(C(O3)N4C=NC5=C(N=CN=C54)N)OP(=O)(O)O)O)O)O,-1.431798275933005,0.6449145078659058,-1.6500039100646973,1.9594374895095825
2507,P50162_A160S/V168E,CN1C2CCC1CC(=O)C2,1.1238516409670858,0.24261122941970825,-0.2588181793689728,0.5910186767578125
2508,P50162_V168E/H112Y,C1C=CN(C=C1C(=O)N)C2C(C(C(O2)COP(=O)(O)OP(=O)(O)OCC3C(C(C(O3)N4C=NC5=C(N=CN=C54)N)OP(=O)(O)O)O)O)O,-1.2487208960166578,0.6375446319580078,-1.6718312501907349,2.0029969215393066
2509,P50162_V168E/H112Y,CN1C2CCC1CC(=O)C2,0.877371345869774,0.24933284521102905,-0.2826457917690277,0.6293561458587646
2510,P50162_H112Y/A160S/V168E,CN1C2CCC1CC(=O)C2,0.7788744720027395,0.23953968286514282,-0.28046372532844543,0.607411801815033
2511,P50162_H112Y/A160S/V168E,C1C=CN(C=C1C(=O)N)C2C(C(C(O2)COP(=O)(O)OP(=O)(O)OCC3C(C(C(O3)N4C=NC5=C(N=CN=C54)N)OP(=O)(O)O)O)O)O,-1.083546051450075,0.6334114670753479,-1.667554497718811,1.9843204021453857
2512,P50162_I223L/F226L,CN1C2CCC1CC(=O)C2,0.7084209001347128,0.31278765201568604,-0.28506210446357727,0.6732208728790283
2513,P50162_I223L/F226L,C1C=CN(C=C1C(=O)N)C2C(C(C(O2)COP(=O)(O)OP(=O)(O)OCC3C(C(C(O3)N4C=NC5=C(N=CN=C54)N)OP(=O)(O)O)O)O)O,-1.8794260687941502,0.7147105932235718,-1.7282097339630127,2.0808706283569336
2514,P50162_H112Y/A160S/V168E/I223L/F226L,C1C=CN(C=C1C(=O)N)C2C(C(C(O2)COP(=O)(O)OP(=O)(O)OCC3C(C(C(O3)N4C=NC5=C(N=CN=C54)N)OP(=O)(O)O)O)O)O,-1.3861581781239307,0.6390315890312195,-1.670770287513733,1.9822230339050293
2515,P50162_H112Y/A160S/V168E/I223L/F226L,CN1C2CCC1CC(=O)C2,0.5888317255942073,0.2467019259929657,-0.2772923707962036,0.604455828666687
2516,P50162_H112F,CN1C2CCC1CC(=O)C2,-0.3010299956639812,0.3061259090900421,-0.3305346667766571,0.694747269153595
2517,P50162_H112F,C1C=CN(C=C1C(=O)N)C2C(C(C(O2)COP(=O)(O)OP(=O)(O)OCC3C(C(C(O3)N4C=NC5=C(N=CN=C54)N)OP(=O)(O)O)O)O)O,-1.7772835288524167,0.7042160034179688,-1.7718091011047363,2.125776767730713
2518,A7DY56_wild,CN1C2CCC1CC(=O)C2,0.5171958979499743,0.09056442975997925,-0.14150336384773254,0.3293493688106537
2519,A7DY56_wild,C1CC2CC(=O)CC1N2,0.3014640731432998,0.450602650642395,-0.6081470251083374,0.5708244442939758
2520,A7DY56_wild,C1CN2CCC1CC2=O,0.4209454059219722,-0.008969377726316452,0.06583347916603088,0.4323493242263794
2521,A7DY56_wild,CN1CCC(=O)CC1,0.8798410559865626,0.7769461870193481,-0.3330758512020111,0.6773362159729004
2522,A7DY56_wild,CC1CCCC(=O)C1,-1.8860566476931633,-0.018425140529870987,-0.2390250861644745,0.1204986721277237
2523,A7DY56_wild,CC1CCC(=O)CC1,-1.8239087409443187,0.2957550287246704,-0.6070816516876221,0.5637871026992798
2524,A7DY56_wild,C1CC2CC(=O)CC1S2,-1.3767507096020997,0.4523311257362366,-0.29754021763801575,0.5850825309753418
2525,Q6EMC0_wild,C1C=CN(C=C1C(=O)N)C2C(C(C(O2)COP(=O)(O)OP(=O)(O)OCC3C(C(C(O3)N4C=NC5=C(N=CN=C54)N)O)O)O)O,-1.7375489102695705,1.0532820224761963,-1.3241103887557983,2.523123264312744
2526,Q6EMC0_wild,[Fe+3],-1.5030703519267852,-0.32556068897247314,-2.4946491718292236,2.0711522102355957
2527,Q60364_wild,C(C(C(C(=O)CO)O)O)OP(=O)(O)O,-0.853871964321762,0.4174269735813141,0.030135925859212875,1.4063670635223389
2528,Q60364_S22A,C(C(C(C(=O)CO)O)O)OP(=O)(O)O,-0.3595185630295782,0.4060678780078888,0.038187380880117416,1.389541745185852
2529,Q60364_D23S,C(C(C(C(=O)CO)O)O)OP(=O)(O)O,-0.34390179798716813,0.3869289755821228,0.015339147299528122,1.4073922634124756
2530,Q60364_C55S,C(C(C(C(=O)CO)O)O)OP(=O)(O)O,-0.7189666327522725,0.3765643537044525,0.0497429259121418,1.3656920194625854
2531,Q60364_C55G,C(C(C(C(=O)CO)O)O)OP(=O)(O)O,-0.03292026585550295,0.37301623821258545,0.04565606638789177,1.3688446283340454
2532,Q60364_T112A,C(C(C(C(=O)CO)O)O)OP(=O)(O)O,0.15075643986030904,0.34506621956825256,0.04916937276721001,1.3235442638397217
2533,Q60364_T115A,C(C(C(C(=O)CO)O)O)OP(=O)(O)O,-0.5783960731301689,0.39428430795669556,0.044172462075948715,1.3972504138946533
2534,Q60364_D118S,C(C(C(C(=O)CO)O)O)OP(=O)(O)O,-0.5968794788241821,0.38924744725227356,0.010807987302541733,1.3951408863067627
2535,Q60364_R119S,C(C(C(C(=O)CO)O)O)OP(=O)(O)O,0.07918124604762482,0.3559931516647339,0.06614454090595245,1.313122034072876
2536,Q60364_T122A,C(C(C(C(=O)CO)O)O)OP(=O)(O)O,-0.8996294548824371,0.42981353402137756,0.023384641855955124,1.423387050628662
2537,Q60364_H147S,C(C(C(C(=O)CO)O)O)OP(=O)(O)O,-1.3872161432802645,0.1712053418159485,0.07908006012439728,1.1524763107299805
2538,Q60364_R161S,C(C(C(C(=O)CO)O)O)OP(=O)(O)O,0.011147360775797479,0.04263847693800926,0.14488816261291504,0.9989680051803589
2539,P39462_wild,CO,1.4313637641589874,-0.5198984742164612,1.155739665031433,-0.2234191596508026
2540,P39462_wild,CC(C)O,-0.3010299956639812,-0.2104017734527588,0.44385436177253723,0.5470251441001892
2541,P39462_wild,CC1CCCC(C1)O,-1.677780705266081,0.3347834050655365,-0.0227050818502903,1.4379581212997437
2542,P39462_wild,COC1=CC=C(C=C1)C=O,-2.6020599913279625,0.6106244325637817,-0.7343313097953796,1.9375008344650269
2543,P39462_wild,CC(=O)C,0.8195439355418687,-0.07284244894981384,-0.6072853803634644,0.6708688139915466
2544,P39462_wild,CCC(=O)C,1.146128035678238,0.233437180519104,-0.6848211288452148,0.7109912633895874
2545,P39462_wild,CC(C)C(=O)C,0.8750612633917001,0.11042746901512146,-0.3060027062892914,0.8156052231788635
2546,P39462_wild,CC1CCCC(=O)C1,-0.6020599913279624,0.15281441807746887,-0.10551851987838745,1.1512975692749023
2547,Q969T7_wild,CN1C=[N+](C2=C1C(=O)NC(=N2)N)C3C(C(C(O3)COP(=O)(O)O)O)O,-2.1079053973095196,-0.3374468684196472,-1.0756539106369019,1.2031553983688354
2548,Q969T7_wild,C1=CN(C(=O)N=C1N)C2C(C(C(O2)COP(=O)(O)O)O)O,-1.1023729087095586,0.0009030960500240326,-0.8656741380691528,1.169057846069336
2549,Q969T7_wild,C1=CN(C(=O)NC1=O)C2C(C(C(O2)COP(=O)(O)O)O)O,-0.35753547975787864,-0.002443332225084305,-0.9877080917358398,1.1368452310562134
2550,Q9W197_wild,C1=CN(C(=O)N=C1N)C2C(C(C(O2)COP(=O)(O)O)O)O,-1.3187587626244128,0.4084174633026123,-0.9886471033096313,1.3572396039962769
2551,Q9W197_wild,C1=CN(C(=O)NC1=O)C2C(C(C(O2)COP(=O)(O)O)O)O,-1.0409586076789064,0.35652101039886475,-1.0876723527908325,1.28309965133667
2552,P26976_wild,C1=CN(C(=O)NC1=O)C2C(C(C(O2)COP(=O)(O)O)O)O,0.6020599913279624,0.8504299521446228,0.12621727585792542,1.2773590087890625
2553,Q9TRC7_wild,CNCCCCN,-0.08618614761628333,0.09323069453239441,-1.227333903312683,1.0031356811523438
2554,Q9TRC7_wild,C(CCN)CN,-0.5086383061657274,1.0329312086105347,-0.6234949827194214,0.7304854989051819
2555,Q9TRC7_wild,C(CCN)CCN,-0.5228787452803376,0.6165026426315308,-0.8226481676101685,0.3045380413532257
2556,Q2U4L7_wild,C(CC(=O)N)C(C(=O)O)N,0.07918124604762482,0.9120575785636902,0.06829963624477386,0.8890535831451416
2557,P17952_wild,CC(C(=O)O)OC1C(C(OC(C1O)CO)OP(=O)(O)OP(=O)(O)OCC2C(C(C(O2)N3C=CC(=O)NC3=O)O)O)NC(=O)C,-1.2365720064370627,0.026153575628995895,-1.127921462059021,1.5800418853759766
2558,P17952_wild,C1=NC(=C2C(=N1)N(C=N2)C3C(C(C(O3)COP(=O)(O)OP(=O)(O)OP(=O)(O)O)O)O)N,-1.0362121726544449,0.16066521406173706,-0.845430314540863,1.602001428604126
2559,P17952_wild,CC(C(=O)O)N,-1.0604807473813815,0.48435890674591064,0.1065886914730072,0.8533757328987122
2560,P17952_wild,C(C(C(=O)O)N)O,0.29885307640970665,-0.24133723974227905,0.24635449051856995,0.5179142951965332
2561,P17952_wild,C(C(=O)O)N,0.8970770032094203,0.16924890875816345,0.4308280050754547,0.49504268169403076
2562,P17952_wild,C(C(C(=O)O)N)Cl,-0.7619538968712045,-0.015200670808553696,-0.6017594933509827,1.0335376262664795
2563,P61489_wild,C1=NC(=C2C(=N1)N(C=N2)C3C(C(C(O3)COP(=O)(O)OP(=O)(O)OP(=O)(O)O)O)O)N,-0.5686362358410126,1.1675108671188354,0.05357657000422478,1.5180635452270508
2564,P61489_wild,C(C(C(=O)O)N)C(=O)O,-0.3010299956639812,1.027496576309204,0.827430784702301,1.1584081649780273
2565,P61489_Y8A,C(C(C(=O)O)N)C(=O)O,-0.06550154875643228,0.9143711924552917,0.8332598209381104,1.0273979902267456
2566,P61489_Y8A,C1=NC(=C2C(=N1)N(C=N2)C3C(C(C(O3)COP(=O)(O)OP(=O)(O)OP(=O)(O)O)O)O)N,-0.494850021680094,1.06929349899292,0.05826939269900322,1.3997001647949219
2567,P61489_G10A,C1=NC(=C2C(=N1)N(C=N2)C3C(C(C(O3)COP(=O)(O)OP(=O)(O)OP(=O)(O)O)O)O)N,0.12710479836480765,1.021028995513916,0.08441640436649323,1.3948229551315308
2568,P61489_G10A,C(C(C(=O)O)N)C(=O)O,0.5526682161121932,0.8733304142951965,0.8574644327163696,1.0327801704406738
2569,P61489_S12A,C1=NC(=C2C(=N1)N(C=N2)C3C(C(C(O3)COP(=O)(O)OP(=O)(O)OP(=O)(O)O)O)O)N,-0.494850021680094,1.163861632347107,0.049982864409685135,1.522794246673584
2570,P61489_S12A,C(C(C(=O)O)N)C(=O)O,-0.28399665636520094,1.0208075046539307,0.8407095670700073,1.1592843532562256
2571,P61489_A23L,C1=NC(=C2C(=N1)N(C=N2)C3C(C(C(O3)COP(=O)(O)OP(=O)(O)OP(=O)(O)O)O)O)N,-0.18708664335714442,1.1457576751708984,0.05297059938311577,1.4747657775878906
2572,P61489_A23L,C(C(C(=O)O)N)C(=O)O,-0.1426675035687315,0.9995412826538086,0.8379637598991394,1.118489384651184
2573,P61489_V39A,C(C(C(=O)O)N)C(=O)O,-0.050609993355087264,0.9869891405105591,0.8250014781951904,1.123319149017334
2574,P61489_V39A,C1=NC(=C2C(=N1)N(C=N2)C3C(C(C(O3)COP(=O)(O)OP(=O)(O)OP(=O)(O)O)O)O)N,-0.4814860601221125,1.1338951587677002,0.047238197177648544,1.4930788278579712
2575,P61489_S41A,C1=NC(=C2C(=N1)N(C=N2)C3C(C(C(O3)COP(=O)(O)OP(=O)(O)OP(=O)(O)O)O)O)N,-0.38721614328026455,1.115591287612915,0.057525407522916794,1.4766746759414673
2576,P61489_S41A,C(C(C(=O)O)N)C(=O)O,0.14301480025409505,0.9626941680908203,0.831445038318634,1.1114846467971802
2577,P61489_A42S,C(C(C(=O)O)N)C(=O)O,0.00860017176191757,0.9928991794586182,0.8282099962234497,1.1191754341125488
2578,P61489_A42S,C1=NC(=C2C(=N1)N(C=N2)C3C(C(C(O3)COP(=O)(O)OP(=O)(O)OP(=O)(O)O)O)O)N,-0.22184874961635637,1.1384029388427734,0.048363085836172104,1.4816985130310059
2579,P61489_T47A,C(C(C(=O)O)N)C(=O)O,0.3222192947339193,0.9101008176803589,0.8514538407325745,1.0658140182495117
2580,P61489_T47A,C1=NC(=C2C(=N1)N(C=N2)C3C(C(C(O3)COP(=O)(O)OP(=O)(O)OP(=O)(O)O)O)O)N,1.290034611362518,1.0518028736114502,0.06794343888759613,1.4212620258331299
2581,P61489_G73A,C1=NC(=C2C(=N1)N(C=N2)C3C(C(C(O3)COP(=O)(O)OP(=O)(O)OP(=O)(O)O)O)O)N,-0.21467016498923297,1.1083214282989502,0.08858382701873779,1.47088623046875
2582,P61489_G73A,C(C(C(=O)O)N)C(=O)O,0.10720996964786839,0.9627490043640137,0.8479222655296326,1.1134414672851562
2583,P61489_G135A,C1=NC(=C2C(=N1)N(C=N2)C3C(C(C(O3)COP(=O)(O)OP(=O)(O)OP(=O)(O)O)O)O)N,0.12710479836480765,1.1084084510803223,0.06194346025586128,1.4749103784561157
2584,P61489_G135A,C(C(C(=O)O)N)C(=O)O,-0.28399665636520094,0.9549142122268677,0.8273259401321411,1.1128700971603394
2585,P61489_F136A,C(C(C(=O)O)N)C(=O)O,-0.24412514432750865,0.9506290555000305,0.8445184230804443,1.1007349491119385
2586,P61489_F136A,C1=NC(=C2C(=N1)N(C=N2)C3C(C(C(O3)COP(=O)(O)OP(=O)(O)OP(=O)(O)O)O)O)N,0.7234556720351858,1.0877894163131714,0.058107730001211166,1.46622896194458
2587,P61489_L148A,C(C(C(=O)O)N)C(=O)O,-0.01322826573375511,0.942588746547699,0.8324477672576904,1.0910863876342773
2588,P61489_L148A,C1=NC(=C2C(=N1)N(C=N2)C3C(C(C(O3)COP(=O)(O)OP(=O)(O)OP(=O)(O)O)O)O)N,0.3222192947339193,1.094328761100769,0.04459405690431595,1.4518769979476929
2589,P61489_G149A,C1=NC(=C2C(=N1)N(C=N2)C3C(C(C(O3)COP(=O)(O)OP(=O)(O)OP(=O)(O)O)O)O)N,-0.44369749923271273,1.1043553352355957,0.05878789350390434,1.4710073471069336
2590,P61489_G149A,C(C(C(=O)O)N)C(=O)O,-0.38721614328026455,0.9563206434249878,0.8338873386383057,1.10658860206604
2591,P61489_R150A,C(C(C(=O)O)N)C(=O)O,-0.3372421683184259,0.829962968826294,0.850449800491333,1.0329456329345703
2592,P61489_R150A,C1=NC(=C2C(=N1)N(C=N2)C3C(C(C(O3)COP(=O)(O)OP(=O)(O)OP(=O)(O)O)O)O)N,0.08990511143939793,0.9743670225143433,0.07335647940635681,1.38580322265625
2593,P61489_G152A,C1=NC(=C2C(=N1)N(C=N2)C3C(C(C(O3)COP(=O)(O)OP(=O)(O)OP(=O)(O)O)O)O)N,-0.3767507096020995,1.077013611793518,0.057461898773908615,1.4478232860565186
2594,P61489_G152A,C(C(C(=O)O)N)C(=O)O,-0.3010299956639812,0.9311177730560303,0.8408793807029724,1.0803717374801636
2595,P61489_S153A,C(C(C(=O)O)N)C(=O)O,-0.3565473235138126,0.9403973817825317,0.8440612554550171,1.0955156087875366
2596,P61489_S153A,C1=NC(=C2C(=N1)N(C=N2)C3C(C(C(O3)COP(=O)(O)OP(=O)(O)OP(=O)(O)O)O)O)N,-0.3279021420642826,1.0825047492980957,0.06393870711326599,1.4510037899017334
2597,P61489_D154A,C(C(C(=O)O)N)C(=O)O,0.021189299069938092,0.8409520387649536,0.8397355079650879,1.0287342071533203
2598,P61489_D154A,C1=NC(=C2C(=N1)N(C=N2)C3C(C(C(O3)COP(=O)(O)OP(=O)(O)OP(=O)(O)O)O)O)N,0.07918124604762482,0.986825704574585,0.0791558176279068,1.3750191926956177
2599,P61489_D154N,C1=NC(=C2C(=N1)N(C=N2)C3C(C(C(O3)COP(=O)(O)OP(=O)(O)OP(=O)(O)O)O)O)N,-0.3279021420642826,1.1199058294296265,0.052923958748579025,1.4960530996322632
2600,P61489_D154N,C(C(C(=O)O)N)C(=O)O,-0.2006594505464183,0.9830923080444336,0.8275009393692017,1.1374495029449463
2601,P61489_A157L,C1=NC(=C2C(=N1)N(C=N2)C3C(C(C(O3)COP(=O)(O)OP(=O)(O)OP(=O)(O)O)O)O)N,-0.721246399047171,1.0892980098724365,0.06925590336322784,1.425781011581421
2602,P61489_A157L,C(C(C(=O)O)N)C(=O)O,-0.3467874862246563,0.9403823614120483,0.8407524824142456,1.070440411567688
2603,P61489_I171A,C1=NC(=C2C(=N1)N(C=N2)C3C(C(C(O3)COP(=O)(O)OP(=O)(O)OP(=O)(O)O)O)O)N,-0.431798275933005,1.0309865474700928,0.06189243867993355,1.4275299310684204
2604,P61489_I171A,C(C(C(=O)O)N)C(=O)O,-0.22184874961635637,0.8807421922683716,0.8479775190353394,1.0541560649871826
2605,P61489_D174A,C1=NC(=C2C(=N1)N(C=N2)C3C(C(C(O3)COP(=O)(O)OP(=O)(O)OP(=O)(O)O)O)O)N,-0.27572413039921095,1.0411674976348877,0.07570020854473114,1.4433391094207764
2606,P61489_D174A,C(C(C(=O)O)N)C(=O)O,-0.36653154442041347,0.908193051815033,0.8344132900238037,1.0858551263809204
2607,P61489_G177A,C1=NC(=C2C(=N1)N(C=N2)C3C(C(C(O3)COP(=O)(O)OP(=O)(O)OP(=O)(O)O)O)O)N,-0.46852108295774486,1.1299540996551514,0.03878522291779518,1.5021275281906128
2608,P61489_G177A,C(C(C(=O)O)N)C(=O)O,-0.5686362358410126,0.9843816757202148,0.827804684638977,1.140857458114624
2609,P61489_D182A,C1=NC(=C2C(=N1)N(C=N2)C3C(C(C(O3)COP(=O)(O)OP(=O)(O)OP(=O)(O)O)O)O)N,0.11727129565576427,1.0456905364990234,0.0584566630423069,1.4238320589065552
2610,P61489_D182A,C(C(C(=O)O)N)C(=O)O,0.3891660843645324,0.9003744125366211,0.8302689790725708,1.0755926370620728
2611,P61489_P183A,C(C(C(=O)O)N)C(=O)O,0.2787536009528289,0.9213998317718506,0.8452083468437195,1.0750150680541992
2612,P61489_P183A,C1=NC(=C2C(=N1)N(C=N2)C3C(C(C(O3)COP(=O)(O)OP(=O)(O)OP(=O)(O)O)O)O)N,0.07918124604762482,1.077347755432129,0.06575417518615723,1.423262357711792
2613,P61489_A189L,C(C(C(=O)O)N)C(=O)O,-0.00877392430750515,0.9874961376190186,0.8240171074867249,1.1345148086547852
2614,P61489_A189L,C1=NC(=C2C(=N1)N(C=N2)C3C(C(C(O3)COP(=O)(O)OP(=O)(O)OP(=O)(O)O)O)O)N,-0.3467874862246563,1.1310644149780273,0.035765815526247025,1.4882999658584595
2615,P61489_E202A,C(C(C(=O)O)N)C(=O)O,-0.5376020021010439,0.9946722984313965,0.8300342559814453,1.140052318572998
2616,P61489_E202A,C1=NC(=C2C(=N1)N(C=N2)C3C(C(C(O3)COP(=O)(O)OP(=O)(O)OP(=O)(O)O)O)O)N,-0.5686362358410126,1.1273736953735352,0.0723850280046463,1.4857885837554932
2617,P61489_T238A,C1=NC(=C2C(=N1)N(C=N2)C3C(C(C(O3)COP(=O)(O)OP(=O)(O)OP(=O)(O)O)O)O)N,-0.4089353929735008,1.040188193321228,0.0611141137778759,1.4048068523406982
2618,P61489_T238A,C(C(C(=O)O)N)C(=O)O,-0.25181197299379965,0.8907082676887512,0.8464667797088623,1.0487853288650513
2619,A4VJB4_wild,C(C(C(=O)O)N)C(=O)O,1.334453751150931,0.05049050226807594,0.7962043285369873,0.45951080322265625
2620,A4VJB4_wild,C1=NC(=C2C(=N1)N(C=N2)C3C(C(C(O3)COP(=O)(O)OP(=O)(O)OP(=O)(O)O)O)O)N,0.5797835966168101,0.4279036819934845,-0.04536886513233185,0.898834228515625
2621,P07547_wild,C1=NC(=C2C(=N1)N(C=N2)C3C(C(C(O3)COP(=O)(O)OP(=O)(O)OP(=O)(O)O)O)O)N,0.6812412373755872,0.5686066150665283,-0.6241812705993652,1.4705126285552979
2622,D4N500_wild,CN1CCC23C4C(=CC=C2C1CC5=C3C(=C(C=C5)OC)O4)OC,-1.6925039620867872,-1.4077924489974976,-1.112471342086792,0.7662315368652344
2623,D4N500_wild,CN1CCC23C4C(=CC=C2C1CC5=C3C(=C(C=C5)O)O4)OC,-1.812479279163537,-1.588829517364502,-1.1574681997299194,0.721041202545166
2624,D4N500_wild,C(CC(=O)O)C(=O)C(=O)O,-1.7851561519523023,-0.8312618732452393,-1.2372311353683472,0.8801811933517456
2625,B4G072_wild,COC1=CC2=C(C=C1)N(C(=O)C(O2)O)O,-1.1487416512809248,0.6230762004852295,-0.41794857382774353,1.6417481899261475
2626,B4G072_wild,C1=CN(C(=O)NC1=O)C2C(C(C(O2)COP(=O)(O)OP(=O)(O)OC3C(C(C(C(O3)CO)O)O)O)O)O,-1.0177287669604316,-0.016490373760461807,-0.48917698860168457,1.4737091064453125
2627,B4G072_wild,C1=CC=C2C(=C1)N(C(=O)C(O2)O)O,-0.19517932127883766,0.49945777654647827,-0.4927370250225067,1.604750394821167
2628,Q8W2B7_wild,COC1=CC2=C(C=C1)N(C(=O)C(O2)O)O,-1.0915149811213503,0.40083786845207214,-0.5696187615394592,1.668649673461914
2629,Q8W2B7_wild,C1=CC=C2C(=C1)N(C(=O)C(O2)O)O,-1.214670164989233,0.2866598963737488,-0.6406019926071167,1.7150585651397705
2630,Q8W2B7_wild,C1=CN(C(=O)NC1=O)C2C(C(C(O2)COP(=O)(O)OP(=O)(O)OC3C(C(C(C(O3)CO)O)O)O)O)O,-1.0915149811213503,-0.20762696862220764,-0.6870083212852478,1.5573408603668213
2631,Q2FZQ3_wild,CCCCCCCCCC=CC(=O)SCCNC(=O)CCNC(=O)C(C(C)(C)COP(=O)(O)OP(=O)(O)OCC1C(C(C(O1)N2C=NC3=C(N=CN=C32)N)O)OP(=O)(O)O)O,-1.6179829574251317,0.16407029330730438,-1.196205496788025,1.5868022441864014
2632,Q2FZQ3_wild,C1C=CN(C=C1C(=O)N)C2C(C(C(O2)COP(=O)(O)OP(=O)(O)OCC3C(C(C(O3)N4C=NC5=C(N=CN=C54)N)OP(=O)(O)O)O)O)O,-1.1499667423102309,0.4428822100162506,-1.1886245012283325,1.676493763923645
2633,Q2FZQ3_A95V,C1C=CN(C=C1C(=O)N)C2C(C(C(O2)COP(=O)(O)OP(=O)(O)OCC3C(C(C(O3)N4C=NC5=C(N=CN=C54)N)OP(=O)(O)O)O)O)O,-0.5696024086130332,0.3073192834854126,-1.1498749256134033,1.5438694953918457
2634,Q2FZQ3_F204S,C1C=CN(C=C1C(=O)N)C2C(C(C(O2)COP(=O)(O)OP(=O)(O)OCC3C(C(C(O3)N4C=NC5=C(N=CN=C54)N)OP(=O)(O)O)O)O)O,-0.3669357273085008,0.41613954305648804,-1.1963905096054077,1.5648062229156494
2635,P10172_wild,C(CC(=O)N)C(C(=O)O)N,-2.2365720064370627,0.5882937908172607,0.42266014218330383,0.7827413082122803
2636,P10172_wild,C(C(C(=O)O)N)C(=O)N,-2.318758762624413,1.0656800270080566,0.3397148549556732,1.5652927160263062
2637,K7N5M8_wild,C1=CC=C2C(=C1)C(=O)C3=C(C2=O)C(=C(C=C3NC4=CC(=C(C=C4)S(=O)(=O)O)NC5=NC(=NC(=N5)NC6=CC(=CC=C6)S(=O)(=O)O)Cl)S(=O)(=O)O)N,-1.3187587626244128,1.8861857652664185,-1.541512131690979,2.9121475219726562
2638,P47229_wild,C1=CC=C(C=C1)C(=CC=CC(=O)C(=O)O)[O-],-3.6989700043360187,0.35311850905418396,-1.4952142238616943,2.337705612182617
2639,Q2VLB9_wild,C1=CC=C(C=C1)C(=CC=CC(=O)C(=O)O)[O-],-3.721246399047171,0.4665677547454834,-1.447597622871399,2.426551342010498
2640,Q2VLB9_wild,C1=CC(=CC=C1C(=CC=CC(=O)C(=O)O)O)Cl,-3.8860566476931635,0.5773642063140869,-1.3649635314941406,2.3951215744018555
2641,P47229_S112C,C1=CC=C(C=C1)C(=CC=CC(=O)C(=O)O)[O-],-2.552841968657781,0.14505350589752197,-1.427833080291748,2.104351758956909
2642,P9WNH5_wild,C1=CC=C(C=C1)C(=CC=CC(=O)C(=O)O)[O-],-2.0969100130080562,0.07193604111671448,-1.7556266784667969,1.6209471225738525
2643,P80299_wild,C1=CC=C(C=C1)C2C(O2)C3=CC=CC=C3,-2.5228787452803374,0.07472552359104156,-1.5244231224060059,1.1880152225494385
2644,P80299_W334F,C1=CC=C(C=C1)C2C(O2)C3=CC=CC=C3,-1.2518119729937995,0.05717293545603752,-1.5304608345031738,1.1938261985778809
2645,P80299_H332Q,C1=CC=C(C=C1)C2C(O2)C3=CC=CC=C3,-2.070581074285707,0.034760963171720505,-1.506237506866455,1.1564263105392456
2646,P80299_W540L,C1=CC=C(C=C1)C2C(O2)C3=CC=CC=C3,-2.2218487496163566,0.04576468840241432,-1.5133875608444214,1.166770577430725
2647,P34913_wild,CCCCCC=CCC1C(O1)CCCCCCCC(=O)O,-2.8239087409443187,0.05196588858962059,-1.8128639459609985,1.1635940074920654
2648,P34913_wild,CCCCCC=CCC1C(O1)CC=CCC=CCCCC(=O)O,-2.468521082957745,-0.013724442571401596,-2.0964415073394775,1.4029031991958618
2649,P34913_wild,CCCCCC=CCC=CCC1C(O1)CC=CCCCC(=O)O,-2.769551078621726,0.16508913040161133,-2.07861065864563,1.558998703956604
2650,Q31QY2_wild,C(C(C(C(C(C(=O)COP(=O)(O)O)O)O)O)O)OP(=O)(O)O,-0.9281179926938746,0.9303632378578186,-0.47928503155708313,1.048867106437683
2651,F1SSH8_wild,CC(C)(COP(=O)(O)OP(=O)(O)OCC1C(C(C(O1)N2C=NC3=C(N=CN=C32)N)O)OP(=O)(O)O)C(C(=O)NCCC(=O)NCCS)O,-2.886056647693163,0.976922869682312,-1.6803839206695557,1.8915259838104248
2652,F1SSH8_wild,C1=CC(=C[N+](=C1)C2C(C(C(O2)COP(=O)([O-])OP(=O)(O)OCC3C(C(C(O3)N4C=NC5=C(N=CN=C54)N)O)O)O)O)C(=O)N,-1.677780705266081,0.9202700853347778,-1.0634193420410156,1.719811201095581
2653,Q6P6Z8_wild,C(CC(=O)O)C(=O)C(=O)O,-1.8181564120552274,0.3390033543109894,-1.5069389343261719,1.2898198366165161
2654,F1SSH8_wild,C(CC(=O)O)C(=O)C(=O)O,-0.958607314841775,0.464410662651062,-1.459199070930481,1.3472843170166016
2655,P0A8G6_wild,C1C=CN(C=C1C(=O)N)C2C(C(C(O2)COP(=O)(O)OP(=O)(O)OCC3C(C(C(O3)N4C=NC5=C(N=CN=C54)N)OP(=O)(O)O)O)O)O,-0.7695510786217261,1.6280725002288818,-0.9361883401870728,3.0875654220581055
2656,O29904_wild,C1C=CN(C=C1C(=O)N)C2C(C(C(O2)COP(=O)(O)OP(=O)(O)OCC3C(C(C(O3)N4C=NC5=C(N=CN=C54)N)O)O)O)O,-1.7212463990471711,1.635920524597168,-0.600298285484314,2.496756076812744
2657,O29904_wild,C1C=CN(C=C1C(=O)N)C2C(C(C(O2)COP(=O)(O)OP(=O)(O)OCC3C(C(C(O3)N4C=NC5=C(N=CN=C54)N)OP(=O)(O)O)O)O)O,-1.5086383061657274,1.5335426330566406,-0.8588445782661438,2.642812967300415
2658,O29904_wild,C1=CC(=O)C=CC1=O,-1.431798275933005,2.3377647399902344,-0.5131710171699524,2.848640203475952
2659,Q876Z7_wild,C(C1C(C(C(C(O1)OC2C(OC(C(C2O)O)O)CO)O)O)O)O,0.5440680443502757,1.1063050031661987,0.7422295808792114,0.7312413454055786
2660,Q876Z7_wild,C(C1C(C(C(C(O1)OC2C(OC(C(C2O)O)OC3C(OC(C(C3O)O)O)CO)CO)O)O)O)O,0.43136376415898736,0.9265275597572327,0.5525375604629517,0.7617688775062561
2661,Q876Z7_wild,C(C1C(C(C(C(O1)OC2C(OC(C(C2O)O)OC3C(OC(C(C3O)O)OC4C(OC(C(C4O)O)O)CO)CO)CO)O)O)O)O,0.38021124171160603,0.8870274424552917,0.5345064401626587,0.7885043621063232
2662,Q876Z7_wild,C(C1C(C(C(C(O1)OC2C(OC(C(C2O)O)OC3C(OC(C(C3O)O)OC4C(OC(C(C4O)O)OC5C(OC(C(C5O)O)OC6C(OC(C(C6O)O)O)CO)CO)CO)CO)CO)O)O)O)O,0.4623979978989561,1.0540906190872192,0.5408686399459839,0.9395617246627808
2663,Q876Z7_wild,C(C1C(C(C(C(O1)OC2C(OC(C(C2O)O)OC3C(OC(C(C3O)O)OC4C(OC(C(C4O)O)OC5C(OC(C(C5O)O)OC6C(OC(C(C6O)O)OC7C(OC(C(C7O)O)O)CO)CO)CO)CO)CO)CO)O)O)O)O,0.6901960800285136,1.1483572721481323,0.5515844225883484,0.9515523910522461
2664,Q17058_wild,C(C1C(C(C(C(O1)OC2C(OC(C(C2O)O)O)CO)O)O)O)O,1.0413926851582251,1.1278008222579956,0.85451340675354,0.5950450897216797
2665,Q17058_wild,C(C1C(C(C(C(O1)OC2C(OC(C(C2O)O)OC3C(OC(C(C3O)O)O)CO)CO)O)O)O)O,1.0,0.8506508469581604,0.5986872911453247,0.5755975842475891
2666,Q17058_wild,C(C1C(C(C(C(O1)OC2C(OC(C(C2O)O)OC3C(OC(C(C3O)O)OC4C(OC(C(C4O)O)O)CO)CO)CO)O)O)O)O,1.2041199826559248,0.7537813186645508,0.4743122160434723,0.6231669783592224
2667,Q17058_wild,C(C1C(C(C(C(O1)OC2C(OC(C(C2O)O)OC3C(OC(C(C3O)O)OC4C(OC(C(C4O)O)OC5C(OC(C(C5O)O)OC6C(OC(C(C6O)O)O)CO)CO)CO)CO)CO)O)O)O)O,1.7993405494535817,1.0194337368011475,0.449897438287735,0.8127535581588745
2668,Q17058_wild,C(C1C(C(C(C(O1)OC(C=O)C(C(C(CO)O)O)O)O)O)O)O,1.8260748027008264,1.0127042531967163,1.026734709739685,0.27265435457229614
2669,Q17058_wild,C(C1C(C(C(C(O1)O)O)OC2C(C(C(C(O2)CO)O)O)O)O)O,1.6434526764861874,1.0450011491775513,0.6630244851112366,0.35720354318618774
2670,Q17058_wild,C(C1C(C(C(C(O1)OCC2C(C(C(C(O2)O)O)O)O)O)O)O)O,1.7481880270062005,1.075759768486023,0.8760566711425781,0.28502345085144043
2671,Q17058_wild,C(C1C(C(C(C(O1)OC2(C(C(C(O2)CO)O)O)CO)O)O)O)O,1.4771212547196624,1.3819785118103027,1.0300397872924805,0.6002886295318604
2672,Q17058_wild,C(C1C(C(C(C(O1)OC(C(C(CO)O)O)C(=O)CO)O)O)O)O,1.4913616938342726,0.844272255897522,0.8324164152145386,0.28883230686187744
2673,Q17058_wild,C1=CC=C(C=C1)OC2C(C(C(C(O2)CO)O)O)O,1.3617278360175928,1.1018664836883545,0.6388412714004517,0.35282111167907715
2674,Q17058_wild,C1=CC(=CC=C1[N+](=O)[O-])OC2C(C(C(C(O2)CO)O)O)O,1.1139433523068367,1.0763158798217773,0.16364377737045288,0.5497725605964661
2675,Q04937_wild,C(C1C(C(C(O1)(CO)OC2C(C(C(C(O2)COP(=O)(O)O)O)O)O)O)O)O,-1.0,1.1779749393463135,0.8317703008651733,0.5887770056724548
2676,Q04937_wild,C(C1C(C(C(C(O1)OC2(C(C(C(O2)CO)O)O)CO)O)O)O)O,1.99563519459755,1.406585931777954,1.5781265497207642,0.38642290234565735
2677,P13522_wild,C(C1C(C(C(O1)(CO)OC2C(C(C(C(O2)COP(=O)(O)O)O)O)O)O)O)O,-1.0969100130080565,1.3923304080963135,0.6558477878570557,0.6311454772949219
2678,P13522_wild,C(C1C(C(C(C(O1)OC2(C(C(C(O2)CO)O)O)CO)O)O)O)O,2.146128035678238,1.6228148937225342,1.4360700845718384,0.4156791567802429
2679,H2E7T5_wild,CC(=CCCC(=CCCC(=CCCC=C(C)CCC=C(C)CCC=C(C)C)C)C)C,-1.4801720062242814,-0.6238161325454712,-1.7940839529037476,0.6163881421089172
2680,H2E7T6_wild,CC(=CCCC(=CCCC(=CCCC=C(C)CCC=C(C)CCC=C(C)C)C)C)C,-1.6478174818886375,-0.6567972898483276,-1.7546364068984985,0.522823691368103
2681,P80177_wild,C1=CC(=CC=C1CC(=O)C(=O)[O-])O,0.38021124171160603,1.5872803926467896,-0.9096256494522095,1.6884498596191406
2682,P80177_wild,C1=CC=C(C=C1)CC(=O)C(=O)O,0.7781512503836436,1.933469295501709,-0.08751250803470612,1.450181245803833
2683,Q7CWR3_wild,CC(C(=O)O)N,-0.619788758288394,0.010097187012434006,0.08984684944152832,-0.08669969439506531
2684,Q7CWR3_wild,C(C(=O)O)N,0.7558748556724915,-0.07897110283374786,0.23204074800014496,0.03213581442832947
2685,Q7CWR3_wild,C(C(C(=O)O)N)O,0.7481880270062004,-0.26117417216300964,0.2930788993835449,-0.21478518843650818
2686,Q7CWR3_wild,C1CC(NC1)C(=O)O,1.662757831681574,0.41224533319473267,-0.14675147831439972,-0.14763757586479187
2687,Q7CWR3_wild,C(CC(=O)O)C(C(=O)O)N,1.7323937598229686,-0.08412396907806396,0.15621142089366913,-0.2776074707508087
2688,Q89VT8_wild,C(C(=O)O)N,-0.03151705144606486,-0.41723376512527466,0.14629977941513062,0.03810763359069824
2689,Q89VT8_wild,CC(C(=O)O)N,1.3979400086720377,-0.2964145541191101,0.03957998380064964,-0.16267788410186768
2690,Q89GR3_wild,CC(C(=O)O)N,1.146128035678238,-0.24389134347438812,0.06482201814651489,-0.1949617564678192
2691,Q89GR3_wild,C(C(=O)O)N,-0.23657200643706275,-0.46212038397789,0.20304018259048462,0.01969444751739502
2692,P61872_wild,CCCCCCCCC=CCCCCCCCC(=O)OCC(COC(=O)CCCCCCCC=CCCCCCCCC)OC(=O)CCCCCCCC=CCCCCCCCC,0.6434526764861874,0.9017207026481628,0.2026393562555313,1.8780043125152588
2693,Q5L7M8_wild,C1=CC(=CC=C1[N+](=O)[O-])OC2C(C(C(C(O2)CO)O)O)O,-0.15490195998574322,1.320335865020752,-0.013306591659784317,1.2053786516189575
2694,Q5LGZ8_wild,C1=CC(=CC=C1[N+](=O)[O-])OC2C(C(C(C(O2)CO)O)O)O,0.7160033436347992,1.4992891550064087,-0.0944736897945404,1.2636306285858154
2695,Q8A6L0_wild,C(C1C(C(C(C(O1)OCC2C(C(C(C(O2)O)O)O)O)O)O)O)O,0.17609125905568124,1.0802873373031616,0.3862188756465912,0.3191312253475189
2696,Q8A6L0_D415G,C1=CC(=CC=C1[N+](=O)[O-])OC2C(C(C(C(O2)CO)O)O)O,-1.4814860601221125,0.8454700708389282,-0.8055236339569092,0.8034517765045166
2697,Q61419_wild,CC(=O)NC1C(CC(OC1C(C(CO)O)O)(C(=O)O)OP(=O)(O)OCC2C(C(C(O2)N3C=CC(=NC3=O)N)O)O)O,-2.8664610916297826,0.16093625128269196,-1.4318211078643799,0.7481663227081299
2698,Q95V11_wild,CC(=O)NC1C(CC(OC1C(C(CO)O)O)(C(=O)O)OP(=O)(O)OCC2C(C(C(O2)N3C=CC(=NC3=O)N)O)O)O,-3.0915149811213505,-0.05691272392868996,-1.103050947189331,0.6077368259429932
2699,Q93WX6_wild,C(C(C(=O)O)N)[Se],0.4623979978989561,0.3437511920928955,-0.4526078999042511,0.4665382504463196
2700,Q9JLI6_wild,C(C(C(=O)O)N)S(=O)O,0.9344984512435677,-0.18762928247451782,-0.012099377810955048,-0.16794446110725403
2701,Q9JLI6_wild,C(C(C(=O)O)N)S,0.7160033436347992,-0.5171074867248535,-0.45926448702812195,-0.2508235275745392
2702,Q5QGZ8_wild,C(C#N)C(C(=O)O)N,0.07188200730612546,0.12498188018798828,0.2386484444141388,0.31595632433891296
2703,Q3LRV4_wild,C(C#N)C(C(=O)O)N,-0.03151705144606486,0.14086097478866577,0.18678663671016693,0.27757614850997925
2704,P04694_wild,C1=CC(=CC=C1CC(=O)C(=O)[O-])O,0.07918124604762482,0.8515307307243347,-1.06497061252594,1.207127332687378
2705,P04694_R315K,C1=CC(=CC=C1CC(=O)C(=O)[O-])O,0.07918124604762482,0.837946355342865,-1.0795313119888306,1.2002590894699097
2706,P04694_N54S,C1=CC(=CC=C1CC(=O)C(=O)[O-])O,0.11394335230683679,0.7847422361373901,-1.065881609916687,1.1489628553390503
2707,P04694_wild,C1=CC=C(C=C1)CC(C(=O)O)N,2.681241237375587,1.178282380104065,0.1735197752714157,0.604070782661438
2708,O85746_wild,C1=CC(=CC=C1CC(C(=O)O)N)O,0.30319605742048894,0.5235332250595093,0.27516570687294006,0.5593896508216858
2709,O85746_wild,C(CC(=O)O)C(C(=O)O)N,1.0766404436703418,1.180619239807129,0.9333620667457581,0.4514632225036621
2710,O85746_wild,CSCCC(=O)C(=O)O,0.39093510710337914,1.1875689029693604,-0.08769208192825317,0.9260921478271484
2711,O85746_wild,C(CC(=O)O)C(=O)C(=O)O,0.47712125471966244,0.8332496881484985,-0.2369832843542099,0.8940964341163635
2712,O85746_wild,C(C(=O)C(=O)O)C(=O)O,0.7781512503836436,1.1611442565917969,-0.407505601644516,1.3125269412994385
2713,O85746_wild,CC(=O)C(=O)[O-],1.3038437748886544,0.9016377925872803,0.38621965050697327,0.6516126394271851
2714,P0AEZ1_D120N,CC1=CC(=O)C2=CC=CC=C2C1=O,-2.3979400086720375,0.6027065515518188,-1.923632025718689,2.3775038719177246
2715,P0AEZ1_wild,CC1=CC(=O)C2=CC=CC=C2C1=O,-2.3979400086720375,0.7102379202842712,-1.9558995962142944,2.5023767948150635
2716,P07547_wild,C(C(C(C(COP(=O)(O)O)O)O)O)C(=O)C(=O)O,-2.0315170514460648,0.27828705310821533,-0.9902515411376953,1.5000486373901367
2717,P07547_R130K,C(C(C(C(COP(=O)(O)O)O)O)O)C(=O)C(=O)O,-0.6420651529995463,0.26025503873825073,-0.9832392334938049,1.4741109609603882
2718,O76083_wild,C1C2C(C(C(O2)N3C=NC4=C(N=CN=C43)N)O)OP(=O)(O1)O,-0.30016227413275426,0.14122557640075684,-3.0370914936065674,2.0031397342681885
2719,O70628_wild,C1C2C(C(C(O2)N3C=NC4=C3N=C(NC4=O)N)O)OP(=O)(O1)O,-4.154901959985743,0.2418515980243683,-2.632016897201538,1.7946631908416748
2720,P23721_wild,C(C(C(=O)O)N)OP(=O)(O)O,-2.769551078621726,0.7088476419448853,-0.04741546884179115,1.2437636852264404
2721,P23721_wild,C(C(=O)C(=O)O)OP(=O)(O)O,-2.8239087409443187,0.8070235848426819,-0.6938846111297607,1.4779325723648071
2722,Q96255_wild,C(CC(=O)O)C(=O)C(=O)O,-1.186419011431808,0.7648494839668274,-0.2683466374874115,1.0759327411651611
2723,Q96255_wild,C(C(C(=O)O)N)OP(=O)(O)O,-1.6478174818886375,1.129659652709961,-0.26082974672317505,1.521530270576477
2724,P52877_wild,C(CC(=O)O)C(C(=O)O)N,-0.8239087409443188,0.9178950786590576,0.6673794388771057,0.8053754568099976
2725,P52877_wild,C(C(=O)C(=O)O)OP(=O)(O)O,0.47712125471966244,1.1491684913635254,-0.7838345170021057,1.7482305765151978
2726,Q9Y617_wild,C(C(C(=O)O)N)OP(=O)(O)O,-2.3010299956639813,-0.03649117425084114,-0.13750512897968292,0.7571337223052979
2727,Q9Y617_D100A,C(C(C(=O)O)N)OP(=O)(O)O,-2.3010299956639813,-0.07122977823019028,-0.16765880584716797,0.7185322046279907
2728,P23721_wild,C(C(C(C(=O)O)N)O)OP(=O)(O)O,-0.958607314841775,0.651710033416748,-0.16171561181545258,1.0467649698257446
2729,Q9H0P0_wild,C1=CN(C(=O)N=C1N)C2C(C(C(O2)COP(=O)(O)O)O)O,-2.0,0.1443808674812317,-0.7981758117675781,1.4267876148223877
2730,Q9H0P0_wild,C1=CN(C(=O)NC1=O)C2C(C(C(O2)CO)O)O,-0.25181197299379965,0.38895049691200256,-0.7205275893211365,1.1979730129241943
2731,P76491_wild,C1=CC(=CC=C1[N+](=O)[O-])OP(=O)(O)O,0.320146286111054,-0.19512507319450378,0.2352452278137207,-0.07611533999443054
2732,Q2YDJ9_wild,C1=NC2=C(N1C3C(C(C(O3)COP(=O)(O)OP(=O)(O)OP(=O)(O)O)O)O)N=C(NC2=O)N,-1.2218487496163564,0.850007951259613,-0.7008258700370789,1.6223160028457642
2733,P0C5I2_wild,C(C1C(C(C(C(O1)OP(=O)(O)O)O)O)O)O,-0.8860566476931633,0.8403157591819763,-0.8370951414108276,1.4301576614379883
2734,P0C5I2_wild,C1=NC2=C(N1C3C(C(C(O3)COP(=O)(O)OP(=O)(O)OP(=O)(O)O)O)O)N=C(NC2=O)N,-1.0,0.8224747180938721,-0.7865998148918152,1.612835168838501
2735,P0C5I2_wild,[O-]P(=O)([O-])OP(=O)([O-])[O-],-1.5086383061657274,1.10428786277771,-0.7538326978683472,1.8251192569732666
2736,P0C5I2_wild,C1=NC2=C(N1C3C(C(C(O3)COP(=O)(O)OP(=O)(O)OC4C(C(C(C(O4)CO)O)O)O)O)O)N=C(NC2=O)N,-4.4089353929735005,0.998803973197937,-0.9504320025444031,1.8735978603363037
2737,Q14376_wild,C1=CN(C(=O)NC1=O)C2C(C(C(O2)COP(=O)(O)OP(=O)(O)OC3C(C(C(C(O3)CO)O)O)O)O)O,-1.1611509092627448,0.9556968212127686,-0.9750937819480896,1.9164879322052002
2738,Q3T105_wild,C1=CN(C(=O)NC1=O)C2C(C(C(O2)COP(=O)(O)OP(=O)(O)OC3C(C(C(C(O3)CO)O)O)O)O)O,-2.0809219076239263,0.9447779655456543,-0.9735132455825806,1.8853954076766968
2739,Q3T105_wild,C1=CC(=C[N+](=C1)C2C(C(C(O2)COP(=O)([O-])OP(=O)(O)OCC3C(C(C(O3)N4C=NC5=C(N=CN=C54)N)O)O)O)O)C(=O)N,-3.5686362358410126,1.1033278703689575,-1.1834003925323486,2.1204781532287598
2740,Q14376_G90E,C1=CN(C(=O)NC1=O)C2C(C(C(O2)COP(=O)(O)OP(=O)(O)OC3C(C(C(C(O3)CO)O)O)O)O)O,-1.031517051446065,0.7710556983947754,-0.9174336194992065,1.7494659423828125
2741,Q14376_V94M,C1=CN(C(=O)NC1=O)C2C(C(C(O2)COP(=O)(O)OP(=O)(O)OC3C(C(C(C(O3)CO)O)O)O)O)O,-0.7958800173440752,0.8046039938926697,-0.9729285836219788,1.7809662818908691
2742,Q14376_D103G,C1=CN(C(=O)NC1=O)C2C(C(C(O2)COP(=O)(O)OP(=O)(O)OC3C(C(C(C(O3)CO)O)O)O)O)O,-0.853871964321762,0.9612786769866943,-0.9947903156280518,1.9315401315689087
2743,Q14376_L183P,C1=CN(C(=O)NC1=O)C2C(C(C(O2)COP(=O)(O)OP(=O)(O)OC3C(C(C(C(O3)CO)O)O)O)O)O,-1.0132282657337552,0.7769213914871216,-0.9073911905288696,1.7219574451446533
2744,Q14376_K257R,C1=CN(C(=O)NC1=O)C2C(C(C(O2)COP(=O)(O)OP(=O)(O)OC3C(C(C(C(O3)CO)O)O)O)O)O,-1.1804560644581312,0.9318184852600098,-0.9626150131225586,1.8868151903152466
2745,Q14376_L313M,C1=CN(C(=O)NC1=O)C2C(C(C(O2)COP(=O)(O)OP(=O)(O)OC3C(C(C(C(O3)CO)O)O)O)O)O,-1.4559319556497243,0.942304253578186,-0.9919853210449219,1.9149181842803955
2746,Q14376_G319E,C1=CN(C(=O)NC1=O)C2C(C(C(O2)COP(=O)(O)OP(=O)(O)OC3C(C(C(C(O3)CO)O)O)O)O)O,-1.1079053973095196,0.93894362449646,-0.9554870128631592,1.8939071893692017
2747,Q14376_R335H,C1=CN(C(=O)NC1=O)C2C(C(C(O2)COP(=O)(O)OP(=O)(O)OC3C(C(C(C(O3)CO)O)O)O)O)O,-1.00436480540245,0.9610412120819092,-0.9650496244430542,1.920270562171936
2748,Q9KJB8_wild,CCN1C2=C(C=C(C=C2)S(=O)(=O)O)SC1=NN=C3N(C4=C(S3)C=C(C=C4)S(=O)(=O)O)CC,0.06557971472844842,1.7244715690612793,-0.8065793514251709,2.4731040000915527
2749,A0A165SC98_wild,CCN1C2=C(C=C(C=C2)S(=O)(=O)O)SC1=NN=C3N(C4=C(S3)C=C(C=C4)S(=O)(=O)O)CC,-1.4111682744057927,0.45036423206329346,-0.751447319984436,2.4646739959716797
2750,A0A165SC98_wild,COC1=C(C(=CC=C1)OC)O,-0.9037854146535949,0.42369821667671204,-0.9467644691467285,1.8590283393859863
2751,A0A165SC98_wild,C1=CC=C(C(=C1)O)O,1.0670336398422622,0.6625251770019531,-0.5405562520027161,1.939510464668274
2752,P36649_wild,CCN1C2=C(C=C(C=C2)S(=O)(=O)O)SC1=NN=C3N(C4=C(S3)C=C(C=C4)S(=O)(=O)O)CC,-0.5338741295818008,1.564431071281433,-1.128482460975647,2.567462205886841
2753,D5FL31_wild,CCN1C2=C(C=C(C=C2)S(=O)(=O)O)SC1=NN=C3N(C4=C(S3)C=C(C=C4)S(=O)(=O)O)CC,-0.026872146400301365,1.307937741279602,-0.8964349031448364,2.513481855392456
2754,D5FL31_wild,COC1=C(C(=CC=C1)OC)O,0.2624510897304295,0.9117236137390137,-0.9949248433113098,1.7634551525115967
2755,B0FMT2_wild,COC1=C(C(=CC=C1)OC)O,-0.31247103878536564,1.1560864448547363,-1.00176203250885,1.6601929664611816
2756,B0FMT2_E106F,COC1=C(C(=CC=C1)OC)O,0.07040732174011967,1.146747350692749,-1.0132074356079102,1.6469478607177734
2757,B0FMT2_wild,CCN1C2=C(C=C(C=C2)S(=O)(=O)O)SC1=NN=C3N(C4=C(S3)C=C(C=C4)S(=O)(=O)O)CC,-0.2684112348132613,1.5676281452178955,-0.8645695447921753,2.428036689758301
2758,B0FMT2_E106F,CCN1C2=C(C=C(C=C2)S(=O)(=O)O)SC1=NN=C3N(C4=C(S3)C=C(C=C4)S(=O)(=O)O)CC,-0.7986028756795485,1.5483269691467285,-0.8699384927749634,2.4147491455078125
2759,B0FMT2_wild,COC1=CC(=CC(=C1O)OC)C=NN=CC2=CC(=C(C(=C2)OC)O)OC,-1.93292914395463,1.080433964729309,-1.9210923910140991,2.077042818069458
2760,B0FMT2_E106F,COC1=CC(=CC(=C1O)OC)C=NN=CC2=CC(=C(C(=C2)OC)O)OC,-2.8041003475907664,1.0739420652389526,-1.9381660223007202,2.0647330284118652
2761,P36649_wild,CC1=CC(=CC(=C1N)C)C2=CC(=C(C(=C2)C)N)C,-0.7447274948966939,0.5650362372398376,-1.9938043355941772,1.6340436935424805
2762,L0N455_wild,COC1=CC(=CC(=C1O)OC)C=NN=CC2=CC(=C(C(=C2)OC)O)OC,-0.6020599913279624,1.0183974504470825,-1.9726415872573853,2.0575802326202393
2763,L0N455_wild,COC1=C(C(=CC=C1)OC)O,-3.6989700043360187,1.0952563285827637,-1.019185185432434,1.657487154006958
2764,P36649_wild,C1=CC(=C(C(=C1)O)[O-])C(=O)O,-0.5376020021010439,0.63848876953125,-1.5827621221542358,1.6334131956100464
2765,P36649_wild,C1=CC(=C(C=C1C(=O)O)O)[O-],-0.36653154442041347,1.3446760177612305,-1.3742367029190063,1.6700206995010376
2766,O75106_wild,C1=CC=C2C(=C1)C(=CN2)CCN,-1.2518119729937995,0.10844612121582031,-0.7787274122238159,1.084107756614685
2767,Q16853_M211V/Y394N/L469G,C1=CC=C(C=C1)CCN,-0.3205721033878811,0.6754603981971741,-0.686359167098999,1.2527998685836792
2768,Q8KLV4_H246A,C1=CC=C(C(=C1)O)O,0.6989700043360189,0.8468296527862549,-0.6730611324310303,1.412785530090332
2769,Q8KLV4_wild,C1=CC(=C(C=C1[N+](=O)[O-])O)O,-1.4559319556497243,0.7922502160072327,-0.9708195924758911,1.6900677680969238
2770,Q8KLV4_wild,CC1=C(C(=CC=C1)O)O,-2.42021640338319,1.2473145723342896,-1.2760194540023804,1.9259648323059082
2771,P31749_wild,CC(C(C(=O)NC(CO)C(=O)NC(CO)C(=O)NC(CC1=CC=CC=C1)C(=O)O)NC(=O)C(CCCN=C(N)N)NC(=O)C2CCCN2C(=O)C(CCCN=C(N)N)N)O,-2.3010299956639813,0.18402227759361267,-1.984856367111206,1.4467747211456299
2772,P31749_wild,CC(C(C(=O)NC(CC1=CC=CC=C1)C(=O)O)NC(=O)C(C)NC(=O)C(C)NC(=O)C(CCCN=C(N)N)NC(=O)C2CCCN2C(=O)C(CCCN=C(N)N)N)O,-1.6020599913279623,0.33462151885032654,-2.003870964050293,1.4763368368148804
2773,Q9Y243_wild,CC(C(C(=O)NC(CC1=CC=CC=C1)C(=O)O)NC(=O)C(C)NC(=O)C(C)NC(=O)C(CCCN=C(N)N)NC(=O)C2CCCN2C(=O)C(CCCN=C(N)N)N)O,-1.958607314841775,0.2224370837211609,-1.9620355367660522,1.333350419998169
2774,P31751_wild,CC(C(C(=O)NC(CC1=CC=CC=C1)C(=O)O)NC(=O)C(C)NC(=O)C(C)NC(=O)C(CCCN=C(N)N)NC(=O)C2CCCN2C(=O)C(CCCN=C(N)N)N)O,-1.958607314841775,0.3310469090938568,-1.9405301809310913,1.3475013971328735
2775,P48730_wild,C1=NC(=C2C(=N1)N(C=N2)C3C(C(C(O3)COP(=O)(O)OP(=O)(O)OP(=O)(O)O)O)O)N,-0.743282254022513,-0.5437972545623779,-1.0241708755493164,1.5530916452407837
2776,P48730_T44A,C1=NC(=C2C(=N1)N(C=N2)C3C(C(C(O3)COP(=O)(O)OP(=O)(O)OP(=O)(O)O)O)O)N,-1.5228787452803376,-0.5532558560371399,-1.0243206024169922,1.5404679775238037
2777,P48730_H46R,C1=NC(=C2C(=N1)N(C=N2)C3C(C(C(O3)COP(=O)(O)OP(=O)(O)OP(=O)(O)O)O)O)N,-0.9800533183211577,-0.6087746024131775,-1.0032451152801514,1.4800596237182617
2778,P31749_wild,C1=NC(=C2C(=N1)N(C=N2)C3C(C(C(O3)COP(=O)(O)OP(=O)(O)OP(=O)(O)O)O)O)N,-1.2773660774661877,-0.29367774724960327,-1.7959948778152466,1.5010287761688232
2779,P31751_wild,C1=NC(=C2C(=N1)N(C=N2)C3C(C(C(O3)COP(=O)(O)OP(=O)(O)OP(=O)(O)O)O)O)N,-2.638272163982407,-0.29430413246154785,-1.6735416650772095,1.3418750762939453
2780,Q9Y243_wild,C1=NC(=C2C(=N1)N(C=N2)C3C(C(C(O3)COP(=O)(O)OP(=O)(O)OP(=O)(O)O)O)O)N,-2.638272163982407,-0.3832082748413086,-1.7638121843338013,1.3510727882385254
2781,P51817_wild,CC(C)CC(C(=O)NC(CCCN=C(N)N)C(=O)NC(CCCN=C(N)N)C(=O)NC(C)C(=O)NC(CO)C(=O)NC(CC(C)C)C(=O)NCC(=O)O)N,-2.1739251972991736,0.7962011694908142,-1.9773298501968384,1.8232271671295166
2782,P06744_wild,C(C(C(C(C(C=O)O)O)O)O)OP(=O)(O)O,-0.9208187539523751,1.49485182762146,-0.4586758017539978,1.553487777709961
2783,Q9N1E2_wild,C(C1C(C(C(C(O1)O)O)O)O)OP(=O)(O)O,-0.4814860601221125,1.4816668033599854,-0.6538355350494385,1.5877774953842163
2784,P12709_wild,C(C(C(C(C(C=O)O)O)O)O)OP(=O)(O)O,-0.3467874862246563,1.4884326457977295,0.06898936629295349,1.3475302457809448
2785,Q9N1E2_wild,C(C(C(C(C(C=O)O)O)O)O)OP(=O)(O)O,-0.6020599913279624,1.4696812629699707,-0.4205370247364044,1.5533318519592285
2786,P06745_wild,C(C(C(C(C(C=O)O)O)O)O)OP(=O)(O)O,-0.6777807052660807,1.5763698816299438,-0.4875124990940094,1.6592698097229004
2787,Q3ZBD7_wild,C(C(C(C(C(C=O)O)O)O)O)OP(=O)(O)O,-0.3467874862246563,1.4532328844070435,-0.45706117153167725,1.5246551036834717
2788,Q6P6V0_wild,C(C(C(C(C(C=O)O)O)O)O)OP(=O)(O)O,-0.2254830342714504,1.5236763954162598,-0.4076141119003296,1.5836143493652344
2789,P06745_wild,C(C1C(C(C(C(O1)O)O)O)O)OP(=O)(O)O,-0.6020599913279624,1.5622093677520752,-0.6769520044326782,1.6711723804473877
2790,P06744_T5I,C(C(C(C(C(C=O)O)O)O)O)OP(=O)(O)O,-0.3477536589966768,1.4697095155715942,-0.45662355422973633,1.5379998683929443
2791,P06744_T224M,C(C(C(C(C(C=O)O)O)O)O)OP(=O)(O)O,-0.5016894462103995,1.4975725412368774,-0.468777060508728,1.5579816102981567
2792,P06744_Q343R,C(C(C(C(C(C=O)O)O)O)O)OP(=O)(O)O,-0.24184537803260997,1.4786579608917236,-0.4640437066555023,1.522857666015625
2793,P06744_D539N,C(C(C(C(C(C=O)O)O)O)O)OP(=O)(O)O,-0.2958494831602009,1.4991211891174316,-0.4697268009185791,1.551955223083496
2794,O82059_wild,C(C(C(C(C(C=O)O)O)O)O)OP(=O)(O)O,0.7708520116421441,1.7235932350158691,-0.11529593169689178,1.2648365497589111
2795,P0A6T1_wild,C(C(C(C(C(C=O)O)O)O)O)OP(=O)(O)O,0.47712125471966244,1.6029479503631592,-0.1947234869003296,1.7553701400756836
2796,A5U0Y6_wild,C(C(C(C(C(C=O)O)O)O)O)OP(=O)(O)O,-0.4975728800155673,0.7142453193664551,-0.215707466006279,0.6336539387702942
2797,C4M7X4_wild,C(C(C(C(C(C=O)O)O)O)O)OP(=O)(O)O,-0.21467016498923297,1.7670985460281372,-0.05213123932480812,1.8315235376358032
2798,Q8RHX1_wild,CC=CC(=O)SCCNC(=O)CCNC(=O)C(C(C)(C)COP(=O)(O)OP(=O)(O)OCC1C(C(C(O1)N2C=NC3=C(N=CN=C32)N)O)OP(=O)(O)O)O,-1.258060922270801,0.5357879400253296,-0.8190958499908447,0.8874343037605286
2799,P26298_wild,CC(=O)C(=O)[O-],-0.14874165128092473,1.6747833490371704,0.4134915769100189,0.9749995470046997
2800,P26298_wild,CC(C(=O)O)O,0.8450980400142568,1.4949204921722412,0.3719615936279297,0.6055327653884888
2801,Q88VJ2_wild,C1=CC(=C[N+](=C1)C2C(C(C(O2)COP(=O)([O-])OP(=O)(O)OCC3C(C(C(O3)N4C=NC5=C(N=CN=C54)N)O)O)O)O)C(=O)N,-0.44369749923271273,1.5728061199188232,-0.3606485426425934,1.5438778400421143
2802,Q88VJ2_wild,CC(C(=O)O)O,0.8864907251724818,1.7598360776901245,0.3474002182483673,0.8874332904815674
2803,P26298_wild,C(C(=O)C(=O)[O-])O,0.4623979978989561,1.6177347898483276,0.23908331990242004,1.0891742706298828
2804,P26298_wild,C1=CC=C(C=C1)CC(=O)C(=O)O,1.3010299956639813,1.5962977409362793,0.12120532989501953,0.8168039321899414
2805,P26298_wild,CCC(=O)C(=O)O,1.4471580313422192,1.430060863494873,0.5255836248397827,0.6270214319229126
2806,P26298_wild,CCCC(=O)C(=O)[O-],1.792391689498254,1.6383514404296875,0.08491738140583038,0.8835806846618652
2807,P26298_wild,CC(C)C(=O)C(=O)O,1.662757831681574,1.7158622741699219,0.19941923022270203,0.7900637984275818
2808,P26298_wild,CCCCC(=O)C(=O)O,1.6020599913279625,1.6215729713439941,-0.23529383540153503,0.9832112789154053
2809,P26298_wild,CC(C)CC(=O)C(=O)O,1.8512583487190752,1.628249168395996,-0.12670771777629852,0.8985767364501953
2810,P26297_wild,CC(=O)C(=O)[O-],-0.6989700043360187,1.9289872646331787,0.16890451312065125,1.5219206809997559
2811,P26297_wild,C(C(=O)C(=O)O)Br,0.7781512503836436,2.0328402519226074,-0.13169842958450317,1.7078931331634521
2812,P26297_wild,C(C(=O)C(=O)O)C(=O)O,0.3979400086720376,1.9584259986877441,-0.11954107880592346,1.7927491664886475
2813,P26297_wild,C(=O)C(=O)[O-],0.4471580313422192,2.0549683570861816,0.4238964319229126,1.4716181755065918
2814,Q88VJ2_R235K,CC(=O)C(=O)[O-],1.6989700043360187,1.774484634399414,0.5009936094284058,0.9850809574127197
2815,Q88VJ2_R235Q,CC(=O)C(=O)[O-],2.6989700043360187,1.5897693634033203,0.5913649797439575,0.8104763031005859
2816,Q88VJ2_wild,C(C(=O)C(=O)[O-])O,0.3979400086720376,1.8667833805084229,0.1690950244665146,1.3267301321029663
2817,Q88VJ2_R235K,C(C(=O)C(=O)[O-])O,1.9030899869919435,1.7096071243286133,0.29348525404930115,1.1108298301696777
2818,Q88VJ2_R235Q,C(C(=O)C(=O)[O-])O,2.0791812460476247,1.5523805618286133,0.3892054259777069,0.9417737722396851
2819,Q88VJ2_wild,C1=CC=C(C=C1)CC(=O)C(=O)O,1.0791812460476249,1.8311870098114014,0.09882256388664246,1.0693230628967285
2820,Q88VJ2_R235K,C1=CC=C(C=C1)CC(=O)C(=O)O,1.3010299956639813,1.6965205669403076,0.19553542137145996,0.873842716217041
2821,Q88VJ2_wild,CCC(=O)C(=O)O,1.3979400086720377,1.697072148323059,0.5124157667160034,0.875902533531189
2822,Q88VJ2_R235K,CCC(=O)C(=O)O,1.6020599913279625,1.5290411710739136,0.6082319617271423,0.6532950401306152
2823,P30901_wild,C(=O)C(=O)[O-],1.8260748027008264,2.0799710750579834,0.3414399325847626,1.3938511610031128
2824,P30901_wild,CC(=O)C(=O)[O-],0.09691001300805642,1.9701027870178223,0.04977188631892204,1.4331618547439575
2825,P30901_wild,C(C(=O)C(=O)O)Br,1.1139433523068367,2.021651029586792,-0.14620205760002136,1.6686352491378784
2826,P30901_wild,C(C(=O)C(=O)O)C(=O)O,0.5563025007672873,1.9226837158203125,-0.145528644323349,1.6530753374099731
2827,P30901_wild,CCC(=O)C(=O)O,1.4771212547196624,1.5557267665863037,0.3621162176132202,1.0513416528701782
2828,P30901_wild,CC(C(=O)O)O,1.8195439355418688,1.6975202560424805,0.1794928014278412,1.0063380002975464
2829,P30901_wild,C1C=CN(C=C1C(=O)N)C2C(C(C(O2)COP(=O)(O)OP(=O)(O)OCC3C(C(C(O3)N4C=NC5=C(N=CN=C54)N)O)O)O)O,-2.0,1.5697916746139526,-1.2577192783355713,2.310509204864502
2830,P26297_wild,CCC(=O)C(=O)O,1.0969100130080565,1.643381118774414,0.3263970911502838,1.1220459938049316
2831,P26297_wild,C1=CC=C(C=C1)CC(=O)C(=O)O,2.0,1.6966054439544678,-0.057394254952669144,1.19845712184906
2832,P26297_wild,CC(C(=O)O)O,2.123851640967086,1.7207392454147339,0.23664072155952454,1.0623575448989868
2833,P36088_wild,CS(=O)CCC(C(=O)O)N,-0.6382721639824072,0.6227235198020935,-0.16460564732551575,1.0054714679718018
2834,P04694_wild,C1=CC=C2C(=C1)C(=CN2)CC(C(=O)O)N,1.6989700043360187,0.9744436740875244,0.08281990885734558,0.7412124872207642
2835,P0A825_Y55F,CC(C(C(=O)O)N)O,1.7558748556724915,-0.00654173269867897,0.045271243900060654,1.140045404434204
2836,P0A825_R235K,CC(C(C(=O)O)N)O,1.9822712330395684,-0.01794954016804695,0.04109306260943413,1.1555219888687134
2837,P0A825_R235Q,CC(C(C(=O)O)N)O,1.9777236052888478,-0.013801585882902145,0.05792989954352379,1.129327654838562
2838,Q45135_wild,C1=CC(=C(C=C1[N+](=O)[O-])O)O,-1.8239087409443187,0.628466784954071,-1.1784125566482544,1.6542943716049194
2839,Q45135_wild,C1=CC(=C(C=C1CC(=O)O)O)O,-1.6020599913279623,0.7918002605438232,-0.7238045930862427,1.6762721538543701
2840,Q9Y673_wild,C1=CN(C(=O)NC1=O)C2C(C(C(O2)COP(=O)(O)OP(=O)(O)OC3C(C(C(C(O3)CO)O)O)O)O)O,-3.8239087409443187,0.6917366981506348,-1.2017592191696167,1.9476988315582275
2841,Q9Z2F2_wild,C1=NC(=C2C(=N1)N(C=N2)C3C(C(C(O3)COP(=O)(O)OP(=O)(O)OP(=O)(O)O)O)O)N,-0.1804560644581313,-0.2502042055130005,-1.4157100915908813,0.9850832223892212
2842,Q92947_wild,CC(C)(COP(=O)(O)OP(=O)(O)OCC1C(C(C(O1)N2C=NC3=C(N=CN=C32)N)O)OP(=O)(O)O)C(C(=O)NCCC(=O)NCCSC(=O)CCCC(=O)OC)O,-1.6968039425795112,0.7199103832244873,-1.749696969985962,2.3139445781707764
2843,Q92947_wild,CCCCC(=O)SCCNC(=O)CCNC(=O)C(C(C)(C)COP(=O)(O)OP(=O)(O)OCC1C(C(C(O1)N2C=NC3=C(N=CN=C32)N)O)OP(=O)(O)O)O,-1.6289321377282637,0.6735138893127441,-1.6737151145935059,2.3261420726776123
2844,Q92947_wild,CCCCCC(=O)SCCNC(=O)CCNC(=O)C(C(C)(C)COP(=O)(O)OP(=O)(O)OCC1C(C(C(O1)N2C=NC3=C(N=CN=C32)N)O)OP(=O)(O)O)O,-1.4341521813264824,0.6351514458656311,-1.7880067825317383,2.3582024574279785
2845,Q92947_wild,CC(C)(COP(=O)([O-])OP(=O)([O-])OCC1C(C(C(O1)N2C=NC3=C(N=CN=C32)N)O)OP(=O)([O-])[O-])C(C(=O)NCCC(=O)NCCSC(=O)CCCC=C)O,-0.978810700930062,0.6674255132675171,-1.98783278465271,2.2785162925720215
2846,Q9Y5Z6_wild,C1=CN(C(=O)NC1=O)C2C(C(C(O2)COP(=O)(O)OP(=O)(O)OC3C(C(C(C(O3)CO)O)O)O)O)O,-1.045757490560675,0.5514993667602539,-0.6660846471786499,1.754517912864685
2847,O43825_wild,C1=CN(C(=O)NC1=O)C2C(C(C(O2)COP(=O)(O)OP(=O)(O)OC3C(C(C(C(O3)CO)O)O)O)O)O,-1.431798275933005,0.2963012456893921,-1.102627158164978,1.361890435218811
2848,P00889_wild,C(C(=O)C(=O)O)C(=O)O,-2.3010299956639813,1.5940220355987549,-1.929044246673584,2.3017172813415527
2849,P00889_wild,CC(=O)SCCNC(=O)CCNC(=O)C(C(C)(C)COP(=O)(O)OP(=O)(O)OCC1C(C(C(O1)N2C=NC3=C(N=CN=C32)N)O)OP(=O)(O)O)O,-2.2218487496163566,1.3874421119689941,-1.5518176555633545,2.3197736740112305
2850,Q8VHF5_wild,CC(=O)SCCNC(=O)CCNC(=O)C(C(C)(C)COP(=O)(O)OP(=O)(O)OCC1C(C(C(O1)N2C=NC3=C(N=CN=C32)N)O)OP(=O)(O)O)O,-2.552841968657781,1.3029351234436035,-1.5101275444030762,2.199523448944092
2851,Q29RK1_wild,C(C(=O)C(=O)O)C(=O)O,-2.7958800173440754,1.6104645729064941,-1.9641705751419067,2.3022587299346924
2852,Q29RK1_wild,CC(=O)SCCNC(=O)CCNC(=O)C(C(C)(C)COP(=O)(O)OP(=O)(O)OCC1C(C(C(O1)N2C=NC3=C(N=CN=C32)N)O)OP(=O)(O)O)O,-2.0969100130080562,1.4255778789520264,-1.561576008796692,2.330678701400757
2853,Q8VHF5_wild,C(C(=O)C(=O)O)C(=O)O,-2.728158393463501,1.5248048305511475,-1.8812159299850464,2.1851375102996826
2854,P00890_wild,CC(=O)SCCNC(=O)CCNC(=O)C(C(C)(C)COP(=O)(O)OP(=O)(O)OCC1C(C(C(O1)N2C=NC3=C(N=CN=C32)N)O)OP(=O)(O)O)O,-1.1191864077192086,1.5064632892608643,-1.9128018617630005,2.3559412956237793
2855,P23007_wild,CC(=O)SCCNC(=O)CCNC(=O)C(C(C)(C)COP(=O)(O)OP(=O)(O)OCC1C(C(C(O1)N2C=NC3=C(N=CN=C32)N)O)OP(=O)(O)O)O,-2.3665315444204134,1.5244929790496826,-1.4151004552841187,2.3623414039611816
2856,P23007_wild,C(C(=O)C(=O)O)C(=O)O,-2.2291479883578558,1.6888030767440796,-1.646323561668396,2.495500326156616
2857,P00890_wild,C(C(=O)C(=O)O)C(=O)O,-2.0061230850587886,1.5308727025985718,-2.045546293258667,2.556567668914795
2858,P00890_S462A,C(C(=O)C(=O)O)C(=O)O,-1.7349462114959853,1.525262713432312,-2.0456442832946777,2.556847095489502
2859,Q837E1_wild,CC(CCOP(=O)(O)O)(CC(=O)O)O,-0.721246399047171,-0.18736392259597778,-1.0606657266616821,0.6548914909362793
2860,Q837E1_wild,C1=NC(=C2C(=N1)N(C=N2)C3C(C(C(O3)COP(=O)(O)OP(=O)(O)OP(=O)(O)O)O)O)N,-0.7695510786217261,-0.03800274059176445,-0.4496433436870575,0.895741879940033
2861,P07547_wild,C1C(C(C(=O)CC1(C(=O)[O-])O)O)O,-1.3979400086720375,0.773536205291748,-0.7115386128425598,1.5426313877105713
2862,Q8X071_wild,C1C(C(C(=O)CC1(C(=O)[O-])O)O)O,-2.3010299956639813,0.9905165433883667,-0.8102723360061646,1.8211842775344849
2863,Q9KJB8_wild,COC1=CC(=CC(=C1O)OC)C=NN=CC2=CC(=C(C(=C2)OC)O)OC,-2.8239087409443187,1.296461820602417,-1.6686419248580933,2.3086318969726562
2864,Q9KJB8_wild,C1=CC(=C(C=C1CCN)O)O,-1.8239087409443187,1.3333739042282104,-0.3812110126018524,1.9802707433700562
2865,Q9KJB8_wild,C1=CC(=C(C=C1CC(C(=O)O)N)O)O,-0.6989700043360187,1.3770067691802979,-0.10397052764892578,1.9993623495101929
2866,G3YG17_wild,C(C(C(C(=O)CO)O)O)O,1.3979400086720377,0.8023527264595032,0.5034748315811157,0.8262255191802979
2867,P80192_wild,CC(C)CC(C(=O)O)NC(=O)C(CC1=CC=C(C=C1)O)NC(=O)C(CCCCN)NC(=O)C(CO)NC(=O)C(CCCN=C(N)N)NC(=O)C(CCC(=O)N)NC(=O)C(CO)NC(=O)C2CCCN2C(=O)C(CCCN=C(N)N)NC(=O)C(CCCCN)NC(=O)C(CCC(=O)N)N,-2.154901959985743,-0.3801496624946594,-1.4093197584152222,1.0889486074447632
2868,P80192_wild,C1=NC(=C2C(=N1)N(C=N2)C3C(C(C(O3)COP(=O)(O)OP(=O)(O)OP(=O)(O)O)O)O)N,-1.207608310501746,-0.27901825308799744,-0.8304511308670044,0.9505923986434937
2869,Q02779_wild,C1=NC(=C2C(=N1)N(C=N2)C3C(C(C(O3)COP(=O)(O)OP(=O)(O)OP(=O)(O)O)O)O)N,-0.9829666607012196,-0.3056330382823944,-0.8884310722351074,0.890587568283081
2870,Q02779_wild,CC(C)CC(C(=O)O)NC(=O)C(CC1=CC=C(C=C1)O)NC(=O)C(CCCCN)NC(=O)C(CO)NC(=O)C(CCCN=C(N)N)NC(=O)C(CCC(=O)N)NC(=O)C(CO)NC(=O)C2CCCN2C(=O)C(CCCN=C(N)N)NC(=O)C(CCCCN)NC(=O)C(CCC(=O)N)N,-1.8860566476931633,-0.604436993598938,-1.3638739585876465,1.060384750366211
2871,Q16584_wild,C1=NC(=C2C(=N1)N(C=N2)C3C(C(C(O3)COP(=O)(O)OP(=O)(O)OP(=O)(O)O)O)O)N,-1.0915149811213503,-0.29836970567703247,-0.6116108894348145,0.9926111698150635
2872,Q16584_wild,CC(C)CC(C(=O)O)NC(=O)C(CC1=CC=C(C=C1)O)NC(=O)C(CCCCN)NC(=O)C(CO)NC(=O)C(CCCN=C(N)N)NC(=O)C(CCC(=O)N)NC(=O)C(CO)NC(=O)C2CCCN2C(=O)C(CCCN=C(N)N)NC(=O)C(CCCCN)NC(=O)C(CCC(=O)N)N,-2.769551078621726,-0.605526328086853,-1.3692150115966797,1.1799376010894775
2873,Q9BYF1_wild,CC(C)CC(C(=O)NC(CO)C(=O)NC(CC1=CN=CN1)C(=O)NC(CCCCN)C(=O)NCC(=O)N2CCCC2C(=O)NC(CCSC)C(=O)N3CCCC3C(=O)NC(CC4=CC=CC=C4)C(=O)O)NC(=O)C(CCCN=C(N)N)NC(=O)C5CCCN5C(=O)C(CCCN=C(N)N)NC(=O)C(CCC(=O)N)N,-2.167491087293764,1.0116281509399414,-1.5981208086013794,2.182424545288086
2874,Q9BYF1_wild,C1CC(N(C1)C(=O)C(CC2=CC=C(C=C2)O)N)C(=O)NC(CC3=CC=CC=C3)C(=O)N4CCCC4C(=O)N,-1.5086383061657274,0.9371671676635742,-0.8423542380332947,2.0908188819885254
2875,Q9BYF1_wild,CCC(C)C(C(=O)NC(CCCN=C(N)N)C(=O)N1CCCC1C(=O)NC(CCCCN)C(=O)NC(CC(C)C)C(=O)NC(CCCCN)C(=O)O)NC(=O)C(CCCN=C(N)N)NC(=O)C(CCCN=C(N)N)NC(=O)C(CC(C)C)NC(=O)C(CC2=CC=CC=C2)NC(=O)CNC(=O)CNC(=O)C(CC3=CC=C(C=C3)O)N,-2.2596373105057563,1.137912631034851,-1.4245024919509888,2.5085079669952393
2876,Q9BYF1_wild,CC(C)CC(C(=O)NC(CC1=CC=C(C=C1)O)C(=O)NC(CCC(=O)O)C(=O)NC(CC(=O)N)C(=O)NC(CCCCN)C(=O)N2CCCC2C(=O)NC(CCCN=C(N)N)C(=O)O)NC(=O)C3CCC(=O)N3,-0.5228787452803376,1.1522986888885498,-1.13245689868927,2.084144115447998
2877,Q8R0I0_wild,CCC(C)C(C(=O)NC(CC1=CN=CN1)C(=O)N2CCCC2C(=O)NC(CC3=CC=CC=C3)C(=O)O)NC(=O)C(CC4=CC=C(C=C4)O)NC(=O)C(C(C)C)NC(=O)C(CCCN=C(N)N)NC(=O)C(CC(=O)O)N,-1.6886700476962069,1.1254692077636719,-1.1535025835037231,2.282135009765625
2878,Q8R0I0_wild,CC(C)CC(C(=O)NC(CO)C(=O)NC(CC1=CN=CN1)C(=O)NC(CCCCN)C(=O)NCC(=O)N2CCCC2C(=O)NC(CCSC)C(=O)N3CCCC3C(=O)NC(CC4=CC=CC=C4)C(=O)O)NC(=O)C(CCCN=C(N)N)NC(=O)C5CCCN5C(=O)C(CCCN=C(N)N)NC(=O)C(CCC(=O)N)N,-1.6339507901997645,1.2022359371185303,-1.4853605031967163,2.2252955436706543
2879,P25516_wild,C(C(=O)[O-])C(CC(=O)[O-])(C(=O)[O-])O,0.06069784035361165,0.8580234050750732,-0.2984030842781067,2.282189130783081
2880,P25516_wild,C(C(C(C(=O)O)O)C(=O)O)C(=O)O,-1.853871964321762,1.7660176753997803,-0.9106485247612,2.763911485671997
2881,P25516_wild,C(C(=CC(=O)O)C(=O)O)C(=O)O,-1.275724130399211,1.4792273044586182,-1.0559829473495483,2.5935163497924805
2882,Q63270_wild,C(C(=O)[O-])C(CC(=O)[O-])(C(=O)[O-])O,-0.38721614328026455,0.5294533371925354,-0.35049229860305786,1.9775760173797607
2883,Q63270_wild,C(C(C(C(=O)O)O)C(=O)O)C(=O)O,-1.0969100130080565,1.4798412322998047,-0.7587259411811829,2.2109668254852295
2884,P21861_wild,CP(=O)(CCC(C(=O)O)N)O,0.0,0.47789114713668823,-0.592934787273407,1.3168805837631226
2885,P31129_wild,C1=NC2=C(N1C3C(C(C(O3)COP(=O)(O)OP(=O)(O)OP(=O)(O)O)O)O)N=C(NC2=O)N,-1.7695510786217261,-1.2216532230377197,-0.977786660194397,0.4418102204799652
2886,O28523_wild,C(C(C(=O)O)O)OP(=O)(O)O,-0.09691001300805639,2.18034291267395,-0.5106592774391174,1.9700766801834106
2887,O28523_wild,C(C(C(=O)O)OP(=O)(O)O)O,-0.6989700043360187,2.2508609294891357,-0.7696964144706726,2.112853765487671
2888,Q7M188_wild,C(C(C=O)O)OP(=O)(O)O,-0.6020599913279624,1.9978153705596924,-1.8627896308898926,2.206865072250366
2889,Q7M188_wild,C1=CC(=C[N+](=C1)C2C(C(C(O2)COP(=O)([O-])OP(=O)(O)OCC3C(C(C(O3)N4C=NC5=C(N=CN=C54)N)O)O)O)O)C(=O)N,-0.958607314841775,2.1128227710723877,-1.8182501792907715,2.495469570159912
2890,Q7JVI6_R208W,C1=CC(=C(C=C1[N+](=O)[O-])[N+](=O)[O-])Cl,-0.10237290870955856,0.7515774965286255,-0.32630160450935364,1.0445258617401123
2891,Q7JVI6_R208W,C(CC(=O)NC(CS)C(=O)NCC(=O)O)C(C(=O)O)N,0.021189299069938092,0.5827617645263672,0.0030322931706905365,0.6208070516586304
2892,O31663_wild,CSCC1C(C(C(O1)O)O)O,-1.2218487496163564,0.3937062621116638,-0.6173738837242126,1.1622775793075562
2893,O07778_wild,C1=NC(=C2C(=N1)N(C=N2)C3C(C(C(O3)COP(=O)(O)OP(=O)(O)OP(=O)(O)O)O)O)N,0.7596678446896306,-0.3369913697242737,-0.6909850835800171,1.484713077545166
2894,P23837_wild,C1=NC(=C2C(=N1)N(C=N2)C3C(C(C(O3)COP(=O)(O)OP(=O)(O)OP(=O)(O)O)O)O)N,-1.6792307716613135,-0.6562695503234863,-0.8427344560623169,0.2538204789161682
2895,P23837_R434A,C1=NC(=C2C(=N1)N(C=N2)C3C(C(C(O3)COP(=O)(O)OP(=O)(O)OP(=O)(O)O)O)O)N,-1.3939412505896855,-0.6676392555236816,-0.8258209228515625,0.24728074669837952
2896,P23837_R439A,C1=NC(=C2C(=N1)N(C=N2)C3C(C(C(O3)COP(=O)(O)OP(=O)(O)OP(=O)(O)O)O)O)N,-1.2318801058152027,-0.6422213315963745,-0.8341118693351746,0.2620961666107178
2897,P94522_wild,C(C1C(C(C(O1)OCC2C(C(C(O2)OCC3C(C(C(O3)OCC4C(C(C(O4)O)O)O)O)O)O)O)O)O)O,0.5440680443502757,1.6633784770965576,0.79802006483078,1.2397992610931396
2898,P12277_wild,C1C(C(OC1N2C=CC(=NC2=O)N)COP(=O)(O)OP(=O)(O)O)O,0.5365584425715301,0.7487801909446716,-0.47912582755088806,1.1680907011032104
2899,P12277_wild,C1=CN(C(=O)N=C1N)C2C(C(C(O2)COP(=O)(O)OP(=O)(O)O)O)O,0.5888317255942073,0.9929409027099609,-0.25371605157852173,1.3597102165222168
2900,P06732_P284A,C1=NC(=C2C(=N1)N(C=N2)C3C(C(C(O3)COP(=O)(O)OP(=O)(O)OP(=O)(O)O)O)O)N,-0.3010299956639812,1.3711600303649902,-0.3893871307373047,1.6977319717407227
2901,P06732_P284A,CN(CC(=O)O)C(=N)N,1.414973347970818,1.6891546249389648,0.18191280961036682,0.7095591425895691
2902,P06732_S285A,CN(CC(=O)O)C(=N)N,2.505149978319906,1.4871797561645508,0.22560739517211914,0.4446170926094055
2903,P06732_S285A,C1=NC(=C2C(=N1)N(C=N2)C3C(C(C(O3)COP(=O)(O)OP(=O)(O)OP(=O)(O)O)O)O)N,0.36172783601759284,1.1213598251342773,-0.3529524803161621,1.441135287284851
2904,P06732_S285C,CN(CC(=O)O)C(=N)N,1.845098040014257,1.700631856918335,0.1900452971458435,0.6746081709861755
2905,P06732_S285C,C1=NC(=C2C(=N1)N(C=N2)C3C(C(C(O3)COP(=O)(O)OP(=O)(O)OP(=O)(O)O)O)O)N,0.14612803567823798,1.3684502840042114,-0.38351815938949585,1.6705379486083984
2906,P06732_C283S/S285C,C1=NC(=C2C(=N1)N(C=N2)C3C(C(C(O3)COP(=O)(O)OP(=O)(O)OP(=O)(O)O)O)O)N,0.6334684555795865,1.246921420097351,-0.296322762966156,1.5179389715194702
2907,P06732_C283S/S285C,CN(CC(=O)O)C(=N)N,2.690196080028514,1.5945165157318115,0.306811660528183,0.5421339869499207
2908,P06732_wild,CN(CC(=O)O)C(=NP(=O)(O)O)N,0.11394335230683679,1.4256548881530762,0.19316032528877258,1.0209136009216309
2909,P06732_wild,C1=NC(=C2C(=N1)N(C=N2)C3C(C(C(O3)COP(=O)(O)OP(=O)(O)O)O)O)N,-1.5086383061657274,1.6585693359375,-0.6985364556312561,2.066938638687134
2910,P06732_P284A,CN(CC(=O)O)C(=NP(=O)(O)O)N,0.414973347970818,1.2491306066513062,0.2308618128299713,0.8628954291343689
2911,P06732_P284A,C1=NC(=C2C(=N1)N(C=N2)C3C(C(C(O3)COP(=O)(O)OP(=O)(O)O)O)O)N,-1.2218487496163564,1.4581106901168823,-0.6621813774108887,1.8904600143432617
2912,P06732_S285A,CN(CC(=O)O)C(=NP(=O)(O)O)N,0.04139268515822508,1.0047235488891602,0.2174968421459198,0.613901674747467
2913,P06732_S285A,C1=NC(=C2C(=N1)N(C=N2)C3C(C(C(O3)COP(=O)(O)OP(=O)(O)O)O)O)N,-2.1739251972991736,1.2348506450653076,-0.6434233784675598,1.632596731185913
2914,P06732_S285C,C1=NC(=C2C(=N1)N(C=N2)C3C(C(C(O3)COP(=O)(O)OP(=O)(O)O)O)O)N,-1.3665315444204134,1.4728775024414062,-0.6834619641304016,1.8724873065948486
2915,P06732_S285C,CN(CC(=O)O)C(=NP(=O)(O)O)N,0.568201724066995,1.2571150064468384,0.2233273983001709,0.8505293130874634
2916,P06732_C283S/S285C,CN(CC(=O)O)C(=NP(=O)(O)O)N,0.04139268515822508,1.1367576122283936,0.3048124611377716,0.7003473043441772
2917,P06732_C283S/S285C,C1=NC(=C2C(=N1)N(C=N2)C3C(C(C(O3)COP(=O)(O)OP(=O)(O)O)O)O)N,-2.154901959985743,1.3580098152160645,-0.5916382074356079,1.709093689918518
2918,Q86TP1_wild,C1C2C(C(C(O2)N3C=NC4=C(N=CN=C43)N)O)OP(=O)(O1)O,-2.853871964321762,0.18917128443717957,-1.5732667446136475,1.4987214803695679
2919,P81988_wild,[O-]P(=O)([O-])OP(=O)([O-])[O-],-1.5346171485515818,5.4549384117126465,-2.2077372074127197,2.4314866065979004
2920,P50137_wild,C(C(C(C(=O)CO)O)O)OP(=O)(O)O,-1.6020599913279623,0.047820400446653366,-0.6378816962242126,1.1759357452392578
2921,P29401_wild,CC1=C(SC=[N+]1CC2=CN=C(N=C2N)C)CCOP(=O)(O)OP(=O)(O)O,-3.3979400086720375,-0.6881070733070374,-3.0982401371002197,2.0956859588623047
2922,Q9R111_wild,C1=NC2=C(N1)C(=O)NC(=N2)N,-1.6439741428068773,0.8627493381500244,-1.9323737621307373,1.7640475034713745
2923,P07813_wild,C1=NC(=C2C(=N1)N(C=N2)C3C(C(C(O3)COP(=O)(O)OP(=O)(O)OP(=O)(O)O)O)O)N,-0.619788758288394,0.8292187452316284,-1.2482572793960571,1.6952533721923828
2924,P07813_T252E,C1=NC(=C2C(=N1)N(C=N2)C3C(C(C(O3)COP(=O)(O)OP(=O)(O)OP(=O)(O)O)O)O)N,-0.6575773191777937,0.6599509716033936,-1.1408158540725708,1.479122519493103
2925,P07813_T252D,C1=NC(=C2C(=N1)N(C=N2)C3C(C(C(O3)COP(=O)(O)OP(=O)(O)OP(=O)(O)O)O)O)N,-0.6382721639824072,0.6565070152282715,-1.1456984281539917,1.4729373455047607
2926,P07813_T252E,CC(C)CC(C(=O)O)N,-1.7212463990471711,0.6282362937927246,-1.4624038934707642,1.439987063407898
2927,P07813_T252D,CC(C)CC(C(=O)O)N,-1.7212463990471711,0.6379582285881042,-1.4457664489746094,1.4131988286972046
2928,O02766_wild,CC(C)CCCC(C)C1CCC2C1(CCC3C2C(CC4=CC(=O)CCC34C)O)C,-1.5686362358410126,-1.3963590860366821,-2.7506582736968994,0.9982696771621704
2929,O29390_wild,C1C=CN(C=C1C(=O)N)C2C(C(C(O2)COP(=O)(O)OP(=O)(O)OCC3C(C(C(O3)N4C=NC5=C(N=CN=C54)N)OP(=O)(O)O)O)O)O,-1.3979400086720375,0.9108989834785461,-1.6369284391403198,2.32035756111145
2930,O29390_wild,C(C(=O)COP(=O)(O)O)O,0.0,0.33586084842681885,-0.8367307782173157,0.980803906917572
2931,O29390_wild,C1=CC(=C[N+](=C1)C2C(C(C(O2)COP(=O)(O)OP(=O)(O)OCC3C(C(C(O3)N4C=NC5=C(N=CN=C54)N)OP(=O)(O)O)O)O)O)C(=O)N,-0.09691001300805639,0.6999169588088989,-1.0025804042816162,1.7911076545715332
2932,O29390_wild,C(C(COP(=O)(O)O)O)O,-1.0,0.4479696750640869,-0.37233027815818787,0.8597043752670288
2933,Q9GZT9_D4E/C127S,O=O,-0.958607314841775,-0.46097201108932495,-1.3701828718185425,0.8006922006607056
2934,Q9GZT9_C127S,O=O,-0.7958800173440752,-0.47149354219436646,-1.3681117296218872,0.793080747127533
2935,Q9GZT9_D4E,O=O,-0.8239087409443188,-0.45239201188087463,-1.3461843729019165,0.8070716857910156
2936,Q9GZT9_D4E/C127S,C(CC(=O)O)C(=O)C(=O)O,-2.853871964321762,-0.6068195104598999,-1.2514443397521973,0.9527571201324463
2937,P37063_wild,C1=CC(=O)C=CC1=NC2=CC(=C(C(=C2)Cl)O)Cl,-1.6989700043360187,0.5491954684257507,-1.0072137117385864,1.9381840229034424
2938,P37063_wild,CC(=O)C(=O)[O-],-0.3979400086720376,0.6543141007423401,0.4482518434524536,1.309674859046936
2939,P37063_wild,[O-]P(=O)([O-])[O-],0.36172783601759284,0.38122570514678955,0.36827099323272705,1.0007669925689697
2940,P37063_wild,O=O,-1.1549019599857433,0.6150873303413391,-0.8584827184677124,2.1629230976104736
2941,Q9NV35_wild,C1C(C(OC1N2C=NC3=C2N=C(NC3=O)N)COP(=O)(O)OP(=O)(O)OP(=O)(O)O)O,-1.3767507096020997,-0.12353956699371338,-0.9720813632011414,0.9707988500595093
2942,Q9NV35_wild,C1C(C(OC1N2C3=C(C(=O)NC(=N3)N)NC2=O)COP(=O)(O)OP(=O)(O)OP(=O)(O)O)O,-0.3467874862246563,0.007846470922231674,-1.762176513671875,1.2504082918167114
2943,Q8BG93_wild,C1C(C(OC1N2C=NC3=C2N=C(NC3=O)N)COP(=O)(O)OP(=O)(O)OP(=O)(O)O)O,-1.1249387366083,-0.10195115208625793,-0.9948225617408752,0.8479074239730835
2944,Q92947_R94G,CC(C)(COP(=O)(O)OP(=O)(O)OCC1C(C(C(O1)N2C=NC3=C(N=CN=C32)N)O)OP(=O)(O)O)C(C(=O)NCCC(=O)NCCSC(=O)CCCC(=O)O)O,-1.3861581781239307,0.6654360294342041,-1.675981044769287,2.136841058731079
2945,Q92947_R94Q,CC(C)(COP(=O)(O)OP(=O)(O)OCC1C(C(C(O1)N2C=NC3=C(N=CN=C32)N)O)OP(=O)(O)O)C(C(=O)NCCC(=O)NCCSC(=O)CCCC(=O)O)O,-1.595166283380062,0.6936046481132507,-1.6977468729019165,2.191335678100586
2946,Q92947_S98A,CC(C)(COP(=O)(O)OP(=O)(O)OCC1C(C(C(O1)N2C=NC3=C(N=CN=C32)N)O)OP(=O)(O)O)C(C(=O)NCCC(=O)NCCSC(=O)CCCC(=O)O)O,-2.853871964321762,0.6844814419746399,-1.7077053785324097,2.1852540969848633
2947,Q92947_R94G,CCCCCC(=O)SCCNC(=O)CCNC(=O)C(C(C)(C)COP(=O)(O)OP(=O)(O)OCC1C(C(C(O1)N2C=NC3=C(N=CN=C32)N)O)OP(=O)(O)O)O,-1.6968039425795112,0.6179561018943787,-1.7651246786117554,2.3187525272369385
2948,Q92947_R94Q,CCCCCC(=O)SCCNC(=O)CCNC(=O)C(C(C)(C)COP(=O)(O)OP(=O)(O)OCC1C(C(C(O1)N2C=NC3=C(N=CN=C32)N)O)OP(=O)(O)O)O,-2.2924298239020637,0.640776515007019,-1.7941869497299194,2.3605449199676514
2949,Q92947_S98A,CCCCCC(=O)SCCNC(=O)CCNC(=O)C(C(C)(C)COP(=O)(O)OP(=O)(O)OCC1C(C(C(O1)N2C=NC3=C(N=CN=C32)N)O)OP(=O)(O)O)O,-1.3946949538588906,0.6281076073646545,-1.7932491302490234,2.3599460124969482
2950,P81140_wild,CC(C)(COP(=O)(O)OP(=O)(O)OCC1C(C(C(O1)N2C=NC3=C(N=CN=C32)N)O)OP(=O)(O)O)C(C(=O)NCCC(=O)NCCSC(=O)CCCC(=O)O)O,-2.4814860601221125,0.4180762767791748,-1.6105539798736572,1.998081922531128
2951,Q92947_A421V,CC(C)(COP(=O)(O)OP(=O)(O)OCC1C(C(C(O1)N2C=NC3=C(N=CN=C32)N)O)OP(=O)(O)O)C(C(=O)NCCC(=O)NCCSC(=O)CCCC(=O)O)O,-1.9100948885606022,0.6845756769180298,-1.6874443292617798,2.186368465423584
2952,Q92947_A421T,CC(C)(COP(=O)(O)OP(=O)(O)OCC1C(C(C(O1)N2C=NC3=C(N=CN=C32)N)O)OP(=O)(O)O)C(C(=O)NCCC(=O)NCCSC(=O)CCCC(=O)O)O,-2.1307682802690238,0.6963396072387695,-1.6891438961029053,2.193596839904785
2953,Q92947_T429M,CC(C)(COP(=O)(O)OP(=O)(O)OCC1C(C(C(O1)N2C=NC3=C(N=CN=C32)N)O)OP(=O)(O)O)C(C(=O)NCCC(=O)NCCSC(=O)CCCC(=O)O)O,-1.3178549236261683,0.6902543306350708,-1.7080870866775513,2.174410820007324
2954,Q92947_A433V,CC(C)(COP(=O)(O)OP(=O)(O)OCC1C(C(C(O1)N2C=NC3=C(N=CN=C32)N)O)OP(=O)(O)O)C(C(=O)NCCC(=O)NCCSC(=O)CCCC(=O)O)O,-1.583359492661719,0.6898622512817383,-1.6881133317947388,2.1741931438446045
2955,Q8I3X4_M183L,C1=NC2=C(C(=O)N1)N=CN2C3C(C(C(O3)CO)O)O,0.6273658565927327,-0.031146060675382614,-1.0046576261520386,1.5002399682998657
2956,Q8I3X4_V181D,C1=NC2=C(C(=O)N1)N=CN2C3C(C(C(O3)CO)O)O,-1.7746907182741372,0.10635773837566376,-1.1075598001480103,1.6055471897125244
2957,P98194_wild,[Ca+2],-2.1023729087095586,0.6569300293922424,-1.0138577222824097,2.1485302448272705
2958,P98194_Q39C,[Ca+2],-2.552841968657781,0.6511147618293762,-1.0104531049728394,2.1394357681274414
2959,P98194_E50S,[Ca+2],-2.337242168318426,0.660139799118042,-1.0102050304412842,2.1518707275390625
2960,P98194_D41E/E50A,[Ca+2],-2.3565473235138126,0.6490247845649719,-1.0107157230377197,2.142883062362671
2961,P98194_wild,[Mn+2],-3.3665315444204134,0.6734967827796936,-1.6562256813049316,1.8816425800323486
2962,P98194_Q39C,[Mn+2],-3.431798275933005,0.6646760106086731,-1.6518442630767822,1.8726567029953003
2963,P98194_E50S,[Mn+2],-3.494850021680094,0.6749997138977051,-1.6533787250518799,1.8843152523040771
2964,P98194_D41E/E50A,[Mn+2],-3.3979400086720375,0.6669830679893494,-1.6555174589157104,1.876977801322937
2965,Q8GSJ1_wild,C1=NC(=C2C(=N1)N(C=N2)C3C(C(C(O3)COP(=O)(O)OP(=O)(O)OP(=O)(O)O)O)O)N,-0.2924298239020636,0.10038617253303528,-0.7961788177490234,0.7162233591079712
2966,Q8GSJ1_wild,C(C1C(C(C(O1)OP(=O)(O)OP(=O)(O)O)O)O)OP(=O)(O)O,-0.24412514432750865,-0.06003398075699806,-0.8731530904769897,0.4297708570957184
2967,Q9WVM4_wild,C[S+](CCC(C(=O)[O-])N)CC1C(C(C(O1)N2C=NC3=C(N=CN=C32)N)O)O,-2.677780705266081,-0.1412297487258911,-2.152085065841675,1.909661054611206
2968,Q93W54_wild,CC(=CCCC(=CCCC(=CCSCC(C(=O)O)NC(=O)C)C)C)C,-2.3010299956639813,-0.2000325620174408,-1.840560793876648,1.634387731552124
2969,Q93W54_wild,CC(=CCCC(=CCCC(=CCCC(=CCSCC(C(=O)O)NC(=O)C)C)C)C)C,-2.5228787452803374,-0.285157710313797,-1.9348949193954468,1.5548630952835083
2970,Q9EQK7_wild,CC(=CCCC(=CCCC(=CCSCC(C(=O)O)NC(=O)C)C)C)C,-1.6989700043360187,-0.20066557824611664,-1.8504055738449097,1.9397786855697632
2971,Q9EQK7_wild,C[S+](CCC(C(=O)[O-])N)CC1C(C(C(O1)N2C=NC3=C(N=CN=C32)N)O)O,-2.6989700043360187,-0.11207731068134308,-2.1767308712005615,1.8998997211456299
2972,Q9EQK7_wild,CC(=CCSCC(C(=O)O)NC(=O)C)C,-2.3010299956639813,0.20124921202659607,-1.5583434104919434,1.9738683700561523
2973,O60725_wild,CC(=CCCC(=CCCC(=CCSCC(C(=O)O)NC(=O)C)C)C)C,-1.9355420107730814,-0.2986513376235962,-1.7910956144332886,1.8390297889709473
2974,O60725_wild,CC(=CCCC(=CCCC(=CCCC(=CCSCC(C(=O)O)NC(=O)C)C)C)C)C,-2.853871964321762,-0.3557092249393463,-1.8339380025863647,1.7827694416046143
2975,O60725_wild,C[S+](CCC(C(=O)[O-])N)CC1C(C(C(O1)N2C=NC3=C(N=CN=C32)N)O)O,-2.886056647693163,-0.21387915313243866,-2.087628126144409,1.8152642250061035
2976,P76491_wild,C1C(C(OC1N2C=NC3=C2N=C(NC3=O)N)COP(=O)(O)O)O,-1.3279021420642825,-0.47250741720199585,-0.777725875377655,0.6925584673881531
2977,P76491_wild,CC1=CN(C(=O)NC1=O)C2CC(C(O2)COP(=O)(O)O)O,-2.0969100130080562,-0.19822272658348083,-1.149902105331421,0.8577489852905273
2978,P76491_wild,C1C(C(OC1N2C=CC(=O)NC2=O)COP(=O)(O)O)O,-1.6989700043360187,-0.18887467682361603,-1.067179560661316,0.8762144446372986
2979,P76491_wild,C1C(C(OC1N2C=CC(=NC2=O)N)COP(=O)(O)O)O,-1.4436974992327127,-0.4496271312236786,-1.0280262231826782,0.8674623966217041
2980,Q05927_wild,C1=NC(=C2C(=N1)N(C=N2)C3C(C(C(O3)COP(=O)(O)O)O)O)N,-1.8153085691824011,2.063197135925293,-2.3414132595062256,3.2083659172058105
2981,Q05927_wild,C1=NC2=C(N1C3C(C(C(O3)COP(=O)(O)O)O)O)N=C(NC2=O)N,-1.3809066693732572,2.0397989749908447,-1.886176586151123,3.0883538722991943
2982,Q05927_wild,C1=NC2=C(C(=O)N1)N=CN2C3C(C(C(O3)COP(=O)(O)O)O)O,-1.2848326421515421,1.9914395809173584,-1.8610447645187378,3.1338696479797363
2983,Q05927_wild,C1=CN(C(=O)N=C1N)C2C(C(C(O2)COP(=O)(O)O)O)O,-1.1999706407558657,2.01737117767334,-1.8483163118362427,2.836254596710205
2984,Q05927_wild,C1=CN(C(=O)NC1=O)C2C(C(C(O2)COP(=O)(O)O)O)O,-1.1278437272517072,2.167341470718384,-1.8891748189926147,2.8746535778045654
2985,Q6AYP7_wild,C1=NC2=C(C(=O)N1)N=CN2C3C(C(C(O3)COP(=O)(O)O)O)O,-0.6989700043360187,-0.1533498913049698,-0.841194748878479,1.1879620552062988
2986,Q6AYP7_wild,C1=NC2=C(N1C3C(C(C(O3)COP(=O)(O)O)O)O)N=C(NC2=O)N,-0.5228787452803376,-0.17289625108242035,-0.9842164516448975,1.0030028820037842
2987,Q6AYP7_wild,C1C(C(OC1N2C=NC3=C2N=C(NC3=O)N)COP(=O)(O)O)O,0.04139268515822508,-0.34575915336608887,-0.7207852602005005,0.840307354927063
2988,Q6AYP7_wild,C1=NC2=C(N1C3C(C(C(O3)COP(=O)(O)O)O)O)NC(=O)NC2=O,0.4623979978989561,-0.18096445500850677,-1.0753378868103027,1.0787034034729004
2989,Q6AYP7_wild,C1=NC(=C2C(=N1)N(C=N2)C3C(C(C(O3)COP(=O)(O)O)O)O)N,1.146128035678238,-0.16259214282035828,-1.208876132965088,1.132215976715088
2990,Q6AYP7_wild,C1C(C(OC1N2C=NC3=C(N=CN=C32)N)COP(=O)(O)O)O,1.5440680443502757,-0.355722576379776,-0.733750581741333,0.8172941207885742
2991,Q6AYP7_wild,C1=CN(C(=O)NC1=O)C2C(C(C(O2)COP(=O)(O)O)O)O,0.7781512503836436,-0.03841810300946236,-0.9865118861198425,1.0854601860046387
2992,Q6AYP7_wild,C1=CN(C(=O)N=C1N)C2C(C(C(O2)COP(=O)(O)O)O)O,1.2304489213782739,-0.04341750964522362,-0.8803904056549072,1.1196134090423584
2993,Q6AYP7_wild,CC1=CN(C(=O)NC1=O)C2CC(C(O2)COP(=O)(O)O)O,1.3424226808222062,-0.5231651663780212,-1.2049634456634521,1.0769619941711426
2994,Q6AYP7_wild,[Mg+2],0.3010299956639812,-0.33672863245010376,-0.7052818536758423,0.6798505783081055
2995,Q6AYP7_wild,[Co+2],0.04139268515822508,-0.5708893537521362,-2.195901393890381,1.4569729566574097
2996,Q6AYP7_wild,[Mn+2],-1.0,-0.12977051734924316,-2.0933263301849365,1.3165336847305298
2997,Q969T7_wild,C1=NC2=C(N1C3C(C(C(O3)COP(=O)(O)O)O)O)N=C(NC2=O)N,-0.4497716469449059,-0.13611258566379547,-0.9908450245857239,1.0271552801132202
2998,Q969T7_wild,C1=NC(=C2C(=N1)N(C=N2)C3C(C(C(O3)COP(=O)(O)O)O)O)N,-0.341035157335565,-0.11004973948001862,-1.1555382013320923,1.1235837936401367
2999,Q9W197_wild,C1=NC2=C(N1C3C(C(C(O3)COP(=O)(O)O)O)O)N=C(NC2=O)N,-0.9913998282380825,0.15808796882629395,-1.1035569906234741,1.2261738777160645
3000,Q9W197_wild,C1=NC(=C2C(=N1)N(C=N2)C3C(C(C(O3)COP(=O)(O)O)O)O)N,-1.494850021680094,0.18595755100250244,-1.5378862619400024,1.2886298894882202
3001,P14324_wild,CC(=C)CCOP(=O)(O)OP(=O)(O)O,-3.4559319556497243,-0.7245717644691467,-1.9103716611862183,0.8314399719238281
3002,P14324_wild,CC(=CCCC(=CCOP(=O)(O)OP(=O)(O)O)C)C,-3.5850266520291822,-0.7020473480224609,-2.157808780670166,1.0183180570602417
3003,P14324_wild,[Mg+2],-1.0506099933550872,-0.13369789719581604,-0.8194257020950317,1.1314942836761475
3004,P14324_wild,[Mn+2],-2.431798275933005,-0.06772910058498383,-2.1565864086151123,1.8209176063537598
3005,P05369_wild,CC(=CCOP(=O)(O)OP(=O)(O)O)C,-2.9208187539523753,-1.0116902589797974,-1.809594750404358,1.2222800254821777
3006,Q16647_wild,CCCCCC(C=CC1C2CC(C1CC=CCCCC(=O)O)OO2)O,-2.0199966284162536,-1.4023867845535278,-1.9020261764526367,0.4525434672832489
3007,Q16647_A447T,CCCCCC(C=CC1C2CC(C1CC=CCCCC(=O)O)OO2)O,-2.0123337350737254,-1.4193047285079956,-1.8896321058273315,0.423419326543808
3008,O58689_wild,C1=NC2=C(N1C3C(C(C(O3)COP(=O)(O)OP(=O)(O)OC4C(C(C(C(O4)CO)O)O)O)O)O)N=C(NC2=O)N,-0.7695510786217261,0.7209070324897766,-0.8471039533615112,1.4203922748565674
3009,O58689_wild,C(C(C(=O)O)O)OP(=O)(O)O,-0.853871964321762,0.8398942947387695,-0.5968072414398193,1.263416051864624
3010,D7UQ40_wild,CC=CC=CCCCCC=CC1=CC(=C(C(=O)O1)CO)OC,-1.7958800173440752,0.03000916913151741,-1.3158208131790161,1.9988123178482056
3011,Q5CPU3_wild,C(CCNCCCN)CNCCCN,-1.958607314841775,0.2021990418434143,-1.4726120233535767,1.2486753463745117
3012,Q5CPU3_wild,C(CCNCCCN)CN,-1.3010299956639813,0.07271361351013184,-0.8405099511146545,0.9092143177986145
3013,Q84PP7_wild,CN1C=[N+](C2=C1C(=O)NC(=O)N2)C3C(C(C(O3)CO)O)O,-0.6003262785189619,-1.0968855619430542,-1.1680799722671509,0.8211692571640015
3014,Q9AVJ9_wild,CN1C=[N+](C2=C1C(=O)NC(=O)N2)C3C(C(C(O3)CO)O)O,-0.8297382846050426,-1.1226035356521606,-1.1622508764266968,0.7712924480438232
3015,Q9Y4B4_wild,C1=NC(=C2C(=N1)N(C=N2)C3C(C(C(O3)COP(=O)(O)OP(=O)(O)OP(=O)(O)O)O)O)N,-1.6020599913279623,-0.2919483780860901,-1.048714518547058,0.615760862827301
3016,Q9HJH3_wild,CC(=CCCC(=CCCC(=CCCC(=CCOP(=O)(O)OP(=O)(O)O)C)C)C)C,-1.1249387366083,-1.0959241390228271,-1.908280849456787,0.9936037063598633
3017,P44801_wild,C(C=O)C(C(=O)[O-])[NH3+],-0.619788758288394,1.8036822080612183,-0.16755497455596924,1.7811474800109863
3018,Q51344_wild,[O-]P(=O)([O-])[O-],0.17609125905568124,1.6408668756484985,0.6290869116783142,1.2683472633361816
3019,Q9KQG2_wild,C(C=O)C(C(=O)[O-])[NH3+],-0.721246399047171,1.6944409608840942,-0.1486130803823471,1.7326807975769043
3020,Q9KQG2_wild,C1=CC(=C[N+](=C1)C2C(C(C(O2)COP(=O)(O)OP(=O)(O)OCC3C(C(C(O3)N4C=NC5=C(N=CN=C54)N)OP(=O)(O)O)O)O)O)C(=O)N,-0.494850021680094,1.3745136260986328,-0.6268099546432495,1.910507321357727
3021,Q9KQG2_wild,[O-]P(=O)([O-])[O-],0.04139268515822508,1.6433364152908325,0.6126601696014404,1.2636772394180298
3022,P0A9Q9_wild,[O-]P(=O)([O-])[O-],0.6812412373755872,1.6713306903839111,0.6093906164169312,1.2473186254501343
3023,P0A9Q9_wild,C(C=O)C(C(=O)[O-])[NH3+],-0.7695510786217261,1.714716911315918,-0.2112252563238144,1.7396085262298584
3024,P0A9Q9_Q162N,[O-]P(=O)([O-])[O-],0.6627578316815741,1.6513550281524658,0.6085842847824097,1.2198047637939453
3025,P0A9Q9_Q162N,C(C=O)C(C(=O)[O-])[NH3+],-0.8239087409443188,1.6924898624420166,-0.19877980649471283,1.7176657915115356
3026,P0A9Q9_Q162H,C(C=O)C(C(=O)[O-])[NH3+],-0.6020599913279624,1.6810929775238037,-0.19803506135940552,1.702783465385437
3027,P0A9Q9_Q162H,[O-]P(=O)([O-])[O-],0.6720978579357175,1.631864070892334,0.6148268580436707,1.2036020755767822
3028,P0A9Q9_Q39D,C(C=O)C(C(=O)[O-])[NH3+],-0.8860566476931633,1.7093639373779297,-0.1745612770318985,1.7193186283111572
3029,P0A9Q9_Q39D,[O-]P(=O)([O-])[O-],0.6720978579357175,1.6761914491653442,0.629075825214386,1.2511963844299316
3030,P0A9Q9_R267L,[O-]P(=O)([O-])[O-],1.2787536009528289,1.4666682481765747,0.7081328630447388,1.017325520515442
3031,P0A9Q9_R267L,C(C=O)C(C(=O)[O-])[NH3+],0.724275869600789,1.5402647256851196,-0.12785552442073822,1.530513048171997
3032,P0A9Q9_Q162N,C1=CC(=C[N+](=C1)C2C(C(C(O2)COP(=O)(O)OP(=O)(O)OCC3C(C(C(O3)N4C=NC5=C(N=CN=C54)N)OP(=O)(O)O)O)O)O)C(=O)N,-0.6777807052660807,1.286776065826416,-0.6640929579734802,1.8961870670318604
3033,P0A9Q9_R31L,C1=CC(=C[N+](=C1)C2C(C(C(O2)COP(=O)(O)OP(=O)(O)OCC3C(C(C(O3)N4C=NC5=C(N=CN=C54)N)OP(=O)(O)O)O)O)O)C(=O)N,-0.6382721639824072,1.2642669677734375,-0.6650636196136475,1.9390404224395752
3034,P0A9Q9_Q39D,C1=CC(=C[N+](=C1)C2C(C(C(O2)COP(=O)(O)OP(=O)(O)OCC3C(C(C(O3)N4C=NC5=C(N=CN=C54)N)OP(=O)(O)O)O)O)O)C(=O)N,0.23044892137827394,1.2912213802337646,-0.6528895497322083,1.903471827507019
3035,P0A9Q9_R31D/Q39D,C1=CC(=C[N+](=C1)C2C(C(C(O2)COP(=O)(O)OP(=O)(O)OCC3C(C(C(O3)N4C=NC5=C(N=CN=C54)N)OP(=O)(O)O)O)O)O)C(=O)N,0.14612803567823798,1.2739869356155396,-0.6094489097595215,1.8948960304260254
3036,P0A9Q9_Q162N,C1=CC(=C[N+](=C1)C2C(C(C(O2)COP(=O)([O-])OP(=O)(O)OCC3C(C(C(O3)N4C=NC5=C(N=CN=C54)N)O)O)O)O)C(=O)N,1.146128035678238,1.4522508382797241,-0.2793508768081665,1.6110905408859253
3037,P0A9Q9_R31L,C1=CC(=C[N+](=C1)C2C(C(C(O2)COP(=O)([O-])OP(=O)(O)OCC3C(C(C(O3)N4C=NC5=C(N=CN=C54)N)O)O)O)O)C(=O)N,0.9777236052888478,1.4357858896255493,-0.28522834181785583,1.6379039287567139
3038,P0A9Q9_Q39D,C1=CC(=C[N+](=C1)C2C(C(C(O2)COP(=O)([O-])OP(=O)(O)OCC3C(C(C(O3)N4C=NC5=C(N=CN=C54)N)O)O)O)O)C(=O)N,1.3979400086720377,1.4578722715377808,-0.2778809070587158,1.613725185394287
3039,P0A9Q9_R31D/Q39D,C1=CC(=C[N+](=C1)C2C(C(C(O2)COP(=O)([O-])OP(=O)(O)OCC3C(C(C(O3)N4C=NC5=C(N=CN=C54)N)O)O)O)O)C(=O)N,0.4471580313422192,1.4357154369354248,-0.25046250224113464,1.6050453186035156
3040,Q47066_wild,CC1(C(N2C(S1)C(C2=O)NC(=O)CC3=CC=CC=C3)C(=O)O)C,-1.6382721639824072,2.2515673637390137,-1.680301308631897,3.0931339263916016
3041,Q47066_wild,CCN1CCN(C(=O)C1=O)C(=O)NC(C2=CC=CC=C2)C(=O)NC3C4N(C3=O)C(C(S4)(C)C)C(=O)O,-2.0969100130080562,1.4752708673477173,-1.659207820892334,2.8080379962921143
3042,Q47066_wild,C1C(=C(N2C(S1)C(C2=O)NC(=O)CC3=CC=CS3)C(=O)O)C=CC4=C(C=C(C=C4)[N+](=O)[O-])[N+](=O)[O-],-1.2291479883578558,2.104215383529663,-1.2824101448059082,3.2377047538757324
3043,Q47066_wild,C1C(=C(N2C(S1)C(C2=O)NC(=O)CC3=CC=CS3)C(=O)[O-])C[N+]4=CC=CC=C4,-0.5528419686577808,2.3089144229888916,-0.7682137489318848,2.988132953643799
3044,Q47066_wild,CC(=O)OCC1=C(N2C(C(C2=O)NC(=O)CC3=CC=CS3)SC1)C(=O)O,-1.408935392973501,2.1693637371063232,-0.9836575388908386,2.993084669113159
3045,Q47066_wild,CC(=O)OCC1=C(N2C(C(C2=O)NC(=O)C(=NOC)C3=CSC(=N3)N)SC1)C(=O)O,-0.9208187539523751,1.5553920269012451,-1.3931444883346558,2.6435604095458984
3046,Q47066_wild,CC(C)(C(=O)O)ON=C(C1=CSC(=N1)N)C(=O)NC2C3N(C2=O)C(=C(CS3)C[N+]4=CC=CC=C4)C(=O)[O-],0.8976270912904415,1.2419161796569824,-0.9818763732910156,2.12631893157959
3047,Q47066_wild,C=CC1=C(N2C(C(C2=O)NC(=O)C(=NO)C3=CSC(=N3)N)SC1)C(=O)O,-2.853871964321762,1.5695931911468506,-1.3471492528915405,2.8117737770080566
3048,Q47066_wild,CCC=C(C1=CSC(=N1)N)C(=O)NC2C3N(C2=O)C(=C(CS3)COC(=O)N)C(=O)O,-1.337242168318426,1.1129602193832397,-1.6005393266677856,2.6635050773620605
3049,Q47066_wild,C1CNC1=O,-2.42021640338319,1.1119966506958008,-0.2865583002567291,1.9631075859069824
3050,Q47066_wild,CC1(C(N2C(S1(=O)=O)CC2=O)C(=O)O)C,-3.5086383061657274,1.3270461559295654,-1.6103049516677856,2.692455768585205
3051,P25910_H99N,CC1(C(N2C(S1)C(C2=O)NC(=O)CC3=CC=CC=C3)C(=O)O)C,-0.8239087409443188,1.8925228118896484,-1.3165613412857056,2.2506508827209473
3052,P25910_C181S,CC1(C(N2C(S1)C(C2=O)NC(=O)CC3=CC=CC=C3)C(=O)O)C,-0.7695510786217261,1.9810848236083984,-1.3932223320007324,2.3647751808166504
3053,P25910_D103N,CC1(C(N2C(S1)C(C2=O)NC(=O)CC3=CC=CC=C3)C(=O)O)C,-0.2924298239020636,1.817620038986206,-1.2594404220581055,2.1385998725891113
3054,P25910_C104R,CC1(C(N2C(S1)C(C2=O)NC(=O)CC3=CC=CC=C3)C(=O)O)C,-1.0705810742857071,2.1207311153411865,-1.3819013833999634,2.4605650901794434
3055,P25910_K184R,CC1(C(N2C(S1)C(C2=O)NC(=O)CC3=CC=CC=C3)C(=O)O)C,-0.3767507096020995,2.035585403442383,-1.3971024751663208,2.4461112022399902
3056,P25910_N193D,CC1(C(N2C(S1)C(C2=O)NC(=O)CC3=CC=CC=C3)C(=O)O)C,-0.03151705144606486,2.0478146076202393,-1.410657525062561,2.4578325748443604
3057,P25910_C104S,CC1(C(N2C(S1)C(C2=O)NC(=O)CC3=CC=CC=C3)C(=O)O)C,-1.2596373105057561,2.0567548274993896,-1.3723875284194946,2.43788480758667
3058,P25910_C155V,CC1(C(N2C(S1)C(C2=O)NC(=O)CC3=CC=CC=C3)C(=O)O)C,-1.2596373105057561,2.134337902069092,-1.3466284275054932,2.4821653366088867
3059,P25910_H99N,C1C(=C(N2C(S1)C(C2=O)NC(=O)CC3=CC=CS3)C(=O)[O-])C[N+]4=CC=CC=C4,-0.11918640771920865,1.4223744869232178,-1.370127558708191,2.5824508666992188
3060,P25910_C181S,C1C(=C(N2C(S1)C(C2=O)NC(=O)CC3=CC=CS3)C(=O)[O-])C[N+]4=CC=CC=C4,-1.2596373105057561,1.5112614631652832,-1.4020532369613647,2.7203116416931152
3061,P25910_D103N,C1C(=C(N2C(S1)C(C2=O)NC(=O)CC3=CC=CS3)C(=O)[O-])C[N+]4=CC=CC=C4,-1.7695510786217261,1.3422743082046509,-1.305901288986206,2.4812419414520264
3062,P25910_C104R,C1C(=C(N2C(S1)C(C2=O)NC(=O)CC3=CC=CS3)C(=O)[O-])C[N+]4=CC=CC=C4,-1.4814860601221125,1.6698079109191895,-1.412509560585022,2.820220470428467
3063,P25910_K184R,C1C(=C(N2C(S1)C(C2=O)NC(=O)CC3=CC=CS3)C(=O)[O-])C[N+]4=CC=CC=C4,-1.8860566476931633,1.5899591445922852,-1.439806342124939,2.7875289916992188
3064,P25910_N193D,C1C(=C(N2C(S1)C(C2=O)NC(=O)CC3=CC=CS3)C(=O)[O-])C[N+]4=CC=CC=C4,-1.3665315444204134,1.5973615646362305,-1.44876229763031,2.7946906089782715
3065,P25910_C104S,C1C(=C(N2C(S1)C(C2=O)NC(=O)CC3=CC=CS3)C(=O)[O-])C[N+]4=CC=CC=C4,-2.1870866433571443,1.6051944494247437,-1.402895450592041,2.8008430004119873
3066,P25910_C155V,C1C(=C(N2C(S1)C(C2=O)NC(=O)CC3=CC=CS3)C(=O)[O-])C[N+]4=CC=CC=C4,-2.1870866433571443,1.6777501106262207,-1.4068692922592163,2.834251880645752
3067,P25910_H99N,CC(C1C2CC(=C(N2C1=O)C(=O)O)SCCN=CN)O,-0.7447274948966939,1.217605710029602,-1.7382785081863403,1.925807237625122
3068,P25910_C181S,CC(C1C2CC(=C(N2C1=O)C(=O)O)SCCN=CN)O,-0.42021640338318983,1.2941813468933105,-1.819728970527649,2.068096160888672
3069,P25910_D103N,CC(C1C2CC(=C(N2C1=O)C(=O)O)SCCN=CN)O,-1.853871964321762,1.1226959228515625,-1.6758047342300415,1.8434834480285645
3070,P25910_C104R,CC(C1C2CC(=C(N2C1=O)C(=O)O)SCCN=CN)O,-1.5528419686577808,1.4547092914581299,-1.811050295829773,2.146841287612915
3071,P25910_K184R,CC(C1C2CC(=C(N2C1=O)C(=O)O)SCCN=CN)O,-0.15490195998574322,1.3672010898590088,-1.8371392488479614,2.1199045181274414
3072,P25910_N193D,CC(C1C2CC(=C(N2C1=O)C(=O)O)SCCN=CN)O,-0.24412514432750865,1.3724579811096191,-1.8298527002334595,2.134704828262329
3073,P25910_C104S,CC(C1C2CC(=C(N2C1=O)C(=O)O)SCCN=CN)O,-2.494850021680094,1.4075264930725098,-1.7902249097824097,2.132967472076416
3074,P25910_C155V,CC(C1C2CC(=C(N2C1=O)C(=O)O)SCCN=CN)O,-2.494850021680094,1.4999202489852905,-1.7818262577056885,2.1947715282440186
3075,P80545_wild,CC1(C(N2C(S1)C(C2=O)NC(=O)CC3=CC=CC=C3)C(=O)O)C,-1.6382721639824072,2.709669351577759,-1.3789478540420532,3.21046781539917
3076,P80545_wild,CC1(C(N2C(S1)C(C2=O)NC(=O)C(C3=CC=C(C=C3)O)N)C(=O)O)C,-1.4559319556497243,2.3705856800079346,-1.1418019533157349,2.7875356674194336
3077,P80545_wild,CC1(C(N2C(S1)C(C2=O)NC(=O)C(C3=CC=CC=C3)C(=O)O)C(=O)O)C,-1.3979400086720375,2.3110928535461426,-1.5044857263565063,2.942211627960205
3078,P80545_wild,CC1(C(N2C(S1)C(C2=O)NC(=O)C(C3=CSC=C3)C(=O)O)C(=O)O)C,-1.5086383061657274,2.1992602348327637,-1.428462028503418,2.8420300483703613
3079,P80545_wild,CCN1CCN(C(=O)C1=O)C(=O)NC(C2=CC=CC=C2)C(=O)NC3C4N(C3=O)C(C(S4)(C)C)C(=O)O,-1.6382721639824072,1.9489541053771973,-1.3662322759628296,2.9839928150177
3080,P80545_wild,CC1(C(N2C(S1)C(C2=O)NC(=O)C(C3=CC=CC=C3)NC(=O)N4CCN(C4=O)S(=O)(=O)C)C(=O)[O-])C.[Na+],-1.8239087409443187,2.008392095565796,-1.3077006340026855,2.7594828605651855
3081,P80545_wild,CC1=C(C(=NO1)C2=CC=CC=C2)C(=O)NC3C4N(C3=O)C(C(S4)(C)C)C(=O)O,-1.3767507096020997,1.8079612255096436,-1.4093501567840576,2.8809120655059814
3082,P80545_wild,CC1=C(C(=NO1)C2=CC=CC=C2Cl)C(=O)NC3C4N(C3=O)C(C(S4)(C)C)C(=O)O,-1.3665315444204134,1.7453231811523438,-1.3920811414718628,2.7518324851989746
3083,P80545_wild,C1C(=C(N2C(S1)C(C2=O)NC(=O)CC3=CC=CS3)C(=O)[O-])C[N+]4=CC=CC=C4,-0.7569619513137056,2.6990108489990234,-0.5167938470840454,3.1132216453552246
3084,P80545_wild,CC(=O)OCC1=C(N2C(C(C2=O)NC(=O)CC3=CC=CS3)SC1)C(=O)O,-0.7569619513137056,2.635962724685669,-0.7810890674591064,3.1032824516296387
3085,P80545_wild,CN1C(=NN=N1)SCC2=C(N3C(C(C3=O)NC(=O)C(C4=CC=CC=C4)O)SC2)C(=O)O,-0.6989700043360187,2.420308828353882,-0.6855010986328125,3.108365535736084
3086,P80545_wild,CON=C(C1=CC=CO1)C(=O)NC2C3N(C2=O)C(=C(CS3)COC(=O)N)C(=O)O,-1.6989700043360187,1.59544837474823,-1.486365795135498,2.600430488586426
3087,P80545_wild,CN(C)CCN1C(=NN=N1)SCC2=C(N3C(C(C3=O)NC(=O)CC4=CSC(=N4)N)SC2)C(=O)O,-1.2596373105057561,2.316523551940918,-0.855052649974823,3.0736069679260254
3088,P80545_wild,CC(=O)OCC1=C(N2C(C(C2=O)NC(=O)C(=NOC)C3=CSC(=N3)N)SC1)C(=O)O,-1.0969100130080565,2.0566022396087646,-1.0448497533798218,2.723328113555908
3089,P80545_wild,CN1C(=NC(=O)C(=O)N1)SCC2=C(N3C(C(C3=O)NC(=O)C(=NOC)C4=CSC(=N4)N)SC2)C(=O)O,-1.5528419686577808,2.0719406604766846,-1.1045955419540405,2.9643313884735107
3090,P80545_wild,CON=C(C1=CSC(=N1)N)C(=O)NC2C3N(C2=O)C(=C(CS3)C[N+]4=CC=CC5=C4CCC5)C(=O)[O-],-0.3565473235138126,1.6373343467712402,-0.7932726144790649,2.562138080596924
3091,P80545_wild,C[N+]1(CCCC1)CC2=C(N3C(C(C3=O)NC(=O)C(=NOC)C4=CSC(=N4)N)SC2)C(=O)[O-],-0.36653154442041347,2.017528772354126,-0.8093716502189636,2.480243682861328
3092,P80545_wild,CCN1CCN(C(=O)C1=O)C(=O)NC(C2=CC=C(C=C2)O)C(=O)NC3C4N(C3=O)C(=C(CS4)CSC5=NN=NN5C)C(=O)O,-2.0,1.7566362619400024,-1.220781683921814,2.7291107177734375
3093,P80545_wild,CC(C)(C(=O)O)ON=C(C1=CSC(=N1)N)C(=O)NC2C3N(C2=O)C(=C(CS3)C[N+]4=CC=CC=C4)C(=O)[O-],-0.3010299956639812,1.7646515369415283,-0.6013928651809692,2.283479690551758
3094,P80545_wild,CC1C(C(=O)N1S(=O)(=O)O)NC(=O)C(=NOC(C)(C)C(=O)O)C2=CSC(=N2)N,-1.3872161432802645,1.7987394332885742,-0.8337242007255554,2.302553653717041
3095,P52663_wild,CC1(C(N2C(S1)C(C2=O)NC(=O)CC3=CC=CC=C3)C(=O)O)C,-1.5528419686577808,2.1215994358062744,-1.2349745035171509,2.913173198699951
3096,P52663_wild,CC1(C(N2C(S1)C(C2=O)NC(=O)C(C3=CC=C(C=C3)O)N)C(=O)O)C,-1.045757490560675,1.8101989030838013,-1.1656721830368042,2.552762031555176
3097,P52663_wild,CC1(C(N2C(S1)C(C2=O)NC(=O)C(C3=CSC=C3)C(=O)O)C(=O)O)C,-0.8181564120552275,1.5767611265182495,-1.3906127214431763,2.580719470977783
3098,P52663_wild,CC(=O)OCC1=C(N2C(C(C2=O)NC(=O)CC3=CC=CS3)SC1)C(=O)O,-0.7328282715969863,1.801204800605774,-0.9163843989372253,2.8340601921081543
3099,P52663_wild,CC(=O)OCC1=C(N2C(C(C2=O)NC(=O)C(=NOC)C3=CSC(=N3)N)SC1)C(=O)O,-0.019542107723899894,1.3855863809585571,-1.0995742082595825,2.5033633708953857
3100,P52663_wild,CC(C)(C(=O)O)ON=C(C1=CSC(=N1)N)C(=O)NC2C3N(C2=O)C(=C(CS3)C[N+]4=CC=CC=C4)C(=O)[O-],-1.045757490560675,1.075594186782837,-0.8209595680236816,2.2230076789855957
3101,P52663_wild,CC1C(C(=O)N1S(=O)(=O)O)NC(=O)C(=NOC(C)(C)C(=O)O)C2=CSC(=N2)N,-0.9030899869919435,1.2023911476135254,-0.6759023070335388,2.349087953567505
3102,P52663_wild,CC(C1C2CC(=C(N2C1=O)C(=O)O)SCCN=CN)O,-1.0362121726544449,0.8541796207427979,-0.9876735806465149,1.825613260269165
3103,P52663_wild,CC1C2C(C(=O)N2C(=C1SC3CC(NC3)C(=O)N(C)C)C(=O)O)C(C)O,-2.3615107430453626,0.6565840840339661,-1.4715794324874878,2.1328468322753906
3104,P52663_wild,COC1(C2N(C1=O)C(=C(CS2)COC(=O)N)C(=O)O)NC(=O)CC3=CC=CS3,-1.031517051446065,0.8127819299697876,-1.4681400060653687,2.305274486541748
3105,P52663_wild,CN1C(=NN=N1)SCC2=C(N3C(C(C3=O)(NC(=O)C4SC(=C(C(=O)N)C(=O)O)S4)OC)SC2)C(=O)O,-1.0969100130080565,0.8592873811721802,-0.9571465849876404,2.2435221672058105
3106,P52663_wild,CN1C(=NN=N1)SCC2=C(N3C(C(C3=O)(NC(=O)C(C4=CC=C(C=C4)O)C(=O)O)OC)OC2)C(=O)O,-0.5228787452803376,1.0678386688232422,-1.1406735181808472,2.248591899871826
3107,P00809_wild,CC1(C(N2C(S1)C(C2=O)N)C(=O)O)C,0.2041199826559248,1.7649540901184082,-0.4037814140319824,2.1571919918060303
3108,P00809_wild,CC1(C(N2C(S1)C(C2=O)NC(=O)CC3=CC=CC=C3)C(=O)O)C,-1.1870866433571445,2.2380406856536865,-0.9133175611495972,2.8851237297058105
3109,P00809_wild,CC1(C(N2C(S1)C(C2=O)NC(=O)COC3=CC=CC=C3)C(=O)O)C,-0.876475019057268,1.91042160987854,-0.7496751546859741,2.5163064002990723
3110,P00809_wild,C1C(=C(N2C(S1)C(C2=O)NC(=O)CC3=CC=CS3)C(=O)O)C=CC4=C(C=C(C=C4)[N+](=O)[O-])[N+](=O)[O-],-1.2596373105057561,1.5143840312957764,-0.9922305345535278,2.9637889862060547
3111,P22390_wild,CC1(C(N2C(S1)C(C2=O)NC(=O)CC3=CC=CC=C3)C(=O)O)C,-1.3565473235138126,2.3459858894348145,-1.436850905418396,2.9853391647338867
3112,P22390_wild,CC1(C(N2C(S1)C(C2=O)NC(=O)C(C3=CC=CC=C3)N)C(=O)O)C,-1.6575773191777938,2.0997471809387207,-1.3257369995117188,2.7633438110351562
3113,P22390_wild,CC1=C(C(=NO1)C2=CC=CC=C2)C(=O)NC3C4N(C3=O)C(C(S4)(C)C)C(=O)O,-0.6382721639824072,1.4766895771026611,-1.462792992591858,2.616814613342285
3114,P22390_wild,CC1(C(N2C(S1)C(C2=O)NC(=O)C(C3=CC=CC=C3)C(=O)O)C(=O)O)C,-1.0,1.9175331592559814,-1.6125520467758179,2.7404422760009766
3115,P22390_wild,CC1(C(N2C(S1)C(C2=O)NC(=O)C3=C(C=CC=C3OC)OC)C(=O)O)C,-2.3767507096020997,1.676100492477417,-1.5394610166549683,2.5699801445007324
3116,P22390_wild,C1C(=C(N2C(S1)C(C2=O)NC(=O)CC3=CC=CS3)C(=O)[O-])C[N+]4=CC=CC=C4,-0.13076828026902382,2.3080666065216064,-0.551361083984375,2.8367090225219727
3117,P22390_wild,CC(=O)OCC1=C(N2C(C(C2=O)NC(=O)CC3=CC=CS3)SC1)C(=O)O,-1.3872161432802645,2.193084955215454,-0.7019233703613281,2.8543882369995117
3118,P22390_wild,CC(=O)OCC1=C(N2C(C(C2=O)NC(=O)CCCC(C(=O)O)N)SC1)C(=O)O,-0.9100948885606021,1.759543538093567,-0.47887927293777466,2.4505457878112793
3119,P22390_wild,CC1=NN=C(S1)SCC2=C(N3C(C(C3=O)NC(=O)CN4C=NN=N4)SC2)C(=O)O,-1.6989700043360187,2.0876057147979736,-0.28739598393440247,2.827883243560791
3120,P22390_wild,CON=C(C1=CC=CO1)C(=O)NC2C3N(C2=O)C(=C(CS3)COC(=O)N)C(=O)O,-1.1549019599857433,1.1244707107543945,-1.3794158697128296,2.342850923538208
3121,P22390_wild,CC1C(C(=O)N1S(=O)(=O)O)NC(=O)C(=NOC(C)(C)C(=O)O)C2=CSC(=N2)N,-2.3767507096020997,1.361204743385315,-0.8001662492752075,2.147139549255371
3122,P22390_wild,CC(C1C2CC(=C(N2C1=O)C(=O)O)SCCN=CN)O,-1.619788758288394,0.8686960339546204,-0.979358434677124,1.558447003364563
3123,P00809_wild,CC(=O)OCC1=C(N2C(C(C2=O)NC(=O)CCCC(C(=O)O)N)SC1)C(=O)O,-0.6575773191777937,1.4926167726516724,-0.41516098380088806,2.017913341522217
3124,P00809_wild,CC1(C(N2C(S1)C(C2=O)NC(=O)C(C3=CC=CC=C3)C(=O)O)C(=O)O)C,-0.8239087409443188,1.9527758359909058,-1.0784088373184204,2.587693214416504
3125,P00809_wild,CC1(C(N2C(S1)C(C2=O)NC(=O)C(C3=CC=CC=C3)N)C(=O)O)C,-0.6020599913279624,2.128502368927002,-0.7553355693817139,2.634490966796875
3126,P25910_wild,CC1(C(N2C(S1)C(C2=O)NC(=O)CC3=CC=CC=C3)C(=O)O)C,-1.3979400086720375,2.0636961460113525,-1.392212152481079,2.4611196517944336
3127,P25910_wild,C1C(=C(N2C(S1)C(C2=O)NC(=O)CC3=CC=CS3)C(=O)O)C=CC4=C(C=C(C=C4)[N+](=O)[O-])[N+](=O)[O-],-1.7958800173440752,1.7617900371551514,-1.9920388460159302,3.145479679107666
3128,P25910_wild,CC(C1C2CC(=C(N2C1=O)C(=O)O)SCCN=CN)O,-0.6989700043360187,1.395865797996521,-1.8227075338363647,2.14168381690979
3129,P25910_wild,CC(=O)OCC1=C(N2C(C(C2=O)NC(=O)C(=NOC)C3=CSC(=N3)N)SC1)C(=O)O,-2.0604807473813813,1.4668669700622559,-2.0264761447906494,2.7010459899902344
3130,P25910_wild,C1C(=C(N2C(S1)C(C2=O)NC(=O)CC3=CC=CS3)C(=O)[O-])C[N+]4=CC=CC=C4,-2.552841968657781,1.6121771335601807,-1.4300835132598877,2.806577682495117
3131,P25910_wild,COC1(C2N(C1=O)C(=C(CS2)COC(=O)N)C(=O)O)NC(=O)CC3=CC=CS3,-1.2676062401770316,1.327575445175171,-1.9825271368026733,2.413485527038574
3132,P25910_wild,CC(C)(C(=O)O)ON=C(C1=CSC(=N1)N)C(=O)NC2C3N(C2=O)C(=C(CS3)C[N+]4=CC=CC=C4)C(=O)[O-],-0.46852108295774486,1.3150436878204346,-1.7151190042495728,2.4677419662475586
3133,P25910_wild,CC1(C(N2C(S1)C(C2=O)NC(=O)C(C3=CC=CC=C3)N)C(=O)O)C,-0.9208187539523751,1.9289655685424805,-1.30696702003479,2.433229684829712
3134,P25910_wild,CC1(C(N2C(S1)C(C2=O)NC(=O)C(C3=CC=CC=C3)C(=O)O)C(=O)O)C,-0.8860566476931633,1.873948335647583,-1.5943362712860107,2.4723258018493652
3135,P25910_wild,CCN1CCN(C(=O)C1=O)C(=O)NC(C2=CC=CC=C2)C(=O)NC3C4N(C3=O)C(C(S4)(C)C)C(=O)O,-0.958607314841775,1.834203839302063,-1.5775583982467651,2.6735730171203613
3136,P25910_wild,CC1(C(N2C(S1)C(C2=O)NC(=O)C3=C(C=CC=C3OC)OC)C(=O)O)C,0.04139268515822508,1.6864159107208252,-1.4786335229873657,2.51177978515625
3137,Q9L5C7_wild,CC1(C(N2C(S1)C(C2=O)NC(=O)CC3=CC=CC=C3)C(=O)O)C,-1.958607314841775,2.479079008102417,-1.5501903295516968,3.1641111373901367
3138,Q9L5C7_wild,CCN1CCN(C(=O)C1=O)C(=O)NC(C2=CC=CC=C2)C(=O)NC3C4N(C3=O)C(C(S4)(C)C)C(=O)O,-1.6989700043360187,1.7201039791107178,-1.5116735696792603,2.881579875946045
3139,Q9L5C7_wild,C1C(=C(N2C(S1)C(C2=O)NC(=O)CC3=CC=CS3)C(=O)O)C=CC4=C(C=C(C=C4)[N+](=O)[O-])[N+](=O)[O-],-1.6020599913279623,2.281237840652466,-1.1304045915603638,3.2730650901794434
3140,Q9L5C7_wild,C1C(=C(N2C(S1)C(C2=O)NC(=O)CC3=CC=CS3)C(=O)[O-])C[N+]4=CC=CC=C4,-0.9030899869919435,2.4812943935394287,-0.6557765603065491,3.011897563934326
3141,Q9L5C7_wild,CC(=O)OCC1=C(N2C(C(C2=O)NC(=O)CC3=CC=CS3)SC1)C(=O)O,-1.5686362358410126,2.3901968002319336,-0.8091484904289246,2.9942822456359863
3142,Q9L5C7_wild,CC(=O)OCC1=C(N2C(C(C2=O)NC(=O)C(=NOC)C3=CSC(=N3)N)SC1)C(=O)O,-1.3872161432802645,1.8363072872161865,-1.1062382459640503,2.602968215942383
3143,Q9L5C7_wild,C=CC1=C(N2C(C(C2=O)NC(=O)C(=NO)C3=CSC(=N3)N)SC1)C(=O)O,-3.0969100130080567,1.8289281129837036,-1.129419207572937,2.7747015953063965
3144,Q9L5C7_wild,CCC=C(C1=CSC(=N1)N)C(=O)NC2C3N(C2=O)C(=C(CS3)COC(=O)N)C(=O)O,-1.6020599913279623,1.3436083793640137,-1.3833585977554321,2.628150463104248
3145,Q9L5C7_wild,CC(C1C2CC(=C(N2C1=O)C(=O)O)SCCN=CN)O,-2.721246399047171,0.9867298603057861,-1.0371564626693726,1.6811587810516357
3146,Q9L5C7_wild,CC1C2C(C(=O)N2C(=C1SC3CC(NC3)C(=O)N(C)C)C(=O)O)C(C)O,-3.958607314841775,0.8845919370651245,-1.3773471117019653,2.2138924598693848
3147,Q9L5C7_wild,CC1C2C(C(=O)N2C(=C1SC3CC(NC3)CNS(=O)(=O)N)C(=O)O)C(C)O,-0.8239087409443188,0.7992959022521973,-1.406882882118225,1.894714117050171
3148,Q9L5C7_wild,CC1(C(N2C(S1(=O)=O)CC2=O)C(=O)O)C,-3.3279021420642825,1.6010611057281494,-1.4784401655197144,2.7493042945861816
3149,P25910_wild,CC1(C(N2C(S1)C(C2=O)NC(=O)C(C3=CC=C(C=C3)O)N)C(=O)O)C,-1.0915149811213503,1.846328854560852,-1.3640741109848022,2.3992421627044678
3150,P25910_wild,CC1=C(C(=NO1)C2=CC=CC=C2Cl)C(=O)NC3C4N(C3=O)C(C(S4)(C)C)C(=O)O,-0.958607314841775,1.5918645858764648,-1.7484420537948608,2.685114622116089
3151,P25910_wild,CC1(C(N2C(S1)C(C2=O)N=CN3CCCCCC3)C(=O)O)C,-0.7447274948966939,1.814221978187561,-0.9922095537185669,2.1615309715270996
3152,P25910_wild,CC1(C(N2C(S1)C(C2=O)NC(=O)C(C3=CSC=C3)C(=O)O)C(=O)O)C,-1.1549019599857433,1.773895025253296,-1.6304476261138916,2.4866347312927246
3153,P25910_wild,CC1(C(N2C(S1)C(C2=O)NC(=O)C(C3=CC=CC=C3)NC(=O)N4CCNC4=O)C(=O)O)C,-1.080921907623926,1.775742530822754,-1.6391748189926147,2.4932384490966797
3154,P25910_wild,CC1(C(N2C(S1)C(C2=O)NC(=O)C(C3=CC=CC=C3)NC(=O)N4CCN(C4=O)S(=O)(=O)C)C(=O)[O-])C.[Na+],-0.958607314841775,1.6291630268096924,-1.344544768333435,2.5746335983276367
3155,P25910_wild,CC(=O)OCC1=C(N2C(C(C2=O)NC(=O)CC3=CC=CS3)SC1)C(=O)O,-2.4814860601221125,1.784422755241394,-2.0187511444091797,2.931135654449463
3156,P25910_wild,CC1=C(N2C(C(C2=O)NC(=O)C(C3=CC=CC=C3)N)SC1)C(=O)O,-1.207608310501746,1.7551017999649048,-1.8672865629196167,2.842050075531006
3157,P25910_wild,CON=C(C1=CC=CO1)C(=O)NC2C3N(C2=O)C(=C(CS3)COC(=O)N)C(=O)O,-2.3767507096020997,1.5187714099884033,-2.1913836002349854,2.7853333950042725
3158,P25910_wild,CCN1CCN(C(=O)C1=O)C(=O)NC(C2=CC=C(C=C2)O)C(=O)NC3C4N(C3=O)C(=C(CS4)CSC5=NN=NN5C)C(=O)O,-1.585026652029182,1.3972913026809692,-2.140324354171753,2.6710033416748047
3159,P25910_wild,CN1C(=NC(=O)C(=O)N1)SCC2=C(N3C(C(C3=O)NC(=O)C(=NOC)C4=CSC(=N4)N)SC2)C(=O)O,-2.113509274827518,1.4243210554122925,-2.157564878463745,2.942135810852051
3160,P25910_wild,C=CC1=C(N2C(C(C2=O)NC(=O)C(=NOCC(=O)O)C3=CSC(=N3)N)SC1)C(=O)O,-1.275724130399211,1.4833300113677979,-2.1695096492767334,2.8010988235473633
3161,P25910_wild,C[N+]1(CCCC1)CC2=C(N3C(C(C3=O)NC(=O)C(=NOC)C4=CSC(=N4)N)SC2)C(=O)[O-],-1.5686362358410126,1.33030366897583,-1.6772562265396118,2.4513072967529297
3162,Q8VKT5_wild,C1C(=C(N2C(S1)C(C2=O)NC(=O)CC3=CC=CS3)C(=O)O)C=CC4=C(C=C(C=C4)[N+](=O)[O-])[N+](=O)[O-],-1.3279021420642825,2.17182993888855,-1.2294503450393677,3.2443795204162598
3163,Q8VKT5_wild,CC(=O)OCC1=C(N2C(C(C2=O)NC(=O)CC3=CC=CS3)SC1)C(=O)O,-1.3098039199714864,2.265327215194702,-0.9477895498275757,3.0055246353149414
3164,Q5YXD6_wild,CC(=O)OCC1=C(N2C(C(C2=O)NC(=O)C(=NOC)C3=CSC(=N3)N)SC1)C(=O)O,-0.9913998282380825,1.1123650074005127,-0.7467596530914307,2.1995790004730225
3165,Q5YXD6_wild,CC1(C(N2C(S1)C(C2=O)NC(=O)CC3=CC=CC=C3)C(=O)O)C,-1.5228787452803376,1.9398488998413086,-0.7338489294052124,2.830381393432617
3166,Q5YXD6_wild,CC1(C(N2C(S1)C(C2=O)NC(=O)C(C3=CC=CC=C3)N)C(=O)O)C,-0.27572413039921095,1.7846693992614746,-0.7110632658004761,2.6530489921569824
3167,Q5YXD6_wild,CC1(C(N2C(S1)C(C2=O)NC(=O)C(C3=CC=C(C=C3)O)N)C(=O)O)C,-1.3010299956639813,1.600999355316162,-0.8155023455619812,2.5617856979370117
3168,Q5YXD6_wild,CC1(C(N2C(S1)C(C2=O)NC(=O)C(C3=CSC=C3)C(=O)O)C(=O)O)C,-1.5086383061657274,1.5516337156295776,-0.9942950010299683,2.6354455947875977
3169,Q5YXD6_wild,CCN1CCN(C(=O)C1=O)C(=O)NC(C2=CC=CC=C2)C(=O)NC3C4N(C3=O)C(C(S4)(C)C)C(=O)O,-1.3467874862246563,1.2437167167663574,-0.7211650013923645,2.69468092918396
3170,Q5YXD6_wild,CC(=O)OCC1=C(N2C(C(C2=O)NC(=O)CC3=CC=CS3)SC1)C(=O)O,-0.9829666607012196,1.5899436473846436,-0.6310935616493225,2.491647243499756
3171,Q5YXD6_wild,C1C(=C(N2C(S1)C(C2=O)NC(=O)CC3=CC=CS3)C(=O)[O-])C[N+]4=CC=CC=C4,-0.3010299956639812,1.6892305612564087,-0.5716920495033264,2.571007251739502
3172,Q5YXD6_wild,CON=C(C1=CC=CO1)C(=O)NC2C3N(C2=O)C(=C(CS3)COC(=O)N)C(=O)O,-0.3010299956639812,0.6907660961151123,-0.9006481170654297,2.1813137531280518
3173,Q5YXD6_wild,CC1C(C(=O)N1S(=O)(=O)O)NC(=O)C(=NOC(C)(C)C(=O)O)C2=CSC(=N2)N,-0.3979400086720376,1.109133243560791,-0.3227936327457428,2.1033949851989746
3174,P00808_wild,CC1(C(N2C(S1)C(C2=O)NC(=O)COC3=CC=CC=C3)C(=O)O)C,-1.3767507096020997,1.6835861206054688,-1.0198646783828735,2.3531956672668457
3175,P00808_wild,CC1(C(N2C(S1)C(C2=O)NC(=O)C(C3=CC=CC=C3)N)C(=O)O)C,-0.6777807052660807,1.8815150260925293,-1.1835883855819702,2.5116865634918213
3176,P00808_wild,C1C(=C(N2C(S1)C(C2=O)NC(=O)CC3=CC=CS3)C(=O)O)C=CC4=C(C=C(C=C4)[N+](=O)[O-])[N+](=O)[O-],-1.3872161432802645,1.4554669857025146,-1.2371717691421509,2.942991256713867
3177,P00808_wild,CN(C)C1=CC=C(C=C1)N=NC2=CC=CC=[N+]2CC3=C(N4C(C(C4=O)NC(=O)CC5=CC=CS5)SC3)C(=O)[O-],-0.853871964321762,1.3087986707687378,-1.0449355840682983,2.670595645904541
3178,A5U493_wild,CC1(C(N2C(S1)C(C2=O)NC(=O)CC3=CC=CC=C3)C(=O)O)C,-1.3010299956639813,1.3212389945983887,-0.9483420848846436,2.094585418701172
3179,A5U493_wild,CC1(C(N2C(S1)C(C2=O)NC(=O)COC3=CC=CC=C3)C(=O)O)C,-1.4202164033831899,0.9604237079620361,-0.8187196254730225,1.7239114046096802
3180,A5U493_wild,CC1(C(N2C(S1)C(C2=O)NC(=O)C(C3=CC=C(C=C3)O)N)C(=O)O)C,-1.0268721464003014,0.9650450944900513,-0.9114845395088196,1.7899420261383057
3181,A5U493_wild,CC1(C(N2C(S1)C(C2=O)NC(=O)C(C3=CC=CC=C3)NC(=O)N4CCNC4=O)C(=O)O)C,-0.7328282715969863,0.7772010564804077,-1.1872981786727905,1.7258632183074951
3182,A5U493_wild,C1C(=C(N2C(S1)C(C2=O)NC(=O)CC3=CC=CS3)C(=O)O)C=CC4=C(C=C(C=C4)[N+](=O)[O-])[N+](=O)[O-],-1.0915149811213503,1.0004087686538696,-1.0672492980957031,2.2648727893829346
3183,A5U493_wild,C1C(=C(N2C(S1)C(C2=O)NC(=O)CC3=CC=CS3)C(=O)[O-])C[N+]4=CC=CC=C4,-0.2676062401770315,1.0534297227859497,-0.7744470834732056,1.8509577512741089
3184,A5U493_wild,CC1=NN=C(S1)SCC2=C(N3C(C(C3=O)NC(=O)CN4C=NN=N4)SC2)C(=O)O,-0.5171264163912462,0.9331819415092468,-0.36896130442619324,1.840963363647461
3185,A5U493_wild,CC(=O)OCC1=C(N2C(C(C2=O)NC(=O)CC3=CC=CS3)SC1)C(=O)O,-0.6615435063953952,0.9604834318161011,-0.8418307304382324,1.7892115116119385
3186,A5U493_wild,CC(=O)OCC1=C(N2C(C(C2=O)NC(=O)CSC3=CC=NC=C3)SC1)C(=O)O,-0.4962093169428189,0.8334939479827881,-1.059937834739685,1.6752489805221558
3187,A5U493_wild,CN1C(=NN=N1)SCC2=C(N3C(C(C3=O)NC(=O)C(C4=CC=CC=C4)O)SC2)C(=O)O,-0.5497508916806388,0.9046692252159119,-0.6551777720451355,1.8296115398406982
3188,Q9EZQ7_wild,CC1(C(N2C(S1)C(C2=O)NC(=O)CC3=CC=CC=C3)C(=O)O)C,-1.5228787452803376,1.982923984527588,-0.8032907247543335,2.6597537994384766
3189,Q9EZQ7_wild,CC1(C(N2C(S1)C(C2=O)NC(=O)C(C3=CC=C(C=C3)O)N)C(=O)O)C,-1.3010299956639813,1.6863292455673218,-0.803902804851532,2.3683576583862305
3190,Q9EZQ7_wild,CC1(C(N2C(S1)C(C2=O)NC(=O)C(C3=CSC=C3)C(=O)O)C(=O)O)C,-2.154901959985743,1.6101585626602173,-1.0278356075286865,2.4305806159973145
3191,Q9EZQ7_wild,CCN1CCN(C(=O)C1=O)C(=O)NC(C2=CC=CC=C2)C(=O)NC3C4N(C3=O)C(C(S4)(C)C)C(=O)O,-0.4814860601221125,1.3145945072174072,-0.7955419421195984,2.471923351287842
3192,Q9EZQ7_wild,CC(=O)OCC1=C(N2C(C(C2=O)NC(=O)CC3=CC=CS3)SC1)C(=O)O,-1.6989700043360187,1.6616027355194092,-0.7372740507125854,2.3246209621429443
3193,P9WNH5_wild,CC(=CC=C(C(=O)O)O)C(=O)CCC1C2CCC(=O)C2(CCC1=O)C,-2.3979400086720375,-0.19606980681419373,-1.7241119146347046,1.7887682914733887
3194,P23307_wild,C1=CC=C(C=C1)CC(C(=O)O)N,0.04139268515822508,0.7739294767379761,-0.45070621371269226,1.3563976287841797
3195,P23307_L307V,C1=CC=C(C=C1)CC(C(=O)O)N,-0.27572413039921095,0.797629714012146,-0.44218939542770386,1.378525733947754
3196,P23307_G124A,C1=CC=C(C=C1)CC(C(=O)O)N,0.9084850188786497,0.7743651866912842,-0.4569500982761383,1.3514554500579834
3197,P23307_G124A/L307V,C1=CC=C(C=C1)CC(C(=O)O)N,0.8573324964312685,0.801151692867279,-0.4484235346317291,1.3835681676864624
3198,P23307_wild,C1=CC=C(C=C1)CC(=O)C(=O)O,-0.431798275933005,1.2544344663619995,-0.09586301445960999,1.7901458740234375
3199,P23307_L307V,C1=CC=C(C=C1)CC(=O)C(=O)O,-0.6575773191777937,1.275139331817627,-0.09043490886688232,1.8091851472854614
3200,P23307_G124A,C1=CC=C(C=C1)CC(=O)C(=O)O,0.8633228601204559,1.251362919807434,-0.09043990075588226,1.7831746339797974
3201,P23307_G124A/L307V,C1=CC=C(C=C1)CC(=O)C(=O)O,0.6627578316815741,1.2776293754577637,-0.08602270483970642,1.80965256690979
3202,P23307_wild,CC(C)CC(C(=O)O)N,-0.2596373105057561,-0.033430855721235275,-0.15255054831504822,1.3345119953155518
3203,P23307_L307V,CC(C)CC(C(=O)O)N,-1.6020599913279623,0.0044481270015239716,-0.1449657678604126,1.3492236137390137
3204,P23307_G124A,CC(C)CC(C(=O)O)N,-1.2441251443275085,-0.0315772108733654,-0.15521514415740967,1.326896071434021
3205,P23307_G124A/L307V,CC(C)CC(C(=O)O)N,-1.337242168318426,0.017006319016218185,-0.14931796491146088,1.348761796951294
3206,P23307_wild,CC(C)CC(=O)C(=O)O,1.3010299956639813,0.7040472626686096,0.27560463547706604,1.3778417110443115
3207,P23307_L307V,CC(C)CC(=O)C(=O)O,0.14612803567823798,0.7551428079605103,0.2777593731880188,1.4011343717575073
3208,P23307_G124A,CC(C)CC(=O)C(=O)O,-0.2006594505464183,0.7152310609817505,0.27237656712532043,1.3772658109664917
3209,P23307_G124A/L307V,CC(C)CC(=O)C(=O)O,-0.44369749923271273,0.7727855443954468,0.27057161927223206,1.4110853672027588
3210,P23307_wild,CCC(C)C(C(=O)O)N,-0.853871964321762,-0.20745202898979187,-0.11103315651416779,1.152890682220459
3211,P23307_L307V,CCC(C)C(C(=O)O)N,-0.721246399047171,-0.17041140794754028,-0.11049304902553558,1.1677674055099487
3212,P23307_G124A,CCC(C)C(C(=O)O)N,-0.958607314841775,-0.20906761288642883,-0.12801940739154816,1.1494389772415161
3213,P23307_G124A/L307V,CCC(C)C(C(=O)O)N,-0.958607314841775,-0.1642439216375351,-0.13083957135677338,1.172724962234497
3214,P23307_wild,CCC(C)C(=O)C(=O)O,1.1139433523068367,0.9058551788330078,0.21678711473941803,1.2494192123413086
3215,P23307_L307V,CCC(C)C(=O)C(=O)O,0.9294189257142927,0.9483106732368469,0.2212201952934265,1.2820887565612793
3216,P23307_G124A,CCC(C)C(=O)C(=O)O,0.11394335230683679,0.9136965870857239,0.21107348799705505,1.2572602033615112
3217,P23307_G124A/L307V,CCC(C)C(=O)C(=O)O,-0.3767507096020995,0.9621161222457886,0.21253834664821625,1.3010481595993042
3218,P23307_wild,CCCCC(C(=O)O)N,-0.10237290870955856,0.058977123349905014,-0.18736064434051514,1.3158482313156128
3219,P23307_L307V,CCCCC(C(=O)O)N,-1.1135092748275182,0.11418676376342773,-0.19247469305992126,1.3439207077026367
3220,P23307_G124A,CCCCC(C(=O)O)N,-1.0177287669604316,0.06175382062792778,-0.19838176667690277,1.3167579174041748
3221,P23307_G124A/L307V,CCCCC(C(=O)O)N,-1.0555173278498313,0.12539061903953552,-0.20284532010555267,1.3536077737808228
3222,P23307_wild,CCCCC(=O)C(=O)O,1.1139433523068367,1.2229769229888916,0.4691506028175354,1.6036455631256104
3223,P23307_L307V,CCCCC(=O)C(=O)O,-0.16115090926274472,1.275578498840332,0.474275141954422,1.6319313049316406
3224,P23307_G124A,CCCCC(=O)C(=O)O,0.3222192947339193,1.2294234037399292,0.46060910820961,1.6061955690383911
3225,P23307_G124A/L307V,CCCCC(=O)C(=O)O,-0.026872146400301365,1.2876498699188232,0.4624388813972473,1.6429179906845093
3226,P23307_wild,CSCCC(C(=O)O)N,0.43136376415898736,0.09690426290035248,-0.013169888406991959,1.0372525453567505
3227,P23307_L307V,CSCCC(C(=O)O)N,-0.5376020021010439,0.14185041189193726,-0.020727787166833878,1.0630793571472168
3228,P23307_G124A,CSCCC(C(=O)O)N,-0.1366771398795441,0.10150927305221558,-0.0358072891831398,1.0349715948104858
3229,P23307_G124A/L307V,CSCCC(C(=O)O)N,-0.7958800173440752,0.15344370901584625,-0.045070141553878784,1.0700311660766602
3230,P23307_wild,CSCCC(=O)C(=O)O,1.0413926851582251,1.1513233184814453,0.3278605043888092,1.4840235710144043
3231,P23307_L307V,CSCCC(=O)C(=O)O,0.17609125905568124,1.1921342611312866,0.3254569470882416,1.5098954439163208
3232,P23307_G124A,CSCCC(=O)C(=O)O,0.38021124171160603,1.1544702053070068,0.31772908568382263,1.4878100156784058
3233,P23307_G124A/L307V,CSCCC(=O)C(=O)O,0.04139268515822508,1.2065510749816895,0.31341829895973206,1.5254613161087036
3234,P23307_wild,CCCC(C(=O)O)N,0.5185139398778875,-0.0500267818570137,-0.12968845665454865,1.1184532642364502
3235,P23307_L307V,CCCC(C(=O)O)N,-0.3187587626244128,-0.003194045275449753,-0.13057829439640045,1.1512610912322998
3236,P23307_G124A,CCCC(C(=O)O)N,-0.721246399047171,-0.04441000521183014,-0.14292430877685547,1.1217097043991089
3237,P23307_G124A/L307V,CCCC(C(=O)O)N,-1.0915149811213503,0.011930335313081741,-0.14736013114452362,1.1619517803192139
3238,P23307_wild,CCCC(=O)C(=O)[O-],1.7160033436347992,0.7767468094825745,0.6245042085647583,1.0901427268981934
3239,P23307_L307V,CCCC(=O)C(=O)[O-],1.0413926851582251,0.8055246472358704,0.6205868124961853,1.1224793195724487
3240,P23307_G124A,CCCC(=O)C(=O)[O-],0.3979400086720376,0.7782728672027588,0.611886203289032,1.0959182977676392
3241,P23307_G124A/L307V,CCCC(=O)C(=O)[O-],-0.08618614761628333,0.8152303099632263,0.6058152914047241,1.1373391151428223
3242,P23307_wild,CC(C)C(C(=O)O)N,0.3010299956639812,-0.1095980703830719,0.05714596435427666,1.0223455429077148
3243,P23307_L307V,CC(C)C(C(=O)O)N,0.3424226808222063,-0.07899218797683716,0.05473119392991066,1.0355111360549927
3244,P23307_G124A,CC(C)C(C(=O)O)N,-0.8860566476931633,-0.10411319136619568,0.0514727421104908,1.009013295173645
3245,P23307_G124A/L307V,CC(C)C(C(=O)O)N,-0.5686362358410126,-0.06710630655288696,0.04840601608157158,1.031774878501892
3246,P23307_L307V,CC(C)C(=O)C(=O)O,1.146128035678238,0.9448406100273132,0.30093786120414734,1.1558736562728882
3247,P23307_G124A,CC(C)C(=O)C(=O)O,0.47712125471966244,0.9095266461372375,0.29512855410575867,1.1300376653671265
3248,P23307_G124A/L307V,CC(C)C(=O)C(=O)O,0.3010299956639812,0.9622160196304321,0.30100974440574646,1.16287100315094
3249,P23307_wild,C1=CC(=CC=C1CC(C(=O)O)N)O,0.11394335230683679,0.5758171677589417,-0.4367204010486603,1.234153151512146
3250,P23307_L307V,C1=CC(=CC=C1CC(C(=O)O)N)O,-0.3098039199714864,0.6057857275009155,-0.4356358051300049,1.2518463134765625
3251,P23307_wild,C1=CC(=CC=C1CC(=O)C(=O)[O-])O,-0.721246399047171,1.0120575428009033,-0.7433092594146729,1.7385801076889038
3252,P23307_L307V,C1=CC(=CC=C1CC(=O)C(=O)[O-])O,-0.6382721639824072,1.0361944437026978,-0.746320366859436,1.7590712308883667
3253,P23307_N145A,C1=CC=C(C=C1)CC(C(=O)O)N,-1.3767507096020997,0.7790722846984863,-0.4583513140678406,1.3890116214752197
3254,P23307_N145V,C1=CC=C(C=C1)CC(C(=O)O)N,-1.677780705266081,0.7516529560089111,-0.44619062542915344,1.3844988346099854
3255,P23307_N145I,C1=CC=C(C=C1)CC(C(=O)O)N,-1.853871964321762,0.7501729726791382,-0.4370330274105072,1.380820393562317
3256,P23307_N145L,C1=CC=C(C=C1)CC(C(=O)O)N,-1.494850021680094,0.7613859176635742,-0.4352279305458069,1.390243649482727
3257,P23307_N145A,C1=CC(=CC=C1CC(C(=O)O)N)O,0.3010299956639812,0.5825144052505493,-0.45090851187705994,1.263710379600525
3258,P23307_N145V,C1=CC(=CC=C1CC(C(=O)O)N)O,0.07918124604762482,0.5629616975784302,-0.4327426254749298,1.2650457620620728
3259,P23307_N145I,C1=CC(=CC=C1CC(C(=O)O)N)O,0.11394335230683679,0.5623382329940796,-0.4208342730998993,1.263332724571228
3260,P23307_N145L,C1=CC(=CC=C1CC(C(=O)O)N)O,-0.16115090926274472,0.5729284286499023,-0.42403265833854675,1.2740448713302612
3261,Q59224_wild,C1=CC(=CC=C1CC(C(=O)O)N)O,0.9344984512435677,0.360526978969574,-0.325655072927475,0.8939460515975952
3262,P23307_N145A,C1=CC=C(C=C1)CC(=O)C(=O)O,-1.5228787452803376,1.266153335571289,-0.09832242131233215,1.8170032501220703
3263,P23307_N145V,C1=CC=C(C=C1)CC(=O)C(=O)O,-1.6020599913279623,1.2466139793395996,-0.0900481641292572,1.810836911201477
3264,P23307_N145I,C1=CC=C(C=C1)CC(=O)C(=O)O,-1.9208187539523751,1.2425823211669922,-0.07939712703227997,1.805431604385376
3265,P23307_N145L,C1=CC=C(C=C1)CC(=O)C(=O)O,-2.0222763947111524,1.257352352142334,-0.08195692300796509,1.8174480199813843
3266,P23307_N145A,C1=CC(=CC=C1CC(=O)C(=O)[O-])O,-1.00436480540245,1.0221107006072998,-0.7549940347671509,1.7637646198272705
3267,P23307_N145V,C1=CC(=CC=C1CC(=O)C(=O)[O-])O,-0.21467016498923297,0.9984204769134521,-0.7478326559066772,1.7637134790420532
3268,P23307_N145I,C1=CC(=CC=C1CC(=O)C(=O)[O-])O,-0.2596373105057561,0.9967164993286133,-0.7394309639930725,1.7586528062820435
3269,P23307_N145L,C1=CC(=CC=C1CC(=O)C(=O)[O-])O,-0.6575773191777937,1.007967233657837,-0.7451667785644531,1.7727606296539307
3270,P23307_N145A,CC(C)CC(C(=O)O)N,-1.494850021680094,-0.018639463931322098,-0.1599026918411255,1.3646409511566162
3271,P23307_N145V,CC(C)CC(C(=O)O)N,-1.8860566476931633,-0.027468133717775345,-0.14946630597114563,1.3623861074447632
3272,P23307_N145I,CC(C)CC(C(=O)O)N,-1.8239087409443187,-0.026537906378507614,-0.1402989774942398,1.358856439590454
3273,P23307_N145L,CC(C)CC(C(=O)O)N,-1.677780705266081,-0.01904373988509178,-0.14757917821407318,1.3730484247207642
3274,P23307_N145A,CCC(C)C(C(=O)O)N,-1.7695510786217261,-0.19621984660625458,-0.12115028500556946,1.1801306009292603
3275,P23307_N145V,CCC(C)C(C(=O)O)N,-2.0222763947111524,-0.20396658778190613,-0.11551797389984131,1.1733908653259277
3276,P23307_N145I,CCC(C)C(C(=O)O)N,-1.853871964321762,-0.20483477413654327,-0.10800114274024963,1.169318675994873
3277,P23307_N145L,CCC(C)C(C(=O)O)N,-2.0861861476162833,-0.1895315796136856,-0.11417795717716217,1.1822850704193115
3278,P23307_N145A,CCCCC(C(=O)O)N,-1.5086383061657274,0.06689518690109253,-0.19937635958194733,1.3531849384307861
3279,P23307_N145V,CCCCC(C(=O)O)N,-1.1307682802690238,0.055288176983594894,-0.19008895754814148,1.3492114543914795
3280,P23307_N145I,CCCCC(C(=O)O)N,-1.2839966563652008,0.055342260748147964,-0.1827624887228012,1.3440829515457153
3281,P23307_N145L,CCCCC(C(=O)O)N,-1.2518119729937995,0.06188585236668587,-0.18210811913013458,1.3557758331298828
3282,P23307_N145A,CSCCC(C(=O)O)N,-1.1079053973095196,0.11352789402008057,-0.025308359414339066,1.0710612535476685
3283,P23307_N145V,CSCCC(C(=O)O)N,-0.8860566476931633,0.09771709144115448,-0.01256980374455452,1.0693624019622803
3284,P23307_N145I,CSCCC(C(=O)O)N,-0.853871964321762,0.0955156683921814,-0.007263604551553726,1.0644268989562988
3285,P23307_N145L,CSCCC(C(=O)O)N,-0.8239087409443188,0.10566872358322144,-0.008995402604341507,1.0783851146697998
3286,P23307_N145A,CCCC(C(=O)O)N,-0.958607314841775,-0.036208514124155045,-0.14542783796787262,1.1590934991836548
3287,P23307_N145V,CCCC(C(=O)O)N,-0.7447274948966939,-0.04852152615785599,-0.1354205310344696,1.1541743278503418
3288,P23307_N145I,CCCC(C(=O)O)N,-0.853871964321762,-0.049559544771909714,-0.12829765677452087,1.1488999128341675
3289,P23307_N145L,CCCC(C(=O)O)N,-0.958607314841775,-0.042159710079431534,-0.13219547271728516,1.1610541343688965
3290,P23307_N145A,CC(C)C(C(=O)O)N,-0.853871964321762,-0.09273555874824524,0.046461042016744614,1.0462995767593384
3291,P23307_N145V,CC(C)C(C(=O)O)N,-0.5686362358410126,-0.1118803322315216,0.05473759397864342,1.0467054843902588
3292,P23307_N145I,CC(C)C(C(=O)O)N,-0.6382721639824072,-0.11330044269561768,0.05894334986805916,1.0438252687454224
3293,P23307_N145L,CC(C)C(C(=O)O)N,-0.5686362358410126,-0.10004629194736481,0.05256790295243263,1.0579493045806885
3294,P23307_N145A,CC(C)CC(=O)C(=O)O,-0.6575773191777937,0.7158790826797485,0.27596572041511536,1.4037138223648071
3295,P23307_N145V,CC(C)CC(=O)C(=O)O,-0.6777807052660807,0.6967349052429199,0.28242364525794983,1.3946961164474487
3296,P23307_N145I,CC(C)CC(=O)C(=O)O,-0.6777807052660807,0.6937703490257263,0.2934585511684418,1.3888638019561768
3297,P23307_N145L,CC(C)CC(=O)C(=O)O,-0.6575773191777937,0.7052220702171326,0.2862909734249115,1.4016691446304321
3298,P23307_wild,CCC(C)C(=O)C(=O)[O-],1.1139433523068367,0.5094948410987854,0.30468812584877014,0.9514079093933105
3299,P23307_N145A,CCC(C)C(=O)C(=O)[O-],-0.13076828026902382,0.529674232006073,0.297650009393692,0.9771441221237183
3300,P23307_N145V,CCC(C)C(=O)C(=O)[O-],-0.11918640771920865,0.5065091252326965,0.30474090576171875,0.9731646776199341
3301,P23307_N145I,CCC(C)C(=O)C(=O)[O-],0.0,0.5036686658859253,0.3106086254119873,0.9658174514770508
3302,P23307_N145L,CCC(C)C(=O)C(=O)[O-],0.2041199826559248,0.5183255672454834,0.30963191390037537,0.9755938053131104
3303,P23307_N145A,CCCCC(=O)C(=O)O,-0.6020599913279624,1.240689754486084,0.4581340253353119,1.6315393447875977
3304,P23307_N145V,CCCCC(=O)C(=O)O,-0.8239087409443188,1.2276921272277832,0.466199666261673,1.6274536848068237
3305,P23307_N145I,CCCCC(=O)C(=O)O,-0.6020599913279624,1.2217864990234375,0.47091805934906006,1.6218608617782593
3306,P23307_N145L,CCCCC(=O)C(=O)O,-0.6575773191777937,1.2313412427902222,0.4644865393638611,1.6344140768051147
3307,P23307_N145A,CSCCC(=O)C(=O)O,-0.5850266520291821,1.15884530544281,0.3159097135066986,1.5141887664794922
3308,P23307_N145V,CSCCC(=O)C(=O)O,-0.5376020021010439,1.1379269361495972,0.3251316249370575,1.5091912746429443
3309,P23307_N145I,CSCCC(=O)C(=O)O,-0.36653154442041347,1.1305581331253052,0.3333010673522949,1.504951000213623
3310,P23307_N145L,CSCCC(=O)C(=O)O,-0.5528419686577808,1.1448125839233398,0.3289695084095001,1.5182723999023438
3311,P23307_N145A,CCCC(=O)C(=O)[O-],0.14612803567823798,0.7932575941085815,0.6195002794265747,1.114837646484375
3312,P23307_N145V,CCCC(=O)C(=O)[O-],0.3424226808222063,0.7751134634017944,0.6333164572715759,1.1135395765304565
3313,P23307_N145I,CCCC(=O)C(=O)[O-],0.414973347970818,0.7711081504821777,0.6379854083061218,1.1095781326293945
3314,P23307_N145L,CCCC(=O)C(=O)[O-],0.4623979978989561,0.7848598957061768,0.6371819376945496,1.118659257888794
3315,P23307_N145A,CC(C)C(=O)C(=O)O,0.5185139398778875,0.9067379236221313,0.2845301330089569,1.1575028896331787
3316,P23307_N145V,CC(C)C(=O)C(=O)O,0.6232492903979004,0.8838568329811096,0.28730112314224243,1.147920846939087
3317,P23307_N145I,CC(C)C(=O)C(=O)O,0.6334684555795865,0.8815069794654846,0.29242220520973206,1.1418310403823853
3318,P23307_N145L,CC(C)C(=O)C(=O)O,0.8692317197309762,0.8935325145721436,0.2858291566371918,1.155030369758606
3319,P23307_N145I,C1=CC(=C[N+](=C1)C2C(C(C(O2)COP(=O)([O-])OP(=O)(O)OCC3C(C(C(O3)N4C=NC5=C(N=CN=C54)N)O)O)O)O)C(=O)N,-0.721246399047171,0.9233338236808777,-0.3162178695201874,1.691236972808838
3320,P23307_N145A,C1=CC(=C[N+](=C1)C2C(C(C(O2)COP(=O)([O-])OP(=O)(O)OCC3C(C(C(O3)N4C=NC5=C(N=CN=C54)N)O)O)O)O)C(=O)N,-0.6777807052660807,0.9447817206382751,-0.3321823477745056,1.7009960412979126
3321,P23307_N145V,C1=CC(=C[N+](=C1)C2C(C(C(O2)COP(=O)([O-])OP(=O)(O)OCC3C(C(C(O3)N4C=NC5=C(N=CN=C54)N)O)O)O)O)C(=O)N,-0.5850266520291821,0.9229888916015625,-0.32021787762641907,1.6980595588684082
3322,P23307_N145L,C1=CC(=C[N+](=C1)C2C(C(C(O2)COP(=O)([O-])OP(=O)(O)OCC3C(C(C(O3)N4C=NC5=C(N=CN=C54)N)O)O)O)O)C(=O)N,-0.5850266520291821,0.9312535524368286,-0.3205223083496094,1.7011075019836426
3323,Q59224_G123S,C1=CC=C(C=C1)CC(C(=O)O)N,2.3560258571931225,0.5318453311920166,-0.34828150272369385,0.9280669689178467
3324,Q59224_G123S,CC(C)CC(C(=O)O)N,0.5185139398778875,-0.1792142391204834,-0.0483502559363842,0.886265218257904
3325,Q59224_G123S,CCC(C)C(C(=O)O)N,0.5797835966168101,-0.39263609051704407,0.017266619950532913,0.7254935503005981
3326,Q59224_G123S,CCCCC(C(=O)O)N,0.9084850188786497,-0.1335497945547104,-0.04487370327115059,0.9280332922935486
3327,Q59224_G123S,CC(C)C(C(=O)O)N,1.0293837776852097,-0.3039850890636444,0.20141848921775818,0.6190492510795593
3328,Q59224_G123S,CCCC(C(=O)O)N,0.9344984512435677,-0.19106261432170868,-0.017725635319948196,0.7516555190086365
3329,Q59224_G123S,CSCCC(C(=O)O)N,0.9867717342662449,-0.07467007637023926,0.1633806973695755,0.5898398756980896
3330,P23307_G124S,C1=CC=C(C=C1)CC(C(=O)O)N,0.568201724066995,0.7778893113136292,-0.46533751487731934,1.3592615127563477
3331,P23307_G124S,C1=CC(=CC=C1CC(C(=O)O)N)O,0.8808135922807914,0.5783743858337402,-0.44906824827194214,1.2316970825195312
3332,P23307_G124S,CC(C)CC(C(=O)O)N,-0.7447274948966939,-0.027659226208925247,-0.1549210250377655,1.3320893049240112
3333,P23307_G124S,CCC(C)C(C(=O)O)N,-0.721246399047171,-0.201624795794487,-0.1231151819229126,1.1531424522399902
3334,P23307_G124S,CCCCC(C(=O)O)N,-0.3467874862246563,0.07097184658050537,-0.2034478485584259,1.3212919235229492
3335,P23307_G124S,CC(C)C(C(=O)O)N,-0.5376020021010439,-0.103173166513443,0.054714422672986984,1.017972707748413
3336,P23307_G124S,CCCC(C(=O)O)N,-0.5850266520291821,-0.040800221264362335,-0.14123238623142242,1.1260974407196045
3337,P23307_G124S,CSCCC(C(=O)O)N,-0.3467874862246563,0.10674098134040833,-0.03262607380747795,1.0401291847229004
3338,Q59224_G123S,C1=CC(=C[N+](=C1)C2C(C(C(O2)COP(=O)([O-])OP(=O)(O)OCC3C(C(C(O3)N4C=NC5=C(N=CN=C54)N)O)O)O)O)C(=O)N,0.1903316981702915,0.737179160118103,-0.2628389000892639,1.4356476068496704
3339,P23307_G124S,C1=CC(=C[N+](=C1)C2C(C(C(O2)COP(=O)([O-])OP(=O)(O)OCC3C(C(C(O3)N4C=NC5=C(N=CN=C54)N)O)O)O)O)C(=O)N,-0.7447274948966939,0.9396802186965942,-0.3234916627407074,1.6690367460250854
3340,Q9AVK0_wild,C[S+](CCC(C(=O)[O-])N)CC1C(C(C(O1)N2C=NC3=C(N=CN=C32)N)O)O,-1.8860566476931633,-1.2063652276992798,-1.0107179880142212,0.46943172812461853
3341,P51025_wild,CC(=O)OC1=CC=C(C=C1)[N+](=O)[O-],-0.5376020021010439,0.16635844111442566,-0.05919145420193672,0.8547880053520203
3342,P51025_wild,CCC(=O)OC1=CC=C(C=C1)[N+](=O)[O-],-0.08092190762392612,0.09355145692825317,-0.22324243187904358,0.9933642745018005
3343,P51025_wild,C(CC(=O)NC(CSC=O)C(=O)NCC(=O)O)C(C(=O)O)N,-0.38721614328026455,0.44904565811157227,0.14639993011951447,0.8272209167480469
3344,P51025_wild,CC(C(=O)SCC(C(=O)NCC(=O)O)NC(=O)CCC(C(=O)O)N)O,-0.22184874961635637,0.8661116361618042,-0.12297672033309937,0.8910149931907654
3345,Q9C5C8_wild,CN(C)C1=CC=C(C=C1)N=NC2=CC=C(C=C2)S(=O)(=O)NC(CCS(=O)C)C(=O)O,-1.2671239586372933,0.8910815119743347,-1.7010492086410522,1.3149312734603882
3346,Q9C5C8_wild,CS(=O)CCC(C(=O)O)N,1.4620983811351558,1.0737340450286865,-0.510879397392273,0.6130157113075256
3347,Q9C5C8_wild,CC(=O)NC(CCS(=O)C)C(=O)O,0.3344537511509309,0.8449833989143372,-0.627091109752655,0.5371111631393433
3348,I0JWN7_wild,CO,-3.0969100130080567,-0.03564346209168434,0.2546076476573944,0.9267559051513672
3349,I0JWN7_wild,CCO,-2.5228787452803374,1.1961867809295654,-1.132114291191101,1.6373155117034912
3350,I0JWN7_wild,CCCO,-2.154901959985743,0.8803423643112183,-0.9206479787826538,1.121931791305542
3351,I0JWN7_wild,CCCCO,-2.2218487496163566,1.016327142715454,-1.1140562295913696,1.4914238452911377
3352,I0JWN7_wild,CCCCCCO,-2.6989700043360187,0.6679812669754028,-0.8150911331176758,1.1391255855560303
3353,I0JWN7_wild,C=O,-2.154901959985743,1.994795322418213,-0.16250284016132355,1.1747156381607056
3354,P24329_wild,[O-]S(=O)(=S)[O-],0.6434526764861874,0.37699687480926514,0.2357679307460785,0.31228989362716675
3355,P97532_wild,[O-]S(=O)(=S)[O-],1.792391689498254,0.8820775747299194,0.17489317059516907,0.5908358693122864
3356,P52196_wild,[C-]#N,-0.21467016498923297,0.828544020652771,-0.07493793964385986,0.3524571657180786
3357,P52196_wild,[O-]S(=O)(=S)[O-],0.6608654780038692,0.3647025525569916,0.2805952727794647,0.24593758583068848
3358,Q84XT1_wild,C1=CC(=C(C=C1C2=[O+]C3=CC(=CC(=C3C=C2O)O)O)O)O,-1.889410289700751,-0.0903838574886322,-1.368098497390747,1.5472285747528076
3359,Q9SEV0_wild,C1=CC(=C(C=C1C2=[O+]C3=CC(=CC(=C3C=C2O)O)O)O)O,-1.1313555616051743,0.048994820564985275,-1.4254244565963745,1.646769642829895
3360,Q9SEV0_wild,C1=C(C=C(C(=C1O)O)O)C2=[O+]C3=CC(=CC(=C3C=C2O)O)O.[Cl-],-1.749579997691106,0.34321731328964233,-1.0966602563858032,1.3144906759262085
3361,Q84XT1_wild,C1=C(C=C(C(=C1O)O)O)C2=[O+]C3=CC(=CC(=C3C=C2O)O)O.[Cl-],-1.3027706572402824,0.1895345151424408,-1.008137822151184,1.1841657161712646
3362,Q84XT1_wild,C1=CC(=CC=C1C2=[O+]C3=CC(=CC(=C3C=C2O)O)O)O,-1.8386319977650252,-0.14220093190670013,-1.7913838624954224,1.5600762367248535
3363,Q9SEV0_wild,C1=CC(=CC=C1C2=[O+]C3=CC(=CC(=C3C=C2O)O)O)O,-1.2773660774661877,0.03654016926884651,-1.8414238691329956,1.6633946895599365
3364,Q84XT1_wild,C1C=CN(C=C1C(=O)N)C2C(C(C(O2)COP(=O)(O)OP(=O)(O)OCC3C(C(C(O3)N4C=NC5=C(N=CN=C54)N)OP(=O)(O)O)O)O)O,-0.3467874862246563,0.11843912303447723,-1.7230011224746704,1.7060277462005615
3365,Q84XT1_wild,C1C=CN(C=C1C(=O)N)C2C(C(C(O2)COP(=O)(O)OP(=O)(O)OCC3C(C(C(O3)N4C=NC5=C(N=CN=C54)N)O)O)O)O,-0.026872146400301365,0.2904003858566284,-1.1648544073104858,1.5068950653076172
3366,Q8RXA5_wild,CC(=CCNC1=NC=NC2=C1NC=N2)CO,-1.0177287669604316,-0.7003887891769409,-1.3162850141525269,0.5954240560531616
3367,Q8RXA5_wild,C1=CN(C(=O)NC1=O)C2C(C(C(O2)COP(=O)(O)OP(=O)(O)OC3C(C(C(C(O3)CO)O)O)O)O)O,-0.22914798835785574,-0.15729840099811554,-0.7035455107688904,1.2770624160766602
3368,P0A2X7_wild,CC(=O)[O-],3.230448921378274,1.487126111984253,0.8661876320838928,1.152286171913147
3369,P0A9C9_wild,C(C1C(C(C(O1)(COP(=O)(O)[O-])O)O)O)OP(=O)(O)[O-],-1.4559319556497243,0.38623949885368347,-1.3029448986053467,1.4526336193084717
3370,Q57573_wild,C(C(C(C(C(=O)CO)O)O)O)OP(=O)(O)O,-1.4202164033831899,0.5795707106590271,0.2961559593677521,1.3901183605194092
3371,Q57573_wild,C(C1C(C(C(O1)(COP(=O)(O)[O-])O)O)O)OP(=O)(O)[O-],-0.1366771398795441,0.5610935688018799,-0.6891068816184998,1.3858762979507446
3372,Q31QY2_wild,C(C1C(C(C(O1)(COP(=O)(O)O)O)O)O)OP(=O)(O)O,-1.2839966563652008,0.6541383862495422,-1.1360313892364502,1.4420238733291626
3373,Q988B8_wild,CC1=NC=C(C(=C1O)C=O)CO,-1.2291479883578558,-0.012630153447389603,-1.3086804151535034,0.891944408416748
3374,Q988B8_wild,CCC(=O)C(=O)O,0.8512583487190754,0.4842926263809204,0.10605338215827942,0.3709116578102112
3375,Q988B8_wild,CC(C(=O)O)N,1.0413926851582251,0.46603089570999146,0.6429905295372009,0.2691207826137543
3376,Q988B8_wild,CCC(C(=O)O)N,1.3010299956639813,0.3009342849254608,0.5481730699539185,0.09909074008464813
3377,P0A6V8_wild,C1=NC(=C2C(=N1)N(C=N2)C3C(C(C(O3)COP(=O)(O)OP(=O)(O)OP(=O)(O)O)O)O)N,-0.5850266520291821,1.751500129699707,-0.1285531222820282,2.030068874359131
3378,P0A6V8_wild,C(C1C(C(C(C(O1)O)O)O)O)O,-1.1191864077192086,1.574665904045105,0.11182403564453125,1.3566031455993652
3379,D4N502_wild,CN1CCC23C4C1CC5=C2C(=C(C=C5)OC)OC3C(C=C4)O,-1.6882461389442458,-1.434800386428833,-0.961408257484436,0.8262042999267578
3380,D4N502_wild,CN1CCC23C4C(=CC=C2C1CC5=C3C(=C(C=C5)OC)O4)OC,-1.3777859770337046,-1.3291847705841064,-1.1941484212875366,0.979461133480072
3381,D4N502_wild,C(CC(=O)O)C(=O)C(=O)O,-1.7212463990471711,-0.7439982891082764,-1.3841590881347656,0.9983875155448914
3382,P76041_wild,C(C1C(C(C(C(O1)OC(=O)C(CO)O)O)O)O)O,-1.1611509092627448,0.3768483102321625,0.8492414951324463,0.5182154774665833
3383,P76041_wild,C(C1C(C(C(C(O1)OP(=O)(O)O)O)O)O)O,0.9731278535996987,0.24092018604278564,-0.0629156082868576,0.7464791536331177
3384,P76041_wild,C(C(C(=O)[O-])O)O,0.5314789170422551,0.40619030594825745,0.5482495427131653,0.7989522218704224
3385,P76041_wild,C(C(C(C(=O)O)O)O)O,0.9030899869919435,-0.02739424630999565,0.7534576058387756,0.4553830027580261
3386,D7BAR0_wild,C(C1C(C(C(C(O1)OC(=O)C(CO)O)O)O)O)O,0.5440680443502757,1.0013601779937744,1.3740345239639282,0.3491714298725128
3387,D7BAR0_wild,C(C1C(C(C(C(O1)OP(=O)(O)O)O)O)O)O,0.9084850188786497,0.8902685642242432,0.49695900082588196,0.601895809173584
3388,G0GBS4_wild,C(C(C(=O)[O-])O)O,-0.09691001300805639,0.8495667576789856,1.0098795890808105,0.5521758794784546
3389,Q7M0Z3_wild,C(CC(C(=O)O)N)CN=C(N)N,1.1072099696478683,1.2699331045150757,1.0680755376815796,0.7191985845565796
3390,O15826_wild,C1C(C(OC1N2C=CC(=O)NC2=O)COP(=O)(O)OP(=O)(O)OP(=O)(O)O)O,-2.6757175447023074,0.5956206321716309,-1.2500653266906738,1.2554421424865723
3391,O15826_wild,C1C(C(OC1N2C=CC(=O)NC2=O)COP(=O)(O)OP(=O)(O)O)O,-1.2027324591692836,0.5106868147850037,-1.4537461996078491,1.3444722890853882
3392,O15826_wild,C1C(C(OC1N2C=NC3=C(N=CN=C32)N)COP(=O)(O)OP(=O)(O)OP(=O)(O)O)O,0.014520538757923713,0.5434169173240662,-1.207714557647705,1.1675361394882202
3393,O15826_wild,CC1=CN(C(=O)NC1=O)C2CC(C(O2)COP(=O)(O)OP(=O)(O)OP(=O)(O)O)O,0.18012587516405396,0.5923342108726501,-0.9829211831092834,1.0425970554351807
3394,O15826_wild,C1C(C(OC1N2C=NC3=C2N=C(NC3=O)N)COP(=O)(O)OP(=O)(O)OP(=O)(O)O)O,0.3010299956639812,0.44741666316986084,-1.4344961643218994,1.123853325843811
3395,Q8H9A8_wild,COC1=C(C2=C[N+]3=C(C=C2C=C1)C4=CC(=C(C=C4CC3)OC)O)OC,-1.1804560644581312,-1.5127183198928833,-1.7552036046981812,0.6264160871505737
3396,Q58487_wild,CC(CCO)(CC(=O)[O-])O,-1.1643094285075746,0.4944225549697876,-0.3670574128627777,0.45168793201446533
3397,Q58487_wild,C1=NC(=C2C(=N1)N(C=N2)C3C(C(C(O3)COP(=O)(O)OP(=O)(O)OP(=O)(O)O)O)O)N,-1.0362121726544449,0.18359488248825073,-0.3581736385822296,0.5246284008026123
3398,P39120_wild,C(C(=O)C(=O)O)C(=O)O,-2.154901959985743,1.2854411602020264,-1.539954662322998,2.78544020652771
3399,P39120_wild,CC(=O)SCCNC(=O)CCNC(=O)C(C(C)(C)COP(=O)(O)OP(=O)(O)OCC1C(C(C(O1)N2C=NC3=C(N=CN=C32)N)O)OP(=O)(O)O)O,-2.1870866433571443,1.2989444732666016,-1.4308282136917114,2.5993595123291016
3400,A0A0S3QTD0_wild,CC(=O)SCCNC(=O)CCNC(=O)C(C(C)(C)COP(=O)(O)OP(=O)(O)OCC1C(C(C(O1)N2C=NC3=C(N=CN=C32)N)O)OP(=O)(O)O)O,-1.2494916051486538,1.4310448169708252,-1.4645434617996216,2.244852066040039
3401,A0A0S3QTD0_wild,C(C(=O)C(=O)O)C(=O)O,-1.3851027839668655,1.8199682235717773,-1.6162384748458862,2.5564353466033936
3402,A0A0S3QTD0_wild,CC(C)(COP(=O)(O)OP(=O)(O)OCC1C(C(C(O1)N2C=NC3=C(N=CN=C32)N)O)OP(=O)(O)O)C(C(=O)NCCC(=O)NCCS)O,-1.7594507517174003,1.4078137874603271,-1.5973314046859741,2.168397903442383
3403,A0A0S3QTD0_wild,C(C(=O)[O-])C(CC(=O)[O-])(C(=O)[O-])O,-2.063486257521107,0.8680297136306763,-0.6708908677101135,1.8719128370285034
3404,P24329_wild,C(C(=O)C(=O)O)S,0.414973347970818,0.36293429136276245,0.02796623483300209,0.624295711517334
3405,Q9QZU7_wild,C[N+](C)(C)CCCC(=O)[O-],-1.7958800173440752,0.167875736951828,-0.909818172454834,1.1864091157913208
3406,Q9QZU7_wild,C(CC(=O)O)C(=O)C(=O)O,-1.3010299956639813,0.11984039843082428,-1.2441916465759277,1.5430974960327148
3407,K7N5M8_wild,C1=CC(=CC=C1N=NC2=C(C3=C(C(=C(C=C3C=C2S(=O)(=O)[O-])S(=O)(=O)[O-])N=NC4=CC=C(C=C4)S(=O)(=O)CCOS(=O)(=O)[O-])N)O)S(=O)(=O)CCOS(=O)(=O)[O-].[Na+].[Na+].[Na+].[Na+],-2.619788758288394,1.819827914237976,-1.4400556087493896,3.1221389770507812
3408,Q9UDR5_wild,C(CCN)CC(C(=O)O)N,0.17609125905568124,0.5469459295272827,0.4794909656047821,0.6194710731506348
3409,Q9UDR5_wild,C(CC(=O)O)C(=O)C(=O)O,0.0,0.8099963665008545,-0.009380277246236801,0.9377399682998657
3410,Q9UDR5_wild,C1C=CN(C=C1C(=O)N)C2C(C(C(O2)COP(=O)(O)OP(=O)(O)OCC3C(C(C(O3)N4C=NC5=C(N=CN=C54)N)OP(=O)(O)O)O)O)O,-1.0969100130080565,1.2095268964767456,-1.3555306196212769,2.8277883529663086
3411,P50107_wild,CC(=O)C=O,-0.5228787452803376,2.1280570030212402,-0.27980977296829224,2.3837249279022217
3412,P50107_wild,C1=CC=C(C=C1)C(=O)C=O,-0.6989700043360187,2.449411392211914,-0.8054714798927307,2.590381383895874
3413,Q6P7Q4_wild,CC(=O)C=O,-1.045757490560675,1.82033109664917,-0.4647102653980255,2.342714786529541
3414,Q6P7Q4_wild,C1=CC=C(C=C1)C(=O)C=O,-1.3979400086720375,2.1162078380584717,-1.046866774559021,2.470515251159668
3415,Q04760_wild,C1=CC=C(C=C1)C(=O)C=O,-1.4559319556497243,2.069065570831299,-1.1051266193389893,2.527992010116577
3416,Q04760_wild,CC(=O)C=O,-1.1487416512809248,1.7566736936569214,-0.5228870511054993,2.4301373958587646
3417,P50107_wild,C1=CC(=CC=C1C(=O)C=O)Cl,-1.3979400086720375,2.1274313926696777,-1.3471118211746216,2.373680591583252
3418,P0AC81_wild,C1=CC(=CC=C1C(=O)C=O)Cl,-1.6989700043360187,1.8345801830291748,-1.0246508121490479,1.9328322410583496
3419,P0AC81_wild,CC1=CC(=C(C(=C1)C)C(=O)C=O)C,0.0,1.6144866943359375,-1.3568874597549438,2.1888351440429688
3420,P0AC81_wild,C1=CC=C(C=C1)C(=O)C=O,-0.6989700043360187,2.0970330238342285,-0.49246901273727417,1.9383326768875122
3421,P0AC81_wild,CC(=O)C=O,-1.3979400086720375,1.6977546215057373,0.14319683611392975,1.821859359741211
3422,Q6P7Q4_wild,COC1=CC=CC(=C1)C(=O)C=O,-1.5228787452803376,1.9431946277618408,-1.3217185735702515,2.3167638778686523
3423,Q6P7Q4_wild,COC1=CC=C(C=C1)C(=O)C=O,-2.0,1.8782413005828857,-1.412115454673767,2.351088047027588
3424,Q6P7Q4_wild,CC1=CC=C(C=C1)C(=O)C=O,-1.6989700043360187,1.749813437461853,-1.6519172191619873,2.6518521308898926
3425,Q6P7Q4_wild,C1=CC(=CC=C1C(=O)C=O)Br,-1.6989700043360187,2.0882272720336914,-1.522706389427185,2.31596040725708
3426,Q6P7Q4_wild,C1=CC(=CC=C1C(=O)C=O)O,-1.5228787452803376,1.7592796087265015,-1.4360684156417847,1.9990841150283813
3427,Q6P7Q4_wild,C1=CC(=CC=C1C(=O)C=O)Cl,-1.6989700043360187,1.8394839763641357,-1.7533808946609497,2.1743834018707275
3428,Q6P7Q4_wild,CCOC(C)C(=O)C(O)O,-0.6989700043360187,2.1208808422088623,-0.11603207886219025,1.927649974822998
3429,Q09751_wild,C(CC(=O)NC(CS)C(=O)NCC(=O)O)C(C(=O)O)N,-0.09691001300805639,1.955885887145996,-0.8691297173500061,2.3941352367401123
3430,Q09751_wild,CC(=O)C=O,0.2041199826559248,2.048851728439331,-0.42068907618522644,2.42706298828125
3431,Q09751_wild,C1=CC=C(C=C1)C(=O)C=O,-0.619788758288394,2.3245010375976562,-0.8580433130264282,2.590427875518799
3432,Q42400_wild,C(C(C(=O)O)N)C(=O)O,-0.11125903931710746,0.36668860912323,-0.4129115641117096,0.8761773109436035
3433,O80592_wild,C(C(C(=O)O)N)C(=O)O,-0.3526170298853802,0.3360532522201538,-0.45400968194007874,0.8747645616531372
3434,P92934_wild,C(C(C(=O)O)N)C(=O)O,-0.6055483191737837,0.35730722546577454,-0.37535062432289124,0.8955389261245728
3435,D7UNT2_wild,C1=CC(=C[N+](=C1)C2C(C(C(O2)COP(=O)([O-])OP(=O)(O)OCC3C(C(C(O3)N4C=NC5=C(N=CN=C54)N)O)O)O)O)C(=O)N,-1.0604807473813815,0.8907750844955444,-0.4468173384666443,1.4059391021728516
3436,D7UNT2_wild,C[N+](C)(C)CC(=O)CC(=O)[O-],0.07918124604762482,0.6516277194023132,-0.33331534266471863,0.8729526996612549
3437,D7URM0_wild,C1=CC(=C[N+](=C1)C2C(C(C(O2)COP(=O)([O-])OP(=O)(O)OCC3C(C(C(O3)N4C=NC5=C(N=CN=C54)N)O)O)O)O)C(=O)N,-0.619788758288394,0.31175678968429565,-0.2520665228366852,0.7180706262588501
3438,D7URM0_wild,C[N+](C)(C)CC(CC(=O)[O-])O,0.9294189257142927,0.25600579380989075,0.11854085326194763,-4.076957702636719e-05
3439,D7URM0_wild,C[N+](C)(C)CC(=O)CC(=O)[O-],0.6532125137753437,0.05117503181099892,-0.0017480887472629547,0.12278728187084198
3440,Q8RHX3_wild,CC(CC(CC(=O)O)N)N,-2.494850021680094,0.6989741325378418,-0.03566486015915871,0.8809466361999512
3441,Q8RHX3_wild,C1=CC(=C[N+](=C1)C2C(C(C(O2)COP(=O)([O-])OP(=O)(O)OCC3C(C(C(O3)N4C=NC5=C(N=CN=C54)N)O)O)O)O)C(=O)N,1.2174839442139063,0.9387420415878296,0.10699406266212463,1.082685947418213
3442,Q8RHX3_wild,C1C=CN(C=C1C(=O)N)C2C(C(C(O2)COP(=O)(O)OP(=O)(O)OCC3C(C(C(O3)N4C=NC5=C(N=CN=C54)N)OP(=O)(O)O)O)O)O,-1.2269453066357374,1.062049388885498,-0.5949236154556274,1.6352546215057373
3443,Q5NTH0_wild,C1=CC(=C(C=C1C2=[O+]C3=CC(=CC(=C3C=C2OC4C(C(C(C(O4)COC(=O)CC(=O)O)O)O)O)O)O)O)O,-1.7212463990471711,-0.4917181134223938,-1.1261847019195557,1.5014787912368774
3444,Q63707_wild,C1=CC(=O)C=CC1=NC2=CC(=C(C(=C2)Cl)O)Cl,-2.2365720064370627,-0.02769547328352928,-2.3940627574920654,1.7900362014770508
3445,Q3U4H6_wild,CC(=O)NC1C(C(C(OC1OC2=CC=C(C=C2)[N+](=O)[O-])CO)O)O,-0.6020599913279624,0.21402385830879211,-0.8127176761627197,0.9419896006584167
3446,Q9SBQ8_wild,C1=CC(=CC=C1C2=C(C(=O)C3=C(C=C(C=C3O2)O)O)O)O,-2.958607314841775,0.4419548809528351,-1.4791438579559326,2.2918484210968018
3447,O95394_wild,C(C1C(C(C(C(O1)OP(=O)(O)O)O)O)O)O,1.2304489213782739,-0.11401425302028656,-1.2391027212142944,0.7302059531211853
3448,O95394_wild,C(C1C(C(C(C(O1)OP(=O)(O)O)O)O)O)OP(=O)(O)O,0.14612803567823798,0.09350134432315826,-1.5093294382095337,1.2439630031585693
3449,P0A091_wild,C(CC(=O)O)C(C(=O)O)N,-0.2724587429714437,0.7047775983810425,-0.22746163606643677,1.4469877481460571
3450,P0A091_wild,C1=NC(=C2C(=N1)N(C=N2)C3C(C(C(O3)COP(=O)(O)OP(=O)(O)OP(=O)(O)O)O)O)N,-1.1079053973095196,0.3485821485519409,-0.8767014741897583,1.7729253768920898
3451,P0A091_wild,CC(C(=O)O)NC(=O)C(C)OC1C(C(OC(C1O)CO)OP(=O)(O)OP(=O)(O)OCC2C(C(C(O2)N3C=CC(=O)NC3=O)O)O)NC(=O)C,-0.6108339156354675,0.38276365399360657,-0.8933492302894592,2.0526719093322754
3452,O07108_wild,C(CC(=O)O)C(C(=O)O)N,-0.9281179926938746,0.9383628368377686,-0.0988682359457016,1.694909930229187
3453,O07108_wild,CC(C(=O)O)NC(=O)C(C)OC1C(C(OC(C1O)CO)OP(=O)(O)OP(=O)(O)OCC2C(C(C(O2)N3C=CC(=O)NC3=O)O)O)NC(=O)C,-1.4436974992327127,0.699425458908081,-0.8596979379653931,2.3941569328308105
3454,O07108_wild,C1=NC(=C2C(=N1)N(C=N2)C3C(C(C(O3)COP(=O)(O)OP(=O)(O)OP(=O)(O)O)O)O)N,-1.3565473235138126,0.7124578356742859,-0.7874253392219543,2.123605728149414
3455,Q6F4N1_wild,CC(=O)NC(C=O)C(C(C(CO)O)O)O,2.103803720955957,0.907962441444397,1.5042556524276733,0.6493445634841919
3456,Q6F4N1_wild,CC(=O)NC1C(C(C(OC1OC2C(OC(C(C2O)NC(=O)C)OC(C(CO)O)C(C(C=O)NC(=O)C)O)CO)CO)O)O,1.9912260756924949,0.65095055103302,0.8490751385688782,0.8984365463256836
3457,Q93NG6_wild,CNCCCC(=O)C1=C(NC(=O)C=C1)O,-2.2218487496163566,-0.15176281332969666,-0.5860488414764404,1.3713665008544922
3458,G0L322_wild,C1C2C(C(O1)C(C(O2)O)O)OC3C(C(C(C(O3)CO)O)OC4C(C5C(C(O4)CO5)OC6C(C(C(C(O6)CO)O)O)O)O)O,0.3010299956639812,1.4361945390701294,-0.2675517797470093,1.600722074508667
3459,P08200_K230M,C(C(C(C(=O)O)O)C(=O)O)C(=O)O,-0.2196826878598487,-0.03754167631268501,-0.8783148527145386,0.9530090093612671
3460,P08200_Y160F,C(C(C(C(=O)O)O)C(=O)O)C(=O)O,-2.0177287669604316,0.0896264910697937,-0.9379016757011414,1.1466319561004639
3461,P08200_wild,C(C(C(=O)C(=O)O)C(=O)O)C(=O)O,-0.6575773191777937,0.23246735334396362,-1.3460439443588257,1.3336478471755981
3462,P08200_K230M,C(C(C(=O)C(=O)O)C(=O)O)C(=O)O,0.3010299956639812,0.07559917867183685,-1.2533832788467407,1.1041594743728638
3463,P08200_Y160F,C(C(C(=O)C(=O)O)C(=O)O)C(=O)O,-0.6575773191777937,0.20750170946121216,-1.3121113777160645,1.2960546016693115
3464,P08200_wild,C(CC(=O)O)C(C(=O)O)O,0.47712125471966244,-0.489360511302948,-0.19787229597568512,-0.172410786151886
3465,P08200_K230M,C(CC(=O)O)C(C(=O)O)O,1.110589710299249,-0.6300355792045593,-0.133771151304245,-0.4085007905960083
3466,P08200_Y160F,C(CC(=O)O)C(C(=O)O)O,1.0253058652647702,-0.5144277215003967,-0.1734914630651474,-0.215302973985672
3467,P39126_wild,C(C(C(C(=O)O)O)C(=O)O)C(=O)O,-2.2291479883578558,0.35880613327026367,-0.9609642028808594,1.262769103050232
3468,P39126_wild,C1=CC(=C[N+](=C1)C2C(C(C(O2)COP(=O)(O)OP(=O)(O)OCC3C(C(C(O3)N4C=NC5=C(N=CN=C54)N)OP(=O)(O)O)O)O)O)C(=O)N,-1.8386319977650252,0.2592075765132904,-0.767114520072937,1.2578749656677246
3469,P08200_R153H,C1=CC(=C[N+](=C1)C2C(C(C(O2)COP(=O)(O)OP(=O)(O)OCC3C(C(C(O3)N4C=NC5=C(N=CN=C54)N)OP(=O)(O)O)O)O)O)C(=O)N,-1.958607314841775,-0.047358471900224686,-0.7565519213676453,1.0121427774429321
3470,P08200_K344D/Y345I,C1=CC(=C[N+](=C1)C2C(C(C(O2)COP(=O)(O)OP(=O)(O)OCC3C(C(C(O3)N4C=NC5=C(N=CN=C54)N)OP(=O)(O)O)O)O)O)C(=O)N,0.8633228601204559,0.1371029168367386,-0.8239075541496277,1.2157166004180908
3471,P08200_K344D/Y345I/V351A,C1=CC(=C[N+](=C1)C2C(C(C(O2)COP(=O)(O)OP(=O)(O)OCC3C(C(C(O3)N4C=NC5=C(N=CN=C54)N)OP(=O)(O)O)O)O)O)C(=O)N,0.8061799739838872,0.12073607742786407,-0.8234230875968933,1.2179234027862549
3472,P08200_K344D/Y345I/V351A/Y391K/R395S,C1=CC(=C[N+](=C1)C2C(C(C(O2)COP(=O)(O)OP(=O)(O)OCC3C(C(C(O3)N4C=NC5=C(N=CN=C54)N)OP(=O)(O)O)O)O)O)C(=O)N,1.0530784434834197,0.16248925030231476,-0.8019484281539917,1.2437851428985596
3473,P08200_K344D/Y345I/V351A/Y391K/R395S/R292D,C1=CC(=C[N+](=C1)C2C(C(C(O2)COP(=O)(O)OP(=O)(O)OCC3C(C(C(O3)N4C=NC5=C(N=CN=C54)N)OP(=O)(O)O)O)O)O)C(=O)N,1.507855871695831,0.15924391150474548,-0.760067880153656,1.2058285474777222
3474,P08200_K344D/Y345I/V351A/Y391K/R395S/C332Y,C1=CC(=C[N+](=C1)C2C(C(C(O2)COP(=O)(O)OP(=O)(O)OCC3C(C(C(O3)N4C=NC5=C(N=CN=C54)N)OP(=O)(O)O)O)O)O)C(=O)N,0.4471580313422192,0.17876873910427094,-0.8175562620162964,1.2476613521575928
3475,P08200_K344D/Y345I/V351A/Y391K/R395S/C332Y/C201I,C1=CC(=C[N+](=C1)C2C(C(C(O2)COP(=O)(O)OP(=O)(O)OCC3C(C(C(O3)N4C=NC5=C(N=CN=C54)N)OP(=O)(O)O)O)O)O)C(=O)N,0.7634279935629373,0.18398243188858032,-0.8461041450500488,1.2470744848251343
3476,Q8GAX0_wild,C(C(C(C(=O)O)O)C(=O)O)C(=O)O,-0.9208187539523751,0.7321768999099731,-0.8831304907798767,1.4268369674682617
3477,P08200_wild,C(C(C(=O)O)O)C(=O)O,0.3222192947339193,-0.4383622705936432,-0.5824752449989319,0.30296728014945984
3478,P08200_wild,C1=CC(=C[N+](=C1)C2C(C(C(O2)COP(=O)([O-])OP(=O)(O)OCC3C(C(C(O3)N4C=NC5=C(N=CN=C54)N)O)O)O)O)C(=O)N,0.6720978579357175,0.24516668915748596,-0.34031081199645996,0.9886111617088318
3479,P08200_S113N,C(C(C(C(=O)O)O)C(=O)O)C(=O)O,-1.744727494896694,0.10903510451316833,-0.9657499194145203,1.182605504989624
3480,P08200_S113N,C1=CC(=C[N+](=C1)C2C(C(C(O2)COP(=O)(O)OP(=O)(O)OCC3C(C(C(O3)N4C=NC5=C(N=CN=C54)N)OP(=O)(O)O)O)O)O)C(=O)N,-0.6307841425898572,0.12763062119483948,-0.8015425205230713,1.2259440422058105
3481,P08200_S113N,C(C(C(=O)O)O)C(=O)O,1.2174839442139063,-0.4427535831928253,-0.5729220509529114,0.29239675402641296
3482,P08200_S113N,C1=CC(=C[N+](=C1)C2C(C(C(O2)COP(=O)([O-])OP(=O)(O)OCC3C(C(C(O3)N4C=NC5=C(N=CN=C54)N)O)O)O)O)C(=O)N,1.1846914308175989,0.23362785577774048,-0.3250923156738281,0.9776873588562012
3483,P08200_S113L,C(C(C(C(=O)O)O)C(=O)O)C(=O)O,-1.6020599913279623,0.01581088826060295,-0.9660184383392334,1.051885724067688
3484,P08200_S113L,C1=CC(=C[N+](=C1)C2C(C(C(O2)COP(=O)(O)OP(=O)(O)OCC3C(C(C(O3)N4C=NC5=C(N=CN=C54)N)OP(=O)(O)O)O)O)O)C(=O)N,-0.7544873321858502,-0.01687944307923317,-0.7817203402519226,1.06996750831604
3485,P08200_S113L,C(C(C(=O)O)O)C(=O)O,0.7160033436347992,-0.536038875579834,-0.5808683633804321,0.16166658699512482
3486,P08200_S113L,C1=CC(=C[N+](=C1)C2C(C(C(O2)COP(=O)([O-])OP(=O)(O)OCC3C(C(C(O3)N4C=NC5=C(N=CN=C54)N)O)O)O)O)C(=O)N,0.6334684555795865,0.09854188561439514,-0.32630109786987305,0.8333079814910889
3487,P08200_wild,C(CC(=O)O)C(=O)C(=O)O,-0.24412514432750865,-0.06385530531406403,-0.5628288984298706,0.6422961354255676
3488,P08200_wild,C1C=CN(C=C1C(=O)N)C2C(C(C(O2)COP(=O)(O)OP(=O)(O)OCC3C(C(C(O3)N4C=NC5=C(N=CN=C54)N)OP(=O)(O)O)O)O)O,-2.154901959985743,0.3499452471733093,-1.6154896020889282,1.9327564239501953
3489,P96083_wild,C(C(C(C(=O)[O-])O)C(=O)[O-])C(=O)[O-],-2.0132282657337552,1.0275245904922485,-0.9210512638092041,2.158827543258667
3490,P96083_wild,C1=CC(=C[N+](=C1)C2C(C(C(O2)COP(=O)(O)OP(=O)(O)OCC3C(C(C(O3)N4C=NC5=C(N=CN=C54)N)OP(=O)(O)O)O)O)O)C(=O)N,-1.7825160557860937,1.0769352912902832,-0.6879284381866455,2.028909921646118
3491,P39126_wild,C(C(C(C(=O)[O-])O)C(=O)[O-])C(=O)[O-],-2.0409586076789066,0.19020402431488037,-1.2396920919418335,1.3814603090286255
3492,Q9UIC8_wild,C[S+](CCC(C(=O)[O-])N)CC1C(C(C(O1)N2C=NC3=C(N=CN=C32)N)O)O,-2.886056647693163,-0.40213829278945923,-1.8442023992538452,1.5753076076507568
3493,Q8H9A8_wild,COC1=C(C2=C(CC3C4=CC(=C(C=C4CCN3C2)OC)O)C=C1)O,-0.7619538968712045,-1.8664978742599487,-1.6063839197158813,0.4381474554538727
3494,Q8L0M8_wild,C(C(C(=O)O)N)S,-0.2076083105017461,0.49040788412094116,0.1055716872215271,0.9263174533843994
3495,Q8L0M8_wild,C(CSCC(C(=O)O)N)C(C(=O)O)N,0.5145477526602861,1.0623499155044556,-0.13736695051193237,1.209355115890503
3496,Q8L0M8_wild,C(C(C(=O)O)N)SSCC(C(=O)O)N,0.11058971029924891,1.3249082565307617,0.03240525349974632,1.5916544198989868
3497,Q8L0M8_wild,C(CSCC(C(=O)O)N)N,0.43933269383026263,0.8609775304794312,0.05714596435427666,1.053337574005127
3498,Q8L0M8_wild,C(C(C(=O)O)N)Cl,1.4534712337229359,0.8354029655456543,0.3530578315258026,0.8374531269073486
3499,Q8L0M8_wild,CSCC(C(=O)O)N,1.1182647260894794,0.7991281747817993,0.5041786432266235,0.9907410144805908
3500,Q22993_wild,C[S+](CCC(C(=O)[O-])N)CC1C(C(C(O1)N2C=NC3=C(N=CN=C32)N)O)O,-0.5686362358410126,-0.06046148017048836,-1.1230829954147339,1.336669921875
3501,Q22993_wild,CN(C)CCOP(=O)(O)O,0.07554696139253082,-0.13572686910629272,-0.5587602853775024,0.6883487701416016
3502,P80299_wild,C1=CC(=CC=C1[N+](=O)[O-])OP(=O)(O)O,-0.619788758288394,-0.15682515501976013,0.00803118571639061,0.3069170117378235
3503,P34913_wild,C1=CC(=CC=C1[N+](=O)[O-])OP(=O)(O)O,0.04139268515822508,-0.036683548241853714,-0.05120222643017769,0.37987035512924194
3504,P34913_K55R,C1=CC(=CC=C1[N+](=O)[O-])OP(=O)(O)O,0.07918124604762482,-0.0390615351498127,-0.054515715688467026,0.3754470944404602
3505,P34913_R103C,C1=CC(=CC=C1[N+](=O)[O-])OP(=O)(O)O,0.04139268515822508,-0.06494809687137604,-0.05548526719212532,0.36859822273254395
3506,P34913_C154Y,C1=CC(=CC=C1[N+](=O)[O-])OP(=O)(O)O,0.07918124604762482,-0.028110865503549576,-0.04726521298289299,0.38360774517059326
3507,P34913_R287Q,C1=CC(=CC=C1[N+](=O)[O-])OP(=O)(O)O,0.11394335230683679,-0.09461314976215363,-0.05997244641184807,0.3722224831581116
3508,P34913_R103C/R287Q,C1=CC(=CC=C1[N+](=O)[O-])OP(=O)(O)O,0.3979400086720376,-0.1225094199180603,-0.06947323679924011,0.3620619475841522
3509,P34913_wild,CCCCCCCCCCCCCCCC(=O)OCC(COP(=O)(O)O)O,-2.5228787452803374,-0.5888415575027466,-1.1094344854354858,1.0189738273620605
3510,P34913_wild,CCCCCCCCCCCCCCCCCC(=O)OCC(COP(=O)(O)O)O,-2.3767507096020997,-0.6293344497680664,-1.0324664115905762,0.9853624105453491
3511,P34913_wild,CCCCCCCCC=CCCCCCCCC(=O)OCC(COP(=O)(O)O)O,-2.207608310501746,-0.39845266938209534,-1.3776296377182007,1.4272047281265259
3512,P34913_wild,CCCCCC=CCC=CCC=CCC=CCCCC(=O)OCC(COP(=O)(O)O)O,-2.2291479883578558,-0.055829960852861404,-1.5084792375564575,1.568932056427002
3513,P34913_wild,CCCCCCCCCCCCCCCCCCCC(=O)OCC(COP(=O)(O)O)O,-2.275724130399211,-0.6018067002296448,-0.983185887336731,1.0355205535888672
3514,P34913_wild,CCCCCCCCCCCCCC=CC(C(COP(=O)(O)O)N)O,-1.8297382846050425,-0.7776795625686646,-1.777853012084961,0.8962052464485168
3515,P34913_wild,CC(=CCCC(=CCCC(=CCCC(=CCOP(=O)(O)OP(=O)(O)O)C)C)C)C,-1.679853713888946,-1.0069962739944458,-2.065455675125122,1.1674724817276
3516,P34913_wild,CCCCCCCCCCCCCC=CC(C(COP(=O)(O)O)NC(=O)C)O,-1.1739251972991736,-0.5934131741523743,-1.5013164281845093,1.0292377471923828
3517,Q9CA40_wild,C1C=CN(C=C1C(=O)N)C2C(C(C(O2)COP(=O)(O)OP(=O)(O)OCC3C(C(C(O3)N4C=NC5=C(N=CN=C54)N)O)O)O)O,-0.44369749923271273,0.46664297580718994,-1.3862394094467163,1.3463252782821655
3518,Q9CA40_wild,C1=CC(=C[N+](=C1)C2C(C(C(O2)COP(=O)([O-])OP(=O)(O)OCC3C(C(C(O3)N4C=NC5=C(N=CN=C54)N)O)O)O)O)C(=O)N,-0.3187587626244128,0.28902947902679443,-0.8665329813957214,0.9454264640808105
3519,P37062_wild,[C-]#N.[C-]#N.[C-]#N.[C-]#N.[C-]#N.[C-]#N.[Fe+3],-0.9430951486635274,1.4576146602630615,-1.231407642364502,2.306959867477417
3520,P37062_wild,C1C=CN(C=C1C(=O)N)C2C(C(C(O2)COP(=O)(O)OP(=O)(O)OCC3C(C(C(O3)N4C=NC5=C4N=CNC5=O)O)O)O)O,-1.619788758288394,0.9940690994262695,-1.6301612854003906,2.9572629928588867
3521,P37062_wild,C1C=CN(C=C1C(=S)N)C2C(C(C(O2)COP(=O)(O)OP(=O)(O)OCC3C(C(C(O3)N4C=NC5=C(N=CN=C54)N)O)O)O)O,-2.5228787452803374,0.9677720069885254,-2.0674729347229004,3.0810599327087402
3522,P37062_wild,C1C=CN(C=C1C(=O)N)C2C(C(C(O2)COP(=O)(O)OP(=O)(O)OCC3C(C(C(O3)N4C=NC5=C(N=CN=C54)N)OP(=O)(O)O)O)O)O,-0.005243055412371883,1.0486799478530884,-2.1861345767974854,3.360933542251587
3523,P37062_H10Q,C1C=CN(C=C1C(=O)N)C2C(C(C(O2)COP(=O)(O)OP(=O)(O)OCC3C(C(C(O3)N4C=NC5=C(N=CN=C54)N)O)O)O)O,-2.167491087293764,1.0388271808624268,-1.8403009176254272,3.119574785232544
3524,P37062_H10A,OO,0.0,1.0800703763961792,-0.8103201985359192,2.0461554527282715
3525,P37062_H10A,C1C=CN(C=C1C(=O)N)C2C(C(C(O2)COP(=O)(O)OP(=O)(O)OCC3C(C(C(O3)N4C=NC5=C(N=CN=C54)N)O)O)O)O,-1.899629454882437,0.9845622777938843,-1.849961519241333,3.0821516513824463
3526,P37062_wild,CC1C(C(CC(O1)OC2CC(CC3=C2C(=C4C(=C3O)C(=O)C5=C(C4=O)C(=CC=C5)OC)O)(C(=O)CO)O)N)O,-1.3979400086720375,-0.016316618770360947,-1.8332692384719849,2.501054048538208
3527,P37062_wild,CC1=C(C(=O)C(=C(C1=O)C)C)C,-0.8664610916297825,0.6137665510177612,-1.3563545942306519,2.826582908630371
3528,P37062_wild,CC1=CC(=O)C2=CC=CC=C2C1=O,-1.7212463990471711,0.8685319423675537,-2.0018694400787354,3.422865867614746
3529,P37062_wild,CC1=CC(=O)C2=C(C1=O)C=CC=C2O,-1.6020599913279623,0.6569158434867859,-2.431913137435913,3.339954137802124
3530,P37062_wild,C1=CC=C2C(=O)C=CC(=O)C2=C1,-1.9208187539523751,0.8342845439910889,-2.136397123336792,3.3271026611328125
3531,P37062_wild,C1=CC=C2C(=C1)C3=CC=CC=C3C(=O)C2=O,-0.5686362358410126,0.5197083353996277,-2.3843019008636475,3.231154203414917
3532,P37062_wild,C1=CC(=C2C(=O)C=CC(=O)C2=C1O)O,-2.113509274827518,0.5395171046257019,-2.1389214992523193,3.2274715900421143
3533,P37062_wild,C1=CC2=C(C(=O)C=CC2=O)C(=C1)O,-2.0,0.5721235871315002,-2.427997589111328,3.148601770401001
3534,P37062_wild,CC1=CC(=O)C(=CC1=O)C,-0.6882461389442457,0.5120483636856079,-1.453386902809143,2.557142972946167
3535,P37062_wild,C1=CC=C2C(=C1)C(=O)C(=C(C2=O)Cl)Cl,-1.853871964321762,0.6813462972640991,-1.7121233940124512,2.847144603729248
3536,P37062_wild,CC1=CC(=O)C=CC1=O,-2.3767507096020997,0.564265251159668,-1.6051549911499023,2.814950466156006
3537,P37062_wild,C1=CC(=O)C=CC1=O,-2.3872161432802645,1.1810173988342285,-1.3606806993484497,3.221428871154785
3538,P37062_wild,C1=C(C2=C(C(=O)C(=O)C3=C2NC(=C3)C(=O)O)N=C1C(=O)O)C(=O)O,-0.7447274948966939,0.3335059583187103,-1.9364415407180786,2.929389238357544
3539,P37062_wild,C1=CC=C2C(=C1)C(=CC(=O)C2=O)O,-1.0,0.312163770198822,-2.3921170234680176,3.2256641387939453
3540,O76360_wild,C1C2C(C(C(O2)N3C=NC4=C3N=C(NC4=O)N)O)OP(=O)(O1)O,-3.721246399047171,-0.3197742998600006,-2.258221387863159,0.8420107364654541
3541,O76360_wild,C1C2C(C(C(O2)N3C=NC4=C(N=CN=C43)N)O)OP(=O)(O1)O,-1.7351821769904636,-0.2005024254322052,-2.6055777072906494,1.0812739133834839
3542,Q93WX6_wild,C(C(C(=O)O)N)S,-1.3665315444204134,-0.15640731155872345,-0.6033062934875488,0.6034029722213745
3543,O58403_C82A,C(C(C(=O)O)N)C(=O)O,0.25527250510330607,0.7527323961257935,0.3029329776763916,0.6427798867225647
3544,O58403_C194A,C(C(C(=O)O)N)C(=O)O,-0.3467874862246563,0.7354131937026978,0.3133280575275421,0.6436265110969543
3545,O58403_R48I,C(C(C(=O)O)N)C(=O)O,1.6020599913279625,0.6879822015762329,0.40384116768836975,0.5954468250274658
3546,O58403_R48K,C(C(C(=O)O)N)C(=O)O,0.5185139398778875,0.6918757557868958,0.3928634524345398,0.5835240483283997
3547,O58403_K164L,C(C(C(=O)O)N)C(=O)O,0.6334684555795865,0.8174175024032593,0.36233285069465637,0.7306597232818604
3548,O58403_K164R,C(C(C(=O)O)N)C(=O)O,1.4913616938342726,0.8050343990325928,0.3308641016483307,0.7278597354888916
3549,O58403_K164A,C(C(C(=O)O)N)C(=O)O,1.9395192526186185,0.8342399001121521,0.38157662749290466,0.7155413031578064
3550,O58403_N83G,C(C(C(=O)O)N)C(=O)O,0.25527250510330607,0.6839414834976196,0.3476164937019348,0.5370542407035828
3551,O58403_T84A,C(C(C(=O)O)N)C(=O)O,-1.0861861476162833,0.7165634632110596,0.3784952461719513,0.6001710891723633
3552,O58403_T124A,C(C(C(=O)O)N)C(=O)O,-0.7447274948966939,0.7493789196014404,0.3664315640926361,0.6692216396331787
3553,O58403_T127A,C(C(C(=O)O)N)C(=O)O,-0.853871964321762,0.7132506370544434,0.34371986985206604,0.6547505855560303
3554,O58403_R48A,C(C(C(=O)O)N)C(=O)O,2.1760912590556813,0.5775229334831238,0.48694589734077454,0.40682148933410645
3555,Q6TXG7_wild,CC(C(C(=O)O)N)O,0.3010299956639812,0.48796141147613525,0.045697297900915146,1.126488447189331
3556,Q5U3Z7_wild,CC(C(C(=O)O)N)O,0.5314789170422551,0.08930535614490509,-0.13872185349464417,0.6021408438682556
3557,Q6TXG7_wild,C(C(C(=O)O)N)O,-0.2924298239020636,0.3223000168800354,0.3795500695705414,0.9122573137283325
3558,Q5U3Z7_wild,C(C(C(=O)O)N)O,-0.2676062401770315,0.001769091933965683,0.30898651480674744,0.31523820757865906
3559,Q5U3Z7_wild,C(C(=O)O)N,0.25527250510330607,0.18591824173927307,0.4561242461204529,0.36557480692863464
3560,Q5U3Z7_wild,C1C2CN(CN2C3=C(N1)N=C(NC3=O)N)C4=CC=C(C=C4)C(=O)NC(CCC(=O)O)C(=O)O,-0.8860566476931633,0.10282200574874878,-1.1559011936187744,1.7235676050186157
3561,Q5U3Z7_wild,C1C(NC2=C(N1)N=C(NC2=O)N)CNC3=CC=C(C=C3)C(=O)NC(CCC(=O)O)C(=O)O,-2.0,0.22830301523208618,-1.545668363571167,1.8030749559402466
3562,Q6TXG7_wild,C(C(=O)O)N,0.07918124604762482,0.4596695899963379,0.6926518678665161,0.8773518204689026
3563,Q6TXG7_wild,C1C2CN(CN2C3=C(N1)N=C(NC3=O)N)C4=CC=C(C=C4)C(=O)NC(CCC(=O)O)C(=O)O,-0.8860566476931633,0.23747974634170532,-1.2293275594711304,1.7571601867675781
3564,Q6TXG7_wild,C1C(NC2=C(N1)N=C(NC2=O)N)CNC3=CC=C(C=C3)C(=O)NC(CCC(=O)O)C(=O)O,-2.1426675035687315,0.3228813409805298,-1.407597541809082,1.6864814758300781
3565,V5BBD6_wild,C1C(NC2=C(N1)N=C(NC2=O)N)CNC3=CC=C(C=C3)C(=O)NC(CCC(=O)O)C(=O)O,-0.958607314841775,-0.1636141985654831,-1.276028037071228,1.6296998262405396
3566,V5BBD6_wild,CC1=NC=C(C(=C1O)C=O)COP(=O)(O)O,-1.5686362358410126,-0.6990094184875488,-2.0830395221710205,1.3213729858398438
3567,V5BBD6_wild,C(C(C(=O)O)N)O,-0.8239087409443188,-0.39312392473220825,0.3460339903831482,0.326582670211792
3568,Q94JQ3_wild,C1C(NC2=C(N1)N=C(NC2=O)N)CNC3=CC=C(C=C3)C(=O)NC(CCC(=O)NC(CCC(=O)[O-])C(=O)[O-])C(=O)[O-],-1.8761483590329142,0.5702894926071167,-1.4879366159439087,1.9962103366851807
3569,Q94JQ3_wild,C1C(NC2=C(N1)N=C(NC2=O)N)CNC3=CC=C(C=C3)C(=O)NC(CCC(=O)NC(CCC(=O)NC(CCC(=O)[O-])C(=O)[O-])C(=O)[O-])C(=O)[O-],-2.51427857351842,0.5933023691177368,-1.496600866317749,2.0317044258117676
3570,Q94JQ3_wild,C1C(NC2=C(N1)N=C(NC2=O)N)CNC3=CC=C(C=C3)C(=O)NC(CCC(=O)NC(CCC(=O)NC(CCC(=O)NC(CCC(=O)[O-])C(=O)[O-])C(=O)[O-])C(=O)[O-])C(=O)[O-],-3.0809219076239263,0.5702993869781494,-1.5864157676696777,1.9963114261627197
3571,Q94JQ3_wild,C1C(NC2=C(N1)N=C(NC2=O)N)CNC3=CC=C(C=C3)C(=O)NC(CCC(=O)NC(CCC(=O)NC(CCC(=O)NC(CCC(=O)NC(CCC(=O)[O-])C(=O)[O-])C(=O)[O-])C(=O)[O-])C(=O)[O-])C(=O)[O-],-3.193820026016113,0.5546992421150208,-1.686461091041565,2.0094103813171387
3572,P0A825_Y55F,C(C(C(=O)O)N)O,0.8450980400142568,-0.09794710576534271,0.5309209823608398,0.5909695029258728
3573,P0A825_R235K,C(C(C(=O)O)N)O,2.338456493604605,-0.11089308559894562,0.5333688855171204,0.6033585667610168
3574,P0A825_R235Q,C(C(C(=O)O)N)O,2.103803720955957,-0.10671140253543854,0.5444149971008301,0.5831915140151978
3575,P0A825_R235L,C(C(C(=O)O)N)O,1.806179973983887,-0.14008983969688416,0.5474086999893188,0.5247316360473633
3576,P0A825_Y55F,C1C(NC2=C(N1)N=C(NC2=O)N)CNC3=CC=C(C=C3)C(=O)NC(CCC(=O)O)C(=O)O,-0.958607314841775,0.2823677361011505,-0.9854810237884521,1.8080737590789795
3577,P0A825_R235K,C1C(NC2=C(N1)N=C(NC2=O)N)CNC3=CC=C(C=C3)C(=O)NC(CCC(=O)O)C(=O)O,-0.853871964321762,0.2684261202812195,-0.9834698438644409,1.8174062967300415
3578,P0A825_R235Q,C1C(NC2=C(N1)N=C(NC2=O)N)CNC3=CC=C(C=C3)C(=O)NC(CCC(=O)O)C(=O)O,-0.9208187539523751,0.26848456263542175,-0.9841421246528625,1.7884070873260498
3579,P0A825_R235L,C1C(NC2=C(N1)N=C(NC2=O)N)CNC3=CC=C(C=C3)C(=O)NC(CCC(=O)O)C(=O)O,-1.0969100130080565,0.2291765809059143,-0.9868564605712891,1.7366127967834473
3580,A5K8L9_wild,C1C(NC2=C(N1)N=C(NC2=O)N)CNC3=CC=C(C=C3)C(=O)NC(CCC(=O)O)C(=O)O,-0.853871964321762,0.1336316019296646,-1.3845008611679077,1.3730175495147705
3581,A5K8L9_wild,C(C(C(=O)O)N)O,-0.7447274948966939,-0.36719751358032227,0.3749389946460724,0.18446432054042816
3582,A5K8L9_wild,C1=CC=C(C=C1)C(C(C(=O)O)N)O,0.9344984512435677,0.09948372840881348,-0.3353293836116791,1.05767023563385
3583,A5K8L9_wild,CC(C(C(=O)O)N)O,-0.494850021680094,-0.3690500557422638,-0.10408742725849152,0.6293754577636719
3584,P35623_wild,C1C(NC2=C(N1)N=C(NC2=O)N)CNC3=CC=C(C=C3)C(=O)NC(CCC(=O)O)C(=O)O,-0.08618614761628333,0.2611687481403351,-1.3858604431152344,1.8468338251113892
3585,P35623_wild,C(C(C(=O)O)N)O,0.0,0.0718824714422226,0.3804636001586914,0.4207005202770233
3586,P07511_wild,CC(C(C(=O)O)N)O,0.17609125905568124,0.1271803379058838,-0.055666733533144,0.7242386341094971
3587,P35623_wild,CC(C(C(=O)O)N)O,-0.15490195998574322,0.11886163055896759,-0.0768091231584549,0.7852381467819214
3588,Q8I566_wild,C1C(NC2=C(N1)N=C(NC2=O)N)CNC3=CC=C(C=C3)C(=O)NC(CCC(=O)O)C(=O)O,-0.7144426909922262,0.09369122982025146,-1.532511591911316,1.3390254974365234
3589,Q8I566_wild,C(C(C(=O)O)N)O,-0.6003262785189619,-0.40629565715789795,0.2615523934364319,0.11026740074157715
3590,P0A825_L276A,C(C(C(=O)O)N)O,-0.6989700043360187,-0.12295719981193542,0.5145518779754639,0.5842275619506836
3591,P0A825_wild,C1=CC=C(C=C1)C(C(C(=O)O)N)O,1.5599066250361124,0.2655567526817322,0.042554821819067,1.0871742963790894
3592,P0A825_L85A,C1=CC=C(C=C1)C(C(C(=O)O)N)O,1.5728716022004803,0.25565212965011597,0.04425236955285072,1.0938907861709595
3593,P0A825_L276A,C1=CC=C(C=C1)C(C(C(=O)O)N)O,1.6294095991027189,0.2515866458415985,0.031580518931150436,1.0857360363006592
3594,P0A825_L85A/L276A,C1=CC=C(C=C1)C(C(C(=O)O)N)O,1.6242820958356683,0.2519747018814087,0.0337337963283062,1.0993572473526
3595,Q94C74_wild,C(C(C(=O)O)N)O,-0.14874165128092473,0.07452800869941711,0.3436954915523529,0.3442375063896179
3596,Q94C74_wild,C1C(NC2=C(N1)N=C(NC2=O)N)CNC3=CC=C(C=C3)C(=O)NC(CCC(=O)O)C(=O)O,-1.0777937225609837,0.26700592041015625,-1.2717933654785156,1.552473545074463
3597,O23254_wild,C(C(C(=O)O)N)O,-0.6989700043360187,-0.033704835921525955,0.220303475856781,0.4792954623699188
3598,O23254_wild,C1C(NC2=C(N1)N=C(NC2=O)N)CNC3=CC=C(C=C3)C(=O)NC(CCC(=O)O)C(=O)O,-2.1040252676409357,0.22779202461242676,-1.5265322923660278,1.7995305061340332
3599,P0AG16_wild,C(CC(=O)N)C(C(=O)O)N,0.19589965240923374,0.5185120701789856,-0.03665018454194069,0.783111572265625
3600,P0AG16_wild,N,0.8656960599160706,0.8742625713348389,1.6192370653152466,0.6726636290550232
3601,P0AG16_wild,C(C1C(C(C(O1)OP(=O)(O)OP(=O)(O)O)O)O)OP(=O)(O)O,-1.275724130399211,0.790543258190155,-0.774415135383606,1.45746648311615
3602,Q9EY50_E320Q,CC(C(=O)NC(CCC(=O)NC(CCCCN)C(=O)NC(C)C(=O)NC(C)C(=O)O)C(=O)O)NC(=O)C(C)OC1C(C(OC(C1O)CO)OP(=O)(O)OP(=O)(O)OCC2C(C(C(O2)N3C=CC(=O)NC3=O)O)O)NC(=O)C,-1.1739251972991736,0.4821133017539978,-1.1331701278686523,1.5075651407241821
3603,Q9EY50_D109N,CC(C(=O)NC(CCC(=O)NC(CCCCN)C(=O)NC(C)C(=O)NC(C)C(=O)O)C(=O)O)NC(=O)C(C)OC1C(C(OC(C1O)CO)OP(=O)(O)OP(=O)(O)OCC2C(C(C(O2)N3C=CC(=O)NC3=O)O)O)NC(=O)C,-0.7825160557860937,0.48191648721694946,-1.132529616355896,1.489180326461792
3604,Q9EY50_wild,CC(C(=O)NC(CCC(=O)NC(CCCCN)C(=O)NC(C)C(=O)NC(C)C(=O)O)C(=O)O)NC(=O)C(C)OC1C(C(OC(C1O)CO)OP(=O)(O)OP(=O)(O)OCC2C(C(C(O2)N3C=CC(=O)NC3=O)O)O)NC(=O)C,-2.2596373105057563,0.4756632447242737,-1.1386301517486572,1.4956141710281372
3605,H2E7T7_wild,CC(CCC=C(C)CCC=C(C)C)C=CC(C)(CCC=C(C)CCC=C(C)C)C=C,-1.1617807780923743,-0.3011908233165741,-1.9988075494766235,0.7211134433746338
3606,P00947_P39A,CC12CCC3C(C1CCC2=O)CC=C4C3(CCC(=O)C4)C,-1.3767507096020997,1.5166412591934204,-1.087017297744751,2.6271114349365234
3607,P00947_P39G,CC12CCC3C(C1CCC2=O)CC=C4C3(CCC(=O)C4)C,-1.5086383061657274,1.5341393947601318,-1.0817517042160034,2.6130547523498535
3608,A9CH01_wild,C1C(CNC1C(=O)O)O,0.3010299956639812,-0.034794870764017105,0.7965655326843262,0.055566638708114624
3609,A6WW16_wild,C1C(CNC1C(=O)O)O,0.11394335230683679,-0.27622509002685547,0.7834493517875671,-0.019834429025650024
3610,Q92WR9_wild,C1C(CNC1C(=O)O)O,0.7993405494535817,-0.02119659073650837,0.794650137424469,0.06765341758728027
3611,Q8YFD6_wild,C1CNC(C1O)C(=O)O,0.414973347970818,0.2620645761489868,0.8506195545196533,0.013172537088394165
3612,Q8YFD6_wild,C1C(CNC1C(=O)O)O,0.6532125137753437,-0.40188777446746826,0.859194278717041,-0.15474838018417358
3613,B9JQV3_wild,C1CNC(C1O)C(=O)O,0.6812412373755872,0.29744064807891846,0.8119766712188721,0.19070906937122345
3614,B9JQV3_wild,C1C(CNC1C(=O)O)O,0.7481880270062004,-0.2347249537706375,0.8040379881858826,0.029089748859405518
3615,A9CKB4_wild,C1CNC(C1O)C(=O)O,1.3979400086720377,0.4473055303096771,0.8383176326751709,0.258273184299469
3616,A9CKB4_wild,C1C(CNC1C(=O)O)O,0.6627578316815741,-0.0808093249797821,0.8920857310295105,0.11177989840507507
3617,Q2KD13_wild,C1CNC(C1O)C(=O)O,0.3222192947339193,0.3852654695510864,0.8405967950820923,0.3165440559387207
3618,Q2KD13_wild,C1C(CNC1C(=O)O)O,0.3222192947339193,-0.10280546545982361,0.8778695464134216,0.16929902136325836
3619,P11439_wild,C1=CC(=C[N+](=C1)C2C(C(C(O2)COP(=O)([O-])OP(=O)(O)OCC3C(C(C(O3)N4C=NC5=C(N=CN=C54)N)O)O)O)O)C(=O)N,-0.5606673061697374,0.9732054471969604,-1.1586641073226929,2.0023183822631836
3620,P14270_wild,C1C2C(C(C(O2)N3C=NC4=C(N=CN=C43)N)O)OP(=O)(O1)O,-3.468521082957745,0.1580350697040558,-2.5105531215667725,1.6736047267913818
3621,P51541_wild,C(CC(C(=O)O)N)CN=C(N)NP(=O)(O)O,-0.7695510786217261,1.33829665184021,-0.6458368301391602,1.1887848377227783
3622,P51541_wild,C1=NC(=C2C(=N1)N(C=N2)C3C(C(C(O3)COP(=O)(O)OP(=O)(O)O)O)O)N,-1.619788758288394,1.4842720031738281,-0.6560264825820923,1.756684422492981
3623,P51541_S63H/G64P,C1=NC(=C2C(=N1)N(C=N2)C3C(C(C(O3)COP(=O)(O)OP(=O)(O)O)O)O)N,-1.3279021420642825,1.3741035461425781,-0.585681676864624,1.6594135761260986
3624,P51541_S63H/G64P,C(CC(C(=O)O)N)CN=C(N)NP(=O)(O)O,0.9375178920173467,1.2414042949676514,-0.5373369455337524,1.101346731185913
3625,P51541_E59D,C(CC(C(=O)O)N)CN=C(N)NP(=O)(O)O,-0.6989700043360187,1.3295516967773438,-0.6423932909965515,1.1905697584152222
3626,P51541_E59D,C1=NC(=C2C(=N1)N(C=N2)C3C(C(C(O3)COP(=O)(O)OP(=O)(O)O)O)O)N,-1.6575773191777938,1.4789788722991943,-0.6576734781265259,1.7579716444015503
3627,P51541_E59N,C(CC(C(=O)O)N)CN=C(N)NP(=O)(O)O,-0.10790539730951958,1.37454354763031,-0.6699602603912354,1.2366987466812134
3628,P51541_E59N,C1=NC(=C2C(=N1)N(C=N2)C3C(C(C(O3)COP(=O)(O)OP(=O)(O)O)O)O)N,-1.0132282657337552,1.519831657409668,-0.680576741695404,1.8056977987289429
3629,P51541_K16G,C1=NC(=C2C(=N1)N(C=N2)C3C(C(C(O3)COP(=O)(O)OP(=O)(O)O)O)O)N,-1.0757207139381184,1.5005066394805908,-0.6487523317337036,1.7761902809143066
3630,P51541_K16G,C(CC(C(=O)O)N)CN=C(N)NP(=O)(O)O,-0.017728766960431554,1.3567240238189697,-0.6318057775497437,1.217275619506836
3631,P51541_L61P,C1=NC(=C2C(=N1)N(C=N2)C3C(C(C(O3)COP(=O)(O)OP(=O)(O)O)O)O)N,-1.744727494896694,1.4885413646697998,-0.638390839099884,1.785593032836914
3632,P51541_L61P,C(CC(C(=O)O)N)CN=C(N)NP(=O)(O)O,-0.431798275933005,1.3360648155212402,-0.6246290802955627,1.202406644821167
3633,P51541_D62G,C1=NC(=C2C(=N1)N(C=N2)C3C(C(C(O3)COP(=O)(O)OP(=O)(O)O)O)O)N,-1.5686362358410126,1.466783046722412,-0.6621729731559753,1.7401719093322754
3634,P51541_D62G,C(CC(C(=O)O)N)CN=C(N)NP(=O)(O)O,-0.004364805402450088,1.3417773246765137,-0.6406543254852295,1.1875274181365967
3635,P51541_Y68S,C1=NC(=C2C(=N1)N(C=N2)C3C(C(C(O3)COP(=O)(O)OP(=O)(O)O)O)O)N,-0.8696662315049939,1.3652522563934326,-0.6096758842468262,1.6139121055603027
3636,P51541_Y68S,C(CC(C(=O)O)N)CN=C(N)NP(=O)(O)O,-0.16115090926274472,1.2263610363006592,-0.577681839466095,1.0526604652404785
3637,P51541_R312G/E314V/H315D/E317A/E319V,C(CC(C(=O)O)N)CN=C(N)NP(=O)(O)O,-0.036212172654444715,1.3588776588439941,-0.6729882955551147,1.21624755859375
3638,P51541_R312G/E314V/H315D/E317A/E319V,C1=NC(=C2C(=N1)N(C=N2)C3C(C(C(O3)COP(=O)(O)OP(=O)(O)O)O)O)N,-1.0969100130080565,1.5113677978515625,-0.6786922216415405,1.770142912864685
3639,P23793_wild,C(CC(C(=O)O)N)CN=C(N)N,-0.5228787452803376,0.7757116556167603,0.6851707696914673,0.606787919998169
3640,P41141_wild,C(CC(C(=O)O)N)CN=C(N)N,-1.5228787452803376,0.9477770924568176,0.6789768934249878,0.7480014562606812
3641,Q9RND4_wild,C(CC(C(=O)O)N)CN=C(N)N,-2.3979400086720375,0.8646348714828491,0.7075622081756592,0.7933481335639954
3642,Q9RND4_wild,C(CON=C(N)N)C(C(=O)O)N,-1.3565473235138126,0.8395404815673828,0.9498599171638489,0.8388800621032715
3643,Q9RND4_wild,CN=C(N)NCCCC(C(=O)O)N,0.07918124604762482,0.749509871006012,0.5723622441291809,0.5647469758987427
3644,Q9RND4_wild,C(CC(C(=O)O)O)CN=C(N)N,1.2041199826559248,0.8247089385986328,1.0520493984222412,0.6613110899925232
3645,Q9RND4_wild,C(=N)(N)N,1.0413926851582251,1.0368218421936035,0.5578082203865051,0.9281692504882812
3646,P00390_wild,C1C=CN(C=C1C(=O)N)C2C(C(C(O2)COP(=O)(O)OP(=O)(O)OCC3C(C(C(O3)N4C=NC5=C(N=CN=C54)N)OP(=O)(O)O)O)O)O,-2.3010299956639813,1.0108214616775513,-1.808193564414978,2.480095863342285
3647,P70619_wild,C1C=CN(C=C1C(=O)N)C2C(C(C(O2)COP(=O)(O)OP(=O)(O)OCC3C(C(C(O3)N4C=NC5=C(N=CN=C54)N)OP(=O)(O)O)O)O)O,-2.1023729087095586,1.4357926845550537,-1.619583010673523,3.3671865463256836
3648,Q6UK62_wild,C1C=CN(C=C1C(=O)N)C2C(C(C(O2)COP(=O)(O)OP(=O)(O)OCC3C(C(C(O3)N4C=NC5=C(N=CN=C54)N)OP(=O)(O)O)O)O)O,-1.677780705266081,1.6671184301376343,-1.977831244468689,3.1812283992767334
3649,P06715_wild,C1C=CN(C=C1C(=O)N)C2C(C(C(O2)COP(=O)(O)OP(=O)(O)OCC3C(C(C(O3)N4C=NC5=C(N=CN=C54)N)OP(=O)(O)O)O)O)O,-1.4202164033831899,1.5869336128234863,-1.4379078149795532,3.242312431335449
3650,P06715_wild,C1=CC(=C[N+](=C1)C2C(C(C(O2)COP(=O)(O)OP(=O)(O)OCC3C(C(C(O3)N4C=NC5=C(N=CN=C54)N)OP(=O)(O)O)O)O)O)C(=O)N,-0.9208187539523751,1.332942247390747,-0.5610432624816895,2.4617512226104736
3651,P06715_wild,C(CC(=O)NC(CS)C(=O)NCC(=O)O)C(C(=O)O)N,0.11394335230683679,1.42373526096344,-0.05891566351056099,1.8498578071594238
3652,P06715_Y177F,C1C=CN(C=C1C(=O)N)C2C(C(C(O2)COP(=O)(O)OP(=O)(O)OCC3C(C(C(O3)N4C=NC5=C(N=CN=C54)N)OP(=O)(O)O)O)O)O,-1.619788758288394,1.5835593938827515,-1.437949538230896,3.2384212017059326
3653,P06715_Y177F,C1=CC(=C[N+](=C1)C2C(C(C(O2)COP(=O)(O)OP(=O)(O)OCC3C(C(C(O3)N4C=NC5=C(N=CN=C54)N)OP(=O)(O)O)O)O)O)C(=O)N,-1.1549019599857433,1.3287200927734375,-0.5599755048751831,2.458089590072632
3654,P06715_Y177F,C(CC(=O)NC(CS)C(=O)NCC(=O)O)C(C(=O)O)N,-0.15490195998574322,1.4223848581314087,-0.06016061082482338,1.8451778888702393
3655,P06715_Y177G,C1C=CN(C=C1C(=O)N)C2C(C(C(O2)COP(=O)(O)OP(=O)(O)OCC3C(C(C(O3)N4C=NC5=C(N=CN=C54)N)OP(=O)(O)O)O)O)O,-1.744727494896694,1.333970546722412,-1.3618820905685425,2.9487059116363525
3656,P06715_Y177S,C1C=CN(C=C1C(=O)N)C2C(C(C(O2)COP(=O)(O)OP(=O)(O)OCC3C(C(C(O3)N4C=NC5=C(N=CN=C54)N)OP(=O)(O)O)O)O)O,-1.5228787452803376,1.3909194469451904,-1.3794442415237427,3.0169339179992676
3657,D3RSV1_wild,CC1=CC2=C(C=C1C)N(C3=NC(=O)NC(=O)C3=N2)CC(C(C(COP(=O)(O)OP(=O)(O)OCC4C(C(C(O4)N5C=NC6=C(N=CN=C65)N)O)O)O)O)O,-3.283996656365201,0.7926509380340576,-1.6215953826904297,2.421449661254883
3658,D3RSV1_wild,C1C=CN(C=C1C(=O)N)C2C(C(C(O2)COP(=O)(O)OP(=O)(O)OCC3C(C(C(O3)N4C=NC5=C(N=CN=C54)N)O)O)O)O,-1.3010299956639813,1.5074585676193237,-1.0534451007843018,2.637787103652954
3659,D3RSV1_wild,C1C=CN(C=C1C(=O)N)C2C(C(C(O2)COP(=O)(O)OP(=O)(O)OCC3C(C(C(O3)N4C=NC5=C(N=CN=C54)N)OP(=O)(O)O)O)O)O,0.47712125471966244,1.362405776977539,-1.2912893295288086,2.8271541595458984
3660,P04798_wild,CC(=O)NCCC1=CNC2=C1C=C(C=C2)OC,-1.7166987712964505,-0.6124981641769409,-1.277464747428894,0.5450656414031982
3661,P05177_wild,CC(=O)NCCC1=CNC2=C1C=C(C=C2)OC,-1.586700235918748,-0.6474795937538147,-1.1287177801132202,0.37922900915145874
3662,P05177_wild,CCOC1=CC2=C(C=C1)N=C3C=CC(=O)C=C3O2,-3.034798298974088,-0.535936713218689,-1.9723178148269653,0.7918004989624023
3663,P00185_wild,CC(C)N(CCC1=CNC2=C1C=C(C=C2)O)C(C)C,-1.9956786262173574,-0.2775155007839203,-1.6264146566390991,0.951405942440033
3664,P04798_wild,CC(C)N(CCC1=CNC2=C1C=C(C=C2)OC)C(C)C,-2.5900668766687054,-0.18592852354049683,-1.296778678894043,0.7928648591041565
3665,P00185_wild,CC(C)N(CCC1=CNC2=C1C=C(C=C2)OC)C(C)C,-2.097997108649271,-0.24611002206802368,-1.3499292135238647,0.8439747095108032
3666,P04799_wild,CC(C)N(CCC1=CNC2=C1C=C(C=C2)OC)C(C)C,-1.27083521030723,-0.5147626399993896,-1.3061590194702148,0.560982346534729
3667,P05177_wild,C1CN(CCN1)C2=CC=CC(=C2)C(F)(F)F,-0.7300203233546761,-0.742382287979126,-0.803115963935852,0.3131362795829773
3668,P05177_wild,CCOC1=CC=C(C=C1)NC(=O)C,-1.6020599913279623,-0.14822594821453094,-1.5357991456985474,0.2301463484764099
3669,P05177_wild,CC1=CN=C2C=CC3=C(C2=N1)N=C(N3C)N,-1.5686362358410126,-0.8252285122871399,-1.7051842212677002,0.5979704260826111
3670,P05177_D348N,CC1=CN=C2C=CC3=C(C2=N1)N=C(N3C)N,-1.4814860601221125,-0.8438303470611572,-1.6896188259124756,0.5839188098907471
3671,P05177_I386F,CC1=CN=C2C=CC3=C(C2=N1)N=C(N3C)N,-1.337242168318426,-0.8275746703147888,-1.6963562965393066,0.5904296636581421
3672,P05177_C406Y,CC1=CN=C2C=CC3=C(C2=N1)N=C(N3C)N,-1.6989700043360187,-0.8118486404418945,-1.7124463319778442,0.6089843511581421
3673,P05177_wild,CN1C2=C(C3=C(C=C2)N=CC=C3)N=C1N,-1.677780705266081,-0.33940941095352173,-1.4883778095245361,0.6474996209144592
3674,P05177_D348N,CN1C2=C(C3=C(C=C2)N=CC=C3)N=C1N,-1.5686362358410126,-0.3619233965873718,-1.4774705171585083,0.6326839327812195
3675,P05177_I386F,CN1C2=C(C3=C(C=C2)N=CC=C3)N=C1N,-1.431798275933005,-0.34387773275375366,-1.4792563915252686,0.6338034272193909
3676,P05177_C406Y,CN1C2=C(C3=C(C=C2)N=CC=C3)N=C1N,-1.6575773191777938,-0.33023202419281006,-1.495186448097229,0.6615753173828125
3677,P05177_wild,CN1C2=C(N=CC(=C2)C3=CC=CC=C3)N=C1N,-1.1487416512809248,0.03430985286831856,-1.4435540437698364,0.5510910749435425
3678,P05177_D348N,CN1C2=C(N=CC(=C2)C3=CC=CC=C3)N=C1N,-1.207608310501746,0.012791883200407028,-1.4312942028045654,0.5384755730628967
3679,P05177_I386F,CN1C2=C(N=CC(=C2)C3=CC=CC=C3)N=C1N,-0.46724562100750233,0.027982380241155624,-1.4295156002044678,0.5384716391563416
3680,P05177_C406Y,CN1C2=C(N=CC(=C2)C3=CC=CC=C3)N=C1N,-1.1804560644581312,0.04755715653300285,-1.4481616020202637,0.5648944973945618
3681,P05177_wild,CC1=CC=CN2C1=NC3=C2N=C(C=C3)N,-2.3979400086720375,-0.2588810324668884,-1.5655598640441895,0.6386880278587341
3682,P05177_D348N,CC1=CC=CN2C1=NC3=C2N=C(C=C3)N,-1.8860566476931633,-0.27843740582466125,-1.556576132774353,0.6292835474014282
3683,P05177_I386F,CC1=CC=CN2C1=NC3=C2N=C(C=C3)N,-1.7958800173440752,-0.25928986072540283,-1.5551902055740356,0.6308807134628296
3684,P05177_C406Y,CC1=CC=CN2C1=NC3=C2N=C(C=C3)N,-1.958607314841775,-0.24566707015037537,-1.5735865831375122,0.6510530710220337
3685,P05177_D348N,CCOC1=CC=C(C=C1)NC(=O)C,-1.744727494896694,-0.17140309512615204,-1.5493210554122925,0.2347189486026764
3686,P05177_I386F,CCOC1=CC=C(C=C1)NC(=O)C,-0.494850021680094,-0.1497763991355896,-1.5263205766677856,0.22221708297729492
3687,P05177_C406Y,CCOC1=CC=C(C=C1)NC(=O)C,-1.207608310501746,-0.13479828834533691,-1.534570574760437,0.24210186302661896
3688,P79760_wild,COC1=CC2=C(C=C1)N=C3C=CC(=O)C=C3O2,-2.7670038896078464,-0.6347349882125854,-1.940605878829956,0.6829427480697632
3689,P79760_wild,CCOC1=CC2=C(C=C1)N=C3C=CC(=O)C=C3O2,-2.812479279163537,-0.7307859659194946,-2.089982271194458,0.732898473739624
3690,P79760_wild,C1=CC=C(C=C1)COC2=CC3=C(C=C2)N=C4C=CC(=O)C=C4O3,-3.3010299956639813,-0.8992054462432861,-1.9314137697219849,0.42942357063293457
3691,P79761_wild,COC1=CC2=C(C=C1)N=C3C=CC(=O)C=C3O2,-2.856985199745905,-0.7738254070281982,-2.0168745517730713,0.6490272283554077
3692,P79761_wild,CCOC1=CC2=C(C=C1)N=C3C=CC(=O)C=C3O2,-2.474955192963155,-0.8475223779678345,-2.2045938968658447,0.7227317094802856
3693,P79761_wild,C1=CC=C(C=C1)COC2=CC3=C(C=C2)N=C4C=CC(=O)C=C4O3,-3.0409586076789066,-1.0104254484176636,-2.013925313949585,0.4423965811729431
3694,P04798_wild,CC1=C(C=CC(=C1)OP(=S)(OC)OC)SC,-2.0969100130080562,-0.1992563158273697,-1.9483546018600464,0.5247235894203186
3695,G1MUB3_wild,COC1=C2C3=C(C(=O)CC3)C(=O)OC2=C4C5C=COC5OC4=C1,-1.431798275933005,-0.7958929538726807,-1.7514618635177612,0.7406542301177979
3696,P05177_wild,COC1=C2C3=C(C(=O)CC3)C(=O)OC2=C4C5C=COC5OC4=C1,-1.6989700043360187,-0.8377705812454224,-1.5285812616348267,0.8251128196716309
3697,P04798_wild,CCCCCC=CCC=CCC=CCC=CCCCC(=O)O,-1.4672456210075022,-0.059292104095220566,-1.819553017616272,0.8328361511230469
3698,P05177_wild,CCCCCC=CCC=CCC=CCC=CCCCC(=O)O,-1.0213630516155257,-0.1561145931482315,-1.748563528060913,0.7792843580245972
3699,O14734_wild,CCCCCCCCCC(=O)SCCNC(=O)CCNC(=O)C(C(C)(C)COP(=O)(O)OP(=O)(O)OCC1C(C(C(O1)N2C=NC3=C(N=CN=C32)N)O)OP(=O)(O)O)O,-1.9956786262173574,0.46695494651794434,-1.5439492464065552,2.186196804046631
3700,P82679_wild,CC(=C)C1CCC(C(=O)C1)(C)O,-0.8860566476931633,1.174738883972168,-1.5642659664154053,1.0708532333374023
3701,P82679_wild,C1C=CN(C=C1C(=O)N)C2C(C(C(O2)COP(=O)(O)OP(=O)(O)OCC3C(C(C(O3)N4C=NC5=C(N=CN=C54)N)OP(=O)(O)O)O)O)O,-1.4202164033831899,1.58137845993042,-1.652549386024475,1.4805517196655273
3702,P07547_wild,C1C=CN(C=C1C(=O)N)C2C(C(C(O2)COP(=O)(O)OP(=O)(O)OCC3C(C(C(O3)N4C=NC5=C(N=CN=C54)N)OP(=O)(O)O)O)O)O,-1.869666231504994,0.8279356360435486,-1.3128796815872192,2.3601865768432617
3703,P07547_wild,C1C(C(C(=O)C=C1C(=O)O)O)O,-0.5072396109731625,0.778784990310669,-0.4090135991573334,1.1957123279571533
3704,Q6ITZ7_wild,C(CC(C(=O)O)N)CN=C(N)N,0.9642596301968489,1.1110066175460815,-0.2148723006248474,0.19912618398666382
3705,P50440_wild,C(CC(C(=O)O)N)CN=C(N)N,0.3010299956639812,1.0695672035217285,-0.22269120812416077,0.13337433338165283
3706,P50440_wild,C(C(=O)O)N,0.47712125471966244,1.3507453203201294,0.3497147858142853,0.6145122051239014
3707,P50440_C410A,C(C(=O)O)N,0.36172783601759284,1.3604862689971924,0.35880473256111145,0.6268616914749146
3708,P50440_C410A,C(CC(C(=O)O)N)CN=C(N)N,0.0,1.082688808441162,-0.2101147621870041,0.14372676610946655
3709,P32320_wild,C1=CN(C(=O)N=C1N)C2C(C(C(O2)CO)O)O,-1.408935392973501,0.5062354207038879,-0.2610616087913513,1.5475878715515137
3710,P32320_Y60G,C1=CN(C(=O)N=C1N)C2C(C(C(O2)CO)O)O,-0.5686362358410126,0.4044700264930725,-0.21485772728919983,1.450021743774414
3711,P32320_R68Q,C1=CN(C(=O)N=C1N)C2C(C(C(O2)CO)O)O,-0.9281179926938746,0.2606284022331238,-0.16858160495758057,1.2607290744781494
3712,P32320_R68G,C1=CN(C(=O)N=C1N)C2C(C(C(O2)CO)O)O,-1.5086383061657274,0.23068010807037354,-0.15134365856647491,1.187118649482727
3713,P32320_wild,C1C(C(OC1N2C=CC(=NC2=O)N)CO)O,-1.408935392973501,0.6538895964622498,-0.8452508449554443,1.918763279914856
3714,P32320_Y60G,C1C(C(OC1N2C=CC(=NC2=O)N)CO)O,-0.3979400086720376,0.5577042698860168,-0.8151230812072754,1.830697774887085
3715,P32320_R68Q,C1C(C(OC1N2C=CC(=NC2=O)N)CO)O,-1.2924298239020637,0.46245765686035156,-0.7120258808135986,1.6330595016479492
3716,P32320_R68G,C1C(C(OC1N2C=CC(=NC2=O)N)CO)O,-1.6382721639824072,0.4228092133998871,-0.7002058029174805,1.57027268409729
3717,Q73KL7_wild,CSCCC(C(=O)O)N,-0.2596373105057561,0.6368838548660278,0.07873547077178955,0.7722423076629639
3718,Q7MX71_wild,CSCCC(C(=O)O)N,1.3636119798921442,0.7890116572380066,-0.03044195845723152,0.9818946123123169
3719,Q8JZL3_D37A,CC1=C(SC=[N+]1CC2=CN=C(N=C2N)C)CCOP(=O)(O)OP(=O)(O)OP(=O)(O)O,-0.6989700043360187,0.2601306736469269,-1.495775818824768,1.251807451248169
3720,B5WWZ8_wild,CCCCCCCCCCCCO,-1.2247537402597637,-0.2169041931629181,-2.0223400592803955,1.4481086730957031
3721,B5WWZ8_wild,C(CCCCCCCCO)CCCCCCCO,-1.712198270069774,0.26663658022880554,-1.6850224733352661,1.3599791526794434
3722,B5WWZ8_wild,CCCCCCCCCCCCCCCCO,-1.3882766919926581,-0.6553419828414917,-1.6649154424667358,1.2671089172363281
3723,Q9LW56_wild,CCCCCCCCCCCCO,-1.4710832997223453,-0.21067625284194946,-2.068826913833618,1.346631646156311
3724,Q9LW56_wild,C(CCCCCCCCO)CCCCCCCO,-0.6108339156354675,0.1953149437904358,-1.694140076637268,1.3092842102050781
3725,Q9LW56_wild,CCCCCCCCCCCCCCCCO,-0.16749108729376366,-0.6563571691513062,-1.731553316116333,1.2215898036956787
3726,A0A0U4VTN7_wild,CCCCCCCCCCCCCCCCC=COCC(COP(=O)([O-])OCC[N+](C)(C)C)O,-1.8794260687941502,0.6251915693283081,-0.6625546216964722,1.8817644119262695
3727,A0A0U4VTN7_F211A,CCCCCCCCCCCCCCCCC=COCC(COP(=O)([O-])OCC[N+](C)(C)C)O,-0.9507819773298184,0.5772086381912231,-0.6521376371383667,1.8357110023498535
3728,A0A0U4VTN7_wild,CCCCCCCCCCCCCCCCC=COCC(COP(=O)(O)OCCN)O,-0.341035157335565,0.16592006385326385,-0.39712029695510864,0.9880889654159546
3729,A0A0U4VTN7_F211A,CCCCCCCCCCCCCCCCC=COCC(COP(=O)(O)OCCN)O,-0.5512936800949201,0.12813487648963928,-0.4029262661933899,0.9405890703201294
3730,Q9UR08_N219D,CC(=CCCC(=CCCC(=CCOP(=O)(O)OP(=O)(O)O)C)C)C,-2.408935392973501,-2.6915202140808105,-2.2477924823760986,0.3236798644065857
3731,Q9UR08_E227D,CC(=CCCC(=CCCC(=CCOP(=O)(O)OP(=O)(O)O)C)C)C,-2.853871964321762,-2.5913681983947754,-2.2582883834838867,0.3883388340473175
3732,Q96V44_wild,C(C(C(C(C(CO)O)O)O)O)O,1.0530784434834197,0.6845716238021851,1.4521257877349854,0.5993977189064026
3733,Q96V44_wild,C(C(C(C(=O)C(CO)O)O)O)O,1.9084850188786497,1.0604957342147827,1.0096408128738403,0.6629786491394043
3734,Q96V44_wild,C1C(C(C(C(O1)(CO)O)O)O)O,1.2787536009528289,1.3060317039489746,1.1952279806137085,0.5493083000183105
3735,Q96V44_wild,C(C(C(C(C(=O)CO)O)O)O)O,1.4471580313422192,1.022308349609375,0.6302576065063477,0.6363896131515503
3736,P0A6B4_D164A,CC(C(=O)O)N,-0.21112488422458325,1.5875569581985474,0.340749591588974,1.331068754196167
3737,P0A6B4_D164K,CC(C(=O)O)N,-0.21896306137886812,1.558680534362793,0.3336145281791687,1.2935171127319336
3738,P0A6B4_E165A,CC(C(=O)O)N,-0.22767829327708022,1.6378690004348755,0.3000379800796509,1.4148765802383423
3739,P0A6B4_E165K,CC(C(=O)O)N,-0.27736607746618774,1.5989773273468018,0.29856523871421814,1.378701090812683
3740,P0A6B4_P219A,CC(C(=O)O)N,-0.5171264163912462,1.6371384859085083,0.305010050535202,1.3988806009292603
3741,P0A6B4_E221A,CC(C(=O)O)N,-0.35753547975787864,1.6616582870483398,0.28284111618995667,1.4261327981948853
3742,P0A6B4_E221K,CC(C(=O)O)N,-0.3957739469155299,1.6424028873443604,0.2701904773712158,1.4079309701919556
3743,P0A6B4_E221P,CC(C(=O)O)N,-0.2898826348881837,1.6549925804138184,0.2869235575199127,1.411362886428833
3744,Q9HUN4_wild,CC(C(=O)O)N,0.04139268515822508,2.0042545795440674,0.6612435579299927,1.7563683986663818
3745,Q9HTQ2_wild,CC(C(=O)O)N,0.14612803567823798,1.465066909790039,0.419448584318161,1.3695437908172607
3746,A0A6C7HV45_wild,CC(C(=O)O)N,1.7930916001765802,1.6014572381973267,0.3911219537258148,1.4157758951187134
3747,P45975_wild,C[S+](CCC(C(=O)[O-])N)CC1C(C(C(O1)N2C=NC3=C(N=CN=C32)N)O)O,-1.586700235918748,-0.30410072207450867,-2.1868603229522705,1.4230408668518066
3748,P55217_wild,C(COP(=O)(O)O)C(C(=O)O)N,0.3979400086720376,0.24537789821624756,-0.6758261322975159,0.8125369548797607
3749,P55217_wild,C(C(C(=O)O)N)S,-0.3372421683184259,0.17492488026618958,-0.8279736042022705,0.8744114637374878
3750,Q9ZPL5_wild,C(COP(=O)(O)O)C(C(=O)O)N,0.8512583487190754,0.15386135876178741,-0.34403350949287415,0.6658517122268677
3751,Q9ZPL5_wild,C(C(C(=O)O)N)S,-0.6382721639824072,-0.015490923076868057,-0.2777504622936249,0.6082868576049805
3752,Q9ZPL5_wild,C(CS)O,0.414973347970818,0.32842835783958435,0.2316903918981552,-0.11775916814804077
3753,Q9ZPL5_wild,[Na+].[Na+].[SH-],-0.2596373105057561,0.8715486526489258,-0.6652244329452515,1.335550308227539
3754,P19515_wild,CC(=O)OCC(COC(=O)C)OC(=O)C,2.322219294733919,2.1495602130889893,1.8154122829437256,0.9994701147079468
3755,Q05469_wild,CCC(=O)OCC(COC(=O)CC)OC(=O)CC,1.1760912590556813,0.5191977024078369,-1.122754693031311,1.2651827335357666
3756,P19515_wild,CCC(=O)OCC(COC(=O)CC)OC(=O)CC,1.255272505103306,2.554670810699463,1.1151360273361206,1.7187836170196533
3757,Q05469_wild,CCCC(=O)OCC(COC(=O)CCC)OC(=O)CCC,-0.3979400086720376,0.47606360912323,-1.6485668420791626,1.6717225313186646
3758,P19515_wild,CCCC(=O)OCC(COC(=O)CCC)OC(=O)CCC,-0.3467874862246563,2.66684889793396,0.44779717922210693,2.4232778549194336
3759,Q05469_wild,CC(=O)OC=C,2.230448921378274,0.6582620143890381,-0.5172966718673706,0.8931833505630493
3760,P19515_wild,CC(=O)OC=C,2.0791812460476247,2.346874952316284,1.657610297203064,1.197278618812561
3761,Q05469_wild,CCC(=O)OC=C,1.845098040014257,0.621345043182373,-0.23972979187965393,0.8657219409942627
3762,P19515_wild,CCC(=O)OC=C,1.5440680443502757,2.5322630405426025,1.8472810983657837,1.3484529256820679
3763,Q05469_wild,CCCC(=O)OC=C,1.0413926851582251,0.7086139917373657,-0.44199445843696594,1.016585111618042
3764,P19515_wild,CCCC(=O)OC=C,1.1760912590556813,2.478442430496216,1.5352534055709839,1.6642155647277832
3765,Q05469_wild,CCCCCCCCCCCC(=O)OC=C,0.47712125471966244,-0.06782108545303345,-1.8082773685455322,1.5361580848693848
3766,P19515_wild,CCCCCCCCCCCC(=O)OC=C,0.3010299956639812,1.8996453285217285,0.08823956549167633,1.9896106719970703
3767,Q05469_wild,CCCC(=O)OC1=CC=C(C=C1)[N+](=O)[O-],0.0,0.23277974128723145,-1.427282452583313,1.8431928157806396
3768,P19515_wild,CCCC(=O)OC1=CC=C(C=C1)[N+](=O)[O-],0.3222192947339193,2.1162853240966797,0.21229402720928192,2.2407491207122803
3769,Q9HZY8_wild,CCCC(=O)OC1=CC=C(C=C1)[N+](=O)[O-],0.0,1.3330097198486328,-1.0695120096206665,1.946742057800293
3770,Q8U088_wild,C1=CC=C(C(=C1)C(=O)O)NCC(=O)C(C(COP(=O)(O)O)O)O,-0.853871964321762,-0.09385675191879272,-2.5842134952545166,1.8868768215179443
3771,A0A0K8P8E7_wild,C1=CC(=CC=C1C(=O)O)C(=O)OCCO,-2.136677139879544,1.3069868087768555,-0.4232710897922516,2.2779135704040527
3772,P40176_wild,CC(C)C(C(=O)O)N,0.0,0.21577173471450806,0.21133384108543396,0.3650536835193634
3773,P40176_wild,CCCC(C(=O)O)N,0.12385164096708581,-0.007326032966375351,0.11489394307136536,0.5501147508621216
3774,P40176_wild,CCC(C(=O)O)N,0.48713837547718647,0.04438384994864464,0.40364447236061096,0.39608290791511536
3775,P40176_wild,CCCCC(C(=O)O)N,0.8247764624755457,0.02405279502272606,0.1757935881614685,0.7317583560943604
3776,P40176_wild,CCC(C)C(C(=O)O)N,0.07188200730612546,-0.007279563695192337,-0.0242140032351017,0.6243155002593994
3777,P40176_wild,CC(C)CC(C(=O)O)N,-0.17392519729917355,0.13015910983085632,-0.004748951643705368,0.6378594636917114
3778,P40176_wild,CC(C(=O)O)N,1.4502491083193612,0.38485974073410034,0.3778420388698578,0.3154095411300659
3779,P40176_wild,CC(C)C(=O)C(=O)O,-0.09691001300805639,0.7337713837623596,0.15868017077445984,0.726539134979248
3780,P40176_wild,CCCC(=O)C(=O)[O-],0.28780172993022607,0.5638940930366516,0.2964281439781189,0.8185757994651794
3781,P40176_wild,CCC(=O)C(=O)O,0.0,0.5661687850952148,0.6783126592636108,0.5489976406097412
3782,P40176_wild,CCCCC(=O)C(=O)O,0.3483048630481608,0.7118318676948547,0.19641011953353882,1.0739163160324097
3783,P40176_wild,CC(=O)C(=O)[O-],1.3979400086720377,0.45532405376434326,0.0944768488407135,0.6880177855491638
3784,P40176_wild,CCC(C)C(=O)C(=O)[O-],0.5224442335063199,0.2866680324077606,0.0019858814775943756,0.6805955767631531
3785,P40176_wild,CC(C)CC(=O)C(=O)O,-0.08618614761628333,0.5845901966094971,-0.07162906229496002,0.8204628825187683
3786,P40176_wild,C1=CC(=C[N+](=C1)C2C(C(C(O2)COP(=O)([O-])OP(=O)(O)OCC3C(C(C(O3)N4C=NC5=C(N=CN=C54)N)O)O)O)O)C(=O)N,-1.537602002101044,0.7130459547042847,-0.37339964509010315,1.4357576370239258
3787,P40176_wild,N,1.3424226808222062,0.7039687633514404,1.7563354969024658,0.6145397424697876
3788,P40176_wild,C1C=CN(C=C1C(=O)N)C2C(C(C(O2)COP(=O)(O)OP(=O)(O)OCC3C(C(C(O3)N4C=NC5=C(N=CN=C54)N)O)O)O)O,-1.3010299956639813,0.9344373941421509,-0.8013184070587158,2.0624301433563232
3789,Q89FH0_wild,C(C(C(=O)[O-])O)(C(=O)[O-])O,-1.0655015487564323,-0.5354533195495605,-0.6484383940696716,0.5153956413269043
3790,Q89FH0_K184R,C(C(C(=O)[O-])O)(C(=O)[O-])O,-1.4559319556497243,-0.5967059135437012,-0.6082922220230103,0.4238879978656769
3791,Q89FH0_H322N,C(C(C(=O)[O-])O)(C(=O)[O-])O,-1.3187587626244128,-0.6760907173156738,-0.5599673986434937,0.2951603829860687
3792,Q89FH0_H322Q,C(C(C(=O)[O-])O)(C(=O)[O-])O,0.8864907251724818,-0.6662093997001648,-0.5815565586090088,0.3281048536300659
3793,Q89FH0_H322A,C(C(C(=O)[O-])O)(C(=O)[O-])O,0.7923916894982539,-0.7175390124320984,-0.5505642890930176,0.24810627102851868
3794,Q874I4_wild,CCCCCCCCCCC1=C(C(=O)C(=C(C1=O)OC)OC)C,-1.3767507096020997,-0.15248019993305206,-1.837764859199524,1.146453857421875
3795,Q874I4_wild,C1=CC(=O)C=CC1=NC2=CC(=C(C(=C2)Cl)O)Cl,-0.9136401693252518,0.14342725276947021,-1.8559799194335938,1.016918659210205
3796,Q63707_wild,CCCCCCCCCCC1=C(C(=O)C(=C(C1=O)OC)OC)C,-2.4814860601221125,-0.1048310250043869,-2.338531732559204,2.284543037414551
3797,Q02127_wild,CC1=C(C(=O)C(=C(C1=O)OC)OC)CC=C(C)CCC=C(C)CCC=C(C)CCC=C(C)CCC=C(C)CCC=C(C)CCC=C(C)CCC=C(C)CCC=C(C)CCC=C(C)C,-2.00436480540245,0.4369887411594391,-2.121666431427002,2.6161625385284424
3798,Q02127_wild,CCCCCCCCCCC1=C(C(=O)C(=C(C1=O)OC)OC)C,-1.8632794328435933,-0.16716749966144562,-2.2653701305389404,2.2356507778167725
3799,Q5E9W3_wild,C1C(NC(=O)NC1=O)C(=O)O,-2.036212172654445,0.36080268025398254,-1.6310714483261108,2.231938123703003
3800,Q5E9W3_wild,CC1=C(C(=O)C(=C(C1=O)OC)OC)CC=C(C)CCC=C(C)CCC=C(C)CCC=C(C)CCC=C(C)CCC=C(C)CCC=C(C)CCC=C(C)CCC=C(C)CCC=C(C)C,-1.9665762445130504,0.43384861946105957,-2.109830617904663,2.5885539054870605
3801,Q5E9W3_wild,CC1=CC(=O)C2=CC=CC=C2C1=O,-0.7344746647809262,0.20039254426956177,-2.2626664638519287,2.405780076980591
3802,Q6V3W9_wild,C1C(NC(=O)NC1=O)C(=O)O,-1.3098039199714864,0.37325626611709595,-0.9119282364845276,1.3410087823867798
3803,P32747_wild,C1C(NC(=O)NC1=O)C(=O)O,-0.5900668766687055,0.2348288595676422,-0.9431889057159424,1.4304020404815674
3804,Q6V3W9_wild,CCCCCCCCCCC1=C(C(=O)C(=C(C1=O)OC)OC)C,-1.3439017979871681,0.1682361364364624,-1.710809350013733,1.388816475868225
3805,P32747_wild,CCCCCCCCCCC1=C(C(=O)C(=C(C1=O)OC)OC)C,-0.9625735020593763,0.0846206396818161,-1.618064284324646,1.4426772594451904
3806,O28341_wild,CC(C)(COP(=O)(O)OP(=O)(O)OCC1C(C(C(O1)N2C=NC3=C(N=CN=C32)N)O)OP(=O)(O)O)C(C(=O)NCCC(=O)NCCSC(=O)CC4=CC=CC=C4)O,-1.7695510786217261,0.40877479314804077,-1.4029088020324707,2.0508217811584473
3807,O28341_wild,CC(=O)[O-],0.4116197059632301,0.31269508600234985,0.15723973512649536,0.9115540981292725
3808,O28341_wild,C1=NC(=C2C(=N1)N(C=N2)C3C(C(C(O3)COP(=O)(O)OP(=O)(O)OP(=O)(O)O)O)O)N,-1.5228787452803376,0.46076512336730957,-0.6176244020462036,1.3931989669799805
3809,O28341_wild,CC(C)(COP(=O)(O)OP(=O)(O)OCC1C(C(C(O1)N2C=NC3=C(N=CN=C32)N)O)OP(=O)(O)O)C(C(=O)NCCC(=O)NCCS)O,-0.27572413039921095,0.6313860416412354,-1.160222053527832,1.8684078454971313
3810,O28341_wild,C1=CC=C(C=C1)CC(=O)O,0.3979400086720376,0.3459625542163849,-0.5088158249855042,0.9889224171638489
3811,O28341_wild,C1=CC=C2C(=C1)C(=CN2)CC(=O)[O-],0.09342168516223508,0.039356160908937454,-1.0367106199264526,0.979886531829834
3812,Q4WCU5_wild,CC(=O)SCCNC(=O)CCNC(=O)C(C(C)(C)COP(=O)(O)OP(=O)(O)OCC1C(C(C(O1)N2C=NC3=C(N=CN=C32)N)O)OP(=O)(O)O)O,-1.3979400086720375,-0.1819097101688385,-1.2517032623291016,1.350750207901001
3813,Q4WCU5_wild,C(C1C(C(C(C(O1)O)N)O)O)OP(=O)(O)O,-1.1487416512809248,-0.4279404878616333,-0.8208516836166382,0.9656423330307007
3814,Q4WCU5_V125R,CC(=O)SCCNC(=O)CCNC(=O)C(C(C)(C)COP(=O)(O)OP(=O)(O)OCC1C(C(C(O1)N2C=NC3=C(N=CN=C32)N)O)OP(=O)(O)O)O,-0.6989700043360187,-0.11592409014701843,-1.2755190134048462,1.3930407762527466
3815,Q4WCU5_V125R,C(C1C(C(C(C(O1)O)N)O)O)OP(=O)(O)O,-0.22184874961635637,-0.37774592638015747,-0.8546615839004517,1.0067564249038696
3816,Q4WCU5_G183E,CC(=O)SCCNC(=O)CCNC(=O)C(C(C)(C)COP(=O)(O)OP(=O)(O)OCC1C(C(C(O1)N2C=NC3=C(N=CN=C32)N)O)OP(=O)(O)O)O,-1.0,-0.21432869136333466,-1.236093282699585,1.3202385902404785
3817,Q4WCU5_G183E,C(C1C(C(C(C(O1)O)N)O)O)OP(=O)(O)O,-1.2518119729937995,-0.4524462819099426,-0.7906176447868347,0.9304532408714294
3818,Q4WCU5_E185Y,CC(=O)SCCNC(=O)CCNC(=O)C(C(C)(C)COP(=O)(O)OP(=O)(O)OCC1C(C(C(O1)N2C=NC3=C(N=CN=C32)N)O)OP(=O)(O)O)O,-1.3979400086720375,-0.16775047779083252,-1.3045167922973633,1.3798696994781494
3819,Q4WCU5_E185Y,C(C1C(C(C(C(O1)O)N)O)O)OP(=O)(O)O,-1.5228787452803376,-0.4109548330307007,-0.8654341101646423,0.9940773248672485
3820,Q4WCU5_Y189R,CC(=O)SCCNC(=O)CCNC(=O)C(C(C)(C)COP(=O)(O)OP(=O)(O)OCC1C(C(C(O1)N2C=NC3=C(N=CN=C32)N)O)OP(=O)(O)O)O,-1.0655015487564323,-0.18293160200119019,-1.2413920164108276,1.3798301219940186
3821,Q4WCU5_Y189R,C(C1C(C(C(C(O1)O)N)O)O)OP(=O)(O)O,-1.2518119729937995,-0.42624250054359436,-0.8461956977844238,0.9971116185188293
3822,Q7SHA4_wild,C(C1C(C(C(C(O1)O)N)O)O)OP(=O)(O)O,-0.10790539730951958,-0.4544202387332916,-1.0959802865982056,1.4464342594146729
3823,Q7SHA4_wild,CC(=O)SCCNC(=O)CCNC(=O)C(C(C)(C)COP(=O)(O)OP(=O)(O)OCC1C(C(C(O1)N2C=NC3=C(N=CN=C32)N)O)OP(=O)(O)O)O,-0.10790539730951958,-0.04344599321484566,-1.582542061805725,1.8676679134368896
3824,Q5P171_wild,C1=CC=C(C=C1)CC=O,-1.744727494896694,0.7654963731765747,-1.3045988082885742,1.9145171642303467
3825,P51570_H44Y,C1=NC(=C2C(=N1)N(C=N2)C3C(C(C(O3)COP(=O)(O)OP(=O)(O)OP(=O)(O)O)O)O)N,-0.8860566476931633,0.1700749695301056,-0.4403722584247589,1.149377465248108
3826,P51570_H44Y,C(C1C(C(C(C(O1)O)O)O)O)O,0.8864907251724818,0.08582457900047302,0.34779831767082214,0.5855838656425476
3827,P51570_R68C,C1=NC(=C2C(=N1)N(C=N2)C3C(C(C(O3)COP(=O)(O)OP(=O)(O)OP(=O)(O)O)O)O)N,-0.958607314841775,0.32738569378852844,-0.4812866747379303,1.3244028091430664
3828,P51570_R68C,C(C1C(C(C(C(O1)O)O)O)O)O,-0.36653154442041347,0.21845871210098267,0.29662832617759705,0.7352635860443115
3829,P51570_A198V,C(C1C(C(C(C(O1)O)O)O)O)O,-0.1804560644581313,0.2439502477645874,0.29271814227104187,0.7352926731109619
3830,P51570_A198V,C1=NC(=C2C(=N1)N(C=N2)C3C(C(C(O3)COP(=O)(O)OP(=O)(O)OP(=O)(O)O)O)O)N,-1.585026652029182,0.356819212436676,-0.4978635013103485,1.3413074016571045
3831,P51570_G346S,C1=NC(=C2C(=N1)N(C=N2)C3C(C(C(O3)COP(=O)(O)OP(=O)(O)OP(=O)(O)O)O)O)N,-2.3010299956639813,0.23736926913261414,-0.4417124390602112,1.21787691116333
3832,P51570_G346S,C(C1C(C(C(C(O1)O)O)O)O)O,0.04139268515822508,0.14667096734046936,0.3583148121833801,0.6157845258712769
3833,P51570_G347S,C1=NC(=C2C(=N1)N(C=N2)C3C(C(C(O3)COP(=O)(O)OP(=O)(O)OP(=O)(O)O)O)O)N,-1.0506099933550872,0.16512566804885864,-0.41475459933280945,1.138139009475708
3834,P51570_G347S,C(C1C(C(C(C(O1)O)O)O)O)O,1.1139433523068367,0.07985223829746246,0.35776808857917786,0.559781551361084
3835,P51570_G349S,C1=NC(=C2C(=N1)N(C=N2)C3C(C(C(O3)COP(=O)(O)OP(=O)(O)OP(=O)(O)O)O)O)N,-1.408935392973501,0.32715484499931335,-0.47652438282966614,1.3086767196655273
3836,P51570_G349S,C(C1C(C(C(C(O1)O)O)O)O)O,0.23044892137827394,0.2159293293952942,0.32424548268318176,0.7002341747283936
3837,P51570_E43A,C(C1C(C(C(C(O1)O)O)O)O)O,0.2787536009528289,0.02410086616873741,0.36442694067955017,0.5420433878898621
3838,P51570_E43A,C1=NC(=C2C(=N1)N(C=N2)C3C(C(C(O3)COP(=O)(O)OP(=O)(O)OP(=O)(O)O)O)O)N,-1.4559319556497243,0.11608891189098358,-0.42395493388175964,1.1259369850158691
3839,P51570_E43G,C(C1C(C(C(C(O1)O)O)O)O)O,-0.853871964321762,0.03575949743390083,0.35637590289115906,0.5415941476821899
3840,P51570_E43G,C1=NC(=C2C(=N1)N(C=N2)C3C(C(C(O3)COP(=O)(O)OP(=O)(O)OP(=O)(O)O)O)O)N,-2.408935392973501,0.1251947581768036,-0.431208997964859,1.1267874240875244
3841,P51570_R239Q,C(C1C(C(C(C(O1)O)O)O)O)O,0.6912583581331113,0.16533729434013367,0.3230273723602295,0.6755552291870117
3842,Q8ST54_wild,C1=NC(=C2C(=N1)N(C=N2)C3C(C(C(O3)COP(=O)(O)OP(=O)(O)OP(=O)(O)O)O)O)N,-0.494850021680094,1.608229637145996,-0.23366883397102356,2.5713517665863037
3843,Q8ST54_wild,C1=NC2=C(C(=O)N1)N=CN2C3C(C(C(O3)COP(=O)(O)OP(=O)(O)OP(=O)(O)O)O)O,0.0,1.483841896057129,-0.03437243774533272,2.499284267425537
3844,Q8ST54_wild,C1=CN(C(=O)NC1=O)C2C(C(C(O2)COP(=O)(O)OP(=O)(O)OP(=O)(O)O)O)O,0.36172783601759284,1.5092155933380127,0.11736683547496796,2.1859304904937744
3845,Q8ST54_wild,C1C(C(C(C(O1)(CO)O)O)O)O,-0.45593195564972444,1.8014867305755615,0.5260514616966248,1.8178966045379639
3846,Q8ST54_wild,C(C=O)C(C(C(CO)O)O)O,-1.045757490560675,1.392693281173706,0.3611275255680084,1.87101411819458
3847,Q8ST54_wild,C(C1C(C(C(C(O1)O)N)O)O)O,-0.6989700043360187,1.4391592741012573,-0.19768591225147247,1.9540090560913086
3848,Q95PL2_wild,C1=CN(C(=O)NC1=O)C2C(C(C(O2)COP(=O)(O)OP(=O)(O)OP(=O)(O)O)O)O,-0.8239087409443188,1.3963408470153809,0.05472104623913765,1.8891314268112183
3849,Q95PL2_wild,C(C=O)C(C(C(CO)O)O)O,-0.958607314841775,1.1780204772949219,0.2305213212966919,1.5997095108032227
3850,Q95PL2_wild,C(C1C(C(C(C(O1)O)N)O)O)O,-0.6382721639824072,1.2399563789367676,-0.23467275500297546,1.6776306629180908
3851,Q95PL2_wild,[Mg+2].[Cl-].[Cl-],-0.036212172654444715,1.862307071685791,-0.6056110858917236,2.223989963531494
3852,Q4VT68_wild,C(C1C(C(C(C(O1)O)O)O)O)O,-1.1804560644581312,1.4877123832702637,-0.4242987334728241,2.0091922283172607
3853,Q4VT68_wild,C1=NC(=C2C(=N1)N(C=N2)C3C(C(C(O3)COP(=O)(O)OP(=O)(O)OP(=O)(O)O)O)O)N,-0.518557371497695,1.3041090965270996,-0.03503755107522011,2.196650505065918
3854,Q4VT68_wild,C1C(C(C(C(O1)(CO)O)O)O)O,-0.8477116556169435,1.375327706336975,0.6513456106185913,1.4699349403381348
3855,Q8IVH4_wild,C1=NC2=C(N1C3C(C(C(O3)COP(=O)(O)OP(=O)(O)OP(=O)(O)O)O)O)N=C(NC2=O)N,-1.3767507096020997,-1.6220226287841797,-1.286220669746399,-0.24832314252853394
3856,Q8IVH4_R98G,C1=NC2=C(N1C3C(C(C(O3)COP(=O)(O)OP(=O)(O)OP(=O)(O)O)O)O)N=C(NC2=O)N,0.30276370847298173,-1.612548589706421,-1.2814874649047852,-0.24993622303009033
3857,Q8IVH4_G147E,C1=NC2=C(N1C3C(C(C(O3)COP(=O)(O)OP(=O)(O)OP(=O)(O)O)O)O)N=C(NC2=O)N,-0.35066514128785814,-1.8422414064407349,-1.2692965269088745,-0.4435041546821594
3858,Q8IVH4_G188R,C1=NC2=C(N1C3C(C(C(O3)COP(=O)(O)OP(=O)(O)OP(=O)(O)O)O)O)N=C(NC2=O)N,0.15533603746506186,-1.8653662204742432,-1.2807044982910156,-0.4594838619232178
3859,Q8IVH4_G192D,C1=NC2=C(N1C3C(C(C(O3)COP(=O)(O)OP(=O)(O)OP(=O)(O)O)O)O)N=C(NC2=O)N,-0.7495799976911061,-2.0382800102233887,-1.173949122428894,-0.653935968875885
3860,Q8IVH4_R196Q,C1=NC2=C(N1C3C(C(C(O3)COP(=O)(O)OP(=O)(O)OP(=O)(O)O)O)O)N=C(NC2=O)N,-0.3053948010664313,-1.905705451965332,-1.2390868663787842,-0.5232749581336975
3861,Q8IVH4_Y207C,C1=NC2=C(N1C3C(C(C(O3)COP(=O)(O)OP(=O)(O)OP(=O)(O)O)O)O)N=C(NC2=O)N,-0.9208187539523751,-1.8136335611343384,-1.2729822397232056,-0.4225325584411621
3862,Q8IVH4_R209S,C1=NC2=C(N1C3C(C(C(O3)COP(=O)(O)OP(=O)(O)OP(=O)(O)O)O)O)N=C(NC2=O)N,-1.1023729087095586,-1.9313571453094482,-1.254571795463562,-0.5282847881317139
3863,Q8IVH4_G218E,C1=NC2=C(N1C3C(C(C(O3)COP(=O)(O)OP(=O)(O)OP(=O)(O)O)O)O)N=C(NC2=O)N,-0.44369749923271273,-2.008284330368042,-1.2313790321350098,-0.5900700688362122
3864,Q8IVH4_V220M,C1=NC2=C(N1C3C(C(C(O3)COP(=O)(O)OP(=O)(O)OP(=O)(O)O)O)O)N=C(NC2=O)N,-0.5346171485515817,-1.6429014205932617,-1.282694935798645,-0.27812373638153076
3865,Q8IVH4_T243N,C1=NC2=C(N1C3C(C(C(O3)COP(=O)(O)OP(=O)(O)OP(=O)(O)O)O)O)N=C(NC2=O)N,-0.5686362358410126,-1.7878456115722656,-1.236173391342163,-0.4212294816970825
3866,Q8IVH4_E250K,C1=NC2=C(N1C3C(C(C(O3)COP(=O)(O)OP(=O)(O)OP(=O)(O)O)O)O)N=C(NC2=O)N,-0.7447274948966939,-1.9729772806167603,-1.1500232219696045,-0.6483480334281921
3867,Q8IVH4_G274S,C1=NC2=C(N1C3C(C(C(O3)COP(=O)(O)OP(=O)(O)OP(=O)(O)O)O)O)N=C(NC2=O)N,-1.00436480540245,-1.643811583518982,-1.2739640474319458,-0.2705821990966797
3868,Q8IVH4_K276E,C1=NC2=C(N1C3C(C(C(O3)COP(=O)(O)OP(=O)(O)OP(=O)(O)O)O)O)N=C(NC2=O)N,-0.906578314837765,-1.9217331409454346,-1.249977469444275,-0.5082963705062866
3869,Q8IVH4_D292V,C1=NC2=C(N1C3C(C(C(O3)COP(=O)(O)OP(=O)(O)OP(=O)(O)O)O)O)N=C(NC2=O)N,-1.0177287669604316,-1.8472177982330322,-1.274718165397644,-0.41499483585357666
3870,Q8IVH4_R359G,C1=NC2=C(N1C3C(C(C(O3)COP(=O)(O)OP(=O)(O)OP(=O)(O)O)O)O)N=C(NC2=O)N,-1.0362121726544449,-1.7560107707977295,-1.293898344039917,-0.3619425296783447
3871,P52836_wild,COC1=CC(=C2C(=C1)OC(=C(C2=O)O)C3=CC(=C(C=C3)O)O)O,-3.744727494896694,-1.3542629480361938,-1.0565532445907593,1.7162299156188965
3872,P52836_wild,COC1=C(C=CC(=C1)C2=C(C(=O)C3=C(C=C(C=C3O2)O)O)O)O,-3.744727494896694,-0.9507465958595276,-1.6501522064208984,2.0606777667999268
3873,P52836_wild,C1=CC(=C(C=C1C2=C(C(=O)C3=C(C=C(C=C3O2)O)O)O)O)O,-3.6989700043360187,-0.9958714842796326,-1.7592295408248901,2.207085609436035
3874,P52836_wild,COC1=C(C2=C(C=C1O)OC(=C(C2=O)O)C3=CC(=C(C=C3)O)O)O,-3.6020599913279625,-1.2139780521392822,-1.0184301137924194,1.7689728736877441
3875,P52836_wild,C1=CC(=CC=C1C2=C(C(=O)C3=C(C=C(C=C3O2)O)O)O)O,-3.5686362358410126,-1.0548206567764282,-2.138240337371826,2.2397313117980957
3876,P52836_wild,C1=NC(=C2C(=N1)N(C=N2)C3C(C(C(O3)COP(=O)(O)OS(=O)(=O)O)OP(=O)(O)O)O)N,-3.744727494896694,-1.5862144231796265,-2.243302583694458,1.2389328479766846
3877,P52836_K59R,C1=CC(=C(C=C1C2=C(C(=O)C3=C(C=C(C=C3O2)O)O)O)O)O,-3.3665315444204134,-1.0571943521499634,-1.7636895179748535,2.1731414794921875
3878,P52836_K59R,C1=NC(=C2C(=N1)N(C=N2)C3C(C(C(O3)COP(=O)(O)OS(=O)(=O)O)OP(=O)(O)O)O)N,-4.0,-1.667090654373169,-2.2337653636932373,1.2019487619400024
3879,Q00796_wild,C(C(C(C(C(CO)O)O)O)O)O,0.17609125905568124,0.3978652060031891,0.9364404678344727,0.5476617813110352
3880,Q00796_wild,C1C(C(C(C(O1)(CO)O)O)O)O,2.4313637641589874,1.119152307510376,1.027392029762268,0.3672138452529907
3881,Q00796_wild,C1=CC(=C[N+](=C1)C2C(C(C(O2)COP(=O)([O-])OP(=O)(O)OCC3C(C(C(O3)N4C=NC5=C(N=CN=C54)N)O)O)O)O)C(=O)N,-0.6478174818886375,1.0754690170288086,-0.6376354694366455,1.6470305919647217
3882,Q00796_wild,C1C=CN(C=C1C(=O)N)C2C(C(C(O2)COP(=O)(O)OP(=O)(O)OCC3C(C(C(O3)N4C=NC5=C(N=CN=C54)N)O)O)O)O,-0.6777807052660807,1.3855259418487549,-1.1695361137390137,2.325939416885376
3883,Q00796_wild,C(C(C(C(C(=O)CO)O)O)O)O,0.3424226808222063,0.8868864178657532,0.32751497626304626,0.5425602793693542
3884,P07846_wild,C(C(C(C(C(CO)O)O)O)O)O,0.04139268515822508,0.3167126774787903,1.0239852666854858,0.5103447437286377
3885,P07846_wild,C1=CC(=C[N+](=C1)C2C(C(C(O2)COP(=O)([O-])OP(=O)(O)OCC3C(C(C(O3)N4C=NC5=C(N=CN=C54)N)O)O)O)O)C(=O)N,-1.958607314841775,1.091631531715393,-0.4980473816394806,1.6695448160171509
3886,Q58D31_wild,C(C(C(C(C(CO)O)O)O)O)O,0.9084850188786497,0.36406782269477844,1.0505365133285522,0.5158385038375854
3887,Q58D31_wild,C1=CC(=C[N+](=C1)C2C(C(C(O2)COP(=O)([O-])OP(=O)(O)OCC3C(C(C(O3)N4C=NC5=C(N=CN=C54)N)O)O)O)O)C(=O)N,-1.1487416512809248,1.1164093017578125,-0.5893575549125671,1.6927731037139893
3888,Q58D31_wild,C1C=CN(C=C1C(=O)N)C2C(C(C(O2)COP(=O)(O)OP(=O)(O)OCC3C(C(C(O3)N4C=NC5=C(N=CN=C54)N)O)O)O)O,-1.2839966563652008,1.4015696048736572,-1.1027153730392456,2.344665765762329
3889,Q58D31_wild,C(C(C(CO)O)O)O,2.428134794028789,0.748796820640564,1.1573768854141235,0.40301382541656494
3890,Q58D31_wild,C(C(C(C(CO)O)O)O)O,0.505149978319906,0.5750771760940552,1.0515406131744385,0.7461772561073303
3891,Q58D31_wild,C(C(C(C(=O)CO)O)O)O,2.414973347970818,1.0719733238220215,0.21133388578891754,0.7162594795227051
3892,Q58D31_wild,C1C(C(C(C(O1)(CO)O)O)O)O,2.255272505103306,1.09385347366333,1.0947452783584595,0.3341749906539917
3893,P07846_wild,C(C(C(C(CO)O)O)O)O,-0.7447274948966939,0.5275620222091675,1.0160659551620483,0.7365950345993042
3894,P27867_wild,C(C(C(C(C(CO)O)O)O)O)O,0.36172783601759284,0.24173328280448914,1.084967851638794,0.40569260716438293
3895,P27867_wild,C(C(C(C(CO)O)O)O)O,-0.3979400086720376,0.4310527443885803,1.0722321271896362,0.6629413366317749
3896,P27867_wild,C1=CC(=C[N+](=C1)C2C(C(C(O2)COP(=O)([O-])OP(=O)(O)OCC3C(C(C(O3)N4C=NC5=C(N=CN=C54)N)O)O)O)O)C(=O)N,-1.3979400086720375,0.9316180944442749,-0.4305640757083893,1.3986351490020752
3897,P07846_wild,C(C(C(C(C(CS)O)O)O)O)O,0.9344984512435677,0.5295148491859436,0.5038544535636902,0.576805830001831
3898,P07846_wild,C(C(C(CO)O)O)O,0.6434526764861874,0.6996164917945862,1.124777913093567,0.40241098403930664
3899,P07846_wild,C1=CC=C(C=C1)C(CO)O,0.23044892137827394,0.7175544500350952,0.2271028310060501,0.10199353098869324
3900,P07846_wild,CC(C(C(C(CO)O)O)O)O,0.5797835966168101,0.5116060376167297,1.1743263006210327,0.31273263692855835
3901,P07846_wild,C1C(C(C(C(O1)(CO)O)O)O)O,2.2671717284030137,1.0337514877319336,1.139885663986206,0.3119540512561798
3902,P07846_wild,CC(=O)C(C(C(CO)O)O)O,2.7686381012476144,0.6809555292129517,0.8043824434280396,0.22741764783859253
3903,P07846_wild,C(CO)O,3.57978359661681,0.5636670589447021,1.5419691801071167,-0.710537314414978
3904,P07846_wild,C(C(C(C(C(C(CO)O)O)O)O)O)O,1.3010299956639813,0.3447655141353607,0.8264052867889404,0.423580527305603
3905,P07846_wild,CCC(CO)O,1.5563025007672873,0.9225720763206482,0.9727222919464111,0.10918913781642914
3906,P07846_wild,CC(C(C)O)O,1.954242509439325,0.9857649803161621,0.6101943254470825,0.0716625452041626
3907,P07846_wild,C(CO)C(CO)O,1.146128035678238,0.6141000390052795,0.9728822112083435,-0.10244384407997131
3908,P07846_wild,COCC(C(COC)O)O,1.9294189257142929,0.742290735244751,1.0973314046859741,-0.42393818497657776
3909,P07846_wild,C=CC(CO)O,1.146128035678238,0.8486725687980652,1.3606265783309937,-0.06344038248062134
3910,P07846_wild,CCCC(CO)O,0.8129133566428556,0.6224165558815002,0.8356148600578308,0.07529425621032715
3911,P07846_wild,CCCC(C(CO)O)O,1.0791812460476249,0.5876584053039551,0.41148898005485535,0.3772318661212921
3912,P07846_wild,CCCCC(C(CO)O)O,-0.42021640338318983,0.37693554162979126,0.3364183306694031,0.5134799480438232
3913,P07846_wild,CCCCCC(C(CO)O)O,0.2041199826559248,0.3181752562522888,-0.1322104036808014,0.7562839984893799
3914,P07846_wild,C(CCC(CO)O)CC(CO)O,1.6020599913279625,0.3101866841316223,-0.15403547883033752,-0.11177465319633484
3915,P07846_wild,CC(C1=CC=CC=C1)O,0.8450980400142568,-0.19638392329216003,0.08375383913516998,-0.04889163374900818
3916,P07846_wild,C1=CC(=CC=C1C(CN)O)O,0.11394335230683679,0.48033595085144043,-0.5091334581375122,0.496274471282959
3917,P07846_wild,C1=CC=C(C=C1)C(=O)C=O,1.9444826721501687,1.283151388168335,-0.3794311583042145,0.6908019185066223
3918,C5CBT8_wild,CC(=CCCC(=CCCC(=CCCC(=CCCC(=CCCC(=CCCC(=CCCC(=CCCC(=CCCC(=CCCC(=CCOP(=O)(O)OP(=O)(O)O)C)C)C)C)C)C)C)C)C)C)C,0.0,-0.46426647901535034,-1.1124128103256226,0.7349017262458801
3919,Q8G9F8_wild,C(C(C(=O)O)N)S,0.06445798922691845,0.45425912737846375,-0.0493730790913105,0.9149588346481323
3920,Q8G9F7_wild,C(C(C(=O)O)N)S,0.03342375548694973,0.3096920847892761,0.05690916255116463,0.7888038754463196
3921,Q8G9F6_wild,C(C(C(=O)O)N)S,-0.16749108729376366,0.2783612608909607,0.046716075390577316,0.772967517375946
3922,Q8G9F5_wild,C(C(C(=O)O)N)S,-0.12493873660829995,0.5579339861869812,-0.07533608376979828,1.02321457862854
3923,Q8G9F8_wild,C(CSCC(C(=O)O)N)C(C(=O)O)N,1.4065401804339552,1.0029520988464355,-0.332243949174881,1.2285430431365967
3924,Q8G9F7_wild,C(CSCC(C(=O)O)N)C(C(=O)O)N,1.0492180226701815,0.8964369297027588,-0.14987961947917938,1.068726658821106
3925,Q8G9F6_wild,C(CSCC(C(=O)O)N)C(C(=O)O)N,0.9395192526186185,0.8374417424201965,-0.1661071926355362,1.102522850036621
3926,Q8G9F5_wild,C(CSCC(C(=O)O)N)C(C(=O)O)N,1.0253058652647702,1.0941241979599,-0.46080532670021057,1.260952115058899
3927,P77541_wild,[Mg+2],-1.4559319556497243,-0.4506542384624481,-0.43651026487350464,0.7353838682174683
3928,Q5MY95_wild,C1=NC(=C2C(=N1)N(C=N2)C3C(C(C(O3)COP(=O)(O)OP(=O)(O)O)O)O)N,-0.8961962790440431,1.7440420389175415,-1.0840976238250732,3.006399154663086
3929,Q5MY95_wild,C1=NC(=C2C(=N1)N(C=N2)C3C(C(C(O3)COP(=O)(O)OP(=O)(O)OP(=O)(O)O)O)O)N,-2.2924298239020637,1.6900447607040405,-0.979245662689209,2.8461380004882812
3930,P49961_wild,C1=NC(=C2C(=N1)N(C=N2)C3C(C(C(O3)COP(=O)(O)OP(=O)(O)O)O)O)N,-1.6989700043360187,1.6039350032806396,-1.2811627388000488,2.8462514877319336
3931,P49961_wild,C1=CN(C(=O)NC1=O)C2C(C(C(O2)COP(=O)(O)OP(=O)(O)OP(=O)(O)O)O)O,-1.3279021420642825,1.4526535272598267,-0.9498494863510132,2.2659924030303955
3932,P49961_wild,C1=CN(C(=O)NC1=O)C2C(C(C(O2)COP(=O)(O)OP(=O)(O)O)O)O,-0.8696662315049939,1.4584200382232666,-1.025466799736023,2.4035065174102783
3933,P55772_wild,C1=CN(C(=O)NC1=O)C2C(C(C(O2)COP(=O)(O)OP(=O)(O)OP(=O)(O)O)O)O,-1.3098039199714864,1.5328233242034912,-0.8382551074028015,2.295724630355835
3934,P55772_wild,C1=CN(C(=O)NC1=O)C2C(C(C(O2)COP(=O)(O)OP(=O)(O)O)O)O,-1.0362121726544449,1.5500849485397339,-0.873786449432373,2.4323933124542236
3935,Q9MYU4_wild,C1=NC(=C2C(=N1)N(C=N2)C3C(C(C(O3)COP(=O)(O)OP(=O)(O)OP(=O)(O)O)O)O)N,-2.5086383061657274,1.666244387626648,-1.2067756652832031,2.706289291381836
3936,Q9MYU4_wild,C1=NC(=C2C(=N1)N(C=N2)C3C(C(C(O3)COP(=O)(O)OP(=O)(O)O)O)O)N,-2.2518119729937998,1.6913737058639526,-1.3082884550094604,2.863539457321167
3937,P97687_wild,C1=NC(=C2C(=N1)N(C=N2)C3C(C(C(O3)COP(=O)(O)OP(=O)(O)OP(=O)(O)O)O)O)N,-1.1249387366083,1.6515060663223267,-1.1413222551345825,2.7085795402526855
3938,O18956_wild,C1=NC(=C2C(=N1)N(C=N2)C3C(C(C(O3)COP(=O)(O)OP(=O)(O)OP(=O)(O)O)O)O)N,-1.85078088734462,1.7466819286346436,-1.1653131246566772,2.6139726638793945
3939,O18956_wild,C1=NC(=C2C(=N1)N(C=N2)C3C(C(C(O3)COP(=O)(O)OP(=O)(O)O)O)O)N,-1.9208187539523751,1.7525818347930908,-1.248667597770691,2.789485454559326
3940,O18956_wild,C1=NC2=C(N=C(N=C2N1C3C(C(C(O3)COP(=O)(O)OP(=O)(O)OP(=O)(O)O)O)O)Cl)N,-1.889410289700751,1.746532678604126,-0.9608619213104248,2.3039588928222656
3941,O18956_wild,CSC1=NC(=C2C(=N1)N(C=N2)C3C(C(C(O3)COP(=O)(O)OP(=O)(O)OP(=O)(O)O)O)O)N,-1.5543957967264024,1.7409734725952148,-1.3562895059585571,2.693939685821533
3942,O18956_wild,C1=C2C(=NC(=N1)N)N(C(=N2)Br)C3C(C(C(O3)COP(=O)(O)OP(=O)(O)OP(=O)(O)O)O)O,-1.5575202309355514,1.3111943006515503,-1.23469078540802,2.3644087314605713
3943,Q831B2_W105Y,CN(C)C1=CC=C(C=C1)N=NC2=CC=CC=C2C(=O)O,-1.5590909179347823,1.4087563753128052,-1.4928919076919556,2.413158416748047
3944,Q831B2_W105Q,CN(C)C1=CC=C(C=C1)N=NC2=CC=CC=C2C(=O)O,-1.5497508916806388,1.3965392112731934,-1.4703439474105835,2.314545154571533
3945,Q831B2_W105F,CN(C)C1=CC=C(C=C1)N=NC2=CC=CC=C2C(=O)O,-1.6073030467403342,1.4144037961959839,-1.4819940328598022,2.3915889263153076
3946,Q831B2_W105H,CN(C)C1=CC=C(C=C1)N=NC2=CC=CC=C2C(=O)O,-1.6003262785189618,1.4029364585876465,-1.4629459381103516,2.3478996753692627
3947,Q831B2_wild,CC1=CC2=C(C=C1C)N(C3=C(N2)C(=O)NC(=O)N3)CC(C(C(COP(=O)(O)O)O)O)O,-2.5228787452803374,1.105175495147705,-1.8141847848892212,2.153872489929199
3948,Q831B2_wild,C1C=CN(C=C1C(=O)N)C2C(C(C(O2)COP(=O)(O)OP(=O)(O)OCC3C(C(C(O3)N4C=NC5=C(N=CN=C54)N)OP(=O)(O)O)O)O)O,-1.8239087409443187,1.569335699081421,-1.0290257930755615,2.549065589904785
3949,A9CH01_wild,C1CNC(C1O)C(=O)O,0.6232492903979004,0.598351001739502,0.8950483798980713,0.2166549414396286
3950,B9K4G4_wild,C1CNC(C1O)C(=O)O,1.1760912590556813,0.42634204030036926,0.7331340312957764,0.1722448766231537
3951,Q92WR9_wild,C1CNC(C1O)C(=O)O,0.5797835966168101,0.5647451877593994,0.9230055212974548,0.20244662463665009
3952,Q8G2I3_wild,C1CNC(C1O)C(=O)O,0.7075701760979364,0.41706445813179016,0.8231972455978394,0.12373748421669006
3953,P37529_wild,C1=NC2=C(N1C3C(C(C(O3)COP(=O)(O)OP(=O)(O)OP(=O)(O)O)O)O)N=C(NC2=O)N,-1.1870866433571445,-0.5935487747192383,-1.556050181388855,0.783103346824646
3954,P37529_wild,C1C(C(OC1N2C=CC(=NC2=O)N)CO)O,-2.4814860601221125,-0.19895978271961212,-2.0009219646453857,1.227102279663086
3955,P06864_wild,C1=CC(=CC=C1[N+](=O)[O-])OC2C(C(C(C(O2)CO)O)O)O,-0.45593195564972444,1.3115453720092773,-0.5436881184577942,1.1027052402496338
3956,P06864_wild,C1=CC=C(C=C1)OC2C(C(C(C(O2)CO)O)O)O,0.9822712330395684,0.9364240169525146,0.2944834232330322,0.38049301505088806
3957,P06864_wild,CC1=CC(=CC=C1)OC2C(C(C(C(O2)CO)O)O)O,0.7708520116421441,0.577823281288147,-0.36675870418548584,0.5959683656692505
3958,O31529_wild,C1=CC(=CC=C1[N+](=O)[O-])OC2C(C(C(C(O2)CO)O)O)O,0.47712125471966244,1.3340798616409302,0.15797168016433716,1.028821587562561
3959,O31529_E145A,C1=CC(=CC=C1[N+](=O)[O-])OC2C(C(C(C(O2)CO)O)O)O,-1.3279021420642825,1.140052080154419,0.2000429332256317,0.8294059038162231
3960,Q8H9A8_wild,COC1=C(C2=C(CC3C4=CC(=C(C=C4CCN3C2)OC)O)C=C1)OC,-1.4559319556497243,-1.7627003192901611,-1.6593550443649292,0.4946337640285492
3961,P19135_wild,OO,-0.8187282284405385,3.384589672088623,-0.4475599229335785,3.03170108795166
3962,K7N5M8_wild,C1=CC(=C(C=C1Cl)Cl)O,0.07918124604762482,2.0202419757843018,-1.038764238357544,1.8719335794448853
3963,P00433_wild,CCN1C2=C(C=C(C=C2)S(=O)(=O)O)SC1=NN=C3N(C4=C(S3)C=C(C=C4)S(=O)(=O)O)CC,-0.1938200260161128,2.8996822834014893,-1.54754638671875,3.318169116973877
3964,P00433_wild,CC1=CC(=C(C=C1)O)O,0.11394335230683679,2.8898236751556396,-0.6525552272796631,2.1620497703552246
3965,P00433_wild,C1=CC=C(C(=C1)O)O,0.36172783601759284,2.781602144241333,-0.5219155550003052,2.3971452713012695
3966,P00433_wild,CC(C)(C)C1=CC(=C(C=C1)O)O,0.414973347970818,2.6914846897125244,-0.9379673600196838,2.3208022117614746
3967,P00433_wild,C1=CC(=C(C(=C1)O)O)O,0.6901960800285136,2.700050115585327,-0.4112759530544281,2.1655008792877197
3968,P00433_wild,CC(C1=CC(=C(C=C1)O)O)C(=O)O,0.6334684555795865,2.723125696182251,-0.589818000793457,2.1966640949249268
3969,P00433_wild,C1=CC(=C(C=C1CC(=O)O)O)O,0.9242792860618817,2.4291861057281494,-0.20761221647262573,1.9062318801879883
3970,P00433_wild,CNCCC1=CC(=C(C=C1)O)O,1.3138672203691535,2.447197914123535,-0.6997429132461548,1.8833997249603271
3971,P00433_wild,C1=CC(=C(C=C1CCN)O)O,1.2253092817258628,2.3774449825286865,-0.5643735527992249,1.5333843231201172
3972,P00433_wild,CC(C)NCC(C1=CC(=C(C=C1)O)O)O,1.3324384599156054,2.320981740951538,-0.22862471640110016,1.4343349933624268
3973,P00433_wild,C1=CC(=C(C=C1C(CN)O)O)O,0.9084850188786497,2.463120698928833,-0.5465366840362549,1.4715416431427002
3974,P00433_wild,CC(=O)NCCC1=CC(=C(C=C1)O)O,0.14612803567823798,2.836383104324341,-0.317989706993103,2.465409278869629
3975,O37174_wild,C1=NC(=C2C(=N1)N(C=N2)C3C(C(C(O3)COP(=O)(O)OP(=O)(O)OP(=O)(O)O)O)O)N,-0.8239087409443188,1.0769387483596802,-2.140592336654663,1.6931993961334229
3976,O37174_wild,C1=NC2=C(N1C3C(C(C(O3)COP(=O)(O)OP(=O)(O)OP(=O)(O)O)O)O)N=C(NC2=O)N,-0.6777807052660807,0.8158065676689148,-1.960579752922058,1.4999130964279175
3977,O37174_wild,C1=CN(C(=O)NC1=O)C2C(C(C(O2)COP(=O)(O)OP(=O)(O)OP(=O)(O)O)O)O,-0.6575773191777937,1.1546401977539062,-1.8990198373794556,1.5459976196289062
3978,O37174_wild,C1=CN(C(=O)N=C1N)C2C(C(C(O2)COP(=O)(O)OP(=O)(O)OP(=O)(O)O)O)O,-0.4814860601221125,1.1612777709960938,-1.9770563840866089,1.5408028364181519
3979,O37174_L543A,C1=NC(=C2C(=N1)N(C=N2)C3C(C(C(O3)COP(=O)(O)OP(=O)(O)OP(=O)(O)O)O)O)N,-0.8239087409443188,1.0769387483596802,-2.140592336654663,1.6931993961334229
3980,O37174_Q826A,C1=NC(=C2C(=N1)N(C=N2)C3C(C(C(O3)COP(=O)(O)OP(=O)(O)OP(=O)(O)O)O)O)N,-2.0604807473813813,1.0769387483596802,-2.140592336654663,1.6931993961334229
3981,O37174_D858A,C1=NC(=C2C(=N1)N(C=N2)C3C(C(C(O3)COP(=O)(O)OP(=O)(O)OP(=O)(O)O)O)O)N,-1.136677139879544,1.0769387483596802,-2.140592336654663,1.6931993961334229
3982,P20448_wild,C1=NC(=C2C(=N1)N(C=N2)C3C(C(C(O3)COP(=O)(O)OP(=O)(O)OP(=O)(O)O)O)O)N,-0.619788758288394,-0.2963990271091461,-0.46667832136154175,0.5342130661010742
3983,P40353_wild,CC(=O)SCCNC(=O)CCNC(=O)C(C(C)(C)COP(=O)(O)OP(=O)(O)OCC1C(C(C(O1)N2C=NC3=C(N=CN=C32)N)O)OP(=O)(O)O)O,-0.721246399047171,-0.2495013177394867,-0.8692101240158081,1.0381370782852173
3984,P40353_wild,CC(C)CCO,1.4742162640762553,0.17112770676612854,0.20725584030151367,0.276789128780365
3985,Q16775_wild,C(CC(=O)O)C(C(=O)NC(CSC(=O)CO)C(=O)NCC(=O)O)N,-0.6252516539898961,1.992161750793457,-0.3544500470161438,1.720577597618103
3986,O35952_wild,CC(C(=O)SCC(C(=O)NCC(=O)O)NC(=O)CCC(C(=O)O)N)O,-0.4156687756324692,2.5393378734588623,-0.9213984608650208,2.1735458374023438
3987,Q99KB8_wild,CC(C(=O)SCC(C(=O)NCC(=O)O)NC(=O)CCC(C(=O)O)N)O,-0.5686362358410126,2.584409236907959,-0.7627459764480591,2.089017868041992
3988,O35952_wild,C(CC(=O)NC(CSC=O)C(=O)NCC(=O)O)C(C(=O)O)N,-0.6716203965612623,2.0766761302948,-0.536298394203186,1.8859208822250366
3989,O35952_wild,C(CC(=O)NC(CSC(=O)CCC(=O)O)C(=O)NCC(=O)O)C(C(=O)O)N,-0.7958800173440752,1.9995067119598389,-0.5227017402648926,1.995521068572998
3990,O35952_wild,CC(=O)SCC(C(=O)NCC(=O)O)NC(=O)CCC(C(=O)O)N,-0.24565166428898108,2.4483397006988525,-0.943264901638031,2.2286343574523926
3991,P15273_wild,C1=CC(=CC=C1[N+](=O)[O-])OP(=O)(O)O,0.2528530309798932,1.9785387516021729,-0.7683312296867371,1.094489336013794
3992,P15273_R216A,C1=CC(=CC=C1[N+](=O)[O-])OP(=O)(O)O,0.6424645202421213,1.9883735179901123,-0.7691771984100342,1.1013075113296509
3993,P15273_R228A,C1=CC(=CC=C1[N+](=O)[O-])OP(=O)(O)O,0.5797835966168101,1.9608139991760254,-0.7463323473930359,1.0467534065246582
3994,P15273_R236A,C1=CC(=CC=C1[N+](=O)[O-])OP(=O)(O)O,0.5477747053878226,1.977980375289917,-0.7646970748901367,1.0771256685256958
3995,P15273_R295A,C1=CC(=CC=C1[N+](=O)[O-])OP(=O)(O)O,0.367355921026019,2.010742664337158,-0.7750937342643738,1.124650001525879
3996,P15273_R409A,C1=CC(=CC=C1[N+](=O)[O-])OP(=O)(O)O,1.8215135284047732,1.834538221359253,-0.6676238179206848,0.9418985843658447
3997,P15273_R437A,C1=CC(=CC=C1[N+](=O)[O-])OP(=O)(O)O,1.2855573090077739,1.9544786214828491,-0.7604885101318359,1.0669279098510742
3998,P15273_R228K,C1=CC(=CC=C1[N+](=O)[O-])OP(=O)(O)O,0.9299295600845878,1.9646000862121582,-0.7630847692489624,1.0844296216964722
3999,P15273_R409K,C1=CC(=CC=C1[N+](=O)[O-])OP(=O)(O)O,0.7007037171450194,1.7969040870666504,-0.6326692700386047,0.9150246381759644
4000,P15273_R437K,C1=CC(=CC=C1[N+](=O)[O-])OP(=O)(O)O,0.557507201905658,1.9708092212677002,-0.7596895694732666,1.1051207780838013
4001,P15273_R440K,C1=CC(=CC=C1[N+](=O)[O-])OP(=O)(O)O,1.3654879848908996,1.97279953956604,-0.7634972333908081,1.1032973527908325
4002,P15273_Q446A,C1=CC(=CC=C1[N+](=O)[O-])OP(=O)(O)O,-0.721246399047171,1.946474313735962,-0.7621950507164001,1.0647153854370117
4003,P15273_Q446E,C1=CC(=CC=C1[N+](=O)[O-])OP(=O)(O)O,0.403120521175818,1.951589822769165,-0.7397380471229553,1.082842230796814
4004,P15273_Q446M,C1=CC(=CC=C1[N+](=O)[O-])OP(=O)(O)O,-0.4089353929735008,1.9327995777130127,-0.7416213750839233,1.060829520225525
4005,P15273_Q446N,C1=CC(=CC=C1[N+](=O)[O-])OP(=O)(O)O,-0.3979400086720376,1.9490927457809448,-0.7614308595657349,1.078773021697998
4006,P15273_Q450A,C1=CC(=CC=C1[N+](=O)[O-])OP(=O)(O)O,0.3873898263387294,1.9614546298980713,-0.768553614616394,1.0728394985198975
4007,P15273_Q450E,C1=CC(=CC=C1[N+](=O)[O-])OP(=O)(O)O,0.9772662124272927,1.952789545059204,-0.730716347694397,1.0931715965270996
4008,P15273_Q450M,C1=CC(=CC=C1[N+](=O)[O-])OP(=O)(O)O,0.534026106056135,1.9648537635803223,-0.7621549367904663,1.0750993490219116
4009,P97767_wild,C1=CC(=CC=C1[N+](=O)[O-])OP(=O)(O)O,0.25527250510330607,0.3247540295124054,-0.2909274399280548,0.6006370186805725
4010,P56725_wild,CC(=CCNC1=NC=NC2=C1NC=N2)CO,-2.6989700043360187,-0.5842166543006897,-1.1989400386810303,0.6596108675003052
4011,P56725_wild,CC(CCNC1=NC=NC2=C1NC=N2)CO,-2.0,-0.6793323755264282,-1.1128331422805786,0.44550397992134094
4012,P56725_wild,C1C(C(C(C(O1)OP(=O)(O)OP(=O)(O)OCC2C(C(C(O2)N3C=CC(=O)NC3=O)O)O)O)O)O,-2.5228787452803374,-0.09570679068565369,-0.7132402658462524,1.4656143188476562
4013,P26259_wild,CC(=O)C(=O)[O-],0.3222192947339193,0.8248802423477173,-0.5015411376953125,0.8294774889945984
4014,P26259_wild,C(C=O)C(C(=O)[O-])[NH3+],-0.22184874961635637,1.0554473400115967,-0.8227957487106323,1.1704655885696411
4015,Q07130_wild,[O-]P(=O)([O-])OP(=O)([O-])[O-],-1.0757207139381184,1.7908995151519775,-0.8218847513198853,2.488704204559326
4016,Q07130_wild,C1=CN(C(=O)NC1=O)C2C(C(C(O2)COP(=O)(O)OP(=O)(O)OC3C(C(C(C(O3)CO)O)O)O)O)O,-1.2218487496163564,1.2710400819778442,-0.8369234800338745,2.150996685028076
4017,Q07130_wild,C1=CN(C(=O)NC1=O)C2C(C(C(O2)COP(=O)(O)OP(=O)(O)OP(=O)(O)O)O)O,-0.6989700043360187,0.9550583958625793,-0.9166929125785828,2.0467147827148438
4018,Q07130_wild,C(C1C(C(C(C(O1)OP(=O)(O)O)O)O)O)O,-1.2596373105057561,1.0632083415985107,-0.794387936592102,1.645291805267334
4019,Q16851_wild,[O-]P(=O)([O-])OP(=O)([O-])[O-],-0.7798919119599449,1.7600514888763428,-0.8185387849807739,2.4753196239471436
4020,Q16851_wild,C1=CN(C(=O)NC1=O)C2C(C(C(O2)COP(=O)(O)OP(=O)(O)OP(=O)(O)O)O)O,-1.3187587626244128,0.9336071610450745,-0.9074628949165344,2.0291481018066406
4021,Q16851_wild,C1=CN(C(=O)NC1=O)C2C(C(C(O2)COP(=O)(O)OP(=O)(O)OC3C(C(C(C(O3)CO)O)O)O)O)O,-1.5086383061657274,1.2565845251083374,-0.8319549560546875,2.1388516426086426
4022,Q16851_C123S,C1=CN(C(=O)NC1=O)C2C(C(C(O2)COP(=O)(O)OP(=O)(O)OP(=O)(O)O)O)O,-0.20971483596675833,0.9048233032226562,-0.8983612060546875,2.016200065612793
4023,Q16851_C123S,C(C1C(C(C(C(O1)OP(=O)(O)O)O)O)O)O,-0.6497519816658371,1.0128002166748047,-0.7597137689590454,1.6208415031433105
4024,Q16851_H266R,C1=CN(C(=O)NC1=O)C2C(C(C(O2)COP(=O)(O)OP(=O)(O)OP(=O)(O)O)O)O,-0.4377071355435253,0.9540513753890991,-0.9027382731437683,2.0383667945861816
4025,Q16851_H266R,C(C1C(C(C(C(O1)OP(=O)(O)O)O)O)O)O,-0.7099653886374819,1.0540130138397217,-0.7664897441864014,1.637089729309082
4026,Q16851_H266R,[O-]P(=O)([O-])OP(=O)([O-])[O-],-1.1023729087095586,1.7796528339385986,-0.814983069896698,2.480881452560425
4027,Q16851_W218S,C1=CN(C(=O)NC1=O)C2C(C(C(O2)COP(=O)(O)OP(=O)(O)OP(=O)(O)O)O)O,0.31868926994774593,0.8321224451065063,-0.8418319821357727,1.9135196208953857
4028,Q16851_W218S,C(C1C(C(C(C(O1)OP(=O)(O)O)O)O)O)O,-0.8664610916297825,0.9443761110305786,-0.7217878103256226,1.5247482061386108
4029,Q16851_W218S,[O-]P(=O)([O-])OP(=O)([O-])[O-],-0.9172146296835499,1.6837198734283447,-0.7491130232810974,2.3641252517700195
4030,Q16851_R389H,C1=CN(C(=O)NC1=O)C2C(C(C(O2)COP(=O)(O)OP(=O)(O)OP(=O)(O)O)O)O,-0.3391345219961308,0.8759095072746277,-0.8992398977279663,1.9791524410247803
4031,Q16851_R389H,C(C1C(C(C(C(O1)OP(=O)(O)O)O)O)O)O,-0.3477536589966768,0.9844917058944702,-0.7715225219726562,1.5797024965286255
4032,Q16851_R389H,[O-]P(=O)([O-])OP(=O)([O-])[O-],-0.9913998282380825,1.7147494554519653,-0.8132068514823914,2.42317533493042
4033,Q16851_R422Q,C1=CN(C(=O)NC1=O)C2C(C(C(O2)COP(=O)(O)OP(=O)(O)OP(=O)(O)O)O)O,-0.8601209135987635,0.9299508929252625,-0.908582329750061,2.029843807220459
4034,Q16851_R422Q,C(C1C(C(C(C(O1)OP(=O)(O)O)O)O)O)O,-1.1307682802690238,1.0305030345916748,-0.7825663089752197,1.6257404088974
4035,Q16851_R422Q,[O-]P(=O)([O-])OP(=O)([O-])[O-],-1.1870866433571445,1.7600483894348145,-0.8164330720901489,2.471135139465332
4036,Q16851_R445H,C1=CN(C(=O)NC1=O)C2C(C(C(O2)COP(=O)(O)OP(=O)(O)OP(=O)(O)O)O)O,-0.3098039199714864,0.9299867153167725,-0.9042141437530518,2.0348944664001465
4037,Q16851_R445H,C(C1C(C(C(C(O1)OP(=O)(O)O)O)O)O)O,-0.7878123955960422,1.0316824913024902,-0.7731983661651611,1.6302839517593384
4038,Q16851_R445H,C1=CN(C(=O)NC1=O)C2C(C(C(O2)COP(=O)(O)OP(=O)(O)OC3C(C(C(C(O3)CO)O)O)O)O)O,-1.3872161432802645,1.251309871673584,-0.8314357995986938,2.1434974670410156
4039,Q16851_R445H,[O-]P(=O)([O-])OP(=O)([O-])[O-],-0.6989700043360187,1.7571083307266235,-0.8179615139961243,2.4770798683166504
4040,Q16851_C123S,C1=CN(C(=O)NC1=O)C2C(C(C(O2)COP(=O)(O)OP(=O)(O)OC3C(C(C(C(O3)CO)O)O)O)O)O,-1.4436974992327127,1.223177194595337,-0.8230524063110352,2.123434543609619
4041,Q16851_H266R,C1=CN(C(=O)NC1=O)C2C(C(C(O2)COP(=O)(O)OP(=O)(O)OC3C(C(C(C(O3)CO)O)O)O)O)O,-1.408935392973501,1.2746961116790771,-0.8212855458259583,2.150085926055908
4042,Q16851_W218S,C1=CN(C(=O)NC1=O)C2C(C(C(O2)COP(=O)(O)OP(=O)(O)OC3C(C(C(C(O3)CO)O)O)O)O)O,-0.9355420107730815,1.1448571681976318,-0.7647226452827454,2.00593638420105
4043,Q16851_R389H,C1=CN(C(=O)NC1=O)C2C(C(C(O2)COP(=O)(O)OP(=O)(O)OC3C(C(C(C(O3)CO)O)O)O)O)O,-1.3565473235138126,1.1995292901992798,-0.827969491481781,2.0894486904144287
4044,Q16851_R422Q,C1=CN(C(=O)NC1=O)C2C(C(C(O2)COP(=O)(O)OP(=O)(O)OC3C(C(C(C(O3)CO)O)O)O)O)O,-1.5086383061657274,1.2504527568817139,-0.8346925973892212,2.1361536979675293
4045,F4KGY8_wild,C(C1C(C(C(C(O1)OP(=O)(O)O)O)O)O)O,-0.44369749923271273,1.1834716796875,-0.8270339965820312,2.0585217475891113
4046,F4KGY8_wild,C1=CN(C(=O)NC1=O)C2C(C(C(O2)COP(=O)(O)OP(=O)(O)OP(=O)(O)O)O)O,-0.7695510786217261,0.7482554912567139,-0.9933080673217773,2.1337850093841553
4047,F4KGY8_wild,C1=CN(C(=O)NC1=O)C2C(C(C(O2)COP(=O)(O)OP(=O)(O)OC3C(C(C(C(O3)CO)O)O)O)O)O,-1.2218487496163564,1.208188772201538,-0.9653587341308594,2.4500479698181152
4048,F4KGY8_wild,[O-]P(=O)([O-])OP(=O)([O-])[O-],-1.1549019599857433,1.5959523916244507,-1.047527551651001,2.618696689605713
4049,Q43772_K183A,C1=CN(C(=O)NC1=O)C2C(C(C(O2)COP(=O)(O)OP(=O)(O)OC3C(C(C(C(O3)CO)O)O)O)O)O,-1.5228787452803376,1.3568791151046753,-0.7196474075317383,2.3275837898254395
4050,P19595_wild,C1=CN(C(=O)NC1=O)C2C(C(C(O2)COP(=O)(O)OP(=O)(O)OP(=O)(O)O)O)O,-1.1191864077192086,1.0316709280014038,-0.7322641611099243,2.0494778156280518
4051,P19595_wild,C(C1C(C(C(C(O1)OP(=O)(O)O)O)O)O)O,-1.0969100130080565,1.2284526824951172,-0.6291562914848328,1.886033296585083
4052,P19595_wild,C1=CN(C(=O)NC1=O)C2C(C(C(O2)COP(=O)(O)OP(=O)(O)OC3C(C(C(C(O3)CO)O)O)O)O)O,-0.9208187539523751,1.3564229011535645,-0.645929217338562,2.2909798622131348
4053,P19595_wild,[O-]P(=O)([O-])OP(=O)([O-])[O-],-0.958607314841775,1.8221653699874878,-0.8684707880020142,2.58878493309021
4054,Q43772_L117N/V119N,[O-]P(=O)([O-])OP(=O)([O-])[O-],-1.7958800173440752,1.7797447443008423,-0.8584448099136353,2.5243659019470215
4055,Q43772_L117N/V119N,C1=CN(C(=O)NC1=O)C2C(C(C(O2)COP(=O)(O)OP(=O)(O)OC3C(C(C(C(O3)CO)O)O)O)O)O,-1.5228787452803376,1.286135196685791,-0.6428594589233398,2.257279872894287
4056,Q43772_K127L/K128L,C1=CN(C(=O)NC1=O)C2C(C(C(O2)COP(=O)(O)OP(=O)(O)OC3C(C(C(C(O3)CO)O)O)O)O)O,-1.4436974992327127,1.344300389289856,-0.7269097566604614,2.3152928352355957
4057,Q43772_K127L/K128L,[O-]P(=O)([O-])OP(=O)([O-])[O-],-1.6989700043360187,1.7983224391937256,-0.8887830972671509,2.5390005111694336
4058,P19595_K263Q,C1=CN(C(=O)NC1=O)C2C(C(C(O2)COP(=O)(O)OP(=O)(O)OC3C(C(C(C(O3)CO)O)O)O)O)O,-1.1804560644581312,1.2988324165344238,-0.6341620683670044,2.2324748039245605
4059,P19595_K263Q,[O-]P(=O)([O-])OP(=O)([O-])[O-],1.146128035678238,1.779541254043579,-0.8522709608078003,2.5269272327423096
4060,P19595_K263Q,C(C1C(C(C(C(O1)OP(=O)(O)O)O)O)O)O,0.14612803567823798,1.1812056303024292,-0.6180099844932556,1.8279050588607788
4061,P19595_K263Q,C1=CN(C(=O)NC1=O)C2C(C(C(O2)COP(=O)(O)OP(=O)(O)OP(=O)(O)O)O)O,-1.1307682802690238,0.9739710092544556,-0.7179961204528809,1.9966628551483154
4062,P19595_K329Q,[O-]P(=O)([O-])OP(=O)([O-])[O-],0.4913616938342727,1.7071607112884521,-0.8492615222930908,2.4349026679992676
4063,P19595_K329Q,C1=CN(C(=O)NC1=O)C2C(C(C(O2)COP(=O)(O)OP(=O)(O)OC3C(C(C(C(O3)CO)O)O)O)O)O,-0.721246399047171,1.2167844772338867,-0.6204742193222046,2.147369623184204
4064,P19595_K329Q,C1=CN(C(=O)NC1=O)C2C(C(C(O2)COP(=O)(O)OP(=O)(O)OP(=O)(O)O)O)O,-0.7695510786217261,0.8858131170272827,-0.7075685858726501,1.906982660293579
4065,P19595_K329Q,C(C1C(C(C(C(O1)OP(=O)(O)O)O)O)O)O,-0.004364805402450088,1.1143765449523926,-0.6174705028533936,1.7413798570632935
4066,P19595_K367Q,C1=CN(C(=O)NC1=O)C2C(C(C(O2)COP(=O)(O)OP(=O)(O)OC3C(C(C(C(O3)CO)O)O)O)O)O,-0.9208187539523751,1.2829670906066895,-0.630048394203186,2.2093799114227295
4067,P19595_K367Q,[O-]P(=O)([O-])OP(=O)([O-])[O-],0.3010299956639812,1.763142466545105,-0.8499850034713745,2.502415895462036
4068,P19595_K367Q,C1=CN(C(=O)NC1=O)C2C(C(C(O2)COP(=O)(O)OP(=O)(O)OP(=O)(O)O)O)O,-0.4814860601221125,0.9579277038574219,-0.7193180322647095,1.9722700119018555
4069,P19595_K367Q,C(C1C(C(C(C(O1)OP(=O)(O)O)O)O)O)O,0.9030899869919435,1.1670360565185547,-0.6151267290115356,1.8034709692001343
4070,P19595_K409Q,C1=CN(C(=O)NC1=O)C2C(C(C(O2)COP(=O)(O)OP(=O)(O)OC3C(C(C(C(O3)CO)O)O)O)O)O,-0.7695510786217261,1.3582611083984375,-0.6431188583374023,2.276085138320923
4071,P19595_K409Q,[O-]P(=O)([O-])OP(=O)([O-])[O-],-0.7695510786217261,1.8282663822174072,-0.865440309047699,2.575284481048584
4072,P19595_K409Q,C(C1C(C(C(C(O1)OP(=O)(O)O)O)O)O)O,-0.721246399047171,1.2285776138305664,-0.6331772208213806,1.87300705909729
4073,P19595_K409Q,C1=CN(C(=O)NC1=O)C2C(C(C(O2)COP(=O)(O)OP(=O)(O)OP(=O)(O)O)O)O,-0.958607314841775,1.0350663661956787,-0.7303159832954407,2.0410873889923096
4074,P19595_K410Q,C1=CN(C(=O)NC1=O)C2C(C(C(O2)COP(=O)(O)OP(=O)(O)OC3C(C(C(C(O3)CO)O)O)O)O)O,-0.6575773191777937,1.3490663766860962,-0.6437556743621826,2.2761194705963135
4075,P19595_K410Q,[O-]P(=O)([O-])OP(=O)([O-])[O-],-0.7958800173440752,1.8177167177200317,-0.8635389804840088,2.57625675201416
4076,P19595_K410Q,C1=CN(C(=O)NC1=O)C2C(C(C(O2)COP(=O)(O)OP(=O)(O)OP(=O)(O)O)O)O,-1.0,1.0265283584594727,-0.7293862104415894,2.0397114753723145
4077,P19595_K410Q,C(C1C(C(C(C(O1)OP(=O)(O)O)O)O)O)O,-0.6382721639824072,1.220333218574524,-0.6269936561584473,1.8714945316314697
4078,Q19TV8_wild,C(C1C(C(C(C(O1)OP(=O)(O)O)O)O)O)O,-0.619788758288394,1.3331910371780396,-0.711259663105011,1.9994959831237793
4079,P39829_wild,C(C(C(C(=O)O)O)O)(C(C(=O)O)O)O,-0.09691001300805639,1.2452692985534668,-0.7577197551727295,1.9037355184555054
4080,D0VWY5_wild,C(CC(=O)NC(CSSCC(C(=O)NCC(=O)N)NC(=O)CCC(C(=O)O)N)C(=O)NCC(=O)N)C(C(=O)O)N,-1.0132282657337552,1.5470314025878906,-0.6052265167236328,2.3183999061584473
4081,D0VWY5_wild,C1C=CN(C=C1C(=O)N)C2C(C(C(O2)COP(=O)(O)OP(=O)(O)OCC3C(C(C(O3)N4C=NC5=C(N=CN=C54)N)O)O)O)O,-1.8794260687941502,1.5539100170135498,-0.9798450469970703,2.672799825668335
4082,D0VWY5_wild,C1C=CN(C=C1C(=O)N)C2C(C(C(O2)COP(=O)(O)OP(=O)(O)OCC3C(C(C(O3)N4C=NC5=C(N=CN=C54)N)OP(=O)(O)O)O)O)O,0.2966651902615311,1.3860714435577393,-1.231704592704773,2.8653595447540283
4083,P21645_wild,CCCCCCCCCCCC(CC(=O)OC1C(C(OC(C1O)CO)OP(=O)(O)OP(=O)(O)OCC2C(C(C(O2)N3C=CC(=O)NC3=O)O)O)N)O,-2.886056647693163,1.0270591974258423,-1.3355826139450073,2.4668679237365723
4084,P21645_F41A,CCCCCCCCCCCC(CC(=O)OC1C(C(OC(C1O)CO)OP(=O)(O)OP(=O)(O)OCC2C(C(C(O2)N3C=CC(=O)NC3=O)O)O)N)O,-1.136677139879544,1.070502519607544,-1.2667551040649414,2.4153618812561035
4085,P21645_Y47A,CCCCCCCCCCCC(CC(=O)OC1C(C(OC(C1O)CO)OP(=O)(O)OP(=O)(O)OCC2C(C(C(O2)N3C=CC(=O)NC3=O)O)O)N)O,-2.1079053973095196,1.2106866836547852,-1.1993610858917236,2.557602882385254
4086,P21645_H239A,CCCCCCCCCCCC(CC(=O)OC1C(C(OC(C1O)CO)OP(=O)(O)OP(=O)(O)OCC2C(C(C(O2)N3C=CC(=O)NC3=O)O)O)N)O,-3.0757207139381184,0.825905442237854,-1.25071120262146,2.1928622722625732
4087,P21645_H276A,CCCCCCCCCCCC(CC(=O)OC1C(C(OC(C1O)CO)OP(=O)(O)OP(=O)(O)OCC2C(C(C(O2)N3C=CC(=O)NC3=O)O)O)N)O,-2.2006594505464183,0.9859589338302612,-1.2822932004928589,2.398054599761963
4088,P21645_D232A,CCCCCCCCCCCC(CC(=O)OC1C(C(OC(C1O)CO)OP(=O)(O)OP(=O)(O)OCC2C(C(C(O2)N3C=CC(=O)NC3=O)O)O)N)O,-1.1739251972991736,0.8221797943115234,-1.2196937799453735,2.144577980041504
4089,P21645_N233A,CCCCCCCCCCCC(CC(=O)OC1C(C(OC(C1O)CO)OP(=O)(O)OP(=O)(O)OCC2C(C(C(O2)N3C=CC(=O)NC3=O)O)O)N)O,-1.5528419686577808,0.9660738706588745,-1.296338677406311,2.3568758964538574
4090,P21645_Q236A,CCCCCCCCCCCC(CC(=O)OC1C(C(OC(C1O)CO)OP(=O)(O)OP(=O)(O)OCC2C(C(C(O2)N3C=CC(=O)NC3=O)O)O)N)O,-2.3767507096020997,1.0208964347839355,-1.315933346748352,2.4380671977996826
4091,P21645_K46A,CCCCCCCCCCCC(CC(=O)OC1C(C(OC(C1O)CO)OP(=O)(O)OP(=O)(O)OCC2C(C(C(O2)N3C=CC(=O)NC3=O)O)O)N)O,-2.148741651280925,1.0394952297210693,-1.3134437799453735,2.4814722537994385
4092,P21645_K194A,CCCCCCCCCCCC(CC(=O)OC1C(C(OC(C1O)CO)OP(=O)(O)OP(=O)(O)OCC2C(C(C(O2)N3C=CC(=O)NC3=O)O)O)N)O,-2.2518119729937998,1.0301640033721924,-1.2865456342697144,2.4579081535339355
4093,P21645_R293A,CCCCCCCCCCCC(CC(=O)OC1C(C(OC(C1O)CO)OP(=O)(O)OP(=O)(O)OCC2C(C(C(O2)N3C=CC(=O)NC3=O)O)O)N)O,-2.4436974992327127,1.0487933158874512,-1.313484787940979,2.494016170501709
4094,B7VF77_wild,C1=CSC(=C1)C=O,1.5526682161121932,2.036945104598999,0.17613881826400757,1.091004729270935
4095,O82784_wild,C1=CC=C(C=C1)C(C#N)O,-0.7695510786217261,1.8453458547592163,-0.4283333718776703,1.4388248920440674
4096,O82435_wild,C1=CC=C(C=C1)C(C#N)O,-0.7695510786217261,1.8560529947280884,-0.42742112278938293,1.38466215133667
4097,Q8GBB2_wild,C[S+](CCC(C(=O)[O-])N)CC1C(C(C(O1)N2C=NC3=C(N=CN=C32)N)O)O,-2.677780705266081,-1.1864380836486816,-2.5272045135498047,0.7690597772598267
4098,Q8GBB2_Y194A,C[S+](CCC(C(=O)[O-])N)CC1C(C(C(O1)N2C=NC3=C(N=CN=C32)N)O)O,-2.2441251443275085,-1.2841753959655762,-2.5265820026397705,0.7026721239089966
4099,Q8GBB2_Y78A,C[S+](CCC(C(=O)[O-])N)CC1C(C(C(O1)N2C=NC3=C(N=CN=C32)N)O)O,-2.721246399047171,-1.2430894374847412,-2.523033380508423,0.7059072852134705
4100,Q8GBB2_D170A,C[S+](CCC(C(=O)[O-])N)CC1C(C(C(O1)N2C=NC3=C(N=CN=C32)N)O)O,-2.2676062401770314,-1.4281079769134521,-2.347306489944458,0.422917902469635
4101,Q29513_wild,C(C(=O)O)N,0.4623979978989561,-0.7252469062805176,-0.11633409559726715,-0.41560134291648865
4102,Q29555_wild,C(C(=O)O)N,1.0453229787866574,-0.6171796321868896,-0.11666223406791687,-0.38224461674690247
4103,Q14749_wild,C(C(=O)O)N,0.7993405494535817,-0.6618360877037048,-0.15595117211341858,-0.37104418873786926
4104,P08200_K344D/Y345I,C1=CC(=C[N+](=C1)C2C(C(C(O2)COP(=O)([O-])OP(=O)(O)OCC3C(C(C(O3)N4C=NC5=C(N=CN=C54)N)O)O)O)O)C(=O)N,0.5185139398778875,0.2511325180530548,-0.3653896152973175,0.9885601997375488
4105,P08200_K344D/Y345I/V351A,C1=CC(=C[N+](=C1)C2C(C(C(O2)COP(=O)([O-])OP(=O)(O)OCC3C(C(C(O3)N4C=NC5=C(N=CN=C54)N)O)O)O)O)C(=O)N,-0.07058107428570727,0.23624750971794128,-0.36431968212127686,0.9927231073379517
4106,P08200_K344D/Y345I/V351A/Y391K/R395S,C1=CC(=C[N+](=C1)C2C(C(C(O2)COP(=O)([O-])OP(=O)(O)OCC3C(C(C(O3)N4C=NC5=C(N=CN=C54)N)O)O)O)O)C(=O)N,-0.5376020021010439,0.26989877223968506,-0.353224515914917,1.0216560363769531
4107,P08200_K344D/Y345I/V351A/Y391K/R395S/R292D,C1=CC(=C[N+](=C1)C2C(C(C(O2)COP(=O)([O-])OP(=O)(O)OCC3C(C(C(O3)N4C=NC5=C(N=CN=C54)N)O)O)O)O)C(=O)N,-0.03432802877989328,0.269076943397522,-0.32657983899116516,0.9994549751281738
4108,P08200_K344D/Y345I/V351A/Y391K/R395S/C332Y,C1=CC(=C[N+](=C1)C2C(C(C(O2)COP(=O)([O-])OP(=O)(O)OCC3C(C(C(O3)N4C=NC5=C(N=CN=C54)N)O)O)O)O)C(=O)N,-0.9665762445130504,0.28383710980415344,-0.35828399658203125,1.0161511898040771
4109,P08200_K344D/Y345I/V351A/Y391K/R395S/C332Y/C201I,C1=CC(=C[N+](=C1)C2C(C(C(O2)COP(=O)([O-])OP(=O)(O)OCC3C(C(C(O3)N4C=NC5=C(N=CN=C54)N)O)O)O)O)C(=O)N,-1.00436480540245,0.28876519203186035,-0.3724488914012909,1.010727882385254
4110,P08200_K344D/Y345I/V351A/Y391G/R395G,C1=CC(=C[N+](=C1)C2C(C(C(O2)COP(=O)([O-])OP(=O)(O)OCC3C(C(C(O3)N4C=NC5=C(N=CN=C54)N)O)O)O)O)C(=O)N,0.14612803567823798,0.29419243335723877,-0.35069525241851807,1.0114730596542358
4111,Q9CA40_wild,C1C(C(OC1N2C3=C(C(=O)NC(=N3)N)NC2=O)COP(=O)(O)OP(=O)(O)OP(=O)(O)O)O,-2.167491087293764,-0.11059358716011047,-1.6678956747055054,0.9025322198867798
4112,Q9CA40_wild,C1C(C(OC1N2C=NC3=C2N=C(NC3=O)N)COP(=O)(O)OP(=O)(O)OP(=O)(O)O)O,-1.234331445240986,-0.2831519842147827,-0.8338527679443359,0.6796485781669617
4113,Q9CA40_wild,C1C(C(OC1N2C=NC3=C(N=CN=C32)N)COP(=O)(O)OP(=O)(O)OP(=O)(O)O)O,-1.7931741239681502,-0.15701404213905334,-0.8796067237854004,0.802478551864624
4114,Q9CA40_wild,CC1=CN(C(=O)NC1=O)C2CC(C(O2)COP(=O)(O)OP(=O)(O)OP(=O)(O)O)O,-1.8068754016455384,-0.33552414178848267,-0.8222230076789856,0.7094261646270752
4115,Q9CA40_wild,C(C1C(C(C(O1)N2C3=C(C(=O)NC(=N3)N)NC2=O)O)O)OP(=O)(O)OP(=O)(O)OP(=O)(O)O,-1.5512936800949202,-0.23855695128440857,-1.7270132303237915,0.8762836456298828
4116,O95394_wild,CC(=O)NC1C(C(C(OC1O)COP(=O)(O)O)O)O,-1.3342314492806202,-0.7572013139724731,-1.0867271423339844,0.640228271484375
4117,O95394_G58A,CC(=O)NC1C(C(C(OC1O)COP(=O)(O)O)O)O,-1.3258740172572918,-0.7702140808105469,-1.0811834335327148,0.6141839027404785
4118,O95394_T62A,CC(=O)NC1C(C(C(OC1O)COP(=O)(O)O)O)O,-1.4601714416221019,-0.8337947130203247,-1.0551362037658691,0.538803219795227
4119,O95394_H65R,CC(=O)NC1C(C(C(OC1O)COP(=O)(O)O)O)O,-1.6382721639824072,-0.8261748552322388,-1.014758586883545,0.46365886926651
4120,O95394_N66A,CC(=O)NC1C(C(C(OC1O)COP(=O)(O)O)O)O,-1.0293277573102806,-0.9831596612930298,-0.9736645221710205,0.36006638407707214
4121,O95394_P67A,CC(=O)NC1C(C(C(OC1O)COP(=O)(O)O)O)O,-0.9658931702923563,-0.7601616978645325,-1.0855128765106201,0.6362666487693787
4122,O95394_D70A,CC(=O)NC1C(C(C(OC1O)COP(=O)(O)O)O)O,-1.341035157335565,-0.752713680267334,-1.094994068145752,0.6431753039360046
4123,O95394_G72A,CC(=O)NC1C(C(C(OC1O)COP(=O)(O)O)O)O,-1.541060138109674,-0.7936180830001831,-1.0779221057891846,0.5938007831573486
4124,O95394_K74A,CC(=O)NC1C(C(C(OC1O)COP(=O)(O)O)O)O,-1.437231456983481,-1.0075271129608154,-1.0058530569076538,0.40994900465011597
4125,O95394_D276E,CC(=O)NC1C(C(C(OC1O)COP(=O)(O)O)O)O,-2.214670164989233,-0.844232439994812,-1.0393038988113403,0.554943323135376
4126,O95394_G277A,CC(=O)NC1C(C(C(OC1O)COP(=O)(O)O)O)O,-0.948037550216953,-0.8010880947113037,-1.063651442527771,0.5795646905899048
4127,O95394_D280A,CC(=O)NC1C(C(C(OC1O)COP(=O)(O)O)O)O,-1.0974532206860086,-0.9110875129699707,-1.0316892862319946,0.44187861680984497
4128,O95394_R496A,CC(=O)NC1C(C(C(OC1O)COP(=O)(O)O)O)O,-0.06107019029935367,-0.8738498091697693,-1.019600749015808,0.5221244096755981
4129,O95394_G499A,CC(=O)NC1C(C(C(OC1O)COP(=O)(O)O)O)O,-1.229516190568892,-0.8677741885185242,-1.0524439811706543,0.5123456716537476
4130,O95394_T500A,CC(=O)NC1C(C(C(OC1O)COP(=O)(O)O)O)O,-0.9444305599390104,-0.987606406211853,-1.0176749229431152,0.3626261055469513
4131,Q0H0H0_wild,C1=CN(C(=O)N=C1N)C2C(C(C(O2)COP(=O)(O)O)O)(F)F,-0.7166987712964504,-0.3306291103363037,-1.6665531396865845,0.9227561354637146
4132,P37529_wild,C1C(C(OC1N2C=NC3=C(N=CN=C32)N)CO)O,-2.721246399047171,0.000667031854391098,-1.3623934984207153,0.929905891418457
4133,Q8H0D2_wild,CN1C=NC2=C1C(=O)NC(=O)N2C,0.08707120590653543,-1.0318549871444702,-1.1743896007537842,0.480681836605072
4134,Q8H0D2_wild,CN1C=[N+](C2=C1C(=O)NC(=O)N2)C3C(C(C(O3)CO)O)O,-0.0381045263321496,-0.9728065729141235,-1.2881629467010498,0.9156366586685181
4135,O85746_wild,C1=CC=C(C=C1)CC(C(=O)O)N,0.30319605742048894,0.994744062423706,0.6585018634796143,0.4905366003513336
4136,O85746_wild,C1=CC=C2C(=C1)C(=CN2)CC(C(=O)O)N,0.15228834438305647,0.6868871450424194,0.3101130425930023,0.5299580693244934
4137,Q9AGP8_wild,O=O,-1.3872161432802645,0.4630207419395447,-1.0473039150238037,1.9608412981033325
4138,P16659_wild,C(C(C(=O)O)N)S,-0.7695510786217261,-0.659114420413971,-1.5029247999191284,0.620238184928894
4139,O66690_wild,C1CC(NC1)C(=O)O,-1.2218487496163564,0.889263391494751,-0.6372082829475403,1.2337400913238525
4140,O66690_wild,C(C(C(=O)O)N)S,-1.3010299956639813,-0.09384012222290039,-0.8589789867401123,0.9816687107086182
4141,P0A8I8_H129A,C1=C(C(=O)NC(=O)N1)C2C(C(C(O2)CO)O)O,-3.154901959985743,-0.6119599342346191,-0.980595588684082,1.03406822681427
4142,P0A8I8_R142A,C1=C(C(=O)NC(=O)N1)C2C(C(C(O2)CO)O)O,-2.2218487496163566,-0.6691620349884033,-0.936714768409729,0.9798704385757446
4143,P37059_wild,CC12CCC3C(C1CCC2O)CCC4=C3C=CC(=C4)O,-3.677780705266081,-1.0546197891235352,-3.2892849445343018,1.3825819492340088
4144,P37059_wild,CC12CCC3C(C1CCC2=O)CCC4=C3C=CC(=C4)O,-3.1079053973095196,-0.84788578748703,-3.149402379989624,1.6509861946105957
4145,P37059_wild,CC12CCC3C(C1CCC2O)CCC4=CC(=O)CCC34C,-3.408935392973501,-0.5471562743186951,-3.0702507495880127,1.2362548112869263
4146,P37059_wild,CC12CCC(=O)C=C1CCC3C2CCC4(C3CCC4=O)C,-2.580044251510242,-0.6073633432388306,-3.168239116668701,1.4897613525390625
4147,P37059_wild,CC(C1CCC2C1(CCC3C2CCC4=CC(=O)CCC34C)C)O,-3.1487416512809245,-0.8816776871681213,-3.2284045219421387,1.3462525606155396
4148,P00381_wild,C1C(=NC2=C(N1)N=C(NC2=O)N)CNC3=CC=C(C=C3)C(=O)NC(CCC(=O)O)C(=O)O,-3.468521082957745,0.5033547878265381,-2.1678926944732666,3.119865894317627
4149,P00381_wild,C1C=CN(C=C1C(=O)N)C2C(C(C(O2)COP(=O)(O)OP(=O)(O)OCC3C(C(C(O3)N4C=NC5=C(N=CN=C54)N)OP(=O)(O)O)O)O)O,-2.769551078621726,0.923389196395874,-2.070546865463257,3.0926876068115234
4150,P00381_D26N,C1C(=NC2=C(N1)N=C(NC2=O)N)CNC3=CC=C(C=C3)C(=O)NC(CCC(=O)O)C(=O)O,-2.853871964321762,0.5484036207199097,-2.1951000690460205,3.1711947917938232
4151,P00381_wild,C1=CC(=CC=C1C(=O)NC(CCC(=O)O)C(=O)O)NCC2=CN=C3C(=N2)C(=O)NC(=N3)N,-3.2218487496163566,0.23801860213279724,-1.9775716066360474,2.437079906463623
4152,P00381_D26N,C1=CC(=CC=C1C(=O)NC(CCC(=O)O)C(=O)O)NCC2=CN=C3C(=N2)C(=O)NC(=N3)N,-3.2218487496163566,0.2907053530216217,-1.9966031312942505,2.484698534011841
4153,P0C2T8_wild,C1=CC=C(C=C1)CC(C(=O)O)NC(=O)C(CCCN=C(N)N)N,-0.22914798835785574,1.258781909942627,-0.33591699600219727,1.4200100898742676
4154,P0C2T8_wild,C1=CC=C(C=C1)CC(C(=O)O)NC(=O)C(CCCCN)N,0.09691001300805642,1.1940300464630127,-0.25415557622909546,1.5010735988616943
4155,P0C2T8_wild,CC(C(=O)NC(CC1=CC=CC=C1)C(=O)O)N,-0.24412514432750865,1.522598147392273,-0.13638931512832642,1.5774708986282349
4156,P0C2T8_wild,C1=CC=C(C=C1)CC(C(=O)NC(CC2=CC=CC=C2)C(=O)O)N,0.16136800223497488,1.4296491146087646,-0.5094028115272522,1.8878995180130005
4157,P0C2T8_wild,CC(C)CC(C(=O)NC(CC1=CC=CC=C1)C(=O)O)N,0.3729120029701066,1.6099025011062622,-0.40873581171035767,1.9798858165740967
4158,P0C2T8_wild,C1=CC=C(C=C1)CC(C(=O)NC(CC2=CC=C(C=C2)O)C(=O)O)NC(=O)C(CCCCN)N,-0.6382721639824072,1.2527451515197754,-0.5869378447532654,1.8449101448059082
4159,P0C2T8_wild,CC(C)CC(C(=O)O)NC(=O)C(CC1=CC=CC=C1)NC(=O)C(CCCCN)N,-0.5850266520291821,1.5224988460540771,-0.18300500512123108,1.7065608501434326
4160,P0C2T8_wild,C1=CC=C(C=C1)CC(C(=O)NC(CCCCN)C(=O)O)NC(=O)C(CCCCN)N,-0.24412514432750865,1.2406120300292969,-0.2968843877315521,1.6838157176971436
4161,P0C2T8_wild,C1=CC=C(C=C1)CC(C(=O)NC(CO)C(=O)O)NC(=O)C(CCCCN)N,0.2041199826559248,1.2349120378494263,-0.28730446100234985,1.6976228952407837
4162,P0C2T8_wild,C1=CC=C(C=C1)CC(C(=O)NC(CCC(=O)O)C(=O)O)NC(=O)C(CCCCN)N,0.8615344108590379,1.2942461967468262,-0.3784672021865845,1.7383328676223755
4163,P0C2T8_wild,C1=CC=C(C=C1)CC(C(=O)NCC(=O)O)NC(=O)C(CCCCN)N,-0.5376020021010439,1.3870782852172852,-0.47855091094970703,1.8262145519256592
4164,Q03311_wild,CC(=O)SCC[N+](C)(C)C,-1.4559319556497243,1.9833438396453857,-0.8364754319190979,2.52377986907959
4165,O54288_wild,C(C(C(CO)O)O)C(=O)C(=O)O,1.4099331233312946,0.3082725405693054,-0.23262199759483337,0.5998328924179077
4166,Q8S3J3_wild,C12=NC(=O)NC1(C(=O)NC(=O)N2)O,-1.8239087409443187,0.6907048225402832,-0.763001561164856,1.4968992471694946
4167,P50163_Y100H,C1C=CN(C=C1C(=O)N)C2C(C(C(O2)COP(=O)(O)OP(=O)(O)OCC3C(C(C(O3)N4C=NC5=C(N=CN=C54)N)OP(=O)(O)O)O)O)O,-1.9507819773298185,0.6462535858154297,-1.5847892761230469,1.988012433052063
4168,P50163_Y100H,CN1C2CCC1CC(=O)C2,0.658964842664435,0.4309157729148865,-0.1363469958305359,0.5766254663467407
4169,P50163_S148A,CN1C2CCC1CC(=O)C2,-0.5086383061657274,0.4165216088294983,-0.1627720296382904,0.6029778718948364
4170,P50163_S148A,C1C=CN(C=C1C(=O)N)C2C(C(C(O2)COP(=O)(O)OP(=O)(O)OCC3C(C(C(O3)N4C=NC5=C(N=CN=C54)N)OP(=O)(O)O)O)O)O,-2.7644715530924513,0.6210035085678101,-1.600312352180481,2.0216047763824463
4171,P50163_E156V,C1C=CN(C=C1C(=O)N)C2C(C(C(O2)COP(=O)(O)OP(=O)(O)OCC3C(C(C(O3)N4C=NC5=C(N=CN=C54)N)OP(=O)(O)O)O)O)O,-1.6968039425795112,0.6818599700927734,-1.6495321989059448,2.093479633331299
4172,P50163_E156V,CN1C2CCC1CC(=O)C2,1.4578818967339924,0.45238012075424194,-0.1831301599740982,0.6254159212112427
4173,P50163_Y100H/S148A,CN1C2CCC1CC(=O)C2,1.292256071356476,0.4261224865913391,-0.13955798745155334,0.5881887078285217
4174,P50163_Y100H/S148A,C1C=CN(C=C1C(=O)N)C2C(C(C(O2)COP(=O)(O)OP(=O)(O)OCC3C(C(C(O3)N4C=NC5=C(N=CN=C54)N)OP(=O)(O)O)O)O)O,-2.3925449767853313,0.6362725496292114,-1.5872997045516968,1.9974843263626099
4175,P50163_S148A/E156V,C1C=CN(C=C1C(=O)N)C2C(C(C(O2)COP(=O)(O)OP(=O)(O)OCC3C(C(C(O3)N4C=NC5=C(N=CN=C54)N)OP(=O)(O)O)O)O)O,-2.0877779434675845,0.6757647395133972,-1.6517592668533325,2.1041080951690674
4176,P50163_S148A/E156V,CN1C2CCC1CC(=O)C2,0.8169038393756602,0.448691725730896,-0.1891496181488037,0.6368522644042969
4177,P50163_E156V/Y100H,C1C=CN(C=C1C(=O)N)C2C(C(C(O2)COP(=O)(O)OP(=O)(O)OCC3C(C(C(O3)N4C=NC5=C(N=CN=C54)N)OP(=O)(O)O)O)O)O,-1.593459819566045,0.697533905506134,-1.6322224140167236,2.07073974609375
4178,P50163_E156V/Y100H,CN1C2CCC1CC(=O)C2,1.7201593034059568,0.46906065940856934,-0.15247173607349396,0.6084166169166565
4179,P50163_Y100H/S148A/E156V,CN1C2CCC1CC(=O)C2,1.5809249756756194,0.46578848361968994,-0.1596783697605133,0.6216105222702026
4180,P50163_Y100H/S148A/E156V,C1C=CN(C=C1C(=O)N)C2C(C(C(O2)COP(=O)(O)OP(=O)(O)OCC3C(C(C(O3)N4C=NC5=C(N=CN=C54)N)OP(=O)(O)O)O)O)O,-1.9065783148377649,0.6915061473846436,-1.6363661289215088,2.080878496170044
4181,P50163_L210I/L213F,CN1C2CCC1CC(=O)C2,-1.348721986001856,0.4328080415725708,-0.1642463207244873,0.6038946509361267
4182,P50163_L210I/L213F,C1C=CN(C=C1C(=O)N)C2C(C(C(O2)COP(=O)(O)OP(=O)(O)OCC3C(C(C(O3)N4C=NC5=C(N=CN=C54)N)OP(=O)(O)O)O)O)O,-2.3798639450262424,0.6558747291564941,-1.596198320388794,2.031839370727539
4183,P50163_Y100H/S148A/E156V/L210I/L213F,C1C=CN(C=C1C(=O)N)C2C(C(C(O2)COP(=O)(O)OP(=O)(O)OCC3C(C(C(O3)N4C=NC5=C(N=CN=C54)N)OP(=O)(O)O)O)O)O,-1.4236586497942072,0.7097474336624146,-1.6332460641860962,2.098139524459839
4184,O09173_wild,C1=CC(=C(C=C1O)CC(=O)O)O,-0.7258421507363202,1.0542514324188232,-0.36420607566833496,1.870780110359192
4185,O09173_wild,[Fe+2],-1.7212463990471711,0.6187909841537476,-1.6085792779922485,2.5123581886291504
4186,P32397_wild,CC1=C2CC3=C(C(=C(N3)CC4=C(C(=C(N4)CC5=C(C(=C(N5)CC(=C1CCC(=O)O)N2)C)CCC(=O)O)C)CCC(=O)O)CCC(=O)O)C,-2.2765443279648143,-1.6744816303253174,-2.1016392707824707,1.112903356552124
4187,P36623_wild,C(C(C(=O)O)O)OP(=O)(O)O,-0.23657200643706275,1.6789435148239136,-0.26903095841407776,1.520155668258667
4188,P36623_R14Q,C(C(C(=O)O)O)OP(=O)(O)O,0.18752072083646304,1.3576557636260986,-0.15604622662067413,0.9528791904449463
4189,P36623_E93D,C(C(C(=O)O)O)OP(=O)(O)O,0.09691001300805642,1.2257075309753418,-0.1320924162864685,0.9950547218322754
4190,P36623_R94Q,C(C(C(=O)O)O)OP(=O)(O)O,0.8727388274726688,1.429445743560791,-0.1640949547290802,1.1891214847564697
4191,P36623_R120Q,C(C(C(=O)O)O)OP(=O)(O)O,0.42160392686983106,1.3656446933746338,-0.06855762004852295,1.0913007259368896
4192,P36623_R121Q,C(C(C(=O)O)O)OP(=O)(O)O,0.6901960800285136,1.565902829170227,-0.14253461360931396,1.332706093788147
4193,P36623_R120Q/R121Q,C(C(C(=O)O)O)OP(=O)(O)O,0.7209857441537391,1.0963382720947266,0.029288318008184433,0.8349448442459106
4194,P36623_wild,C(C(C(=O)O)OP(=O)(O)O)OP(=O)(O)O,-2.337242168318426,1.4028089046478271,-1.6990591287612915,1.9657487869262695
4195,P36623_R14Q,C(C(C(=O)O)OP(=O)(O)O)OP(=O)(O)O,-1.2291479883578558,1.0687007904052734,-1.567331075668335,1.4125193357467651
4196,P36623_E93D,C(C(C(=O)O)OP(=O)(O)O)OP(=O)(O)O,-1.853871964321762,0.9374939203262329,-1.5386730432510376,1.4140490293502808
4197,P36623_R94Q,C(C(C(=O)O)OP(=O)(O)O)OP(=O)(O)O,-1.4436974992327127,1.1322910785675049,-1.5812691450119019,1.6357237100601196
4198,P36623_R120Q,C(C(C(=O)O)OP(=O)(O)O)OP(=O)(O)O,-1.5528419686577808,1.083622932434082,-1.4807052612304688,1.531064748764038
4199,P36623_R121Q,C(C(C(=O)O)OP(=O)(O)O)OP(=O)(O)O,-1.4685210829577449,1.274039626121521,-1.5543447732925415,1.7797642946243286
4200,P36623_R120Q/R121Q,C(C(C(=O)O)OP(=O)(O)O)OP(=O)(O)O,-1.3098039199714864,0.82611483335495,-1.3317791223526,1.24488365650177
