,fasta_id,smiles,Label,pred_log10[kcat(s^-1)],pred_log10[Km(mM)],pred_log10[kcat/Km(s^-1mM^-1)]
0,Q86TU7_N278A,C[S+](CCC(C(=O)[O-])N)CC1C(C(C(O1)N2C=NC3=C(N=CN=C32)N)O)O,-3.4559319556497243,-2.8917064666748047,-1.4759817123413086,0.4605828523635864
1,Q86TU7_N256Q,C[S+](CCC(C(=O)[O-])N)CC1C(C(C(O1)N2C=NC3=C(N=CN=C32)N)O)O,-3.987162775294828,-2.7426209449768066,-1.4850106239318848,0.6047466993331909
2,Q86TU7_wild,C[S+](CCC(C(=O)[O-])N)CC1C(C(C(O1)N2C=NC3=C(N=CN=C32)N)O)O,-3.9546770212133424,-2.7291619777679443,-1.4797875881195068,0.6094779372215271
3,Q86TU7_N256D/R215A,C[S+](CCC(C(=O)[O-])N)CC1C(C(C(O1)N2C=NC3=C(N=CN=C32)N)O)O,-3.7825160557860937,-2.7882845401763916,-1.4594931602478027,0.5411478281021118
4,Q86TU7_R75A,C[S+](CCC(C(=O)[O-])N)CC1C(C(C(O1)N2C=NC3=C(N=CN=C32)N)O)O,-2.443576878628715,-2.728853225708008,-1.4884917736053467,0.6176118850708008
5,Q86TU7_N256A,C[S+](CCC(C(=O)[O-])N)CC1C(C(C(O1)N2C=NC3=C(N=CN=C32)N)O)O,-3.1636758842932484,-2.7358903884887695,-1.4845690727233887,0.6066431999206543
6,Q86TU7_Y313F,C[S+](CCC(C(=O)[O-])N)CC1C(C(C(O1)N2C=NC3=C(N=CN=C32)N)O)O,-2.184223079701637,-2.8199713230133057,-1.4602839946746826,0.49363112449645996
7,Q86TU7_R316A,C[S+](CCC(C(=O)[O-])N)CC1C(C(C(O1)N2C=NC3=C(N=CN=C32)N)O)O,-3.826813731587726,-2.745910167694092,-1.4826018810272217,0.6005293130874634
8,Q9Z354_wild,CN1C=CC(C=C1)C2C=CN(C=C2)C,-1.0506099933550872,0.8335956335067749,-1.2336196899414062,1.367488145828247
9,S4UX02_wild,CC(C)C1=CC2=C(C=C1)C3(CCCC(C3CC2)(C)C)C,-1.8860566476931633,0.1675415188074112,-2.075307846069336,1.6979219913482666
10,O58453_wild,CC(=O)NC(CCSC)C(=O)O,1.390935107103379,1.8197849988937378,-0.15563252568244934,1.3727930784225464
11,O58754_wild,CC(=O)NC(CC1=CC=CC=C1)C(=O)O,0.7160033436347992,2.095752239227295,0.1690346598625183,1.2709249258041382
12,O58754_C102S,CC(=O)NC(CC1=CC=CC=C1)C(=O)O,0.7923916894982539,1.9301868677139282,0.1986345648765564,1.1024672985076904
13,O58754_wild,CC(=O)NC(CCSC)C(=O)O,0.6211762817750351,1.7990871667861938,-0.3854667544364929,1.519007682800293
14,O58754_E367Q,CC(=O)NC(CC1=CC=CC=C1)C(=O)O,0.8221680793680175,1.9996799230575562,0.1548272967338562,1.2076908349990845
15,P61615_wild,CC(=C)CCOP(=O)(O)OP(=O)(O)O,-1.2006594505464183,-1.3112939596176147,-1.5018599033355713,0.6066602468490601
16,P61615_Q160L,CC(=C)CCOP(=O)(O)OP(=O)(O)O,-2.8239087409443187,-1.3272145986557007,-1.4998829364776611,0.60578453540802
17,P61615_Q160N,CC(=C)CCOP(=O)(O)OP(=O)(O)O,-2.494850021680094,-1.3106194734573364,-1.4998164176940918,0.6157215237617493
18,P61615_Q160E,CC(=C)CCOP(=O)(O)OP(=O)(O)O,-2.0809219076239263,-1.3250287771224976,-1.4916508197784424,0.5930352210998535
19,P61615_Q160H,CC(=C)CCOP(=O)(O)OP(=O)(O)O,-2.1487416512809245,-1.3162950277328491,-1.4977755546569824,0.6116504669189453
20,P61615_E13R/R235E,CC(=C)CCOP(=O)(O)OP(=O)(O)O,-2.1463017882238256,-1.26850163936615,-1.472975492477417,0.6171985864639282
21,P61615_wild,C1C=CN(C=C1C(=O)N)C2C(C(C(O2)COP(=O)(O)OP(=O)(O)OCC3C(C(C(O3)N4C=NC5=C(N=CN=C54)N)O)O)O)O,-1.0438315695246367,0.2891891598701477,-1.2458248138427734,1.3938066959381104
22,Q9SR86_wild,C(=O)C(=O)[O-],-0.25181197299379965,0.7858207821846008,-0.6063545942306519,1.445204257965088
23,Q9SR86_wild,CC(C(=O)O)N,-0.2006594505464183,0.7866186499595642,0.5052775740623474,0.5129705667495728
24,Q8P8J6_wild,CC(=O)SCCNC(=O)CCNC(=O)C(C(C)(C)COP(=O)(O)OP(=O)(O)OCC1C(C(C(O1)N2C=NC3=C(N=CN=C32)N)O)OP(=O)(O)O)O,0.11394335230683679,1.0254156589508057,-0.35757747292518616,1.8343837261199951
25,Q8P8J6_wild,C(CC(=O)O)C(C(=O)O)N,0.4471580313422192,1.0030792951583862,1.0018112659454346,0.45295828580856323
26,Q01217_wild,CC(=O)NC(CCC(=O)O)C(=O)O,1.0,0.9150497317314148,0.36379534006118774,0.7568807601928711
27,Q01217_wild,C1=NC(=C2C(=N1)N(C=N2)C3C(C(C(O3)COP(=O)(O)OP(=O)(O)OP(=O)(O)O)O)O)N,1.1846914308175989,0.8408690690994263,-0.2935923933982849,1.4410827159881592
28,Q6L0S1_wild,CCO,-1.2518119729937995,0.8989812135696411,0.5166881680488586,0.7025145292282104
29,Q9HIM3_wild,CCO,0.7558748556724915,1.1685045957565308,0.7845566868782043,0.7636390924453735
30,O14556_wild,C1=CC(=C[N+](=C1)C2C(C(C(O2)COP(=O)([O-])OP(=O)(O)OCC3C(C(C(O3)N4C=NC5=C(N=CN=C54)N)O)O)O)O)C(=O)N,2.0,0.6008093357086182,-0.7379493117332458,1.7732536792755127
31,Q2KJE5_wild,C(C(C=O)O)OP(=O)(O)O,-0.8153085691824012,0.651362419128418,-0.6701884865760803,1.719832181930542
32,Q2KJE5_wild,C1=CC(=C[N+](=C1)C2C(C(C(O2)COP(=O)([O-])OP(=O)(O)OCC3C(C(C(O3)N4C=NC5=C(N=CN=C54)N)O)O)O)O)C(=O)N,-0.5934598195660449,0.48212432861328125,-0.8234020471572876,1.6702208518981934
33,O14556_D311N,C(C(C=O)O)OP(=O)(O)O,-0.619788758288394,0.8273757100105286,-0.5648844242095947,1.808384656906128
34,O14556_wild,C(C(C=O)O)OP(=O)(O)O,-0.11350927482751817,0.8110032081604004,-0.5429465174674988,1.7913051843643188
35,D4N3A0_wild,CC(=CCCC(=CCOP(=O)(O)OP(=O)(O)O)C)C,-2.677780705266081,-1.091793417930603,-2.3163676261901855,1.0898096561431885
36,D4N3A0_wild,[Mg+2],-0.4609239012072234,-0.05704689025878906,-0.6907796263694763,1.082273006439209
37,D4N3A0_wild,[Mn+2],-1.5497508916806388,-0.00855417549610138,-1.9617037773132324,1.631394863128662
38,D4N3A1_wild,CC(=CCCC(=CCOP(=O)(O)OP(=O)(O)O)C)C,-2.5850266520291822,-1.036347508430481,-2.3672945499420166,1.0043931007385254
39,D4N3A1_wild,[Mn+2],-1.575118363368933,0.033839151263237,-1.9923405647277832,1.5304068326950073
40,D4N3A1_wild,[Mg+2],-0.0501222959631252,-0.03838154673576355,-0.7228527665138245,0.9587205648422241
41,A4ISB9_wild,C1=CC(=C[N+](=C1)C2C(C(C(O2)COP(=O)(O)OP(=O)(O)OCC3C(C(C(O3)N4C=NC5=C(N=CN=C54)N)OP(=O)(O)O)O)O)O)C(=O)N,0.38021124171160603,1.5371664762496948,-0.9711287021636963,1.7902363538742065
42,A4ISB9_wild,CCCCCCCC=O,0.06069784035361165,1.5536658763885498,-0.81446772813797,2.117093801498413
43,A4ISB9_wild,C1C=CN(C=C1C(=O)N)C2C(C(C(O2)COP(=O)(O)OP(=O)(O)OCC3C(C(C(O3)N4C=NC5=C(N=CN=C54)N)OP(=O)(O)O)O)O)O,-0.0757207139381183,1.7928671836853027,-1.4532158374786377,2.3147003650665283
44,A4ISB9_wild,CCCCCCCCO,0.588831725594196,0.89317786693573,-0.4255335330963135,1.5174732208251953
45,A4ISB9_wild,C1=CC(=C[N+](=C1)C2C(C(C(O2)COP(=O)([O-])OP(=O)(O)OCC3C(C(C(O3)N4C=NC5=C(N=CN=C54)N)O)O)O)O)C(=O)N,0.15836249209521944,1.4614858627319336,-0.8902209401130676,1.768890142440796
46,Q84B23_wild,C(C1C(C(C(C(O1)OC(COP(=O)([O-])[O-])C(=O)[O-])O)O)O)O,-0.28399665636520094,1.2879465818405151,-1.206383466720581,1.6010797023773193
47,D1J8Z9_wild,C1=CC(=CC=C1CCNC(=O)CCC(C(=O)O)NC(=O)CCC(C(=O)O)NC(=O)CCC(C(CCC(=O)O)C(=O)O)C(=O)O)OCC2=COC(=C2)CNC=O,-2.0,0.9661036133766174,-0.8414155840873718,1.8068952560424805
48,D1J8Z9_wild,CC1C(NC2=C(N1)N=C(NC2=O)N)C(C)NC3=CC=C(C=C3)CC(C(C(COC4C(C(C(O4)COP(=O)(O)OC(CCC(=O)O)C(=O)O)O)O)O)O)O,-1.0969100130080565,0.488939106464386,-1.2211875915527344,1.3026468753814697
49,Q49610_wild,CC1C(NC2=C(N1)N=C(NC2=O)N)C(C)NC3=CC=C(C=C3)CC(C(C(COC4C(C(C(O4)COP(=O)(O)OC(CCC(=O)O)C(=O)O)O)O)O)O)O,-0.9706162223147904,0.2724917531013489,-1.1238508224487305,1.022676944732666
50,G3LGQ3_wild,C1=CC(=C[N+](=C1)C2C(C(C(O2)COP(=O)(O)OP(=O)(O)OCC3C(C(C(O3)N4C=NC5=C(N=CN=C54)N)OP(=O)(O)O)O)O)O)C(=O)N,-0.8860566476931633,0.5386829972267151,-0.6487036347389221,1.0696007013320923
51,G3LGQ3_wild,CC1C(C(C(C(O1)O)O)O)O,-0.3372421683184259,0.9605449438095093,0.9597380757331848,0.8043028116226196
52,G3LGQ3_wild,C(C(C(C(C=O)O)O)O)O,0.13672056715640674,0.8228632807731628,1.1357438564300537,0.4918653964996338
53,G3LGQ3_wild,C(C(C(C(C(C=O)O)O)O)O)O,0.8286598965353198,0.7714431881904602,1.2268552780151367,0.31915900111198425
54,P77788_wild,CC1=CN(C(=O)N=C1N)C2CC(C(O2)COP(=O)(O)OP(=O)(O)OP(=O)(O)O)O,-0.7644715530927036,1.5127099752426147,-0.3193148374557495,1.3862109184265137
55,P77788_wild,C1C(C(OC1N2C=CC(=NC2=O)N)COP(=O)(O)OP(=O)(O)OP(=O)(O)O)O,-0.11520463605101904,1.365028977394104,-0.4015958607196808,1.2193444967269897
56,P77788_wild,C1=CN(C(=O)N=C1N)C2C(C(C(O2)COP(=O)(O)OP(=O)(O)OP(=O)(O)O)O)O,-0.258848401148215,1.3843978643417358,-0.2515684962272644,1.4736480712890625
57,P77788_wild,C1=C(C(=NC(=O)N1C2C(C(C(O2)COP(=O)([O-])OP(=O)([O-])OP(=O)([O-])[O-])O)O)N)O,-1.254144804826271,1.6717902421951294,-0.9107466340065002,1.6962863206863403
58,O74935_wild,CCCCCCCCCCCC(=O)SCCNC(=O)CCNC(=O)C(C(C)(C)COP(=O)(O)OP(=O)(O)OCC1C(C(C(O1)N2C=NC3=C(N=CN=C32)N)O)OP(=O)(O)O)O,-1.0,0.5629245638847351,-1.9775564670562744,1.4547756910324097
59,O74935_wild,CCCCCCCCCCCCCC(=O)SCCNC(=O)CCNC(=O)C(C(C)(C)COP(=O)(O)OP(=O)(O)OCC1C(C(C(O1)N2C=NC3=C(N=CN=C32)N)O)OP(=O)(O)O)O,-1.744727494896694,0.5324974060058594,-2.01413631439209,1.4470593929290771
60,O74935_wild,CCCCCCCCCC(=O)SCCNC(=O)CCNC(=O)C(C(C)(C)COP(=O)(O)OP(=O)(O)OCC1C(C(C(O1)N2C=NC3=C(N=CN=C32)N)O)OP(=O)(O)O)O,-2.1426675035687315,0.5488817691802979,-1.9226465225219727,1.4479496479034424
61,O74935_wild,CC(C)(COP(=O)([O-])OP(=O)([O-])OCC1C(C(C(O1)N2C=NC3=C(N=CN=C32)N)O)OP(=O)([O-])[O-])C(C(=O)NCCC(=O)NCCSC(=O)CCCCCCCCCCCCCCC(=O)[O-])O,-2.198596289982645,0.6719943881034851,-1.46871018409729,1.5555574893951416
62,Q602L6_wild,C(C(=O)COP(=O)(O)O)O,-1.0222763947111522,-1.042038917541504,-0.7068172693252563,0.29624760150909424
63,Q602L6_wild,C(C(C(C(C(C(=O)COP(=O)(O)O)O)O)O)O)OP(=O)(O)O,-0.721246399047171,-1.1185970306396484,-1.1237480640411377,0.6024973392486572
64,Q602L6_wild,C(C(C=O)O)OP(=O)(O)O,0.06818586174616162,-0.505545437335968,-0.9509996175765991,0.6633906364440918
65,P58314_wild,C(C1C(C(C(O1)(COP(=O)(O)[O-])O)O)O)OP(=O)(O)[O-],-2.0457574905606752,0.7985450625419617,-1.7768948078155518,2.259796619415283
66,P58314_wild,C(C(C(C(C(=O)COP(=O)(O)O)O)O)O)O,-0.14874165128092473,0.7119741439819336,-0.7142229676246643,1.4982490539550781
67,Q8GXR9_wild,CC1=CC(=O)C2=CC=CC=C2C1=O,-1.6989700043360187,0.9621542096138,-1.6387009620666504,2.5345356464385986
68,A1RVM8_wild,C1=CC(=O)C=CC1=NC2=CC(=C(C(=C2)Cl)O)Cl,-0.853871964321762,0.3985005021095276,-0.9364186525344849,1.517519474029541
69,A1RVM8_wild,C1CC(NC1)C(=O)O,0.6232492903979004,0.5129769444465637,0.001164555549621582,0.554254949092865
70,C4M5H3_wild,C1=NC(=C2C(=N1)N(C=N2)C3C(C(C(O3)COP(=O)(O)OP(=O)(O)OP(=O)(O)O)O)O)N,-4.1938200260161125,0.21403644979000092,-0.8248691558837891,1.4284169673919678
71,B9RU15_wild,C[S+](CCC(C(=O)[O-])N)CC1C(C(C(O1)N2C=NC3=C(N=CN=C32)N)O)O,-1.7958800173440752,-0.7497172355651855,-1.5546419620513916,1.112938642501831
72,Q9F1T8_wild,CC(CC(=O)OC(C)CC(=O)[O-])O,-0.15490195998574322,0.5889619588851929,0.08012717962265015,1.2014890909194946
73,P55038_wild,C(CC(=O)N)C(C(=O)O)N,0.11394335230683679,1.0062787532806396,-0.29136061668395996,0.7622727155685425
74,P55038_wild,C(CC(=O)O)C(=O)C(=O)O,-1.3979400086720375,0.8223398327827454,-0.795099675655365,1.0515737533569336
75,P50455_R284G,CC(C)C(C(C(=O)O)O)C(=O)O,-2.0969100130080562,0.8503000140190125,-0.617782473564148,1.6597075462341309
76,P50455_F3S/L288P,C1=CC(=C[N+](=C1)C2C(C(C(O2)COP(=O)([O-])OP(=O)(O)OCC3C(C(C(O3)N4C=NC5=C(N=CN=C54)N)O)O)O)O)C(=O)N,-0.3979400086720376,1.003812551498413,-0.6269028782844543,1.8355603218078613
77,P50455_L288P,C1=CC(=C[N+](=C1)C2C(C(C(O2)COP(=O)([O-])OP(=O)(O)OCC3C(C(C(O3)N4C=NC5=C(N=CN=C54)N)O)O)O)O)C(=O)N,-0.431798275933005,1.078027367591858,-0.5969099402427673,1.8671724796295166
78,P50455_F3S/S232G,C1=CC(=C[N+](=C1)C2C(C(C(O2)COP(=O)([O-])OP(=O)(O)OCC3C(C(C(O3)N4C=NC5=C(N=CN=C54)N)O)O)O)O)C(=O)N,-0.6575773191777937,1.1385457515716553,-0.6154400110244751,1.912087321281433
79,P50455_wild,CC(C)C(C(C(=O)O)O)C(=O)O,-2.2596373105057563,0.9269819259643555,-0.6325260996818542,1.7176740169525146
80,P50455_F3S,C1=CC(=C[N+](=C1)C2C(C(C(O2)COP(=O)([O-])OP(=O)(O)OCC3C(C(C(O3)N4C=NC5=C(N=CN=C54)N)O)O)O)O)C(=O)N,-0.4089353929735008,1.1376959085464478,-0.6140779852867126,1.9104318618774414
81,P50455_wild,C(C(C(=O)O)O)C(=O)O,-0.4089353929735008,0.5848684906959534,-0.3021836280822754,1.3571345806121826
82,P50455_F3S/S232G,CC(C)C(C(C(=O)O)O)C(=O)O,-2.408935392973501,0.903367817401886,-0.6374967694282532,1.6945035457611084
83,P50455_L288P,CC(C)C(C(C(=O)O)O)C(=O)O,-2.3565473235138126,0.8279232382774353,-0.6505391597747803,1.6721665859222412
84,P50455_F3S,CC(C)C(C(C(=O)O)O)C(=O)O,-2.1191864077192086,0.8974274396896362,-0.6356235146522522,1.6945955753326416
85,P50455_F3S/L288P,CC(C)C(C(C(=O)O)O)C(=O)O,-2.1739251972991736,0.7949742078781128,-0.6513171792030334,1.6419601440429688
86,P50455_R284G,C1=CC(=C[N+](=C1)C2C(C(C(O2)COP(=O)([O-])OP(=O)(O)OCC3C(C(C(O3)N4C=NC5=C(N=CN=C54)N)O)O)O)O)C(=O)N,-0.6020599913279624,1.1380610466003418,-0.5785295367240906,1.8761115074157715
87,Q4JB37_wild,CC(C)C(C(C(=O)[O-])O)C(=O)[O-],-2.3010299956639813,0.4554479122161865,-0.6020609736442566,1.626321792602539
88,Q4JB37_wild,C1=CC(=C[N+](=C1)C2C(C(C(O2)COP(=O)([O-])OP(=O)(O)OCC3C(C(C(O3)N4C=NC5=C(N=CN=C54)N)O)O)O)O)C(=O)N,-0.9208187539523751,0.8225342035293579,-0.5496031045913696,1.7021151781082153
89,Q4JB37_wild,C(CC(=O)O)C(C(C(=O)O)O)C(=O)O,0.7708520116421441,0.4473220109939575,-0.39927905797958374,0.9487735033035278
90,Q7FAE1_wild,CC1(CCC2C(=CC3C4C2(CCC(C4(C(=O)O3)C)O)C)C1)C=C,-0.045757490560675115,-1.2304922342300415,-1.6733686923980713,0.5498568415641785
91,Q7FAE2_wild,CC1(CCC2C(=CC3C4C2(CCC(C4(C(=O)O3)C)O)C)C1)C=C,-0.6989700043360187,-1.1923354864120483,-1.7187206745147705,0.5075814127922058
92,K9JTB0_wild,C(C(COP(=O)(O)O)O)O,-0.18111458540599018,0.13409309089183807,-0.8018786311149597,-0.033811718225479126
93,P54570_wild,C1=NC(=C2C(=N1)N(C=N2)C3C(C(C(O3)COP(=O)(O)OP(=O)(O)OCC4C(C(C(O4)O)O)O)O)O)N,-0.9430951486635274,0.7791373133659363,-1.2358789443969727,1.3532406091690063
94,P26935_H176A,C1=CC(=C[N+](=C1)C2C(C(C(O2)COP(=O)([O-])OP(=O)(O)OCC3C(C(C(O3)N4C=NC5=C(N=CN=C54)N)O)O)O)O)C(=O)N,-0.5228787452803376,0.4377826452255249,-0.4656832814216614,0.5673442482948303
95,P26935_Y233F,C1=CC(=C[N+](=C1)C2C(C(C(O2)COP(=O)([O-])OP(=O)(O)OCC3C(C(C(O3)N4C=NC5=C(N=CN=C54)N)O)O)O)O)C(=O)N,-1.1549019599857433,0.9985818862915039,-0.5776634812355042,0.9484449625015259
96,P26935_Y235F,C1=CC(=C[N+](=C1)C2C(C(C(O2)COP(=O)([O-])OP(=O)(O)OCC3C(C(C(O3)N4C=NC5=C(N=CN=C54)N)O)O)O)O)C(=O)N,-0.958607314841775,0.9939537644386292,-0.5651772618293762,0.9427772164344788
97,P26935_D179N,C1=CC(=C[N+](=C1)C2C(C(C(O2)COP(=O)([O-])OP(=O)(O)OCC3C(C(C(O3)N4C=NC5=C(N=CN=C54)N)O)O)O)O)C(=O)N,-0.3979400086720376,0.8245384097099304,-0.5553979873657227,0.857389509677887
98,P26935_wild,C1=CC(=C[N+](=C1)C2C(C(C(O2)COP(=O)([O-])OP(=O)(O)OCC3C(C(C(O3)N4C=NC5=C(N=CN=C54)N)O)O)O)O)C(=O)N,-1.0969100130080565,0.987612783908844,-0.5569106340408325,0.9481232762336731
99,P26935_Y233F,C1(C(C(C(C(C1O)O)O)O)O)O,0.6020599913279624,0.9359166026115417,0.9531123042106628,0.6958478689193726
100,P26935_D172N,C1=CC(=C[N+](=C1)C2C(C(C(O2)COP(=O)([O-])OP(=O)(O)OCC3C(C(C(O3)N4C=NC5=C(N=CN=C54)N)O)O)O)O)C(=O)N,0.04139268515822508,0.9241775870323181,-0.5577123165130615,0.939271092414856
101,P26935_wild,C1(C(C(C(C(C1O)O)O)O)O)O,0.6434526764861874,0.9286705851554871,0.9720651507377625,0.6937071084976196
102,P26935_D179N,C1(C(C(C(C(C1O)O)O)O)O)O,1.4471580313422192,0.801501989364624,0.9719248414039612,0.6182640790939331
103,P26935_D172N,C1(C(C(C(C(C1O)O)O)O)O)O,1.5910646070264993,0.8866478204727173,0.9785756468772888,0.6773408055305481
104,P26935_Y235F,C1(C(C(C(C(C1O)O)O)O)O)O,1.5910646070264993,0.9315060377120972,0.957614004611969,0.6907234191894531
105,P26935_wild,C(C1C(C(C(C(O1)OCC2C(C(C(C(O2)O)O)O)O)O)O)O)O,1.7558748556724915,0.6657076478004456,0.8744563460350037,0.33865663409233093
106,P26935_H176A,C1(C(C(C(C(C1O)O)O)O)O)O,2.0718820073061255,0.4649980068206787,1.0154285430908203,0.3919743299484253
107,Q3ZFI4_wild,C[N+](C)(C)CCOC(=O)C=CC1=CC(=C(C(=C1)OC)O)OC,-2.5850266520291822,1.3899037837982178,-0.6234311461448669,1.2602689266204834
108,Q3ZFI4_wild,C[N+](C)(C)CCOC(=O)C=CC1=CC=CC=C1,-1.958607314841775,1.530175805091858,-0.3054686188697815,1.2769815921783447
109,Q97BK3_G114A,C(C(C(=O)O)N)O,-0.7447274948969352,-0.7405092120170593,0.7160268425941467,-0.21158367395401
110,Q97BK3_I113A,C(C(C(=O)O)N)O,0.25527250510330607,-0.8211920857429504,0.7438858151435852,-0.2785455882549286
111,Q97BK3_T178A,CC(C(C(=O)O)N)O,-1.958607314841775,-0.14041468501091003,0.5260050296783447,0.2068326771259308
112,Q97BK3_G114A,CC(C(C(=O)O)N)O,-3.2441251443275085,-0.13660432398319244,0.5214462280273438,0.207317516207695
113,Q97BK3_G114A,CC(CN)O,-0.44369749923283336,-1.0146275758743286,0.849384605884552,-0.024632573127746582
114,Q97BK3_T178A,C(C(C(=O)O)N)O,0.2041199826559248,-0.7489373683929443,0.7148934006690979,-0.21767264604568481
115,Q97BK3_D180A,CC(C(C(=O)O)N)O,-1.3665315444204134,-0.2475380152463913,0.5160174369812012,0.17152486741542816
116,Q97BK3_I113A,CC(C(C(=O)O)N)O,-2.0555173278498313,-0.21921406686306,0.5641541481018066,0.14220412075519562
117,A0A0H2ZQ64_wild,C1=CC(=CC=C1[N+](=O)[O-])OP(=O)(O)O,0.9030899869919435,0.7412695288658142,0.6184070110321045,0.44837701320648193
118,A0A1C9U547_wild,C1C=CN(C=C1C(=O)N)C2C(C(C(O2)COP(=O)(O)OP(=O)(O)OCC3C(C(C(O3)N4C=NC5=C(N=CN=C54)N)OP(=O)(O)O)O)O)O,-1.5590909179347823,1.0485951900482178,-1.371598243713379,2.086300849914551
119,A0A1C9U547_wild,CC=CC(=O)SCCNC(=O)CCNC(=O)C(C(C)(C)COP(=O)(O)OP(=O)(O)OCC1C(C(C(O1)N2C=NC3=C(N=CN=C32)N)O)OP(=O)(O)O)O,-2.0163737128754655,0.9697604179382324,-0.9545567631721497,1.966279149055481
120,Q0P8U5_H17N,CC1C(C(C(C(O1)OP(=O)([O-])OP(=O)([O-])OCC2C(C(C(O2)N3C=CC(=O)NC3=O)O)O)NC(=O)C)O)NC(=O)C,0.11394335230683679,0.8485705852508545,-0.5806500911712646,1.112496018409729
121,Q0P8U5_wild,CC1C(C(C(C(O1)OP(=O)([O-])OP(=O)([O-])OCC2C(C(C(O2)N3C=CC(=O)NC3=O)O)O)NC(=O)C)O)NC(=O)C,-0.6020599913279624,0.9870246052742004,-0.6513429880142212,1.2162518501281738
122,Q0P8U5_N255A,CC1C(C(C(C(O1)OP(=O)([O-])OP(=O)([O-])OCC2C(C(C(O2)N3C=CC(=O)NC3=O)O)O)NC(=O)C)O)NC(=O)C,-0.3565473235138126,0.9028782248497009,-0.6071343421936035,1.1771352291107178
123,Q0P8U5_Y78F,CC1C(C(C(C(O1)OP(=O)([O-])OP(=O)([O-])OCC2C(C(C(O2)N3C=CC(=O)NC3=O)O)O)NC(=O)C)O)NC(=O)C,-0.05551732784983137,0.9559422135353088,-0.6296607255935669,1.196449875831604
124,A8W969_wild,C1C2C(C(O1)C(C(O2)O)O)OC3C(C(C(C(O3)CO)O)OC4C(C5C(C(O4)CO5)OC6C(C(C(C(O6)CO)O)O)O)O)O,-1.619788758288394,1.7263184785842896,0.07887507975101471,1.227369785308838
125,A0A545BBR2_wild,CC(=O)C(=O)C1=CC=CC=C1,-1.2218487496163564,1.2537468671798706,-0.22421884536743164,1.3370473384857178
126,A0A545BBR2_wild,C1=CC=C2C(=C1)C=CC(=O)C2=O,-1.0,1.4209645986557007,-1.230177402496338,1.9394097328186035
127,A0A545BBR2_wild,C1=CC=C(C=C1)C(=O)C(=O)C2=CC=C(C=C2)Cl,-0.7695510786217261,0.8264597058296204,-0.8783178329467773,1.5148589611053467
128,A0A545BBR2_wild,C1=CC=C(C=C1)C(=O)CN,-0.22184874961635637,1.2706338167190552,-0.5275789499282837,1.2688766717910767
129,A0A545BBR2_wild,CC(C(=O)C1=CC=CC=C1)Cl,-1.6989700043360187,0.7467113733291626,-0.15682819485664368,1.1037640571594238
130,A0A545BBR2_wild,C1C=CN(C=C1C(=O)N)C2C(C(C(O2)COP(=O)(O)OP(=O)(O)OCC3C(C(C(O3)N4C=NC5=C(N=CN=C54)N)O)O)O)O,-1.154901959985743,1.5267524719238281,-1.0541486740112305,1.7232545614242554
131,A0A545BBR2_wild,C1=CC(=C[N+](=C1)C2C(C(C(O2)COP(=O)([O-])OP(=O)(O)OCC3C(C(C(O3)N4C=NC5=C(N=CN=C54)N)O)O)O)O)C(=O)N,-0.958607314841775,1.4641237258911133,-0.7309017181396484,1.3606888055801392
132,A0A545BBR2_wild,CC(=O)CC(=O)C1=CC=CC=C1,-0.6989700043360187,0.7789558172225952,-0.337188184261322,1.320790410041809
133,A0A545BBR2_wild,COC(=O)C(=O)C1=CC=CC=C1,-0.721246399047171,1.3234729766845703,-0.06288063526153564,1.0388906002044678
134,A0A545BBR2_wild,CCC(=O)C1=CC=CC=C1,-2.0,0.9231106638908386,0.06514798104763031,1.2407424449920654
135,A0A545BBR2_wild,C1=CC=C2C(=C1)C(=O)C(=O)N2,-0.2924298239020636,1.4515308141708374,-0.8498538136482239,1.7320444583892822
136,A0A545BBR2_wild,C1=CC=C(C=C1)C(=O)C=O,0.7535830588929066,1.3031140565872192,-0.17498095333576202,1.1633836030960083
137,A0A545BBR2_wild,C1C2=CC=CC=C2C(=O)C1=O,0.359835482339888,1.5144383907318115,-0.8667811155319214,1.8357651233673096
138,Q8REE6_wild,C(CC(=O)O)C(C(=O)O)N,0.017033339298780276,0.8220270872116089,0.21045011281967163,0.4250296652317047
139,Q8REE6_wild,C(CC(C(=O)O)N)CC(=O)O,1.414973347970818,0.6866083741188049,-0.017395544797182083,0.6347695589065552
140,Q0GYU5_wild,CC(=O)C=O,-0.3979400086720376,1.3276005983352661,0.11282745003700256,0.8431819677352905
141,Q0GYU5_wild,C(C(C=O)O)O,-0.045757490560675115,1.593820333480835,0.9312912821769714,0.7128229141235352
142,Q0GYU5_wild,CC(=O)C(=O)C,-0.045757490560675115,1.3178726434707642,0.2773990333080292,1.1203900575637817
143,Q0GYU5_wild,C(=O)C=O,0.38021124171160603,1.7521363496780396,0.5621331334114075,1.0283429622650146
144,Q0GYU5_wild,C(C(=O)CO)O,0.7634279935629373,1.4409844875335693,0.6342755556106567,0.8427658677101135
145,P83772_wild,CN1CC(=O)N=C1N,1.414973347970818,1.6269272565841675,0.6962405443191528,1.0585439205169678
146,P83772_E122Q,CN1CC(=O)N=C1N,2.342422680822206,1.674670934677124,0.686985194683075,1.0793968439102173
147,P83772_Y121A,CN1CC(=O)N=C1N,2.204119982655925,1.6256006956100464,0.6968989968299866,1.055626630783081
148,P83772_W174F,CN1CC(=O)N=C1N,1.954242509439325,1.622833251953125,0.6908349394798279,1.0493850708007812
149,P83772_W154F,CN1CC(=O)N=C1N,2.5440680443502757,1.64165461063385,0.7074890732765198,1.0580642223358154
150,A0L8G5_wild,CC(C)(COP(=O)(O)OP(=O)(O)OCC1C(C(C(O1)N2C=NC3=C(N=CN=C32)N)O)OP(=O)(O)O)C(C(=O)NCCC(=O)NCCS)O,1.0,0.5201812982559204,-1.555368185043335,1.6232776641845703
151,A0L8G5_wild,CC(C)(COP(=O)(O)OP(=O)(O)OCC1C(C(C(O1)N2C=NC3=C(N=CN=C32)N)O)OP(=O)(O)O)C(C(=O)NCCC(=O)NCCSC(=O)CCC(=O)O)O,1.505149978319906,0.5426933169364929,-1.5071403980255127,1.7373878955841064
152,A0L8G5_wild,C(CC(=O)O)C(=O)C(=O)O,0.6901960800285136,0.7878105044364929,-0.3848506808280945,1.1940147876739502
153,Q8RJQ9_wild,C(CC(=O)O)C(=O)C(=O)O,-0.958607314841775,0.3887178301811218,-0.45939916372299194,0.8533158898353577
154,Q8RJQ9_wild,CC(C)(COP(=O)(O)OP(=O)(O)OCC1C(C(C(O1)N2C=NC3=C(N=CN=C32)N)O)OP(=O)(O)O)C(C(=O)NCCC(=O)NCCS)O,-0.5376020021010439,0.07280473411083221,-1.4950547218322754,1.3216023445129395
155,A0A0H3JT80_wild,CC(=O)C(=O)[O-],-1.537602002101044,1.288962960243225,-0.08189872652292252,0.41799449920654297
156,A0A0H3JT80_wild,C(C(=O)C(=O)O)C(=O)O,0.14612803567823798,1.2991752624511719,-0.6128681302070618,0.6984574198722839
157,A0A0H3JT80_wild,C(=O)C(=O)[O-],0.47712125471966244,1.5699342489242554,-0.23485597968101501,0.5385349988937378
158,Q8PI23_wild,C(C1C(C(C(C(O1)OC2C(OC(C(C2O)O)OC3C(OC(C(C3O)O)OC4C(OC(C(C4O)O)OC5C(OC(C(C5O)O)OC6C(OC(C(C6O)O)O)CO)CO)CO)CO)CO)O)O)O)O,0.7084209001347128,1.5464389324188232,-0.023347437381744385,1.1831742525100708
159,Q78J03_wild,C(C(C(CS)O)O)S,-1.5228787452803376,1.3414078950881958,-0.31249696016311646,1.9203946590423584
160,Q78J03_C98S,C(C(C(CS)O)O)S,-1.3010299956639813,1.378297209739685,-0.29554933309555054,1.9884698390960693
161,Q9HIN1_L18A,CC(CCO)(CC(=O)[O-])O,0.4913616938342727,0.16290047764778137,-0.4380042552947998,0.2881288230419159
162,Q9HIN1_T275A,CC(CCO)(CC(=O)[O-])O,-0.22914798835785574,0.05099751055240631,-0.4167752265930176,0.22882115840911865
163,Q9HIN1_wild,CC(CCO)(CC(=O)[O-])O,-0.8860566476931633,0.0952160432934761,-0.4087378978729248,0.23608852922916412
164,Q9HIN1_S105A,CC(CCO)(CC(=O)[O-])O,-0.5686362358410126,0.04353048652410507,-0.40305566787719727,0.21886572241783142
165,Q9HIN1_R185K,CC(CCO)(CC(=O)[O-])O,0.2253092817258629,0.1052219420671463,-0.39974087476730347,0.23180675506591797
166,Q8NNA7_H461A,C(C1C(C(C(C(O1)OC2C(OC(C(C2O)O)OC3C(OC(C(C3O)O)O)CO)CO)O)O)O)O,1.5526682161121932,-0.021297156810760498,0.6604740023612976,0.4802359938621521
167,Q8NNA7_H461D,C(C1C(C(C(C(O1)OC2C(OC(C(C2O)O)OC3C(OC(C(C3O)O)O)CO)CO)O)O)O)O,1.5705429398818975,0.011794164776802063,0.6557831764221191,0.49721792340278625
168,Q8NNA7_wild,C(C1C(C(C(C(O1)OC2C(OC(C(C2O)O)OC3C(OC(C(C3O)O)O)CO)CO)O)O)O)O,1.2278867046136734,0.19452202320098877,0.6089636087417603,0.628748893737793
169,Q8NNA7_H461S,C(C1C(C(C(C(O1)OC2C(OC(C(C2O)O)OC3C(OC(C(C3O)O)O)CO)CO)O)O)O)O,1.545307116465824,-0.00019319355487823486,0.6674617528915405,0.4851166605949402
170,Q8NNA7_H461R,C(C1C(C(C(C(O1)OC2C(OC(C(C2O)O)OC3C(OC(C(C3O)O)O)CO)CO)O)O)O)O,1.5728716022004803,-0.08776727318763733,0.6435951590538025,0.46887263655662537
171,Q8NNA7_H461W,C(C1C(C(C(C(O1)OC2C(OC(C(C2O)O)OC3C(OC(C(C3O)O)O)CO)CO)O)O)O)O,1.5587085705331658,-0.0009294301271438599,0.6732356548309326,0.47336262464523315
172,Q9FA38_wild,C=O,-0.6989700043360187,1.4230815172195435,1.1559038162231445,0.6000070571899414
173,Q9FA38_wild,CC1C(NC2=C(N1)N=C(NC2=O)N)C(C)NC3=CC=C(C=C3)CC(C(C(COC4C(C(C(O4)COP(=O)(O)OC(CCC(=O)O)C(=O)O)O)O)O)O)O,0.0,-0.4156287908554077,-1.0169390439987183,0.6856081485748291
174,P42527_K722N,C1=NC(=C2C(=N1)N(C=N2)C3C(C(C(O3)COP(=O)(O)OP(=O)(O)OP(=O)(O)O)O)O)N,-1.2006594505464183,-1.2112594842910767,-0.7419447302818298,0.5810025930404663
175,P42527_wild,C1=NC(=C2C(=N1)N(C=N2)C3C(C(C(O3)COP(=O)(O)OP(=O)(O)OP(=O)(O)O)O)O)N,-0.6382721639824072,-1.2064324617385864,-0.7405791282653809,0.5902860760688782
176,P42527_R592L,C1=NC(=C2C(=N1)N(C=N2)C3C(C(C(O3)COP(=O)(O)OP(=O)(O)OP(=O)(O)O)O)O)N,-1.2365720064370627,-1.2064324617385864,-0.7405791282653809,0.5902860760688782
177,A3TGI7_wild,C=C(C(=O)O)OP(=O)(O)O,-1.5228787452803376,0.09638873487710953,-0.6672398447990417,0.9785268902778625
178,A3TGI7_wild,C1C(C(C(C=C1C(=O)[O-])OP(=O)([O-])[O-])O)O,-1.080921907623926,0.23956844210624695,-0.6976072192192078,1.2740023136138916
179,A0A1Y2HEJ3_wild,C1=NC2=C(N1C3C(C(C(O3)COP(=O)(O)OP(=O)(O)OP(=O)(O)O)O)O)N=C(NC2=O)N,0.761927838420529,0.1361915022134781,-0.9593220353126526,1.3172446489334106
180,A0A0A8JIJ3_wild,C1=CC2=C(C=C1[N+](=O)[O-])C=NO2,-0.0757207139381183,0.43586188554763794,-0.28404343128204346,0.9374068379402161
181,P05164_wild,CC(=O)N1C2=C(C=C(C=C2)O)OC3=C1C=CC(=C3)O,-1.5086383061657274,1.7696895599365234,-0.9755353331565857,2.0366454124450684
182,P71079_wild,C1C=CN(C=C1C(=O)N)C2C(C(C(O2)COP(=O)(O)OP(=O)(O)OCC3C(C(C(O3)N4C=NC5=C(N=CN=C54)N)OP(=O)(O)O)O)O)O,-1.7958800173440752,0.385759174823761,-1.3360953330993652,1.3616448640823364
183,A0ZXY5_wild,OO,-1.7304870557820837,2.1060051918029785,-1.0104596614837646,2.2400050163269043
184,E3PY96_wild,C(CC(C(=O)O)N)CN,-0.7235381958267558,1.3345710039138794,-0.4558658003807068,1.7394049167633057
185,Q9JZ55_N23C,C=C(C(=O)O)OP(=O)(O)O,-2.2676062401770314,0.253315806388855,-1.0566062927246094,1.6804778575897217
186,Q9JZ55_P249A,C(C(C(C(C=O)O)O)O)OP(=O)(O)O,-1.9208187539523751,0.18274490535259247,-0.09746970236301422,1.1475942134857178
187,Q9JZ55_N23C/C246S/D247E/P249A,C=C(C(=O)O)OP(=O)(O)O,-1.6575773191777938,0.15824398398399353,-1.004763126373291,1.5696923732757568
188,Q9JZ55_wild,C=C(C(=O)O)OP(=O)(O)O,-2.6020599913279625,0.19425414502620697,-1.0493977069854736,1.6421871185302734
189,P0A715_N26C,C=C(C(=O)O)OP(=O)(O)O,-2.2365720064370627,0.19902156293392181,-1.1704702377319336,1.623060941696167
190,Q9JZ55_D247E/P249A,C(C(C(C(C=O)O)O)O)OP(=O)(O)O,-1.1307682802690238,0.07680158317089081,-0.076245978474617,1.0102235078811646
191,O66496_wild,C(C(C(C(C=O)O)O)O)OP(=O)(O)O,-1.7153437172114843,1.0780378580093384,-0.6429525017738342,1.5480420589447021
192,O66496_wild,C=C(C(=O)O)OP(=O)(O)O,-3.5528419686577806,0.7829213738441467,-1.235797643661499,1.9410464763641357
193,P0A715_wild,C(C(C(C(C=O)O)O)O)OP(=O)(O)O,-2.111820506081675,0.15229035913944244,-0.23904798924922943,1.1421892642974854
194,P0A715_wild,C=C(C(=O)O)OP(=O)(O)O,-2.3535962737769305,0.16735374927520752,-1.158428430557251,1.60274076461792
195,P0A715_N26C,C(C(C(C(C=O)O)O)O)OP(=O)(O)O,-1.1549019599857433,0.173564612865448,-0.2596192955970764,1.1536985635757446
196,Q8GLK7_wild,C(C(C(C(C=O)O)O)O)OP(=O)(O)O,-1.744727494896694,0.6397812962532043,-0.4423888921737671,1.1731739044189453
197,Q8GLK7_wild,C=C(C(=O)O)OP(=O)(O)O,-1.7958800173440752,0.33431464433670044,-1.088014841079712,1.5838258266448975
198,Q8GLK7_C11N,C(C(C(C(C=O)O)O)O)OP(=O)(O)O,-0.853871964321762,0.6325530409812927,-0.40905147790908813,1.151193380355835
199,Q8GLK7_C11N,C=C(C(=O)O)OP(=O)(O)O,-1.769551078621726,0.33598989248275757,-1.079483985900879,1.567631483078003
200,Q9JZ55_N23C/C246S,C=C(C(=O)O)OP(=O)(O)O,-1.3010299956639813,0.2872775197029114,-1.0615241527557373,1.7081596851348877
201,Q9JZ55_wild,C(C(C(C(C=O)O)O)O)OP(=O)(O)O,-2.2441251443275085,0.18317165970802307,-0.11737377941608429,1.1391640901565552
202,Q9JZ55_D247E/N23C,C(C(C(C(C=O)O)O)O)OP(=O)(O)O,-1.2218487496163564,0.09862124919891357,-0.10501595586538315,1.0287389755249023
203,Q9JZ55_N23C/P249A,C=C(C(=O)O)OP(=O)(O)O,-2.42021640338319,0.25695639848709106,-1.030648946762085,1.6894497871398926
204,Q9JZ55_D247E,C=C(C(=O)O)OP(=O)(O)O,-2.309803919971486,0.10594044625759125,-1.03609299659729,1.5363883972167969
205,Q9JZ55_N23C/P249A,C(C(C(C(C=O)O)O)O)OP(=O)(O)O,-0.9625735020593763,0.22407932579517365,-0.10546199977397919,1.185523509979248
206,Q9JZ55_N23C/C246S/P249A,C(C(C(C(C=O)O)O)O)OP(=O)(O)O,-0.721246399047171,0.2753150165081024,-0.11657129228115082,1.2240451574325562
207,Q9JZ55_N23C/C246S/D247E/P249A,C(C(C(C(C=O)O)O)O)OP(=O)(O)O,-0.2676062401770315,0.11288982629776001,-0.08398953080177307,1.0380955934524536
208,Q9JZ55_N23C/C246S/D247E,C=C(C(=O)O)OP(=O)(O)O,-1.8153085691824011,0.14971251785755157,-1.0362372398376465,1.5530846118927002
209,Q9JZ55_P249A,C=C(C(=O)O)OP(=O)(O)O,-2.3279021420642825,0.1962490677833557,-1.0240696668624878,1.6515233516693115
210,Q9JZ55_D247E/P249A,C=C(C(=O)O)OP(=O)(O)O,-2.070581074285707,0.10880085825920105,-1.0076229572296143,1.5418906211853027
211,Q9JZ55_N23C/C246S,C(C(C(C(C=O)O)O)O)OP(=O)(O)O,0.017033339298780276,0.2718766927719116,-0.13686694204807281,1.2103712558746338
212,Q9JZ55_C246S,C=C(C(=O)O)OP(=O)(O)O,-2.0315170514460648,0.23127417266368866,-1.0550751686096191,1.6729328632354736
213,Q9JZ55_C246S,C(C(C(C(C=O)O)O)O)OP(=O)(O)O,-0.6716203965612623,0.23126894235610962,-0.1271900087594986,1.1722983121871948
214,Q9JZ55_N23C/C246S/P249A,C=C(C(=O)O)OP(=O)(O)O,-2.0222763947111524,0.2990455627441406,-1.036632776260376,1.7254347801208496
215,Q9JZ55_N23C/C246S/D247E,C(C(C(C(C=O)O)O)O)OP(=O)(O)O,-0.3027706572402825,0.10863639414310455,-0.11201781034469604,1.0274138450622559
216,Q8YWS9_R429N,C(C1C(C(C(C(O1)OC2(C(C(C(O2)CO)O)O)CO)O)O)O)O,1.4329692908744056,1.0202219486236572,0.47885626554489136,0.7301093935966492
217,C0LIF8_wild,C(C1C(C(C(C(O1)OC2(C(C(C(O2)CO)O)O)CO)O)O)O)O,0.39093510710337914,1.4328010082244873,0.41972464323043823,0.7018548846244812
218,Q8YYM9_wild,C(C1C(C(C(C(O1)OC2(C(C(C(O2)CO)O)O)CO)O)O)O)O,0.9493900066449128,1.0282073020935059,0.364261656999588,0.6025328636169434
219,Q8YYM9_R430N,C(C1C(C(C(C(O1)OC2(C(C(C(O2)CO)O)O)CO)O)O)O)O,1.2576785748691846,1.0368974208831787,0.3917921185493469,0.6062244176864624
220,Q8YWS9_wild,C(C1C(C(C(C(O1)OC2(C(C(C(O2)CO)O)O)CO)O)O)O)O,1.4871383754771865,1.013276219367981,0.4635089039802551,0.7163915634155273
221,Q8YWS9_R429A,C(C1C(C(C(C(O1)OC2(C(C(C(O2)CO)O)O)CO)O)O)O)O,1.9508514588885464,1.0111868381500244,0.4778122305870056,0.7210385799407959
222,Q76KC2_wild,C1=CC(=C[N+](=C1)C2C(C(C(O2)COP(=O)([O-])OP(=O)(O)OCC3C(C(C(O3)N4C=NC5=C(N=CN=C54)N)O)O)O)O)C(=O)N,-1.3767507096020997,1.225143313407898,-0.6379663348197937,1.239030361175537
223,Q76KC2_wild,CC1C(C(C(C(O1)O)O)O)O,-0.38721614328026455,1.8422462940216064,1.0779681205749512,0.7962539196014404
224,Q76KC2_wild,C1=CC(=C[N+](=C1)C2C(C(C(O2)COP(=O)(O)OP(=O)(O)OCC3C(C(C(O3)N4C=NC5=C(N=CN=C54)N)OP(=O)(O)O)O)O)O)C(=O)N,-0.23657200643706275,1.0495325326919556,-0.8393363952636719,1.2977467775344849
225,Q76KC2_wild,C(C(C(C(C=O)O)O)O)O,0.5440680443502757,1.636950135231018,1.4388713836669922,0.5791990756988525
226,Q76KC2_wild,CC1=NC=C(C(=C1O)C=O)CO,1.1139433523068367,1.0807734727859497,-0.6430128812789917,1.2364414930343628
227,Q39078_wild,C(CC(=O)NC(CS)C(=O)NCC(=O)O)C(C(=O)O)N,-0.6020599913279624,0.8772994875907898,-0.587124764919281,1.196410059928894
228,Q975F9_wild,C(C1C(C(C(C(O1)OP(=O)(O)O)N)O)O)O,-0.22914798835785574,1.3926331996917725,-1.0188853740692139,1.6875922679901123
229,Q975F9_wild,CC(=O)SCCNC(=O)CCNC(=O)C(C(C)(C)COP(=O)(O)OP(=O)(O)OCC1C(C(C(O1)N2C=NC3=C(N=CN=C32)N)O)OP(=O)(O)O)O,-0.2006594505464183,1.1599420309066772,-1.2653141021728516,1.7107830047607422
230,P14192_C380A/C405S,C(C1C(C(C(C(O1)OP(=O)(O)O)N)O)O)O,-0.3279021420642826,1.272230863571167,-0.7374089360237122,1.2130142450332642
231,P14192_wild,C(C1C(C(C(C(O1)OP(=O)(O)O)N)O)O)O,-0.47755576649368014,1.3351689577102661,-0.6662791967391968,1.2323397397994995
232,P14192_C405A,C(C1C(C(C(C(O1)OP(=O)(O)O)N)O)O)O,-0.5559552040819238,1.2817977666854858,-0.6942237019538879,1.2027736902236938
233,P14192_V385C/C405S,C(C1C(C(C(C(O1)OP(=O)(O)O)N)O)O)O,-0.5171264163912462,1.278045892715454,-0.683102011680603,1.2030378580093384
234,P14192_C380A,CC(=O)SCCNC(=O)CCNC(=O)C(C(C)(C)COP(=O)(O)OP(=O)(O)OCC1C(C(C(O1)N2C=NC3=C(N=CN=C32)N)O)OP(=O)(O)O)O,-0.2196826878598487,1.2609612941741943,-1.066939353942871,1.526469349861145
235,P14192_C405S,C(C1C(C(C(C(O1)OP(=O)(O)O)N)O)O)O,-0.44490555142168087,1.2816394567489624,-0.6976036429405212,1.2026050090789795
236,P14192_C380A,C(C1C(C(C(C(O1)OP(=O)(O)O)N)O)O)O,-0.6179829574251317,1.2683348655700684,-0.6900094151496887,1.2015118598937988
237,P14192_C380A/C405S,CC(=O)SCCNC(=O)CCNC(=O)C(C(C)(C)COP(=O)(O)OP(=O)(O)OCC1C(C(C(O1)N2C=NC3=C(N=CN=C32)N)O)OP(=O)(O)O)O,-0.19517932127883766,1.261323094367981,-1.1012439727783203,1.5384643077850342
238,P14192_V385C/C405S,CC(=O)SCCNC(=O)CCNC(=O)C(C(C)(C)COP(=O)(O)OP(=O)(O)OCC1C(C(C(O1)N2C=NC3=C(N=CN=C32)N)O)OP(=O)(O)O)O,-0.7011469235902933,1.284694790840149,-1.051713228225708,1.535512924194336
239,P14192_wild,CC(=O)SCCNC(=O)CCNC(=O)C(C(C)(C)COP(=O)(O)OP(=O)(O)OCC1C(C(C(O1)N2C=NC3=C(N=CN=C32)N)O)OP(=O)(O)O)O,0.26030994579492,1.3468081951141357,-1.044424295425415,1.5700302124023438
240,P14192_C405S,CC(=O)SCCNC(=O)CCNC(=O)C(C(C)(C)COP(=O)(O)OP(=O)(O)OCC1C(C(C(O1)N2C=NC3=C(N=CN=C32)N)O)OP(=O)(O)O)O,0.29292029960000615,1.2874681949615479,-1.0677430629730225,1.5352146625518799
241,P14192_C405A,CC(=O)SCCNC(=O)CCNC(=O)C(C(C)(C)COP(=O)(O)OP(=O)(O)OCC1C(C(C(O1)N2C=NC3=C(N=CN=C32)N)O)OP(=O)(O)O)O,0.08386080086657301,1.2851227521896362,-1.063711166381836,1.5325977802276611
242,Q8PWY1_L301M/Y306L/C348S/A315V,CC(=O)NC(CCCCN)C(=O)O,0.8920946026904804,-1.452933430671692,-0.3068561553955078,0.38951125741004944
243,Q8PWY1_L301M/Y306L/L309A/C348F,CC(=O)NC(CCCCN)C(=O)O,1.5477747053878226,-1.4600059986114502,-0.27071088552474976,0.3784306049346924
244,C7SHN9_wild,CC(=CCCC(=CCOP(=O)(O)OP(=O)(O)O)C)C,-2.552841968657781,-1.0761913061141968,-2.236496686935425,0.8695081472396851
245,C7SHN9_wild,CC(=CCCC(=CCCC(=CCOP(=O)(O)OP(=O)(O)O)C)C)C,-2.0222763947111524,-1.0429792404174805,-2.458493709564209,0.9647698998451233
246,Q9HIC2_wild,C(C1C(C(C(C(O1)O)O)O)O)OP(=O)(O)O,-0.6020599913279624,0.8462287187576294,-0.29852086305618286,1.2408759593963623
247,Q9HIC2_wild,C(C(C(C(C(C=O)O)O)O)O)OP(=O)(O)O,-0.1426675035687919,0.8130731582641602,-0.23099593818187714,1.0925993919372559
248,Q14562_wild,C1=NC(=C2C(=N1)N(C=N2)C3C(C(C(O3)COP(=O)(O)OP(=O)(O)OP(=O)(O)O)O)O)N,-1.2291479883578558,-0.4455385208129883,-1.2043375968933105,1.1084365844726562
249,O46411_G319D,C1=NC2=C(C(=O)N1)N=CN2C3C(C(C(O3)COP(=O)(O)O)O)O,-1.3010299956639813,-0.24494464695453644,-1.2719078063964844,1.2272835969924927
250,O46411_K311A,C1=NC2=C(C(=O)N1)N=CN2C3C(C(C(O3)COP(=O)(O)O)O)O,-1.3979400086720375,-0.24299566447734833,-1.2860119342803955,1.2491787672042847
251,P07024_P90C/L424C,C1=NC(=C2C(=N1)N(C=N2)C3C(C(C(O3)COP(=O)(O)O)O)O)N,-1.958607314841775,1.8812339305877686,-1.7295794486999512,2.407517433166504
252,P07024_wild,C1=NC(=C2C(=N1)N(C=N2)C3C(C(C(O3)COP(=O)(O)O)O)O)N,-1.1307682802690238,1.970683217048645,-1.7094876766204834,2.519383668899536
253,P07024_wild,C1=CC(=CC=C1[N+](=O)[O-])OP(=O)(O)O,0.6758699553189476,2.0000903606414795,-0.6046037673950195,1.7223999500274658
254,P07024_P90C/L424C,C1=CC(=CC=C1[N+](=O)[O-])OP(=O)(O)O,0.7287594751678745,1.8227273225784302,-0.5516438484191895,1.522002935409546
255,Q5ZZB6_wild,C1=NC2=C(C(=O)N1)N=CN2C3C(C(C(O3)COP(=O)(O)O)O)O,1.255272505103306,0.26717227697372437,-0.6634846329689026,0.9547622203826904
256,Q5ZZB6_wild,C1C(C(OC1N2C=NC3=C2N=C(NC3=O)N)COP(=O)(O)O)O,2.1522883443830567,0.09519438445568085,-0.5330595374107361,0.8767483234405518
257,Q5ZZB6_wild,C1=NC2=C(N1C3C(C(C(O3)COP(=O)(O)O)O)O)N=C(NC2=O)N,0.8573324964312685,0.24576598405838013,-0.4504687786102295,0.8419691324234009
258,O46411_Y115A,C1=NC2=C(C(=O)N1)N=CN2C3C(C(C(O3)COP(=O)(O)O)O)O,-1.2218487496163564,-0.23685364425182343,-1.2709791660308838,1.2382394075393677
259,O46411_D396A,C1=NC2=C(C(=O)N1)N=CN2C3C(C(C(O3)COP(=O)(O)O)O)O,-1.0,-0.24709253013134003,-1.2631754875183105,1.20672607421875
260,P0A840_wild,C1=NC(=C2C(=N1)N(C=N2)C3C(C(C(O3)CO)OP(=O)(O)O)O)N,-1.0,0.670032262802124,-0.813075840473175,1.8616464138031006
261,P0A840_wild,C1=NC2=C(N1C3C(C(C(O3)COP(=O)(O)O)O)O)N=C(NC2=O)N,-0.5850266520291821,0.49641501903533936,-0.7371212244033813,1.7275798320770264
262,P0A840_wild,C1C(C(OC1N2C=NC3=C(N=CN=C32)N)COP(=O)(O)O)O,-1.9208187539523751,0.08133586496114731,-0.5888274312019348,1.3917651176452637
263,P0A840_wild,CC1=CN(C(=O)NC1=O)C2CC(C(O2)COP(=O)(O)O)O,-2.0969100130080562,0.21225698292255402,-0.7795491814613342,1.466027021408081
264,P0A840_wild,C1C(C(OC1N2C=NC3=C2N=C(NC3=O)N)COP(=O)(O)O)O,-0.5528419686577808,0.10579400509595871,-0.5258924961090088,1.5281269550323486
265,P0A840_wild,C1=CN(C(=O)N=C1N)C2C(C(C(O2)CO)OP(=O)(O)O)O,-0.431798275933005,0.6759026050567627,-0.637147068977356,1.7577253580093384
266,B1XCS0_wild,C1=NC(=C2C(=N1)N(C=N2)C3C(C(C(O3)COP(=O)(O)O)O)O)N,-2.9208187539523753,0.8301281332969666,-0.8752401471138,2.0090651512145996
267,P0A840_wild,C1=CC(=CC=C1[N+](=O)[O-])OP(=O)(O)O,0.3961993470957364,0.8749852776527405,0.1443832963705063,1.0547246932983398
268,P49902_wild,C1=NC(=NN1C2C(C(C(O2)CO)O)O)C(=O)N,-1.0222763947111522,-0.19272765517234802,-0.7579603791236877,1.2296230792999268
269,P49902_wild,C1=NC2=C(C(=O)N1)N=CN2C3C(C(C(O3)CO)O)O,0.3364597338485295,0.001916244626045227,-1.021133542060852,1.3815937042236328
270,O28294_wild,C1C=CN(C=C1C(=O)N)C2C(C(C(O2)COP(=O)(O)OP(=O)(O)OCC3C(C(C(O3)N4C=NC5=C(N=CN=C54)N)O)O)O)O,-2.3010299956639813,0.5106073617935181,-1.102069616317749,0.9970407485961914
271,A0A3G4RHV5_wild,C(C1C(C(C(C(O1)O)O)O)O)O,-0.3467874862246563,1.090494990348816,-0.10870065540075302,0.8705675601959229
272,A0A160PRJ4_wild,C1=NC2=C(C(=O)N1)N=CN2C3C(C(C(O3)COP(=O)(O)OP(=O)(O)OP(=O)(O)O)O)O,-0.09691001300805639,0.5427626967430115,-0.3286462426185608,1.0695897340774536
273,A0A160PRJ4_wild,C1=CN(C(=O)NC1=O)C2C(C(C(O2)COP(=O)(O)OP(=O)(O)OP(=O)(O)O)O)O,0.17609125905568124,0.4538569450378418,-0.1714710146188736,0.8326042294502258
274,A0A160PRJ4_wild,C1=NC2=C(N1C3C(C(C(O3)COP(=O)(O)OP(=O)(O)OP(=O)(O)O)O)O)N=C(NC2=O)N,0.5440680443502757,0.3579080104827881,-0.4511805474758148,1.0473260879516602
275,A0A160PRJ4_wild,C1=CN(C(=O)N=C1N)C2C(C(C(O2)COP(=O)(O)OP(=O)(O)OP(=O)(O)O)O)O,0.5910646070264992,0.5038402080535889,-0.3055749833583832,0.7884334325790405
276,A0A160PRJ4_wild,C1=NC(=C2C(=N1)N(C=N2)C3C(C(C(O3)COP(=O)(O)OP(=O)(O)OP(=O)(O)O)O)O)N,0.7781512503836436,0.6593425869941711,-0.4108140170574188,1.0652074813842773
277,Q9ADE8_wild,C(C1C(C(C(C(O1)O)O)O)O)O,-1.9208187539523751,0.8890435099601746,0.023927107453346252,0.9180339574813843
278,Q84VV6_wild,C1=NC(=C2C(=N1)N(C=N2)C3C(C(C(O3)COP(=O)(O)OS(=O)(=O)O)O)O)N,0.0,-0.2640339732170105,-1.9318280220031738,1.663712501525879
279,Q84VV6_wild,[O-]P(=O)([O-])[O-],2.778151250383644,0.4489133954048157,-0.6377685070037842,1.0324435234069824
280,Q6J1Z6_wild,C1=CC=C(C(=C1)N)O,-3.050609993355087,0.29477250576019287,-0.7862977385520935,0.29307910799980164
281,Q6J1Z6_wild,C1=CC(=C(C=C1Cl)O)N,-3.113509274827518,0.08221927285194397,-1.1964197158813477,0.6303422451019287
282,O26153_wild,C1=NC(=C2C(=N1)N(C=N2)C3C(C(C(O3)COP(=O)(O)OP(=O)(O)O)O)O)N,-1.8860566476931633,0.8767374157905579,-0.8769732117652893,1.6957420110702515
283,O26153_wild,CC(=CCCC(=CCOP(=O)(O)O)C)C,-0.13076828026902382,-0.5003566741943359,-1.4719998836517334,0.8750633001327515
284,O26153_wild,CC(=C)CCOP(=O)(O)OP(=O)(O)O,-2.1191864077192086,0.12433993816375732,-1.589799404144287,1.5578209161758423
285,O26153_wild,C1=NC(=C2C(=N1)N(C=N2)C3C(C(C(O3)COP(=O)(O)OP(=O)(O)OP(=O)(O)O)O)O)N,-1.8728952016351923,0.8748224377632141,-0.7605605721473694,1.5024051666259766
286,O26153_wild,CCCCOP(=O)(OCCCC)OCCCC,-1.5800442515102422,1.0697001218795776,-0.4596392810344696,1.5210976600646973
287,O26153_wild,CC(=C)CCOP(=O)(O)O,-1.8961962790440432,0.6466476321220398,-1.4263546466827393,1.54851496219635
288,O26153_wild,CC(=CCOP(=O)(O)O)C,-1.3645162531850878,0.36712419986724854,-0.9892027974128723,1.1455501317977905
289,A0A0A7H9C0_wild,CCCCCCCCCCCCCC=CC(C(COP(=O)(O)O)N)O,-0.5850266520291821,-0.6284981369972229,-0.9529995322227478,0.6750856637954712
290,Q52TE7_wild,C1C=CN(C=C1C(=O)N)C2C(C(C(O2)COP(=O)(O)OP(=O)(O)OCC3C(C(C(O3)N4C=NC5=C(N=CN=C54)N)OP(=O)(O)O)O)O)O,-2.468521082957745,0.5690266489982605,-1.3209455013275146,1.6742305755615234
291,Q52TE7_wild,C1C=CN(C=C1C(=O)N)C2C(C(C(O2)COP(=O)(O)OP(=O)(O)OCC3C(C(C(O3)N4C=NC5=C(N=CN=C54)N)O)O)O)O,-0.8996294548824371,0.5494824647903442,-1.0536725521087646,1.5871737003326416
292,Q13574_wild,C1=NC(=C2C(=N1)N(C=N2)C3C(C(C(O3)COP(=O)(O)OP(=O)(O)OP(=O)(O)O)O)O)N,-1.3010299956639813,0.2666035294532776,-1.3470258712768555,1.231579303741455
293,Q92484_wild,C1=NC(=C2C(=N1)N(C=N2)C3C(C(C(O3)COP(=O)(O)OP(=O)(O)O)O)O)N,-0.51427857351842,0.43734145164489746,-1.1365485191345215,1.3141734600067139
294,Q92484_wild,C1=NC(=C2C(=N1)N(C=N2)C3C(C(C(O3)COP(=O)(O)OP(=O)(O)OP(=O)(O)O)O)O)N,-0.485452247339714,0.4566383361816406,-0.9599581360816956,1.1337398290634155
295,Q92484_wild,C[N+](C)(C)CCOP(=O)([O-])OP(=O)(O)OCC1C(C(C(O1)N2C=CC(=NC2=O)N)O)O,-0.5816987086802545,1.2056424617767334,-1.056351661682129,1.318070411682129
296,Q92484_wild,C1=NC(=C2C(=N1)N(C=N2)C3C(C(C(O3)COP(=O)(O)OP(=O)(O)OCC4C(C(C(O4)O)O)O)O)O)N,-0.45842075605341914,0.708442747592926,-1.2341499328613281,1.358389973640442
297,Q92484_wild,C1=CN(C(=O)N=C1N)C2C(C(C(O2)COP(=O)(O)OP(=O)(O)OCCN)O)O,-0.40782324260413316,0.7162542939186096,-1.063277006149292,1.2594693899154663
298,O30012_wild,C1=CC(C=CC1O)(CC(=O)C(=O)O)C(=O)O,-0.3467874862246563,0.4456512928009033,-0.6433517932891846,1.04374361038208
299,O30012_wild,C1=CC(=C[N+](=C1)C2C(C(C(O2)COP(=O)([O-])OP(=O)(O)OCC3C(C(C(O3)N4C=NC5=C(N=CN=C54)N)O)O)O)O)C(=O)N,-1.3279021420642825,0.7359009385108948,-0.515102744102478,1.3171476125717163
300,Q9I6Z0_wild,C1=CN=C(NC1=O)N,0.25527250510330607,0.30954664945602417,-0.4989278316497803,1.2292240858078003
301,Q9I6Z0_wild,C1=NC2=C(N1)C(=O)NC(=N2)N,0.414973347970818,0.3512219190597534,-1.0329763889312744,1.4108235836029053
302,G7CFI3_Y377F,C[N+](C)(C)C(CC1=CN=CN1)C(=O)[O-],-1.6575773191777938,0.7289288640022278,0.2303943932056427,0.3909761607646942
303,Q99036_wild,C(C1C(C(C(C(O1)OC2C(OC(C(C2O)O)OC3C(OC(C(C3O)O)OC4C(OC(C(C4O)O)OC5C(OC(C(C5O)O)OC6C(OC(C(C6O)O)O)CO)CO)CO)CO)CO)O)O)O)O,-1.3010299956639813,0.9037676453590393,-0.3796085715293884,1.1682649850845337
304,Q99036_wild,C(C1C(C(C(C(O1)OC2C(OC(C(C2O)O)OC3C(OC(C(C3O)O)OC4C(OC(C(C4O)O)O)CO)CO)CO)O)O)O)O,-0.5086383061657274,0.49203771352767944,-0.32751786708831787,1.0525670051574707
305,Q99036_wild,C(C1C(C(C(C(O1)OC(CO)C(C(C(C=O)OC2C(C(C(C(O2)CO)O)O)O)OC3C(C(C(C(O3)CO)O)O)O)OC4C(C(C(C(O4)CO)O)O)O)O)O)O)O,-1.0969100130080565,0.9192042350769043,-0.5750998854637146,1.209481120109558
306,D3PT81_wild,C1C=CN(C=C1C(=O)N)C2C(C(C(O2)COP(=O)(O)OP(=O)(O)OCC3C(C(C(O3)N4C=NC5=C(N=CN=C54)N)OP(=O)(O)O)O)O)O,-1.6989700043360187,0.23403438925743103,-1.3895339965820312,1.134761095046997
307,A6UW80_G50D/S52D,C1C=CN(C=C1C(=O)N)C2C(C(C(O2)COP(=O)(O)OP(=O)(O)OCC3C(C(C(O3)N4C=NC5=C(N=CN=C54)N)OP(=O)(O)O)O)O)O,-1.0969100130080565,0.05446478724479675,-1.5071210861206055,1.0502618551254272
308,C8WR67_wild,C1C=CN(C=C1C(=O)N)C2C(C(C(O2)COP(=O)(O)OP(=O)(O)OCC3C(C(C(O3)N4C=NC5=C(N=CN=C54)N)OP(=O)(O)O)O)O)O,-1.744727494896694,0.1059303805232048,-1.4072813987731934,0.8648079633712769
309,C8WR67_R48P/S51L/S52D/R84A,C1C=CN(C=C1C(=O)N)C2C(C(C(O2)COP(=O)(O)OP(=O)(O)OCC3C(C(C(O3)N4C=NC5=C(N=CN=C54)N)O)O)O)O,-1.5686362358410126,0.27989763021469116,-0.8427788019180298,0.6941775679588318
310,C8WR67_wild,C1C=CN(C=C1C(=O)N)C2C(C(C(O2)COP(=O)(O)OP(=O)(O)OCC3C(C(C(O3)N4C=NC5=C(N=CN=C54)N)O)O)O)O,-1.5528419686577808,0.22931687533855438,-0.8995099067687988,0.6886820793151855
311,C8WR67_R48P/S51L/S52D,C1C=CN(C=C1C(=O)N)C2C(C(C(O2)COP(=O)(O)OP(=O)(O)OCC3C(C(C(O3)N4C=NC5=C(N=CN=C54)N)O)O)O)O,-1.3665315444204134,0.23804111778736115,-0.8358467221260071,0.66420978307724
312,D3PT81_T84S,CC(=O)C(C)(C(=O)O)O,-0.8239087409443188,0.4229947328567505,0.0838865339756012,0.2041185051202774
313,D3PT81_wild,CC(=O)C(C)(C(=O)O)O,-0.619788758288394,0.4485049843788147,0.08977693319320679,0.231777623295784
314,P9WKJ7_wild,CC(=O)C(C)(C(=O)O)O,-0.958607314841775,-0.15427346527576447,0.04770389199256897,-0.07940411567687988
315,P9WKJ7_wild,C(C(=O)C(=O)O)O,-0.5376020021010439,-0.3004675507545471,0.43541741371154785,0.19816240668296814
316,P9WKJ7_wild,C(C(=O)C(=O)[O-])O,0.3222192947339193,-0.09241379797458649,0.29694831371307373,0.3802793622016907
317,P9WKJ7_wild,CC(=O)C(C)(C(=O)[O-])O,0.7781512503836436,-0.24572904407978058,0.20251524448394775,-0.07226869463920593
318,A6UW80_G50D/S52D,C1C=CN(C=C1C(=O)N)C2C(C(C(O2)COP(=O)(O)OP(=O)(O)OCC3C(C(C(O3)N4C=NC5=C(N=CN=C54)N)O)O)O)O,-1.585026652029182,0.09631706029176712,-1.1704652309417725,0.8784410357475281
319,A6UW80_wild,C1C=CN(C=C1C(=O)N)C2C(C(C(O2)COP(=O)(O)OP(=O)(O)OCC3C(C(C(O3)N4C=NC5=C(N=CN=C54)N)O)O)O)O,-1.2291479883578558,0.1645801067352295,-1.2111477851867676,0.9747333526611328
320,A6UW80_wild,C1C=CN(C=C1C(=O)N)C2C(C(C(O2)COP(=O)(O)OP(=O)(O)OCC3C(C(C(O3)N4C=NC5=C(N=CN=C54)N)OP(=O)(O)O)O)O)O,-1.7619538968712045,0.1323852688074112,-1.5618374347686768,1.1456818580627441
321,Q9Z565_wild,CC(C)(C(=O)C(=O)[O-])O,0.47712125471966244,0.18214382231235504,0.052626267075538635,0.1771724969148636
322,Q9Z565_wild,CC(=O)C(C)(C(=O)[O-])O,0.2041199826559248,-0.13889582455158234,0.27595505118370056,-0.06389716267585754
323,Q9Z565_wild,CC(=O)C(=O)[O-],2.9777236052888476,-0.28777289390563965,0.12007555365562439,0.11339777708053589
324,Q9FBT8_wild,CC(C)(C(=O)C(=O)[O-])O,1.0,0.15926498174667358,-0.035176731646060944,0.15005187690258026
325,Q9FBT8_wild,CC(=O)C(C)(C(=O)[O-])O,1.0791812460476249,-0.17700858414173126,0.20300522446632385,-0.09350964426994324
326,Q9FBT8_wild,CC(C(=O)C)C(=O)[O-],1.7781512503836436,-0.341239869594574,-0.3992564380168915,-0.007852435111999512
327,Q9FBT8_wild,CC(=O)C(=O)[O-],2.845098040014257,-0.2817841172218323,0.03113044798374176,0.10730147361755371
328,D6ERQ9_wild,CC(C(=O)C)C(=O)[O-],1.6532125137753437,-0.3452203869819641,-0.3314511179924011,-0.000511467456817627
329,D6EC76_wild,CC(=O)C(C)(C(=O)[O-])O,0.968482948553935,-0.1947629302740097,0.2072884738445282,-0.07885599136352539
330,D6EC76_wild,CC(=O)C(=O)[O-],3.0043213737826426,-0.33704060316085815,0.03083367645740509,0.13592225313186646
331,A0A0K2AZ61_wild,CC(=O)C(C)(C(=O)[O-])O,0.3010299956639812,-0.18997520208358765,0.27510732412338257,-0.11216685175895691
332,A0A0K2AZ61_wild,CC(=O)C(=O)[O-],3.0211892990699383,-0.36319500207901,0.12575137615203857,0.07590880990028381
333,Q59818_wild,CC(=O)C(C)(C(=O)[O-])O,-0.09691001300805639,-0.15802593529224396,0.2580963671207428,-0.12518852949142456
334,Q59818_wild,CC(C)(C(=O)C(=O)[O-])O,1.1139433523068367,0.18334685266017914,0.03213965892791748,0.13376177847385406
335,Q59818_wild,CC(C(=O)C)C(=O)[O-],1.4771212547196624,-0.3426464796066284,-0.31241393089294434,-0.023877590894699097
336,Q59818_wild,CC(=O)C(=O)[O-],3.0791812460476247,-0.34095561504364014,0.11854273080825806,0.08718335628509521
337,Q2FWK4_wild,CC(=O)C(C)(C(=O)O)O,-0.5451551399914898,0.43763887882232666,0.07834988832473755,-0.21800673007965088
338,Q2FWK4_wild,CC(=O)C(C)(C(=O)[O-])O,-0.5451551399914898,0.21565641462802887,0.2463771104812622,-0.127791166305542
339,Q57179_wild,C1C=CN(C=C1C(=O)N)C2C(C(C(O2)COP(=O)(O)OP(=O)(O)OCC3C(C(C(O3)N4C=NC5=C(N=CN=C54)N)O)O)O)O,-1.3010299956639813,-0.07386018335819244,-0.9471235871315002,0.5516291260719299
340,Q57179_wild,C1C=CN(C=C1C(=O)N)C2C(C(C(O2)COP(=O)(O)OP(=O)(O)OCC3C(C(C(O3)N4C=NC5=C(N=CN=C54)N)OP(=O)(O)O)O)O)O,-1.6575773191777938,-0.17745551466941833,-1.330505609512329,0.754673957824707
341,Q57179_wild,CC(=O)C(C)(C(=O)[O-])O,0.3344537511509309,0.10143516957759857,0.1610305905342102,-0.15172016620635986
342,Q04M32_wild,C1C=CN(C=C1C(=O)N)C2C(C(C(O2)COP(=O)(O)OP(=O)(O)OCC3C(C(C(O3)N4C=NC5=C(N=CN=C54)N)OP(=O)(O)O)O)O)O,-1.154901959985743,0.057319819927215576,-1.335747480392456,0.8285219073295593
343,Q04M32_D83G,C1C=CN(C=C1C(=O)N)C2C(C(C(O2)COP(=O)(O)OP(=O)(O)OCC3C(C(C(O3)N4C=NC5=C(N=CN=C54)N)OP(=O)(O)O)O)O)O,-0.4814860601221125,-0.2160056084394455,-1.286120891571045,0.6296061873435974
344,Q04M32_D191G,C1C=CN(C=C1C(=O)N)C2C(C(C(O2)COP(=O)(O)OP(=O)(O)OCC3C(C(C(O3)N4C=NC5=C(N=CN=C54)N)OP(=O)(O)O)O)O)O,-0.4497716469449059,-0.37251806259155273,-1.2647910118103027,0.5135231018066406
345,Q04M32_S53T,C1C=CN(C=C1C(=O)N)C2C(C(C(O2)COP(=O)(O)OP(=O)(O)OCC3C(C(C(O3)N4C=NC5=C(N=CN=C54)N)OP(=O)(O)O)O)O)O,-0.4621809049267259,0.06138657033443451,-1.3363597393035889,0.8317259550094604
346,Q04M32_R49A,C1C=CN(C=C1C(=O)N)C2C(C(C(O2)COP(=O)(O)OP(=O)(O)OCC3C(C(C(O3)N4C=NC5=C(N=CN=C54)N)OP(=O)(O)O)O)O)O,-0.23062267392386154,0.0532858669757843,-1.3121976852416992,0.8421412706375122
347,Q04M32_R49E,C1C=CN(C=C1C(=O)N)C2C(C(C(O2)COP(=O)(O)OP(=O)(O)OCC3C(C(C(O3)N4C=NC5=C(N=CN=C54)N)OP(=O)(O)O)O)O)O,-0.32605800136591223,-0.01164296269416809,-1.28171706199646,0.7635300755500793
348,Q04M32_S53A,C1C=CN(C=C1C(=O)N)C2C(C(C(O2)COP(=O)(O)OP(=O)(O)OCC3C(C(C(O3)N4C=NC5=C(N=CN=C54)N)OP(=O)(O)O)O)O)O,-0.16941133131485572,0.055968597531318665,-1.3387651443481445,0.8332206010818481
349,Q04M32_R49G,C1C=CN(C=C1C(=O)N)C2C(C(C(O2)COP(=O)(O)OP(=O)(O)OCC3C(C(C(O3)N4C=NC5=C(N=CN=C54)N)OP(=O)(O)O)O)O)O,-0.40340290437353976,0.0609828382730484,-1.2930586338043213,0.8382154703140259
350,Q04M32_S53G,C1C=CN(C=C1C(=O)N)C2C(C(C(O2)COP(=O)(O)OP(=O)(O)OCC3C(C(C(O3)N4C=NC5=C(N=CN=C54)N)OP(=O)(O)O)O)O)O,-0.7011469235902933,0.04620881378650665,-1.3366644382476807,0.8239241242408752
351,Q04M32_E195A,C1C=CN(C=C1C(=O)N)C2C(C(C(O2)COP(=O)(O)OP(=O)(O)OCC3C(C(C(O3)N4C=NC5=C(N=CN=C54)N)OP(=O)(O)O)O)O)O,-0.13548891894160817,-0.15516476333141327,-1.3118906021118164,0.6999534368515015
352,Q04M32_D191K,C1C=CN(C=C1C(=O)N)C2C(C(C(O2)COP(=O)(O)OP(=O)(O)OCC3C(C(C(O3)N4C=NC5=C(N=CN=C54)N)OP(=O)(O)O)O)O)O,0.015359755409214231,-0.2758635878562927,-1.2948837280273438,0.5915836095809937
353,Q04M32_E195K,C1C=CN(C=C1C(=O)N)C2C(C(C(O2)COP(=O)(O)OP(=O)(O)OCC3C(C(C(O3)N4C=NC5=C(N=CN=C54)N)OP(=O)(O)O)O)O)O,-0.04817696468408802,-0.22905637323856354,-1.307710886001587,0.6336936950683594
354,Q04M32_E195S,C1C=CN(C=C1C(=O)N)C2C(C(C(O2)COP(=O)(O)OP(=O)(O)OCC3C(C(C(O3)N4C=NC5=C(N=CN=C54)N)OP(=O)(O)O)O)O)O,0.1664301138432827,-0.0567547082901001,-1.3107080459594727,0.7607579827308655
355,Q4J8K9_wild,CC(=O)C(C)(C(=O)O)O,-0.32882715728500933,0.8171785473823547,0.109855517745018,0.568981409072876
356,Q4J8K9_wild,C1C=CN(C=C1C(=O)N)C2C(C(C(O2)COP(=O)(O)OP(=O)(O)OCC3C(C(C(O3)N4C=NC5=C(N=CN=C54)N)OP(=O)(O)O)O)O)O,-3.3979400086720375,0.410492479801178,-1.575139045715332,1.4555950164794922
357,Q4J8K9_wild,C1C=CN(C=C1C(=O)N)C2C(C(C(O2)COP(=O)(O)OP(=O)(O)OCC3C(C(C(O3)N4C=NC5=C(N=CN=C54)N)O)O)O)O,-2.2218487496163566,0.49810636043548584,-1.020466923713684,1.203896403312683
358,Q9ZMY2_H109A,C1=NC(=C2C(=N1)N(C=N2)C3C(C(C(O3)CSCCC(C(=O)O)N)O)O)N,-1.853871964321762,-0.24737666547298431,-1.8311233520507812,1.727523684501648
359,Q9ZMY2_wild,C1=NC(=C2C(=N1)N(C=N2)C3C(C(C(O3)CSCCC(C(=O)O)N)O)O)N,-2.0,-0.23174579441547394,-1.8392810821533203,1.7381595373153687
360,Q9ZMY2_H109A,CSCC1C(C(C(O1)N2C=NC3=C(N=CN=C32)N)O)O,-1.4814860601221125,0.16675080358982086,-1.8440680503845215,1.876924753189087
361,Q9ZMY2_F107A,CSCC1C(C(C(O1)N2C=NC3=C(N=CN=C32)N)O)O,-1.431798275933005,0.23165424168109894,-1.931023359298706,1.9378087520599365
362,Q9ZMY2_F107A,C1=NC(=C2C(=N1)N(C=N2)C3C(C(C(O3)CSCCC(C(=O)O)N)O)O)N,-1.7212463990471711,-0.2031656950712204,-1.9039225578308105,1.7730822563171387
363,Q9ZMY2_wild,CSCC1C(C(C(O1)N2C=NC3=C(N=CN=C32)N)O)O,-1.408935392973501,0.1958034187555313,-1.8588981628417969,1.8935787677764893
364,Q5SKG3_wild,CC1=NC=C(C(=N1)N)CO,-2.0,-0.2047262042760849,-0.15926651656627655,0.8741499185562134
365,Q5SKG3_wild,C1=NC(=C2C(=N1)N(C=N2)C3C(C(C(O3)COP(=O)(O)OP(=O)(O)OP(=O)(O)O)O)O)N,-0.15490195998574322,0.6580037474632263,-0.6112391948699951,1.5827019214630127
366,P76422_wild,CC1=NC=C(C(=N1)N)CO,-2.9829666607012197,-0.9316579699516296,0.30513492226600647,0.5751606225967407
367,F2RH01_wild,C1=NC2=C(N1C3C(C(C(O3)COP(=O)(O)OP(=O)(O)OC4C(C(C(C(O4)CO)O)O)O)O)O)N=C(NC2=O)N,-0.9208187539523751,0.7316483855247498,-0.1316424459218979,0.8665978908538818
368,F2RH01_wild,C(C1C(C(C(C(O1)O)O)O)O)OP(=O)(O)O,-0.03151705144606486,1.2840012311935425,0.5230301022529602,0.7679884433746338
369,F2RH01_wild,C1=NC(=C2C(=N1)N(C=N2)C3C(C(C(O3)COP(=O)(O)OP(=O)(O)OC4C(C(C(C(O4)CO)O)O)O)O)O)N,-0.3565473235138126,0.9279152750968933,-0.044981613755226135,0.9598420858383179
370,Q9H488_wild,CC1C(C(C(C(O1)OP(=O)(O)OP(=O)(O)OCC2C(C(C(O2)N3C=NC4=C3N=C(NC4=O)N)O)O)O)O)O,-2.3979400086720375,0.10915438830852509,-1.3051784038543701,1.221052646636963
371,P24232_wild,O=O,-2.619788758288394,1.7784255743026733,-1.5294854640960693,2.577798366546631
372,P39662_wild,O=O,-1.0969100130080565,1.25678551197052,-1.445458173751831,2.13812255859375
373,Q9R9Y8_wild,C1=CC(=C[N+](=C1)C2C(C(C(O2)COP(=O)([O-])OP(=O)(O)OCC3C(C(C(O3)N4C=NC5=C(N=CN=C54)N)O)O)O)O)C(=O)N,-0.45593195564972444,0.9234163761138916,-0.907852828502655,1.6000120639801025
374,Q9R9Y8_wild,C1=CC=C2C(C(C=CC2=C1)O)O,-1.9208187539523751,1.25019371509552,-1.0553034543991089,1.853743553161621
375,Q8WPZ7_wild,C(CC(C(=O)O)N)CN=C(N)N,1.1139433523068367,0.8396643400192261,0.13808315992355347,0.9426426291465759
376,Q8I384_R404A,C(CC(C(=O)O)N)CN=C(N)N,1.6532125137753437,0.8457731604576111,0.14815695583820343,0.9322564005851746
377,Q8I384_H381A,C(CC(C(=O)O)N)CN=C(N)N,1.0,0.8535730242729187,0.145241379737854,0.9340181350708008
378,Q8I384_L2S,C(CC(C(=O)O)N)CN=C(N)N,0.6020599913279624,0.8272771239280701,0.14739173650741577,0.9257115125656128
379,Q8I384_E295R,C(CC(C(=O)O)N)CN=C(N)N,2.164352855784437,0.750211775302887,0.1567760407924652,0.9300180673599243
380,Q9ZUY3_wild,C1=CC(C=CC1O)(CC(C(=O)[O-])[NH3+])C(=O)[O-],-0.36653154442041347,0.18742157518863678,-0.3565087616443634,0.35617348551750183
381,Q9SA96_wild,C1=CC(C=CC1O)(CC(=O)C(=O)O)C(=O)O,-0.09691001300805639,-0.49783140420913696,-0.31127992272377014,0.18465985357761383
382,Q9SA96_wild,C1=CC(C=CC1O)(CC(C(=O)[O-])[NH3+])C(=O)[O-],0.48429983934677157,0.18580010533332825,-0.449737548828125,0.669136643409729
383,Q9SSE7_wild,C1=CC(C=CC1O)(CC(C(=O)[O-])[NH3+])C(=O)[O-],-0.09691001300805639,0.2757177948951721,-0.2929787039756775,0.6831914782524109
384,Q9SSE7_wild,C1=CC(C=CC1O)(CC(=O)C(=O)O)C(=O)O,-0.16749108729376366,-0.5131054520606995,-0.14662590622901917,0.16529357433319092
385,Q9SGD6_wild,C1=CC(C=CC1O)(CC(C(=O)[O-])[NH3+])C(=O)[O-],0.19865708695442263,0.3223998546600342,-0.47407791018486023,0.5615994930267334
386,Q9SGD6_wild,C1=CC(C=CC1O)(CC(=O)C(=O)O)C(=O)O,0.3873898263387294,-0.495461106300354,-0.400137335062027,0.0203951895236969
387,O22241_wild,C1=CC(C=CC1O)(CC(C(=O)[O-])[NH3+])C(=O)[O-],1.0034605321095065,0.48873913288116455,-0.32226914167404175,0.6488025784492493
388,Q9FNJ8_wild,C1=CC(C=CC1O)(CC(C(=O)[O-])[NH3+])C(=O)[O-],0.23552844690754893,0.2694407105445862,-0.22769299149513245,0.5789968967437744
389,D3U715_wild,C1=CC(C=CC1O)(CC(C(=O)[O-])[NH3+])C(=O)[O-],-0.7471469690201069,0.2572619915008545,-0.28058922290802,0.6376407146453857
390,D3U716_wild,C1=CC(C=CC1O)(CC(C(=O)[O-])[NH3+])C(=O)[O-],-1.175874166083451,0.3003765046596527,-0.409750759601593,0.6614815592765808
391,D3U716_wild,C1=CC(C=CC1O)(CC(=O)C(=O)O)C(=O)O,-0.12378215940835775,-0.5347636938095093,-0.23311874270439148,0.14339256286621094
392,D3U717_wild,C1=CC(C=CC1O)(CC(C(=O)[O-])[NH3+])C(=O)[O-],-1.3115801779972893,0.23630696535110474,-0.36977440118789673,0.6226745843887329
393,D3U717_wild,C1=CC(C=CC1O)(CC(=O)C(=O)O)C(=O)O,-0.3318005158013381,-0.537197470664978,-0.20538580417633057,0.0696370005607605
394,P0DOW0_wild,CC(C(CC(=O)C(=O)[O-])O)O,0.3010299956639812,0.6922627687454224,-0.5298195481300354,0.9679023027420044
395,P0DOW0_wild,C1=CC(=C[N+](=C1)C2C(C(C(O2)COP(=O)([O-])OP(=O)(O)OCC3C(C(C(O3)N4C=NC5=C(N=CN=C54)N)O)O)O)O)C(=O)N,-0.3767507096020995,0.5881574749946594,-0.9452874064445496,1.2843447923660278
396,Q4VR94_wild,C1C(C(C(C(C1NC(=O)C(CCN)O)OC2C(C(C(C(O2)CO)O)N)O)O)OC3C(C(C(C(O3)CN)O)O)O)N,-0.5850266520291821,0.7217671275138855,-1.5733129978179932,1.3544402122497559
397,Q4VR94_wild,C1C(C(C(C(C1N)OC2C(C(C(C(O2)CO)O)N)O)O)OC3C(CC(C(O3)CN)O)N)N,-3.0,0.6438025832176208,-1.9498772621154785,1.36796236038208
398,Q4VR94_wild,C1C(C(C(C(C1N)OC2C(C(C(C(O2)CN)O)O)O)O)OC3C(C(C(C(O3)CO)O)N)O)N,-2.958607314841775,0.8765313029289246,-1.6584274768829346,1.307843804359436
399,Q4VR94_wild,C1=NC(=C2C(=N1)N(C=N2)C3C(C(C(O3)COP(=O)(O)OP(=O)(O)OP(=O)(O)O)O)O)N,0.3010299956639812,0.7166332006454468,-1.0355980396270752,1.2079378366470337
400,Q4VR94_wild,C1C(C(C(C(C1N)OC2C(C(C(C(O2)CO)O)N)O)O)OC3C(C(C(C(O3)CN)O)O)N)N,-3.2596373105057563,0.8324176073074341,-1.7391352653503418,1.3666043281555176
401,Q4VR94_wild,C1CC(C(OC1CN)OC2C(CC(C(C2O)OC3C(C(C(C(O3)CO)O)N)O)N)N)N,-2.9208187539523753,0.5948124527931213,-1.8016164302825928,1.4442647695541382
402,Q4VR94_wild,CCNC1CC(C(C(C1OC2C(C(C(CO2)(C)O)NC)O)O)OC3C(CC=C(O3)CN)N)N,-2.0,0.583066463470459,-2.148298740386963,1.657686471939087
403,Q4VR94_wild,CC1(COC(C(C1NC)O)OC2C(CC(C(C2O)OC3C(CCC(O3)CN)N)N)N)O,-3.154901959985743,0.18448160588741302,-2.289659261703491,1.483178973197937
404,Q4VR94_wild,C1=NC2=C(N1C3C(C(C(O3)COP(=O)(O)OP(=O)(O)OP(=O)(O)O)O)O)N=C(NC2=O)N,-3.0969100130080562,0.5288299918174744,-1.0732994079589844,1.1673133373260498
405,Q4VR94_wild,CC1(COC(C(C1NC)O)OC2C(CC(C(C2O)OC3C(CC=C(O3)CN)N)N)N)O,-2.7958800173440754,0.047283098101615906,-2.3399136066436768,1.5760881900787354
406,Q4VR94_wild,CC1(COC(C(C1NC)O)OC2C(CC(C(C2O)OC3C(C(C(C(O3)CN)O)O)O)N)NC(=O)C(CN)O)O,-0.25181197299379965,0.3803650736808777,-1.6956114768981934,1.450480580329895
407,Q4VR94_wild,C1CC(C(OC1CN)OC2C(CC(C(C2O)OC3C(C(C(C(O3)CO)O)N)O)NC(=O)C(CCN)O)N)N,-2.207608310501746,0.5632390379905701,-1.8140532970428467,1.492166519165039
408,P0A0C1_wild,C1CC(C(OC1CN)OC2C(CC(C(C2O)OC3C(C(C(C(O3)CO)O)N)O)N)N)N,-3.522878745280338,0.5990935564041138,-1.8324589729309082,1.3391250371932983
409,P0A0C1_wild,CC1(COC(C(C1NC)O)OC2C(CC(C(C2O)OC3C(CC=C(O3)CN)N)N)N)O,-3.0969100130080562,0.08361275494098663,-2.3622653484344482,1.5377004146575928
410,P0A0C1_wild,C1CC(C(OC1CN)OC2C(CC(C(C2O)OC3C(C(C(C(O3)CO)O)N)O)NC(=O)C(CCN)O)N)N,-3.0969100130080562,0.5632215142250061,-1.7425508499145508,1.434781789779663
411,P0A0C1_wild,C1C(C(C(C(C1NC(=O)C(CCN)O)OC2C(C(C(C(O2)CO)O)N)O)O)OC3C(C(C(C(O3)CN)O)O)O)N,-1.4814860601221125,0.7335609197616577,-1.564277172088623,1.2745486497879028
412,P0A0C1_wild,CC1(COC(C(C1NC)O)OC2C(CC(C(C2O)OC3C(CCC(O3)CN)N)N)N)O,-2.2218487496163566,0.28248298168182373,-2.3414180278778076,1.5252633094787598
413,P0A0C1_wild,CCNC1CC(C(C(C1OC2C(C(C(CO2)(C)O)NC)O)O)OC3C(CC=C(O3)CN)N)N,-2.3872161432802645,0.509305477142334,-2.177959680557251,1.5280901193618774
414,P0A0C1_wild,C1C(C(C(C(C1N)OC2C(C(C(C(O2)CN)O)O)O)O)OC3C(C(C(C(O3)CO)O)N)O)N,-2.3555614105321614,0.871101975440979,-1.6871941089630127,1.2286993265151978
415,Q58595_wild,CC(C)C(=O)C(=O)O,-1.0457574905606752,1.1243025064468384,-0.6585733294487,1.5638656616210938
416,Q58595_wild,CC(=O)SCCNC(=O)CCNC(=O)C(C(C)(C)COP(=O)(O)OP(=O)(O)OCC1C(C(C(O1)N2C=NC3=C(N=CN=C32)N)O)OP(=O)(O)O)O,-1.154901959985743,1.057286262512207,-1.2027246952056885,1.9084094762802124
417,M1SQA1_V350G,CC(C)(COP(=O)(O)OP(=O)(O)OCC1C(C(C(O1)N2C=NC3=C(N=CN=C32)N)O)OP(=O)(O)O)C(C(=O)NCCC(=O)NCCSC(=O)C=CC4=CC=CC=C4)O,-1.0506099933550872,-0.45255720615386963,-1.495767593383789,0.7379985451698303
418,M1SQA1_V350G,CC(C)(COP(=O)(O)OP(=O)(O)OCC1C(C(C(O1)N2C=NC3=C(N=CN=C32)N)O)OP(=O)(O)O)C(C(=O)NCCC(=O)NCCSC(=O)C=CC4=CC=C(C=C4)O)O,-0.6989700043360187,-0.6199495196342468,-1.5444025993347168,0.6222546100616455
419,M1SQA1_V350F,CC=CC(=O)SCCNC(=O)CCNC(=O)C(C(C)(C)COP(=O)(O)OP(=O)(O)OCC1C(C(C(O1)N2C=NC3=C(N=CN=C32)N)O)OP(=O)(O)O)O,-0.3098039199714864,-0.30958569049835205,-1.260554313659668,0.5745103359222412
420,M1SQA1_V350A,CC(C)(COP(=O)(O)OP(=O)(O)OCC1C(C(C(O1)N2C=NC3=C(N=CN=C32)N)O)OP(=O)(O)O)C(C(=O)NCCC(=O)NCCSC(=O)C=CC4=CC=C(C=C4)O)O,-0.853871964321762,-0.6072654128074646,-1.5477690696716309,0.6334682106971741
421,M1SQA1_wild,CC(C)(COP(=O)(O)OP(=O)(O)OCC1C(C(C(O1)N2C=NC3=C(N=CN=C32)N)O)OP(=O)(O)O)C(C(=O)NCCC(=O)NCCSC(=O)C=CC4=CC=CC=C4)O,-0.42021640338318983,-0.43382251262664795,-1.5023119449615479,0.7540866136550903
422,M1SQA1_wild,CC=CC(=O)SCCNC(=O)CCNC(=O)C(C(C)(C)COP(=O)(O)OP(=O)(O)OCC1C(C(C(O1)N2C=NC3=C(N=CN=C32)N)O)OP(=O)(O)O)O,0.19865708695442263,-0.31115812063217163,-1.2614028453826904,0.5665162801742554
423,M1SQA1_V350A,CC=CC(=O)SCCNC(=O)CCNC(=O)C(C(C)(C)COP(=O)(O)OP(=O)(O)OCC1C(C(C(O1)N2C=NC3=C(N=CN=C32)N)O)OP(=O)(O)O)O,0.08278537031645007,-0.3205035328865051,-1.2617669105529785,0.5607468485832214
424,M1SQA1_V350G,CC=CC(=O)SCCNC(=O)CCNC(=O)C(C(C)(C)COP(=O)(O)OP(=O)(O)OCC1C(C(C(O1)N2C=NC3=C(N=CN=C32)N)O)OP(=O)(O)O)O,0.06818586174616162,-0.342376172542572,-1.2579624652862549,0.5464283227920532
425,M1SQA1_A182L,CC=CC(=O)SCCNC(=O)CCNC(=O)C(C(C)(C)COP(=O)(O)OP(=O)(O)OCC1C(C(C(O1)N2C=NC3=C(N=CN=C32)N)O)OP(=O)(O)O)O,0.11727129565576427,-0.24531643092632294,-1.286330223083496,0.6155520677566528
426,D6N7U5_wild,CC1=C2C3=C(C=C(C=C3OS(=O)(=O)O2)O)OC1=O,-1.4621809049267258,-0.24927644431591034,-0.8926841616630554,1.3382505178451538
427,D6N7U5_wild,C1=CC=C(C=C1)O,-1.5272435506827877,-0.18227240443229675,-0.004612758755683899,-0.05200636386871338
428,D6N7U5_wild,C1=CC(=CC=C1[N+](=O)[O-])OS(=O)(=O)O,-1.3178549236261683,-0.3064735531806946,-0.26934900879859924,0.8477697372436523
429,Q97VT7_W263V,CCCCCCC1CCCC(=O)O1,-1.2441251443275085,1.4537732601165771,0.27192285656929016,1.6141117811203003
430,Q97VT7_wild,CCCCCCC1CCCC(=O)O1,-1.0268721464003014,1.4489043951034546,0.27590981125831604,1.6151113510131836
431,Q97VT7_wild,CCCC1CCC(=O)O1,-0.7798919119599449,0.7861731648445129,0.6576464772224426,1.1213496923446655
432,Q97VT7_W263T,CCCCCCCC1CCC(=O)O1,-1.8860566476931633,0.7806314826011658,0.23366481065750122,1.4556446075439453
433,Q97VT7_W263T,CCCCCCCC(=O)CC(=O)NC1CCOC1=O,0.0,-0.045756593346595764,-0.6123477220535278,1.0335593223571777
434,Q97VT7_W263T,CCCCCCCCCC(=O)CC(=O)NC1CCOC1=O,-0.8632794328435933,-0.06263154000043869,-0.8405875563621521,1.0361261367797852
435,Q97VT7_W263F,CCOP(=O)(OCC)OC1=CC=C(C=C1)[N+](=O)[O-],-0.8153085691824012,0.43501895666122437,-0.4505853056907654,1.013512134552002
436,Q97VT7_W263T,CCCCCCC1CCCC(=O)O1,-0.8860566476931633,1.4323484897613525,0.2810937762260437,1.5968470573425293
437,Q97VT7_W263F,CCCCCCCCCC(=O)CC(=O)NC1CCOC1=O,-0.835647144215563,-0.03729374706745148,-0.8485634922981262,1.0511362552642822
438,Q97VT7_W263M,CCCCCCC1CCCC(=O)O1,-0.7931741239681502,1.4487444162368774,0.2791343331336975,1.6124582290649414
439,Q97VT7_W263M,CCOP(=O)(OCC)OC1=CC=C(C=C1)[N+](=O)[O-],-0.03151705144606486,0.4184396266937256,-0.4406871199607849,1.0133092403411865
440,Q97VT7_W263M,CCCCCCCC1CCC(=O)O1,-0.47625353318843555,0.7971200346946716,0.22872701287269592,1.4708280563354492
441,Q97VT7_W263L,CCCCCCCC1CCC(=O)O1,-0.4294570601181025,0.8020181059837341,0.23121637105941772,1.4736037254333496
442,Q97VT7_wild,CCCCCC(=O)CC(=O)NC1CCOC1=O,-0.9100948885606021,-0.021896421909332275,-0.33883580565452576,0.9390298128128052
443,Q97VT7_wild,CCCCCCCC(=O)CC(=O)NC1CCOC1=O,-1.3010299956639813,-0.0415821373462677,-0.6054036617279053,1.0407257080078125
444,Q97VT7_wild,CCCCCCCCC1CCC(=O)O1,0.08635983067474823,0.5875892043113708,0.3847915232181549,1.1257667541503906
445,Q97VT7_W263F,CCCCCCCC1CCC(=O)O1,-0.4282911681913124,0.8158194422721863,0.23316749930381775,1.4726574420928955
446,Q97VT7_W263F,CCCCCCC1CCCC(=O)O1,-0.8696662315049939,1.4627341032028198,0.28160956501960754,1.6167833805084229
447,Q97VT7_wild,CCCC(=O)CC(=O)NC1CCOC1=O,-0.25336580106242124,0.031886786222457886,-0.15082433819770813,0.8268599510192871
448,Q97VT7_W263I,CCCCCCCCCC(=O)CC(=O)NC1CCOC1=O,-1.749579997691106,-0.04109528660774231,-0.8536638021469116,1.0503027439117432
449,Q97VT7_wild,CCCCC1CCCC(=O)O1,-0.44490555142168087,1.4628279209136963,0.46343618631362915,1.3279452323913574
450,Q97VT7_W263I,CCCCCCCC1CCC(=O)O1,-0.4424927980943421,0.8081132173538208,0.22444304823875427,1.4714387655258179
451,Q97VT7_W263V,CCCCCCCC1CCC(=O)O1,0.24551266781414982,0.8057174682617188,0.22992315888404846,1.469691276550293
452,Q97VT7_W263L,CCCCCCC1CCCC(=O)O1,-0.6595558851598816,1.4526549577713013,0.27363497018814087,1.614805817604065
453,Q97VT7_W263F,CCCCCCCC(=O)CC(=O)NC1CCOC1=O,-0.5406075122407691,-0.011288434267044067,-0.618303120136261,1.0470267534255981
454,Q97VT7_W263V,CCCCCCCCCC(=O)CC(=O)NC1CCOC1=O,-1.6073030467403342,-0.04198184609413147,-0.8474992513656616,1.0506242513656616
455,Q97VT7_wild,C1CCC(=O)OCC1,-0.6307841425898572,0.5099029541015625,0.786467432975769,0.8901848793029785
456,Q97VT7_wild,CCCCCCCCCC(=O)CC(=O)NC1CCOC1=O,-0.7695510786217261,-0.06698673963546753,-0.8388234972953796,1.0461201667785645
457,Q97VT7_wild,CCOP(=O)(OCC)OC1=CC=C(C=C1)[N+](=O)[O-],1.3838153659804313,0.4229391813278198,-0.4602350890636444,1.0089983940124512
458,Q97VT7_wild,C1CC(=O)OC2=CC=CC=C21,0.138618433899461,0.619221031665802,-0.11225225031375885,1.0469876527786255
459,Q97VT7_W263V,CCCCCCCC(=O)CC(=O)NC1CCOC1=O,0.12904505988795806,-0.02377065271139145,-0.6172918677330017,1.0445780754089355
460,Q97VT7_wild,CCCCCC1CCC(=O)O1,0.46879026209961094,0.6544589400291443,0.5211716294288635,1.2703988552093506
461,Q97VT7_wild,CCCCCCCC1CCC(=O)O1,0.3220124385824005,0.8016926646232605,0.22924134135246277,1.469041109085083
462,Q97VT7_wild,CCCCCCCC1CCCC(=O)O1,0.22479195649268147,1.0891860723495483,0.4552278518676758,1.573880910873413
463,Q97VT7_W263I,CCCCCCCC(=O)CC(=O)NC1CCOC1=O,0.20547503674089088,-0.0201985165476799,-0.6257116198539734,1.0438382625579834
464,C4KKZ9_wild,CCCCCCCC(=O)CC(=O)NC1CCOC1=O,-1.0,0.03687949478626251,-0.5744154453277588,1.0763651132583618
465,C4KKZ9_wild,C1CC(=O)OC1,-0.7958800173440752,0.48659950494766235,0.6717317700386047,0.674809992313385
466,C4KKZ9_wild,CCCCCCCCCCCC(=O)NC1CCOC1=O,0.11394335230683679,0.06326870620250702,-0.6944820284843445,0.9831207394599915
467,C4KKZ9_E14K/Y34Q,CCCCCC(=O)CC(=O)NC1CCOC1=O,0.0,0.03415825963020325,-0.31910187005996704,0.9389302730560303
468,C4KKZ9_wild,C1CCC(=O)OCC1,-0.431798275933005,0.6415377259254456,0.775349497795105,0.9603908658027649
469,C4KKZ9_wild,CCCCCC(=O)CC(=O)NC1CCOC1=O,-1.3767507096020997,0.038240522146224976,-0.3196965456008911,0.9625917673110962
470,C4KKZ9_Y34Q,CCCCCC(=O)CC(=O)NC1CCOC1=O,0.07918124604762482,0.014032095670700073,-0.31164541840553284,0.936416745185852
471,C4KKZ9_wild,C1CCOC(=O)C1,0.2787536009528289,0.24963466823101044,0.4913909435272217,0.68609219789505
472,C4KKZ9_wild,CCCCC1CC(=O)O1,-0.8860566476931633,0.7140894532203674,0.703254759311676,1.2547426223754883
473,C4KKZ9_wild,CCCCCCCC(=O)NC1CCOC1=O,-0.16749108729376366,0.18635357916355133,-0.3177449405193329,0.93813157081604
474,C4KKZ9_E14K,CCCCCC(=O)CC(=O)NC1CCOC1=O,-0.03763066432997894,0.054227299988269806,-0.3265211582183838,0.9644849300384521
475,Q4J6Z8_wild,CCCCC1CC(=O)O1,-0.41116827440579273,0.7632431983947754,0.8076475262641907,1.2220555543899536
476,Q4J6Z8_wild,C1CCC(=O)OCC1,0.013258665283516512,0.6873746514320374,0.8439426422119141,0.8556035757064819
477,F0QXN6_wild,CCCCCCCC1CCC(=O)O1,-0.9208187539523751,1.1009474992752075,0.20686891674995422,1.7839970588684082
478,F0QXN6_wild,CCCCCCCCC1CCC(=O)O1,-2.677780705266081,0.8307499885559082,0.2006450891494751,1.4268958568572998
479,F0QXN6_wild,CCC1CCC(=O)O1,0.568201724066995,1.0192430019378662,0.7430419921875,1.3313286304473877
480,F0QXN6_wild,CCCCCCC1CCCC(=O)O1,-0.978810700930062,1.6738182306289673,0.10579633712768555,1.9043339490890503
481,F0QXN6_wild,CCCCCC1CCC(=O)O1,-1.3279021420642825,1.00706148147583,0.42309316992759705,1.5492596626281738
482,F0QXN6_wild,CCCCC1C(CC(=O)O1)C,-0.03151705144606486,0.2963854670524597,0.5504103899002075,1.0311216115951538
483,F0QXN6_wild,CCCCC1CCCC(=O)O1,0.08635983067474823,1.6927446126937866,0.26788151264190674,1.6454808712005615
484,F0QXN6_wild,CCCCCCCC(=O)NC1CCOC1=O,-0.5816987086802545,0.4696178436279297,-0.3149460554122925,1.1437997817993164
485,F0QXN6_wild,CCCCCCCC1CCCC(=O)O1,-0.07623803917129975,1.300221562385559,0.23815694451332092,1.848900556564331
486,F0QXN6_wild,CCCC1CCC(=O)O1,-0.05948351506743273,1.140415072441101,0.6520769000053406,1.4602906703948975
487,F0QXN6_wild,C1CC(=O)OC1,1.0633333589517495,0.6349960565567017,0.7692261338233948,1.030949354171753
488,A0A060IGN1_wild,C(CC(=O)N)C(C(=O)O)N,0.38021124171160603,-0.6411321759223938,-0.39075231552124023,-0.28329741954803467
489,A0A060IGN1_wild,C=C(C(=O)O)OC1C=C(C=CC1O)C(=O)O,-0.9318141382538384,-1.0687264204025269,-1.6352131366729736,0.8731998205184937
490,P77909_wild,CCCCCCCCC=CCCCCCCCC(=O)OCC(COC(=O)CCCCCCCC=CCCCCCCCC)OC(=O)CCCCCCCC=CCCCCCCCC,0.8790958795000727,3.239145278930664,0.4431040287017822,2.9222817420959473
491,B6D5I7_wild,CC(=CCC1=C2C(=CC=C1)NC=C2CC(C(=O)O)N)C,-0.9208187539523751,-0.3084438443183899,-1.745934247970581,0.6105908155441284
492,B6D5I7_wild,C[S+](CCC(C(=O)[O-])N)CC1C(C(C(O1)N2C=NC3=C(N=CN=C32)N)O)O,0.38021124171160603,-0.5297157764434814,-1.61515474319458,0.7763534784317017
493,P42962_wild,C(C(C(C(COP(=O)(O)O)O)O)O)NC1=C(C(=O)NC(=O)N1)N,-1.2676062401770316,0.4988834857940674,-1.1634013652801514,1.1638951301574707
494,P42962_wild,CC1=CC2=C(C=C1C)N(C3=NC(=O)NC(=O)C3=N2)CC(C(C(COP(=O)(O)O)O)O)O,-0.8696662315049939,0.38986629247665405,-1.6355786323547363,1.5650420188903809
495,Q9LDD5_wild,C(C(C(C(COP(=O)(O)O)O)O)O)NC1=C(C(=O)NC(=O)N1)N,-0.8961962790440431,-0.07271865010261536,-0.29741963744163513,0.609932005405426
496,G2Q335_wild,C1=C(OC(=C1)C=O)CO,1.3053513694466239,1.0050491094589233,0.5040131211280823,0.35976850986480713
497,G2Q335_wild,CC(=O)C=O,1.1072099696478683,1.2914451360702515,0.3835519552230835,0.8690349459648132
498,G2Q335_wild,C(C(CO)O)O,2.6732974397596356,1.5207304954528809,0.8658778071403503,0.7329529523849487
499,O25874_wild,CC1=NC=C(C(=N1)N)CN,-1.2365720064370627,-2.334973096847534,-0.06706485152244568,0.12646333873271942
500,O25874_F47Y,CC1=NC=C(C(=N1)N)CN,-1.1674910872937636,-2.287191152572632,-0.10460439324378967,0.1309569776058197
501,C7ACH5_wild,C(CCN)CC(C(=O)O)N,1.209783014848515,0.20481367409229279,0.8926880955696106,0.5974416732788086
502,E9P162_wild,C1=CC=C(C(=C1)C(=O)CC(C(=O)O)N)N,-0.6179829574251317,-1.5815880298614502,-1.658228874206543,0.4908493161201477
503,E9P162_wild,C1=CC=C(C(=C1)C(=O)N)N,0.031408464251624114,-1.5353807210922241,-1.635953426361084,0.3754492402076721
504,A0A223K4L6_wild,CC(C(=O)O)N,2.1760912590556813,1.049987554550171,1.1082515716552734,0.4057520627975464
505,A5K817_wild,CC(=O)C(=O)[O-],-0.060480747381381476,0.33092963695526123,-0.6921866536140442,0.5284910202026367
506,A5K817_wild,C(C(C=O)O)OP(=O)(O)O,-1.7212463990471711,0.7664176821708679,-0.9968737959861755,0.6953194737434387
507,A0A1J9VES8_A72S,CC(=O)OCC(C(=O)O)N,0.21748394421390627,0.8370245099067688,0.516262948513031,0.408846914768219
508,A0A1J9VES8_E220R,CC(=O)OCC(C(=O)O)N,0.3117538610557331,0.6590630412101746,0.5222094058990479,0.277249813079834
509,A0A1J9VES8_wild,CC(=O)OCC(C(=O)O)N,0.7909884750888159,0.8284698128700256,0.528712809085846,0.4070744514465332
510,A0A2Z6G0Q7_wild,S,-1.1079053973095196,0.5189968943595886,-0.5424766540527344,1.2453007698059082
511,A0A2Z6G0Q7_wild,CC(=O)OCC(C(=O)O)N,-0.8297382846050426,0.39457130432128906,0.30483126640319824,0.08163735270500183
512,Q9XEA8_wild,S,0.36172783601759284,1.318293809890747,-1.1717636585235596,2.180911064147949
513,F5HTD7_wild,S,-0.5985994592184559,0.8459085822105408,-1.0658406019210815,1.7911527156829834
514,F5HTD7_wild,CC(=O)OCC(C(=O)O)N,-0.7986028756795485,0.9283018112182617,0.04010680317878723,0.6997145414352417
515,Q9XEA8_wild,CC(=O)OCC(C(=O)O)N,0.5797835966168101,1.4447580575942993,-0.03987562656402588,1.2324743270874023
516,Q84IF9_wild,C(C(C(=O)O)N)S,-0.6020599913279624,0.8206587433815002,-0.602870523929596,1.1784950494766235
517,Q84IF9_wild,CC(=O)OCC(C(=O)O)N,1.2041199826559248,1.8051177263259888,0.37943944334983826,1.1751675605773926
518,A3RM03_wild,CC(=O)OCC(C(=O)O)N,-0.4497716469449059,1.3608566522598267,0.024376273155212402,1.081294298171997
519,E5LPF4_wild,CC(=O)OCC(C(=O)O)N,-0.22184874961635637,1.8511717319488525,0.517584502696991,1.1992120742797852
520,E5LPF4_wild,C(C(C(CS)O)O)S,-0.15490195998574322,1.593587875366211,-0.292594850063324,1.493316888809204
521,E5LPF4_wild,C(C(C(=O)O)N)S,-0.15490195998574322,1.070248007774353,-0.349209189414978,1.3856927156448364
522,E5LPF4_wild,S,0.8260748027008264,2.1914658546447754,-0.7694191336631775,2.3088297843933105
523,W5S3I4_wild,S,0.16316137497701835,1.0283722877502441,-0.7357640862464905,1.7180355787277222
524,Q2I8V6_G206I,C1C=CN(C=C1C(=O)N)C2C(C(C(O2)COP(=O)(O)OP(=O)(O)OCC3C(C(C(O3)N4C=NC5=C(N=CN=C54)N)OP(=O)(O)O)O)O)O,-1.2218487496163564,1.1197060346603394,-1.2070825099945068,1.9105944633483887
525,Q2I8V6_wild,C1C=CN(C=C1C(=O)N)C2C(C(C(O2)COP(=O)(O)OP(=O)(O)OCC3C(C(C(O3)N4C=NC5=C(N=CN=C54)N)OP(=O)(O)O)O)O)O,-1.2218487496163564,1.123172640800476,-1.1869747638702393,1.9178097248077393
526,Q2I8V6_A13G,C1C=CN(C=C1C(=O)N)C2C(C(C(O2)COP(=O)(O)OP(=O)(O)OCC3C(C(C(O3)N4C=NC5=C(N=CN=C54)N)OP(=O)(O)O)O)O)O,-1.6989700043360187,1.1097098588943481,-1.186518907546997,1.8943133354187012
527,Q2I8V6_K94G,C1C=CN(C=C1C(=O)N)C2C(C(C(O2)COP(=O)(O)OP(=O)(O)OCC3C(C(C(O3)N4C=NC5=C(N=CN=C54)N)OP(=O)(O)O)O)O)O,-0.6989700043360187,0.32288628816604614,-1.038907766342163,1.3218998908996582
528,Q2I8V6_A13G/S33D,C1C=CN(C=C1C(=O)N)C2C(C(C(O2)COP(=O)(O)OP(=O)(O)OCC3C(C(C(O3)N4C=NC5=C(N=CN=C54)N)OP(=O)(O)O)O)O)O,0.0,1.1158461570739746,-1.1394946575164795,1.897254228591919
529,Q2I8V6_A13G/S10G,C1C(=O)C(C(C(O1)CO)O)O,0.8512583487190754,1.35758638381958,0.9120624661445618,0.957166314125061
530,Q2I8V6_G206I,C1C(=O)C(C(C(O1)CO)O)O,0.919078092376074,1.361768364906311,0.8728896975517273,0.9791417121887207
531,Q2I8V6_A13G/S10G,C1C=CN(C=C1C(=O)N)C2C(C(C(O2)COP(=O)(O)OP(=O)(O)OCC3C(C(C(O3)N4C=NC5=C(N=CN=C54)N)OP(=O)(O)O)O)O)O,-0.42021640338318983,1.0870248079299927,-1.1628458499908447,1.8862624168395996
532,Q2I8V6_S10G,C1C=CN(C=C1C(=O)N)C2C(C(C(O2)COP(=O)(O)OP(=O)(O)OCC3C(C(C(O3)N4C=NC5=C(N=CN=C54)N)OP(=O)(O)O)O)O)O,-0.5686362358410126,1.1034801006317139,-1.1583712100982666,1.9077019691467285
533,Q2I8V6_wild,C(C(C(C(C(=O)C=O)O)O)O)O,1.0413926851582251,1.0295023918151855,1.139547348022461,0.7097455263137817
534,Q2I8V6_A13G,C1C(=O)C(C(C(O1)CO)O)O,0.9294189257142927,1.3710064888000488,0.8961748480796814,0.9611599445343018
535,Q2I8V6_S10G,C1C(=O)C(C(C(O1)CO)O)O,0.5440680443502757,1.3626887798309326,0.9143125414848328,0.9741301536560059
536,Q2I8V6_wild,C1C(=O)C(C(C(O1)CO)O)O,0.8061799739838872,1.376089334487915,0.8917273879051208,0.9773126840591431
537,Q2I8V6_A13G/S33D,C1C(=O)C(C(C(O1)CO)O)O,0.505149978319906,1.3545329570770264,0.9210914373397827,0.9814910888671875
538,Q2I8V6_D176A,C1C(=O)C(C(C(O1)CO)O)O,1.6901960800285136,1.1103453636169434,0.9716560244560242,0.7722094058990479
539,Q2I8V6_H180A,C1C(=O)C(C(C(O1)CO)O)O,0.9493900066449128,0.6687976717948914,1.0412850379943848,0.49439430236816406
540,Q2I8V6_K94G,C1C(=O)C(C(C(O1)CO)O)O,1.3521825181113625,0.6583964228630066,1.0498278141021729,0.4709263741970062
541,Q9DCT1_wild,C1C(=O)C(C(C(O1)CO)O)O,0.00860017176191757,0.9008659720420837,0.21593064069747925,0.6971724629402161
542,Q58LW6_wild,C(C(C(C(CO)O)O)O)O,1.0969100130080565,0.9825891852378845,1.410111427307129,0.6373618841171265
543,Q58LW6_wild,C(C(C(C(=O)CO)O)O)O,1.3979400086720377,1.495667815208435,0.47558677196502686,1.3609888553619385
544,Q58LW6_wild,C(C(C(C(C(CO)O)O)O)O)O,1.2671717284030137,0.8233325481414795,1.598144292831421,0.5206524133682251
545,Q58LW6_wild,C1C(C(C(C(O1)(CO)O)O)O)O,1.6720978579357175,1.5434575080871582,1.4513931274414062,0.8022292852401733
546,Q58LW6_wild,C(C(CO)O)O,2.584331224367531,1.1866123676300049,1.0843498706817627,0.41299688816070557
547,Q58LW6_wild,C(C(C(CO)O)O)O,2.424881636631067,0.9369545578956604,1.477759599685669,0.48674243688583374
548,Q308C1_wild,C(C(C(C(CO)O)O)O)O,0.6532125137753437,0.9970805644989014,1.463669776916504,0.6061236262321472
549,Q308C1_wild,C(C(C(C(C(CO)O)O)O)O)O,1.8948696567452525,0.810451328754425,1.6369574069976807,0.4721016585826874
550,Q308C1_wild,C(C(CO)O)O,2.125806458139527,1.1959915161132812,1.0399994850158691,0.3839530348777771
551,Q64559_wild,CCCCCCCCCCCCCCCC(=O)SCCNC(=O)CCNC(=O)C(C(C)(C)COP(=O)(O)OP(=O)(O)OCC1C(C(C(O1)N2C=NC3=C(N=CN=C32)N)O)OP(=O)(O)O)O,-2.0,0.027592800557613373,-1.402296781539917,1.0282998085021973
552,O00154_wild,CCCCCCCC(=O)SCCNC(=O)CCNC(=O)C(C(C)(C)COP(=O)(O)OP(=O)(O)OCC1C(C(C(O1)N2C=NC3=C(N=CN=C32)N)O)OP(=O)(O)O)O,-1.853871964321762,-0.02706250548362732,-1.24833083152771,0.9540642499923706
553,O00154_wild,CCCCCCCCCCCCCCCC(=O)SCCNC(=O)CCNC(=O)C(C(C)(C)COP(=O)(O)OP(=O)(O)OCC1C(C(C(O1)N2C=NC3=C(N=CN=C32)N)O)OP(=O)(O)O)O,-2.193820026016113,-0.11637488007545471,-1.485154628753662,0.9580830335617065
554,O00154_wild,CCCCCCCCCCCC(=O)SCCNC(=O)CCNC(=O)C(C(C)(C)COP(=O)(O)OP(=O)(O)OCC1C(C(C(O1)N2C=NC3=C(N=CN=C32)N)O)OP(=O)(O)O)O,-2.1191864077192086,-0.023809611797332764,-1.390779972076416,0.9642179608345032
555,O00154_wild,CCCCCCCCC=CCCCCCCCC(=O)SCCNC(=O)CCNC(=O)C(C(C)(C)COP(=O)(O)OP(=O)(O)OCC1C(C(C(O1)N2C=NC3=C(N=CN=C32)N)O)OP(=O)(O)O)O,-2.0555173278498313,-0.004335753619670868,-1.4841563701629639,1.0296299457550049
556,O00154_wild,CCCCCC=CCC=CCC=CCC=CCCCC(=O)SCCNC(=O)CCNC(=O)C(C(C)(C)COP(=O)(O)OP(=O)(O)OCC1C(C(C(O1)N2C=NC3=C(N=CN=C32)N)O)OP(=O)(O)O)O,-2.036212172654445,-0.017691470682621002,-1.5050206184387207,1.0873993635177612
557,Q3I5F7_wild,CC(C)(COP(=O)(O)OP(=O)(O)OCC1C(C(C(O1)N2C=NC3=C(N=CN=C32)N)O)OP(=O)(O)O)C(C(=O)NCCC(=O)NCCSC(=O)CCC(=O)O)O,-1.853871964321762,0.961605966091156,-1.0440993309020996,1.5044667720794678
558,O50490_wild,C(C(C(=O)O)N)S,0.5797835966168101,0.009452730417251587,0.18029546737670898,0.5112208724021912
559,P08842_wild,CC(=O)C1CCC2C1(CCC3C2CC=C4C3(CCC(C4)OS(=O)(=O)O)C)C,-2.744727494896694,0.009030178189277649,-1.584996223449707,2.2061047554016113
560,P08842_wild,CC(C)CCCC(C)C1CCC2C1(CCC3C2CC=C4C3(CCC(C4)OS(=O)(=O)O)C)C,-2.2441251443275085,0.09747093915939331,-1.6004135608673096,2.0593180656433105
561,P08842_wild,CC12CCC3C(C1CCC2=O)CC=C4C3(CCC(C4)OS(=O)(=O)O)C,-2.537602002101044,0.21877379715442657,-1.5497708320617676,2.181579113006592
562,P08842_wild,CC12CCC3C(C1CCC2=O)CCC4=C3C=CC(=C4)OS(=O)(=O)O,-2.2924298239020637,0.07878869026899338,-1.4026124477386475,1.880126714706421
563,Q45FD5_wild,CC12CCC3C(C1CCC2=O)CCC4=C3C=CC(=C4)OS(=O)(=O)O,-2.6675615400843946,1.4615644216537476,-0.9945992827415466,2.773745536804199
564,F1QB82_wild,CC(=O)C1CCC2C1(CCC3C2CC=C4C3(CCC(C4)OS(=O)(=O)O)C)C,-3.6020599913279625,-0.11870265007019043,-1.415442705154419,2.064727783203125
565,F1QB82_wild,CC(C)CCCC(C)C1CCC2C1(CCC3C2CC=C4C3(CCC(C4)OS(=O)(=O)O)C)C,-3.0,-0.10158102214336395,-1.3826117515563965,1.906417727470398
566,F1QB82_wild,CC12CCC3C(C1CCC2=O)CCC4=C3C=CC(=C4)OS(=O)(=O)O,-2.3665315444204134,-0.11647607386112213,-1.2759788036346436,1.8221251964569092
567,F1QB82_wild,CC12CCC3C(C1CCC2=O)CC=C4C3(CCC(C4)OS(=O)(=O)O)C,-1.712198270069774,0.026577040553092957,-1.3939175605773926,2.066638231277466
568,A0A0F6B483_wild,C(C(C(C(=O)CO)O)O)OP(=O)(O)O,-0.12493873660829995,1.5773497819900513,-1.2285821437835693,1.8583552837371826
569,A0A0F6B483_wild,C(C(C(C=O)O)O)OP(=O)(O)O,-1.6382721639824072,1.7953863143920898,-0.9217502474784851,1.8202720880508423
570,Q1W5Y8_wild,C1(C(C(C(C(C1OP(=O)(O)O)OP(=O)(O)O)OP(=O)(O)O)OP(=O)(O)O)OP(=O)(O)O)OP(=O)(O)O,-0.0757207139381183,2.3955962657928467,-1.2286052703857422,2.5439951419830322
571,D3GGN3_wild,C(C(C(C(C(C=O)O)O)O)O)OP(=O)(O)O,0.2787536009528289,1.8868275880813599,0.2303006649017334,1.75132155418396
572,D3GGN3_wild,C(C1C(C(C(C(O1)O)O)O)O)OP(=O)(O)O,0.9542425094393249,2.1489579677581787,0.18427428603172302,1.8817944526672363
573,D3GGN3_wild,C(C1C(C(C(C(O1)OP(=O)(O)O)O)O)O)O,0.7092699609758308,1.6507511138916016,-0.07797060906887054,1.721321702003479
574,A0A075FFV0_wild,C(C1C(C(C(C(O1)OP(=O)(O)O)O)O)O)O,-0.619788758288394,1.8571277856826782,0.17979633808135986,1.8867154121398926
575,Q975F9_wild,C(C1C(C(C(C(O1)OP(=O)(O)O)O)O)O)O,0.04921802267018156,1.2015758752822876,-0.9757187962532043,1.656718373298645
576,P43123_P122A,CC(=O)NC1C(C(C(OC1OP(=O)(O)O)CO)O)O,-1.9288547095489172,0.03165362775325775,-1.158013105392456,1.3868138790130615
577,P43123_T115A,CC(=O)NC1C(C(C(OC1OP(=O)(O)O)CO)O)O,-1.8239087409443187,-0.3071943521499634,-1.123702049255371,1.1283016204833984
578,P43123_K123A,CC(=O)NC1C(C(C(OC1OP(=O)(O)O)CO)O)O,-1.744727494896694,-0.3355422019958496,-1.0867700576782227,1.0720704793930054
579,P43123_L117A,CC(=O)NC1C(C(C(OC1OP(=O)(O)O)CO)O)O,-1.537602002101044,-0.07667812705039978,-1.1386947631835938,1.2857723236083984
580,P43123_wild,CC(=O)NC1C(C(C(OC1OP(=O)(O)O)CO)O)O,-1.869023308394383,0.01694779098033905,-1.1510071754455566,1.3669233322143555
581,P43123_R116A,CC(=O)NC1C(C(C(OC1OP(=O)(O)O)CO)O)O,-1.9617773616312815,-0.411615788936615,-1.0842015743255615,1.0147289037704468
582,P43123_G111A,CC(=O)NC1C(C(C(OC1OP(=O)(O)O)CO)O)O,-1.4740486587519877,-0.14779284596443176,-1.1235783100128174,1.2540005445480347
583,P43123_G114A,CC(=O)NC1C(C(C(OC1OP(=O)(O)O)CO)O)O,-1.7212463990471711,-0.07438792288303375,-1.151106834411621,1.3056747913360596
584,P43123_G112A,CC(=O)NC1C(C(C(OC1OP(=O)(O)O)CO)O)O,-0.906578314837765,-0.25479191541671753,-1.1353399753570557,1.1807314157485962
585,Q940S3_wild,C1=CN(C(=O)NC1=O)C2C(C(C(O2)COP(=O)(O)OP(=O)(O)OP(=O)(O)O)O)O,-0.5301779840218369,0.14340269565582275,-0.915816605091095,1.2452187538146973
586,Q940S3_wild,CC(=O)NC1C(C(C(OC1OP(=O)(O)OP(=O)(O)OCC2C(C(C(O2)N3C=CC(=O)NC3=O)O)O)CO)O)O,-0.6595558851598816,0.4580097198486328,-1.0911953449249268,1.462882399559021
587,Q940S3_wild,CC(=O)NC1C(C(C(OC1OP(=O)(O)O)CO)O)O,-0.47237009912866135,0.13965635001659393,-0.7866380214691162,1.1096551418304443
588,O64765_wild,CC(=O)NC1C(C(C(OC1OP(=O)(O)O)CO)O)O,-0.7447274948969352,0.28810375928878784,-0.8718745708465576,1.1880197525024414
589,O64765_wild,CC(=O)NC1C(C(C(OC1OP(=O)(O)OP(=O)(O)OCC2C(C(C(O2)N3C=CC(=O)NC3=O)O)O)CO)O)O,-1.1870866433571445,0.5802062153816223,-1.204296350479126,1.519155502319336
590,O64765_wild,C1=CN(C(=O)NC1=O)C2C(C(C(O2)COP(=O)(O)OP(=O)(O)OP(=O)(O)O)O)O,-0.6925039620867871,0.27393120527267456,-0.9935948848724365,1.3447095155715942
591,Q975F9_wild,CC(=O)NC1C(C(C(OC1OP(=O)(O)O)CO)O)O,-1.1674910872937636,1.1847165822982788,-0.7513061761856079,1.5691214799880981
592,Q975F9_wild,C1=CN(C(=O)NC1=O)C2C(C(C(O2)COP(=O)(O)OP(=O)(O)OP(=O)(O)O)O)O,-2.769551078621726,0.7667529582977295,-0.8349123001098633,1.5217806100845337
593,Q975F9_wild,[O-]P(=O)([O-])OP(=O)([O-])[O-],-1.7958800173440752,1.094853162765503,-0.9200740456581116,1.8012317419052124
594,Q975F9_wild,CC(=O)NC1C(C(C(OC1OP(=O)(O)OP(=O)(O)OCC2C(C(C(O2)N3C=CC(=O)NC3=O)O)O)CO)O)O,-1.7958800173440752,1.2272439002990723,-1.0271704196929932,1.8690078258514404
595,O54050_wild,C1=NC2=C(N1)C(=O)NC(=O)N2,-0.9430951486635274,0.9366119503974915,-1.1620442867279053,2.588442325592041
596,P13298_wild,C1=C(N(C(=O)NC1=O)C2C(C(C(O2)COP(=O)(O)O)O)O)C(=O)O,-2.3979400086720375,0.48878544569015503,-1.5278921127319336,1.5348706245422363
597,P13298_D132A,C(C1C(C(C(O1)OP(=O)(O)OP(=O)(O)O)O)O)OP(=O)(O)O,-0.9208187539523751,0.5173865556716919,-1.2538232803344727,1.3500313758850098
598,P13298_wild,C(C1C(C(C(O1)OP(=O)(O)OP(=O)(O)O)O)O)OP(=O)(O)O,-1.3872161432802645,0.6470417976379395,-1.2972381114959717,1.4270172119140625
599,Q72V44_wild,C1C2C(C(C(O2)N3C=NC4=C(N=CN=C43)N)O)OP(=O)(O1)O,-0.7695510786217261,1.159790277481079,-0.9095667004585266,1.5960040092468262
600,Q58820_wild,C(C(=O)C(=O)O)S(=O)(=O)O,-1.3979400086720375,1.1036845445632935,-0.02994707226753235,2.024869203567505
601,Q58820_wild,C(CC(=O)O)C(=O)C(=O)O,0.2787536009528289,1.3509186506271362,-0.05924665927886963,1.4311957359313965
602,Q58820_wild,C(C(=O)C(=O)O)C(=O)O,-0.8860566476931633,1.5445716381072998,-0.14376786351203918,1.9100379943847656
603,Q58820_wild,C(=O)C(=O)[O-],1.662757831681574,1.715368390083313,0.2695993185043335,1.5714483261108398
604,P16142_wild,C(C(=O)C(=O)O)S(=O)(=O)O,-1.1549019599857433,1.3364797830581665,-0.015394806861877441,2.0904316902160645
605,P16142_wild,C(C(=O)C(=O)O)C(=O)O,-0.958607314841775,1.7368789911270142,-0.18845093250274658,1.9729251861572266
606,A0A0U3EA38_wild,C(C(=O)C(=O)O)S(=O)(=O)O,-0.707743928643524,1.0763989686965942,-0.051678143441677094,1.4085180759429932
607,A0A0U3EA38_wild,C1C=CN(C=C1C(=O)N)C2C(C(C(O2)COP(=O)(O)OP(=O)(O)OCC3C(C(C(O3)N4C=NC5=C(N=CN=C54)N)O)O)O)O,-1.258848401148215,1.5408239364624023,-0.9159510731697083,1.7468862533569336
608,Q924Z4_wild,CCCCCCCCCCCCCC=CC(C(CO)N)O,-2.113509274827518,-1.0970391035079956,-1.6650159358978271,0.7350465655326843
609,Q924Z4_wild,CCCCCCCCCCCCCCCCCCCCCCCC(=O)SCCNC(=O)CCNC(=O)C(C(C)(C)COP(=O)(O)OP(=O)(O)OCC1C(C(C(O1)N2C=NC3=C(N=CN=C32)N)O)OP(=O)(O)O)O,-1.2013493545547311,-0.6363863348960876,-1.9889943599700928,1.4079406261444092
610,G0YYC4_wild,CCCCCCCCCCCCCCCC(=O)SCCNC(=O)CCNC(=O)C(C(C)(C)COP(=O)(O)OP(=O)(O)OCC1C(C(C(O1)N2C=NC3=C(N=CN=C32)N)O)OP(=O)(O)O)O,-1.9065783148377649,-1.341731071472168,-1.331812858581543,0.6647518873214722
611,Q9LJK3_wild,CCCCCCCCCCCCCCCC(C(CO)N)O,-1.6382721639824072,-0.7500819563865662,-1.2826261520385742,0.6549121141433716
612,W6E7E9_wild,CC(=O)NC1C(C(C(OC1O)CO)O)OC2C(C(C(C(O2)C(=O)O)OC3C(C(C(C(O3)CO)O)OC4C(C(C(C(O4)C(=O)O)O)O)O)NC(=O)C)O)O,-3.2441251443275085,1.6378263235092163,-0.9111650586128235,1.321977138519287
613,Q9STG9_wild,C(C1C(C(C(O1)OP(=O)(O)OP(=O)(O)O)O)O)OP(=O)(O)O,-0.45593195564972444,0.4190524220466614,-1.5167880058288574,1.0403791666030884
614,Q9STG9_wild,C(CC(=O)N)C(C(=O)O)N,0.12710479836480765,0.4912707209587097,-0.17505766451358795,0.13476473093032837
615,A0A140N3B4_H33N,C1(C(C(OC(C1O)O)C(=O)O)O)O,-1.3010299956639813,0.9262917637825012,0.15350866317749023,0.9989771842956543
616,A0A140N3B4_wild,C1(C(C(OC(C1O)O)C(=O)O)O)O,-0.3010299956639812,1.0451006889343262,0.0737072080373764,1.0868669748306274
617,A0A140N3B4_Y60F,C1(C(C(OC(C1O)O)C(=O)O)O)O,-0.7958800173440752,1.0405182838439941,0.06685623526573181,1.0856990814208984
618,A0A140N3B4_D238N,C1(C(C(OC(C1O)O)C(=O)O)O)O,0.11394335230683679,0.9274385571479797,0.08794295787811279,1.0133048295974731
619,A0A140N3B4_W381F,C1(C(C(OC(C1O)O)C(=O)O)O)O,0.23044892137827394,0.9570688009262085,0.10714179277420044,1.0153687000274658
620,A0A140N3B4_H33A,C1(C(C(OC(C1O)O)C(=O)O)O)O,-0.6989700043360187,0.8497661352157593,0.14584536850452423,0.9784337282180786
621,A0A140N3B4_D412A,C1(C(C(OC(C1O)O)C(=O)O)O)O,-0.3979400086720376,0.6432039141654968,0.1842135787010193,0.824379563331604
622,A0A140N3B4_D412N,C1(C(C(OC(C1O)O)C(=O)O)O)O,0.0,0.7812749743461609,0.14622412621974945,0.9074962735176086
623,A0A140N3B4_R414M,C1(C(C(OC(C1O)O)C(=O)O)O)O,0.14612803567823798,0.5454105138778687,0.24589741230010986,0.7531784772872925
624,A0A140N3B4_R302K,C1(C(C(OC(C1O)O)C(=O)O)O)O,0.3979400086720376,1.0394521951675415,0.0776727944612503,1.08729088306427
625,A0A140N3B4_R414K,C1(C(C(OC(C1O)O)C(=O)O)O)O,-0.08618614761628333,1.0354013442993164,0.07718963921070099,1.0844184160232544
626,A0A140N3B4_H297N,C1(C(C(OC(C1O)O)C(=O)O)O)O,1.7481880270062005,0.8534575700759888,0.18504482507705688,0.908253014087677
627,A0A140N3B4_H297A,C1(C(C(OC(C1O)O)C(=O)O)O)O,2.342422680822206,0.8130471110343933,0.21782898902893066,0.85558021068573
628,A0A140N3B4_R302M,C1(C(C(OC(C1O)O)C(=O)O)O)O,2.3010299956639813,0.9208800196647644,0.21518081426620483,0.9365839958190918
629,A0A140N3B4_H35A,C1(C(C(OC(C1O)O)C(=O)O)O)O,1.5910646070264993,0.7478841543197632,0.215895414352417,0.8457714319229126
630,A0A140N3B4_W381A,C1(C(C(OC(C1O)O)C(=O)O)O)O,1.3222192947339193,0.8113026022911072,0.1557040512561798,0.9272233247756958
631,A0A140N3B4_H35N,C1(C(C(OC(C1O)O)C(=O)O)O)O,0.9731278535996987,0.8006369471549988,0.17848524451255798,0.9028791785240173
632,A0A140N3B4_Y60A,C1(C(C(OC(C1O)O)C(=O)O)O)O,1.0090257420869102,0.8744346499443054,0.2293965220451355,0.9013882875442505
633,P10868_wild,C(C(=O)O)N=C(N)N,-1.9430951486635275,-0.9580329060554504,-0.17154189944267273,0.030239135026931763
634,P10868_wild,C[S+](CCC(C(=O)[O-])N)CC1C(C(C(O1)N2C=NC3=C(N=CN=C32)N)O)O,-2.6989700043360187,-0.9959692358970642,-1.811734914779663,1.0974814891815186
635,F1SWA0_S144A,CC1=CCC(C=CC(C(=CCC1)C)O)(C)C,-1.5528419686577808,-0.5334406495094299,-1.623162031173706,1.0992224216461182
636,F1SWA0_S144A,C1=CC(=C[N+](=C1)C2C(C(C(O2)COP(=O)([O-])OP(=O)(O)OCC3C(C(C(O3)N4C=NC5=C(N=CN=C54)N)O)O)O)O)C(=O)N,-1.7931741239681502,0.13744966685771942,-1.1912388801574707,1.2584424018859863
637,F1SWA0_S142A,CC1=CCC(C=CC(C(=CCC1)C)O)(C)C,-0.8601209135987635,-0.7878031730651855,-1.556746482849121,0.7962549924850464
638,F1SWA0_S142A,C1=CC(=C[N+](=C1)C2C(C(C(O2)COP(=O)([O-])OP(=O)(O)OCC3C(C(C(O3)N4C=NC5=C(N=CN=C54)N)O)O)O)O)C(=O)N,-0.9172146296835499,-0.19355985522270203,-1.1331582069396973,0.9255117177963257
639,F1SWA0_Y155A,C1=CC(=C[N+](=C1)C2C(C(C(O2)COP(=O)([O-])OP(=O)(O)OCC3C(C(C(O3)N4C=NC5=C(N=CN=C54)N)O)O)O)O)C(=O)N,-1.359518563029578,-0.16555900871753693,-1.1836953163146973,0.967679500579834
640,F1SWA0_wild,CC1=CCC(C=CC(C(=CCC1)C)O)(C)C,-1.2328441339178196,-0.513848066329956,-1.6212043762207031,1.090636968612671
641,F1SWA0_wild,C1=CC(=C[N+](=C1)C2C(C(C(O2)COP(=O)([O-])OP(=O)(O)OCC3C(C(C(O3)N4C=NC5=C(N=CN=C54)N)O)O)O)O)C(=O)N,-1.563837352959244,0.1604311615228653,-1.185312271118164,1.257321834564209
642,F1SWA0_Y155A,CC1=CCC(C=CC(C(=CCC1)C)O)(C)C,-1.106793246940152,-0.7923018336296082,-1.640272617340088,0.8431611061096191
643,Q0VH44_wild,C1=CC(=C(C=C1Cl)C(=O)O)[O-],-3.2218487496163566,0.09501142799854279,-0.8107556700706482,1.238934874534607
644,Q0VH44_wild,CC1=CC(=C(C=C1)[O-])C(=O)O,-2.619788758288394,0.5361461043357849,-0.6040661334991455,1.2795112133026123
645,Q0VH44_wild,C1=CC(=C(C(=C1)Cl)[O-])C(=O)O,-2.42021640338319,0.06366205960512161,-1.0395166873931885,1.1282505989074707
646,Q0VH44_wild,C1=CC(=C(C=C1Cl)[O-])C(=O)O,-2.552841968657781,-0.04636387526988983,-0.802821159362793,1.3125898838043213
647,Q0VH44_wild,C1=CC=C(C(=C1)C(=O)O)[O-],-2.0177287669604316,0.5220879912376404,-0.9123832583427429,1.4408793449401855
648,Q0VH44_wild,CC1=C(C(=CC=C1)C(=O)O)[O-],-1.8961962790440432,0.2052210122346878,-0.6437497138977051,1.3003249168395996
649,Q0VH44_wild,C1C=CN(C=C1C(=O)N)C2C(C(C(O2)COP(=O)(O)OP(=O)(O)OCC3C(C(C(O3)N4C=NC5=C(N=CN=C54)N)O)O)O)O,-1.8013429130455774,0.8631026744842529,-0.8183779716491699,1.8077176809310913
650,Q0VH44_wild,CC1=CC(=C(C=C1)C(=O)O)O,-1.8013429130455774,0.5490942597389221,-0.4586643874645233,1.268462896347046
651,W8NQ72_wild,COC1=C(C=CC(=C1)CC(CO)C(CC2=CC(=C(C=C2)O)OC)CO)O,-0.6363880201078557,-0.7191823124885559,-1.6702406406402588,0.7929768562316895
652,Q9NUQ2_wild,CCCCCCCCC=CCCCCCCCC(=O)OCC(COP(=O)(O)O)O,-2.2596373105057563,-0.38100117444992065,-1.6268830299377441,0.30032879114151
653,Q9NUQ2_wild,CCCCCCCCC=CCCCCCCCC(=O)SCCNC(=O)CCNC(=O)C(C(C)(C)COP(=O)(O)OP(=O)(O)OCC1C(C(C(O1)N2C=NC3=C(N=CN=C32)N)O)OP(=O)(O)O)O,-1.7878123955960423,-0.3906540870666504,-1.8461391925811768,0.6127479672431946
654,Q57981_wild,C1=NC2=C(N1C3C(C(C(O3)COP(=O)(O)OP(=O)(O)OP(=O)(O)O)O)O)N=C(NC2=O)N,-1.3705904008972811,0.15912404656410217,-0.9258065819740295,1.1252316236495972
655,Q57981_wild,C1=NC2=C(C(=O)N1)N=CN2C3C(C(C(O3)COP(=O)(O)O)O)O,-1.1220530483708118,0.22771228849887848,-1.2420570850372314,1.406909465789795
656,Q57981_wild,C(C(C(=O)O)N)C(=O)O,0.03302144468287035,0.4763569235801697,-0.14652740955352783,0.5943024158477783
657,A9ZM78_wild,C(CC(=O)O)C(C(=O)O)N,0.14612803567823798,0.7037292122840881,0.5964294075965881,0.113915354013443
658,B1B389_wild,C(CC(=O)O)C(C(=O)O)N,0.6989700043360189,0.7492961287498474,0.5957157015800476,0.2949914038181305
659,K4HXK6_wild,C(CC(=O)O)C(C(=O)O)N,0.5563025007672873,0.4967069625854492,0.7958275675773621,0.022945046424865723
660,D7VEX3_wild,C(CC(=O)O)C(C(=O)O)N,2.0867156639448825,0.6665559411048889,0.8735247254371643,0.15319906175136566
661,A0A0D3R1A0_wild,C(CC(=O)O)C(C(=O)O)N,1.2041199826559248,0.6597605347633362,0.5850794911384583,0.11009418964385986
662,A0A0B5CSE1_wild,C(CC(=O)O)C(C(=O)O)N,0.6981005456233899,0.5223957896232605,0.7682390809059143,0.06356239318847656
663,P22830_M267I,[Zn+2],-1.619788758288394,-0.7349389791488647,-2.2121074199676514,1.6227587461471558
664,P22315_wild,CC1=C(C2=CC3=NC(=CC4=NC(=CC5=C(C(=C(N5)C=C1N2)C=C)C)C(=C4CCC(=O)O)C)C(=C3C)CCC(=O)O)C=C,-2.853871964321762,-1.7149684429168701,-2.654432535171509,0.5136058926582336
665,P22315_wild,[Fe+2],-2.721246399047171,-1.4169872999191284,-1.8698506355285645,1.2776012420654297
666,P22830_H263A,[Zn+2],-1.3979400086720375,-1.2955647706985474,-2.02632212638855,1.1026475429534912
667,P22830_Y191H,[Fe+2],-1.4202164033831899,-1.6245441436767578,-1.8630092144012451,1.1357803344726562
668,P22830_I186T,[Zn+2],-1.958607314841775,-0.8251504898071289,-2.1411335468292236,1.515419840812683
669,P22830_wild,CCC1=C(C2=CC3=C(C(=C(N3)C=C4C(=C(C(=N4)C=C5C(=C(C(=N5)C=C1N2)C)CCC(=O)O)CCC(=O)O)C)C)CC)C,-2.070581074285707,-1.4181376695632935,-2.471325159072876,0.3889243006706238
670,P22830_K379N,[Fe+2],-0.9582126810282482,-1.5511536598205566,-1.8980121612548828,1.1970516443252563
671,P22830_M267I,[Fe+2],-1.9318141382538383,-1.5467616319656372,-1.890453815460205,1.1981327533721924
672,P22830_H388A,CCC1=C(C2=CC3=C(C(=C(N3)C=C4C(=C(C(=N4)C=C5C(=C(C(=N5)C=C1N2)C)CCC(=O)O)CCC(=O)O)C)C)CC)C,-2.036212172654445,-1.4139410257339478,-2.48702073097229,0.39939171075820923
673,P22830_wild,[Fe+2],-3.4559319556497243,-1.5467647314071655,-1.8905582427978516,1.2028861045837402
674,P22830_wild,[Zn+2],-4.086186147616283,-0.7351741790771484,-2.210641384124756,1.6308903694152832
675,P22830_F260L,CCC1=C(C2=CC3=C(C(=C(N3)C=C4C(=C(C(=N4)C=C5C(=C(C(=N5)C=C1N2)C)CCC(=O)O)CCC(=O)O)C)C)CC)C,-1.8356471442155629,-1.4550862312316895,-2.458421468734741,0.35116761922836304
676,P22830_P334L,CCC1=C(C2=CC3=C(C(=C(N3)C=C4C(=C(C(=N4)C=C5C(=C(C(=N5)C=C1N2)C)CCC(=O)O)CCC(=O)O)C)C)CC)C,-1.7399286120149253,-1.6313855648040771,-2.4174416065216064,0.15195587277412415
677,P22830_wild,C1=CC2=CC3=CC=C(N3)C=C4C=CC(=N4)C=C5C=CC(=N5)C=C1N2,-1.91721462968355,-1.5924752950668335,-2.2991526126861572,0.7740575075149536
678,P22830_C236Y,[Fe+2],-1.747146969020107,-1.557963490486145,-1.9003918170928955,1.1916148662567139
679,P22830_Y191H,CCC1=C(C2=CC3=C(C(=C(N3)C=C4C(=C(C(=N4)C=C5C(=C(C(=N5)C=C1N2)C)CCC(=O)O)CCC(=O)O)C)C)CC)C,-1.764471553092451,-1.4952654838562012,-2.439708948135376,0.31639379262924194
680,P22830_H388A,[Zn+2],-1.9665762445130501,-0.7340393662452698,-2.22320294380188,1.6236331462860107
681,P22830_M267I,CCC1=C(C2=CC3=C(C(=C(N3)C=C4C(=C(C(=N4)C=C5C(=C(C(=N5)C=C1N2)C)CCC(=O)O)CCC(=O)O)C)C)CC)C,-1.978810700930062,-1.416202425956726,-2.4657342433929443,0.3897411823272705
682,P22830_Q139L,CCC1=C(C2=CC3=C(C(=C(N3)C=C4C(=C(C(=N4)C=C5C(=C(C(=N5)C=C1N2)C)CCC(=O)O)CCC(=O)O)C)C)CC)C,-2.036212172654445,-1.427229642868042,-2.492671012878418,0.3924857974052429
683,P22830_S264L,CCC1=C(C2=CC3=C(C(=C(N3)C=C4C(=C(C(=N4)C=C5C(=C(C(=N5)C=C1N2)C)CCC(=O)O)CCC(=O)O)C)C)CC)C,-1.8601209135987635,-1.543789029121399,-2.4391884803771973,0.24819353222846985
684,P22830_N75A,C1=CC2=CC3=CC=C(N3)C=C4C=CC(=N4)C=C5C=CC(=N5)C=C1N2,-1.7746907182741372,-1.6258041858673096,-2.3177738189697266,0.7537901997566223
685,P22830_S264L,[Fe+2],-1.6289321377282637,-1.6837276220321655,-1.8615748882293701,1.0676076412200928
686,P22830_I186T,CCC1=C(C2=CC3=C(C(=C(N3)C=C4C(=C(C(=N4)C=C5C(=C(C(=N5)C=C1N2)C)CCC(=O)O)CCC(=O)O)C)C)CC)C,-1.9546770212133426,-1.4970685243606567,-2.3887760639190674,0.27298596501350403
687,P22830_F337A,[Fe+2],-1.7520267336381934,-1.907570242881775,-1.7743535041809082,0.8317179679870605
688,P22830_E343D,C1=CC2=CC3=CC=C(N3)C=C4C=CC(=N4)C=C5C=CC(=N5)C=C1N2,-1.9100948885606022,-1.6426106691360474,-2.287724733352661,0.7185347676277161
689,P22830_Q139L,[Fe+2],-1.5816987086802545,-1.56521737575531,-1.910510778427124,1.1848742961883545
690,P22830_F337A,C1=CC2=CC3=CC=C(N3)C=C4C=CC(=N4)C=C5C=CC(=N5)C=C1N2,-1.609064892896621,-1.8710144758224487,-2.2001192569732666,0.4147626459598541
691,P22830_E343D,[Fe+2],-2.0087739243075053,-1.6075359582901,-1.8828015327453613,1.1559486389160156
692,P22830_N75A,[Fe+2],-1.4710832997223453,-1.5921274423599243,-1.9246907234191895,1.177001953125
693,P22830_C236Y/Y191H,CCC1=C(C2=CC3=C(C(=C(N3)C=C4C(=C(C(=N4)C=C5C(=C(C(=N5)C=C1N2)C)CCC(=O)O)CCC(=O)O)C)C)CC)C,-1.889410289700751,-1.512808084487915,-2.4417102336883545,0.31344112753868103
694,P22830_K379N,CCC1=C(C2=CC3=C(C(=C(N3)C=C4C(=C(C(=N4)C=C5C(=C(C(=N5)C=C1N2)C)CCC(=O)O)CCC(=O)O)C)C)CC)C,-1.596879478824182,-1.4078128337860107,-2.469536542892456,0.3866487145423889
695,P22830_C236Y,CCC1=C(C2=CC3=C(C(=C(N3)C=C4C(=C(C(=N4)C=C5C(=C(C(=N5)C=C1N2)C)CCC(=O)O)CCC(=O)O)C)C)CC)C,-1.5199930570428495,-1.435576319694519,-2.4741668701171875,0.38626551628112793
696,P22830_F260L,[Fe+2],-1.1174754620451195,-1.591220736503601,-1.886214256286621,1.1540712118148804
697,P22830_P334L,[Fe+2],-1.3115801779972893,-1.740792155265808,-1.822864055633545,0.9756337404251099
698,O42479_wild,CC1=C(C2=CC3=NC(=CC4=NC(=CC5=C(C(=C(N5)C=C1N2)C=C)C)C(=C4CCC(=O)O)C)C(=C3C)CCC(=O)O)C=C,-2.2291479883578558,-1.4822527170181274,-2.8244078159332275,0.6079474687576294
699,O42479_wild,[Fe+2],-1.4814860601221125,-1.3221722841262817,-1.983320951461792,1.3683652877807617
700,O57478_wild,[Fe+2],-0.7798919119599449,-1.3812487125396729,-1.9349825382232666,1.2905776500701904
701,O57478_wild,CC1=C(C2=CC3=NC(=CC4=NC(=CC5=C(C(=C(N5)C=C1N2)C=C)C)C(=C4CCC(=O)O)C)C(=C3C)CCC(=O)O)C=C,-1.9546770212133426,-1.6209999322891235,-2.767547845840454,0.4551202058792114
702,Q0PC20_wild,C1=CC(=CC(=C1)C(=O)[O-])C(=O)CCC2C(C(C(O2)N3C=NC4=C(N=CN=C43)N)O)O,-3.0,0.41568470001220703,-2.0600969791412354,1.8004612922668457
703,Q0PC20_wild,C1=NC(=C2C(=N1)N(C=N2)C3C(C(C(O3)CO)O)O)N,-2.1249387366083,0.1784420758485794,-1.583899736404419,1.4643537998199463
704,Q0PC20_wild,CSCC1C(C(C(O1)N2C=NC3=C(N=CN=C32)N)O)O,-3.0315170514460648,0.07599185407161713,-1.975571632385254,1.5980006456375122
705,Q0PC20_wild,CC1C(C(C(O1)N2C=NC3=C(N=CN=C32)N)O)O,-1.6695862266508092,-0.02805839478969574,-1.8373281955718994,1.6719133853912354
706,F2L0W0_wild,CC(C)CC(C(=O)O)N,-0.6777807052660807,0.44305193424224854,0.023477226495742798,0.7441859245300293
707,P0AB80_wild,CCCC(=O)C(=O)O,-0.22184874961635637,0.39005905389785767,-0.1800326555967331,1.3329150676727295
708,P0AB80_wild,CCC(C)C(=O)C(=O)[O-],-1.154901959985743,0.5324868559837341,-0.24194453656673431,1.4935742616653442
709,P0AB80_wild,CC(C)C(=O)C(=O)O,-0.6989700043360187,0.5782539248466492,-0.1696108877658844,1.3519532680511475
710,P0AB80_wild,CCCCC(=O)C(=O)O,-0.6575773191777937,0.44471728801727295,-0.4376685619354248,1.370277762413025
711,P0AB80_wild,CC(C)CC(=O)C(=O)O,-1.0969100130080565,0.6297848224639893,-0.21129372715950012,1.1854724884033203
712,P0AB80_wild,CC(C)(C)CC(=O)C(=O)[O-],-1.0969100130080565,0.4673349857330322,-0.04170973598957062,1.54422128200531
713,P0AB80_wild,C(CC(=O)O)C(=O)C(=O)O,0.414973347970818,0.3922311067581177,-0.37613043189048767,1.267547607421875
714,P0AB80_wild,C(CC(=O)O)C(C(=O)O)N,1.423245873936808,0.44707590341567993,0.2821931838989258,0.8735611438751221
715,P0AB80_wild,CC(C)CC(C(=O)O)N,-0.3767507096020995,0.6562862992286682,0.0014889687299728394,1.1983838081359863
716,O86428_wild,CC(C)CC(C(=O)O)N,0.0,0.2611424922943115,-0.3957287669181824,1.0097155570983887
717,F2L0W0_wild,CC(C)CC(=O)C(=O)O,-0.8239087409443188,0.8212634921073914,-0.16286835074424744,0.7039204239845276
718,F2L0W0_wild,CC(=O)C(=O)[O-],1.2041199826559248,0.7010783553123474,-0.07257571816444397,0.9409634470939636
719,F2L0W0_wild,C(CC(=O)O)C(=O)C(=O)O,1.2041199826559248,0.7852182984352112,-0.17699922621250153,0.8985296487808228
720,F2L0W0_wild,CC(C(=O)O)N,1.792391689498254,0.46830105781555176,0.8712444305419922,0.6233615875244141
721,O86428_wild,C(CC(=O)O)C(=O)C(=O)O,-0.3979400086720376,0.3120764493942261,-0.5782495141029358,1.1427209377288818
722,O86428_wild,CCCC(=O)C(=O)O,0.0,0.3158213496208191,-0.40953344106674194,1.2028732299804688
723,O86428_wild,CCC(C)C(=O)C(=O)[O-],0.07918124604762482,0.2533809542655945,-0.484088659286499,1.1796250343322754
724,O86428_wild,C(CC(=O)O)C(C(=O)O)N,1.255272505103306,0.1969645768404007,0.03904232382774353,0.7335611581802368
725,F0QW25_wild,CCCC(C(=O)O)N,-0.0757207139381183,0.5020233988761902,0.13089030981063843,0.9382412433624268
726,F0QW25_wild,CC(C)C(C(=O)O)N,0.06818586174616162,0.5498306155204773,0.37495720386505127,1.0292596817016602
727,F0QW25_wild,C(CC(C(=O)O)N)CN,0.9003671286564703,0.9296854138374329,0.0687505304813385,0.8251073956489563
728,Q8F4I0_wild,C(CO)C(C(=O)O)N,0.2041199826559248,0.41591936349868774,0.21596330404281616,0.7222638130187988
729,Q8F4I0_wild,CC(=O)SCCNC(=O)CCNC(=O)C(C(C)(C)COP(=O)(O)OP(=O)(O)OCC1C(C(C(O1)N2C=NC3=C(N=CN=C32)N)O)OP(=O)(O)O)O,-0.022276394711152257,0.5614902973175049,-1.046257734298706,1.2572050094604492
730,O52766_wild,C(C1C(C(C(C(O1)OC2C(OC(C(C2O)O)O)CO)O)O)O)O,-0.1938200260161128,2.469583034515381,0.6982763409614563,1.1637563705444336
731,O52766_wild,C(C(C1C(=C(C(=O)O1)O)O)O)O,1.5831987739686226,2.3020927906036377,0.32056641578674316,1.60216224193573
732,Q8VSV9_wild,CC1=CC=C(C=C1)SC,-1.1674910872937636,-0.9053739905357361,-1.2553505897521973,0.1309039294719696
733,Q8VSV9_wild,CSC1=CC=CC=C1,-0.889410289700751,-0.6325804591178894,-0.5044267773628235,-0.29516637325286865
734,Q836A5_wild,CC(=O)C(=O)[O-],0.13672056715640674,0.05728599429130554,0.5411115288734436,0.33505162596702576
735,A0A0B5A051_wild,CC(=CCCC(=CCOP(=O)(O)OP(=O)(O)O)C)C,-2.209011524911184,-0.807559072971344,-1.3332951068878174,0.7577693462371826
736,A0A0B5A051_wild,CC(C)C(=O)C1=C(C=C(C=C1O)O)O,-2.175223537524454,0.583042562007904,-0.2953662872314453,1.1523653268814087
737,A0A0B5A051_wild,CC(=CCOP(=O)(O)OP(=O)(O)O)C,-1.360513510731414,-0.6842555999755859,-0.6931506395339966,0.7224496006965637
738,A0A0B5A051_wild,CC(C)CC(=O)C1=C(C=C(C=C1O)O)O,-2.469800301796918,0.562291145324707,-0.25080370903015137,1.0887423753738403
739,A0R6M0_wild,C1C2CN(CN2C3=C(N1)N=C(NC3=O)N)C4=CC=C(C=C4)C(=O)NC(CCC(=O)O)C(=O)O,-1.1992829217176149,0.1523275375366211,-1.1938300132751465,1.1844773292541504
740,A0R6M0_wild,C1C=CN(C=C1C(=O)N)C2C(C(C(O2)COP(=O)(O)OP(=O)(O)OCC3C(C(C(O3)N4C=NC5=C(N=CN=C54)N)O)O)O)O,-1.4881166390211256,0.26393836736679077,-1.0338085889816284,1.4538196325302124
741,A0R6S0_wild,C1C2CN(CN2C3=C(N1)N=C(NC3=O)N)C4=CC=C(C=C4)C(=O)NC(CCC(=O)O)C(=O)O,-0.8386319977650252,-0.12101353704929352,-1.1856498718261719,0.9788953065872192
742,A0R6S0_wild,C1C=CN(C=C1C(=O)N)C2C(C(C(O2)COP(=O)(O)OP(=O)(O)OCC3C(C(C(O3)N4C=NC5=C(N=CN=C54)N)O)O)O)O,-0.9665762445130504,-0.11222769320011139,-1.040053367614746,1.214324712753296
743,Q8RLC0_wild,C1=NC2=C(N1)C(=O)NC(=O)N2,-1.1739251972991736,0.3108026385307312,-1.3566408157348633,1.6664057970046997
744,P77489_R440H,C1=CC=C(C=C1)C=O,-0.28903688100472424,1.8934305906295776,-0.7726272344589233,2.0171148777008057
745,P77489_R440K,C1=CC=C(C=C1)C=O,0.18098558078673047,1.8900272846221924,-0.77885901927948,2.02349853515625
746,P77489_wild,C1=CC=C(C=C1)C=O,-0.18111458540599018,1.894919514656067,-0.7787388563156128,2.025359869003296
747,Q93YW7_wild,CCCCCCCCC=CCCCCCCCC(=O)OCC(COP(=O)(O)OCC(CO)O)OC(=O)CCCCCCCC=CCCCCCCCC,-0.8239087409443188,0.642421543598175,-0.9594306349754333,1.2268575429916382
748,Q9SKX5_wild,C(CCNCCCN)CNCCCN,-0.5686362358410126,0.0405399352312088,-1.3524856567382812,1.3996503353118896
749,Q9SKX5_wild,CC(=O)NCCCNCCCCNCCCN,-0.6326440789739811,-0.204326793551445,-1.1695187091827393,1.584958553314209
750,Q9SKX5_wild,C(CCNCCCN)CN,-0.3882766919927644,-0.030669860541820526,-1.274965524673462,1.2197626829147339
751,Q9LYT1_wild,C(CN)CNCCCNCCCN,-1.3467874862246563,-0.23325590789318085,-1.1331660747528076,1.273349642753601
752,Q9LYT1_wild,C(CCNCCCNCCCN)CN,-1.3010299956639813,-0.36151760816574097,-1.5675559043884277,1.5259895324707031
753,Q9LYT1_wild,CC(=O)NCCCNCCCCNCCCN,0.3010299956639812,-0.14701397716999054,-1.100189208984375,1.6119755506515503
754,Q9LYT1_wild,CC(=O)NCCCNCCCCN,0.0,0.27052175998687744,-0.7866133451461792,1.5694750547409058
755,Q9LYT1_wild,C(CCNCCCN)CNCCCN,-0.23062267392386154,0.16258862614631653,-1.2909002304077148,1.4206618070602417
756,Q9LYT1_wild,C(CCNCCCN)CN,-0.5622494371796121,0.03733506053686142,-1.2447443008422852,1.2358698844909668
757,Q53WI0_wild,CC(CC(=O)C(=O)[O-])O,-0.6861327796308466,0.03849706053733826,0.11063221096992493,0.6079866886138916
758,Q53WI0_wild,CCC(CC(=O)C(=O)[O-])O,-0.6777807052660807,0.36504751443862915,-0.13821956515312195,0.670598030090332
759,P51015_wild,CCC(CC(=O)C(=O)[O-])O,-0.7447274948969352,0.35038793087005615,-0.374620258808136,0.5466066598892212
760,P51015_wild,CC(CC(=O)C(=O)[O-])O,-0.6575773191777937,0.14139163494110107,0.010957568883895874,0.5780270099639893
761,P51015_wild,CCCC(CC(=O)C(=O)[O-])O,-0.45593195564972444,-0.2749921679496765,-0.22500140964984894,0.4064215421676636
762,P51015_wild,C(C(=O)C(=O)O)C(=O)O,0.8750612633917001,-0.050645701587200165,-0.4319918751716614,0.8209258913993835
763,P0A759_W15Y/W224Y/Y254W,C(C1C(C(C(C(O1)O)N)O)O)OP(=O)(O)O,-0.5850266520291821,1.5251238346099854,-0.24339663982391357,1.6168729066848755
764,P0A759_W224Y,C(C1C(C(C(C(O1)O)N)O)O)OP(=O)(O)O,-0.3010299956639812,1.5162063837051392,-0.24422097206115723,1.6362028121948242
765,P0A759_W15Y/F174W/W224Y,C(C1C(C(C(C(O1)O)N)O)O)OP(=O)(O)O,-0.3098039199714864,1.5089412927627563,-0.26334041357040405,1.6211142539978027
766,P0A759_wild,C(C1C(C(C(C(O1)O)N)O)O)OP(=O)(O)O,-0.3010299956639812,1.5259519815444946,-0.26433080434799194,1.625244379043579
767,P0A759_W15Y,C(C1C(C(C(C(O1)O)N)O)O)OP(=O)(O)O,-0.2076083105017461,1.5488042831420898,-0.2502933144569397,1.6155240535736084
768,P0A759_R172A/K208E,C(C1C(C(C(C(O1)O)N)O)O)OP(=O)(O)O,-0.4814860601221125,0.6704036593437195,-0.16816073656082153,0.8755406141281128
769,P0A759_K208V,C(C1C(C(C(C(O1)O)N)O)O)OP(=O)(O)O,-0.16115090926274472,0.9215853810310364,-0.17831668257713318,1.1280922889709473
770,P0A759_K208E,C(C1C(C(C(C(O1)O)N)O)O)OP(=O)(O)O,-0.21467016498923297,0.8111897110939026,-0.18181560933589935,1.007861614227295
771,P0A759_C118S/C228S/C239S,C(C1C(C(C(C(O1)O)N)O)O)OP(=O)(O)O,-0.3372421683184259,1.6456280946731567,-0.26748040318489075,1.689221739768982
772,P0A759_R172A,C(C1C(C(C(C(O1)O)N)O)O)OP(=O)(O)O,0.2227164711475833,1.458337426185608,-0.23460258543491364,1.5437532663345337
773,P46926_wild,C(C1C(C(C(C(O1)O)N)O)O)OP(=O)(O)O,-0.6020599913279624,1.0873814821243286,-0.6558974385261536,1.5525076389312744
774,O35000_wild,C(C1C(C(C(C(O1)O)N)O)O)OP(=O)(O)O,-0.8860566476931633,1.6597368717193604,-0.26128819584846497,1.4316179752349854
775,P0A759_W15Y/W224Y,C(C1C(C(C(C(O1)O)N)O)O)OP(=O)(O)O,-0.18708664335714442,1.5410410165786743,-0.23148667812347412,1.6317024230957031
776,Q4KCY5_wild,C1CC(NC1)C(=O)O,-0.2924298239020636,0.28751760721206665,-0.26032009720802307,0.37359994649887085
777,A4XJ56_wild,C(C1C(C(C(C(O1)O)O)O)O)O,1.7853298350107671,0.9400271773338318,1.0781824588775635,0.13547495007514954
778,D1MI43_wild,CC1CCC(C(=O)C1)C(C)C,-2.1487416512809245,1.2226494550704956,0.6309075951576233,1.5716028213500977
779,D1MI43_wild,CC1CCC(C(C1)O)C(C)C,-0.5157001606532141,0.9107263684272766,0.40529805421829224,1.1569106578826904
780,A0A1S5R263_wild,CC1CCC(C(=O)C1)C(C)C,-0.34486156518861794,1.574506402015686,0.5325393080711365,2.0008697509765625
781,A0A1S5R238_wild,CC1CCC(C(=O)C1)C(C)C,-1.9393021596463884,1.4197219610214233,0.5364768505096436,1.9364831447601318
782,A0A1S5R244_wild,CC1CCC(C(=O)C1)C(C)C,-1.619788758288394,1.5708529949188232,0.46476393938064575,1.8888895511627197
783,A0A1S5R240_wild,CC1CCC(C(=O)C1)C(C)C,-1.330683119433888,1.599971055984497,0.8433305621147156,1.8088968992233276
784,Q8DRL6_wild,CC(=O)NC1C(C(C(OC1OC2=CC=C(C=C2)[N+](=O)[O-])CO)O)O,-0.07058107428570727,-0.04071669280529022,-0.42815226316452026,0.6737357974052429
785,Q8DRL6_W876A,CC(=O)NC1C(C(C(OC1OC2=CC=C(C=C2)[N+](=O)[O-])CO)O)O,0.0,-0.03720612823963165,-0.4226534068584442,0.6775931715965271
786,Q8DRL6_E361A/W443A/W876A,CC(=O)NC1C(C(C(OC1OC2=CC=C(C=C2)[N+](=O)[O-])CO)O)O,-0.045757490560675115,-0.2029106169939041,-0.4058622419834137,0.5621830224990845
787,Q8DRL6_Y482A,CC(=O)NC1C(C(C(OC1OC2=CC=C(C=C2)[N+](=O)[O-])CO)O)O,0.25527250510330607,-0.028675749897956848,-0.42564529180526733,0.6882306337356567
788,Q8DRL6_Y482F,CC(=O)NC1C(C(C(OC1OC2=CC=C(C=C2)[N+](=O)[O-])CO)O)O,0.17609125905568124,-0.03824205696582794,-0.42653390765190125,0.6812646389007568
789,Q8DRL6_C469Y,CC(=O)NC1C(C(C(OC1OC2=CC=C(C=C2)[N+](=O)[O-])CO)O)O,-0.18708664335714442,-0.0479150265455246,-0.41717392206192017,0.6742006540298462
790,Q8DRL6_W443F,CC(=O)NC1C(C(C(OC1OC2=CC=C(C=C2)[N+](=O)[O-])CO)O)O,0.04921802267018156,-0.04407326877117157,-0.42960888147354126,0.6716450452804565
791,Q8DRL6_Y914F,CC(=O)NC1C(C(C(OC1OC2=CC=C(C=C2)[N+](=O)[O-])CO)O)O,-0.022276394711152257,-0.03865616023540497,-0.42690151929855347,0.6782587170600891
792,Q8DRL6_Y914A,CC(=O)NC1C(C(C(OC1OC2=CC=C(C=C2)[N+](=O)[O-])CO)O)O,0.1931245983544616,-0.03264801204204559,-0.4242728650569916,0.6864936351776123
793,Q8DRL6_W876F,CC(=O)NC1C(C(C(OC1OC2=CC=C(C=C2)[N+](=O)[O-])CO)O)O,0.11058971029924891,-0.0400458425283432,-0.42561280727386475,0.6769608855247498
794,Q8DRL6_W443A,CC(=O)NC1C(C(C(OC1OC2=CC=C(C=C2)[N+](=O)[O-])CO)O)O,-1.067019178076802,-0.04410006105899811,-0.4285486936569214,0.6707797050476074
795,A0A0E3XI19_wild,CC(=O)NC1C(C(C(OC1OC2=CC=C(C=C2)[N+](=O)[O-])CO)O)O,-1.3665315444204134,0.3781883120536804,-0.423745334148407,0.6999179720878601
796,O34714_R270K,C(=O)(C(=O)[O-])[O-],0.0,-0.2364044040441513,0.4266793727874756,0.34847718477249146
797,O34714_R92K/E162A/N163S/S164N,C(=O)(C(=O)[O-])[O-],0.3010299956639812,-0.2748836874961853,0.43007200956344604,0.3307381272315979
798,O34714_R92K,C(=O)(C(=O)[O-])[O-],0.2787536009528289,-0.26523542404174805,0.4301261305809021,0.33563706278800964
799,O34714_E280A,C(=O)(C(=O)[O-])[O-],0.47712125471966244,-0.5229018330574036,0.4645111560821533,0.19043463468551636
800,O34714_E333A/E101Q,C(=O)(C(=O)[O-])[O-],0.6020599913279624,-0.3729678988456726,0.40848785638809204,0.2771385908126831
801,O34714_E280D,C(=O)(C(=O)[O-])[O-],0.7323937598229685,-0.45436400175094604,0.4624919891357422,0.25344741344451904
802,O34714_E333A,C(=O)(C(=O)[O-])[O-],0.6020599913279624,-0.27601611614227295,0.3923438489437103,0.32896482944488525
803,O34714_E162Q,C(=O)(C(=O)[O-])[O-],1.0,-0.19726420938968658,0.3982429802417755,0.3785162568092346
804,O34714_S161D/E162A,C(=O)(C(=O)[O-])[O-],0.9590413923210936,-0.20529679954051971,0.40934011340141296,0.3719516694545746
805,O34714_T165P,C(=O)(C(=O)[O-])[O-],1.3979400086720377,-0.26073157787323,0.4232024848461151,0.33365538716316223
806,O34714_E101D,C(=O)(C(=O)[O-])[O-],0.5314789170422551,-0.49117809534072876,0.4616422653198242,0.2288128137588501
807,O34714_wild,C(=O)(C(=O)[O-])[O-],-0.6575773191777937,-0.1930404156446457,0.40185412764549255,0.3737511932849884
808,O34714_E333D,C(=O)(C(=O)[O-])[O-],0.7993405494535817,-0.19238588213920593,0.4140193462371826,0.3926941752433777
809,O34714_S164A,C(=O)(C(=O)[O-])[O-],1.4913616938342726,-0.19882328808307648,0.4010170102119446,0.36880549788475037
810,O34714_W132F,C(=O)(C(=O)[O-])[O-],1.4313637641589874,-0.20748163759708405,0.4169245958328247,0.3553616404533386
811,O34714_D297A,C(=O)(C(=O)[O-])[O-],1.0492180226701815,-0.18199844658374786,0.3809621334075928,0.38601383566856384
812,O34714_H299A,C(=O)(C(=O)[O-])[O-],1.0644579892269186,-0.17587968707084656,0.39678189158439636,0.3925648629665375
813,O34714_R270Q,C(=O)(C(=O)[O-])[O-],0.05690485133647256,-0.43638771772384644,0.4608362913131714,0.2363804578781128
814,O34714_E280Q,C(=O)(C(=O)[O-])[O-],1.0043213737826426,-0.33751237392425537,0.42807501554489136,0.2975526750087738
815,O34714_E162D,C(=O)(C(=O)[O-])[O-],0.4913616938342727,-0.19358544051647186,0.4066426753997803,0.3752061724662781
816,O34714_S161D/N163S/S164N,C(=O)(C(=O)[O-])[O-],1.9867717342662448,-0.19889990985393524,0.42059364914894104,0.364900678396225
817,Q9UVK4_wild,C(=O)(C(=O)[O-])[O-],0.6989700043360189,1.4262906312942505,0.43984848260879517,1.4091014862060547
818,Q27758_G246A/F250T,C1=NC(=C2C(=N1)N(C=N2)C3C(C(C(O3)COP(=O)(O)OP(=O)(O)OP(=O)(O)O)O)O)N,-1.2218487496163564,-0.11031775176525116,-0.5681799650192261,0.8879061341285706
819,Q27758_F250S,C1=NC(=C2C(=N1)N(C=N2)C3C(C(C(O3)COP(=O)(O)OP(=O)(O)OP(=O)(O)O)O)O)N,-0.8761483590329142,-0.11058087646961212,-0.5666550993919373,0.8733627796173096
820,Q27758_wild,C1C(N=C(S1)C2=NC3=C(S2)C=C(C=C3)O)C(=O)O,-2.0969100130080562,-1.5547267198562622,-1.1408183574676514,0.3696472644805908
821,Q27758_G246A,C1C(N=C(S1)C2=NC3=C(S2)C=C(C=C3)O)C(=O)O,-2.3979400086720375,-1.5574332475662231,-1.1408538818359375,0.37248313426971436
822,Q27758_V241I,C1C(N=C(S1)C2=NC3=C(S2)C=C(C=C3)O)C(=O)O,-2.0969100130080562,-1.5519773960113525,-1.1475379467010498,0.37397149205207825
823,Q27758_D436G,C1C(N=C(S1)C2=NC3=C(S2)C=C(C=C3)O)C(=O)O,-2.6989700043360187,-1.607289433479309,-1.1355619430541992,0.360518217086792
824,Q27758_F250S,C1C(N=C(S1)C2=NC3=C(S2)C=C(C=C3)O)C(=O)O,-1.6575773191777938,-1.563808560371399,-1.1345739364624023,0.36260318756103516
825,Q27758_I423L/D436G/L530R,C1C(N=C(S1)C2=NC3=C(S2)C=C(C=C3)O)C(=O)O,-1.677780705266081,-1.577115535736084,-1.1107892990112305,0.4021311104297638
826,Q27758_D436G,C1=NC(=C2C(=N1)N(C=N2)C3C(C(C(O3)COP(=O)(O)OP(=O)(O)OP(=O)(O)O)O)O)N,-2.0457574905606752,-0.14524641633033752,-0.5720933079719543,0.8765215873718262
827,Q27758_G246A/F250S,C1C(N=C(S1)C2=NC3=C(S2)C=C(C=C3)O)C(=O)O,-2.0,-1.558640718460083,-1.1361935138702393,0.36796852946281433
828,Q27758_I423L,C1=NC(=C2C(=N1)N(C=N2)C3C(C(C(O3)COP(=O)(O)OP(=O)(O)OP(=O)(O)O)O)O)N,-1.3279021420642825,-0.08373445272445679,-0.572041928768158,0.8877135515213013
829,Q27758_L530R,C1=NC(=C2C(=N1)N(C=N2)C3C(C(C(O3)COP(=O)(O)OP(=O)(O)OP(=O)(O)O)O)O)N,-1.2676062401770316,-0.08912685513496399,-0.5606876611709595,0.9286864995956421
830,Q27758_F250G,C1C(N=C(S1)C2=NC3=C(S2)C=C(C=C3)O)C(=O)O,-1.7958800173440752,-1.570480465888977,-1.1398115158081055,0.356139600276947
831,Q5UFR2_E354R,C1C(N=C(S1)C2=NC3=C(S2)C=C(C=C3)O)C(=O)O,-1.7958800173440752,-1.5666180849075317,-1.1098921298980713,0.34429019689559937
832,Q27758_wild,C1=NC(=C2C(=N1)N(C=N2)C3C(C(C(O3)COP(=O)(O)OP(=O)(O)OP(=O)(O)O)O)O)N,-0.7953374882517812,-0.09429863095283508,-0.569740891456604,0.8785504102706909
833,P08659_wild,C1=NC(=C2C(=N1)N(C=N2)C3C(C(C(O3)COP(=O)(O)OP(=O)(O)OP(=O)(O)O)O)O)N,-0.7958800173440752,-0.05579790472984314,-0.5779080986976624,0.9229063391685486
834,Q5UFR2_wild,C1C(N=C(S1)C2=NC3=C(S2)C=C(C=C3)O)C(=O)O,-1.6989700043360187,-1.5294790267944336,-1.136376142501831,0.34588420391082764
835,P08659_K529A,C1C(N=C(S1)C2=NC3=C(S2)C=C(C=C3)O)C(=O)O,-0.6382721639824072,-1.6630357503890991,-1.0871269702911377,0.22037574648857117
836,Q27758_F250G,C1=NC(=C2C(=N1)N(C=N2)C3C(C(C(O3)COP(=O)(O)OP(=O)(O)OP(=O)(O)O)O)O)N,-0.7798919119599449,-0.12041664123535156,-0.571759045124054,0.8665176630020142
837,Q27758_I423L/D436G/L530R,C1=NC(=C2C(=N1)N(C=N2)C3C(C(C(O3)COP(=O)(O)OP(=O)(O)OP(=O)(O)O)O)O)N,-3.0,-0.1276787668466568,-0.5616416335105896,0.9243398904800415
838,Q27758_G246A,C1=NC(=C2C(=N1)N(C=N2)C3C(C(C(O3)COP(=O)(O)OP(=O)(O)OP(=O)(O)O)O)O)N,-1.537602002101044,-0.09891696274280548,-0.5674461126327515,0.8821956515312195
839,Q27758_V241I/F250G,C1=NC(=C2C(=N1)N(C=N2)C3C(C(C(O3)COP(=O)(O)OP(=O)(O)OP(=O)(O)O)O)O)N,-0.7399286120149252,-0.11086666584014893,-0.572635293006897,0.8730851411819458
840,Q27758_L530R,C1C(N=C(S1)C2=NC3=C(S2)C=C(C=C3)O)C(=O)O,-2.431798275933005,-1.5436874628067017,-1.123656988143921,0.40834325551986694
841,Q27758_G246A/F250G,C1=NC(=C2C(=N1)N(C=N2)C3C(C(C(O3)COP(=O)(O)OP(=O)(O)OP(=O)(O)O)O)O)N,-1.214670164989233,-0.12153567373752594,-0.573341429233551,0.8732472658157349
842,Q27758_V241I/G246A/F250T,C1=NC(=C2C(=N1)N(C=N2)C3C(C(C(O3)COP(=O)(O)OP(=O)(O)OP(=O)(O)O)O)O)N,-1.3872161432802645,-0.10156626999378204,-0.5696621537208557,0.8943736553192139
843,Q27758_V241I/G246A/F250S,C1=NC(=C2C(=N1)N(C=N2)C3C(C(C(O3)COP(=O)(O)OP(=O)(O)OP(=O)(O)O)O)O)N,-1.031517051446065,-0.09765350818634033,-0.5703189373016357,0.8879466652870178
844,Q27758_V241I/F250T,C1=NC(=C2C(=N1)N(C=N2)C3C(C(C(O3)COP(=O)(O)OP(=O)(O)OP(=O)(O)O)O)O)N,-0.8210230527068305,-0.10690760612487793,-0.5673255920410156,0.885040819644928
845,Q27758_F250T,C1=NC(=C2C(=N1)N(C=N2)C3C(C(C(O3)COP(=O)(O)OP(=O)(O)OP(=O)(O)O)O)O)N,-0.6675615400843947,-0.11574044823646545,-0.5655171275138855,0.8778610229492188
846,Q27758_V241I,C1=NC(=C2C(=N1)N(C=N2)C3C(C(C(O3)COP(=O)(O)OP(=O)(O)OP(=O)(O)O)O)O)N,-0.5482135644757098,-0.08608914911746979,-0.5703861713409424,0.8856890201568604
847,Q5UFR2_S284T,C1C(N=C(S1)C2=NC3=C(S2)C=C(C=C3)O)C(=O)O,-1.5228787452803376,-1.537973403930664,-1.1328668594360352,0.34265363216400146
848,Q27758_V241I/F250S,C1C(N=C(S1)C2=NC3=C(S2)C=C(C=C3)O)C(=O)O,-1.9208187539523751,-1.559847116470337,-1.141010046005249,0.367220401763916
849,Q5UFR2_E354Q,C1C(N=C(S1)C2=NC3=C(S2)C=C(C=C3)O)C(=O)O,-1.9208187539523751,-1.5550310611724854,-1.1283326148986816,0.34462663531303406
850,Q27758_F250T,C1C(N=C(S1)C2=NC3=C(S2)C=C(C=C3)O)C(=O)O,-1.853871964321762,-1.5663703680038452,-1.131732702255249,0.36563342809677124
851,Q27758_G246A/F250T,C1C(N=C(S1)C2=NC3=C(S2)C=C(C=C3)O)C(=O)O,-1.958607314841775,-1.5592796802520752,-1.134181022644043,0.37294143438339233
852,Q5UFR2_E354K,C1C(N=C(S1)C2=NC3=C(S2)C=C(C=C3)O)C(=O)O,-1.8860566476931633,-1.564841866493225,-1.1123597621917725,0.35049885511398315
853,P08659_wild,C1C(N=C(S1)C2=NC3=C(S2)C=C(C=C3)O)C(=O)O,-1.958607314841775,-1.4994431734085083,-1.1333050727844238,0.4097525477409363
854,Q27758_V241I/G246A/F250T,C1C(N=C(S1)C2=NC3=C(S2)C=C(C=C3)O)C(=O)O,-2.0457574905606752,-1.5542529821395874,-1.1402673721313477,0.3773690462112427
855,Q27758_V241I/G246A/F250S,C1C(N=C(S1)C2=NC3=C(S2)C=C(C=C3)O)C(=O)O,-2.2218487496163566,-1.553505301475525,-1.1421139240264893,0.3731243908405304
856,Q5UFR2_E354Q,C1=NC(=C2C(=N1)N(C=N2)C3C(C(C(O3)COP(=O)(O)OP(=O)(O)OP(=O)(O)O)O)O)N,-1.3010299956639813,-0.08112511038780212,-0.5611969232559204,0.8352099061012268
857,Q5UFR2_E354K,C1=NC(=C2C(=N1)N(C=N2)C3C(C(C(O3)COP(=O)(O)OP(=O)(O)OP(=O)(O)O)O)O)N,-1.2006594505464183,-0.08156172931194305,-0.5490102171897888,0.8393017649650574
858,Q5UFR2_E354R,C1=NC(=C2C(=N1)N(C=N2)C3C(C(C(O3)COP(=O)(O)OP(=O)(O)OP(=O)(O)O)O)O)N,-0.9393021596463883,-0.08851704001426697,-0.5480732917785645,0.8323293924331665
859,Q5UFR2_H245N,C1C(N=C(S1)C2=NC3=C(S2)C=C(C=C3)O)C(=O)O,-1.6382721639824072,-1.6243882179260254,-1.0905179977416992,0.25153976678848267
860,Q5UFR2_wild,C1=NC(=C2C(=N1)N(C=N2)C3C(C(C(O3)COP(=O)(O)OP(=O)(O)OP(=O)(O)O)O)O)N,-0.8696662315049939,-0.05726964771747589,-0.5683588981628418,0.8381701111793518
861,Q5UFR2_H431Y,C1C(N=C(S1)C2=NC3=C(S2)C=C(C=C3)O)C(=O)O,-1.585026652029182,-1.5443247556686401,-1.1385347843170166,0.33517128229141235
862,Q5UFR2_H245N,C1=NC(=C2C(=N1)N(C=N2)C3C(C(C(O3)COP(=O)(O)OP(=O)(O)OP(=O)(O)O)O)O)N,-0.7746907182741372,-0.1727088838815689,-0.5142218470573425,0.7305694818496704
863,Q5UFR2_S284T,C1=NC(=C2C(=N1)N(C=N2)C3C(C(C(O3)COP(=O)(O)OP(=O)(O)OP(=O)(O)O)O)O)N,-0.6048484084954574,-0.06781286001205444,-0.5638527870178223,0.8366736173629761
864,Q5UFR2_H431Y,C1=NC(=C2C(=N1)N(C=N2)C3C(C(C(O3)COP(=O)(O)OP(=O)(O)OP(=O)(O)O)O)O)N,-0.7276941555979135,-0.07236410677433014,-0.5629318952560425,0.8274701833724976
865,A0A1B3TNR9_wild,C1=NC(=C2C(=N1)N(C=N2)C3C(C(C(O3)COP(=O)(O)OP(=O)(O)OP(=O)(O)O)O)O)N,-0.8696662315049939,-0.05529867112636566,-0.515841007232666,0.9732069373130798
866,P08659_K443A/K529A,C1C(N=C(S1)C2=NC3=C(S2)C=C(C=C3)O)C(=O)O,-1.1739251972991736,-1.8321610689163208,-1.0357770919799805,0.05086269974708557
867,P08659_Y255F,C1C(N=C(S1)C2=NC3=C(S2)C=C(C=C3)O)C(=O)O,-1.853871964321762,-1.5027333498001099,-1.1425831317901611,0.41136062145233154
868,P08659_K443A,C1C(N=C(S1)C2=NC3=C(S2)C=C(C=C3)O)C(=O)O,-2.638272163982407,-1.5708423852920532,-1.1155822277069092,0.30539074540138245
869,P08659_Y255F,C1=NC(=C2C(=N1)N(C=N2)C3C(C(C(O3)COP(=O)(O)OP(=O)(O)OP(=O)(O)O)O)O)N,-1.0969100130080565,-0.057788215577602386,-0.5828164219856262,0.9269309043884277
870,P08659_R213K/T214N,C1C(N=C(S1)C2=NC3=C(S2)C=C(C=C3)O)C(=O)O,-1.619788758288394,-1.485268235206604,-1.127622365951538,0.4294808506965637
871,P08659_K445Q,C1C(N=C(S1)C2=NC3=C(S2)C=C(C=C3)O)C(=O)O,-2.050609993355087,-1.5080167055130005,-1.1555919647216797,0.3917572498321533
872,P08659_R213K/T214N,C1=NC(=C2C(=N1)N(C=N2)C3C(C(C(O3)COP(=O)(O)OP(=O)(O)OP(=O)(O)O)O)O)N,-0.8996294548824371,-0.028812378644943237,-0.5738196969032288,0.9431993365287781
873,P08659_wild,CCCCCC=CCC=CCCCCCCCC(=O)O,-1.8664610916297826,0.018551722168922424,-1.847322702407837,1.7081210613250732
874,P08659_wild,CCCCCCCCCCCC(=O)O,-2.130181792020672,-0.19059933722019196,-1.8839735984802246,0.962863564491272
875,A0A1B3TNR9_F255Y,C1C(N=C(S1)C2=NC3=C(S2)C=C(C=C3)O)C(=O)O,-1.8239087409443187,-1.513392448425293,-1.0497403144836426,0.43998968601226807
876,P13129_wild,CCCCCCCCCCCC(=O)O,-1.7878123955960423,-0.08022360503673553,-1.8979504108428955,0.9825465679168701
877,A0A1B3TNR9_wild,C1C(N=C(S1)C2=NC3=C(S2)C=C(C=C3)O)C(=O)O,-1.7212463990471711,-1.51614248752594,-1.0609071254730225,0.4461619555950165
878,A0A1B3TNR9_F255Y,C1=NC(=C2C(=N1)N(C=N2)C3C(C(C(O3)COP(=O)(O)OP(=O)(O)OP(=O)(O)O)O)O)N,-0.7986028756795485,-0.0545395165681839,-0.5110400915145874,0.965421199798584
879,Q6XFB6_wild,C1=CN(C(=O)NC1=O)C2C(C(C(O2)COP(=O)(O)OP(=O)(O)OC3C(C(C(C(O3)CO)O)O)O)O)O,-1.3010299956639813,0.5454978942871094,-1.1131532192230225,1.3419084548950195
880,A0A0D1DYW4_wild,C(=O)C(C(=O)[O-])O,-3.721246399047171,1.236304521560669,0.2127375602722168,1.6379700899124146
881,A0A0D1DYW4_wild,C1C=CN(C=C1C(=O)N)C2C(C(C(O2)COP(=O)(O)OP(=O)(O)OCC3C(C(C(O3)N4C=NC5=C(N=CN=C54)N)O)O)O)O,-1.8446639625349381,1.2552440166473389,-1.1993939876556396,2.3247251510620117
882,A0A0D1DYW4_wild,C1=CC(=C[N+](=C1)C2C(C(C(O2)COP(=O)(O)OP(=O)(O)OCC3C(C(C(O3)N4C=NC5=C(N=CN=C54)N)OP(=O)(O)O)O)O)O)C(=O)N,-3.522878745280338,0.7746717929840088,-0.8256334662437439,1.831712007522583
883,A0A0D1DYW4_wild,C(C(C(=O)O)O)O,-0.9100948885606021,0.5807189345359802,0.6672534346580505,0.8714407086372375
884,A0A0D1DYW4_wild,C(C(C(=O)[O-])O)O,-1.7520267336381934,1.1436798572540283,0.3406791090965271,1.1665823459625244
885,K5B7F3_wild,COC1C(C(OC(C1O)OC2C(OC(C(C2OC)O)O)CO)CO)O,-0.6020599913279624,-2.5114941596984863,0.46912992000579834,-0.6623120307922363
886,K5B7F3_H79A,COC1C(C(OC(C1O)OC2C(OC(C(C2OC)O)O)CO)CO)O,-0.10790539730951958,-2.479653835296631,0.4528401494026184,-0.6209855079650879
887,K5B7F3_wild,C[S+](CCC(C(=O)[O-])N)CC1C(C(C(O1)N2C=NC3=C(N=CN=C32)N)O)O,-1.2596373105057561,-2.3895263671875,-0.7492476105690002,0.12816926836967468
888,K5B7F3_E78A,COC1C(C(OC(C1O)OC2C(OC(C(C2OC)O)O)CO)CO)O,-0.16115090926274472,-2.5118374824523926,0.4767974615097046,-0.6422610282897949
889,K7PRF2_wild,CC(=CCCC(=CCCC(=CCOP(=O)(O)OP(=O)(O)O)C)C)C,-1.5391021572434522,-1.6365593671798706,-2.34745192527771,0.7862939834594727
890,Q43157_wild,C(C(C(C(=O)CO)O)O)OP(=O)(O)O,-0.6575773191777937,1.794845461845398,-0.6607202887535095,2.4141557216644287
891,Q9A1H8_wild,C(C(C(C(=O)CO)O)O)OP(=O)(O)O,-0.6989700043360187,1.2198807001113892,-0.3378256559371948,1.9593008756637573
892,I3DTN4_wild,C(C(C(C(=O)CO)O)O)OP(=O)(O)O,-1.1249387366083,0.9997140765190125,-0.8465272188186646,1.989227056503296
893,I3DZ65_wild,C(C(C(C(=O)CO)O)O)OP(=O)(O)O,-1.2365720064370627,0.8435824513435364,-0.6042681932449341,1.6897437572479248
894,I3DTP3_wild,C(C(C(C(=O)CO)O)O)OP(=O)(O)O,-1.2518119729937995,1.1371678113937378,-0.8907657265663147,2.013821840286255
895,P51015_wild,C(C=O)O,2.095518042323151,0.07673007249832153,0.7289702892303467,-0.127454936504364
896,P51015_wild,CCC=O,2.1332194567324945,0.3432973027229309,0.7089217305183411,-0.09328961372375488
897,P51015_wild,CC=O,1.808075868091307,0.39553511142730713,0.8731198310852051,0.02334919571876526
898,P9WMK5_wild,CC(CC(=O)C(=O)[O-])O,-2.3565473235138126,0.05343141406774521,0.06732673943042755,0.539470374584198
899,P9WMK5_wild,CCC(CC(=O)C(=O)[O-])O,-2.318758762624413,0.17744961380958557,-0.25341126322746277,0.5739110708236694
900,Q3C2L6_wild,C(C(C(C(C(CO)O)O)O)O)O,0.37839790094813774,0.20717117190361023,0.8420588374137878,0.10263200104236603
901,Q3C2L6_wild,C1C(C(C(C(O1)(CO)O)O)O)O,1.9978230807457256,1.1294621229171753,0.9923996329307556,0.1778155416250229
902,Q9KWR5_wild,C(C(C(C(C(CO)O)O)O)O)O,2.12057393120585,0.43645554780960083,1.3002357482910156,-0.05931532382965088
903,Q1J2J0_wild,C1=CC(=C[N+](=C1)C2C(C(C(O2)COP(=O)(O)OP(=O)(O)OCC3C(C(C(O3)N4C=NC5=C(N=CN=C54)N)OP(=O)(O)O)O)O)O)C(=O)N,-0.38721614328026455,0.7024063467979431,-0.6070460677146912,1.3702030181884766
904,Q1J2J0_wild,C1=CC(=C[N+](=C1)C2C(C(C(O2)COP(=O)([O-])OP(=O)(O)OCC3C(C(C(O3)N4C=NC5=C(N=CN=C54)N)O)O)O)O)C(=O)N,-0.3565473235138126,0.8504603505134583,-0.40351247787475586,1.3662998676300049
905,Q5FNX9_wild,C1=CC=C(C=C1)C(=O)CO,-0.09691001300805639,1.005757212638855,-0.01660892367362976,1.3597322702407837
906,P11177_wild,CC(=O)C(=O)[O-],-2.0,0.2676597237586975,-0.9558936953544617,1.5752265453338623
907,P73405_wild,CC(=O)C(=O)[O-],-1.2518119729937995,0.33007317781448364,-0.4501940608024597,1.0575765371322632
908,P32622_wild,C1=NC(=C2C(=N1)N(C=N2)C3C(C(C(O3)COP(=O)(O)OP(=O)(O)OP(=O)(O)O)O)O)N,-0.7695510786217261,0.7386870980262756,-0.4000732898712158,0.9101243019104004
909,P32622_wild,C1C=CN(C=C1C(=O)N)C2C(C(C(O2)COP(=O)(O)OP(=O)(O)OCC3C(C(C(O3)N4C=NC5=C(N=CN=C54)N)O)O)O)O,0.3010299956639812,0.9627712368965149,-0.8894960284233093,1.4902126789093018
910,Q06892_R293H,C1=CC(=C[N+](=C1)C2C(C(C(O2)COP(=O)([O-])OP(=O)(O)OCC3C(C(C(O3)N4C=NC5=C(N=CN=C54)N)O)O)O)O)C(=O)N,0.11394335230683679,0.6403476595878601,-0.508028507232666,1.1895954608917236
911,Q06892_R293H,C1C=CN(C=C1C(=O)N)C2C(C(C(O2)COP(=O)(O)OP(=O)(O)OCC3C(C(C(O3)N4C=NC5=C(N=CN=C54)N)O)O)O)O,-1.494850021680094,0.7131872177124023,-0.9891193509101868,1.7231991291046143
912,Q06892_wild,C1C=CN(C=C1C(=O)N)C2C(C(C(O2)COP(=O)(O)OP(=O)(O)OCC3C(C(C(O3)N4C=NC5=C(N=CN=C54)N)O)O)O)O,-0.721246399047171,0.6980041265487671,-0.9969155192375183,1.7181949615478516
913,Q06892_wild,C1=CC(=C[N+](=C1)C2C(C(C(O2)COP(=O)([O-])OP(=O)(O)OCC3C(C(C(O3)N4C=NC5=C(N=CN=C54)N)O)O)O)O)C(=O)N,0.6532125137753437,0.623549222946167,-0.5179835557937622,1.1928205490112305
914,P21373_wild,C1C=CN(C=C1C(=O)N)C2C(C(C(O2)COP(=O)(O)OP(=O)(O)OCC3C(C(C(O3)N4C=NC5=C(N=CN=C54)N)O)O)O)O,0.5910646070264992,1.0948052406311035,-0.994388222694397,1.4486827850341797
915,A0A0H3JPC6_wild,CC(=O)NC1C(C(C(OC1OP(=O)(O)OP(=O)(O)OCC2C(C(C(O2)N3C=CC(=O)NC3=O)O)O)CO)O)O,-1.3467874862246563,-0.7195836901664734,-0.9776821732521057,0.32550832629203796
916,A4H4P8_wild,C1C(=NC2=C(N1)N=C(NC2=O)N)CNC3=CC=C(C=C3)C(=O)NC(CCC(=O)O)C(=O)O,-1.2549252084179425,0.6565772294998169,-1.9872684478759766,2.473592519760132
917,O30463_D31Q,C1C(=NC2=C(N1)N=C(NC2=O)N)CNC3=CC=C(C=C3)C(=O)NC(CCC(=O)O)C(=O)O,-2.638272163982407,0.356756329536438,-1.81746506690979,2.2349889278411865
918,O30463_D31N,C1C(=NC2=C(N1)N=C(NC2=O)N)CNC3=CC=C(C=C3)C(=O)NC(CCC(=O)O)C(=O)O,-2.677780705266081,0.4106610417366028,-1.7985432147979736,2.2620582580566406
919,O30463_wild,C1C(=NC2=C(N1)N=C(NC2=O)N)CNC3=CC=C(C=C3)C(=O)NC(CCC(=O)O)C(=O)O,-3.154901959985743,0.6443686485290527,-1.8853726387023926,2.423386335372925
920,O30463_D31E,C1C(=NC2=C(N1)N=C(NC2=O)N)CNC3=CC=C(C=C3)C(=O)NC(CCC(=O)O)C(=O)O,-2.721246399047171,0.5720024704933167,-1.8645203113555908,2.338404417037964
921,O30463_L32D,C1C(=NC2=C(N1)N=C(NC2=O)N)CNC3=CC=C(C=C3)C(=O)NC(CCC(=O)O)C(=O)O,-2.2924298239020637,0.5508956909179688,-1.8202321529388428,2.3215630054473877
922,O30463_L32D,C1C=CN(C=C1C(=O)N)C2C(C(C(O2)COP(=O)(O)OP(=O)(O)OCC3C(C(C(O3)N4C=NC5=C(N=CN=C54)N)OP(=O)(O)O)O)O)O,-3.0757207139381184,0.5692022442817688,-1.6511361598968506,2.4167094230651855
923,O30463_D31L/L32A,C1C=CN(C=C1C(=O)N)C2C(C(C(O2)COP(=O)(O)OP(=O)(O)OCC3C(C(C(O3)N4C=NC5=C(N=CN=C54)N)OP(=O)(O)O)O)O)O,-2.853871964321762,0.27965378761291504,-1.6448073387145996,2.268317222595215
924,O30463_V76A,C1C=CN(C=C1C(=O)N)C2C(C(C(O2)COP(=O)(O)OP(=O)(O)OCC3C(C(C(O3)N4C=NC5=C(N=CN=C54)N)OP(=O)(O)O)O)O)O,-2.8239087409443187,0.7207416296005249,-1.681196689605713,2.5512452125549316
925,O30463_D31E,C1C=CN(C=C1C(=O)N)C2C(C(C(O2)COP(=O)(O)OP(=O)(O)OCC3C(C(C(O3)N4C=NC5=C(N=CN=C54)N)OP(=O)(O)O)O)O)O,-2.6989700043360187,0.6235989332199097,-1.707503318786621,2.487287998199463
926,O30463_D31A,C1C=CN(C=C1C(=O)N)C2C(C(C(O2)COP(=O)(O)OP(=O)(O)OCC3C(C(C(O3)N4C=NC5=C(N=CN=C54)N)OP(=O)(O)O)O)O)O,-3.167491087293764,0.3494422435760498,-1.64662504196167,2.331663131713867
927,O30463_L32F,C1C(=NC2=C(N1)N=C(NC2=O)N)CNC3=CC=C(C=C3)C(=O)NC(CCC(=O)O)C(=O)O,-3.167491087293764,0.5918194651603699,-1.8540377616882324,2.3668429851531982
928,O30463_L32A,C1C(=NC2=C(N1)N=C(NC2=O)N)CNC3=CC=C(C=C3)C(=O)NC(CCC(=O)O)C(=O)O,-3.0177287669604316,0.6130128502845764,-1.8711178302764893,2.3874731063842773
929,O30463_D31Q,C1C=CN(C=C1C(=O)N)C2C(C(C(O2)COP(=O)(O)OP(=O)(O)OCC3C(C(C(O3)N4C=NC5=C(N=CN=C54)N)OP(=O)(O)O)O)O)O,-3.1870866433571443,0.38238346576690674,-1.6852920055389404,2.3709182739257812
930,O30463_V76A,C1C(=NC2=C(N1)N=C(NC2=O)N)CNC3=CC=C(C=C3)C(=O)NC(CCC(=O)O)C(=O)O,-3.1079053973095196,0.6782374978065491,-1.8530805110931396,2.417353868484497
931,O30463_L32F,C1C=CN(C=C1C(=O)N)C2C(C(C(O2)COP(=O)(O)OP(=O)(O)OCC3C(C(C(O3)N4C=NC5=C(N=CN=C54)N)OP(=O)(O)O)O)O)O,-2.886056647693163,0.6093772053718567,-1.6841356754302979,2.5124571323394775
932,O30463_D31A,C1C(=NC2=C(N1)N=C(NC2=O)N)CNC3=CC=C(C=C3)C(=O)NC(CCC(=O)O)C(=O)O,-1.431798275933005,0.33120691776275635,-1.7969844341278076,2.2127084732055664
933,O30463_D31N,C1C=CN(C=C1C(=O)N)C2C(C(C(O2)COP(=O)(O)OP(=O)(O)OCC3C(C(C(O3)N4C=NC5=C(N=CN=C54)N)OP(=O)(O)O)O)O)O,-3.113509274827518,0.4414358139038086,-1.633971929550171,2.3903512954711914
934,O30463_D31L,C1C(=NC2=C(N1)N=C(NC2=O)N)CNC3=CC=C(C=C3)C(=O)NC(CCC(=O)O)C(=O)O,-0.703334809738469,0.2620234489440918,-1.7768962383270264,2.154571294784546
935,H9M5U5_wild,CC(=CCCC(=CCOP(=O)(O)OP(=O)(O)O)C)C,-2.721246399047171,-1.3790498971939087,-2.321608304977417,1.056269884109497
936,H9M5U5_wild,CC(=CCCC(=CCCC(=CCOP(=O)(O)OP(=O)(O)O)C)C)C,-3.0969100130080562,-1.398072361946106,-2.557209014892578,1.131272315979004
937,P32441_wild,CC1C2C(N(CN2C3=C(N1)N=C(NC3=O)N)C4=CC=C(C=C4)CC(C(C(COC5C(C(C(O5)COP(=O)(O)OC(CCC(=O)O)C(=O)O)O)O)O)O)O)C,-1.6989700043360187,1.2388451099395752,-2.304804801940918,1.0688591003417969
938,P32441_wild,CC1C2C(N(C=[N+]2C3=C(N1)N=C(NC3=O)N)C4=CC=C(C=C4)CC(C(C(COC5C(C(C(O5)COP(=O)(O)OC(CCC(=O)O)C(=O)O)O)O)O)O)O)C,-1.154901959985743,1.273245096206665,-2.2385990619659424,1.0204763412475586
939,A8NU13_H235P/N239L,CC(=CCCC(=CCCC(=CCOP(=O)(O)OP(=O)(O)O)C)C)C,-1.958607314841775,-2.2374320030212402,-2.8338513374328613,0.33921515941619873
940,A8NU13_K233I,CC(=CCCC(=CCCC(=CCOP(=O)(O)OP(=O)(O)O)C)C)C,-1.1505805862031007,-2.2485697269439697,-2.8153188228607178,0.33464765548706055
941,O32153_wild,C(C(C(C(C(=O)CNCC(=O)O)O)O)O)O,-0.22184874961635637,1.2622727155685425,0.07633060216903687,0.8746842741966248
942,O32153_wild,C1COCCN1C(C(=O)C(C(C(CO)O)O)O)O,1.6720978579357175,1.503843903541565,0.6205115914344788,0.9401391744613647
943,Q8GGL2_wild,C1=NC(=C2C(=N1)N(C=N2)C3C(C(C(O3)COP(=O)(O)O)O)O)N,-1.3882766919926581,1.0915125608444214,-0.9555644392967224,1.6968530416488647
944,Q8GGL2_wild,C1=NC(=C2C(=N1)N(C=N2)C3C(C(C(O3)COP(=O)(O)OP(=O)(O)OP(=O)(O)O)O)O)N,-1.3062730510763532,0.8840022087097168,-0.8022993206977844,1.4029293060302734
945,Q14EL6_wild,C1=NC(=C2C(=N1)N(C=N2)C3C(C(C(O3)COP(=O)(O)O)O)O)N,-0.5376020021010439,0.8829862475395203,-1.8252792358398438,2.056241750717163
946,Q14EL6_wild,C1=NC(=C2C(=N1)N(C=N2)C3C(C(C(O3)COP(=O)(O)OP(=O)(O)OP(=O)(O)O)O)O)N,-1.1249387366083,0.5926846265792847,-1.5910985469818115,1.824949860572815
947,Q977U7_R207I,C(C1C(C(C(C(O1)O)O)O)O)O,1.505149978319906,1.2925583124160767,0.9013660550117493,0.6691218614578247
948,Q977U7_wild,C1=CC(=C[N+](=C1)C2C(C(C(O2)COP(=O)([O-])OP(=O)(O)OCC3C(C(C(O3)N4C=NC5=C(N=CN=C54)N)O)O)O)O)C(=O)N,0.07918124604762482,0.43063199520111084,-0.17813897132873535,0.8400701284408569
949,Q977U7_wild,C1=CC(=C[N+](=C1)C2C(C(C(O2)COP(=O)(O)OP(=O)(O)OCC3C(C(C(O3)N4C=NC5=C(N=CN=C54)N)OP(=O)(O)O)O)O)O)C(=O)N,-1.4559319556497243,0.44354677200317383,-0.3750830590724945,1.0493028163909912
950,Q977U7_wild,C(C1C(C(C(C(O1)O)O)O)O)O,1.110589710299249,1.2902671098709106,0.9275563359260559,0.6680959463119507
951,Q977U7_G206D/R207I,C(C1C(C(C(C(O1)O)O)O)O)O,1.9030899869919435,1.319644570350647,0.9123970866203308,0.6986500024795532
952,Q977U7_G206D,C(C1C(C(C(C(O1)O)O)O)O)O,1.7160033436347992,1.307597041130066,0.9328696131706238,0.686754584312439
953,Q977U7_G206D/R207I/R208N,C(C1C(C(C(C(O1)O)O)O)O)O,1.7558748556724915,1.3530824184417725,0.9216811060905457,0.724795937538147
954,Q977U7_R207I,C1=CC(=C[N+](=C1)C2C(C(C(O2)COP(=O)([O-])OP(=O)(O)OCC3C(C(C(O3)N4C=NC5=C(N=CN=C54)N)O)O)O)O)C(=O)N,0.11394335230683679,0.43530046939849854,-0.19152049720287323,0.842575192451477
955,Q977U7_R207I,C1=CC(=C[N+](=C1)C2C(C(C(O2)COP(=O)(O)OP(=O)(O)OCC3C(C(C(O3)N4C=NC5=C(N=CN=C54)N)OP(=O)(O)O)O)O)O)C(=O)N,0.23044892137827394,0.45293039083480835,-0.37311169505119324,1.0515295267105103
956,Q977U7_G206D,C1=CC(=C[N+](=C1)C2C(C(C(O2)COP(=O)([O-])OP(=O)(O)OCC3C(C(C(O3)N4C=NC5=C(N=CN=C54)N)O)O)O)O)C(=O)N,-0.3098039199714864,0.43778282403945923,-0.17198880016803741,0.8490372896194458
957,Q977U7_G206D/R207I,C1=CC(=C[N+](=C1)C2C(C(C(O2)COP(=O)([O-])OP(=O)(O)OCC3C(C(C(O3)N4C=NC5=C(N=CN=C54)N)O)O)O)O)C(=O)N,0.43136376415898736,0.4602707028388977,-0.18056842684745789,0.8665865659713745
958,Q977U7_G206D,C1=CC(=C[N+](=C1)C2C(C(C(O2)COP(=O)(O)OP(=O)(O)OCC3C(C(C(O3)N4C=NC5=C(N=CN=C54)N)OP(=O)(O)O)O)O)O)C(=O)N,0.414973347970818,0.45354515314102173,-0.3771117329597473,1.0572258234024048
959,B0TBI9_wild,C(C(C(C(=O)[O-])O)O)O,-1.0915149811213503,0.9011757373809814,-0.37310630083084106,0.4315146207809448
960,B0TBI9_wild,C(C(C(C(=O)O)N)O)O,1.6434526764861874,0.7733214497566223,-0.09831308573484421,0.31556183099746704
961,Q5JI38_wild,C(CCN=C(N)N)CN,-0.3133637307377066,-1.7135928869247437,0.2539702355861664,0.07543960213661194
962,Q5JI38_wild,C(CCN=C(N)N)CNCCCN,-2.192464971931147,-1.303693175315857,-0.1632322072982788,0.3109462857246399
963,P00862_wild,C1=C(NC=N1)CC(C(=O)O)N,-0.3979400086720376,1.0201294422149658,-1.7401950359344482,1.3156731128692627
964,B3Y006_wild,C1=C(NC=N1)CC(C(=O)O)N,0.04139268515822508,0.06414785981178284,-1.6687688827514648,1.2142541408538818
965,P9WNC5_wild,C1C(=NC2=C(N1)N=C(NC2=O)N)C(C(CO)O)O,-3.812479279163537,-1.6609591245651245,-1.9068586826324463,0.6250960826873779
966,O86938_wild,C(C(=O)C(=O)[O-])P(=O)(O)[O-],-2.494850021680094,0.1850917488336563,-0.9976872801780701,1.0200401544570923
967,O86938_H111A,C(C(=O)C(=O)[O-])P(=O)(O)[O-],-1.8860566476931633,0.20720890164375305,-0.9995080232620239,1.0320643186569214
968,O86938_D297E,C(C(=O)C(=O)[O-])P(=O)(O)[O-],-1.3979400086720375,0.19609905779361725,-0.9965717196464539,1.0177580118179321
969,O86938_S25N,C(C(=O)C(=O)[O-])P(=O)(O)[O-],-0.6020599913279624,0.1589955985546112,-0.9577623605728149,0.9897669553756714
970,O86938_S25D,C(C(=O)C(=O)[O-])P(=O)(O)[O-],0.1673173347481761,0.1992378532886505,-0.9930123090744019,1.0055932998657227
971,O86938_D297N,C(C(=O)C(=O)[O-])P(=O)(O)[O-],0.48000694295715063,0.17214883863925934,-0.9930803179740906,1.015578269958496
972,Q9ZER2_wild,CC(C)(COP(=O)(O)OP(=O)(O)OCC1C(C(C(O1)N2C=NC3=C(N=CN=C32)N)O)OP(=O)(O)O)C(C(=O)NCCC(=O)NCCS)O,-0.7447274948969352,0.8077777028083801,-1.1252450942993164,1.7018089294433594
973,Q9ZER2_wild,C(CCC(=O)[O-])CCC(=O)[O-],-0.3098039199714864,0.5433856248855591,-0.5223275423049927,1.6630538702011108
974,Q9ZER2_wild,C1=NC(=C2C(=N1)N(C=N2)C3C(C(C(O3)COP(=O)(O)OP(=O)(O)OP(=O)(O)O)O)O)N,-0.1426675035687919,0.92401123046875,-0.46985316276550293,1.42721426486969
975,P53559_Y211F,CCCCCCC(=O)[O-],-0.2765443279648143,-0.9783881306648254,-0.581688642501831,0.36823102831840515
976,P53559_wild,C(CCC(=O)O)CCC(=O)O,-1.1518108830086013,-1.0109432935714722,-1.1996326446533203,1.0415815114974976
977,P53559_wild,C1=NC(=C2C(=N1)N(C=N2)C3C(C(C(O3)COP(=O)(O)OP(=O)(O)OP(=O)(O)O)O)O)N,-0.5234581909727161,-0.50304114818573,-1.4247007369995117,1.007524847984314
978,P53559_wild,CC(C)(COP(=O)(O)OP(=O)(O)OCC1C(C(C(O1)N2C=NC3=C(N=CN=C32)N)O)OP(=O)(O)O)C(C(=O)NCCC(=O)NCCS)O,-0.6395959452700611,-0.30679821968078613,-1.9325828552246094,1.4017970561981201
979,P53559_Y211F,CCCCCCCC(=O)[O-],-0.31930197030236496,-1.094194769859314,-1.0541070699691772,0.6462180018424988
980,O67575_wild,C(CCC(=O)O)CCC(=O)O,-1.9706162223147905,0.39192336797714233,-1.0845038890838623,1.2889118194580078
981,P27830_C187A,CC1=CN(C(=O)NC1=O)C2CC(C(O2)COP(=O)(O)OP(=O)(O)OC3C(C(C(C(O3)CO)O)O)O)O,-3.0,-0.7801274061203003,-0.8953351378440857,0.7274143695831299
982,P27830_E136A,CC1=CN(C(=O)NC1=O)C2CC(C(O2)COP(=O)(O)OP(=O)(O)OC3C(C(C(C(O3)CO)O)O)O)O,-1.9208187539523751,-1.2004026174545288,-0.8120331764221191,0.38123783469200134
983,P27830_C187S,CC1=CN(C(=O)NC1=O)C2CC(C(O2)COP(=O)(O)OP(=O)(O)OC3C(C(C(C(O3)CO)O)O)O)O,-2.8239087409443187,-0.7828373312950134,-0.8887651562690735,0.7149714231491089
984,P27830_H232A,CC1=CN(C(=O)NC1=O)C2CC(C(O2)COP(=O)(O)OP(=O)(O)OC3C(C(C(C(O3)CO)O)O)O)O,-2.4814860601221125,-0.9284237027168274,-0.8319337964057922,0.5903528332710266
985,P27830_H232Q/K199M,CC1=CN(C(=O)NC1=O)C2CC(C(O2)COP(=O)(O)OP(=O)(O)OC3C(C(C(C(O3)CO)O)O)O)O,-2.0969100130080562,-1.1802867650985718,-0.7661120891571045,0.37405794858932495
986,P27830_K199R,CC1=CN(C(=O)NC1=O)C2CC(C(O2)COP(=O)(O)OP(=O)(O)OC3C(C(C(C(O3)CO)O)O)O)O,-1.8860566476931633,-0.9657594561576843,-0.8602387309074402,0.5391074419021606
987,P27830_H232N,CC1=CN(C(=O)NC1=O)C2CC(C(O2)COP(=O)(O)OP(=O)(O)OC3C(C(C(C(O3)CO)O)O)O)O,-2.3010299956639813,-0.937062680721283,-0.8532876372337341,0.6109687089920044
988,P27830_T134V,CC1=CN(C(=O)NC1=O)C2CC(C(O2)COP(=O)(O)OP(=O)(O)OC3C(C(C(C(O3)CO)O)O)O)O,-1.6989700043360187,-1.0622409582138062,-0.8413349390029907,0.44309550523757935
989,P27830_T134S,CC1=CN(C(=O)NC1=O)C2CC(C(O2)COP(=O)(O)OP(=O)(O)OC3C(C(C(C(O3)CO)O)O)O)O,-1.6575773191777938,-0.7794776558876038,-0.9093092679977417,0.7239663600921631
990,P27830_K164A,CC1=CN(C(=O)NC1=O)C2CC(C(O2)COP(=O)(O)OP(=O)(O)OC3C(C(C(C(O3)CO)O)O)O)O,-1.0457574905606752,-1.1212034225463867,-0.6928802132606506,0.35621941089630127
991,P27830_N190D,CC1=CN(C(=O)NC1=O)C2CC(C(O2)COP(=O)(O)OP(=O)(O)OC3C(C(C(C(O3)CO)O)O)O)O,-1.6020599913279623,-0.9548324942588806,-0.8261027932167053,0.5313959717750549
992,P27830_E136Q,CC1=CN(C(=O)NC1=O)C2CC(C(O2)COP(=O)(O)OP(=O)(O)OC3C(C(C(C(O3)CO)O)O)O)O,-2.0457574905606752,-1.1360715627670288,-0.8158276677131653,0.37495726346969604
993,P27830_wild,CC1=CN(C(=O)NC1=O)C2CC(C(O2)COP(=O)(O)OP(=O)(O)OC3C(C(C(C(O3)CO)O)O)O)O,0.3424226808222063,-0.7823477983474731,-0.9207364916801453,0.7349287271499634
994,P27830_E198Q,CC1=CN(C(=O)NC1=O)C2CC(C(O2)COP(=O)(O)OP(=O)(O)OC3C(C(C(C(O3)CO)O)O)O)O,-1.958607314841775,-0.9248291254043579,-0.88448166847229,0.6064208745956421
995,P27830_D135A/T134A,CC1=CN(C(=O)NC1=O)C2CC(C(O2)COP(=O)(O)OP(=O)(O)OC3C(C(C(C(O3)CO)O)O)O)O,-2.154901959985743,-1.284237027168274,-0.7239403128623962,0.24535532295703888
996,P27830_N190A,CC1=CN(C(=O)NC1=O)C2CC(C(O2)COP(=O)(O)OP(=O)(O)OC3C(C(C(C(O3)CO)O)O)O)O,-2.2596373105057563,-0.9215299487113953,-0.8253623843193054,0.5360154509544373
997,P27830_Y160A,CC1=CN(C(=O)NC1=O)C2CC(C(O2)COP(=O)(O)OP(=O)(O)OC3C(C(C(C(O3)CO)O)O)O)O,-1.769551078621726,-1.2504314184188843,-0.7411989569664001,0.3379776179790497
998,P27830_Y301F,CC1=CN(C(=O)NC1=O)C2CC(C(O2)COP(=O)(O)OP(=O)(O)OC3C(C(C(C(O3)CO)O)O)O)O,-1.5086383061657274,-0.8284674286842346,-0.9000699520111084,0.6742459535598755
999,P27830_N190H/Y160F,CC1=CN(C(=O)NC1=O)C2CC(C(O2)COP(=O)(O)OP(=O)(O)OC3C(C(C(C(O3)CO)O)O)O)O,-2.136677139879544,-1.2440756559371948,-0.7535763382911682,0.2869117856025696
1000,P27830_D135N/E136Q,CC1=CN(C(=O)NC1=O)C2CC(C(O2)COP(=O)(O)OP(=O)(O)OC3C(C(C(C(O3)CO)O)O)O)O,-1.7212463990471711,-1.3301962614059448,-0.7434068918228149,0.22283831238746643
1001,P27830_wild,C1=CN(C(=O)NC1=O)C2C(C(C(O2)COP(=O)(O)OP(=O)(O)OC3C(C(C(C(O3)CO)O)O)O)O)O,1.4771212547196624,-0.6992594599723816,-0.9004804491996765,0.8720875978469849
1002,P27830_K164M,CC1=CN(C(=O)NC1=O)C2CC(C(O2)COP(=O)(O)OP(=O)(O)OC3C(C(C(C(O3)CO)O)O)O)O,-1.2839966563652008,-1.1289831399917603,-0.766359269618988,0.4278258979320526
1003,P27830_D135N,CC1=CN(C(=O)NC1=O)C2CC(C(O2)COP(=O)(O)OP(=O)(O)OC3C(C(C(C(O3)CO)O)O)O)O,-2.1023729087095586,-1.0508402585983276,-0.8130550384521484,0.46619507670402527
1004,Q9NQW5_S289N/S312W/S357Y,C[S+](CCC(C(=O)[O-])N)CC1C(C(C(O1)N2C=NC3=C(N=CN=C32)N)O)O,-1.6020599913279623,-0.060657843947410583,-1.7172834873199463,0.7851126194000244
1005,Q9NQW5_S289N,C[S+](CCC(C(=O)[O-])N)CC1C(C(C(O1)N2C=NC3=C(N=CN=C32)N)O)O,-0.6989700043360187,-0.15467359125614166,-1.6830496788024902,0.6886996030807495
1006,Q9NQW5_wild,C[S+](CCC(C(=O)[O-])N)CC1C(C(C(O1)N2C=NC3=C(N=CN=C32)N)O)O,-0.045757490560675115,-0.1455889195203781,-1.684208631515503,0.7042738199234009
1007,Q9NQW5_S357Y,C[S+](CCC(C(=O)[O-])N)CC1C(C(C(O1)N2C=NC3=C(N=CN=C32)N)O)O,-1.853871964321762,-0.01382477581501007,-1.6976892948150635,0.8247469067573547
1008,Q9NQW5_S312W,C[S+](CCC(C(=O)[O-])N)CC1C(C(C(O1)N2C=NC3=C(N=CN=C32)N)O)O,-1.2518119729937995,-0.18725387752056122,-1.7091619968414307,0.6800652742385864
1009,Q9YBQ2_wild,CCCCCCCC(=O)OC1=CC=C(C=C1)[N+](=O)[O-],-1.6345120151091004,1.064162015914917,-0.6800792813301086,2.008246898651123
1010,Q9YBQ2_R526V,CCCCCCCCCCCC(=O)OC1=CC=C(C=C1)[N+](=O)[O-],-1.9281179926938747,1.031156301498413,-0.7666120529174805,2.1075596809387207
1011,Q9YBQ2_W474A/R526V/T560W,CCCCCCCCCCCC(=O)OC1=CC=C(C=C1)[N+](=O)[O-],-2.7375489102695707,1.0354312658309937,-0.708225667476654,2.084786891937256
1012,Q9YBQ2_F488Y/R526V/T560W,CCCCCCCCCCCC(=O)OC1=CC=C(C=C1)[N+](=O)[O-],-3.1191864077192086,1.0067775249481201,-0.7633422613143921,2.0678555965423584
1013,Q9YBQ2_D524N,CCCCCCCC(=O)OC1=CC=C(C=C1)[N+](=O)[O-],-1.9318141382538383,0.9091899991035461,-0.6338440775871277,1.8957440853118896
1014,Q9YBQ2_W474Q/R526V/T560W,CCCCCCCCCCCC(=O)OC1=CC=C(C=C1)[N+](=O)[O-],-3.1249387366083,1.0357749462127686,-0.7171885371208191,2.082012176513672
1015,Q9YBQ2_F488W/R526V/T560W,CCCCCCCCCCCC(=O)OC1=CC=C(C=C1)[N+](=O)[O-],-2.9956786262173574,1.0059419870376587,-0.763879120349884,2.0757553577423096
1016,Q9YBQ2_D524A,CCCCCCCC(=O)OC1=CC=C(C=C1)[N+](=O)[O-],-1.575118363368933,0.8902305960655212,-0.6293718218803406,1.8813971281051636
1017,Q9YBQ2_F488G/R526V/T560W,CCCCCCCCCCCC(=O)OC1=CC=C(C=C1)[N+](=O)[O-],-2.078833949362261,1.0081487894058228,-0.7579611539840698,2.0744614601135254
1018,Q9YBQ2_R526V/T560W,CCCCCCCCCCCC(=O)OC1=CC=C(C=C1)[N+](=O)[O-],-2.9136401693252516,1.000051736831665,-0.7593144774436951,2.0695366859436035
1019,Q9YBQ2_W474V/F488G/R526V/T560W,CCCCCCCCCCCC(=O)OC1=CC=C(C=C1)[N+](=O)[O-],-2.630784142589857,1.0484554767608643,-0.722525417804718,2.086245059967041
1020,Q9YBQ2_W474V/R526V/T560W,CCCCCCCCCCCC(=O)OC1=CC=C(C=C1)[N+](=O)[O-],-2.614393726401688,1.0358964204788208,-0.7182724475860596,2.0791873931884766
1021,Q9YBQ2_F488P/R526V/T560W,CCCCCCCCCCCC(=O)OC1=CC=C(C=C1)[N+](=O)[O-],-2.4111682744057927,1.003829002380371,-0.7656562924385071,2.0737125873565674
1022,Q9YBQ2_F488S/R526V/T560W,CCCCCCCCCCCC(=O)OC1=CC=C(C=C1)[N+](=O)[O-],-2.237321436272564,1.015655755996704,-0.7530425786972046,2.0748074054718018
1023,Q9YBQ2_wild,CCCCCCCCCCCC(=O)OC1=CC=C(C=C1)[N+](=O)[O-],-2.0644927341752872,1.059029459953308,-0.7878060340881348,2.1295530796051025
1024,Q9YBQ2_F488A/R526V/T560W,CCCCCCCCCCCC(=O)OC1=CC=C(C=C1)[N+](=O)[O-],-2.1325325121409486,1.013654351234436,-0.7545645833015442,2.0747058391571045
1025,F0QXN6_wild,CC(=O)OC1=CC=C(C=C1)[N+](=O)[O-],0.6503075231319364,1.0503414869308472,-0.0018505752086639404,1.368027925491333
1026,Q52NW7_wild,CC1(C(C1C(=O)OCC2=CC(=CC=C2)OC3=CC=CC=C3)C=C(Cl)Cl)C,-3.958607314841775,-0.12342299520969391,-1.6777796745300293,1.6432666778564453
1027,Q52NW7_wild,CCCCCC(=O)OC1=CC=C(C=C1)[N+](=O)[O-],-1.431798275933005,1.6461286544799805,-1.1608974933624268,2.8867247104644775
1028,Q52NW7_wild,CC1(C(C1C(=O)OC(C#N)C2=CC(=CC=C2)OC3=CC=CC=C3)C=C(Cl)Cl)C,-3.677780705266081,-0.358722984790802,-2.0023746490478516,1.6846396923065186
1029,Q52NW7_wild,CCCC(=O)OC1=CC=C(C=C1)[N+](=O)[O-],-1.0362121726544449,1.9593335390090942,-0.9211114048957825,2.6678566932678223
1030,Q52NW7_wild,CCCCCCCC(=O)OC1=CC=C(C=C1)[N+](=O)[O-],-1.1674910872937636,1.6026538610458374,-1.316868782043457,2.990217685699463
1031,Q52NW7_wild,CCC(=O)OC1=CC=C(C=C1)[N+](=O)[O-],-0.856985199745905,1.9103060960769653,-0.8273078203201294,2.448030471801758
1032,Q52NW7_wild,CCCCCCCCCCCC(=O)OC1=CC=C(C=C1)[N+](=O)[O-],-0.4698003017969178,1.4512944221496582,-1.4010813236236572,3.0360140800476074
1033,Q52NW7_wild,CC(C)C(C1=CC=C(C=C1)Cl)C(=O)OC(C#N)C2=CC(=CC=C2)OC3=CC=CC=C3,-3.0409586076789066,0.05138702690601349,-1.6756651401519775,1.969691514968872
1034,Q52NW7_wild,CCOC(=O)CC(C(=O)OCC)SP(=S)(OC)OC,-3.0604807473813813,0.029929205775260925,-0.6272052526473999,1.8590335845947266
1035,Q52NW7_wild,CC(=O)OC1=CC=C(C=C1)[N+](=O)[O-],-0.583359492661719,1.8279296159744263,-0.7780188322067261,2.4254674911499023
1036,Q52NW7_wild,CC1(C(C1C(=O)OC(C#N)C2=CC(=CC=C2)OC3=CC=CC=C3)C=C(Br)Br)C,-2.910094888560602,-0.30073773860931396,-2.0487239360809326,1.7650294303894043
1037,G9FRD7_wild,C1=CC(=C[N+](=C1)C2C(C(C(O2)COP(=O)(O)OP(=O)(O)OCC3C(C(C(O3)N4C=NC5=C(N=CN=C54)N)OP(=O)(O)O)O)O)O)C(=O)N,-0.16115090926274472,0.9275738000869751,-1.0584971904754639,1.4457440376281738
1038,G9FRD7_R16A/R194A,C1=CC(=C[N+](=C1)C2C(C(C(O2)COP(=O)(O)OP(=O)(O)OCC3C(C(C(O3)N4C=NC5=C(N=CN=C54)N)OP(=O)(O)O)O)O)O)C(=O)N,-0.017728766960431554,0.9284973740577698,-0.9983760714530945,1.4410959482192993
1039,G9FRD7_R16A,C1=CC(=C[N+](=C1)C2C(C(C(O2)COP(=O)(O)OP(=O)(O)OCC3C(C(C(O3)N4C=NC5=C(N=CN=C54)N)OP(=O)(O)O)O)O)O)C(=O)N,0.6283889300503115,0.9441764950752258,-1.0279567241668701,1.4634506702423096
1040,G9FRD7_Q255L/C260S,CC(CCC(=O)O)C1CCC2C1(CCC3C2C(CC4C3(CCC(C4)O)C)O)C,-1.2211255279972606,0.0989580899477005,-0.6896759271621704,0.7810112237930298
1041,G9FRD7_R194A,C1=CC(=C[N+](=C1)C2C(C(C(O2)COP(=O)(O)OP(=O)(O)OCC3C(C(C(O3)N4C=NC5=C(N=CN=C54)N)OP(=O)(O)O)O)O)O)C(=O)N,0.6730209071288962,0.9366194605827332,-1.0462124347686768,1.4538391828536987
1042,G9FRD7_T15A/R16A/R194A,C1=CC(=C[N+](=C1)C2C(C(C(O2)COP(=O)(O)OP(=O)(O)OCC3C(C(C(O3)N4C=NC5=C(N=CN=C54)N)OP(=O)(O)O)O)O)O)C(=O)N,0.469822015978163,0.9374217391014099,-1.008030652999878,1.4493939876556396
1043,G9FRD7_R194G,C1=CC(=C[N+](=C1)C2C(C(C(O2)COP(=O)(O)OP(=O)(O)OCC3C(C(C(O3)N4C=NC5=C(N=CN=C54)N)OP(=O)(O)O)O)O)O)C(=O)N,-0.1426675035687919,0.9569727778434753,-1.0439796447753906,1.485992431640625
1044,G9FRD7_R16G,C1=CC(=C[N+](=C1)C2C(C(C(O2)COP(=O)(O)OP(=O)(O)OCC3C(C(C(O3)N4C=NC5=C(N=CN=C54)N)OP(=O)(O)O)O)O)O)C(=O)N,0.24797326636180664,0.9487951397895813,-1.0103142261505127,1.4501134157180786
1045,G9FRD7_wild,CC(CCC(=O)O)C1CCC2C1(CCC3C2C(CC4C3(CCC(C4)O)C)O)C,-1.1797985405143598,0.14313055574893951,-0.7596633434295654,0.8671233654022217
1046,G9FRD7_T15A,C1=CC(=C[N+](=C1)C2C(C(C(O2)COP(=O)(O)OP(=O)(O)OCC3C(C(C(O3)N4C=NC5=C(N=CN=C54)N)OP(=O)(O)O)O)O)O)C(=O)N,1.0909630765957317,0.9465389847755432,-1.0749080181121826,1.462213397026062
1047,G9FRD7_Q255L/C260S,C1=CC(=C[N+](=C1)C2C(C(C(O2)COP(=O)(O)OP(=O)(O)OCC3C(C(C(O3)N4C=NC5=C(N=CN=C54)N)OP(=O)(O)O)O)O)O)C(=O)N,-0.9609826780025881,0.8975632786750793,-0.9802584648132324,1.343748688697815
1048,C7F6Y1_wild,COC(=O)C1=CC(=C(C(=C1)O)O)O,0.2787536009528289,2.060063362121582,-0.17331771552562714,1.3989650011062622
1049,P78581_wild,C1=C(C=C(C(=C1O)O)O)C(=O)OC2=CC(=CC(=C2O)O)C(=O)OCC3C(C(C(C(O3)OC(=O)C4=CC(=C(C(=C4)OC(=O)C5=CC(=C(C(=C5)O)O)O)O)O)OC(=O)C6=CC(=C(C(=C6)OC(=O)C7=CC(=C(C(=C7)O)O)O)O)O)OC(=O)C8=CC(=C(C(=C8)OC(=O)C9=CC(=C(C(=C9)O)O)O)O)O)OC(=O)C1=CC(=C(C(=C1)OC(=O)C1=CC(=C(C(=C1)O)O)O)O)O,0.615950051656401,1.7202919721603394,-1.0631251335144043,1.322628378868103
1050,A0A0G3ZA16_wild,C1=C(C=C(C(=C1O)O)O)C(=O)OC2=CC(=CC(=C2O)O)C(=O)OCC3C(C(C(C(O3)OC(=O)C4=CC(=C(C(=C4)OC(=O)C5=CC(=C(C(=C5)O)O)O)O)O)OC(=O)C6=CC(=C(C(=C6)OC(=O)C7=CC(=C(C(=C7)O)O)O)O)O)OC(=O)C8=CC(=C(C(=C8)OC(=O)C9=CC(=C(C(=C9)O)O)O)O)O)OC(=O)C1=CC(=C(C(=C1)OC(=O)C1=CC(=C(C(=C1)O)O)O)O)O,0.2966651902615311,1.7880125045776367,-1.2466824054718018,1.3756061792373657
1051,P0A6V1_S212T,C1=NC(=C2C(=N1)N(C=N2)C3C(C(C(O3)COP(=O)(O)OP(=O)(O)OP(=O)(O)O)O)O)N,-0.38721614328026455,1.6401723623275757,-0.570142388343811,1.7021666765213013
1052,P0A6V1_D276A,C(C1C(C(C(C(O1)OP(=O)(O)O)O)O)O)O,0.23044892137827394,1.0757627487182617,-0.9083296656608582,1.2540481090545654
1053,P0A6V1_W274F,C1=NC(=C2C(=N1)N(C=N2)C3C(C(C(O3)COP(=O)(O)OP(=O)(O)OP(=O)(O)O)O)O)N,-0.5528419686577808,1.6480982303619385,-0.5598595142364502,1.6925082206726074
1054,P0A6V1_D239N,C1=NC(=C2C(=N1)N(C=N2)C3C(C(C(O3)COP(=O)(O)OP(=O)(O)OP(=O)(O)O)O)O)N,-0.25181197299379965,1.3585366010665894,-0.5173811316490173,1.47335946559906
1055,P0A6V1_wild,C1=NC(=C2C(=N1)N(C=N2)C3C(C(C(O3)COP(=O)(O)OP(=O)(O)OP(=O)(O)O)O)O)N,-0.22914798835785574,1.6568872928619385,-0.5694609880447388,1.708486557006836
1056,P0A6V1_S212V,C1=NC(=C2C(=N1)N(C=N2)C3C(C(C(O3)COP(=O)(O)OP(=O)(O)OP(=O)(O)O)O)O)N,-0.42021640338318983,1.5678046941757202,-0.5719931125640869,1.6366572380065918
1057,P0A6V1_D239E,C1=NC(=C2C(=N1)N(C=N2)C3C(C(C(O3)COP(=O)(O)OP(=O)(O)OP(=O)(O)O)O)O)N,-0.017728766960431554,1.5959267616271973,-0.5609892010688782,1.6553174257278442
1058,P0A6V1_F240M,C1=NC(=C2C(=N1)N(C=N2)C3C(C(C(O3)COP(=O)(O)OP(=O)(O)OP(=O)(O)O)O)O)N,0.2966651902615311,1.6654274463653564,-0.5676461458206177,1.7058466672897339
1059,P0A6V1_F240M,C(C1C(C(C(C(O1)OP(=O)(O)O)O)O)O)O,-0.9136401693252518,1.5665572881698608,-0.9054654240608215,1.6686561107635498
1060,P0A6V1_D276N,C(C1C(C(C(C(O1)OP(=O)(O)O)O)O)O)O,0.16136800223497488,1.0601377487182617,-0.8997780680656433,1.2459423542022705
1061,P0A6V1_D239E,C(C1C(C(C(C(O1)OP(=O)(O)O)O)O)O)O,-0.7721132953863266,1.5017832517623901,-0.9097076058387756,1.6166877746582031
1062,P0A6V1_K195Q,C(C1C(C(C(C(O1)OP(=O)(O)O)O)O)O)O,1.2227164711475833,1.4595731496810913,-0.9041348099708557,1.586000680923462
1063,P0A6V1_F240A,C1=NC(=C2C(=N1)N(C=N2)C3C(C(C(O3)COP(=O)(O)OP(=O)(O)OP(=O)(O)O)O)O)N,0.05690485133647256,1.4116977453231812,-0.5035463571548462,1.4866245985031128
1064,P0A6V1_F240A,C(C1C(C(C(C(O1)OP(=O)(O)O)O)O)O)O,-0.6903698325741012,1.361863374710083,-0.8144406080245972,1.4578113555908203
1065,P0A6V1_W274A,C(C1C(C(C(C(O1)OP(=O)(O)O)O)O)O)O,-0.4353339357479107,1.2123697996139526,-0.8024331331253052,1.3496654033660889
1066,P0A6V1_Y216F,C(C1C(C(C(C(O1)OP(=O)(O)O)O)O)O)O,-0.10513034325474745,1.5566273927688599,-0.8960479497909546,1.662369966506958
1067,P0A6V1_W274A,C1=NC(=C2C(=N1)N(C=N2)C3C(C(C(O3)COP(=O)(O)OP(=O)(O)OP(=O)(O)O)O)O)N,0.017033339298780276,1.2316622734069824,-0.4533950686454773,1.3919658660888672
1068,P0A6V1_D276A,C1=NC(=C2C(=N1)N(C=N2)C3C(C(C(O3)COP(=O)(O)OP(=O)(O)OP(=O)(O)O)O)O)N,0.3074960379131915,1.1253782510757446,-0.49377381801605225,1.3133864402770996
1069,P0A6V1_E194Q,C(C1C(C(C(C(O1)OP(=O)(O)O)O)O)O)O,0.15836249209521944,1.5462788343429565,-0.904639720916748,1.6361234188079834
1070,P0A6V1_E194D,C(C1C(C(C(C(O1)OP(=O)(O)O)O)O)O)O,0.8188854145940099,1.5116326808929443,-0.909972608089447,1.6336874961853027
1071,P0A6V1_E194A,C(C1C(C(C(C(O1)OP(=O)(O)O)O)O)O)O,0.4487063199050799,1.4495283365249634,-0.9013215899467468,1.5391888618469238
1072,P0A6V1_S212V,C(C1C(C(C(C(O1)OP(=O)(O)O)O)O)O)O,0.8075350280688532,1.475775122642517,-0.9167742729187012,1.606568455696106
1073,P0A6V1_D239N,C(C1C(C(C(C(O1)OP(=O)(O)O)O)O)O)O,-0.5783960731301689,1.2949292659759521,-0.8776208162307739,1.4387876987457275
1074,P0A6V1_W274L,C(C1C(C(C(C(O1)OP(=O)(O)O)O)O)O)O,-0.2798406965940431,1.3879003524780273,-0.880614697933197,1.5186376571655273
1075,P0A6V1_D239A,C(C1C(C(C(C(O1)OP(=O)(O)O)O)O)O)O,-0.28066871301627333,1.1724954843521118,-0.8482295870780945,1.3410847187042236
1076,P0A6V1_D276E,C1=NC(=C2C(=N1)N(C=N2)C3C(C(C(O3)COP(=O)(O)OP(=O)(O)OP(=O)(O)O)O)O)N,0.6785183790401139,1.2100337743759155,-0.5059956312179565,1.3905436992645264
1077,P0A6V1_S212T,C(C1C(C(C(C(O1)OP(=O)(O)O)O)O)O)O,0.6683859166900001,1.5464451313018799,-0.90801602602005,1.6639865636825562
1078,Q9RNH7_wild,C(C1C(C(C(C(O1)OP(=O)(O)O)O)O)O)O,-1.2518119729937995,1.3834859132766724,-0.7500351071357727,1.603577733039856
1079,Q9RNH7_wild,C1=NC(=C2C(=N1)N(C=N2)C3C(C(C(O3)COP(=O)(O)OP(=O)(O)OP(=O)(O)O)O)O)N,-0.3979400086720376,1.315985083580017,-0.7362374663352966,1.646493911743164
1080,Q0S3Y4_wild,C(C1C(C(C(C(O1)OP(=O)(O)O)O)O)O)O,0.25527250510330607,1.2942813634872437,-0.8107883334159851,1.4852159023284912
1081,Q82T88_wild,C(C1C(C(C(C(O1)OP(=O)(O)O)O)O)O)O,-0.1426675035687919,0.9003821611404419,-0.7230334281921387,1.149599552154541
1082,P72394_wild,[O-]P(=O)([O-])OP(=O)([O-])[O-],-0.45593195564972444,1.3897424936294556,-0.834920346736908,2.0528676509857178
1083,P72394_wild,C1=NC(=C2C(=N1)N(C=N2)C3C(C(C(O3)COP(=O)(O)OP(=O)(O)OC4C(C(C(C(O4)CO)O)O)O)O)O)N,0.3222192947339193,1.2422815561294556,-0.5206089615821838,1.7689694166183472
1084,P0A6V1_W274F,C(C1C(C(C(C(O1)OP(=O)(O)O)O)O)O)O,-1.3010299956639813,1.5525726079940796,-0.8930211663246155,1.6493014097213745
1085,P0A6V1_K195Q,C1=NC(=C2C(=N1)N(C=N2)C3C(C(C(O3)COP(=O)(O)OP(=O)(O)OP(=O)(O)O)O)O)N,-0.721246399047171,1.545257568359375,-0.5536648631095886,1.6253385543823242
1086,Q0S3Y4_wild,C1=NC(=C2C(=N1)N(C=N2)C3C(C(C(O3)COP(=O)(O)OP(=O)(O)OP(=O)(O)O)O)O)N,0.07918124604762482,1.2694964408874512,-0.7244120240211487,1.5013772249221802
1087,P0A6V1_S212A,C1=NC(=C2C(=N1)N(C=N2)C3C(C(C(O3)COP(=O)(O)OP(=O)(O)OP(=O)(O)O)O)O)N,-0.16749108729376366,1.6111528873443604,-0.5639908313751221,1.6659510135650635
1088,P0A6V1_S212Y,C(C1C(C(C(C(O1)OP(=O)(O)O)O)O)O)O,-1.0457574905606752,1.2480676174163818,-0.8562060594558716,1.4188425540924072
1089,P0A6V1_wild,C(C1C(C(C(C(O1)OP(=O)(O)O)O)O)O)O,-1.769551078621726,1.5617377758026123,-0.9066349864006042,1.6661380529403687
1090,P0A6V1_E194D,C1=NC(=C2C(=N1)N(C=N2)C3C(C(C(O3)COP(=O)(O)OP(=O)(O)OP(=O)(O)O)O)O)N,-0.3098039199714864,1.6104446649551392,-0.5643443465232849,1.6749311685562134
1091,P0A6V1_W274L,C1=NC(=C2C(=N1)N(C=N2)C3C(C(C(O3)COP(=O)(O)OP(=O)(O)OP(=O)(O)O)O)O)N,-0.3187587626244128,1.4540553092956543,-0.5306491851806641,1.5524766445159912
1092,P0A6V1_D276N,C1=NC(=C2C(=N1)N(C=N2)C3C(C(C(O3)COP(=O)(O)OP(=O)(O)OP(=O)(O)O)O)O)N,0.36172783601759284,1.0980533361434937,-0.49258682131767273,1.3095282316207886
1093,P72394_wild,C(C1C(C(C(C(O1)OP(=O)(O)O)O)O)O)O,-0.431798275933005,1.251206398010254,-0.7790339589118958,1.5453211069107056
1094,P0A6V1_D276E,C(C1C(C(C(C(O1)OP(=O)(O)O)O)O)O)O,-0.38721614328026455,1.151997447013855,-0.8979155421257019,1.3413009643554688
1095,P0A6V1_E194Q,C1=NC(=C2C(=N1)N(C=N2)C3C(C(C(O3)COP(=O)(O)OP(=O)(O)OP(=O)(O)O)O)O)N,-0.7695510786217261,1.6394559144973755,-0.5772833824157715,1.6747173070907593
1096,P0A6V1_E194A,C1=NC(=C2C(=N1)N(C=N2)C3C(C(C(O3)COP(=O)(O)OP(=O)(O)OP(=O)(O)O)O)O)N,0.07918124604762482,1.5263632535934448,-0.5637657046318054,1.5719709396362305
1097,P0A6V1_S212Y,C1=NC(=C2C(=N1)N(C=N2)C3C(C(C(O3)COP(=O)(O)OP(=O)(O)OP(=O)(O)O)O)O)N,-0.36653154442041347,1.2867711782455444,-0.5020179152488708,1.4492219686508179
1098,P0A6V1_Y216F,C1=NC(=C2C(=N1)N(C=N2)C3C(C(C(O3)COP(=O)(O)OP(=O)(O)OP(=O)(O)O)O)O)N,-0.45593195564972444,1.6598836183547974,-0.5567536950111389,1.7030764818191528
1099,P0A6V1_S212A,C(C1C(C(C(C(O1)OP(=O)(O)O)O)O)O)O,-0.619788758288394,1.5131531953811646,-0.9048394560813904,1.6280637979507446
1100,P72394_wild,C1=NC(=C2C(=N1)N(C=N2)C3C(C(C(O3)COP(=O)(O)OP(=O)(O)OP(=O)(O)O)O)O)N,-0.4089353929735008,1.158962368965149,-0.6390179991722107,1.5600454807281494
1101,P0A6V1_D239A,C1=NC(=C2C(=N1)N(C=N2)C3C(C(C(O3)COP(=O)(O)OP(=O)(O)OP(=O)(O)O)O)O)N,-0.7958800173440752,1.2204941511154175,-0.4809262156486511,1.3740283250808716
1102,Q9GPZ4_wild,CCCCCCCCCCCCCC(=O)SCCNC(=O)CCNC(=O)C(C(C)(C)COP(=O)(O)OP(=O)(O)OCC1C(C(C(O1)N2C=NC3=C(N=CN=C32)N)O)OP(=O)(O)O)O,-2.8632794328435933,0.7501019835472107,-2.167478561401367,1.8125311136245728
1103,Q388H8_wild,CCCCCCCCCCCCCC(=O)SCCNC(=O)CCNC(=O)C(C(C)(C)COP(=O)(O)OP(=O)(O)OCC1C(C(C(O1)N2C=NC3=C(N=CN=C32)N)O)OP(=O)(O)O)O,-2.749579997691106,1.0363105535507202,-2.071824312210083,2.0319275856018066
1104,D0AB09_wild,CCCCCCCCCCCCCC(=O)SCCNC(=O)CCNC(=O)C(C(C)(C)COP(=O)(O)OP(=O)(O)OCC1C(C(C(O1)N2C=NC3=C(N=CN=C32)N)O)OP(=O)(O)O)O,-3.638272163982407,0.8271498084068298,-2.180628776550293,1.859187126159668
1105,Q63159_wild,C[S+](CCC(C(=O)[O-])N)CC1C(C(C(O1)N2C=NC3=C(N=CN=C32)N)O)O,-1.6575773191777938,-0.6931800246238708,-1.4756946563720703,1.2063801288604736
1106,A0A1L7NZN4_wild,C1=CC=C(C=C1)C=O,1.416640507338281,1.9401272535324097,0.9659584164619446,1.1192262172698975
1107,Q61768_wild,C1=NC(=C2C(=N1)N(C=N2)C3C(C(C(O3)COP(=O)(O)OP(=O)(O)OP(=O)(O)O)O)O)N,-1.4559319556497243,-1.150943398475647,-1.345576286315918,0.09241378307342529
1108,P38501_wild,N(=O)[O-],-1.4436974992327127,1.8432481288909912,-0.0097266286611557,1.6149042844772339
1109,O68601_wild,N(=O)[O-],-1.4685210829577449,1.5926947593688965,0.27094006538391113,1.5439507961273193
1110,Q9MB58_wild,C(C1C(C(C(O1)(COP(=O)(O)O)O)O)O)OP(=O)(O)O,-4.552841968657781,0.49721288681030273,-1.1274073123931885,0.899588942527771
1111,O58237_wild,C1=CC(=CC=C1[N+](=O)[O-])OC2C(C(C(C(O2)CO)O)O)O,-0.3565473235138126,1.7207181453704834,0.10999515652656555,1.746869444847107
1112,Q9YGB8_D206N,C1=CC(=CC=C1[N+](=O)[O-])OC2C(C(C(C(O2)CO)O)O)O,-0.3979400086720376,1.7370657920837402,-0.14154469966888428,1.6332329511642456
1113,Q9YGB8_wild,C1=CC(=CC=C1[N+](=O)[O-])OC2C(C(C(C(O2)CO)O)O)O,0.03342375548694973,1.3630404472351074,-0.07737252116203308,1.4450169801712036
1114,Q9YGB8_wild,CC1C(C(C(C(O1)OC2=CC=C(C=C2)[N+](=O)[O-])O)O)O,-0.026872146400301365,1.838657021522522,-0.05520981550216675,1.6163296699523926
1115,Q9YGB8_D206N,CC1C(C(C(C(O1)OC2=CC=C(C=C2)[N+](=O)[O-])O)O)O,0.11058971029924891,2.1544620990753174,-0.09767275303602219,1.8193715810775757
1116,Q6R4A2_wild,C(=O)=O,0.9405164849325672,5.1663031578063965,0.735304594039917,3.721226692199707
1117,Q7T2K6_wild,C(=O)=O,1.3666097103924295,5.3497772216796875,0.8853134512901306,3.847428321838379
1118,P0AFI7_D49A/Y17F,CC1=NC=C(C(=C1O)CO)COP(=O)(O)O,-3.0,-0.8836817145347595,-1.3042080402374268,0.4431992471218109
1119,P0AFI7_H199N,CC1=NC=C(C(=C1O)CO)COP(=O)(O)O,-3.522878745280338,-0.9502061009407043,-1.2554893493652344,0.40065234899520874
1120,P0AFI7_R197M,CC1=NC=C(C(=C1O)CO)COP(=O)(O)O,0.38021124171160603,-1.1380596160888672,-1.1999971866607666,0.260722279548645
1121,P0AFI7_H199A,CC1=NC=C(C(=C1O)CO)COP(=O)(O)O,-1.154901959985743,-1.010673999786377,-1.2013320922851562,0.3468295633792877
1122,P0AFI7_R14M,CC1=NC=C(C(=C1O)CO)COP(=O)(O)O,-2.5850266520291822,-1.0027397871017456,-1.2934026718139648,0.4306744635105133
1123,P0AFI7_R14E,CC1=NC=C(C(=C1O)CO)COP(=O)(O)O,-2.6989700043360187,-1.0403181314468384,-1.2973532676696777,0.38625505566596985
1124,Q9NVS9_R95C,CC1=NC=C(C(=C1O)CO)COP(=O)(O)O,-0.3605135107314139,-0.6952373385429382,-1.105093002319336,0.5397939682006836
1125,Q9NVS9_wild,CC1=NC=C(C(=C1O)CO)COP(=O)(O)O,-2.209011524911184,-0.4194337725639343,-1.1392755508422852,0.7476524114608765
1126,B1XMM5_wild,C(CC(=O)O)C(=O)C(=O)O,-0.721246399047171,0.20218446850776672,-0.2866371273994446,0.49343955516815186
1127,F6BL85_wild,C1=CC(=CC=C1[N+](=O)[O-])OC2C(C(C(C(O2)CO)O)O)O,-0.6777807052660807,1.05953049659729,-0.4039488136768341,1.0441596508026123
1128,F6BL85_R544W,C1=CC(=CC=C1[N+](=O)[O-])OC2C(C(C(C(O2)CO)O)O)O,-0.5850266520291821,1.078707218170166,-0.39984071254730225,1.0519979000091553
1129,F6BL85_wild,C(C1C(C(C(C(O1)OC2C(OC(C(C2O)O)O)CO)O)O)O)O,-0.6020599913279624,1.647984266281128,0.6711137294769287,0.7169030904769897
1130,F6BL85_R786H,C1=CC(=CC=C1[N+](=O)[O-])OC2C(C(C(C(O2)CO)O)O)O,1.1958996524092338,1.0658704042434692,-0.40486931800842285,1.0507745742797852
1131,F6BL85_D508H,C1=CC(=CC=C1[N+](=O)[O-])OC2C(C(C(C(O2)CO)O)O)O,2.041392685158225,1.0391770601272583,-0.40604835748672485,1.0348355770111084
1132,F6BL85_D508N,C1=CC(=CC=C1[N+](=O)[O-])OC2C(C(C(C(O2)CO)O)O)O,1.6127838567197355,1.0533665418624878,-0.40400075912475586,1.0493104457855225
1133,Q0KBC7_wild,C(C(C(C(=O)O)O)O)O,-0.45593195564972444,0.7007555365562439,0.8239284753799438,0.7387547492980957
1134,Q6CZ26_wild,C(C(C(C(=O)O)O)O)O,-0.013228265733799947,0.7981262803077698,0.6939839720726013,0.754025936126709
1135,B9JKN9_wild,C(C(C(C(C(C(=O)[O-])O)O)O)O)O,0.2966651902615311,0.689225435256958,0.579973042011261,1.0910265445709229
1136,B9JKN9_wild,C(C(C(C(=O)O)O)O)O,0.0755469613924942,0.8935306668281555,0.7455251812934875,0.8067240715026855
1137,B1A4R6_wild,CC(C(=O)[O-])O,1.7781512503836436,1.7425702810287476,0.7296788096427917,1.2521767616271973
1138,P00344_wild,CC(=O)C(=O)[O-],-1.3979400086720375,1.4300765991210938,-0.12482689321041107,1.4399434328079224
1139,P00344_F16Q/I37K/N85R,C1=CC(=C[N+](=C1)C2C(C(C(O2)COP(=O)(O)OP(=O)(O)OCC3C(C(C(O3)N4C=NC5=C(N=CN=C54)N)OP(=O)(O)O)O)O)O)C(=O)N,0.6720978579357175,0.995250403881073,-1.0135207176208496,1.6549072265625
1140,P00344_wild,C1=CC(=C[N+](=C1)C2C(C(C(O2)COP(=O)([O-])OP(=O)(O)OCC3C(C(C(O3)N4C=NC5=C(N=CN=C54)N)O)O)O)O)C(=O)N,-0.978810700930062,1.0993058681488037,-0.794677734375,1.6054837703704834
1141,P00344_F16Q/C81S/N85R,C1=CC(=C[N+](=C1)C2C(C(C(O2)COP(=O)([O-])OP(=O)(O)OCC3C(C(C(O3)N4C=NC5=C(N=CN=C54)N)O)O)O)O)C(=O)N,-2.0915149811213505,1.0849871635437012,-0.7581459879875183,1.5557844638824463
1142,P50933_wild,CC(=O)C(=O)[O-],-0.6777807052660807,0.9473356604576111,-0.07410017400979996,1.3237578868865967
1143,Q5SJA1_wild,CC(=O)C(=O)[O-],-0.7958800173440752,1.7738173007965088,-0.21994775533676147,1.7175997495651245
1144,A0A1A6GB48_wild,C1C=CN(C=C1C(=O)N)C2C(C(C(O2)COP(=O)(O)OP(=O)(O)OCC3C(C(C(O3)N4C=NC5=C(N=CN=C54)N)O)O)O)O,-0.7447274948969352,1.6669422388076782,-1.2303504943847656,2.271655559539795
1145,A0A1A6GB48_wild,CC(=O)C(=O)[O-],0.5797835966168101,2.1659867763519287,0.14104023575782776,1.6533756256103516
1146,W8CXQ9_wild,CC(=O)C(=O)[O-],0.28103336724772754,2.075488567352295,0.035403184592723846,1.7811191082000732
1147,A0A2K9Y5T7_wild,C1C=CN(C=C1C(=O)N)C2C(C(C(O2)COP(=O)(O)OP(=O)(O)OCC3C(C(C(O3)N4C=NC5=C(N=CN=C54)N)OP(=O)(O)O)O)O)O,-0.7055337738384071,0.9887550473213196,-1.3620104789733887,2.210665464401245
1148,A0A2K9Y5T7_wild,C1C=CN(C=C1C(=O)N)C2C(C(C(O2)COP(=O)(O)OP(=O)(O)OCC3C(C(C(O3)N4C=NC5=C(N=CN=C54)N)O)O)O)O,-0.9100948885606021,1.0913574695587158,-1.2008180618286133,2.1607346534729004
1149,A0A2K9Y5T7_wild,CC(=O)C(=O)[O-],0.3926969532596657,1.5605772733688354,0.2560208737850189,1.3840793371200562
1150,A0A2K9Y5T7_wild,C1=CC(=C(C=C1CC(=O)C(=O)[O-])O)O,1.0557604646877348,0.8063014149665833,-0.7193722128868103,1.2297208309173584
1151,A0A2U9AUU1_wild,C1=CC=C(C=C1)CC(=O)C(=O)O,0.9153998352122698,2.0530834197998047,-0.2217099964618683,2.00016450881958
1152,A0A2U9AUU1_Q88R,C1=CC=C(C=C1)CC(=O)C(=O)O,0.8337843746564789,2.1319198608398438,-0.27387917041778564,2.0738577842712402
1153,A0A2U9AUU1_I229A,C1=CC=C(C=C1)CC(=O)C(=O)O,0.7596678446896306,2.0430803298950195,-0.19062790274620056,1.9549778699874878
1154,B1A4R6_wild,CC(=O)C(=O)[O-],-0.7447274948969352,1.6753507852554321,-0.23754774034023285,1.712712287902832
1155,A0A3Q9R4N5_wild,CC(=CCCC(=CCC1=C(C=CC(=C1)O)O)C)C,-1.6382721639824072,-0.7135902047157288,-2.1395158767700195,0.7864252328872681
1156,A0A1D8GRD5_wild,CC(=O)OCC1=C(N2C(C(C2=O)NC(=O)CCCC(=O)O)SC1)C(=O)O,0.17609125905568124,0.36874622106552124,-1.0699341297149658,2.1500720977783203
1157,P15558_P295A,CC(=O)OCC1=C(N2C(C(C2=O)NC(=O)CCCC(C(=O)O)N)SC1)C(=O)O,1.9344984512435677,0.41833555698394775,-0.8934776186943054,2.0079541206359863
1158,P15558_L677F,CC(=O)OCC1=C(N2C(C(C2=O)NC(=O)CCCC(C(=O)O)N)SC1)C(=O)O,1.568201724066995,0.4229832887649536,-0.891974151134491,2.0186500549316406
1159,P15558_wild,CC(=O)OCC1=C(N2C(C(C2=O)NC(=O)CCCC(C(=O)O)N)SC1)C(=O)O,1.6334684555795866,0.4203959107398987,-0.8919114470481873,2.0125083923339844
1160,P15558_A675G,CC(=O)OCC1=C(N2C(C(C2=O)NC(=O)CCCC(C(=O)O)N)SC1)C(=O)O,2.0211892990699383,0.4239582419395447,-0.8842677474021912,2.018878936767578
1161,P15558_H309V,CC(=O)OCC1=C(N2C(C(C2=O)NC(=O)CCCC(C(=O)O)N)SC1)C(=O)O,2.0827853703164503,0.3985605239868164,-0.8977879285812378,1.9794549942016602
1162,A0A1D8GRD5_wild,CC(=O)OCC1=C(N2C(C(C2=O)NC(=O)CCCC(C(=O)O)N)SC1)C(=O)O,1.0413926851582251,0.48059380054473877,-0.8947433829307556,2.0574066638946533
1163,Q9LDF2_wild,CCCCCCCCCCCCCCC(C(C(CO)N)O)O,-2.161150909262745,-1.3647351264953613,-1.111685037612915,0.4741767942905426
1164,Q6NQI8_wild,CCCCCCCCCCCCCCC(C(C(CO)N)O)O,-1.6382721639824072,-1.4437450170516968,-1.1307740211486816,0.33404308557510376
1165,Q924Z4_wild,CCCCCCCCCCCCCCCC(C(CO)N)O,-2.494850021680094,-1.1183687448501587,-1.5386781692504883,0.7340392470359802
1166,P74281_wild,C(CC(=O)O)C(C(=O)O)N,0.012837224705172217,0.648068368434906,0.5534125566482544,0.6839690804481506
1167,A1JHN0_wild,C1=CC(=C(C=C1O)CC(=O)O)O,-1.3979400086720375,0.6238973736763,-1.0799736976623535,1.1339913606643677
1168,A1JHN0_wild,CC(=CCCC(=CCCC(=CCOP(=O)(O)OP(=O)(O)O)C)C)C,-1.6020599913279623,-0.07445268332958221,-2.0080294609069824,1.427748203277588
1169,Q1ACB3_wild,CC(=CCCC(=CCCC(=CCOP(=O)(O)OP(=O)(O)O)C)C)C,-1.51427857351842,-0.06657132506370544,-1.809203863143921,1.2745531797409058
1170,Q1ACB3_wild,C1=CC(=C(C=C1O)CC(=O)O)O,-0.8722474841670267,0.6638363003730774,-0.9395204186439514,0.9399459362030029
1171,P25536_wild,C1=CN(C(=O)NC1=O)C2C(C(C(O2)COP(=O)(O)OP(=O)(O)OP(=O)(O)O)O)O,-0.3010299956639812,0.683488667011261,-0.6328444480895996,1.6227669715881348
1172,P25536_wild,CC1=CN(C(=O)NC1=O)C2CC(C(O2)COP(=O)(O)OP(=O)(O)OP(=O)(O)O)O,-1.0457574905606752,0.6624463796615601,-0.6828683614730835,1.6714752912521362
1173,C3W4Y2_wild,C1=CC(=CC=C1[N+](=O)[O-])OC2C(C(C(O2)CO)O)O,-0.18708664335714442,1.0423914194107056,0.3387385606765747,0.5528268814086914
1174,A3DEX4_wild,C1=CC(=CC=C1[N+](=O)[O-])OC2C(C(C(O2)CO)O)O,-1.3010299956639813,0.7591989040374756,0.17740388214588165,0.83036869764328
1175,A3DEX4_wild,C1C(C(C(C(O1)OC2=CC=C(C=C2)[N+](=O)[O-])O)O)O,-1.0132282657337552,1.074676752090454,0.5288497805595398,1.0051625967025757
1176,C5ARG4_wild,C1=CC=C2C(=C1)C(=CN2)CC(=O)C(=O)[O-],-1.6020599913279623,0.7198454737663269,-0.35894834995269775,1.1388709545135498
1177,C5ARG4_wild,C1=CC=C(C=C1)C(=O)C(=O)O,0.8633228601204559,1.1610472202301025,-0.2597048282623291,1.090421199798584
1178,C5ARG4_wild,CC(=O)C(=O)[O-],1.6364878963533653,0.5952983498573303,0.39032360911369324,0.6781414747238159
1179,C5ARG4_wild,C1=CC(=CC=C1CC(=O)C(=O)O)O,0.7678976160180906,0.7763352990150452,-0.4605901837348938,1.0578992366790771
1180,A0A0E3KJK7_wild,CC(=CCCC(=CCCC(=CCOP(=O)(O)OP(=O)(O)O)C)C)C,-0.9013562741829431,-1.830660104751587,-2.3157904148101807,0.6388180255889893
1181,G4VFD7_wild,CC1=CC(=O)C(=C(C1=O)OC)OC,-0.7695510786217261,0.5640237927436829,-0.7791252732276917,1.7288259267807007
1182,G4VFD7_wild,C1C(NC(=O)NC1=O)C(=O)O,-0.6382721639824072,0.4473382830619812,-1.3893070220947266,1.8791229724884033
1183,P23103_wild,O=O,-2.154901959985743,1.253346562385559,-1.358581304550171,1.6239269971847534
1184,P97325_wild,CC(=O)NC1C(C(C(OC1O)CO)O)OC2C(C(C(C(O2)CO)O)O)O,0.3424226808222063,0.7703697085380554,-0.5865866541862488,1.326413869857788
1185,B8IF02_wild,[O-]P(=O)([O-])OP(=O)([O-])[O-],-2.2218487496163566,1.6150853633880615,-0.9164690375328064,2.146695852279663
1186,B8IF02_wild,C(C(C(C(C(C(=O)CO)O)O)O)O)OP(=O)(O)O,-0.6777807052660807,0.6242194175720215,-0.40263691544532776,1.1139781475067139
1187,B8IF02_wild,[O-]P(=O)([O-])[O-],0.017033339298780276,1.0714017152786255,-0.09752367436885834,1.3727308511734009
1188,B0RP51_wild,[O-]P(=O)([O-])[O-],0.3979400086720376,1.1181999444961548,-0.09537694603204727,1.5549346208572388
1189,B0RP51_wild,[O-]P(=O)([O-])OP(=O)([O-])[O-],-1.3872161432802645,1.4578709602355957,-1.064584493637085,2.140869140625
1190,A0A2K2FKR3_wild,C(C(C(C(C(C(=O)CO)O)O)O)O)OP(=O)(O)O,-1.0,1.419883131980896,-0.48104041814804077,1.9219034910202026
1191,Q14032_wild,C(CS(=O)(=O)O)N,-0.22184874961635637,0.4066939949989319,0.46205538511276245,0.500908613204956
1192,Q14032_wild,C(N)S(=O)(=O)O,0.3010299956639812,0.8487067222595215,1.024017095565796,1.0899598598480225
1193,Q14032_wild,C(C(C(=O)O)F)N,0.3010299956639812,0.27137452363967896,0.4473516345024109,0.29335224628448486
1194,Q14032_wild,C(C(=O)O)N,0.505149978319906,0.4866827130317688,0.7978297472000122,0.14738589525222778
1195,G4VQJ4_wild,C1=NC2=NC=NC(=C2N1)N,-2.00436480540245,-0.1373622864484787,-1.8584260940551758,1.051518440246582
1196,G4VQJ4_wild,C(C1C(C(C(O1)OP(=O)(O)OP(=O)(O)O)O)O)OP(=O)(O)O,-1.391473966422806,-0.28234946727752686,-0.9713761210441589,1.147062063217163
1197,Q4U3F7_wild,CC(=CCCC(=CCCC(=CCOP(=O)(O)OP(=O)(O)O)C)C)C,-2.9746941347352296,-1.5298408269882202,-2.2355222702026367,0.7771550416946411
1198,B0FGA9_wild,CC(=CCCC(=CCCC(=CCOP(=O)(O)OP(=O)(O)O)C)C)C,-3.1307682802690238,-1.510438084602356,-2.255112886428833,0.821309506893158
1199,A0A0U1XRI2_wild,CC(=CCCC(=CCCC(=CCOP(=O)(O)OP(=O)(O)O)C)C)C,-1.8297382846050425,-1.7365151643753052,-2.3537731170654297,0.8276751041412354
1200,A0A0U1XNG2_wild,CC(=CCCC(=CCCC(=CCOP(=O)(O)OP(=O)(O)O)C)C)C,-2.1079053973095196,-1.260637640953064,-2.2521040439605713,0.9826648235321045
1201,Q8LSC3_wild,CC(=CCCC(=CCCC(=CCOP(=O)(O)OP(=O)(O)O)C)C)C,-2.161150909262745,-1.3323428630828857,-2.2408640384674072,0.9554222226142883
1202,Q8LSC2_wild,CC(=CCCC(=CCCC(=CCOP(=O)(O)OP(=O)(O)O)C)C)C,-2.494850021680094,-1.6882575750350952,-2.2791097164154053,0.7838056683540344
1203,Q6YN71_wild,CC(=CCCC(=CCCC(=CCOP(=O)(O)OP(=O)(O)O)C)C)C,-1.958607314841775,-1.3343933820724487,-2.2467706203460693,1.001464605331421
1204,Q6YN71_T433A,CC(=CCCC(=CCCC(=CCOP(=O)(O)OP(=O)(O)O)C)C)C,-2.3279021420642825,-1.3353638648986816,-2.241872787475586,0.9974753856658936
1205,Q6YN71_T433A/A435T,CC(=CCCC(=CCCC(=CCOP(=O)(O)OP(=O)(O)O)C)C)C,-2.1191864077192086,-1.3363500833511353,-2.2446582317352295,0.9986822009086609
1206,Q6YN71_S434A,CC(=CCCC(=CCCC(=CCOP(=O)(O)OP(=O)(O)O)C)C)C,-1.9746941347352298,-1.3407179117202759,-2.2464804649353027,0.9923838376998901
1207,Q6YN71_A435T,CC(=CCCC(=CCCC(=CCOP(=O)(O)OP(=O)(O)O)C)C)C,-1.6003262785189618,-1.33686363697052,-2.249232530593872,1.0019183158874512
1208,Q58431_wild,C(C(C(=O)O)N)S,0.25042000230889394,0.7320635914802551,-0.45829206705093384,1.374025583267212
1209,Q00955_Q608R,C1=NC(=C2C(=N1)N(C=N2)C3C(C(C(O3)COP(=O)(O)OP(=O)(O)OP(=O)(O)O)O)O)N,-0.958607314841775,0.5885597467422485,-1.0552747249603271,1.3310023546218872
1210,Q00955_wild,CC(C)(COP(=O)(O)OP(=O)(O)OCC1C(C(C(O1)N2C=NC3=C(N=CN=C32)N)O)OP(=O)(O)O)C(C(=O)NCCC(=O)NCCSC(=O)CC(=O)O)O,-1.1249387366083,0.7904229760169983,-1.3948943614959717,1.7968536615371704
1211,Q00955_wild,C1=NC(=C2C(=N1)N(C=N2)C3C(C(C(O3)COP(=O)(O)OP(=O)(O)OP(=O)(O)O)O)O)N,-1.275724130399211,0.5885597467422485,-1.0552747249603271,1.3310023546218872
1212,Q00955_Y83A,C1=NC(=C2C(=N1)N(C=N2)C3C(C(C(O3)COP(=O)(O)OP(=O)(O)OP(=O)(O)O)O)O)N,-1.1307682802690238,0.59071284532547,-1.0549485683441162,1.3372328281402588
1213,Q12721_wild,CC(=O)SCCNC(=O)CCNC(=O)C(C(C)(C)COP(=O)(O)OP(=O)(O)OCC1C(C(C(O1)N2C=NC3=C(N=CN=C32)N)O)OP(=O)(O)O)O,-0.853871964321762,0.5433396697044373,-1.5412015914916992,1.6453193426132202
1214,Q00955_R656E,C1=NC(=C2C(=N1)N(C=N2)C3C(C(C(O3)COP(=O)(O)OP(=O)(O)OP(=O)(O)O)O)O)N,-0.8239087409443188,0.5885597467422485,-1.0552747249603271,1.3310023546218872
1215,O00763_wild,C1=NC(=C2C(=N1)N(C=N2)C3C(C(C(O3)COP(=O)(O)OP(=O)(O)OP(=O)(O)O)O)O)N,-0.9208187539523751,0.5465182065963745,-0.7950384020805359,1.289426565170288
1216,Q13085_wild,CC(=O)SCCNC(=O)CCNC(=O)C(C(C)(C)COP(=O)(O)OP(=O)(O)OCC1C(C(C(O1)N2C=NC3=C(N=CN=C32)N)O)OP(=O)(O)O)O,-1.4685210829577449,0.9110141396522522,-1.722992181777954,1.9959683418273926
1217,Q13085_wild,C(=O)(O)[O-],1.1072099696478683,0.6062316298484802,-0.16921715438365936,0.9225558042526245
1218,Q12721_wild,C1=NC(=C2C(=N1)N(C=N2)C3C(C(C(O3)COP(=O)(O)OP(=O)(O)OP(=O)(O)O)O)O)N,-0.721246399047171,0.2940310537815094,-1.0190868377685547,1.2530885934829712
1219,O00763_wild,CC(=O)SCCNC(=O)CCNC(=O)C(C(C)(C)COP(=O)(O)OP(=O)(O)OCC1C(C(C(O1)N2C=NC3=C(N=CN=C32)N)O)OP(=O)(O)O)O,-1.2365720064370627,1.010111927986145,-1.294076681137085,1.8062198162078857
1220,Q1PSI9_wild,C(C(C(C(C(C(=O)[O-])O)O)O)O)O,0.3424226808222063,0.2971014380455017,0.24592769145965576,0.5565407276153564
1221,Q1PSI9_wild,C(C(=O)C(C(C(C(=O)[O-])O)O)O)O,1.0969100130080565,0.6297358870506287,-0.15776404738426208,0.9756865501403809
1222,Q6FNA9_N62A,CC1=CC2=C(C=C1C)N(C3=NC(=O)NC(=O)C3=N2)CC(C(C(COP(=O)(O)O)O)O)O,-3.3010299956639813,-1.413806438446045,-1.5121877193450928,1.198071837425232
1223,Q6FNA9_N62S,CC1=CC2=C(C=C1C)N(C3=NC(=O)NC(=O)C3=N2)CC(C(C(COP(=O)(O)O)O)O)O,-2.958607314841775,-1.3796108961105347,-1.526005506515503,1.221585988998413
1224,Q6FNA9_R297A,CC1=CC2=C(C=C1C)N(C3=NC(=O)NC(=O)C3=N2)CC(C(C(COP(=O)(O)O)O)O)O,-2.5228787452803374,-1.3748862743377686,-1.5108678340911865,1.2393254041671753
1225,Q6FNA9_D181A,CC1=CC2=C(C=C1C)N(C3=NC(=O)NC(=O)C3=N2)CC(C(C(COP(=O)(O)O)O)O)O,-2.8239087409443187,-1.3880966901779175,-1.5788087844848633,1.260105848312378
1226,Q6FNA9_R300A,CC1=CC2=C(C=C1C)N(C3=NC(=O)NC(=O)C3=N2)CC(C(C(COP(=O)(O)O)O)O)O,-2.638272163982407,-1.3582326173782349,-1.54121994972229,1.2661340236663818
1227,Q6FNA9_R297A/R300A,CC1=CC2=C(C=C1C)N(C3=NC(=O)NC(=O)C3=N2)CC(C(C(COP(=O)(O)O)O)O)O,-2.0315170514460648,-1.3847448825836182,-1.4998583793640137,1.2622294425964355
1228,Q6FNA9_D168A,CC1=CC2=C(C=C1C)N(C3=NC(=O)NC(=O)C3=N2)CC(C(C(COP(=O)(O)O)O)O)O,-2.1487416512809245,-1.4085720777511597,-1.5795555114746094,1.2330113649368286
1229,Q6FNA9_wild,C1=NC(=C2C(=N1)N(C=N2)C3C(C(C(O3)COP(=O)(O)OP(=O)(O)OP(=O)(O)O)O)O)N,-1.9706162223147905,-1.2293505668640137,-0.755289614200592,0.7708070278167725
1230,Q6FNA9_wild,CC1=CC2=C(C=C1C)N(C3=NC(=O)NC(=O)C3=N2)CC(C(C(COP(=O)(O)O)O)O)O,-3.0,-1.3664108514785767,-1.5613884925842285,1.257798671722412
1231,Q6FNA9_W184A,CC1=CC2=C(C=C1C)N(C3=NC(=O)NC(=O)C3=N2)CC(C(C(COP(=O)(O)O)O)O)O,-0.7002748460243631,-1.433151125907898,-1.573561429977417,1.2490277290344238
1232,Q9PCF4_wild,CC(C)(C)OO,-1.3458234581220394,0.4607652425765991,0.005802340805530548,1.6682732105255127
1233,Q9PCF4_wild,OO,1.6203442997544932,1.3746342658996582,-0.322769433259964,2.170166015625
1234,Q9PCF4_wild,C1CSSC1CCCCC(=O)N,-1.3520305416370282,1.4795317649841309,0.465040385723114,2.295103073120117
1235,C0KTJ6_wild,C(C(C(C(C(CO)O)O)O)O)O,1.3424226808222062,0.6560602784156799,1.5787591934204102,0.36689478158950806
1236,E3VL26_wild,C(CSCC(C(=O)O)N)C(C(=O)O)N,-1.0177287669604316,-0.012567520141601562,-0.4127166271209717,0.5879092216491699
1237,E3VL26_wild,C(C(C(=O)O)N)SCSCC(C(=O)O)N,-0.7495799976911061,0.24014541506767273,-0.27221617102622986,0.6023430824279785
1238,A0A223K4L6_wild,C(C(C(=O)O)N)S,1.0606978403536118,0.7245633602142334,0.17637139558792114,0.8542361259460449
1239,Q16831_wild,C1=CN(C(=O)NC1=O)C2C(C(C(O2)CO)O)O,-1.3010299956639813,0.9589932560920715,-1.2833690643310547,1.8211755752563477
1240,Q16831_wild,[O-]P(=O)([O-])[O-],0.3010299956639812,1.015799641609192,-0.3468523621559143,1.279977560043335
1241,O95045_wild,C1C(C(OC1N2C=CC(=O)NC2=O)CO)O,-0.5228787452803376,0.9115239977836609,-1.3683547973632812,1.54448401927948
1242,O95045_wild,C1=CN(C(=O)NC1=O)C2C(C(C(O2)CO)O)O,-1.1191864077192086,0.9553095698356628,-1.2734737396240234,1.5808579921722412
1243,O95045_wild,C1=C(C(=O)NC(=O)N1C2C(C(C(O2)CO)O)O)F,-1.619788758288394,0.8916862607002258,-0.8761902451515198,1.4789197444915771
1244,O95045_wild,CC1=CN(C(=O)NC1=O)C2CC(C(O2)CO)O,-1.2441251443275085,0.6487434506416321,-1.3320610523223877,1.558549165725708
1245,O95045_wild,C1C(C(OC1N2C=C(C(=O)NC2=O)F)CO)O,-0.4067139329795427,0.5472899079322815,-1.4960756301879883,1.3206855058670044
1246,A0A6G6VYG7_wild,C1=CN(C(=O)NC1=O)C2C(C(C(O2)CO)O)O,0.8779469516291883,0.9661713242530823,-0.9608023762702942,1.647491693496704
1247,A0R4Q6_wild,CC(C)CCCC(C)C1CCC2C1(CCC3C2CCC4=CC(=O)CCC34C)C,-1.4001169279263121,-0.6031482815742493,-1.792651891708374,1.6581331491470337
1248,Q9STG6_wild,C1C(C(OC1N2C=CC(=O)NC2=O)COP(=O)(O)OP(=O)(O)OP(=O)(O)O)O,-3.3979400086720375,0.6434687972068787,-1.4935367107391357,2.197559356689453
1249,P33316_wild,C1C(C(OC1N2C=CC(=O)NC2=O)COP(=O)(O)OP(=O)(O)OP(=O)(O)O)O,-3.0,0.7740172147750854,-1.34785795211792,2.2584571838378906
1250,P33317_Y88A,C1=CN(C(=O)NC1=O)C2C(C(C(O2)COP(=O)(O)OP(=O)(O)OP(=O)(O)O)O)O,-1.4559319556497243,0.6349444389343262,-1.521148681640625,2.010652542114258
1251,P33317_Y88A,C1C(C(OC1N2C=CC(=O)NC2=O)COP(=O)(O)OP(=O)(O)OP(=O)(O)O)O,-1.3872161432802645,0.6224948763847351,-1.9226315021514893,2.1057143211364746
1252,P33317_Q114A,C1C(C(OC1N2C=CC(=O)NC2=O)COP(=O)(O)OP(=O)(O)OP(=O)(O)O)O,-1.8477116556169435,0.12447711825370789,-1.8034358024597168,1.694167971611023
1253,P33317_wild,C1C(C(OC1N2C=CC(=O)NC2=O)COP(=O)(O)OP(=O)(O)OP(=O)(O)O)O,-1.8794260687941502,0.7027726173400879,-1.946958303451538,2.186234474182129
1254,P33317_wild,C1C(C(OC1N2C=NC3=C2N=CNC3=O)COP(=O)(O)OP(=O)(O)OP(=O)(O)O)O,-1.3496924768680636,0.63211590051651,-1.6346654891967773,2.02034854888916
1255,P33317_R111A,C1C(C(OC1N2C=CC(=O)NC2=O)COP(=O)(O)OP(=O)(O)OP(=O)(O)O)O,-1.5016894462103996,0.4708890914916992,-1.8981108665466309,1.9606022834777832
1256,P06968_wild,C1C(C(OC1N2C=CC(=O)NC2=O)COP(=O)(O)OP(=O)(O)OP(=O)(O)O)O,-0.3010299956639812,-0.16064698994159698,-1.9094197750091553,1.6520432233810425
1257,P06968_D90N,C1C(C(OC1N2C=CC(=O)NC2=O)COP(=O)(O)OP(=O)(O)OP(=O)(O)O)O,-0.3467874862246563,-0.6429153084754944,-1.7562992572784424,1.1850694417953491
1258,B4LTG5_wild,C1C(C(OC1N2C=CC(=O)NC2=O)COP(=O)(O)OP(=O)(O)OP(=O)(O)O)O,-2.744727494896694,1.1971007585525513,-1.600963830947876,2.6004090309143066
1259,P26811_wild,CC1=CN(C(=O)NC1=O)C2CC(C(O2)COP(=O)(O)OP(=O)(O)OP(=O)(O)O)O,0.4913616938342727,-1.3824336528778076,-1.4003536701202393,0.2657540440559387
1260,P26811_wild,C1C(C(OC1N2C=NC3=C2N=C(NC3=O)N)COP(=O)(O)OP(=O)(O)OP(=O)(O)O)O,0.3979400086720376,-1.8187185525894165,-1.6959786415100098,0.1553160697221756
1261,P26811_wild,C1C(C(OC1N2C=NC3=C(N=CN=C32)N)COP(=O)(O)OP(=O)(O)OP(=O)(O)O)O,0.3222192947339193,-1.685927391052246,-1.582061529159546,0.3071719706058502
1262,P26811_wild,C1C(C(OC1N2C=CC(=NC2=O)N)COP(=O)(O)OP(=O)(O)OP(=O)(O)O)O,-2.0757207139381184,-1.4779938459396362,-1.7281990051269531,0.3264639675617218
1263,Q9Z5D6_wild,CCC1C(C2=CC3=C(C(=C([N-]3)C=C4C(C(C(=N4)C5=C6C(=C(C(=CC1=N2)[N-]6)C)C(=O)C5C(=O)OC)CCC(=O)O)C)C)C(=O)C)C.[Mg+2],-0.8860566476931633,-1.0946835279464722,-1.5770676136016846,0.9145712852478027
1264,Q9NQV7_wild,C[S+](CCC(C(=O)[O-])N)CC1C(C(C(O1)N2C=NC3=C(N=CN=C32)N)O)O,-0.8860566476931633,0.07584075629711151,-1.5953943729400635,1.263714075088501
1265,Q8VWZ7_wild,CC(=CCCC(=CCO)C)C,-1.8013429130455774,-0.05129237473011017,-1.53902268409729,0.9084495306015015
1266,O32717_wild,CC(C)(COP(=O)(O)OP(=O)(O)OCC1C(C(C(O1)N2C=NC3=C(N=CN=C32)N)O)OP(=O)(O)O)C(C(=O)NCCC(=O)NCCSC(=O)CC(=O)O)O,-1.7958800173440752,-0.10608778893947601,-1.3738946914672852,1.4623442888259888
1267,O32717_wild,CC(C(=O)O)C(=O)SCCNC(=O)CCNC(=O)C(C(C)(C)COP(=O)(O)OP(=O)(O)OCC1C(C(C(O1)N2C=NC3=C(N=CN=C32)N)O)OP(=O)(O)O)O,-1.7958800173440752,-0.020750880241394043,-1.4133780002593994,1.2975647449493408
1268,D2RIQ3_wild,C1C=CN(C=C1C(=O)N)C2C(C(C(O2)COP(=O)(O)OP(=O)(O)OCC3C(C(C(O3)N4C=NC5=C(N=CN=C54)N)O)O)O)O,-0.8386319977650252,1.3263169527053833,-1.396449089050293,2.46294903755188
1269,Q52722_wild,[S-2],-2.6989700043360187,0.4821958541870117,-0.14862367510795593,1.8665473461151123
1270,Q52722_wild,CCCCCCCCCCC1=C(C(=O)C(=C(C1=O)OC)OC)C,-2.6989700043360187,0.8257753849029541,-1.7667615413665771,1.9316418170928955
1271,B7JBP8_wild,CCCCCCCCCCC1=C(C(=O)C(=C(C1=O)OC)OC)C,-1.6575773191777938,0.9124045968055725,-1.7843635082244873,2.1138553619384766
1272,B7JBP8_H132A,CCCCCCCCCCC1=C(C(=O)C(=C(C1=O)OC)OC)C,-2.2676062401770314,0.9077733159065247,-1.7914175987243652,2.1200945377349854
1273,B7JBP8_C128A,[S-2],-2.2518119729937998,0.44904625415802,-0.17136409878730774,2.0180859565734863
1274,B7JBP8_wild,[S-2],-2.552841968657781,0.44570469856262207,-0.17777292430400848,2.0212435722351074
1275,B7JBP8_C128A,CCCCCCCCCCC1=C(C(=O)C(=C(C1=O)OC)OC)C,-2.3716110699496884,0.9152075052261353,-1.7873797416687012,2.1112935543060303
1276,B7JBP8_C128S,[S-2],-2.2572748686953017,0.4465680718421936,-0.16386228799819946,2.0124704837799072
1277,B7JBP8_C128S,CCCCCCCCCCC1=C(C(=O)C(=C(C1=O)OC)OC)C,-2.2328441339178196,0.9117855429649353,-1.779508352279663,2.0990047454833984
1278,B7JBP8_H132A,[S-2],-2.3010299956639813,0.44056618213653564,-0.18071165680885315,2.011892557144165
1279,O67931_wild,CC1=C(C(=O)C(=C(C1=O)OC)OC)CC=C(C)CCC=C(C)CCC=C(C)CCC=C(C)C,-2.7958800173440754,1.366683006286621,-1.5473532676696777,2.4093680381774902
1280,O67931_wild,CC1=C(C(=O)C(=C(C1=O)OC)OC)CC=C(C)C,-2.2676062401770314,1.9039673805236816,-1.094374418258667,2.257169008255005
1281,O67931_wild,[S-2],-2.2262135550188065,0.9276153445243835,-0.2163429707288742,2.346338987350464
1282,O67931_wild,CC1=C(C(=O)C(=C(C1=O)OC)OC)CC=C(C)CCC=C(C)CCC=C(C)CCC=C(C)CCC=C(C)CCC=C(C)CCC=C(C)CCC=C(C)CCC=C(C)C,-2.191789027075778,1.1690831184387207,-1.5783722400665283,2.4815902709960938
1283,O67931_wild,CCCCCCCCCCC1=C(C(=O)C(=C(C1=O)OC)OC)C,-2.6655462488490693,1.32711923122406,-1.6989219188690186,2.3177361488342285
1284,P17612_wild,C1=NC(=C2C(=N1)N(C=N2)C3C(C(C(O3)COP(=O)(O)OP(=O)(O)OP(=O)(O)O)O)O)N,-1.7721132953863266,0.07881860435009003,-1.6443097591400146,1.7114213705062866
1285,P17612_wild,CC(C)CC(C(=O)NC(CCCN=C(N)N)C(=O)NC(CCCN=C(N)N)C(=O)NC(C)C(=O)NC(CO)C(=O)NC(CC(C)C)C(=O)NCC(=O)O)N,-2.3565473235138126,0.8179449439048767,-2.1623594760894775,1.7269164323806763
1286,A0A1D8PQ07_wild,CC(CO)C(=O)[O-],-0.8860566476931633,1.031272053718567,0.5561850070953369,0.993412435054779
1287,A0A1D8PQ07_wild,C(CO)C(=O)[O-],0.7299742856995556,1.005325436592102,0.6298496723175049,0.9042283296585083
1288,A0A1D8PQ07_wild,C(C(C(=O)O)N)O,1.669316880566112,0.5637975931167603,0.8459938168525696,0.5223758220672607
1289,P0A9M5_wild,C1=NC2=C(N1)C(=O)NC=N2,-1.041914151478915,1.2077149152755737,-1.3862285614013672,2.1445775032043457
1290,P0A9M5_wild,C1=NC2=C(N1)C(=O)NC(=N2)N,-2.3665315444204134,1.0821884870529175,-1.5203189849853516,2.3551058769226074
1291,P0A9M5_wild,C1=NC2=C(N1)C(=O)NC(=O)N2,-1.5157001606532141,0.9672504663467407,-1.5144422054290771,2.2941396236419678
1292,P0A9M5_wild,C(C1C(C(C(O1)OP(=O)(O)OP(=O)(O)O)O)O)OP(=O)(O)O,-0.856985199745905,0.7647209763526917,-1.226724624633789,1.9268848896026611
1293,Q9ZSZ7_wild,[Cl-],2.1903316981702914,-0.9349949359893799,1.5173578262329102,3.3234336376190186
1294,Q9ZSZ7_wild,C[S+](CCC(C(=O)[O-])N)CC1C(C(C(O1)N2C=NC3=C(N=CN=C32)N)O)O,-0.6382721639824072,-0.8760712742805481,-1.0556039810180664,2.719050407409668
1295,Q9ZSZ7_wild,[Br-],1.3979400086720377,-0.5959936380386353,0.5713911056518555,3.4205949306488037
1296,Q9ZSZ7_wild,[I-],0.9294189257142927,-0.9997262358665466,0.34319281578063965,2.844897508621216
1297,C6L2E7_wild,C[S+](CCC(C(=O)[O-])N)CC1C(C(C(O1)N2C=NC3=C(N=CN=C32)N)O)O,-0.721246399047171,-0.6360481381416321,-0.9833247661590576,2.9855926036834717
1298,C6L2E7_wild,[I-],0.6503075231319364,-0.9439289569854736,0.22824722528457642,2.9086945056915283
1299,C6L2E7_wild,[Cl-],3.219322508419337,-0.7451571822166443,1.5238995552062988,3.3398008346557617
1300,C6L2E7_wild,[Br-],2.2487087356009177,-0.6287664771080017,0.4705941677093506,3.460254192352295
1301,Q980R9_T105A,CC(=O)SCCNC(=O)CCNC(=O)C(C(C)(C)COP(=O)(O)OP(=O)(O)OCC1C(C(C(O1)N2C=NC3=C(N=CN=C32)N)O)OP(=O)(O)O)O,-0.707743928643524,0.4115753769874573,-1.1939153671264648,0.5878591537475586
1302,Q980R9_R100A,CC(=O)SCCNC(=O)CCNC(=O)C(C(C)(C)COP(=O)(O)OP(=O)(O)OCC1C(C(C(O1)N2C=NC3=C(N=CN=C32)N)O)OP(=O)(O)O)O,-0.33068311943388784,0.3150084614753723,-1.1582603454589844,0.6078148484230042
1303,Q980R9_wild,CC(=O)SCCNC(=O)CCNC(=O)C(C(C)(C)COP(=O)(O)OP(=O)(O)OCC1C(C(C(O1)N2C=NC3=C(N=CN=C32)N)O)OP(=O)(O)O)O,-0.17282465170130734,0.4740992784500122,-1.1809875965118408,0.6765036582946777
1304,P35520_wild,C(CS)C(C(=O)O)N,-0.3010299956639812,0.6301566958427429,-0.5912432670593262,1.2730114459991455
1305,P35520_L540Q,C(C(C(=O)O)N)O,0.2787536009528289,0.9554077982902527,0.39266157150268555,0.6888446807861328
1306,P35520_V449G,C(CS)C(C(=O)O)N,-0.45593195564972444,0.508369505405426,-0.5589420795440674,1.1878859996795654
1307,P35520_S500L,C(C(C(=O)O)N)O,0.3222192947339193,0.9680926203727722,0.3808939456939697,0.6910384893417358
1308,P35520_L540Q,C(CS)C(C(=O)O)N,-0.3279021420642826,0.6241515874862671,-0.5777994990348816,1.2793058156967163
1309,P35520_wild,S,0.7007037171450107,1.0515336990356445,-0.7239603400230408,1.6943589448928833
1310,P35520_P427L,C(CS)C(C(=O)O)N,-0.16115090926274472,0.5737583041191101,-0.5808618664741516,1.21214759349823
1311,P35520_V449G,C(C(C(=O)O)N)O,0.43136376415898736,0.83347088098526,0.3897164762020111,0.5921800136566162
1312,P35520_D444N,C(C(C(=O)O)N)O,0.4623979978989561,0.9659654498100281,0.36823028326034546,0.6980737447738647
1313,P35520_wild,C(C(C(=O)O)N)O,0.06069784035361165,0.9636268019676208,0.37970465421676636,0.6884331703186035
1314,P35520_wild,C(C(C(=O)O)N)S,0.7860412102425542,0.7940695881843567,-0.47628337144851685,1.0294028520584106
1315,P35520_S500L,C(CS)C(C(=O)O)N,-0.494850021680094,0.6313233971595764,-0.5917666554450989,1.2754693031311035
1316,A0A1J9VES8_wild,C(CS)C(C(=O)O)N,0.436162647040756,0.4994514584541321,-0.13980187475681305,0.8082484006881714
1317,P35520_D444N,C(CS)C(C(=O)O)N,-0.3979400086720376,0.6392923593521118,-0.6055876016616821,1.2859185934066772
1318,A0A1J9VES8_E220R,C(CS)C(C(=O)O)N,0.17897694729316943,0.3160862326622009,-0.0756504088640213,0.6534703373908997
1319,A0A1J9VES8_A72S,C(CS)C(C(=O)O)N,0.5550944485783191,0.5094167590141296,-0.14854666590690613,0.8013178706169128
1320,P35520_P427L,C(C(C(=O)O)N)O,0.3010299956639812,0.9037653207778931,0.38488805294036865,0.6353597640991211
1321,Q8I7A1_wild,C1=NC(=C2C(=N1)N(C=N2)C3C(C(C(O3)COP(=O)(O)OP(=O)(O)OP(=O)(O)O)O)O)N,-0.9208187539523751,0.22421099245548248,-1.536278486251831,1.187345027923584
1322,Q7CH76_R113A,C1=NC(=C2C(=N1)N(C=N2)C3C(C(C(O3)COP(=O)(O)OP(=O)(O)OP(=O)(O)O)O)O)N,-1.3010299956639813,-0.5004484057426453,0.03373602032661438,0.3890729546546936
1323,Q7CH76_E10Q,C1=NC(=C2C(=N1)N(C=N2)C3C(C(C(O3)COP(=O)(O)OP(=O)(O)OP(=O)(O)O)O)O)N,-0.619788758288394,-0.34939485788345337,-0.02748914808034897,0.5034433007240295
1324,Q7CH76_R63A,C1=NC(=C2C(=N1)N(C=N2)C3C(C(C(O3)COP(=O)(O)OP(=O)(O)OP(=O)(O)O)O)O)N,-0.12493873660829995,-0.47470808029174805,-0.010953415185213089,0.41654133796691895
1325,Q7CH76_F5A,C1=NC(=C2C(=N1)N(C=N2)C3C(C(C(O3)COP(=O)(O)OP(=O)(O)OP(=O)(O)O)O)O)N,0.2764618041732441,-0.19886146485805511,-0.17100492119789124,0.6491954326629639
1326,Q7CH76_E136A,C1=NC(=C2C(=N1)N(C=N2)C3C(C(C(O3)COP(=O)(O)OP(=O)(O)OP(=O)(O)O)O)O)N,-0.7958800173440752,-0.7968822121620178,0.03456897288560867,0.1859407126903534
1327,Q7CH76_D55K,C1=NC(=C2C(=N1)N(C=N2)C3C(C(C(O3)COP(=O)(O)OP(=O)(O)OP(=O)(O)O)O)O)N,-0.060480747381381476,-0.14109936356544495,-0.14134399592876434,0.7154292464256287
1328,Q7CH76_K14A,C1=NC(=C2C(=N1)N(C=N2)C3C(C(C(O3)COP(=O)(O)OP(=O)(O)OP(=O)(O)O)O)O)N,-0.6777807052660807,-0.1601901650428772,-0.10513115674257278,0.6654959321022034
1329,Q7CH76_C83A,C1=NC(=C2C(=N1)N(C=N2)C3C(C(C(O3)COP(=O)(O)OP(=O)(O)OP(=O)(O)O)O)O)N,-0.2076083105017461,-0.19137196242809296,-0.13770301640033722,0.654089629650116
1330,Q7CH76_E12Q,C1=NC(=C2C(=N1)N(C=N2)C3C(C(C(O3)COP(=O)(O)OP(=O)(O)OP(=O)(O)O)O)O)N,0.06069784035361165,-0.5028839707374573,0.0099802166223526,0.38589537143707275
1331,Q7CH76_wild,C1=NC(=C2C(=N1)N(C=N2)C3C(C(C(O3)COP(=O)(O)OP(=O)(O)OP(=O)(O)O)O)O)N,-0.10790539730951958,-0.19098405539989471,-0.12976358830928802,0.663114070892334
1332,Q7CH76_K76A,C1=NC(=C2C(=N1)N(C=N2)C3C(C(C(O3)COP(=O)(O)OP(=O)(O)OP(=O)(O)O)O)O)N,-0.3979400086720376,-0.6124426126480103,0.022480249404907227,0.29366880655288696
1333,Q7CH76_L72A/M140A,C1=NC(=C2C(=N1)N(C=N2)C3C(C(C(O3)COP(=O)(O)OP(=O)(O)OP(=O)(O)O)O)O)N,-1.4559319556497243,-0.24718447029590607,-0.13169899582862854,0.6378053426742554
1334,Q7CH76_wild,C1=NC2=C(N1C3C(C(C(O3)COP(=O)(O)OP(=O)(O)OP(=O)(O)O)O)O)N=C(NC2=O)N,0.13987908640123647,-0.2425379604101181,-0.0269799642264843,0.5019311904907227
1335,Q7CH76_M140A,C1=NC(=C2C(=N1)N(C=N2)C3C(C(C(O3)COP(=O)(O)OP(=O)(O)OP(=O)(O)O)O)O)N,0.0755469613924942,-0.19801820814609528,-0.1394319087266922,0.6449980139732361
1336,Q7CH76_L72A,C1=NC(=C2C(=N1)N(C=N2)C3C(C(C(O3)COP(=O)(O)OP(=O)(O)OP(=O)(O)O)O)O)N,0.359835482339888,-0.23225955665111542,-0.11888939887285233,0.6551761031150818
1337,Q57679_wild,C1=NC2=C(N1C3C(C(C(O3)COP(=O)(O)OP(=O)(O)OP(=O)(O)O)O)O)NC(=O)NC2=O,-1.0,1.7598274946212769,-0.4262358546257019,1.7646229267120361
1338,Q57679_wild,C1C(C(OC1N2C=NC3=C2N=CNC3=O)COP(=O)(O)OP(=O)(O)OP(=O)(O)O)O,-0.6020599913279624,1.648739218711853,-0.4062144160270691,1.805574655532837
1339,Q57679_wild,C1=NC2=C(C(=O)N1)N=CN2C3C(C(C(O3)COP(=O)(O)OP(=O)(O)OP(=O)(O)O)O)O,-0.8239087409443188,1.6815451383590698,-0.34604957699775696,1.7731962203979492
1340,Q071N0_S181A,CN1CCC23C=C(C(=O)C=C2C1CC4=C3C(=C(C=C4)OC)O)OC,-2.3010299956639813,-0.09590892493724823,-0.8386853337287903,0.9085752964019775
1341,Q071N0_wild,CN1CCC23C=C(C(=O)C=C2C1CC4=C3C(=C(C=C4)OC)O)OC,-1.5086383061657274,-0.0831240564584732,-0.83015376329422,0.906659722328186
1342,Q071N0_S181A,C1C=CN(C=C1C(=O)N)C2C(C(C(O2)COP(=O)(O)OP(=O)(O)OCC3C(C(C(O3)N4C=NC5=C(N=CN=C54)N)OP(=O)(O)O)O)O)O,-2.3467874862246565,0.6562360525131226,-1.309324026107788,1.669295072555542
1343,Q071N0_V106A,C1C=CN(C=C1C(=O)N)C2C(C(C(O2)COP(=O)(O)OP(=O)(O)OCC3C(C(C(O3)N4C=NC5=C(N=CN=C54)N)OP(=O)(O)O)O)O)O,-2.154901959985743,0.6948832869529724,-1.297487497329712,1.6749955415725708
1344,Q071N0_wild,C1C=CN(C=C1C(=O)N)C2C(C(C(O2)COP(=O)(O)OP(=O)(O)OCC3C(C(C(O3)N4C=NC5=C(N=CN=C54)N)OP(=O)(O)O)O)O)O,-1.0969100130080565,0.6747623085975647,-1.303633689880371,1.6699860095977783
1345,Q071N0_M271A,CN1CCC23C=C(C(=O)C=C2C1CC4=C3C(=C(C=C4)OC)O)OC,-1.6478174818886375,-0.18593373894691467,-0.8108053207397461,0.8297231197357178
1346,Q071N0_K186V,C1C=CN(C=C1C(=O)N)C2C(C(C(O2)COP(=O)(O)OP(=O)(O)OCC3C(C(C(O3)N4C=NC5=C(N=CN=C54)N)OP(=O)(O)O)O)O)O,-2.468521082957745,0.68719881772995,-1.2758328914642334,1.6748055219650269
1347,Q071N0_V106A,CN1CCC23C=C(C(=O)C=C2C1CC4=C3C(=C(C=C4)OC)O)OC,-2.050609993355087,-0.06581206619739532,-0.8206393122673035,0.9114938974380493
1348,Q071N0_L266A,C1C=CN(C=C1C(=O)N)C2C(C(C(O2)COP(=O)(O)OP(=O)(O)OCC3C(C(C(O3)N4C=NC5=C(N=CN=C54)N)OP(=O)(O)O)O)O)O,-1.8096683018297086,0.6838976144790649,-1.303563117980957,1.666994571685791
1349,Q071N0_F104A/I275A,C1C=CN(C=C1C(=O)N)C2C(C(C(O2)COP(=O)(O)OP(=O)(O)OCC3C(C(C(O3)N4C=NC5=C(N=CN=C54)N)OP(=O)(O)O)O)O)O,-1.3665315444204134,0.687131404876709,-1.3000223636627197,1.6674084663391113
1350,Q071N0_D107A,C1C=CN(C=C1C(=O)N)C2C(C(C(O2)COP(=O)(O)OP(=O)(O)OCC3C(C(C(O3)N4C=NC5=C(N=CN=C54)N)OP(=O)(O)O)O)O)O,-1.5157001606532141,0.6925673484802246,-1.311617136001587,1.682344913482666
1351,Q071N0_I275A,CN1CCC23C=C(C(=O)C=C2C1CC4=C3C(=C(C=C4)OC)O)OC,-1.4801720062242814,-0.07462084293365479,-0.8197747468948364,0.9089452028274536
1352,Q071N0_T182A,C1C=CN(C=C1C(=O)N)C2C(C(C(O2)COP(=O)(O)OP(=O)(O)OCC3C(C(C(O3)N4C=NC5=C(N=CN=C54)N)OP(=O)(O)O)O)O)O,-1.6716203965612624,0.6858236193656921,-1.2992618083953857,1.6871559619903564
1353,Q071N0_F104A,C1C=CN(C=C1C(=O)N)C2C(C(C(O2)COP(=O)(O)OP(=O)(O)OCC3C(C(C(O3)N4C=NC5=C(N=CN=C54)N)OP(=O)(O)O)O)O)O,-2.0132282657337552,0.678792417049408,-1.2996437549591064,1.6623539924621582
1354,Q071N0_I275A,C1C=CN(C=C1C(=O)N)C2C(C(C(O2)COP(=O)(O)OP(=O)(O)OCC3C(C(C(O3)N4C=NC5=C(N=CN=C54)N)OP(=O)(O)O)O)O)O,-1.6757175447023074,0.6823629140853882,-1.302987813949585,1.67439603805542
1355,Q071N0_K186V,CN1CCC23C=C(C(=O)C=C2C1CC4=C3C(=C(C=C4)OC)O)OC,-2.1079053973095196,-0.06610158830881119,-0.8198109865188599,0.9171142578125
1356,Q071N0_D107A,CN1CCC23C=C(C(=O)C=C2C1CC4=C3C(=C(C=C4)OC)O)OC,-1.8297382846050425,-0.06569390743970871,-0.8399131298065186,0.9243177771568298
1357,Q071N0_N272A,C1C=CN(C=C1C(=O)N)C2C(C(C(O2)COP(=O)(O)OP(=O)(O)OCC3C(C(C(O3)N4C=NC5=C(N=CN=C54)N)OP(=O)(O)O)O)O)O,-1.8068754016455384,0.6403967142105103,-1.3003792762756348,1.657773733139038
1358,Q071N0_T182A,CN1CCC23C=C(C(=O)C=C2C1CC4=C3C(=C(C=C4)OC)O)OC,-2.3872161432802645,-0.08049695193767548,-0.8281382918357849,0.9186584949493408
1359,Q071N0_M271A,C1C=CN(C=C1C(=O)N)C2C(C(C(O2)COP(=O)(O)OP(=O)(O)OCC3C(C(C(O3)N4C=NC5=C(N=CN=C54)N)OP(=O)(O)O)O)O)O,-1.7033348097384688,0.566114604473114,-1.2761528491973877,1.569679856300354
1360,Q071N0_wild,C1=CC(=C[N+](=C1)C2C(C(C(O2)COP(=O)(O)OP(=O)(O)OCC3C(C(C(O3)N4C=NC5=C(N=CN=C54)N)OP(=O)(O)O)O)O)O)C(=O)N,-0.703334809738469,0.6427165269851685,-0.8225347399711609,1.413546085357666
1361,Q071N0_L185A,C1C=CN(C=C1C(=O)N)C2C(C(C(O2)COP(=O)(O)OP(=O)(O)OCC3C(C(C(O3)N4C=NC5=C(N=CN=C54)N)OP(=O)(O)O)O)O)O,-1.5272435506827877,0.6723616719245911,-1.300126075744629,1.661636233329773
1362,Q071N0_F104A,CN1CCC23C=C(C(=O)C=C2C1CC4=C3C(=C(C=C4)OC)O)OC,-1.4975728800155672,-0.07206183671951294,-0.8204100728034973,0.9009149074554443
1363,Q071N0_L185A,CN1CCC23C=C(C(=O)C=C2C1CC4=C3C(=C(C=C4)OC)O)OC,-1.8794260687941502,-0.09029579162597656,-0.8230332732200623,0.8975027799606323
1364,Q071N0_L266A,CN1CCC23C=C(C(=O)C=C2C1CC4=C3C(=C(C=C4)OC)O)OC,-1.3062730510763532,-0.0755978375673294,-0.8349917531013489,0.9026941061019897
1365,Q071N0_N272A,CN1CCC23C=C(C(=O)C=C2C1CC4=C3C(=C(C=C4)OC)O)OC,-1.045275209020937,-0.10049054026603699,-0.8325132727622986,0.897178053855896
1366,Q071N0_F104A/I275A,CN1CCC23C=C(C(=O)C=C2C1CC4=C3C(=C(C=C4)OC)O)OC,-0.3887016377035712,-0.06257544457912445,-0.8101781010627747,0.9044313430786133
1367,A4UHT7_wild,C1C=CN(C=C1C(=O)N)C2C(C(C(O2)COP(=O)(O)OP(=O)(O)OCC3C(C(C(O3)N4C=NC5=C(N=CN=C54)N)OP(=O)(O)O)O)O)O,-2.4559319556497243,0.6460911631584167,-1.3039603233337402,1.6888136863708496
1368,A4UHT7_wild,CN1CCC23C=C(C(C=C2C1CC4=C3C(=C(C=C4)OC)O)O)OC,-2.8239087409443187,0.11978895962238312,-0.5348258018493652,0.9774202108383179
1369,A4UHT7_wild,C1=CC(=C[N+](=C1)C2C(C(C(O2)COP(=O)(O)OP(=O)(O)OCC3C(C(C(O3)N4C=NC5=C(N=CN=C54)N)OP(=O)(O)O)O)O)O)C(=O)N,-2.154901959985743,0.6213039755821228,-0.8204187750816345,1.4392412900924683
1370,A4UHT7_wild,C1C=CN(C=C1C(=O)N)C2C(C(C(O2)COP(=O)(O)OP(=O)(O)OCC3C(C(C(O3)N4C=NC5=C(N=CN=C54)N)O)O)O)O,0.0755469613924942,0.7940826416015625,-0.8072104454040527,1.4972186088562012
1371,A4UHT7_wild,CN1CCC23C=C(C(=O)C=C2C1CC4=C3C(=C(C=C4)OC)O)OC,-2.1023729087095586,-0.08509765565395355,-0.8464261293411255,0.9141901731491089
1372,Q5UVJ4_wild,C1C2CN(CN2C3=C(N1)N=C(NC3=O)N)C4=CC=C(C=C4)C(=O)NC(CCC(=O)O)C(=O)O,-0.45593195564972444,-1.2894881963729858,-1.3497350215911865,1.1499496698379517
1373,Q5UVJ4_wild,C1C(C(OC1N2C=CC(=O)NC2=O)COP(=O)(O)O)O,-1.8153085691824011,-1.1702302694320679,-1.4576900005340576,1.2392480373382568
1374,Q975F9_wild,CC1=CN(C(=O)NC1=O)C2CC(C(O2)COP(=O)(O)OP(=O)(O)OP(=O)(O)O)O,-1.6989700043360187,0.7105303406715393,-0.9487234950065613,1.4635157585144043
1375,Q975F9_wild,CC1=CN(C(=O)NC1=O)C2CC(C(O2)COP(=O)(O)OP(=O)(O)OC3C(C(C(C(O3)CO)O)O)O)O,-1.3010299956639813,0.9835518002510071,-0.9541559219360352,1.7965214252471924
1376,Q9YBQ2_R526V,CCCCCCCC(=O)OC1=CC=C(C=C1)[N+](=O)[O-],1.5526682161121932,1.035420298576355,-0.6581980586051941,1.9883947372436523
1377,Q9YBQ2_R526A,CCCCCCCC(=O)OC1=CC=C(C=C1)[N+](=O)[O-],1.6190933306267428,1.0146076679229736,-0.6556224226951599,1.9731769561767578
1378,Q9YBQ2_R526I,CCCCCCCC(=O)OC1=CC=C(C=C1)[N+](=O)[O-],1.6031443726201822,1.0282758474349976,-0.6521429419517517,1.9814271926879883
1379,Q9YBQ2_R526E,CCCCCCCC(=O)OC1=CC=C(C=C1)[N+](=O)[O-],2.059184617631371,0.9981741309165955,-0.6682780981063843,1.9600460529327393
1380,Q9KQ52_wild,C(CC(C(=O)O)N)CC(C(=O)O)NC(=O)CCC(=O)O,0.07918124604762482,1.6724997758865356,-0.48727625608444214,1.5151572227478027
1381,O74237_wild,C1C=CN(C=C1C(=O)N)C2C(C(C(O2)COP(=O)(O)OP(=O)(O)OCC3C(C(C(O3)N4C=NC5=C(N=CN=C54)N)O)O)O)O,-1.4202164033831899,0.8128244280815125,-0.8725547194480896,2.0570764541625977
1382,O74237_wild,C1C(C(C(C(O1)O)O)O)O,1.8920946026904804,1.564937949180603,1.6533937454223633,0.5917220115661621
1383,O74237_wild,C1C=CN(C=C1C(=O)N)C2C(C(C(O2)COP(=O)(O)OP(=O)(O)OCC3C(C(C(O3)N4C=NC5=C(N=CN=C54)N)OP(=O)(O)O)O)O)O,-2.5228787452803374,0.6938546299934387,-1.1707384586334229,2.1788206100463867
1384,O74237_wild,C(C(C(C(CO)O)O)O)O,2.5237464668115646,0.2632840871810913,1.8460495471954346,0.007796972990036011
1385,C5J3R6_wild,C1C=CN(C=C1C(=O)N)C2C(C(C(O2)COP(=O)(O)OP(=O)(O)OCC3C(C(C(O3)N4C=NC5=C(N=CN=C54)N)O)O)O)O,-0.5800442515102421,0.8138365149497986,-0.9689546227455139,2.2137789726257324
1386,C5J3R6_wild,C1C=CN(C=C1C(=O)N)C2C(C(C(O2)COP(=O)(O)OP(=O)(O)OCC3C(C(C(O3)N4C=NC5=C(N=CN=C54)N)OP(=O)(O)O)O)O)O,-0.6126101736612706,0.674756646156311,-1.2733712196350098,2.3100085258483887
1387,C5J3R6_wild,C1C(C(C(C(O1)O)O)O)O,1.9513375187959177,1.4927244186401367,1.5148088932037354,0.869628369808197
1388,C5J3R6_K271R/N273D,C1C(C(C(C(O1)O)O)O)O,1.8811563210755637,1.3419462442398071,1.5777630805969238,0.6608747243881226
1389,C5J3R6_K271R,C1C(C(C(C(O1)O)O)O)O,1.8813846567705728,1.35356867313385,1.5498785972595215,0.7116378545761108
1390,A9QVV8_wild,C1C(C(C(C(O1)O)O)O)O,1.4983105537896004,1.5898693799972534,1.702317714691162,0.5134174823760986
1391,A9QVV8_wild,C1C=CN(C=C1C(=O)N)C2C(C(C(O2)COP(=O)(O)OP(=O)(O)OCC3C(C(C(O3)N4C=NC5=C(N=CN=C54)N)OP(=O)(O)O)O)O)O,-1.3419886033428876,0.6368114352226257,-1.0670652389526367,2.0414483547210693
1392,A9QVV8_wild,C1C=CN(C=C1C(=O)N)C2C(C(C(O2)COP(=O)(O)OP(=O)(O)OCC3C(C(C(O3)N4C=NC5=C(N=CN=C54)N)O)O)O)O,-0.7907531512466263,0.8374472260475159,-0.7611313462257385,1.9119431972503662
1393,A0MTG4_wild,C1C=CN(C=C1C(=O)N)C2C(C(C(O2)COP(=O)(O)OP(=O)(O)OCC3C(C(C(O3)N4C=NC5=C(N=CN=C54)N)OP(=O)(O)O)O)O)O,-1.6989700043360187,0.671491801738739,-1.0707550048828125,1.980748176574707
1394,A0MTG4_wild,C1C=CN(C=C1C(=O)N)C2C(C(C(O2)COP(=O)(O)OP(=O)(O)OCC3C(C(C(O3)N4C=NC5=C(N=CN=C54)N)O)O)O)O,-0.8239087409443188,0.8330528140068054,-0.7888492345809937,1.8549185991287231
1395,A0MTG4_wild,C1C(C(C(C(O1)O)O)O)O,2.204119982655925,1.605578899383545,1.684645414352417,0.4398789405822754
1396,P31867_K21A/N272D,C1C(C(C(C(O1)O)O)O)O,1.8260748027008264,1.5584871768951416,1.6271343231201172,0.6159541606903076
1397,P31867_wild,C1C=CN(C=C1C(=O)N)C2C(C(C(O2)COP(=O)(O)OP(=O)(O)OCC3C(C(C(O3)N4C=NC5=C(N=CN=C54)N)OP(=O)(O)O)O)O)O,-1.5228787452803376,0.7169457674026489,-1.1984117031097412,2.1673920154571533
1398,P31867_K21A,C1C=CN(C=C1C(=O)N)C2C(C(C(O2)COP(=O)(O)OP(=O)(O)OCC3C(C(C(O3)N4C=NC5=C(N=CN=C54)N)O)O)O)O,-1.5228787452803376,0.8554932475090027,-0.8499786257743835,2.043508291244507
1399,P31867_wild,C1C=CN(C=C1C(=O)N)C2C(C(C(O2)COP(=O)(O)OP(=O)(O)OCC3C(C(C(O3)N4C=NC5=C(N=CN=C54)N)O)O)O)O,-0.8664610916297825,0.8443718552589417,-0.8496523499488831,2.0558342933654785
1400,P31867_K21A/N272D,C1C=CN(C=C1C(=O)N)C2C(C(C(O2)COP(=O)(O)OP(=O)(O)OCC3C(C(C(O3)N4C=NC5=C(N=CN=C54)N)O)O)O)O,-2.0,0.8320626616477966,-0.8073533773422241,1.9772882461547852
1401,P31867_wild,C1C(C(C(C(O1)O)O)O)O,1.7761197990529878,1.5521239042282104,1.61903977394104,0.6689993143081665
1402,P31867_K21A,C1C(C(C(C(O1)O)O)O)O,2.2227164711475833,1.5714848041534424,1.605708122253418,0.6725939512252808
1403,A0A0M4HL56_wild,C(C(C(C=O)O)O)O,0.7403626894942439,1.1273925304412842,1.1924068927764893,0.826515793800354
1404,A0A455KZK8_wild,C1C(C(C(C(O1)O)O)O)O,1.1863912156954932,1.3414875268936157,1.6696484088897705,0.6823312044143677
1405,Q9KID9_wild,C=C(C(=O)O)OC1C=C(C=CC1O)C(=O)O,-0.8239087409443188,0.02507961541414261,-0.6575118899345398,1.2533831596374512
1406,Q9S5E2_wild,C(C(C(C(C(C=O)O)O)O)O)OP(=O)(O)O,-0.6777807052660807,-0.6777476668357849,-0.6628262400627136,0.15449969470500946
1407,Q9S5E2_E243Q,C(C(C(C(C(C=O)O)O)O)O)OP(=O)(O)O,-0.958607314841775,-0.7095343470573425,-0.644149124622345,0.15187183022499084
1408,Q9S5E2_K141Q,C(C(C(C(C(C=O)O)O)O)O)OP(=O)(O)O,1.3010299956639813,-0.7213514447212219,-0.6385976076126099,0.1028965413570404
1409,G4T1H4_wild,C1=NC(=C2C(=N1)N(C=N2)C3C(C(C(O3)COP(=O)(O)OP(=O)(O)OP(=O)(O)O)O)O)N,-0.431798275933005,0.8495229482650757,-0.22080039978027344,1.2688037157058716
1410,G4T1H4_wild,C(C1C(C(C(C(O1)O)O)O)O)O,-0.494850021680094,1.3591543436050415,-0.013067632913589478,0.9984094500541687
1411,G4T1H4_wild,C(C1C(C(C(C(O1)O)N)O)O)O,0.04139268515822508,0.7827813029289246,-0.06638967990875244,0.8806085586547852
1412,A0A3G4RI75_wild,C(C1C(C(C(C(O1)O)O)O)O)O,-1.0969100130080565,1.1170488595962524,-0.005385935306549072,0.6258980631828308
1413,A0A3G4RI75_wild,C1=NC(=C2C(=N1)N(C=N2)C3C(C(C(O3)COP(=O)(O)OP(=O)(O)OP(=O)(O)O)O)O)N,-1.1079053973095196,0.46007341146469116,-0.13784679770469666,0.9187970161437988
1414,A2TEF2_wild,CC1C2CCC3=C(C2(CCC1O)C)CCC4(C3(CCC4C(C)CCC(=C)C(C)C)C)C,-1.9465373950745448,-1.2585598230361938,-1.9996416568756104,0.9632152318954468
1415,A2TEF2_wild,CC(CCC=C(C)C)C1CCC2(C1(CCC3=C2CCC4C3(CCC(C4(C)C)O)C)C)C,-1.9193735130781944,-1.219954013824463,-2.0040879249572754,1.0211275815963745
1416,P22498_F441Y,C(C1C(C(C(C(O1)OC2C(OC(C(C2O)O)O)CO)O)O)O)O,1.4683473304121573,1.897992491722107,0.9624717831611633,1.051181674003601
1417,P22498_F359Q,C(C1C(C(C(C(O1)OC2C(OC(C(C2O)O)O)CO)O)O)O)O,1.5024271199844328,1.8952168226242065,0.9654857516288757,1.0441324710845947
1418,Q0KAI3_wild,CC(=O)CC(=O)SCCNC(=O)CCNC(=O)C(C(C)(C)COP(=O)(O)OP(=O)(O)OCC1C(C(C(O1)N2C=NC3=C(N=CN=C32)N)O)OP(=O)(O)O)O,-0.8013429130455774,0.7269228100776672,-1.2259900569915771,2.128693103790283
1419,P76461_wild,CC(=O)CC(=O)SCCNC(=O)CCNC(=O)C(C(C)(C)COP(=O)(O)OP(=O)(O)OCC1C(C(C(O1)N2C=NC3=C(N=CN=C32)N)O)OP(=O)(O)O)O,-1.75448733218585,1.6991325616836548,-1.4095468521118164,2.9404444694519043
1420,P76461_wild,CC(=O)SCCNC(=O)CCNC(=O)C(C(C)(C)COP(=O)(O)OP(=O)(O)OCC1C(C(C(O1)N2C=NC3=C(N=CN=C32)N)O)OP(=O)(O)O)O,-0.858236769724212,1.6360266208648682,-1.403473138809204,2.8004469871520996
1421,P76461_wild,CC(C)(COP(=O)(O)OP(=O)(O)OCC1C(C(C(O1)N2C=NC3=C(N=CN=C32)N)O)OP(=O)(O)O)C(C(=O)NCCC(=O)NCCS)O,-2.0969100130080562,1.4740115404129028,-1.5035912990570068,2.6702351570129395
1422,Q9WYL7_wild,OO,-1.8761483590329142,0.5942744016647339,-0.810942530632019,1.444928526878357
1423,Q9HCR9_wild,C1C2C(C(C(O2)N3C=NC4=C(N=CN=C43)N)O)OP(=O)(O1)O,-2.6989700043360187,0.3424663543701172,-2.6954195499420166,1.913079023361206
1424,Q9HCR9_wild,C1C2C(C(C(O2)N3C=NC4=C3N=C(NC4=O)N)O)OP(=O)(O1)O,-3.0222763947111524,0.13800758123397827,-2.529167413711548,1.8134326934814453
1425,Q9ZVJ5_A69M,C(C(C(C(C(C=O)O)O)O)O)OP(=O)(O)O,0.9030899869919435,0.9755629301071167,-0.4603547751903534,0.887779951095581
1426,Q9ZVJ5_K71R,C(C(COP(=O)(O)O)O)O,0.9030899869919435,0.8788654804229736,-0.28564000129699707,0.5547761917114258
1427,Q9ZVJ5_wild,C(C(C(C(C(C=O)O)O)O)O)OP(=O)(O)O,0.8512583487190691,1.0234389305114746,-0.4727745056152344,0.9220700263977051
1428,Q9ZVJ5_I68M,C(C(COP(=O)(O)O)O)O,0.8512583487190691,0.8981805443763733,-0.2475719153881073,0.5796031951904297
1429,Q9ZVJ5_A69M,C(C(COP(=O)(O)O)O)O,0.919078092376074,0.8168007731437683,-0.24962979555130005,0.519694983959198
1430,Q9ZVJ5_I68M,C(C1C(C(C(C(O1)O)O)O)O)OP(=O)(O)O,0.6989700043360189,1.2642910480499268,-0.552269697189331,1.0482417345046997
1431,Q9ZVJ5_I68M,C(C(C(C(C(C=O)O)O)O)O)OP(=O)(O)O,0.8260748027008264,1.0363972187042236,-0.4644429087638855,0.940595269203186
1432,Q9ZVJ5_A69M,C(C1C(C(C(C(O1)O)O)O)O)OP(=O)(O)O,0.8260748027008264,1.2095423936843872,-0.5370416045188904,1.0029597282409668
1433,Q9ZVJ5_wild,C(C1C(C(C(C(O1)O)O)O)O)OP(=O)(O)O,0.6901960800285136,1.2530330419540405,-0.5678445100784302,1.0264828205108643
1434,Q9ZVJ5_wild,C(C(COP(=O)(O)O)O)O,0.8633228601204559,0.8820101618766785,-0.2659311294555664,0.5586857795715332
1435,Q9ZVJ5_K71R,C(C(C(C(C(C=O)O)O)O)O)OP(=O)(O)O,0.8864907251724818,1.008765459060669,-0.48797541856765747,0.914745032787323
1436,Q9ZVJ5_K71R,C(C1C(C(C(C(O1)O)O)O)O)OP(=O)(O)O,0.7403626894942439,1.2378181219100952,-0.5826451182365417,1.0226632356643677
1437,F0QXN6_wild,CCCCCCCCCC(=O)NC1CCOC1=O,-0.6363880201078557,0.35082775354385376,-0.5856547951698303,1.227121353149414
1438,Q9US55_wild,C(C1C(C(C(C(O1)OC2C(OC(C(C2O)O)O)CO)O)O)O)O,1.255272505103306,1.0527666807174683,0.7742927074432373,0.5193917155265808
1439,Q9US55_wild,C(C1C(C(C(C(O1)OC2C(OC(C(C2O)O)OC3C(OC(C(C3O)O)OC4C(OC(C(C4O)O)OC5C(OC(C(C5O)O)OC6C(OC(C(C6O)O)O)CO)CO)CO)CO)CO)O)O)O)O,1.1846914308175989,1.141626238822937,0.5035480856895447,0.6707296371459961
1440,Q9US55_wild,C(C1C(C(C(C(O1)O)O)OC2C(C(C(C(O2)CO)O)O)O)O)O,0.3283796034387377,0.9105154871940613,0.7294979691505432,0.4162102937698364
1441,A8QYL0_wild,COC1C(C(C(C(O1)CO)O)O)O,1.99563519459755,1.3836838006973267,1.1999731063842773,0.6484746932983398
1442,A5LHX0_wild,CC(=O)NC1C(CC(OC1C(C(CO)O)O)(C(=O)[O-])OP(=O)([O-])OCC2C(C(C(O2)N3C=CC(=NC3=O)N)O)O)O,-1.3010299956639813,1.4314748048782349,-0.25847411155700684,1.647562026977539
1443,K4BE78_wild,CC(=CCCC(=CCCC(=CCCC(=CCOP(=O)(O)OP(=O)(O)O)C)C)C)C,-1.728158393463501,-1.284091591835022,-2.2865090370178223,1.149065375328064
1444,A0A088DC07_wild,CC(=CCCC(=CCCC(=CCCC(=CCOP(=O)(O)OP(=O)(O)O)C)C)C)C,-1.5016894462103996,-0.9182199835777283,-2.2715635299682617,1.308700680732727
1445,K4BE78_wild,CC(=CCCC(=CCCC(=CCOP(=O)(O)OP(=O)(O)O)C)C)C,-1.1958605676646494,-1.3569644689559937,-2.309368371963501,0.9685407876968384
1446,A0A0H4U599_wild,CC(=CCCC(=CCCC(=CCCC(=CCOP(=O)(O)OP(=O)(O)O)C)C)C)C,-1.3625102704874892,-0.8225600719451904,-2.503690004348755,1.1893236637115479
1447,A0A090IMH4_wild,C=C(C(=O)O)OP(=O)(O)O,-0.09691001300805639,0.09104354679584503,-0.7433000206947327,1.098650574684143
1448,A0A090IMH4_wild,CC(=O)NC1C(C(C(OC1O)CO)O)O,1.255272505103306,0.017054840922355652,0.6270936131477356,0.07034879922866821
1449,A0A0K2F2K4_E186K,C1C=CN(C=C1C(=O)N)C2C(C(C(O2)COP(=O)(O)OP(=O)(O)OCC3C(C(C(O3)N4C=NC5=C(N=CN=C54)N)OP(=O)(O)O)O)O)O,-0.6161846340195687,-0.38702845573425293,-1.4885199069976807,1.186753273010254
1450,A0A2P2GY60_wild,C1C=CN(C=C1C(=O)N)C2C(C(C(O2)COP(=O)(O)OP(=O)(O)OCC3C(C(C(O3)N4C=NC5=C(N=CN=C54)N)OP(=O)(O)O)O)O)O,-2.0,-0.49040257930755615,-1.7670009136199951,1.2032088041305542
1451,A0A2P2GY60_wild,CC(=CCCC(=CCCC(=CCOP(=O)(O)OP(=O)(O)O)C)C)C,-1.214670164989233,-1.3699971437454224,-2.2542829513549805,0.8349556922912598
1452,A0A228BX09_wild,CC1=CC(=O)OC2=C1C=CC(=C2)OC3C(C(C(C(O3)CO)O)O)O,-1.4685210829577449,1.0728247165679932,-0.7034431099891663,0.9151224493980408
1453,A0A228BX09_wild,C1=CC(=CC=C1[N+](=O)[O-])OC2C(C(C(C(O2)CO)O)O)O,-0.08777794346758448,1.0340882539749146,-0.34685051441192627,1.0520581007003784
1454,Q9HZ64_wild,CSCC1C(C(C(O1)N2C=NC3=C(N=CN=C32)N)O)O,-2.8239087409443187,0.6038079857826233,-1.175478219985962,1.9334871768951416
1455,Q9HZ64_wild,C1=NC(=C2C(=N1)N(C=N2)C3C(C(C(O3)CO)O)O)N,-1.337242168318426,1.016845941543579,-0.9291828274726868,1.7706092596054077
1456,Q15126_R73M,CC(CCOP(=O)([O-])[O-])(CC(=O)[O-])O,-1.0,-0.056564345955848694,-0.7703325152397156,0.41725653409957886
1457,Q15126_R18Q,C1=NC(=C2C(=N1)N(C=N2)C3C(C(C(O3)COP(=O)(O)OP(=O)(O)O)O)O)N,-1.1870866433571445,-0.14886464178562164,-0.7958164215087891,0.6767135858535767
1458,Q15126_K69M,CC(CCOP(=O)([O-])[O-])(CC(=O)[O-])O,-0.958607314841775,-0.07569940388202667,-0.7864813208580017,0.4052485227584839
1459,Q15126_K19M,CC(CCOP(=O)([O-])[O-])(CC(=O)[O-])O,-0.6382721639824072,-0.025688692927360535,-0.7523528337478638,0.425968199968338
1460,Q15126_wild,CC(CCOP(=O)([O-])[O-])(CC(=O)[O-])O,-1.4685210829577449,-0.008326902985572815,-0.7979696989059448,0.4496629238128662
1461,Q15126_R130M,CC(CCOP(=O)([O-])[O-])(CC(=O)[O-])O,-0.9913998282380825,-0.07846371829509735,-0.8013684153556824,0.4075047969818115
1462,Q15126_R93M,CC(CCOP(=O)([O-])[O-])(CC(=O)[O-])O,-1.3187587626244128,-0.0325913280248642,-0.798012912273407,0.4174821376800537
1463,Q15126_R138M,CC(CCOP(=O)([O-])[O-])(CC(=O)[O-])O,-1.3279021420642825,-0.1597612053155899,-0.7271972298622131,0.3389788568019867
1464,Q15126_K17M,C1=NC(=C2C(=N1)N(C=N2)C3C(C(C(O3)COP(=O)(O)OP(=O)(O)O)O)O)N,-0.5436339668711089,-0.12592080235481262,-0.8271952271461487,0.6949868202209473
1465,Q15126_K19M,C1=NC(=C2C(=N1)N(C=N2)C3C(C(C(O3)COP(=O)(O)OP(=O)(O)O)O)O)N,-0.8827287043442358,-0.1283891797065735,-0.7982932925224304,0.6698802709579468
1466,Q15126_K48M,CC(CCOP(=O)([O-])[O-])(CC(=O)[O-])O,-0.8827287043442358,-0.043753817677497864,-0.7582592964172363,0.4153119921684265
1467,Q15126_R141M,CC(CCOP(=O)([O-])[O-])(CC(=O)[O-])O,-0.6478174818886375,-0.12682147324085236,-0.7691150307655334,0.3783012330532074
1468,Q15126_D23N,CC(CCOP(=O)([O-])[O-])(CC(=O)[O-])O,-0.9355420107730815,-0.06370462477207184,-0.8224854469299316,0.42240670323371887
1469,Q15126_K17M,CC(CCOP(=O)([O-])[O-])(CC(=O)[O-])O,-0.7544873321858502,-0.03285382688045502,-0.7961024641990662,0.4467856287956238
1470,Q15126_R18Q,C1=NC(=C2C(=N1)N(C=N2)C3C(C(C(O3)COP(=O)(O)OP(=O)(O)OP(=O)(O)O)O)O)N,-0.27083521030722996,-0.06685326993465424,-0.6359996199607849,0.53659987449646
1471,Q15126_D23N,C1=NC(=C2C(=N1)N(C=N2)C3C(C(C(O3)COP(=O)(O)OP(=O)(O)O)O)O)N,-1.1023729087095586,-0.13356830179691315,-0.8303698301315308,0.6909113526344299
1472,Q15126_R84M,CC(CCOP(=O)([O-])[O-])(CC(=O)[O-])O,0.23299611039215384,-0.18178187310695648,-0.6937124133110046,0.33477574586868286
1473,Q15126_R18Q,CC(CCOP(=O)([O-])[O-])(CC(=O)[O-])O,-0.9100948885606021,-0.06107373535633087,-0.7703596949577332,0.4196140170097351
1474,Q15126_R111M,CC(CCOP(=O)([O-])[O-])(CC(=O)[O-])O,0.3096301674258988,-0.026209756731987,-0.8028435707092285,0.4339403212070465
1475,Q15126_K17M,C1=NC(=C2C(=N1)N(C=N2)C3C(C(C(O3)COP(=O)(O)OP(=O)(O)OP(=O)(O)O)O)O)N,-0.2549252084179426,-0.04872824251651764,-0.6634190678596497,0.5558757781982422
1476,Q15126_K19M,C1=NC(=C2C(=N1)N(C=N2)C3C(C(C(O3)COP(=O)(O)OP(=O)(O)OP(=O)(O)O)O)O)N,0.11793383503964149,-0.04644611477851868,-0.6312949657440186,0.5293951034545898
1477,Q15126_D23N,C1=NC(=C2C(=N1)N(C=N2)C3C(C(C(O3)COP(=O)(O)OP(=O)(O)OP(=O)(O)O)O)O)N,-0.08884239126002343,-0.058585166931152344,-0.6777757406234741,0.5481801629066467
1478,Q15126_K48M,C1=NC(=C2C(=N1)N(C=N2)C3C(C(C(O3)COP(=O)(O)OP(=O)(O)O)O)O)N,-1.2218487496163564,-0.15160036087036133,-0.7891862988471985,0.6621447801589966
1479,Q15126_R73M,C1=NC(=C2C(=N1)N(C=N2)C3C(C(C(O3)COP(=O)(O)OP(=O)(O)OP(=O)(O)O)O)O)N,-1.0268721464003014,-0.08932249248027802,-0.6314058899879456,0.5274189710617065
1480,Q15126_R84M,C1=NC(=C2C(=N1)N(C=N2)C3C(C(C(O3)COP(=O)(O)OP(=O)(O)O)O)O)N,-0.6234230429436706,-0.3255378007888794,-0.7342247366905212,0.5461982488632202
1481,Q15126_K48M,C1=NC(=C2C(=N1)N(C=N2)C3C(C(C(O3)COP(=O)(O)OP(=O)(O)OP(=O)(O)O)O)O)N,-0.6270879970298935,-0.07645295560359955,-0.6228756308555603,0.5189222097396851
1482,Q15126_R93M,C1=NC(=C2C(=N1)N(C=N2)C3C(C(C(O3)COP(=O)(O)OP(=O)(O)O)O)O)N,-1.0409586076789064,-0.12879113852977753,-0.8059237599372864,0.6653143167495728
1483,Q15126_R93M,C1=NC(=C2C(=N1)N(C=N2)C3C(C(C(O3)COP(=O)(O)OP(=O)(O)OP(=O)(O)O)O)O)N,-0.9956786262173574,-0.05452956259250641,-0.6421309113502502,0.5232163071632385
1484,Q15126_wild,C1=NC(=C2C(=N1)N(C=N2)C3C(C(C(O3)COP(=O)(O)OP(=O)(O)O)O)O)N,-1.3279021420642825,-0.07099470496177673,-0.8246592879295349,0.7149635553359985
1485,Q15126_R111M,C1=NC(=C2C(=N1)N(C=N2)C3C(C(C(O3)COP(=O)(O)OP(=O)(O)O)O)O)N,-1.031517051446065,-0.13652369379997253,-0.8277936577796936,0.6862297058105469
1486,Q15126_R73M,C1=NC(=C2C(=N1)N(C=N2)C3C(C(C(O3)COP(=O)(O)OP(=O)(O)O)O)O)N,-0.9281179926938746,-0.16642500460147858,-0.7950524091720581,0.6677724123001099
1487,Q15126_R138M,C1=NC(=C2C(=N1)N(C=N2)C3C(C(C(O3)COP(=O)(O)OP(=O)(O)O)O)O)N,-0.34582345812203946,-0.30121999979019165,-0.7617930769920349,0.5584906339645386
1488,Q15126_R141M,C1=NC(=C2C(=N1)N(C=N2)C3C(C(C(O3)COP(=O)(O)OP(=O)(O)OP(=O)(O)O)O)O)N,0.7160033436347992,-0.15089470148086548,-0.6302542090415955,0.46497201919555664
1489,Q15126_K69M,C1=NC(=C2C(=N1)N(C=N2)C3C(C(C(O3)COP(=O)(O)OP(=O)(O)O)O)O)N,-0.9746941347352298,-0.17600037157535553,-0.8142690062522888,0.6529827117919922
1490,Q15126_K69M,C1=NC(=C2C(=N1)N(C=N2)C3C(C(C(O3)COP(=O)(O)OP(=O)(O)OP(=O)(O)O)O)O)N,-0.5718652059712112,-0.10332559049129486,-0.6557219624519348,0.511518657207489
1491,Q15126_wild,C1=NC(=C2C(=N1)N(C=N2)C3C(C(C(O3)COP(=O)(O)OP(=O)(O)OP(=O)(O)O)O)O)N,-0.9706162223147904,0.004289999604225159,-0.6687800288200378,0.5730091333389282
1492,Q15126_R111M,C1=NC(=C2C(=N1)N(C=N2)C3C(C(C(O3)COP(=O)(O)OP(=O)(O)OP(=O)(O)O)O)O)N,-0.10127481841050655,-0.04742388427257538,-0.6524495482444763,0.5400584936141968
1493,Q15126_R130M,C1=NC(=C2C(=N1)N(C=N2)C3C(C(C(O3)COP(=O)(O)OP(=O)(O)OP(=O)(O)O)O)O)N,-0.640164517660112,-0.09527742862701416,-0.6442990899085999,0.5014543533325195
1494,Q15126_R84M,C1=NC(=C2C(=N1)N(C=N2)C3C(C(C(O3)COP(=O)(O)OP(=O)(O)OP(=O)(O)O)O)O)N,-0.518557371497695,-0.2373681515455246,-0.5652248859405518,0.3928956091403961
1495,Q15126_R130M,C1=NC(=C2C(=N1)N(C=N2)C3C(C(C(O3)COP(=O)(O)OP(=O)(O)O)O)O)N,-0.7851561519523022,-0.17981435358524323,-0.8047406077384949,0.6468982696533203
1496,Q15126_R141M,C1=NC(=C2C(=N1)N(C=N2)C3C(C(C(O3)COP(=O)(O)OP(=O)(O)O)O)O)N,0.7497363155690611,-0.23950718343257904,-0.8040762543678284,0.6099382638931274
1497,Q15126_R138M,C1=NC(=C2C(=N1)N(C=N2)C3C(C(C(O3)COP(=O)(O)OP(=O)(O)OP(=O)(O)O)O)O)N,-0.28567024025476695,-0.21791864931583405,-0.5903568267822266,0.4121232032775879
1498,A0A2K9VPX3_wild,C1=CC(=C[N+](=C1)C2C(C(C(O2)COP(=O)([O-])OP(=O)(O)OCC3C(C(C(O3)N4C=NC5=C(N=CN=C54)N)O)O)O)O)C(=O)N,-1.3010299956639813,1.0564296245574951,-0.6866869330406189,1.7639045715332031
1499,A0A2K9VPX3_wild,C1C=CN(C=C1C(=O)N)C2C(C(C(O2)COP(=O)(O)OP(=O)(O)OCC3C(C(C(O3)N4C=NC5=C(N=CN=C54)N)O)O)O)O,-0.6777807052660807,1.0766793489456177,-1.092193841934204,2.1063356399536133
1500,A0A2K9VPX3_wild,C(C(C(C(CO)O)O)O)O,0.5797835966168101,0.7462707161903381,1.461012363433838,0.39344272017478943
1501,A0A2K9VPX3_wild,C(C(C(C(=O)CO)O)O)O,1.44870631990508,1.2516804933547974,0.592587947845459,1.1707956790924072
1502,Q8LLW7_wild,OO,-1.5686362358410126,3.0937342643737793,0.15001124143600464,3.0482466220855713
1503,Q8LLW7_H480A,OO,-0.6989700043360187,2.944253921508789,0.17489486932754517,2.942115068435669
1504,Q8LLW7_wild,[Br-],-2.886056647693163,2.1486666202545166,0.14816518127918243,3.2810418605804443
1505,Q8LLW7_wild,[I-],0.25527250510330607,1.7814944982528687,0.07593277096748352,2.743131637573242
1506,Q8LLW7_H480A,[I-],1.5185139398778875,1.6106044054031372,0.12127900123596191,2.629850387573242
1507,L7YCT6_R379H,[I-],-1.0,1.8060580492019653,0.19245398044586182,2.775437355041504
1508,L7YCT6_R379F,[Br-],-0.3098039199714864,2.3324227333068848,0.29308339953422546,3.303919792175293
1509,L7YCT6_R379F,[I-],-0.6575773191777937,1.780991554260254,0.18636706471443176,2.758960247039795
1510,L7YCT6_wild,[I-],-1.0969100130080565,1.7304214239120483,0.19551721215248108,2.7233948707580566
1511,L7YCT6_R379F,OO,-0.25181197299379965,3.218822479248047,0.2912929058074951,3.087218999862671
1512,L7YCT6_wild,OO,-0.14874165128092473,3.1734695434570312,0.3043641746044159,3.0541911125183105
1513,L7YCT6_R379H,OO,-0.1366771398795441,3.2444701194763184,0.30607882142066956,3.1035513877868652
1514,L7YCT6_R379H,[Br-],0.9201233262907239,2.349210739135742,0.296066552400589,3.3138256072998047
1515,L7YCT6_wild,[Br-],0.6711728427150833,2.2787296772003174,0.29853326082229614,3.2625679969787598
1516,P22185_wild,O=O,-1.744727494896694,0.3178935647010803,-0.7962611317634583,0.9636934995651245
1517,P22185_T179A,O=O,-2.337242168318426,0.3036326766014099,-0.794267475605011,0.9539836049079895
1518,P22185_Y299F,O=O,-1.769551078621726,0.3131561875343323,-0.7908181548118591,0.9639967679977417
1519,P22185_Y253F,O=O,-1.6882461389442458,0.31764715909957886,-0.7920630574226379,0.9691617488861084
1520,P22185_C172A,O=O,-2.036212172654445,0.29560333490371704,-0.8059619069099426,0.9402403235435486
1521,Q540D7_wild,C(=CC=O)C=CC=O,-1.8239087409443187,0.2043100744485855,-1.4703609943389893,1.879653811454773
1522,P95896_wild,C1=CC(=CN=C1)C(=O)N,0.17609125905568124,0.7472071647644043,-0.8794175982475281,1.4575068950653076
1523,P95896_wild,C=CC(=O)N,0.47712125471966244,1.5652003288269043,0.2770625948905945,1.30269193649292
1524,Q7DKE4_wild,C1=CC=C(C=C1)C(=O)N,0.012837224705172217,0.4425569176673889,-1.0646369457244873,0.949510931968689
1525,Q7DKE4_wild,CC(=O)N,1.2787536009528289,0.631522536277771,0.47316259145736694,0.23480169475078583
1526,Q7DKE4_wild,C=CC(=O)N,1.3820170425748683,0.37968146800994873,0.1976669728755951,0.3209720253944397
1527,Q7DKE4_wild,CCC(=O)N,1.534026106056135,1.0273154973983765,0.5714057683944702,0.6457598209381104
1528,B4XEY3_wild,CC(C)C(=O)N,-0.7447274948969352,0.6144759058952332,0.3218011260032654,0.7559672594070435
1529,B4XEY3_wild,CCCC(=O)N,-0.7447274948969352,0.3993717432022095,-0.04309186339378357,0.7124927043914795
1530,B4XEY3_wild,C1=CC=C(C=C1)C(=O)N,-1.3979400086720375,0.43832534551620483,-1.0180412530899048,0.9491257071495056
1531,B4XEY3_wild,C=CC(=O)N,0.6803355134145632,0.41689056158065796,0.20543831586837769,0.31914418935775757
1532,B4XEY3_wild,CC(=O)N,0.7458551951737289,0.6036738157272339,0.4653105139732361,0.2640426754951477
1533,P95896_Y41C,C1=CC(=CC=C1C(=O)N)O,-1.0,0.777186393737793,-1.1275379657745361,1.6003973484039307
1534,P95896_wild,CC1=CC=CC=C1C(=O)N,-0.5228787452803376,0.47878849506378174,-0.5671253800392151,1.4562948942184448
1535,P95896_wild,C1=CC=C(C=C1)C(=O)N,-0.045757490560675115,1.5761269330978394,-0.8981459736824036,1.9313125610351562
1536,P95896_Y41C,C(C1C2C(C(C(O1)OC3C(OC(C(C3O)O)OC4C(OC(C(C4O)O)OC5C(OC(C(C5O)O)OC6C(OC(C(C6O)O)OC7C(OC(O2)C(C7O)O)CO)CO)CO)CO)CO)O)O)O,-0.5228787452803376,0.4196152091026306,-0.6238738298416138,1.000831127166748
1537,P95896_wild,C1=CC(=CC=C1C(=O)N)N,-0.5228787452803376,0.6669606566429138,-1.3652446269989014,1.6502649784088135
1538,P95896_wild,C1=CC=C(C(=C1)C(=O)N)N,-0.5228787452803376,0.7889965772628784,-1.3780734539031982,1.7174733877182007
1539,P95896_Y41C,C1=CC(=CC=C1C(=O)N)[N+](=O)[O-],-0.5228787452803376,0.866043210029602,-0.8314600586891174,1.70890212059021
1540,P95896_Y41C,C1=CC=C(C=C1)C(=O)N,-0.22184874961635637,1.5154796838760376,-0.9033778309822083,1.8725029230117798
1541,P95896_wild,CCCCC(=O)N,0.3979400086720376,1.6094776391983032,0.037779830396175385,1.5887362957000732
1542,P95896_K96R,CC(C)C(=O)N,-3.6989700043360187,1.8650258779525757,0.567866861820221,1.7051966190338135
1543,P95896_wild,CC(C)C(=O)N,0.8450980400142568,1.8856607675552368,0.5658231377601624,1.7224376201629639
1544,P95896_wild,C(C1C2C(C(C(O1)OC3C(OC(C(C3O)O)OC4C(OC(C(C4O)O)OC5C(OC(C(C5O)O)OC6C(OC(C(C6O)O)OC7C(OC(O2)C(C7O)O)CO)CO)CO)CO)CO)O)O)O,-0.6989700043360187,0.48051291704177856,-0.6228527426719666,1.0463045835494995
1545,P95896_Y41C,CC1=CC=CC=C1C(=O)N,-0.6989700043360187,0.3987817168235779,-0.588763415813446,1.4031062126159668
1546,P95896_wild,C1=CC(=CC=C1C(=O)N)[N+](=O)[O-],-0.6989700043360187,0.9394510388374329,-0.816059410572052,1.7724697589874268
1547,P95896_Y41C,C1=CC(=CN=C1)C(=O)N,-0.3979400086720376,0.6784678101539612,-0.8841039538383484,1.405632495880127
1548,P95896_wild,C1=CC=C(C(=C1)C(=O)N)O,-0.3979400086720376,1.001974105834961,-1.2977368831634521,1.7600399255752563
1549,P95896_wild,C1=CN=CC=C1C(=O)N,-0.09691001300805639,0.39369457960128784,-0.6941806674003601,1.409589171409607
1550,P95896_Y41C,CCC(=O)N,1.0,2.3146729469299316,0.7288728356361389,1.4985315799713135
1551,P95896_wild,CCCC(=O)N,1.146128035678238,1.7772209644317627,0.18004339933395386,1.5269098281860352
1552,P95896_wild,CC(=C)C(=O)N,0.07918124604762482,1.3246641159057617,0.1959717571735382,1.599960446357727
1553,P95896_Y41C,CCCCC(=O)N,0.17609125905568124,1.5598657131195068,0.0178234800696373,1.5292599201202393
1554,P95896_wild,C1=CC(=CC=C1C(=O)N)O,0.17609125905568124,0.823655903339386,-1.1175835132598877,1.6585594415664673
1555,P95896_Y41C,C1=CC=C(C=C1)CCC(=O)N,0.3979400086720376,1.1639416217803955,-0.925530731678009,1.6769728660583496
1556,P95896_wild,C1=CC=NC(=C1)C(=O)N,0.3979400086720376,0.9496803283691406,-0.8082322478294373,1.4821256399154663
1557,P95896_wild,C1=CC=C(C=C1)CCC(=O)N,0.6020599913279624,1.2198940515518188,-0.9240736961364746,1.7412223815917969
1558,P95896_wild,CC(C(=O)N)O,0.47712125471966244,1.4122947454452515,0.2506260275840759,0.9342725872993469
1559,P95896_wild,CCCCCC(=O)N,0.7634279935629373,1.7348570823669434,-0.4629308581352234,1.5460574626922607
1560,P95896_Y41C,CCCCCC(=O)N,0.6532125137753437,1.6873949766159058,-0.4795420169830322,1.483402132987976
1561,P95896_wild,C1CCC(CC1)C(=O)N,0.6989700043360189,1.3089455366134644,0.22309276461601257,1.4291573762893677
1562,P95896_wild,C1CC(NC1)C(=O)N,0.8260748027008264,1.4497617483139038,0.11345440149307251,1.3809525966644287
1563,P95896_wild,CC(=O)N,1.3424226808222062,1.7241322994232178,0.6614626049995422,1.1557561159133911
1564,P95896_Y41C,CC(=O)N,1.568201724066995,1.6764851808547974,0.6516720056533813,1.0959560871124268
1565,P95896_Y41C,CC(C)C(=O)N,0.8129133566428556,1.8156766891479492,0.5491984486579895,1.6695306301116943
1566,P95896_K96R,CCC(=O)N,-4.031517051446065,2.347566604614258,0.7455956339836121,1.5324617624282837
1567,P95896_wild,CCC(=O)N,-3.9913998282380825,2.377187728881836,0.7353401780128479,1.549875259399414
1568,P95896_K96R,C1=CC=C(C=C1)C=CC(=O)N,-3.279014255846261,1.748228907585144,-1.232419490814209,2.16794753074646
1569,P95896_wild,C1=CC=C(C=C1)C=CC(=O)N,-3.362510270487489,1.779819130897522,-1.2407488822937012,2.1937267780303955
1570,P95896_K96R,C1=CC=C(C=C1)C(=O)N,-3.140861702705469,1.5473617315292358,-0.8919939398765564,1.9129111766815186
1571,Q9UXG1_L189D/D191R,C1=NC(=C2C(=N1)N(C=N2)C3C(C(C(O3)COP(=O)(O)OP(=O)(O)OP(=O)(O)O)O)O)N,-1.8860566476931633,-1.172019362449646,-1.300347089767456,1.553370714187622
1572,Q9UXG1_L325A,C1=NC(=C2C(=N1)N(C=N2)C3C(C(C(O3)COP(=O)(O)OP(=O)(O)OP(=O)(O)O)O)O)N,-3.5686362358410126,-1.0949740409851074,-1.3164663314819336,1.6060123443603516
1573,Q9UXG1_T550G/P551G/D552G/S553G/P554G,C1=NC(=C2C(=N1)N(C=N2)C3C(C(C(O3)COP(=O)(O)OP(=O)(O)OP(=O)(O)O)O)O)N,-2.6020599913279625,-1.1185709238052368,-1.304161548614502,1.5674841403961182
1574,Q9UXG1_V324A/L325A,C1=NC(=C2C(=N1)N(C=N2)C3C(C(C(O3)COP(=O)(O)OP(=O)(O)OP(=O)(O)O)O)O)N,-3.638272163982407,-1.0946894884109497,-1.308739185333252,1.5966421365737915
1575,Q9UXG1_wild,C1=NC(=C2C(=N1)N(C=N2)C3C(C(C(O3)COP(=O)(O)OP(=O)(O)OP(=O)(O)O)O)O)N,-2.721246399047171,-1.1099977493286133,-1.3160450458526611,1.5968482494354248
1576,Q9UXG1_R329A,C1=NC(=C2C(=N1)N(C=N2)C3C(C(C(O3)COP(=O)(O)OP(=O)(O)OP(=O)(O)O)O)O)N,-3.769551078621726,-1.1304092407226562,-1.3168931007385254,1.569492220878601
1577,Q9UXG1_E202G/E203G/V204G,C1=NC(=C2C(=N1)N(C=N2)C3C(C(C(O3)COP(=O)(O)OP(=O)(O)OP(=O)(O)O)O)O)N,-2.7958800173440754,-1.2118569612503052,-1.3017103672027588,1.5486539602279663
1578,Q9UXG1_E326A,C1=NC(=C2C(=N1)N(C=N2)C3C(C(C(O3)COP(=O)(O)OP(=O)(O)OP(=O)(O)O)O)O)N,-4.221848749616356,-1.1255756616592407,-1.3167665004730225,1.597522497177124
1579,Q9UXG1_E326A/D327A/R329A,C1=NC(=C2C(=N1)N(C=N2)C3C(C(C(O3)COP(=O)(O)OP(=O)(O)OP(=O)(O)O)O)O)N,-2.3565473235138126,-1.1673232316970825,-1.3186852931976318,1.5578964948654175
1580,Q9UXG1_E326A/D327A,C1=NC(=C2C(=N1)N(C=N2)C3C(C(C(O3)COP(=O)(O)OP(=O)(O)OP(=O)(O)O)O)O)N,-4.045757490560675,-1.1398063898086548,-1.3186051845550537,1.589687705039978
1581,Q9UXG1_K323A,C1=NC(=C2C(=N1)N(C=N2)C3C(C(C(O3)COP(=O)(O)OP(=O)(O)OP(=O)(O)O)O)O)N,-3.8538719643217623,-1.124740719795227,-1.3207182884216309,1.5810651779174805
1582,Q9UXG1_D327A,C1=NC(=C2C(=N1)N(C=N2)C3C(C(C(O3)COP(=O)(O)OP(=O)(O)OP(=O)(O)O)O)O)N,-4.0,-1.1309514045715332,-1.317140817642212,1.5870511531829834
1583,Q9UXG1_V324A,C1=NC(=C2C(=N1)N(C=N2)C3C(C(C(O3)COP(=O)(O)OP(=O)(O)OP(=O)(O)O)O)O)N,-3.920818753952375,-1.1073681116104126,-1.3113899230957031,1.5928845405578613
1584,P04818_T53S/Y258F,C1C(C(OC1N2C=CC(=O)NC2=O)COP(=O)(O)O)O,-2.958607314841775,0.3414182662963867,-1.8379065990447998,1.7902261018753052
1585,P0CS13_wild,C1C2CN(CN2C3=C(N1)N=C(NC3=O)N)C4=CC=C(C=C4)C(=O)NC(CCC(=O)O)C(=O)O,-1.4179366370882913,-0.2855186462402344,-1.4227705001831055,1.417367696762085
1586,P04818_wild,C1C2CN(CN2C3=C(N1)N=C(NC3=O)N)C4=CC=C(C=C4)C(=O)NC(CCC(=O)O)C(=O)O,-2.0969100130080562,0.3444913625717163,-1.5678884983062744,1.8338549137115479
1587,P04818_Y258F,C1C(C(OC1N2C=CC(=O)NC2=O)COP(=O)(O)O)O,-3.0,0.3268301486968994,-1.830974817276001,1.7927608489990234
1588,P04818_M190E,C1C(C(OC1N2C=CC(=O)NC2=O)COP(=O)(O)O)O,-3.0177287669604316,0.014864981174468994,-1.777442455291748,1.512880563735962
1589,P04818_wild,C1C(C(OC1N2C=CC(=O)NC2=O)COP(=O)(O)O)O,-2.744727494896694,0.34814518690109253,-1.8493976593017578,1.8123435974121094
1590,P04818_T51S/K82Q/N171S,C1C(C(OC1N2C=CC(=O)NC2=O)COP(=O)(O)O)O,-3.154901959985743,0.22011564671993256,-1.8121707439422607,1.6746667623519897
1591,P04818_M190K,C1C(C(OC1N2C=CC(=O)NC2=O)COP(=O)(O)O)O,-0.7471469690201069,0.07877207547426224,-1.767611026763916,1.59006667137146
1592,P04818_A191K,C1C(C(OC1N2C=CC(=O)NC2=O)COP(=O)(O)O)O,-3.070581074285707,0.32612836360931396,-1.8228051662445068,1.7902717590332031
1593,P04818_L198P,C1C(C(OC1N2C=CC(=O)NC2=O)COP(=O)(O)O)O,-1.806041021980813,-0.007517896592617035,-1.7558093070983887,1.5302939414978027
1594,Q8QTF3_wild,C1C(C(OC1N2C=CC(=O)NC2=O)COP(=O)(O)O)O,-2.9208187539523753,-0.2407120317220688,-1.8478035926818848,1.483619213104248
1595,Q8QTF3_wild,C1C2CN(CN2C3=C(N1)N=C(NC3=O)N)C4=CC=C(C=C4)C(=O)NC(CCC(=O)O)C(=O)O,-1.8728952016351923,-0.31062227487564087,-1.292851448059082,1.3432893753051758
1596,C6GJB8_wild,C1C(C(OC1N2C=CC(=O)NC2=O)COP(=O)(O)O)O,-2.677780705266081,-0.5450795292854309,-1.8962063789367676,1.3757741451263428
1597,C6GJB8_wild,C1C2CN(CN2C3=C(N1)N=C(NC3=O)N)C4=CC=C(C=C4)C(=O)NC(CCC(=O)O)C(=O)O,-1.869666231504994,-0.41313600540161133,-1.4366569519042969,1.360943078994751
1598,Q8GI14_wild,C1C=CN(C=C1C(=O)N)C2C(C(C(O2)COP(=O)(O)OP(=O)(O)OCC3C(C(C(O3)N4C=NC5=C(N=CN=C54)N)OP(=O)(O)O)O)O)O,-0.7399286120149252,0.987284243106842,-1.7206990718841553,2.603027820587158
1599,Q8GI14_wild,C1C=CN(C=C1C(=O)N)C2C(C(C(O2)COP(=O)(O)OP(=O)(O)OCC3C(C(C(O3)N4C=NC5=C(N=CN=C54)N)O)O)O)O,-2.468521082957745,1.0475155115127563,-1.5408482551574707,2.5934982299804688
1600,A0A224AQI3_wild,C=O,2.792391689498254,2.820488452911377,0.23018726706504822,1.0212206840515137
1601,A0A6F8QRG1_wild,C=O,2.9395192526186187,2.7348990440368652,0.27827492356300354,0.8662180304527283
1602,P80524_wild,CC(=O)C(=O)[O-],-1.154901959985743,1.1805073022842407,0.007173866033554077,1.7951891422271729
1603,P80524_wild,CC(C)(COP(=O)(O)OP(=O)(O)OCC1C(C(C(O1)N2C=NC3=C(N=CN=C32)N)O)OP(=O)(O)O)C(C(=O)NCCC(=O)NCCS)O,-2.2218487496163566,1.1478111743927002,-1.237769603729248,2.408437490463257
1604,W8CR61_wild,CC(=O)C(=O)[O-],-0.6020599913279624,2.113809585571289,-0.04569348692893982,2.5792696475982666
1605,A0A097APA2_wild,CC(C)(COP(=O)(O)OP(=O)(O)OCC1C(C(C(O1)N2C=NC3=C(N=CN=C32)N)O)OP(=O)(O)O)C(C(=O)NCCC(=O)NCCS)O,-1.6020599913279623,0.992160975933075,-1.7255337238311768,2.0698952674865723
1606,A0A097APA2_wild,CC(=O)C(=O)[O-],-0.958607314841775,1.1647827625274658,-0.6216480135917664,1.374842882156372
1607,W8CR61_wild,CC(C)(COP(=O)(O)OP(=O)(O)OCC1C(C(C(O1)N2C=NC3=C(N=CN=C32)N)O)OP(=O)(O)O)C(C(=O)NCCC(=O)NCCS)O,-1.6989700043360187,2.0598080158233643,-1.0608527660369873,3.060866355895996
1608,A4URQ8_wild,C1=CN(C(=O)NC1=O)C2C(C(C(O2)COP(=O)(O)OP(=O)(O)OC3C(C(C(C(O3)CO)O)O)O)O)O,-2.0177287669604316,1.6663168668746948,-1.2920422554016113,2.129767894744873
1609,B1XCS0_wild,C1C=CN(C=C1C(=O)N)C2C(C(C(O2)COP(=O)(O)OP(=O)(O)OCC3C(C(C(O3)N4C=NC5=C(N=CN=C54)N)O)O)O)O,-2.154901959985743,0.8147382140159607,-1.0648390054702759,2.090562343597412
1610,B1XCS0_wild,C1=CC(=C[N+](=C1)C2C(C(C(O2)COP(=O)([O-])OP(=O)(O)OCC3C(C(C(O3)N4C=NC5=C(N=CN=C54)N)O)O)O)O)C(=O)N,-2.275724130399211,0.7120841145515442,-0.6241386532783508,1.8415546417236328
1611,B1XCS0_wild,C1=CC(=C[N+](=C1)C2C(C(C(O2)COP(=O)(O)[O-])O)O)C(=O)N,-1.9546770212133426,0.998418927192688,-0.1697138249874115,1.6749343872070312
1612,Q0E9Q7_S308G,C(C(C(=O)O)N)C(=O)O,0.37474834601010387,1.3557668924331665,0.7465326189994812,1.085139513015747
1613,Q0E9Q7_wild,C(C(C(=O)O)N)C(=O)O,0.8633228601204559,1.319446325302124,0.7519919872283936,1.04725980758667
1614,Q0E9Q7_wild,CNC(CC(=O)O)C(=O)O,0.9041743682841635,1.4637609720230103,0.30815717577934265,1.059804081916809
1615,Q0E9Q7_wild,C1=C(NC=N1)CC(C(=O)O)N,0.9444826721501687,0.6361754536628723,0.526136577129364,0.5416169166564941
1616,Q0E9Q7_S308G,CNC(CC(=O)O)C(=O)O,0.4265112613645752,1.5005519390106201,0.2984398603439331,1.0936288833618164
1617,Q0E9Q7_S308A,C(C(C(=O)O)N)C(=O)O,0.25042000230889394,1.3350950479507446,0.7539836764335632,1.0615915060043335
1618,Q0E9Q7_S308A,CNC(CC(=O)O)C(=O)O,0.6263403673750424,1.4779268503189087,0.3121863603591919,1.0710780620574951
1619,Q0E9Q7_wild,C1CC(NC1)C(=O)O,2.2278867046136734,1.3644598722457886,1.0601513385772705,0.5403381586074829
1620,Q0E9Q7_wild,C(CC(=O)O)C(C(=O)O)N,1.8350561017201164,1.2913330793380737,0.6329222321510315,0.7216596007347107
1621,Q0E9Q7_S308Y,C(C(C(=O)O)N)C(=O)O,0.8825245379548805,1.1946107149124146,0.7939215302467346,0.9505971670150757
1622,Q0E9Q7_S308Y,CNC(CC(=O)O)C(=O)O,0.8926510338773004,1.3588200807571411,0.35186755657196045,0.9564981460571289
1623,Q0E9Q7_wild,C(C(C(=O)O)N)C(=O)N,2.0060379549973173,1.3246492147445679,0.8769997954368591,1.0097018480300903
1624,D3ZDM7_wild,C(C(C(=O)O)N)C(=O)O,0.35410843914740087,1.1872528791427612,0.8280132412910461,1.0815575122833252
1625,P00861_wild,C(CC(C(=O)O)N)CC(C(=O)O)N,-0.013228265733799947,1.1342263221740723,-0.47900286316871643,1.123607873916626
1626,Q96C36_R251C,C1C=CN(C=C1C(=O)N)C2C(C(C(O2)COP(=O)(O)OP(=O)(O)OCC3C(C(C(O3)N4C=NC5=C(N=CN=C54)N)OP(=O)(O)O)O)O)O,-0.9208187539523751,0.49761486053466797,-1.0588369369506836,1.6853251457214355
1627,P32322_wild,C1C=CN(C=C1C(=O)N)C2C(C(C(O2)COP(=O)(O)OP(=O)(O)OCC3C(C(C(O3)N4C=NC5=C(N=CN=C54)N)O)O)O)O,-1.0555173278498313,1.0556262731552124,-0.8051710724830627,1.9481933116912842
1628,P32322_wild,C1C=CC(N1)C(=O)O,-0.8507808873449282,1.089025616645813,0.349221408367157,0.719372034072876
1629,P32322_T238A,C1C=CN(C=C1C(=O)N)C2C(C(C(O2)COP(=O)(O)OP(=O)(O)OCC3C(C(C(O3)N4C=NC5=C(N=CN=C54)N)OP(=O)(O)O)O)O)O,-0.7986028756795485,0.7640571594238281,-1.0252609252929688,2.0134389400482178
1630,P32322_wild,C1C=CN(C=C1C(=O)N)C2C(C(C(O2)COP(=O)(O)OP(=O)(O)OCC3C(C(C(O3)N4C=NC5=C(N=CN=C54)N)OP(=O)(O)O)O)O)O,-0.5482135644757098,0.8692470192909241,-1.0405995845794678,2.0974783897399902
1631,P32322_wild,C1CC(N=C1)C(=O)O,-0.17587416608345108,0.8359971642494202,-0.06449133157730103,0.7412593364715576
1632,P32322_T238A,C1CC(N=C1)C(=O)O,0.46044678388072047,0.7408145070075989,-0.041461557149887085,0.6745837926864624
1633,Q96C36_R119C,C1C=CN(C=C1C(=O)N)C2C(C(C(O2)COP(=O)(O)OP(=O)(O)OCC3C(C(C(O3)N4C=NC5=C(N=CN=C54)N)O)O)O)O,-1.5228787452803376,0.8606541156768799,-0.8918185234069824,1.7215440273284912
1634,Q96C36_wild,C1C=CN(C=C1C(=O)N)C2C(C(C(O2)COP(=O)(O)OP(=O)(O)OCC3C(C(C(O3)N4C=NC5=C(N=CN=C54)N)O)O)O)O,-0.5228787452803376,1.192559838294983,-0.9100350737571716,2.042757272720337
1635,Q96C36_wild,C1C=CN(C=C1C(=O)N)C2C(C(C(O2)COP(=O)(O)OP(=O)(O)OCC3C(C(C(O3)N4C=NC5=C(N=CN=C54)N)OP(=O)(O)O)O)O)O,-1.3979400086720375,1.017701268196106,-1.1493415832519531,2.199398994445801
1636,Q96C36_R119C,C1CC(N=C1)C(=O)O,-0.4814860601221125,0.5919966101646423,-0.12418743968009949,0.5788953304290771
1637,Q96C36_R119C,C1C=CN(C=C1C(=O)N)C2C(C(C(O2)COP(=O)(O)OP(=O)(O)OCC3C(C(C(O3)N4C=NC5=C(N=CN=C54)N)OP(=O)(O)O)O)O)O,-0.2676062401770315,0.6755480170249939,-1.1046924591064453,1.883498191833496
1638,Q96C36_R251C,C1CC(N=C1)C(=O)O,0.17609125905568124,0.4321540594100952,-0.07255932688713074,0.4287460148334503
1639,Q96C36_R251C,C1C=CN(C=C1C(=O)N)C2C(C(C(O2)COP(=O)(O)OP(=O)(O)OCC3C(C(C(O3)N4C=NC5=C(N=CN=C54)N)O)O)O)O,-0.022276394711152257,0.6869426369667053,-0.8563874363899231,1.5376169681549072
1640,Q96C36_wild,C1CC(N=C1)C(=O)O,-0.6382721639824072,0.8913807272911072,-0.16331516206264496,0.8301949501037598
1641,A6T923_wild,C12=C(NC(=O)N1)NC(=O)NC2=O,-1.3767507096020997,0.38687461614608765,-1.5626604557037354,2.076986312866211
1642,A6T923_wild,C1C=CN(C=C1C(=O)N)C2C(C(C(O2)COP(=O)(O)OP(=O)(O)OCC3C(C(C(O3)N4C=NC5=C(N=CN=C54)N)O)O)O)O,-0.3010299956639812,0.6517711281776428,-1.116389274597168,2.237222909927368
1643,A6T923_Y216F,C12=C(NC(=O)N1)NC(=O)NC2=O,-0.045757490560675115,0.3897963762283325,-1.5728075504302979,2.0877249240875244
1644,O95363_wild,C1=CC(=C(C=C1CC(C(=O)O)N)O)O,-0.22184874961635637,-0.4567909240722656,-1.028814435005188,0.4448357820510864
1645,O95363_wild,C1=CC=C(C=C1)CC(C(=O)O)N,-1.4814860601221125,0.1388184279203415,-0.8548743724822998,0.6965724229812622
1646,O95363_wild,C1=CC(=CC(=C1)O)CC(C(=O)O)N,-1.9208187539523751,-0.5838330388069153,-0.864027738571167,0.4428694546222687
1647,O95363_wild,C1=CC(=CC=C1CC(C(=O)O)N)O,0.2787536009528289,-0.5809766054153442,-0.9250714182853699,0.3653205335140228
1648,O95363_wild,C1=NC(=C2C(=N1)N(C=N2)C3C(C(C(O3)COP(=O)(O)OP(=O)(O)OP(=O)(O)O)O)O)N,0.3979400086720376,-0.20851735770702362,-1.1122472286224365,0.9445739984512329
1649,Q5CAF4_wild,CC1CCC(C(=O)C1)C(C)C,-0.826813731587726,1.5780671834945679,0.529731035232544,1.9213252067565918
1650,Q5CAF4_wild,CC1CCC(C(C1)O)C(C)C,-1.4145392704914994,1.1937439441680908,0.4042772054672241,1.4566709995269775
1651,A0A1S5R263_wild,CC1CCC(C(C1)O)C(C)C,-1.7328282715969863,1.233702540397644,0.4218052625656128,1.5297651290893555
1652,A0A1S5R238_wild,CC1CCC(C(C1)O)C(C)C,-1.747146969020107,1.0925509929656982,0.399723082780838,1.431281566619873
1653,A0A1S5R244_wild,CC1CCC(C(C1)O)C(C)C,-1.6989700043360187,1.192343831062317,0.3218163847923279,1.443554401397705
1654,A0A1S5R243_wild,CC1CCC(C(=O)C1)C(C)C,-1.6326440789739811,1.6430227756500244,0.5996721982955933,2.2265634536743164
1655,A0A1S5R243_wild,CC1CCC(C(C1)O)C(C)C,-1.8181564120552274,1.2205774784088135,0.4569910168647766,1.7600111961364746
1656,A0A1S5R240_wild,CC1CCC(C(C1)O)C(C)C,-1.563837352959244,1.2817879915237427,0.6599249839782715,1.4384739398956299
1657,Q02138_wild,C1C=CN(C=C1C(=O)N)C2C(C(C(O2)COP(=O)(O)OP(=O)(O)OCC3C(C(C(O3)N4C=NC5=C(N=CN=C54)N)OP(=O)(O)O)O)O)O,-1.8860566476931633,0.09214325994253159,-1.3640568256378174,0.7825634479522705
1658,D0WGK0_S61D/S63D/I95V,C1C=CN(C=C1C(=O)N)C2C(C(C(O2)COP(=O)(O)OP(=O)(O)OCC3C(C(C(O3)N4C=NC5=C(N=CN=C54)N)OP(=O)(O)O)O)O)O,0.0,-0.06286317110061646,-1.537071943283081,0.8020656704902649
1659,Q02138_V48L/R49P/K52L/S53D,C1C=CN(C=C1C(=O)N)C2C(C(C(O2)COP(=O)(O)OP(=O)(O)OCC3C(C(C(O3)N4C=NC5=C(N=CN=C54)N)OP(=O)(O)O)O)O)O,0.0,-0.04792182147502899,-1.2583141326904297,0.6052854061126709
1660,D0WGK0_wild,C1C=CN(C=C1C(=O)N)C2C(C(C(O2)COP(=O)(O)OP(=O)(O)OCC3C(C(C(O3)N4C=NC5=C(N=CN=C54)N)O)O)O)O,-1.3467874862246563,0.07160717248916626,-1.280409336090088,0.7018258571624756
1661,D0WGK0_S61D/S63D/I95V,C1C=CN(C=C1C(=O)N)C2C(C(C(O2)COP(=O)(O)OP(=O)(O)OCC3C(C(C(O3)N4C=NC5=C(N=CN=C54)N)O)O)O)O,-1.3279021420642825,0.008042022585868835,-1.2557244300842285,0.6091246604919434
1662,D0WGK0_S61D/S63D,C1C=CN(C=C1C(=O)N)C2C(C(C(O2)COP(=O)(O)OP(=O)(O)OCC3C(C(C(O3)N4C=NC5=C(N=CN=C54)N)OP(=O)(O)O)O)O)O,-0.05551732784983137,-0.05652797222137451,-1.5335583686828613,0.8055315613746643
1663,D0WGK0_S61D/S63D,C1C=CN(C=C1C(=O)N)C2C(C(C(O2)COP(=O)(O)OP(=O)(O)OCC3C(C(C(O3)N4C=NC5=C(N=CN=C54)N)O)O)O)O,-0.9469215565165803,0.015750214457511902,-1.25321364402771,0.6138417720794678
1664,Q02138_V48L/R49P/K52L/S53D/E59K/T182S/E320K,C1C=CN(C=C1C(=O)N)C2C(C(C(O2)COP(=O)(O)OP(=O)(O)OCC3C(C(C(O3)N4C=NC5=C(N=CN=C54)N)O)O)O)O,-1.8239087409443187,0.041190892457962036,-0.9564449191093445,0.5047800540924072
1665,Q02138_V48L/R49P/K52L/S53D/E59K/T182S/E320K,C1C=CN(C=C1C(=O)N)C2C(C(C(O2)COP(=O)(O)OP(=O)(O)OCC3C(C(C(O3)N4C=NC5=C(N=CN=C54)N)OP(=O)(O)O)O)O)O,-0.12493873660829995,-0.01315249502658844,-1.306187629699707,0.6816796660423279
1666,Q02138_V48L/R49P/K52L/S53D,C1C=CN(C=C1C(=O)N)C2C(C(C(O2)COP(=O)(O)OP(=O)(O)OCC3C(C(C(O3)N4C=NC5=C(N=CN=C54)N)O)O)O)O,-0.9665762445130504,0.0019474700093269348,-0.8996476531028748,0.42245274782180786
1667,Q02138_V48L/R49P/K52E/S53D,C1C=CN(C=C1C(=O)N)C2C(C(C(O2)COP(=O)(O)OP(=O)(O)OCC3C(C(C(O3)N4C=NC5=C(N=CN=C54)N)O)O)O)O,-0.8927900303521317,0.0017354488372802734,-0.8965179324150085,0.39717137813568115
1668,Q02138_V48L/R49P/K52E/S53D,C1C=CN(C=C1C(=O)N)C2C(C(C(O2)COP(=O)(O)OP(=O)(O)OCC3C(C(C(O3)N4C=NC5=C(N=CN=C54)N)OP(=O)(O)O)O)O)O,0.07188200730612546,-0.0455276295542717,-1.2540547847747803,0.5785475969314575
1669,Q02138_wild,C1C=CN(C=C1C(=O)N)C2C(C(C(O2)COP(=O)(O)OP(=O)(O)OCC3C(C(C(O3)N4C=NC5=C(N=CN=C54)N)O)O)O)O,-0.5451551399914898,0.14248916506767273,-0.9695870876312256,0.5951482057571411
1670,P14550_wild,C(C(C=O)O)O,-1.1549019599857433,0.42106151580810547,0.5502452254295349,0.7855135202407837
1671,P14550_wild,C1(C(C(OC(C1O)O)C(=O)O)O)O,0.469822015978163,0.6541085243225098,-0.7118856310844421,1.0534324645996094
1672,A4ISB9_wild,C1C=CN(C=C1C(=O)N)C2C(C(C(O2)COP(=O)(O)OP(=O)(O)OCC3C(C(C(O3)N4C=NC5=C(N=CN=C54)N)O)O)O)O,-0.0757207139381183,1.8227884769439697,-1.2203311920166016,2.234858989715576
1673,A4ISB9_wild,CC=O,0.3521825181113625,2.294060230255127,0.473368763923645,1.3687076568603516
1674,A4ISB9_wild,CCO,1.575187844927661,1.4241936206817627,0.47415101528167725,1.377731442451477
1675,Q9HIL6_wild,C1=CC(=CC=C1[N+](=O)[O-])OC2C(C(C(C(O2)CO)O)O)O,0.11394335230683679,1.384297490119934,-0.21738727390766144,1.1674379110336304
1676,Q9HIL6_wild,CC1C(C(C(C(O1)OC2=CC=C(C=C2)[N+](=O)[O-])O)O)O,-0.6989700043360187,2.036668062210083,-0.20964494347572327,1.464991569519043
1677,Q51723_wild,C1=CC=C(C(=C1)[N+](=O)[O-])OC2C(C(C(C(O2)CO)O)O)O,-0.5528419686577808,1.8771120309829712,-0.23871628940105438,1.769051194190979
1678,E7FHY4_wild,C(C1C(C(C(C(O1)OC2C(OC(C(C2O)O)O)CO)O)O)O)O,1.3074960379132128,1.8181453943252563,0.8410764336585999,1.1342408657073975
1679,Q9YGA8_wild,C1=CC=C(C(=C1)[N+](=O)[O-])OC2C(C(C(C(O2)CO)O)O)O,-0.42021640338318983,2.0870590209960938,-0.07917922735214233,1.7061498165130615
1680,Q9YGA8_N62Y/Q63K/L231F/V303A/E386G/A412V,C1=CC=C(C(=C1)[N+](=O)[O-])OC2C(C(C(C(O2)CO)O)O)O,0.8195439355418687,1.751145362854004,-0.04143105447292328,1.5219686031341553
1681,Q92AS9_wild,C1=CC(=CC=C1[N+](=O)[O-])OC2C(C(C(C(O2)CO)O)O)O,0.4913616938342727,1.374385952949524,-0.6170234680175781,1.6078208684921265
1682,Q92AS9_wild,C(C1C(C(C(C(O1)O)O)OC2C(C(C(C(O2)CO)O)OC3C(C(C(C(O3)CO)O)O)O)O)O)O,0.568201724066995,0.9712330102920532,-0.16854539513587952,0.9050863981246948
1683,Q92AS9_wild,C(C1C(C(C(C(O1)O)O)OC2C(C(C(C(O2)CO)O)OC3C(C(C(C(O3)CO)O)OC4C(C(C(C(O4)CO)O)O)O)O)O)O)O,0.7323937598229685,1.1366009712219238,-0.347541481256485,0.9991981983184814
1684,Q92AS9_wild,C(C1C(C(C(C(O1)O)OC2C(C(C(C(O2)CO)O)O)OC3C(C(C(C(O3)CO)O)O)O)O)O)O,1.1760912590556813,0.9545866847038269,-0.13606318831443787,0.8391189575195312
1685,Q92AS9_wild,C(C1C(C(C(C(O1)O)O)OC2C(C(C(C(O2)CO)O)OC3C(C(C(C(O3)CO)O)OC4C(C(C(C(O4)CO)O)OC5C(C(C(C(O5)CO)O)O)O)O)O)O)O)O,0.7403626894942439,1.029454231262207,-0.32762423157691956,1.027469515800476
1686,Q39054_wild,C1=NC(=C2C(=N1)N(C=N2)C3C(C(C(O3)COP(=O)(O)OP(=O)(O)OP(=O)(O)O)O)O)N,-1.207608310501746,-0.08871199190616608,-0.72184818983078,0.880688488483429
1687,Q1MLL4_wild,C(C(C(C(C(CO)O)O)O)O)O,0.9444826721501687,0.3170866370201111,1.3182339668273926,0.05647975206375122
1688,Q88M11_wild,CC(C(=O)[O-])OC1C(C(OC(C1O)COP(=O)([O-])[O-])O)NC(=O)C,-0.5086383061657274,0.4863479733467102,-0.7427189946174622,1.0865392684936523
1689,A2TBB4_wild,C1(C(C(C(C(C1OP(=O)(O)O)OP(=O)(O)O)OP(=O)(O)O)OP(=O)(O)O)OP(=O)(O)O)OP(=O)(O)O,-0.2740883677049518,2.4177117347717285,-0.8437370657920837,2.2317447662353516
1690,P49753_wild,CCCCCCCCCCCC(=O)SCCNC(=O)CCNC(=O)C(C(C)(C)COP(=O)(O)OP(=O)(O)OCC1C(C(C(O1)N2C=NC3=C(N=CN=C32)N)O)OP(=O)(O)O)O,-2.050609993355087,1.4022190570831299,-1.2908117771148682,1.6366381645202637
1691,P49753_wild,CCCCCCC=CCCCCCCCC(=O)SCCNC(=O)CCNC(=O)C(C(C)(C)COP(=O)(O)OP(=O)(O)OCC1C(C(C(O1)N2C=NC3=C(N=CN=C32)N)O)OP(=O)(O)O)O,-2.3467874862246565,1.3898247480392456,-1.3402273654937744,1.7297797203063965
1692,P49753_wild,CCCCCCCCCCCCCC(=O)SCCNC(=O)CCNC(=O)C(C(C)(C)COP(=O)(O)OP(=O)(O)OCC1C(C(C(O1)N2C=NC3=C(N=CN=C32)N)O)OP(=O)(O)O)O,-2.7958800173440754,1.3719998598098755,-1.3445861339569092,1.6317481994628906
1693,P49753_wild,CCCCCCCCCCCCCCCCCCCC(=O)SCCNC(=O)CCNC(=O)C(C(C)(C)COP(=O)(O)OP(=O)(O)OCC1C(C(C(O1)N2C=NC3=C(N=CN=C32)N)O)OP(=O)(O)O)O,-2.318758762624413,1.2642194032669067,-1.3678522109985352,1.6128562688827515
1694,P49753_wild,CCCCCCCCCCCCCCCCCC(=O)SCCNC(=O)CCNC(=O)C(C(C)(C)COP(=O)(O)OP(=O)(O)OCC1C(C(C(O1)N2C=NC3=C(N=CN=C32)N)O)OP(=O)(O)O)O,-2.552841968657781,1.2690542936325073,-1.363415002822876,1.624025583267212
1695,P49753_wild,CCCCCCCCC=CCCCCCCCC(=O)SCCNC(=O)CCNC(=O)C(C(C)(C)COP(=O)(O)OP(=O)(O)OCC1C(C(C(O1)N2C=NC3=C(N=CN=C32)N)O)OP(=O)(O)O)O,-2.214670164989233,1.4113095998764038,-1.4070587158203125,1.7201651334762573
1696,P49753_wild,CCCCCCCCCC(=O)SCCNC(=O)CCNC(=O)C(C(C)(C)COP(=O)(O)OP(=O)(O)OCC1C(C(C(O1)N2C=NC3=C(N=CN=C32)N)O)OP(=O)(O)O)O,-1.3946949538588906,1.3882759809494019,-1.226694107055664,1.6220109462738037
1697,Q86TX2_wild,CCCCCCCCCCCCCCCCCCCC(=O)SCCNC(=O)CCNC(=O)C(C(C)(C)COP(=O)(O)OP(=O)(O)OCC1C(C(C(O1)N2C=NC3=C(N=CN=C32)N)O)OP(=O)(O)O)O,-2.6989700043360187,0.9633203148841858,-1.584916114807129,1.4550096988677979
1698,Q86TX2_wild,CCCCCCCCCCCCCCCC(=O)SCCNC(=O)CCNC(=O)C(C(C)(C)COP(=O)(O)OP(=O)(O)OCC1C(C(C(O1)N2C=NC3=C(N=CN=C32)N)O)OP(=O)(O)O)O,-2.4436974992327127,1.000750184059143,-1.551497220993042,1.4690759181976318
1699,Q86TX2_wild,CCCCCCCCCCCC(=O)SCCNC(=O)CCNC(=O)C(C(C)(C)COP(=O)(O)OP(=O)(O)OCC1C(C(C(O1)N2C=NC3=C(N=CN=C32)N)O)OP(=O)(O)O)O,-2.4436974992327127,1.0441266298294067,-1.466188669204712,1.4903521537780762
1700,Q86TX2_wild,CCCCCCC=CCCCCCCCC(=O)SCCNC(=O)CCNC(=O)C(C(C)(C)COP(=O)(O)OP(=O)(O)OCC1C(C(C(O1)N2C=NC3=C(N=CN=C32)N)O)OP(=O)(O)O)O,-2.619788758288394,1.0839626789093018,-1.5187194347381592,1.5902435779571533
1701,Q86TX2_wild,CCCCCCCCCCCCCCCCCC(=O)SCCNC(=O)CCNC(=O)C(C(C)(C)COP(=O)(O)OP(=O)(O)OCC1C(C(C(O1)N2C=NC3=C(N=CN=C32)N)O)OP(=O)(O)O)O,-2.619788758288394,0.971358060836792,-1.566368818283081,1.4647395610809326
1702,Q86TX2_wild,CCCCCCCCCCCCCC(=O)SCCNC(=O)CCNC(=O)C(C(C)(C)COP(=O)(O)OP(=O)(O)OCC1C(C(C(O1)N2C=NC3=C(N=CN=C32)N)O)OP(=O)(O)O)O,-2.552841968657781,1.0390490293502808,-1.5187594890594482,1.4799997806549072
1703,Q86TX2_wild,CCCCCCCCC=CCCCCCCCC(=O)SCCNC(=O)CCNC(=O)C(C(C)(C)COP(=O)(O)OP(=O)(O)OCC1C(C(C(O1)N2C=NC3=C(N=CN=C32)N)O)OP(=O)(O)O)O,-2.3872161432802645,1.1042383909225464,-1.6018028259277344,1.583193302154541
1704,Q86TX2_wild,CCCCCCCCCC(=O)SCCNC(=O)CCNC(=O)C(C(C)(C)COP(=O)(O)OP(=O)(O)OCC1C(C(C(O1)N2C=NC3=C(N=CN=C32)N)O)OP(=O)(O)O)O,-1.4461169733561257,1.026589274406433,-1.40983247756958,1.478973388671875
1705,Q9QYR9_wild,CCCCCCCCCCCCCCCC(=O)SCCNC(=O)CCNC(=O)C(C(C)(C)COP(=O)(O)OP(=O)(O)OCC1C(C(C(O1)N2C=NC3=C(N=CN=C32)N)O)OP(=O)(O)O)O,-2.4814860601221125,1.119654655456543,-1.5744717121124268,1.6023073196411133
1706,Q9QYR9_wild,CCCCCCCCCCCCCC(=O)SCCNC(=O)CCNC(=O)C(C(C)(C)COP(=O)(O)OP(=O)(O)OCC1C(C(C(O1)N2C=NC3=C(N=CN=C32)N)O)OP(=O)(O)O)O,-2.4814860601221125,1.1770331859588623,-1.557450532913208,1.6107161045074463
1707,Q48255_wild,C1C(C(C(=O)CC1(C(=O)[O-])O)O)O,-0.3187587626244128,0.830025315284729,-1.3016302585601807,1.6551698446273804
1708,P24670_wild,C1C(C(C(=O)CC1(C(=O)[O-])O)O)O,-1.744727494896694,1.789098858833313,-0.4438374638557434,1.8056485652923584
1709,P58687_E86Q,C1C(C(C(=O)CC1(C(=O)[O-])O)O)O,-1.5228787452803376,1.76669180393219,-0.5089988708496094,1.6024539470672607
1710,P58687_wild,C1C(C(C(=O)CC1(C(=O)[O-])O)O)O,-1.275724130399211,1.8071926832199097,-0.5198639631271362,1.6416079998016357
1711,P58687_K170M,C1C(C(C(=O)CC1(C(=O)[O-])O)O)O,-1.4814860601221125,1.330239176750183,-0.34351086616516113,1.1394009590148926
1712,P58687_E86A,C1C(C(C(=O)CC1(C(=O)[O-])O)O)O,-1.337242168318426,1.6785475015640259,-0.4481736719608307,1.5040922164916992
1713,A0A124C1Y7_wild,C1C(C(C(=O)CC1(C(=O)[O-])O)O)O,-0.849243560139691,1.125564694404602,-0.5356408357620239,1.668371558189392
1714,D1A7X0_wild,C1C(C(C(=O)CC1(C(=O)[O-])O)O)O,0.08586117378845044,0.1441146284341812,-0.49279260635375977,0.9836143851280212
1715,P05194_wild,C1C(C(C(=O)CC1(C(=O)[O-])O)O)O,-1.744727494896694,2.026261329650879,-0.6038430333137512,2.038865327835083
1716,E4RLB7_wild,C1C(C(C(=O)CC1(C(=O)[O-])O)O)O,-0.2789316982028409,0.9464755654335022,-0.6315569281578064,1.214217185974121
1717,B2A551_wild,C1C(C(C(=O)CC1(C(=O)[O-])O)O)O,-0.5164127030311059,1.168861746788025,-0.5126607418060303,1.543847680091858
1718,D4LCT8_wild,C1C(C(C(=O)CC1(C(=O)[O-])O)O)O,-0.5926090955292685,1.361609697341919,-0.5082861185073853,1.6802266836166382
1719,P36923_wild,C1C(C(C(=O)CC1(C(=O)[O-])O)O)O,-1.1870866433571443,1.5692495107650757,-0.5295307040214539,1.4981858730316162
1720,C6KT09_wild,CCCCCCCCCCC1=C(C(=O)C(=C(C1=O)OC)OC)C,-2.207608310501746,0.522392749786377,-1.3822226524353027,1.1699349880218506
1721,C6KT09_wild,C(C(C(=O)O)O)C(=O)O,0.7774268223893114,0.43751561641693115,0.12930893898010254,0.33385711908340454
1722,A0A0H3GFM5_R200K,C1=NC(=C2C(=N1)N(C=N2)C3C(C(C(O3)COP(=O)(O)OP(=O)(O)OP(=O)(O)O)O)O)N,-2.3467874862246565,-0.7366698384284973,-0.572020947933197,0.9827293753623962
1723,A0A0H3GFM5_wild,CC1=CC2=C(C=C1C)N(C=N2)C3C(C(C(O3)CO)OP(=O)([O-])OC(C)CNC(=O)CCC4(C(C5C6(C(C(C(=N6)C(=C7C(C(C(=N7)C=C8C(C(C(=N8)C(=C4[N-]5)C)CCC(=O)N)(C)C)CCC(=O)N)(C)CC(=O)N)C)CCC(=O)N)(C)CC(=O)N)C)CC(=O)N)C)O.[Co],-2.3767507096020997,-0.6949637532234192,-1.8516242504119873,1.169531226158142
1724,A0A0H3GFM5_R200K,CC1=CC2=C(C=C1C)N(C=N2)C3C(C(C(O3)CO)OP(=O)([O-])OC(C)CNC(=O)CCC4(C(C5C6(C(C(C(=N6)C(=C7C(C(C(=N7)C=C8C(C(C(=N8)C(=C4[N-]5)C)CCC(=O)N)(C)C)CCC(=O)N)(C)CC(=O)N)C)CCC(=O)N)(C)CC(=O)N)C)CC(=O)N)C)O.[Co],-2.0268721464003012,-0.7708149552345276,-1.811939001083374,1.1063350439071655
1725,A0A0H3GFM5_D110N,C1=NC(=C2C(=N1)N(C=N2)C3C(C(C(O3)COP(=O)(O)OP(=O)(O)OP(=O)(O)O)O)O)N,-2.275724130399211,-0.6997177004814148,-0.5965119004249573,1.008493185043335
1726,A0A0H3GFM5_wild,C1=NC(=C2C(=N1)N(C=N2)C3C(C(C(O3)COP(=O)(O)OP(=O)(O)OP(=O)(O)O)O)O)N,-2.3565473235138126,-0.6683640480041504,-0.5997700095176697,1.032646894454956
1727,A0A0H3GFM5_T88V,CC1=CC2=C(C=C1C)N(C=N2)C3C(C(C(O3)CO)OP(=O)([O-])OC(C)CNC(=O)CCC4(C(C5C6(C(C(C(=N6)C(=C7C(C(C(=N7)C=C8C(C(C(=N8)C(=C4[N-]5)C)CCC(=O)N)(C)C)CCC(=O)N)(C)CC(=O)N)C)CCC(=O)N)(C)CC(=O)N)C)CC(=O)N)C)O.[Co],-1.978810700930062,-0.7752518653869629,-1.8549888134002686,1.1166843175888062
1728,A0A0H3GFM5_D110N,CC1=CC2=C(C=C1C)N(C=N2)C3C(C(C(O3)CO)OP(=O)([O-])OC(C)CNC(=O)CCC4(C(C5C6(C(C(C(=N6)C(=C7C(C(C(=N7)C=C8C(C(C(=N8)C(=C4[N-]5)C)CCC(=O)N)(C)C)CCC(=O)N)(C)CC(=O)N)C)CCC(=O)N)(C)CC(=O)N)C)CC(=O)N)C)O.[Co],-2.036212172654445,-0.7381643056869507,-1.8591070175170898,1.143395185470581
1729,A0A0H3GFM5_E207Q,CC1=CC2=C(C=C1C)N(C=N2)C3C(C(C(O3)CO)OP(=O)([O-])OC(C)CNC(=O)CCC4(C(C5C6(C(C(C(=N6)C(=C7C(C(C(=N7)C=C8C(C(C(=N8)C(=C4[N-]5)C)CCC(=O)N)(C)C)CCC(=O)N)(C)CC(=O)N)C)CCC(=O)N)(C)CC(=O)N)C)CC(=O)N)C)O.[Co],-1.348721986001856,-0.8750094771385193,-1.7776987552642822,1.0104961395263672
1730,A0A0H3GFM5_T88V,C1=NC(=C2C(=N1)N(C=N2)C3C(C(C(O3)COP(=O)(O)OP(=O)(O)OP(=O)(O)O)O)O)N,-1.5606673061697374,-0.7329834699630737,-0.5995146632194519,0.9893053770065308
1731,A0A0H3GFM5_E207Q,C1=NC(=C2C(=N1)N(C=N2)C3C(C(C(O3)COP(=O)(O)OP(=O)(O)OP(=O)(O)O)O)O)N,-0.640164517660112,-0.8413799405097961,-0.5069131851196289,0.8850623369216919
1732,A0A0H3GFM5_K98Q,CC1=CC2=C(C=C1C)N(C=N2)C3C(C(C(O3)CO)OP(=O)([O-])OC(C)CNC(=O)CCC4(C(C5C6(C(C(C(=N6)C(=C7C(C(C(=N7)C=C8C(C(C(=N8)C(=C4[N-]5)C)CCC(=O)N)(C)C)CCC(=O)N)(C)CC(=O)N)C)CCC(=O)N)(C)CC(=O)N)C)CC(=O)N)C)O.[Co],-1.3695721249749762,-0.714630663394928,-1.8417160511016846,1.1530869007110596
1733,A0A0H3GFM5_K98Q,C1=NC(=C2C(=N1)N(C=N2)C3C(C(C(O3)COP(=O)(O)OP(=O)(O)OP(=O)(O)O)O)O)N,-1.0204516252959048,-0.6840184330940247,-0.592730700969696,1.0207712650299072
1734,Q0GYU4_wild,C1C=CN(C=C1C(=O)N)C2C(C(C(O2)COP(=O)(O)OP(=O)(O)OCC3C(C(C(O3)N4C=NC5=C(N=CN=C54)N)OP(=O)(O)O)O)O)O,-1.3010299956639813,0.7754802107810974,-1.297351360321045,1.960982322692871
1735,Q0GYU4_wild,C1=CC(=C[N+](=C1)C2C(C(C(O2)COP(=O)(O)OP(=O)(O)OCC3C(C(C(O3)N4C=NC5=C(N=CN=C54)N)OP(=O)(O)O)O)O)O)C(=O)N,-0.958607314841775,0.6927682161331177,-0.7710135579109192,1.3879824876785278
1736,Q0GYU4_wild,C(C(=O)CO)O,0.0,0.8580382466316223,0.8213061094284058,0.7022900581359863
1737,Q0GYU4_wild,C(C(CO)O)O,2.5440680443502757,1.2132253646850586,1.2215626239776611,0.315265417098999
1738,O30012_wild,C1=CC=C(C=C1)CC(=O)C(=O)O,0.11394335230683679,0.6857324242591858,-0.5676102638244629,0.9604905247688293
1739,Q6Z3Y3_wild,C1=CC=C(C=C1)CC(=O)C(=O)O,0.359835482339888,0.14761942625045776,-0.1684296429157257,0.3344340920448303
1740,A0A1I9WKA1_wild,C1=CC(C=CC1O)(CC(=O)C(=O)O)C(=O)O,-0.46852108295774486,-0.7220284342765808,-0.25240182876586914,0.04831913113594055
1741,A0A1I9WKA2_wild,C1=CC(C=CC1O)(CC(=O)C(=O)O)C(=O)O,0.43456890403419873,-0.5618379712104797,-0.3868618607521057,-0.0185086727142334
1742,A0A1I9WKA6_wild,C1=CC(C=CC1O)(CC(=O)C(=O)O)C(=O)O,-0.8239087409443188,-0.6888445019721985,-0.21231546998023987,0.05150526762008667
1743,Q9C9W5_wild,C1C=CN(C=C1C(=O)N)C2C(C(C(O2)COP(=O)(O)OP(=O)(O)OCC3C(C(C(O3)N4C=NC5=C(N=CN=C54)N)OP(=O)(O)O)O)O)O,-0.8326826652518239,0.8718021512031555,-1.3478631973266602,2.1840908527374268
1744,Q9C9W5_wild,C(=O)C(=O)[O-],1.2551759844935269,1.2019048929214478,0.006412982940673828,1.5136005878448486
1745,Q9C4M5_wild,C(C(=O)C(=O)O)O,0.11394335230683679,1.3005563020706177,-0.18009619414806366,1.5216801166534424
1746,Q9C4M5_wild,C1C=CN(C=C1C(=O)N)C2C(C(C(O2)COP(=O)(O)OP(=O)(O)OCC3C(C(C(O3)N4C=NC5=C(N=CN=C54)N)O)O)O)O,-1.1739251972991736,1.7696043252944946,-1.126554012298584,2.230632781982422
1747,Q9C4M5_wild,C(=O)C(=O)[O-],-0.1366771398795441,1.724759817123413,-0.30867278575897217,1.8991219997406006
1748,Q8ZL58_wild,C(C(C(C(=O)O)O)O)(C(C(=O)O)O)O,-0.6382721639824072,0.05234675109386444,-0.6005956530570984,1.2952980995178223
1749,Q56320_wild,C1=CC=C(C(=C1)C(=O)O)NC2C(C(C(O2)COP(=O)(O)O)O)O,-3.5528419686577806,0.7099068760871887,-1.603776216506958,2.31033992767334
1750,P29477_W457A,CC(C(C1CNC2=C(N1)C(=O)NC(=N2)N)O)O,-1.0,0.03607134521007538,-1.9331090450286865,1.6549365520477295
1751,P29477_wild,CC(C(C1CNC2=C(N1)C(=O)NC(=N2)N)O)O,-2.7958800173440754,0.12043194472789764,-1.9356358051300049,1.6973278522491455
1752,P29477_W457A,C(CC(C(=O)O)N)CN=C(N)N,-1.5606673061697374,0.4038141369819641,-0.9247650504112244,0.8442715406417847
1753,P39377_D285A,CC(C)CC(C(=O)O)NC(=O)CC(C(=O)O)N,-0.3010299956639812,-0.27065569162368774,0.10527326166629791,-0.06270241737365723
1754,P39377_Y137A,CC(C)CC(C(=O)O)NC(=O)CC(C(=O)O)N,0.23044892137827394,0.2659023404121399,-0.006591364741325378,0.17922505736351013
1755,P39377_wild,CC(C)CC(C(=O)O)NC(=O)CC(C(=O)O)N,0.00860017176191757,0.27369409799575806,-0.0049381256103515625,0.19279572367668152
1756,P39377_E77Q,CC(C)CC(C(=O)O)NC(=O)CC(C(=O)O)N,-0.09691001300805639,0.25254201889038086,-0.007719963788986206,0.18509535491466522
1757,P39377_Y137F,CC(C)CC(C(=O)O)NC(=O)CC(C(=O)O)N,0.14612803567823798,0.2551642656326294,0.0011156350374221802,0.17929059267044067
1758,P39377_R233K,CC(C)CC(C(=O)O)NC(=O)CC(C(=O)O)N,1.3010299956639813,0.279899924993515,0.00040405988693237305,0.20208248496055603
1759,P39377_wild,C1=CC=C(C=C1)CC(C(=O)O)NC(=O)CC(C(=O)O)N,-0.6382721639824072,0.8396202921867371,0.1417389214038849,0.5555899739265442
1760,P39377_wild,C1=C(NC=N1)CC(C(=O)O)NC(=O)CC(C(=O)O)N,0.568201724066995,0.6101464629173279,0.28395333886146545,0.6697295904159546
1761,P39377_S289A,CC(C)CC(C(=O)O)NC(=O)CC(C(=O)O)N,0.43136376415898736,0.2818416953086853,-0.0028571784496307373,0.197441965341568
1762,P39377_wild,CC(C)CC(C(=O)O)NC(=O)C(CC(=O)O)N,0.6989700043360189,0.3218352794647217,0.2712647020816803,0.1915908306837082
1763,P39377_R169K,CC(C)CC(C(=O)O)NC(=O)CC(C(=O)O)N,1.5314789170422551,0.29049283266067505,0.0022504031658172607,0.2039625197649002
1764,P39377_D285N,CC(C)CC(C(=O)O)NC(=O)CC(C(=O)O)N,-0.00877392430750515,-0.1899048238992691,0.07761451601982117,-0.01282888650894165
1765,P39377_wild,C(C(C(=O)O)N)C(=O)NCC(=O)O,1.255272505103306,0.8707517981529236,0.7813450694084167,0.44141313433647156
1766,P39377_E77D,CC(C)CC(C(=O)O)NC(=O)CC(C(=O)O)N,0.8388490907372553,0.28716427087783813,-0.00818026065826416,0.1982782781124115
1767,Q484B6_wild,C1=CC=C(C=C1)CC(C(=O)O)NC(=O)CC(C(=O)O)N,-0.3098039199714864,1.086311936378479,0.0859941840171814,0.8805115222930908
1768,Q484B6_wild,C1=C(NC=N1)CC(C(=O)O)NC(=O)CC(C(=O)O)N,0.724275869600789,0.9471787214279175,0.3104109466075897,0.9676278829574585
1769,Q484B6_wild,CC(C)CC(C(=O)O)NC(=O)CC(C(=O)O)N,-0.14874165128092473,0.5864067673683167,-0.021070465445518494,0.5142666697502136
1770,Q484B6_wild,C(C(C(=O)O)N)C(=O)NCC(=O)O,0.6720978579357175,1.0711506605148315,0.6477749943733215,0.6175940036773682
1771,Q484B6_wild,CC(C(=O)O)NC(=O)CCN,-0.03151705144606486,0.6308720707893372,0.4165644347667694,0.45240989327430725
1772,Q484B6_wild,CC(C)CC(C(=O)O)NC(=O)C(CC(=O)O)N,0.8388490907372553,0.5994628071784973,0.2531554102897644,0.5160572528839111
1773,Q9NRF8_wild,C(CC(=O)N)C(C(=O)O)N,-1.0,0.6624777913093567,0.20206332206726074,0.5387702584266663
1774,Q9NRF8_wild,C1=CN(C(=O)NC1=O)C2C(C(C(O2)COP(=O)(O)OP(=O)(O)OP(=O)(O)O)O)O,-0.721246399047171,0.360842227935791,-0.5987533926963806,1.272247314453125
1775,Q9NRF8_S571A,C1=CN(C(=O)NC1=O)C2C(C(C(O2)COP(=O)(O)OP(=O)(O)OP(=O)(O)O)O)O,-0.09691001300805639,0.37500709295272827,-0.604720950126648,1.2852391004562378
1776,Q9NRF8_S568A,C1=CN(C(=O)NC1=O)C2C(C(C(O2)COP(=O)(O)OP(=O)(O)OP(=O)(O)O)O)O,-0.3767507096020995,0.37840819358825684,-0.6062849164009094,1.2793726921081543
1777,Q9NRF8_S568A,C(CC(=O)N)C(C(=O)O)N,-1.1426675035687315,0.6761962175369263,0.17755840718746185,0.5557140111923218
1778,P0A7E5_L109A,N,0.3364597338485295,1.1450103521347046,1.4459514617919922,0.5249165296554565
1779,P0A7E5_L109A,C(CC(=O)N)C(C(=O)O)N,-0.30364361126666783,0.3676060438156128,0.41676464676856995,0.417651891708374
1780,P0A7E5_wild,C(CC(=O)N)C(C(=O)O)N,-0.6861327796308466,0.3784307837486267,0.395258367061615,0.4343128800392151
1781,P0A7E5_wild,NO,1.91803033678488,1.0122759342193604,1.4350528717041016,0.1491650938987732
1782,P0A7E5_L109A,NO,1.8767949762007001,1.0108020305633545,1.4652786254882812,0.13821399211883545
1783,P0A7E5_wild,N,0.33243845991560533,1.1483972072601318,1.424220323562622,0.5374531149864197
1784,P0A7E5_K297A,N,0.18752072083646304,0.9854063987731934,1.503108263015747,0.33404967188835144
1785,P0A7E5_K306A,N,-0.20273245916928356,1.151965856552124,1.4322295188903809,0.5342386960983276
1786,P0A7E5_K306A,C(CC(=O)N)C(C(=O)O)N,-0.707743928643524,0.3963666558265686,0.40343552827835083,0.4306221604347229
1787,Q9ZBB0_wild,O=O,-0.5850266520291821,1.3385642766952515,-1.0053777694702148,1.697610855102539
1788,Q9ZBB0_wild,C1=CC(=C(C=C1O)Cl)O,-2.0,0.7819311022758484,-1.121715784072876,1.7789651155471802
1789,Q9ZBB0_wild,C1=C(C=C(C(=C1Cl)O)Cl)O,-2.494850021680094,0.8040928244590759,-1.1158521175384521,1.660024642944336
1790,Q9ZBB0_wild,CC1=CC(=CC(=C1O)C)O,-1.2596373105057561,0.25815558433532715,-0.8250328898429871,1.292831301689148
1791,Q9ZBB0_wild,C1=C(C=C(C(=C1Br)O)Br)O,-2.886056647693163,0.5758867263793945,-1.0992138385772705,1.6158745288848877
1792,Q9ZBB0_wild,CC1=C(C=CC(=C1)O)O,-1.3872161432802645,0.8484763503074646,-0.9398715496063232,1.425894021987915
1793,Q9ZBB0_wild,C1=CC(=C(C=C1O)Br)O,-2.070581074285707,0.8032365441322327,-1.1807670593261719,1.648506760597229
1794,Q9ZBB0_wild,CC1=CC(=CC(=C1O)Cl)O,-2.3565473235138126,0.7213631272315979,-1.0214059352874756,1.6636018753051758
1795,Q9C9W5_wild,C(C(=O)C(=O)O)O,0.15472820744015556,0.6777454614639282,0.39868706464767456,1.1041674613952637
1796,Q12WB9_wild,C1=NC(=C2C(=N1)N(C=N2)C3C(C(C(O3)COP(=O)(O)OP(=O)(O)O)O)O)N,-0.1938200260161128,0.31461215019226074,-0.7775886654853821,1.0580130815505981
1797,D7E8P3_wild,C1=NC(=C2C(=N1)N(C=N2)C3C(C(C(O3)COP(=O)(O)OP(=O)(O)O)O)O)N,0.17609125905568124,0.5330379605293274,-0.72063809633255,1.3031295537948608
1798,Q8PZL9_wild,C1=NC(=C2C(=N1)N(C=N2)C3C(C(C(O3)COP(=O)(O)OP(=O)(O)O)O)O)N,-1.1426675035687315,0.629940390586853,-0.6554876565933228,1.2053245306015015
1799,Q9S725_wild,C1=CC(=C(C=C1C=CC(=O)O)O)O,-2.853871964321762,0.09537584334611893,-1.0586202144622803,1.1824872493743896
1800,O24146_T336A,C1=CC(=CC=C1C=CC(=O)O)O,-2.2924298239020637,0.20513536036014557,-0.9896882176399231,1.4124047756195068
1801,Q6ETN3_wild,C1=CC(=CC=C1C=CC(=O)O)O,-0.5497508916807929,-0.7478653788566589,-1.0808799266815186,0.8299462199211121
1802,O24146_K443A,C1=CC(=CC=C1C=CC(=O)O)O,-3.0457574905606752,0.3113720417022705,-1.0259063243865967,1.5137064456939697
1803,O24146_wild,C1=CC(=C(C=C1C=CC(=O)O)O)O,-3.0,0.08554831892251968,-1.0880844593048096,1.2900984287261963
1804,O24146_wild,C1=CC(=CC=C1C=CC(=O)O)O,-2.8239087409443187,0.30950623750686646,-1.0131683349609375,1.5142546892166138
1805,O24146_wild,COC1=C(C=CC(=C1)C=CC(=O)O)O,-2.537602002101044,0.29726681113243103,-1.1841456890106201,1.3126075267791748
1806,O24146_T193A,C1=CC(=CC=C1C=CC(=O)O)O,-2.537602002101044,0.23470450937747955,-1.0011385679244995,1.432539701461792
1807,O24146_Y239F,C1=CC(=CC=C1C=CC(=O)O)O,-2.161150909262745,0.2984049916267395,-1.0063576698303223,1.5040929317474365
1808,O24146_wild,COC1=CC(=CC(=C1O)OC)C=CC(=O)O,0.12057393120584989,-0.07414290308952332,-1.292710542678833,1.1255953311920166
1809,O24146_K197A,C1=CC(=CC=C1C=CC(=O)O)O,-1.8569851997459048,0.2618824243545532,-0.9742568135261536,1.4457263946533203
1810,O24146_Y239A,C1=CC(=CC=C1C=CC(=O)O)O,-0.6418747147233514,0.12713098526000977,-0.9568856358528137,1.3787715435028076
1811,O24146_H237A,C1=CC(=CC=C1C=CC(=O)O)O,-0.8434508486682187,0.12511275708675385,-0.9308305382728577,1.344576120376587
1812,O24146_M344A,C1=CC(=CC=C1C=CC(=O)O)O,-0.2834124223243076,0.30865490436553955,-0.9991942048072815,1.508567452430725
1813,O24146_R435A,C1=CC(=CC=C1C=CC(=O)O)O,-0.21119550695535166,0.14528538286685944,-0.9666545987129211,1.3633099794387817
1814,Q6ETN3_wild,COC1=C(C=CC(=C1)C=CC(=O)O)O,-0.42021640338318983,-0.6344838738441467,-1.2308239936828613,0.794578492641449
1815,Q6ETN3_wild,C1=CC(=C(C=C1C=CC(=O)O)O)O,-0.5497508916807929,-0.8011943697929382,-1.1091945171356201,0.6538636684417725
1816,Q6ETN3_wild,C1=CC=C(C=C1)C=CC(=O)[O-],-1.5497508916806388,-1.0824939012527466,-1.1762924194335938,0.577386736869812
1817,B3TJI4_wild,C1=CC(=CC=C1C=CC(=O)O)O,-2.2596373105057563,-0.4310351610183716,-1.0619399547576904,0.7927848100662231
1818,B3TJI4_wild,C1=CC=C(C=C1)C=CC(=O)[O-],-1.2291479883578558,-0.6941466927528381,-1.0514047145843506,0.6181483864784241
1819,B3TJI4_wild,C1=CC(=C(C=C1C=CC(=O)O)O)O,-1.3151546383555877,-0.5147120356559753,-1.145097017288208,0.5882799625396729
1820,B7SB99_wild,C1=CC=C(C=C1)C=CC(=O)[O-],-1.3010299956639813,0.2159007340669632,-1.101402759552002,1.27787184715271
1821,B7SB99_wild,C1=CC(=CC=C1C=CC(=O)O)O,-2.3979400086720375,0.5844506621360779,-1.016465663909912,1.6049126386642456
1822,B7SB99_wild,COC1=C(C=CC(=C1)C=CC(=O)O)O,-0.728158393463501,0.6263969540596008,-1.2818238735198975,1.3233038187026978
1823,B7SB99_wild,C1=CC(=C(C=C1C=CC(=O)O)O)O,-1.6020599913279623,0.3308882713317871,-1.1803069114685059,1.3749103546142578
1824,B7SBA0_wild,C1=CC(=C(C=C1C=CC(=O)O)O)O,-1.3467874862246563,0.08270622789859772,-1.1708202362060547,1.118628978729248
1825,B7SBA0_wild,C1=CC=C(C=C1)C=CC(=O)[O-],-1.1804560644581312,-0.08252865076065063,-1.046499490737915,1.036975383758545
1826,B7SBA0_wild,C1=CC(=CC=C1C=CC(=O)O)O,-1.7958800173440752,0.30537140369415283,-0.9946202635765076,1.3555238246917725
1827,B7SBA0_wild,COC1=C(C=CC(=C1)C=CC(=O)O)O,-1.136677139879544,0.35165905952453613,-1.22359299659729,1.1258001327514648
1828,B7SBA1_wild,C1=CC(=CC=C1C=CC(=O)O)O,-1.537602002101044,0.23318015038967133,-1.0387482643127441,1.3276764154434204
1829,B7SBA1_wild,COC1=C(C=CC(=C1)C=CC(=O)O)O,-0.09691001300805639,0.24904559552669525,-1.3079099655151367,1.0957074165344238
1830,B7SBA1_wild,C1=CC=C(C=C1)C=CC(=O)[O-],-1.193820026016113,-0.16463027894496918,-1.0856001377105713,0.9519686698913574
1831,B7SBA1_wild,C1=CC(=C(C=C1C=CC(=O)O)O)O,-0.13966199342900631,-0.03660847991704941,-1.2009379863739014,1.1013829708099365
1832,B3TJI5_wild,C1=CC(=CC=C1C=CC(=O)O)O,-2.5086383061657274,-0.18185871839523315,-1.0621918439865112,1.1812093257904053
1833,B3TJI5_wild,C1=CC(=C(C=C1C=CC(=O)O)O)O,-1.431798275933005,-0.29585033655166626,-1.127039909362793,0.9662069082260132
1834,B3TJI5_wild,C1=CC=C(C=C1)C=CC(=O)[O-],-1.431798275933005,-0.5179317593574524,-1.1502816677093506,0.9373211860656738
1835,P17814_wild,C1=CC=C(C=C1)C=CC(=O)[O-],-2.0268721464003012,-1.3407865762710571,-1.3611454963684082,0.40862154960632324
1836,P17814_wild,COC1=C(C=CC(=C1)C=CC(=O)O)O,-1.1023729087095586,-0.9083364605903625,-1.4727089405059814,0.5903571844100952
1837,P17814_wild,C1=CC(=CC=C1C=CC(=O)O)O,-0.8664610916297825,-1.0985901355743408,-1.3223066329956055,0.5833002328872681
1838,P17814_wild,C1=CC(=C(C=C1C=CC(=O)O)O)O,-0.6307841425898572,-1.1609574556350708,-1.315011739730835,0.409628689289093
1839,Q42982_wild,COC1=C(C=CC(=C1)C=CC(=O)O)O,-0.7447274948969352,-0.6794465184211731,-1.3776674270629883,0.5949572920799255
1840,Q42982_wild,C1=CC(=C(C=C1C=CC(=O)O)O)O,-1.5590909179347823,-0.9555017352104187,-1.2158265113830566,0.42225927114486694
1841,Q42982_wild,C1=CC(=CC=C1C=CC(=O)O)O,-0.9871627752948278,-0.8445772528648376,-1.136512041091919,0.6145341396331787
1842,Q42982_wild,C1=CC=C(C=C1)C=CC(=O)[O-],-1.6635402661514704,-1.1454567909240723,-1.1636872291564941,0.3724965453147888
1843,Q67W82_wild,COC1=C(C=CC(=C1)C=CC(=O)O)O,-0.5100415205751654,-0.6829555630683899,-1.3816747665405273,0.7769757509231567
1844,Q67W82_wild,C1=CC(=C(C=C1C=CC(=O)O)O)O,-0.8124792791635369,-0.9230776429176331,-1.2483909130096436,0.6193419694900513
1845,Q67W82_wild,C1=CC(=CC=C1C=CC(=O)O)O,-0.8446639625352419,-0.8435680866241455,-1.2076952457427979,0.8425619602203369
1846,Q67W82_wild,C1=CC=C(C=C1)C=CC(=O)[O-],-1.8041003475907662,-1.1462429761886597,-1.2777090072631836,0.5927061438560486
1847,Q6ZAC1_wild,COC1=C(C=CC(=C1)C=CC(=O)O)O,-0.4156687756324692,-0.6548852324485779,-1.3575217723846436,0.8139705061912537
1848,Q6ZAC1_wild,C1=CC(=CC=C1C=CC(=O)O)O,-0.6736641390712486,-0.7632767558097839,-1.1849308013916016,0.8498249650001526
1849,Q6ZAC1_wild,C1=CC(=C(C=C1C=CC(=O)O)O)O,-0.5816987086802545,-0.9262188076972961,-1.2185256481170654,0.6576459407806396
1850,Q6ZAC1_wild,COC1=CC(=CC(=C1O)OC)C=CC(=O)O,-1.2298847052128983,-0.808430016040802,-1.505711555480957,0.7146198749542236
1851,Q6ZAC1_wild,C1=CC=C(C=C1)C=CC(=O)[O-],-1.26440110030182,-1.0823228359222412,-1.2497031688690186,0.5990597009658813
1852,T1NXG6_wild,C1=CC(=CC=C1C=CC(=O)O)O,-2.779891911959945,-0.14890961349010468,-1.1346075534820557,1.0891258716583252
1853,T1NXG6_wild,COC1=C(C=CC(=C1)C=CC(=O)O)O,-2.5199930570428495,-0.06250490248203278,-1.2592759132385254,1.0027239322662354
1854,T1NXG6_wild,C1=CC(=C(C=C1C=CC(=O)O)O)O,-2.306273051076353,-0.24737276136875153,-1.2334215641021729,0.9210249185562134
1855,T1NXG6_wild,C1=CC=C(C=C1)C=CC(=O)O,-1.5890541413122254,-0.1494840830564499,-1.204634189605713,0.7409316897392273
1856,U3MNX0_wild,C1=CC(=CC=C1C=CC(=O)O)O,-2.4559319556497243,0.21386407315731049,-1.1321711540222168,1.4286457300186157
1857,U3MNX0_wild,C1=CC=C(C=C1)C=CC(=O)O,-0.1778319206319825,0.1820177435874939,-1.2807741165161133,1.0932562351226807
1858,U3MJP5_wild,C1=CC(=CC=C1C=CC(=O)O)O,-2.0409586076789066,0.21942101418972015,-1.1056978702545166,1.4275977611541748
1859,U3MJP5_wild,C1=CC=C(C=C1)C=CC(=O)O,-0.8507808873449282,0.15151219069957733,-1.2110095024108887,1.0393584966659546
1860,U3MJP5_wild,C1=CC(=C(C=C1C=CC(=O)O)O)O,-1.826813731587726,0.03304336220026016,-1.1628785133361816,1.1974025964736938
1861,U3MJP5_wild,COC1=C(C=CC(=C1)C=CC(=O)O)O,-1.0535477349869269,0.20265541970729828,-1.212597131729126,1.2385530471801758
1862,D5LLN7_wild,C1=CC(=C(C=C1C=CC(=O)O)O)O,-2.167491087293764,-0.09483088552951813,-1.1275875568389893,1.1272833347320557
1863,D5LLN7_wild,C1=CC=C(C=C1)C=CC(=O)[O-],-1.677780705266081,-0.3130485415458679,-1.164856195449829,1.0921761989593506
1864,D5LLN7_wild,C1=CC(=CC=C1C=CC(=O)O)O,-2.136677139879544,0.057686999440193176,-1.0780041217803955,1.3212027549743652
1865,D5LLN7_wild,COC1=C(C=CC(=C1)C=CC(=O)O)O,-2.2676062401770314,0.08471185714006424,-1.1604690551757812,1.185645580291748
1866,D5LNB5_wild,COC1=C(C=CC(=C1)C=CC(=O)O)O,-3.0457574905606752,0.2351302057504654,-1.2400763034820557,1.2261366844177246
1867,D5LNB5_wild,C1=CC(=C(C=C1C=CC(=O)O)O)O,-3.0457574905606752,0.040115922689437866,-1.0823297500610352,1.2043895721435547
1868,D5LNB5_wild,C1=CC=C(C=C1)C=CC(=O)[O-],-1.6382721639824072,-0.18676097691059113,-1.097801923751831,1.117322325706482
1869,D5LNB5_wild,C1=CC(=CC=C1C=CC(=O)O)O,-2.6020599913279625,0.2750804126262665,-1.0323307514190674,1.453201413154602
1870,D5LNB6_wild,C1=CC(=C(C=C1C=CC(=O)O)O)O,-1.9030899869919435,-0.041643157601356506,-1.074772596359253,0.9051507711410522
1871,D5LNB6_wild,COC1=C(C=CC(=C1)C=CC(=O)O)O,-1.3010299956639813,0.13381218910217285,-1.082498550415039,0.9926552772521973
1872,D5LNB6_wild,C1=CC=C(C=C1)C=CC(=O)[O-],-1.4814860601221125,-0.27985578775405884,-1.0191514492034912,0.8793798685073853
1873,Q941M3_wild,C1=CC=C(C=C1)C=CC(=O)[O-],-0.8456977803153356,-0.15803833305835724,-1.2203967571258545,1.1797754764556885
1874,Q941M3_wild,C1=CC(=CC=C1C=CC(=O)O)O,-1.245728131316541,0.2192106395959854,-1.068298578262329,1.4638278484344482
1875,Q941M3_wild,C1=CC(=C(C=C1C=CC(=O)O)O)O,-1.0748426728241014,0.017099156975746155,-1.143031358718872,1.2253875732421875
1876,Q941M3_wild,COC1=C(C=CC(=C1)C=CC(=O)O)O,-1.3749963989851366,0.20397138595581055,-1.2567965984344482,1.2529784440994263
1877,H9AZ21_wild,C1=CC=C(C=C1)C=CC(=O)[O-],-0.7066595473513041,-0.2830606698989868,-1.1605312824249268,1.0920000076293945
1878,H9AZ21_wild,C1=CC(=CC=C1C=CC(=O)O)O,-1.895854449445992,0.050296179950237274,-1.1341590881347656,1.2806613445281982
1879,H9AZ21_wild,C1=CC(=C(C=C1C=CC(=O)O)O)O,-1.2123978538176625,-0.06750987470149994,-1.214822769165039,1.1033778190612793
1880,H9AZ21_wild,COC1=C(C=CC(=C1)C=CC(=O)O)O,-1.1631697135111212,0.12781062722206116,-1.2484347820281982,1.1688743829727173
1881,H9AZ22_wild,C1=CC=C(C=C1)C=CC(=O)[O-],-1.1327682854811059,-0.24474434554576874,-1.2180957794189453,1.1583406925201416
1882,H9AZ22_wild,C1=CC(=CC=C1C=CC(=O)O)O,-1.2676866725287574,0.18710187077522278,-1.0722239017486572,1.4693803787231445
1883,H9AZ22_wild,C1=CC(=C(C=C1C=CC(=O)O)O)O,-1.5798791519142972,-0.055234573781490326,-1.1482274532318115,1.2118866443634033
1884,H9AZ22_wild,COC1=C(C=CC(=C1)C=CC(=O)O)O,-1.0829673778376065,0.15283067524433136,-1.2739710807800293,1.243208408355713
1885,H9AZ23_wild,C1=CC=C(C=C1)C=CC(=O)[O-],-0.6989265770591562,-0.0005131959915161133,-1.143425703048706,1.2484288215637207
1886,H9AZ23_wild,C1=CC(=CC=C1C=CC(=O)O)O,-1.5831931281770557,0.40222328901290894,-1.054689884185791,1.566922664642334
1887,H9AZ23_wild,C1=CC(=C(C=C1C=CC(=O)O)O)O,-1.3551676711743639,0.22613859176635742,-1.1612908840179443,1.3328375816345215
1888,H9AZ23_wild,COC1=C(C=CC(=C1)C=CC(=O)O)O,-1.5687971154434834,0.36864393949508667,-1.267679214477539,1.3282577991485596
1889,D5LNB6_wild,C1=CC(=CC=C1C=CC(=O)O)O,-2.0457574905606752,0.05887080729007721,-0.9978993535041809,1.0996686220169067
1890,P41636_wild,C1=CC(=C(C=C1C=CC(=O)O)O)O,-1.5287082889410615,-0.19060562551021576,-1.1608645915985107,0.9855824112892151
1891,P41636_wild,COC1=C(C=CC(=C1)C=CC(=O)O)O,-1.282329496997738,-0.02514650672674179,-1.2197237014770508,1.0148273706436157
1892,P41636_wild,C1=CC(=CC=C1C=CC(=O)O)O,-1.5199930570428495,0.06545203179121017,-1.0669729709625244,1.1630432605743408
1893,P41636_wild,C1=CC=C(C=C1)C=CC(=O)[O-],0.03354437609094777,-0.4359878897666931,-1.138563871383667,0.8414804935455322
1894,U5MY99_wild,C1=CC(=C(C=C1C=CC(=O)O)O)O,-1.3736596326249577,-0.08680839836597443,-1.255563735961914,1.1165556907653809
1895,U5MY99_wild,C1=CC(=CC=C1C=CC(=O)O)O,-1.959793372425289,0.07911108434200287,-1.1325037479400635,1.3279236555099487
1896,U5MY99_wild,COC1=C(C=CC(=C1)C=CC(=O)O)O,-1.0710923097560474,0.1401979923248291,-1.3407142162322998,1.1513323783874512
1897,U5MY99_wild,C1=CC=C(C=C1)C=CC(=O)[O-],-0.05183163827291727,-0.28962379693984985,-1.2652616500854492,1.0447311401367188
1898,H9AZ24_wild,C1=CC(=CC=C1C=CC(=O)O)O,-1.5654310959658013,0.3847684860229492,-1.0200245380401611,1.579988718032837
1899,H9AZ24_wild,C1=CC=C(C=C1)C=CC(=O)[O-],-0.8673881495045458,0.0012376680970191956,-1.1141703128814697,1.2682969570159912
1900,H9AZ24_wild,C1=CC(=C(C=C1C=CC(=O)O)O)O,-1.5779028368682897,0.24091161787509918,-1.1298203468322754,1.379782795906067
1901,H9AZ24_wild,COC1=C(C=CC(=C1)C=CC(=O)O)O,-1.4539511335982658,0.40173983573913574,-1.1917288303375244,1.3763694763183594
1902,Q7WZ84_wild,CC(C(=O)NC(C)C(=O)O)N,1.3010299956639813,0.613021731376648,0.13997827470302582,0.3074377477169037
1903,O67728_E106A,C(CCN)CC(C(=O)O)N,0.11394335230683679,-0.3670293092727661,-0.7861759662628174,0.0005463659763336182
1904,O67728_R174A,C(CCN)CC(C(=O)O)N,0.06069784035361165,-0.414122998714447,-0.7614402174949646,-0.00015556812286376953
1905,O67728_R205A,C(CCN)CC(C(=O)O)N,0.004321373782642578,-0.5713250041007996,-0.660346508026123,-0.12201231718063354
1906,O67728_H133A,C1=NC(=C2C(=N1)N(C=N2)C3C(C(C(O3)COP(=O)(O)OP(=O)(O)OP(=O)(O)O)O)O)N,-2.113509274827518,-0.6814846396446228,-1.7253921031951904,0.32152822613716125
1907,O67728_wild,C1=NC(=C2C(=N1)N(C=N2)C3C(C(C(O3)COP(=O)(O)OP(=O)(O)OP(=O)(O)O)O)O)N,-1.7212463990471711,-0.6200582981109619,-1.8248205184936523,0.40013378858566284
1908,O67728_Y114A,C1=NC(=C2C(=N1)N(C=N2)C3C(C(C(O3)COP(=O)(O)OP(=O)(O)OP(=O)(O)O)O)O)N,-0.8096683018297085,-0.6534199118614197,-1.771704912185669,0.4106755256652832
1909,O67728_R205A,C1=NC(=C2C(=N1)N(C=N2)C3C(C(C(O3)COP(=O)(O)OP(=O)(O)OP(=O)(O)O)O)O)N,-0.5421181032660077,-0.8732810616493225,-1.713778018951416,0.23993030190467834
1910,O67728_E140A,C(CCN)CC(C(=O)O)N,0.13672056715640674,-0.545307993888855,-0.7524850964546204,-0.1345062255859375
1911,O67728_E140A,C1=NC(=C2C(=N1)N(C=N2)C3C(C(C(O3)COP(=O)(O)OP(=O)(O)OP(=O)(O)O)O)O)N,-0.8696662315049939,-0.8676575422286987,-1.7957510948181152,0.2712031900882721
1912,O67728_H133A,C(CCN)CC(C(=O)O)N,0.017033339298780276,-0.3651004433631897,-0.6765273809432983,-0.048579782247543335
1913,O67728_S37A,C1=NC(=C2C(=N1)N(C=N2)C3C(C(C(O3)COP(=O)(O)OP(=O)(O)OP(=O)(O)O)O)O)N,-0.5934598195660449,-0.6530839800834656,-1.8079729080200195,0.373580664396286
1914,O67728_E106A,C1=NC(=C2C(=N1)N(C=N2)C3C(C(C(O3)COP(=O)(O)OP(=O)(O)OP(=O)(O)O)O)O)N,-1.4145392704914994,-0.6686968207359314,-1.8090393543243408,0.3836825489997864
1915,O67728_Y114A,C(CCN)CC(C(=O)O)N,0.48429983934677157,-0.3595467805862427,-0.746247410774231,0.020170092582702637
1916,O67728_wild,C(CCN)CC(C(=O)O)N,-0.20134935455473107,-0.3423890471458435,-0.7919527292251587,0.014911562204360962
1917,O67728_R174A/W188A,C1=NC(=C2C(=N1)N(C=N2)C3C(C(C(O3)COP(=O)(O)OP(=O)(O)OP(=O)(O)O)O)O)N,-1.3851027839668655,-0.6275030374526978,-1.802051305770874,0.4034896790981293
1918,A0A2I6SUQ9_wild,C(C1C(C(C(C(O1)O)O)O)O)O,-0.25181197299379965,1.1996415853500366,0.9462305903434753,0.3753228783607483
1919,A0A2I6SUQ9_wild,C(C1C(C(C(C(O1)O)O)OC2C(C(C(C(O2)CO)O)OC3C(C(C(C(O3)CO)O)OC4C(C(C(C(O4)CO)O)O)O)O)O)O)O,0.14921911265537988,1.2579457759857178,-0.0484544113278389,0.851472020149231
1920,A0A2I6SUQ9_wild,C(C1C(C(C(C(O1)O)O)OC2C(C(C(C(O2)CO)O)OC3C(C(C(C(O3)CO)O)O)O)O)O)O,0.10037054511756291,1.1592119932174683,0.1636655181646347,0.7063010931015015
1921,A0A2I6SUQ9_wild,C(C1C(C(C(C(O1)O)O)OC2C(C(C(C(O2)CO)O)OC3C(C(C(C(O3)CO)O)OC4C(C(C(C(O4)CO)O)OC5C(C(C(C(O5)CO)O)O)O)O)O)O)O)O,0.359835482339888,1.1863933801651,-0.08550671488046646,0.8973119258880615
1922,A0A2I6SUQ9_wild,C(C1C(C(C(C(O1)OC2C(C(OC(C2O)OC3C(C(OC(C3O)OC4C(C(OC(C4O)OC5C(C(OC(C5O)OC(C(C=O)O)C(C(CO)O)O)CO)O)CO)O)CO)O)CO)O)O)O)O)O,0.45939248775921576,1.469560980796814,-0.2658116817474365,0.6559122800827026
1923,Q0WP12_V23C,C(#N)[S-],-0.9871627752948278,-0.2189664989709854,0.27075251936912537,3.605365753173828
1924,Q0WP12_Y172F,C(#N)[S-],-0.8507808873449282,-0.20131884515285492,0.24622327089309692,3.66131854057312
1925,Q0WP12_wild,C(#N)[S-],-1.207608310501746,-0.18703366816043854,0.2560547888278961,3.6546387672424316
1926,C6L2E7_wild,C(#N)[S-],-1.3979400086720375,-0.06313818693161011,0.1938418745994568,3.6874167919158936
1927,C6L2E7_wild,[SH-],1.0877814178095424,-0.3480633497238159,0.8995632529258728,4.000481605529785
1928,B7FWR0_wild,C(#N)[S-],0.8976270912904415,-0.9317638278007507,-0.11657163500785828,1.2639350891113281
1929,P04824_Q251A,C1=CC(=CC=C1[N+](=O)[O-])OC2C(C(C(C(O2)CO)O)O)O,0.14612803567823798,1.3335033655166626,0.07300297915935516,1.4295825958251953
1930,P04824_A41Y,C(C1C(C(C(C(O1)OCC2C(C(C(C(O2)O)O)O)O)O)O)O)O,0.7634279935629373,0.8487104773521423,1.2040684223175049,0.768181562423706
1931,P04824_A41Y,C1=CC(=CC=C1[N+](=O)[O-])OC2C(C(C(C(O2)CO)O)O)O,0.568201724066995,1.3322241306304932,0.07060681283473969,1.4136543273925781
1932,P04824_wild,C1=CC(=CC=C1[N+](=O)[O-])OC2C(C(C(C(O2)CO)O)O)O,0.6532125137753437,1.3324507474899292,0.07069969177246094,1.4257090091705322
1933,P04824_Q251W,C1=CC(=CC=C1[N+](=O)[O-])OC2C(C(C(C(O2)CO)O)O)O,-0.619788758288394,1.3357669115066528,0.07526884973049164,1.4301952123641968
1934,P04824_wild,C(C1C(C(C(C(O1)OCC2C(C(C(C(O2)O)O)O)O)O)O)O)O,1.0492180226701815,0.837432861328125,1.204533338546753,0.7818633317947388
1935,P04824_Q251A,C(C1C(C(C(C(O1)OCC2C(C(C(C(O2)O)O)O)O)O)O)O)O,2.404833716619938,0.8388833403587341,1.2115693092346191,0.7832897305488586
1936,P04824_wild,C(C1C(C(C(C(O1)OCC2C(C(C(C(O2)OC3(C(C(C(O3)CO)O)O)CO)O)O)O)O)O)O)O,1.7331972651065695,0.882510781288147,0.9318092465400696,0.9730397462844849
1937,P04824_A41Y,C(C1C(C(C(C(O1)OCC2C(C(C(C(O2)OC3(C(C(C(O3)CO)O)O)CO)O)O)O)O)O)O)O,1.943988875073772,0.8928282856941223,0.9326359629631042,0.9585288763046265
1938,O33835_D327G,C1=CC(=CC=C1[N+](=O)[O-])OC2C(C(C(C(O2)CO)O)O)O,-1.080921907623926,0.7259650230407715,-0.22199667990207672,1.0664043426513672
1939,G4FEF4_wild,C1=CC(=CC=C1[N+](=O)[O-])OC2C(C(C(C(O2)CO)O)O)O,-1.3979400086720375,0.9601679444313049,-0.23325543105602264,1.22322678565979
1940,Q9HG00_wild,C(C1C(C(C(C(O1)F)O)O)O)O,-1.5228787452803376,0.5624346733093262,1.3809294700622559,0.9594019651412964
1941,Q9HG00_wild,C1=CC2=C(C=CC(=C2)Br)C=C1OC3C(C(C(C(O3)CO)O)O)O,-0.7958800173440752,0.7272394895553589,-0.4426112473011017,1.54008150100708
1942,Q9HG00_wild,C1=CC=C(C(=C1)[N+](=O)[O-])OC2C(C(C(C(O2)CO)O)O)O,-0.5228787452803376,1.3882874250411987,-0.028658024966716766,1.8114222288131714
1943,Q9HG00_wild,C1=CC(=CC=C1[N+](=O)[O-])OC2C(C(C(C(O2)CO)O)O)O,-0.6989700043360187,1.164718747138977,-0.1118457168340683,1.7296148538589478
1944,G4FEF4_F194K/D327G,C1=CC(=CC=C1[N+](=O)[O-])OC2C(C(C(C(O2)CO)O)O)O,-1.0,0.708286464214325,-0.21361324191093445,1.0575973987579346
1945,G4FEF4_G385L/P402S,C1=CC(=CC=C1[N+](=O)[O-])OC2C(C(C(C(O2)CO)O)O)O,-0.958607314841775,0.9405369758605957,-0.21907824277877808,1.2113221883773804
1946,G4FEF4_P402D,C1=CC(=CC=C1[N+](=O)[O-])OC2C(C(C(C(O2)CO)O)O)O,-0.36653154442041347,0.970939040184021,-0.2182939350605011,1.2187098264694214
1947,G4FEF4_L195C,C1=CC(=CC=C1[N+](=O)[O-])OC2C(C(C(C(O2)CO)O)O)O,-0.494850021680094,0.9745674729347229,-0.2279028594493866,1.219630241394043
1948,Q9L072_wild,C(CN)C(C(=O)O)N,0.11394335230683679,0.21194858849048615,-0.21165990829467773,0.2129894196987152
1949,Q9L072_wild,C(CCN)CC(C(=O)O)N,-1.2365720064370627,-0.003722473978996277,0.23839613795280457,-0.0034478306770324707
1950,A0A2Z4EVE5_wild,C(CCN)CC(C(=O)O)N,-1.7166987712964505,-0.022518619894981384,0.05503356456756592,0.7932185530662537
1951,P53144_wild,C1C(C(OC1N2C=NC3=C2N=C(NC3=O)N)COP(=O)(O)O)O,-0.7447274948969352,-0.4230825901031494,-1.0548999309539795,1.0600230693817139
1952,P53144_wild,CC1=CN(C(=O)NC1=O)C2CC(C(O2)COP(=O)(O)O)O,-0.6382721639824072,-0.3620036244392395,-1.1611971855163574,1.1693371534347534
1953,P53144_wild,C1C(C(OC1N2C=NC3=C(N=CN=C32)N)COP(=O)(O)O)O,-0.494850021680094,-0.3697524070739746,-1.1202750205993652,0.9562126398086548
1954,P53144_wild,C1=CC(=CC=C1[N+](=O)[O-])OP(=O)(O)O,0.7355988996981799,0.10964168608188629,-0.5437542200088501,0.7297616600990295
1955,Q6W3D0_wild,C1=CC(=C[N+](=C1)C2C(C(C(O2)COP(=O)(O)OP(=O)(O)OCC3C(C(C(O3)N4C=NC5=C(N=CN=C54)N)OP(=O)(O)O)O)O)O)C(=O)N,-2.0409586076789066,0.5155943036079407,-1.1595423221588135,1.8514138460159302
1956,Q6W3D0_wild,C1C(C(C(C=C1C(=O)O)O)O)O,-1.2781893847874535,0.8358350396156311,-0.6960474848747253,1.4942882061004639
1957,P09099_wild,C(C(C(C(=O)CO)O)O)O,-0.5376020021010439,1.4483975172042847,-0.3597542345523834,1.7159228324890137
1958,P09099_D233A,C1=NC(=C2C(=N1)N(C=N2)C3C(C(C(O3)COP(=O)(O)OP(=O)(O)OP(=O)(O)O)O)O)N,0.9138138523837114,0.6638419032096863,-0.6367066502571106,1.4644935131072998
1959,P09099_wild,C(C(C(C(CO)O)O)O)O,2.103803720955957,0.5751368403434753,0.19409796595573425,0.9349204897880554
1960,Q9WXX1_wild,C1=NC(=C2C(=N1)N(C=N2)C3C(C(C(O3)COP(=O)(O)OP(=O)(O)OP(=O)(O)O)O)O)N,-0.15490195998574322,1.1684459447860718,-0.28926342725753784,1.3960914611816406
1961,Q9WXX1_wild,C(C(C(C(=O)CO)O)O)O,0.09342168516223508,1.9914249181747437,-0.29722023010253906,1.3088029623031616
1962,C7NMH3_wild,C1=NC(=C2C(=N1)N(C=N2)C3C(C(C(O3)COP(=O)(O)OP(=O)(O)OP(=O)(O)O)O)O)N,0.7543483357110189,0.9762768745422363,-0.6406963467597961,1.0631632804870605
1963,C7NMH3_wild,C(C(C(C(=O)CO)O)O)O,-0.5086383061657274,1.8989365100860596,-0.4636502265930176,1.0268815755844116
1964,A0A140IL90_wild,COC1=C(C=C(C=C1)CNCCC2=CC=C(C=C2)O)O,-2.9469215565165805,-0.404572069644928,-1.6880228519439697,0.6516798734664917
1965,A0A140IL90_wild,COC1=C(C=C2C(NCCC2=C1)CC3=CC=C(C=C3)O)O,-0.19586056766464954,-0.8646373152732849,-1.6766457557678223,0.4948757290840149
1966,Q9ULC6_wild,CCOC(=O)C(CCCN=C(N)N)(C(=O)C1=CC=CC=C1)N,-0.45593195564972444,-0.023730389773845673,-0.8062530159950256,0.5511704087257385
1967,Q9ULC6_wild,C1=CC=C(C=C1)C(=O)C(CCCN=C(N)N)(C(=O)O)N,-0.42021640338318983,-0.14858274161815643,-0.45305871963500977,0.385419100522995
1968,Q9ULW8_wild,CCOC(=O)C(CCCN=C(N)N)(C(=O)C1=CC=CC=C1)N,0.8750612633917001,-0.0334363728761673,-0.8364564776420593,0.540942907333374
1969,Q9ULW8_wild,C1=CC=C(C=C1)C(=O)C(CCCN=C(N)N)(C(=O)O)N,1.526339277389844,-0.1277175396680832,-0.4615534245967865,0.37524351477622986
1970,Q9Y2J8_wild,C1=CC=C(C=C1)C(=O)NC(CCCN=C(N)N)C(=O)O,0.2041199826559248,0.013395577669143677,-0.6118636131286621,0.5649998188018799
1971,Q9UM07_wild,C1=CC=C(C=C1)C(=O)NC(CCCN=C(N)N)C(=O)O,-0.38721614328026455,-0.07985351979732513,-0.6429460644721985,0.5661116242408752
1972,Q9UM07_wild,CCOC(=O)C(CCCN=C(N)N)NC(=O)C1=CC=CC=C1,0.13353890837021754,0.4538322687149048,-0.37240442633628845,0.6074589490890503
1973,Q9UM07_wild,COC(=O)C(CCCN=C(N)N)NC(=O)C1=CC=CC=C1,0.22010808804005508,0.3129391074180603,-0.4353898763656616,0.4203168749809265
1974,A4V929_wild,C1=CC(=C[N+](=C1)C2C(C(C(O2)COP(=O)([O-])OP(=O)(O)OCC3C(C(C(O3)N4C=NC5=C(N=CN=C54)N)O)O)O)O)C(=O)N,-0.14874165128092473,0.6054362654685974,-0.4970583915710449,1.9103946685791016
1975,A4V929_wild,C1CSSC1CCCCC(=O)N,0.10037054511756291,0.7590112090110779,0.15509556233882904,1.9568241834640503
1976,A4V929_wild,C1C=CN(C=C1C(=O)N)C2C(C(C(O2)COP(=O)(O)OP(=O)(O)OCC3C(C(C(O3)N4C=NC5=C(N=CN=C54)N)O)O)O)O,-2.5016894462103996,0.6444314122200012,-0.9754791259765625,2.35679292678833
1977,A4V929_wild,C(CCC(=O)N)CC(CCS)S,-0.15490195998574322,0.5817379355430603,-0.32835260033607483,1.62544846534729
1978,Q93Y47_wild,C1=CC(=C[N+](=C1)C2C(C(C(O2)COP(=O)([O-])OP(=O)(O)OCC3C(C(C(O3)N4C=NC5=C(N=CN=C54)N)O)O)O)O)C(=O)N,-0.5850266520291821,-0.06250995397567749,-1.0872018337249756,1.152401328086853
1979,Q93Y47_wild,CC(=O)C1CCC2C1(CCC3C2CC=C4C3(CCC(C4)O)C)C,-1.0457574905606752,-1.06147301197052,-1.6809227466583252,0.968799889087677
1980,Q93Y47_wild,CC(=O)C1CCC2C1(CCC3C2CCC4C3(CCC(C4)O)C)C,-0.9355420107730815,-0.8220042586326599,-1.5731701850891113,0.9118154644966125
1981,Q93Y47_wild,CC(=O)C1CCC2C1(CCC3C2CCC4C3(CCC(=O)C4)C)C,-0.9746941347352298,-0.6018744111061096,-1.5074493885040283,1.2057690620422363
1982,Q93Y47_wild,C1C=CN(C=C1C(=O)N)C2C(C(C(O2)COP(=O)(O)OP(=O)(O)OCC3C(C(C(O3)N4C=NC5=C(N=CN=C54)N)O)O)O)O,-0.9746941347352298,0.00351107120513916,-1.433366060256958,1.4632258415222168
1983,Q93Y47_wild,CC12CCC3C(C1CCC2=O)CC=C4C3(CCC(C4)O)C,-0.1924649719311467,-0.6660568714141846,-1.695758581161499,1.066619873046875
1984,A0A1S5TFB0_wild,CC(=CCCC(=CCCC(=CCOP(=O)(O)OP(=O)(O)O)C)C)C,-1.8961962790440432,-1.3342077732086182,-2.549360752105713,1.1169723272323608
1985,Q3M985_wild,C(CCN)CC(C(=O)O)N,-0.5228787452803376,-0.3604966402053833,0.3047659993171692,0.055268943309783936
1986,Q3M985_wild,C(CN)C(C(=O)O)N,-0.2676062401770315,-0.01832379400730133,-0.1371980905532837,0.37277430295944214
1987,Q0TR53_W490A,CC1=CC(=O)OC2=C1C=CC(=C2)OC3C(C(C(C(O3)CO)O)O)NC(=O)C,-1.5528419686577808,-0.21837373077869415,-0.5946466326713562,1.305174469947815
1988,Q0TR53_D297N,CC1=CC(=O)OC2=C1C=CC(=C2)OC3C(C(C(C(O3)CO)O)O)NC(=O)C,-2.5228787452803374,-0.39925622940063477,-0.5730641484260559,1.1521049737930298
1989,Q0TR53_D298N,CC1=CC(=O)OC2=C1C=CC(=C2)OC3C(C(C(C(O3)CO)O)O)NC(=O)C,-2.3979400086720375,-0.28579485416412354,-0.5784124135971069,1.2563972473144531
1990,Q0TR53_V331C,CC1=CC(=O)OC2=C1C=CC(=C2)OC3C(C(C(C(O3)CO)O)O)NC(=O)C,-2.167491087293764,-0.21052919328212738,-0.6022593379020691,1.301482915878296
1991,Q0TR53_N396A,CC1=CC(=O)OC2=C1C=CC(=C2)OC3C(C(C(C(O3)CO)O)O)NC(=O)C,-1.8860566476931633,-0.539585292339325,-0.5620567798614502,1.048551321029663
1992,Q0TR53_D401A,CC1=CC(=O)OC2=C1C=CC(=C2)OC3C(C(C(C(O3)CO)O)O)NC(=O)C,-1.8239087409443187,-0.22541512548923492,-0.6068921089172363,1.297733187675476
1993,Q0TR53_N390A,CC1=CC(=O)OC2=C1C=CC(=C2)OC3C(C(C(C(O3)CO)O)O)NC(=O)C,-2.5086383061657274,-0.21514903008937836,-0.5967422127723694,1.292168140411377
1994,Q0TR53_Y335F,CC1=CC(=O)OC2=C1C=CC(=C2)OC3C(C(C(C(O3)CO)O)O)NC(=O)C,-1.3872161432802645,-0.22387592494487762,-0.5978518128395081,1.3056129217147827
1995,Q0TR53_wild,CC1=CC(=O)OC2=C1C=CC(=C2)OC3C(C(C(C(O3)CO)O)O)NC(=O)C,-2.537602002101044,-0.22247768938541412,-0.5985328555107117,1.3019495010375977
1996,Q0TR53_wild,CC(=O)NC1C(C(C(OC1OC2=CC=C(C=C2)[N+](=O)[O-])CO)O)O,-0.9172146296835499,0.4614511728286743,-0.3611680567264557,1.391114592552185
1997,Q3IL66_wild,CC(=O)OC1=CC=CC2=CC=CC=C21,-0.3010299956639812,0.6754389405250549,-0.877741277217865,1.1985466480255127
1998,Q3IL66_wild,CC(=O)OC1=CC2=CC=CC=C2C=C1,-0.3010299956639812,0.862118661403656,-0.8843915462493896,1.5108579397201538
1999,Q3IL66_wild,CC(=O)OC1=CC=C(C=C1)[N+](=O)[O-],-0.12493873660829995,0.42602288722991943,-0.04107947647571564,0.8827975392341614
2000,Q8Z078_wild,CC(=CCOP(=O)(O)OP(=O)(O)O)C,-1.6989700043360187,-1.3727723360061646,-1.7460484504699707,0.06733250617980957
2001,Q8Z078_wild,C1=NC(=C2C(=N1)N(C=N2)C3C(C(C(O3)COP(=O)(O)O)O)O)N,-0.8239087409443188,-0.9166329503059387,-1.5946736335754395,0.5137662291526794
2002,C5IIS9_wild,C1=CC=C(C=C1)C(C#N)O,1.3384564936046048,0.3173401355743408,0.17037104070186615,-0.06872111558914185
2003,P95896_K96R,C1=CC=C(C=C1)C#N,-5.221848749616356,-0.34978532791137695,-0.9926654100418091,1.1831750869750977
2004,P95896_K96R,C(#N)C(Cl)(Cl)Cl,-6.886056647693163,-0.7422819137573242,0.09253771603107452,1.9297375679016113
2005,P95896_wild,C1=CC=C(C=C1)C#N,-5.301029995663981,-0.32638001441955566,-0.9946557879447937,1.211599588394165
2006,P95896_wild,C(C#N)C#N,-7.305394801066432,-0.03267545998096466,0.03638598322868347,1.707316517829895
2007,P95896_wild,C(#N)C(Cl)(Cl)Cl,-9.301029995663981,-0.7058478593826294,0.08958128094673157,1.9577052593231201
2008,P95896_K96R,C(C#N)C#N,-6.215382707367125,-0.05644020438194275,0.03677906095981598,1.6826022863388062
2009,P95896_K96R,C1=CC=C(C=C1)C=CC#N,-8.013228265733755,0.23256058990955353,-1.2526907920837402,1.524355411529541
2010,O09114_S45A,CCCCCC(C=CC1C2CC(C1CC=CCCCC(=O)O)OO2)O,-3.3010299956639813,0.28344500064849854,-1.5600194931030273,1.9455279111862183
2011,O09114_H111A/H116A,CCCCCC(C=CC1C2CC(C1CC=CCCCC(=O)O)OO2)O,-2.853871964321762,0.3156892657279968,-1.562326192855835,1.9959657192230225
2012,O09114_S81A,CCCCCC(C=CC1C2CC(C1CC=CCCCC(=O)O)OO2)O,-2.8239087409443187,0.2804287075996399,-1.5681946277618408,1.9593229293823242
2013,O09114_wild,CCCCCC(C=CC1C2CC(C1CC=CCCCC(=O)O)OO2)O,-3.0969100130080567,0.31404024362564087,-1.5452368259429932,1.9608677625656128
2014,O09114_W54A/H111A,CCCCCC(C=CC1C2CC(C1CC=CCCCC(=O)O)OO2)O,-3.0969100130080567,0.26679176092147827,-1.5809235572814941,1.9406285285949707
2015,O09114_P110A,CCCCCC(C=CC1C2CC(C1CC=CCCCC(=O)O)OO2)O,-2.7958800173440754,0.3160821199417114,-1.5472567081451416,1.9668383598327637
2016,O09114_T67A,CCCCCC(C=CC1C2CC(C1CC=CCCCC(=O)O)OO2)O,-2.552841968657781,0.3031877875328064,-1.5534985065460205,1.9657903909683228
2017,P41222_W54A,CCCCCC(C=CC1C2CC(C1CC=CCCCC(=O)O)OO2)O,-1.7931741239681502,0.05866929888725281,-1.6271581649780273,1.8099663257598877
2018,P41222_S81A,CCCCCC(C=CC1C2CC(C1CC=CCCCC(=O)O)OO2)O,-1.9913998282380825,0.06627212464809418,-1.6355853080749512,1.8352065086364746
2019,P41222_wild,CCCCCC(C=CC1C2CC(C1CC=CCCCC(=O)O)OO2)O,-2.3979400086720375,0.1040409505367279,-1.6167707443237305,1.8448575735092163
2020,P41222_T147A,CCCCCC(C=CC1C2CC(C1CC=CCCCC(=O)O)OO2)O,-1.812479279163537,0.07905857264995575,-1.6395559310913086,1.8423014879226685
2021,P41222_Y149A,CCCCCC(C=CC1C2CC(C1CC=CCCCC(=O)O)OO2)O,-1.8961962790440432,0.06980365514755249,-1.6330537796020508,1.8135871887207031
2022,P41222_F83A,CCCCCC(C=CC1C2CC(C1CC=CCCCC(=O)O)OO2)O,-1.6108339156354676,0.04833658039569855,-1.6313650608062744,1.8040553331375122
2023,P41222_K59A,CCCCCC(C=CC1C2CC(C1CC=CCCCC(=O)O)OO2)O,-1.9100948885606022,0.07556252181529999,-1.6371824741363525,1.8346848487854004
2024,P41222_S45A,CCCCCC(C=CC1C2CC(C1CC=CCCCC(=O)O)OO2)O,-1.6903698325741012,0.06357167661190033,-1.6372158527374268,1.823498010635376
2025,P41222_M94A,CCCCCC(C=CC1C2CC(C1CC=CCCCC(=O)O)OO2)O,-1.6946486305533763,0.09872765839099884,-1.6277523040771484,1.813676118850708
2026,P41222_L131A,CCCCCC(C=CC1C2CC(C1CC=CCCCC(=O)O)OO2)O,-1.5985994592184558,0.0717104971408844,-1.6180472373962402,1.802487850189209
2027,P41222_L79A,CCCCCC(C=CC1C2CC(C1CC=CCCCC(=O)O)OO2)O,-1.484126156288321,0.0722564160823822,-1.627171516418457,1.812957525253296
2028,P41222_M64A,CCCCCC(C=CC1C2CC(C1CC=CCCCC(=O)O)OO2)O,-1.4881166390211256,0.09626072645187378,-1.6370046138763428,1.8170695304870605
2029,P58415_wild,C(C(=O)C(=O)O)S(=O)(=O)O,-0.1938200260161128,1.1871834993362427,-0.32933416962623596,1.683241844177246
2030,P32754_E254D,C1=CC(=CC=C1CC(=O)C(=O)O)O,-0.958607314841775,0.4808025360107422,-1.1418366432189941,1.423018217086792
2031,P32754_R378K,C1=CC(=CC=C1CC(=O)C(=O)O)O,-0.619788758288394,0.4823375344276428,-1.1340444087982178,1.4233683347702026
2032,Q6KZ98_wild,C1=CC(=CC=C1CC(=O)C(=O)O)O,-0.8477116556172494,0.4515743851661682,-0.6991364359855652,0.9491239786148071
2033,P0AA89_L65T,C1=NC2=C(N1C3C(C(C(O3)COP(=O)(O)OP(=O)(O)OP(=O)(O)O)O)O)N=C(NC2=O)N,-1.2006594505464183,-1.7754567861557007,-1.008422613143921,-0.19663912057876587
2034,P0AA89_L65G,C1=NC2=C(N1C3C(C(C(O3)COP(=O)(O)OP(=O)(O)OP(=O)(O)O)O)O)N=C(NC2=O)N,-1.6575773191777938,-1.9170383214950562,-0.9878749251365662,-0.32227447628974915
2035,P0AA89_Y43F,C1=NC2=C(N1C3C(C(C(O3)COP(=O)(O)OP(=O)(O)OP(=O)(O)O)O)O)N=C(NC2=O)N,-1.537602002101044,-1.7801339626312256,-1.0168869495391846,-0.20705336332321167
2036,P0AA89_L65M,C1=NC2=C(N1C3C(C(C(O3)COP(=O)(O)OP(=O)(O)OP(=O)(O)O)O)O)N=C(NC2=O)N,-1.3767507096020997,-1.7367262840270996,-1.0139012336730957,-0.17827770113945007
2037,P0AA89_L65Q,C1=NC2=C(N1C3C(C(C(O3)COP(=O)(O)OP(=O)(O)OP(=O)(O)O)O)O)N=C(NC2=O)N,-0.9956786262173574,-1.7570186853408813,-1.0076020956039429,-0.19315552711486816
2038,P0AA89_Y43A,C1=NC2=C(N1C3C(C(C(O3)COP(=O)(O)OP(=O)(O)OP(=O)(O)O)O)O)N=C(NC2=O)N,-1.2676062401770316,-2.027960777282715,-0.978968620300293,-0.40289363265037537
2039,P0AA89_wild,C1=NC2=C(N1C3C(C(C(O3)COP(=O)(O)OP(=O)(O)OP(=O)(O)O)O)O)N=C(NC2=O)N,-1.0757207139381184,-1.7204519510269165,-1.019352912902832,-0.16202044486999512
2040,Q8PPS5_K759A,C1=NC2=C(N1C3C(C(C(O3)COP(=O)(O)OP(=O)(O)OP(=O)(O)O)O)O)N=C(NC2=O)N,-1.4202164033831899,-0.6473283171653748,-0.6664127707481384,0.7575113773345947
2041,Q8PPS5_wild,C1=NC2=C(N1C3C(C(C(O3)COP(=O)(O)OP(=O)(O)OP(=O)(O)O)O)O)N=C(NC2=O)N,-1.214670164989233,-0.4751587510108948,-0.7524686455726624,0.9741455316543579
2042,Q8TBX8_wild,C1=NC(=C2C(=N1)N(C=N2)C3C(C(C(O3)COP(=O)(O)OP(=O)(O)OP(=O)(O)O)O)O)N,-1.0260413138932962,-1.1640466451644897,-1.448378086090088,0.2971650958061218
2043,P78356_wild,C1=NC(=C2C(=N1)N(C=N2)C3C(C(C(O3)COP(=O)(O)OP(=O)(O)OP(=O)(O)O)O)O)N,-1.1736012178123822,-1.3676944971084595,-1.4296841621398926,0.354744017124176
2044,P48426_wild,C1=NC(=C2C(=N1)N(C=N2)C3C(C(C(O3)COP(=O)(O)OP(=O)(O)OP(=O)(O)O)O)O)N,-2.404503778174426,-1.1557481288909912,-1.4994471073150635,0.6328866481781006
2045,O76074_F820A,C1C2C(C(C(O2)N3C=NC4=C3N=C(NC4=O)N)O)OP(=O)(O1)O,-0.7644715530927036,-0.10513143241405487,-2.362921953201294,1.4318917989730835
2046,O76074_Q817A,C1C2C(C(C(O2)N3C=NC4=C3N=C(NC4=O)N)O)OP(=O)(O1)O,-0.7399286120149252,-0.21354825794696808,-2.283419370651245,1.3060144186019897
2047,O76074_wild,C1C2C(C(C(O2)N3C=NC4=C3N=C(NC4=O)N)O)OP(=O)(O1)O,-2.537602002101044,-0.0308406800031662,-2.3679065704345703,1.509819507598877
2048,O76074_H613A,C1C2C(C(C(O2)N3C=NC4=C3N=C(NC4=O)N)O)OP(=O)(O1)O,-2.1487416512809245,-0.18308870494365692,-2.283034086227417,1.3407301902770996
2049,O76074_Y612F,C1C2C(C(C(O2)N3C=NC4=C3N=C(NC4=O)N)O)OP(=O)(O1)O,-2.214670164989233,-0.026590824127197266,-2.3669700622558594,1.5149023532867432
2050,O76074_Y612A,C1C2C(C(C(O2)N3C=NC4=C3N=C(NC4=O)N)O)OP(=O)(O1)O,-1.3809066693732572,-0.1488480418920517,-2.314735174179077,1.38123619556427
2051,O76074_F786A,C1C2C(C(C(O2)N3C=NC4=C3N=C(NC4=O)N)O)OP(=O)(O1)O,-1.5272435506827877,-0.2654193043708801,-2.2777864933013916,1.2527073621749878
2052,O76074_V782A,C1C2C(C(C(O2)N3C=NC4=C3N=C(NC4=O)N)O)OP(=O)(O1)O,-1.7986028756795485,-0.03824271261692047,-2.367164373397827,1.4989464282989502
2053,O76074_L765A,C1C2C(C(C(O2)N3C=NC4=C3N=C(NC4=O)N)O)OP(=O)(O1)O,-1.5575202309355514,-0.04438138008117676,-2.3552870750427246,1.4947819709777832
2054,C6VW66_wild,C(C1C(C(C(C(O1)OC2C(OC(C(C2O)O)O)CO)O)O)O)O,1.9809119377768436,1.9837627410888672,1.2645292282104492,0.5786983966827393
2055,A5FA14_wild,C(C1C(C(C(C(O1)OC2C(OC(C(C2O)O)O)CO)O)O)O)O,1.54282542695918,1.4329699277877808,1.2680585384368896,0.3568021357059479
2056,A9AYF3_wild,C(C1C(C(C(C(O1)OC2C(OC(C(C2O)O)O)CO)O)O)O)O,1.4502491083193612,1.2626863718032837,1.359632968902588,0.3077329993247986
2057,C6XVU9_wild,C(C1C(C(C(C(O1)OC2C(OC(C(C2O)O)O)CO)O)O)O)O,1.3891660843645326,1.3377032279968262,1.4704556465148926,0.2914627492427826
2058,E0RU15_wild,C(C1C(C(C(C(O1)OC2C(OC(C(C2O)O)O)CO)O)O)O)O,0.5440680443502757,1.1581138372421265,1.5439422130584717,-0.12083473801612854
2059,G0GBL0_wild,C(C1C(C(C(C(O1)OC2C(OC(C(C2O)O)O)CO)O)O)O)O,0.6334684555795865,1.6088017225265503,1.4514496326446533,0.2582929730415344
2060,Q5LH66_wild,C(C1C(C(C(C(O1)OC2C(OC(C(C2O)O)O)CO)O)O)O)O,0.741151598851785,1.479702115058899,1.4877209663391113,0.3185158967971802
2061,F8WRK9_wild,C(C1C(C(C(C(O1)OC2C(OC(C(C2O)O)O)CO)O)O)O)O,0.7201593034059569,1.407997965812683,0.9756768345832825,0.4211447238922119
2062,P04424_R95C,C(CC(C(=O)O)N)CN=C(N)NC(CC(=O)O)C(=O)O,-0.7447274948969352,0.2649511694908142,-1.612607479095459,1.2215609550476074
2063,P04424_E189G,C(CC(C(=O)O)N)CN=C(N)NC(CC(=O)O)C(=O)O,-0.3098039199714864,0.3945111036300659,-1.6248407363891602,1.33664870262146
2064,P04424_R379C,C(CC(C(=O)O)N)CN=C(N)NC(CC(=O)O)C(=O)O,-0.6020599913279624,0.37013810873031616,-1.6339304447174072,1.3015644550323486
2065,P04424_V335L,C(CC(C(=O)O)N)CN=C(N)NC(CC(=O)O)C(=O)O,-0.27572413039921095,0.40610271692276,-1.6161742210388184,1.3388011455535889
2066,P04424_V178M,C(CC(C(=O)O)N)CN=C(N)NC(CC(=O)O)C(=O)O,-0.3565473235138126,0.4017168879508972,-1.6241028308868408,1.3460943698883057
2067,P04424_I100T,C(CC(C(=O)O)N)CN=C(N)NC(CC(=O)O)C(=O)O,-0.3372421683184259,0.3938429355621338,-1.605905294418335,1.3228788375854492
2068,P9WPY7_C441S,C(CC(C(=O)O)N)CN=C(N)NC(CC(=O)O)C(=O)O,-1.494850021680094,0.12199829518795013,-0.8686028122901917,1.163711667060852
2069,P9WPY7_wild,C(CC(C(=O)O)N)CN=C(N)NC(CC(=O)O)C(=O)O,-0.9507819773298184,0.08934469521045685,-0.8807487487792969,1.1577949523925781
2070,Q309F4_wild,C1C2C(C(C(O2)N3C=NC4=C(N=CN=C43)N)O)OP(=O)(O1)O,-0.7189666327522725,0.3389650583267212,-2.9312796592712402,2.1833531856536865
2071,Q9K499_F198A,CC(=CCCC(=CCCC(=CCOP(=O)(O)OP(=O)(O)O)C)C)C,-2.9208187539523753,-2.7292590141296387,-2.9716904163360596,-0.07506370544433594
2072,Q9K499_wild,CC(=CCCC(=CCCC(=CCOP(=O)(O)OP(=O)(O)O)C)C)C,-3.832682665251824,-2.780360698699951,-2.9691879749298096,-0.08753231167793274
2073,Q9K499_F96A,CC(=CCCC(=CCCC(=CCOP(=O)(O)OP(=O)(O)O)C)C)C,-3.113509274827518,-2.8003807067871094,-2.956723690032959,-0.11127996444702148
2074,Q82IV1_wild,CC(=CCCC(=CCCC(=CCOP(=O)(O)OP(=O)(O)O)C)C)C,-3.9030899869919438,-2.80167818069458,-2.9455273151397705,-0.05711755156517029
2075,P15121_wild,C(C1C(C(C(C(O1)O)O)O)O)O,0.6020599913279624,0.5784052014350891,0.587523341178894,0.575360119342804
2076,P15121_wild,C1C=CN(C=C1C(=O)N)C2C(C(C(O2)COP(=O)(O)OP(=O)(O)OCC3C(C(C(O3)N4C=NC5=C(N=CN=C54)N)OP(=O)(O)O)O)O)O,-2.6989700043360187,-0.045324429869651794,-2.2941973209381104,2.0957083702087402
2077,P16116_wild,C(C1C(C(C(C(O1)O)O)O)O)O,-2.0457574905606752,0.5357862114906311,0.7694670557975769,0.458328515291214
2078,A0A0M4HL56_wild,C1=CC(=CC(=C1)[N+](=O)[O-])C=O,0.23044892137827394,0.7121920585632324,-0.3411461412906647,1.3519885540008545
2079,A0A0M4HL56_wild,C1=CC(=CC(=C1)C=O)C=O,0.3010299956639812,0.9388598203659058,-0.40898942947387695,1.46977698802948
2080,A0A0M4HL56_wild,C1=CC=C(C=C1)C=O,0.5185139398778875,0.8665266633033752,0.05804610252380371,1.4044139385223389
2081,A0A0M4HL56_wild,C1C=CN(C=C1C(=O)N)C2C(C(C(O2)COP(=O)(O)OP(=O)(O)OCC3C(C(C(O3)N4C=NC5=C(N=CN=C54)N)OP(=O)(O)O)O)O)O,-0.8860566476931633,0.5621500015258789,-1.237755537033081,2.1794960498809814
2082,A0A0M4HL56_wild,C1=CC(=CN=C1)C=O,0.6532125137753437,0.3990910053253174,-0.11649618297815323,1.387251615524292
2083,A0A0M4HL56_wild,C(=O)C=O,1.845098040014257,1.279151439666748,0.6320682764053345,1.1896862983703613
2084,A0A0M4HL56_wild,C1C(C(C(C(O1)O)O)O)O,2.0253058652647704,1.4953817129135132,1.6767354011535645,0.676271915435791
2085,A0A0M4HL56_wild,C(C1C(C(C(C(O1)O)O)O)O)O,2.7573960287930244,1.1633869409561157,1.554318904876709,0.6558727025985718
2086,Q5JEK6_wild,C1=CN(C(=O)N=C1N)C2C(C(C(O2)CO)O)O,0.23299611039215384,1.968056559562683,0.14253222942352295,1.550405502319336
2087,Q5JEK6_wild,C1=NC(=C2C(=N1)N(C=N2)C3C(C(C(O3)COP(=O)(O)OP(=O)(O)OP(=O)(O)O)O)O)N,0.7573960287930243,1.494164228439331,-0.10901997983455658,1.6306490898132324
2088,Q5JEK6_wild,C1C(OC(C1O)N2C=CC(=NC2=O)N)CO,0.6138418218760693,1.6323508024215698,-0.3249242901802063,1.5032726526260376
2089,Q6IUU3_wild,C(C(C(CS)O)O)S,-0.15490195998574322,1.0183439254760742,-0.6909682154655457,1.0510058403015137
2090,Q6IUU3_wild,C(CC(=O)NC(CS)C(=O)NCC(=O)O)C(C(=O)O)N,0.6434526764861874,0.8397347331047058,-0.3545941412448883,0.9889084696769714
2091,Q6Z1Y6_wild,C1=CC2=C(C=C1O)C(=CN2)CCN,-0.43062609038495414,0.9701531529426575,-0.6389867663383484,0.7362074851989746
2092,Q8CVD0_wild,C1=C(NC=N1)C=CC(=O)O,-0.36653154442041347,1.7989683151245117,-0.282678484916687,1.8609955310821533
2093,Q6QHF9_wild,CC(=O)NCCCNCCCCN,-2.677780705266081,0.6990825533866882,-0.7103101015090942,1.6486456394195557
2094,Q6QHF9_wild,CC(=O)NCCCNCCCCNCCCN,-3.070581074285707,0.3741782307624817,-0.9661933779716492,1.7123368978500366
2095,Q39208_wild,CC(C)CCCC(C)C1CCC2C1(CCC3C2=CCC4C3(CCC(C4)O)C)C,-1.494850021680094,-2.1869683265686035,-2.348867177963257,0.9439327716827393
2096,Q39208_P175A,CC(C)CCCC(C)C1CCC2C1(CCC3C2=CCC4C3(CCC(C4)O)C)C,-1.1549019599857433,-2.285484790802002,-2.3635523319244385,0.885660707950592
2097,Q8RLT5_wild,CC(=O)C1CCC2C1(CCC3C2CCC4=CC(=O)CCC34C)C,-2.5228787452803374,1.4259669780731201,-1.3518080711364746,2.6050968170166016
2098,Q8RLT5_wild,CC12CCC(=O)CC1CCC3C2CCC4(C3CCC4=O)C,-1.8860566476931633,1.2693358659744263,-1.119823932647705,2.265310764312744
2099,Q8RLT5_wild,CC12CCC(=O)C=C1CCC3C2CCC4(C3CCC4=O)C,-1.769551078621726,1.2592593431472778,-1.1925928592681885,2.5631556510925293
2100,Q8RLT5_wild,CC(=O)C1CCC2C1(CCC3C2CCC4C3(CCC(=O)C4)C)C,-2.154901959985743,1.241120457649231,-1.287569522857666,2.2952330112457275
2101,Q8RLT5_wild,CC12CCC(=O)C=C1CCC3C2C(CC4(C3CCC4(C(=O)CO)O)C)O,-1.193820026016113,1.250675082206726,-1.26719069480896,2.1848020553588867
2102,Q8RLT5_wild,CC12CCC3(C(C1CCC2=O)CCC4=CC(=O)CCC43C)O,-1.2365720064370627,1.4798332452774048,-1.3820996284484863,2.4789481163024902
2103,A9QAE5_wild,CC(=O)C1CCC2C1(CCC3C2CCC4=CC(=O)CCC34C)C,-1.537602002101044,1.4526773691177368,-1.371976375579834,2.6152100563049316
2104,A9QAE5_wild,CC(=O)C1CCC2C1(CCC3C2CCC4C3(CCC(=O)C4)C)C,-1.853871964321762,1.3025710582733154,-1.391310453414917,2.3118200302124023
2105,A9QAE5_wild,CC12CCC(=O)CC1CCC3C2CCC4(C3CCC4=O)C,-1.4436974992327127,1.2798997163772583,-1.1305570602416992,2.247702121734619
2106,C8CJG6_wild,CC(=O)C1CCC2C1(CCC3C2CCC4=CC(=O)CCC34C)C,-1.2218487496163564,1.3492622375488281,-1.4796943664550781,2.806946277618408
2107,C8CJG6_wild,CC12CCC(=O)C=C1CCC3C2CCC4(C3CCC4=O)C,-0.7958800173440752,1.1264435052871704,-1.3752360343933105,2.781973361968994
2108,C8CJG6_wild,CC12CCC3(C(C1CCC2=O)CCC4=CC(=O)CCC43C)O,-1.6020599913279623,1.4825767278671265,-1.4328689575195312,2.5917716026306152
2109,C8CJG6_wild,CC12CCC3C(C1CCC2O)CCC4=CC(=O)CCC34C,-1.0861861476162833,1.3696998357772827,-1.31099271774292,2.4813742637634277
2110,W0NR13_wild,CC12CCC3(C(C1CCC2=O)CCC4=CC(=O)CCC43C)O,-1.3467874862246563,1.7773246765136719,-1.4298112392425537,2.833284616470337
2111,W0NR13_wild,CC12CCC(=O)C=C1CCC3C2CCC4(C3CCC4=O)C,-1.6020599913279623,1.5399895906448364,-1.2905690670013428,2.892503261566162
2112,W0NR13_wild,CC12CCC3C(C1CCC2O)CCC4=CC(=O)CCC34C,-1.958607314841775,1.7461034059524536,-1.3600127696990967,2.6971278190612793
2113,W0NR13_wild,CC(=O)C1CCC2C1(CCC3C2CCC4=CC(=O)CCC34C)C,-1.408935392973501,1.7358317375183105,-1.401895523071289,2.9339206218719482
2114,I0B6I6_wild,CC12CCC(=O)C=C1CCC3C2CCC4(C3CCC4=O)C,-1.3968556273798178,1.2849853038787842,-1.1456737518310547,2.6826446056365967
2115,I0B6I6_wild,CC12CCC(=O)CC1CCC3C2CCC4(C3CCC4O)C,-1.609064892896621,1.265712022781372,-1.1389422416687012,2.233257293701172
2116,I0B6I6_wild,CC(=O)C1CCC2C1(CCC3C2CCC4=CC(=O)CCC34C)C,-1.4710832997223453,1.441425085067749,-1.2324342727661133,2.737307071685791
2117,I0B6I6_wild,CC12CCC3C(C1CCC2C(=O)CO)CCC4=CC(=O)CCC34C,-1.3716110699496884,1.5342241525650024,-1.1468505859375,2.4567434787750244
2118,I0B6I6_wild,CC12CCC3C(C1CCC2=O)CCC4=CC(=O)CCC34CO,-0.4591701858889202,1.3083888292312622,-1.0010088682174683,2.3556737899780273
2119,I0B6I6_wild,CC12CCC3(C(C1CCC2=O)CCC4=CC(=O)CCC43C)O,-0.2650402387275547,1.4567322731018066,-1.2946767807006836,2.570901393890381
2120,I0B6I6_wild,CC12CCC(=O)C=C1CCC3C2C(CC4(C3CCC4C(=O)CO)C)O,-0.4267801728855781,1.2455660104751587,-1.1889638900756836,2.3571479320526123
2121,I0B6I6_wild,CC12CCC3C(C1CCC2O)CCC4=CC(=O)CCC34C,-0.9669785553170893,1.4410024881362915,-1.232567548751831,2.4769487380981445
2122,C6GCU2_wild,CC(=O)C1CCC2C1(CCC3C2CCC4=CC(=O)CCC34C)C,-1.360513510731414,1.2563719749450684,-1.319180965423584,2.6562933921813965
2123,C6GCU2_wild,CC12CCC3C(C1CCC2C(=O)CO)CCC4=CC(=O)CCC34C,-0.9535048356652918,1.3550633192062378,-1.1449496746063232,2.33467698097229
2124,C6GCU2_wild,CC12CCC3C(C1CCC2O)CCC4=CC(=O)CCC34C,-0.7420815496859416,1.2787872552871704,-1.1971302032470703,2.291276454925537
2125,A0A2P1IUZ5_wild,CC(=O)C1(CCC2C1(CCC3C2CCC4=CC(=O)CCC34C)C)O,-1.6757175447023074,1.561026930809021,-1.4474396705627441,2.618532657623291
2126,A0A2P1IUZ5_wild,CC12CCC(=O)C=C1C=CC3C2CCC4(C3CCC45CCC(=O)O5)C,-1.1630432629404497,1.6270991563796997,-1.2169098854064941,2.884060859680176
2127,A0A2P1IUZ5_wild,CC12CCC(=O)C=C1CCC3C2=CCC4(C3CCC4=O)C,-0.761201437286083,1.6703402996063232,-1.2579519748687744,2.957318067550659
2128,A0A2P1IUZ5_wild,CC12CCC(=O)C=C1CCC3C2CCC4(C3CCC4=O)C,-0.8434508486682187,1.5288671255111694,-1.3195083141326904,2.910245418548584
2129,A0A2P1IUZ5_wild,CC12CCC3(C(C1CCC2=O)CCC4=CC(=O)CCC43C)O,-0.0795114353417022,1.7588833570480347,-1.4670336246490479,2.8408639430999756
2130,A0A2P1IUZ5_wild,CC12CCC(=O)C=C1CCC3C2C(CC4(C3CCC4(C(=O)CO)O)C)O,-0.03819936080836892,1.4584707021713257,-1.3867437839508057,2.51776123046875
2131,A9XWD7_wild,CC12CCC(=O)C=C1CCC3C2CCC4(C3CCC4=O)C,-0.2763801644845366,1.67233407497406,-1.2774572372436523,2.8923757076263428
2132,O33830_wild,C1=CC(=CC=C1[N+](=O)[O-])OC2C(C(C(C(O2)CO)O)O)O,-0.6382721639824072,0.46208488941192627,-0.28365805745124817,0.7082154750823975
2133,Q003G8_wild,C1C=CN(C=C1C(=O)N)C2C(C(C(O2)COP(=O)(O)OP(=O)(O)OCC3C(C(C(O3)N4C=NC5=C(N=CN=C54)N)OP(=O)(O)O)O)O)O,-1.2605858973013047,0.4982540011405945,-1.6704087257385254,2.195866107940674
2134,Q50EK6_wild,CC(C)C1=CC2=CCC3C(CCCC3(C2CC1)C)(C)C=O,-3.3010299956639813,-0.2197888046503067,-2.012047052383423,1.4014064073562622
2135,Q50EK6_wild,CC(C)C1=CC2=C(C=C1)C3(CCCC(C3CC2)(C)C=O)C,-3.2218487496163566,-0.3103358745574951,-2.274261236190796,1.325042963027954
2136,Q50EK6_wild,CC1(CCC2C(=CCC3C2(CCCC3(C)C=O)C)C1)C=C,-3.2218487496163566,-0.8609485626220703,-2.195697069168091,1.4370925426483154
2137,Q50EK6_wild,CC(C)C1=CCC2C(=C1)CCC3C2(CCCC3(C)CO)C,-2.721246399047171,-0.3458932042121887,-1.8177974224090576,0.8161258697509766
2138,Q50EK6_wild,CC(C)C1=CC2=CCC3C(CCCC3(C2CC1)C)(C)CO,-3.0969100130080567,-0.3368327021598816,-2.000399351119995,1.0061514377593994
2139,Q50EK6_wild,CC(C)C1=CC2=C(C=C1)C3(CCCC(C3CC2)(C)CO)C,-2.275724130399211,-0.3965619206428528,-2.26346755027771,0.8569194674491882
2140,Q50EK6_wild,CC1(CCC2C(=CCC3C2(CCCC3(C)CO)C)C1)C=C,-2.8239087409443187,-0.8523668646812439,-2.1398589611053467,0.9738792181015015
2141,Q9X5B8_wild,CC(C)(COP(=O)(O)OP(=O)(O)OCC1C(C(C(O1)N2C=NC3=C(N=CN=C32)N)O)OP(=O)(O)O)C(C(=O)NCCC(=O)NCCSC(=O)C=CCC(=O)O)O,-0.6020599913279624,0.4075671434402466,-1.5177240371704102,1.1666289567947388
2142,Q9X5B8_wild,CC(C)(COP(=O)([O-])OP(=O)([O-])OCC1C(C(C(O1)N2C=NC3=C(N=CN=C32)N)O)OP(=O)([O-])[O-])C(C(=O)NCCC(=O)NCCSC(=O)C(CCC(=O)[O-])O)O,-1.2839966563652008,0.6519632935523987,-1.3720223903656006,1.2344902753829956
2143,P0AFG3_H260E,C(CC(=O)O)C(=O)C(=O)O,-0.41680122603137726,-0.33067089319229126,-0.8163963556289673,1.1003739833831787
2144,P0AFG3_H298T,C(CC(=O)O)C(=O)C(=O)O,-2.6020599913279625,-0.3297542929649353,-0.7785695195198059,1.0983564853668213
2145,P0AFG3_H260E/H298N,C(CC(=O)O)C(=O)C(=O)O,-2.563837352959244,-0.3716241717338562,-0.7693710327148438,1.0222233533859253
2146,P0AFG3_H298T,CCCC(=O)C(=O)O,-1.8153085691824011,-0.41250354051589966,-0.4319484829902649,1.2059108018875122
2147,P0AFG3_H298L,CCCC(=O)C(=O)O,-2.2006594505464183,-0.4539570212364197,-0.46067821979522705,1.207726240158081
2148,P0AFG3_H298V,C(CC(=O)O)C(=O)C(=O)O,-0.7825160557860937,-0.3618444800376892,-0.800550639629364,1.0944232940673828
2149,P0AFG3_wild,CCCC(=O)C(=O)O,-1.7878123955960423,-0.3094654083251953,-0.47341758012771606,1.3451108932495117
2150,P0AFG3_H298L,C(CC(=O)O)C(=O)C(=O)O,-2.4672456210075024,-0.3733075261116028,-0.8165578246116638,1.102342128753662
2151,P0AFG3_wild,C(CC(=O)O)C(=O)C(=O)O,-2.583359492661719,-0.23815037310123444,-0.8403849601745605,1.2337427139282227
2152,P0AFG3_H298D,CCCC(=O)C(=O)O,-2.153662887870195,-0.4727136492729187,-0.42788371443748474,1.1598851680755615
2153,P0AFG3_H298V,CCCC(=O)C(=O)O,-2.0476919903378747,-0.44104254245758057,-0.4512089192867279,1.2001049518585205
2154,Q57872_wild,C1C(C(OC1N2C=CC(=NC2=O)N)COP(=O)(O)OP(=O)(O)OP(=O)(O)O)O,1.24551266781415,-0.1932293176651001,-1.0544824600219727,1.038737177848816
2155,O54259_wild,C1C2=C(C(=CC=C2)O)C(=O)C3=C1C=CC=C3O,-0.6575773191777937,-0.2727905511856079,-0.7911263108253479,1.2571160793304443
2156,O54259_wild,O=O,-0.36653154442041347,0.774482786655426,-0.3193362355232239,0.9651886224746704
2157,A0A455ZJC3_wild,CCCCCC1=C(C(=CC(=C1)O)O)C(=O)O,-2.171984935776023,-0.5485043525695801,-1.000037670135498,0.6113914251327515
2158,A0A2U9GGW3_wild,CC(=O)OC1C=C2C3CC4=C(C2(CCN3C)C=C1OC)C(=C(C=C4)OC)O,-1.6575773191777938,-0.30091917514801025,-1.3820984363555908,1.550844669342041
2159,Q8L0X1_wild,CCCCCCCCCCCC(=O)SCCNC(=O)CCNC(=O)C(C(C)(C)COP(=O)(O)OP(=O)(O)OCC1C(C(C(O1)N2C=NC3=C(N=CN=C32)N)O)OP(=O)(O)O)O,-1.1674910872937636,0.703514575958252,-1.734492540359497,1.8885481357574463
2160,Q48436_F212W,CC(C(C)O)O,1.0086001717619133,1.0469391345977783,1.057204008102417,0.4480615258216858
2161,Q48436_wild,CC(C(C)O)O,0.7965743332104297,1.0219132900238037,1.1033966541290283,0.4191136360168457
2162,Q48436_N146Q,CC(C(C)O)O,1.0358298252528282,1.0281578302383423,1.089343786239624,0.42157652974128723
2163,Q48436_F212Y,CC(C(C)O)O,0.8721562727482929,1.0315557718276978,1.1077301502227783,0.4229741096496582
2164,Q48436_F212S,CC(C(C)O)O,1.379305517750582,1.0662050247192383,1.0911612510681152,0.4331757426261902
2165,A4XJ56_wild,CC1C(C(C(C(O1)O)O)O)O,2.14921911265538,1.4892410039901733,0.8254738450050354,0.3240445554256439
2166,B8E1T1_D373A,CC1C(C(C(C(O1)O)O)O)O,2.146128035678238,1.4899787902832031,0.8157300353050232,0.3734237551689148
2167,B8E1T1_F452A,CC1C(C(C(C(O1)O)O)O)O,1.9344984512435677,1.5230084657669067,0.8407987356185913,0.3891899585723877
2168,B8E1T1_W102A,CC1C(C(C(C(O1)O)O)O)O,1.8864907251724818,1.4088281393051147,0.8511099219322205,0.31796374917030334
2169,B8E1T1_W510A,CC1C(C(C(C(O1)O)O)O)O,1.954242509439325,1.548963189125061,0.8337025046348572,0.3975721001625061
2170,B8E1T1_Q314A,CC1C(C(C(C(O1)O)O)O)O,2.3521825181113627,1.572192907333374,0.8270586729049683,0.4179832935333252
2171,B8E1T1_H539A,CC1C(C(C(C(O1)O)O)O)O,1.7160033436347992,1.4035866260528564,0.8322421908378601,0.3035382628440857
2172,B8E1T1_V131A,CC1C(C(C(C(O1)O)O)O)O,2.1702617153949575,1.5707825422286987,0.844710111618042,0.4111369848251343
2173,B8E1T1_N404A,CC1C(C(C(C(O1)O)O)O)O,1.9637878273455553,1.4721274375915527,0.835555374622345,0.34906095266342163
2174,B8E1T1_I199A,CC1C(C(C(C(O1)O)O)O)O,2.305351369446624,1.5102359056472778,0.8465107679367065,0.380506306886673
2175,B8E1T1_wild,CC1C(C(C(C(O1)O)O)O)O,1.8573324964312685,1.5668964385986328,0.8372546434402466,0.4112039804458618
2176,B8E1T1_R30A,CC1C(C(C(C(O1)O)O)O)O,1.9294189257142929,1.548406958580017,0.8313184380531311,0.40917646884918213
2177,B8E1T1_M197A,CC1C(C(C(C(O1)O)O)O)O,2.220108088040055,1.5699049234390259,0.8518235087394714,0.40590041875839233
2178,B8E1T1_S405A,CC1C(C(C(C(O1)O)O)O)O,2.5854607295085006,1.5634407997131348,0.83464115858078,0.41480088233947754
2179,B8E1T1_Y451A,CC1C(C(C(C(O1)O)O)O)O,2.4800069429571505,1.4826103448867798,0.8566576242446899,0.36223557591438293
2180,B8E1T1_N538A,CC1C(C(C(C(O1)O)O)O)O,2.530199698203082,1.5593739748001099,0.8172565698623657,0.4097293019294739
2181,Q8KT80_wild,C1=NC(=C2C(=N1)N(C=N2)C3C(C(C(O3)COP(=O)(O)OP(=O)(O)OP(=O)(O)O)O)O)N,0.07918124604762482,0.8929992318153381,-0.0615440309047699,1.0978479385375977
2182,O64983_wild,C(C1C(C(C(O1)(CO)O)O)O)OP(=O)(O)O,0.14612803567823798,0.539899468421936,-0.4779791831970215,0.7708346843719482
2183,O64983_wild,C1=NC(=C2C(=N1)N(C=N2)C3C(C(C(O3)COP(=O)(O)OP(=O)(O)OP(=O)(O)O)O)O)N,-0.494850021680094,0.3621717691421509,-0.9540606737136841,0.8366532325744629
2184,Q9MB58_wild,C(C1C(C(C(O1)(CO)O)O)O)OP(=O)(O)O,-0.3010299956639812,0.6227324604988098,-0.4407861828804016,0.7945867776870728
2185,Q9MB58_wild,C1=NC(=C2C(=N1)N(C=N2)C3C(C(C(O3)COP(=O)(O)OP(=O)(O)OP(=O)(O)O)O)O)N,-0.721246399047171,0.4432676434516907,-0.9410398006439209,0.8772885799407959
2186,A0A0E4B8Q4_wild,CCCCCCCCCCCCCCCC(=O)OCC(COP(=O)([O-])OCC[N+](C)(C)C)OC(=O)CCCCCCCC=CCCCCCCCC,-0.5670307091255944,1.7910782098770142,0.3530820608139038,2.197467565536499
2187,A0A0E4B8Q4_wild,CC(=O)OCC(COP(=O)([O-])OCC[N+](C)(C)C)O,-1.2898826348881838,1.665995478630066,0.5834235548973083,1.7998623847961426
2188,Q9M0A7_wild,C1=CC=C(C=C1)CC(=NO)SCC(C(=O)NCC(=O)[O-])NC(=O)CCC(C(=O)[O-])[NH3+],-1.431798275933005,0.7811738848686218,-0.5120327472686768,1.2034684419631958
2189,D2Z026_wild,C(C(C(=O)O)N)ONC(=O)N,1.2304489213782739,0.6403073668479919,0.7636334300041199,1.1255279779434204
2190,Q18AQ5_wild,CCCC(=O)SCCNC(=O)CCNC(=O)C(C(C)(C)COP(=O)(O)OP(=O)(O)OCC1C(C(C(O1)N2C=NC3=C(N=CN=C32)N)O)OP(=O)(O)O)O,-2.0,0.8964473605155945,-1.3534791469573975,2.1435961723327637
2191,Q9SXL5_wild,OO,-1.3010299956639813,2.8081467151641846,-0.9344343543052673,2.7266430854797363
2192,Q9TNL9_wild,OO,-1.6575773191777938,3.296194076538086,-0.555090069770813,2.8071773052215576
2193,Q9TNL9_wild,C(C(C1C(=C(C(=O)O1)O)O)O)O,-0.40340290437353976,2.681101083755493,-0.39602670073509216,1.862902283668518
2194,Q9SXL5_wild,C(C(C1C(=C(C(=O)O1)O)O)O)O,-0.46852108295774486,1.9836941957473755,-0.6251440644264221,2.007521152496338
2195,P71875_wild,CC12CCC3C(C1CCC2=O)CCC4=CC(=O)C=CC34C,-0.958607314841775,-0.024354204535484314,-2.2027370929718018,1.612923264503479
2196,P71875_wild,O=O,0.07918124604762482,0.7316343188285828,-1.5514740943908691,1.2009716033935547
2197,F1CMY8_wild,CC12CCC3C(C1CCC2O)CCC4=CC(=O)CCC34C,-3.3010299956639813,-0.008835241198539734,-2.197331428527832,1.4072372913360596
2198,F1CMY8_wild,O=O,-1.3098039199714864,0.7140637040138245,-1.5689857006072998,1.2550022602081299
2199,F1CMY8_wild,CC(C1CCC2C1(CCC3C2CCC4=CC(=O)CCC34C)C)C(=O)[O-],-2.9208187539523753,-0.1441553235054016,-1.8676493167877197,1.5156142711639404
2200,F1CMY8_wild,CC12CCC(=O)CC1CCC3C2CCC4(C3CCC4=O)C,-2.214670164989233,-0.015113383531570435,-1.9418587684631348,1.553234338760376
2201,P71875_wild,CC12CCC(=O)C=C1CCC3C2CCC4(C3CCC4=O)C,-1.619788758288394,-0.2498905509710312,-2.022797107696533,1.6258680820465088
2202,F1CMX0_wild,CC12CCC3C(C1CCC2=O)CCC4=CC(=O)C=CC34C,-1.3010299956639813,0.017547443509101868,-2.4297142028808594,1.7891499996185303
2203,F1CMX0_wild,O=O,-2.8239087409443187,0.680670440196991,-1.6415326595306396,1.374228596687317
2204,F1CMX0_wild,CC12CCC3C(C1CCC2O)CCC4=CC(=O)CCC34C,-0.958607314841775,0.029069975018501282,-2.304567575454712,1.496683955192566
2205,F1CMX0_wild,CC(C1CCC2C1(CCC3C2CCC4=CC(=O)CCC34C)C)C(=O)[O-],-2.657577319177794,-0.15403802692890167,-1.9698560237884521,1.6076698303222656
2206,P56463_wild,C1=NC2=C(N1C3C(C(C(O3)CO)O)O)N=C(NC2=O)N,-1.7144426909922261,0.9540489315986633,-0.9690232872962952,1.7568013668060303
2207,P56463_wild,[O-]P(=O)([O-])[O-],-0.8996294548824371,1.1204931735992432,0.09434029459953308,1.6002781391143799
2208,P56463_wild,CN1C=[N+](C2=C1C(=O)NC(=N2)N)C3C(C(C(O3)CO)O)O,-1.26440110030182,0.6727973818778992,-1.2025232315063477,1.6425034999847412
2209,P0ABP8_wild,C1=NC2=C(N=C(N=C2N1C3C(C(C(O3)CO)O)O)F)N,-1.9208187539523751,0.9334462285041809,-1.1190464496612549,1.540466070175171
2210,P0ABP8_wild,CN1C=NC2=C1C(=S)N=C(N2)N,-1.8860566476931633,0.23804695904254913,-1.643984317779541,1.410773754119873
2211,P0ABP8_wild,C12=NNN=C1N=C(NC2=O)N,-0.6989700043360187,0.7961951494216919,-1.5481328964233398,1.683667778968811
2212,P0ABP8_wild,CSC1=NC=NC2=C1N=CN2C3C(C(C(O3)CO)O)O,-2.0457574905606752,0.9363745450973511,-1.4679553508758545,1.9298380613327026
2213,P0ABP8_wild,C1C(C(OC1N2C=NC3=C(N=C(N=C32)F)N)CO)O,-1.6382721639824072,0.7496870756149292,-1.6362347602844238,1.8624374866485596
2214,P0ABP8_wild,C1=NC2=C(C(=O)N1)N=CN2C3C(C(C(O3)CO)O)O,-1.0177287669604316,1.2538987398147583,-1.217653512954712,1.910933494567871
2215,P0ABP8_wild,C1=CC(=C[N+](=C1)C2C(C(C(O2)CO)O)O)C(=O)N,-0.2076083105017461,1.438517689704895,-0.6535245180130005,1.3846217393875122
2216,P0ABP8_wild,C1=NC(=C2C(=N1)N(C=N2)C3C(C(C(O3)CO)O)O)N,-1.337242168318426,1.041709303855896,-1.7192981243133545,1.9698066711425781
2217,P0ABP8_wild,CN1C=[N+](C2=C1C(=O)NC=N2)C3C(C(C(O3)CO)O)O,-0.5686362358410126,1.3335264921188354,-1.4336097240447998,1.7526911497116089
2218,A3F8V1_wild,[O-]P(=O)([O-])[O-],-0.6777807052660807,1.3395408391952515,-0.21933478116989136,1.5544486045837402
2219,A3F8V1_wild,C1=NC2=C(C(=O)N1)N=CN2C3C(C(C(O3)CO)O)O,-0.17392519729917355,1.3606101274490356,-1.036991834640503,1.9164671897888184
2220,P45563_wild,C1=NC2=C(N1C3C(C(C(O3)CO)O)O)N=C(NC2=O)N,-0.8096683018297085,1.0694700479507446,-0.8240594267845154,1.694096326828003
2221,P45563_Y191L,C1=NC2=C(N1C3C(C(C(O3)CO)O)O)N=C(NC2=O)N,-0.6038006529042638,1.0464085340499878,-0.8489006757736206,1.6903802156448364
2222,P45563_wild,C1=NC2=C(N1C3C(C(C(O3)CO)O)O)NC(=O)NC2=O,-1.1426675035687315,1.1632598638534546,-0.6709936261177063,1.883662462234497
2223,P45563_Y191L,C1=NC2=C(C(=O)N1)N=CN2C3C(C(C(O3)CO)O)O,-0.6363880201078557,1.1541765928268433,-0.551120400428772,1.807360291481018
2224,P45563_N239D,C1=NC(=C2C(=N1)N(C=N2)C3C(C(C(O3)CO)O)O)N,-0.5816987086802545,1.0134755373001099,-1.1011734008789062,1.8658335208892822
2225,P45563_wild,C1=NC2=C(C(=O)N1)N=CN2C3C(C(C(O3)CO)O)O,-0.0163737128754655,1.1648024320602417,-0.525417685508728,1.83243989944458
2226,C8CPR9_wild,C1=NC2=C(C(=O)N1)N=CN2C3C(C(C(O3)CO)O)O,-0.4089353929735008,1.382368564605713,-1.077181100845337,1.925950527191162
2227,C8CPR9_T156S,C1=NC2=C(C(=O)N1)N=CN2C3C(C(C(O3)CO)O)O,-4.522878745280337,1.405174970626831,-1.0793745517730713,1.9470326900482178
2228,C8CPR9_T156A,C1=NC2=C(C(=O)N1)N=CN2C3C(C(C(O3)CO)O)O,-2.869666231504994,1.3950122594833374,-1.1036436557769775,1.9368996620178223
2229,Q8LAS8_wild,CCCCC(=O)OC1=CC2=C(C=C1)C(=CC(=O)O2)C,-1.3010299956639813,0.5092016458511353,-1.3936622142791748,1.2161848545074463
2230,Q8LAS8_wild,CC1=CC(=O)OC2=C1C=CC(=C2)OC(=O)C(C)(C)C,-1.0,0.7955104112625122,-0.7925595641136169,1.5775513648986816
2231,Q8LAS8_wild,CCCCCCC(=O)OC1=CC2=C(C=C1)C(=CC(=O)O2)C,-1.3979400086720375,0.2225910872220993,-1.5912363529205322,1.261958360671997
2232,Q8LAS8_wild,CCCCCC(=O)OC1=CC2=C(C=C1)C(=CC(=O)O2)C,-1.0457574905606752,0.3589823842048645,-1.5404458045959473,1.388474941253662
2233,Q8LAS8_wild,CCCC(=O)OC1=CC2=C(C=C1)C(=CC(=O)O2)C,-1.154901959985743,0.6390472650527954,-1.2382237911224365,1.244349718093872
2234,Q8LAS8_wild,CC1=CC(=O)OC2=C1C=CC(=C2)OC(=O)C,-1.0969100130080565,0.717472493648529,-0.8696942925453186,1.3133575916290283
2235,Q8LAS8_wild,CCC(=O)OC1=CC2=C(C=C1)C(=CC(=O)O2)C,-1.0969100130080565,0.6828451752662659,-1.2575335502624512,1.292064905166626
2236,Q8LAS8_wild,CC1=CC(=O)OC2=C1C=CC(=C2)OC(=O)CC(C)C,-1.0969100130080565,1.163246750831604,-0.7134070992469788,1.4937889575958252
2237,P40363_C60K/W197I,CCCC(=O)OC1=CC=C(C=C1)[N+](=O)[O-],-1.5228787452803376,-0.41950076818466187,-0.38336965441703796,0.7576810717582703
2238,P40363_C60Q/W197I,CC(=O)OC1=CC=C(C=C1)[N+](=O)[O-],-1.0,-0.4081316590309143,-0.21773433685302734,0.774054229259491
2239,P40363_C60Q/W197I,CCCC(=O)OC1=CC=C(C=C1)[N+](=O)[O-],-1.9208187539523751,-0.29708510637283325,-0.4141318202018738,0.8101761937141418
2240,P40363_C60R/W197I,CC(=O)OC1=CC=C(C=C1)[N+](=O)[O-],-1.8860566476931633,-0.7031719088554382,-0.17318305373191833,0.6277107000350952
2241,P40363_W197I,CCCC(=O)OC1=CC=C(C=C1)[N+](=O)[O-],-1.3979400086720375,-0.3070695400238037,-0.4267198443412781,0.8091505169868469
2242,P40363_C60R/W197I,CCCC(=O)OC1=CC=C(C=C1)[N+](=O)[O-],-1.744727494896694,-0.5675303339958191,-0.3656635880470276,0.664836049079895
2243,P40363_wild,CCCC(=O)OC1=CC=C(C=C1)[N+](=O)[O-],-1.0457574905606752,-0.15703968703746796,-0.4756106734275818,0.8698374032974243
2244,P40363_L58H/W197I,CCCC(=O)OC1=CC=C(C=C1)[N+](=O)[O-],-0.6989700043360187,-0.33614617586135864,-0.4098045229911804,0.7712564468383789
2245,P40363_M162H/C60S/W197I,CCCC(=O)OC1=CC=C(C=C1)[N+](=O)[O-],-0.9208187539523751,-0.4592137932777405,-0.3576745390892029,0.6649463176727295
2246,P40363_M162H,CC(=O)OC1=CC=C(C=C1)[N+](=O)[O-],-0.045757490560675115,-0.36992812156677246,-0.23907466232776642,0.714624285697937
2247,P40363_M162H,CCCC(=O)OC1=CC=C(C=C1)[N+](=O)[O-],-0.853871964321762,-0.29596179723739624,-0.4368283748626709,0.7380385398864746
2248,P40363_C60S,CCCC(=O)OC1=CC=C(C=C1)[N+](=O)[O-],-0.721246399047171,-0.21442164480686188,-0.45942121744155884,0.8237097263336182
2249,P40363_L58H/W197I,CC(=O)OC1=CC=C(C=C1)[N+](=O)[O-],-0.6382721639824072,-0.4504386782646179,-0.21804606914520264,0.7351585626602173
2250,P40363_C60K/W197I,CC(=O)OC1=CC=C(C=C1)[N+](=O)[O-],-0.8239087409443188,-0.5560697913169861,-0.2036082148551941,0.7293044328689575
2251,P40363_C60H/W197I,CCCC(=O)OC1=CC=C(C=C1)[N+](=O)[O-],-0.8860566476931633,-0.4195846915245056,-0.3755073547363281,0.7439884543418884
2252,P40363_C60H/W197I,CC(=O)OC1=CC=C(C=C1)[N+](=O)[O-],-0.46852108295774486,-0.5438877940177917,-0.18351435661315918,0.7104342579841614
2253,P40363_C60S/W197I,CCCC(=O)OC1=CC=C(C=C1)[N+](=O)[O-],-1.7212463990471711,-0.35709357261657715,-0.3975846767425537,0.7679000496864319
2254,P40363_wild,CC(C(=O)SCC(C(=O)NCC(=O)O)NC(=O)CCC(C(=O)O)N)O,0.09691001300805642,1.0973693132400513,-0.39200013875961304,1.158604621887207
2255,P40363_wild,CC(=O)OC1=CC=C(C=C1)[N+](=O)[O-],-0.3979400086720376,-0.21357707679271698,-0.2864103317260742,0.8491586446762085
2256,P40363_C60S/W197I,CC(=O)OC1=CC=C(C=C1)[N+](=O)[O-],-0.853871964321762,-0.46993762254714966,-0.2050597220659256,0.7290995121002197
2257,P40363_C60S,CC(=O)OC1=CC=C(C=C1)[N+](=O)[O-],-0.721246399047171,-0.2765038013458252,-0.2583561837673187,0.8055033683776855
2258,P40363_W197I,CC(C(=O)SCC(C(=O)NCC(=O)O)NC(=O)CCC(C(=O)O)N)O,0.47712125471966244,0.9255613684654236,-0.34669119119644165,1.047425627708435
2259,P40363_W197I,CC(=O)OC1=CC=C(C=C1)[N+](=O)[O-],-1.2676062401770316,-0.39754635095596313,-0.24025490880012512,0.7730147242546082
2260,P40363_M162H/C60S/W197I,CC(=O)OC1=CC=C(C=C1)[N+](=O)[O-],0.414973347970818,-0.5848661065101624,-0.15857039391994476,0.6265212893486023
2261,C8WJZ5_wild,C(C1C(C(C(O1)O)OP(=O)([O-])[O-])O)OP(=O)([O-])[O-],-1.6382721639824072,0.9298439621925354,-1.1484644412994385,1.5459848642349243
2262,C8WJZ5_wild,C(C1C(C2C(O1)OP(=O)(O2)O)O)OP(=O)(O)O,-1.853871964321762,0.3241161108016968,-0.8594105243682861,1.212476372718811
2263,B8R7Q2_wild,C1=NC2=C(N1C3C(C(C(O3)COP(=O)(O)OP(=O)(O)OC4C(C(C(C(O4)CO)O)O)O)O)O)N=C(NC2=O)N,-0.15490195998574322,0.9116879105567932,-0.1690802127122879,1.0256054401397705
2264,B8R7Q2_wild,C(C(C(C(C(C=O)O)O)O)O)OP(=O)(O)O,0.4623979978989561,1.0740578174591064,0.4509750008583069,0.8021469712257385
2265,Q8DPI3_wild,C(C(C(C(=O)CO)O)O)OP(=O)(O)O,-1.214670164989233,1.1858760118484497,-0.5095384120941162,0.9041026830673218
2266,P24031_wild,CC1=C(SC=[N+]1CC2=CN=C(N=C2N)C)CCOP(=O)(O)OP(=O)(O)O,-0.6989700043360187,1.9966721534729004,-0.8733340501785278,1.8387620449066162
2267,P24031_wild,C1=CC(=CC=C1[N+](=O)[O-])OP(=O)(O)O,0.17609125905568124,1.916760802268982,0.494407594203949,1.2550839185714722
2268,P24031_wild,CC1=C(SC=[N+]1CC2=CN=C(N=C2N)C)CCOP(=O)(O)O,-0.5686362358410126,2.02610182762146,-0.8437225222587585,1.7587263584136963
2269,A3DH67_wild,C(C1C(C(C(C(O1)OC2C(OC(C(C2O)O)OC3C(OC(C(C3O)O)OC4C(OC(C(C4O)O)OC5C(OC(C(C5O)O)O)CO)CO)CO)CO)O)O)O)O,0.14612803567823798,1.5295292139053345,0.36704307794570923,0.8015062808990479
2270,W0FKI0_wild,CC1=CCC2C(CCCC2(C1CO)C)(C)C,-1.958607314841775,0.25309717655181885,-2.0180535316467285,1.5653274059295654
2271,A0JC76_wild,C(C(C(C(=O)COP(=O)([O-])[O-])O)O)C(C(=O)[O-])[NH3+],-1.9208187539523751,-0.038948774337768555,-1.1560711860656738,0.6714149117469788
2272,Q7UXY8_wild,C(C(C(=O)O)O)OP(=O)(O)O,-0.3979400086720376,-0.3341757655143738,0.07648049294948578,0.3816288411617279
2273,Q7UXY8_wild,C1=NC(=C2C(=N1)N(C=N2)C3C(C(C(O3)COP(=O)(O)OP(=O)(O)OC4C(C(C(C(O4)CO)O)O)O)O)O)N,-0.15490195998574322,-0.744414746761322,-0.008950501680374146,0.6416910290718079
2274,A9QXB4_wild,C(C(C(=O)O)O)OP(=O)(O)O,-0.5228787452803376,0.0813397467136383,-0.1943516582250595,0.5714855194091797
2275,A9QXB4_wild,C1=CN(C(=O)NC1=O)C2C(C(C(O2)COP(=O)(O)OP(=O)(O)OC3C(C(C(C(O3)CO)O)O)O)O)O,0.19865708695442263,-0.16336357593536377,-0.3097168803215027,0.740294337272644
2276,P07202_wild,COC1=CC=CC=C1O,0.7442929831226762,0.7966138124465942,-0.7368033528327942,1.1661148071289062
2277,P07202_P499L,COC1=CC=CC=C1O,0.8686444383948257,0.801278293132782,-0.7394952178001404,1.1586236953735352
2278,P07202_G387R,COC1=CC=CC=C1O,0.846955325019824,0.8002385497093201,-0.7351990342140198,1.1601330041885376
2279,P07202_C808R,COC1=CC=CC=C1O,0.9854264740830017,0.7107197046279907,-0.7368141412734985,1.0969598293304443
2280,Q5ZH56_wild,C(=O)(C(=O)[O-])[O-],1.173186268412274,1.1457042694091797,0.3946743607521057,1.1398870944976807
2281,Q5ZH56_wild,C(=O)(C(=O)O)O,-0.2596373105057561,1.8548115491867065,0.5589408278465271,1.139108657836914
2282,E9NR87_wild,C(C1C(C(C(C(O1)OC2C(C(C(C(O2)COP(=O)(O)O)O)O)O)O)O)O)O,-0.2924298239020636,-0.02829805016517639,-0.8062874674797058,0.629406750202179
2283,P9WFZ5_wild,C(C1C(C(C(C(O1)OC2C(C(C(C(O2)COP(=O)(O)O)O)O)O)O)O)O)O,-0.1890957193312996,-1.338847041130066,-0.4588315486907959,-0.008676588535308838
2284,A0A0E4GVV3_wild,C(C1C(C(C(C(O1)OC2C(C(C(C(O2)COP(=O)(O)O)O)O)O)O)O)O)O,-0.8860566476931633,-0.44345855712890625,-0.42728424072265625,0.5144158005714417
2285,A0A024JUE5_wild,C(C1C(C(C(C(O1)OC2C(C(C(C(O2)COP(=O)(O)O)O)O)O)O)O)O)O,-1.0861861476162833,-0.6148062348365784,-0.5229843854904175,0.4598581790924072
2286,P9WJN3_wild,CC(=O)NC1C(C(C(OC1O)CO)O)O,1.5797835966168101,-0.6971840262413025,1.33284592628479,-0.3539241552352905
2287,P9WJN3_D15A,CC(=O)NC1C(C(C(OC1O)CO)O)O,1.7160033436347992,-1.3195773363113403,1.4704694747924805,-0.7917237281799316
2288,P9WJN3_wild,CC(=O)NC1C(C(C(OC1OC2C(C(C(C(C2O)O)O)O)O)CO)O)O,-0.46852108295774486,-0.5111505389213562,0.75522381067276,0.006555140018463135
2289,P9WJN3_L19A,CC(=O)NC1C(C(C(OC1O)CO)O)O,1.4913616938342726,-0.7112554311752319,1.3641612529754639,-0.39002496004104614
2290,P9WJN3_F216A,CC(=O)NC1C(C(C(OC1O)CO)O)O,1.4313637641589874,-0.6937951445579529,1.3527288436889648,-0.36108601093292236
2291,P9WJN3_D146N,CC(=O)NC1C(C(C(OC1O)CO)O)O,1.7993405494535817,-0.7057549953460693,1.3294811248779297,-0.36714279651641846
2292,P9WJN3_E47A,CC(=O)NC1C(C(C(OC1O)CO)O)O,1.2430380486862944,-0.6997811198234558,1.3233723640441895,-0.34468385577201843
2293,P9WJN3_M98A,CC(=O)NC1C(C(C(OC1O)CO)O)O,2.0569048513364727,-0.6765149235725403,1.3481175899505615,-0.3428466320037842
2294,Q0VJU2_wild,CC(=O)OCC1=C(N2C(C(C2=O)NC(=O)CC3=CC=CS3)SC1)C(=O)O,-2.212539525481585,0.9675018787384033,-1.1411850452423096,2.3859500885009766
2295,Q0VJU2_wild,CC1(C(N2C(S1)C(C2=O)NC(=O)C(C3=CC=CC=C3)N)C(=O)O)C,-2.048176964684088,0.2519293427467346,-1.2403061389923096,1.6893227100372314
2296,B2BSN6_wild,CC(=O)OCC1=C(N2C(C(C2=O)NC(=O)CC3=CC=CS3)SC1)C(=O)O,-1.3467874862246563,1.027309536933899,-1.3830080032348633,2.8484420776367188
2297,P13661_wild,CC(=O)OCC1=C(N2C(C(C2=O)NC(=O)C(=NOC)C3=CSC(=N3)N)SC1)C(=O)O,-1.677780705266081,0.6285949945449829,-0.6524316668510437,2.110987424850464
2298,P13661_wild,C[N+]1(CCCC1)CC2=C(N3C(C(C3=O)NC(=O)C(=NOC)C4=CSC(=N4)N)SC2)C(=O)[O-],-0.7695510786217261,0.577177107334137,-0.7600937485694885,1.9553098678588867
2299,P13661_wild,CC1(C(N2C(S1)C(C2=O)NC(=O)C(C3=CC=CC=C3)N)C(=O)O)C,-1.4436974992327127,1.2723402976989746,-0.7662281394004822,2.267305612564087
2300,P13661_wild,C1C(=C(N2C(S1)C(C2=O)NC(=O)CC3=CC=CS3)C(=O)O)C=CC4=C(C=C(C=C4)[N+](=O)[O-])[N+](=O)[O-],-2.1191864077192086,1.3657594919204712,-0.9631279110908508,2.3594272136688232
2301,A3RIY0_wild,CC(=O)OCC1=C(N2C(C(C2=O)NC(=O)CC3=CC=CS3)SC1)C(=O)O,-1.207608310501746,1.801289677619934,-2.0578460693359375,3.210690498352051
2302,A3RIY0_wild,CC1(C(N2C(S1)C(C2=O)NC(=O)CC3=CC=CC=C3)C(=O)O)C,-1.6575773191777938,1.2184756994247437,-2.232407331466675,2.4394001960754395
2303,A3RIY0_wild,CC(=O)OCC1=C(N2C(C(C2=O)NC(=O)C(=NOC)C3=CSC(=N3)N)SC1)C(=O)O,-1.537602002101044,0.050356149673461914,-2.1461453437805176,2.2937967777252197
2304,A3RIY0_wild,COC1(C2N(C1=O)C(=C(CS2)COC(=O)N)C(=O)O)NC(=O)CC3=CC=CS3,-1.3565473235138126,-0.2379767745733261,-2.533756971359253,1.83756685256958
2305,A3RIY0_wild,CC(C)(C(=O)O)ON=C(C1=CSC(=N1)N)C(=O)NC2C3N(C2=O)C(=C(CS3)C[N+]4=CC=CC=C4)C(=O)[O-],-0.9393021596463883,-0.17783528566360474,-1.8121201992034912,1.8114416599273682
2306,A1EGT8_wild,CC(=O)OCC1=C(N2C(C(C2=O)NC(=O)CC3=CC=CS3)SC1)C(=O)O,-1.2218487496163564,2.0189640522003174,-2.071164608001709,3.2398221492767334
2307,A1EGT8_wild,CC(=O)OCC1=C(N2C(C(C2=O)NC(=O)C(=NOC)C3=CSC(=N3)N)SC1)C(=O)O,-1.5686362358410126,0.2780519127845764,-2.1767239570617676,2.3451008796691895
2308,A1EGT8_wild,COC1(C2N(C1=O)C(=C(CS2)COC(=O)N)C(=O)O)NC(=O)CC3=CC=CS3,-1.337242168318426,-0.04590706527233124,-2.522124767303467,1.8934158086776733
2309,A1EGT8_wild,CC1(C(N2C(S1)C(C2=O)NC(=O)CC3=CC=CC=C3)C(=O)O)C,-1.585026652029182,1.372084617614746,-2.217808485031128,2.4874095916748047
2310,A1EGT8_wild,CON=C(C1=CC=CO1)C(=O)NC2C3N(C2=O)C(=C(CS3)COC(=O)N)C(=O)O,-1.3665315444204134,-0.09118340909481049,-2.217956304550171,1.935196876525879
2311,A1EGT8_wild,CC(C)(C(=O)O)ON=C(C1=CSC(=N1)N)C(=O)NC2C3N(C2=O)C(=C(CS3)C[N+]4=CC=CC=C4)C(=O)[O-],-0.9507819773298184,0.011165067553520203,-1.831282615661621,1.8682490587234497
2312,P00811_wild,CC(=O)OCC1=C(N2C(C(C2=O)NC(=O)C(=NOC)C3=CSC(=N3)N)SC1)C(=O)O,-3.0604807473813813,0.2568601369857788,-2.312948226928711,2.332230567932129
2313,P00811_wild,COC1(C2N(C1=O)C(=C(CS2)COC(=O)N)C(=O)O)NC(=O)CC3=CC=CS3,-3.1870866433571443,-0.018632307648658752,-2.598745107650757,1.834431767463684
2314,P00811_wild,CC(C1C2CC(=C(N2C1=O)C(=O)O)SCCN=CN)O,1.505149978319906,-0.1131434291601181,-2.2858548164367676,1.563739538192749
2315,P00811_wild,CC(C)(C(=O)O)ON=C(C1=CSC(=N1)N)C(=O)NC2C3N(C2=O)C(=C(CS3)C[N+]4=CC=CC=C4)C(=O)[O-],2.4313637641589874,0.01719161868095398,-1.9215233325958252,1.8247451782226562
2316,P00811_wild,CC(=O)OCC1=C(N2C(C(C2=O)NC(=O)CC3=CC=CS3)SC1)C(=O)O,-1.3767507096020997,2.0315656661987305,-2.183187484741211,3.178215980529785
2317,P00811_wild,C1C(=C(N2C(S1)C(C2=O)NC(=O)CC3=CC=CS3)C(=O)[O-])C[N+]4=CC=CC=C4,-0.7695510786217261,2.3995022773742676,-1.8907122611999512,3.1979403495788574
2318,Q6D395_wild,CON=C(C1=CC=CO1)C(=O)NC2C3N(C2=O)C(=C(CS3)COC(=O)N)C(=O)O,-0.958607314841775,1.3491860628128052,-1.2592031955718994,2.729762077331543
2319,Q6D395_wild,CC1(C(N2C(S1)C(C2=O)NC(=O)CC3=CC=CC=C3)C(=O)O)C,-0.6989700043360187,1.678737998008728,-0.6314452290534973,2.3348889350891113
2320,Q6D395_wild,CC(=O)OCC1=C(N2C(C(C2=O)NC(=O)CC3=CC=CS3)SC1)C(=O)O,-0.6989700043360187,1.4758729934692383,-1.3135409355163574,2.6812915802001953
2321,Q6D395_wild,CC(C1C2N(C1=O)C(=C(S2)C3CCCO3)C(=O)O)O,-0.9208187539523751,0.7364547252655029,-0.9856278896331787,2.46085262298584
2322,Q6D395_wild,CN1C(=NC(=O)C(=O)N1)SCC2=C(N3C(C(C3=O)NC(=O)C(=NOC)C4=CSC(=N4)N)SC2)C(=O)O,-0.8860566476931633,0.8908759951591492,-1.2806494235992432,2.8722472190856934
2323,Q6D395_wild,CCN1CCN(C(=O)C1=O)C(=O)NC(C2=CC=CC=C2)C(=O)NC3C4N(C3=O)C(C(S4)(C)C)C(=O)O,-0.46852108295774486,1.5285563468933105,-1.1666224002838135,2.617218255996704
2324,Q6D395_wild,CC1(C(N2C(S1)C(C2=O)NC(=O)C(C3=CC=CC=C3)N)C(=O)O)C,0.2041199826559248,1.5834757089614868,-0.5002631545066833,2.634728193283081
2325,Q6D395_wild,CC1(C(N2C(S1)C(C2=O)NC(=O)C(C3=CSC=C3)C(=O)O)C(=O)O)C,-0.1938200260161128,1.3097904920578003,-0.8672283291816711,2.6034555435180664
2326,Q6D395_wild,CC1C2C(C(=O)N2C(=C1SC3CC(NC3)C(=O)N(C)C)C(=O)O)C(C)O,-0.004364805402450088,0.5656754374504089,-1.3172886371612549,2.321498394012451
2327,Q6D395_wild,COC1(C2N(C1=O)C(=C(CS2)COC(=O)N)C(=O)O)NC(=O)CC3=CC=CS3,0.19589965240923374,0.4570313096046448,-1.3606677055358887,2.1646671295166016
2328,Q6D395_wild,CC(C)(C(=O)O)ON=C(C1=CSC(=N1)N)C(=O)NC2C3N(C2=O)C(=C(CS3)C[N+]4=CC=CC=C4)C(=O)[O-],-0.25103713874383865,0.9527509808540344,-0.9316757321357727,2.5449411869049072
2329,E7BCS7_wild,CC(C1C2CC(=C(N2C1=O)C(=O)O)SCCN=CN)O,-0.6989700043360187,0.3447047472000122,-0.9623494744300842,1.4568917751312256
2330,B2BSN6_wild,CCN1CCN(C(=O)C1=O)C(=O)NC(C2=CC=CC=C2)C(=O)NC3C4N(C3=O)C(C(S4)(C)C)C(=O)O,-3.6989700043360187,0.07807750254869461,-1.7884509563446045,1.9571285247802734
2331,B2BSN6_wild,CC1(C(N2C(S1)C(C2=O)NC(=O)CC3=CC=CC=C3)C(=O)O)C,-2.6989700043360187,0.6433330774307251,-1.4982852935791016,2.0596725940704346
2332,B2BSN6_wild,CC1=NN=C(S1)SCC2=C(N3C(C(C3=O)NC(=O)CN4C=NN=N4)SC2)C(=O)O,-0.9208187539523751,0.972573459148407,-1.1001832485198975,2.9746813774108887
2333,B2BSN6_wild,CC(C)(C(=O)O)ON=C(C1=CSC(=N1)N)C(=O)NC2C3N(C2=O)C(=C(CS3)C[N+]4=CC=CC=C4)C(=O)[O-],-3.920818753952375,-0.6125894784927368,-1.1594223976135254,1.5785865783691406
2334,B2BSN6_wild,CON=C(C1=CSC(=N1)N)C(=O)NC2C3N(C2=O)C(=C(CS3)C[N+]4=CC=CC5=C4CCC5)C(=O)[O-],-1.0705810742857071,-0.2154664546251297,-1.5515460968017578,2.2458057403564453
2335,B2BSN6_wild,CC1=C(N2C(C(C2=O)NC(=O)C(C3=CC=CC=C3)N)SC1)C(=O)O,-1.769551078621726,0.8087809085845947,-1.1351325511932373,2.8895740509033203
2336,B2BSN6_wild,CN1C(=NC(=O)C(=O)N1)SCC2=C(N3C(C(C3=O)NC(=O)C(=NOC)C4=CSC(=N4)N)SC2)C(=O)O,-2.2218487496163566,-0.35911136865615845,-1.554636001586914,2.214918613433838
2337,B2BSN6_wild,C[N+]1(CCCC1)CC2=C(N3C(C(C3=O)NC(=O)C(=NOC)C4=CSC(=N4)N)SC2)C(=O)[O-],-0.44369749923283336,-0.41388821601867676,-1.2556657791137695,1.8196418285369873
2338,B2BSN6_wild,CC1(C(N2C(S1)C(C2=O)NC(=O)C(C3=CC=CC=C3)N)C(=O)O)C,-3.1426675035687315,0.17253874242305756,-1.4408977031707764,1.9656941890716553
2339,B2BSN6_wild,COC1(C2N(C1=O)C(=C(CS2)COC(=O)N)C(=O)O)NC(=O)CC3=CC=CS3,-4.6020599913279625,-0.7102824449539185,-1.7934160232543945,1.5603642463684082
2340,B2BSN6_wild,CC(=O)OCC1=C(N2C(C(C2=O)NC(=O)C(=NOC)C3=CSC(=N3)N)SC1)C(=O)O,-6.045757490560675,-0.5150922536849976,-1.3095154762268066,2.0460033416748047
2341,B2BSN6_wild,CON=C(C1=CC=CO1)C(=O)NC2C3N(C2=O)C(=C(CS3)COC(=O)N)C(=O)O,-5.958607314841775,-0.7216539978981018,-1.559443473815918,1.7683637142181396
2342,B6EPH0_wild,C1C(=C(N2C(S1)C(C2=O)NC(=O)CC3=CC=CS3)C(=O)O)C=CC4=C(C=C(C=C4)[N+](=O)[O-])[N+](=O)[O-],-2.2218487496163566,0.7716720104217529,-1.0187451839447021,2.216010093688965
2343,B6EPH0_wild,CON=C(C1=CC=CO1)C(=O)NC2C3N(C2=O)C(=C(CS3)COC(=O)N)C(=O)O,-1.1674910872937636,0.4419746398925781,-1.1150009632110596,1.739160180091858
2344,P85302_wild,CC1=C(N2C(C(C2=O)NC(=O)C(C3=CC=CC=C3)N)SC1)C(=O)O,-1.3010299956639813,1.371350646018982,-1.391758680343628,3.219180107116699
2345,P85302_wild,CC1(C(N2C(S1)C(C2=O)NC(=O)CC3=CC=CC=C3)C(=O)O)C,-2.638272163982407,1.0728199481964111,-1.8249211311340332,2.395597219467163
2346,P85302_wild,CC1=NN=C(S1)SCC2=C(N3C(C(C3=O)NC(=O)CN4C=NN=N4)SC2)C(=O)O,-0.8239087409443188,1.5202018022537231,-1.246349811553955,3.359753131866455
2347,P85302_wild,CC1(C(N2C(S1)C(C2=O)NC(=O)C(C3=CC=CC=C3)C(=O)O)C(=O)O)C,-2.431798275933005,0.28553909063339233,-2.016242742538452,2.1798441410064697
2348,P85302_wild,CC1(C(N2C(S1)C(C2=O)NC(=O)C(C3=CC=CC=C3)N)C(=O)O)C,-2.2924298239020637,0.5872918367385864,-1.7398183345794678,2.2512614727020264
2349,P85302_wild,C1C(=C(N2C(S1)C(C2=O)NC(=O)CC3=CC=CS3)C(=O)O)C=CC4=C(C=C(C=C4)[N+](=O)[O-])[N+](=O)[O-],-0.9355420107730815,2.0494279861450195,-1.8231465816497803,3.63262939453125
2350,P85302_wild,CC1=C(C(=NO1)C2=CC=CC=C2Cl)C(=O)NC3C4N(C3=O)C(C(S4)(C)C)C(=O)O,-3.7958800173440754,-0.30572813749313354,-1.88057541847229,2.041104793548584
2351,P85302_wild,CC1=C(C(=NO1)C2=CC=CC=C2)C(=O)NC3C4N(C3=O)C(C(S4)(C)C)C(=O)O,-3.9281179926938745,-0.23934631049633026,-1.9232368469238281,2.219789505004883
2352,E7BCS7_wild,CON=C(C1=CC=CO1)C(=O)NC2C3N(C2=O)C(=C(CS3)COC(=O)N)C(=O)O,-2.0457574905606752,0.2550698220729828,-0.8676226735115051,1.70089590549469
2353,E7BCS7_wild,CC1C2C(C(=O)N2C(=C1SC3CC(NC3)C(=O)NC4=CC=CC(=C4)C(=O)O)C(=O)O)C(C)O,-1.5086383061657274,-0.42011094093322754,-1.363152265548706,1.2683762311935425
2354,E7BCS7_wild,CC1C2C(C(=O)N2C(=C1SC3CC(NC3)C(=O)N(C)C)C(=O)O)C(C)O,-1.1249387366083,-0.2155570536851883,-1.3785431385040283,1.3324910402297974
2355,E7BCS7_wild,CCN1CCN(C(=O)C1=O)C(=O)NC(C2=CC=CC=C2)C(=O)NC3C4N(C3=O)C(C(S4)(C)C)C(=O)O,-1.1426675035687315,0.9282179474830627,-1.0361016988754272,1.930550456047058
2356,E7BCS7_wild,COC1(C2N(C1=O)C(=C(CS2)COC(=O)N)C(=O)O)NC(=O)CC3=CC=CS3,-1.1611509092627446,-0.04611523449420929,-1.06675124168396,1.2629156112670898
2357,I6S7G0_wild,CC(C1C2CC(=C(N2C1=O)C(=O)O)SCCN=CN)O,-1.5228787452803376,-0.6297116279602051,-1.0901844501495361,0.9222298264503479
2358,I6S7G0_wild,CCN1CCN(C(=O)C1=O)C(=O)NC(C2=CC=CC=C2)C(=O)NC3C4N(C3=O)C(C(S4)(C)C)C(=O)O,-1.537602002101044,0.2619340419769287,-1.0642337799072266,1.3918222188949585
2359,I6S7G0_wild,CC1=C(C(=NO1)C2=CC=CC=C2)C(=O)NC3C4N(C3=O)C(C(S4)(C)C)C(=O)O,0.26717172840301384,0.15088696777820587,-0.9099053740501404,1.575188398361206
2360,I6S7G0_wild,CC1(C(N2C(S1)C(C2=O)NC(=O)C(C3=CC=C(C=C3)O)N)C(=O)O)C,-0.3925449767853315,0.36568742990493774,-0.8522139191627502,1.5290570259094238
2361,I6S7G0_wild,CC1(C(N2C(S1)C(C2=O)NC(=O)C(C3=CC=CC=C3)N)C(=O)O)C,-0.8961962790440431,0.46804749965667725,-0.8756399750709534,1.647550344467163
2362,I6S7G0_wild,CC1C2C(C(=O)N2C(=C1SC3CC(NC3)C(=O)N(C)C)C(=O)O)C(C)O,-4.522878745280337,-1.1613086462020874,-1.4722673892974854,0.6791402101516724
2363,I6S7G0_wild,CC(=O)OCC1=C(N2C(C(C2=O)NC(=O)CC3=CC=CS3)SC1)C(=O)O,-0.7825160557860937,0.4780732989311218,-0.7413431406021118,1.5790581703186035
2364,I6S7G0_wild,CC1(C(N2C(S1)C(C2=O)NC(=O)C(C3=CSC=C3)C(=O)O)C(=O)O)C,-0.46470587995722956,-0.04720039665699005,-1.1353285312652588,1.3815221786499023
2365,B6EPH0_wild,CC1C2C(C(=O)N2C(=C1SC3CC(NC3)C(=O)NC4=CC=CC(=C4)C(=O)O)C(=O)O)C(C)O,-1.136677139879544,-0.23970840871334076,-1.3760836124420166,1.3914021253585815
2366,B6EPH0_wild,CC(C)(C(=O)O)ON=C(C1=CSC(=N1)N)C(=O)NC2C3N(C2=O)C(=C(CS3)C[N+]4=CC=CC=C4)C(=O)[O-],-1.431798275933005,-0.020214229822158813,-0.9714205861091614,1.630375623703003
2367,B6EPH0_wild,COC1(C2N(C1=O)C(=C(CS2)COC(=O)N)C(=O)O)NC(=O)CC3=CC=CS3,-1.1023729087095586,0.0608554482460022,-1.3257689476013184,1.2022380828857422
2368,B6EPH0_wild,CC1C2C(C(=O)N2C(=C1SC3CC(NC3)C(=O)N(C)C)C(=O)O)C(C)O,-0.8477116556172494,0.01607634127140045,-1.3740904331207275,1.481816291809082
2369,B6EPH0_wild,C[N+]1(CCCC1)CC2=C(N3C(C(C3=O)NC(=O)C(=NOC)C4=CSC(=N4)N)SC2)C(=O)[O-],-0.7520267336381934,-0.02008393406867981,-1.1849949359893799,1.6081539392471313
2370,B6EPH0_wild,CC(C1C2CC(=C(N2C1=O)C(=O)O)SCCN=CN)O,-0.030118356253500032,0.45466428995132446,-1.3121204376220703,1.7882237434387207
2371,A0R0P0_wild,CC(=O)OCC1=C(N2C(C(C2=O)NC(=O)CC3=CC=CS3)SC1)C(=O)O,-0.18375870000821692,0.24082474410533905,-1.008955955505371,1.682858943939209
2372,A0R0P0_wild,CC1(C(N2C(S1)C(C2=O)NC(=O)CC3=CC=CC=C3)C(=O)O)C,-2.474955192963155,0.7598364949226379,-1.1332952976226807,1.8022499084472656
2373,A0R0P0_wild,C1C(=C(N2C(S1)C(C2=O)NC(=O)CC3=CC=CS3)C(=O)O)C=CC4=C(C=C(C=C4)[N+](=O)[O-])[N+](=O)[O-],-2.023191662661934,0.41508740186691284,-1.2332401275634766,1.8276182413101196
2374,A0R0P0_wild,CC1(C(N2C(S1)C(C2=O)NC(=O)C(C3=CSC=C3)C(=O)O)C(=O)O)C,-2.1012748184105066,0.11844806373119354,-1.3087890148162842,1.7406343221664429
2375,A0R0P0_wild,CC1(C(N2C(S1)C(C2=O)NC(=O)C(C3=CC=CC=C3)N)C(=O)O)C,-2.020451625295905,0.5794227123260498,-1.0267925262451172,1.9418621063232422
2376,A0R0P0_wild,[B-]1(N2C(=CC(=C2C=C3[N+]1=C(C=C3)CCC(=O)NC4=CC=C(C=C4)OCC(=O)NC5C6N(C5=O)C(C(S6)(C)C)C(=O)[O-])C)C)(F)F.[Na+],1.7655195430979527,-0.06047496199607849,-1.5207383632659912,1.6211473941802979
2377,A0R0P0_wild,CCN1CCN(C(=O)C1=O)C(=O)NC(C2=CC=CC=C2)C(=O)NC3C4N(C3=O)C(C(S4)(C)C)C(=O)O,-1.9010103605988227,0.3644271492958069,-1.4267361164093018,1.847226619720459
2378,A0R0P0_wild,CC1(C(N2C(S1)C(C2=O)NC(=O)C(C3=CC=C(C=C3)O)N)C(=O)O)C,-2.187755303199631,0.4053769111633301,-1.083406686782837,1.7896673679351807
2379,A0R0P0_wild,CC1(C(N2C(S1)C(C2=O)NC(=O)C(C3=CC=CC=C3)C(=O)O)C(=O)O)C,-1.6627404602497242,0.2718522548675537,-1.2789676189422607,1.9014207124710083
2380,A0R0P0_wild,CC1=C(C(=NO1)C2=CC=CC=C2)C(=O)NC3C4N(C3=O)C(C(S4)(C)C)C(=O)O,-0.7142177262206053,0.08075882494449615,-1.2200579643249512,1.8204295635223389
2381,A0R0P0_wild,CC1=C(N2C(C(C2=O)NC(=O)C(C3=CC=CC=C3)N)SC1)C(=O)O,-2.047207556955908,0.3013012409210205,-0.7267695665359497,1.8047819137573242
2382,A0R0P0_wild,CC(=O)OCC1=C(N2C(C(C2=O)NC(=O)C(=NOC)C3=CSC(=N3)N)SC1)C(=O)O,-0.43806423668621874,-0.33703452348709106,-0.9398884773254395,1.5897423028945923
2383,A0R0P0_wild,CN1C(=NC(=O)C(=O)N1)SCC2=C(N3C(C(C3=O)NC(=O)C(=NOC)C4=CSC(=N4)N)SC2)C(=O)O,-1.9295926782598802,-0.23582671582698822,-1.166271448135376,1.7319443225860596
2384,Q704Z0_wild,CC(C1C2CC(=C(N2C1=O)C(=O)O)SCCN=CN)O,-2.6989700043360187,-0.46267616748809814,-1.9068574905395508,1.4516534805297852
2385,Q704Z0_wild,C1C(=C(N2C(S1)C(C2=O)NC(=O)CC3=CC=CS3)C(=O)O)C=CC4=C(C=C(C=C4)[N+](=O)[O-])[N+](=O)[O-],-1.6020599913279623,1.7676658630371094,-1.8589301109313965,3.1969871520996094
2386,Q705J0_wild,CC(=O)OCC1=C(N2C(C(C2=O)NC(=O)CC3=CC=CS3)SC1)C(=O)O,-1.337242168318426,1.342534065246582,-1.6722900867462158,2.8811709880828857
2387,Q704Y9_wild,CC1(C(N2C(S1)C(C2=O)NC(=O)C(C3=CC=CC=C3)N)C(=O)O)C,-1.2218487496163564,0.3885273337364197,-1.720428228378296,1.9535582065582275
2388,J9XTR7_wild,C1C(=C(N2C(S1)C(C2=O)NC(=O)CC3=CC=CS3)C(=O)O)C=CC4=C(C=C(C=C4)[N+](=O)[O-])[N+](=O)[O-],-1.5528419686577808,1.7954484224319458,-0.4394487738609314,2.919666290283203
2389,Q7WZ37_wild,CC(=O)OCC1=C(N2C(C(C2=O)NC(=O)CC3=CC=CS3)SC1)C(=O)O,-1.0,1.3616547584533691,-1.3643620014190674,2.465686321258545
2390,Q7WZ37_wild,CC1(C(N2C(S1)C(C2=O)NC(=O)C(C3=CC=CC=C3)N)C(=O)O)C,-1.275724130399211,0.9357016682624817,-1.337899923324585,1.9759929180145264
2391,Q7WZ37_wild,CON=C(C1=CC=CO1)C(=O)NC2C3N(C2=O)C(=C(CS3)COC(=O)N)C(=O)O,-1.2839966563652008,-0.22097231447696686,-1.504082202911377,1.5626628398895264
2392,Q76DI4_wild,C1C(=C(N2C(S1)C(C2=O)NC(=O)CC3=CC=CS3)C(=O)[O-])C[N+]4=CC=CC=C4,-1.0,2.2842061519622803,-1.8676576614379883,3.0370357036590576
2393,Q76DI4_wild,C[N+]1(CCCC1)CC2=C(N3C(C(C3=O)NC(=O)C(=NOC)C4=CSC(=N4)N)SC2)C(=O)[O-],-1.3098039199714864,0.19903896749019623,-2.018900156021118,2.066345453262329
2394,Q76DI4_wild,CON=C(C1=CSC(=N1)N)C(=O)NC2C3N(C2=O)C(=C(CS3)C[N+]4=CC=CC5=C4CCC5)C(=O)[O-],-1.677780705266081,0.25723254680633545,-2.1595370769500732,2.3767740726470947
2395,Q76DI4_wild,COC1(C2N(C1=O)C(=C(CS2)COC(=O)N)C(=O)O)NC(=O)CC3=CC=CS3,-2.9208187539523753,-0.14626209437847137,-2.564668893814087,1.6779496669769287
2396,Q76DI4_wild,CC(C)(C(=O)O)ON=C(C1=CSC(=N1)N)C(=O)NC2C3N(C2=O)C(=C(CS3)C[N+]4=CC=CC=C4)C(=O)[O-],-2.2441251443275085,-0.08081378042697906,-1.879441738128662,1.6831812858581543
2397,Q76DI4_wild,CC1(C(N2C(S1)C(C2=O)NC(=O)C(C3=CC=CC=C3)N)C(=O)O)C,-2.207608310501746,0.8175796866416931,-2.2358858585357666,2.040980815887451
2398,Q76DI4_wild,CC(=O)OCC1=C(N2C(C(C2=O)NC(=O)C(=NOC)C3=CSC(=N3)N)SC1)C(=O)O,-1.5086383061657274,0.13913995027542114,-2.271796464920044,2.187255382537842
2399,E7BCS7_wild,CC(C)(C(=O)O)ON=C(C1=CSC(=N1)N)C(=O)NC2C3N(C2=O)C(=C(CS3)C[N+]4=CC=CC=C4)C(=O)[O-],-1.5086383061657274,0.3445731997489929,-0.6210734844207764,1.8000202178955078
2400,Q705J0_wild,CC(C1C2CC(=C(N2C1=O)C(=O)O)SCCN=CN)O,-2.3979400086720375,-0.45538681745529175,-1.8891797065734863,1.442914605140686
2401,Q5I2N2_wild,CC(=O)OCC1=C(N2C(C(C2=O)NC(=O)CC3=CC=CS3)SC1)C(=O)O,-0.721246399047171,0.20913906395435333,-0.9020636081695557,1.4061377048492432
2402,Q5QT35_wild,CC1(C(N2C(S1)C(C2=O)NC(=O)C(C3=CC=CC=C3)N)C(=O)O)C,-1.619788758288394,0.33432579040527344,-1.040621280670166,1.5837681293487549
2403,Q6GVZ4_wild,CC(=O)OCC1=C(N2C(C(C2=O)NC(=O)CC3=CC=CS3)SC1)C(=O)O,-1.2518119729937995,1.1252386569976807,-1.402672529220581,2.7597410678863525
2404,Q6GVZ4_wild,C1C(=C(N2C(S1)C(C2=O)NC(=O)CC3=CC=CS3)C(=O)[O-])C[N+]4=CC=CC=C4,-1.0555173278498313,1.4069594144821167,-1.1949939727783203,2.76322078704834
2405,Q6GVZ4_wild,CC1(C(N2C(S1)C(C2=O)NC(=O)CC3=CC=CC=C3)C(=O)O)C,-0.44855000202712486,0.7534213662147522,-1.5354461669921875,2.0440871715545654
2406,Q5I2N2_wild,C1C(=C(N2C(S1)C(C2=O)NC(=O)CC3=CC=CS3)C(=O)[O-])C[N+]4=CC=CC=C4,0.3979400086720376,0.7131232619285583,-0.6607776880264282,1.548943042755127
2407,Q5I2N2_wild,CCN1CCN(C(=O)C1=O)C(=O)NC(C2=CC=CC=C2)C(=O)NC3C4N(C3=O)C(C(S4)(C)C)C(=O)O,0.6020599913279624,0.12346162647008896,-1.2689237594604492,1.3290261030197144
2408,Q5I2N2_wild,C1C(=C(N2C(S1)C(C2=O)NC(=O)CC3=CC=CS3)C(=O)O)C=CC4=C(C=C(C=C4)[N+](=O)[O-])[N+](=O)[O-],-0.8860566476931633,0.8000848889350891,-0.97834312915802,1.9101536273956299
2409,Q5I2N2_wild,CC1=C(C(=NO1)C2=CC=CC=C2)C(=O)NC3C4N(C3=O)C(C(S4)(C)C)C(=O)O,0.568201724066995,0.1186971366405487,-1.1565914154052734,1.6411402225494385
2410,Q5I2N2_wild,CC1(C(N2C(S1)C(C2=O)NC(=O)CC3=CC=CC=C3)C(=O)O)C,-0.14874165128092473,0.49310243129730225,-1.1173088550567627,1.3820880651474
2411,Q5I2N2_wild,CC1(C(N2C(S1)C(C2=O)NC(=O)C(C3=CSC=C3)C(=O)O)C(=O)O)C,0.4471580313422192,-0.20555917918682098,-1.2810471057891846,1.3649314641952515
2412,Q5I2N2_wild,CC1C2C(C(=O)N2C(=C1SC3CC(NC3)C(=O)N(C)C)C(=O)O)C(C)O,0.6532125137753437,-0.9494900107383728,-1.5811641216278076,0.934116542339325
2413,Q5I2N2_wild,CC1(C(N2C(S1)C(C2=O)NC(=O)C(C3=CC=CC=C3)N)C(=O)O)C,-0.619788758288394,0.34296882152557373,-1.042168378829956,1.618273377418518
2414,Q5I2N2_wild,CC(C1C2CC(=C(N2C1=O)C(=O)O)SCCN=CN)O,0.5563025007672873,-0.3952066898345947,-1.1050934791564941,1.0804758071899414
2415,Q705J0_wild,CC(=O)OCC1=C(N2C(C(C2=O)NC(=O)C(=NOC)C3=CSC(=N3)N)SC1)C(=O)O,-3.3010299956639813,-0.27270495891571045,-1.6659214496612549,2.0743229389190674
2416,Q705J0_wild,CC1(C(N2C(S1)C(C2=O)NC(=O)C(C3=CC=CC=C3)N)C(=O)O)C,-4.096910013008056,0.3737925887107849,-1.743255376815796,1.9454447031021118
2417,Q704Z0_wild,C[N+]1(CCCC1)CC2=C(N3C(C(C3=O)NC(=O)C(=NOC)C4=CSC(=N4)N)SC2)C(=O)[O-],-1.0222763947111522,-0.24425216019153595,-1.59311842918396,1.8603007793426514
2418,Q704Z0_wild,CC1(C(N2C(S1)C(C2=O)NC(=O)CC3=CC=CC=C3)C(=O)O)C,-3.6020599913279625,0.835276186466217,-1.842125415802002,2.091526508331299
2419,Q704Z0_wild,CC(C)(C(=O)O)ON=C(C1=CSC(=N1)N)C(=O)NC2C3N(C2=O)C(=C(CS3)C[N+]4=CC=CC=C4)C(=O)[O-],-3.0457574905606752,-0.46530061960220337,-1.4412550926208496,1.5587358474731445
2420,Q704Z0_wild,CC1(C(N2C(S1)C(C2=O)NC(=O)C(C3=CC=CC=C3)N)C(=O)O)C,-3.8860566476931635,0.34047454595565796,-1.7631173133850098,1.9406275749206543
2421,Q704Z0_wild,CCN1CCN(C(=O)C1=O)C(=O)NC(C2=CC=CC=C2)C(=O)NC3C4N(C3=O)C(C(S4)(C)C)C(=O)O,-3.7695510786217263,0.15356367826461792,-2.1269443035125732,1.9541189670562744
2422,Q704Z0_wild,CC(=O)OCC1=C(N2C(C(C2=O)NC(=O)C(=NOC)C3=CSC(=N3)N)SC1)C(=O)O,-4.698970004336019,-0.2975924015045166,-1.668388843536377,2.0773391723632812
2423,Q704Z0_wild,COC1(C2N(C1=O)C(=C(CS2)COC(=O)N)C(=O)O)NC(=O)CC3=CC=CS3,-4.7447274948966935,-0.5611129999160767,-2.159607172012329,1.5778740644454956
2424,Q704Z0_wild,CC(=O)OCC1=C(N2C(C(C2=O)NC(=O)CC3=CC=CS3)SC1)C(=O)O,-0.8297382846050426,1.312140941619873,-1.6833972930908203,2.8807625770568848
2425,Q704Z0_wild,CC1=C(C(=NO1)C2=CC=CC=C2)C(=O)NC3C4N(C3=O)C(C(S4)(C)C)C(=O)O,-5.522878745280337,-0.4761984348297119,-1.9566941261291504,1.9519615173339844
2426,Q704Y9_wild,CC(C1C2CC(=C(N2C1=O)C(=O)O)SCCN=CN)O,0.0,-0.4172651171684265,-1.875756025314331,1.4612568616867065
2427,Q704Y9_wild,CC(=O)OCC1=C(N2C(C(C2=O)NC(=O)C(=NOC)C3=CSC(=N3)N)SC1)C(=O)O,-1.0457574905606752,-0.27050215005874634,-1.6277074813842773,2.0791823863983154
2428,Q704Y9_wild,CC(=O)OCC1=C(N2C(C(C2=O)NC(=O)CC3=CC=CS3)SC1)C(=O)O,2.0253058652647704,1.3342515230178833,-1.6442351341247559,2.8882551193237305
2429,Q5QT35_wild,CC(C1C2CC(=C(N2C1=O)C(=O)O)SCCN=CN)O,-1.958607314841775,-0.3948310613632202,-1.096083641052246,1.0542510747909546
2430,Q5QT35_wild,C1C(=C(N2C(S1)C(C2=O)NC(=O)CC3=CC=CS3)C(=O)[O-])C[N+]4=CC=CC=C4,-1.1135092748275182,0.699843168258667,-0.6683862209320068,1.5031559467315674
2431,Q5QT35_wild,CC1=C(C(=NO1)C2=CC=CC=C2Cl)C(=O)NC3C4N(C3=O)C(C(S4)(C)C)C(=O)O,-0.889410289700751,0.06616365164518356,-1.0809361934661865,1.5273895263671875
2432,Q5QT35_wild,CC1=C(C(=NO1)C2=CC=CC=C2)C(=O)NC3C4N(C3=O)C(C(S4)(C)C)C(=O)O,-0.2749054789185309,0.12383303046226501,-1.145519495010376,1.6289498805999756
2433,Q20I87_wild,CC(=O)OCC1=C(N2C(C(C2=O)NC(=O)CC3=CC=CS3)SC1)C(=O)O,-1.3010299956639813,2.190309762954712,-2.04410719871521,3.298630952835083
2434,Q20I87_wild,CC(=O)OCC1=C(N2C(C(C2=O)NC(=O)C(=NOC)C3=CSC(=N3)N)SC1)C(=O)O,-3.0,0.4509042501449585,-2.1491403579711914,2.4397735595703125
2435,Q20I87_wild,C1C(=C(N2C(S1)C(C2=O)NC(=O)CC3=CC=CS3)C(=O)[O-])C[N+]4=CC=CC=C4,-0.36653154442041347,2.508361577987671,-1.7687036991119385,3.309870958328247
2436,Q20I87_wild,CON=C(C1=CC=CO1)C(=O)NC2C3N(C2=O)C(=C(CS3)COC(=O)N)C(=O)O,-3.0,0.06520611047744751,-2.2168543338775635,2.0411221981048584
2437,O75164_wild,O=O,-0.7619538968712045,0.08527423441410065,-1.065051555633545,1.1695293188095093
2438,O75164_wild,C(CC(=O)O)C(=O)C(=O)O,-1.6073030467403342,-0.3030189871788025,-1.550647497177124,0.8639549016952515
2439,D7E8P3_wild,C(C1C(C(C(C(O1)O)O)O)O)O,1.0374264979406236,1.1614028215408325,0.2710954546928406,0.5278476476669312
2440,Q12WB9_wild,C(C1C(C(C(C(O1)O)O)O)O)O,-0.6989700043360187,0.8961507678031921,0.14917857944965363,0.3900519013404846
2441,Q8PZL9_wild,C(C1C(C(C(C(O1)O)O)O)O)O,1.0791812460476249,1.110288381576538,0.3292738199234009,0.447968989610672
2442,P76621_wild,C(CC(=O)O)C(=O)C(=O)O,-1.0,0.7769593000411987,-1.0329556465148926,1.769357681274414
2443,P76621_wild,C(CC(=O)O)CC(=O)O,-0.18708664335714442,0.7615974545478821,-0.3396564722061157,1.1538348197937012
2444,O95544_wild,C1=CC(=C[N+](=C1)C2C(C(C(O2)COP(=O)([O-])OP(=O)(O)OCC3C(C(C(O3)N4C=NC5=C(N=CN=C54)N)O)O)O)O)C(=O)N,-0.2676062401770315,0.662899911403656,-0.881220817565918,1.105787754058838
2445,O95544_wild,C1=NC(=C2C(=N1)N(C=N2)C3C(C(C(O3)COP(=O)(O)OP(=O)(O)OP(=O)(O)O)O)O)N,0.5185139398778875,0.38051342964172363,-0.8200737237930298,0.8852040767669678
2446,P21373_wild,C1=CC(=C[N+](=C1)C2C(C(C(O2)COP(=O)([O-])OP(=O)(O)OCC3C(C(C(O3)N4C=NC5=C(N=CN=C54)N)O)O)O)O)C(=O)N,-0.2676062401770315,0.884588360786438,-0.5059937238693237,0.9671064615249634
2447,P21373_wild,C1=NC(=C2C(=N1)N(C=N2)C3C(C(C(O3)COP(=O)(O)OP(=O)(O)OP(=O)(O)O)O)O)N,-0.40120949323688493,0.7956835627555847,-0.5110119581222534,0.9260690808296204
2448,C3RSF7_wild,C1=CC(=C[N+](=C1)C2C(C(C(O2)COP(=O)([O-])OP(=O)(O)OCC3C(C(C(O3)N4C=NC5=C(N=CN=C54)N)O)O)O)O)C(=O)N,-0.6736641390712486,0.6747553944587708,-0.45127570629119873,0.8679696917533875
2449,C3RSF7_wild,C1=NC(=C2C(=N1)N(C=N2)C3C(C(C(O3)COP(=O)(O)OP(=O)(O)OP(=O)(O)O)O)O)N,-0.5800442515102421,0.5462355017662048,-0.40819722414016724,0.8288136124610901
2450,Q5JIA9_wild,CC(=O)[O-],0.17609125905568124,2.0017249584198,0.1010904610157013,1.3836601972579956
2451,Q5JIA9_wild,CC(C)C(=O)O,-0.8794260687941501,2.017348051071167,-0.011172488331794739,1.597097635269165
2452,Q5JIA9_wild,CC(C)(COP(=O)(O)OP(=O)(O)OCC1C(C(C(O1)N2C=NC3=C(N=CN=C32)N)O)OP(=O)(O)O)C(C(=O)NCCC(=O)NCCS)O,-2.2518119729937998,2.1866817474365234,-1.2162809371948242,2.52968168258667
2453,Q5JIA9_wild,C1=CC=C(C=C1)CC(=O)[O-],-0.4828041020500258,2.2560088634490967,-0.5684757828712463,2.105410575866699
2454,Q5JIA9_wild,C(C(=O)[O-])S,-0.4921441283041691,2.0290985107421875,-0.4217481017112732,2.065659761428833
2455,Q5JIA9_wild,C1=NC(=C2C(=N1)N(C=N2)C3C(C(C(O3)COP(=O)(O)OP(=O)(O)OP(=O)(O)O)O)O)N,-1.2549252084179425,1.8180382251739502,-0.7412411570549011,2.094761610031128
2456,P15121_wild,CCCCCC(C=CC1C2CC(C1CC=CCCCC(=O)O)OO2)O,-2.721246399047171,-0.6510709524154663,-1.9827349185943604,1.7296736240386963
2457,Q5K2N1_wild,CC(=O)C1CCC2C1(CCC3C2CCC4=CC(=O)CCC34C)C,-3.1249387366083,-0.39608824253082275,-2.4586005210876465,2.0454330444335938
2458,Q5K2N1_wild,CC12CCC3C(C1CCC2O)CCC4=CC(=O)CCC34C,-1.350665141287858,-0.5549721121788025,-2.4767696857452393,1.8689343929290771
2459,Q5K2N1_wild,CC12CCC(=O)C=C1CCC3C2CCC4(C3CCC4=O)C,-1.579384229374235,-0.6213318109512329,-2.4336392879486084,2.1365017890930176
2460,P9WHQ9_wild,C1=NC2=C(N1)C(=O)NC(=N2)N,-2.0,-0.3002476096153259,-1.6480209827423096,1.7046985626220703
2461,Q8R7L0_wild,C(C1C(C(C(O1)OP(=O)(O)OP(=O)(O)O)O)O)OP(=O)(O)O,-0.9507819773298184,0.7795965075492859,-0.884117841720581,1.8091223239898682
2462,Q9NJI5_wild,C(C1C(C(C(O1)OP(=O)(O)OP(=O)(O)O)O)O)OP(=O)(O)O,-0.8958544494459919,0.009118914604187012,-0.8215375542640686,1.6443760395050049
2463,Q9NJI5_wild,C1=NC2=C(N1)C(=O)NC(=N2)N,-2.552841968657781,0.21298302710056305,-1.711606740951538,2.1343259811401367
2464,Q9NJI5_wild,C1=NC2=C(N1)C(=O)NC=N2,-2.3565473235138126,0.5188778042793274,-1.4545502662658691,1.8202340602874756
2465,Q8R7L0_wild,C1=NC2=C(N1)C(=O)NC=N2,-2.619788758288394,1.0340863466262817,-0.8321670889854431,2.1860527992248535
2466,Q8R7L0_wild,C1=NC2=C(N1)C(=O)NC(=N2)N,-2.494850021680094,0.8960044980049133,-1.1157503128051758,2.446573257446289
2467,Q5SLS3_wild,C1=NC2=C(N1)C(=O)NC=N2,-2.408935392973501,0.7814432978630066,-0.9462214112281799,1.6524535417556763
2468,Q5SLS3_wild,C1=NC2=C(N1)C(=O)NC(=N2)N,-2.1307682802690238,0.5980839133262634,-1.251546859741211,1.999035120010376
2469,P9WHQ9_wild,C1=NC2=C(N1)C(=O)NC=N2,-1.585026652029182,-0.07013450562953949,-1.3553118705749512,1.4854931831359863
2470,P9WHQ9_wild,C(C1C(C(C(O1)OP(=O)(O)OP(=O)(O)O)O)O)OP(=O)(O)O,-1.85078088734462,0.07961621880531311,-1.0842339992523193,1.4413015842437744
2471,Q72GT2_wild,C1=NC2=C(N1)C(=O)NC=N2,-1.8860566476931633,0.8665037155151367,-0.9675706028938293,1.6528949737548828
2472,Q72GT2_wild,C(C1C(C(C(O1)OP(=O)(O)OP(=O)(O)O)O)O)OP(=O)(O)O,-0.6575773191777937,0.5299323201179504,-0.6976376175880432,1.3363673686981201
2473,Q07010_wild,C1=NC2=C(N1)C(=O)NC(=N2)N,-2.638272163982407,0.524783730506897,-1.7258350849151611,2.3950705528259277
2474,Q07010_wild,C1=NC2=C(N1)C(=O)NC=N2,-2.2596373105057563,0.7708172798156738,-1.5002996921539307,2.120227575302124
2475,Q07010_wild,C(C1C(C(C(O1)OP(=O)(O)OP(=O)(O)O)O)O)OP(=O)(O)O,-0.9871627752948278,0.14270088076591492,-0.9023003578186035,1.7155827283859253
2476,P9WHH3_wild,C1C=CN(C=C1C(=O)N)C2C(C(C(O2)COP(=O)(O)OP(=O)(O)OCC3C(C(C(O3)N4C=NC5=C(N=CN=C54)N)OP(=O)(O)O)O)O)O,-2.113509274827518,0.7817614078521729,-1.2859580516815186,2.0005955696105957
2477,P9WHH3_wild,C1C=CN(C=C1C(=S)N)C2C(C(C(O2)COP(=O)(O)OP(=O)(O)OCC3C(C(C(O3)N4C=NC5=C(N=CN=C54)N)O)O)O)O,-1.0457574905606752,0.6663504242897034,-1.022524356842041,1.9238107204437256
2478,P9WHH3_wild,C1=CC2=C(C(=O)C=CC2=O)C(=C1)O,-0.2676062401770315,0.5215443968772888,-1.9022793769836426,2.1261913776397705
2479,P9WHH3_wild,C1=CC(=C(C=C1SSC2=CC(=C(C=C2)[N+](=O)[O-])C(=O)O)C(=O)O)[N+](=O)[O-],0.5185139398778875,0.6504435539245605,-0.5302629470825195,1.9329009056091309
2480,P9WHH3_wild,CC1=CC(=O)C=C(C1=O)C,0.6020599913279624,0.6122807860374451,-1.2572476863861084,2.5125341415405273
2481,P9WHH3_wild,C1=CC(=C2C(=O)C=CC(=O)C2=C1O)O,-0.46852108295774486,0.33815622329711914,-1.8671574592590332,2.1052112579345703
2482,P9WHH3_wild,CC(=O)NC(CSSCC(C(=O)NC1C(C(C(OC1OC2C(C(C(C(C2O)O)O)O)O)CO)O)O)NC(=O)C)C(=O)NC3C(C(C(OC3OC4C(C(C(C(C4O)O)O)O)O)CO)O)O,-1.1549019599857433,0.3757435083389282,-0.6903241872787476,0.9175052642822266
2483,P9WHH3_wild,CC1=CC(=O)C2=CC=CC=C2C1=O,-0.619788758288394,0.7189009189605713,-1.3264391422271729,2.5757522583007812
2484,P9WHH3_wild,C1C=CN(C=C1C(=O)N)C2C(C(C(O2)COP(=O)(O)OP(=O)(O)OCC3C(C(C(O3)N4C=NC5=C(N=CN=C54)N)O)O)O)O,-1.3665315444204134,0.859738290309906,-0.9472289085388184,1.8959736824035645
2485,A0A087INM7_wild,CC(=CCCC(=CCCC(=CCOP(=O)(O)OP(=O)(O)O)C)C)C,-1.9746941347352298,-0.2950899600982666,-1.6251988410949707,1.1853739023208618
2486,A0A087INM7_S167A,CC(=CCCC(=CCCC(=CCOP(=O)(O)OP(=O)(O)O)C)C)C,-2.0726296369609765,-0.3252868056297302,-1.6119980812072754,1.1716153621673584
2487,A0A087INM7_S23A,CC(=CCCC(=CCCC(=CCOP(=O)(O)OP(=O)(O)O)C)C)C,-1.9480760839538935,-0.6096693873405457,-1.5630323886871338,0.9244762063026428
2488,A0A075FFV0_wild,C1(C(C(C(C(C1OP(=O)(O)O)OP(=O)(O)O)OP(=O)(O)O)OP(=O)(O)O)OP(=O)(O)O)OP(=O)(O)O,-0.5528419686577808,2.1720030307769775,-1.431513786315918,2.928313732147217
2489,A0A0F7VP60_wild,C1(C(C(C(C(C1OP(=O)(O)O)OP(=O)(O)O)OP(=O)(O)O)OP(=O)(O)O)OP(=O)(O)O)OP(=O)(O)O,0.030599721965951066,0.9907606840133667,-0.665842592716217,1.76509690284729
2490,Q6TBQ8_wild,CC(=O)NC1C(C(C(OC1OP(=O)(O)OP(=O)(O)OCC2C(C(C(O2)N3C=CC(=O)NC3=O)O)O)CO)O)O,-1.2839966563652008,1.0195354223251343,-0.939303457736969,1.349757432937622
2491,Q6YBY0_wild,CC(=O)NC1C(C(C(OC1OP(=O)(O)OP(=O)(O)OCC2C(C(C(O2)N3C=CC(=O)NC3=O)O)O)CO)O)O,-1.3565473235138126,0.07573594152927399,-0.9769880175590515,0.9803462028503418
2492,Q5JD29_wild,C1=NC(=C(N1C2C(C(C(O2)COP(=O)(O)O)O)O)NC=O)C(=O)N,-2.8068754016455384,1.2900680303573608,-0.9849961400032043,1.5623350143432617
2493,O28464_wild,C1=NC(=C(N1C2C(C(C(O2)COP(=O)(O)O)O)O)NC=O)C(=O)N,-2.1079053973095196,-0.19584812223911285,-0.9217227101325989,1.2220721244812012
2494,A0A2H1ZE58_wild,C1=NC(=C2C(=N1)N(C=N2)C3C(C(C(O3)COP(=O)(N)O)O)O)N,-1.5528419686577808,0.24252411723136902,-1.050847053527832,1.7918190956115723
2495,Q7WT42_wild,C1=NC(=C2C(=N1)N(C=N2)C3C(C(C(O3)COP(=O)(O)OP(=O)(O)OP(=O)(O)O)O)O)N,-0.6989700043360187,0.8505107164382935,-0.5708655714988708,1.0225327014923096
2496,Q7WT42_wild,C(C1C(C(C(C(O1)O)O)O)O)O,-0.3010299956639812,1.0020092725753784,-0.2925048768520355,0.5563305020332336
2497,Q9WY14_wild,C(C1C(C(C(O1)O)O)O)OP(=O)(O)O,0.07918124604762482,1.962801456451416,-0.2196383774280548,1.6126171350479126
2498,Q4JAD1_wild,C1=CC(=CC=C1[N+](=O)[O-])OP(=O)(O)O,0.3979400086720376,0.8963221907615662,-0.3262665867805481,1.469961166381836
2499,M9WIZ7_wild,C1=CC(=O)C=CC1=NC2=CC(=C(C(=C2)Cl)O)Cl,-1.4168012260313771,1.2077744007110596,-1.6833460330963135,1.9790120124816895
2500,M9WIZ7_wild,C1C=CN(C=C1C(=O)N)C2C(C(C(O2)COP(=O)(O)OP(=O)(O)OCC3C(C(C(O3)N4C=NC5=C(N=CN=C54)N)OP(=O)(O)O)O)O)O,0.08278537031645007,1.0080825090408325,-1.4860055446624756,2.2200374603271484
2501,M9WIZ7_wild,C1C=CN(C=C1C(=O)N)C2C(C(C(O2)COP(=O)(O)OP(=O)(O)OCC3C(C(C(O3)N4C=NC5=C(N=CN=C54)N)O)O)O)O,-1.9393021596463884,1.1052874326705933,-1.2253508567810059,2.2467029094696045
2502,B1MCE2_wild,CCCCCCCC1=CC(=O)C2=CC=CC=C2N1O,-2.0087739243075053,-0.3258219361305237,-0.7063179612159729,1.6635010242462158
2503,P9WKL5_wild,CCCCCCCC1=CC(=O)C2=CC=CC=C2N1O,-2.0268721464003012,0.07347433269023895,-0.6809890866279602,1.9494171142578125
2504,C4KKZ9_wild,CC(=O)OC1=CC=C(C=C1)[N+](=O)[O-],-0.906578314837765,0.5679001808166504,-0.15329043567180634,0.9192465543746948
2505,Q4J6Z8_wild,CC(=O)OC1=CC=C(C=C1)[N+](=O)[O-],0.3242824552976926,0.7334765791893005,-0.1438310146331787,0.9733263254165649
2506,Q4J6Z8_wild,CC(=O)OC1=CC=CC=C1,0.912753303671323,0.6738788485527039,0.2289900779724121,0.7111102342605591
2507,Q97VT7_Y97W/I98F/I261F,CCOP(=O)(OCC)OC1=CC=C(C=C1)[N+](=O)[O-],0.07918124604762482,0.3967440724372864,-0.4459892213344574,1.0066879987716675
2508,C4KKZ9_Y34Q,CCOP(=O)(OCC)OC1=CC=C(C=C1)[N+](=O)[O-],-0.8239087409443188,0.4602457284927368,-0.40782833099365234,0.9700778722763062
2509,C4KKZ9_wild,CCOP(=O)(OCC)OC1=CC=C(C=C1)[N+](=O)[O-],0.7355988996981799,0.489280104637146,-0.40632739663124084,0.9963943958282471
2510,Q97VT7_wild,CCOC(=O)CC(C(=O)OCC)SP(=S)(OC)OC,-0.7958800173440752,-0.4346141815185547,0.1708570122718811,0.6626840829849243
2511,Q97VT7_Y97W/I261F,CCOP(=O)(OCC)OC1=CC=C(C=C1)[N+](=O)[O-],-0.38721614328026455,0.380787193775177,-0.44327670335769653,0.9820057153701782
2512,Q97VT7_wild,COP(=S)(OC)OC1=CC=C(C=C1)[N+](=O)[O-],-0.9208187539523751,0.002393394708633423,-0.3820738196372986,0.9311171770095825
2513,Q97VT7_Y97W,CCOP(=O)(OCC)OC1=CC=C(C=C1)[N+](=O)[O-],-1.1249387366083,0.3820722699165344,-0.44161349534988403,0.9810143709182739
2514,Q97VT7_wild,COP(=O)(OC)OC1=CC=C(C=C1)[N+](=O)[O-],0.33041377334919086,0.136551633477211,-0.36956357955932617,0.9206894040107727
2515,Q97VT7_Y97W/W263F,CCOP(=O)(OCC)OC1=CC=C(C=C1)[N+](=O)[O-],-0.5654310959658013,0.3960568308830261,-0.4303988218307495,0.9851007461547852
2516,C4KKZ9_E14K,CCOP(=O)(OCC)OC1=CC=C(C=C1)[N+](=O)[O-],-1.5228787452803376,0.464122474193573,-0.40695610642433167,0.9999140501022339
2517,C4KKZ9_E14K,COP(=O)(OC)OC1=CC=C(C=C1)[N+](=O)[O-],-1.3010299956639813,0.203355073928833,-0.3164955973625183,0.9249627590179443
2518,C4KKZ9_E14K/Y34Q,COP(=O)(OC)OC1=CC=C(C=C1)[N+](=O)[O-],-0.2076083105017461,0.16923825442790985,-0.31677305698394775,0.898959219455719
2519,C4KKZ9_wild,CCOC(=O)CC(C(=O)OCC)SP(=S)(OC)OC,-0.4814860601221125,-0.3303520679473877,0.1935279369354248,0.6471887230873108
2520,C4KKZ9_E14K/Y34Q,CCOP(=O)(OCC)OC1=CC=C(C=C1)[N+](=O)[O-],-0.8794260687941501,0.43559300899505615,-0.4079306423664093,0.9739007949829102
2521,C4KKZ9_wild,COP(=O)(OC)OC1=CC=C(C=C1)[N+](=O)[O-],0.24054924828259971,0.21826370060443878,-0.3215262293815613,0.9199296832084656
2522,C4KKZ9_Y34Q,COP(=O)(OC)OC1=CC=C(C=C1)[N+](=O)[O-],-0.583359492661719,0.17984674870967865,-0.32196635007858276,0.892616868019104
2523,C4KKZ9_wild,COP(=S)(OC)OC1=CC=C(C=C1)[N+](=O)[O-],-0.5654310959658013,0.09120865166187286,-0.36613255739212036,0.9309320449829102
2524,Q4J6Z8_wild,COP(=O)(OC)OC1=CC=C(C=C1)[N+](=O)[O-],0.14612803567823798,0.3829535245895386,-0.3358617126941681,0.8947796821594238
2525,Q4J6Z8_wild,CCOP(=S)(OCC)OC1=CC=C(C=C1)[N+](=O)[O-],-0.3625102704874893,0.6104066967964172,-0.4456328749656677,0.9678839445114136
2526,F0QXN6_wild,COP(=O)(OC)OC1=CC=C(C=C1)[N+](=O)[O-],0.44560420327359757,0.6508317589759827,-0.10111035406589508,1.2564241886138916
2527,Q8H191_wild,C(CCNCCCN)CNCCCN,-0.6382721639824072,0.1627301722764969,-1.2648539543151855,1.6008566617965698
2528,Q92626_wild,OO,0.17609125905568124,1.7553120851516724,-0.19129835069179535,1.9102332592010498
2529,P28337_wild,C(C(=O)O)N,1.6020599913279625,0.11883904039859772,0.19425448775291443,0.2634384036064148
2530,P28337_wild,C1C(NC2=C(N1)N=C(NC2=O)N)CNC3=CC=C(C=C3)C(=O)NC(CCC(=O)O)C(=O)O,-0.7695510786217261,0.07799768447875977,-1.3186030387878418,1.7195239067077637
2531,A8CF74_wild,C1=CC2=C(C(=C1)Cl)NC=C2CC(C(=O)O)N,-0.9430951486635274,-1.5316354036331177,-1.8817501068115234,0.10768595337867737
2532,A8CF74_wild,C1=CC=C2C(=C1)C(=CN2)CC(C(=O)O)N,-0.09258863922541381,-1.5261400938034058,-1.5559182167053223,0.09624737501144409
2533,E9P162_wild,C1=CC=C2C(=C1)C(=CN2)CC(C(=O)O)N,-1.677780705266081,-1.6295337677001953,-1.455902338027954,0.054210156202316284
2534,Q8ZL58_wild,C(C(C(C(=O)[O-])O)O)(C(C(=O)[O-])O)O,-0.42021640338318983,0.058189213275909424,-0.8674072623252869,1.4077980518341064
2535,F4JML5_wild,CC(C)(COP(=O)(O)OP(=O)(O)OCC1C(C(C(O1)N2C=NC3=C(N=CN=C32)N)O)OP(=O)(O)O)C(C(=O)NCCC(=O)NCCSC(=O)CC(C)(CC(=O)O)O)O,-1.274905478918531,1.2777963876724243,-1.7764275074005127,2.200765371322632
2536,Q13825_wild,CC(C)(COP(=O)(O)OP(=O)(O)OCC1C(C(C(O1)N2C=NC3=C(N=CN=C32)N)O)OP(=O)(O)O)C(C(=O)NCCC(=O)NCCSC(=O)C=CCC(=O)O)O,-2.619788758288394,0.8528582453727722,-1.66314697265625,2.106271743774414
2537,Q13825_wild,CC=CC(=O)SCCNC(=O)CCNC(=O)C(C(C)(C)COP(=O)(O)OP(=O)(O)OCC1C(C(C(O1)N2C=NC3=C(N=CN=C32)N)O)OP(=O)(O)O)O,1.08278537031645,1.0131112337112427,-1.5568161010742188,1.9438273906707764
2538,Q13825_wild,CC(=CC(=O)SCCNC(=O)CCNC(=O)C(C(C)(C)COP(=O)(O)OP(=O)(O)OCC1C(C(C(O1)N2C=NC3=C(N=CN=C32)N)O)OP(=O)(O)O)O)C,-0.4596705252091263,0.9978784918785095,-1.7349047660827637,2.0500638484954834
2539,Q13825_wild,CC(CC(=O)SCCNC(=O)CCNC(=O)C(C(C)(C)COP(=O)(O)OP(=O)(O)OCC1C(C(C(O1)N2C=NC3=C(N=CN=C32)N)O)OP(=O)(O)O)O)O,1.741939077729199,1.0124590396881104,-1.5391583442687988,1.8019511699676514
2540,Q39218_wild,C(C(C(=O)O)N)O,0.2253092817258629,1.3953791856765747,0.15985219180583954,0.44201624393463135
2541,Q39218_wild,CC(=O)SCCNC(=O)CCNC(=O)C(C(C)(C)COP(=O)(O)OP(=O)(O)OCC1C(C(C(O1)N2C=NC3=C(N=CN=C32)N)O)OP(=O)(O)O)O,-1.6989700043360187,1.8859716653823853,-1.0819382667541504,1.6003367900848389
2542,Q39218_G354A,CC(=O)SCCNC(=O)CCNC(=O)C(C(C)(C)COP(=O)(O)OP(=O)(O)OCC1C(C(C(O1)N2C=NC3=C(N=CN=C32)N)O)OP(=O)(O)O)O,-0.7544873321858502,1.777964472770691,-1.053816318511963,1.51151442527771
2543,Q39218_G354A,C(C(C(=O)O)N)O,1.4073909044707316,1.290908932685852,0.16793447732925415,0.3788449764251709
2544,Q6F4D7_wild,C(C(C(=O)O)N)O,-1.8860566476931633,0.4866299629211426,-0.01962791383266449,0.5743056535720825
2545,Q6F4D7_wild,CC(=O)SCCNC(=O)CCNC(=O)C(C(C)(C)COP(=O)(O)OP(=O)(O)OCC1C(C(C(O1)N2C=NC3=C(N=CN=C32)N)O)OP(=O)(O)O)O,-1.958607314841775,0.869575023651123,-1.12687349319458,1.6429898738861084
2546,P43886_H154N,CC(=O)SCCNC(=O)CCNC(=O)C(C(C)(C)COP(=O)(O)OP(=O)(O)OCC1C(C(C(O1)N2C=NC3=C(N=CN=C32)N)O)OP(=O)(O)O)O,-0.6777807052660807,1.7964438199996948,-0.8637208342552185,1.2637726068496704
2547,P43886_wild,CC(=O)SCCNC(=O)CCNC(=O)C(C(C)(C)COP(=O)(O)OP(=O)(O)OCC1C(C(C(O1)N2C=NC3=C(N=CN=C32)N)O)OP(=O)(O)O)O,-0.15490195998574322,2.4857804775238037,-1.0796444416046143,1.8630181550979614
2548,P43886_wild,C(C(C(=O)O)N)O,0.6720978579357175,1.9138764142990112,0.14587008953094482,0.8340431451797485
2549,P43886_H189N,C(C(C(=O)O)N)O,1.505149978319906,1.6933649778366089,0.2073306143283844,0.6522409915924072
2550,P43886_H154N/H189N,CC(=O)SCCNC(=O)CCNC(=O)C(C(C)(C)COP(=O)(O)OP(=O)(O)OCC1C(C(C(O1)N2C=NC3=C(N=CN=C32)N)O)OP(=O)(O)O)O,-0.619788758288394,1.4805020093917847,-0.788936972618103,1.0305777788162231
2551,P43886_D139N,C(C(C(=O)O)N)O,2.204119982655925,1.63900625705719,0.2332904040813446,0.5807399153709412
2552,P43886_H154N/H189N,C(C(C(=O)O)N)O,1.4313637641589874,0.8956096768379211,0.4502541422843933,0.08319516479969025
2553,P95231_wild,C(C(C(=O)O)N)O,-1.578396073130169,0.5948485732078552,-0.12606137990951538,-0.006121128797531128
2554,P95231_wild,CC(=O)SCCNC(=O)CCNC(=O)C(C(C)(C)COP(=O)(O)OP(=O)(O)OCC1C(C(C(O1)N2C=NC3=C(N=CN=C32)N)O)OP(=O)(O)O)O,-1.2898826348881838,0.963683009147644,-0.9921680092811584,0.9208035469055176
2555,C4IRW0_wild,C(C(C(=O)O)N)O,-0.5554867936659571,1.6383919715881348,0.21133729815483093,0.5154937505722046
2556,Q3M5Z3_wild,C1=CC=C(C=C1)C=CC(=O)O,-1.5228787452803376,-0.17356757819652557,-1.122563362121582,0.8074721097946167
2557,Q3M5Z3_wild,C1=CC(=CC(=C1)F)C=CC(=O)O,-1.154901959985743,-0.3509044647216797,-0.918010950088501,0.8760663270950317
2558,Q3M5Z3_wild,C1=CC(=CC=C1C=CC(=O)O)F,-0.9208187539523751,-0.5868008732795715,-1.2116761207580566,0.9172065258026123
2559,Q3M5Z3_wild,C1=CC=C(C=C1)CC(C(=O)O)N,-1.2218487496163564,-0.06525124609470367,-0.8425832390785217,0.6949301958084106
2560,Q3M5Z3_wild,C1=CC(=CC=C1CC(C(=O)O)N)[N+](=O)[O-],-0.6382721639824072,-0.013022646307945251,-0.6486465334892273,0.9001721739768982
2561,Q3M5Z3_wild,C1=CC(=CC(=C1)O)C=CC(=O)O,0.5185139398778875,-0.5661706924438477,-1.205080270767212,0.7558701038360596
2562,Q3M5Z3_Q292C/C565S,C1=CC=C(C=C1)CC(C(=O)O)N,-1.0969100130080565,-0.0885360985994339,-0.8464813232421875,0.6751090288162231
2563,Q3M5Z3_wild,C1=CC(=CN=C1)C=CC(=O)O,-0.4089353929735008,-0.6700316071510315,-1.112783432006836,0.7769566774368286
2564,Q3M5Z3_wild,C1=CC(=CC=C1CC(C(=O)O)N)F,-0.25181197299379965,-0.4631075859069824,-0.9700059294700623,0.6574216485023499
2565,Q3M5Z3_wild,C1=CN=CC=C1C=CC(=O)O,-0.42021640338318983,-0.5217975378036499,-0.6950061917304993,0.7376903295516968
2566,Q3M5Z3_wild,C1=CC(=CC=C1C=CC(=O)O)[N+](=O)[O-],-0.1804560644581313,0.06863492727279663,-0.9845415949821472,1.1762926578521729
2567,Q3M5Z3_wild,C1=CC(=CC(=C1)F)CC(C(=O)O)N,-0.12493873660829995,-0.6535038948059082,-0.695559561252594,0.5505739450454712
2568,Q3M5Z3_wild,C1=CC(=CC=C1CC(C(=O)O)N)C(F)(F)F,0.021189299069938092,-0.8602737784385681,-0.8621863722801208,0.4711902141571045
2569,Q3M5Z3_wild,C1=CN=CC=C1CC(C(=O)O)N,-0.3187587626244128,-0.5322386622428894,-0.7718748450279236,0.47461432218551636
2570,Q3M5Z3_wild,C1=CC(=CC(=C1)O)CC(C(=O)O)N,0.045322978786657475,-0.7280482053756714,-0.7987379431724548,0.5988469123840332
2571,Q3M5Z3_wild,C1=CC(=CC=C1C=CC(=O)O)C(F)(F)F,0.17897694729316943,-0.7343565225601196,-0.9895861148834229,0.8916658163070679
2572,Q3M5Z3_wild,C1=CC(=CN=C1)CC(C(=O)O)N,0.5301996982030821,-0.5000083446502686,-0.7019508481025696,0.5466455817222595
2573,A0A0H3W535_wild,C1C(C(C(C(O1)OC2=CC=C(C=C2)[N+](=O)[O-])O)O)O,-0.7695510786217261,1.2059913873672485,-0.17898783087730408,1.4404988288879395
2574,A0A0H3W535_wild,C1C(C(C(C(O1)OC2COC(C(C2O)O)OC3COC(C(C3O)O)OC4COC(C(C4O)O)O)O)O)O,-0.6989700043360187,-0.4218605160713196,0.03998829424381256,0.4157547652721405
2575,A0A0H3W535_wild,C1C(C(C(C(O1)OC2COC(C(C2O)O)OC3COC(C(C3O)O)OC4COC(C(C4O)O)OC(CO)C(C(C=O)O)O)O)O)O,-0.6989700043360187,-0.15664733946323395,-0.009374748915433884,0.5286808013916016
2576,A0A0H3W535_wild,C1C(C(C(C(O1)OC2COC(C(C2O)O)OC3COC(C(C3O)O)O)O)O)O,-0.6575773191777937,-0.2189236730337143,0.04347636550664902,0.5831684470176697
2577,A0A0H3W535_wild,C1C(C(C(C(O1)OC2COC(C(C2O)O)OC3COC(C(C3O)O)OC4COC(C(C4O)O)OC5COC(C(C5O)O)OC6COC(C(C6O)O)O)O)O)O,-0.6575773191777937,-0.5134230256080627,-0.1559649258852005,0.33699753880500793
2578,A0A0H3W535_wild,C1=CC(=CC=C1[N+](=O)[O-])OC2C(C(C(O2)CO)O)O,0.7634279935629373,1.2168524265289307,-0.5087649822235107,1.5320144891738892
2579,A0A0H3W535_wild,C1C(C(C(C(O1)OC2COC(C(C2O)O)O)O)O)O,-0.3187587626244128,0.14946669340133667,0.5798231959342957,0.45901718735694885
2580,A2ICH1_wild,C1C(C(C(C(O1)OC2=CC=C(C=C2)[N+](=O)[O-])O)O)O,1.4471580313422192,1.6153825521469116,0.089240163564682,1.0956894159317017
2581,C3W4Y2_wild,C1C(C(C(C(O1)OC2=CC=C(C=C2)[N+](=O)[O-])O)O)O,-0.18708664335714442,1.5059481859207153,0.6268001198768616,0.733283281326294
2582,D4AHT5_wild,C1C(C(C(C(O1)OC2=CC=C(C=C2)[N+](=O)[O-])O)O)O,0.5440680443502757,1.1462188959121704,-0.1758010983467102,1.360564947128296
2583,A0A023J5W7_wild,C1C(C(C(C(O1)OC2=CC(=C(C=C2)[N+](=O)[O-])[N+](=O)[O-])O)O)O,-0.4089353929735008,1.0913753509521484,-0.34835314750671387,1.6809532642364502
2584,A0A023J5W7_wild,C1C(C(C(C(O1)OC2=CC=C(C=C2)[N+](=O)[O-])O)O)O,-0.1804560644581313,1.1362600326538086,-0.2657139003276825,1.3744961023330688
2585,A0A023J5W7_wild,C1C(C(C(C(O1)OC2COC(C(C2O)O)O)O)O)O,1.4885507165004443,0.05773666501045227,0.35609009861946106,0.5115416646003723
2586,A0A023J5W7_wild,C1=CC(=CC=C1[N+](=O)[O-])OC2C(C(C(O2)CO)O)O,0.6570558528571039,1.1353509426116943,-0.5898481607437134,1.4133676290512085
2587,A0A023J5W7_wild,C1=CC(=CC=C1[N+](=O)[O-])OC2C(C(C(C(O2)CO)O)O)O,0.6031443726201823,0.9264083504676819,-0.589262843132019,1.377826452255249
2588,P21889_wild,C(C(C(=O)O)N)C(=O)O,-1.6575773191777938,0.4489501714706421,-0.795673131942749,1.5741164684295654
2589,P19531_wild,C(C1C(C(C(C(O1)OC2C(OC(C(C2O)O)OC3C(OC(C(C3O)O)O)CO)CO)O)O)O)O,1.089905111439398,2.327575206756592,0.04733387380838394,1.4067646265029907
2590,Q1KLC3_wild,C1=NC(=C2C(=N1)N(C=N2)C3C(C(C(O3)COP(=O)(O)OP(=O)(O)OP(=O)(O)O)O)O)N,-3.4559319556497243,0.8930967450141907,-0.8830447793006897,1.8379411697387695
2591,Q6UWR7_wild,C[N+](C)(C)CCOP(=O)([O-])OCC(CO)O,-0.46344155742859616,1.7373528480529785,-0.6145533323287964,1.4064782857894897
2592,Q6UWR7_wild,CCCCCCCCCCCCCCCC(=O)OCC(COP(=O)([O-])OCC[N+](C)(C)C)O,-0.7825160557860937,1.532595157623291,-1.3050258159637451,2.141083002090454
2593,P76422_wild,CC1=NC=C(C(=N1)N)COP(=O)([O-])[O-],-2.6345120151091,-0.8639196157455444,-0.20809127390384674,0.4902506172657013
2594,Q93EN4_wild,CC(=O)C(=O)[O-],0.6020599913279624,1.470732569694519,0.4348849058151245,0.7674014568328857
2595,P32477_wild,C(C(C(=O)O)N)S,-0.7695510786217261,0.26918721199035645,-0.4647310972213745,0.5639815926551819
2596,P32477_wild,C1=NC(=C2C(=N1)N(C=N2)C3C(C(C(O3)COP(=O)(O)OP(=O)(O)OP(=O)(O)O)O)O)N,-1.0969100130080565,-0.0012711435556411743,-0.948542058467865,1.3331186771392822
2597,P32477_C266A,C(CC(=O)O)C(C(=O)O)N,0.2855573090077738,0.16949115693569183,0.22969883680343628,0.2596808075904846
2598,P32477_wild,C(CC(=O)O)C(C(=O)O)N,0.08278537031645007,0.18422825634479523,0.22751551866531372,0.269694060087204
2599,P32477_C266S,C(CC(=O)O)C(C(=O)O)N,0.33243845991560533,0.17708717286586761,0.2279309332370758,0.2645712196826935
2600,F2YP46_wild,C1=C(C=C(C(=C1O)O)O)C2=CC(=O)C3=C(C=C(C=C3O2)O)O,-0.9625735020593763,-0.6003605723381042,-1.0996644496917725,0.6479885578155518
2601,Q00G41_wild,C(C1C(C(C(C(O1)OP(=O)(O)O)O)O)O)O,-1.7746907182741372,0.6406389474868774,-0.7608545422554016,1.016367793083191
2602,B6YX36_wild,C(C(C(=O)O)N)OP(=O)(O)O,-0.7423214251308154,-0.28637343645095825,-0.4616730511188507,0.6466166973114014
2603,A0QY38_Y87W,CC(C)CCCC(C)C1CCC2C1(CCC3C2C(CC4=CC(=O)CCC34C)O)C,-2.2924298239020637,-0.9188962578773499,-1.533801555633545,1.0907223224639893
2604,A0QY38_wild,CC(C)CCCC(C)C1CCC2C1(CCC3C2C(CC4=CC(=O)CCC34C)O)C,-2.3872161432802645,-0.9778172373771667,-1.5023667812347412,1.0654394626617432
2605,A0A150JSL8_wild,C1C=CN(C=C1C(=O)N)C2C(C(C(O2)COP(=O)(O)OP(=O)(O)OCC3C(C(C(O3)N4C=NC5=C(N=CN=C54)N)O)O)O)O,-1.3010299956639813,1.426730751991272,-1.4473023414611816,1.781063437461853
2606,Q9WYQ4_V44A/I154A/K157G,C1=CC(=C[N+](=C1)C2C(C(C(O2)COP(=O)([O-])OP(=O)(O)OCC3C(C(C(O3)N4C=NC5=C(N=CN=C54)N)O)O)O)O)C(=O)N,-0.22184874961635637,0.7402186989784241,-0.6509310007095337,1.0924123525619507
2607,Q9WYQ4_wild,C1C=CN(C=C1C(=O)N)C2C(C(C(O2)COP(=O)(O)OP(=O)(O)OCC3C(C(C(O3)N4C=NC5=C(N=CN=C54)N)O)O)O)O,-1.6989700043360187,0.9975998997688293,-1.0800728797912598,1.5236042737960815
2608,Q9WYQ4_V44A/K157G,C1=CC(=C[N+](=C1)C2C(C(C(O2)COP(=O)([O-])OP(=O)(O)OCC3C(C(C(O3)N4C=NC5=C(N=CN=C54)N)O)O)O)O)C(=O)N,-1.677780705266081,0.7259601354598999,-0.6497740149497986,1.0672130584716797
2609,Q9WYQ4_K157N,C1=CC(=C[N+](=C1)C2C(C(C(O2)COP(=O)([O-])OP(=O)(O)OCC3C(C(C(O3)N4C=NC5=C(N=CN=C54)N)O)O)O)O)C(=O)N,-1.6020599913279623,0.7805233597755432,-0.6413302421569824,1.1189950704574585
2610,Q9WYQ4_V44A,C1=CC(=C[N+](=C1)C2C(C(C(O2)COP(=O)([O-])OP(=O)(O)OCC3C(C(C(O3)N4C=NC5=C(N=CN=C54)N)O)O)O)O)C(=O)N,-1.154901959985743,0.7355307340621948,-0.6602004170417786,1.0925720930099487
2611,Q9WYQ4_wild,C1=CC(=C[N+](=C1)C2C(C(C(O2)COP(=O)([O-])OP(=O)(O)OCC3C(C(C(O3)N4C=NC5=C(N=CN=C54)N)O)O)O)O)C(=O)N,-1.2924298239020637,0.7608372569084167,-0.650944709777832,1.1231353282928467
2612,Q9WYQ4_K157G,C1=CC(=C[N+](=C1)C2C(C(C(O2)COP(=O)([O-])OP(=O)(O)OCC3C(C(C(O3)N4C=NC5=C(N=CN=C54)N)O)O)O)O)C(=O)N,-1.5086383061657274,0.7474501132965088,-0.6419752836227417,1.0934116840362549
2613,Q9WYQ4_I154A/K157G,C1=CC(=C[N+](=C1)C2C(C(C(O2)COP(=O)([O-])OP(=O)(O)OCC3C(C(C(O3)N4C=NC5=C(N=CN=C54)N)O)O)O)O)C(=O)N,-0.9665762445130504,0.7615005373954773,-0.6410980224609375,1.1163820028305054
2614,Q9WYQ4_V44A/K157N,C1=CC(=C[N+](=C1)C2C(C(C(O2)COP(=O)([O-])OP(=O)(O)OCC3C(C(C(O3)N4C=NC5=C(N=CN=C54)N)O)O)O)O)C(=O)N,-1.408935392973501,0.756514310836792,-0.6524912714958191,1.0894646644592285
2615,Q9WYQ4_V44A/I154A,C1=CC(=C[N+](=C1)C2C(C(C(O2)COP(=O)([O-])OP(=O)(O)OCC3C(C(C(O3)N4C=NC5=C(N=CN=C54)N)O)O)O)O)C(=O)N,-0.45469288353429965,0.748324990272522,-0.6551762223243713,1.1180617809295654
2616,Q9WYQ4_I154A,C1=CC(=C[N+](=C1)C2C(C(C(O2)COP(=O)([O-])OP(=O)(O)OCC3C(C(C(O3)N4C=NC5=C(N=CN=C54)N)O)O)O)O)C(=O)N,-1.0555173278498313,0.7747694849967957,-0.6436573266983032,1.1450616121292114
2617,A6TGD6_wild,C1=CC(=C[N+](=C1)C2C(C(C(O2)COP(=O)([O-])OP(=O)(O)OCC3C(C(C(O3)N4C=NC5=C(N=CN=C54)N)O)O)O)O)C(=O)N,0.414973347970818,0.631878674030304,-0.8127222657203674,1.2600599527359009
2618,A6TGD6_wild,C(C(CO)O)O,1.9590413923210936,0.6978568434715271,0.6022912859916687,0.46002280712127686
2619,A6TGD6_wild,C(CO)O,1.9670797341444972,0.23759841918945312,1.5016419887542725,0.11990708112716675
2620,B2ZPN8_wild,C(C(CO)O)O,1.414973347970818,0.7034844160079956,0.6078366041183472,0.4660479426383972
2621,B2ZPN8_wild,C1C=CN(C=C1C(=O)N)C2C(C(C(O2)COP(=O)(O)OP(=O)(O)OCC3C(C(C(O3)N4C=NC5=C(N=CN=C54)N)O)O)O)O,-1.2898826348881838,0.9035210609436035,-1.2558646202087402,1.7203009128570557
2622,P0A9S5_wild,C1=CC(=C[N+](=C1)C2C(C(C(O2)COP(=O)([O-])OP(=O)(O)OCC3C(C(C(O3)N4C=NC5=C(N=CN=C54)N)O)O)O)O)C(=O)N,-0.6575773191777937,0.6223127245903015,-0.7641059160232544,1.2154195308685303
2623,P0A9S5_wild,C(C(CO)O)O,0.14612803567823798,0.7919736504554749,0.6324118971824646,0.41634130477905273
2624,A6TGD6_wild,CC(C(C)O)O,1.8280150642239767,1.2581287622451782,0.7597590684890747,0.25715410709381104
2625,P32816_wild,COCC(CO)O,1.6532125137753437,0.7153962254524231,0.2425653636455536,-0.32585635781288147
2626,P32816_wild,C1=CC=C(C=C1)OCC(CO)O,0.8450980400142568,0.24609766900539398,-0.2978634536266327,-0.20278549194335938
2627,P32816_wild,C(C(CO)O)O,0.5797835966168101,1.1052337884902954,0.10036656260490417,0.12625685334205627
2628,P32816_wild,CCCOCC(CO)O,1.4771212547196624,0.28636544942855835,-0.053829655051231384,-0.31145086884498596
2629,P32816_wild,CCOCC(CO)O,1.1271047983648077,0.7406818270683289,0.034233905375003815,-0.17224329710006714
2630,P32816_L252A,CCCOCC(CO)O,2.783903579272735,0.27890098094940186,-0.04450400173664093,-0.3155580759048462
2631,P32816_L252A,CCCCOCC(CO)O,2.2095150145426308,0.41558557748794556,0.3628472089767456,-0.2511550486087799
2632,P32816_L252A,C(C(CO)O)O,3.27415784926368,1.1035231351852417,0.11987175047397614,0.11533932387828827
2633,P32816_L252A,COCC(CO)O,2.989894563718773,0.7070250511169434,0.26056820154190063,-0.33635470271110535
2634,P32816_L252A,CCOCC(CO)O,2.569373909615046,0.7314103245735168,0.04636639356613159,-0.18436521291732788
2635,A0A150JSL8_D121N/F245S,C1C=CN(C=C1C(=O)N)C2C(C(C(O2)COP(=O)(O)OP(=O)(O)OCC3C(C(C(O3)N4C=NC5=C(N=CN=C54)N)O)O)O)O,-1.0,1.1223958730697632,-1.3595082759857178,1.5488166809082031
2636,A0A150JSL8_wild,C1=CC(=C[N+](=C1)C2C(C(C(O2)COP(=O)([O-])OP(=O)(O)OCC3C(C(C(O3)N4C=NC5=C(N=CN=C54)N)O)O)O)O)C(=O)N,-0.3979400086720376,1.137747049331665,-1.0217304229736328,1.2727099657058716
2637,A0A150JSL8_wild,CC(CO)O,0.0,1.7667239904403687,0.4966457486152649,0.5867502689361572
2638,A0A150JSL8_D121N,C1=CC(=C[N+](=C1)C2C(C(C(O2)COP(=O)([O-])OP(=O)(O)OCC3C(C(C(O3)N4C=NC5=C(N=CN=C54)N)O)O)O)O)C(=O)N,0.17609125905568124,1.0174139738082886,-0.9899397492408752,1.189107894897461
2639,A0A150JSL8_wild,CCC(CO)O,0.47712125471966244,1.9600578546524048,0.8476239442825317,0.5673819780349731
2640,A0A150JSL8_F245S,C1=CC(=C[N+](=C1)C2C(C(C(O2)COP(=O)([O-])OP(=O)(O)OCC3C(C(C(O3)N4C=NC5=C(N=CN=C54)N)O)O)O)O)C(=O)N,-0.15490195998574322,0.9766309261322021,-0.9921494126319885,1.1600699424743652
2641,A0A150JSL8_wild,C(C(CO)O)O,0.6020599913279624,1.5765689611434937,0.2010674774646759,0.5493043065071106
2642,A0A150JSL8_D121N,CCC(CO)O,0.6020599913279624,1.846617579460144,0.9051854014396667,0.47807902097702026
2643,A0A150JSL8_wild,CC(C(C)O)O,1.2304489213782739,1.626927375793457,0.3146801292896271,0.5025807619094849
2644,A0A150JSL8_F245S,CC(CO)O,0.6532125137753437,1.638429045677185,0.6071361303329468,0.43312984704971313
2645,A0A150JSL8_D121N,CC(CO)O,1.2787536009528289,1.6681759357452393,0.5643998384475708,0.4804288446903229
2646,A0A150JSL8_F245S,CC(C(C)O)O,0.8129133566428556,1.4717460870742798,0.39210814237594604,0.3751107454299927
2647,A0A150JSL8_D121N,CC(C(C)O)O,1.954242509439325,1.5098984241485596,0.3660832345485687,0.41044890880584717
2648,A0A150JSL8_F245S,C(C(CO)O)O,1.6127838567197355,1.4190924167633057,0.3151318430900574,0.4051682949066162
2649,A0A150JSL8_F245S,CCC(CO)O,1.3710678622717363,1.8097021579742432,0.9402162432670593,0.43137869238853455
2650,A0A150JSL8_F245S,CC(=O)C(=O)[O-],1.7363965022766426,1.1540652513504028,0.09324651956558228,0.591225266456604
2651,A0A150JSL8_wild,CC(=O)C(=O)[O-],2.315970345456918,1.3421043157577515,-0.013079464435577393,0.7308042049407959
2652,A0A150JSL8_D121N,C(C(CO)O)O,2.290034611362518,1.4656022787094116,0.26911789178848267,0.44498011469841003
2653,A0A150JSL8_D121N,CC(=O)C(=O)[O-],1.7817553746524688,1.194164514541626,0.047733090817928314,0.6298570036888123
2654,Q0K845_wild,C(C=O)S(=O)(=O)O,-0.4814860601221125,0.7955225110054016,0.24302321672439575,1.7828083038330078
2655,Q0K845_wild,CC(C)(COP(=O)(O)OP(=O)(O)OCC1C(C(C(O1)N2C=NC3=C(N=CN=C32)N)O)OP(=O)(O)O)C(C(=O)NCCC(=O)NCCS)O,-0.9913998282380825,1.0464329719543457,-1.0236608982086182,1.8192720413208008
2656,Q0K845_wild,C1=CC(=C[N+](=C1)C2C(C(C(O2)COP(=O)(O)OP(=O)(O)OCC3C(C(C(O3)N4C=NC5=C(N=CN=C54)N)OP(=O)(O)O)O)O)O)C(=O)N,-1.193820026016113,0.8428274989128113,-0.6399490833282471,1.5545289516448975
2657,Q9LTX3_wild,C1CC(=CN(C1O)C2C(C(C(O2)COP(=O)(O)OP(=O)(O)OCC3C(C(C(O3)N4C=NC5=C(N=CN=C54)N)O)O)O)O)C(=O)N,-3.2218487496163566,0.41478288173675537,-1.4802024364471436,1.5533019304275513
2658,Q9LTX3_wild,C1CC(=CN(C1O)C2C(C(C(O2)COP(=O)(O)OP(=O)(O)OCC3C(C(C(O3)N4C=NC5=C(N=CN=C54)N)OP(=O)(O)O)O)O)O)C(=O)N,-2.939302159646388,0.2785254716873169,-1.7420639991760254,1.693152904510498
2659,Q9H3S4_T99A,CC1=C(SC=[N+]1CC2=CN=C(N=C2N)C)CCO,-0.7958800173440752,-1.7343757152557373,-1.7681045532226562,0.2102828323841095
2660,Q9H3S4_wild,CC1=C(SC=[N+]1CC2=CN=C(N=C2N)C)CCO,-0.6777807052660807,-1.7054413557052612,-1.7686400413513184,0.23598164319992065
2661,Q9H3S4_Q96E,C1=NC(=C2C(=N1)N(C=N2)C3C(C(C(O3)COP(=O)(O)OP(=O)(O)OP(=O)(O)O)O)O)N,0.0,-1.7100361585617065,-0.6369969248771667,0.07164567708969116
2662,Q9H3S4_R131G,C1=NC(=C2C(=N1)N(C=N2)C3C(C(C(O3)COP(=O)(O)OP(=O)(O)OP(=O)(O)O)O)O)N,0.3010299956639812,-2.085543632507324,-0.5251883864402771,-0.2663780748844147
2663,Q9H3S4_S74A,C1=NC(=C2C(=N1)N(C=N2)C3C(C(C(O3)COP(=O)(O)OP(=O)(O)OP(=O)(O)O)O)O)N,0.38021124171160603,-1.7340929508209229,-0.6464105248451233,0.08054259419441223
2664,Q9H3S4_S74A,CC1=C(SC=[N+]1CC2=CN=C(N=C2N)C)CCO,-0.6382721639824072,-1.7085541486740112,-1.764289379119873,0.23062628507614136
2665,Q9H3S4_wild,C1=NC(=C2C(=N1)N(C=N2)C3C(C(C(O3)COP(=O)(O)OP(=O)(O)OP(=O)(O)O)O)O)N,0.07918124604762482,-1.7288891077041626,-0.6479102373123169,0.08135250210762024
2666,Q9H3S4_D133N,CC1=C(SC=[N+]1CC2=CN=C(N=C2N)C)CCO,-0.08618614761628333,-2.126854419708252,-1.6477751731872559,-0.12345999479293823
2667,Q9H3S4_R131G,CC1=C(SC=[N+]1CC2=CN=C(N=C2N)C)CCO,-1.1191864077192086,-2.060960292816162,-1.6657195091247559,-0.0973043143749237
2668,Q9H3S4_D133N,C1=NC(=C2C(=N1)N(C=N2)C3C(C(C(O3)COP(=O)(O)OP(=O)(O)OP(=O)(O)O)O)O)N,-0.18708664335714442,-2.1438400745391846,-0.5218873620033264,-0.28490009903907776
2669,Q9H3S4_T99A,C1=NC(=C2C(=N1)N(C=N2)C3C(C(C(O3)COP(=O)(O)OP(=O)(O)OP(=O)(O)O)O)O)N,0.5440680443502757,-1.7610195875167847,-0.6450730562210083,0.060952723026275635
2670,Q9H3S4_Q96E,CC1=C(SC=[N+]1CC2=CN=C(N=C2N)C)CCO,-1.408935392973501,-1.6853188276290894,-1.7560431957244873,0.23106196522712708
2671,Q6RCI8_wild,CC1C(C(C(C(O1)OC2=CC=C(C=C2)[N+](=O)[O-])O)O)O,-0.1804560644581313,1.4922515153884888,-0.11219079792499542,0.9236600399017334
2672,Q8A904_wild,CC1C(C(C(C(O1)OC2=CC=C(C=C2)[N+](=O)[O-])O)O)O,0.4578818967339924,1.6902393102645874,-0.19668062031269073,1.0436533689498901
2673,B1A0U3_wild,C(CC(C(=O)O)N)CN,1.1760912590556813,0.6288175582885742,-0.15836361050605774,0.5854799747467041
2674,Q6LFH8_wild,C(CC(C(=O)O)N)CN,0.5965970956264602,-0.0641537755727768,0.4893178343772888,-0.0009805560111999512
2675,B1A0U3_wild,C(CC(=O)O)C(=O)C(=O)O,0.3010299956639812,0.05893009155988693,-0.782213032245636,0.6720373034477234
2676,P31893_wild,C(CC(=O)O)C(=O)C(=O)O,-0.12493873660829995,0.14645268023014069,-0.027012258768081665,0.29842472076416016
2677,P04181_wild,C(CC(C(=O)O)N)CN,0.10788802518279864,0.8068114519119263,-0.2284022867679596,0.7959027290344238
2678,P04181_wild,C(CC(=O)O)C(=O)C(=O)O,-0.6020599913279624,0.4614340662956238,-0.6844210624694824,0.9417163729667664
2679,P04181_R217A,C(CC(C(=O)O)N)CN,0.8388490907372553,0.8367990255355835,-0.23960699141025543,0.8185187578201294
2680,P04181_R217A,C(CC(=O)O)C(=O)C(=O)O,0.6434526764861874,0.4917830228805542,-0.6765425801277161,0.9555219411849976
2681,P04181_R180T,C(CC(=O)O)C(=O)C(=O)O,1.0530784434834197,0.3788849115371704,-0.5992815494537354,0.8361587524414062
2682,S8EY38_wild,C(CC(C(=O)O)N)CN,0.6232492903979004,0.35953426361083984,0.1292133629322052,0.271792471408844
2683,P29758_wild,C(CC(C(=O)O)N)CN,0.6334684555795865,0.794062077999115,-0.21409544348716736,0.7315264940261841
2684,P29758_wild,C(CC(=O)O)C(=O)C(=O)O,0.414973347970818,0.44994229078292847,-0.6269065141677856,0.8627045750617981
2685,Q6LFH8_wild,C(CC(=O)O)C(=O)C(=O)O,0.07918124604762482,-0.11160117387771606,-0.0548236221075058,0.3915492296218872
2686,P04182_wild,C(CC(C(=O)O)N)CN,-0.25181197299379965,0.7215230464935303,-0.2541015148162842,0.7049612402915955
2687,P04182_wild,C(CC(=O)O)C(=O)C(=O)O,-1.9469215565165803,0.34804511070251465,-0.6973463296890259,0.8634057641029358
2688,S8EY38_wild,C(CC(=O)O)C(=O)C(=O)O,-0.5086383061657274,0.12572869658470154,-0.24566441774368286,0.3445979952812195
2689,S8EY38_V79Y,C(CC(=O)O)C(=O)C(=O)O,-1.2518119729937995,0.21745435893535614,-0.2551138401031494,0.42977017164230347
2690,S8EY38_wild,CC(=O)NC(CCC[NH3+])C(=O)[O-],0.8692317197309762,0.03628678619861603,0.05039633810520172,0.26977625489234924
2691,S8EY38_V79Y,CC(=O)NC(CCC[NH3+])C(=O)[O-],2.6954816764901977,0.13272693753242493,0.04765281826257706,0.34761372208595276
2692,Q3ZCF5_wild,C(CC(=O)O)C(=O)C(=O)O,0.11394335230683679,0.48230689764022827,-0.6976135969161987,0.898190975189209
2693,Q3ZCF5_wild,C(CC(C(=O)O)N)CN,0.7481880270062004,0.8852960467338562,-0.26442474126815796,0.7980737090110779
2694,A0A674DA32_wild,C(CC(=O)O)C(=O)C(=O)O,-0.05551732784983137,0.6586519479751587,-0.33599990606307983,1.1549137830734253
2695,A0A674DA32_wild,C(CC(C(=O)O)N)CN,0.8750612633917001,1.0329504013061523,-0.009492859244346619,0.8818899393081665
2696,P31893_wild,C(CC(C(=O)O)N)CN,0.3010299956639812,0.13195598125457764,0.11587291955947876,0.07171228528022766
2697,K4N0V2_wild,CC1(C2CCC1(C(C2)O)C)C,-1.275724130399211,-1.544596791267395,-0.8514331579208374,0.288272887468338
2698,E5DD06_wild,CC1=CCC(CC1O)C(=C)C,-1.5686362358410126,-0.7412347197532654,-0.6937492489814758,0.7390257120132446
2699,A0A191ZDL6_wild,CC1(C2CCC1(C(C2)O)C)C,-1.3160528692484879,-1.3763163089752197,-0.832598865032196,0.4467819929122925
2700,Q57580_wild,C(C1C(C(C(O1)NC2=C(C(=O)NC(=N2)N)NC=O)O)O)OP(=O)([O-])[O-],0.0,0.5401783585548401,-1.2759976387023926,1.0686352252960205
2701,C3UWD1_wild,CC(=O)NC1=CC=C(C=C1)[N+](=O)[O-],-1.0,1.4266268014907837,-0.8441038727760315,1.5879778861999512
2702,C3UWD1_wild,CC(=O)NC1=CC=C(C=C1)O,-0.494850021680094,0.6541362404823303,-1.1791746616363525,1.2736802101135254
2703,C3UWD1_wild,CC(=O)NC1=CC=C(C=C1)Cl,-0.08092190762392612,0.7218683362007141,-0.8934728503227234,1.2581205368041992
2704,C3UWD1_wild,CC(=O)NC1=CC=CC=C1,1.2787536009528289,0.6824109554290771,-0.6890284419059753,1.0354005098342896
2705,Q04789_wild,CC(C)C(=O)C(=O)O,2.4771212547196626,0.6852254867553711,0.2000759243965149,0.4743281602859497
2706,Q04789_Q487L,CC(C)C(=O)C(=O)O,2.534026106056135,0.6710813641548157,0.18986481428146362,0.4581255316734314
2707,Q04789_Q487G,CC(C)C(=O)C(=O)O,2.2430380486862944,0.6581152081489563,0.20628631114959717,0.4444897770881653
2708,Q04789_Q487A,CC(C)C(=O)C(=O)O,2.2695129442179165,0.6603038907051086,0.20310190320014954,0.45441487431526184
2709,Q04789_Q487S,CC(C)C(=O)C(=O)O,2.187520720836463,0.671101450920105,0.1959124505519867,0.4597444236278534
2710,Q04789_Q487I,CC(C)C(=O)C(=O)O,2.509202522331103,0.6620859503746033,0.19431206583976746,0.4471040666103363
2711,Q6QBS4_wild,C1=CC=C(C=C1)CC(=O)C(=O)O,-0.6989700043360187,1.068343997001648,-0.5539122819900513,0.959227442741394
2712,Q6QBS4_wild,CSCCC(=O)C(=O)O,0.15533603746506186,0.9699217677116394,-0.2271776646375656,1.0678836107254028
2713,Q6QBS4_V461I,CC(C)C(=O)C(=O)O,0.7481880270062004,1.2357196807861328,-0.03321065753698349,0.7986891269683838
2714,Q6QBS4_wild,CC(=O)C(=O)[O-],1.5185139398778875,0.8290579915046692,0.1957743763923645,0.5999248027801514
2715,Q6QBS4_wild,CC(C)CC(=O)C(=O)O,-0.24412514432750865,1.1076029539108276,-0.09200739860534668,0.6084481477737427
2716,Q6QBS4_wild,CC(C)C(=O)C(=O)O,0.7075701760979278,1.235916018486023,-0.028524726629257202,0.7993842363357544
2717,Q6QBS4_V461I/A290M,CC(C)C(=O)C(=O)O,0.968482948553935,1.2369645833969116,-0.030794203281402588,0.7969172596931458
2718,Q6QBS4_wild,CCC(=O)C(=O)[O-],0.7466341989375788,1.1814864873886108,0.1379772126674652,0.804153561592102
2719,Q6QBS4_wild,CCCC(=O)C(=O)[O-],0.15836249209521944,1.1573799848556519,-0.03523050993680954,0.9071662425994873
2720,P9WG37_wild,C1=CC=C2C(=C1)C(=CN2)CC(=O)C(=O)O,-1.0457574905606752,0.3338964581489563,-0.5581725835800171,0.9741712808609009
2721,P9WG37_wild,CC(=O)C(=O)[O-],-0.3979400086720376,0.6650137305259705,0.35735684633255005,0.5549502372741699
2722,P9WG37_wild,CCCCC(=O)C(=O)O,-0.08092190762392612,0.7595632672309875,-0.07669736444950104,0.7303398847579956
2723,P9WG37_wild,CCCC(=O)C(=O)[O-],0.08278537031645007,1.0122591257095337,0.1522258073091507,0.9029723405838013
2724,P9WG37_wild,C1=CC=C(C=C1)CC(=O)C(=O)O,0.06818586174616162,0.6365779042243958,-0.1557234823703766,0.8286910653114319
2725,P9WG37_wild,CCC(C)C(=O)C(=O)O,1.3064250275506875,1.0841387510299683,0.12665338814258575,0.9057416915893555
2726,P9WG37_wild,C1=CC=C(C=C1)C(=O)C(=O)O,1.4168068718229445,0.8776720762252808,-0.030592337250709534,0.9364334344863892
2727,P9WG37_wild,CCC(=O)C(=O)O,2.1408221801093106,0.8482609391212463,0.5152043104171753,0.4425402283668518
2728,Q93088_wild,C(CS)C(C(=O)O)N,-0.9208187539523751,-1.8174599409103394,-0.7027332186698914,0.1007237583398819
2729,Q93088_wild,C[N+](C)(C)CC(=O)[O-],-1.1249387366083,-1.7719359397888184,-0.22857865691184998,-0.39807257056236267
2730,Q93088_wild,C[S+](C)CCC(C(=O)O)N,0.5314789170422551,-1.5694307088851929,-0.5679711103439331,-0.39385679364204407
2731,O09171_F74A,C(CS)C(C(=O)O)N,-1.2441251443275085,-1.9979780912399292,-0.7199548482894897,0.024910300970077515
2732,O09171_D26A,C(CS)C(C(=O)O)N,-1.2006594505464183,-2.2996206283569336,-0.6439620852470398,-0.20822980999946594
2733,O09171_T73G,C(CS)C(C(=O)O)N,-1.3098039199714864,-1.991219162940979,-0.7192572355270386,0.039912909269332886
2734,O09171_C186A,C(CS)C(C(=O)O)N,-1.6020599913279623,-1.9727424383163452,-0.717350423336029,0.023933380842208862
2735,O09171_T184G,C(CS)C(C(=O)O)N,-1.4685210829577449,-2.061161994934082,-0.6913650035858154,-0.024814486503601074
2736,O09171_E21A,C(CS)C(C(=O)O)N,-1.769551078621726,-1.9884542226791382,-0.760793149471283,0.04355570673942566
2737,O09171_C186A,C[N+](C)(C)CC(=O)[O-],-0.7328282715969863,-1.932183027267456,-0.19204595685005188,-0.500741720199585
2738,O09171_E21K,C(CS)C(C(=O)O)N,-1.136677139879544,-1.9766548871994019,-0.7483367323875427,0.036105602979660034
2739,O09171_C186S,C(CS)C(C(=O)O)N,-1.1307682802690238,-1.9822818040847778,-0.7215250730514526,0.022040367126464844
2740,O09171_wild,C[N+](C)(C)CC(=O)[O-],-0.47755576649368014,-1.9530929327011108,-0.1996307075023651,-0.4978622496128082
2741,O09171_A119G,C(CS)C(C(=O)O)N,-1.1674910872937636,-1.9963246583938599,-0.7269352078437805,0.031075716018676758
2742,O09171_T184G,C[N+](C)(C)CC(=O)[O-],-0.2612194415156309,-2.0715506076812744,-0.15177246928215027,-0.5631542205810547
2743,O09171_wild,C(CS)C(C(=O)O)N,-0.9746941347352298,-1.9860678911209106,-0.7258077263832092,0.026499062776565552
2744,O09171_E21A,C[N+](C)(C)CC(=O)[O-],-0.856985199745905,-1.9449201822280884,-0.22433915734291077,-0.4909389317035675
2745,O09171_D26A,C[N+](C)(C)CC(=O)[O-],0.06818586174616162,-2.3032567501068115,-0.12722638249397278,-0.7190682291984558
2746,O09171_T73G,C[N+](C)(C)CC(=O)[O-],-0.5883802940367698,-1.962058663368225,-0.19285345077514648,-0.502767026424408
2747,O09171_E21K,C[N+](C)(C)CC(=O)[O-],-0.7099653886374819,-1.9283636808395386,-0.22162963449954987,-0.4806806743144989
2748,O09171_A119G,C[N+](C)(C)CC(=O)[O-],-0.5157001606532141,-1.9746936559677124,-0.194682776927948,-0.5114051103591919
2749,O09171_F74A,C[N+](C)(C)CC(=O)[O-],-0.013676222949234687,-1.969180941581726,-0.18811477720737457,-0.5108547210693359
2750,Q95332_wild,C(CS)C(C(=O)O)N,-1.494850021680094,-1.7009278535842896,-0.7082319855690002,0.024532705545425415
2751,Q95332_wild,C[N+](C)(C)CC(=O)[O-],-1.6382721639824072,-1.5984386205673218,-0.19250497221946716,-0.395209938287735
2752,P13564_wild,N,-1.3010299956639813,1.8088408708572388,0.07016254961490631,1.2936882972717285
2753,P13564_wild,C1=NC(=C2C(=N1)N(C=N2)C3C(C(C(O3)COP(=O)(O)OP(=O)(O)OP(=O)(O)O)O)O)N,-0.22184874961635637,1.2222872972488403,-0.6833575963973999,1.6287736892700195
2754,P13564_wild,C(CC(=O)O)C(C(=O)O)N,0.0,1.2679036855697632,0.0174558162689209,1.040223240852356
2755,O35543_K112E,C(CC(=O)NC(CS)C(=O)NCC(=O)O)C(C(=O)O)N,-0.7447274948966939,-0.039316654205322266,-0.22715899348258972,0.6927362680435181
2756,O35543_K112E,CCCCCC(C=CC1C2CC(C1CC=CCCCC(=O)O)OO2)O,-0.3098039199714864,0.055026575922966,-0.5404772162437439,1.5348567962646484
2757,Q9JHF7_wild,C(CC(=O)NC(CS)C(=O)NCC(=O)O)C(C(=O)O)N,-0.5228787452803376,0.4213901162147522,-0.3115508556365967,1.2691981792449951
2758,Q9JHF7_wild,CCCCCC(C=CC1C2CC(C1CC=CCCCC(=O)O)OO2)O,-0.6989700043360187,0.5643940567970276,-0.5515143871307373,2.1193301677703857
2759,O09114_C89A/C186A,CCCCCC(C=CC1C2CC(C1CC=CCCCC(=O)O)OO2)O,-1.853871964321762,0.15441185235977173,-1.535524845123291,1.770276665687561
2760,O09114_W54A,CCCCCC(C=CC1C2CC(C1CC=CCCCC(=O)O)OO2)O,-2.886056647693163,0.2579632103443146,-1.5708820819854736,1.9207327365875244
2761,O09114_H111A,CCCCCC(C=CC1C2CC(C1CC=CCCCC(=O)O)OO2)O,-2.853871964321762,0.32574206590652466,-1.5561153888702393,1.9829578399658203
2762,O09114_H116A,CCCCCC(C=CC1C2CC(C1CC=CCCCC(=O)O)OO2)O,-2.853871964321762,0.3024565875530243,-1.55128812789917,1.9750018119812012
2763,O09114_S45A/T67A,CCCCCC(C=CC1C2CC(C1CC=CCCCC(=O)O)OO2)O,-2.677780705266081,0.2774205207824707,-1.571681261062622,1.9518418312072754
2764,O09114_S45A/S81A,CCCCCC(C=CC1C2CC(C1CC=CCCCC(=O)O)OO2)O,-2.9208187539523753,0.2479221075773239,-1.5847301483154297,1.9416518211364746
2765,O09114_T67A/S81A,CCCCCC(C=CC1C2CC(C1CC=CCCCC(=O)O)OO2)O,-2.677780705266081,0.2756182551383972,-1.5837476253509521,1.969620704650879
2766,O09114_S45A/T67A/S81A,CCCCCC(C=CC1C2CC(C1CC=CCCCC(=O)O)OO2)O,-2.9208187539523753,0.25100815296173096,-1.605334997177124,1.9543757438659668
2767,P22057_wild,CCCCCC(C=CC1C2CC(C1CC=CCCCC(=O)O)OO2)O,-1.853871964321762,0.4977948069572449,-1.5392696857452393,2.0126380920410156
2768,P0ADI4_wild,C=C(C(=O)O)OC1C=CC=C(C1O)C(=O)O,-1.832682665251824,0.6232903003692627,-1.4784235954284668,2.0106260776519775
2769,P26935_wild,C(C1C(C(C(C(O1)O)O)O)O)O,1.7450747915820575,0.9385620355606079,1.253542423248291,0.3002357482910156
2770,P26935_wild,C1C(C(C(C(O1)O)O)O)O,2.278753600952829,1.102842092514038,1.3524420261383057,0.22215798497200012
2771,P26935_wild,C1C=CN(C=C1C(=O)N)C2C(C(C(O2)COP(=O)(O)OP(=O)(O)OCC3C(C(C(O3)N4C=NC5=C(N=CN=C54)N)O)O)O)O,-1.4436974992327127,1.0257865190505981,-0.9935640096664429,1.3960819244384766
2772,P52046_wild,CC=CC(=O)SCCNC(=O)CCNC(=O)C(C(C)(C)COP(=O)(O)OP(=O)(O)OCC1C(C(C(O1)N2C=NC3=C(N=CN=C32)N)O)OP(=O)(O)O)O,-1.5228787452803376,1.6137789487838745,-1.5277442932128906,2.7187767028808594
2773,P52046_wild,CCCC=CC(=O)SCCNC(=O)CCNC(=O)C(C(C)(C)COP(=O)(O)OP(=O)(O)OCC1C(C(C(O1)N2C=NC3=C(N=CN=C32)N)O)OP(=O)(O)O)O,-0.8860566476931633,1.5521594285964966,-1.5952773094177246,2.7424888610839844
2774,Q9SE00_wild,C1=CC(=CC=C1[N+](=O)[O-])OP(=O)(O)O,-1.0222763947111522,2.5637238025665283,0.5331898927688599,1.8029195070266724
2775,Q9SE00_wild,C1=NC(=C2C(=N1)N(C=N2)C3C(C(C(O3)COP(=O)(O)OP(=O)(O)OP(=O)(O)O)O)O)N,-0.9208187539523751,2.467784881591797,0.22561264038085938,1.9970310926437378
2776,Q9SE00_wild,C1=NC(=C2C(=N1)N(C=N2)C3C(C(C(O3)COP(=O)(O)OP(=O)(O)O)O)O)N,-0.7447274948966939,2.483076572418213,0.04904299974441528,2.2107090950012207
2777,Q9SE00_wild,C1=NC(=C2C(=N1)N(C=N2)C3C(C(C(O3)COP(=O)(O)O)O)O)N,-0.44369749923271273,2.496126174926758,-0.18932071328163147,2.2115845680236816
2778,Q9SE00_wild,[O-]P(=O)([O-])OP(=O)([O-])[O-],-1.1249387366083,2.66811466217041,-0.3563767671585083,2.7391629219055176
2779,Q9SE00_wild,C(C(CO)OP(=O)(O)O)O,-0.3098039199714864,2.2763419151306152,0.20363429188728333,1.8241536617279053
2780,Q9SE00_wild,C(C1C(C(C(C(O1)O)O)O)O)OP(=O)(O)O,-0.036212172654444715,2.8360509872436523,0.6837664246559143,1.9921211004257202
2781,Q09131_wild,C1=CC(=CC=C1[N+](=O)[O-])OP(=O)(O)O,-2.0969100130080562,2.350898265838623,0.525977611541748,1.8018124103546143
2782,Q09131_wild,C1=NC(=C2C(=N1)N(C=N2)C3C(C(C(O3)COP(=O)(O)OP(=O)(O)OP(=O)(O)O)O)O)N,-2.3010299956639813,2.2000322341918945,0.27990373969078064,1.9381823539733887
2783,Q09131_wild,C1=NC(=C2C(=N1)N(C=N2)C3C(C(C(O3)COP(=O)(O)OP(=O)(O)O)O)O)N,-2.2218487496163566,2.227830410003662,0.087629035115242,2.1545979976654053
2784,Q09131_wild,C1=NC(=C2C(=N1)N(C=N2)C3C(C(C(O3)COP(=O)(O)O)O)O)N,-2.0457574905606752,2.2615442276000977,-0.13876751065254211,2.1427834033966064
2785,Q09131_wild,[O-]P(=O)([O-])OP(=O)([O-])[O-],-2.0457574905606752,2.4199905395507812,-0.32025617361068726,2.7282559871673584
2786,Q09131_wild,C(C(CO)OP(=O)(O)O)O,-1.5228787452803376,2.0437686443328857,0.27372390031814575,1.7614498138427734
2787,P80366_wild,C1=CC(=CC=C1[N+](=O)[O-])OP(=O)(O)O,-0.3187587626244128,2.3247971534729004,0.5841924548149109,1.604475736618042
2788,P80366_wild,C1=NC(=C2C(=N1)N(C=N2)C3C(C(C(O3)COP(=O)(O)OP(=O)(O)OP(=O)(O)O)O)O)N,-0.36653154442041347,2.211329698562622,0.23379811644554138,1.7538421154022217
2789,P80366_wild,C1=NC(=C2C(=N1)N(C=N2)C3C(C(C(O3)COP(=O)(O)OP(=O)(O)O)O)O)N,0.8692317197309762,2.2121353149414062,0.12080925703048706,1.9675014019012451
2790,Q58820_wild,C(C(C(=O)O)O)C(=O)O,-1.6989700043360187,1.3570890426635742,0.2546177804470062,1.424755334854126
2791,P29495_wild,[O-]P(=O)([O-])OP(=O)([O-])[O-],-1.9393021596463884,1.6726313829421997,-0.8931330442428589,2.1195027828216553
2792,P29495_K315A,[O-]P(=O)([O-])OP(=O)([O-])[O-],-1.5228787452803376,1.6751190423965454,-0.8879261612892151,2.1210684776306152
2793,P29495_R326A,[O-]P(=O)([O-])OP(=O)([O-])[O-],-1.1870866433571445,1.561497688293457,-0.8376713991165161,2.0394346714019775
2794,P29495_R310A,[O-]P(=O)([O-])OP(=O)([O-])[O-],-1.9208187539523751,1.6429482698440552,-0.8963972330093384,2.1304264068603516
2795,P29495_R186A,[O-]P(=O)([O-])OP(=O)([O-])[O-],-1.6989700043360187,1.6837056875228882,-0.8909875154495239,2.129361629486084
2796,P29495_R78A,[O-]P(=O)([O-])OP(=O)([O-])[O-],-1.136677139879544,1.4059332609176636,-0.8429502844810486,1.9477953910827637
2797,P29495_R90A,[O-]P(=O)([O-])OP(=O)([O-])[O-],-1.958607314841775,1.6797925233840942,-0.8889357447624207,2.1297409534454346
2798,P29495_K148M,[O-]P(=O)([O-])OP(=O)([O-])[O-],0.18184358794477257,1.5964974164962769,-0.8556320071220398,2.0694525241851807
2799,P29495_wild,[O-]P(=O)([O-])[O-],-0.22184874961635637,1.0578786134719849,-0.07366122305393219,1.3702424764633179
2800,P29495_wild,[Mg+2],-1.080921907623926,0.5906646847724915,-0.5814718008041382,1.303420066833496
2801,P29495_wild,[Mn+2],-1.193820026016113,0.5197058916091919,-1.683063268661499,1.7454347610473633
2802,Q9KH71_wild,[O-]P(=O)([O-])OP(=O)([O-])[O-],-1.6575773191777938,1.4733339548110962,-1.2369468212127686,2.296840190887451
2803,Q9KH71_wild,[O-]P(=O)([O-])[O-],0.6334684555795865,1.2885513305664062,-0.3069540858268738,1.8132617473602295
2804,Q59126_wild,C(C(C(C(C(=O)CO)O)O)O)OP(=O)(O)O,-0.3979400086720376,0.8149664998054504,-0.5838544964790344,1.3900190591812134
2805,Q59126_wild,[O-]P(=O)([O-])OP(=O)([O-])[O-],-0.6989700043360187,1.1411757469177246,-1.045046091079712,1.9372607469558716
2806,Q59126_wild,C(C1C(C(C(O1)(COP(=O)(O)[O-])O)O)O)OP(=O)(O)[O-],-1.6020599913279623,0.4657263159751892,-1.4592914581298828,1.2979440689086914
2807,Q59126_wild,[O-]P(=O)([O-])[O-],-0.0757207139381183,0.8177180886268616,-0.017930880188941956,1.30019211769104
2808,Q59126_wild,[Mg+2],-1.3979400086720375,0.6899811625480652,-0.3290536105632782,1.4491610527038574
2809,G4RK16_wild,[O-]P(=O)([O-])OP(=O)([O-])[O-],-1.6382721639824072,1.8888752460479736,-0.9719765782356262,2.357893466949463
2810,G4RK16_wild,C(C1C(C(C(O1)(CO)O)O)O)OP(=O)(O)O,-1.275724130399211,1.4983793497085571,-0.8132398724555969,1.8564467430114746
2811,G4RK16_wild,[O-]P(=O)([O-])[O-],0.15533603746506186,1.6974592208862305,-0.20542794466018677,1.9214422702789307
2812,G4RK16_wild,C(C1C(C(C(O1)(COP(=O)(O)O)O)O)O)OP(=O)(O)O,-1.4814860601221125,1.4066698551177979,-1.5833933353424072,2.1490864753723145
2813,Q8TBG4_wild,C(COP(=O)(O)O)N,-0.16749108729376366,0.3876369595527649,-0.5860437154769897,0.8052644729614258
2814,Q9CI75_wild,C(CC(=O)N)C(C(=O)O)N,-0.5867002359187482,-0.008409947156906128,0.2981482148170471,0.031062692403793335
2815,Q9CI75_T431V,C(CC(=O)N)C(C(=O)O)N,-0.01322826573375511,-0.14232957363128662,0.3334062993526459,-0.07365384697914124
2816,Q9CI75_R433M,C(CC(=O)N)C(C(=O)O)N,-0.14874165128092473,-0.16477979719638824,0.3824850916862488,-0.09230455756187439
2817,E7FHX6_wild,CC1=CC2=C(C=C1C)N(C=N2)C3C(C(C(O3)CO)OP(=O)([O-])OC(C)CNC(=O)CCC4(C(C5C6(C(C(C(=N6)C(=C7C(C(C(=N7)C=C8C(C(C(=N8)C(=C4[N-]5)C)CCC(=O)N)(C)C)CCC(=O)N)(C)CC(=O)N)C)CCC(=O)N)(C)CC(=O)N)C)CC(=O)N)C)O.[CH2-]C1C(C(C(O1)N2C=NC3=C(N=CN=C32)N)O)O.[Co+3],-3.0,0.7228966355323792,-2.4824323654174805,2.0441126823425293
2818,E7FHX6_wild,C(C(C(CS)O)O)S,0.3010299956639812,0.13340909779071808,-0.9845605492591858,1.609990119934082
2819,E7FHX6_wild,C1=CN(C(=O)N=C1N)C2C(C(C(O2)COP(=O)(O)OP(=O)(O)O)O)O,-1.1549019599857433,0.6220439076423645,-1.1936583518981934,1.9257339239120483
2820,Q8P5S7_wild,CC(C(=O)O)NC(=O)C1CCCN1C(=O)C(CCSC)N,-0.6382721639824072,1.222975254058838,0.09108898043632507,1.4060864448547363
2821,Q8P5S7_wild,CC(C(=O)NC(C)C(=O)O)NC(=O)C(CC1=CC=C(C=C1)O)N,0.5854607295085007,0.39994198083877563,-0.34746667742729187,0.8524454832077026
2822,Q8P5S7_wild,CC(C(=O)NC(C)C(=O)O)NC(=O)C(CCSC)N,0.6627578316815741,0.42489320039749146,-0.1572754681110382,0.7856197357177734
2823,P0C0H0_wild,C1=CN(C(=O)NC1=O)C2C(C(C(O2)COP(=O)(O)OP(=O)(O)OC3C(C(C(C(O3)C(=O)O)O)O)O)O)O,-1.7695510786217261,-0.5418512225151062,-0.5939565300941467,3.5599725246429443
2824,O50201_wild,C1=CN(C(=O)NC1=O)C2C(C(C(O2)COP(=O)(O)OP(=O)(O)OC3C(C(C(C(O3)C(=O)O)O)O)O)O)O,-2.3010299956639813,-0.7164536118507385,-0.5788300633430481,3.442920446395874
2825,O50201_wild,CC(=O)NC1C(C(C(OC1OP(=O)(O)OP(=O)(O)OCC2C(C(C(O2)N3C=CC(=O)NC3=O)O)O)CO)O)O,-1.1549019599857433,-0.7783061265945435,-0.5338367223739624,3.0110106468200684
2826,P0C0H0_wild,CC(=O)NC1C(C(C(OC1OP(=O)(O)OP(=O)(O)OCC2C(C(C(O2)N3C=CC(=O)NC3=O)O)O)CO)O)O,0.13353890837021754,-0.5617516040802002,-0.5224978923797607,3.138711452484131
2827,P0C0H0_C124A,C1=CN(C(=O)NC1=O)C2C(C(C(O2)COP(=O)(O)OP(=O)(O)OC3C(C(C(C(O3)C(=O)O)O)O)O)O)O,-1.4282911681913124,-0.5297471284866333,-0.5780726075172424,3.571455240249634
2828,P0C0H0_C124S,C1=CN(C(=O)NC1=O)C2C(C(C(O2)COP(=O)(O)OP(=O)(O)OC3C(C(C(C(O3)C(=O)O)O)O)O)O)O,-1.485452247339714,-0.540367603302002,-0.5898531079292297,3.5528242588043213
2829,P0C0H0_C225A,C1=CN(C(=O)NC1=O)C2C(C(C(O2)COP(=O)(O)OP(=O)(O)OC3C(C(C(C(O3)C(=O)O)O)O)O)O)O,-1.2062096153091815,-0.5376034379005432,-0.5893993377685547,3.5744409561157227
2830,P0C0H0_C225S,C1=CN(C(=O)NC1=O)C2C(C(C(O2)COP(=O)(O)OP(=O)(O)OC3C(C(C(C(O3)C(=O)O)O)O)O)O)O,-1.3695721249749762,-0.5212849378585815,-0.5941563248634338,3.5732626914978027
2831,P0C0H0_C261A,C1=CN(C(=O)NC1=O)C2C(C(C(O2)COP(=O)(O)OP(=O)(O)OC3C(C(C(C(O3)C(=O)O)O)O)O)O)O,-1.3705904008972811,-0.5613477826118469,-0.5715498328208923,3.5413384437561035
2832,P0C0H0_C261S,C1=CN(C(=O)NC1=O)C2C(C(C(O2)COP(=O)(O)OP(=O)(O)OC3C(C(C(C(O3)C(=O)O)O)O)O)O)O,-1.341035157335565,-0.5491535663604736,-0.5785653591156006,3.547398567199707
2833,P0C0H0_C280A,C1=CN(C(=O)NC1=O)C2C(C(C(O2)COP(=O)(O)OP(=O)(O)OC3C(C(C(C(O3)C(=O)O)O)O)O)O)O,-1.4710832997223453,-0.555084764957428,-0.5833410620689392,3.557053327560425
2834,P0C0H0_C280S,C1=CN(C(=O)NC1=O)C2C(C(C(O2)COP(=O)(O)OP(=O)(O)OC3C(C(C(C(O3)C(=O)O)O)O)O)O)O,-1.5316526695878427,-0.5310198664665222,-0.5993744730949402,3.560364246368408
2835,P0C0H0_C366A,C1=CN(C(=O)NC1=O)C2C(C(C(O2)COP(=O)(O)OP(=O)(O)OC3C(C(C(C(O3)C(=O)O)O)O)O)O)O,-1.2456516642889812,-0.5594450235366821,-0.5747905969619751,3.5450098514556885
2836,P0C0H0_C366S,C1=CN(C(=O)NC1=O)C2C(C(C(O2)COP(=O)(O)OP(=O)(O)OC3C(C(C(C(O3)C(=O)O)O)O)O)O)O,-1.4672456210075022,-0.5513749718666077,-0.5813938975334167,3.543605089187622
2837,P0C0H0_C402A,C1=CN(C(=O)NC1=O)C2C(C(C(O2)COP(=O)(O)OP(=O)(O)OC3C(C(C(C(O3)C(=O)O)O)O)O)O)O,-1.3585258894959005,-0.5554937720298767,-0.5693992376327515,3.553875684738159
2838,P0C0H0_C402S,C1=CN(C(=O)NC1=O)C2C(C(C(O2)COP(=O)(O)OP(=O)(O)OC3C(C(C(C(O3)C(=O)O)O)O)O)O)O,-1.3526170298853801,-0.557829737663269,-0.5749024748802185,3.5478365421295166
2839,P0C0H0_C124A/C402A,C1=CN(C(=O)NC1=O)C2C(C(C(O2)COP(=O)(O)OP(=O)(O)OC3C(C(C(C(O3)C(=O)O)O)O)O)O)O,-1.4034029043735399,-0.546450674533844,-0.5518773794174194,3.5595014095306396
2840,P0C0H0_C261A/C280A,C1=CN(C(=O)NC1=O)C2C(C(C(O2)COP(=O)(O)OP(=O)(O)OC3C(C(C(C(O3)C(=O)O)O)O)O)O)O,-1.2612194415156308,-0.577725887298584,-0.5585640668869019,3.536137819290161
2841,P0C0H0_C124A/C366A/C402A,C1=CN(C(=O)NC1=O)C2C(C(C(O2)COP(=O)(O)OP(=O)(O)OC3C(C(C(C(O3)C(=O)O)O)O)O)O)O,-0.8860566476931633,-0.573045551776886,-0.5257603526115417,3.539335250854492
2842,P0C0H0_C124A/C261A/C280A/C366A/C402A,C1=CN(C(=O)NC1=O)C2C(C(C(O2)COP(=O)(O)OP(=O)(O)OC3C(C(C(C(O3)C(=O)O)O)O)O)O)O,-0.9956786262173574,-0.6298137903213501,-0.4772017002105713,3.5056357383728027
2843,P0C0H0_C124A/C225A/C261A/C280A/C366A/C402A,C1=CN(C(=O)NC1=O)C2C(C(C(O2)COP(=O)(O)OP(=O)(O)OC3C(C(C(C(O3)C(=O)O)O)O)O)O)O,-0.8153085691824012,-0.6407899260520935,-0.4646088480949402,3.516526222229004
2844,Q58835_wild,C1C(C(C(C=C1C(=O)O)O)O)O,-0.3829996588791011,1.1691538095474243,-0.9822553992271423,1.3523292541503906
2845,Q58835_wild,C1=NC(=C2C(=N1)N(C=N2)C3C(C(C(O3)COP(=O)(O)OP(=O)(O)OP(=O)(O)O)O)O)N,-1.3187587626244128,0.8207030892372131,-0.6326952576637268,1.5776721239089966
2846,Q3ZFI7_wild,C1(C(C(OC(C1O)O)C(=O)O)O)O,0.6434526764861874,1.1846054792404175,-0.11208125948905945,1.0151255130767822
2847,Q3ZFI7_wild,C1C=CN(C=C1C(=O)N)C2C(C(C(O2)COP(=O)(O)OP(=O)(O)OCC3C(C(C(O3)N4C=NC5=C(N=CN=C54)N)OP(=O)(O)O)O)O)O,-1.3467874862246563,0.8283905982971191,-1.1947424411773682,2.001338243484497
2848,Q3ZFI7_wild,C(C(C=O)O)O,0.7781512503836436,1.0863114595413208,0.9799099564552307,0.6040198802947998
2849,Q3ZFI7_wild,C(C(C(C(C(C(=O)[O-])O)O)O)O)O,0.6020599913279624,0.7371370196342468,0.8806389570236206,0.6956513524055481
2850,Q3ZFI7_wild,C1=CC(=C[N+](=C1)C2C(C(C(O2)COP(=O)(O)OP(=O)(O)OCC3C(C(C(O3)N4C=NC5=C(N=CN=C54)N)OP(=O)(O)O)O)O)O)C(=O)N,-3.0,0.761875569820404,-0.6620875000953674,1.421679973602295
2851,Q95XG9_wild,CC(C(=O)O)N,0.23552844690754893,0.870617687702179,0.46318894624710083,0.404116153717041
2852,Q95XG9_wild,CSCCC(C(=O)O)N,0.08635983067474823,1.133334755897522,0.2050599753856659,0.5901366472244263
2853,Q95XG9_wild,C(CC(C(=O)O)N)CN=C(N)N,-0.958607314841775,0.8259975910186768,0.16105866432189941,0.28947803378105164
2854,Q95XG9_wild,C1=CC=C(C=C1)CC(C(=O)O)N,0.43456890403419873,1.381332278251648,-0.09109531342983246,0.4996519684791565
2855,Q95XG9_wild,C(C(C(=O)O)N)O,1.3010299956639813,0.5145670771598816,0.45731091499328613,0.003965139389038086
2856,Q95XG9_wild,C1=C(NC=N1)CC(C(=O)O)N,0.4608978427565479,0.7059879302978516,0.04331314563751221,0.31616082787513733
2857,Q51416_wild,C1=NC(=C2C(=N1)N(C=N2)C3C(C(C(O3)COP(=O)(O)OP(=O)(O)OP(=O)(O)O)O)O)N,2.2405492482826,0.2087337076663971,-0.7959292531013489,1.004854679107666
2858,P0ABH9_wild,C1=NC(=C2C(=N1)N(C=N2)C3C(C(C(O3)COP(=O)(O)OP(=O)(O)OP(=O)(O)O)O)O)N,-0.6777807052660807,-1.041903018951416,-0.5557857751846313,0.2554953396320343
2859,P0ABH9_K220T,C1=NC(=C2C(=N1)N(C=N2)C3C(C(C(O3)COP(=O)(O)OP(=O)(O)OP(=O)(O)O)O)O)N,0.04139268515822508,-1.2611194849014282,-0.5239397287368774,0.03346717357635498
2860,Q5M731_wild,CC1=NC=C(C(=N1)N)COP(=O)(O)OP(=O)(O)O,-2.744727494896694,-0.05567748099565506,-1.3001227378845215,1.2225091457366943
2861,P30137_wild,CC1=NC=C(C(=N1)N)COP(=O)(O)OP(=O)(O)O,-3.070581074285707,-0.21418915688991547,-1.1119868755340576,0.7182540893554688
2862,Q4Q5S8_wild,C(C(=O)NCC(=O)NCC(=O)O)N,-0.958607314841775,1.1342122554779053,-0.5211191177368164,1.47072434425354
2863,Q4Q5S8_wild,CCCCCCCCCCCCCC(=O)SCCNC(=O)CCNC(=O)C(C(C)(C)COP(=O)(O)OP(=O)(O)OCC1C(C(C(O1)N2C=NC3=C(N=CN=C32)N)O)OP(=O)(O)O)O,-2.8632794328435933,0.7998793721199036,-2.1759464740753174,1.8568657636642456
2864,Q388H8_wild,C(C(=O)NCC(=O)NCC(=O)O)N,-1.9469215565165803,1.3066519498825073,-0.5893447995185852,1.5268126726150513
2865,Q2UVH9_wild,C1=NC(=C2C(=N1)N(C=N2)C3C(C(C(O3)COP(=O)(O)OP(=O)(O)OP(=O)(O)O)O)O)N,-2.140261433802853,0.19650374352931976,-1.09765625,1.4715559482574463
2866,Q2UVH9_wild,CC1=NC=C(C(=N1)N)CO,-2.1817741063860447,-0.2831374406814575,-0.6952766180038452,0.9210801124572754
2867,Q9S5E2_wild,C1=CC(=C[N+](=C1)C2C(C(C(O2)COP(=O)([O-])OP(=O)(O)OCC3C(C(C(O3)N4C=NC5=C(N=CN=C54)N)O)O)O)O)C(=O)N,-0.7695510786217261,-0.6813225150108337,-1.1787364482879639,0.7428171634674072
2868,O49857_wild,CCCCCCCCC1C(O1)CCCCCCCC(=O)O,-1.6020599913279623,0.07108435779809952,-1.2153992652893066,1.4452078342437744
2869,O49857_Y255F,CCCCCCCCC1C(O1)CCCCCCCC(=O)O,-1.8239087409443187,0.0209064781665802,-1.1973533630371094,1.3866084814071655
2870,O49857_Y255H,CCCCCCCCC1C(O1)CCCCCCCC(=O)O,-1.2218487496163564,-0.024207845330238342,-1.1784968376159668,1.3343781232833862
2871,O49857_Y175S,CCCCCCCCC1C(O1)CCCCCCCC(=O)O,-0.6989700043360187,-0.074872687458992,-1.1352179050445557,1.2563636302947998
2872,B2VQD9_wild,CC(=O)NC1C(C(C(OC1OC2C(OC(C(C2O)NC(=O)C)(C3=CC=C(C=C3)[N+](=O)[O-])OC(C(CO)O)C(C(C=O)N)O)CO)CO)O)O,-0.15490195998574322,1.4202313423156738,-0.5525102615356445,1.3566665649414062
2873,Q9URB1_wild,OO,-2.2218487496163566,2.253807544708252,-1.1244235038757324,2.8185477256774902
2874,Q9URB1_wild,[Mn+2],-1.7569619513137056,1.7107363939285278,-2.191117286682129,2.982045888900757
2875,G5EGA6_wild,C1=CC=C2C(=C1)C(=O)C(=O)N2,-0.9208187539523751,0.48538219928741455,-1.3762478828430176,1.592568278312683
2876,Q5P5I4_wild,CC(C1=CC=CC=C1)O,-2.7958800173440754,-0.06920616328716278,0.5266713500022888,0.559003472328186
2877,Q5P5I4_wild,C1=CC(=C[N+](=C1)C2C(C(C(O2)COP(=O)([O-])OP(=O)(O)OCC3C(C(C(O3)N4C=NC5=C(N=CN=C54)N)O)O)O)O)C(=O)N,-1.2924298239020637,0.9110920429229736,-0.8511146903038025,1.5409259796142578
2878,Q5P5I4_wild,C1C=CN(C=C1C(=O)N)C2C(C(C(O2)COP(=O)(O)OP(=O)(O)OCC3C(C(C(O3)N4C=NC5=C(N=CN=C54)N)O)O)O)O,-2.4814860601221125,0.9041369557380676,-1.2599053382873535,1.8358486890792847
2879,Q5P5I4_wild,CC(=O)C1=CC=CC=C1,-3.0,-0.09037454426288605,0.16913725435733795,0.9816089272499084
2880,P08870_wild,C1=C(NC(=O)NC1=O)C(=O)[O-],-1.585026652029182,0.39427268505096436,-1.3239009380340576,1.4939148426055908
2881,P08870_K103A/D125N,C1=C(NC(=O)NC1=O)C(=O)[O-],-1.5686362358410126,-0.7178776264190674,-1.010441780090332,0.5855151414871216
2882,P08870_K103A/K73A,C1=C(NC(=O)NC1=O)C(=O)[O-],-1.5228787452803376,-0.0023436695337295532,-1.0520398616790771,1.0879061222076416
2883,P08870_K103A/K73Q,C1=C(NC(=O)NC1=O)C(=O)[O-],-1.6020599913279623,-0.6024360656738281,-0.89572674036026,0.5988945960998535
2884,P08870_K103A/K73Q,C1=C(N(C(=O)NC1=O)C2C(C(C(O2)COP(=O)(O)O)O)O)C(=O)O,-2.3010299956639813,-0.9797307848930359,-1.2080752849578857,0.5890441536903381
2885,P08870_K103A/K73A,C1=C(N(C(=O)NC1=O)C2C(C(C(O2)COP(=O)(O)O)O)O)C(=O)O,-2.154901959985743,-0.41205334663391113,-1.3175885677337646,1.1639304161071777
2886,P08870_K103A/D125N,C1=C(N(C(=O)NC1=O)C2C(C(C(O2)COP(=O)(O)O)O)O)C(=O)O,-2.3979400086720375,-1.0908499956130981,-1.2638921737670898,0.5704150199890137
2887,P08870_wild,C1=C(N(C(=O)NC1=O)C2C(C(C(O2)COP(=O)(O)O)O)O)C(=O)O,-2.3010299956639813,-0.00598597526550293,-1.454610824584961,1.5876994132995605
2888,P08870_wild,C(C1C(C(C(O1)OP(=O)(O)OP(=O)(O)O)O)O)OP(=O)(O)O,-1.3098039199714864,0.20665039122104645,-1.608379602432251,1.3837206363677979
2889,P08870_K103A/D125N,C(C1C(C(C(O1)OP(=O)(O)OP(=O)(O)O)O)O)OP(=O)(O)O,-0.6882461389442457,-0.854817271232605,-1.3645708560943604,0.3860047459602356
2890,P08870_K103A/K73A,C(C1C(C(C(O1)OP(=O)(O)OP(=O)(O)O)O)O)OP(=O)(O)O,-1.0969100130080565,-0.18804098665714264,-1.3633151054382324,0.9508971571922302
2891,P08870_K103A/K73Q,C(C1C(C(C(O1)OP(=O)(O)OP(=O)(O)O)O)O)OP(=O)(O)O,-1.2839966563652008,-0.8037092089653015,-1.2981860637664795,0.38714364171028137
2892,P08870_wild,[O-]P(=O)([O-])OP(=O)([O-])[O-],-1.4814860601221125,0.6392791867256165,-1.1240863800048828,1.68600332736969
2893,P08870_K103A/K73Q,[O-]P(=O)([O-])OP(=O)([O-])[O-],-1.408935392973501,-0.33924150466918945,-0.794032096862793,0.8010201454162598
2894,P08870_K103A/K73A,[O-]P(=O)([O-])OP(=O)([O-])[O-],-1.3872161432802645,0.2523970603942871,-0.9085922837257385,1.288456916809082
2895,P08870_K103A/D125N,[O-]P(=O)([O-])OP(=O)([O-])[O-],-1.4685210829577449,-0.4487262964248657,-0.8794541954994202,0.7253162264823914
2896,P08870_K19Q,C(C1C(C(C(O1)OP(=O)(O)OP(=O)(O)O)O)O)OP(=O)(O)O,-1.0177287669604316,0.1709481030702591,-1.5666451454162598,1.3400708436965942
2897,P08870_K26Q,C(C1C(C(C(O1)OP(=O)(O)OP(=O)(O)O)O)O)OP(=O)(O)O,-1.2596373105057561,0.2023933082818985,-1.5698013305664062,1.3697609901428223
2898,P08870_K26Q,C1=C(NC(=O)NC1=O)C(=O)[O-],-1.1870866433571445,0.40451592206954956,-1.2636356353759766,1.4872608184814453
2899,P08870_K19Q,C1=C(NC(=O)NC1=O)C(=O)[O-],-1.1079053973095196,0.3733366131782532,-1.2579634189605713,1.458832025527954
2900,P08870_K26A,C1=C(NC(=O)NC1=O)C(=O)[O-],-1.1549019599857433,0.38050341606140137,-1.2648708820343018,1.453737735748291
2901,P08870_K26A,C(C1C(C(C(O1)OP(=O)(O)OP(=O)(O)O)O)O)OP(=O)(O)O,-1.3010299956639813,0.1895764321088791,-1.5594604015350342,1.350028157234192
2902,P08870_K73Q,C(C1C(C(C(O1)OP(=O)(O)OP(=O)(O)O)O)O)OP(=O)(O)O,-0.2395775165767879,-0.32942909002304077,-1.4447135925292969,0.8566231727600098
2903,P08870_K73Q,C1=C(NC(=O)NC1=O)C(=O)[O-],-1.5086383061657274,-0.14161019027233124,-1.1090776920318604,1.0143707990646362
2904,P08870_K73A,C1=C(NC(=O)NC1=O)C(=O)[O-],-1.537602002101044,0.2774513363838196,-1.2043914794921875,1.3703340291976929
2905,P08870_K73A,C(C1C(C(C(O1)OP(=O)(O)OP(=O)(O)O)O)O)OP(=O)(O)O,-0.40450377817442595,0.08245791494846344,-1.4851737022399902,1.2486298084259033
2906,P08870_K100A,C(C1C(C(C(O1)OP(=O)(O)OP(=O)(O)O)O)O)OP(=O)(O)O,-0.7471469690201069,0.21148420870304108,-1.5632855892181396,1.3614295721054077
2907,P08870_K100A,C1=C(NC(=O)NC1=O)C(=O)[O-],-1.1426675035687315,0.39753293991088867,-1.2575786113739014,1.4726879596710205
2908,P08870_K103Q,C1=C(NC(=O)NC1=O)C(=O)[O-],-1.4685210829577449,0.1354171633720398,-1.1977407932281494,1.2489429712295532
2909,P08870_K103Q,C(C1C(C(C(O1)OP(=O)(O)OP(=O)(O)O)O)O)OP(=O)(O)O,-0.9208187539523751,-0.04825231432914734,-1.5236544609069824,1.1092959642410278
2910,P08870_K103A,C(C1C(C(C(O1)OP(=O)(O)OP(=O)(O)O)O)O)OP(=O)(O)O,-0.5451551399914898,-0.0327104777097702,-1.4966309070587158,1.1146693229675293
2911,P08870_K103A,C1=C(NC(=O)NC1=O)C(=O)[O-],-1.3767507096020997,0.13748884201049805,-1.1895248889923096,1.2451462745666504
2912,P08870_K103A,C1=C(N(C(=O)NC1=O)C2C(C(C(O2)COP(=O)(O)O)O)O)C(=O)O,-1.6989700043360187,-0.26639682054519653,-1.381127119064331,1.314404010772705
2913,P08870_K103Q,C1=C(N(C(=O)NC1=O)C2C(C(C(O2)COP(=O)(O)O)O)O)C(=O)O,-2.468521082957745,-0.2678905725479126,-1.3666634559631348,1.3007971048355103
2914,P08870_K100A,C1=C(N(C(=O)NC1=O)C2C(C(C(O2)COP(=O)(O)O)O)O)C(=O)O,-1.8860566476931633,-0.004093334078788757,-1.4040744304656982,1.5693341493606567
2915,P08870_K73A,C1=C(N(C(=O)NC1=O)C2C(C(C(O2)COP(=O)(O)O)O)O)C(=O)O,-1.958607314841775,-0.1417412906885147,-1.3948955535888672,1.4708081483840942
2916,P08870_K73Q,C1=C(N(C(=O)NC1=O)C2C(C(C(O2)COP(=O)(O)O)O)O)C(=O)O,-1.8860566476931633,-0.5395165681838989,-1.3222646713256836,1.0530905723571777
2917,P08870_K26A,C1=C(N(C(=O)NC1=O)C2C(C(C(O2)COP(=O)(O)O)O)O)C(=O)O,-1.7212463990471711,-0.008050128817558289,-1.4143576622009277,1.5569247007369995
2918,P08870_K26Q,C1=C(N(C(=O)NC1=O)C2C(C(C(O2)COP(=O)(O)O)O)O)C(=O)O,-1.431798275933005,0.0054764896631240845,-1.419240951538086,1.5693918466567993
2919,P08870_K19Q,C1=C(N(C(=O)NC1=O)C2C(C(C(O2)COP(=O)(O)O)O)O)C(=O)O,-1.744727494896694,-0.03260183334350586,-1.4081177711486816,1.543600082397461
2920,P08870_wild,C(C(=O)O)P(=O)(O)O,0.26717172840301384,-0.510682225227356,-0.6897628307342529,0.5880277752876282
2921,P08870_K26Q,C(C(=O)O)P(=O)(O)O,0.5563025007672873,-0.5095312595367432,-0.6513847708702087,0.5722686052322388
2922,P08870_K100A,C(C(=O)O)P(=O)(O)O,0.25527250510330607,-0.5117393732070923,-0.650874137878418,0.5740723609924316
2923,P08870_wild,C1=CNC(=O)NC1=O,0.49968708261840383,-0.31804823875427246,-1.4667754173278809,1.1737098693847656
2924,P08870_K26Q,C1=CNC(=O)NC1=O,0.25767857486918455,-0.30032438039779663,-1.4210031032562256,1.1663260459899902
2925,P08870_K26A,C1=CNC(=O)NC1=O,0.569373909615046,-0.33044278621673584,-1.4321019649505615,1.1386371850967407
2926,P08870_K19Q,[O-]P(=O)([O-])OP(=O)([O-])[O-],-1.3010299956639813,0.6126082539558411,-1.0799739360809326,1.6638245582580566
2927,P08870_K103A,[O-]P(=O)([O-])OP(=O)([O-])[O-],-0.835647144215563,0.39378297328948975,-1.0107064247131348,1.4342398643493652
2928,P08870_K103Q,[O-]P(=O)([O-])OP(=O)([O-])[O-],-0.8416375079047503,0.386391282081604,-1.0271620750427246,1.4297778606414795
2929,P08870_K100A,[O-]P(=O)([O-])OP(=O)([O-])[O-],-0.018634490921455603,0.6389860510826111,-1.0747318267822266,1.6824729442596436
2930,P08870_K73A,[O-]P(=O)([O-])OP(=O)([O-])[O-],-0.7399286120149252,0.5174639225006104,-1.03032648563385,1.562385082244873
2931,P08870_K73Q,[O-]P(=O)([O-])OP(=O)([O-])[O-],-0.9913998282380825,0.09638099372386932,-0.9541004300117493,1.1813170909881592
2932,P08870_K26A,[O-]P(=O)([O-])OP(=O)([O-])[O-],-1.1307682802690238,0.63026362657547,-1.07431960105896,1.6696656942367554
2933,P08870_K26Q,[O-]P(=O)([O-])OP(=O)([O-])[O-],-0.9546770212133425,0.6525160074234009,-1.0836377143859863,1.6934585571289062
2934,Q9ZR47_wild,C(C1C(C(C(C(O1)OC2(C(C(C(O2)CO)O)O)CO)O)O)O)O,1.1553360374650619,1.4455480575561523,0.15387457609176636,0.6263471841812134
2935,Q0GYU5_wild,C1C=CN(C=C1C(=O)N)C2C(C(C(O2)COP(=O)(O)OP(=O)(O)OCC3C(C(C(O3)N4C=NC5=C(N=CN=C54)N)OP(=O)(O)O)O)O)O,-1.3979400086720375,1.334295392036438,-1.214658260345459,2.1051394939422607
2936,Q0GYU5_wild,CC(C(=O)C)O,2.0863598306747484,2.027222156524658,0.6857094168663025,0.7585965394973755
2937,Q0GYU5_wild,C1C(C(C(C(O1)O)O)O)O,2.0863598306747484,2.0113885402679443,1.083723783493042,0.6958396434783936
2938,Q0GYU5_wild,C(C1C(C(C(C(O1)O)O)O)O)O,2.6720978579357175,1.9572241306304932,0.9712945818901062,0.7111367583274841
2939,P78356_wild,C(C(COP(=O)(O)OC1C(C(C(C(C1O)OP(=O)(O)O)O)O)O)C(=O)O)C(=O)O,-1.619788758288394,-1.2874006032943726,-2.0511419773101807,0.5464931130409241
2940,P78356_A381E,C(C(COP(=O)(O)OC1C(C(C(C(C1O)OP(=O)(O)O)O)O)O)C(=O)O)C(=O)O,-1.6575773191777938,-1.2977341413497925,-2.0605804920196533,0.5367456674575806
2941,P78356_A381E,CCCCCCCCCCCCCCCC(=O)OCC(COP(=O)([O-])OC1C(C(C(C(C1O)O)OP(=O)([O-])[O-])O)O)OC(=O)CCCCCCCCCCCCCCC,-1.7212463990471711,-0.8668054938316345,-1.7315211296081543,0.7924203872680664
2942,O33289_wild,CC(=O)SCCNC(=O)CCNC(=O)C(C(C)(C)COP(=O)(O)OP(=O)(O)OCC1C(C(C(O1)N2C=NC3=C(N=CN=C32)N)O)OP(=O)(O)O)O,-0.8239087409443188,0.0392119400203228,-0.6567749381065369,0.6768749952316284
2943,O33289_wild,C(CC(=O)N)C(C(=O)O)N,2.4471580313422194,0.02747873216867447,0.6942340731620789,-0.10693535208702087
2944,P0C2D7_wild,CC(C)CC(C(=O)O)N,-0.4424927980943421,1.216010570526123,0.008121073246002197,0.8350499868392944
2945,P0C2D7_wild,CSCCC(C(=O)O)N,-0.543633966870957,1.4254692792892456,0.31854885816574097,0.7452239990234375
2946,P0C2D7_wild,C1=CC=C(C=C1)CC(C(=O)O)N,-1.2365720064370627,1.5352834463119507,0.012788236141204834,0.8524423837661743
2947,P0DQH9_wild,CC(C)CC(C(=O)O)N,-0.17392519729917355,-0.37596142292022705,-0.84229975938797,1.1572822332382202
2948,B0G0Y8_wild,C1C2C(C(C(O2)N3C=NC4=C3N=C(NC4=O)N)O)OP(=O)(O1)O,-3.6989700043360187,-0.8235350251197815,-2.7206385135650635,1.209849238395691
2949,B0G0Y8_wild,C1C2C(C(C(O2)N3C=NC4=C(N=CN=C43)N)O)OP(=O)(O1)O,-0.8386319977650252,-0.6809528470039368,-2.6597201824188232,1.184046745300293
2950,Q8VID6_wild,C1C2C(C(C(O2)N3C=NC4=C3N=C(NC4=O)N)O)OP(=O)(O1)O,-2.886056647693163,0.11205264925956726,-2.508312225341797,1.7280867099761963
2951,P53144_wild,C1C(C(OC1N2C=CC(=NC2=O)N)COP(=O)(O)O)O,-0.44369749923271273,-0.2210560292005539,-0.9774767756462097,0.9794402122497559
2952,Q8C0L6_wild,CC(=O)NCCCNCCCCNCCCN,-2.749579997691106,0.2251751869916916,-0.9592024683952332,1.7081973552703857
2953,Q8C0L6_wild,CC(=O)NCCCNCCCCN,-1.4341521813264824,0.5681926608085632,-0.7324799299240112,1.6615372896194458
2954,Q8C0L6_wild,C(CCNCCCN)CNCCCN,-0.14508697769214446,-0.14140067994594574,-1.0873565673828125,1.2569161653518677
2955,Q8C0L6_wild,CCNCCCNCCCCNCCCNCC,-0.8239087409443188,-0.46776288747787476,-1.4756081104278564,1.4342701435089111
2956,Q8C0L6_wild,CCNCCCNCCCNCCCNCC,-0.8041003475907662,-0.03608398139476776,-1.5801351070404053,1.5638947486877441
2957,Q8NRC3_wild,C(CC(=O)O)C(=O)C(=O)O,-1.853871964321762,0.1592704802751541,-0.3680976927280426,0.8946220874786377
2958,P0AFG3_wild,CC1=C(SC=[N+]1CC2=CN=C(N=C2N)C)CCOP(=O)(O)OP(=O)(O)O,-2.5228787452803374,0.24572551250457764,-2.2487382888793945,2.1131749153137207
2959,A0A142CYS4_wild,CCN1C2=C(C=C(C=C2)S(=O)(=O)O)SC1=NN=C3N(C4=C(S3)C=C(C=C4)S(=O)(=O)O)CC,-1.3979400086720375,2.373991012573242,-0.5465995669364929,2.9152114391326904
2960,A0A142CYS4_wild,COC1=C(C(=CC=C1)OC)O,-1.3010299956639813,2.2871923446655273,-0.3504001498222351,1.7125135660171509
2961,Q9ZBA9_wild,CC(C(=O)N)N,-0.18708664335714442,0.8013994097709656,-0.4200633764266968,0.7782275676727295
2962,Q9ZBA9_wild,C(C(=O)N)N,1.3483048630481607,0.5780625939369202,-0.0943535566329956,0.8822004795074463
2963,Q9ZBA9_wild,CCC(C(=O)N)N,1.2624510897304295,0.7328345775604248,-0.7044317126274109,1.035468339920044
2964,Q9ZBA9_wild,C(C(C(=O)N)N)O,1.4313637641589874,0.4244946837425232,0.14134101569652557,0.827225387096405
2965,Q9ZBA9_wild,CC(C(C(=O)N)N)O,2.0,0.46197569370269775,-0.1288311779499054,0.6646825075149536
2966,Q9ZBA9_wild,CC(C(=O)NCC(=O)O)N,-0.00877392430750515,0.3773818612098694,-0.5515414476394653,0.8250745534896851
2967,Q9ZBA9_wild,CC(C(=O)NCC(=O)NCC(=O)O)N,-0.431798275933005,0.6728569865226746,-0.6377604007720947,1.1062815189361572
2968,Q9ZBA9_wild,CC(C(=O)NC(C)C(=O)O)N,0.012837224705172217,0.331485390663147,-0.6759276390075684,0.8788002729415894
2969,Q9ZBA9_wild,CC(C(=O)NC(C)C(=O)NC(C)C(=O)O)N,-0.24412514432750865,0.5928933024406433,-0.7688992619514465,1.3967307806015015
2970,Q9ZBA9_wild,CC(C(=O)NC(C)C(=O)NC(C)C(=O)NC(C)C(=O)O)N,-0.494850021680094,0.6406809687614441,-0.8935574293136597,1.6218444108963013
2971,Q9ZBA9_wild,CC(C(=O)NCC1=CC=CC=C1)N,-0.2924298239020636,0.6809428930282593,-0.5875979065895081,0.8552976846694946
2972,Q9ZBA9_wild,CC(C(=O)NC1=CC=C(C=C1)[N+](=O)[O-])N,-0.3372421683184259,0.7151340842247009,-0.9153240323066711,1.459127426147461
2973,Q9ZBA9_wild,CCCCNC(=O)C(C)N,-0.1366771398795441,0.401319682598114,-0.7678614854812622,1.2838811874389648
2974,Q9GV16_wild,CCCCCCCCCCCCCC=CC(C(COC1C(C(C(C(O1)CO)OC2C(C(C(C(O2)CO)OC3C(C(C(C(O3)CO)O)OC4C(C(C(C(O4)CO)O)O)O)NC(=O)C)OC5(CC(C(C(O5)C(C(CO)O)O)NC(=O)C)O)C(=O)O)O)O)O)NC(=O)C)O,-0.45593195564972444,0.6935963034629822,-0.7747653126716614,0.8252639770507812
2975,A8NU13_wild,CC(=CCCC(=CCCC(=CCOP(=O)(O)OP(=O)(O)O)C)C)C,-1.958607314841775,-2.2631101608276367,-2.851888418197632,0.3522409498691559
2976,Q9S725_M293P,C1=CC(=C(C=C1C=CC(=O)O)O)O,-1.6020599913279623,0.10592927783727646,-1.048769474029541,1.1862553358078003
2977,Q9S725_M293A,C1=CC(=C(C=C1C=CC(=O)O)O)O,-1.619788758288394,0.1012771800160408,-1.051844835281372,1.1819483041763306
2978,Q9S725_M293P/V294M,C1=CC(=C(C=C1C=CC(=O)O)O)O,-1.677780705266081,0.10273957252502441,-1.061677098274231,1.19156014919281
2979,Q9S725_M293A/V294L,C1=CC(=C(C=C1C=CC(=O)O)O)O,-1.619788758288394,0.09875952452421188,-1.0535223484039307,1.182984471321106
2980,Q9S725_V294M,C1=CC(=C(C=C1C=CC(=O)O)O)O,-1.6575773191777938,0.09302608668804169,-1.0691206455230713,1.1865448951721191
2981,Q9S725_V294L,C1=CC(=C(C=C1C=CC(=O)O)O)O,-1.6382721639824072,0.09388650953769684,-1.0609033107757568,1.1831092834472656
2982,Q9S725_M293F,C1=CC(=C(C=C1C=CC(=O)O)O)O,-1.2006594505464183,0.08916647732257843,-1.048210620880127,1.1744755506515503
2983,Q9S725_M293Y,C1=CC(=C(C=C1C=CC(=O)O)O)O,-0.6497519816658371,0.08577780425548553,-1.0474181175231934,1.1706562042236328
2984,Q9S725_M293W,C1=CC(=C(C=C1C=CC(=O)O)O)O,-0.7447274948966939,0.09210170060396194,-1.0549986362457275,1.180816888809204
2985,Q9S725_K320L,C1=CC(=C(C=C1C=CC(=O)O)O)O,-1.207608310501746,0.1394859105348587,-1.0734732151031494,1.2483680248260498
2986,Q9S725_K320A,C1=CC(=C(C=C1C=CC(=O)O)O)O,-1.2596373105057561,0.13389766216278076,-1.066596508026123,1.2256555557250977
2987,Q9S725_M293P/K320L,C1=CC(=C(C=C1C=CC(=O)O)O)O,-2.1870866433571443,0.15090428292751312,-1.061647653579712,1.251094102859497
2988,Q9S725_K320A/M293P,C1=CC(=C(C=C1C=CC(=O)O)O)O,-1.0757207139381184,0.1463654637336731,-1.0541446208953857,1.2310256958007812
2989,Q9S725_M293P,COC1=C(C=CC(=C1)C=CC(=O)O)O,-0.6497519816658371,0.29795724153518677,-1.1277756690979004,1.2448967695236206
2990,Q9S725_M293A,COC1=C(C=CC(=C1)C=CC(=O)O)O,-0.25336580106242124,0.2890617847442627,-1.1320524215698242,1.2413256168365479
2991,Q9S725_M293P/V294M,COC1=C(C=CC(=C1)C=CC(=O)O)O,-0.978810700930062,0.2951035499572754,-1.1414687633514404,1.2460641860961914
2992,Q9S725_M293A/V294L,COC1=C(C=CC(=C1)C=CC(=O)O)O,-0.790484985457369,0.28780806064605713,-1.1345090866088867,1.2406444549560547
2993,Q9S725_K320L,COC1=C(C=CC(=C1)C=CC(=O)O)O,-0.8210230527068305,0.3326837420463562,-1.161128044128418,1.290714979171753
2994,Q9S725_K320A,COC1=C(C=CC(=C1)C=CC(=O)O)O,-1.3979400086720375,0.3265584707260132,-1.1494402885437012,1.2786016464233398
2995,Q9S725_M293P/K320L,COC1=C(C=CC(=C1)C=CC(=O)O)O,-2.5686362358410126,0.3471960425376892,-1.145190715789795,1.295856237411499
2996,Q9S725_K320A/M293P,COC1=C(C=CC(=C1)C=CC(=O)O)O,-1.2365720064370627,0.34233683347702026,-1.1327121257781982,1.2839900255203247
2997,Q42524_wild,C1=CC(=CC=C1C=CC(=O)O)O,-1.6003262785189618,0.10050018876791,-0.9938207864761353,1.3616724014282227
2998,Q42524_wild,C1=CC=C(C=C1)C=CC(=O)O,0.800717078282385,0.07898598909378052,-1.1327311992645264,0.9716818332672119
2999,Q42524_wild,C1=CC(=C(C=C1C=CC(=O)O)O)O,-1.958607314841775,0.031066827476024628,-1.081697702407837,1.1463770866394043
3000,Q42524_wild,COC1=C(C=CC(=C1)C=CC(=O)O)O,-1.2464169411070933,0.19954118132591248,-1.1060421466827393,1.2242854833602905
3001,Q9S725_wild,C1=CC(=CC=C1C=CC(=O)O)O,-1.6575773191777938,0.19533006846904755,-0.9245752692222595,1.4248225688934326
3002,Q9S725_wild,C1=CC=C(C=C1)C=CC(=O)O,0.8027737252919757,0.21858729422092438,-1.114708423614502,1.0355291366577148
3003,Q9S777_wild,C1=CC(=CC=C1C=CC(=O)O)O,-1.6382721639824072,0.12332611531019211,-0.8907799124717712,1.2563426494598389
3004,Q9S777_wild,C1=CC=C(C=C1)C=CC(=O)O,0.3159703454569177,0.1382952779531479,-0.9998417496681213,0.9408186674118042
3005,Q9S777_wild,C1=CC(=C(C=C1C=CC(=O)O)O)O,-0.42712839779951983,0.012359619140625,-0.982318639755249,1.0701169967651367
3006,Q9S777_wild,COC1=C(C=CC(=C1)C=CC(=O)O)O,-0.7798919119599449,0.17928116023540497,-1.0339410305023193,1.1451443433761597
3007,Q9LU36_wild,C1=CC(=CC=C1C=CC(=O)O)O,-0.3645162531850879,-0.4706907868385315,-1.0406334400177002,0.8824436664581299
3008,Q9LU36_wild,C1=CC(=C(C=C1C=CC(=O)O)O)O,-0.7304870557820837,-0.6484022736549377,-1.0010489225387573,0.6750427484512329
3009,Q9LU36_wild,COC1=C(C=CC(=C1)C=CC(=O)O)O,-1.585026652029182,-0.4035254120826721,-1.106818675994873,0.8109709024429321
3010,Q9LU36_wild,COC1=CC(=CC(=C1O)OC)C=CC(=O)O,-1.6989700043360187,-0.602748453617096,-1.1599218845367432,0.6974809169769287
3011,Q9S725_M293P/K320L,C1=CC(=CC=C1C=CC(=O)O)O,-2.6989700043360187,0.23779363930225372,-0.9228706359863281,1.4831305742263794
3012,Q9S725_M293P/K320L,COC1=CC(=CC(=C1O)OC)C=CC(=O)O,-0.7746907182741372,-0.001443609595298767,-1.2042310237884521,1.1356037855148315
3013,Q9S725_K320L,C1=CC=C(C=C1)C=CC(=O)O,0.004321373782642578,0.2674764394760132,-1.1166660785675049,1.0862348079681396
3014,Q9S725_M293F/K320F,C1=CC=C(C=C1)C=CC(=O)O,-0.03151705144606486,0.2650298476219177,-1.1151106357574463,1.0823420286178589
3015,Q9S725_M293P/K320L,C1=CC=C(C=C1)C=CC(=O)O,-2.5686362358410126,0.2696114182472229,-1.10032320022583,1.087766170501709
3016,Q9S725_M293P/K320L/N256A,C1=CC=C(C=C1)C=CC(=O)O,-0.7878123955960422,0.2338416874408722,-1.094266653060913,1.0672099590301514
3017,Q9S725_M293F/K320F,C1=CC(=C(C=C1C=CC(=O)O)O)O,-0.4424927980943421,0.1347208470106125,-1.0702617168426514,1.2400131225585938
3018,Q9S725_M293P/K320L/N256A,C1=CC(=C(C=C1C=CC(=O)O)O)O,-0.7798919119599449,0.11728014051914215,-1.0603978633880615,1.2244482040405273
3019,Q9S725_wild,C1=NC(=C2C(=N1)N(C=N2)C3C(C(C(O3)COP(=O)(O)OP(=O)(O)OP(=O)(O)O)O)O)N,-0.7878123955960422,0.3016738295555115,-0.8645645380020142,1.2673335075378418
3020,Q9S725_M293P/K320L,C1=NC(=C2C(=N1)N(C=N2)C3C(C(C(O3)COP(=O)(O)OP(=O)(O)OP(=O)(O)O)O)O)N,-0.8239087409443188,0.34845906496047974,-0.8465012311935425,1.3346551656723022
3021,Q9S725_M293P/K320L,C1=NC(=C2C(=N1)N(C=N2)C3C(C(C(O3)COP(=O)([O-])OP(=O)([O-])OP(=O)([O-])OP(=O)([O-])OCC4C(C(C(O4)N5C=NC6=C(N=CN=C65)N)O)O)O)O)N,-1.193820026016113,0.2008998990058899,-1.490544080734253,1.6006337404251099
3022,Q5V463_wild,CC(C)(COP(=O)(O)OP(=O)(O)OCC1C(C(C(O1)N2C=NC3=C(N=CN=C32)N)O)OP(=O)(O)O)C(C(=O)NCCC(=O)NCCSC(=O)CC(C(=O)O)O)O,-1.7958800173440752,0.7627559304237366,-0.11527889966964722,2.49389910697937
3023,B5AK91_wild,C1C(C(C(C(O1)OC2=CC=CC(=C2)[N+](=O)[O-])O)O)O,-0.7695510786217261,0.9211565852165222,-0.36488276720046997,1.2438621520996094
3024,B5AK91_wild,C1C(C(C(C(O1)OC2=CC=C(C=C2)[N+](=O)[O-])O)O)O,-0.6020599913279624,1.087575078010559,-0.19608071446418762,1.2798309326171875
3025,B5AK91_wild,CC1=CC(=O)OC2=C1C=CC(=C2)OC3C(C(C(CO3)O)O)O,-0.853871964321762,0.3844601511955261,-0.7272958159446716,0.8811434507369995
3026,B5AK91_wild,C1=CC(=CC=C1[N+](=O)[O-])OC2C(C(C(C(O2)CO)O)O)O,1.7403626894942439,0.8874294757843018,-0.482330858707428,1.2801285982131958
3027,O00089_wild,C1C(C(C(C(O1)OC2=CC=C(C=C2)[N+](=O)[O-])O)O)O,-0.5938005763366871,1.1406550407409668,-0.20254027843475342,1.3190886974334717
3028,Q8X212_wild,C1C(C(C(C(O1)OC2=CC=C(C=C2)[N+](=O)[O-])O)O)O,-1.2218487496163564,1.0388941764831543,-0.18969056010246277,1.290145993232727
3029,Q8X212_wild,C1C(C(C(C(O1)OC2COC(C(C2O)O)O)O)O)O,-0.721246399047171,-0.09913550317287445,0.5357425808906555,0.31947243213653564
3030,Q8X212_wild,C1C(C(C(C(O1)OC2COC(C(C2O)O)OC3COC(C(C3O)O)O)O)O)O,-0.7695510786217261,-0.4685257077217102,0.037795960903167725,0.4217227101325989
3031,Q8X212_wild,C1C(C(C(C(O1)OC2COC(C(C2O)O)OC3COC(C(C3O)O)OC4COC(C(C4O)O)O)O)O)O,-0.8239087409443188,-0.7289716601371765,0.03331257402896881,0.24452069401741028
3032,Q8X212_wild,C1C(C(C(C(O1)OC2COC(C(C2O)O)OC3COC(C(C3O)O)OC4COC(C(C4O)O)OC(CO)C(C(C=O)O)O)O)O)O,-0.8860566476931633,-0.4306468367576599,-0.0037232115864753723,0.3499065041542053
3033,Q8X212_wild,C1C(C(C(C(O1)OC2COC(C(C2O)O)OC3COC(C(C3O)O)OC4COC(C(C4O)O)OC5COC(C(C5O)O)OC6COC(C(C6O)O)O)O)O)O,-1.045757490560675,-0.8017885684967041,-0.13865812122821808,0.15684977173805237
3034,Q92458_wild,C1C(C(C(C(O1)OC2=CC=C(C=C2)[N+](=O)[O-])O)O)O,-0.09691001300805639,0.8113377690315247,-0.26274818181991577,1.0411326885223389
3035,Q92458_wild,C1C(C(C(C(O1)OC2COC(C(C2O)O)O)O)O)O,-0.3979400086720376,-0.24551890790462494,0.4806872606277466,0.0886726975440979
3036,Q92458_wild,C1C(C(C(C(O1)OC2COC(C(C2O)O)OC3COC(C(C3O)O)O)O)O)O,-0.6989700043360187,-0.6573925018310547,-0.015773937106132507,0.2170831561088562
3037,Q92458_wild,C1C(C(C(C(O1)OC2COC(C(C2O)O)OC3COC(C(C3O)O)OC4COC(C(C4O)O)O)O)O)O,-0.7958800173440752,-0.8743981719017029,0.023423299193382263,0.06252920627593994
3038,Q92458_wild,C1C(C(C(C(O1)OC2COC(C(C2O)O)OC3COC(C(C3O)O)OC4COC(C(C4O)O)OC(CO)C(C(C=O)O)O)O)O)O,-1.0,-0.5702970623970032,-0.0030569881200790405,0.171152725815773
3039,Q92458_wild,C1C(C(C(C(O1)OC2COC(C(C2O)O)OC3COC(C(C3O)O)OC4COC(C(C4O)O)OC5COC(C(C5O)O)OC6COC(C(C6O)O)O)O)O)O,-1.0969100130080565,-0.9597789645195007,-0.09807845205068588,-0.021593570709228516
3040,P13375_wild,C(C(C(C(C(C=O)O)O)O)O)OP(=O)(O)O,-0.5376020021010439,0.7634648680686951,-0.2835414409637451,1.0416574478149414
3041,P13375_K144A,C(C(C(C(C(C=O)O)O)O)O)OP(=O)(O)O,0.17609125905568124,0.4644428491592407,-0.21360063552856445,0.7105265855789185
3042,P13375_K294A,C(C(C(C(C(C=O)O)O)O)O)OP(=O)(O)O,-0.27572413039921095,0.7596166729927063,-0.2804664075374603,1.0369610786437988
3043,P13375_K356A,C(C(C(C(C(C=O)O)O)O)O)OP(=O)(O)O,-0.5228787452803376,0.760864794254303,-0.2771797180175781,1.0269116163253784
3044,P13375_K425A,C(C(C(C(C(C=O)O)O)O)O)OP(=O)(O)O,-0.4814860601221125,0.7202132344245911,-0.27362918853759766,0.9955641031265259
3045,P13375_K425V,C(C(C(C(C(C=O)O)O)O)O)OP(=O)(O)O,-0.853871964321762,0.7074929475784302,-0.26251113414764404,0.9609776735305786
3046,P13375_K425F,C(C(C(C(C(C=O)O)O)O)O)OP(=O)(O)O,-0.44369749923271273,0.6682507991790771,-0.2419034242630005,0.9104413986206055
3047,P13375_K425W,C(C(C(C(C(C=O)O)O)O)O)OP(=O)(O)O,-0.3467874862246563,0.5404947400093079,-0.22498564422130585,0.7382375597953796
3048,P13375_K425D,C(C(C(C(C(C=O)O)O)O)O)OP(=O)(O)O,-0.494850021680094,0.5899472236633301,-0.2270481437444687,0.7983732223510742
3049,P13375_R207A,C(C(C(C(C(C=O)O)O)O)O)OP(=O)(O)O,-0.431798275933005,0.2928431034088135,-0.20035620033740997,0.5115574598312378
3050,P13375_R207K,C(C(C(C(C(C=O)O)O)O)O)OP(=O)(O)O,-1.2924298239020637,0.5986177325248718,-0.2621675729751587,0.8672045469284058
3051,P81181_wild,C(C(C(C(C(C=O)O)O)O)O)OP(=O)(O)O,0.17609125905568124,0.7822719216346741,-0.23119410872459412,1.2063593864440918
3052,P07741_wild,C(C1C(C(C(O1)OP(=O)(O)OP(=O)(O)O)O)O)OP(=O)(O)O,-2.2218487496163566,0.11238934844732285,-1.5491228103637695,1.0211927890777588
3053,P07741_wild,C1=NC2=NC=NC(=C2N1)N,-0.853871964321762,0.14741787314414978,-1.5955445766448975,0.9421428442001343
3054,P36972_wild,C1=NC2=NC=NC(=C2N1)N,-3.0457574905606752,0.47106415033340454,-1.6382484436035156,0.9976264238357544
3055,Q43199_wild,C1=NC2=NC=NC(=C2N1)N,-1.1307682802690238,0.22755654156208038,-1.5995595455169678,0.846756100654602
3056,Q43199_wild,CC(=CCNC1=NC=NC2=C1NC=N2)C,-0.8860566476931633,0.3517308235168457,-2.0646088123321533,0.869527280330658
3057,Q43199_wild,C1=COC(=C1)CNC2=NC=NC3=C2NC=N3,-0.958607314841775,0.47833967208862305,-1.1995582580566406,0.9374823570251465
3058,Q43199_wild,C1=CC=C(C=C1)CNC2=NC=NC3=C2NC=N3,-0.8124792791635369,0.2573118805885315,-1.0886120796203613,0.7174815535545349
3059,Q43199_wild,C(C1C(C(C(O1)OP(=O)(O)OP(=O)(O)O)O)O)OP(=O)(O)O,-1.8239087409443187,-0.01063472032546997,-1.752260446548462,0.9905323386192322
3060,Q9M0X9_wild,CCCCCC(=O)[O-],-1.1249387366083,-0.12912023067474365,-0.4247322082519531,0.9506022334098816
3061,Q9M0X9_wild,CCCCCCCCC(=O)[O-],-2.2218487496163566,0.1927531659603119,-0.8979647159576416,1.1523586511611938
3062,Q9M0X9_wild,CCCCCCCCCCCCCC(=O)O,-1.2676062401770316,0.02677658200263977,-1.8986356258392334,1.0687239170074463
3063,P56060_wild,C=C(C(=O)O)OP(=O)(O)O,-2.5850266520291822,-0.004519440233707428,-1.2279472351074219,1.952836275100708
3064,P0A715_wild,C(C(C(C=O)O)O)OP(=O)(O)O,-0.5767541260631921,0.1105048879981041,-0.474789559841156,1.0943968296051025
3065,Q8GLK7_wild,[Mn+2],-2.0,-0.26331627368927,-1.7558984756469727,1.9825096130371094
3066,Q8GLK7_wild,[Cd+2],-3.2218487496163566,-0.3782048225402832,-1.196627140045166,1.8508124351501465
3067,Q8GLK7_C11N,[Cd+2],-0.1938200260161128,-0.3785386085510254,-1.1795191764831543,1.8304922580718994
3068,Q9ZN55_wild,C(C(C(C(C=O)O)O)O)OP(=O)(O)O,-2.2269453066357374,0.1533004194498062,-0.6319855451583862,1.4559013843536377
3069,Q9ZN55_wild,C=C(C(=O)O)OP(=O)(O)O,-2.1884249941294067,-0.13772740960121155,-1.2482664585113525,1.8780739307403564
3070,P19938_wild,C(CC(=O)O)C(=O)C(=O)O,-0.09691001300805639,0.7255619168281555,0.15317018330097198,0.3682689666748047
3071,P19938_wild,CC(C(=O)O)N,0.9590413923210936,0.9430170655250549,1.1626060009002686,0.11579757928848267
3072,P19938_wild,CC(=O)C(=O)[O-],-0.7447274948966939,0.819392740726471,0.6675165295600891,0.38547587394714355
3073,P19938_wild,C(CC(=O)O)C(C(=O)O)N,0.07918124604762482,0.5300785899162292,0.9167399406433105,-0.021336734294891357
3074,P54693_wild,C(CC(=O)O)C(=O)C(=O)O,0.5314789170422551,0.9707270264625549,0.1615106761455536,0.3978549838066101
3075,P54693_wild,CC(C(=O)O)N,0.11394335230683679,1.14153254032135,1.1456749439239502,0.2863404154777527
3076,P54693_wild,CCC(=O)C(=O)O,1.146128035678238,1.0885089635849,0.7213299870491028,0.4143741726875305
3077,P54693_wild,CC1=NC=C(C(=C1O)C=O)COP(=O)(O)O,-2.638272163982407,0.7765346765518188,-1.1504619121551514,1.2526464462280273
3078,P54693_wild,CC1=NC=C(C(=C1O)CN)COP(=O)(O)O,-1.6020599913279623,0.41278553009033203,-0.42913079261779785,0.8508731126785278
3079,P19938_S180A,C(CC(=O)O)C(=O)C(=O)O,0.2041199826559248,0.7197026610374451,0.16800075769424438,0.3652191758155823
3080,P19938_S180A,CC(C(=O)O)N,0.9542425094393249,0.9357733130455017,1.169226884841919,0.11503070592880249
3081,O60346_wild,C1=CC(=CC=C1[N+](=O)[O-])OP(=O)(O)O,0.17609125905568124,-0.7289093136787415,-0.07941771298646927,-0.19473493099212646
3082,Q6ZVD8_wild,C1=CC(=CC=C1[N+](=O)[O-])OP(=O)(O)O,0.07918124604762482,-0.11500470340251923,0.3366349935531616,0.6098385453224182
3083,O33832_wild,C1(C(C(C(C(C1O)O)OP(=O)(O)O)O)O)O,-0.8860566476931633,1.7801874876022339,-0.5773687362670898,1.6694426536560059
3084,Q9FUZ2_wild,CC(C(=O)NC(CO)C(=O)O)NC(=O)C(CCSC)NC=O,0.505149978319906,0.27153176069259644,-0.26843056082725525,0.3158159554004669
3085,Q15126_wild,CC(CCOP(=O)(O)O)(CC(=O)O)O,-1.6020599913279623,-0.11700393259525299,-1.065737009048462,0.38878488540649414
3086,Q15126_wild,CC(CCOP(=O)(O)OP(=O)(O)O)(CC(=O)O)O,-1.3872161432802645,0.015834510326385498,-1.245528221130371,0.48583945631980896
3087,Q15126_K17M,CC(CCOP(=O)(O)O)(CC(=O)O)O,-0.7544873321858502,-0.1487342268228531,-1.0689237117767334,0.37461820244789124
3088,Q15126_K17M,CC(CCOP(=O)(O)OP(=O)(O)O)(CC(=O)O)O,-0.728158393463501,-0.010961785912513733,-1.2459840774536133,0.4766766130924225
3089,Q15126_R18Q,CC(CCOP(=O)(O)O)(CC(=O)O)O,-0.9100948885606021,-0.17708879709243774,-1.0376496315002441,0.3535155653953552
3090,Q15126_R18Q,CC(CCOP(=O)(O)OP(=O)(O)O)(CC(=O)O)O,-1.3279021420642825,-0.03687916696071625,-1.2218990325927734,0.45365533232688904
3091,Q15126_K19M,CC(CCOP(=O)(O)O)(CC(=O)O)O,-0.6382721639824072,-0.14356596767902374,-1.0125759840011597,0.3492596745491028
3092,Q15126_K19M,CC(CCOP(=O)(O)OP(=O)(O)O)(CC(=O)O)O,-1.1023729087095586,-0.008625835180282593,-1.1966075897216797,0.4544766843318939
3093,Q15126_D23N,CC(CCOP(=O)(O)O)(CC(=O)O)O,-0.9355420107730815,-0.16749121248722076,-1.071899652481079,0.35851430892944336
3094,Q15126_D23N,CC(CCOP(=O)(O)OP(=O)(O)O)(CC(=O)O)O,-0.8601209135987635,-0.036072298884391785,-1.2532594203948975,0.4547242820262909
3095,P9WKD7_wild,C(C(C(C(C(C=O)O)O)O)O)OP(=O)(O)O,1.2041199826559248,-0.07380823791027069,0.22178974747657776,0.6206228137016296
3096,P16622_wild,CC1=C(C2=CC3=NC(=CC4=NC(=CC5=C(C(=C(N5)C=C1N2)C=C)C)C(=C4CCC(=O)O)C)C(=C3C)CCC(=O)O)C=C,-4.522878745280337,-1.536178469657898,-2.7107486724853516,0.27446866035461426
3097,P16622_R87A,[Zn+2],-3.8239087409443187,-0.6389351487159729,-2.280137777328491,1.2917073965072632
3098,P16622_R87A,CC1=C(C2=CC3=NC(=CC4=NC(=CC5=C(C(=C(N5)C=C1N2)C=C)C)C(=C4CCC(=O)O)C)C(=C3C)CCC(=O)O)C=C,-3.494850021680094,-1.7363625764846802,-2.674128770828247,0.11499083042144775
3099,P16622_Y95L,[Zn+2],-3.8239087409443187,-0.6251068711280823,-2.3344743251800537,1.308265209197998
3100,P16622_Y95L,CC1=C(C2=CC3=NC(=CC4=NC(=CC5=C(C(=C(N5)C=C1N2)C=C)C)C(=C4CCC(=O)O)C)C(=C3C)CCC(=O)O)C=C,-3.677780705266081,-1.7414706945419312,-2.7020633220672607,0.12194550037384033
3101,P16622_Q111E,[Zn+2],-3.8239087409443187,-0.41598546504974365,-2.365206003189087,1.4445562362670898
3102,P16622_Q111E,CC1=C(C2=CC3=NC(=CC4=NC(=CC5=C(C(=C(N5)C=C1N2)C=C)C)C(=C4CCC(=O)O)C)C(=C3C)CCC(=O)O)C=C,-3.6989700043360187,-1.5289231538772583,-2.6928842067718506,0.26318061351776123
3103,P16622_D246A,[Zn+2],-3.8239087409443187,-0.4368325471878052,-2.363461494445801,1.4379048347473145
3104,P16622_D246A,CC1=C(C2=CC3=NC(=CC4=NC(=CC5=C(C(=C(N5)C=C1N2)C=C)C)C(=C4CCC(=O)O)C)C(=C3C)CCC(=O)O)C=C,-3.207608310501746,-1.5687605142593384,-2.7038938999176025,0.2632163166999817
3105,P16622_Y248L,[Zn+2],-3.8239087409443187,-0.6273861527442932,-2.317180871963501,1.287515640258789
3106,P16622_Y248L,CC1=C(C2=CC3=NC(=CC4=NC(=CC5=C(C(=C(N5)C=C1N2)C=C)C)C(=C4CCC(=O)O)C)C(=C3C)CCC(=O)O)C=C,-3.6989700043360187,-1.7604480981826782,-2.6703526973724365,0.07537657022476196
3107,P16622_D246A/Y248L,[Zn+2],-2.5086383061657274,-0.6368990540504456,-2.3327929973602295,1.271796703338623
3108,P16622_D246A/Y248L,CC1=C(C2=CC3=NC(=CC4=NC(=CC5=C(C(=C(N5)C=C1N2)C=C)C)C(=C4CCC(=O)O)C)C(=C3C)CCC(=O)O)C=C,-2.6989700043360187,-1.805606484413147,-2.6988823413848877,0.040720611810684204
3109,P16622_W282L,CC1=C(C2=CC3=NC(=CC4=NC(=CC5=C(C(=C(N5)C=C1N2)C=C)C)C(=C4CCC(=O)O)C)C(=C3C)CCC(=O)O)C=C,-3.2596373105057563,-2.1540908813476562,-2.632427215576172,-0.2417559027671814
3110,P16622_W282L,[Zn+2],-3.8239087409443187,-0.9925163388252258,-2.1996073722839355,1.0287913084030151
3111,P16622_F308A,[Zn+2],-3.8239087409443187,-0.7377022504806519,-2.23576283454895,1.2259681224822998
3112,P16622_F308A,CC1=C(C2=CC3=NC(=CC4=NC(=CC5=C(C(=C(N5)C=C1N2)C=C)C)C(=C4CCC(=O)O)C)C(=C3C)CCC(=O)O)C=C,-3.6989700043360187,-1.8684228658676147,-2.6495096683502197,0.031489938497543335
3113,P16622_H235L,CC1=C(C2=CC3=NC(=CC4=NC(=CC5=C(C(=C(N5)C=C1N2)C=C)C)C(=C4CCC(=O)O)C)C(=C3C)CCC(=O)O)C=C,-2.769551078621726,-2.1772196292877197,-2.6342966556549072,-0.2740207016468048
3114,P16622_H235L,[Zn+2],-1.3187587626244128,-1.040419101715088,-2.172093629837036,0.9798185229301453
3115,P16622_D246V/Y248F,CC1=C(C2=CC3=NC(=CC4=NC(=CC5=C(C(=C(N5)C=C1N2)C=C)C)C(=C4CCC(=O)O)C)C(=C3C)CCC(=O)O)C=C,-2.070581074285707,-1.643080711364746,-2.69260573387146,0.16546745598316193
3116,P16622_D246V/Y248F,[Zn+2],-1.494850021680094,-0.5140584111213684,-2.3491859436035156,1.3627891540527344
3117,P16622_E314A,[Zn+2],-3.522878745280338,-0.5405458807945251,-2.342608690261841,1.361451268196106
3118,P16622_E314A,CC1=C(C2=CC3=NC(=CC4=NC(=CC5=C(C(=C(N5)C=C1N2)C=C)C)C(=C4CCC(=O)O)C)C(=C3C)CCC(=O)O)C=C,-4.301029995663981,-1.6651602983474731,-2.693406820297241,0.17104879021644592
3119,P22830_wild,CC1=C(C2=CC3=NC(=CC4=NC(=CC5=C(C(=C(N5)C=C1N2)C=C)C)C(=C4CCC(=O)O)C)C(=C3C)CCC(=O)O)C=C,-3.3010299956639813,-1.8242686986923218,-2.68672776222229,0.393964946269989
3120,P22600_wild,[Fe+2],-2.454692883534176,-1.5130738019943237,-1.8553636074066162,1.2501859664916992
3121,P22600_wild,CCC1=C(C2=CC3=C(C(=C(N3)C=C4C(=C(C(=N4)C=C5C(=C(C(=N5)C=C1N2)C)CCC(=O)O)CCC(=O)O)C)C)CC)C,-1.9030899869919435,-1.3917385339736938,-2.453320026397705,0.4726405143737793
3122,P22600_wild,[Zn+2],-2.4989407377822483,-0.705715000629425,-2.1756131649017334,1.6914678812026978
3123,P22600_wild,CC1=C(C2=CC3=NC(=CC4=NC(=CC5=C(C(=C(N5)C=C1N2)C=C)C)C(=C4CCC(=O)O)C)C(=C3C)CCC(=O)O)C=C,-1.8961962790440432,-1.7596577405929565,-2.6741106510162354,0.4861083924770355
3124,P16622_G47S,CC1=C(C2=CC3=NC(=CC4=NC(=CC5=C(C(=C(N5)C=C1N2)C=C)C)C(=C4CCC(=O)O)C)C(=C3C)CCC(=O)O)C=C,-3.3979400086720375,-1.6096594333648682,-2.698603630065918,0.21474479138851166
3125,P16622_L62F,CC1=C(C2=CC3=NC(=CC4=NC(=CC5=C(C(=C(N5)C=C1N2)C=C)C)C(=C4CCC(=O)O)C)C(=C3C)CCC(=O)O)C=C,-2.886056647693163,-1.5479580163955688,-2.7082061767578125,0.2656780481338501
3126,P16622_S102F,CC1=C(C2=CC3=NC(=CC4=NC(=CC5=C(C(=C(N5)C=C1N2)C=C)C)C(=C4CCC(=O)O)C)C(=C3C)CCC(=O)O)C=C,-3.3010299956639813,-1.544213891029358,-2.714426279067993,0.2686346769332886
3127,P16622_L205P,CC1=C(C2=CC3=NC(=CC4=NC(=CC5=C(C(=C(N5)C=C1N2)C=C)C)C(=C4CCC(=O)O)C)C(=C3C)CCC(=O)O)C=C,-4.3979400086720375,-1.608762502670288,-2.6624598503112793,0.2255108505487442
3128,P16622_P221L,CC1=C(C2=CC3=NC(=CC4=NC(=CC5=C(C(=C(N5)C=C1N2)C=C)C)C(=C4CCC(=O)O)C)C(=C3C)CCC(=O)O)C=C,-4.3979400086720375,-1.6353451013565063,-2.683710813522339,0.2239520400762558
3129,P16622_wild,[Zn+2],-3.6989700043360187,-0.4199677109718323,-2.374730348587036,1.4546873569488525
3130,P16622_L62F,[Zn+2],-3.0969100130080567,-0.4268515706062317,-2.373612403869629,1.4535696506500244
3131,Q9ZTG0_wild,C(C(C=O)O)OP(=O)(O)O,-1.1307682802690238,0.5424533486366272,0.044959887862205505,2.158578872680664
3132,Q9ZTG0_wild,[O-]P(=O)([O-])[O-],0.9542425094393249,1.2906816005706787,0.6896349191665649,2.3246302604675293
3133,P08011_wild,C(CC(=O)NC(CS)C(=O)NCC(=O)O)C(C(=O)O)N,-0.09691001300805639,0.7967972159385681,0.09629109501838684,1.4525848627090454
3134,P08011_wild,C1=CC(=C(C=C1[N+](=O)[O-])[N+](=O)[O-])Cl,-2.3010299956639813,0.7261976003646851,0.052980199456214905,1.413163661956787
3135,P40582_wild,C(CC(=O)NC(CS)C(=O)NCC(=O)O)C(C(=O)O)N,-0.22184874961635637,0.44701188802719116,0.07823166251182556,0.5669882893562317
3136,P40582_wild,C1=CC(=C(C=C1[N+](=O)[O-])[N+](=O)[O-])Cl,0.5185139398778875,0.3899005651473999,-0.14875765144824982,0.6355829834938049
3137,O35543_K112E,C1=CC(=C(C=C1[N+](=O)[O-])[N+](=O)[O-])Cl,0.5634810853944107,0.057768091559410095,0.17557959258556366,0.7014981508255005
3138,Q9JHF7_wild,C1=CC(=C(C=C1[N+](=O)[O-])[N+](=O)[O-])Cl,0.4913616938342727,0.6993522644042969,0.17013177275657654,1.329254388809204
3139,P43379_wild,C(C1C(C(C(C(O1)OC2C(OC(C(C2O)O)O)CO)O)O)O)O,-0.08092190762392612,2.3328447341918945,0.7912123799324036,1.1631592512130737
3140,P43379_wild,C(C1C2C(C(C(O1)OC3C(OC(C(C3O)O)OC4C(OC(C(C4O)O)OC5C(OC(C(C5O)O)OC6C(OC(C(C6O)O)OC7C(OC(O2)C(C7O)O)CO)CO)CO)CO)CO)O)O)O,-0.8239087409443188,2.486299753189087,-0.28943756222724915,1.6674641370773315
3141,P43379_wild,COC1C(C(C(O1)C(CO)O)O)O,0.9294189257142927,2.129694938659668,1.1209228038787842,1.1152900457382202
3142,P26827_wild,C(C1C(C(C(C(O1)OC2C(OC(C(C2O)O)O)CO)O)O)O)O,0.6627578316815741,2.392378568649292,0.7690662741661072,0.9597843885421753
3143,P26827_wild,COC1C(C(C(O1)C(CO)O)O)O,1.0413926851582251,2.189525604248047,1.0350890159606934,0.9013699293136597
3144,P26827_wild,C(C1C2C(C(C(O1)OC3C(OC(C(C3O)O)OC4C(OC(C(C4O)O)OC5C(OC(C(C5O)O)OC6C(OC(C(C6O)O)OC7C(OC(O2)C(C7O)O)CO)CO)CO)CO)CO)O)O)O,-0.22184874961635637,2.593672513961792,-0.27790898084640503,1.4732645750045776
3145,P26827_wild,C(C1C2C(C(C(O1)OC3C(OC(C(C3O)O)OC4C(OC(C(C4O)O)OC5C(OC(C(C5O)O)OC6C(OC(C(C6O)O)OC7C(OC(C(C7O)O)OC8C(OC(O2)C(C8O)O)CO)CO)CO)CO)CO)CO)O)O)O,-0.3010299956639812,2.763178825378418,-0.08064113557338715,1.4685267210006714
3146,P26827_wild,C(C1C2C(C(C(O1)OC3C(OC(C(C3O)O)OC4C(OC(C(C4O)O)OC5C(OC(C(C5O)O)OC6C(OC(C(C6O)O)OC7C(OC(C(C7O)O)OC8C(OC(C(C8O)O)OC9C(OC(O2)C(C9O)O)CO)CO)CO)CO)CO)CO)CO)O)O)O,0.0,2.8085131645202637,-0.017322666943073273,1.4811269044876099
3147,P26827_wild,C(C1C(C(C(C(O1)O)O)O)O)O,1.0681858617461617,2.6406354904174805,1.3690314292907715,1.0082861185073853
3148,P26827_wild,C(C1C(C(C(C(O1)OC2C(OC(C(C2O)O)OC3C(OC(C(C3O)O)O)CO)CO)O)O)O)O,0.07918124604762482,2.295370578765869,0.19843727350234985,1.1691720485687256
3149,P26827_wild,C(C1C(C(C(C(O1)OC2C(OC(C(C2O)O)OC3C(OC(C(C3O)O)OC4C(OC(C(C4O)O)O)CO)CO)CO)O)O)O)O,0.04139268515822508,2.4187567234039307,0.07490701973438263,1.1383898258209229
3150,Q68CP4_wild,C(C1C(C(C(C(O1)O)N)O)O)O,-2.5228787452803374,-0.041418641805648804,-0.34958696365356445,0.2217406928539276
3151,Q68CP4_wild,CC(=O)SCCNC(=O)CCNC(=O)C(C(C)(C)COP(=O)(O)OP(=O)(O)OCC1C(C(C(O1)N2C=NC3=C(N=CN=C32)N)O)OP(=O)(O)O)O,-2.6020599913279625,0.21827469766139984,-1.4888150691986084,1.1772940158843994
3152,Q3ZBF6_wild,CCCC(=O)SCCNC(=O)CCNC(=O)C(C(C)(C)COP(=O)(O)OP(=O)(O)OCC1C(C(C(O1)N2C=NC3=C(N=CN=C32)N)O)OP(=O)(O)O)O,-2.5686362358410126,0.4965748190879822,-1.80155348777771,2.09305739402771
3153,Q3ZBF6_wild,CCCCCC(=O)SCCNC(=O)CCNC(=O)C(C(C)(C)COP(=O)(O)OP(=O)(O)OCC1C(C(C(O1)N2C=NC3=C(N=CN=C32)N)O)OP(=O)(O)O)O,-1.6989700043360187,0.39861130714416504,-2.1151692867279053,2.1138758659362793
3154,Q3ZBF6_wild,CCCCCCCC(=O)SCCNC(=O)CCNC(=O)C(C(C)(C)COP(=O)(O)OP(=O)(O)OCC1C(C(C(O1)N2C=NC3=C(N=CN=C32)N)O)OP(=O)(O)O)O,-1.494850021680094,0.4318796992301941,-2.1704440116882324,2.0765366554260254
3155,Q3ZBF6_wild,CCC(=O)SCCNC(=O)CCNC(=O)C(C(C)(C)COP(=O)(O)OP(=O)(O)OCC1C(C(C(O1)N2C=NC3=C(N=CN=C32)N)O)OP(=O)(O)O)O,-0.8153085691824012,0.3550413250923157,-1.9249975681304932,2.0488340854644775
3156,P15651_wild,C[N+]1=C2C=CC=CC2=NC3=CC=CC=C31.COS(=O)(=O)[O-],-0.5686362358410126,1.1158380508422852,-0.7539611458778381,2.813581943511963
3157,P15651_wild,CCCC(=O)SCCNC(=O)CCNC(=O)C(C(C)(C)COP(=O)(O)OP(=O)(O)OCC1C(C(C(O1)N2C=NC3=C(N=CN=C32)N)O)OP(=O)(O)O)O,-1.9706162223147905,1.0203553438186646,-1.8511133193969727,2.4427788257598877
3158,P15651_wild,CCCCC(=O)SCCNC(=O)CCNC(=O)C(C(C)(C)COP(=O)(O)OP(=O)(O)OCC1C(C(C(O1)N2C=NC3=C(N=CN=C32)N)O)OP(=O)(O)O)O,-1.4828041020500258,1.044669270515442,-1.9977819919586182,2.4675188064575195
3159,P15651_wild,CCCCCC(=O)SCCNC(=O)CCNC(=O)C(C(C)(C)COP(=O)(O)OP(=O)(O)OCC1C(C(C(O1)N2C=NC3=C(N=CN=C32)N)O)OP(=O)(O)O)O,-0.5451551399914898,0.9380638599395752,-2.1632938385009766,2.4608500003814697
3160,P16219_wild,CCCC(=O)SCCNC(=O)CCNC(=O)C(C(C)(C)COP(=O)(O)OP(=O)(O)OCC1C(C(C(O1)N2C=NC3=C(N=CN=C32)N)O)OP(=O)(O)O)O,-1.889410289700751,0.7680042386054993,-1.8341200351715088,2.271693706512451
3161,P16219_wild,CCCCC(=O)SCCNC(=O)CCNC(=O)C(C(C)(C)COP(=O)(O)OP(=O)(O)OCC1C(C(C(O1)N2C=NC3=C(N=CN=C32)N)O)OP(=O)(O)O)O,-1.47755576649368,0.7853370308876038,-1.9821298122406006,2.286404609680176
3162,P16219_wild,CCCCCC(=O)SCCNC(=O)CCNC(=O)C(C(C)(C)COP(=O)(O)OP(=O)(O)OCC1C(C(C(O1)N2C=NC3=C(N=CN=C32)N)O)OP(=O)(O)O)O,-1.469800301796918,0.6875450611114502,-2.153353214263916,2.2807724475860596
3163,P16219_wild,C[N+]1=C2C=CC=CC2=NC3=CC=CC=C31.COS(=O)(=O)[O-],-0.7471469690201069,0.8616381287574768,-0.7177973389625549,2.646796226501465
3164,P49053_wild,[Br-],-1.8239087409443187,1.9759527444839478,0.09404170513153076,3.4759082794189453
3165,P49053_S402A,[Br-],-1.8153085691824011,1.950400710105896,0.10063803195953369,3.4588522911071777
3166,P49053_F397H,[Br-],-1.175874166083451,1.9776040315628052,0.10330158472061157,3.469521999359131
3167,P49053_wild,[Cl-],-2.939302159646388,1.24082612991333,0.8467351794242859,3.2476630210876465
3168,P49053_S402A,[Cl-],-1.8096683018297086,1.218267798423767,0.8496699333190918,3.2301454544067383
3169,P49053_F397H,[Cl-],-1.7851561519523023,1.2390161752700806,0.8601651787757874,3.238388776779175
3170,P49053_wild,OO,-2.5850266520291822,2.4660732746124268,-0.10509532690048218,3.2081360816955566
3171,P49053_S402A,OO,-2.886056647693163,2.4488258361816406,-0.09691157937049866,3.1946449279785156
3172,Q9RGQ1_wild,[O-]P(=O)([O-])OP(=O)([O-])[O-],-1.5985994592184558,2.7823801040649414,-1.436980962753296,3.074638843536377
3173,P15121_wild,C(C(C=O)O)O,-1.8860566476931633,0.24640539288520813,0.5403350591659546,0.7873876094818115
3174,Q6QHF9_wild,C(CCNCCCN)CNCCCN,-2.0315170514460648,-0.039971962571144104,-1.088836431503296,1.2615031003952026
3175,Q6QHF9_wild,C(CCNCCCN)CN,-1.8239087409443187,-0.13776983320713043,-1.0783607959747314,0.9694806337356567
3176,Q0GYU4_wild,C(C(C=O)O)O,0.9030899869919435,1.0827128887176514,1.0853309631347656,0.5936257243156433
3177,Q0GYU4_wild,CC(=O)C(=O)C,1.1139433523068367,0.9588136076927185,0.3287350535392761,0.9889968633651733
3178,Q0GYU4_wild,C(=O)C=O,1.4771212547196624,1.2585841417312622,0.6961323618888855,0.7603665590286255
3179,Q0GYU4_wild,CC(=O)C=O,4.574031267727719,0.9117042422294617,0.1977691948413849,0.6743559837341309
3180,Q0GYU4_wild,CC(C(=O)C)O,2.05307844348342,1.4773188829421997,0.7170960307121277,0.6478896141052246
3181,Q8RLT5_wild,CC(C1CCC2C1(CCC3C2CCC4C3(CCC(=O)C4)C)C)C(=O)O,-1.585026652029182,1.3124198913574219,-0.9934878945350647,2.0897042751312256
3182,P71864_wild,CC12CCC(=O)CC1CCC3C2CCC4(C3CCC4=O)C,-0.7798919119599449,1.2640537023544312,-1.226363182067871,2.500779867172241
3183,P71864_wild,CC(=O)C1CCC2C1(CCC3C2CCC4=CC(=O)CCC34C)C,-1.1870866433571445,1.4168568849563599,-1.4312641620635986,2.850659132003784
3184,Q57679_wild,C1=NC2=C(N1C3C(C(C(O3)COP(=O)(O)OP(=O)(O)OP(=O)(O)O)O)O)N=C(NC2=O)N,0.045322978786657475,1.4801709651947021,-0.5107926726341248,1.5977261066436768
3185,Q57679_wild,C1C(C(OC1N2C=NC3=C2N=C(NC3=O)N)COP(=O)(O)OP(=O)(O)OP(=O)(O)O)O,0.05307844348341968,1.4719172716140747,-0.590936005115509,1.6224987506866455
3186,Q57679_wild,C1=NC(=C2C(=N1)N(C=N2)C3C(C(C(O3)COP(=O)(O)OP(=O)(O)OP(=O)(O)O)O)O)N,0.8475726591421122,1.5282255411148071,-0.570436954498291,1.6067999601364136
3187,Q57679_wild,C1=CN(C(=O)N=C1N)C2C(C(C(O2)COP(=O)(O)OP(=O)(O)OP(=O)(O)O)O)O,0.16136800223497488,1.551600694656372,-0.4299905598163605,1.4399889707565308
3188,Q57679_wild,CC1=CN(C(=O)NC1=O)C2CC(C(O2)COP(=O)(O)OP(=O)(O)OP(=O)(O)O)O,-0.5228787452803376,1.505447268486023,-0.5154983401298523,1.5196328163146973
3189,Q9H8X2_wild,C1(C(C(C(C(C1OP(=O)(O)O)OP(=O)(O)O)OP(=O)(O)O)OP(=O)(O)O)OP(=O)(O)O)O,-3.3665315444204134,-0.42377519607543945,-2.008122205734253,0.5227997899055481
3190,Q9H8X2_wild,C1=NC(=C2C(=N1)N(C=N2)C3C(C(C(O3)COP(=O)(O)OP(=O)(O)OP(=O)(O)O)O)O)N,-1.677780705266081,-0.5186503529548645,-0.9499699473381042,-0.007523149251937866
3191,Q2RQ36_wild,CC=CC(=O)SCCNC(=O)CCNC(=O)C(C(C)(C)COP(=O)(O)OP(=O)(O)OCC1C(C(C(O1)N2C=NC3=C(N=CN=C32)N)O)OP(=O)(O)O)O,-1.6695862266508092,1.3927357196807861,-1.2910346984863281,2.354233980178833
3192,Q2RQ36_wild,CCCC=CC(=O)SCCNC(=O)CCNC(=O)C(C(C)(C)COP(=O)(O)OP(=O)(O)OCC1C(C(C(O1)N2C=NC3=C(N=CN=C32)N)O)OP(=O)(O)O)O,-2.0409586076789066,1.3269020318984985,-1.384047031402588,2.3469433784484863
3193,O32472_wild,CC=CC(=O)SCCNC(=O)CCNC(=O)C(C(C)(C)COP(=O)(O)OP(=O)(O)OCC1C(C(C(O1)N2C=NC3=C(N=CN=C32)N)O)OP(=O)(O)O)O,-1.537602002101044,1.1795920133590698,-1.0514287948608398,1.9257673025131226
3194,O32472_wild,CCCC=CC(=O)SCCNC(=O)CCNC(=O)C(C(C)(C)COP(=O)(O)OP(=O)(O)OCC1C(C(C(O1)N2C=NC3=C(N=CN=C32)N)O)OP(=O)(O)O)O,-1.4685210829577449,1.100934624671936,-1.1316628456115723,1.9209259748458862
3195,O32472_wild,CCCCCC=CC(=O)SCCNC(=O)CCNC(=O)C(C(C)(C)COP(=O)(O)OP(=O)(O)OCC1C(C(C(O1)N2C=NC3=C(N=CN=C32)N)O)OP(=O)(O)O)O,-1.3010299956639813,1.0045956373214722,-1.4273462295532227,1.8637689352035522
3196,O34925_wild,C1=NC(=C2C(=N1)N(C=N2)C3C(C(C(O3)CO)O)O)N,-1.3467874862246563,0.6171952486038208,-1.4051859378814697,1.6815385818481445
3197,O34925_wild,[O-]P(=O)([O-])[O-],0.8750612633917001,0.6995819211006165,-0.2828085422515869,1.233526349067688
3198,O34925_wild,C1=NC2=NC=NC(=C2N1)N,-1.5157001606532141,0.26329928636550903,-1.2933270931243896,0.8166107535362244
3199,O34925_wild,C(C1C(C(C(O1)OP(=O)(O)O)O)O)O,-0.8696662315049939,0.5958855152130127,-0.8708127737045288,1.2444382905960083
3200,Q8ZJV7_wild,[O-]P(=O)([O-])[O-],-1.0,1.343411922454834,-0.4233962297439575,1.589497447013855
3201,Q8ZJV7_wild,C1=NC2=C(C(=O)N1)N=CN2C3C(C(C(O3)CO)O)O,-1.045757490560675,1.24337899684906,-1.2400894165039062,1.9053250551223755
3202,Q8ZJV7_wild,C1C(C(OC1N2C=NC3=C2N=CNC3=O)CO)O,-0.7695510786217261,0.9302135705947876,-0.9626325964927673,1.7803727388381958
3203,Q8ZJV7_wild,C1C(C(OC1N2C=NC3=C(N=CN=C32)N)CO)O,-0.36653154442041347,0.8277352452278137,-1.6085212230682373,1.8258318901062012
3204,Q8ZJV7_wild,C1C(C(OC1N2C=NC3=C2N=C(NC3=O)N)CO)O,-0.853871964321762,0.9253858923912048,-1.385697603225708,1.8401001691818237
3205,Q8ZJV7_wild,C1C(C(OC1OP(=O)(O)O)CO)O,-1.0,0.7263453602790833,-1.3696751594543457,1.112768292427063
3206,Q8ZJV7_wild,C1=NC2=NC=NC(=C2N1)N,-0.958607314841775,0.7330901026725769,-1.5472426414489746,1.1414201259613037
3207,P54904_wild,C1CC(N=C1)C(=O)O,-0.4089353929735008,1.137526035308838,-0.3073136806488037,1.2144880294799805
3208,P54904_wild,C1C=CN(C=C1C(=O)N)C2C(C(C(O2)COP(=O)(O)OP(=O)(O)OCC3C(C(C(O3)N4C=NC5=C(N=CN=C54)N)O)O)O)O,-0.6382721639824072,1.6304534673690796,-1.0114641189575195,2.343702793121338
3209,P54904_wild,C1C=CN(C=C1C(=O)N)C2C(C(C(O2)COP(=O)(O)OP(=O)(O)OCC3C(C(C(O3)N4C=NC5=C(N=CN=C54)N)OP(=O)(O)O)O)O)O,-1.619788758288394,1.477420449256897,-1.2853350639343262,2.492966413497925
3210,P32322_E221A,C1C(NCS1)C(=O)O,-0.1366771398795441,1.133581519126892,0.6680899262428284,0.4437568485736847
3211,P32322_wild,C1C(NCS1)C(=O)O,0.10037054511756291,1.1464980840682983,0.682308554649353,0.44729170203208923
3212,P32322_wild,C1=CC(=C[N+](=C1)C2C(C(C(O2)COP(=O)([O-])OP(=O)(O)OCC3C(C(C(O3)N4C=NC5=C(N=CN=C54)N)O)O)O)O)C(=O)N,-0.8210230527068305,0.8434372544288635,-0.3999361991882324,1.338780164718628
3213,P32322_wild,C1=CC(=C[N+](=C1)C2C(C(C(O2)COP(=O)(O)OP(=O)(O)OCC3C(C(C(O3)N4C=NC5=C(N=CN=C54)N)OP(=O)(O)O)O)O)O)C(=O)N,0.48572142648157995,0.6583588719367981,-0.611954391002655,1.4921454191207886
3214,P32322_E221A,C1=CC(=C[N+](=C1)C2C(C(C(O2)COP(=O)(O)OP(=O)(O)OCC3C(C(C(O3)N4C=NC5=C(N=CN=C54)N)OP(=O)(O)O)O)O)O)C(=O)N,-0.3187587626244128,0.6440377831459045,-0.6142675876617432,1.5068844556808472
3215,P32322_E221A,C1=CC(=C[N+](=C1)C2C(C(C(O2)COP(=O)([O-])OP(=O)(O)OCC3C(C(C(O3)N4C=NC5=C(N=CN=C54)N)O)O)O)O)C(=O)N,-0.6289321377282637,0.8310033082962036,-0.4032275080680847,1.3454713821411133
3216,Q04708_wild,C1C=CN(C=C1C(=O)N)C2C(C(C(O2)COP(=O)(O)OP(=O)(O)OCC3C(C(C(O3)N4C=NC5=C(N=CN=C54)N)OP(=O)(O)O)O)O)O,-1.0,1.1050225496292114,-1.2838902473449707,2.319790840148926
3217,Q04708_wild,C1C=CN(C=C1C(=O)N)C2C(C(C(O2)COP(=O)(O)OP(=O)(O)OCC3C(C(C(O3)N4C=NC5=C(N=CN=C54)N)O)O)O)O,-0.721246399047171,1.2272347211837769,-1.0214009284973145,2.1796536445617676
3218,A0A0B5A051_wild,C1=CC(=CC=C1C=CC(=O)C2=C(C=C(C=C2O)O)O)O,-2.2410881076020264,0.6721522212028503,-1.1754472255706787,1.5458366870880127
3219,P04053_wild,C1C(C(OC1N2C=NC3=C(N=CN=C32)N)COP(=O)(O)OP(=O)(O)OP(=O)(O)O)O,-0.27572413039921095,1.9447494745254517,-0.38081663846969604,1.6820493936538696
3220,P04053_R336Q,C1C(C(OC1N2C=NC3=C(N=CN=C32)N)COP(=O)(O)OP(=O)(O)OP(=O)(O)O)O,0.6053050461411094,1.9234362840652466,-0.3459318280220032,1.661372184753418
3221,P04053_R336A,C1C(C(OC1N2C=NC3=C(N=CN=C32)N)COP(=O)(O)OP(=O)(O)OP(=O)(O)O)O,0.5502283530550941,1.9321749210357666,-0.35081809759140015,1.6818217039108276
3222,P04053_D343E,C1C(C(OC1N2C=NC3=C(N=CN=C32)N)COP(=O)(O)OP(=O)(O)OP(=O)(O)O)O,1.0863598306747484,1.8769276142120361,-0.32216429710388184,1.5997202396392822
3223,P04053_D345E,C1C(C(OC1N2C=NC3=C(N=CN=C32)N)COP(=O)(O)OP(=O)(O)OP(=O)(O)O)O,0.3053513694466238,1.8310412168502808,-0.3248673677444458,1.554471731185913
3224,P04053_wild,C1C(C(OC1N2C=NC3=C2N=C(NC3=O)N)COP(=O)(O)OP(=O)(O)OP(=O)(O)O)O,-0.9208187539523751,1.5638025999069214,-0.5269544124603271,1.5683629512786865
3225,P04053_R336Q,C1C(C(OC1N2C=NC3=C2N=C(NC3=O)N)COP(=O)(O)OP(=O)(O)OP(=O)(O)O)O,-0.1366771398795441,1.5451303720474243,-0.48952457308769226,1.5461289882659912
3226,P04053_R336A,C1C(C(OC1N2C=NC3=C2N=C(NC3=O)N)COP(=O)(O)OP(=O)(O)OP(=O)(O)O)O,0.07188200730612546,1.5578173398971558,-0.4937642514705658,1.5681794881820679
3227,P04053_D345E,C1C(C(OC1N2C=NC3=C2N=C(NC3=O)N)COP(=O)(O)OP(=O)(O)OP(=O)(O)O)O,-0.8239087409443188,1.4608718156814575,-0.4706427752971649,1.438680648803711
3228,P22133_wild,C(C(=O)C(=O)O)C(=O)O,-1.1249387366083,3.068575859069824,-0.9590487480163574,3.424921989440918
3229,P22133_wild,C1C=CN(C=C1C(=O)N)C2C(C(C(O2)COP(=O)(O)OP(=O)(O)OCC3C(C(C(O3)N4C=NC5=C(N=CN=C54)N)O)O)O)O,-1.0222763947111522,2.878591299057007,-1.2866485118865967,3.7884058952331543
3230,P22133_wild,C1=CC(=C[N+](=C1)C2C(C(C(O2)COP(=O)([O-])OP(=O)(O)OCC3C(C(C(O3)N4C=NC5=C(N=CN=C54)N)O)O)O)O)C(=O)N,-1.2291479883578558,2.7458653450012207,-0.7699686884880066,3.1443748474121094
3231,P16142_wild,C(C(C(=O)O)O)C(=O)O,-1.3010299956639813,1.5731412172317505,0.23534446954727173,1.4830434322357178
3232,Q58820_wild,C1C=CN(C=C1C(=O)N)C2C(C(C(O2)COP(=O)(O)OP(=O)(O)OCC3C(C(C(O3)N4C=NC5=C(N=CN=C54)N)O)O)O)O,-2.0,1.6577894687652588,-0.786480724811554,2.22094464302063
3233,Q13825_wild,CC(=CC(=O)O)CC(=O)SCCNC(=O)CCNC(=O)C(C(C)(C)COP(=O)(O)OP(=O)(O)OCC1C(C(C(O1)N2C=NC3=C(N=CN=C32)N)O)OP(=O)(O)O)O,-2.1870866433571443,0.9431917667388916,-1.7861921787261963,2.0732667446136475
3234,P51015_wild,CC(=O)C(=O)[O-],1.1702617153949575,-0.34038764238357544,0.005374796688556671,0.3284931778907776
3235,Q53WI0_wild,[Co+2],-1.2596373105057561,-0.7271550297737122,-1.4409615993499756,1.3692290782928467
3236,Q53WI0_wild,[Ni+2],-1.1307682802690238,-0.8270853757858276,-1.3498344421386719,1.2406935691833496
3237,Q53WI0_wild,[Mn+2],-1.3467874862246563,-0.5915434956550598,-1.4718985557556152,1.534896969795227
3238,Q53WI0_wild,[Mg+2],-1.0969100130080565,-0.6385557055473328,-0.24879156053066254,0.9272856712341309
3239,Q53WI0_wild,[Ca+2],-1.0222763947111522,-1.0176879167556763,-1.0701980590820312,1.3645057678222656
3240,P0A8Y1_wild,C1=CC(=CC=C1[N+](=O)[O-])OP(=O)(O)O,1.250420002308894,0.38552606105804443,0.03615843504667282,0.36699146032333374
3241,P0A8Y1_wild,CC1=CN(C(=O)NC1=O)C2CC(C(O2)COP(=O)(O)O)O,-0.2924298239020636,0.43310362100601196,-0.6393651366233826,1.208606243133545
3242,P0A8Y1_wild,C1=CN(C(=O)NC1=O)C2C(C(C(O2)COP(=O)(O)O)O)O,-0.1804560644581313,0.5245627164840698,-0.4936906695365906,1.1801824569702148
3243,P0A8Y1_wild,C1C(C(OC1N2C=CC(=O)NC2=O)COP(=O)(O)O)O,-0.11350927482751817,0.516727089881897,-0.8689836263656616,1.3202177286148071
3244,P0ACC7_wild,C(C1C(C(C(C(O1)OP(=O)(O)O)N)O)O)O,-1.1549019599857433,1.6210774183273315,-0.8571615815162659,1.661615014076233
3245,P0ACC7_G14A,C(C1C(C(C(C(O1)OP(=O)(O)O)N)O)O)O,-1.0,1.4935027360916138,-0.8226073384284973,1.549809217453003
3246,P0ACC7_R18A,C(C1C(C(C(C(O1)OP(=O)(O)O)N)O)O)O,-1.2218487496163564,1.3767350912094116,-0.7993151545524597,1.4787647724151611
3247,P0ACC7_K25A,C(C1C(C(C(C(O1)OP(=O)(O)O)N)O)O)O,-1.1249387366083,1.3888458013534546,-0.793304979801178,1.4720239639282227
3248,P0ACC7_wild,CC(=O)SCCNC(=O)CCNC(=O)C(C(C)(C)COP(=O)(O)OP(=O)(O)OCC1C(C(C(O1)N2C=NC3=C(N=CN=C32)N)O)OP(=O)(O)O)O,-0.6989700043360187,1.3862155675888062,-1.1860783100128174,1.791445255279541
3249,P0ACC7_C296A,CC(=O)SCCNC(=O)CCNC(=O)C(C(C)(C)COP(=O)(O)OP(=O)(O)OCC1C(C(C(O1)N2C=NC3=C(N=CN=C32)N)O)OP(=O)(O)O)O,-0.6989700043360187,1.3996027708053589,-1.1835594177246094,1.7956912517547607
3250,P0ACC7_C296A,C(C1C(C(C(C(O1)OP(=O)(O)O)N)O)O)O,-1.1549019599857433,1.6318305730819702,-0.8595849871635437,1.6623553037643433
3251,P0ACC7_C307A,CC(=O)SCCNC(=O)CCNC(=O)C(C(C)(C)COP(=O)(O)OP(=O)(O)OCC1C(C(C(O1)N2C=NC3=C(N=CN=C32)N)O)OP(=O)(O)O)O,-1.045757490560675,1.4025778770446777,-1.190575361251831,1.79952073097229
3252,P0ACC7_C307A,C(C1C(C(C(C(O1)OP(=O)(O)O)N)O)O)O,-0.6020599913279624,1.6311973333358765,-0.8656582236289978,1.660886526107788
3253,P0ACC7_C324A,C(C1C(C(C(C(O1)OP(=O)(O)O)N)O)O)O,-0.9208187539523751,1.6306040287017822,-0.8618907332420349,1.6658291816711426
3254,P0ACC7_C324A,CC(=O)SCCNC(=O)CCNC(=O)C(C(C)(C)COP(=O)(O)OP(=O)(O)OCC1C(C(C(O1)N2C=NC3=C(N=CN=C32)N)O)OP(=O)(O)O)O,-0.853871964321762,1.4014478921890259,-1.1864936351776123,1.8078432083129883
3255,P0ACC7_C385A,CC(=O)SCCNC(=O)CCNC(=O)C(C(C)(C)COP(=O)(O)OP(=O)(O)OCC1C(C(C(O1)N2C=NC3=C(N=CN=C32)N)O)OP(=O)(O)O)O,-0.6020599913279624,1.3902610540390015,-1.1809883117675781,1.7787818908691406
3256,P0ACC7_C385A,C(C1C(C(C(C(O1)OP(=O)(O)O)N)O)O)O,-0.6989700043360187,1.6207941770553589,-0.8427010178565979,1.6412779092788696
3257,P0ACC7_wild,C1=CN(C(=O)NC1=O)C2C(C(C(O2)COP(=O)(O)OP(=O)(O)OC3C(C(C(C(O3)CO)O)O)N)O)O,0.11394335230683679,1.1153175830841064,-0.9881942272186279,1.8588902950286865
3258,P0ACC7_wild,CCC(=O)SCCNC(=O)CCNC(=O)C(C(C)(C)COP(=O)(O)OP(=O)(O)OCC1C(C(C(O1)N2C=NC3=C(N=CN=C32)N)O)OP(=O)(O)O)O,-0.0757207139381183,1.2543383836746216,-1.128844976425171,1.8176720142364502
3259,Q58DM8_wild,CCCC=CC(=O)SCCNC(=O)CCNC(=O)C(C(C)(C)COP(=O)(O)OP(=O)(O)OCC1C(C(C(O1)N2C=NC3=C(N=CN=C32)N)O)OP(=O)(O)O)O,-2.1739251972991736,1.4098659753799438,-1.7909584045410156,2.549036979675293
3260,Q58DM8_wild,CC=CC(=O)SCCNC(=O)CCNC(=O)C(C(C)(C)COP(=O)(O)OP(=O)(O)OCC1C(C(C(O1)N2C=NC3=C(N=CN=C32)N)O)OP(=O)(O)O)O,-1.8386319977650252,1.4241231679916382,-1.7486200332641602,2.502638816833496
3261,Q58DM8_wild,CCCCCC=CC(=O)SCCNC(=O)CCNC(=O)C(C(C)(C)COP(=O)(O)OP(=O)(O)OCC1C(C(C(O1)N2C=NC3=C(N=CN=C32)N)O)OP(=O)(O)O)O,-0.5528419686577808,1.3735159635543823,-2.0556583404541016,2.5614609718322754
3262,Q58DM8_wild,CCCCCCCC=CC(=O)SCCNC(=O)CCNC(=O)C(C(C)(C)COP(=O)(O)OP(=O)(O)OCC1C(C(C(O1)N2C=NC3=C(N=CN=C32)N)O)OP(=O)(O)O)O,-0.5228787452803376,1.3976833820343018,-2.0971224308013916,2.544299840927124
3263,Q58DM8_wild,CCCCCCCCCC=CC(=O)SCCNC(=O)CCNC(=O)C(C(C)(C)COP(=O)(O)OP(=O)(O)OCC1C(C(C(O1)N2C=NC3=C(N=CN=C32)N)O)OP(=O)(O)O)O,-0.3979400086720376,1.4267421960830688,-2.09944224357605,2.519984006881714
3264,Q58DM8_wild,CCCCCCCCCCCC=CC(=O)SCCNC(=O)CCNC(=O)C(C(C)(C)COP(=O)(O)OP(=O)(O)OCC1C(C(C(O1)N2C=NC3=C(N=CN=C32)N)O)OP(=O)(O)O)O,-0.3767507096020995,1.4215673208236694,-2.095595598220825,2.4924752712249756
3265,Q58DM8_wild,CCCCCCCCCCCCCC=CC(=O)SCCNC(=O)CCNC(=O)C(C(C)(C)COP(=O)(O)OP(=O)(O)OCC1C(C(C(O1)N2C=NC3=C(N=CN=C32)N)O)OP(=O)(O)O)O,-0.3010299956639812,1.386276364326477,-2.1095316410064697,2.434840202331543
3266,P30084_wild,CC=CC(=O)SCCNC(=O)CCNC(=O)C(C(C)(C)COP(=O)(O)OP(=O)(O)OCC1C(C(C(O1)N2C=NC3=C(N=CN=C32)N)O)OP(=O)(O)O)O,-1.894489815230026,1.275909185409546,-1.775742530822754,2.4054038524627686
3267,P30084_wild,CCCC=CC(=O)SCCNC(=O)CCNC(=O)C(C(C)(C)COP(=O)(O)OP(=O)(O)OCC1C(C(C(O1)N2C=NC3=C(N=CN=C32)N)O)OP(=O)(O)O)O,-1.8239087409443187,1.256879210472107,-1.8355565071105957,2.4632372856140137
3268,P30084_wild,CCCCCC=CC(=O)SCCNC(=O)CCNC(=O)C(C(C)(C)COP(=O)(O)OP(=O)(O)OCC1C(C(C(O1)N2C=NC3=C(N=CN=C32)N)O)OP(=O)(O)O)O,-2.0457574905606752,1.2236255407333374,-2.1111202239990234,2.4631707668304443
3269,P30084_wild,CCCCCCCC=CC(=O)SCCNC(=O)CCNC(=O)C(C(C)(C)COP(=O)(O)OP(=O)(O)OCC1C(C(C(O1)N2C=NC3=C(N=CN=C32)N)O)OP(=O)(O)O)O,-2.154901959985743,1.2446343898773193,-2.149226188659668,2.447158098220825
3270,P30084_wild,CCCCCCCCCC=CC(=O)SCCNC(=O)CCNC(=O)C(C(C)(C)COP(=O)(O)OP(=O)(O)OCC1C(C(C(O1)N2C=NC3=C(N=CN=C32)N)O)OP(=O)(O)O)O,-2.3010299956639813,1.2726905345916748,-2.1494104862213135,2.4260201454162598
3271,P30084_wild,CCCCCCCCCCCC=CC(=O)SCCNC(=O)CCNC(=O)C(C(C)(C)COP(=O)(O)OP(=O)(O)OCC1C(C(C(O1)N2C=NC3=C(N=CN=C32)N)O)OP(=O)(O)O)O,-2.3010299956639813,1.2587968111038208,-2.147322654724121,2.402743339538574
3272,Q9ZPI6_wild,CC=CC(=O)SCCNC(=O)CCNC(=O)C(C(C)(C)COP(=O)(O)OP(=O)(O)OCC1C(C(C(O1)N2C=NC3=C(N=CN=C32)N)O)OP(=O)(O)O)O,-0.9393021596463883,1.1235567331314087,-1.47243332862854,2.411377191543579
3273,Q9ZPI5_wild,CC=CC(=O)SCCNC(=O)CCNC(=O)C(C(C)(C)COP(=O)(O)OP(=O)(O)OCC1C(C(C(O1)N2C=NC3=C(N=CN=C32)N)O)OP(=O)(O)O)O,-0.619788758288394,1.369775414466858,-1.5342984199523926,2.58886456489563
3274,P30084_wild,CC(=CC(=O)SCCNC(=O)CCNC(=O)C(C(C)(C)COP(=O)(O)OP(=O)(O)OCC1C(C(C(O1)N2C=NC3=C(N=CN=C32)N)O)OP(=O)(O)O)O)C,-1.3388501427552133,1.2950974702835083,-1.9847002029418945,2.4549007415771484
3275,P30084_wild,CC(C)(COP(=O)(O)OP(=O)(O)OCC1C(C(C(O1)N2C=NC3=C(N=CN=C32)N)O)OP(=O)(O)O)C(C(=O)NCCC(=O)NCCSC(=O)C=C)O,-1.4680104485874497,1.201038122177124,-1.9471654891967773,2.735413074493408
3276,P30084_wild,CC=C(C)C(=O)SCCNC(=O)CCNC(=O)C(C(C)(C)COP(=O)([O-])OP(=O)([O-])OCC1C(C(C(O1)N2C=NC3=C(N=CN=C32)N)O)OP(=O)([O-])[O-])O,-1.237546517636453,1.1687698364257812,-1.9504578113555908,2.410236358642578
3277,P30084_wild,CC(=C)C(=O)SCCNC(=O)CCNC(=O)C(C(C)(C)COP(=O)(O)OP(=O)(O)OCC1C(C(C(O1)N2C=NC3=C(N=CN=C32)N)O)OP(=O)(O)O)O,-1.2358986235237712,1.1000957489013672,-2.098322868347168,2.513352394104004
3278,P43123_wild,C1=CN(C(=O)NC1=O)C2C(C(C(O2)COP(=O)(O)OP(=O)(O)OP(=O)(O)O)O)O,-1.6865546295735858,-0.04746197164058685,-1.266441822052002,1.4764792919158936
3279,P43123_G111A,C1=CN(C(=O)NC1=O)C2C(C(C(O2)COP(=O)(O)OP(=O)(O)OP(=O)(O)O)O)O,-1.3499840475281615,-0.18531106412410736,-1.2432749271392822,1.3571614027023315
3280,P43123_G112A,C1=CN(C(=O)NC1=O)C2C(C(C(O2)COP(=O)(O)OP(=O)(O)OP(=O)(O)O)O)O,-1.1465451586319335,-0.2826332449913025,-1.2495181560516357,1.2737185955047607
3281,P43123_G114A,C1=CN(C(=O)NC1=O)C2C(C(C(O2)COP(=O)(O)OP(=O)(O)OP(=O)(O)O)O)O,-1.609594843519919,-0.12295092642307281,-1.2768197059631348,1.4171843528747559
3282,P43123_T115A,C1=CN(C(=O)NC1=O)C2C(C(C(O2)COP(=O)(O)OP(=O)(O)OP(=O)(O)O)O)O,-1.633017024022149,-0.3251086473464966,-1.2430405616760254,1.2124435901641846
3283,P43123_R116A,C1=CN(C(=O)NC1=O)C2C(C(C(O2)COP(=O)(O)OP(=O)(O)OP(=O)(O)O)O)O,-1.7767637268970025,-0.42393672466278076,-1.194906234741211,1.0937790870666504
3284,P43123_L117A,C1=CN(C(=O)NC1=O)C2C(C(C(O2)COP(=O)(O)OP(=O)(O)OP(=O)(O)O)O)O,-1.2673650324608041,-0.12220044434070587,-1.2721364498138428,1.4080617427825928
3285,P43123_P122A,C1=CN(C(=O)NC1=O)C2C(C(C(O2)COP(=O)(O)OP(=O)(O)OP(=O)(O)O)O)O,-1.5124374397436218,-0.02687971293926239,-1.2712383270263672,1.495874047279358
3286,P43123_K123A,C1=CN(C(=O)NC1=O)C2C(C(C(O2)COP(=O)(O)OP(=O)(O)OP(=O)(O)O)O)O,-1.7539940959239708,-0.346849262714386,-1.2088451385498047,1.168234944343567
3287,P0ACC7_wild,C1=CN(C(=O)NC1=O)C2C(C(C(O2)COP(=O)(O)OP(=O)(O)OP(=O)(O)O)O)O,-1.7695510786217261,0.9730800986289978,-0.6140033602714539,1.490403652191162
3288,P0ACC7_G14A,C1=CN(C(=O)NC1=O)C2C(C(C(O2)COP(=O)(O)OP(=O)(O)OP(=O)(O)O)O)O,-1.0969100130080565,0.8358625769615173,-0.5759913921356201,1.337563395500183
3289,P0ACC7_R18A,C1=CN(C(=O)NC1=O)C2C(C(C(O2)COP(=O)(O)OP(=O)(O)OP(=O)(O)O)O)O,-0.5850266520291821,0.7480221390724182,-0.5475929975509644,1.2418954372406006
3290,P0ACC7_K25A,C1=CN(C(=O)NC1=O)C2C(C(C(O2)COP(=O)(O)OP(=O)(O)OP(=O)(O)O)O)O,-0.7695510786217261,0.7443666458129883,-0.5583934783935547,1.2387765645980835
3291,O64765_wild,C(C1C(C(C(C(O1)OP(=O)(O)O)O)O)O)O,-0.032452023781137915,0.6473420262336731,-0.8169892430305481,1.36238431930542
3292,P0ACC7_wild,CC(=O)NC1C(C(C(OC1OP(=O)(O)O)CO)O)O,-1.744727494896694,1.0582048892974854,-0.6171483993530273,1.383630633354187
3293,P0ACC7_wild,C(C1C(C(C(C(O1)OP(=O)(O)O)O)O)O)O,0.3010299956639812,1.2303624153137207,-0.8046669363975525,1.5047913789749146
3294,O43001_wild,C1(C(C(C(C(C1OP(=O)(O)O)O)OP(=O)(O)O)OP(=O)(O)O)O)O,-1.9625735020593764,0.6307618021965027,-1.3946592807769775,1.668391466140747
3295,O43001_wild,[Mg+2],-0.27572413039921095,0.2503134310245514,-0.654050886631012,1.6821366548538208
3296,O43001_wild,[Mn+2],-1.9208187539523751,0.29277360439300537,-1.8137967586517334,2.1563737392425537
3297,O43001_wild,[Ni+2],-2.1944991418415998,0.057306334376335144,-1.4379901885986328,1.9381288290023804
3298,O43001_wild,[Co+2],-1.8386319977650252,0.030471637845039368,-1.7888684272766113,2.0351221561431885
3299,O43001_E597Q,[Mg+2],-2.886056647693163,0.019651450216770172,-0.6151795387268066,1.554614782333374
3300,O43001_wild,C1=CC(=CC=C1[N+](=O)[O-])OP(=O)(O)O,0.7678976160180906,0.06832244992256165,-0.13822084665298462,0.5705065131187439
3301,O43001_wild,COC1=CC2=C(C=C1)C3(C4=C(O2)C=C(C=C4)OP(=O)(O)O)C5=CC=CC=C5C(=O)O3,-0.7399286120149252,-0.6890193819999695,-1.6840386390686035,0.9099940657615662
3302,O43001_wild,C1(C(C(C(C(C1O)OP(=O)(O)O)OP(=O)(O)O)O)O)O,-1.1197582241045196,0.8000019192695618,-1.254420518875122,1.583498239517212
3303,P18539_wild,C1C(=C(N2C(S1)C(C2=O)NC(=O)CC3=CC=CS3)C(=O)[O-])C[N+]4=CC=CC=C4,-0.6989700043360187,1.8747681379318237,-1.511117935180664,3.0186805725097656
3304,P18539_wild,CC1=NN=C(S1)SCC2=C(N3C(C(C3=O)NC(=O)CN4C=NN=N4)SC2)C(=O)O,-0.2676062401770315,1.4920161962509155,-1.4148375988006592,3.1098227500915527
3305,P18539_wild,C1C(=C(N2C(S1)C(C2=O)NC(=O)CC3=CC=CS3)C(=O)O)C=CC4=C(C=C(C=C4)[N+](=O)[O-])[N+](=O)[O-],-1.3979400086720375,1.9327434301376343,-1.8509836196899414,3.2884607315063477
3306,P18539_wild,CC(=O)OCC1=C(N2C(C(C2=O)NC(=O)C(=NOC)C3=CSC(=N3)N)SC1)C(=O)O,-1.9208187539523751,-0.036001041531562805,-1.7687320709228516,2.221881151199341
3307,P18539_wild,CON=C(C1=CC=CO1)C(=O)NC2C3N(C2=O)C(=C(CS3)COC(=O)N)C(=O)O,-3.2218487496163566,-0.3301483392715454,-2.005829095840454,1.8209638595581055
3308,P18539_wild,COC1(C2N(C1=O)C(=C(CS2)COC(=O)N)C(=O)O)NC(=O)CC3=CC=CS3,-3.522878745280338,-0.320412278175354,-2.1483819484710693,1.67930006980896
3309,P18539_wild,CC1(C(N2C(S1)C(C2=O)NC(=O)CC3=CC=CC=C3)C(=O)O)C,-2.769551078621726,1.1297624111175537,-1.8224413394927979,2.271430730819702
3310,P18539_wild,CC(=O)OCC1=C(N2C(C(C2=O)NC(=O)CC3=CC=CS3)SC1)C(=O)O,-1.1739251972991736,1.4762088060379028,-1.7554962635040283,3.00400972366333
3311,P18539_wild,CN1C(=NN=N1)SCC2=C(N3C(C(C3=O)(NC(=O)C(C4=CC=C(C=C4)O)C(=O)O)OC)OC2)C(=O)O,-1.2218487496163564,-0.10707738995552063,-1.7719933986663818,2.094998836517334
3312,P24735_wild,C1C(=C(N2C(S1)C(C2=O)NC(=O)CC3=CC=CS3)C(=O)O)C=CC4=C(C=C(C=C4)[N+](=O)[O-])[N+](=O)[O-],-1.5686362358410126,1.6652040481567383,-1.2922215461730957,3.2367007732391357
3313,P24735_wild,C1C(=C(N2C(S1)C(C2=O)NC(=O)CC3=CC=CS3)C(=O)[O-])C[N+]4=CC=CC=C4,-1.6989700043360187,1.4287707805633545,-0.8563080430030823,2.8566691875457764
3314,P00811_wild,CC1=NN=C(S1)SCC2=C(N3C(C(C3=O)NC(=O)CN4C=NN=N4)SC2)C(=O)O,-0.3979400086720376,1.9036742448806763,-1.6615936756134033,3.4074175357818604
3315,P24735_wild,CC(=O)OCC1=C(N2C(C(C2=O)NC(=O)CC3=CC=CS3)SC1)C(=O)O,-1.7695510786217261,0.9846401810646057,-1.009476661682129,2.8372855186462402
3316,P00811_wild,CC1=C(N2C(C(C2=O)NC(=O)C(C3=CC=CC=C3)N)SC1)C(=O)O,-2.3979400086720375,1.7445095777511597,-1.9246852397918701,3.1838910579681396
3317,P18539_wild,CC1=C(N2C(C(C2=O)NC(=O)C(C3=CC=CC=C3)N)SC1)C(=O)O,-1.5228787452803376,1.338133692741394,-1.4636285305023193,2.9916653633117676
3318,P24735_wild,CC1=C(N2C(C(C2=O)NC(=O)C(C3=CC=CC=C3)N)SC1)C(=O)O,-2.5228787452803374,0.781742513179779,-0.8007074594497681,2.8785219192504883
3319,P00811_wild,CON=C(C1=CC=CO1)C(=O)NC2C3N(C2=O)C(=C(CS3)COC(=O)N)C(=O)O,-4.060480747381382,-0.08951833844184875,-2.3356616497039795,1.8726840019226074
3320,P24735_wild,CON=C(C1=CC=CO1)C(=O)NC2C3N(C2=O)C(=C(CS3)COC(=O)N)C(=O)O,-4.698970004336019,-0.5521143078804016,-1.2213897705078125,1.8153984546661377
3321,P24735_wild,CC(=O)OCC1=C(N2C(C(C2=O)NC(=O)C(=NOC)C3=CSC(=N3)N)SC1)C(=O)O,-3.6989700043360187,-0.39152681827545166,-0.9820612072944641,2.025074005126953
3322,P24735_wild,COC1(C2N(C1=O)C(=C(CS2)COC(=O)N)C(=O)O)NC(=O)CC3=CC=CS3,-4.301029995663981,-0.6496139168739319,-1.4802663326263428,1.5368216037750244
3323,P24735_wild,C=CC1=C(N2C(C(C2=O)NC(=O)C(=NOCC(=O)O)C3=CSC(=N3)N)SC1)C(=O)O,-1.9208187539523751,-0.07363805174827576,-1.3733069896697998,2.3906421661376953
3324,P24735_wild,CC1=NN(N=N1)CC2=C(N3C(C(C3=O)NC(=O)C(=NOC)C4=CSC(=N4)N)SC2)C(=O)O,-2.1191864077192086,0.1408703327178955,-1.1653578281402588,2.484273910522461
3325,P00811_wild,C1C(=C(N2C(S1)C(C2=O)NC(=O)CCCC(C(=O)O)N)C(=O)O)CO,-1.3010299956639813,1.4497734308242798,-2.146165370941162,2.8736629486083984
3326,P00811_wild,CC(=O)OCC1=C(N2C(C(C2=O)NC(=O)CCCC(C(=O)O)N)SC1)C(=O)O,-1.1307682802690238,1.5231443643569946,-2.074928045272827,3.041508436203003
3327,P00811_wild,C1C(=C(N2C(S1)C(C2=O)NC(=O)CC3=CC=CS3)C(=O)O)C=CC4=C(C=C(C=C4)[N+](=O)[O-])[N+](=O)[O-],-0.28399665636520094,2.346435070037842,-2.2463207244873047,3.47333025932312
3328,P00811_wild,CC1(C(N2C(S1)C(C2=O)NC(=O)C(C3=CC=CC=C3)C(=O)O)C(=O)O)C,-4.522878745280337,0.5463180541992188,-2.5749154090881348,2.1757566928863525
3329,P00811_wild,CC1(C(N2C(S1)C(C2=O)NC(=O)C(C3=CC=CC=C3)N)C(=O)O)C,-2.5128616245228135,0.929634690284729,-2.2516825199127197,2.1886520385742188
3330,P00811_wild,CC1(C(N2C(S1)C(C2=O)NC(=O)COC3=CC=CC=C3)C(=O)O)C,-2.161150909262745,1.0204226970672607,-2.2425291538238525,2.231227397918701
3331,P00811_wild,CC1(C(N2C(S1)C(C2=O)NC(=O)CC3=CC=CC=C3)C(=O)O)C,-2.3467874862246565,1.4850045442581177,-2.338855028152466,2.4738857746124268
3332,Q9ZBA9_N275R,C1C(=C(N2C(S1)C(C2=O)NC(=O)CC3=CC=CS3)C(=O)O)C=CC4=C(C=C(C=C4)[N+](=O)[O-])[N+](=O)[O-],-1.585026652029182,0.465084969997406,-1.6127164363861084,2.4187679290771484
3333,P50578_wild,C1=CC(=CC=C1C=O)C#N,-0.2924298239020636,-0.07385648787021637,-1.4971814155578613,1.6846840381622314
3334,P50578_wild,C1=CN=CC=C1C=O,-0.16115090926274472,-0.16594263911247253,-0.8083204627037048,1.302270531654358
3335,P50578_wild,C1=CC(=CN=C1)C=O,0.414973347970818,0.21685059368610382,-0.8420940041542053,1.4424315690994263
3336,P50578_wild,C1=CC(=CC=C1C=O)C(=O)O,-1.3467874862246563,0.547627329826355,-1.2951381206512451,1.8141722679138184
3337,P50578_wild,C(C(C=O)O)O,0.6720978579357175,0.5231584310531616,0.5997273921966553,0.9150907397270203
3338,P50578_wild,C1(C(C(OC(C1O)O)C(=O)O)O)O,0.8450980400142568,0.7115232348442078,-0.6699135899543762,1.1598279476165771
3339,P50578_wild,C(C(CO)O)O,2.88930170250631,0.4844416379928589,0.6066012978553772,0.29025909304618835
3340,P50578_wild,CC1(C2CCC1(C(=O)C2=O)C)C,-0.4814860601221125,0.10939012467861176,-1.5543639659881592,2.226243019104004
3341,P50578_wild,C1=CC(=CN=C1)CO,0.414973347970818,-0.14105932414531708,-0.4254620671272278,1.221447467803955
3342,P50578_wild,C(C(C(C(CO)O)O)O)O,3.1335389083702174,0.0573895126581192,0.7798941135406494,0.23370304703712463
3343,Q9JII6_wild,C1=CC=C(C=C1)C=O,-0.473660722610156,0.3098107576370239,-0.7568697333335876,1.3608243465423584
3344,Q9JII6_wild,C1=CC=C(C(=C1)C=O)[N+](=O)[O-],-0.9355420107730815,0.23782996833324432,-1.6327295303344727,1.5910258293151855
3345,Q9JII6_wild,C1=CC(=CC(=C1)[N+](=O)[O-])C=O,-1.4814860601221125,0.3017399311065674,-1.161668062210083,1.4265477657318115
3346,Q9JII6_wild,C1=CC(=CC=C1C=O)[N+](=O)[O-],-1.4814860601221125,0.37197983264923096,-1.5844709873199463,1.8191516399383545
3347,Q9JII6_wild,C(C(C=O)O)O,0.3979400086720376,0.3042985200881958,0.6522871255874634,0.8121004104614258
3348,Q9JII6_wild,C1=CC(=CN=C1)C=O,-1.1487416512809248,0.06913541257381439,-0.8230575919151306,1.3593294620513916
3349,Q9JII6_wild,C(C=O)O,0.9084850188786497,0.6954876780509949,0.698610782623291,0.8323430418968201
3350,Q9JII6_wild,CCCC=O,-1.0969100130080565,0.5970198512077332,-0.4460892081260681,0.9786535501480103
3351,Q9JII6_wild,CCCCCCCCCCCCCCCCCC=O,-0.9546770212133425,-0.6586087942123413,-1.5803120136260986,1.189549207687378
3352,Q9JII6_wild,C1C=CN(C=C1C(=O)N)C2C(C(C(O2)COP(=O)(O)OP(=O)(O)OCC3C(C(C(O3)N4C=NC5=C(N=CN=C54)N)OP(=O)(O)O)O)O)O,-0.7772835288524168,0.1695408821105957,-1.929091453552246,2.169466972351074
3353,P14550_wild,C1C=CN(C=C1C(=O)N)C2C(C(C(O2)COP(=O)(O)OP(=O)(O)OCC3C(C(C(O3)N4C=NC5=C(N=CN=C54)N)OP(=O)(O)O)O)O)O,-2.3979400086720375,0.28734415769577026,-1.9678044319152832,2.164731025695801
3354,P14550_wild,C1C=CN(C=C1C(=O)N)C2C(C(C(O2)COP(=O)(O)OP(=O)(O)OCC3C(C(C(O3)N4C=NC5=C(N=CN=C54)N)O)O)O)O,0.3463529744506387,0.4669027328491211,-1.5100219249725342,2.045501708984375
3355,P14550_wild,CCC=O,-0.6777807052660807,0.8448593020439148,-0.10077358782291412,0.7605956792831421
3356,P14550_wild,C1=CC(=CN=C1)C=O,-1.6989700043360187,0.10337437689304352,-0.8875575661659241,1.3289395570755005
3357,P14550_wild,C(C1C(C(C(C(O1)O)O)O)O)O,2.3324384599156054,1.0048277378082275,0.7127863764762878,0.64202481508255
3358,Q3ZCJ2_wild,C1=CC(=CC=C1C=O)C(=O)O,-2.3979400086720375,0.5075116753578186,-1.2416868209838867,1.8009451627731323
3359,Q3ZCJ2_wild,C1=CC(=CC=C1CC=O)O,-1.2441251443275085,-0.0410921573638916,-1.037581205368042,1.2311111688613892
3360,Q3ZCJ2_wild,C1=CC(=CC=C1C(C=O)O)O,-1.7958800173440752,0.1028096005320549,-0.8121898770332336,1.2497400045394897
3361,Q3ZCJ2_wild,CC1=CC=C(C=C1)C=O,-1.6989700043360187,0.2627409100532532,-1.6848559379577637,1.993718147277832
3362,Q3ZCJ2_wild,C1=CC(=CC=C1C=O)[N+](=O)[O-],-2.2218487496163566,0.5174203515052795,-1.626920223236084,1.9104764461517334
3363,Q3ZCJ2_wild,C1=CC(=CC(=C1)Cl)C=O,-2.154901959985743,0.1451350748538971,-0.867419958114624,1.3255590200424194
3364,Q3ZCJ2_wild,C1=CC(=CC=C1C=O)C#N,-2.3010299956639813,-0.10188814997673035,-1.451629877090454,1.7058037519454956
3365,Q3ZCJ2_wild,COC1=CC=CC(=C1)C=O,-1.5686362358410126,0.8140637278556824,-1.3095412254333496,1.4308017492294312
3366,Q3ZCJ2_wild,COC1=CC=C(C=C1)C=O,-0.8507808873446201,0.6562438011169434,-1.250044584274292,1.5696706771850586
3367,Q3ZCJ2_wild,C1=CC=C(C=C1)C=O,-1.7695510786217261,0.4549823999404907,-0.7719760537147522,1.4539575576782227
3368,P51635_wild,CC(=O)C=O,0.07918124604762482,0.6285921335220337,-0.36738768219947815,1.009468674659729
3369,P51635_wild,C(C(C=O)O)O,1.1139433523068367,0.3175123333930969,0.6139515042304993,0.8145483732223511
3370,P14550_wild,CC(=O)C=O,0.07918124604762482,0.7045920491218567,-0.44603610038757324,0.9896668791770935
3371,P14550_wild,CC(=O)CO,1.7151673578484579,0.5153041481971741,-0.31371408700942993,0.5672940015792847
3372,P14550_wild,C(C(=O)CO)O,1.429752280002408,0.3890743851661682,0.07013797760009766,0.6698706150054932
3373,P14550_wild,CC(C=O)O,-0.09691001300805639,1.1021803617477417,0.21061187982559204,0.7557682394981384
3374,P14550_wild,C(C(=O)COP(=O)(O)O)O,1.7759743311293692,0.06193174421787262,-0.9388190507888794,1.0012481212615967
3375,P14550_wild,C(C(C=O)O)OP(=O)(O)O,1.4345689040341987,0.5612546801567078,-1.114220380783081,1.151302456855774
3376,P14550_wild,C(CC(=O)[O-])C=O,-0.7695510786217261,0.5660940408706665,-1.028752326965332,1.3834433555603027
3377,P14550_wild,C1=CC(=CC=C1C=O)[N+](=O)[O-],-0.8239087409443188,0.39051294326782227,-1.6522572040557861,1.7330541610717773
3378,P14550_wild,C1=CC(=CC=C1C=O)C(=O)O,-1.619788758288394,0.36903059482574463,-1.3205578327178955,1.7311015129089355
3379,O43488_wild,C(CC(=O)[O-])C=O,-1.812479279163537,0.13007499277591705,-0.31844428181648254,0.75410395860672
3380,O43488_wild,C1=CC=C(C(=C1)C=O)C(=O)O,-1.7695510786217261,0.22704166173934937,-0.6842717528343201,0.8419697880744934
3381,O43488_wild,C1=CC=C(C(=C1)C=O)Cl,0.9336897089578946,-0.04734630882740021,-0.550859808921814,0.6797503232955933
3382,O43488_wild,C1=CC(=CC(=C1)Cl)C=O,0.28171497002729584,-0.21991638839244843,-0.37698614597320557,0.5021461844444275
3383,O43488_wild,C1=CC=C(C(=C1)C=O)[N+](=O)[O-],0.02530586526477026,-0.034790873527526855,-0.9020626544952393,0.7369287014007568
3384,O43488_wild,C1=CC(=CC(=C1)[N+](=O)[O-])C=O,-0.009217308196862133,0.011508800089359283,-0.39428871870040894,0.5957268476486206
3385,O43488_wild,C1=CC(=CC=C1C=O)[N+](=O)[O-],0.4380674504534938,0.062421247363090515,-0.8358540534973145,0.7997821569442749
3386,O43488_wild,C1=CC=NC(=C1)C=O,-0.21041928783557456,-0.20178015530109406,-0.49733346700668335,0.19563539326190948
3387,O43488_wild,C1=CC(=CN=C1)C=O,-0.5867002359187482,-0.253547728061676,-0.39329320192337036,0.5097857713699341
3388,O43488_wild,C1=CN=CC=C1C=O,0.2350231594952235,-0.23570002615451813,-0.3689402937889099,0.48190224170684814
3389,O43488_wild,C1=CC=C2C(=C1)C=CC(=O)C2=O,-0.9913998282380825,0.09783338010311127,-1.6776161193847656,1.3466248512268066
3390,O43488_wild,C1=CC=C2C(=C1)C3=CC=CC=C3C(=O)C2=O,-2.0969100130080562,0.12974657118320465,-1.9309802055358887,1.4544566869735718
3391,O43488_wild,C1=CC=C2C(=C1)C(=O)C(=O)N2,-0.8068754016455384,0.1201121136546135,-1.4700655937194824,1.245392918586731
3392,O43488_wild,CC12CCC3C(C1CC(=O)C2=O)CCC4=C3C=CC(=C4)O,-1.3979400086720375,-0.07589130103588104,-1.838606595993042,1.1019428968429565
3393,P14550_wild,C1=CC=C(C(=C1)C=O)Cl,-0.1824346304402192,0.06336347758769989,-1.0908353328704834,1.3192014694213867
3394,P14550_wild,C1=CC(=CC(=C1)Cl)C=O,0.3825573219087859,0.03554390370845795,-0.9256159663200378,1.2047827243804932
3395,P14550_wild,C1=CC(=CC=C1C=O)Cl,-0.026872146400301365,-0.27758944034576416,-1.2734525203704834,1.420762538909912
3396,P14550_wild,C1=CC=C(C(=C1)C=O)[N+](=O)[O-],-1.2676062401770316,0.3025122284889221,-1.7374591827392578,1.525093913078308
3397,P14550_wild,C1=CC(=CC(=C1)[N+](=O)[O-])C=O,0.0034605321095064895,0.3501271605491638,-1.2895722389221191,1.3601287603378296
3398,P14550_wild,C1=CC=NC(=C1)C=O,-0.8728952016351924,-0.1161210685968399,-0.9687100052833557,0.7936528325080872
3399,P14550_wild,C1=CN=CC=C1C=O,-0.10017949757290372,-0.3056243062019348,-0.8498300313949585,1.1960313320159912
3400,P14550_wild,C1=CC=C2C(=C1)C=CC(=O)C2=O,-0.8416375079047503,0.2551661431789398,-2.204284906387329,2.0416171550750732
3401,P14550_wild,C1=CC=C2C(=C1)C3=CC=CC=C3C(=O)C2=O,-0.8181564120552275,0.08349978923797607,-2.4917569160461426,2.0574188232421875
3402,P14550_wild,CC12CCC3C(C1CC(=O)C2=O)CCC4=C3C=CC(=C4)O,-0.6716203965612623,-0.12427733838558197,-2.229896068572998,1.6934230327606201
3403,P51635_wild,C1=CC(=CC=C1C=O)[N+](=O)[O-],-0.5086383061657274,0.39960533380508423,-1.58309006690979,1.8165814876556396
3404,P51635_wild,CC(=O)C1=CC=C(C=C1)[N+](=O)[O-],0.14612803567823798,0.2779114842414856,-1.1779658794403076,1.5601097345352173
3405,P51635_wild,CC(=O)C=CC1=CC=CC=C1,0.3979400086720376,-0.30075937509536743,-1.0922985076904297,1.3362419605255127
3406,P51635_wild,CCCCCCCC=O,-0.6777807052660807,0.24123311042785645,-1.6579647064208984,2.1451587677001953
3407,P51635_wild,CCCCCCCCCCCCCCCC=O,-1.5228787452803376,-0.46194523572921753,-1.599642038345337,1.2457677125930786
3408,P51635_wild,CC(CC=O)(CC(=O)[O-])O,-0.5850266520291821,0.1434018313884735,-0.6575775146484375,0.6858258247375488
3409,P51635_wild,C1=CC(=CC=C1C=O)C#N,-0.8239087409443188,-0.22825588285923004,-1.4224941730499268,1.6074397563934326
3410,P51635_wild,C1C=CN(C=C1C(=O)N)C2C(C(C(O2)COP(=O)(O)OP(=O)(O)OCC3C(C(C(O3)N4C=NC5=C(N=CN=C54)N)OP(=O)(O)O)O)O)O,-2.0457574905606752,0.18956294655799866,-1.9000182151794434,2.1681010723114014
3411,P50578_wild,CN(C)C1=CC=C(C=C1)N=O,-0.2924298239020636,-0.2891380190849304,-1.5495810508728027,1.6180702447891235
3412,P50578_wild,CCN(CC)C1=CC=C(C=C1)N=O,-0.5528419686577808,-0.3200673460960388,-1.3734893798828125,1.627219796180725
3413,P50578_wild,C1=CC(=CC=C1N=O)O,-0.6777807052660807,-0.5741968154907227,-1.3138363361358643,1.2998714447021484
3414,P50578_wild,C1=CC=C(C=C1)NC2=CC=C(C=C2)N=O,-1.6575773191777938,-0.1709843873977661,-1.572113275527954,1.8706260919570923
3415,P50578_wild,C1=CC(=CC=C1C=O)[N+](=O)[O-],-0.6020599913279624,0.5424809455871582,-1.6246311664581299,1.8816511631011963
3416,P50578_wild,C1CCC(CC1)O,0.47712125471966244,-0.2024671882390976,-0.213084876537323,0.7322633266448975
3417,P50578_wild,C1=CC(=C[N+](=C1)C2C(C(C(O2)COP(=O)(O)OP(=O)(O)OCC3C(C(C(O3)N4C=NC5=C(N=CN=C54)N)OP(=O)(O)O)O)O)O)C(=O)N,-1.0,0.43006181716918945,-1.583272933959961,1.8328931331634521
3418,O95154_wild,C1=CC(=CC=C1C=O)[N+](=O)[O-],-0.9270152553720696,0.04382294416427612,-1.2046070098876953,1.049417495727539
3419,O95154_wild,C1=CC=C2C(=C1)C3=CC=CC=C3C(=O)C2=O,-2.3665315444204134,-0.015727445483207703,-2.177263021469116,1.6632561683654785
3420,P38918_wild,C1=CC(=CC=C1C=O)[N+](=O)[O-],-0.2865094569060575,0.06059272587299347,-1.223569631576538,1.212122917175293
3421,P38918_wild,C1=CC=C2C(=C1)C3=CC=CC=C3C(=O)C2=O,-2.3979400086720375,0.06258420646190643,-2.2502996921539307,1.8135271072387695
3422,P14550_wild,C1=CC=C(C=C1)C=O,0.5314789170422551,0.38938337564468384,-0.8617743849754333,1.3359018564224243
3423,P14550_wild,CCCC=O,0.11394335230683679,0.689263105392456,-0.4960102438926697,0.9504508972167969
3424,P14550_wild,CC1(C2CCC1(C(=O)C2=O)C)C,0.14612803567823798,0.03839968144893646,-1.5931572914123535,2.137629985809326
3425,P14550_wild,C1C(C(C(C(O1)O)O)O)O,2.6989700043360187,1.1774934530258179,0.9790905117988586,0.6680912971496582
3426,P50578_wild,C1=CC(=CC=C1C(C=O)O)O,-1.1870866433571445,0.13435198366641998,-0.875825822353363,1.2683923244476318
3427,P50578_wild,C1=CC(=CC=C1CC=O)O,-0.07058107428570727,-0.012828372418880463,-1.0971674919128418,1.231948733329773
3428,P50578_wild,C1=CC=C2C(=C1)C(=CN2)CC=O,0.3010299956639812,-0.06636832654476166,-1.1858713626861572,1.2605268955230713
3429,P50578_wild,CC(C=O)O,0.568201724066995,1.214201807975769,0.257207989692688,0.8493784070014954
3430,P50578_wild,C1C=CN(C=C1C(=O)N)C2C(C(C(O2)COP(=O)(O)OP(=O)(O)OCC3C(C(C(O3)N4C=NC5=C(N=CN=C54)N)OP(=O)(O)O)O)O)O,-2.677780705266081,0.3954284191131592,-1.9804770946502686,2.277348756790161
3431,P50578_wild,CCCC=O,1.6020599913279625,0.8274268507957458,-0.46645495295524597,1.0697568655014038
3432,P50578_wild,CCC=O,2.5185139398778875,0.984948456287384,-0.05295659601688385,0.8375345468521118
3433,P50578_wild,CC=O,3.0,1.3655951023101807,0.3631879389286041,1.0258530378341675
3434,P50578_wild,CC(CO)O,3.4771212547196626,0.7489926218986511,0.3590056896209717,0.5007400512695312
3435,P14550_wild,CC1C(C(CC(O1)OC2CC(CC3=C2C(=C4C(=C3O)C(=O)C5=C(C4=O)C(=CC=C5)OC)O)(C(=O)CO)O)N)O,-0.6073030467403343,-0.41978156566619873,-1.695619821548462,0.6209309101104736
3436,P10349_wild,C(C(COP(=O)(O)O)O)O,-0.9314431049276369,0.10377365350723267,-0.6642139554023743,-0.20026394724845886
3437,P33018_wild,CC(C(=O)SCC(C(=O)NCC(=O)O)NC(=O)CCC(C(=O)O)N)O,-0.23657200643706275,0.9572184681892395,-0.5518919825553894,1.0576286315917969
3438,P33018_wild,C(CC(=O)NC(CSC=O)C(=O)NCC(=O)O)C(C(=O)O)N,-0.36653154442041347,0.6650848388671875,-0.23560070991516113,0.824231743812561
3439,P33018_wild,CC(=O)OC1=CC=C(C=C1)[N+](=O)[O-],-0.3467874862246563,0.22325880825519562,-0.09681423008441925,0.6098338961601257
3440,P33018_wild,CCC(=O)OC1=CC=C(C=C1)[N+](=O)[O-],-0.3187587626244128,0.21073301136493683,-0.1024109348654747,0.6027838587760925
3441,P33018_wild,CCCC(=O)OC1=CC=C(C=C1)[N+](=O)[O-],-0.15490195998574322,0.38426947593688965,-0.31107425689697266,0.6847382187843323
3442,P33018_wild,CCCCCC(=O)OC1=CC=C(C=C1)[N+](=O)[O-],-0.022276394711152257,0.016681835055351257,-0.6129893660545349,0.7719417810440063
3443,P33018_wild,C1=CC=C2C(=C1)C=CC=C2CC(=O)O,0.012837224705172217,0.7543857097625732,-0.5942379832267761,0.8342540264129639
3444,P33018_C26A,C1=CC=C2C(=C1)C=CC=C2CC(=O)O,0.02530586526477026,0.7285802364349365,-0.5913382768630981,0.8198934197425842
3445,P33018_C54A,C1=CC=C2C(=C1)C=CC=C2CC(=O)O,0.10720996964786839,0.7066346406936646,-0.5717275738716125,0.8101165294647217
3446,P33018_D80A,C1=CC=C2C(=C1)C=CC=C2CC(=O)O,-0.09691001300805639,0.6771886944770813,-0.5831571221351624,0.7523447275161743
3447,P33018_D199A,C1=CC=C2C(=C1)C=CC=C2CC(=O)O,0.004321373782642578,0.6199361085891724,-0.6370713114738464,0.7380844354629517
3448,P33018_D218A,C1=CC=C2C(=C1)C=CC=C2CC(=O)O,0.11394335230683679,0.6897510290145874,-0.5434708595275879,0.7786167860031128
3449,P33018_D255A,C1=CC=C2C(=C1)C=CC=C2CC(=O)O,-0.2676062401770315,0.7358645796775818,-0.5848703384399414,0.8175996541976929
3450,Q9C8M2_wild,CN(C)C1=CC=C(C=C1)N=NC2=CC=C(C=C2)S(=O)(=O)NC(CCS(=O)C)C(=O)O,-1.1049644025476775,0.47001373767852783,-0.7539505362510681,1.7345484495162964
3451,Q5SLE6_wild,S,-1.3010299956639813,1.5210940837860107,-0.7367531657218933,1.842361569404602
3452,Q5SLE6_wild,CC(=O)OCC(C(=O)O)N,0.6812412373755872,1.1282823085784912,0.16171690821647644,0.782397985458374
3453,P47998_wild,CC(=O)OCC(C(=O)O)N,0.14612803567823798,1.4580386877059937,0.05046258121728897,1.1211650371551514
3454,P47998_T74A,CC(=O)OCC(C(=O)O)N,0.2041199826559248,1.234860897064209,0.06675425171852112,0.9117650985717773
3455,P47998_T74S,CC(=O)OCC(C(=O)O)N,0.17609125905568124,1.4513272047042847,0.05659233033657074,1.1090106964111328
3456,P47998_S75A,CC(=O)OCC(C(=O)O)N,0.2041199826559248,1.4227893352508545,0.08251839876174927,1.0752934217453003
3457,P47998_S75T,CC(=O)OCC(C(=O)O)N,0.07918124604762482,1.41387939453125,0.06981116533279419,1.0886417627334595
3458,P47998_S75N,CC(=O)OCC(C(=O)O)N,0.3010299956639812,1.0684453248977661,0.07897347211837769,0.7770171165466309
3459,P47998_N77A,CC(=O)OCC(C(=O)O)N,0.6720978579357175,1.244730830192566,0.0806368887424469,0.9063142538070679
3460,P47998_N77D,CC(=O)OCC(C(=O)O)N,1.0086001717619175,1.0762213468551636,0.07264211773872375,0.7675613164901733
3461,P47998_T78A,CC(=O)OCC(C(=O)O)N,-0.16749108729376366,1.303604006767273,0.08482804894447327,0.9590736627578735
3462,P47998_T78S,CC(=O)OCC(C(=O)O)N,-0.08618614761628333,1.372950792312622,0.07360918819904327,1.0182082653045654
3463,P47998_Q147A,CC(=O)OCC(C(=O)O)N,0.6434526764861874,1.0931963920593262,0.0794914960861206,0.7999178171157837
3464,P47998_Q147E,CC(=O)OCC(C(=O)O)N,0.5797835966168101,1.1597234010696411,0.08400127291679382,0.8619046211242676
3465,P47998_H157Q,CC(=O)OCC(C(=O)O)N,-0.040958607678906384,1.1716464757919312,0.0627402812242508,0.8624370098114014
3466,P47998_H157N,CC(=O)OCC(C(=O)O)N,-0.026872146400301365,1.1724265813827515,0.062020719051361084,0.8603655099868774
3467,P47998_T182A,CC(=O)OCC(C(=O)O)N,0.07918124604762482,1.1367673873901367,0.08742019534111023,0.8078962564468384
3468,P47998_T182S,CC(=O)OCC(C(=O)O)N,0.2041199826559248,1.3300647735595703,0.06361687183380127,0.9974268078804016
3469,P47998_T185A,CC(=O)OCC(C(=O)O)N,0.17609125905568124,1.251071572303772,0.06621833145618439,0.9316906929016113
3470,P47998_T185S,CC(=O)OCC(C(=O)O)N,0.2041199826559248,1.425399899482727,0.05614417791366577,1.0895510911941528
3471,P47998_S269A,CC(=O)OCC(C(=O)O)N,-0.24412514432750865,1.0393682718276978,0.08879074454307556,0.7572775483131409
3472,P47998_S269T,CC(=O)OCC(C(=O)O)N,-0.017728766960431554,1.0572429895401,0.09885808825492859,0.7788066864013672
3473,P47998_wild,[S-2],-0.6575773191777937,1.5459554195404053,-0.19863441586494446,2.324014186859131
3474,P47998_T74A,[S-2],0.5910646070264992,1.278612732887268,-0.13761797547340393,2.1372642517089844
3475,P47998_T74S,[S-2],0.505149978319906,1.5399106740951538,-0.18570734560489655,2.3185555934906006
3476,P47998_S75A,[S-2],0.6627578316815741,1.5056980848312378,-0.16608530282974243,2.2787067890167236
3477,P47998_S75T,[S-2],-0.6777807052660807,1.498773455619812,-0.18228518962860107,2.2814180850982666
3478,P47998_S75N,[S-2],0.7558748556724915,1.0952510833740234,-0.12337229400873184,2.0115432739257812
3479,P47998_N77A,[S-2],-0.6382721639824072,1.2816544771194458,-0.11026263236999512,2.1243772506713867
3480,P47998_N77D,[S-2],-0.7447274948966939,1.1119815111160278,-0.11334364861249924,2.03735089302063
3481,P47998_T78A,[S-2],-0.3565473235138126,1.3712025880813599,-0.13345180451869965,2.1806564331054688
3482,P47998_T78S,[S-2],-0.5228787452803376,1.4512304067611694,-0.13366207480430603,2.248814105987549
3483,P47998_Q147A,[S-2],0.23044892137827394,1.1308844089508057,-0.11269554495811462,2.034820795059204
3484,P47998_Q147E,[S-2],-0.5686362358410126,1.2255327701568604,-0.1269231140613556,2.1007518768310547
3485,P47998_H157Q,[S-2],-0.5228787452803376,1.216439127922058,-0.14610469341278076,2.0887622833251953
3486,P47998_H157N,[S-2],-0.3979400086720376,1.2275561094284058,-0.14063508808612823,2.0882792472839355
3487,P47998_T182A,[S-2],-0.4089353929735008,1.1847739219665527,-0.11359831690788269,2.0536556243896484
3488,P47998_T182S,[S-2],-0.6575773191777937,1.4205864667892456,-0.15118210017681122,2.231032609939575
3489,P47998_T185S,[S-2],-0.44369749923271273,1.5232847929000854,-0.17547105252742767,2.3078668117523193
3490,P47998_T185A,[S-2],-0.6575773191777937,1.312992811203003,-0.14258506894111633,2.1509571075439453
3491,P47998_S269A,[S-2],-0.2676062401770315,1.0728775262832642,-0.1118854284286499,1.99348783493042
3492,P47998_S269T,[S-2],0.2041199826559248,1.0946892499923706,-0.10919234156608582,2.0012259483337402
3493,Q9FS27_wild,CC(=O)OCC(C(=O)O)N,0.4756711883244297,1.2431281805038452,0.0437372550368309,0.9625085592269897
3494,Q9FS27_wild,[S-2],0.19589965240923374,1.4500330686569214,-0.10501831024885178,2.2917494773864746
3495,Q93244_wild,CC(=O)OCC(C(=O)O)N,0.0,1.348017692565918,0.17487716674804688,1.1051267385482788
3496,Q93244_wild,S,0.23044892137827394,1.656514286994934,-0.9974151253700256,2.166841745376587
3497,Q93244_wild,[C-]#N,0.968482948553935,0.9894664883613586,-0.5337075591087341,1.414734125137329
3498,F5HTD7_wild,[S-2],-0.5985994592184559,0.9440876841545105,-0.1681375801563263,2.0371439456939697
3499,Q00834_wild,CC(=O)OCC(C(=O)O)N,0.13193929521042452,1.3125790357589722,0.060403451323509216,1.0674445629119873
3500,Q00834_wild,[S-2],-0.004364805402450088,1.488657832145691,-0.14894285798072815,2.394604206085205
3501,Q00834_wild,S,-2.050609993355087,1.1602920293807983,-1.11220383644104,2.105379581451416
3502,Q00834_wild,C(C(C(=O)O)N)Cl,0.02242837118548649,0.7297654747962952,-0.11438599228858948,1.1836934089660645
3503,P0A6K1_wild,C(CC(C(=O)O)N)CC(C(=O)O)N,-0.906578314837765,0.6096600890159607,-0.1955455094575882,1.3972508907318115
3504,Q09124_wild,C1=NC(=C2C(=N1)N(C=N2)C3C(C(C(O3)COP(=O)(O)OP(=O)(O)OP(=O)(O)O)O)O)N,-0.22914798835785574,3.0069451332092285,-0.9733937978744507,2.1322100162506104
3505,Q09124_wild,[Mg+2],-0.27572413039921095,3.1188080310821533,-0.07898639142513275,2.7598278522491455
3506,Q09124_wild,C1C(C(C(C(O1)(CO)O)O)O)O,-0.5086383061657274,3.4578607082366943,0.5730264782905579,1.5402873754501343
3507,Q92091_wild,C(CC(C(=O)O)N)CN=C(N)N,-1.9558523791212772,0.7163351774215698,-0.8872274160385132,0.9928298592567444
3508,P23857_wild,[C-]#N,1.4313637641589874,1.3277287483215332,0.5718701481819153,1.2731804847717285
3509,P23857_wild,[O-]S(=O)(=S)[O-],0.43136376415898736,1.117680549621582,0.6006326079368591,1.8450508117675781
3510,P23857_wild,C(C(C(CS)O)O)S,1.0,1.148956537246704,0.24097204208374023,1.1568729877471924
3511,Q840D8_wild,C(C(CO)O)O,1.9623693356700211,1.5512675046920776,0.5497403740882874,0.3331773281097412
3512,Q840D8_wild,C1=CC(=C[N+](=C1)C2C(C(C(O2)COP(=O)([O-])OP(=O)(O)OCC3C(C(C(O3)N4C=NC5=C(N=CN=C54)N)O)O)O)O)C(=O)N,0.60959440922522,1.2307379245758057,-1.0006756782531738,1.3948302268981934
3513,Q840D8_wild,C(C(=O)CO)O,0.07188200730612546,1.1796246767044067,0.09461270272731781,0.6540831327438354
3514,Q840D8_wild,C1C=CN(C=C1C(=O)N)C2C(C(C(O2)COP(=O)(O)OP(=O)(O)OCC3C(C(C(O3)N4C=NC5=C(N=CN=C54)N)O)O)O)O,-1.0969100130080565,1.438822627067566,-1.2468416690826416,1.8746137619018555
3515,P0A9S5_wild,C(C(=O)CO)O,-0.5228787452803376,0.5874075293540955,0.18115994334220886,0.8149251937866211
3516,P0A9S5_wild,C(C=O)O,-0.07058107428570727,1.3902926445007324,0.8721784353256226,0.7113599181175232
3517,P0A9S5_wild,CC(=O)C=O,-0.3010299956639812,0.12312033772468567,0.4193059504032135,0.44596633315086365
3518,P32816_wild,C1=CC(=C[N+](=C1)C2C(C(C(O2)COP(=O)([O-])OP(=O)(O)OCC3C(C(C(O3)N4C=NC5=C(N=CN=C54)N)O)O)O)O)C(=O)N,-1.4814860601221125,0.5484294891357422,-1.1315162181854248,0.9566129446029663
3519,P45511_wild,C(C(CO)O)O,0.10380372095595687,0.938132107257843,0.35729870200157166,0.41182318329811096
3520,P45511_wild,C1=CC(=C[N+](=C1)C2C(C(C(O2)COP(=O)([O-])OP(=O)(O)OCC3C(C(C(O3)N4C=NC5=C(N=CN=C54)N)O)O)O)O)C(=O)N,-1.2441251443275085,0.8648401498794556,-0.8549020886421204,1.1289981603622437
3521,P32816_wild,C(C(=O)CO)O,-1.0268721464003014,0.7767089009284973,-0.31869804859161377,0.48977428674697876
3522,P32816_wild,C1C=CN(C=C1C(=O)N)C2C(C(C(O2)COP(=O)(O)OP(=O)(O)OCC3C(C(C(O3)N4C=NC5=C(N=CN=C54)N)O)O)O)O,-2.3979400086720375,0.8393471240997314,-1.529676914215088,1.37503981590271
3523,P32816_S305C,C1=CC(=C[N+](=C1)C2C(C(C(O2)COP(=O)([O-])OP(=O)(O)OCC3C(C(C(O3)N4C=NC5=C(N=CN=C54)N)O)O)O)O)C(=O)N,-1.000869458712629,0.6035624742507935,-1.107468605041504,0.9776564836502075
3524,P32816_S305C,C(C(CO)O)O,0.6127838567197356,1.1420444250106812,0.13257886469364166,0.136058509349823
3525,Q6FEQ3_R323L,CC(=O)SCCNC(=O)CCNC(=O)C(C(C)(C)COP(=O)(O)OP(=O)(O)OCC1C(C(C(O1)N2C=NC3=C(N=CN=C32)N)O)OP(=O)(O)O)O,0.600319329751661,0.5920425653457642,-0.8645110726356506,0.9707606434822083
3526,Q6FEQ3_R323L,C(CO)C(C(=O)O)N,0.0398105541483503,0.6692224144935608,0.27486956119537354,0.6959178447723389
3527,P45131_wild,C(CO)C(C(=O)O)N,-0.24412514432750865,0.6053145527839661,0.15240037441253662,0.59874427318573
3528,P45131_wild,CC(=O)SCCNC(=O)CCNC(=O)C(C(C)(C)COP(=O)(O)OP(=O)(O)OCC1C(C(C(O1)N2C=NC3=C(N=CN=C32)N)O)OP(=O)(O)O)O,-0.2321023839819093,0.554356575012207,-0.8733046650886536,1.1674784421920776
3529,P16118_wild,C(C1C(C(C(O1)(CO)OP(=O)(O)O)O)O)OP(=O)(O)O,-3.0,-1.0920549631118774,-2.3453776836395264,0.1748616099357605
3530,Q91348_wild,C(C1C(C(C(O1)(CO)OP(=O)(O)O)O)O)OP(=O)(O)O,-3.958607314841775,-1.256165862083435,-2.1423614025115967,8.70823860168457e-05
3531,P25114_wild,C(C1C(C(C(O1)(CO)OP(=O)(O)O)O)O)OP(=O)(O)O,-4.3979400086720375,-1.250975251197815,-2.286576747894287,0.1666436642408371
3532,O64983_wild,C(C1C(C(C(O1)(CO)OP(=O)(O)O)O)O)OP(=O)(O)O,-4.619788758288394,0.3620240092277527,-1.1756725311279297,0.780951201915741
3533,Q27796_wild,C1=NC2=C(N1)C(=O)NC=N2,-2.065501548756432,0.7342334985733032,-1.3118999004364014,1.6929686069488525
3534,Q27796_wild,C(C1C(C(C(O1)OP(=O)(O)OP(=O)(O)O)O)O)OP(=O)(O)O,-1.5114492834995557,0.4480443596839905,-0.8458431363105774,1.616234540939331
3535,Q27796_wild,[O-]P(=O)([O-])OP(=O)([O-])[O-],-1.790484985457369,0.5312443971633911,-0.8082642555236816,1.7671771049499512
3536,Q27796_wild,C1=NC2=C(C(=O)N1)N=CN2C3C(C(C(O3)COP(=O)(O)O)O)O,-1.7878123955960423,0.0700683444738388,-1.3943746089935303,1.6846002340316772
3537,Q27796_wild,C1=NC2=C(N1C3C(C(C(O3)COP(=O)(O)O)O)O)N=C(NC2=O)N,-1.5316526695878427,-0.059974513947963715,-1.3243749141693115,1.549331784248352
3538,Q27796_wild,C1=NC2=C(N1)C(=O)NC(=N2)N,-1.9065783148377649,0.4865182638168335,-1.5450186729431152,1.9693830013275146
3539,Q04178_wild,C1=NC2=C(N1)C(=O)NC=N2,-1.6382721639824072,0.9437297582626343,-1.242875576019287,1.6737582683563232
3540,Q04178_wild,C1=NC2=C(N1)C(=O)NC(=N2)N,-1.744727494896694,0.868579089641571,-1.4251785278320312,1.8402354717254639
3541,Q04178_wild,C(C1C(C(C(O1)OP(=O)(O)OP(=O)(O)O)O)O)OP(=O)(O)O,-1.3279021420642825,0.6597192287445068,-0.893242359161377,1.4022207260131836
3542,Q9M0A7_wild,C1=CC=C(C=C1)CC(=NO)SCC(C(=O)NCC(=O)O)NC(=O)CCC(C(=O)[O-])[NH3+],-1.431798275933005,0.879846453666687,-0.42130371928215027,1.2506431341171265
3543,O32153_wild,C(CCNCC(=O)C(C(C(CO)O)O)O)CC(C(=O)O)N,1.146128035678238,0.910457193851471,-0.48656561970710754,0.865728497505188
3544,Q56320_D126N,C1=CC=C(C(=C1)C(=O)O)NC2C(C(C(O2)COP(=O)(O)O)O)O,-2.677780705266081,0.5931768417358398,-1.6150779724121094,2.196504831314087
3545,Q51739_wild,C=O,-0.1426675035687315,2.095881700515747,0.5823192596435547,1.5553722381591797
3546,Q51739_wild,C(C(C=O)O)O,0.0,1.4999791383743286,-0.40183135867118835,1.4844892024993896
3547,Q51739_wild,CC=CC=O,-1.3979400086720375,1.576418161392212,-0.3995296061038971,2.2167739868164062
3548,P23234_wild,C1=CC=C2C(=C1)C(=CN2)CC(=O)C(=O)O,-1.6989700043360187,0.5875986218452454,-0.9525522589683533,1.14543616771698
3549,P23234_wild,CC(=O)C(=O)[O-],0.529045170765769,0.4384899139404297,0.1094171553850174,0.43361178040504456
3550,P23234_wild,C1=CC=C(C=C1)C(=O)C(=O)O,0.216429830876251,0.9804234504699707,-0.41138365864753723,0.9928510785102844
3551,P23234_wild,CC1=CC=C(C=C1)C(=O)C(=O)O,-0.8961962790440431,0.6059080958366394,-0.692902147769928,1.078752040863037
3552,P23234_wild,COC1=CC=C(C=C1)C(=O)C(=O)O,0.01828430842653093,0.8697446584701538,-0.8545642495155334,1.1365280151367188
3553,A5U654_wild,C1=NC(=C2C(=N1)N(C=N2)C3C(C(C(O3)COP(=O)(O)OP(=O)(O)OP(=O)(O)O)O)O)N,-3.0555173278498313,1.1077231168746948,-0.519324779510498,1.398721694946289
3554,A5U654_wild,C1=NC2=C(N1C3C(C(C(O3)COP(=O)(O)OP(=O)(O)OP(=O)(O)O)O)O)N=C(NC2=O)N,-0.5376020021010439,0.8672382831573486,-0.5931366682052612,1.3105409145355225
3555,A5U654_wild,C1C(C(OC1N2C=NC3=C(N=CN=C32)N)COP(=O)(O)OP(=O)(O)OP(=O)(O)O)O,0.15533603746506186,0.8664788603782654,-0.4508286416530609,1.2533639669418335
3556,A5U654_wild,C1=CN(C(=O)NC1=O)C2C(C(C(O2)COP(=O)(O)OP(=O)(O)OP(=O)(O)O)O)O,0.34044411484011833,0.9347172975540161,-0.40355244278907776,1.1372467279434204
3557,A5U654_wild,C1=CN(C(=O)N=C1N)C2C(C(C(O2)COP(=O)(O)OP(=O)(O)OP(=O)(O)O)O)O,0.9201233262907239,1.0343022346496582,-0.46355244517326355,1.0577898025512695
3558,A5U654_wild,C(C1C(C(C(C(O1)O)O)O)O)O,-1.2218487496163564,1.2030187845230103,-0.09355777502059937,1.0031912326812744
3559,Q03262_wild,C(C1C(C(C(O1)OP(=O)(O)O)O)O)O,-0.12493873660829995,0.4288700819015503,-1.4025242328643799,1.3016303777694702
3560,P32232_wild,C(CS)C(C(=O)O)N,-0.09691001300805639,0.6085484623908997,-0.6301760077476501,1.316307783126831
3561,P32232_wild,C(C(C(=O)O)N)O,0.919078092376074,0.9272425174713135,0.32141023874282837,0.7207123041152954
3562,P32582_wild,C(C(C(=O)O)N)O,0.5440680443502757,0.3901037573814392,0.775920569896698,0.5433360934257507
3563,P32582_wild,C(CS)C(C(=O)O)N,0.07918124604762482,0.3467549681663513,-0.1387845277786255,1.1059969663619995
3564,P32582_T85A,C(C(C(=O)O)N)O,-0.3010299956639812,0.30747419595718384,0.7878355979919434,0.4888297915458679
3565,A0A172PCU9_wild,CC1(C(C1(C)C)C(=O)OC(C#N)C2=CC(=CC=C2)OC3=CC=CC=C3)C,-0.13430394008392949,1.1169687509536743,-1.1062672138214111,1.8538234233856201
3566,P95442_wild,CCNC1=NC(=O)NC(=N1)NC(C)C,-1.6989700043360187,-0.13273094594478607,-0.4482988715171814,0.8970845937728882
3567,P23946_wild,CCC(C)C(C(=O)NC(CC1=CN=CN1)C(=O)N2CCCC2C(=O)NC(CC3=CC=CC=C3)C(=O)NC(CC4=CN=CN4)C(=O)NC(CC(C)C)C(=O)O)NC(=O)C(CC5=CC=C(C=C5)O)NC(=O)C(C(C)C)NC(=O)C(CCCN=C(N)N)NC(=O)C(CC(=O)O)N,-2.207608310501746,1.4920343160629272,-1.360398292541504,1.7136390209197998
3568,P23946_wild,CCC(C)C(C(=O)NC(CC(C)C)C(=O)O)NC(=O)C(CC1=CC=C(C=C1)O)NC(=O)C2CCCN2C(=O)C(CCCN=C(N)N)NC(=O)C(CCCN=C(N)N)NC(=O)C3CCCN3C(=O)C(CCCCN)NC(=O)C(CC(=O)N)NC(=O)C(CCC(=O)O)NC(=O)C(CC4=CC=C(C=C4)O)NC(=O)C(CC(C)C)NC(=O)C5CCC(=O)N5,-0.6777807052660807,1.6135982275009155,-1.283259630203247,1.6097832918167114
3569,P06855_wild,C1=NC(=C2C(=N1)N(C=N2)C3C(C(C(O3)COP(=O)(O)OP(=O)(O)OP(=O)(O)O)O)O)N,-0.7258421507363202,-0.027708426117897034,-1.2324607372283936,1.4342999458312988
3570,O96439_G62D,C1=NC(=C2C(=N1)N(C=N2)C3C(C(C(O3)COP(=O)(O)OP(=O)(O)OP(=O)(O)O)O)O)N,-0.856985199745905,-0.6744711399078369,-0.8357698321342468,0.802370548248291
3571,O96439_R131A,C1=NC(=C2C(=N1)N(C=N2)C3C(C(C(O3)CO)O)O)N,-1.7958800173440752,-0.18292014300823212,-1.541985273361206,1.3670247793197632
3572,O96439_R131A,C1=NC(=C2C(=N1)N(C=N2)C3C(C(C(O3)COP(=O)(O)OP(=O)(O)OP(=O)(O)O)O)O)N,-1.1487416512809248,-0.3842657208442688,-0.8962342143058777,1.0314699411392212
3573,Q9NVS9_wild,CC1=NC=C(C(=C1O)CN)COP(=O)(O)O,-1.5686362358410126,-0.21218173205852509,-0.7929033637046814,0.8372328281402588
3574,P0AFI7_wild,CC1=NC=C(C(=C1O)CN)COP(=O)(O)O,-0.978810700930062,-0.43443018198013306,-0.9200052618980408,0.669154167175293
3575,P0AFI7_wild,CC1=NC=C(C(=C1O)CO)COP(=O)(O)O,-2.6989700043360187,-0.8359427452087402,-1.31101393699646,0.5110892057418823
3576,P0AED7_wild,C(CC(C(=O)O)N)CC(C(=O)O)NC(=O)CCC(=O)O,-0.38721614328026455,1.9260601997375488,-0.588586151599884,1.7732150554656982
3577,P0AED7_wild,[Zn+2],-2.9208187539523753,1.1437164545059204,-1.5407979488372803,2.3623719215393066
3578,P0AED7_wild,[Co+2],-2.3979400086720375,0.8306873440742493,-1.4451305866241455,2.332174301147461
3579,Q8ZN75_wild,C(CC(C(=O)O)N)CC(C(=O)O)NC(=O)CCC(=O)O,-0.2006594505464183,1.9774653911590576,-0.6658069491386414,1.8402172327041626
3580,Q8ZN75_wild,CC(C)CC(C(=O)O)NC(=O)C(CC(=O)O)N,0.5185139398778875,2.0874361991882324,0.10689796507358551,1.609333872795105
3581,Q8ZN75_wild,[Mn+2],-0.7958800173440752,1.4066864252090454,-1.3733751773834229,2.574880599975586
3582,Q8ZN75_wild,C(C(C(=O)NC(CO)C(=O)O)N)C(=O)O,-0.1804560644581313,1.5965551137924194,-0.16162601113319397,1.3989815711975098
3583,P44514_wild,C(CC(C(=O)O)N)CC(C(=O)O)NC(=O)CCC(=O)O,0.11394335230683679,1.6951533555984497,-0.5481884479522705,1.5624053478240967
3584,Q9URB1_wild,COC1=C(C(=CC=C1)OC)O,-1.958607314841775,1.9374421834945679,-1.8360803127288818,1.9403228759765625
3585,Q96EG1_wild,C1=CC(=C(C=C1[N+](=O)[O-])OS(=O)(=O)O)O,0.6232492903979004,0.05931359529495239,-0.060087695717811584,1.078772783279419
3586,Q96EG1_wild,CC1=CC(=O)OC2=C1C=CC(=C2)OS(=O)(=O)O,0.6989700043360189,0.1399865448474884,-0.5569559335708618,1.4476642608642578
3587,Q9C4M5_wild,C(C(=O)C(=O)[O-])O,0.11394335230683679,1.654175877571106,-0.3087652921676636,1.8922972679138184
3588,Q68EJ0_wild,C1C=CN(C=C1C(=O)N)C2C(C(C(O2)COP(=O)(O)OP(=O)(O)OCC3C(C(C(O3)N4C=NC5=C(N=CN=C54)N)OP(=O)(O)O)O)O)O,-2.958607314841775,1.2238218784332275,-1.7998888492584229,2.5858898162841797
3589,Q68EJ0_wild,C1C=CN(C=C1C(=O)N)C2C(C(C(O2)COP(=O)(O)OP(=O)(O)OCC3C(C(C(O3)N4C=NC5=C(N=CN=C54)N)O)O)O)O,-1.8761483590329142,1.3162635564804077,-1.5604634284973145,2.4874393939971924
3590,Q68EJ0_wild,[C-]#N.[C-]#N.[C-]#N.[C-]#N.[C-]#N.[C-]#N.[Fe+3],-1.5497508916806388,1.6880154609680176,-1.1120376586914062,2.4088215827941895
3591,Q7WUL4_wild,CC(=O)NC1C(C(C(OC1OC2=CC=C(C=C2)[N+](=O)[O-])CO)O)O,-1.275724130399211,0.7343368530273438,-0.31420838832855225,0.9126009345054626
3592,Q03262_wild,C(C1C(C(C(C(O1)OP(=O)(O)O)O)O)O)O,-0.9507819773298184,0.2541170120239258,-1.4308693408966064,1.082719087600708
3593,P24232_wild,CC(C)(C1=CC=CC=C1)OO,-1.2596373105057561,1.2674150466918945,-0.8133176565170288,2.090620994567871
3594,P24232_wild,CC(C)(C)OO,-1.1191864077192086,1.5562363862991333,-0.331058144569397,2.281780242919922
3595,P24232_wild,CCCCCC(C=CC=CCCCCCCCC(=O)O)OO,-1.585026652029182,2.5817790031433105,-1.2318692207336426,3.150949716567993
3596,P24232_wild,OO,-0.5850266520291821,2.1680121421813965,-0.9010794758796692,2.6476023197174072
3597,P24232_wild,[Fe+3],-2.207608310501746,0.4218832850456238,-1.8465855121612549,2.9706645011901855
3598,P39662_wild,C1C=CN(C=C1C(=O)N)C2C(C(C(O2)COP(=O)(O)OP(=O)(O)OCC3C(C(C(O3)N4C=NC5=C(N=CN=C54)N)O)O)O)O,-1.1549019599857433,1.5730783939361572,-1.0226867198944092,2.3835880756378174
3599,P39662_wild,[N]=O,-4.0,0.4285345673561096,-1.2230312824249268,1.9475700855255127
3600,P24232_wild,C1C=CN(C=C1C(=O)N)C2C(C(C(O2)COP(=O)(O)OP(=O)(O)OCC3C(C(C(O3)N4C=NC5=C(N=CN=C54)N)O)O)O)O,-2.537602002101044,2.097292900085449,-1.3731331825256348,2.992682456970215
3601,P24232_wild,C1C=CN(C=C1C(=O)N)C2C(C(C(O2)COP(=O)(O)OP(=O)(O)OCC3C(C(C(O3)N4C=NC5=C(N=CN=C54)N)OP(=O)(O)O)O)O)O,-0.853871964321762,2.0239834785461426,-1.7654972076416016,3.13604736328125
3602,P24232_wild,[N]=O,-3.958607314841775,0.7159867882728577,-1.2436394691467285,2.4571173191070557
3603,P21656_wild,C1=CC=C2C(=C1)C(=CN2)CC(C(=O)O)N,-3.136677139879544,1.0126750469207764,-0.9687927961349487,1.829134225845337
3604,Q58820_wild,C(C(C(=O)O)O)S(=O)(=O)O,-1.3979400086720375,1.1402558088302612,0.3853062093257904,1.7978054285049438
3605,Q58820_wild,C(CC(=O)O)C(C(=O)O)O,-0.28399665636520094,1.1273019313812256,0.5124378800392151,0.7592090964317322
3606,P16142_wild,C(C(C(=O)O)O)S(=O)(=O)O,-1.1549019599857433,1.3103002309799194,0.44997382164001465,1.8714900016784668
3607,Q5V463_wild,C(=O)C(=O)[O-],1.2329961103921538,1.130866527557373,0.5135486125946045,1.9176123142242432
3608,Q5V463_wild,CCC(=O)SCCNC(=O)CCNC(=O)C(C(C)(C)COP(=O)(O)OP(=O)(O)OCC1C(C(C(O1)N2C=NC3=C(N=CN=C32)N)O)OP(=O)(O)O)O,-0.6989700043360187,0.45752131938934326,-0.1695602834224701,2.343960762023926
3609,Q5V463_wild,CC(=O)SCCNC(=O)CCNC(=O)C(C(C)(C)COP(=O)(O)OP(=O)(O)OCC1C(C(C(O1)N2C=NC3=C(N=CN=C32)N)O)OP(=O)(O)O)O,-1.3010299956639813,0.5309633016586304,-0.18092480301856995,2.2599570751190186
3610,Q5V463_wild,CC(C(C(=O)O)O)C(=O)SCCNC(=O)CCNC(=O)C(C(C)(C)COP(=O)(O)OP(=O)(O)OCC1C(C(C(O1)N2C=NC3=C(N=CN=C32)N)O)OP(=O)(O)O)O,-1.0969100130080565,0.5305703282356262,-0.2525798976421356,2.3325159549713135
3611,Q5V463_wild,CC(C)(COP(=O)(O)OP(=O)(O)OCC1C(C(C(O1)N2C=NC3=C(N=CN=C32)N)O)OP(=O)(O)O)C(C(=O)NCCC(=O)NCCSC(=O)CC(C)(C(=O)O)O)O,0.0,0.8798940181732178,-0.13212746381759644,2.629732370376587
3612,B9J8S0_wild,C1=C(N=C2C(=O)NC(=NC2=N1)N)C=O,-1.9208187539523751,-0.0609719455242157,-1.4347026348114014,2.030811309814453
3613,B9J8S0_wild,C1=CN=C2C(=N1)C(=O)NC(=N2)N,-1.408935392973501,0.40913933515548706,-0.7267225384712219,1.375131368637085
3614,B9J8S0_wild,C1=C(N=C2C(=O)NC(=NC2=N1)N)CO,-1.6382721639824072,0.11666202545166016,-1.1306617259979248,1.738415241241455
3615,B9J8S0_wild,CC(C(C1=CN=C2C(=N1)C(=O)NC(=N2)N)O)O,-1.3279021420642825,0.3578273057937622,-1.1936089992523193,1.6206494569778442
3616,B9J8S0_wild,C1=C(N=C2C(=O)NC(=NC2=N1)N)C(C(CO)O)O,-1.214670164989233,-0.06910215318202972,-0.7847893834114075,1.3138293027877808
3617,B9J8S0_wild,C1=NC2=C(NC1=O)N=C(NC2=O)N,-2.2441251443275085,0.7225673198699951,-1.2341265678405762,1.526322841644287
3618,B9J8S0_wild,CC(C(=O)C1=NC2=C(NC1)N=C(NC2=O)N)O,-1.6575773191777938,0.6224982142448425,-1.6286084651947021,1.5333446264266968
3619,B9J8S0_wild,C1=CC(=CC=C1C(=O)NC(CCC(=O)O)C(=O)O)NCC2=CN=C3C(=N2)C(=O)NC(=N3)N,-1.3010299956639813,0.24737246334552765,-1.3155100345611572,1.3985075950622559
3620,B9J8S0_wild,C1=NC2=C(C(=O)NC(=N2)N)NC1=O,-1.3979400086720375,0.3044377565383911,-1.3503520488739014,1.600879430770874
3621,B9J8S0_wild,C1C(=NC2=C(N1)N=C(NC2=O)N)CO,-1.431798275933005,0.39548224210739136,-1.5025320053100586,1.594821810722351
3622,B9J8S0_wild,C1C(=NC2=C(N1)N=C(NC2=O)N)C(C(CO)O)O,-0.6989700043360187,0.4072078466415405,-1.2117877006530762,1.295947551727295
3623,B9J8S0_wild,CC(C(C1=NC2=C(NC1)N=C(NC2=O)N)O)O,-1.031517051446065,0.49020254611968994,-1.296262502670288,1.0946199893951416
3624,Q2FWC7_wild,CC(C)(CO)C(C(=O)NCCC(=O)O)O,-1.6382721639824072,0.5942917466163635,-1.2960882186889648,0.65943443775177
3625,Q2FWC7_wild,C1=NC(=C2C(=N1)N(C=N2)C3C(C(C(O3)COP(=O)(O)OP(=O)(O)OP(=O)(O)O)O)O)N,-1.4685210829577449,0.7154982686042786,-0.5387288331985474,0.9911859035491943
3626,Q2FWC7_wild,CCCCCNC(=O)CCNC(=O)C(C(C)(C)CO)O,-2.5228787452803374,0.2872122526168823,-1.2471160888671875,0.6649885773658752
3627,Q2FWC7_wild,CCCCCCCNC(=O)CCNC(=O)C(C(C)(C)CO)O,-2.0969100130080562,0.10364396870136261,-1.1813805103302002,0.6818788051605225
3628,P08311_wild,CC(C(=O)NC(C)C(=O)N1CCCC1C(=O)NC(CC2=CC=CC=C2)C(=O)NC3=CC=C(C=C3)[N+](=O)[O-])NC(=O)CCC(=O)O,-0.2924298239020636,1.3284496068954468,-1.1220238208770752,1.3858429193496704
3629,Q8KP10_wild,C1=CC(=C[N+](=C1)C2C(C(C(O2)COP(=O)([O-])OP(=O)(O)OCC3C(C(C(O3)N4C=NC5=C(N=CN=C54)N)O)O)O)O)C(=O)N,0.9180303367848801,0.6831390857696533,-1.2053980827331543,1.1268961429595947
3630,Q2I8V6_A13G,C1C=CN(C=C1C(=O)N)C2C(C(C(O2)COP(=O)(O)OP(=O)(O)OCC3C(C(C(O3)N4C=NC5=C(N=CN=C54)N)O)O)O)O,0.04139268515822508,1.347396731376648,-0.838310718536377,1.812453269958496
3631,Q2I8V6_A13G/S10G,C1C=CN(C=C1C(=O)N)C2C(C(C(O2)COP(=O)(O)OP(=O)(O)OCC3C(C(C(O3)N4C=NC5=C(N=CN=C54)N)O)O)O)O,0.07918124604762482,1.3267065286636353,-0.829687237739563,1.798858880996704
3632,Q2I8V6_A13G/S33D,C1C=CN(C=C1C(=O)N)C2C(C(C(O2)COP(=O)(O)OP(=O)(O)OCC3C(C(C(O3)N4C=NC5=C(N=CN=C54)N)O)O)O)O,0.04139268515822508,1.353751540184021,-0.7985735535621643,1.8208481073379517
3633,P32321_wild,C1C(C(OC1N2C=CC(=NC2=O)N)COP(=O)(O)O)O,-1.2365720064370627,0.34084904193878174,-1.3086414337158203,1.539702296257019
3634,P83772_wild,CN(CC(=O)O)C(=N)N,2.113943352306837,0.6320773959159851,0.6628537774085999,0.5206536054611206
3635,P83772_wild,C1C(=O)NC(=N1)N,2.3010299956639813,1.2412265539169312,-0.06364965438842773,1.2074464559555054
3636,P44979_wild,C(C(C(=O)[O-])O)O,0.568201724066995,1.4896655082702637,0.6225849986076355,1.184107780456543
3637,Q84F16_wild,C1=CC(=CC=C1CC(=O)O)O,0.4471580313422192,0.449739933013916,-0.7038212418556213,1.042776346206665
3638,Q84F16_wild,C1=CC(=C(C=C1CC(=O)O)O)O,-0.3010299956639812,0.7108288407325745,-0.5893739461898804,0.9828224778175354
3639,P52418_wild,C(CC(=O)N)C(C(=O)O)N,1.255272505103306,0.37352150678634644,-0.1481090635061264,0.11177276074886322
3640,P52418_wild,C(C1C(C(C(O1)OP(=O)(O)OP(=O)(O)O)O)O)OP(=O)(O)O,-0.3979400086720376,0.3094984292984009,-1.4698681831359863,1.0126097202301025
3641,P52418_wild,N,1.2041199826559248,0.6812105774879456,1.0833332538604736,0.05711311101913452
3642,P07871_wild,CC(=O)CC(=O)SCCNC(=O)CCNC(=O)C(C(C)(C)COP(=O)(O)OP(=O)(O)OCC1C(C(C(O1)N2C=NC3=C(N=CN=C32)N)O)OP(=O)(O)O)O,-2.154901959985743,1.2116795778274536,-1.4838950634002686,2.3572444915771484
3643,P07871_wild,CCCCCC(=O)CC(=O)SCCNC(=O)CCNC(=O)C(C(C)(C)COP(=O)(O)OP(=O)(O)OCC1C(C(C(O1)N2C=NC3=C(N=CN=C32)N)O)OP(=O)(O)O)O,-2.0861861476162833,1.171078085899353,-1.6911351680755615,2.4231977462768555
3644,P07871_wild,CCCCCCCCCCCCCC(=O)CC(=O)SCCNC(=O)CCNC(=O)C(C(C)(C)COP(=O)(O)OP(=O)(O)OCC1C(C(C(O1)N2C=NC3=C(N=CN=C32)N)O)OP(=O)(O)O)O,-2.1739251972991736,1.1301032304763794,-1.7793800830841064,2.343888998031616
3645,P07871_wild,CC(C)(COP(=O)(O)OP(=O)(O)OCC1C(C(C(O1)N2C=NC3=C(N=CN=C32)N)O)OP(=O)(O)O)C(C(=O)NCCC(=O)NCCS)O,-2.2291479883578558,0.9335805177688599,-1.464338779449463,2.2518489360809326
3646,P21775_wild,CC(=O)CC(=O)SCCNC(=O)CCNC(=O)C(C(C)(C)COP(=O)(O)OP(=O)(O)OCC1C(C(C(O1)N2C=NC3=C(N=CN=C32)N)O)OP(=O)(O)O)O,-2.113509274827518,1.3296277523040771,-1.4296154975891113,2.4124720096588135
3647,P21775_wild,CCCCCC(=O)CC(=O)SCCNC(=O)CCNC(=O)C(C(C)(C)COP(=O)(O)OP(=O)(O)OCC1C(C(C(O1)N2C=NC3=C(N=CN=C32)N)O)OP(=O)(O)O)O,-2.0409586076789066,1.2913252115249634,-1.6338481903076172,2.476914882659912
3648,P21775_wild,CC(C)(COP(=O)(O)OP(=O)(O)OCC1C(C(C(O1)N2C=NC3=C(N=CN=C32)N)O)OP(=O)(O)O)C(C(=O)NCCC(=O)NCCS)O,-2.3467874862246565,1.0525318384170532,-1.409029245376587,2.295060396194458
3649,P21775_wild,CCCCCCCCCCCCCC(=O)CC(=O)SCCNC(=O)CCNC(=O)C(C(C)(C)COP(=O)(O)OP(=O)(O)OCC1C(C(C(O1)N2C=NC3=C(N=CN=C32)N)O)OP(=O)(O)O)O,-2.1079053973095196,1.2376590967178345,-1.7275311946868896,2.397190570831299
3650,Q6W6X6_wild,CC(=O)CC(=O)SCCNC(=O)CCNC(=O)C(C(C)(C)COP(=O)(O)OP(=O)(O)OCC1C(C(C(O1)N2C=NC3=C(N=CN=C32)N)O)OP(=O)(O)O)O,-1.5686362358410126,1.1641215085983276,-1.412149429321289,2.097838878631592
3651,Q6W6X6_wild,CCCC(=O)CC(=O)SCCNC(=O)CCNC(=O)C(C(C)(C)COP(=O)(O)OP(=O)(O)OCC1C(C(C(O1)N2C=NC3=C(N=CN=C32)N)O)OP(=O)(O)O)O,-2.154901959985743,1.0956518650054932,-1.5215909481048584,2.165884256362915
3652,Q6W6X6_wild,CCCCCCCC(=O)CC(=O)SCCNC(=O)CCNC(=O)C(C(C)(C)COP(=O)(O)OP(=O)(O)OCC1C(C(C(O1)N2C=NC3=C(N=CN=C32)N)O)OP(=O)(O)O)O,-2.5228787452803374,1.068604826927185,-1.6919612884521484,2.1571688652038574
3653,Q6W6X6_wild,CCCCCCCCCC(=O)CC(=O)SCCNC(=O)CCNC(=O)C(C(C)(C)COP(=O)(O)OP(=O)(O)OCC1C(C(C(O1)N2C=NC3=C(N=CN=C32)N)O)OP(=O)(O)O)O,-2.3979400086720375,1.0405542850494385,-1.7298059463500977,2.1195569038391113
3654,Q6W6X6_wild,CCCCCCCCCCCCCC(=O)CC(=O)SCCNC(=O)CCNC(=O)C(C(C)(C)COP(=O)(O)OP(=O)(O)OCC1C(C(C(O1)N2C=NC3=C(N=CN=C32)N)O)OP(=O)(O)O)O,-2.2218487496163566,1.0083755254745483,-1.788006067276001,2.0694568157196045
3655,P33290_wild,CC(=O)CC(=O)SCCNC(=O)CCNC(=O)C(C(C)(C)COP(=O)(O)OP(=O)(O)OCC1C(C(C(O1)N2C=NC3=C(N=CN=C32)N)O)OP(=O)(O)O)O,-1.031517051446065,1.1208895444869995,-1.124495267868042,1.9645321369171143
3656,P33290_wild,CCCC(=O)CC(=O)SCCNC(=O)CCNC(=O)C(C(C)(C)COP(=O)(O)OP(=O)(O)OCC1C(C(C(O1)N2C=NC3=C(N=CN=C32)N)O)OP(=O)(O)O)O,-1.5528419686577808,1.0362441539764404,-1.2357478141784668,2.0281007289886475
3657,P33290_wild,CCCCCC(=O)CC(=O)SCCNC(=O)CCNC(=O)C(C(C)(C)COP(=O)(O)OP(=O)(O)OCC1C(C(C(O1)N2C=NC3=C(N=CN=C32)N)O)OP(=O)(O)O)O,-2.0555173278498313,1.0041530132293701,-1.3326585292816162,2.0085949897766113
3658,P33290_wild,CCCCCCCC(=O)CC(=O)SCCNC(=O)CCNC(=O)C(C(C)(C)COP(=O)(O)OP(=O)(O)OCC1C(C(C(O1)N2C=NC3=C(N=CN=C32)N)O)OP(=O)(O)O)O,-2.0,0.9977831244468689,-1.3711521625518799,2.0004959106445312
3659,P33290_wild,CCCCCCCCCC(=O)CC(=O)SCCNC(=O)CCNC(=O)C(C(C)(C)COP(=O)(O)OP(=O)(O)OCC1C(C(C(O1)N2C=NC3=C(N=CN=C32)N)O)OP(=O)(O)O)O,-2.0315170514460648,0.9759493470191956,-1.4017291069030762,1.9653189182281494
3660,P00800_wild,CC(C)CC(C(=O)NC(C)C(=O)O)NC(=O)C(CC1=CC=CC=C1)NC(=O)OCC2=CC=CC=C2,0.04921802267018156,2.186398506164551,0.13833144307136536,1.2636590003967285
3661,P00800_wild,CC(C)CC(C(=O)NCC(=O)O)NC(=O)C1CCCN1C(=O)CNC(=O)OCC2=CC=CC=C2,1.1072099696478683,1.8560527563095093,0.35197967290878296,0.8355209827423096
3662,P00800_wild,CC(C)CC(C(=O)NCC(=O)N1CCCC1C(=O)O)NC(=O)C2CCCN2C(=O)CNC(=O)OCC3=CC=CC=C3,1.1238516409670858,1.9714369773864746,0.01768164336681366,0.9486462473869324
3663,E0SRA9_wild,CC(=O)C(C)(C(=O)O)O,0.4913616938342727,0.8298695087432861,0.09569060802459717,0.840434193611145
3664,Q837B3_wild,CSCCC(C(=O)O)N,-1.3979400086720375,0.26794153451919556,-1.080078363418579,1.4704538583755493
3665,Q837B3_wild,C1=NC(=C2C(=N1)N(C=N2)C3C(C(C(O3)COP(=O)(O)OP(=O)(O)OP(=O)(O)O)O)O)N,-0.09691001300805639,0.21543431282043457,-1.2809336185455322,1.582301378250122
3666,Q8KP10_wild,C1=NC(=C2C(=N1)N(C=N2)C3C(C(C(O3)COP(=O)(O)OP(=O)(O)OCC4C(C(C(O4)O)O)O)O)O)N,-1.2006594505464183,1.0015509128570557,-1.2660024166107178,1.5274043083190918
3667,Q1QV19_wild,C1C(CNC1C(=O)O)O,0.3979400086720376,-0.5381414890289307,0.5548685193061829,-0.3174198269844055
3668,P50428_wild,C1=CC(=C(C=C1[N+](=O)[O-])OS(=O)(=O)O)O,-0.3010299956639812,0.10841206461191177,-0.24059797823429108,1.4972587823867798
3669,P15289_wild,C1=CC(=C(C=C1[N+](=O)[O-])OS(=O)(=O)O)O,-0.22184874961635637,-0.03347863256931305,-0.36405661702156067,1.4201469421386719
3670,P94424_wild,C1C=CN(C=C1C(=O)N)C2C(C(C(O2)COP(=O)(O)OP(=O)(O)OCC3C(C(C(O3)N4C=NC5=C(N=CN=C54)N)OP(=O)(O)O)O)O)O,-2.3565473235138126,-0.004062443971633911,-1.7102551460266113,1.3992195129394531
3671,P94424_wild,C1C=CN(C=C1C(=O)N)C2C(C(C(O2)COP(=O)(O)OP(=O)(O)OCC3C(C(C(O3)N4C=NC5=C(N=CN=C54)N)O)O)O)O,-2.193820026016113,0.05641792714595795,-1.4240550994873047,1.2163565158843994
3672,P94424_wild,CC1=CC2=C(C=C1C)N(C3=NC(=O)NC(=O)C3=N2)CC(C(C(COP(=O)(O)O)O)O)O,-2.3767507096020997,-0.2542353868484497,-1.9933600425720215,1.3373067378997803
3673,P94424_wild,COS(=O)(=O)C1=CC=C(C=C1)[N+](=O)[O-],-1.0177287669604316,0.05002918094396591,-0.6770617365837097,1.4449230432510376
3674,P94424_wild,C1=C(OC(=C1)[N+](=O)[O-])C=NNC(=O)N,-3.154901959985743,-0.055882833898067474,-0.7161459922790527,0.5425164103507996
3675,P94424_wild,C1=CC(=CC=C1[N+](=O)[O-])O,-3.6989700043360187,-0.3823277950286865,-0.8602989912033081,0.4068887233734131
3676,P94424_wild,[Cr+6],-2.3010299956639813,-0.6232101917266846,-1.0099663734436035,1.0376936197280884
3677,P35754_wild,C(CC(=O)NC(CS)C(=O)NCC(=O)O)C(C(=O)O)N,0.3344537511509309,1.46461021900177,0.08265526592731476,1.2689613103866577
3678,O34714_R270A,C(=O)(C(=O)[O-])[O-],0.9030899869919435,-0.38267236948013306,0.4505692720413208,0.26160740852355957
3679,O34714_E333Q,C(=O)(C(=O)[O-])[O-],0.23044892137827394,-0.2706911563873291,0.4006897807121277,0.33093321323394775
3680,O34714_E162Q/E333Q,C(=O)(C(=O)[O-])[O-],-0.22184874961635637,-0.2750530242919922,0.3985568583011627,0.33584830164909363
3681,O34714_E101A,C(=O)(C(=O)[O-])[O-],0.4623979978989561,-0.5174841284751892,0.4583851099014282,0.1863170862197876
3682,O34714_E101Q,C(=O)(C(=O)[O-])[O-],0.6020599913279624,-0.28344786167144775,0.41547468304634094,0.3240191638469696
3683,O34714_E101Q/E280Q,C(=O)(C(=O)[O-])[O-],0.4623979978989561,-0.3803997039794922,0.43222278356552124,0.2802612781524658
3684,O34714_S161A,C(=O)(C(=O)[O-])[O-],1.8512583487190752,-0.1937386840581894,0.4052589535713196,0.37398770451545715
3685,Q5UPJ7_wild,C1=CC(=CC=C1CC(C(=O)O)N)O,-3.3010299956639813,0.136049285531044,-1.2183403968811035,0.7948746085166931
3686,P0A759_wild,N,1.4969296480732148,1.5336439609527588,1.4420959949493408,1.0328768491744995
3687,P46926_wild,N,1.2041199826559248,1.0290714502334595,1.0482423305511475,0.9922690391540527
3688,P0A759_H164C/C118S/C228S/C239S,C(C1C(C(C(C(O1)O)N)O)O)OP(=O)(O)O,-0.2924298239020636,1.5524945259094238,-0.2571179270744324,1.5963996648788452
3689,P0A759_S206C/C118S/C228S/C239S,C(C1C(C(C(C(O1)O)N)O)O)OP(=O)(O)O,-0.3098039199714864,1.5353798866271973,-0.26416701078414917,1.6250927448272705
3690,Q8VID6_wild,C1C2C(C(C(O2)N3C=NC4=C(N=CN=C43)N)O)OP(=O)(O1)O,-2.657577319177794,0.3124943971633911,-2.6843760013580322,1.8352100849151611
3691,Q8I914_wild,CCCCCCCCC=CCCCCCCCC(=O)OCC(COP(=O)(O)OCC[N+](C)(C)C)O,-1.3526170298853801,1.4059087038040161,-0.31159114837646484,1.177234172821045
3692,Q9CI75_wild,C1=NC2=C(N1C3C(C(C(O3)COP(=O)(O)OP(=O)(O)OP(=O)(O)O)O)O)N=C(NC2=O)N,-0.7695510786217261,0.005862385034561157,-0.5041611790657043,0.7837374210357666
3693,P28274_wild,C1=NC(=C2C(=N1)N(C=N2)C3C(C(C(O3)COP(=O)(O)OP(=O)(O)OP(=O)(O)O)O)O)N,-0.3467874862246563,0.6233835220336914,-0.662661612033844,1.2700068950653076
3694,P28274_S36A,C1=NC(=C2C(=N1)N(C=N2)C3C(C(C(O3)COP(=O)(O)OP(=O)(O)OP(=O)(O)O)O)O)N,-0.3565473235138126,0.6128924489021301,-0.6663239598274231,1.2672271728515625
3695,P28274_S330A,C1=NC(=C2C(=N1)N(C=N2)C3C(C(C(O3)COP(=O)(O)OP(=O)(O)OP(=O)(O)O)O)O)N,-0.24412514432750865,0.6153108477592468,-0.6614543795585632,1.2686069011688232
3696,P28274_S354A,C1=NC(=C2C(=N1)N(C=N2)C3C(C(C(O3)COP(=O)(O)OP(=O)(O)OP(=O)(O)O)O)O)N,-0.44369749923271273,0.6302406191825867,-0.6534914970397949,1.2794362306594849
3697,P28274_S454A,C1=NC(=C2C(=N1)N(C=N2)C3C(C(C(O3)COP(=O)(O)OP(=O)(O)OP(=O)(O)O)O)O)N,-0.5850266520291821,0.593447744846344,-0.6620377898216248,1.243435025215149
3698,O87761_wild,C(CC(=O)N)C(C(=O)O)N,-0.28399665636520094,0.02257174253463745,0.27409082651138306,0.0451987087726593
3699,O87761_wild,N,1.6324572921847242,1.3649550676345825,1.5011014938354492,0.2990720570087433
3700,Q9CI75_wild,N,1.7323937598229686,1.353528380393982,1.5161893367767334,0.2835811376571655
3701,Q9CI75_T431V,N,1.9777236052888478,1.2273532152175903,1.5536580085754395,0.18720614910125732
3702,Q9CI75_R433M,N,1.7075701760979363,1.1698731184005737,1.589360237121582,0.17283374071121216
3703,Q9CI75_T431V,C1=NC2=C(N1C3C(C(C(O3)COP(=O)(O)OP(=O)(O)OP(=O)(O)O)O)O)N=C(NC2=O)N,-0.8041003475907662,-0.13792186975479126,-0.47237372398376465,0.678741455078125
3704,Q9CI75_R433M,C1=NC2=C(N1C3C(C(C(O3)COP(=O)(O)OP(=O)(O)OP(=O)(O)O)O)O)N=C(NC2=O)N,-2.0,-0.16381996870040894,-0.4275937080383301,0.6519681215286255
3705,Q9CI75_R359M,N,1.7558748556724915,1.2936865091323853,1.5353431701660156,0.2636556029319763
3706,Q9CI75_R359P,N,1.9637878273455553,1.2324920892715454,1.5541279315948486,0.21062994003295898
3707,Q9CI75_G360A,N,1.7481880270062005,1.3315013647079468,1.525348424911499,0.27000391483306885
3708,Q9CI75_G360P,N,1.9637878273455553,1.316414475440979,1.5319762229919434,0.25266021490097046
3709,Q9CI75_E362Q,N,1.8920946026904804,1.3643392324447632,1.5035431385040283,0.2876163721084595
3710,Q9CI75_R359M,C(CC(=O)N)C(C(=O)O)N,0.004321373782642578,-0.05142541229724884,0.3181889057159424,0.005287379026412964
3711,Q9CI75_R359P,C(CC(=O)N)C(C(=O)O)N,-0.13076828026902382,-0.13032357394695282,0.33631283044815063,-0.05388522148132324
3712,Q9CI75_G360A,C(CC(=O)N)C(C(=O)O)N,-0.017728766960431554,-0.04198272526264191,0.31001466512680054,0.011294364929199219
3713,Q9CI75_E362Q,C(CC(=O)N)C(C(=O)O)N,-0.060480747381381476,-0.011312946677207947,0.2899002432823181,0.0291292667388916
3714,P9WHK7_wild,C1=NC(=C2C(=N1)N(C=N2)C3C(C(C(O3)COP(=O)(O)OP(=O)(O)OP(=O)(O)O)O)O)N,-0.7447274948966939,0.21570619940757751,-0.6320702433586121,0.7330077886581421
3715,P9WHK7_wild,C1=CN(C(=O)NC1=O)C2C(C(C(O2)COP(=O)(O)OP(=O)(O)OP(=O)(O)O)O)O,-0.853871964321762,0.13861329853534698,-0.46480345726013184,0.6177621483802795
3716,P9WHK7_V186G,C1=CN(C(=O)NC1=O)C2C(C(C(O2)COP(=O)(O)OP(=O)(O)OP(=O)(O)O)O)O,-0.853871964321762,0.17755325138568878,-0.44906294345855713,0.6417889595031738
3717,P9WHK7_V186G,C1=NC(=C2C(=N1)N(C=N2)C3C(C(C(O3)COP(=O)(O)OP(=O)(O)OP(=O)(O)O)O)O)N,0.1643528557844371,0.25415855646133423,-0.6186450123786926,0.7617349624633789
3718,Q6WRH6_wild,C1=NC(=C2C(=N1)N(C=N2)C3C(C(C(O3)COP(=O)(O)OP(=O)(O)OP(=O)(O)O)O)O)N,-2.6989700043360187,-0.8461893796920776,-0.7479838728904724,0.8634111881256104
3719,Q6WRH6_wild,CC1CC=NC1C(=O)NCCCCC(C(=O)O)N,-1.275724130399211,-0.9308226704597473,-0.8088056445121765,0.6505848169326782
3720,A1Y9I9_wild,CNCC(C1=CC(=C(C=C1)O)O)O,-2.7958800173440754,-2.40244722366333,-0.8289257884025574,-0.43944939970970154
3721,A1Y9I9_wild,C[S+](CCC(C(=O)[O-])N)CC1C(C(C(O1)N2C=NC3=C(N=CN=C32)N)O)O,-2.619788758288394,-2.134674549102783,-1.4025630950927734,-0.022243738174438477
3722,Q9QYR7_wild,CCCCCC(=O)SCCNC(=O)CCNC(=O)C(C(C)(C)COP(=O)(O)OP(=O)(O)OCC1C(C(C(O1)N2C=NC3=C(N=CN=C32)N)O)OP(=O)(O)O)O,-1.9625735020593764,0.9417065978050232,-1.30588698387146,1.4781910181045532
3723,Q9QYR7_wild,CCCCCCCC(=O)SCCNC(=O)CCNC(=O)C(C(C)(C)COP(=O)(O)OP(=O)(O)OCC1C(C(C(O1)N2C=NC3=C(N=CN=C32)N)O)OP(=O)(O)O)O,-1.3353580244438745,0.927166759967804,-1.3290045261383057,1.4391692876815796
3724,Q9QYR7_wild,CCCCCCCCCC(=O)SCCNC(=O)CCNC(=O)C(C(C)(C)COP(=O)(O)OP(=O)(O)OCC1C(C(C(O1)N2C=NC3=C(N=CN=C32)N)O)OP(=O)(O)O)O,-2.113509274827518,0.8890426158905029,-1.374140977859497,1.4324936866760254
3725,Q9QYR7_wild,CCCCCCCCCCCC(=O)SCCNC(=O)CCNC(=O)C(C(C)(C)COP(=O)(O)OP(=O)(O)OCC1C(C(C(O1)N2C=NC3=C(N=CN=C32)N)O)OP(=O)(O)O)O,-2.1191864077192086,0.9033029675483704,-1.4267749786376953,1.4405332803726196
3726,Q9QYR7_wild,CCCCCCCCCCCCCC(=O)SCCNC(=O)CCNC(=O)C(C(C)(C)COP(=O)(O)OP(=O)(O)OCC1C(C(C(O1)N2C=NC3=C(N=CN=C32)N)O)OP(=O)(O)O)O,-2.42021640338319,0.8889759182929993,-1.4799201488494873,1.4313989877700806
3727,Q9QYR7_wild,CCCCCCCCCCCCCCCC(=O)SCCNC(=O)CCNC(=O)C(C(C)(C)COP(=O)(O)OP(=O)(O)OCC1C(C(C(O1)N2C=NC3=C(N=CN=C32)N)O)OP(=O)(O)O)O,-2.3979400086720375,0.8499851822853088,-1.5096073150634766,1.4262492656707764
3728,Q9QYR7_wild,CCCCCCC=CCCCCCCCC(=O)SCCNC(=O)CCNC(=O)C(C(C)(C)COP(=O)(O)OP(=O)(O)OCC1C(C(C(O1)N2C=NC3=C(N=CN=C32)N)O)OP(=O)(O)O)O,-2.552841968657781,0.9300219416618347,-1.4972491264343262,1.5549253225326538
3729,Q9QYR7_wild,CCCCCCCCCCCCCCCCCC(=O)SCCNC(=O)CCNC(=O)C(C(C)(C)COP(=O)(O)OP(=O)(O)OCC1C(C(C(O1)N2C=NC3=C(N=CN=C32)N)O)OP(=O)(O)O)O,-2.3767507096020997,0.8182230591773987,-1.5250091552734375,1.4259250164031982
3730,Q9QYR7_wild,CCCCCCCCC=CCCCCCCCC(=O)SCCNC(=O)CCNC(=O)C(C(C)(C)COP(=O)(O)OP(=O)(O)OCC1C(C(C(O1)N2C=NC3=C(N=CN=C32)N)O)OP(=O)(O)O)O,-2.337242168318426,0.9550386071205139,-1.5633699893951416,1.5469021797180176
3731,Q9QYR7_wild,CCCCCC=CCC=CCCCCCCCC(=O)SCCNC(=O)CCNC(=O)C(C(C)(C)COP(=O)(O)OP(=O)(O)OCC1C(C(C(O1)N2C=NC3=C(N=CN=C32)N)O)OP(=O)(O)O)O,-2.5850266520291822,0.9167736768722534,-1.611067295074463,1.5475294589996338
3732,Q9QYR7_wild,CCCCCCCCCCCCCCCCCCCC(=O)SCCNC(=O)CCNC(=O)C(C(C)(C)COP(=O)(O)OP(=O)(O)OCC1C(C(C(O1)N2C=NC3=C(N=CN=C32)N)O)OP(=O)(O)O)O,-2.657577319177794,0.7989160418510437,-1.5399811267852783,1.4138829708099365
3733,Q9QYR7_wild,CCCCCC=CCC=CCC=CCC=CCCCC(=O)SCCNC(=O)CCNC(=O)C(C(C)(C)COP(=O)(O)OP(=O)(O)OCC1C(C(C(O1)N2C=NC3=C(N=CN=C32)N)O)OP(=O)(O)O)O,-2.1426675035687315,0.8868597149848938,-1.6328208446502686,1.6063590049743652
3734,Q9QYR7_wild,CCCCCCCCCCCCCCCCCCCCCC(=O)SCCNC(=O)CCNC(=O)C(C(C)(C)COP(=O)(O)OP(=O)(O)OCC1C(C(C(O1)N2C=NC3=C(N=CN=C32)N)O)OP(=O)(O)O)O,-2.638272163982407,0.7898216843605042,-1.5809872150421143,1.4047443866729736
3735,Q9QYR7_wild,CCCCCCCCCCCCCCCCCCCCCCCC(=O)SCCNC(=O)CCNC(=O)C(C(C)(C)COP(=O)(O)OP(=O)(O)OCC1C(C(C(O1)N2C=NC3=C(N=CN=C32)N)O)OP(=O)(O)O)O,-2.2006594505464183,0.7485827207565308,-1.5475327968597412,1.392247200012207
3736,Q9QYR7_wild,CCCCCCCCCCCCCCCCCCCCCCCCCC(=O)SCCNC(=O)CCNC(=O)C(C(C)(C)COP(=O)(O)OP(=O)(O)OCC1C(C(C(O1)N2C=NC3=C(N=CN=C32)N)O)OP(=O)(O)O)O,-2.3467874862246565,0.7564921975135803,-1.4556119441986084,1.3889460563659668
3737,Q9QYR7_wild,CC(C)CCCC(C)CCC(=O)SCCNC(=O)CCNC(=O)C(C(C)(C)COP(=O)(O)OP(=O)(O)OCC1C(C(C(O1)N2C=NC3=C(N=CN=C32)N)O)OP(=O)(O)O)O,-1.7721132953863263,1.0285478830337524,-1.3513686656951904,1.4649467468261719
3738,Q6Q2Z6_wild,CCCCCC(=O)SCCNC(=O)CCNC(=O)C(C(C)(C)COP(=O)(O)OP(=O)(O)OCC1C(C(C(O1)N2C=NC3=C(N=CN=C32)N)O)OP(=O)(O)O)O,-1.5466816599529625,1.070677638053894,-1.3267881870269775,1.564220666885376
3739,Q6Q2Z6_wild,CCCCCCCC(=O)SCCNC(=O)CCNC(=O)C(C(C)(C)COP(=O)(O)OP(=O)(O)OCC1C(C(C(O1)N2C=NC3=C(N=CN=C32)N)O)OP(=O)(O)O)O,-2.113509274827518,1.06880784034729,-1.3408737182617188,1.5230224132537842
3740,Q6Q2Z6_wild,CCCCCCCCCC(=O)SCCNC(=O)CCNC(=O)C(C(C)(C)COP(=O)(O)OP(=O)(O)OCC1C(C(C(O1)N2C=NC3=C(N=CN=C32)N)O)OP(=O)(O)O)O,-1.744727494896694,1.0286693572998047,-1.3747427463531494,1.5117547512054443
3741,Q6Q2Z6_wild,CCCCCCCCCCCC(=O)SCCNC(=O)CCNC(=O)C(C(C)(C)COP(=O)(O)OP(=O)(O)OCC1C(C(C(O1)N2C=NC3=C(N=CN=C32)N)O)OP(=O)(O)O)O,-2.1191864077192086,1.048463225364685,-1.4307708740234375,1.5237772464752197
3742,Q6Q2Z6_wild,CCCCCCCCCCCCCC(=O)SCCNC(=O)CCNC(=O)C(C(C)(C)COP(=O)(O)OP(=O)(O)OCC1C(C(C(O1)N2C=NC3=C(N=CN=C32)N)O)OP(=O)(O)O)O,-2.2518119729937998,1.0465625524520874,-1.4864540100097656,1.5135104656219482
3743,Q6Q2Z6_wild,CCCCCCCCCCCCCCCC(=O)SCCNC(=O)CCNC(=O)C(C(C)(C)COP(=O)(O)OP(=O)(O)OCC1C(C(C(O1)N2C=NC3=C(N=CN=C32)N)O)OP(=O)(O)O)O,-1.7986028756795485,1.0149041414260864,-1.5141034126281738,1.5042667388916016
3744,Q6Q2Z6_wild,CCCCCCC=CCCCCCCCC(=O)SCCNC(=O)CCNC(=O)C(C(C)(C)COP(=O)(O)OP(=O)(O)OCC1C(C(C(O1)N2C=NC3=C(N=CN=C32)N)O)OP(=O)(O)O)O,-2.154901959985743,1.0936416387557983,-1.4857728481292725,1.6350007057189941
3745,Q6Q2Z6_wild,CCCCCCCCCCCCCCCCCC(=O)SCCNC(=O)CCNC(=O)C(C(C)(C)COP(=O)(O)OP(=O)(O)OCC1C(C(C(O1)N2C=NC3=C(N=CN=C32)N)O)OP(=O)(O)O)O,-1.458420756053419,0.9882153868675232,-1.5250880718231201,1.5012458562850952
3746,Q6Q2Z6_wild,CCCCCCCCC=CCCCCCCCC(=O)SCCNC(=O)CCNC(=O)C(C(C)(C)COP(=O)(O)OP(=O)(O)OCC1C(C(C(O1)N2C=NC3=C(N=CN=C32)N)O)OP(=O)(O)O)O,-2.050609993355087,1.1138291358947754,-1.5500576496124268,1.6286332607269287
3747,Q6Q2Z6_wild,CCCCCC=CCC=CCCCCCCCC(=O)SCCNC(=O)CCNC(=O)C(C(C)(C)COP(=O)(O)OP(=O)(O)OCC1C(C(C(O1)N2C=NC3=C(N=CN=C32)N)O)OP(=O)(O)O)O,-1.4881166390211258,1.0706934928894043,-1.5984108448028564,1.6341240406036377
3748,Q6Q2Z6_wild,CCCCCCCCCCCCCCCCCCCC(=O)SCCNC(=O)CCNC(=O)C(C(C)(C)COP(=O)(O)OP(=O)(O)OCC1C(C(C(O1)N2C=NC3=C(N=CN=C32)N)O)OP(=O)(O)O)O,-1.485452247339714,0.9815711379051208,-1.5345184803009033,1.4912861585617065
3749,Q6Q2Z6_wild,CCCCCC=CCC=CCC=CCC=CCCCC(=O)SCCNC(=O)CCNC(=O)C(C(C)(C)COP(=O)(O)OP(=O)(O)OCC1C(C(C(O1)N2C=NC3=C(N=CN=C32)N)O)OP(=O)(O)O)O,-2.7958800173440754,1.0559278726577759,-1.6234588623046875,1.7005150318145752
3750,Q6Q2Z6_wild,CC(C)CCCC(C)CCC(=O)SCCNC(=O)CCNC(=O)C(C(C)(C)COP(=O)(O)OP(=O)(O)OCC1C(C(C(O1)N2C=NC3=C(N=CN=C32)N)O)OP(=O)(O)O)O,-1.490797477668897,1.182536005973816,-1.3418891429901123,1.537664532661438
3751,P49753_wild,CCCCCCCCCCCCCCCC(=O)SCCNC(=O)CCNC(=O)C(C(C)(C)COP(=O)(O)OP(=O)(O)OCC1C(C(C(O1)N2C=NC3=C(N=CN=C32)N)O)OP(=O)(O)O)O,-2.6989700043360187,1.307236671447754,-1.3615846633911133,1.6264562606811523
3752,Q8N9L9_wild,CC(C)(COP(=O)(O)OP(=O)(O)OCC1C(C(C(O1)N2C=NC3=C(N=CN=C32)N)O)OP(=O)(O)O)C(C(=O)NCCC(=O)NCCSC(=O)CCC(=O)O)O,-1.853871964321762,1.2562040090560913,-1.0739853382110596,1.738978624343872
3753,Q8N9L9_wild,CC(C)(COP(=O)(O)OP(=O)(O)OCC1C(C(C(O1)N2C=NC3=C(N=CN=C32)N)O)OP(=O)(O)O)C(C(=O)NCCC(=O)NCCSC(=O)CCCC(=O)O)O,-0.8326826652518239,1.2693318128585815,-1.0722177028656006,1.69492769241333
3754,Q8N9L9_wild,CCCCCCCCCCCCCC(=O)SCCNC(=O)CCNC(=O)C(C(C)(C)COP(=O)(O)OP(=O)(O)OCC1C(C(C(O1)N2C=NC3=C(N=CN=C32)N)O)OP(=O)(O)O)O,-2.468521082957745,1.1660223007202148,-1.5003836154937744,1.495118498802185
3755,Q91V12_wild,CCCCCCCCCCCCCCCC(=O)SCCNC(=O)CCNC(=O)C(C(C)(C)COP(=O)(O)OP(=O)(O)OCC1C(C(C(O1)N2C=NC3=C(N=CN=C32)N)O)OP(=O)(O)O)O,-1.9208187539523751,-0.025737419724464417,-1.3251852989196777,1.028273344039917
3756,O00154_wild,CCCCCCCCCCCCCCCCCCCC(=O)SCCNC(=O)CCNC(=O)C(C(C)(C)COP(=O)(O)OP(=O)(O)OCC1C(C(C(O1)N2C=NC3=C(N=CN=C32)N)O)OP(=O)(O)O)O,-2.036212172654445,-0.14367569983005524,-1.4634788036346436,0.9391578435897827
3757,O55137_wild,CCCCCCCCCCCCCCCC(=O)SCCNC(=O)CCNC(=O)C(C(C)(C)COP(=O)(O)OP(=O)(O)OCC1C(C(C(O1)N2C=NC3=C(N=CN=C32)N)O)OP(=O)(O)O)O,-2.5850266520291822,0.8583189249038696,-1.5070574283599854,1.473131537437439
3758,O55137_S232C,CCCCCCCCCCCCCCCC(=O)SCCNC(=O)CCNC(=O)C(C(C)(C)COP(=O)(O)OP(=O)(O)OCC1C(C(C(O1)N2C=NC3=C(N=CN=C32)N)O)OP(=O)(O)O)O,-3.2218487496163566,0.8097867369651794,-1.49662446975708,1.43903386592865
3759,O55137_wild,CCCCCCCCCC(=O)SCCNC(=O)CCNC(=O)C(C(C)(C)COP(=O)(O)OP(=O)(O)OCC1C(C(C(O1)N2C=NC3=C(N=CN=C32)N)O)OP(=O)(O)O)O,-1.8181564120552274,0.8918386697769165,-1.3647875785827637,1.4826881885528564
3760,O55137_wild,CCCCCCCCCCCC(=O)SCCNC(=O)CCNC(=O)C(C(C)(C)COP(=O)(O)OP(=O)(O)OCC1C(C(C(O1)N2C=NC3=C(N=CN=C32)N)O)OP(=O)(O)O)O,-2.5850266520291822,0.9057201743125916,-1.4208343029022217,1.4918789863586426
3761,O55137_wild,CCCCCCCCCCCCCC(=O)SCCNC(=O)CCNC(=O)C(C(C)(C)COP(=O)(O)OP(=O)(O)OCC1C(C(C(O1)N2C=NC3=C(N=CN=C32)N)O)OP(=O)(O)O)O,-2.4559319556497243,0.8918765187263489,-1.4799087047576904,1.4798882007598877
3762,O55137_wild,CCCCC=CCCCCCCCC(=O)SCCNC(=O)CCNC(=O)C(C(C)(C)COP(=O)(O)OP(=O)(O)OCC1C(C(C(O1)N2C=NC3=C(N=CN=C32)N)O)OP(=O)(O)O)O,-2.8239087409443187,1.0054911375045776,-1.3676156997680664,1.613459825515747
3763,O55137_wild,CCCCCCC=CCCCCCCCC(=O)SCCNC(=O)CCNC(=O)C(C(C)(C)COP(=O)(O)OP(=O)(O)OCC1C(C(C(O1)N2C=NC3=C(N=CN=C32)N)O)OP(=O)(O)O)O,-2.958607314841775,0.9289634227752686,-1.486626386642456,1.596386194229126
3764,O55137_wild,CCCCCCCCCCCCCCCCCC(=O)SCCNC(=O)CCNC(=O)C(C(C)(C)COP(=O)(O)OP(=O)(O)OCC1C(C(C(O1)N2C=NC3=C(N=CN=C32)N)O)OP(=O)(O)O)O,-2.3665315444204134,0.8361629843711853,-1.517707347869873,1.4697020053863525
3765,O55137_wild,CCCCCC=CCC=CCCCCCCCC(=O)SCCNC(=O)CCNC(=O)C(C(C)(C)COP(=O)(O)OP(=O)(O)OCC1C(C(C(O1)N2C=NC3=C(N=CN=C32)N)O)OP(=O)(O)O)O,-2.3467874862246565,0.9218048453330994,-1.6089248657226562,1.591666579246521
3766,O55137_wild,CCCCCCCCCCCCCCCCCCCC(=O)SCCNC(=O)CCNC(=O)C(C(C)(C)COP(=O)(O)OP(=O)(O)OCC1C(C(C(O1)N2C=NC3=C(N=CN=C32)N)O)OP(=O)(O)O)O,-3.3010299956639813,0.8229987621307373,-1.5351696014404297,1.4606374502182007
3767,Q6FEQ3_wild,CC(C)(COP(=O)(O)OP(=O)(O)OCC1C(C(C(O1)N2C=NC3=C(N=CN=C32)N)O)OP(=O)(O)O)C(C(=O)NCCC(=O)NCCSC(=O)CCC(=O)O)O,-0.2041199826559248,0.5296623706817627,-0.8714041113853455,1.0818626880645752
3768,Q6FEQ3_wild,C(CO)C(C(=O)O)N,-0.31515463835558755,0.684516966342926,0.27285611629486084,0.6905285120010376
3769,P45131_L306R,C(CO)C(C(=O)O)N,0.6049816296074316,0.566261351108551,0.1639414280653,0.5368664264678955
3770,P45131_L306R,CC(C)(COP(=O)(O)OP(=O)(O)OCC1C(C(C(O1)N2C=NC3=C(N=CN=C32)N)O)OP(=O)(O)O)C(C(=O)NCCC(=O)NCCSC(=O)CCC(=O)O)O,0.1354506993455138,0.5091471076011658,-0.8473455905914307,1.3049004077911377
3771,P04746_wild,C(C1C(C(C(C(O1)OC2C(OC(C(C2O)O)OC3C(OC(C(C3O)O)O)CO)CO)O)O)O)O,-0.22184874961635637,0.4731066823005676,0.5187851786613464,1.024828314781189
3772,P08659_wild,C1=CN(C(=O)N=C1N)C2C(C(C(O2)COP(=O)(O)OP(=O)(O)OP(=O)(O)O)O)O,-0.2676062401770315,-0.04796382784843445,-0.5771780610084534,0.9005416631698608
3773,Q59439_wild,CC(C(=O)NC(C)C(=O)O)NC(=O)C(CCCCNC(=O)C)NC(=O)C,0.6020599913279624,1.396623134613037,-1.2239429950714111,1.536707878112793
3774,Q9ZBA9_N275R,CC(C(=O)NC(C)C(=O)O)NC(=O)C(CCCCNC(=O)C)NC(=O)C,1.6901960800285136,0.1319340318441391,-1.1209189891815186,1.298823595046997
3775,O74237_K274M,C1C=CN(C=C1C(=O)N)C2C(C(C(O2)COP(=O)(O)OP(=O)(O)OCC3C(C(C(O3)N4C=NC5=C(N=CN=C54)N)O)O)O)O,-0.42021640338318983,0.6905431151390076,-0.8359578251838684,1.9095960855484009
3776,O74237_K274M,C1C(C(C(C(O1)O)O)O)O,2.359835482339888,1.4506407976150513,1.7128269672393799,0.45459020137786865
3777,O74237_K274M,C1C=CN(C=C1C(=O)N)C2C(C(C(O2)COP(=O)(O)OP(=O)(O)OCC3C(C(C(O3)N4C=NC5=C(N=CN=C54)N)OP(=O)(O)O)O)O)O,-1.1249387366083,0.560573160648346,-1.1050119400024414,2.0420217514038086
3778,O74237_K274G,C1C=CN(C=C1C(=O)N)C2C(C(C(O2)COP(=O)(O)OP(=O)(O)OCC3C(C(C(O3)N4C=NC5=C(N=CN=C54)N)O)O)O)O,-0.835647144215563,0.7503556609153748,-0.8441758155822754,1.9652553796768188
3779,O74237_K274G,C1C(C(C(C(O1)O)O)O)O,2.747411807886423,1.4944193363189697,1.698976755142212,0.4980912208557129
3780,O74237_K274G,C1C=CN(C=C1C(=O)N)C2C(C(C(O2)COP(=O)(O)OP(=O)(O)OCC3C(C(C(O3)N4C=NC5=C(N=CN=C54)N)OP(=O)(O)O)O)O)O,-1.494850021680094,0.6261036992073059,-1.1238303184509277,2.086498498916626
3781,O74237_K274R,C1C=CN(C=C1C(=O)N)C2C(C(C(O2)COP(=O)(O)OP(=O)(O)OCC3C(C(C(O3)N4C=NC5=C(N=CN=C54)N)OP(=O)(O)O)O)O)O,-2.3010299956639813,0.5348312854766846,-1.1461458206176758,2.0237598419189453
3782,O74237_K274R,C1C(C(C(C(O1)O)O)O)O,1.7323937598229686,1.4238814115524292,1.6748018264770508,0.4271808862686157
3783,O74237_K274R,C1C=CN(C=C1C(=O)N)C2C(C(C(O2)COP(=O)(O)OP(=O)(O)OCC3C(C(C(O3)N4C=NC5=C(N=CN=C54)N)O)O)O)O,-1.677780705266081,0.6495200395584106,-0.8589608073234558,1.8986501693725586
3784,O74237_S275A,C1C=CN(C=C1C(=O)N)C2C(C(C(O2)COP(=O)(O)OP(=O)(O)OCC3C(C(C(O3)N4C=NC5=C(N=CN=C54)N)O)O)O)O,-1.1249387366083,0.7982069253921509,-0.8633993268013,2.039771318435669
3785,O74237_S275A,C1C(C(C(C(O1)O)O)O)O,2.060697840353612,1.5438995361328125,1.6617932319641113,0.5774365067481995
3786,O74237_S275A,C1C=CN(C=C1C(=O)N)C2C(C(C(O2)COP(=O)(O)OP(=O)(O)OCC3C(C(C(O3)N4C=NC5=C(N=CN=C54)N)OP(=O)(O)O)O)O)O,-2.0457574905606752,0.6792106032371521,-1.1583037376403809,2.159162759780884
3787,O74237_N276D,C1C=CN(C=C1C(=O)N)C2C(C(C(O2)COP(=O)(O)OP(=O)(O)OCC3C(C(C(O3)N4C=NC5=C(N=CN=C54)N)OP(=O)(O)O)O)O)O,-1.7695510786217261,0.672223687171936,-1.1237945556640625,2.1161601543426514
3788,O74237_N276D,C1C(C(C(C(O1)O)O)O)O,1.99563519459755,1.5450490713119507,1.6834475994110107,0.5353537797927856
3789,O74237_N276D,C1C=CN(C=C1C(=O)N)C2C(C(C(O2)COP(=O)(O)OP(=O)(O)OCC3C(C(C(O3)N4C=NC5=C(N=CN=C54)N)O)O)O)O,-1.585026652029182,0.7986347079277039,-0.8324201703071594,1.989417314529419
3790,O74237_R280H,C1C(C(C(C(O1)O)O)O)O,1.9731278535996988,1.517369270324707,1.6952321529388428,0.5266476273536682
3791,O74237_R280H,C1C=CN(C=C1C(=O)N)C2C(C(C(O2)COP(=O)(O)OP(=O)(O)OCC3C(C(C(O3)N4C=NC5=C(N=CN=C54)N)OP(=O)(O)O)O)O)O,-2.3979400086720375,0.634941577911377,-1.1398937702178955,2.115497350692749
3792,O74237_R280H,C1C=CN(C=C1C(=O)N)C2C(C(C(O2)COP(=O)(O)OP(=O)(O)OCC3C(C(C(O3)N4C=NC5=C(N=CN=C54)N)O)O)O)O,-1.8239087409443187,0.762416660785675,-0.8510314226150513,1.9956854581832886
3793,O74237_K274E,C1C(C(C(C(O1)O)O)O)O,2.7323937598229686,1.2687996625900269,1.7217907905578613,0.2753133773803711
3794,P07943_wild,C(C(C=O)O)O,-1.3979400086720375,0.05876484513282776,0.6477372050285339,0.6670801043510437
3795,P07943_wild,CC(=O)C=O,-2.0969100130080562,0.25967270135879517,-0.6181437373161316,0.998237133026123
3796,P15121_wild,C1C(C(C(C(O1)O)O)O)O,0.7024305364455253,0.8401527404785156,0.8929840326309204,0.5923821926116943
3797,P15121_wild,C1(C(C(OC(C1O)O)C(=O)O)O)O,0.2787536009528289,0.31611692905426025,-0.772675633430481,1.009721040725708
3798,P15121_wild,C1=CC(=CC=C1C=O)[N+](=O)[O-],-2.6989700043360187,0.17464545369148254,-1.9153826236724854,1.9311572313308716
3799,P07943_wild,C1C(C(C(C(O1)O)O)O)O,1.4608978427565478,0.7071195244789124,0.9690319895744324,0.49079152941703796
3800,P15121_wild,C(C(C(C(C=O)O)O)O)O,2.0,0.753331184387207,0.7871919870376587,0.6498286128044128
3801,P16116_wild,C(C(C(C(C(C=O)(O)F)O)O)O)O,1.0969100130080565,0.24548855423927307,0.4164579510688782,0.29494133591651917
3802,P16116_wild,C(C=O)C(C(C(CO)O)O)O,-1.1197582241045196,0.2517704963684082,0.6749356389045715,0.12333063781261444
3803,P16116_wild,C(C(C(C(C(C=O)O)(O)F)O)O)O,-3.1307682802690238,0.25963348150253296,0.5327853560447693,0.2256254255771637
3804,P16116_wild,C(C(C(C(C(C=O)O)O)(O)F)O)O,-2.408935392973501,0.18612565100193024,0.47428274154663086,0.3609812259674072
3805,P16116_wild,C(C(C(C(C(C=O)O)O)O)S)O,-1.5016894462103996,0.36677324771881104,0.579754650592804,0.6989610195159912
3806,P16116_wild,C1C=CN(C=C1C(=O)N)C2C(C(C(O2)COP(=O)(O)OP(=O)(O)OCC3C(C(C(O3)N4C=NC5=C(N=CN=C54)N)OP(=O)(O)O)O)O)O,-3.0,-0.06837138533592224,-2.134573221206665,1.9443910121917725
3807,P15121_wild,CC(=O)C=O,-2.0969100130080562,0.4588746428489685,-0.6292601227760315,1.0768473148345947
3808,P15121_wild,C(C(=O)CO)O,0.3979400086720376,0.17038431763648987,0.06900210678577423,0.6687228679656982
3809,P15121_wild,CC(C=O)O,-1.7212463990471711,0.7335447669029236,0.06197896599769592,0.680545449256897
3810,P15121_wild,C(C(=O)COP(=O)(O)O)O,0.3979400086720376,-0.22269318997859955,-1.159571886062622,1.064273476600647
3811,P15121_wild,C(C(C=O)O)OP(=O)(O)O,0.3222192947339193,0.2841361165046692,-1.3650104999542236,1.2537057399749756
3812,P15121_wild,CC(=O)CO,0.17609125905568124,0.3092150092124939,-0.6329486966133118,0.624337911605835
3813,P15121_wild,C1=CC(=CC=C1C(C=O)O)O,-2.5228787452803374,-0.16028638184070587,-1.1200892925262451,1.1792607307434082
3814,P15121_wild,C1=CC(=CC=C1CC=O)O,-2.0,-0.39453643560409546,-1.3111989498138428,1.2673872709274292
3815,P15121_wild,C1=CC=C2C(=C1)C(=CN2)CC=O,-1.7958800173440752,-0.3766722083091736,-1.4291489124298096,1.2385458946228027
3816,P15121_wild,C1=CC=C(C=C1)C(=O)C=O,-2.3979400086720375,0.1726161241531372,-1.2410056591033936,1.4658026695251465
3817,P80276_wild,C1=CC(=CC=C1C=O)[N+](=O)[O-],-1.8860566476931633,0.17936143279075623,-1.783825397491455,1.8053855895996094
3818,P80276_wild,C1=CC=C2C(=C1)C(=CN2)CC=O,-1.4559319556497243,-0.39698517322540283,-1.2678253650665283,1.2157444953918457
3819,P80276_wild,C(C(C=O)O)O,-1.1079053973095196,0.26664865016937256,0.6712670922279358,0.7911027669906616
3820,P80276_wild,C1C=CN(C=C1C(=O)N)C2C(C(C(O2)COP(=O)(O)OP(=O)(O)OCC3C(C(C(O3)N4C=NC5=C(N=CN=C54)N)OP(=O)(O)O)O)O)O,-2.619788758288394,-0.02400556206703186,-2.240612506866455,2.0746660232543945
3821,P80276_wild,C1(C(C(OC(C1O)O)C(=O)O)O)O,0.7634279935629373,0.3904849886894226,-0.6923703551292419,1.0439139604568481
3822,P80276_wild,C1C=CN(C=C1C(=O)N)C2C(C(C(O2)COP(=O)(O)OP(=O)(O)OCC3C(C(C(O3)N4C=NC5=C(N=CN=C54)N)O)O)O)O,0.07918124604762482,0.14305834472179413,-1.770106554031372,1.9365553855895996
3823,P80276_wild,C(CC(=O)[O-])C(=O)[O-],-0.721246399047171,0.3516862988471985,-0.6491917967796326,1.6180739402770996
3824,P80276_wild,C(C1C(C(C(C(O1)O)O)O)O)O,1.7075701760979363,0.6156930923461914,0.7128923535346985,0.5633313059806824
3825,P80276_wild,C1C(C(C(C(O1)O)O)O)O,0.9242792860618817,0.877429187297821,0.9737115502357483,0.5855107307434082
3826,P15121_wild,C=O,1.3096301674258988,1.481427788734436,0.08862107992172241,0.5098658800125122
3827,P15121_wild,CC=O,1.8260748027008264,0.9107242822647095,0.2305830419063568,0.9137722253799438
3828,P15121_wild,C(C=O)O,-0.9507819773298184,0.6383683681488037,0.6045764684677124,0.760106086730957
3829,P15121_wild,C(=O)C=O,-0.28903688100472424,0.7699160575866699,-0.018877923488616943,1.272018313407898
3830,P15121_wild,C(=O)C(=O)[O-],0.02530586526477026,0.5283795595169067,-1.009537696838379,1.3757164478302002
3831,P15121_wild,CCC=O,0.23044892137827394,0.5718528628349304,-0.3271007239818573,0.7631514072418213
3832,P15121_wild,CCCCCC(C=CC=O)O,-1.6575773191777938,-0.35483014583587646,-1.235276699066162,1.2608819007873535
3833,P15121_wild,CC1=CC=C(C=C1)C(=O)C=O,-2.6989700043360187,0.05844971165060997,-1.641977310180664,1.9244186878204346
3834,P15121_wild,CC1=CC(=C(C(=C1)C)C(=O)C=O)C,-2.6989700043360187,-0.029269881546497345,-1.7945117950439453,1.729120135307312
3835,P15121_wild,C1=CC(=CC=C1C(=O)C=O)Cl,-3.0,-0.2708033323287964,-1.798323392868042,1.5935689210891724
3836,P15121_wild,C1=CC(=CC=C1C(=O)C=O)Br,-2.6989700043360187,0.3598254323005676,-1.5802886486053467,1.6726378202438354
3837,P15121_wild,COC1=CC=C(C=C1)C(=O)C=O,-2.6989700043360187,0.206656813621521,-1.602698564529419,1.5834205150604248
3838,P15121_wild,COC1=CC=CC(=C1)C(=O)C=O,-2.6989700043360187,0.528315007686615,-1.6761162281036377,1.6406974792480469
3839,P15121_wild,C1=CC=C(C=C1)C=O,-2.154901959985743,0.14719387888908386,-1.143218994140625,1.4410786628723145
3840,P15121_wild,C1=CC(=CC=C1C=O)Cl,-2.154901959985743,-0.42293572425842285,-1.5163116455078125,1.5696825981140137
3841,P15121_wild,C1=CC=C(C(=C1)C=O)Cl,-1.853871964321762,-0.24811063706874847,-1.3772337436676025,1.4894700050354004
3842,P15121_wild,C1=CC=C2C(=C1)C=CC=C2C=O,-2.0969100130080562,0.06557326018810272,-2.016403913497925,1.7750967741012573
3843,P15121_wild,C1=CC=C2C=C(C=CC2=C1)C=O,-2.6989700043360187,0.04533536732196808,-2.375678062438965,1.8414921760559082
3844,P15121_wild,C1=CC=C(C=C1)CC=O,-2.0969100130080562,-0.13252763450145721,-1.069260835647583,1.3170825242996216
3845,O74237_wild,C1=CC=C(C=C1)C=O,1.1760912590556813,0.7330707907676697,0.19166681170463562,1.2619351148605347
3846,O74237_wild,CC1=CC=C(C=C1)C=O,0.9138138523837167,0.3778952956199646,-0.7840819954872131,1.7185555696487427
3847,O74237_wild,C1=CC(=CC=C1C=O)F,0.9590413923210936,-0.2920944094657898,-0.377469003200531,1.2091752290725708
3848,O74237_wild,C1=CC(=CC=C1C=O)Cl,0.25527250510330607,0.15335559844970703,-0.42103925347328186,1.3226869106292725
3849,O74237_wild,C1=CC(=CC=C1C=O)Br,0.17609125905568124,0.3736245632171631,-0.3707748055458069,1.2644468545913696
3850,O74237_wild,C1=CC(=CC=C1C=O)C#N,0.23044892137827394,0.04502788186073303,-0.5326911211013794,1.5362457036972046
3851,O74237_wild,C1=CC(=CC=C1C=O)[N+](=O)[O-],-0.42021640338318983,0.6441900134086609,-0.698691189289093,1.7463300228118896
3852,O74237_wild,CC1=CC(=CC=C1)C=O,1.1583624920952498,0.3371158242225647,-0.2392619550228119,1.606393814086914
3853,O74237_wild,C1=CC(=CC(=C1)F)C=O,0.6720978579357175,0.6294766068458557,0.25400903820991516,1.153647541999817
3854,O74237_wild,C1=CC(=CC(=C1)Cl)C=O,0.5440680443502757,0.5198132991790771,-0.25258439779281616,1.166338324546814
3855,O74237_wild,C1=CC(=CC(=C1)Br)C=O,0.7075701760979364,0.2294754534959793,-0.15159910917282104,1.1112310886383057
3856,O74237_wild,C1=CC(=CC(=C1)C#N)C=O,0.25527250510330607,0.38109225034713745,-0.28755509853363037,1.2487564086914062
3857,O74237_wild,C1=CC(=CC(=C1)[N+](=O)[O-])C=O,0.07918124604762482,0.7121160626411438,-0.23321473598480225,1.3784093856811523
3858,P16116_wild,C1=CC(=CC=C1C=O)[N+](=O)[O-],-1.5228787452803376,0.08089743554592133,-1.614689588546753,1.7020690441131592
3859,P16116_wild,C(C(C=O)O)O,-0.9100948885606021,0.1764618456363678,0.6974280476570129,0.6535607576370239
3860,P16116_wild,C1(C(C(OC(C1O)O)C(=O)O)O)O,0.6334684555795865,0.32658928632736206,-0.639420747756958,0.9131753444671631
3861,P16116_wild,COC(C(C=O)O)C(C(CO)O)O,2.1760912590556813,0.19228439033031464,0.4176689684391022,0.4894704818725586
3862,P16116_wild,C1C(C(C(C(O1)(CO)O)O)O)O,1.3617278360175928,0.582200825214386,0.7473047971725464,0.2224871814250946
3863,P16116_wild,C(C(C=O)O)OP(=O)(O)O,-0.6989700043360187,0.18415667116641998,-1.132401943206787,1.082258939743042
3864,P16116_wild,C(C=O)C=O,-0.6020599913279624,0.25263386964797974,0.1215752363204956,0.9251455664634705
3865,P16116_wild,C1C=CN(C=C1C(=O)N)C2C(C(C(O2)COP(=O)(O)OP(=O)(O)OCC3C(C(C(O3)N4C=NC5=C(N=CN=C54)N)O)O)O)O,0.21484384804769785,0.0794626772403717,-1.6802597045898438,1.822765588760376
3866,P15122_wild,C(C(C=O)O)O,-0.9208187539523751,0.06114979088306427,0.6568893194198608,0.7330570816993713
3867,P15122_wild,C(C(C(C=O)O)O)O,-0.6382721639824072,0.38433992862701416,0.6561275720596313,0.7872635126113892
3868,P15122_wild,C1C(C(C(C(O1)O)O)O)O,1.1760912590556813,0.7765164971351624,0.9777496457099915,0.5456968545913696
3869,P15122_wild,C(C1C(C(C(C(O1)O)O)O)O)O,1.7481880270062005,0.516951858997345,0.7074103951454163,0.526884913444519
3870,P15122_wild,C1(C(C(OC(C1O)O)C(=O)O)O)O,1.568201724066995,0.24770309031009674,-0.7076255679130554,0.9619401693344116
3871,P15122_wild,C(=O)C(C1C(C(C(=O)O1)O)O)O,0.7781512503836436,0.6148847937583923,-0.6028138995170593,1.338879942893982
3872,P15122_wild,C1C=CN(C=C1C(=O)N)C2C(C(C(O2)COP(=O)(O)OP(=O)(O)OCC3C(C(C(O3)N4C=NC5=C(N=CN=C54)N)OP(=O)(O)O)O)O)O,-2.2218487496163566,-0.13084878027439117,-2.242023229598999,2.0341598987579346
3873,P15121_wild,CC1=C(C(CCC1)(C)C)C=CC(=CC=CC(=CC=O)C)C,-2.958607314841775,-0.8838613629341125,-2.3270504474639893,1.5736676454544067
3874,P15121_wild,C1=CC(=CC(=C1)[N+](=O)[O-])C=O,-1.853871964321762,0.0839022845029831,-1.5367100238800049,1.5450184345245361
3875,P15121_wild,C1=CC(=CC=C1C=O)C(=O)O,-1.9208187539523751,0.19244949519634247,-1.5805602073669434,1.709925889968872
3876,P15121_wild,C1=CC(=CN=C1)C=O,-2.6989700043360187,-0.17738468945026398,-1.0865724086761475,1.3827130794525146
3877,P15121_wild,CC(=O)C(=O)C,-0.9208187539523751,-0.08198277652263641,-0.7805059552192688,1.077808141708374
3878,P15121_wild,C1=CC=C2C(=C1)C3=CC=CC=C3C(=O)C2=O,-2.0604807473813813,-0.037308067083358765,-2.9093689918518066,2.2738499641418457
3879,P00862_S82C,C1=C(NC=N1)CC(C(=O)O)N,-0.3010299956639812,1.0787138938903809,-1.8077163696289062,1.4279118776321411
3880,P00862_S82T,C1=C(NC=N1)CC(C(=O)O)N,-1.0,1.0365842580795288,-1.7484102249145508,1.3322577476501465
3881,Q0TU55_wild,C1=C(NC=N1)CC(C(=O)O)N,-0.6989700043360187,1.1042426824569702,-1.096160650253296,1.5577332973480225
3882,Q0TU55_S97T,C1=C(NC=N1)CC(C(=O)O)N,-0.045757490560675115,1.1846829652786255,-1.098069667816162,1.6880768537521362
3883,P04193_wild,C1=C(NC=N1)CC(C(=O)O)N,-0.22184874961635637,1.469299077987671,-0.37118130922317505,1.03456711769104
3884,P53965_N183A,C1(C(C(C(C(C1OP(=O)(O)O)OP(=O)(O)O)OP(=O)(O)OP(=O)(O)O)OP(=O)(O)O)OP(=O)(O)O)OP(=O)(O)O,-1.9913998282380825,0.8530492782592773,-1.9126009941101074,1.3420662879943848
3885,P53965_K184A,C1(C(C(C(C(C1OP(=O)(O)O)OP(=O)(O)O)OP(=O)(O)OP(=O)(O)O)OP(=O)(O)O)OP(=O)(O)O)OP(=O)(O)O,-1.3269790928711038,0.8726333379745483,-1.904174566268921,1.349057674407959
3886,P53965_E185A,C1(C(C(C(C(C1OP(=O)(O)O)OP(=O)(O)O)OP(=O)(O)OP(=O)(O)O)OP(=O)(O)O)OP(=O)(O)O)OP(=O)(O)O,-1.9136401693252518,0.8554475903511047,-1.9466445446014404,1.3550554513931274
3887,P53965_N215A,C1(C(C(C(C(C1OP(=O)(O)O)OP(=O)(O)O)OP(=O)(O)OP(=O)(O)O)OP(=O)(O)O)OP(=O)(O)O)OP(=O)(O)O,-2.154901959985743,0.8349668383598328,-1.8940224647521973,1.3429815769195557
3888,P53965_R216A,C1(C(C(C(C(C1OP(=O)(O)O)OP(=O)(O)O)OP(=O)(O)OP(=O)(O)O)OP(=O)(O)O)OP(=O)(O)O)OP(=O)(O)O,-1.8386319977650252,0.7865073084831238,-1.8304600715637207,1.3119354248046875
3889,P53965_K218A,C1(C(C(C(C(C1OP(=O)(O)O)OP(=O)(O)O)OP(=O)(O)OP(=O)(O)O)OP(=O)(O)O)OP(=O)(O)O)OP(=O)(O)O,-1.543633966870957,0.8559613823890686,-1.8381640911102295,1.3638347387313843
3890,P53965_H219A,C1(C(C(C(C(C1OP(=O)(O)O)OP(=O)(O)O)OP(=O)(O)OP(=O)(O)O)OP(=O)(O)O)OP(=O)(O)O)OP(=O)(O)O,-1.7695510786217261,0.7821252942085266,-1.925943374633789,1.319173812866211
3891,P53965_K250A,C1(C(C(C(C(C1OP(=O)(O)O)OP(=O)(O)O)OP(=O)(O)OP(=O)(O)O)OP(=O)(O)O)OP(=O)(O)O)OP(=O)(O)O,-1.486782399932061,0.9002113938331604,-1.9078407287597656,1.3549795150756836
3892,P53965_R252A,C1(C(C(C(C(C1OP(=O)(O)O)OP(=O)(O)O)OP(=O)(O)OP(=O)(O)O)OP(=O)(O)O)OP(=O)(O)O)OP(=O)(O)O,-1.3178549236261683,0.872481644153595,-1.896716594696045,1.3564850091934204
3893,P53965_wild,C1(C(C(C(C(C1OP(=O)(O)O)OP(=O)(O)O)OP(=O)(O)OP(=O)(O)O)OP(=O)(O)O)OP(=O)(O)O)OP(=O)(O)O,-1.9829666607012197,0.8630287051200867,-1.9171650409698486,1.3461310863494873
3894,P53965_wild,C1(C(C(C(C(C1OP(=O)([O-])[O-])OP(=O)([O-])[O-])OP(=O)([O-])OP(=O)([O-])[O-])OP(=O)([O-])[O-])OP(=O)([O-])[O-])O,-1.2456516642889812,1.4037480354309082,-1.9049665927886963,1.6098484992980957
3895,Q81EK9_wild,CC(=O)NC1C(C(C(OC1O)CO)OC2C(C(C(C(O2)CO)O)O)NC(=O)C)O,0.6127838567197356,1.5482659339904785,-0.6512849926948547,1.4071073532104492
3896,Q81EK9_wild,CC(=O)NC1C(C(C(OC1OC2C(OC(C(C2O)NC(=O)C)OC(C(CO)O)C(C(C=O)NC(=O)C)O)CO)CO)O)O,0.39093510710337914,1.9019416570663452,-0.9745331406593323,1.51349937915802
3897,Q81EK9_wild,CC(=O)NC1C(C(C(OC1OC2C(OC(C(C2O)NC(=O)C)OC3C(OC(C(C3O)NC(=O)C)OC4C(OC(C(C4O)NC(=O)C)OC(C(CO)O)C(C(C=O)NC(=O)C)O)CO)CO)CO)CO)O)O,-0.431798275933005,2.051852226257324,-1.0093719959259033,1.3933616876602173
3898,Q81EK9_wild,CC(=O)NC1C(C(C(OC1OC2C(OC(C(C2O)NC(=O)C)OC3C(OC(C(C3O)NC(=O)C)OC4C(OC(C(C4O)NC(=O)C)OC5C(OC(C(C5O)NC(=O)C)OC(C(CO)O)C(C(C=O)NC(=O)C)O)CO)CO)CO)CO)CO)O)O,-0.5228787452803376,2.0680389404296875,-0.9681807160377502,1.3707671165466309
3899,Q43117_wild,C=C(C(=O)O)OP(=O)(O)O,-1.4202164033831899,0.8823726773262024,-0.3014756441116333,1.2054556608200073
3900,Q43117_wild,C1=NC(=C2C(=N1)N(C=N2)C3C(C(C(O3)COP(=O)(O)OP(=O)(O)O)O)O)N,-2.537602002101044,0.7337878346443176,-0.6902591586112976,1.2626838684082031
3901,Q14032_wild,CC(CCC(=O)SCCNC(=O)CCNC(=O)C(C(C)(C)COP(=O)(O)OP(=O)(O)OCC1C(C(C(O1)N2C=NC3=C(N=CN=C32)N)O)OP(=O)(O)O)O)C4CCC5C4(C(CC6C5C(CC7C6(CCC(C7)O)C)O)O)C,-1.3010299956639813,0.24005091190338135,-0.9688680768013,0.8982254266738892
3902,Q14032_C235S,CC(CCC(=O)SCCNC(=O)CCNC(=O)C(C(C)(C)COP(=O)(O)OP(=O)(O)OCC1C(C(C(O1)N2C=NC3=C(N=CN=C32)N)O)OP(=O)(O)O)O)C4CCC5C4(C(CC6C5C(CC7C6(CCC(C7)O)C)O)O)C,-1.5612994670992637,0.28810662031173706,-1.0078988075256348,0.9439003467559814
3903,Q63276_wild,CC(CCC(=O)SCCNC(=O)CCNC(=O)C(C(C)(C)COP(=O)(O)OP(=O)(O)OCC1C(C(C(O1)N2C=NC3=C(N=CN=C32)N)O)OP(=O)(O)O)O)C4CCC5C4(C(CC6C5C(CC7C6(CCC(C7)O)C)O)O)C,-2.0,0.7450549006462097,-1.1387372016906738,1.3310186862945557
3904,Q63276_wild,CC(CCC(=O)SCCNC(=O)CCNC(=O)C(C(C)(C)COP(=O)(O)OP(=O)(O)OCC1C(C(C(O1)N2C=NC3=C(N=CN=C32)N)O)OP(=O)(O)O)O)C4CCC5C4(CCC6C5C(CC7C6(CCC(C7)O)C)O)C,-1.8860566476931633,0.6851910948753357,-1.1483113765716553,1.3330068588256836
3905,Q63276_wild,CC(CCC(=O)SCCNC(=O)CCNC(=O)C(C(C)(C)COP(=O)(O)OP(=O)(O)OCC1C(C(C(O1)N2C=NC3=C(N=CN=C32)N)O)OP(=O)(O)O)O)C4CCC5C4(C(CC6C5CCC7C6(CCC(C7)O)C)O)C,-1.8860566476931633,0.7729116082191467,-1.1691558361053467,1.3324965238571167
3906,Q63276_wild,CC(CCC(=O)SCCNC(=O)CCNC(=O)C(C(C)(C)COP(=O)(O)OP(=O)(O)OCC1C(C(C(O1)N2C=NC3=C(N=CN=C32)N)O)OP(=O)(O)O)O)C4CCC5C4(CCC6C5CCC7C6(CCC(C7)O)C)C,-1.958607314841775,0.7712917923927307,-1.1824233531951904,1.362534761428833
3907,Q63276_wild,C(CS(=O)(=O)O)N,-0.09691001300805639,0.8223862051963806,0.35151103138923645,0.8212734460830688
3908,Q63276_wild,C(C(=O)O)N,0.6434526764861874,0.8957740664482117,0.6874250769615173,0.499828964471817
3909,Q63276_wild,C(CN)C(=O)O,2.2430380486862944,0.8686493039131165,0.38716286420822144,0.5743304491043091
3910,Q63276_wild,C(N)S(=O)(=O)[O-],-0.09691001300805639,1.0894426107406616,0.8022672533988953,1.6609512567520142
3911,Q91X34_wild,C(CS(=O)(=O)O)N,0.2787536009528289,0.7587119936943054,0.3341183364391327,0.8258506059646606
3912,Q14032_wild,CCCCCC=CCC=CCC=CCC=CCCCC(=O)SCCNC(=O)CCNC(=O)C(C(C)(C)COP(=O)(O)OP(=O)(O)OCC1C(C(C(O1)N2C=NC3=C(N=CN=C32)N)O)OP(=O)(O)O)O,-1.7144426909922261,0.4041874408721924,-1.3071203231811523,1.230135440826416
3913,Q8CGR7_wild,C1=CN(C(=O)NC1=O)C2C(C(C(O2)CO)O)O,-1.1804560644581312,0.8751423954963684,-1.2428765296936035,1.5636299848556519
3914,O95045_wild,CC1C(C(C(O1)N2C=C(C(=O)NC2=O)F)O)O,-0.08092190762392612,0.6841289401054382,-1.3426477909088135,1.4239518642425537
3915,Q16831_wild,CC1=CN(C(=O)NC1=O)C2CC(C(O2)CO)O,-1.0268721464003014,0.7446498274803162,-1.3339028358459473,1.8357369899749756
3916,Q16831_wild,C1C(C(OC1N2C=CC(=O)NC2=O)CO)O,-0.08196966321511988,0.9175152778625488,-1.32615327835083,1.782633662223816
3917,Q16831_wild,C1=C(C(=O)NC(=O)N1C2C(C(C(O2)CO)O)O)F,-0.8096683018297085,0.8699449300765991,-0.9192447662353516,1.693306565284729
3918,Q16831_wild,C1C(C(OC1N2C=C(C(=O)NC2=O)F)CO)O,-0.3882766919926582,0.5775001645088196,-1.4926187992095947,1.530203104019165
3919,Q16831_wild,CC1C(C(C(O1)N2C=C(C(=O)NC2=O)F)O)O,-0.027334407733889104,0.7360692620277405,-1.4028778076171875,1.660561203956604
3920,Q8CGR7_wild,CC1=CN(C(=O)NC1=O)C2CC(C(O2)CO)O,-0.978810700930062,0.5573810338973999,-1.3322157859802246,1.5585174560546875
3921,Q8CGR7_wild,C1C(C(OC1N2C=CC(=O)NC2=O)CO)O,0.18041263283832387,0.8061257004737854,-1.3593835830688477,1.5207016468048096
3922,Q8CGR7_wild,C1=C(C(=O)NC(=O)N1C2C(C(C(O2)CO)O)O)F,-0.6861327796308466,0.7945353388786316,-0.8532547354698181,1.4796172380447388
3923,Q8CGR7_wild,C1C(C(OC1N2C=C(C(=O)NC2=O)F)CO)O,-0.29328221766324125,0.48479175567626953,-1.4653043746948242,1.3114763498306274
3924,Q8CGR7_wild,CC1C(C(C(O1)N2C=C(C(=O)NC2=O)F)O)O,0.2427898094786765,0.618598222732544,-1.315786361694336,1.4107164144515991
3925,Q02834_E260C,CC1=CC(=O)OC2=C1C=CC(=C2)OC3(CC(C(C(O3)C(C(CO)O)O)NC(=O)C)O)C(=O)O,-2.638272163982407,-0.04413554072380066,-0.06335359066724777,0.254656583070755
3926,Q02834_E260D,CC1=CC(=O)OC2=C1C=CC(=C2)OC3(CC(C(C(O3)C(C(CO)O)O)NC(=O)C)O)C(=O)O,-2.154901959985743,0.024788808077573776,-0.08876504749059677,0.3447848856449127
3927,Q99519_wild,CC1=CC(=O)OC2=C1C=CC(=C2)OC3(CC(C(C(O3)C(C(CO)O)O)NC(=O)C)O)C(=O)O,-0.9100948885606021,0.8342140316963196,-0.7140448689460754,0.8198452591896057
3928,F1SWG6_wild,CC1=CC(=O)OC2=C1C=CC(=C2)OC3(CC(C(C(O3)C(C(CO)O)O)NC(=O)C)O)C(=O)O,0.11025291735340301,0.02322438359260559,-0.6342454552650452,1.4022079706192017
3929,Q5W7Q2_wild,CC1=CC(=O)OC2=C1C=CC(=C2)OC3(CC(C(C(O3)C(C(CO)O)O)NC(=O)C)O)C(=O)O,-0.22184874961635637,0.5812474489212036,-0.18304382264614105,1.0171804428100586
3930,Q5W7Q2_wild,CC1CCC2C1CC3(C4CC2(C3(C(=C4)C(C)C)C(=O)O)C=O)COC5CC6C(C(O5)C)OC(O6)(C)C,-1.0969100130080565,0.6701319813728333,-0.7529338598251343,1.8934946060180664
3931,Q9NP58_wild,C(CC(=O)NC(CS)C(=O)NCC(=O)O)C(C(=O)O)N,-1.2924298239020637,-0.07649673521518707,-0.6809508204460144,0.9519907236099243
3932,Q9NP58_wild,CC1=C(C2=CC3=NC(=CC4=C(C(=C([N-]4)C=C5C(=C(C(=N5)C=C1[N-]2)C)C=C)C)C=C)C(=C3CCC(=O)O)C)CCC(=O)O.O.[Fe+2],-3.2218487496163566,-1.0246294736862183,-2.016702651977539,0.6477601528167725
3933,Q9NP58_wild,CC1=C(C2=CC3=NC(=CC4=C(C(=C([N-]4)C=C5C(=C(C(=N5)C=C1[N-]2)C)CCC(=O)O)C)CCC(=O)O)C(=C3CCC(=O)O)C)CCC(=O)O.[Fe+2],-3.8297382846050425,-1.0384292602539062,-2.1053850650787354,0.3912338614463806
3934,Q9NP58_wild,C1=NC(=C2C(=N1)N(C=N2)C3C(C(C(O3)COP(=O)(O)OP(=O)(O)OP(=O)(O)O)O)O)N,-1.393618634889395,-0.689686119556427,-0.82132488489151,0.9091495275497437
3935,Q38944_wild,CC(=O)C1CCC2C1(CCC3C2CCC4=CC(=O)CCC34C)C,-3.3979400086720375,-0.6141027212142944,-2.5618412494659424,2.100605010986328
3936,Q5K2N1_wild,CC(C)C(C)CCC(C)C1CCC2C1(CCC3C2CCC4=CC(=O)CCC34C)C,-4.2839966563652006,-0.24419860541820526,-1.9022166728973389,2.1514720916748047
3937,Q38944_E204K,CC(C)C(C)CCC(C)C1CCC2C1(CCC3C2CCC4=CC(=O)CCC34C)C,-3.6989700043360187,-0.8637506365776062,-1.874577283859253,1.727825403213501
3938,Q38944_E204K,CC(=O)C1CCC2C1(CCC3C2CCC4=CC(=O)CCC34C)C,-4.1938200260161125,-1.0354888439178467,-2.3955466747283936,1.6348551511764526
3939,P13191_wild,C(CC(=O)O)C(C(=O)O)N,1.505149978319906,1.3194624185562134,0.5926596522331238,1.404491662979126
3940,P13191_wild,CC(=O)C(=O)[O-],-0.3979400086720376,1.0100104808807373,0.29868263006210327,1.72882878780365
3941,P13191_wild,CC(C(=O)O)N,0.2787536009528289,1.3326784372329712,1.379335880279541,0.9986485242843628
3942,P13191_wild,C(CC(=O)O)C(=O)C(=O)O,-0.3767507096020995,1.025119662284851,0.02068805694580078,1.8577157258987427
3943,P0A959_wild,CC(C(=O)O)N,0.6901960800285136,0.8708817362785339,1.0527489185333252,0.41283097863197327
3944,P0A959_wild,CC(=O)C(=O)[O-],-0.2596373105057561,0.34577471017837524,0.0023431405425071716,0.8037967681884766
3945,P33162_wild,CC(C(=O)O)N,1.1072099696478683,2.05871319770813,-0.7127786874771118,1.2809427976608276
3946,Q8WTS6_H293A,C[S+](CCC(C(=O)[O-])N)CC1C(C(C(O1)N2C=NC3=C(N=CN=C32)N)O)O,-1.8068754016455384,-1.6277252435684204,-1.8755815029144287,0.3051620125770569
3947,Q8WTS6_wild,C[S+](CCC(C(=O)[O-])N)CC1C(C(C(O1)N2C=NC3=C(N=CN=C32)N)O)O,-2.2218487496163566,-1.5719431638717651,-1.8828628063201904,0.30776742100715637
3948,P16118_wild,C1=NC(=C2C(=N1)N(C=N2)C3C(C(C(O3)COP(=O)(O)OP(=O)(O)OP(=O)(O)O)O)O)N,-0.5086383061657274,-1.1089882850646973,-1.6687228679656982,0.44777533411979675
3949,Q91348_wild,C1=NC(=C2C(=N1)N(C=N2)C3C(C(C(O3)COP(=O)(O)OP(=O)(O)OP(=O)(O)O)O)O)N,-0.958607314841775,-1.2564871311187744,-1.5275397300720215,0.2764386832714081
3950,P25114_wild,C(C1C(C(C(O1)(CO)O)O)O)OP(=O)(O)O,-1.3979400086720375,-1.1710221767425537,-1.438828706741333,-0.04169502854347229
3951,P25114_wild,C1=NC(=C2C(=N1)N(C=N2)C3C(C(C(O3)COP(=O)(O)OP(=O)(O)OP(=O)(O)O)O)O)N,-1.0,-1.251167893409729,-1.5677344799041748,0.4335191547870636
3952,P25114_R79H,C(C1C(C(C(O1)(CO)O)O)O)OP(=O)(O)O,-0.7695510786217261,-1.3041244745254517,-1.412811517715454,-0.16845276951789856
3953,P25114_R79H,C1=NC(=C2C(=N1)N(C=N2)C3C(C(C(O3)COP(=O)(O)OP(=O)(O)OP(=O)(O)O)O)O)N,-1.275724130399211,-1.393520474433899,-1.5494294166564941,0.310762494802475
3954,P25114_R79L,C(C1C(C(C(O1)(CO)O)O)O)OP(=O)(O)O,-0.09691001300805639,-1.2429839372634888,-1.4267466068267822,-0.11581173539161682
3955,P25114_R79L,C1=NC(=C2C(=N1)N(C=N2)C3C(C(C(O3)COP(=O)(O)OP(=O)(O)OP(=O)(O)O)O)O)N,-0.2006594505464183,-1.3292500972747803,-1.558690071105957,0.356536328792572
3956,P25114_R193H,C(C1C(C(C(O1)(CO)O)O)O)OP(=O)(O)O,1.3010299956639813,-1.1753910779953003,-1.4385101795196533,-0.05110335350036621
3957,P25114_R193H,C1=NC(=C2C(=N1)N(C=N2)C3C(C(C(O3)COP(=O)(O)OP(=O)(O)OP(=O)(O)O)O)O)N,0.8325089127062363,-1.2532771825790405,-1.56990647315979,0.42124488949775696
3958,P25114_R193L,C(C1C(C(C(O1)(CO)O)O)O)OP(=O)(O)O,1.3979400086720377,-1.1793898344039917,-1.4547498226165771,-0.06191948056221008
3959,P25114_R193L,C1=NC(=C2C(=N1)N(C=N2)C3C(C(C(O3)COP(=O)(O)OP(=O)(O)OP(=O)(O)O)O)O)N,-0.36653154442041347,-1.2429903745651245,-1.5881359577178955,0.40214094519615173
3960,Q12640_wild,C1C=CN(C=C1C(=O)N)C2C(C(C(O2)COP(=O)(O)OP(=O)(O)OCC3C(C(C(O3)N4C=NC5=C(N=CN=C54)N)OP(=O)(O)O)O)O)O,-1.3665315444204134,0.4891599416732788,-1.3106412887573242,2.043243646621704
3961,Q12640_H17A,C1C=CN(C=C1C(=O)N)C2C(C(C(O2)COP(=O)(O)OP(=O)(O)OCC3C(C(C(O3)N4C=NC5=C(N=CN=C54)N)OP(=O)(O)O)O)O)O,-0.958607314841775,0.32806307077407837,-1.2682781219482422,1.9237449169158936
3962,Q12640_H106A,C1C=CN(C=C1C(=O)N)C2C(C(C(O2)COP(=O)(O)OP(=O)(O)OCC3C(C(C(O3)N4C=NC5=C(N=CN=C54)N)OP(=O)(O)O)O)O)O,-0.5528419686577808,0.29729562997817993,-1.2683022022247314,1.908010482788086
3963,Q56319_wild,C1=CC=C(C(=C1)C(=O)O)NCC(=O)C(C(COP(=O)(O)O)O)O,-5.221848749616356,0.437894344329834,-2.6102473735809326,2.075672149658203
3964,Q56319_D184A,C1=CC=C(C(=C1)C(=O)O)NCC(=O)C(C(COP(=O)(O)O)O)O,-4.130768280269024,0.4536505937576294,-2.6361100673675537,2.089200496673584
3965,Q56319_R241A,C1=CC=C(C(=C1)C(=O)O)NCC(=O)C(C(COP(=O)(O)O)O)O,-3.9318141382538383,0.47334396839141846,-2.577387571334839,2.073206901550293
3966,Q81HB0_wild,C1CC(=NC1)C(=O)O,-0.3279021420642826,1.0306267738342285,-0.1783127784729004,0.9060958027839661
3967,Q73CR9_wild,C1CC(=NC1)C(=O)O,0.04139268515822508,0.9559458494186401,-0.12394583225250244,0.8243746757507324
3968,Q6HMS8_wild,C1CC(=NC1)C(=O)O,0.5314789170422551,1.1225152015686035,-0.14781668782234192,0.9919087886810303
3969,Q63FA5_wild,C1CC(=NC1)C(=O)O,0.6901960800285136,0.9649672508239746,-0.06551684439182281,0.7775601744651794
3970,Q59385_wild,[Cu+2],-2.8239087409443187,0.16515353322029114,-1.043616771697998,2.1578426361083984
3971,Q59385_C14A/C17A/C110A/C113A,[Cu+2],-3.3467874862246565,0.0074236392974853516,-0.9500265121459961,2.0542867183685303
3972,Q59385_wild,C1=NC(=C2C(=N1)N(C=N2)C3C(C(C(O3)COP(=O)(O)OP(=O)(O)OP(=O)(O)O)O)O)N,-0.28399665636520094,0.9077193140983582,-0.5656177401542664,1.5253920555114746
3973,P78581_wild,COC(=O)C1=CC(=C(C(=C1)O)O)O,0.46834733041215726,2.223397731781006,-0.16566738486289978,1.5412448644638062
3974,Q8N1Q1_wild,C(=O)=O,1.1398790864012365,4.941035747528076,1.1009418964385986,3.280902147293091
3975,Q9C826_wild,CC(=CC=O)C=CC12C(CC(CC1(O2)C)O)(C)C,-1.6946486305533763,-0.8932375907897949,-1.621647834777832,0.4557020366191864
3976,P36419_wild,C(C(C(=O)O)N)C(=O)O,-1.5228787452803376,0.33919447660446167,-0.9272404313087463,1.097148060798645
3977,P36419_wild,C1=NC(=C2C(=N1)N(C=N2)C3C(C(C(O3)COP(=O)(O)OP(=O)(O)OP(=O)(O)O)O)O)N,-0.5528419686577808,0.3633960485458374,-1.256744623184204,1.2622344493865967
3978,A0A291P0C1_wild,CS,-3.6020599913279625,1.754891276359558,-2.315866231918335,1.9831924438476562
3979,O80562_wild,C(#N)[S-],0.25527250510330607,-0.17066609859466553,0.23744621872901917,3.7422077655792236
3980,Q6AWU6_wild,C(#N)[S-],0.4913616938342727,0.383681058883667,0.15534192323684692,3.8035411834716797
3981,Q0WP12_wild,[Cl-],2.4471580313422194,-0.832167387008667,1.5370845794677734,3.3349080085754395
3982,O80562_wild,[Cl-],1.5563025007672873,-0.9052348732948303,1.509744644165039,3.446805953979492
3983,Q0WP12_wild,[SH-],-0.5850266520291821,-0.48148655891418457,0.9336897730827332,3.9934496879577637
3984,O80562_wild,[SH-],0.04139268515822508,-0.4844372868537903,0.8979701399803162,4.080410003662109
3985,Q6AWU6_wild,[SH-],0.11394335230683679,0.15217623114585876,0.7935875058174133,4.212095737457275
3986,Q0WP12_wild,C[S+](CCC(C(=O)[O-])N)CC1C(C(C(O1)N2C=NC3=C(N=CN=C32)N)O)O,-1.0362121726544449,-0.682729959487915,-0.9179294109344482,2.923724412918091
3987,O80562_wild,C[S+](CCC(C(=O)[O-])N)CC1C(C(C(O1)N2C=NC3=C(N=CN=C32)N)O)O,-1.3098039199714864,-0.7322103381156921,-0.9574366807937622,3.07810640335083
3988,Q6AWU6_wild,C[S+](CCC(C(=O)[O-])N)CC1C(C(C(O1)N2C=NC3=C(N=CN=C32)N)O)O,-1.3979400086720375,-0.28928816318511963,-1.0380125045776367,3.0575995445251465
3989,Q63448_wild,CCCCCCCC(=O)SCCNC(=O)CCNC(=O)C(C(C)(C)COP(=O)(O)OP(=O)(O)OCC1C(C(C(O1)N2C=NC3=C(N=CN=C32)N)O)OP(=O)(O)O)O,-1.2306226739238615,0.8788600564002991,-1.9169716835021973,1.9716074466705322
3990,Q63448_wild,CCCCCCCCCC(=O)SCCNC(=O)CCNC(=O)C(C(C)(C)COP(=O)(O)OP(=O)(O)OCC1C(C(C(O1)N2C=NC3=C(N=CN=C32)N)O)OP(=O)(O)O)O,-1.6989700043360187,0.8541297316551208,-1.9739739894866943,1.972294807434082
3991,Q63448_wild,CCCCCCCCCCCC(=O)SCCNC(=O)CCNC(=O)C(C(C)(C)COP(=O)(O)OP(=O)(O)OCC1C(C(C(O1)N2C=NC3=C(N=CN=C32)N)O)OP(=O)(O)O)O,-1.8860566476931633,0.8542121052742004,-2.027627468109131,1.9798977375030518
3992,Q63448_wild,CCCCCCCCCCCCCC(=O)SCCNC(=O)CCNC(=O)C(C(C)(C)COP(=O)(O)OP(=O)(O)OCC1C(C(C(O1)N2C=NC3=C(N=CN=C32)N)O)OP(=O)(O)O)O,-1.9355420107730814,0.8319539427757263,-2.0866634845733643,1.9666002988815308
3993,Q63448_wild,CCCCCCCCCCCCCCCCCC(=O)SCCNC(=O)CCNC(=O)C(C(C)(C)COP(=O)(O)OP(=O)(O)OCC1C(C(C(O1)N2C=NC3=C(N=CN=C32)N)O)OP(=O)(O)O)O,-2.0177287669604316,0.7782379388809204,-2.1263115406036377,1.9596099853515625
3994,Q63448_wild,CCCCCCCCC=CCCCCCCCC(=O)SCCNC(=O)CCNC(=O)C(C(C)(C)COP(=O)(O)OP(=O)(O)OCC1C(C(C(O1)N2C=NC3=C(N=CN=C32)N)O)OP(=O)(O)O)O,-1.958607314841775,0.9157947897911072,-2.120562791824341,2.0273284912109375
3995,Q63448_wild,CCCCCC=CCC=CCCCCCCCC(=O)SCCNC(=O)CCNC(=O)C(C(C)(C)COP(=O)(O)OP(=O)(O)OCC1C(C(C(O1)N2C=NC3=C(N=CN=C32)N)O)OP(=O)(O)O)O,-2.136677139879544,0.9315645098686218,-2.1774511337280273,2.0671448707580566
3996,Q63448_wild,CCCCCCCCCCCCCCCC(=O)SCCNC(=O)CCNC(=O)C(C(C)(C)COP(=O)(O)OP(=O)(O)OCC1C(C(C(O1)N2C=NC3=C(N=CN=C32)N)O)OP(=O)(O)O)O,-2.154901959985743,0.7920653223991394,-2.1231014728546143,1.959464192390442
3997,Q63448_wild,O=O,-2.3010299956639813,0.539794921875,-1.7209680080413818,1.7147836685180664
3998,Q8TBE9_wild,CC(=O)NC1C(CC(OC1C(C(COP(=O)(O)O)O)O)(C(=O)O)O)O,-1.045757490560675,-0.12037758529186249,-0.7894536852836609,0.7476910352706909
3999,Q8TBE9_wild,C(C1C(C(C(O1)(COP(=O)(O)[O-])O)O)O)OP(=O)(O)[O-],1.2833012287035497,-0.04588571935892105,-1.435652256011963,0.9844489097595215
4000,Q8TBE9_wild,C(C(C(C(C(C(=O)O)O)O)O)O)OP(=O)(O)O,0.43136376415898736,0.18267595767974854,-0.9097660183906555,0.838945746421814
4001,Q8TBE9_wild,CC(=O)NC1C(C(C(OC1O)COP(=O)(O)O)O)O,0.7708520116421441,-0.32226312160491943,-0.5201053023338318,0.659497857093811
4002,Q5M969_wild,CC(=O)NC1C(CC(OC1C(C(COP(=O)(O)O)O)O)(C(=O)O)O)O,-0.36653154442041347,-0.213348850607872,-0.7334579825401306,0.6908055543899536
4003,Q5M969_wild,C1=CC(=CC=C1[N+](=O)[O-])OP(=O)(O)O,0.04139268515822508,0.017494000494480133,-0.22645674645900726,0.42654210329055786
4004,Q9FS27_wild,C(C(C(=O)O)N)S,-1.2907300390241694,0.5120822787284851,-0.6875079274177551,1.098186731338501
4005,Q9FS27_wild,[C-]#N,1.1522883443830565,0.9441713690757751,-0.6660369634628296,1.6009202003479004
4006,Q00834_wild,[C-]#N,-0.4190750243243807,0.9948790073394775,-0.6474151015281677,1.727048397064209
4007,Q00834_wild,C(C(C(=O)O)N)S,-1.0969100130080565,0.6137923002243042,-0.7378959059715271,1.2036306858062744
4008,A0A1B4XK00_wild,CC(=O)OCC(C(=O)O)N,1.0,2.1552393436431885,0.2525302767753601,1.4006216526031494
4009,Q54GP3_wild,CC(C(=O)C1=NC2=C(NC1)N=C(NC2=O)N)O,-1.3979400086720375,0.35907894372940063,-1.8169379234313965,1.0813671350479126
4010,Q54GP3_wild,C1C=CN(C=C1C(=O)N)C2C(C(C(O2)COP(=O)(O)OP(=O)(O)OCC3C(C(C(O3)N4C=NC5=C(N=CN=C54)N)OP(=O)(O)O)O)O)O,-2.285670240254767,0.6237100958824158,-1.708890676498413,1.6704692840576172
4011,A0R2B1_wild,C(CC(=O)O)C(=O)C(=O)O,-0.2676062401770315,-0.014860622584819794,-0.5185524821281433,0.731924295425415
4012,P9WIS5_wild,C(CC(=O)O)C(=O)C(=O)O,-0.3187587626244128,0.025259751826524734,-0.6015297770500183,0.8512208461761475
4013,P9WIS5_wild,CC1=C(SC=[N+]1CC2=CN=C(N=C2N)C)CCOP(=O)(O)OP(=O)(O)O,-1.7212463990471711,-0.017690427601337433,-1.739149570465088,1.5288820266723633
4014,P9WIS5_wild,[Mg+2],-0.707743928643524,0.32619792222976685,-0.2311170995235443,1.5777345895767212
4015,P55293_wild,CC1=CN(C(=O)NC1=O)C2CC(C(O2)COP(=O)(O)OP(=O)(O)OC3C(C(C(C(O3)CO)O)O)O)O,-1.1549019599857433,-0.47670435905456543,-0.41736122965812683,0.5738190412521362
4016,P26391_wild,CC1=CN(C(=O)NC1=O)C2CC(C(O2)COP(=O)(O)OP(=O)(O)OC3C(C(C(C(O3)CO)O)O)O)O,-0.3695721249749761,-0.6071682572364807,-0.45662516355514526,0.617851197719574
4017,Q93F85_wild,CC1=CN(C(=O)NC1=O)C2CC(C(O2)COP(=O)(O)OP(=O)(O)OC3C(C(C(C(O3)CO)O)O)O)O,-1.9208187539523751,-0.2953987121582031,-0.45576047897338867,0.8195538520812988
4018,Q8S4R4_wild,CC1=CC2=C(C=C1C)N(C3=C(N2)C(=O)NC(=O)N3)CC(C(C(COP(=O)(O)OP(=O)(O)OCC4C(C(C(O4)N5C=NC6=C(N=CN=C65)N)O)O)O)O)O,-3.2596373105057563,-0.017167240381240845,-1.7687134742736816,0.8087261915206909
4019,P23256_wild,C(C(C(=O)O)N)SSCC(C(=O)O)N,0.23044892137827394,1.2976218461990356,-0.031871259212493896,1.5339499711990356
4020,Q9QNF7_wild,CC1=CN(C(=O)NC1=O)C2CC(C(O2)CO)O,-3.6989700043360187,-0.965061366558075,-0.5463511943817139,0.615882158279419
4021,Q9QNF7_Q125N,CC1=CN(C(=O)NC1=O)C2CC(C(O2)CO)O,-1.6989700043360187,-1.019750952720642,-0.5559163689613342,0.588736891746521
4022,Q9QNF7_Q125E,CC1=CN(C(=O)NC1=O)C2CC(C(O2)CO)O,-2.5228787452803374,-0.9385392665863037,-0.538814127445221,0.6354346871376038
4023,Q9QNF7_Q125D,CC1=CN(C(=O)NC1=O)C2CC(C(O2)CO)O,0.7781512503836436,-0.9938601851463318,-0.5242703557014465,0.6035737991333008
4024,Q9QNF7_wild,C1=NC2=C(N1COC(CO)CO)N=C(NC2=O)N,-1.322393047279507,-0.9774121642112732,-0.4007004499435425,0.4774947762489319
4025,Q9QNF7_Q125N,C1=NC2=C(N1COC(CO)CO)N=C(NC2=O)N,-1.3010299956639813,-1.0233227014541626,-0.4102303683757782,0.4258458614349365
4026,Q9QNF7_Q125E,C1=NC2=C(N1COC(CO)CO)N=C(NC2=O)N,-0.3251388592621884,-0.9498082995414734,-0.4029652178287506,0.4788769483566284
4027,Q9QNF7_M128I,CC1=CN(C(=O)NC1=O)C2CC(C(O2)CO)O,-3.4436974992327127,-0.9601141810417175,-0.5637569427490234,0.6097878217697144
4028,Q9QNF7_Y172F,CC1=CN(C(=O)NC1=O)C2CC(C(O2)CO)O,-3.2924298239020637,-0.9830270409584045,-0.5302494764328003,0.6004689931869507
4029,Q9QNF7_H58L,CC1=CN(C(=O)NC1=O)C2CC(C(O2)CO)O,-0.9507819773298184,-0.9598340392112732,-0.5280085802078247,0.6087927222251892
4030,Q9QNF7_H58L/M128F/Y172F,CC1=CN(C(=O)NC1=O)C2CC(C(O2)CO)O,-0.7375489102695706,-0.9854599833488464,-0.5254417061805725,0.573483407497406
4031,Q9QNF7_wild,C1=NC2=C(N1COCCO)N=C(NC2=O)N,-0.6989700043360187,-1.1851896047592163,-0.37690234184265137,0.20005854964256287
4032,Q9QNF7_M128I,C1=NC2=C(N1COCCO)N=C(NC2=O)N,-0.2924298239020636,-1.1844767332077026,-0.39077451825141907,0.19094260036945343
4033,Q9QNF7_wild,CC1=CN(C(=O)NC1=O)C2CC(C(O2)CO)N=[N+]=[N-],-2.283996656365201,-0.7212927937507629,-0.70646071434021,0.6848815679550171
4034,Q13496_wild,C(C(COP(=O)(O)OC1C(C(C(C(C1O)OP(=O)(O)O)O)O)O)C(=O)O)C(=O)O,-1.408935392973501,-0.1737254410982132,-1.5495755672454834,1.2172372341156006
4035,P70947_wild,C(C(C(C(COP(=O)(O)O)O)O)O)NC1=C(C(=O)NC(=O)N1)N,-1.0915149811213503,0.17919717729091644,-0.9720871448516846,0.9642964601516724
4036,Q39054_wild,[Mg+2],-0.5934598195660449,-0.33502423763275146,-0.610463559627533,1.2662079334259033
4037,Q39054_wild,[Zn+2],-0.8761483590329142,-0.43536555767059326,-2.00469708442688,1.8544456958770752
4038,P45510_wild,C(C(=O)CO)O,-1.5228787452803376,0.38076251745224,-1.033604383468628,1.5974911451339722
4039,P45510_wild,C1=NC(=C2C(=N1)N(C=N2)C3C(C(C(O3)COP(=O)(O)OP(=O)(O)OP(=O)(O)O)O)O)N,-1.1549019599857433,0.8008151054382324,-0.8833011984825134,1.7650301456451416
4040,P45510_wild,C(C(C=O)O)O,-1.045757490560675,0.7932001352310181,-0.6182125806808472,1.3284447193145752
4041,P22498_wild,C1=CC=C(C(=C1)[N+](=O)[O-])OC2C(C(C(C(O2)CO)O)O)O,-0.6478174818886375,1.9185492992401123,-0.0459386482834816,1.5731103420257568
4042,P22498_wild,C(C1C(C(C(C(O1)OC2C(OC(C(C2O)O)O)CO)O)O)O)O,1.1139433523068367,1.9011176824569702,0.9539579749107361,1.0577787160873413
4043,P22498_wild,COC1C(C(C(C(O1)CO)O)O)O,1.3617278360175928,1.7472678422927856,1.134223222732544,0.8624165058135986
4044,P22498_wild,C1=CC=C(C=C1)OC2C(C(C(C(O2)CO)O)O)O,0.414973347970818,1.696388602256775,0.5565045475959778,1.0431203842163086
4045,F1N5C8_wild,C[N+](C)(C)CCOP(=O)([O-])OCC(CO)O,0.6989700043360189,1.6181167364120483,-0.6193748712539673,1.365090012550354
4046,F1N5C8_wild,CCCCCCCCCCCCCC=CC(C(COP(=O)(O)OCC[N+](C)(C)C)N)O,-2.3010299956639813,0.7649580240249634,-1.5815014839172363,1.7339106798171997
4047,P04182_wild,C(=O)C(=O)[O-],0.8260748027008264,0.2990785837173462,-0.6459435820579529,1.1241686344146729
4048,P04182_wild,CC(=O)C(=O)[O-],1.3424226808222062,-0.015073366463184357,-0.4982404410839081,0.7850335836410522
4049,P04182_wild,CC1=NC=C(C(=C1O)C=O)COP(=O)(O)O,-3.0809219076239263,-0.12997086346149445,-1.7034945487976074,1.1680095195770264
4050,P04181_wild,CC1=NC=C(C(=C1O)C=O)COP(=O)(O)O,-3.154901959985743,-0.06947094202041626,-1.7475779056549072,1.2347757816314697
4051,P80025_wild,CC(=O)NC(CC1=CNC2=CC=CC=C21)C(=O)N,0.36172783601759284,1.045509696006775,-0.11075010895729065,1.268578290939331
4052,P20447_wild,C1=NC(=C2C(=N1)N(C=N2)C3C(C(C(O3)COP(=O)(O)OP(=O)(O)OP(=O)(O)O)O)O)N,0.11394335230683679,0.07438584417104721,-0.4149441123008728,0.9961997270584106
4053,P11029_wild,CC(=O)SCCNC(=O)CCNC(=O)C(C(C)(C)COP(=O)(O)OP(=O)(O)OCC1C(C(C(O1)N2C=NC3=C(N=CN=C32)N)O)OP(=O)(O)O)O,-2.136677139879544,0.9392079710960388,-1.6923563480377197,2.003650426864624
4054,P11029_wild,C(=O)(O)[O-],-0.15490195998574322,0.6016754508018494,-0.12148171663284302,0.9511218667030334
4055,P11029_wild,C1=NC(=C2C(=N1)N(C=N2)C3C(C(C(O3)COP(=O)(O)OP(=O)(O)OP(=O)(O)O)O)O)N,-1.1079053973095196,0.514631450176239,-1.1197271347045898,1.5552116632461548
4056,O00763_wild,C(=O)(O)[O-],0.47712125471966244,0.702193558216095,0.10756784677505493,0.7881138920783997
4057,Q13085_wild,C1=NC(=C2C(=N1)N(C=N2)C3C(C(C(O3)COP(=O)(O)OP(=O)(O)OP(=O)(O)O)O)O)N,-0.7931741239681502,0.46216821670532227,-1.1443259716033936,1.5438151359558105
4058,Q1HEC0_wild,C1=NC(=C2C(=N1)N(C=N2)C3C(C(C(O3)COP(=O)(O)OP(=O)(O)OP(=O)(O)O)O)O)N,-0.8326826652518239,0.5080525279045105,-0.8311020135879517,1.2491047382354736
4059,Q1HEC0_wild,CC(=O)SCCNC(=O)CCNC(=O)C(C(C)(C)COP(=O)(O)OP(=O)(O)OCC1C(C(C(O1)N2C=NC3=C(N=CN=C32)N)O)OP(=O)(O)O)O,-1.431798275933005,0.9260029196739197,-1.2629330158233643,1.7711976766586304
4060,Q1HEC0_wild,C(=O)(O)[O-],0.7075701760979364,0.7340399622917175,0.15835098922252655,0.7155783772468567
4061,A0A0K9RDW0_wild,C1C=CN(C=C1C(=O)N)C2C(C(C(O2)COP(=O)(O)OP(=O)(O)OCC3C(C(C(O3)N4C=NC5=C(N=CN=C54)N)O)O)O)O,-0.2676062401770315,0.9203771352767944,-1.0401177406311035,1.752253532409668
4062,P07239_wild,C1=CC(=CC=C1[N+](=O)[O-])OP(=O)(O)O,-0.25336580106242124,0.39127618074417114,0.24392956495285034,1.1252741813659668
4063,P07239_wild,COC1=CC2=C(C=C1)C3(C4=C(O2)C=C(C=C4)OP(=O)(O)O)C5=CC=CC=C5C(=O)O3,-1.0596329540143348,-0.23215804994106293,-1.4080390930175781,1.646401286125183
4064,P07239_S14A/T15A,COC1=CC2=C(C=C1)C3(C4=C(O2)C=C(C=C4)OP(=O)(O)O)C5=CC=CC=C5C(=O)O3,-0.579384229374235,-0.26492780447006226,-1.446678876876831,1.6077065467834473
4065,P07239_K8A/L11A/L12A/S14A/T15A,COC1=CC2=C(C=C1)C3(C4=C(O2)C=C(C=C4)OP(=O)(O)O)C5=CC=CC=C5C(=O)O3,-0.45456917053464874,-0.3296230435371399,-1.4858531951904297,1.6003154516220093
4066,P07239_C110S,COC1=CC2=C(C=C1)C3(C4=C(O2)C=C(C=C4)OP(=O)(O)O)C5=CC=CC=C5C(=O)O3,-1.3102473038608433,-0.602732241153717,-1.304628610610962,1.3863712549209595
4067,P45352_wild,C1C(C(OC1N2C=CC(=O)NC2=O)COP(=O)(O)O)O,-2.167491087293764,0.2264346480369568,-1.8983871936798096,1.7896132469177246
4068,P45352_wild,C1C2CN(CN2C3=C(N1)N=C(NC3=O)N)C4=CC=C(C=C4)C(=O)NC(CCC(=O)O)C(=O)O,-1.1870866433571445,0.22087012231349945,-1.6079981327056885,1.7943779230117798
4069,P07382_wild,C1C(C(OC1N2C=CC(=O)NC2=O)COP(=O)(O)O)O,-2.154901959985743,0.5615744590759277,-1.802060842514038,1.955258846282959
4070,P07382_wild,C1C2CN(CN2C3=C(N1)N=C(NC3=O)N)C4=CC=C(C=C4)C(=O)NC(CCC(=O)O)C(=O)O,-1.1023729087095586,0.6475359797477722,-1.5170152187347412,2.0325348377227783
4071,P07382_M53R,C1C(C(OC1N2C=CC(=O)NC2=O)COP(=O)(O)O)O,-2.1870866433571443,0.5066087245941162,-1.8014578819274902,1.9197194576263428
4072,P07382_M53R,C1C2CN(CN2C3=C(N1)N=C(NC3=O)N)C4=CC=C(C=C4)C(=O)NC(CCC(=O)O)C(=O)O,-1.0177287669604316,0.5963447093963623,-1.5125131607055664,1.9887471199035645
4073,Q23695_wild,C1C2CN(CN2C3=C(N1)N=C(NC3=O)N)C4=CC=C(C=C4)C(=O)NC(CCC(=O)O)C(=O)O,-0.3010299956639812,0.1102733463048935,-1.2910244464874268,1.8199725151062012
4074,Q23695_wild,C1C(C(OC1N2C=CC(=O)NC2=O)COP(=O)(O)O)O,-1.3010299956639813,0.005070775747299194,-1.5047554969787598,1.5961050987243652
4075,Q07422_wild,C1C2CN(CN2C3=C(N1)N=C(NC3=O)N)C4=CC=C(C=C4)C(=O)NC(CCC(=O)O)C(=O)O,-1.7695510786217261,0.8940344452857971,-1.3837828636169434,2.112492084503174
4076,Q94IN5_wild,CC1=CC2=C(C=C1C)N(C=N2)C3C(C(C(O3)CO)OP(=O)([O-])OC(C)CNC(=O)CCC4(C(C5C6(C(C(C(=N6)C(=C7C(C(C(=N7)C=C8C(C(C(=N8)C(=C4[N-]5)C)CCC(=O)N)(C)C)CCC(=O)N)(C)CC(=O)N)C)CCC(=O)N)(C)CC(=O)N)C)CC(=O)N)C)O.[OH-].[Co+3],-1.2596373105057561,0.4533572793006897,-1.9200270175933838,1.5471214056015015
4077,Q94IN5_wild,C1C=CN(C=C1C(=O)N)C2C(C(C(O2)COP(=O)(O)OP(=O)(O)OCC3C(C(C(O3)N4C=NC5=C(N=CN=C54)N)OP(=O)(O)O)O)O)O,-1.3665315444204134,0.6677138805389404,-1.5358872413635254,1.9648288488388062
4078,P26283_wild,C1C=CN(C=C1C(=O)N)C2C(C(C(O2)COP(=O)(O)OP(=O)(O)OCC3C(C(C(O3)N4C=NC5=C(N=CN=C54)N)O)O)O)O,-1.494850021680094,1.7970072031021118,-1.3161098957061768,2.4152510166168213
4079,P00344_wild,CCC(=O)C(=O)O,-0.3979400086720376,1.247854471206665,-0.014692515134811401,1.1495593786239624
4080,P00344_wild,CCCC(=O)C(=O)[O-],0.414973347970818,1.5358200073242188,0.057630181312561035,1.5614290237426758
4081,P00344_wild,CC(C)C(=O)C(=O)O,1.3424226808222062,0.9006633758544922,-0.38487619161605835,1.1848331689834595
4082,P00344_wild,C1=CC=C(C=C1)CC(=O)C(=O)O,-0.13076828026902382,1.26101553440094,-0.513108491897583,1.5345758199691772
4083,P00344_wild,C(C(=O)C(=O)[O-])O,-0.36653154442041347,1.5161956548690796,-0.10684336721897125,1.7260392904281616
4084,P00344_wild,C1C=CN(C=C1C(=O)N)C2C(C(C(O2)COP(=O)(O)OP(=O)(O)OCC3C(C(C(O3)N4C=NC5=C(N=CN=C54)N)O)O)O)O,-1.8860566476931633,1.1746217012405396,-1.4401984214782715,2.156784772872925
4085,P00343_wild,CC(C(=O)[O-])O,2.6232492903979003,2.084414482116699,1.0392568111419678,1.4374516010284424
4086,P00343_wild,CC(=O)C(=O)[O-],-0.3467874862246563,2.1766228675842285,0.14550922811031342,1.822267770767212
4087,P00343_wild,C1C=CN(C=C1C(=O)N)C2C(C(C(O2)COP(=O)(O)OP(=O)(O)OCC3C(C(C(O3)N4C=NC5=C(N=CN=C54)N)O)O)O)O,-1.4814860601221125,1.7574191093444824,-1.2439086437225342,2.5266292095184326
4088,P00344_wild,C(=O)(C(=O)[O-])C(=O)[O-],0.0,1.304970383644104,-0.16384440660476685,1.8569583892822266
4089,P00344_wild,C(C(=O)C(=O)O)C(=O)O,0.17609125905568124,1.3689285516738892,-0.7015883326530457,1.6046571731567383
4090,P00344_wild,C(CC(=O)O)C(=O)C(=O)O,0.5910646070264992,0.8487386703491211,-0.2870287597179413,1.149177074432373
4091,P00344_wild,C(CC(=O)C(=O)O)CC(=O)O,0.2041199826559248,1.0255628824234009,-0.33615076541900635,1.252228856086731
4092,P00344_wild,C(C[NH3+])C(C(=O)[O-])O,1.5797835966168101,0.520150899887085,0.22916382551193237,0.6399390697479248
4093,P56511_wild,CC(=O)C(=O)[O-],-0.8860566476931633,1.8758604526519775,0.18972045183181763,1.496367335319519
4094,P56511_wild,CC(C(=O)[O-])O,0.8512583487190754,1.910194754600525,1.1255793571472168,1.061694860458374
4095,P00344_wild,CC(C)CC(=O)C(=O)O,0.8195439355418687,0.9254165291786194,-0.4297178387641907,1.0678048133850098
4096,O32765_wild,CC(=O)C(=O)[O-],-0.6020599913279624,2.153718948364258,0.35684260725975037,1.8733614683151245
4097,P00343_wild,C(C1C(C(C(O1)(COP(=O)(O)[O-])O)O)O)OP(=O)(O)[O-],-0.3010299956639812,1.36989426612854,-1.209282398223877,1.955277442932129
4098,A2RKA4_wild,C1C=CN(C=C1C(=O)N)C2C(C(C(O2)COP(=O)(O)OP(=O)(O)OCC3C(C(C(O3)N4C=NC5=C(N=CN=C54)N)O)O)O)O,-1.2676062401770316,2.029090642929077,-1.2705388069152832,2.670996904373169
4099,A2RKA4_wild,CC(=O)C(=O)[O-],0.17609125905568124,2.4999592304229736,0.10093390941619873,1.9635241031646729
4100,A2RKA4_wild,C(C1C(C(C(O1)(COP(=O)(O)[O-])O)O)O)OP(=O)(O)[O-],-3.522878745280338,1.5844535827636719,-1.263230800628662,2.2212612628936768
4101,Q72LK2_wild,C1C=CN(C=C1C(=O)N)C2C(C(C(O2)COP(=O)(O)OP(=O)(O)OCC3C(C(C(O3)N4C=NC5=C(N=CN=C54)N)O)O)O)O,-2.283996656365201,1.4006937742233276,-0.7575693726539612,2.25252628326416
4102,P0AGB0_wild,C(C(C(=O)O)N)OP(=O)(O)O,-2.8239087409443187,0.9905346035957336,-0.4907379746437073,1.3452719449996948
4103,P0AGB0_wild,C(C(C(=O)O)N)O,-0.8239087409443188,0.7324435114860535,0.1492234319448471,0.7309437990188599
4104,Q72H00_wild,C(C(C(=O)O)N)OP(=O)(O)O,-0.6020599913279624,1.1569514274597168,-0.4457285404205322,1.353757381439209
4105,Q8CG76_wild,C(CC(=O)[O-])C=O,-1.7033348097384688,0.28744667768478394,-0.4783322215080261,0.7824112176895142
4106,P38918_wild,C(CC(=O)[O-])C=O,-0.6635402661514705,0.3043525218963623,-0.6999086737632751,1.172241449356079
4107,P38918_V44M,C(CC(=O)[O-])C=O,-1.0123337350737254,0.3096540570259094,-0.7071874141693115,1.184700846672058
4108,P38918_M77W,C(CC(=O)[O-])C=O,-1.332547047110046,0.29517102241516113,-0.7253485321998596,1.1614984273910522
4109,P38918_F224W,C(CC(=O)[O-])C=O,-0.8297382846050426,0.29027533531188965,-0.7176098227500916,1.1788476705551147
4110,O43488_wild,C1C=CN(C=C1C(=O)N)C2C(C(C(O2)COP(=O)(O)OP(=O)(O)OCC3C(C(C(O3)N4C=NC5=C(N=CN=C54)N)OP(=O)(O)O)O)O)O,-3.1249387366083,-0.09659834206104279,-1.5596883296966553,1.3817486763000488
4111,Q8CG76_wild,C1=CC(=CC=C1C=O)[N+](=O)[O-],-0.060480747381381476,0.24035103619098663,-0.9104021787643433,0.8219866156578064
4112,Q8CG76_wild,C1=CC=C2C(=C1)C3=CC=CC=C3C(=O)C2=O,-2.0969100130080562,0.19796417653560638,-2.0162644386291504,1.4710642099380493
4113,Q8CG76_wild,C1=CC=C(C(=C1)C=O)C(=O)O,-1.7958800173440752,0.40576016902923584,-0.8511834740638733,0.8814890384674072
4114,Q8CG76_wild,C1=CC=C2C(=C1)C(=O)C(=O)N2,-0.9625735020593763,0.19985930621623993,-1.6316888332366943,1.2404955625534058
4115,Q8CG76_wild,C1=CC=C(C(=C1)C=O)[N+](=O)[O-],-0.3372421683184259,0.14925095438957214,-1.0233546495437622,0.7460041642189026
4116,Q8CG76_wild,CC(=O)C=O,0.5998830720736879,0.039902105927467346,0.29646730422973633,0.22047752141952515
4117,Q8CG76_wild,CC1(C2CCC1(C(=O)C2=O)C)C,0.6981005456233899,0.04778972268104553,-1.2093417644500732,1.4311268329620361
4118,Q8CG76_wild,CC(=O)C(=O)C,1.766561552637531,-0.2838183045387268,0.0056097060441970825,0.33477020263671875
4119,Q8CG76_wild,C1C=CN(C=C1C(=O)N)C2C(C(C(O2)COP(=O)(O)OP(=O)(O)OCC3C(C(C(O3)N4C=NC5=C(N=CN=C54)N)OP(=O)(O)O)O)O)O,-2.7904849854573692,0.06055772304534912,-1.6178617477416992,1.42440927028656
4120,Q8CG76_wild,C1C=CN(C=C1C(=O)N)C2C(C(C(O2)COP(=O)(O)OP(=O)(O)OCC3C(C(C(O3)N4C=NC5=C(N=CN=C54)N)O)O)O)O,0.1673173347481761,0.20978209376335144,-1.251783847808838,1.318808913230896
4121,P22675_wild,C(CC(C(=O)O)N)CN=C(N)NC(CC(=O)O)C(=O)O,-0.5850266520291821,-0.06495757400989532,-1.1165552139282227,1.1756510734558105
4122,P24057_wild,C(CC(C(=O)O)N)CN=C(N)NC(CC(=O)O)C(=O)O,-1.7958800173440752,-0.06967741250991821,-1.1658096313476562,0.8140039443969727
4123,P24058_wild,C(CC(C(=O)O)N)CN=C(N)NC(CC(=O)O)C(=O)O,-1.7958800173440752,0.5541768074035645,-1.4588165283203125,1.3565385341644287
4124,P04424_wild,C(CC(C(=O)O)N)CN=C(N)NC(CC(=O)O)C(=O)O,-0.7447274948966939,0.409862756729126,-1.6193249225616455,1.3373942375183105
4125,P04424_wild,C(CC(C(=O)O)N)CN=C(N)N,0.47712125471966244,0.6011704802513123,-1.449854850769043,1.168648600578308
4126,P04424_wild,C(=CC(=O)[O-])C(=O)[O-],0.724275869600789,1.066734790802002,-1.1239266395568848,2.116661787033081
4127,P24058_wild,C(=CC(=O)[O-])C(=O)[O-],-1.2518119729937995,1.2069405317306519,-1.0624980926513672,2.1797752380371094
4128,P24058_H91N,C(=CC(=O)[O-])C(=O)[O-],0.9164539485499251,0.9978211522102356,-0.954281210899353,1.9421346187591553
4129,P20673_wild,C(CC(C(=O)O)N)CN=C(N)NC(CC(=O)O)C(=O)O,0.09691001300805642,0.3003738522529602,-1.60410737991333,1.2440314292907715
4130,P24058_wild,C(CC(C(=O)O)N)CN=C(N)N,-1.0087739243075051,0.8322439789772034,-1.3819937705993652,1.288658857345581
4131,Q3SZJ0_wild,C(=CC(=O)[O-])C(=O)[O-],-1.1739251972991736,1.0873205661773682,-1.0807175636291504,2.1103906631469727
4132,Q3SZJ0_wild,C(=C(C(=O)O)F)C(=O)O,0.14612803567823798,0.14791420102119446,-1.1421120166778564,1.274937391281128
4133,P24057_M9W,C(CC(C(=O)O)N)CN=C(N)NC(CC(=O)O)C(=O)O,0.4352071032407475,0.07052899897098541,-1.2315759658813477,0.9181398153305054
4134,P24057_M9W/V14S,C(CC(C(=O)O)N)CN=C(N)NC(CC(=O)O)C(=O)O,0.49954962590514895,0.07407386600971222,-1.232844591140747,0.9193410873413086
4135,P24057_M9W/E115D,C(CC(C(=O)O)N)CN=C(N)NC(CC(=O)O)C(=O)O,-0.5316526695878427,0.20508290827274323,-1.2744765281677246,1.06693434715271
4136,P24057_M9Y/E115D,C(CC(C(=O)O)N)CN=C(N)NC(CC(=O)O)C(=O)O,-0.21467016498923297,0.14273378252983093,-1.2457952499389648,1.013159990310669
4137,P24057_M9F/E115D,C(CC(C(=O)O)N)CN=C(N)NC(CC(=O)O)C(=O)O,-0.6736641390712486,0.15617823600769043,-1.24996018409729,1.0274500846862793
4138,P24058_S29A,C(CC(C(=O)O)N)CN=C(N)NC(CC(=O)O)C(=O)O,-1.1549019599857433,0.5441465377807617,-1.452310562133789,1.3425712585449219
4139,P24058_D33N,C(CC(C(=O)O)N)CN=C(N)NC(CC(=O)O)C(=O)O,0.5378190950732741,0.38972097635269165,-1.4053699970245361,1.2092206478118896
4140,P24058_N116D,C(CC(C(=O)O)N)CN=C(N)NC(CC(=O)O)C(=O)O,0.14301480025409505,0.47708678245544434,-1.4300434589385986,1.2718496322631836
4141,P24058_T161S,C(CC(C(=O)O)N)CN=C(N)NC(CC(=O)O)C(=O)O,-1.2218487496163564,0.5436984896659851,-1.4612488746643066,1.3486669063568115
4142,P24058_T281V,C(CC(C(=O)O)N)CN=C(N)NC(CC(=O)O)C(=O)O,-0.853871964321762,0.45964115858078003,-1.4339900016784668,1.2572190761566162
4143,P24058_D293N,C(CC(C(=O)O)N)CN=C(N)NC(CC(=O)O)C(=O)O,-0.6382721639824072,0.3173506259918213,-1.3998160362243652,1.1244688034057617
4144,P24058_K325N,C(CC(C(=O)O)N)CN=C(N)NC(CC(=O)O)C(=O)O,0.5563025007672873,0.5264757871627808,-1.4348633289337158,1.3197412490844727
4145,Q54YL2_wild,C1C(C(OC1N2C=NC3=C(N=CN=C32)N)CO)O,-1.6439741428068773,-0.29189950227737427,-0.8289507627487183,1.0291407108306885
4146,Q54YL2_wild,CC1=CN(C(=O)NC1=O)C2CC(C(O2)CO)O,-2.3979400086720375,-0.6087148785591125,-1.2088840007781982,0.7520920038223267
4147,Q54YL2_wild,C1=NC2=C(N=C(N=C2N1C3C(C(C(O3)CO)O)O)F)N,-0.835647144215563,-0.47859519720077515,-0.7285801768302917,0.7077630758285522
4148,C0HK05_wild,CCCCCCCC(=O)OC1=C(C=CC(=C1)C(=O)O)[N+](=O)[O-],0.9079485216122724,-0.1106300950050354,-0.8684191703796387,0.9641914963722229
4149,P10371_wild,C1=NC(=C(N1C2C(C(C(O2)COP(=O)(O)O)O)O)NC=NC3C(C(C(O3)COP(=O)(O)O)O)O)C(=O)N,-2.7958800173440754,-0.1995285004377365,-1.297532320022583,1.3531928062438965
4150,Q46871_wild,[Fe+3],-1.4814860601221125,-0.5978255867958069,-0.9522203207015991,1.3266592025756836
4151,Q46871_wild,C1C=CN(C=C1C(=O)N)C2C(C(C(O2)COP(=O)(O)OP(=O)(O)OCC3C(C(C(O3)N4C=NC5=C(N=CN=C54)N)OP(=O)(O)O)O)O)O,-1.3665315444204134,0.4897969961166382,-1.352494716644287,1.945798397064209
4152,Q9LXG9_wild,C(C(C(=O)O)N)S,-0.619788758288394,0.9982063174247742,-0.597294807434082,0.796837568283081
4153,Q8LGJ5_wild,C(C(C(=O)O)N)S,-1.045757490560675,0.8521681427955627,-0.562111496925354,0.8334314823150635
4154,Q9SJI9_wild,C(C(C(=O)O)N)S,-0.16115090926274472,0.6871122717857361,-0.3718477189540863,0.8909225463867188
4155,Q9LXT4_wild,C(C(C(=O)O)N)S,-0.7958800173440752,0.7250537872314453,-0.2685790956020355,0.9336145520210266
4156,Q9XGL3_wild,C(C(C(C(C(C(=O)COP(=O)(O)O)O)O)O)O)OP(=O)(O)O,-1.6989700043360187,0.2761300802230835,-0.7527117133140564,0.8515100479125977
4157,Q55664_wild,C(C(C(C(C(C(=O)COP(=O)(O)O)O)O)O)O)OP(=O)(O)O,-2.0969100130080562,-0.7442925572395325,-1.0356271266937256,0.8772537112236023
4158,Q8J308_wild,C(C(C(C(C(=O)COP(=O)(O)O)O)O)O)O,0.6404814369704218,0.6373680830001831,-0.653709888458252,1.373907446861267
4159,Q6QHF9_wild,CNCCCCNCCCN,-1.7958800173440752,0.11597870290279388,-1.7216401100158691,1.605600357055664
4160,P0CV94_wild,CC(=CCCC(=CCCC(=CCOP(=O)(O)OP(=O)(O)O)C)C)C,-2.0915149811213505,-1.2182708978652954,-2.519609212875366,1.0870602130889893
4161,P0CV94_wild,CC(=CCCC(=CCOP(=O)(O)OP(=O)(O)O)C)C,-1.537602002101044,-1.275865077972412,-2.335556983947754,0.9933793544769287
4162,P25338_wild,CCCCCCCCCCCCC(C(=O)[O-])O,-1.7986028756795485,0.15618179738521576,-0.7754532694816589,1.6522544622421265
4163,P07382_wild,C1=CC(=CC=C1C(=O)NC(CCC(=O)O)C(=O)O)NCC2=CN=C3C(=N2)C(=O)NC(=N3)N,-2.3872161432802645,-0.09511442482471466,-2.138192892074585,2.0561485290527344
4164,P07382_wild,C1C=CN(C=C1C(=O)N)C2C(C(C(O2)COP(=O)(O)OP(=O)(O)OCC3C(C(C(O3)N4C=NC5=C(N=CN=C54)N)OP(=O)(O)O)O)O)O,-3.0457574905606752,0.8573251962661743,-2.0677578449249268,2.6646595001220703
4165,P07382_wild,C1C(=NC2=C(N1)N=C(NC2=O)N)CNC3=CC=C(C=C3)C(=O)NC(CCC(=O)O)C(=O)O,-2.886056647693163,0.7909054160118103,-2.0529065132141113,2.5361690521240234
4166,P07382_M53R,C1C=CN(C=C1C(=O)N)C2C(C(C(O2)COP(=O)(O)OP(=O)(O)OCC3C(C(C(O3)N4C=NC5=C(N=CN=C54)N)OP(=O)(O)O)O)O)O,-2.9208187539523753,0.7981845140457153,-2.071425676345825,2.6215221881866455
4167,P07382_M53R,C1C(=NC2=C(N1)N=C(NC2=O)N)CNC3=CC=C(C=C3)C(=O)NC(CCC(=O)O)C(=O)O,-2.7958800173440754,0.7340302467346191,-2.0488054752349854,2.4980859756469727
4168,Q23695_wild,C1C=CN(C=C1C(=O)N)C2C(C(C(O2)COP(=O)(O)OP(=O)(O)OCC3C(C(C(O3)N4C=NC5=C(N=CN=C54)N)OP(=O)(O)O)O)O)O,-2.0,0.15450890362262726,-1.8532180786132812,2.3109564781188965
4169,Q23695_wild,C1C(=NC2=C(N1)N=C(NC2=O)N)CNC3=CC=C(C=C3)C(=O)NC(CCC(=O)O)C(=O)O,-2.5228787452803374,0.1955026239156723,-1.8000352382659912,2.2010183334350586
4170,P07097_wild,CC(=O)CC(=O)SCCNC(=O)CCNC(=O)C(C(C)(C)COP(=O)(O)OP(=O)(O)OCC1C(C(C(O1)N2C=NC3=C(N=CN=C32)N)O)OP(=O)(O)O)O,-1.619788758288394,1.4054639339447021,-1.3742547035217285,2.638451337814331
4171,P07097_wild,CC(=O)SCCNC(=O)CCNC(=O)C(C(C)(C)COP(=O)(O)OP(=O)(O)OCC1C(C(C(O1)N2C=NC3=C(N=CN=C32)N)O)OP(=O)(O)O)O,-0.4814860601221125,1.2713816165924072,-1.3692188262939453,2.512545585632324
4172,Q56WD9_wild,CC(=O)CC(=O)SCCNC(=O)CCNC(=O)C(C(C)(C)COP(=O)(O)OP(=O)(O)OCC1C(C(C(O1)N2C=NC3=C(N=CN=C32)N)O)OP(=O)(O)O)O,-1.4034029043735399,1.205448865890503,-1.3858721256256104,2.0904438495635986
4173,B2J528_wild,C1=CC=C(C=C1)CC(C(=O)O)N,-1.3467874862246563,-0.25235992670059204,-0.7661144137382507,0.6592494249343872
4174,Q8IUZ5_wild,C(CC(C(=O)O)N)C(CN)OP(=O)(O)O,-1.7721132953863263,0.16927000880241394,-0.8101713061332703,0.7720775604248047
4175,Q53586_wild,O=O,-1.1611509092627448,0.607228696346283,-1.069486379623413,1.2229481935501099
4176,Q53586_wild,C1=CC(=CC=C1CC(=O)C(=O)[O-])O,-1.5686362358410126,-0.05460207164287567,-0.8760002255439758,0.8094459176063538
4177,P49429_wild,C1=CC(=CC=C1CC(=O)C(=O)[O-])O,-1.3010299956639813,0.5685833096504211,-1.4670119285583496,1.629177212715149
4178,P49429_wild,O=O,-1.0,1.0808311700820923,-1.3489301204681396,1.6157093048095703
4179,P49429_wild,C1=CC=C(C=C1)CC(=O)C(=O)O,-1.2218487496163564,1.02528715133667,-0.7894875407218933,1.4485224485397339
4180,P49429_wild,C1=CC(=C(C=C1CC(=O)C(=O)[O-])O)O,-1.3010299956639813,0.49929046630859375,-1.3733482360839844,1.5124789476394653
4181,P32755_wild,C1=CC(=CC=C1CC(=O)C(=O)[O-])O,-1.8860566476931633,0.6104022264480591,-1.497290849685669,1.6783413887023926
4182,Q39208_P175V,CC(C)CCCC(C)C1CCC2C1(CCC3C2=CCC4C3(CCC(C4)O)C)C,-1.0655015487564323,-2.3919904232025146,-2.3332536220550537,0.7869464159011841
4183,Q39208_T114I,CC(C)CCCC(C)C1CCC2C1(CCC3C2=CCC4C3(CCC(C4)O)C)C,-0.619788758288394,-2.1863646507263184,-2.369603157043457,0.9343606233596802
4184,Q39208_T114S,CC(C)CCCC(C)C1CCC2C1(CCC3C2=CCC4C3(CCC(C4)O)C)C,-0.6126101736612706,-2.1873459815979004,-2.347581148147583,0.9392682313919067
4185,Q39208_K115L,CC(C)CCCC(C)C1CCC2C1(CCC3C2=CCC4C3(CCC(C4)O)C)C,-1.045757490560675,-2.207063674926758,-2.3775532245635986,0.9227563142776489
4186,P0A9D4_wild,C(C(C(=O)O)N)O,0.2787536009528289,1.8588117361068726,0.0014101266860961914,0.9033609628677368
4187,P0A9D4_wild,CC(=O)SCCNC(=O)CCNC(=O)C(C(C)(C)COP(=O)(O)OP(=O)(O)OCC1C(C(C(O1)N2C=NC3=C(N=CN=C32)N)O)OP(=O)(O)O)O,-0.2924298239020636,2.492861747741699,-1.2013983726501465,1.9165306091308594
4188,P0A9D4_wild,CC(=O)OCC(C(=O)O)N,0.8633228601204559,2.43174409866333,-0.17613153159618378,1.3778934478759766
4189,P0A9D4_wild,CC(C)(COP(=O)(O)OP(=O)(O)OCC1C(C(C(O1)N2C=NC3=C(N=CN=C32)N)O)OP(=O)(O)O)C(C(=O)NCCC(=O)NCCS)O,-0.16115090926274472,2.331480026245117,-1.2774839401245117,1.9517902135849
4190,Q9BKB1_wild,C(C(C(=O)O)N)O,-0.619788758288394,0.8517349362373352,-0.3534558117389679,0.8870343565940857
4191,Q9BKB1_wild,CC(=O)SCCNC(=O)CCNC(=O)C(C(C)(C)COP(=O)(O)OP(=O)(O)OCC1C(C(C(O1)N2C=NC3=C(N=CN=C32)N)O)OP(=O)(O)O)O,-0.036212172654444715,1.3780320882797241,-1.2521672248840332,1.9742001295089722
4192,P43886_wild,CC(=O)OCC(C(=O)O)N,1.3802112417116061,2.3389532566070557,0.04824773222208023,1.2286429405212402
4193,P43886_wild,CC(C)(COP(=O)(O)OP(=O)(O)OCC1C(C(C(O1)N2C=NC3=C(N=CN=C32)N)O)OP(=O)(O)O)C(C(=O)NCCC(=O)NCCS)O,0.00860017176191757,2.361525058746338,-1.1692516803741455,1.840407133102417
4194,Q42588_wild,C(C(C(=O)O)N)O,0.21484384804769785,1.6422526836395264,-0.14420321583747864,0.7658010721206665
4195,Q42588_wild,CC(=O)SCCNC(=O)CCNC(=O)C(C(C)(C)COP(=O)(O)OP(=O)(O)OCC1C(C(C(O1)N2C=NC3=C(N=CN=C32)N)O)OP(=O)(O)O)O,-0.7958800173440752,2.1889047622680664,-1.339662790298462,1.844529151916504
4196,Q8S895_wild,C(C(C(=O)O)N)O,2.0842186867392387,1.5403896570205688,-0.13747264444828033,0.9510809779167175
4197,Q8S895_wild,CC(=O)SCCNC(=O)CCNC(=O)C(C(C)(C)COP(=O)(O)OP(=O)(O)OCC1C(C(C(O1)N2C=NC3=C(N=CN=C32)N)O)OP(=O)(O)O)O,1.3891660843645326,1.8930994272232056,-1.345017433166504,1.8115761280059814
4198,Q8W2B8_wild,CC(=O)SCCNC(=O)CCNC(=O)C(C(C)(C)COP(=O)(O)OP(=O)(O)OCC1C(C(C(O1)N2C=NC3=C(N=CN=C32)N)O)OP(=O)(O)O)O,1.6541765418779606,2.1688103675842285,-1.4419894218444824,1.8193731307983398
4199,Q8W2B8_wild,C(C(C(=O)O)N)O,1.5965970956264603,1.7483651638031006,-0.36059752106666565,0.8250794410705566
4200,Q42538_wild,C(C(C(=O)O)N)O,0.4329692908744057,1.4048057794570923,-0.3617679476737976,0.7344284057617188
4201,Q42538_wild,CC(=O)SCCNC(=O)CCNC(=O)C(C(C)(C)COP(=O)(O)OP(=O)(O)OCC1C(C(C(O1)N2C=NC3=C(N=CN=C32)N)O)OP(=O)(O)O)O,-0.5528419686577808,2.0275614261627197,-1.4827303886413574,1.7914187908172607
4202,P9WHH3_wild,C1C=CN(C=C1C(=O)N)C2C(C(C(O2)COP(=O)(O)OP(=O)(O)OCC3C(C(C(O3)N4C=NC5=C4N=CNC5=O)O)O)O)O,-0.6989700043360187,0.7607797384262085,-0.9449425935745239,1.8704733848571777
